g Body
v 0.267046958 0.0460964628 -0.679506063
v 0.208643451 0.0579874776 -0.664516747
v 0.249058589 0.0236596856 -0.666674793
v 0.267892867 0.00247361767 -0.697523117
v 0.230240092 0.00509295287 -0.64958322
v 0.182973653 0.00387324742 -0.667129636
v 0.147414297 0.0440380834 -0.607985973
v 0.179930434 0.00697562937 -0.600712717
v 0.32854262 0.0320624933 -0.656644285
v 0.332149506 0.0558414534 -0.662215948
v 0.275862873 0.147141039 -0.638533354
v 0.194863081 0.147202745 -0.612234354
v 0.158756122 0.147480875 -0.503805816
v 0.372116536 0.0566075444 -0.620713353
v 0.330166817 0.00474949367 -0.641411066
v 0.361536056 0.000236150023 -0.667514026
v 0.359786928 0.00660874182 -0.600810111
v 0.390309215 0.0537588783 -0.57103771
v 0.399195462 -0.00445502438 -0.588822901
v 0.380120218 0.0040965192 -0.535726964
v 0.403185338 0.0502499864 -0.506691873
v 0.364405632 0.147290856 -0.570885599
v 0.385306239 -0.00746492296 -0.522452295
v 0.380784988 0.000662262435 -0.492052227
v 0.395503223 0.0472234376 -0.453906953
v 0.412521839 -0.00637285085 -0.467333972
v 0.372011125 0.00757150259 -0.422366977
v 0.386253804 0.0449554473 -0.410090774
v 0.387267858 0.08791399 -0.430918187
v 0.368903697 0.147574618 -0.475343883
v 0.263905168 0.14834629 -0.429545522
v 0.315428257 0.100593232 -0.374593884
v 0.218785927 0.100798145 -0.375953108
v 0.357675165 0.0880468637 -0.386615396
v 0.38199991 0.0745643377 -0.401998132
v 0.33335036 0.0769139826 -0.371232599
v 0.315578192 0.0338241868 -0.335050702
v 0.295532763 0.0818037689 -0.368505538
v 0.263137013 0.0938453153 -0.368127435
v 0.230741188 0.0812714547 -0.367749333
v 0.206827372 0.0303415861 -0.347058743
v 0.192398518 0.0755673125 -0.377266467
v 0.168988317 0.086683847 -0.396067619
v 0.158756122 0.147480875 -0.503805816
v 0.142671764 0.0762016252 -0.410813749
v 0.119771637 0.0416188948 -0.524722636
v 0.125040844 0.0400604345 -0.449181825
v 0.153238997 0.000662262435 -0.492052227
v 0.107067652 0.00197675778 -0.467333972
v 0.148496374 0.00953444932 -0.429181814
v 0.139312059 0.040701516 -0.416476697
v 0.12080998 -0.00230799848 -0.53552705
v 0.160594732 0.0040965192 -0.549064994
v 0.153238997 0.000662262435 -0.492052227
v 0.267551482 -0.00388815813 -0.52199316
v 0.179930434 0.00697562937 -0.600712717
v 0.230240092 0.00509295287 -0.64958322
v 0.182973653 0.00387324742 -0.667129636
v 0.330166817 0.00474949367 -0.641411066
v 0.359786928 0.00660874182 -0.600810111
v 0.361536056 0.000236150023 -0.667514026
v 0.380120218 0.0040965192 -0.535726964
v 0.380784988 0.000662262435 -0.492052227
v 0.399195462 -0.00445502438 -0.588822901
v 0.12080998 -0.00230799848 -0.53552705
v 0.267892867 0.00247361767 -0.697523117
v 0.385306239 -0.00746492296 -0.522452295
v 0.13126263 0.0130209131 -0.607999623
v 0.148496374 0.00953444932 -0.429181814
v 0.107067652 0.00197675778 -0.467333972
v 0.177899241 0.00094606186 -0.348089516
v 0.199192554 0.00849281065 -0.394060463
v 0.129314288 -0.000729476043 -0.372701794
v 0.14510943 0.00468169758 -0.303609878
v 0.116699189 0.00401063915 -0.320116162
v 0.229944855 0.00796627905 -0.386232585
v 0.202904433 0.0340706483 -0.368061662
v 0.224469677 0.0351818167 -0.364016533
v 0.301147401 0.00826098584 -0.381874293
v 0.296685338 -0.00149246375 -0.333655089
v 0.233688042 -0.00187970966 -0.335475951
v 0.283650398 0.00501334667 -0.265120476
v 0.245693639 0.00492767058 -0.265179247
v 0.326089084 0.00926245935 -0.388918251
v 0.308181733 0.0389794447 -0.36011374
v 0.324582934 0.0377260074 -0.363138467
v 0.372011125 0.00757150259 -0.422366977
v 0.391178966 -0.00279510883 -0.364628106
v 0.340860128 0.00241339533 -0.344616055
v 0.402709305 0.00241190963 -0.30905208
v 0.372446924 0.00436223485 -0.292462051
v 0.412521839 -0.00637285085 -0.467333972
v 0.119771637 0.0416188948 -0.524722636
v 0.160594732 0.0040965192 -0.549064994
v 0.13126263 0.0130209131 -0.607999623
v 0.23324275 0.0655690432 -0.317363471
v 0.263522625 0.0779382214 -0.316589624
v 0.242213592 0.0340193622 -0.264258862
v 0.227303177 0.0334798619 -0.328822881
v 0.263137013 0.0938453153 -0.368127435
v 0.230741188 0.0812714547 -0.367749333
v 0.224469677 0.0351818167 -0.364016533
v 0.230741188 0.0812714547 -0.367749333
v 0.233688042 -0.00187970966 -0.335475951
v 0.245693639 0.00492767058 -0.265179247
v 0.229944855 0.00796627905 -0.386232585
v 0.285963982 0.0340247676 -0.264243156
v 0.283650398 0.00501334667 -0.265120476
v 0.302533537 0.0348597206 -0.327509791
v 0.2938025 0.0656919777 -0.315815777
v 0.308181733 0.0389794447 -0.36011374
v 0.296685338 -0.00149246375 -0.333655089
v 0.301147401 0.00826098584 -0.381874293
v 0.295532763 0.0818037689 -0.368505538
v 0.125928909 0.0568350554 -0.370558232
v 0.150224373 0.0691545978 -0.35409525
v 0.118420824 0.0306241903 -0.321315527
v 0.12398278 0.0341355167 -0.373446226
v 0.139312059 0.040701516 -0.416476697
v 0.142671764 0.0762016252 -0.410813749
v 0.148496374 0.00953444932 -0.429181814
v 0.129314288 -0.000729476043 -0.372701794
v 0.116699189 0.00401063915 -0.320116162
v 0.168988317 0.086683847 -0.396067619
v 0.174519837 0.0568587109 -0.337632298
v 0.192398518 0.0755673125 -0.377266467
v 0.202904433 0.0340706483 -0.368061662
v 0.18932727 0.0280491542 -0.340497464
v 0.149594232 0.0308777373 -0.3003456
v 0.177899241 0.00094606186 -0.348089516
v 0.199192554 0.00849281065 -0.394060463
v 0.14510943 0.00468169758 -0.303609878
v 0.116699189 0.00401063915 -0.320116162
v 0.14510943 0.00468169758 -0.303609878
v 0.14510943 0.00468169758 -0.303609878
v 0.348007083 0.0673622191 -0.336216718
v 0.33335036 0.0769139826 -0.371232599
v 0.357675165 0.0880468637 -0.386615396
v 0.372246236 0.0769320577 -0.349587649
v 0.372677743 0.0383019261 -0.294855982
v 0.337176353 0.0380618237 -0.336727023
v 0.324582934 0.0377260074 -0.363138467
v 0.340860128 0.00241339533 -0.344616055
v 0.372446924 0.00436223485 -0.292462051
v 0.326089084 0.00926245935 -0.388918251
v 0.402709305 0.00241190963 -0.30905208
v 0.404681474 0.0356137045 -0.311855078
v 0.401461124 0.0356615186 -0.366454601
v 0.396485209 0.0618864745 -0.36295855
v 0.386253804 0.0449554473 -0.410090774
v 0.38199991 0.0745643377 -0.401998132
v 0.391178966 -0.00279510883 -0.364628106
v 0.372011125 0.00757150259 -0.422366977
v 0.119771637 0.0416188948 -0.524722636
v 0.12080998 -0.00230799848 -0.53552705
v 0.160594732 0.0040965192 -0.549064994
v 0.324582934 0.0377260074 -0.363138467
v 0.315578192 0.0338241868 -0.335050702
v 0.33335036 0.0769139826 -0.371232599
v 0.308181733 0.0389794447 -0.36011374
v 0.295532763 0.0818037689 -0.368505538
v 0.315578192 0.0338241868 -0.335050702
v 0.308181733 0.0389794447 -0.36011374
v 0.192398518 0.0755673125 -0.377266467
v 0.206827372 0.0303415861 -0.347058743
v 0.202904433 0.0340706483 -0.368061662
v 0.224469677 0.0351818167 -0.364016533
v 0.224469677 0.0351818167 -0.364016533
v 0.206827372 0.0303415861 -0.347058743
v 0.230741188 0.0812714547 -0.367749333
v 0.313022077 0.0518155321 0.0789938867
v 0.232771918 0.0654879883 0.0962291807
v 0.260115415 0.0260173082 0.0981917828
v 0.294164866 0.0154127805 0.0594874695
v 0.252783507 0.00466897991 0.119900748
v 0.204193622 0.00925235264 0.0953119099
v 0.172246262 0.0483545847 0.149769634
v 0.201960847 0.0068337121 0.168258682
v 0.357012004 0.0308460388 0.10549584
v 0.380639404 0.0630204976 0.0988741666
v 0.367193162 0.00427406467 0.122057699
v 0.39516449 0.033719372 0.101004645
v 0.434727609 0.0639013574 0.145009816
v 0.422492832 0.16817078 0.198695317
v 0.413797408 0.00293695484 0.0938347206
v 0.406578243 0.00331741385 0.164869338
v 0.463151783 0.0606258959 0.201324806
v 0.478983402 -0.00657894788 0.182297766
v 0.431050569 0.00352326501 0.240645811
v 0.47561413 0.0565912984 0.275123924
v 0.449765235 0.0998979658 0.36059913
v 0.42443651 0.168496758 0.329801172
v 0.308503151 0.169383794 0.36468032
v 0.359977454 0.114476547 0.425362915
v 0.248856544 0.115675092 0.423802048
v 0.409703732 0.100321665 0.41154018
v 0.465612948 0.0531113073 0.334168136
v 0.446467578 0.0505035259 0.384548724
v 0.438823462 0.0845482796 0.393852919
v 0.421752453 0.00695141964 0.37644884
v 0.433271766 -0.000425498321 0.290308654
v 0.481164187 -0.0074237911 0.317182869
v 0.448368907 -0.0101112099 0.257773876
v 0.380583197 0.0914796367 0.429228127
v 0.355067581 0.0328281485 0.471996754
v 0.33709994 0.0928721949 0.432364106
v 0.299851537 0.105160281 0.43279919
v 0.262601554 0.0928330943 0.433234334
v 0.235811472 0.028357245 0.456970572
v 0.218563572 0.0893573388 0.422291815
v 0.193939582 0.10052444 0.400358677
v 0.181689709 0.168388695 0.27679649
v 0.166584775 0.0900866762 0.383719057
v 0.142056152 0.03935479 0.259578496
v 0.15115115 0.0434298404 0.339602172
v 0.175340578 -0.000425496954 0.290308654
v 0.136386797 0.00108593144 0.328511715
v 0.161770076 0.0464476869 0.371648431
v 0.143837854 -0.00384075101 0.226704493
v 0.176839799 0.0113385301 0.370855868
v 0.219730318 0.168069214 0.155728668
v 0.181689709 0.168388695 0.27679649
v 0.314482391 0.167998463 0.125517949
v 0.142056152 0.03935479 0.259578496
v 0.182332709 0.00352326594 0.223341629
v 0.161729917 -0.00368738291 0.164541662
v 0.182332709 0.00352326594 0.223341629
v 0.175340578 -0.000425496954 0.290308654
v 0.303316146 -0.00531387515 0.256910443
v 0.201960847 0.0068337121 0.168258682
v 0.252783507 0.00466897991 0.119900748
v 0.204193622 0.00925235264 0.0953119099
v 0.367193162 0.00427406467 0.122057699
v 0.406578243 0.00331741385 0.164869338
v 0.413797408 0.00293695484 0.0938347206
v 0.431050569 0.00352326501 0.240645811
v 0.433271766 -0.000425498321 0.290308654
v 0.478983402 -0.00657894788 0.182297766
v 0.143837854 -0.00384075101 0.226704493
v 0.294164866 0.0154127805 0.0594874695
v 0.448368907 -0.0101112099 0.257773876
v 0.161729917 -0.00368738291 0.164541662
v 0.176839799 0.0113385301 0.370855868
v 0.136386797 0.00108593144 0.328511715
v 0.204838648 -7.66895682E-05 0.456797481
v 0.22938098 0.00871764775 0.405723244
v 0.153647587 -0.00204822794 0.426053792
v 0.167472035 0.00419611577 0.506982684
v 0.133340687 0.00342452223 0.488003492
v 0.263870239 0.00797277968 0.409711182
v 0.236511365 0.0364497267 0.434248567
v 0.254406363 0.0370120257 0.437526166
v 0.336895257 0.00831163768 0.414722443
v 0.335796356 -0.00290604634 0.472423702
v 0.26676482 -0.00334528438 0.470355064
v 0.323435843 0.00457745045 0.551238418
v 0.279792577 0.00447893934 0.551170826
v 0.366653442 0.00936408062 0.411514133
v 0.346276224 0.0413785912 0.442013621
v 0.364121735 0.0399373733 0.43853575
v 0.421752453 0.00695141964 0.37644884
v 0.447344899 -0.00430903537 0.437167197
v 0.388833374 0.00149618241 0.459488899
v 0.460331678 0.00158627576 0.50072515
v 0.4255355 0.00382879097 0.519800603
v 0.481164187 -0.0074237911 0.317182869
v 0.265476346 0.074608542 0.491168588
v 0.30029273 0.0869869143 0.492058367
v 0.275791138 0.0383322127 0.552229106
v 0.257961363 0.0396718606 0.477992356
v 0.299851537 0.105160281 0.43279919
v 0.262601554 0.0928330943 0.433234334
v 0.254406363 0.0370120257 0.437526166
v 0.262601554 0.0928330943 0.433234334
v 0.26676482 -0.00334528438 0.470355064
v 0.279792577 0.00447893934 0.551170826
v 0.263870239 0.00797277968 0.409711182
v 0.326096028 0.0383384302 0.552247167
v 0.323435843 0.00457745045 0.551238418
v 0.343589157 0.0405636206 0.479502171
v 0.335108906 0.0747498944 0.492948145
v 0.346276224 0.0413785912 0.442013621
v 0.335796356 -0.00290604634 0.472423702
v 0.336895257 0.00831163768 0.414722443
v 0.33709994 0.0928721949 0.432364106
v 0.144598439 0.0647119656 0.430004388
v 0.171277285 0.0770603865 0.448933899
v 0.133452237 0.0344283953 0.486624449
v 0.142453045 0.0380625874 0.423220813
v 0.161770076 0.0464476869 0.371648431
v 0.166584775 0.0900866762 0.383719057
v 0.176839799 0.0113385301 0.370855868
v 0.153647587 -0.00204822794 0.426053792
v 0.133340687 0.00342452223 0.488003492
v 0.193939582 0.10052444 0.400358677
v 0.197955802 0.0647934526 0.467863142
v 0.218563572 0.0893573388 0.422291815
v 0.236511365 0.0364497267 0.434248567
v 0.21419014 0.0288166497 0.464568734
v 0.169295922 0.0347199254 0.510735929
v 0.204838648 -7.66895682E-05 0.456797481
v 0.22938098 0.00871764775 0.405723244
v 0.167472035 0.00419611577 0.506982684
v 0.133340687 0.00342452223 0.488003492
v 0.397434175 0.076670371 0.469490767
v 0.380583197 0.0914796367 0.429228127
v 0.409703732 0.100321665 0.41154018
v 0.425379157 0.0858300179 0.454116553
v 0.42580092 0.0432563722 0.517048001
v 0.384980828 0.0312620886 0.468904078
v 0.364121735 0.0399373733 0.43853575
v 0.388833374 0.00149618241 0.459488899
v 0.4255355 0.00382879097 0.519800603
v 0.366653442 0.00936408062 0.411514133
v 0.460331678 0.00158627576 0.50072515
v 0.462599337 0.0401654132 0.497502178
v 0.459272653 0.0398172066 0.434722781
v 0.453323811 0.0703742653 0.438742578
v 0.446467578 0.0505035259 0.384548724
v 0.438823462 0.0845482796 0.393852919
v 0.447344899 -0.00430903537 0.437167197
v 0.421752453 0.00695141964 0.37644884
v 0.142056152 0.03935479 0.259578496
v 0.143837854 -0.00384075101 0.226704493
v 0.182332709 0.00352326594 0.223341629
v 0.364121735 0.0399373733 0.43853575
v 0.355067581 0.0328281485 0.471996754
v 0.380583197 0.0914796367 0.429228127
v 0.346276224 0.0413785912 0.442013621
v 0.33709994 0.0928721949 0.432364106
v 0.355067581 0.0328281485 0.471996754
v 0.346276224 0.0413785912 0.442013621
v 0.218563572 0.0893573388 0.422291815
v 0.235811472 0.028357245 0.456970572
v 0.236511365 0.0364497267 0.434248567
v 0.254406363 0.0370120257 0.437526166
v 0.254406363 0.0370120257 0.437526166
v 0.235811472 0.028357245 0.456970572
v 0.262601554 0.0928330943 0.433234334
v -0 0.70581913 0.673955142
v -0 0.714707077 0.689158082
v 0.0355420485 0.71711731 0.677340686
v 0.0269814227 0.710622549 0.66564101
v 0.0268093646 0.727359474 0.670657694
v -0 0.728414059 0.680726826
v 0.0543860942 0.743033051 0.626372874
v -0 0.749093771 0.625331938
v -0 0.705192387 0.614161193
v 0.0547314771 0.71004498 0.618178606
v 0.0739094093 0.728972614 0.621339262
v 0.0702104643 0.759128332 0.564001083
v -0 0.765279591 0.562058032
v -0 0.709900141 0.559696198
v 0.070202738 0.715740561 0.561834991
v 0.0923920423 0.737446964 0.560665667
v -0 0.762083888 0.5261572
v 0.0680783242 0.714078128 0.528948069
v -0 0.71219331 0.524460793
v 0.0890397206 0.740672588 0.526572824
v 0.0675347373 0.758590043 0.525338292
v -0 1.3422184 0.79529357
v 0.0317733102 1.38085842 0.77273643
v 0.0357418284 1.29902494 0.776122093
v -0 1.28034651 0.795870125
v -0 1.40019894 0.804825723
v 0.0249761846 1.43885148 0.779690623
v -0 1.44694531 0.745415509
v -0 1.43517363 0.804775774
v 0.01267152 1.49959898 0.764548302
v -0 1.49921203 0.776248693
v -0 1.55525064 0.75369519
v -0 1.50016463 0.748582542
v 0.0438697189 1.34208572 0.742715001
v 0.0308922324 1.37581468 0.730133474
v -0 1.39509797 0.721122801
v 0.261573553 0.9504686 0.554583192
v 0.311558753 0.834787607 0.52868706
v 0.30733636 0.833957732 0.481183648
v 0.264210016 0.953066051 0.509231687
v 0.356061876 0.72726208 0.480742723
v 0.354053617 0.733591318 0.520810425
v 0.405421317 0.620315909 0.510687709
v 0.401933938 0.632432044 0.541161478
v 0.445847809 0.555937767 0.573509812
v 0.444001257 0.563373744 0.584415376
v 0.303790927 0.976678312 0.574187636
v 0.349166185 0.86063689 0.544081688
v 0.33369568 0.995045543 0.51995647
v 0.372102499 0.877829015 0.491206616
v 0.310939699 0.97981441 0.488695145
v 0.34298107 0.866162479 0.460581452
v 0.264210016 0.953066051 0.509231687
v 0.30733636 0.833957732 0.481183648
v 0.386752397 0.745174229 0.463376135
v 0.356061876 0.72726208 0.480742723
v 0.43426013 0.629846692 0.494396567
v 0.405421317 0.620315909 0.510687709
v 0.460396171 0.561369598 0.566549599
v 0.445847809 0.555937767 0.573509812
v 0.413487315 0.759279907 0.488453388
v 0.452226162 0.648359001 0.512808025
v 0.470718533 0.572229922 0.572168469
v 0.389390409 0.754579306 0.530525804
v 0.429577351 0.651485324 0.546692729
v 0.456009775 0.573408723 0.586404264
v 0.471791595 0.533992052 0.625682116
v 0.162043452 1.04665804 -0.329042971
v 0.16429466 1.1027838 -0.330908358
v 0.141952604 1.06821513 -0.308581889
v 0.131199077 1.02575243 -0.303094119
v 0.191025078 1.05410373 -0.313031107
v 0.168573648 1.07367337 -0.294658661
v 0.141952604 1.06821513 -0.308581889
v 0.178096116 1.03767419 -0.267584056
v 0.160642222 1.05087256 -0.261954933
v 0.18605262 1.01875079 -0.284000427
v 0.17177473 1.00935137 -0.300853044
v 0.139342949 1.05358231 -0.270759195
v 0.126289621 1.04591286 -0.28572607
v 0.151536226 1.01012814 -0.310204983
v 0.126289621 1.04591286 -0.28572607
v 0.188239053 1.03260052 -0.249173641
v 0.18605262 1.01875079 -0.284000427
v 0.196103573 1.0051049 -0.273715615
v 0.176056549 0.987940669 -0.301361978
v 0.17177473 1.00935137 -0.300853044
v 0.232497826 0.999891937 -0.224824712
v 0.201488987 0.940998077 -0.320989907
v 0.0836207494 0.963331223 -0.367774308
v 0.0666521043 0.931502819 -0.410822868
v 0.164241821 0.903116047 -0.403652489
v 0.140351728 0.888999104 -0.425520957
v 0.142066613 0.994288683 -0.314228743
v 0.151536226 1.01012814 -0.310204983
v 0.115166754 1.01613796 -0.305646956
v 0.131199077 1.02575243 -0.303094119
v 0.0938655362 0.997507393 -0.320139766
v 0.110140324 1.04220593 -0.282604814
v 0.126289621 1.04591286 -0.28572607
v 0.126786813 1.06075788 -0.255126536
v 0.139342949 1.05358231 -0.270759195
v 0.101178609 0.891915977 -0.438220054
v 0.0647335127 0.907175243 -0.443298817
v 0.160642222 1.05087256 -0.261954933
v 0.159297407 1.05597174 -0.242379367
v 0.178096116 1.03767419 -0.267584056
v 0.250151604 1.0479151 -0.16381903
v 0.17621173 1.12421215 -0.176424652
v 0.135058999 1.09248602 -0.208080783
v 0.253974766 1.08544147 -0.127063006
v 0.242646158 1.16166055 -0.109958738
v 0.224086642 1.14340007 -0.143126264
v 0.197856396 1.18234146 -0.1330304
v 0.234536618 1.06892276 0.706768572
v 0.231433809 1.07091856 0.710237265
v 0.233070299 1.10552311 0.701765954
v 0.238674432 1.10347915 0.693636894
v 0.231584728 1.12963343 0.704754531
v 0.24064216 1.13087595 0.695940971
v 0.24689801 1.1468308 0.687448204
v 0.245309785 1.15374291 0.688771427
v 0.229616255 1.13699746 0.707258761
v 0.203831971 1.10271943 0.741836071
v 0.205983192 1.09786105 0.738109112
v 0.185750932 1.06706727 0.758797646
v 0.183094785 1.07118499 0.761748493
v 0.168604165 1.04106307 0.77502501
v 0.165457815 1.0470463 0.774532914
v 0.256246358 1.157552 0.673462808
v 0.158785537 1.04228389 0.766544044
v 0.173606873 1.06960249 0.751864016
v 0.203831971 1.10271943 0.741836071
v 0.19711937 1.10167003 0.736268997
v 0.229616255 1.13699746 0.707258761
v 0.222497538 1.13754022 0.702797592
v 0.245309785 1.15374291 0.688771427
v 0.237066418 1.15168893 0.682943463
v 0.256246358 1.157552 0.673462808
v 0.247853592 1.15593743 0.667823255
v 0.162316009 1.03493118 0.780210376
v 0.173399135 1.03505516 0.776195228
v 0.163467288 1.03076732 0.77934736
v 0.196706831 1.02908635 0.753735542
v 0.195780024 1.03422403 0.752272308
v 0.158948928 1.02827418 0.769069374
v 0.157035857 1.03306901 0.773437619
v 0.168146238 1.03230953 0.769617915
v 0.192412183 1.02686417 0.749515533
v 0.220405117 1.04701602 0.724508882
v 0.221354082 1.04186463 0.723762393
v 0.221354082 1.04186463 0.723762393
v 0.215758428 1.03931391 0.718604386
v 0.234536618 1.06892276 0.706768572
v 0.227857396 1.06681824 0.701449096
v 0.238674432 1.10347915 0.693636894
v 0.231929183 1.10181344 0.688330352
v 0.234609097 1.13104045 0.691490054
v 0.24064216 1.13087595 0.695940971
v 0.238344878 1.14539826 0.681977212
v 0.24689801 1.1468308 0.687448204
v 0.247853592 1.15593743 0.667823255
v 0.256246358 1.157552 0.673462808
v 0.233070299 1.10552311 0.701765954
v 0.231433809 1.07091856 0.710237265
v 0.224756062 1.06894803 0.704914451
v 0.226320103 1.10381365 0.696454048
v 0.231584728 1.12963343 0.704754531
v 0.225839347 1.12926781 0.697053194
v 0.220405117 1.04701602 0.724508882
v 0.21481964 1.04454136 0.719489038
v 0.195780024 1.03422403 0.752272308
v 0.191482306 1.03208375 0.748461962
v 0.165182829 1.03621984 0.767910838
v 0.168604165 1.04106307 0.77502501
v 0.185750932 1.06706727 0.758797646
v 0.205983192 1.09786105 0.738109112
v 0.198595956 1.09796298 0.733068764
v 0.179931089 1.06594586 0.753070354
v 0.168604165 1.04106307 0.77502501
v 0.165182829 1.03621984 0.767910838
v 0.225839347 1.12926781 0.697053194
v 0.231584728 1.12963343 0.704754531
v 0.271784693 1.13555789 0.49379313
v 0.333891332 1.2103163 0.422464579
v 0.276155323 1.19217145 0.546527565
v 0.341536999 1.22971344 0.451198578
v 0.382441372 1.31367004 0.404932648
v 0.373694807 1.25366867 0.375838667
v 0.360771507 1.10237777 0.403917104
v 0.427383631 1.2708894 0.313220084
v 0.419963509 1.34754622 0.348760486
v 0.466680408 1.32578242 0.309580445
v 0.50658834 1.17811024 0.262622595
v 0.526280582 1.02740228 0.34037438
v 0.605079651 1.20044494 0.186676919
v 0.630715728 1.1033206 0.214325368
v 0.71035558 1.29173064 0.109986916
v 0.608034015 1.24336648 0.202078924
v 0.525919676 1.26772892 0.270675719
v 0.492736846 0.984845281 0.334482878
v 0.546083272 0.955642819 0.304899335
v 0.452816188 0.914009154 0.415924549
v 0.553448617 0.905555844 0.330936998
v 0.652177513 0.979005277 0.245606095
v 0.574953556 0.994257271 0.307480454
v 0.365930468 0.98332715 0.422282934
v 0.407765865 0.89904052 0.421314001
v 0.304114401 0.937471926 0.493849337
v 0.382266611 0.847246051 0.458691955
v 0.474437296 0.833681345 0.398447454
v 0.489031732 0.841832399 0.402857661
v 0.532069623 0.783705354 0.384324938
v 0.472100347 0.799903095 0.416601479
v 0.264547646 1.0792315 0.519997776
v 0.400041729 1.07334101 0.465027422
v 0.452816188 0.914009154 0.415924549
v 0.419676036 0.888449252 0.46208021
v 0.519970357 0.981213033 0.391108662
v 0.580057979 0.953224003 0.332347631
v 0.553448617 0.905555844 0.330936998
v 0.652177513 0.979005277 0.245606095
v 0.574953556 0.994257271 0.307480454
v 0.526280582 1.02740228 0.34037438
v 0.304114401 0.937471926 0.493849337
v 0.382266611 0.847246051 0.458691955
v 0.484810412 0.825575292 0.423598647
v 0.472100347 0.799903095 0.416601479
v 0.532069623 0.783705354 0.384324938
v 0.489031732 0.841832399 0.402857661
v 0.548111081 1.19868553 0.319776624
v 0.464542687 1.29452479 0.375740796
v 0.525919676 1.26772892 0.270675719
v 0.637818813 1.20306087 0.226713598
v 0.608034015 1.24336648 0.202078924
v 0.71035558 1.29173064 0.109986916
v 0.630715728 1.1033206 0.214325368
v 0.466680408 1.32578242 0.309580445
v 0.419963509 1.34754622 0.348760486
v 0.407438755 1.29053378 0.426727742
v 0.382441372 1.31367004 0.404932648
v 0.341536999 1.22971344 0.451198578
v 0.359947741 1.21312201 0.484758824
v 0.276573718 1.13981318 0.545746565
v 0.276155323 1.19217145 0.546527565
v 0.264547646 1.0792315 0.519997776
v 0.618364453 1.10509515 0.158506215
v 0.50564611 1.06185377 0.257820845
v 0.50444001 0.995580375 0.290658027
v 0.654797554 1.01594889 0.165488988
v 0.51912415 1.13631535 0.255639046
v 0.613799751 1.18242884 0.170400575
v 0.290638506 1.06056106 0.429374099
v 0.469497472 0.910424411 0.311120838
v 0.571487427 0.84538573 0.225477353
v 0.603438854 0.921211362 0.211795479
v 0.750301659 0.837841272 0.0900470316
v 0.570406556 0.779733121 0.260478735
v 0.46513167 0.826707006 0.37353912
v 0.335173666 1.11853385 0.412449151
v 0.41053015 0.911944628 0.417535037
v 0.741006672 1.19098735 0.0507093519
v 0.727569878 1.2772485 0.0670982897
v 0.844107211 1.2931143 -0.035681542
v 0.832773566 1.34744322 -0.0191502981
v 0.954172015 1.42077708 -0.11034397
v 0.886051774 1.24033713 -0.0341064446
v 0.796767354 1.09956598 0.0491170473
v 0.406425089 0.818577647 0.417386681
v 0.4964495 0.724790156 0.379719228
v 0.477042109 0.716389656 0.3856906
v 0.534008384 0.67302835 0.365477979
v 0.481811851 0.69621551 0.407029837
v 0.371572077 0.785314977 0.460421145
v 0.303602904 0.944559395 0.484430373
v 0.648480415 1.10783005 0.195987895
v 0.654797554 1.01594889 0.165488988
v 0.50444001 0.995580375 0.290658027
v 0.536347508 1.06452274 0.294319272
v 0.51912415 1.13631535 0.255639046
v 0.335173666 1.11853385 0.412449151
v 0.319022655 1.06363487 0.466354847
v 0.613799751 1.18242884 0.170400575
v 0.50273931 0.910030246 0.348312706
v 0.598217249 0.841664791 0.252516747
v 0.603438854 0.921211362 0.211795479
v 0.750301659 0.837841272 0.0900470316
v 0.570406556 0.779733121 0.260478735
v 0.46513167 0.826707006 0.37353912
v 0.770802736 1.19248033 0.0879301205
v 0.796767354 1.09956598 0.0491170473
v 0.886051774 1.24033713 -0.0341064446
v 0.867537796 1.29221833 -0.00561766746
v 0.954172015 1.42077708 -0.11034397
v 0.832773566 1.34744322 -0.0191502981
v 0.727569878 1.2772485 0.0670982897
v 0.41053015 0.911944628 0.417535037
v 0.303602904 0.944559395 0.484430373
v 0.406265944 0.826391518 0.445891231
v 0.4964495 0.724790156 0.379719228
v 0.499008209 0.711756647 0.399476737
v 0.534008384 0.67302835 0.365477979
v 0.481811851 0.69621551 0.407029837
v 0.371572077 0.785314977 0.460421145
v 0.331859022 1.50839901 0.28701058
v 0.328090876 1.59801018 0.264453888
v 0.323249251 1.50045347 0.23567152
v 0.283807606 1.52553916 0.255832642
v 0.294585288 1.52739179 0.290145934
v 0.283807606 1.52553916 0.255832642
v 0.259034902 1.47513378 0.324661642
v 0.293222398 1.45150733 0.32766524
v 0.258127987 1.4403584 0.230650097
v 0.237950534 1.47126245 0.250105947
v 0.315589547 1.42750025 0.308077663
v 0.315580517 1.41393626 0.27128163
v 0.23590599 1.47893906 0.291986763
v 0.237950534 1.47126245 0.250105947
v 0.294539094 1.41992807 0.239203542
v 0.329048604 1.41662347 0.320702344
v 0.293222398 1.45150733 0.32766524
v 0.315589547 1.42750025 0.308077663
v 0.291002452 1.45100808 0.349704474
v 0.283697575 1.43601 0.36310181
v 0.331313789 1.39867795 0.33418712
v 0.328918457 1.39344132 0.266089857
v 0.329621315 1.37530375 0.270377845
v 0.301200449 1.39889657 0.22154133
v 0.295134962 1.38269925 0.218563631
v 0.257235438 1.42914391 0.208099574
v 0.258127987 1.4403584 0.230650097
v 0.217660844 1.47179949 0.242167562
v 0.247590378 1.41560149 0.204930037
v 0.222656041 1.47347152 0.359322846
v 0.241613224 1.48103106 0.342964709
v 0.259034902 1.47513378 0.324661642
v 0.211307973 1.49011064 0.29912582
v 0.237950534 1.47126245 0.250105947
v 0.194858447 1.48045516 0.303488761
v 0.201030076 1.4609822 0.236585885
v 0.315580517 1.41393626 0.27128163
v 0.294539094 1.41992807 0.239203542
v 0.110856734 1.52000761 0.369309336
v 0.139180884 1.50186336 0.300308079
v 0.170348883 1.47083056 0.24356924
v 0.235023737 1.41787279 0.18390581
v 0.276596785 1.37195325 0.135567531
v 0.384753942 1.29078937 0.182617471
v 0.300897062 1.33208895 0.0893247202
v 0.328944892 1.28864956 0.0473962538
v 0.406688988 1.19480598 0.0981492326
v 0.409828335 1.2546258 0.208156407
v 0.335057378 1.35764968 0.364821315
v 0.424881876 1.14474344 0.0830117241
v 0.344168931 1.24001539 -0.00903178286
v 0.368913859 1.13950121 -0.0154808061
v 0.315695047 1.23060822 -0.0305025857
v 0.307005078 1.09422648 -0.0921956226
v 0.275502622 1.16268754 -0.0982377529
v 0.242646158 1.16166055 -0.109958738
v 0.281343788 1.05805612 -0.13977693
v 0.408520877 1.1770587 0.23484464
v 0.198720932 1.46944666 0.483273387
v 0.328690857 1.32282209 0.39219597
v 0.196491241 1.42582393 0.529186547
v 0.0828857273 1.58826458 0.544795692
v 0.0693236366 1.54539263 0.584471226
v 0.191851541 1.51522398 0.422312737
v 0.101448193 1.5992564 0.458466172
v 0.0618512817 1.54929078 0.421156824
v 0.064231351 1.6481595 0.460618377
v 0.0644852892 1.65204811 0.499215186
v 0.0362001546 1.67738473 0.46202448
v 0.0349431597 1.68330657 0.496891856
v -0 1.68739676 0.496029198
v -0 1.67562449 0.457385331
v -0 1.5785861 0.434030175
v 0.0452788435 1.63694704 0.540073335
v -0 1.64260554 0.539859056
v 0.0492943376 1.5915879 0.570801079
v -0 1.60436976 0.573358893
v 0.0693236366 1.54539263 0.584471226
v -0 1.56938386 0.595727801
v 0.118830323 1.51920891 0.404684097
v 0.276531398 1.27996707 0.675525248
v 0.278040737 1.34244156 0.677480578
v 0.284208298 1.28973687 0.648713112
v 0.262884319 1.30776918 0.654513836
v 0.260142863 1.29777217 0.676871955
v 0.262884319 1.30776918 0.654513836
v 0.247172862 1.29312646 0.636297107
v 0.230025902 1.28256023 0.659290731
v 0.260796726 1.27341187 0.6198982
v 0.247172862 1.29312646 0.636297107
v 0.262512505 1.25073767 0.63031143
v 0.23062335 1.26336169 0.665112078
v 0.244985893 1.2383039 0.653845727
v 0.21582076 1.29421234 0.658727169
v 0.230025902 1.28256023 0.659290731
v 0.213636428 1.26167107 0.668590963
v 0.24153012 1.30051053 0.625829399
v 0.247172862 1.29312646 0.636297107
v 0.263393939 1.27780414 0.607082129
v 0.260796726 1.27341187 0.6198982
v 0.26585713 1.23916459 0.609484255
v 0.262512505 1.25073767 0.63031143
v 0.23062335 1.26336169 0.665112078
v 0.168252185 1.26531899 0.695072591
v 0.264728457 1.33331406 0.585597396
v 0.190362275 1.36255765 0.661472023
v 0.181440651 1.44545984 0.626443624
v 0.0666595921 1.46060669 0.697298646
v 0.244249493 1.41357017 0.558189332
v 0.18250142 1.47963655 0.597844899
v 0.290595025 1.37396789 0.518519819
v 0.281885624 1.39848006 0.483417302
v 0.228995845 1.43757987 0.529077172
v 0.345996469 1.33606553 0.406584114
v 0.343257546 1.30705309 0.44330737
v 0.196491241 1.42582393 0.529186547
v 0.176492453 1.49455774 0.567521453
v 0.0920423269 1.5351907 0.6346066
v 0.103865303 1.53768373 0.582279027
v 0.0701959357 1.60009515 0.588597834
v 0.0667490065 1.59807909 0.626302123
v 0.0276152268 1.61460638 0.633372903
v 0.0287796278 1.61566794 0.602247596
v -0 1.61182022 0.609706044
v -0 1.61276591 0.640182614
v -0 1.56938386 0.595727801
v 0.0693236366 1.54539263 0.584471226
v 0.328690857 1.32282209 0.39219597
v 0.379214853 1.2704916 0.328645319
v 0.370948106 1.22219658 0.367160529
v -0 1.56965125 0.674462676
v 0.0391676277 1.5699383 0.664548278
v -0 1.51275933 0.705833197
v -0 1.43791366 0.725406706
v 0.0899262577 1.36745358 0.717975616
v -0 1.39509797 0.721122801
v 0.0308922324 1.37581468 0.730133474
v 0.0438697189 1.34208572 0.742715001
v 0.0357418284 1.29902494 0.776122093
v 0.0997715145 1.28563154 0.75374043
v 0.0205429196 1.28346813 0.802111566
v 0.0312140938 1.23704886 0.824711144
v -0 1.27775872 0.806530893
v -0 1.24082983 0.814246178
v -0 1.20401597 0.815689385
v 0.0297168195 1.19742703 0.822132528
v 0.086756058 1.18344414 0.782086313
v 0.0914157555 1.2223568 0.767138958
v 0.109787263 1.24999583 0.735981226
v -0 1.14680767 0.867595375
v 0.0988879204 1.1194545 0.81679517
v 0.0564722382 1.14272201 0.855670094
v -0 1.12214422 0.902441323
v 0.0573374256 1.11859417 0.877994061
v -0 1.28034651 0.795870125
v 0.0604759343 1.01373494 0.962752879
v -0 1.01813948 0.986395001
v -0 0.905413032 1.01778507
v 0.0492825434 0.899758577 0.997332156
v 0.119381882 0.973318279 0.888387263
v 0.0876393765 0.877782881 0.948096037
v 0.0375194773 0.787449956 1.02713203
v -0 0.791539609 1.04142249
v -0 0.754380405 1.0341531
v 0.0370387919 0.753374457 1.02142906
v 0.0666561499 0.783456683 1.00305879
v 0.093972005 0.835896611 0.924229622
v 0.0728170797 0.7573722 0.987737
v 0.116062336 0.898926437 0.872511804
v 0.136644498 0.947704911 0.814953566
v 0.138787732 1.02060282 0.791164219
v 0.124673925 1.08389008 0.805113256
v 0.166116849 0.902731001 0.652167976
v 0.156557053 0.805410504 0.661649942
v 0.157228768 0.767839134 0.572540283
v 0.159026891 0.872391701 0.56546247
v 0.23925826 0.7938205 0.519762397
v 0.211056337 0.895019948 0.514635563
v 0.324250549 0.857412696 0.547159314
v 0.280383706 0.952152073 0.549730837
v 0.321376294 0.892211199 0.610908508
v 0.285566717 0.971506 0.602189302
v 0.239099652 0.877047539 0.680754066
v 0.233115241 0.949553072 0.662663281
v 0.156557053 0.805410504 0.661649942
v 0.166116849 0.902731001 0.652167976
v 0.345247656 0.839379013 0.637994289
v 0.356651723 0.791325808 0.577185392
v 0.392175347 0.73973304 0.609832346
v 0.37233001 0.800962508 0.666248381
v 0.26461181 0.831694603 0.701066971
v 0.289363801 0.795481503 0.734633267
v 0.21785672 0.688208818 0.734242857
v 0.249426201 0.756465912 0.784836888
v 0.30858013 0.813448489 0.768270254
v 0.325478017 0.769489944 0.774717391
v 0.25544399 0.653758705 0.778584301
v 0.321038812 0.617836654 0.859038591
v 0.377585977 0.72780323 0.839985251
v 0.408999205 0.76306051 0.707145512
v 0.374653727 0.821936846 0.72015959
v 0.460339993 0.72045517 0.774794877
v 0.421641827 0.644351959 0.64068085
v 0.411393434 0.778647065 0.662641346
v 0.487098157 0.596421897 0.731704473
v 0.318223447 0.562548041 0.687968731
v 0.335863948 0.573403478 0.615809202
v 0.394013941 0.52816689 0.786170721
v 0.25544399 0.653758705 0.778584301
v 0.223671988 0.602908909 0.720486879
v 0.321038812 0.617836654 0.859038591
v 0.47499156 0.523852348 0.896431625
v 0.390422076 0.619005442 0.949762046
v 0.558120847 0.590831459 0.837506533
v 0.437529683 0.723006368 0.912521362
v 0.519753337 0.71145153 0.852857292
v 0.390422076 0.619005442 0.949762046
v 0.262992024 0.565039337 0.669663668
v 0.327266991 0.633739889 0.60761553
v 0.2411654 0.618860364 0.666071892
v 0.21785672 0.688208818 0.734242857
v 0.213150457 0.670960605 0.768680453
v 0.189909264 0.6933254 0.600863814
v 0.180803299 0.743653178 0.688179612
v 0.281813145 0.707228005 0.551401913
v 0.398776621 0.640433669 0.600109458
v 0.420623273 0.714430392 0.618923903
v 0.37233001 0.800962508 0.666248381
v 0.479491293 0.660461783 1.06580293
v 0.544380665 0.716545105 1.15069711
v 0.661052525 0.632218361 1.15906405
v 0.583407164 0.563965321 1.03979385
v 0.721308112 0.676163256 1.0771004
v 0.651685417 0.623008013 0.969255209
v 0.654991448 0.759255588 1.03492606
v 0.601231217 0.721233189 0.960147619
v 0.570038497 0.782861412 1.07726908
v 0.519528627 0.74124825 1.00887108
v 0.544380665 0.716545105 1.15069711
v 0.479491293 0.660461783 1.06580293
v 0.603724837 0.602902174 0.899353981
v 0.565408945 0.709289968 0.912620306
v 0.485166967 0.72944355 0.967056096
v 0.433409274 0.63870728 1.00648379
v 0.526589751 0.544238687 0.9571262
v 0.69715178 0.817521513 1.0935055
v 0.769703984 0.755792499 1.1475184
v 0.611770689 0.831946015 1.13524878
v 0.59790504 0.782769144 1.22754037
v 0.584784329 0.561046302 0.859987974
v 0.541940451 0.739153862 0.876575887
v 0.594709396 0.657117367 0.84887284
v 0.408281177 0.703685284 0.971820056
v 0.391241461 0.620555699 0.992318571
v 0.461398453 0.75178802 0.9328143
v 0.51018548 0.506053746 0.916121364
v 0.427933723 0.544228792 0.968061805
v 0.433409274 0.63870728 1.00648379
v 0.391241461 0.620555699 0.992318571
v 0.668857396 1.13453352 1.21287966
v 0.638918698 1.15362406 1.24357581
v 0.648507833 1.15633321 1.31768358
v 0.663139105 1.13596785 1.30512857
v 0.672997415 1.15277481 1.17691064
v 0.742451489 1.15474713 1.16312146
v 0.741331518 1.1308434 1.17479551
v 0.802733898 1.15686953 1.19768655
v 0.802212417 1.129632 1.230775
v 0.816160858 1.15957308 1.26845741
v 0.785126805 1.16088009 1.33351374
v 0.768194556 1.1305182 1.31900454
v 0.710812032 1.15957153 1.35088229
v 0.648507833 1.15633321 1.31768358
v 0.663139105 1.13596785 1.30512857
v 0.659010291 1.02818942 1.3010757
v 0.7684201 1.00340235 1.31709564
v 0.644563794 0.899898291 1.28498793
v 0.75569278 0.874201894 1.30033004
v 0.808891058 1.01422608 1.22429836
v 0.8024652 0.891297758 1.20607543
v 0.741280019 1.03072512 1.16497433
v 0.730960727 0.918531299 1.14567637
v 0.660978913 1.03852296 1.2055763
v 0.647750139 0.932697058 1.1879406
v 0.659010291 1.02818942 1.3010757
v 0.644563794 0.899898291 1.28498793
v 0.623246014 0.836834311 1.25455606
v 0.742123485 0.790867448 1.27259004
v 0.785954177 0.819352806 1.17763329
v 0.718752146 0.867090762 1.12801647
v 0.634770155 0.878774703 1.1653254
v 0.623246014 0.836834311 1.25455606
v 0.604522526 0.791553497 1.27098727
v 0.770593524 0.743803561 1.24558234
v 0.718186557 0.847227931 1.09061551
v 0.585655093 0.843022108 1.20700133
v 0.688115776 0.747662544 1.29210067
v 0.604522526 0.791553497 1.27098727
v 0.612854421 0.864297152 1.13450778
v 0.79401654 0.783187389 1.1506356
v 0.720461786 0.724381447 1.2432332
v 0.59790504 0.782769144 1.22754037
v 0.664175332 1.41781032 1.12905848
v 0.698026657 1.44703186 1.16694725
v 0.643181205 1.51972377 1.11578941
v 0.614472806 1.49168563 1.0864656
v 0.616000593 1.40643477 1.15645921
v 0.576925457 1.48880982 1.10821724
v 0.617435157 1.43287575 1.21191859
v 0.57581985 1.51152396 1.1473906
v 0.621115267 1.53224409 1.14793229
v 0.673273981 1.45605922 1.21227801
v 0.57581985 1.51152396 1.1473906
v 0.617435157 1.43287575 1.21191859
v 0.541991472 1.59736478 1.02577746
v 0.529563129 1.58385873 1.02147233
v 0.514973998 1.58337414 1.03398943
v 0.515159547 1.59739161 1.04969573
v 0.515159547 1.59739161 1.04969573
v 0.535388827 1.60859931 1.04361713
v 0.455637872 1.65385115 0.952234149
v 0.721366465 1.39789486 1.17639875
v 0.727749705 1.43466258 1.18733919
v 0.719731271 1.4095279 1.13674629
v 0.68333143 1.36933362 1.13604212
v 0.676261127 1.38492036 1.1208607
v 0.627313614 1.36277235 1.16775787
v 0.621340334 1.36983299 1.13736999
v 0.595174015 1.38122439 1.18819511
v 0.628247678 1.38721049 1.23490572
v 0.602068305 1.40417969 1.23521113
v 0.702133 1.4447329 1.2344178
v 0.698928952 1.41355872 1.24268961
v 0.645496786 1.43173611 1.25403965
v 0.602068305 1.40417969 1.23521113
v 0.628247678 1.38721049 1.23490572
v 0.698026657 1.44703186 1.16694725
v 0.664175332 1.41781032 1.12905848
v 0.616000593 1.40643477 1.15645921
v 0.617435157 1.43287575 1.21191859
v 0.617435157 1.43287575 1.21191859
v 0.673273981 1.45605922 1.21227801
v 0.651641548 1.28860557 1.27690089
v 0.735866129 1.30746794 1.28628385
v 0.759046078 1.19307899 1.31353211
v 0.663517952 1.18555915 1.29964614
v 0.791770279 1.18884504 1.23083901
v 0.76569128 1.29348588 1.21148515
v 0.730886519 1.18655837 1.17471421
v 0.71509099 1.27324224 1.16267014
v 0.663048029 1.18251479 1.21140015
v 0.648829818 1.26827145 1.19730449
v 0.663517952 1.18555915 1.29964614
v 0.651641548 1.28860557 1.27690089
v 0.213150457 0.670960605 0.768680453
v 0.180803299 0.743653178 0.688179612
v 0.3686544 0.611573398 0.500791907
v 0.372759581 0.700523078 0.480678499
v 0.421890795 0.613123059 0.480325878
v 0.35738349 0.550588727 0.500006676
v 0.405041426 0.55810529 0.477666438
v 0.427884519 0.557773948 0.482094646
v 0.454138398 0.591633379 0.429157138
v 0.27996105 0.63943404 0.463215023
v 0.28071025 0.734427691 0.454566985
v 0.371300489 0.800855994 0.444054484
v 0.467809707 0.694253683 0.417626113
v 0.440923691 0.789785922 0.401764512
v 0.538622499 0.732636452 0.336719215
v 0.290735304 0.793326795 0.45415327
v 0.465898871 0.622097075 0.424075603
v 0.546177626 0.674172223 0.346513063
v 0.536384165 0.608772337 0.360704869
v 0.539031446 0.703423321 0.304990113
v 0.559265792 0.706180274 0.285644412
v 0.55800885 0.725145698 0.304680526
v 0.605828941 0.750580192 0.269717187
v 0.557408035 0.749231339 0.292480618
v 0.503234327 0.783935428 0.325185359
v 0.495393842 0.583417058 0.390422076
v 0.523776531 0.576260448 0.366583139
v 0.534846663 0.552451909 0.377443999
v 0.542671442 0.674819231 0.304821491
v 0.423312306 0.926937163 0.377632409
v 0.477203429 0.897168577 0.292199612
v 0.447949678 1.07257295 0.256858915
v 0.458342135 1.06604385 0.112110257
v 0.408520877 1.1770587 0.23484464
v 0.424881876 1.14474344 0.0830117241
v 0.368913859 1.13950121 -0.0154808061
v 0.404034108 1.05013967 -0.0114815161
v 0.328276366 1.00219941 -0.117203563
v 0.307005078 1.09422648 -0.0921956226
v 0.281343788 1.05805612 -0.13977693
v 0.429379255 0.919172943 0.0131966639
v 0.492933959 0.904999495 0.149788707
v 0.505339324 0.77708143 0.270481795
v 0.49715209 0.757389188 0.186472148
v 0.487867236 0.627297938 0.214762166
v 0.412802607 0.740375042 0.073592715
v 0.349706709 0.609943151 0.140716791
v 0.47263816 0.494626909 0.235175908
v 0.336844236 0.498045862 0.167921141
v 0.458885252 0.426489621 0.234812409
v 0.332290769 0.429761559 0.163430914
v 0.185696185 0.427207023 0.252489209
v 0.190249637 0.508532107 0.269408554
v 0.241464421 0.586206973 0.228952289
v 0.212949559 0.588169217 0.275596946
v 0.200733677 0.545423508 0.276366502
v 0.215775758 0.507707953 0.215662777
v 0.175796658 0.471235424 0.335937679
v 0.123205036 0.399088591 0.31154564
v 0.129909605 0.392467886 0.216802299
v 0.441340566 0.363198072 0.225970626
v 0.326943934 0.362697601 0.151842266
v 0.188178211 0.371504039 0.23768796
v 0.442241818 0.354357839 0.340031475
v 0.465133309 0.415392369 0.364657879
v 0.343484908 0.407516539 0.454466552
v 0.35283199 0.483121246 0.489039183
v 0.215410188 0.413174659 0.40420115
v 0.219337463 0.488514781 0.427325249
v 0.219343185 0.352570951 0.385356545
v 0.336586207 0.348377377 0.420079082
v 0.483448863 0.488527983 0.384341776
v 0.188178211 0.371504039 0.23768796
v 0.185696185 0.427207023 0.252489209
v 0.190249637 0.508532107 0.269408554
v 0.222116545 0.575487673 0.429113448
v 0.212949559 0.588169217 0.275596946
v 0.49902615 0.580545783 0.359221846
v 0.512933314 0.679351628 0.293734968
v 0.539031446 0.703423321 0.304990113
v 0.546276867 0.729629636 0.267041266
v 0.559265792 0.706180274 0.285644412
v 0.605828941 0.750580192 0.269717187
v 0.542671442 0.674819231 0.304821491
v 0.49902615 0.580545783 0.359221846
v 0.532260597 0.596749723 0.328736693
v 0.505183578 0.571817935 0.345087051
v 0.494725436 0.579228818 0.372363955
v 0.534846663 0.552451909 0.377443999
v 0.523916423 0.573380649 0.350452751
v 0.495393842 0.583417058 0.390422076
v 0.465898871 0.622097075 0.424075603
v 0.454138398 0.591633379 0.429157138
v 0.557408035 0.749231339 0.292480618
v 0.503234327 0.783935428 0.325185359
v 0.546276867 0.729629636 0.267041266
v 0.605828941 0.750580192 0.269717187
v 0.424936563 0.531844616 0.467443198
v 0.446346164 0.507579029 0.451114714
v 0.444152206 0.550859392 0.450042725
v 0.405041426 0.55810529 0.477666438
v 0.454138398 0.591633379 0.429157138
v 0.431295156 0.535102904 0.472757012
v 0.446346164 0.507579029 0.451114714
v 0.424936563 0.531844616 0.467443198
v 0.444152206 0.550859392 0.450042725
v 0.246208191 0.686899841 0.434285283
v 0.268828094 0.736183763 0.442656398
v 0.454138398 0.591633379 0.429157138
v 0.356706291 0.881953716 0.420937061
v 0.330861509 1.0731225 0.435516477
v 0.40950796 1.07520998 0.360305786
v 0.365662903 1.19866395 0.361435264
v 0.309546649 1.19129431 0.4794375
v 0.0327979885 0.770089865 -0.889566839
v 0.0239072144 0.962718487 -0.985210955
v -0 0.897314429 -1.0321548
v 0.0153233856 1.13312805 -1.09334826
v -0 1.0927788 -1.14351082
v 0.0261662453 0.853057683 -1.04602575
v 0.0189033467 0.892991781 -0.87948209
v -0 1.04734027 -0.943777084
v -0 1.17327225 -1.05922961
v 0.0119666904 0.963171124 -1.15834785
v -0 0.945173264 -1.17537773
v -0 0.813235521 -1.08076477
v -0 0.984082162 -1.14122939
v -0 0.77085799 -0.984874189
v 0.0176676828 0.715173304 -0.993460536
v 0.0352447666 0.719637156 -0.835274696
v -0 0.657561839 -0.88051331
v -0 0.662153304 -1.00430381
v -0 0.792375922 -1.21455657
v -0 1.36675477 -1.18409801
v -0 1.08562517 -1.24422944
v 0.286660939 0.13220799 0.436070204
v 0.280714005 0.160816431 0.37293902
v 0.215734363 0.111688703 0.442621678
v 0.178842127 0.115483962 0.391733497
v 0.326137662 0.0986456648 0.46466741
v 0.178882331 0.152401745 0.285253614
v 0.368826747 0.12620616 0.41957745
v 0.391038954 0.163800657 0.359205842
v 0.426063389 0.110741802 0.416217476
v 0.448529661 0.112831049 0.352985233
v 0.419410825 0.165451124 0.253657699
v 0.487031549 0.085457921 0.281895012
v 0.479302883 0.109447353 0.269560039
v 0.498167843 0.100511946 0.201601043
v 0.447139233 0.110179342 0.159237832
v 0.374467075 0.17238985 0.172014028
v 0.430665851 0.100416087 0.0983513892
v 0.371896863 0.115977168 0.102687448
v 0.304363102 0.167094037 0.155893773
v 0.300255388 0.0850628838 0.056550473
v 0.252880543 0.122421481 0.099395819
v 0.224735141 0.157296747 0.180229902
v 0.165358737 0.073615171 0.120134681
v 0.150228664 0.0967308581 0.179704279
v 0.116197594 0.0793012232 0.210280284
v 0.128295079 0.10818918 0.309090167
v 0.107741356 0.0814728811 0.323431492
v 0.371402949 0.0919506326 -0.379007757
v 0.3269234 0.119850069 -0.429241449
v 0.371502221 0.0842960998 -0.339431345
v 0.290035367 0.100449987 -0.349491954
v 0.421292633 0.0648383871 -0.455313712
v 0.227341726 0.121257566 -0.428650767
v 0.210769758 0.0838647187 -0.34087038
v 0.172157735 0.104407445 -0.385356158
v 0.128136382 0.0896927416 -0.414295763
v 0.122537374 0.100968756 -0.469896525
v 0.166624516 0.112968795 -0.503496289
v 0.104340591 0.071621798 -0.532250226
v 0.126672089 0.0943098441 -0.550804794
v 0.203297228 0.128519699 -0.567472935
v 0.138186991 0.0815873444 -0.611098945
v 0.160596162 0.0883469731 -0.626210988
v 0.262559861 0.114247188 -0.616814435
v 0.2006253 0.0784405619 -0.670381904
v 0.246640235 0.0711366385 -0.680425346
v 0.26673764 0.0857061371 -0.679411769
v 0.356736243 0.074469462 -0.672109306
v 0.351775914 0.0921954066 -0.652898848
v 0.349767119 0.135057494 -0.581777453
v 0.395154327 0.0822307765 -0.620967805
v 0.4068183 0.101408564 -0.53855741
v 0.370170087 0.105497785 -0.501717865
v 0.421985149 0.0623738989 -0.541788101
v 0.412558347 0.0988917053 -0.456867427
v 0.3269234 0.119850069 -0.429241449
v 0.3269234 0.119850069 -0.429241449
v 0.421292633 0.0648383871 -0.455313712
v 0.412558347 0.0988917053 -0.456867427
v 0.114708185 1.18489957 0.79526037
v 0.125384554 1.23391604 0.759427726
v 0.194719046 1.14120293 0.747656703
v 0.225442231 1.18690217 0.704295993
v 0.183805197 1.25479293 0.706868827
v 0.086756058 1.18344414 0.782086313
v 0.0914157555 1.2223568 0.767138958
v 0.109787263 1.24999583 0.735981226
v 0.168252185 1.26531899 0.695072591
v 0.219215125 1.25104976 0.675135195
v 0.213636428 1.26167107 0.668590963
v 0.0988879204 1.1194545 0.81679517
v 0.115445986 1.13338006 0.810257316
v 0.124673925 1.08389008 0.805113256
v 0.170730442 1.08414066 0.770780802
v 0.250496209 1.22236896 0.657685816
v 0.244985893 1.2383039 0.653845727
v 0.26585713 1.23916459 0.609484255
v 0.29598102 1.20891237 0.595113456
v 0.26890415 1.17588401 0.657459795
v 0.2843858 1.21835589 0.584652722
v 0.290444672 1.22351098 0.547720313
v 0.301680863 1.18123949 0.548541248
v 0.211083472 1.265432 0.684378862
v 0.321993768 1.17796576 0.553518116
v 0.312471628 1.07322574 0.506379545
v 0.330861509 1.0731225 0.435516477
v 0.309546649 1.19129431 0.4794375
v 0.339448094 1.12165284 0.520974398
v 0.315244466 1.08208227 0.62366581
v 0.29120478 1.13630283 0.645168126
v 0.354521185 1.00244284 0.553622723
v 0.333937079 0.98760581 0.615949392
v 0.356562257 1.03531349 0.503969789
v 0.372598559 0.991773486 0.497935891
v 0.417184472 0.937547147 0.485065877
v 0.373501301 0.946777701 0.520593703
v 0.315122664 1.00124836 0.681204736
v 0.296342552 1.01449907 0.700895548
v 0.306872636 0.956024468 0.691727757
v 0.30656302 0.955621302 0.70132333
v 0.3031618 0.921604335 0.691008568
v 0.299171627 0.952548862 0.704784453
v 0.289881587 0.992218196 0.710775435
v 0.322172612 0.940922499 0.655109644
v 0.345192969 0.931813896 0.59051007
v 0.320865154 0.877009034 0.648338377
v 0.336956084 0.874552369 0.620020092
v 0.308049142 0.846045792 0.661832631
v 0.299833715 0.873122454 0.659724176
v 0.283466309 0.909681141 0.684485853
v 0.289500207 0.954100013 0.705376208
v 0.289881587 0.992218196 0.710775435
v 0.247142524 0.966701806 0.755244732
v 0.289500207 0.954100013 0.705376208
v 0.23988837 0.901143789 0.762342036
v 0.185557738 0.897031903 0.807981312
v 0.176674366 0.969051421 0.806028128
v 0.283466309 0.909681141 0.684485853
v 0.262631536 0.852432847 0.709225237
v 0.281645656 0.856892526 0.683030486
v 0.233245581 0.845044553 0.734113395
v 0.21185191 0.872844279 0.773997545
v 0.174743339 0.843777239 0.792288065
v 0.198089823 0.843441308 0.771626592
v 0.142218173 0.915536582 0.805507243
v 0.156380624 0.851722598 0.781779528
v 0.15387246 0.80929625 0.769437134
v 0.253102005 0.808759034 0.706701279
v 0.188490629 1.02370858 0.763640285
v 0.216279596 1.02855003 0.732584
v 0.166922331 1.02555573 0.775742948
v 0.138787732 1.02060282 0.791164219
v 0.163017765 1.04634094 0.773046196
v 0.136644498 0.947704911 0.814953566
v 0.251357645 1.06391633 0.696920514
v 0.26128009 1.11737835 0.67467773
v 0.0614806488 0.684709787 1.03220451
v 0.0370387919 0.753374457 1.02142906
v 0.0728170797 0.7573722 0.987737
v -0 0.754380405 1.0341531
v -0 0.724038899 1.05543828
v -0 0.680439889 1.07690454
v 0.0872817114 0.667117894 1.00568247
v 0.1158427 0.739305794 0.947180867
v 0.044068478 0.627274394 1.06830716
v -0 0.624402881 1.08826768
v -0 0.605261803 1.08612704
v 0.0452653319 0.606181622 1.06560409
v 0.093972005 0.835896611 0.924229622
v 0.109604374 0.839228928 0.905212104
v 0.116062336 0.898926437 0.872511804
v 0.066898495 0.543490648 0.846389532
v 0.0997672379 0.6101017 0.932485402
v 0.132423013 0.692562997 0.877719462
v 0.0857000649 0.639388025 0.799651682
v 0.0788541585 0.541146696 0.990993857
v 0.0578760318 0.473297477 0.905919611
v 0.0517703518 0.420498788 0.96725136
v 0.0793832988 0.478233635 1.04172623
v 0.061633274 0.425003201 1.091308
v 0.0440520458 0.377692014 1.03123081
v -0 0.359131992 1.01224649
v -0 0.399072945 0.947831035
v -0 0.446943581 0.882961035
v -0 0.515117049 0.818232656
v 0.0464944355 0.529807329 1.10694695
v 0.0292176008 0.468743414 1.1420275
v -0 0.544278085 1.12446392
v -0 0.480717152 1.15430701
v 0.0432050154 0.345289975 1.07764518
v -0 0.327161163 1.06424713
v 0.038139075 0.297252506 1.15453959
v -0 0.284125507 1.14072835
v 0.0633251593 0.338054508 1.20297229
v 0.0648100898 0.395359486 1.12777817
v 0.0348170996 0.447908849 1.17977822
v 0.0387468934 0.37980324 1.2548641
v -0 0.390519559 1.27726662
v -0 0.459611952 1.19716144
v -0 0.313957423 1.33769989
v 0.0325591564 0.306698173 1.31809044
v 0.0582725406 0.279302329 1.26697373
v 0.0306295007 0.247540712 1.21833992
v -0 0.237861082 1.20455253
v -0 0.270159125 1.3620156
v 0.0274927877 0.271253854 1.34298348
v 0.0224002209 0.230974913 1.37401116
v -0 0.231220245 1.39453518
v 0.0324614756 0.231180191 1.35566521
v 0.0235308334 0.211117983 1.39498305
v -0 0.213747442 1.41072965
v 0.0327605605 0.209801897 1.37628579
v 0.052694425 0.211274803 1.35352588
v 0.0548705272 0.251132876 1.29266965
v 0.0530054718 0.221593648 1.31484878
v 0.0278769303 0.222983181 1.24337721
v 0.03275121 0.195810825 1.26345706
v -0 0.182373881 1.24972498
v -0 0.214559421 1.22898388
v 0.0543635599 0.199587747 1.3055377
v -0 0.162351847 1.25508797
v 0.0341130719 0.176213607 1.26719332
v 0.142218173 0.915536582 0.805507243
v 0.156380624 0.851722598 0.781779528
v 0.145447552 0.851139188 0.812231779
v 0.116062336 0.898926437 0.872511804
v 0.136644498 0.947704911 0.814953566
v 0.109604374 0.839228928 0.905212104
v 0.143572018 0.780282259 0.837638319
v 0.1158427 0.739305794 0.947180867
v 0.0872817114 0.667117894 1.00568247
v 0.0452653319 0.606181622 1.06560409
v 0.153815433 0.783277333 0.730241895
v 0.21185191 0.872844279 0.773997545
v 0.112050854 0.717318773 0.760161579
v 0.106451429 0.743872523 0.701366484
v 0.0840794444 0.713719487 0.713566422
v 0.134424686 0.774091482 0.679977119
v 0.222367972 0.862140357 0.719243705
v 0.283466309 0.909681141 0.684485853
v 0.0916838273 0.752515554 0.688848376
v 0.0693712682 0.723142624 0.700803518
v 0.119946808 0.778762698 0.665970445
v 0.163435131 0.794064641 0.634640515
v 0.150206134 0.791567981 0.635545552
v 0.199218586 0.83001858 0.679778457
v 0.258704573 0.863605857 0.644615531
v 0.213011235 0.824414492 0.611621559
v 0.345192969 0.931813896 0.59051007
v 0.298911363 0.929647863 0.559784174
v 0.373501301 0.946777701 0.520593703
v 0.312471628 1.07322574 0.506379545
v 0.301386952 0.868286669 0.546523154
v 0.311795801 0.883601665 0.465945512
v 0.356706291 0.881953716 0.420937061
v 0.290735304 0.793326795 0.45415327
v 0.330861509 1.0731225 0.435516477
v 0.137680143 0.783285499 0.643501043
v 0.111793928 0.786936462 0.665479124
v 0.0867676809 0.764340103 0.687296152
v 0.0625959411 0.737619698 0.703270257
v 0.0329906344 0.715537608 0.715692222
v 0.0342852138 0.698622406 0.71179688
v -0 0.702842057 0.712442994
v -0 0.684551597 0.711548626
v 0.0379607342 0.679464579 0.726060748
v -0 0.667033732 0.72542274
v -0 0.600376964 0.766283095
v 0.166922331 1.02555573 0.775742948
v 0.180468872 1.07145298 0.756622553
v 0.192076772 1.03216314 0.749416769
v 0.188490629 1.02370858 0.763640285
v 0.163017765 1.04634094 0.773046196
v 0.223634243 1.05687356 0.712598383
v 0.216279596 1.02855003 0.732584
v 0.251357645 1.06391633 0.696920514
v 0.201400682 1.10459399 0.735517383
v 0.170730442 1.08414066 0.770780802
v 0.194719046 1.14120293 0.747656703
v 0.231063798 1.14721847 0.697313368
v 0.225442231 1.18690217 0.704295993
v 0.26890415 1.17588401 0.657459795
v 0.26128009 1.11737835 0.67467773
v 0.29120478 1.13630283 0.645168126
v 0.235697165 1.10475588 0.693241656
v 0.314765513 1.25350225 0.515040457
v 0.309546649 1.19129431 0.4794375
v 0.365662903 1.19866395 0.361435264
v 0.290444672 1.22351098 0.547720313
v 0.244985893 1.2383039 0.653845727
v 0.224086642 1.14340007 -0.143126264
v 0.242646158 1.16166055 -0.109958738
v 0.248544052 1.19093108 -0.106423624
v 0.203801379 1.14530027 -0.166106597
v 0.197856396 1.18234146 -0.1330304
v 0.280261427 1.2388736 -0.062745221
v 0.315695047 1.23060822 -0.0305025857
v 0.319256276 1.25192153 -0.0307723153
v 0.275502622 1.16268754 -0.0982377529
v 0.286402553 1.32248414 0.0249939095
v 0.245577499 1.15218651 -0.12347471
v 0.242646158 1.16166055 -0.109958738
v 0.197162315 1.28902459 -0.0666397437
v 0.182975695 1.3694346 -0.000205553166
v 0.194962874 1.4050982 0.0536310263
v 0.116440468 1.41127253 -0.0123876091
v 0.110539898 1.33001328 -0.0788571611
v 0.0936933905 1.25532484 -0.136310413
v 0.150048405 1.22645521 -0.135768414
v 0.248633564 1.37939298 0.0972075462
v 0.300897062 1.33208895 0.0893247202
v 0.328944892 1.28864956 0.0473962538
v 0.344168931 1.24001539 -0.00903178286
v 0.340541899 1.2148385 -0.0566814467
v 0.190521926 1.44229555 0.125317961
v 0.108220734 1.19010651 -0.195482343
v 0.135186568 1.1512897 -0.188112095
v 0.064943321 1.15145433 -0.238194808
v 0.0805718675 1.19316709 -0.187930778
v 0.162361294 1.14240634 -0.182869703
v 0.17621173 1.12421215 -0.176424652
v 0.129145458 1.1030829 -0.211938262
v 0.0288448185 0.744946659 -0.65040952
v 0.0517363548 0.823071897 -0.567459643
v -0 0.830402792 -0.598594904
v -0 0.777938128 -0.655600965
v 0.040609397 0.850853562 -0.540850818
v -0 0.867181063 -0.541927159
v 0.0283801071 0.896231949 -0.496579587
v 0.068257004 0.812786818 -0.566813648
v 0.0711752325 0.834980249 -0.538187146
v 0.06375736 0.878508329 -0.484079301
v 0.0647335127 0.907175243 -0.443298817
v 0.0666521043 0.931502819 -0.410822868
v -0 0.917300522 -0.515514135
v -0 0.954451978 -0.454265922
v -0 0.866853535 -0.554393709
v 0.049069982 0.97726649 -0.380000949
v -0 0.991771996 -0.378972173
v 0.0938655362 0.997507393 -0.320139766
v 0.0531274937 1.02553761 -0.332379341
v 0.110140324 1.04220593 -0.282604814
v 0.100227535 1.07683027 -0.255901873
v 0.0836207494 0.963331223 -0.367774308
v 0.0708583072 0.933430314 -0.426642895
v -0 1.04020894 -0.336887687
v -0 1.01201844 -0.412972182
v 0.0399091281 1.11861062 -0.263518363
v -0 1.11801231 -0.283517897
v 0.135186568 1.1512897 -0.188112095
v 0.0805718675 1.19316709 -0.187930778
v -0 1.21898103 -0.208738133
v -0 1.14742875 -0.285292625
v -0 1.12609398 -0.367177486
v -0 1.26222193 -0.17538093
v 0.135058999 1.09248602 -0.208080783
v 0.17621173 1.12421215 -0.176424652
v 0.126786813 1.06075788 -0.255126536
v 0.118349999 1.06014574 -0.257684469
v 0.110140324 1.04220593 -0.282604814
v 0.0990390778 1.04973876 -0.284790635
v 0.0407461934 1.28370667 -0.139665723
v 0.0936933905 1.25532484 -0.136310413
v 0.0846455768 1.34558499 -0.0812536776
v 0.110539898 1.33001328 -0.0788571611
v 0.116440468 1.41127253 -0.0123876091
v -0 0.867181063 -0.541927159
v 0.0283801071 0.896231949 -0.496579587
v -0 0.866853535 -0.554393709
v -0 1.60483789 0.299125642
v -0 1.58376944 0.237411365
v 0.0459929183 1.56795752 0.238735035
v 0.0721226931 1.56698167 0.322103649
v 0.0273252595 1.56759036 0.161620006
v -0 1.57931411 0.165077835
v -0 1.58804154 0.083586663
v -0 1.6089077 0.356215805
v -0 1.59247947 0.409602314
v 0.0618512817 1.54929078 0.421156824
v -0 1.5785861 0.434030175
v 0.156454861 1.49662733 0.233299658
v 0.101510644 1.50636077 0.149968117
v -0 1.54270875 0.174472213
v 0.227128327 1.44687355 0.15593119
v 0.235023737 1.41787279 0.18390581
v 0.170348883 1.47083056 0.24356924
v 0.190521926 1.44229555 0.125317961
v 0.152604312 1.44725668 0.0616114587
v 0.139180884 1.50186336 0.300308079
v 0.272372633 1.38601637 0.115494981
v 0.276596785 1.37195325 0.135567531
v 0.311909854 1.34085155 0.104787745
v 0.313020438 1.35545123 0.0900512114
v 0.344227552 1.34917712 0.0789392367
v 0.248633564 1.37939298 0.0972075462
v 0.313020438 1.35545123 0.0900512114
v 0.303429455 1.34179032 0.0846999139
v 0.344227552 1.34917712 0.0789392367
v 0.194962874 1.4050982 0.0536310263
v 0.182975695 1.3694346 -0.000205553166
v 0.152038425 1.40341353 -0.00492483191
v 0.160620004 1.33726239 -0.0455178283
v 0.144305184 1.35760391 -0.0592351854
v 0.118559688 1.32788861 -0.101082273
v 0.119949557 1.36878157 -0.0534012541
v 0.116440468 1.41127253 -0.0123876091
v 0.103904054 1.47511315 0.0636145845
v -0 1.52897477 0.0912693292
v 0.0756335631 1.46692562 -0.00440079579
v 0.0939849615 1.44349909 0.00195995555
v 0.0409363396 1.43862379 -0.105177917
v 0.0431009084 1.46934915 -0.00187044055
v -0 1.49251306 -0.0224499609
v -0 1.47357738 -0.12660782
v 0.110856734 1.52000761 0.369309336
v 0.0647335127 0.907175243 -0.443298817
v 0.06375736 0.878508329 -0.484079301
v 0.101178609 0.891915977 -0.438220054
v 0.115353689 0.858900666 -0.481217533
v 0.0711752325 0.834980249 -0.538187146
v 0.140351728 0.888999104 -0.425520957
v 0.212139904 0.839018106 -0.443608344
v 0.164241821 0.903116047 -0.403652489
v 0.201488987 0.940998077 -0.320989907
v 0.253686935 0.895800471 -0.309714079
v 0.295621812 0.73122716 -0.377498835
v 0.295454979 0.771816611 -0.266193181
v 0.321948171 0.814846873 -0.151464626
v 0.283698052 0.946719348 -0.207123145
v 0.232497826 0.999891937 -0.224824712
v 0.224031046 0.770680308 -0.549783528
v 0.135747433 0.796086609 -0.571827412
v 0.068257004 0.812786818 -0.566813648
v 0.116689049 0.730786443 -0.641991436
v 0.0517363548 0.823071897 -0.567459643
v 0.0288448185 0.744946659 -0.65040952
v 0.190445006 0.70398277 -0.630406797
v 0.289752215 0.727923274 -0.53638047
v 0.333110034 0.704325914 -0.431147695
v 0.360228479 0.605275214 -0.359786481
v 0.286705077 0.609980702 -0.300131261
v 0.369284391 0.585820317 -0.488498867
v 0.366518289 0.470688999 -0.272828698
v 0.389734417 0.458070904 -0.431210726
v 0.283090264 0.548706353 -0.606283367
v 0.298537493 0.436932594 -0.566313744
v 0.200327978 0.430076599 -0.589854658
v 0.17817916 0.536470234 -0.644024789
v 0.0880967602 0.525490701 -0.652482212
v 0.109827831 0.452623129 -0.60437119
v 0.393240362 0.36732474 -0.401941031
v 0.304808199 0.354635775 -0.535856009
v 0.215543896 0.344175786 -0.540673375
v 0.330671757 0.676365852 -0.518658817
v 0.255768269 0.644092441 -0.619667113
v 0.385394365 0.308841079 -0.414737284
v 0.303508878 0.306665331 -0.53772831
v 0.217154458 0.303530842 -0.536972404
v 0.375602871 0.25879845 -0.447573513
v 0.304554045 0.262980193 -0.555645943
v 0.218637958 0.263674617 -0.546317816
v 0.160597801 0.259142518 -0.427732408
v 0.150895774 0.303422242 -0.396382868
v 0.385921627 0.195636377 -0.515360892
v 0.306227565 0.201289758 -0.626565814
v 0.214532658 0.198481187 -0.615560889
v 0.155470982 0.193624124 -0.47971049
v 0.205994904 0.131221145 -0.652883291
v 0.299691617 0.130060598 -0.666420639
v 0.26673764 0.0857061371 -0.679411769
v 0.356736243 0.074469462 -0.672109306
v 0.351775914 0.0921954066 -0.652898848
v 0.380952835 0.136276096 -0.605300367
v 0.395154327 0.0822307765 -0.620967805
v 0.4068183 0.101408564 -0.53855741
v 0.152873352 0.132066414 -0.595935941
v 0.160596162 0.0883469731 -0.626210988
v 0.138186991 0.0815873444 -0.611098945
v 0.126672089 0.0943098441 -0.550804794
v 0.130392313 0.132883325 -0.507225037
v 0.104340591 0.071621798 -0.532250226
v 0.122537374 0.100968756 -0.469896525
v 0.2006253 0.0784405619 -0.670381904
v 0.246640235 0.0711366385 -0.680425346
v 0.402892232 0.123302229 -0.507106185
v 0.421985149 0.0623738989 -0.541788101
v 0.412558347 0.0988917053 -0.456867427
v 0.391607076 0.131737307 -0.421266764
v 0.421292633 0.0648383871 -0.455313712
v 0.371402949 0.0919506326 -0.379007757
v 0.348197848 0.132353306 -0.379059523
v 0.354933321 0.190840662 -0.373197883
v 0.284593225 0.12718381 -0.354596317
v 0.371502221 0.0842960998 -0.339431345
v 0.290035367 0.100449987 -0.349491954
v 0.282156944 0.177140877 -0.335901201
v 0.280706882 0.241414011 -0.249604627
v 0.355978996 0.249568298 -0.299300641
v 0.28261292 0.290885448 -0.19390808
v 0.361992568 0.301711887 -0.249828175
v 0.285789192 0.368618995 -0.179161102
v 0.365653902 0.372784644 -0.23428905
v 0.290252149 0.471308351 -0.218585864
v 0.22349228 0.486794233 -0.277873784
v 0.203613043 0.357225478 -0.23795633
v 0.150832981 0.409293294 -0.386203647
v 0.147358209 0.344178855 -0.384522885
v 0.197799712 0.285255164 -0.246948183
v 0.150895774 0.303422242 -0.396382868
v 0.200185314 0.24109225 -0.289463282
v 0.160597801 0.259142518 -0.427732408
v 0.155470982 0.193624124 -0.47971049
v 0.206348225 0.179125711 -0.372292131
v 0.286886126 0.637578845 -0.223674268
v 0.247844771 0.530568779 -0.202245459
v 0.150176212 0.132429257 -0.426204294
v 0.217031926 0.127972513 -0.364403158
v 0.172157735 0.104407445 -0.385356158
v 0.128136382 0.0896927416 -0.414295763
v 0.122537374 0.100968756 -0.469896525
v 0.130392313 0.132883325 -0.507225037
v 0.210769758 0.0838647187 -0.34087038
v 0.266169816 0.553848922 -0.0616604798
v 0.173733905 0.41970405 -0.190243617
v 0.200830266 0.444749683 -0.0497104824
v 0.221470222 0.487287372 0.102182746
v 0.275362432 0.581585705 0.0513847284
v 0.329002291 0.715335727 -0.00330676395
v 0.305805892 0.679214895 -0.098871693
v 0.368092328 0.82462436 -0.0208055563
v 0.367792696 0.893531501 -0.0643110797
v 0.286732942 0.638867795 0.147503331
v 0.311463058 0.651095331 0.0621512681
v 0.414704651 0.822766483 -0.00539328018
v 0.424194932 0.827615499 0.0467180386
v 0.391371459 0.786704719 0.00613556476
v 0.394248992 0.765973091 -0.0526938364
v 0.394248992 0.765973091 -0.0526938364
v 0.373227507 0.717303395 0.0136280823
v 0.329002291 0.715335727 -0.00330676395
v 0.315876901 0.649071574 0.0268390607
v 0.336559474 0.64939183 0.0360193998
v 0.350251228 0.653829694 0.0564412661
v 0.368092328 0.82462436 -0.0208055563
v 0.317386568 0.604543209 0.0638278201
v 0.321188539 0.607712448 0.0946358219
v 0.297484994 0.576881409 0.146213248
v 0.299999088 0.61705178 0.0952304155
v 0.311463058 0.651095331 0.0621512681
v 0.286732942 0.638867795 0.147503331
v 0.12223462 0.376487106 0.105426401
v 0.0548876561 0.358985424 0.186109364
v 0.059175346 0.345140606 0.0829983503
v 0.116418734 0.35828644 -0.0536669642
v -0 0.296065181 0.0923737586
v -0 0.340039372 0.184631214
v -0 0.342205882 0.0667936578
v 0.0156862419 0.31598717 0.0178540386
v 0.0373937637 0.297320724 -0.0288981199
v 0.0543049239 0.330185533 -0.0121812942
v 0.0543049239 0.330185533 -0.0121812942
v 0.0727979094 0.31929484 -0.0827257335
v 0.0526645258 0.330750048 -0.103855334
v 0.0543049239 0.330185533 -0.0121812942
v 0.0290277395 0.31260246 -0.0543222651
v -0 0.309330732 -0.0537818223
v -0 0.294391811 -0.104942031
v -0 0.318393141 -0.108977117
v -0 0.326112598 -0.0154289315
v 0.103016704 0.358869165 -0.186650768
v 0.0377115756 0.331369311 -0.160312191
v -0 0.326929301 -0.134162769
v -0 0.308199733 -0.185657591
v -0 0.32734108 -0.211368293
v -0 0.335204065 -0.28984496
v 0.0568910874 0.347173005 -0.290818095
v 0.0839236602 0.323782414 -0.320966482
v 0.127083257 0.382095933 -0.290013909
v 0.0324506015 0.34395346 -0.391464263
v -0 0.334477991 -0.331474513
v 0.150832981 0.409293294 -0.386203647
v 0.112624317 0.374174863 -0.389976233
v 0.0935967118 0.363480508 -0.289375544
v -0 1.26222193 -0.17538093
v 0.045116663 1.29430616 -0.160632059
v -0 1.26389277 -0.253459424
v 0.0407461934 1.28370667 -0.139665723
v 0.0846455768 1.34558499 -0.0812536776
v -0 1.39562798 -0.0846766084
v 0.0431009084 1.46934915 -0.00187044055
v -0 1.44833481 -0.0152500961
v 0.0939849615 1.44349909 0.00195995555
v 0.116440468 1.41127253 -0.0123876091
v 0.103904054 1.47511315 0.0636145845
v -0 1.31775296 -0.169381902
v -0 1.26389277 -0.253459424
v 0.0273252595 1.56759036 0.161620006
v -0 1.58804154 0.083586663
v -0 1.54270875 0.174472213
v 0.0459929183 1.56795752 0.238735035
v -0 0.700731874 0.69451946
v -0 0.682689786 0.627983868
v 0.0328235961 0.686942101 0.636308551
v 0.0339613631 0.704116106 0.699608624
v 0.047639396 0.714163184 0.50872308
v 0.0863184035 0.713649452 0.625250995
v 0.123465382 0.743456423 0.591200709
v 0.100743942 0.745375812 0.680116415
v 0.0656630471 0.726125598 0.696409523
v 0.128362954 0.760390103 0.657307446
v -0 0.70626533 0.502702296
v 0.0467509255 0.768408895 0.476900727
v 0.121967122 0.786400974 0.512871444
v -0 0.761409283 0.478594393
v 0.0484836772 0.809739947 0.519300997
v -0 0.800131738 0.517638385
v 0.0411569402 0.763245523 0.655629814
v -0 0.753938437 0.650182307
v -0 0.702842057 0.712442994
v 0.0329906344 0.715537608 0.715692222
v 0.139622375 0.788338661 0.597446203
v 0.139622375 0.788338661 0.597446203
v 0.137680143 0.783285499 0.643501043
v 0.100279957 0.797779381 0.630795658
v 0.137680143 0.783285499 0.643501043
v 0.111793928 0.786936462 0.665479124
v 0.0867676809 0.764340103 0.687296152
v 0.0625959411 0.737619698 0.703270257
v -0 0.631893992 0.663476765
v 0.0515589267 0.626288533 0.651819587
v -0 0.598604977 0.675705552
v -0 0.536660731 0.669781625
v 0.0527696498 0.548178077 0.631320775
v 0.0424833558 0.508095086 0.61410749
v -0 0.492945552 0.64588064
v 0.0182848219 0.443617553 0.62991029
v -0 0.482703686 0.599197924
v -0 0.438452303 0.620554209
v -0 0.445422739 0.639823377
v -0 0.423716813 0.659571588
v -0 0.423716813 0.659571588
v 0.132400319 0.545755327 0.56908077
v 0.142132536 0.652446747 0.615580261
v 0.169756696 0.565920234 0.577833116
v 0.223046184 0.669519961 0.5440014
v 0.210894585 0.601550221 0.517495334
v 0.246796146 0.588267505 0.479592353
v 0.273240894 0.651046038 0.516459465
v 0.27619499 0.669951141 0.472922206
v 0.200629652 0.767148256 0.606164396
v 0.314550608 0.729605079 0.523491919
v 0.213011235 0.824414492 0.611621559
v 0.301386952 0.868286669 0.546523154
v 0.163435131 0.794064641 0.634640515
v 0.349368721 0.747031689 0.505161524
v 0.311795801 0.883601665 0.465945512
v 0.303640783 0.675736547 0.503421783
v 0.295270026 0.643697858 0.498618215
v 0.276864231 0.609795034 0.492357939
v 0.276864231 0.609795034 0.492357939
v 0.206978679 0.553716123 0.480568945
v 0.223662302 0.549405336 0.466778666
v 0.227686837 0.591747582 0.444368273
v 0.195898354 0.522543311 0.457571566
v 0.195898354 0.522543311 0.457571566
v 0.328980714 0.645644069 0.503631771
v 0.246208191 0.686899841 0.434285283
v 0.268828094 0.736183763 0.442656398
v 0.290735304 0.793326795 0.45415327
v 0.303640783 0.675736547 0.503421783
v 0.329494864 0.756613553 0.473461777
v 0.311795801 0.883601665 0.465945512
v 0.295270026 0.643697858 0.498618215
v 0.276864231 0.609795034 0.492357939
v 0.350258887 0.669273913 0.4930273
v 0.328980714 0.645644069 0.503631771
v 0.387769729 0.636379123 0.491924971
v 0.360065222 0.663704515 0.508364975
v 0.387769729 0.636379123 0.491924971
v 0.349368721 0.747031689 0.505161524
v 0.345677793 0.657337546 0.515251577
v 0.387769729 0.636379123 0.491924971
v 0.360065222 0.663704515 0.508364975
v 0.212178767 0.531928718 0.41612646
v 0.196089059 0.462182999 0.40108192
v 0.140787274 0.478389144 0.481646955
v 0.172527194 0.41739729 0.392691046
v 0.137759984 0.412575215 0.403827995
v 0.206481516 0.533063352 0.390344918
v 0.227686837 0.591747582 0.444368273
v 0.222116545 0.575487673 0.429113448
v 0.246208191 0.686899841 0.434285283
v 0.202647701 0.560461164 0.47388956
v 0.181955755 0.554386735 0.496995121
v 0.210894585 0.601550221 0.517495334
v 0.147195682 0.356090158 0.393576205
v 0.0842868611 0.398082733 0.453790933
v 0.0731514022 0.439635605 0.510146916
v -0 0.389994651 0.479455292
v 0.0323054269 0.465896368 0.56072396
v -0 0.424781322 0.524242878
v -0 0.383638293 0.499894142
v 0.0316706225 0.388325036 0.4888179
v -0 0.345101148 0.489041388
v 0.0735007524 0.36111176 0.403884828
v -0 0.342221022 0.40907836
v 0.031151304 0.333919585 0.377184093
v 0.0978205726 0.361046374 0.386633456
v 0.0571413375 0.325870425 0.381177962
v 0.0563589334 0.343981773 0.378409028
v -0 0.309361368 0.378596306
v -0 0.482703686 0.599197924
v -0 0.449859381 0.583358765
v -0 0.416955709 0.539506495
v 0.0127119645 0.424235463 0.533020794
v -0 0.395380318 0.524939418
v 0.145633668 0.524070442 0.531970084
v 0.172521219 0.517449379 0.521969557
v 0.124997154 0.513770342 0.546410561
v 0.147455826 0.508921325 0.555524409
v 0.108920664 0.475395799 0.522475541
v 0.172521219 0.517449379 0.521969557
v 0.0748463795 0.363798827 0.365926117
v 0.0571413375 0.325870425 0.381177962
v 0.0978205726 0.361046374 0.386633456
v 0.0563589334 0.343981773 0.378409028
v 0.031151304 0.333919585 0.377184093
v 0.137759984 0.412575215 0.403827995
v 0.0692793131 0.357592016 0.321931005
v -0 0.352115482 0.316878647
v 0.06967628 0.340297461 0.230265647
v 0.0334883779 0.355091989 0.29345268
v -0 0.309361368 0.378596306
v 0.0660840124 0.372959048 0.245366186
v 0.0660840124 0.372959048 0.245366186
v 0.165105775 0.409194708 0.377760947
v 0.172527194 0.41739729 0.392691046
v 0.196089059 0.462182999 0.40108192
v 0.206481516 0.533063352 0.390344918
v 0.147195682 0.356090158 0.393576205
v 0.137759984 0.412575215 0.403827995
v 0.165105775 0.409194708 0.377760947
v 0.175796658 0.471235424 0.335937679
v 0.147195682 0.356090158 0.393576205
v 0.212949559 0.588169217 0.275596946
v 0.200733677 0.545423508 0.276366502
v 0.206481516 0.533063352 0.390344918
v 0.222116545 0.575487673 0.429113448
v 0.0334883779 0.355091989 0.29345268
v 0.06967628 0.340297461 0.230265647
v 0.0660840124 0.372959048 0.245366186
v -0 0.315985173 -0.444552034
v 0.0324506015 0.34395346 -0.391464263
v -0 0.348888934 -0.450253129
v -0 0.334477991 -0.331474513
v 0.112624317 0.374174863 -0.389976233
v 0.145222217 0.400087893 -0.465614259
v 0.150832981 0.409293294 -0.386203647
v -0 0.381691724 -0.540911078
v 0.131285891 0.412425667 -0.534942806
v -0 0.444580615 -0.61760509
v 0.153190807 0.402616113 -0.545616925
v 0.163902238 0.347052366 -0.476168782
v 0.145222217 0.400087893 -0.465614259
v 0.150832981 0.409293294 -0.386203647
v 0.147358209 0.344178855 -0.384522885
v -0 0.535309494 -0.662979126
v -0 0.642812431 -0.672706425
v 0.0926363766 0.636074841 -0.668350995
v 0.167869717 0.628884852 -0.658010602
v -0 0.697589576 -0.664269328
v 0.0839236602 0.323782414 -0.320966482
v 0.0935967118 0.363480508 -0.289375544
v 0.0568910874 0.347173005 -0.290818095
v 0.127083257 0.382095933 -0.290013909
v 0.324719876 0.31020987 0.118942857
v 0.325092733 0.264727533 0.114121027
v 0.44697693 0.267847151 0.207770973
v 0.438866884 0.311332703 0.21053125
v 0.182830766 0.314304471 0.23323226
v 0.168551326 0.267043918 0.230782643
v 0.444072098 0.265934438 0.333032995
v 0.438973188 0.305650324 0.338037014
v 0.331564665 0.303116024 0.422175825
v 0.329163283 0.267807454 0.416167051
v 0.218925476 0.302546054 0.38803646
v 0.2107476 0.262369096 0.385467947
v 0.168551326 0.267043918 0.230782643
v 0.182830766 0.314304471 0.23323226
v 0.458752096 0.188955128 0.336187124
v 0.326782644 0.191147551 0.427153587
v 0.191206276 0.183219984 0.39208588
v 0.135000527 0.180058792 0.224239781
v 0.46743843 0.188983396 0.178734168
v 0.479302883 0.109447353 0.269560039
v 0.498167843 0.100511946 0.201601043
v 0.447139233 0.110179342 0.159237832
v 0.128295079 0.10818918 0.309090167
v 0.116197594 0.0793012232 0.210280284
v 0.150228664 0.0967308581 0.179704279
v 0.368826747 0.12620616 0.41957745
v 0.426063389 0.110741802 0.416217476
v 0.448529661 0.112831049 0.352985233
v 0.326137662 0.0986456648 0.46466741
v 0.286660939 0.13220799 0.436070204
v 0.215734363 0.111688703 0.442621678
v 0.178842127 0.115483962 0.391733497
v 0.430665851 0.100416087 0.0983513892
v 0.371896863 0.115977168 0.102687448
v 0.321075708 0.182910785 0.103752732
v 0.300255388 0.0850628838 0.056550473
v 0.252880543 0.122421481 0.099395819
v 0.202073097 0.178966686 0.15451768
v 0.165358737 0.073615171 0.120134681
v 0.150228664 0.0967308581 0.179704279
v 0.135000527 0.180058792 0.224239781
v 0.107741356 0.0814728811 0.323431492
v 0.379214853 1.2704916 0.328645319
v 0.365662903 1.19866395 0.361435264
v 0.370948106 1.22219658 0.367160529
v -0 1.44833481 -0.0152500961
v 0.0431009084 1.46934915 -0.00187044055
v -0 1.47357738 -0.12660782
v 0.0327605605 0.209801897 1.37628579
v 0.052694425 0.211274803 1.35352588
v -0 0.194499508 1.38914275
v 0.0543635599 0.199587747 1.3055377
v -0 0.175846189 1.31207657
v 0.0341130719 0.176213607 1.26719332
v 0.0235308334 0.211117983 1.39498305
v -0 0.213747442 1.41072965
v -0 0.162351847 1.25508797
v 0.0365199633 0.801875055 -0.926107705
v 0.0672019273 0.989094853 -0.993957639
v 0.0189033467 0.892991781 -0.87948209
v 0.0352447666 0.719637156 -0.835274696
v -0 0.77965951 -0.694771886
v 0.0391260684 0.76576674 -0.739785612
v 0.0288448185 0.744946659 -0.65040952
v -0 0.777938128 -0.655600965
v -0 0.697589576 -0.664269328
v -0 0.690598607 -0.699314177
v -0 0.895469248 -0.702762425
v -0 0.947247803 -0.721829832
v -0 0.636643708 -0.747653842
v 0.041958414 0.951063812 -0.835107625
v -0 1.01350892 -0.79381001
v -0 1.10650802 -0.884203851
v 0.0292238705 1.07471025 -0.917275667
v -0 1.28344572 -0.975405693
v -0 1.05058742 -0.958099127
v 0.0189033467 0.892991781 -0.87948209
v 0.0720279515 0.849210441 -0.88555342
v 0.0672019273 0.989094853 -0.993957639
v 0.0672019273 0.989094853 -0.993957639
v 0.0365199633 0.801875055 -0.926107705
v 0.0352447666 0.719637156 -0.835274696
v 0.0464465357 0.673350334 -0.832360506
v 0.0537564829 0.732908785 -0.94167316
v -0 0.618967175 -0.840607405
v 0.0399091281 1.11861062 -0.263518363
v -0 1.12609398 -0.367177486
v -0 1.11801231 -0.283517897
v 0.250151604 1.0479151 -0.16381903
v 0.253974766 1.08544147 -0.127063006
v 0.156380624 0.851722598 0.781779528
v 0.198089823 0.843441308 0.771626592
v 0.21185191 0.872844279 0.773997545
v 0.15387246 0.80929625 0.769437134
v 0.21185191 0.872844279 0.773997545
v 0.233245581 0.845044553 0.734113395
v 0.281645656 0.856892526 0.683030486
v 0.283466309 0.909681141 0.684485853
v 0.253102005 0.808759034 0.706701279
v 0.299833715 0.873122454 0.659724176
v 0.308049142 0.846045792 0.661832631
v 0.336956084 0.874552369 0.620020092
v 0.283466309 0.909681141 0.684485853
v 0.345192969 0.931813896 0.59051007
v 0.363638908 0.902975798 0.537962377
v 0.355472177 0.897922814 0.558783352
v 0.364301354 0.942800105 0.56215024
v 0.336669683 0.8917256 0.570221603
v 0.331267774 0.853627861 0.574169815
v 0.363638908 0.902975798 0.537962377
v 0.373501301 0.946777701 0.520593703
v 0.345192969 0.931813896 0.59051007
v 0.336669683 0.8917256 0.570221603
v 0.331267774 0.853627861 0.574169815
v 0.300897062 1.33208895 0.0893247202
v 0.344227552 1.34917712 0.0789392367
v 0.303429455 1.34179032 0.0846999139
v 0.248633564 1.37939298 0.0972075462
v 0.0939849615 1.44349909 0.00195995555
v 0.0409363396 1.43862379 -0.105177917
v 0.0431009084 1.46934915 -0.00187044055
v 0.135186568 1.1512897 -0.188112095
v 0.064943321 1.15145433 -0.238194808
v 0.0805718675 1.19316709 -0.187930778
v -0 0.605261803 1.08612704
v 0.224086642 1.14340007 -0.143126264
v 0.203801379 1.14530027 -0.166106597
v 0.197856396 1.18234146 -0.1330304
v 0.160620004 1.33726239 -0.0455178283
v 0.118559688 1.32788861 -0.101082273
v 0.119949557 1.36878157 -0.0534012541
v 0.182975695 1.3694346 -0.000205553166
v 0.116440468 1.41127253 -0.0123876091
v -0 0.424781322 0.524242878
v 0.0127119645 0.424235463 0.533020794
v 0.0323054269 0.465896368 0.56072396
v -0 0.395380318 0.524939418
v 0.312471628 1.07322574 0.506379545
v 0.348978519 0.987866879 0.498970121
v 0.372598559 0.991773486 0.497935891
v 0.356562257 1.03531349 0.503969789
v 0.339448094 1.12165284 0.520974398
v 0.417184472 0.937547147 0.485065877
v 0.373501301 0.946777701 0.520593703
v 0.348978519 0.987866879 0.498970121
v 0.312471628 1.07322574 0.506379545
v 0.373501301 0.946777701 0.520593703
v 0.394248992 0.765973091 -0.0526938364
v 0.368092328 0.82462436 -0.0208055563
v 0.391371459 0.786704719 0.00613556476
v 0.344227552 1.34917712 0.0789392367
v 0.300897062 1.33208895 0.0893247202
v 0.311909854 1.34085155 0.104787745
v 0.276596785 1.37195325 0.135567531
v -0 0.631950378 0.70320648
v -0 0.635574162 0.731096029
v 0.0395070016 0.653734088 0.728079975
v 0.0374594517 0.645561039 0.69938904
v 0.0357425287 0.695780456 0.716954172
v -0 0.69020927 0.714919806
v 0.0408169106 0.651422083 0.673415661
v -0 0.638143718 0.6805529
v -0 0.631893992 0.663476765
v 0.0825148672 0.696331859 0.713179469
v 0.0735364705 0.720822632 0.709593415
v 0.105806224 0.733019531 0.696850061
v 0.0945954844 0.709516346 0.683502555
v 0.101146698 0.750433743 0.694913685
v 0.131411701 0.768252373 0.674954236
v 0.123811804 0.774981916 0.672212481
v 0.120915867 0.723651052 0.646162987
v 0.128362954 0.760390103 0.657307446
v 0.137680143 0.783285499 0.643501043
v 0.100743942 0.745375812 0.680116415
v 0.0656630471 0.726125598 0.696409523
v 0.0339613631 0.704116106 0.699608624
v -0 0.700731874 0.69451946
v 0.163435131 0.794064641 0.634640515
v 0.150206134 0.791567981 0.635545552
v -0 0.345101148 0.489041388
v 0.0316706225 0.388325036 0.4888179
v -0 0.389994651 0.479455292
v 0.0731514022 0.439635605 0.510146916
v 0.487031549 0.085457921 0.281895012
v 0.210894585 0.601550221 0.517495334
v 0.206978679 0.553716123 0.480568945
v 0.202647701 0.560461164 0.47388956
v 0.195898354 0.522543311 0.457571566
v 0.227686837 0.591747582 0.444368273
v 0.0735007524 0.36111176 0.403884828
v 0.0571413375 0.325870425 0.381177962
v 0.0563589334 0.343981773 0.378409028
v 0.3031618 0.921604335 0.691008568
v 0.306872636 0.956024468 0.691727757
v 0.299171627 0.952548862 0.704784453
v 0.315122664 1.00124836 0.681204736
v 0.289881587 0.992218196 0.710775435
v -0 0.657561839 -0.88051331
v 0.0537564829 0.732908785 -0.94167316
v 0.0352447666 0.719637156 -0.835274696
v -0 0.618967175 -0.840607405
v 0.124997154 0.513770342 0.546410561
v 0.108920664 0.475395799 0.522475541
v 0.129546568 0.517883599 0.523317039
v 0.172521219 0.517449379 0.521969557
v 0.132400319 0.545755327 0.56908077
v 0.145633668 0.524070442 0.531970084
v 0.315695047 1.23060822 -0.0305025857
v 0.340541899 1.2148385 -0.0566814467
v 0.319256276 1.25192153 -0.0307723153
v 0.344168931 1.24001539 -0.00903178286
v 0.275502622 1.16268754 -0.0982377529
v 0.245577499 1.15218651 -0.12347471
v 0.242646158 1.16166055 -0.109958738
v 0.406688988 1.19480598 0.0981492326
v 0.311463058 0.651095331 0.0621512681
v 0.315876901 0.649071574 0.0268390607
v 0.329002291 0.715335727 -0.00330676395
v 0.317386568 0.604543209 0.0638278201
v 0.317386568 0.604543209 0.0638278201
v 0.311463058 0.651095331 0.0621512681
v 0.350251228 0.653829694 0.0564412661
v 0.286732942 0.638867795 0.147503331
v 0.297484994 0.576881409 0.146213248
v 0.299999088 0.61705178 0.0952304155
v 0.311463058 0.651095331 0.0621512681
v 0.349706709 0.609943151 0.140716791
v 0.297484994 0.576881409 0.146213248
v 0.286732942 0.638867795 0.147503331
v -0 1.01201844 -0.412972182
v -0 0.991771996 -0.378972173
v 0.0531274937 1.02553761 -0.332379341
v 0.129145458 1.1030829 -0.211938262
v 0.135186568 1.1512897 -0.188112095
v 0.17621173 1.12421215 -0.176424652
v 0.0990390778 1.04973876 -0.284790635
v 0.100227535 1.07683027 -0.255901873
v 0.110140324 1.04220593 -0.282604814
v 0.0666521043 0.931502819 -0.410822868
v 0.0708583072 0.933430314 -0.426642895
v 0.049069982 0.97726649 -0.380000949
v 0.0836207494 0.963331223 -0.367774308
v 0.0708583072 0.933430314 -0.426642895
v 0.0666521043 0.931502819 -0.410822868
v -0 1.05058742 -0.958099127
v -0 1.04734027 -0.943777084
v 0.0189033467 0.892991781 -0.87948209
v 0.213636428 1.26167107 0.668590963
v 0.211083472 1.265432 0.684378862
v 0.219215125 1.25104976 0.675135195
v 0.532260597 0.596749723 0.328736693
v 0.523916423 0.573380649 0.350452751
v 0.172246262 0.0483545847 0.149769634
v 0.161729917 -0.00368738291 0.164541662
v 0.201960847 0.0068337121 0.168258682
v 0.147414297 0.0440380834 -0.607985973
v 0.13126263 0.0130209131 -0.607999623
v 0.179930434 0.00697562937 -0.600712717
v 0.0543049239 0.330185533 -0.0121812942
v -0 0.326112598 -0.0154289315
v -0 0.342205882 0.0667936578
v 0.23590599 1.47893906 0.291986763
v 0.253974766 1.08544147 -0.127063006
v 0.244985893 1.2383039 0.653845727
v -0.267046958 0.0460964628 -0.679506063
v -0.249058589 0.0236596856 -0.666674793
v -0.208643451 0.0579874776 -0.664516747
v -0.267892867 0.00247361767 -0.697523117
v -0.230240092 0.00509295287 -0.64958322
v -0.182973653 0.00387324742 -0.667129636
v -0.147414297 0.0440380834 -0.607985973
v -0.179930434 0.00697562937 -0.600712717
v -0.32854262 0.0320624933 -0.656644285
v -0.332149506 0.0558414534 -0.662215948
v -0.275862873 0.147141039 -0.638533354
v -0.194863081 0.147202745 -0.612234354
v -0.158756122 0.147480875 -0.503805816
v -0.372116536 0.0566075444 -0.620713353
v -0.330166817 0.00474949367 -0.641411066
v -0.361536056 0.000236150023 -0.667514026
v -0.359786928 0.00660874182 -0.600810111
v -0.390309215 0.0537588783 -0.57103771
v -0.399195462 -0.00445502438 -0.588822901
v -0.380120218 0.0040965192 -0.535726964
v -0.403185338 0.0502499864 -0.506691873
v -0.364405632 0.147290856 -0.570885599
v -0.385306239 -0.00746492296 -0.522452295
v -0.380784988 0.000662262435 -0.492052227
v -0.395503223 0.0472234376 -0.453906953
v -0.412521839 -0.00637285085 -0.467333972
v -0.372011125 0.00757150259 -0.422366977
v -0.386253804 0.0449554473 -0.410090774
v -0.387267858 0.08791399 -0.430918187
v -0.368903697 0.147574618 -0.475343883
v -0.263905168 0.14834629 -0.429545522
v -0.315428257 0.100593232 -0.374593884
v -0.218785927 0.100798145 -0.375953108
v -0.357675165 0.0880468637 -0.386615396
v -0.38199991 0.0745643377 -0.401998132
v -0.33335036 0.0769139826 -0.371232599
v -0.315578192 0.0338241868 -0.335050702
v -0.295532763 0.0818037689 -0.368505538
v -0.263137013 0.0938453153 -0.368127435
v -0.230741188 0.0812714547 -0.367749333
v -0.206827372 0.0303415861 -0.347058743
v -0.192398518 0.0755673125 -0.377266467
v -0.168988317 0.086683847 -0.396067619
v -0.158756122 0.147480875 -0.503805816
v -0.142671764 0.0762016252 -0.410813749
v -0.119771637 0.0416188948 -0.524722636
v -0.125040844 0.0400604345 -0.449181825
v -0.153238997 0.000662262435 -0.492052227
v -0.107067652 0.00197675778 -0.467333972
v -0.148496374 0.00953444932 -0.429181814
v -0.139312059 0.040701516 -0.416476697
v -0.12080998 -0.00230799848 -0.53552705
v -0.160594732 0.0040965192 -0.549064994
v -0.267551482 -0.00388815813 -0.52199316
v -0.153238997 0.000662262435 -0.492052227
v -0.179930434 0.00697562937 -0.600712717
v -0.230240092 0.00509295287 -0.64958322
v -0.182973653 0.00387324742 -0.667129636
v -0.330166817 0.00474949367 -0.641411066
v -0.359786928 0.00660874182 -0.600810111
v -0.361536056 0.000236150023 -0.667514026
v -0.380120218 0.0040965192 -0.535726964
v -0.380784988 0.000662262435 -0.492052227
v -0.399195462 -0.00445502438 -0.588822901
v -0.12080998 -0.00230799848 -0.53552705
v -0.267892867 0.00247361767 -0.697523117
v -0.385306239 -0.00746492296 -0.522452295
v -0.13126263 0.0130209131 -0.607999623
v -0.148496374 0.00953444932 -0.429181814
v -0.107067652 0.00197675778 -0.467333972
v -0.177899241 0.00094606186 -0.348089516
v -0.129314288 -0.000729476043 -0.372701794
v -0.199192554 0.00849281065 -0.394060463
v -0.14510943 0.00468169758 -0.303609878
v -0.116699189 0.00401063915 -0.320116162
v -0.229944855 0.00796627905 -0.386232585
v -0.202904433 0.0340706483 -0.368061662
v -0.224469677 0.0351818167 -0.364016533
v -0.301147401 0.00826098584 -0.381874293
v -0.296685338 -0.00149246375 -0.333655089
v -0.233688042 -0.00187970966 -0.335475951
v -0.283650398 0.00501334667 -0.265120476
v -0.245693639 0.00492767058 -0.265179247
v -0.326089084 0.00926245935 -0.388918251
v -0.308181733 0.0389794447 -0.36011374
v -0.324582934 0.0377260074 -0.363138467
v -0.372011125 0.00757150259 -0.422366977
v -0.391178966 -0.00279510883 -0.364628106
v -0.340860128 0.00241339533 -0.344616055
v -0.402709305 0.00241190963 -0.30905208
v -0.372446924 0.00436223485 -0.292462051
v -0.412521839 -0.00637285085 -0.467333972
v -0.119771637 0.0416188948 -0.524722636
v -0.160594732 0.0040965192 -0.549064994
v -0.13126263 0.0130209131 -0.607999623
v -0.23324275 0.0655690432 -0.317363471
v -0.242213592 0.0340193622 -0.264258862
v -0.263522625 0.0779382214 -0.316589624
v -0.227303177 0.0334798619 -0.328822881
v -0.263137013 0.0938453153 -0.368127435
v -0.230741188 0.0812714547 -0.367749333
v -0.224469677 0.0351818167 -0.364016533
v -0.230741188 0.0812714547 -0.367749333
v -0.233688042 -0.00187970966 -0.335475951
v -0.245693639 0.00492767058 -0.265179247
v -0.229944855 0.00796627905 -0.386232585
v -0.285963982 0.0340247676 -0.264243156
v -0.283650398 0.00501334667 -0.265120476
v -0.302533537 0.0348597206 -0.327509791
v -0.2938025 0.0656919777 -0.315815777
v -0.308181733 0.0389794447 -0.36011374
v -0.296685338 -0.00149246375 -0.333655089
v -0.301147401 0.00826098584 -0.381874293
v -0.295532763 0.0818037689 -0.368505538
v -0.125928909 0.0568350554 -0.370558232
v -0.118420824 0.0306241903 -0.321315527
v -0.150224373 0.0691545978 -0.35409525
v -0.12398278 0.0341355167 -0.373446226
v -0.139312059 0.040701516 -0.416476697
v -0.142671764 0.0762016252 -0.410813749
v -0.148496374 0.00953444932 -0.429181814
v -0.129314288 -0.000729476043 -0.372701794
v -0.116699189 0.00401063915 -0.320116162
v -0.168988317 0.086683847 -0.396067619
v -0.174519837 0.0568587109 -0.337632298
v -0.192398518 0.0755673125 -0.377266467
v -0.202904433 0.0340706483 -0.368061662
v -0.18932727 0.0280491542 -0.340497464
v -0.149594232 0.0308777373 -0.3003456
v -0.177899241 0.00094606186 -0.348089516
v -0.199192554 0.00849281065 -0.394060463
v -0.14510943 0.00468169758 -0.303609878
v -0.116699189 0.00401063915 -0.320116162
v -0.14510943 0.00468169758 -0.303609878
v -0.14510943 0.00468169758 -0.303609878
v -0.348007083 0.0673622191 -0.336216718
v -0.372246236 0.0769320577 -0.349587649
v -0.357675165 0.0880468637 -0.386615396
v -0.33335036 0.0769139826 -0.371232599
v -0.372677743 0.0383019261 -0.294855982
v -0.337176353 0.0380618237 -0.336727023
v -0.324582934 0.0377260074 -0.363138467
v -0.340860128 0.00241339533 -0.344616055
v -0.372446924 0.00436223485 -0.292462051
v -0.326089084 0.00926245935 -0.388918251
v -0.402709305 0.00241190963 -0.30905208
v -0.404681474 0.0356137045 -0.311855078
v -0.401461124 0.0356615186 -0.366454601
v -0.396485209 0.0618864745 -0.36295855
v -0.386253804 0.0449554473 -0.410090774
v -0.38199991 0.0745643377 -0.401998132
v -0.391178966 -0.00279510883 -0.364628106
v -0.372011125 0.00757150259 -0.422366977
v -0.119771637 0.0416188948 -0.524722636
v -0.160594732 0.0040965192 -0.549064994
v -0.12080998 -0.00230799848 -0.53552705
v -0.324582934 0.0377260074 -0.363138467
v -0.33335036 0.0769139826 -0.371232599
v -0.315578192 0.0338241868 -0.335050702
v -0.308181733 0.0389794447 -0.36011374
v -0.295532763 0.0818037689 -0.368505538
v -0.308181733 0.0389794447 -0.36011374
v -0.315578192 0.0338241868 -0.335050702
v -0.192398518 0.0755673125 -0.377266467
v -0.202904433 0.0340706483 -0.368061662
v -0.206827372 0.0303415861 -0.347058743
v -0.224469677 0.0351818167 -0.364016533
v -0.224469677 0.0351818167 -0.364016533
v -0.230741188 0.0812714547 -0.367749333
v -0.206827372 0.0303415861 -0.347058743
v -0.313022077 0.0518155321 0.0789938867
v -0.260115415 0.0260173082 0.0981917828
v -0.232771918 0.0654879883 0.0962291807
v -0.294164866 0.0154127805 0.0594874695
v -0.252783507 0.00466897991 0.119900748
v -0.204193622 0.00925235264 0.0953119099
v -0.172246262 0.0483545847 0.149769634
v -0.201960847 0.0068337121 0.168258682
v -0.357012004 0.0308460388 0.10549584
v -0.380639404 0.0630204976 0.0988741666
v -0.367193162 0.00427406467 0.122057699
v -0.39516449 0.033719372 0.101004645
v -0.434727609 0.0639013574 0.145009816
v -0.422492832 0.16817078 0.198695317
v -0.413797408 0.00293695484 0.0938347206
v -0.406578243 0.00331741385 0.164869338
v -0.463151783 0.0606258959 0.201324806
v -0.478983402 -0.00657894788 0.182297766
v -0.431050569 0.00352326501 0.240645811
v -0.47561413 0.0565912984 0.275123924
v -0.449765235 0.0998979658 0.36059913
v -0.42443651 0.168496758 0.329801172
v -0.308503151 0.169383794 0.36468032
v -0.359977454 0.114476547 0.425362915
v -0.248856544 0.115675092 0.423802048
v -0.409703732 0.100321665 0.41154018
v -0.465612948 0.0531113073 0.334168136
v -0.446467578 0.0505035259 0.384548724
v -0.438823462 0.0845482796 0.393852919
v -0.421752453 0.00695141964 0.37644884
v -0.433271766 -0.000425498321 0.290308654
v -0.481164187 -0.0074237911 0.317182869
v -0.448368907 -0.0101112099 0.257773876
v -0.380583197 0.0914796367 0.429228127
v -0.355067581 0.0328281485 0.471996754
v -0.33709994 0.0928721949 0.432364106
v -0.299851537 0.105160281 0.43279919
v -0.262601554 0.0928330943 0.433234334
v -0.235811472 0.028357245 0.456970572
v -0.218563572 0.0893573388 0.422291815
v -0.193939582 0.10052444 0.400358677
v -0.181689709 0.168388695 0.27679649
v -0.166584775 0.0900866762 0.383719057
v -0.142056152 0.03935479 0.259578496
v -0.15115115 0.0434298404 0.339602172
v -0.175340578 -0.000425496954 0.290308654
v -0.136386797 0.00108593144 0.328511715
v -0.161770076 0.0464476869 0.371648431
v -0.143837854 -0.00384075101 0.226704493
v -0.176839799 0.0113385301 0.370855868
v -0.181689709 0.168388695 0.27679649
v -0.219730318 0.168069214 0.155728668
v -0.314482391 0.167998463 0.125517949
v -0.142056152 0.03935479 0.259578496
v -0.182332709 0.00352326594 0.223341629
v -0.161729917 -0.00368738291 0.164541662
v -0.182332709 0.00352326594 0.223341629
v -0.303316146 -0.00531387515 0.256910443
v -0.175340578 -0.000425496954 0.290308654
v -0.201960847 0.0068337121 0.168258682
v -0.252783507 0.00466897991 0.119900748
v -0.204193622 0.00925235264 0.0953119099
v -0.367193162 0.00427406467 0.122057699
v -0.406578243 0.00331741385 0.164869338
v -0.413797408 0.00293695484 0.0938347206
v -0.431050569 0.00352326501 0.240645811
v -0.433271766 -0.000425498321 0.290308654
v -0.478983402 -0.00657894788 0.182297766
v -0.143837854 -0.00384075101 0.226704493
v -0.294164866 0.0154127805 0.0594874695
v -0.448368907 -0.0101112099 0.257773876
v -0.161729917 -0.00368738291 0.164541662
v -0.176839799 0.0113385301 0.370855868
v -0.136386797 0.00108593144 0.328511715
v -0.204838648 -7.66895682E-05 0.456797481
v -0.153647587 -0.00204822794 0.426053792
v -0.22938098 0.00871764775 0.405723244
v -0.167472035 0.00419611577 0.506982684
v -0.133340687 0.00342452223 0.488003492
v -0.263870239 0.00797277968 0.409711182
v -0.236511365 0.0364497267 0.434248567
v -0.254406363 0.0370120257 0.437526166
v -0.336895257 0.00831163768 0.414722443
v -0.335796356 -0.00290604634 0.472423702
v -0.26676482 -0.00334528438 0.470355064
v -0.323435843 0.00457745045 0.551238418
v -0.279792577 0.00447893934 0.551170826
v -0.366653442 0.00936408062 0.411514133
v -0.346276224 0.0413785912 0.442013621
v -0.364121735 0.0399373733 0.43853575
v -0.421752453 0.00695141964 0.37644884
v -0.447344899 -0.00430903537 0.437167197
v -0.388833374 0.00149618241 0.459488899
v -0.460331678 0.00158627576 0.50072515
v -0.4255355 0.00382879097 0.519800603
v -0.481164187 -0.0074237911 0.317182869
v -0.265476346 0.074608542 0.491168588
v -0.275791138 0.0383322127 0.552229106
v -0.30029273 0.0869869143 0.492058367
v -0.257961363 0.0396718606 0.477992356
v -0.299851537 0.105160281 0.43279919
v -0.262601554 0.0928330943 0.433234334
v -0.254406363 0.0370120257 0.437526166
v -0.262601554 0.0928330943 0.433234334
v -0.26676482 -0.00334528438 0.470355064
v -0.279792577 0.00447893934 0.551170826
v -0.263870239 0.00797277968 0.409711182
v -0.326096028 0.0383384302 0.552247167
v -0.323435843 0.00457745045 0.551238418
v -0.343589157 0.0405636206 0.479502171
v -0.335108906 0.0747498944 0.492948145
v -0.346276224 0.0413785912 0.442013621
v -0.335796356 -0.00290604634 0.472423702
v -0.336895257 0.00831163768 0.414722443
v -0.33709994 0.0928721949 0.432364106
v -0.144598439 0.0647119656 0.430004388
v -0.133452237 0.0344283953 0.486624449
v -0.171277285 0.0770603865 0.448933899
v -0.142453045 0.0380625874 0.423220813
v -0.161770076 0.0464476869 0.371648431
v -0.166584775 0.0900866762 0.383719057
v -0.176839799 0.0113385301 0.370855868
v -0.153647587 -0.00204822794 0.426053792
v -0.133340687 0.00342452223 0.488003492
v -0.193939582 0.10052444 0.400358677
v -0.197955802 0.0647934526 0.467863142
v -0.218563572 0.0893573388 0.422291815
v -0.236511365 0.0364497267 0.434248567
v -0.21419014 0.0288166497 0.464568734
v -0.169295922 0.0347199254 0.510735929
v -0.204838648 -7.66895682E-05 0.456797481
v -0.22938098 0.00871764775 0.405723244
v -0.167472035 0.00419611577 0.506982684
v -0.133340687 0.00342452223 0.488003492
v -0.397434175 0.076670371 0.469490767
v -0.425379157 0.0858300179 0.454116553
v -0.409703732 0.100321665 0.41154018
v -0.380583197 0.0914796367 0.429228127
v -0.42580092 0.0432563722 0.517048001
v -0.384980828 0.0312620886 0.468904078
v -0.364121735 0.0399373733 0.43853575
v -0.388833374 0.00149618241 0.459488899
v -0.4255355 0.00382879097 0.519800603
v -0.366653442 0.00936408062 0.411514133
v -0.460331678 0.00158627576 0.50072515
v -0.462599337 0.0401654132 0.497502178
v -0.459272653 0.0398172066 0.434722781
v -0.453323811 0.0703742653 0.438742578
v -0.446467578 0.0505035259 0.384548724
v -0.438823462 0.0845482796 0.393852919
v -0.447344899 -0.00430903537 0.437167197
v -0.421752453 0.00695141964 0.37644884
v -0.142056152 0.03935479 0.259578496
v -0.182332709 0.00352326594 0.223341629
v -0.143837854 -0.00384075101 0.226704493
v -0.364121735 0.0399373733 0.43853575
v -0.380583197 0.0914796367 0.429228127
v -0.355067581 0.0328281485 0.471996754
v -0.346276224 0.0413785912 0.442013621
v -0.33709994 0.0928721949 0.432364106
v -0.346276224 0.0413785912 0.442013621
v -0.355067581 0.0328281485 0.471996754
v -0.218563572 0.0893573388 0.422291815
v -0.236511365 0.0364497267 0.434248567
v -0.235811472 0.028357245 0.456970572
v -0.254406363 0.0370120257 0.437526166
v -0.254406363 0.0370120257 0.437526166
v -0.262601554 0.0928330943 0.433234334
v -0.235811472 0.028357245 0.456970572
v -0 0.70581913 0.673955142
v -0.0269814227 0.710622549 0.66564101
v -0.0355420485 0.71711731 0.677340686
v -0 0.714707077 0.689158082
v -0.0268093646 0.727359474 0.670657694
v -0 0.728414059 0.680726826
v -0.0543860942 0.743033051 0.626372874
v -0 0.749093771 0.625331938
v -0 0.705192387 0.614161193
v -0.0547314771 0.71004498 0.618178606
v -0.0739094093 0.728972614 0.621339262
v -0.0702104643 0.759128332 0.564001083
v -0 0.765279591 0.562058032
v -0 0.709900141 0.559696198
v -0.070202738 0.715740561 0.561834991
v -0.0923920423 0.737446964 0.560665667
v -0 0.762083888 0.5261572
v -0.0680783242 0.714078128 0.528948069
v -0 0.71219331 0.524460793
v -0.0890397206 0.740672588 0.526572824
v -0.0675347373 0.758590043 0.525338292
v -0 1.3422184 0.79529357
v -0 1.28034651 0.795870125
v -0.0357418284 1.29902494 0.776122093
v -0.0317733102 1.38085842 0.77273643
v -0 1.40019894 0.804825723
v -0.0249761846 1.43885148 0.779690623
v -0 1.44694531 0.745415509
v -0 1.43517363 0.804775774
v -0.01267152 1.49959898 0.764548302
v -0 1.49921203 0.776248693
v -0 1.55525064 0.75369519
v -0 1.50016463 0.748582542
v -0.0438697189 1.34208572 0.742715001
v -0.0308922324 1.37581468 0.730133474
v -0 1.39509797 0.721122801
v -0.261573553 0.9504686 0.554583192
v -0.264210016 0.953066051 0.509231687
v -0.30733636 0.833957732 0.481183648
v -0.311558753 0.834787607 0.52868706
v -0.356061876 0.72726208 0.480742723
v -0.354053617 0.733591318 0.520810425
v -0.405421317 0.620315909 0.510687709
v -0.401933938 0.632432044 0.541161478
v -0.445847809 0.555937767 0.573509812
v -0.444001257 0.563373744 0.584415376
v -0.303790927 0.976678312 0.574187636
v -0.349166185 0.86063689 0.544081688
v -0.33369568 0.995045543 0.51995647
v -0.372102499 0.877829015 0.491206616
v -0.310939699 0.97981441 0.488695145
v -0.34298107 0.866162479 0.460581452
v -0.264210016 0.953066051 0.509231687
v -0.30733636 0.833957732 0.481183648
v -0.386752397 0.745174229 0.463376135
v -0.356061876 0.72726208 0.480742723
v -0.43426013 0.629846692 0.494396567
v -0.405421317 0.620315909 0.510687709
v -0.460396171 0.561369598 0.566549599
v -0.445847809 0.555937767 0.573509812
v -0.413487315 0.759279907 0.488453388
v -0.452226162 0.648359001 0.512808025
v -0.470718533 0.572229922 0.572168469
v -0.389390409 0.754579306 0.530525804
v -0.429577351 0.651485324 0.546692729
v -0.456009775 0.573408723 0.586404264
v -0.471791595 0.533992052 0.625682116
v -0.162043452 1.04665804 -0.329042971
v -0.141952604 1.06821513 -0.308581889
v -0.16429466 1.1027838 -0.330908358
v -0.131199077 1.02575243 -0.303094119
v -0.191025078 1.05410373 -0.313031107
v -0.168573648 1.07367337 -0.294658661
v -0.141952604 1.06821513 -0.308581889
v -0.178096116 1.03767419 -0.267584056
v -0.160642222 1.05087256 -0.261954933
v -0.18605262 1.01875079 -0.284000427
v -0.17177473 1.00935137 -0.300853044
v -0.139342949 1.05358231 -0.270759195
v -0.126289621 1.04591286 -0.28572607
v -0.151536226 1.01012814 -0.310204983
v -0.126289621 1.04591286 -0.28572607
v -0.188239053 1.03260052 -0.249173641
v -0.196103573 1.0051049 -0.273715615
v -0.18605262 1.01875079 -0.284000427
v -0.176056549 0.987940669 -0.301361978
v -0.17177473 1.00935137 -0.300853044
v -0.232497826 0.999891937 -0.224824712
v -0.201488987 0.940998077 -0.320989907
v -0.0836207494 0.963331223 -0.367774308
v -0.0666521043 0.931502819 -0.410822868
v -0.164241821 0.903116047 -0.403652489
v -0.140351728 0.888999104 -0.425520957
v -0.142066613 0.994288683 -0.314228743
v -0.151536226 1.01012814 -0.310204983
v -0.115166754 1.01613796 -0.305646956
v -0.131199077 1.02575243 -0.303094119
v -0.0938655362 0.997507393 -0.320139766
v -0.110140324 1.04220593 -0.282604814
v -0.126289621 1.04591286 -0.28572607
v -0.126786813 1.06075788 -0.255126536
v -0.139342949 1.05358231 -0.270759195
v -0.101178609 0.891915977 -0.438220054
v -0.0647335127 0.907175243 -0.443298817
v -0.160642222 1.05087256 -0.261954933
v -0.159297407 1.05597174 -0.242379367
v -0.178096116 1.03767419 -0.267584056
v -0.250151604 1.0479151 -0.16381903
v -0.17621173 1.12421215 -0.176424652
v -0.135058999 1.09248602 -0.208080783
v -0.253974766 1.08544147 -0.127063006
v -0.242646158 1.16166055 -0.109958738
v -0.224086642 1.14340007 -0.143126264
v -0.197856396 1.18234146 -0.1330304
v -0.234536618 1.06892276 0.706768572
v -0.238674432 1.10347915 0.693636894
v -0.233070299 1.10552311 0.701765954
v -0.231433809 1.07091856 0.710237265
v -0.231584728 1.12963343 0.704754531
v -0.24064216 1.13087595 0.695940971
v -0.24689801 1.1468308 0.687448204
v -0.245309785 1.15374291 0.688771427
v -0.229616255 1.13699746 0.707258761
v -0.203831971 1.10271943 0.741836071
v -0.205983192 1.09786105 0.738109112
v -0.185750932 1.06706727 0.758797646
v -0.183094785 1.07118499 0.761748493
v -0.168604165 1.04106307 0.77502501
v -0.165457815 1.0470463 0.774532914
v -0.256246358 1.157552 0.673462808
v -0.158785537 1.04228389 0.766544044
v -0.173606873 1.06960249 0.751864016
v -0.203831971 1.10271943 0.741836071
v -0.19711937 1.10167003 0.736268997
v -0.229616255 1.13699746 0.707258761
v -0.222497538 1.13754022 0.702797592
v -0.245309785 1.15374291 0.688771427
v -0.237066418 1.15168893 0.682943463
v -0.256246358 1.157552 0.673462808
v -0.247853592 1.15593743 0.667823255
v -0.162316009 1.03493118 0.780210376
v -0.173399135 1.03505516 0.776195228
v -0.163467288 1.03076732 0.77934736
v -0.196706831 1.02908635 0.753735542
v -0.195780024 1.03422403 0.752272308
v -0.158948928 1.02827418 0.769069374
v -0.157035857 1.03306901 0.773437619
v -0.168146238 1.03230953 0.769617915
v -0.192412183 1.02686417 0.749515533
v -0.220405117 1.04701602 0.724508882
v -0.221354082 1.04186463 0.723762393
v -0.221354082 1.04186463 0.723762393
v -0.215758428 1.03931391 0.718604386
v -0.234536618 1.06892276 0.706768572
v -0.227857396 1.06681824 0.701449096
v -0.238674432 1.10347915 0.693636894
v -0.231929183 1.10181344 0.688330352
v -0.234609097 1.13104045 0.691490054
v -0.24064216 1.13087595 0.695940971
v -0.238344878 1.14539826 0.681977212
v -0.24689801 1.1468308 0.687448204
v -0.247853592 1.15593743 0.667823255
v -0.256246358 1.157552 0.673462808
v -0.233070299 1.10552311 0.701765954
v -0.226320103 1.10381365 0.696454048
v -0.224756062 1.06894803 0.704914451
v -0.231433809 1.07091856 0.710237265
v -0.231584728 1.12963343 0.704754531
v -0.225839347 1.12926781 0.697053194
v -0.220405117 1.04701602 0.724508882
v -0.21481964 1.04454136 0.719489038
v -0.195780024 1.03422403 0.752272308
v -0.191482306 1.03208375 0.748461962
v -0.165182829 1.03621984 0.767910838
v -0.168604165 1.04106307 0.77502501
v -0.185750932 1.06706727 0.758797646
v -0.179931089 1.06594586 0.753070354
v -0.198595956 1.09796298 0.733068764
v -0.205983192 1.09786105 0.738109112
v -0.168604165 1.04106307 0.77502501
v -0.165182829 1.03621984 0.767910838
v -0.225839347 1.12926781 0.697053194
v -0.231584728 1.12963343 0.704754531
v -0.271784693 1.13555789 0.49379313
v -0.276155323 1.19217145 0.546527565
v -0.333891332 1.2103163 0.422464579
v -0.341536999 1.22971344 0.451198578
v -0.382441372 1.31367004 0.404932648
v -0.373694807 1.25366867 0.375838667
v -0.360771507 1.10237777 0.403917104
v -0.427383631 1.2708894 0.313220084
v -0.419963509 1.34754622 0.348760486
v -0.466680408 1.32578242 0.309580445
v -0.50658834 1.17811024 0.262622595
v -0.526280582 1.02740228 0.34037438
v -0.605079651 1.20044494 0.186676919
v -0.630715728 1.1033206 0.214325368
v -0.71035558 1.29173064 0.109986916
v -0.608034015 1.24336648 0.202078924
v -0.525919676 1.26772892 0.270675719
v -0.492736846 0.984845281 0.334482878
v -0.546083272 0.955642819 0.304899335
v -0.452816188 0.914009154 0.415924549
v -0.553448617 0.905555844 0.330936998
v -0.652177513 0.979005277 0.245606095
v -0.574953556 0.994257271 0.307480454
v -0.407765865 0.89904052 0.421314001
v -0.365930468 0.98332715 0.422282934
v -0.304114401 0.937471926 0.493849337
v -0.382266611 0.847246051 0.458691955
v -0.474437296 0.833681345 0.398447454
v -0.489031732 0.841832399 0.402857661
v -0.532069623 0.783705354 0.384324938
v -0.472100347 0.799903095 0.416601479
v -0.264547646 1.0792315 0.519997776
v -0.400041729 1.07334101 0.465027422
v -0.419676036 0.888449252 0.46208021
v -0.452816188 0.914009154 0.415924549
v -0.519970357 0.981213033 0.391108662
v -0.580057979 0.953224003 0.332347631
v -0.553448617 0.905555844 0.330936998
v -0.652177513 0.979005277 0.245606095
v -0.574953556 0.994257271 0.307480454
v -0.526280582 1.02740228 0.34037438
v -0.304114401 0.937471926 0.493849337
v -0.382266611 0.847246051 0.458691955
v -0.484810412 0.825575292 0.423598647
v -0.472100347 0.799903095 0.416601479
v -0.532069623 0.783705354 0.384324938
v -0.489031732 0.841832399 0.402857661
v -0.548111081 1.19868553 0.319776624
v -0.464542687 1.29452479 0.375740796
v -0.525919676 1.26772892 0.270675719
v -0.637818813 1.20306087 0.226713598
v -0.608034015 1.24336648 0.202078924
v -0.71035558 1.29173064 0.109986916
v -0.630715728 1.1033206 0.214325368
v -0.466680408 1.32578242 0.309580445
v -0.419963509 1.34754622 0.348760486
v -0.407438755 1.29053378 0.426727742
v -0.382441372 1.31367004 0.404932648
v -0.341536999 1.22971344 0.451198578
v -0.359947741 1.21312201 0.484758824
v -0.276573718 1.13981318 0.545746565
v -0.276155323 1.19217145 0.546527565
v -0.264547646 1.0792315 0.519997776
v -0.618364453 1.10509515 0.158506215
v -0.654797554 1.01594889 0.165488988
v -0.50444001 0.995580375 0.290658027
v -0.50564611 1.06185377 0.257820845
v -0.51912415 1.13631535 0.255639046
v -0.613799751 1.18242884 0.170400575
v -0.290638506 1.06056106 0.429374099
v -0.469497472 0.910424411 0.311120838
v -0.571487427 0.84538573 0.225477353
v -0.603438854 0.921211362 0.211795479
v -0.750301659 0.837841272 0.0900470316
v -0.570406556 0.779733121 0.260478735
v -0.46513167 0.826707006 0.37353912
v -0.335173666 1.11853385 0.412449151
v -0.41053015 0.911944628 0.417535037
v -0.741006672 1.19098735 0.0507093519
v -0.727569878 1.2772485 0.0670982897
v -0.844107211 1.2931143 -0.035681542
v -0.832773566 1.34744322 -0.0191502981
v -0.954172015 1.42077708 -0.11034397
v -0.886051774 1.24033713 -0.0341064446
v -0.796767354 1.09956598 0.0491170473
v -0.406425089 0.818577647 0.417386681
v -0.4964495 0.724790156 0.379719228
v -0.477042109 0.716389656 0.3856906
v -0.534008384 0.67302835 0.365477979
v -0.481811851 0.69621551 0.407029837
v -0.371572077 0.785314977 0.460421145
v -0.303602904 0.944559395 0.484430373
v -0.648480415 1.10783005 0.195987895
v -0.536347508 1.06452274 0.294319272
v -0.50444001 0.995580375 0.290658027
v -0.654797554 1.01594889 0.165488988
v -0.51912415 1.13631535 0.255639046
v -0.335173666 1.11853385 0.412449151
v -0.319022655 1.06363487 0.466354847
v -0.613799751 1.18242884 0.170400575
v -0.50273931 0.910030246 0.348312706
v -0.598217249 0.841664791 0.252516747
v -0.603438854 0.921211362 0.211795479
v -0.750301659 0.837841272 0.0900470316
v -0.570406556 0.779733121 0.260478735
v -0.46513167 0.826707006 0.37353912
v -0.770802736 1.19248033 0.0879301205
v -0.796767354 1.09956598 0.0491170473
v -0.886051774 1.24033713 -0.0341064446
v -0.867537796 1.29221833 -0.00561766746
v -0.954172015 1.42077708 -0.11034397
v -0.832773566 1.34744322 -0.0191502981
v -0.727569878 1.2772485 0.0670982897
v -0.41053015 0.911944628 0.417535037
v -0.303602904 0.944559395 0.484430373
v -0.406265944 0.826391518 0.445891231
v -0.4964495 0.724790156 0.379719228
v -0.499008209 0.711756647 0.399476737
v -0.534008384 0.67302835 0.365477979
v -0.481811851 0.69621551 0.407029837
v -0.371572077 0.785314977 0.460421145
v -0.331859022 1.50839901 0.28701058
v -0.323249251 1.50045347 0.23567152
v -0.328090876 1.59801018 0.264453888
v -0.283807606 1.52553916 0.255832642
v -0.294585288 1.52739179 0.290145934
v -0.283807606 1.52553916 0.255832642
v -0.259034902 1.47513378 0.324661642
v -0.293222398 1.45150733 0.32766524
v -0.258127987 1.4403584 0.230650097
v -0.237950534 1.47126245 0.250105947
v -0.315589547 1.42750025 0.308077663
v -0.315580517 1.41393626 0.27128163
v -0.23590599 1.47893906 0.291986763
v -0.237950534 1.47126245 0.250105947
v -0.294539094 1.41992807 0.239203542
v -0.329048604 1.41662347 0.320702344
v -0.315589547 1.42750025 0.308077663
v -0.293222398 1.45150733 0.32766524
v -0.291002452 1.45100808 0.349704474
v -0.283697575 1.43601 0.36310181
v -0.331313789 1.39867795 0.33418712
v -0.328918457 1.39344132 0.266089857
v -0.329621315 1.37530375 0.270377845
v -0.301200449 1.39889657 0.22154133
v -0.295134962 1.38269925 0.218563631
v -0.257235438 1.42914391 0.208099574
v -0.258127987 1.4403584 0.230650097
v -0.217660844 1.47179949 0.242167562
v -0.247590378 1.41560149 0.204930037
v -0.222656041 1.47347152 0.359322846
v -0.241613224 1.48103106 0.342964709
v -0.259034902 1.47513378 0.324661642
v -0.211307973 1.49011064 0.29912582
v -0.237950534 1.47126245 0.250105947
v -0.194858447 1.48045516 0.303488761
v -0.201030076 1.4609822 0.236585885
v -0.315580517 1.41393626 0.27128163
v -0.294539094 1.41992807 0.239203542
v -0.110856734 1.52000761 0.369309336
v -0.139180884 1.50186336 0.300308079
v -0.170348883 1.47083056 0.24356924
v -0.235023737 1.41787279 0.18390581
v -0.276596785 1.37195325 0.135567531
v -0.384753942 1.29078937 0.182617471
v -0.300897062 1.33208895 0.0893247202
v -0.328944892 1.28864956 0.0473962538
v -0.406688988 1.19480598 0.0981492326
v -0.409828335 1.2546258 0.208156407
v -0.335057378 1.35764968 0.364821315
v -0.424881876 1.14474344 0.0830117241
v -0.344168931 1.24001539 -0.00903178286
v -0.368913859 1.13950121 -0.0154808061
v -0.315695047 1.23060822 -0.0305025857
v -0.307005078 1.09422648 -0.0921956226
v -0.275502622 1.16268754 -0.0982377529
v -0.242646158 1.16166055 -0.109958738
v -0.281343788 1.05805612 -0.13977693
v -0.408520877 1.1770587 0.23484464
v -0.198720932 1.46944666 0.483273387
v -0.328690857 1.32282209 0.39219597
v -0.196491241 1.42582393 0.529186547
v -0.0828857273 1.58826458 0.544795692
v -0.0693236366 1.54539263 0.584471226
v -0.191851541 1.51522398 0.422312737
v -0.101448193 1.5992564 0.458466172
v -0.0618512817 1.54929078 0.421156824
v -0.064231351 1.6481595 0.460618377
v -0.0644852892 1.65204811 0.499215186
v -0.0362001546 1.67738473 0.46202448
v -0.0349431597 1.68330657 0.496891856
v -0 1.68739676 0.496029198
v -0 1.67562449 0.457385331
v -0 1.5785861 0.434030175
v -0.0452788435 1.63694704 0.540073335
v -0 1.64260554 0.539859056
v -0.0492943376 1.5915879 0.570801079
v -0 1.60436976 0.573358893
v -0.0693236366 1.54539263 0.584471226
v -0 1.56938386 0.595727801
v -0.118830323 1.51920891 0.404684097
v -0.276531398 1.27996707 0.675525248
v -0.284208298 1.28973687 0.648713112
v -0.278040737 1.34244156 0.677480578
v -0.262884319 1.30776918 0.654513836
v -0.260142863 1.29777217 0.676871955
v -0.262884319 1.30776918 0.654513836
v -0.247172862 1.29312646 0.636297107
v -0.230025902 1.28256023 0.659290731
v -0.260796726 1.27341187 0.6198982
v -0.247172862 1.29312646 0.636297107
v -0.262512505 1.25073767 0.63031143
v -0.23062335 1.26336169 0.665112078
v -0.244985893 1.2383039 0.653845727
v -0.21582076 1.29421234 0.658727169
v -0.213636428 1.26167107 0.668590963
v -0.230025902 1.28256023 0.659290731
v -0.24153012 1.30051053 0.625829399
v -0.247172862 1.29312646 0.636297107
v -0.263393939 1.27780414 0.607082129
v -0.260796726 1.27341187 0.6198982
v -0.26585713 1.23916459 0.609484255
v -0.262512505 1.25073767 0.63031143
v -0.23062335 1.26336169 0.665112078
v -0.168252185 1.26531899 0.695072591
v -0.264728457 1.33331406 0.585597396
v -0.190362275 1.36255765 0.661472023
v -0.181440651 1.44545984 0.626443624
v -0.0666595921 1.46060669 0.697298646
v -0.244249493 1.41357017 0.558189332
v -0.18250142 1.47963655 0.597844899
v -0.290595025 1.37396789 0.518519819
v -0.281885624 1.39848006 0.483417302
v -0.228995845 1.43757987 0.529077172
v -0.345996469 1.33606553 0.406584114
v -0.343257546 1.30705309 0.44330737
v -0.196491241 1.42582393 0.529186547
v -0.176492453 1.49455774 0.567521453
v -0.0920423269 1.5351907 0.6346066
v -0.103865303 1.53768373 0.582279027
v -0.0701959357 1.60009515 0.588597834
v -0.0667490065 1.59807909 0.626302123
v -0.0276152268 1.61460638 0.633372903
v -0.0287796278 1.61566794 0.602247596
v -0 1.61182022 0.609706044
v -0 1.61276591 0.640182614
v -0 1.56938386 0.595727801
v -0.0693236366 1.54539263 0.584471226
v -0.328690857 1.32282209 0.39219597
v -0.379214853 1.2704916 0.328645319
v -0 1.56965125 0.674462676
v -0.0391676277 1.5699383 0.664548278
v -0 1.51275933 0.705833197
v -0 1.43791366 0.725406706
v -0.0899262577 1.36745358 0.717975616
v -0 1.39509797 0.721122801
v -0.0308922324 1.37581468 0.730133474
v -0.0438697189 1.34208572 0.742715001
v -0.0357418284 1.29902494 0.776122093
v -0.0997715145 1.28563154 0.75374043
v -0.0205429196 1.28346813 0.802111566
v -0.0312140938 1.23704886 0.824711144
v -0 1.27775872 0.806530893
v -0 1.24082983 0.814246178
v -0 1.20401597 0.815689385
v -0.0297168195 1.19742703 0.822132528
v -0.086756058 1.18344414 0.782086313
v -0.0914157555 1.2223568 0.767138958
v -0.109787263 1.24999583 0.735981226
v -0 1.14680767 0.867595375
v -0.0988879204 1.1194545 0.81679517
v -0.0564722382 1.14272201 0.855670094
v -0 1.12214422 0.902441323
v -0.0573374256 1.11859417 0.877994061
v -0 1.28034651 0.795870125
v -0.0604759343 1.01373494 0.962752879
v -0 1.01813948 0.986395001
v -0 0.905413032 1.01778507
v -0.0492825434 0.899758577 0.997332156
v -0.119381882 0.973318279 0.888387263
v -0.0876393765 0.877782881 0.948096037
v -0.0375194773 0.787449956 1.02713203
v -0 0.791539609 1.04142249
v -0 0.754380405 1.0341531
v -0.0370387919 0.753374457 1.02142906
v -0.0666561499 0.783456683 1.00305879
v -0.093972005 0.835896611 0.924229622
v -0.0728170797 0.7573722 0.987737
v -0.116062336 0.898926437 0.872511804
v -0.136644498 0.947704911 0.814953566
v -0.138787732 1.02060282 0.791164219
v -0.124673925 1.08389008 0.805113256
v -0.166116849 0.902731001 0.652167976
v -0.159026891 0.872391701 0.56546247
v -0.157228768 0.767839134 0.572540283
v -0.156557053 0.805410504 0.661649942
v -0.23925826 0.7938205 0.519762397
v -0.211056337 0.895019948 0.514635563
v -0.324250549 0.857412696 0.547159314
v -0.280383706 0.952152073 0.549730837
v -0.321376294 0.892211199 0.610908508
v -0.285566717 0.971506 0.602189302
v -0.239099652 0.877047539 0.680754066
v -0.233115241 0.949553072 0.662663281
v -0.156557053 0.805410504 0.661649942
v -0.166116849 0.902731001 0.652167976
v -0.345247656 0.839379013 0.637994289
v -0.356651723 0.791325808 0.577185392
v -0.392175347 0.73973304 0.609832346
v -0.37233001 0.800962508 0.666248381
v -0.26461181 0.831694603 0.701066971
v -0.289363801 0.795481503 0.734633267
v -0.21785672 0.688208818 0.734242857
v -0.249426201 0.756465912 0.784836888
v -0.30858013 0.813448489 0.768270254
v -0.325478017 0.769489944 0.774717391
v -0.25544399 0.653758705 0.778584301
v -0.321038812 0.617836654 0.859038591
v -0.377585977 0.72780323 0.839985251
v -0.408999205 0.76306051 0.707145512
v -0.374653727 0.821936846 0.72015959
v -0.460339993 0.72045517 0.774794877
v -0.421641827 0.644351959 0.64068085
v -0.411393434 0.778647065 0.662641346
v -0.487098157 0.596421897 0.731704473
v -0.318223447 0.562548041 0.687968731
v -0.335863948 0.573403478 0.615809202
v -0.394013941 0.52816689 0.786170721
v -0.25544399 0.653758705 0.778584301
v -0.223671988 0.602908909 0.720486879
v -0.321038812 0.617836654 0.859038591
v -0.47499156 0.523852348 0.896431625
v -0.390422076 0.619005442 0.949762046
v -0.558120847 0.590831459 0.837506533
v -0.437529683 0.723006368 0.912521362
v -0.519753337 0.71145153 0.852857292
v -0.262992024 0.565039337 0.669663668
v -0.327266991 0.633739889 0.60761553
v -0.2411654 0.618860364 0.666071892
v -0.21785672 0.688208818 0.734242857
v -0.213150457 0.670960605 0.768680453
v -0.398776621 0.640433669 0.600109458
v -0.420623273 0.714430392 0.618923903
v -0.37233001 0.800962508 0.666248381
v -0.189909264 0.6933254 0.600863814
v -0.180803299 0.743653178 0.688179612
v -0.281813145 0.707228005 0.551401913
v -0.479491293 0.660461783 1.06580293
v -0.583407164 0.563965321 1.03979385
v -0.661052525 0.632218361 1.15906405
v -0.544380665 0.716545105 1.15069711
v -0.721308112 0.676163256 1.0771004
v -0.651685417 0.623008013 0.969255209
v -0.654991448 0.759255588 1.03492606
v -0.601231217 0.721233189 0.960147619
v -0.570038497 0.782861412 1.07726908
v -0.519528627 0.74124825 1.00887108
v -0.544380665 0.716545105 1.15069711
v -0.479491293 0.660461783 1.06580293
v -0.603724837 0.602902174 0.899353981
v -0.565408945 0.709289968 0.912620306
v -0.485166967 0.72944355 0.967056096
v -0.433409274 0.63870728 1.00648379
v -0.526589751 0.544238687 0.9571262
v -0.69715178 0.817521513 1.0935055
v -0.769703984 0.755792499 1.1475184
v -0.611770689 0.831946015 1.13524878
v -0.59790504 0.782769144 1.22754037
v -0.584784329 0.561046302 0.859987974
v -0.541940451 0.739153862 0.876575887
v -0.594709396 0.657117367 0.84887284
v -0.408281177 0.703685284 0.971820056
v -0.391241461 0.620555699 0.992318571
v -0.461398453 0.75178802 0.9328143
v -0.51018548 0.506053746 0.916121364
v -0.427933723 0.544228792 0.968061805
v -0.433409274 0.63870728 1.00648379
v -0.390422076 0.619005442 0.949762046
v -0.391241461 0.620555699 0.992318571
v -0.668857396 1.13453352 1.21287966
v -0.663139105 1.13596785 1.30512857
v -0.648507833 1.15633321 1.31768358
v -0.638918698 1.15362406 1.24357581
v -0.672997415 1.15277481 1.17691064
v -0.742451489 1.15474713 1.16312146
v -0.741331518 1.1308434 1.17479551
v -0.802733898 1.15686953 1.19768655
v -0.802212417 1.129632 1.230775
v -0.816160858 1.15957308 1.26845741
v -0.785126805 1.16088009 1.33351374
v -0.768194556 1.1305182 1.31900454
v -0.710812032 1.15957153 1.35088229
v -0.648507833 1.15633321 1.31768358
v -0.663139105 1.13596785 1.30512857
v -0.659010291 1.02818942 1.3010757
v -0.7684201 1.00340235 1.31709564
v -0.644563794 0.899898291 1.28498793
v -0.75569278 0.874201894 1.30033004
v -0.808891058 1.01422608 1.22429836
v -0.8024652 0.891297758 1.20607543
v -0.741280019 1.03072512 1.16497433
v -0.730960727 0.918531299 1.14567637
v -0.660978913 1.03852296 1.2055763
v -0.647750139 0.932697058 1.1879406
v -0.659010291 1.02818942 1.3010757
v -0.644563794 0.899898291 1.28498793
v -0.623246014 0.836834311 1.25455606
v -0.742123485 0.790867448 1.27259004
v -0.785954177 0.819352806 1.17763329
v -0.718752146 0.867090762 1.12801647
v -0.634770155 0.878774703 1.1653254
v -0.623246014 0.836834311 1.25455606
v -0.604522526 0.791553497 1.27098727
v -0.770593524 0.743803561 1.24558234
v -0.718186557 0.847227931 1.09061551
v -0.585655093 0.843022108 1.20700133
v -0.688115776 0.747662544 1.29210067
v -0.604522526 0.791553497 1.27098727
v -0.612854421 0.864297152 1.13450778
v -0.79401654 0.783187389 1.1506356
v -0.720461786 0.724381447 1.2432332
v -0.59790504 0.782769144 1.22754037
v -0.664175332 1.41781032 1.12905848
v -0.614472806 1.49168563 1.0864656
v -0.643181205 1.51972377 1.11578941
v -0.698026657 1.44703186 1.16694725
v -0.616000593 1.40643477 1.15645921
v -0.576925457 1.48880982 1.10821724
v -0.617435157 1.43287575 1.21191859
v -0.57581985 1.51152396 1.1473906
v -0.621115267 1.53224409 1.14793229
v -0.673273981 1.45605922 1.21227801
v -0.57581985 1.51152396 1.1473906
v -0.617435157 1.43287575 1.21191859
v -0.541991472 1.59736478 1.02577746
v -0.529563129 1.58385873 1.02147233
v -0.514973998 1.58337414 1.03398943
v -0.515159547 1.59739161 1.04969573
v -0.515159547 1.59739161 1.04969573
v -0.535388827 1.60859931 1.04361713
v -0.455637872 1.65385115 0.952234149
v -0.721366465 1.39789486 1.17639875
v -0.719731271 1.4095279 1.13674629
v -0.727749705 1.43466258 1.18733919
v -0.68333143 1.36933362 1.13604212
v -0.676261127 1.38492036 1.1208607
v -0.627313614 1.36277235 1.16775787
v -0.621340334 1.36983299 1.13736999
v -0.595174015 1.38122439 1.18819511
v -0.628247678 1.38721049 1.23490572
v -0.602068305 1.40417969 1.23521113
v -0.702133 1.4447329 1.2344178
v -0.698928952 1.41355872 1.24268961
v -0.645496786 1.43173611 1.25403965
v -0.602068305 1.40417969 1.23521113
v -0.628247678 1.38721049 1.23490572
v -0.698026657 1.44703186 1.16694725
v -0.664175332 1.41781032 1.12905848
v -0.616000593 1.40643477 1.15645921
v -0.617435157 1.43287575 1.21191859
v -0.617435157 1.43287575 1.21191859
v -0.673273981 1.45605922 1.21227801
v -0.651641548 1.28860557 1.27690089
v -0.735866129 1.30746794 1.28628385
v -0.759046078 1.19307899 1.31353211
v -0.663517952 1.18555915 1.29964614
v -0.791770279 1.18884504 1.23083901
v -0.76569128 1.29348588 1.21148515
v -0.730886519 1.18655837 1.17471421
v -0.71509099 1.27324224 1.16267014
v -0.663048029 1.18251479 1.21140015
v -0.648829818 1.26827145 1.19730449
v -0.663517952 1.18555915 1.29964614
v -0.651641548 1.28860557 1.27690089
v -0.213150457 0.670960605 0.768680453
v -0.180803299 0.743653178 0.688179612
v -0.3686544 0.611573398 0.500791907
v -0.421890795 0.613123059 0.480325878
v -0.372759581 0.700523078 0.480678499
v -0.35738349 0.550588727 0.500006676
v -0.405041426 0.55810529 0.477666438
v -0.427884519 0.557773948 0.482094646
v -0.454138398 0.591633379 0.429157138
v -0.27996105 0.63943404 0.463215023
v -0.28071025 0.734427691 0.454566985
v -0.371300489 0.800855994 0.444054484
v -0.467809707 0.694253683 0.417626113
v -0.440923691 0.789785922 0.401764512
v -0.538622499 0.732636452 0.336719215
v -0.290735304 0.793326795 0.45415327
v -0.465898871 0.622097075 0.424075603
v -0.546177626 0.674172223 0.346513063
v -0.536384165 0.608772337 0.360704869
v -0.539031446 0.703423321 0.304990113
v -0.559265792 0.706180274 0.285644412
v -0.55800885 0.725145698 0.304680526
v -0.605828941 0.750580192 0.269717187
v -0.557408035 0.749231339 0.292480618
v -0.503234327 0.783935428 0.325185359
v -0.495393842 0.583417058 0.390422076
v -0.523776531 0.576260448 0.366583139
v -0.534846663 0.552451909 0.377443999
v -0.542671442 0.674819231 0.304821491
v -0.423312306 0.926937163 0.377632409
v -0.477203429 0.897168577 0.292199612
v -0.447949678 1.07257295 0.256858915
v -0.458342135 1.06604385 0.112110257
v -0.408520877 1.1770587 0.23484464
v -0.424881876 1.14474344 0.0830117241
v -0.368913859 1.13950121 -0.0154808061
v -0.404034108 1.05013967 -0.0114815161
v -0.328276366 1.00219941 -0.117203563
v -0.307005078 1.09422648 -0.0921956226
v -0.281343788 1.05805612 -0.13977693
v -0.429379255 0.919172943 0.0131966639
v -0.492933959 0.904999495 0.149788707
v -0.505339324 0.77708143 0.270481795
v -0.49715209 0.757389188 0.186472148
v -0.487867236 0.627297938 0.214762166
v -0.412802607 0.740375042 0.073592715
v -0.349706709 0.609943151 0.140716791
v -0.47263816 0.494626909 0.235175908
v -0.336844236 0.498045862 0.167921141
v -0.458885252 0.426489621 0.234812409
v -0.332290769 0.429761559 0.163430914
v -0.185696185 0.427207023 0.252489209
v -0.190249637 0.508532107 0.269408554
v -0.241464421 0.586206973 0.228952289
v -0.212949559 0.588169217 0.275596946
v -0.200733677 0.545423508 0.276366502
v -0.215775758 0.507707953 0.215662777
v -0.175796658 0.471235424 0.335937679
v -0.123205036 0.399088591 0.31154564
v -0.129909605 0.392467886 0.216802299
v -0.441340566 0.363198072 0.225970626
v -0.326943934 0.362697601 0.151842266
v -0.188178211 0.371504039 0.23768796
v -0.442241818 0.354357839 0.340031475
v -0.465133309 0.415392369 0.364657879
v -0.343484908 0.407516539 0.454466552
v -0.35283199 0.483121246 0.489039183
v -0.215410188 0.413174659 0.40420115
v -0.219337463 0.488514781 0.427325249
v -0.219343185 0.352570951 0.385356545
v -0.336586207 0.348377377 0.420079082
v -0.483448863 0.488527983 0.384341776
v -0.188178211 0.371504039 0.23768796
v -0.185696185 0.427207023 0.252489209
v -0.190249637 0.508532107 0.269408554
v -0.222116545 0.575487673 0.429113448
v -0.212949559 0.588169217 0.275596946
v -0.49902615 0.580545783 0.359221846
v -0.512933314 0.679351628 0.293734968
v -0.539031446 0.703423321 0.304990113
v -0.546276867 0.729629636 0.267041266
v -0.559265792 0.706180274 0.285644412
v -0.605828941 0.750580192 0.269717187
v -0.542671442 0.674819231 0.304821491
v -0.49902615 0.580545783 0.359221846
v -0.532260597 0.596749723 0.328736693
v -0.505183578 0.571817935 0.345087051
v -0.494725436 0.579228818 0.372363955
v -0.534846663 0.552451909 0.377443999
v -0.523916423 0.573380649 0.350452751
v -0.495393842 0.583417058 0.390422076
v -0.465898871 0.622097075 0.424075603
v -0.454138398 0.591633379 0.429157138
v -0.557408035 0.749231339 0.292480618
v -0.546276867 0.729629636 0.267041266
v -0.605828941 0.750580192 0.269717187
v -0.503234327 0.783935428 0.325185359
v -0.424936563 0.531844616 0.467443198
v -0.444152206 0.550859392 0.450042725
v -0.446346164 0.507579029 0.451114714
v -0.405041426 0.55810529 0.477666438
v -0.454138398 0.591633379 0.429157138
v -0.431295156 0.535102904 0.472757012
v -0.424936563 0.531844616 0.467443198
v -0.446346164 0.507579029 0.451114714
v -0.444152206 0.550859392 0.450042725
v -0.246208191 0.686899841 0.434285283
v -0.268828094 0.736183763 0.442656398
v -0.454138398 0.591633379 0.429157138
v -0.356706291 0.881953716 0.420937061
v -0.330861509 1.0731225 0.435516477
v -0.40950796 1.07520998 0.360305786
v -0.365662903 1.19866395 0.361435264
v -0.309546649 1.19129431 0.4794375
v -0.0327979885 0.770089865 -0.889566839
v -0 0.897314429 -1.0321548
v -0.0239072144 0.962718487 -0.985210955
v -0.0153233856 1.13312805 -1.09334826
v -0 1.0927788 -1.14351082
v -0.0261662453 0.853057683 -1.04602575
v -0.0189033467 0.892991781 -0.87948209
v -0 1.04734027 -0.943777084
v -0 1.17327225 -1.05922961
v -0.0119666904 0.963171124 -1.15834785
v -0 0.945173264 -1.17537773
v -0 0.813235521 -1.08076477
v -0 0.984082162 -1.14122939
v -0 0.77085799 -0.984874189
v -0.0176676828 0.715173304 -0.993460536
v -0.0352447666 0.719637156 -0.835274696
v -0 0.657561839 -0.88051331
v -0 0.662153304 -1.00430381
v -0 0.792375922 -1.21455657
v -0 1.36675477 -1.18409801
v -0 1.08562517 -1.24422944
v -0.286660939 0.13220799 0.436070204
v -0.215734363 0.111688703 0.442621678
v -0.280714005 0.160816431 0.37293902
v -0.178842127 0.115483962 0.391733497
v -0.326137662 0.0986456648 0.46466741
v -0.178882331 0.152401745 0.285253614
v -0.368826747 0.12620616 0.41957745
v -0.391038954 0.163800657 0.359205842
v -0.426063389 0.110741802 0.416217476
v -0.448529661 0.112831049 0.352985233
v -0.419410825 0.165451124 0.253657699
v -0.487031549 0.085457921 0.281895012
v -0.479302883 0.109447353 0.269560039
v -0.498167843 0.100511946 0.201601043
v -0.447139233 0.110179342 0.159237832
v -0.374467075 0.17238985 0.172014028
v -0.430665851 0.100416087 0.0983513892
v -0.371896863 0.115977168 0.102687448
v -0.304363102 0.167094037 0.155893773
v -0.300255388 0.0850628838 0.056550473
v -0.252880543 0.122421481 0.099395819
v -0.224735141 0.157296747 0.180229902
v -0.165358737 0.073615171 0.120134681
v -0.150228664 0.0967308581 0.179704279
v -0.116197594 0.0793012232 0.210280284
v -0.128295079 0.10818918 0.309090167
v -0.107741356 0.0814728811 0.323431492
v -0.371402949 0.0919506326 -0.379007757
v -0.371502221 0.0842960998 -0.339431345
v -0.3269234 0.119850069 -0.429241449
v -0.290035367 0.100449987 -0.349491954
v -0.421292633 0.0648383871 -0.455313712
v -0.227341726 0.121257566 -0.428650767
v -0.210769758 0.0838647187 -0.34087038
v -0.172157735 0.104407445 -0.385356158
v -0.128136382 0.0896927416 -0.414295763
v -0.122537374 0.100968756 -0.469896525
v -0.166624516 0.112968795 -0.503496289
v -0.104340591 0.071621798 -0.532250226
v -0.126672089 0.0943098441 -0.550804794
v -0.203297228 0.128519699 -0.567472935
v -0.138186991 0.0815873444 -0.611098945
v -0.160596162 0.0883469731 -0.626210988
v -0.262559861 0.114247188 -0.616814435
v -0.2006253 0.0784405619 -0.670381904
v -0.246640235 0.0711366385 -0.680425346
v -0.26673764 0.0857061371 -0.679411769
v -0.356736243 0.074469462 -0.672109306
v -0.351775914 0.0921954066 -0.652898848
v -0.349767119 0.135057494 -0.581777453
v -0.395154327 0.0822307765 -0.620967805
v -0.4068183 0.101408564 -0.53855741
v -0.370170087 0.105497785 -0.501717865
v -0.421985149 0.0623738989 -0.541788101
v -0.412558347 0.0988917053 -0.456867427
v -0.3269234 0.119850069 -0.429241449
v -0.3269234 0.119850069 -0.429241449
v -0.412558347 0.0988917053 -0.456867427
v -0.421292633 0.0648383871 -0.455313712
v -0.114708185 1.18489957 0.79526037
v -0.194719046 1.14120293 0.747656703
v -0.125384554 1.23391604 0.759427726
v -0.225442231 1.18690217 0.704295993
v -0.183805197 1.25479293 0.706868827
v -0.086756058 1.18344414 0.782086313
v -0.0914157555 1.2223568 0.767138958
v -0.109787263 1.24999583 0.735981226
v -0.168252185 1.26531899 0.695072591
v -0.219215125 1.25104976 0.675135195
v -0.213636428 1.26167107 0.668590963
v -0.0988879204 1.1194545 0.81679517
v -0.115445986 1.13338006 0.810257316
v -0.124673925 1.08389008 0.805113256
v -0.170730442 1.08414066 0.770780802
v -0.250496209 1.22236896 0.657685816
v -0.244985893 1.2383039 0.653845727
v -0.26585713 1.23916459 0.609484255
v -0.29598102 1.20891237 0.595113456
v -0.26890415 1.17588401 0.657459795
v -0.2843858 1.21835589 0.584652722
v -0.290444672 1.22351098 0.547720313
v -0.301680863 1.18123949 0.548541248
v -0.321993768 1.17796576 0.553518116
v -0.312471628 1.07322574 0.506379545
v -0.330861509 1.0731225 0.435516477
v -0.309546649 1.19129431 0.4794375
v -0.339448094 1.12165284 0.520974398
v -0.315244466 1.08208227 0.62366581
v -0.29120478 1.13630283 0.645168126
v -0.354521185 1.00244284 0.553622723
v -0.333937079 0.98760581 0.615949392
v -0.356562257 1.03531349 0.503969789
v -0.372598559 0.991773486 0.497935891
v -0.417184472 0.937547147 0.485065877
v -0.373501301 0.946777701 0.520593703
v -0.315122664 1.00124836 0.681204736
v -0.296342552 1.01449907 0.700895548
v -0.306872636 0.956024468 0.691727757
v -0.30656302 0.955621302 0.70132333
v -0.3031618 0.921604335 0.691008568
v -0.299171627 0.952548862 0.704784453
v -0.289881587 0.992218196 0.710775435
v -0.322172612 0.940922499 0.655109644
v -0.345192969 0.931813896 0.59051007
v -0.320865154 0.877009034 0.648338377
v -0.336956084 0.874552369 0.620020092
v -0.308049142 0.846045792 0.661832631
v -0.299833715 0.873122454 0.659724176
v -0.283466309 0.909681141 0.684485853
v -0.289500207 0.954100013 0.705376208
v -0.289881587 0.992218196 0.710775435
v -0.247142524 0.966701806 0.755244732
v -0.289500207 0.954100013 0.705376208
v -0.23988837 0.901143789 0.762342036
v -0.185557738 0.897031903 0.807981312
v -0.176674366 0.969051421 0.806028128
v -0.283466309 0.909681141 0.684485853
v -0.262631536 0.852432847 0.709225237
v -0.281645656 0.856892526 0.683030486
v -0.233245581 0.845044553 0.734113395
v -0.21185191 0.872844279 0.773997545
v -0.174743339 0.843777239 0.792288065
v -0.198089823 0.843441308 0.771626592
v -0.142218173 0.915536582 0.805507243
v -0.156380624 0.851722598 0.781779528
v -0.15387246 0.80929625 0.769437134
v -0.253102005 0.808759034 0.706701279
v -0.188490629 1.02370858 0.763640285
v -0.216279596 1.02855003 0.732584
v -0.166922331 1.02555573 0.775742948
v -0.138787732 1.02060282 0.791164219
v -0.163017765 1.04634094 0.773046196
v -0.136644498 0.947704911 0.814953566
v -0.251357645 1.06391633 0.696920514
v -0.26128009 1.11737835 0.67467773
v -0.0614806488 0.684709787 1.03220451
v -0.0728170797 0.7573722 0.987737
v -0.0370387919 0.753374457 1.02142906
v -0 0.754380405 1.0341531
v -0 0.724038899 1.05543828
v -0 0.680439889 1.07690454
v -0.0872817114 0.667117894 1.00568247
v -0.1158427 0.739305794 0.947180867
v -0.044068478 0.627274394 1.06830716
v -0 0.624402881 1.08826768
v -0 0.605261803 1.08612704
v -0.0452653319 0.606181622 1.06560409
v -0.093972005 0.835896611 0.924229622
v -0.109604374 0.839228928 0.905212104
v -0.116062336 0.898926437 0.872511804
v -0.066898495 0.543490648 0.846389532
v -0.0857000649 0.639388025 0.799651682
v -0.132423013 0.692562997 0.877719462
v -0.0997672379 0.6101017 0.932485402
v -0.0788541585 0.541146696 0.990993857
v -0.0578760318 0.473297477 0.905919611
v -0.0517703518 0.420498788 0.96725136
v -0.0793832988 0.478233635 1.04172623
v -0.061633274 0.425003201 1.091308
v -0.0440520458 0.377692014 1.03123081
v -0 0.359131992 1.01224649
v -0 0.399072945 0.947831035
v -0 0.446943581 0.882961035
v -0 0.515117049 0.818232656
v -0.0464944355 0.529807329 1.10694695
v -0.0292176008 0.468743414 1.1420275
v -0 0.544278085 1.12446392
v -0 0.480717152 1.15430701
v -0.0432050154 0.345289975 1.07764518
v -0 0.327161163 1.06424713
v -0.038139075 0.297252506 1.15453959
v -0 0.284125507 1.14072835
v -0.0633251593 0.338054508 1.20297229
v -0.0648100898 0.395359486 1.12777817
v -0.0348170996 0.447908849 1.17977822
v -0.0387468934 0.37980324 1.2548641
v -0 0.390519559 1.27726662
v -0 0.459611952 1.19716144
v -0 0.313957423 1.33769989
v -0.0325591564 0.306698173 1.31809044
v -0.0582725406 0.279302329 1.26697373
v -0.0306295007 0.247540712 1.21833992
v -0 0.237861082 1.20455253
v -0 0.270159125 1.3620156
v -0.0274927877 0.271253854 1.34298348
v -0.0224002209 0.230974913 1.37401116
v -0 0.231220245 1.39453518
v -0.0324614756 0.231180191 1.35566521
v -0.0235308334 0.211117983 1.39498305
v -0 0.213747442 1.41072965
v -0.0327605605 0.209801897 1.37628579
v -0.052694425 0.211274803 1.35352588
v -0.0548705272 0.251132876 1.29266965
v -0.0530054718 0.221593648 1.31484878
v -0.0278769303 0.222983181 1.24337721
v -0.03275121 0.195810825 1.26345706
v -0 0.182373881 1.24972498
v -0 0.214559421 1.22898388
v -0.0543635599 0.199587747 1.3055377
v -0 0.162351847 1.25508797
v -0.0341130719 0.176213607 1.26719332
v -0.142218173 0.915536582 0.805507243
v -0.145447552 0.851139188 0.812231779
v -0.156380624 0.851722598 0.781779528
v -0.116062336 0.898926437 0.872511804
v -0.136644498 0.947704911 0.814953566
v -0.109604374 0.839228928 0.905212104
v -0.143572018 0.780282259 0.837638319
v -0.1158427 0.739305794 0.947180867
v -0.0872817114 0.667117894 1.00568247
v -0.0452653319 0.606181622 1.06560409
v -0.153815433 0.783277333 0.730241895
v -0.21185191 0.872844279 0.773997545
v -0.112050854 0.717318773 0.760161579
v -0.106451429 0.743872523 0.701366484
v -0.0840794444 0.713719487 0.713566422
v -0.134424686 0.774091482 0.679977119
v -0.222367972 0.862140357 0.719243705
v -0.283466309 0.909681141 0.684485853
v -0.0916838273 0.752515554 0.688848376
v -0.0693712682 0.723142624 0.700803518
v -0.119946808 0.778762698 0.665970445
v -0.163435131 0.794064641 0.634640515
v -0.150206134 0.791567981 0.635545552
v -0.199218586 0.83001858 0.679778457
v -0.258704573 0.863605857 0.644615531
v -0.213011235 0.824414492 0.611621559
v -0.345192969 0.931813896 0.59051007
v -0.298911363 0.929647863 0.559784174
v -0.373501301 0.946777701 0.520593703
v -0.312471628 1.07322574 0.506379545
v -0.301386952 0.868286669 0.546523154
v -0.311795801 0.883601665 0.465945512
v -0.356706291 0.881953716 0.420937061
v -0.290735304 0.793326795 0.45415327
v -0.330861509 1.0731225 0.435516477
v -0.137680143 0.783285499 0.643501043
v -0.111793928 0.786936462 0.665479124
v -0.0867676809 0.764340103 0.687296152
v -0.0625959411 0.737619698 0.703270257
v -0.0329906344 0.715537608 0.715692222
v -0.0342852138 0.698622406 0.71179688
v -0 0.702842057 0.712442994
v -0 0.684551597 0.711548626
v -0.0379607342 0.679464579 0.726060748
v -0 0.667033732 0.72542274
v -0 0.600376964 0.766283095
v -0.166922331 1.02555573 0.775742948
v -0.192076772 1.03216314 0.749416769
v -0.180468872 1.07145298 0.756622553
v -0.188490629 1.02370858 0.763640285
v -0.163017765 1.04634094 0.773046196
v -0.223634243 1.05687356 0.712598383
v -0.216279596 1.02855003 0.732584
v -0.251357645 1.06391633 0.696920514
v -0.201400682 1.10459399 0.735517383
v -0.170730442 1.08414066 0.770780802
v -0.194719046 1.14120293 0.747656703
v -0.231063798 1.14721847 0.697313368
v -0.225442231 1.18690217 0.704295993
v -0.26890415 1.17588401 0.657459795
v -0.26128009 1.11737835 0.67467773
v -0.29120478 1.13630283 0.645168126
v -0.235697165 1.10475588 0.693241656
v -0.314765513 1.25350225 0.515040457
v -0.370948106 1.22219658 0.367160529
v -0.309546649 1.19129431 0.4794375
v -0.365662903 1.19866395 0.361435264
v -0.290444672 1.22351098 0.547720313
v -0.244985893 1.2383039 0.653845727
v -0.224086642 1.14340007 -0.143126264
v -0.248544052 1.19093108 -0.106423624
v -0.242646158 1.16166055 -0.109958738
v -0.203801379 1.14530027 -0.166106597
v -0.197856396 1.18234146 -0.1330304
v -0.280261427 1.2388736 -0.062745221
v -0.315695047 1.23060822 -0.0305025857
v -0.319256276 1.25192153 -0.0307723153
v -0.275502622 1.16268754 -0.0982377529
v -0.286402553 1.32248414 0.0249939095
v -0.245577499 1.15218651 -0.12347471
v -0.242646158 1.16166055 -0.109958738
v -0.197162315 1.28902459 -0.0666397437
v -0.182975695 1.3694346 -0.000205553166
v -0.194962874 1.4050982 0.0536310263
v -0.116440468 1.41127253 -0.0123876091
v -0.110539898 1.33001328 -0.0788571611
v -0.0936933905 1.25532484 -0.136310413
v -0.150048405 1.22645521 -0.135768414
v -0.248633564 1.37939298 0.0972075462
v -0.300897062 1.33208895 0.0893247202
v -0.328944892 1.28864956 0.0473962538
v -0.344168931 1.24001539 -0.00903178286
v -0.340541899 1.2148385 -0.0566814467
v -0.190521926 1.44229555 0.125317961
v -0.108220734 1.19010651 -0.195482343
v -0.135186568 1.1512897 -0.188112095
v -0.064943321 1.15145433 -0.238194808
v -0.0805718675 1.19316709 -0.187930778
v -0.162361294 1.14240634 -0.182869703
v -0.17621173 1.12421215 -0.176424652
v -0.129145458 1.1030829 -0.211938262
v -0.0288448185 0.744946659 -0.65040952
v -0 0.777938128 -0.655600965
v -0 0.830402792 -0.598594904
v -0.0517363548 0.823071897 -0.567459643
v -0.040609397 0.850853562 -0.540850818
v -0 0.867181063 -0.541927159
v -0.0283801071 0.896231949 -0.496579587
v -0.068257004 0.812786818 -0.566813648
v -0.0711752325 0.834980249 -0.538187146
v -0.06375736 0.878508329 -0.484079301
v -0.0647335127 0.907175243 -0.443298817
v -0.0666521043 0.931502819 -0.410822868
v -0 0.917300522 -0.515514135
v -0 0.954451978 -0.454265922
v -0 0.866853535 -0.554393709
v -0.049069982 0.97726649 -0.380000949
v -0 0.991771996 -0.378972173
v -0.0938655362 0.997507393 -0.320139766
v -0.0531274937 1.02553761 -0.332379341
v -0.110140324 1.04220593 -0.282604814
v -0.100227535 1.07683027 -0.255901873
v -0.0836207494 0.963331223 -0.367774308
v -0.0708583072 0.933430314 -0.426642895
v -0 1.04020894 -0.336887687
v -0 1.01201844 -0.412972182
v -0.0399091281 1.11861062 -0.263518363
v -0 1.11801231 -0.283517897
v -0.135186568 1.1512897 -0.188112095
v -0.0805718675 1.19316709 -0.187930778
v -0 1.21898103 -0.208738133
v -0 1.14742875 -0.285292625
v -0 1.12609398 -0.367177486
v -0 1.26222193 -0.17538093
v -0.135058999 1.09248602 -0.208080783
v -0.17621173 1.12421215 -0.176424652
v -0.126786813 1.06075788 -0.255126536
v -0.118349999 1.06014574 -0.257684469
v -0.110140324 1.04220593 -0.282604814
v -0.0990390778 1.04973876 -0.284790635
v -0.0407461934 1.28370667 -0.139665723
v -0.0936933905 1.25532484 -0.136310413
v -0.0846455768 1.34558499 -0.0812536776
v -0.110539898 1.33001328 -0.0788571611
v -0.116440468 1.41127253 -0.0123876091
v -0 0.867181063 -0.541927159
v -0 0.866853535 -0.554393709
v -0.0283801071 0.896231949 -0.496579587
v -0 1.60483789 0.299125642
v -0.0721226931 1.56698167 0.322103649
v -0.0459929183 1.56795752 0.238735035
v -0 1.58376944 0.237411365
v -0.0273252595 1.56759036 0.161620006
v -0 1.57931411 0.165077835
v -0 1.58804154 0.083586663
v -0 1.6089077 0.356215805
v -0 1.59247947 0.409602314
v -0.0618512817 1.54929078 0.421156824
v -0 1.5785861 0.434030175
v -0.156454861 1.49662733 0.233299658
v -0.101510644 1.50636077 0.149968117
v -0 1.54270875 0.174472213
v -0.227128327 1.44687355 0.15593119
v -0.235023737 1.41787279 0.18390581
v -0.170348883 1.47083056 0.24356924
v -0.190521926 1.44229555 0.125317961
v -0.152604312 1.44725668 0.0616114587
v -0.139180884 1.50186336 0.300308079
v -0.272372633 1.38601637 0.115494981
v -0.276596785 1.37195325 0.135567531
v -0.311909854 1.34085155 0.104787745
v -0.313020438 1.35545123 0.0900512114
v -0.344227552 1.34917712 0.0789392367
v -0.248633564 1.37939298 0.0972075462
v -0.313020438 1.35545123 0.0900512114
v -0.303429455 1.34179032 0.0846999139
v -0.344227552 1.34917712 0.0789392367
v -0.194962874 1.4050982 0.0536310263
v -0.182975695 1.3694346 -0.000205553166
v -0.152038425 1.40341353 -0.00492483191
v -0.160620004 1.33726239 -0.0455178283
v -0.144305184 1.35760391 -0.0592351854
v -0.118559688 1.32788861 -0.101082273
v -0.119949557 1.36878157 -0.0534012541
v -0.116440468 1.41127253 -0.0123876091
v -0.103904054 1.47511315 0.0636145845
v -0 1.52897477 0.0912693292
v -0.0756335631 1.46692562 -0.00440079579
v -0.0939849615 1.44349909 0.00195995555
v -0.0409363396 1.43862379 -0.105177917
v -0.0431009084 1.46934915 -0.00187044055
v -0 1.49251306 -0.0224499609
v -0 1.47357738 -0.12660782
v -0.110856734 1.52000761 0.369309336
v -0.0647335127 0.907175243 -0.443298817
v -0.101178609 0.891915977 -0.438220054
v -0.06375736 0.878508329 -0.484079301
v -0.115353689 0.858900666 -0.481217533
v -0.0711752325 0.834980249 -0.538187146
v -0.140351728 0.888999104 -0.425520957
v -0.212139904 0.839018106 -0.443608344
v -0.164241821 0.903116047 -0.403652489
v -0.201488987 0.940998077 -0.320989907
v -0.253686935 0.895800471 -0.309714079
v -0.295621812 0.73122716 -0.377498835
v -0.295454979 0.771816611 -0.266193181
v -0.321948171 0.814846873 -0.151464626
v -0.283698052 0.946719348 -0.207123145
v -0.232497826 0.999891937 -0.224824712
v -0.224031046 0.770680308 -0.549783528
v -0.135747433 0.796086609 -0.571827412
v -0.068257004 0.812786818 -0.566813648
v -0.116689049 0.730786443 -0.641991436
v -0.0517363548 0.823071897 -0.567459643
v -0.0288448185 0.744946659 -0.65040952
v -0.190445006 0.70398277 -0.630406797
v -0.289752215 0.727923274 -0.53638047
v -0.333110034 0.704325914 -0.431147695
v -0.360228479 0.605275214 -0.359786481
v -0.286705077 0.609980702 -0.300131261
v -0.369284391 0.585820317 -0.488498867
v -0.366518289 0.470688999 -0.272828698
v -0.389734417 0.458070904 -0.431210726
v -0.283090264 0.548706353 -0.606283367
v -0.298537493 0.436932594 -0.566313744
v -0.200327978 0.430076599 -0.589854658
v -0.17817916 0.536470234 -0.644024789
v -0.0880967602 0.525490701 -0.652482212
v -0.109827831 0.452623129 -0.60437119
v -0.393240362 0.36732474 -0.401941031
v -0.304808199 0.354635775 -0.535856009
v -0.215543896 0.344175786 -0.540673375
v -0.330671757 0.676365852 -0.518658817
v -0.255768269 0.644092441 -0.619667113
v -0.385394365 0.308841079 -0.414737284
v -0.303508878 0.306665331 -0.53772831
v -0.217154458 0.303530842 -0.536972404
v -0.375602871 0.25879845 -0.447573513
v -0.304554045 0.262980193 -0.555645943
v -0.218637958 0.263674617 -0.546317816
v -0.160597801 0.259142518 -0.427732408
v -0.150895774 0.303422242 -0.396382868
v -0.385921627 0.195636377 -0.515360892
v -0.306227565 0.201289758 -0.626565814
v -0.214532658 0.198481187 -0.615560889
v -0.155470982 0.193624124 -0.47971049
v -0.205994904 0.131221145 -0.652883291
v -0.299691617 0.130060598 -0.666420639
v -0.26673764 0.0857061371 -0.679411769
v -0.356736243 0.074469462 -0.672109306
v -0.351775914 0.0921954066 -0.652898848
v -0.380952835 0.136276096 -0.605300367
v -0.395154327 0.0822307765 -0.620967805
v -0.4068183 0.101408564 -0.53855741
v -0.152873352 0.132066414 -0.595935941
v -0.160596162 0.0883469731 -0.626210988
v -0.138186991 0.0815873444 -0.611098945
v -0.126672089 0.0943098441 -0.550804794
v -0.130392313 0.132883325 -0.507225037
v -0.104340591 0.071621798 -0.532250226
v -0.122537374 0.100968756 -0.469896525
v -0.2006253 0.0784405619 -0.670381904
v -0.246640235 0.0711366385 -0.680425346
v -0.402892232 0.123302229 -0.507106185
v -0.421985149 0.0623738989 -0.541788101
v -0.412558347 0.0988917053 -0.456867427
v -0.391607076 0.131737307 -0.421266764
v -0.421292633 0.0648383871 -0.455313712
v -0.371402949 0.0919506326 -0.379007757
v -0.348197848 0.132353306 -0.379059523
v -0.354933321 0.190840662 -0.373197883
v -0.284593225 0.12718381 -0.354596317
v -0.371502221 0.0842960998 -0.339431345
v -0.290035367 0.100449987 -0.349491954
v -0.282156944 0.177140877 -0.335901201
v -0.280706882 0.241414011 -0.249604627
v -0.355978996 0.249568298 -0.299300641
v -0.28261292 0.290885448 -0.19390808
v -0.361992568 0.301711887 -0.249828175
v -0.285789192 0.368618995 -0.179161102
v -0.365653902 0.372784644 -0.23428905
v -0.290252149 0.471308351 -0.218585864
v -0.22349228 0.486794233 -0.277873784
v -0.203613043 0.357225478 -0.23795633
v -0.150832981 0.409293294 -0.386203647
v -0.147358209 0.344178855 -0.384522885
v -0.197799712 0.285255164 -0.246948183
v -0.150895774 0.303422242 -0.396382868
v -0.200185314 0.24109225 -0.289463282
v -0.160597801 0.259142518 -0.427732408
v -0.155470982 0.193624124 -0.47971049
v -0.206348225 0.179125711 -0.372292131
v -0.286886126 0.637578845 -0.223674268
v -0.247844771 0.530568779 -0.202245459
v -0.150176212 0.132429257 -0.426204294
v -0.217031926 0.127972513 -0.364403158
v -0.172157735 0.104407445 -0.385356158
v -0.128136382 0.0896927416 -0.414295763
v -0.122537374 0.100968756 -0.469896525
v -0.130392313 0.132883325 -0.507225037
v -0.210769758 0.0838647187 -0.34087038
v -0.266169816 0.553848922 -0.0616604798
v -0.173733905 0.41970405 -0.190243617
v -0.200830266 0.444749683 -0.0497104824
v -0.221470222 0.487287372 0.102182746
v -0.275362432 0.581585705 0.0513847284
v -0.329002291 0.715335727 -0.00330676395
v -0.305805892 0.679214895 -0.098871693
v -0.368092328 0.82462436 -0.0208055563
v -0.367792696 0.893531501 -0.0643110797
v -0.286732942 0.638867795 0.147503331
v -0.311463058 0.651095331 0.0621512681
v -0.414704651 0.822766483 -0.00539328018
v -0.424194932 0.827615499 0.0467180386
v -0.391371459 0.786704719 0.00613556476
v -0.394248992 0.765973091 -0.0526938364
v -0.394248992 0.765973091 -0.0526938364
v -0.373227507 0.717303395 0.0136280823
v -0.329002291 0.715335727 -0.00330676395
v -0.315876901 0.649071574 0.0268390607
v -0.336559474 0.64939183 0.0360193998
v -0.350251228 0.653829694 0.0564412661
v -0.368092328 0.82462436 -0.0208055563
v -0.317386568 0.604543209 0.0638278201
v -0.321188539 0.607712448 0.0946358219
v -0.297484994 0.576881409 0.146213248
v -0.299999088 0.61705178 0.0952304155
v -0.311463058 0.651095331 0.0621512681
v -0.286732942 0.638867795 0.147503331
v -0.12223462 0.376487106 0.105426401
v -0.0548876561 0.358985424 0.186109364
v -0.059175346 0.345140606 0.0829983503
v -0.116418734 0.35828644 -0.0536669642
v -0 0.296065181 0.0923737586
v -0 0.340039372 0.184631214
v -0 0.342205882 0.0667936578
v -0.0156862419 0.31598717 0.0178540386
v -0.0373937637 0.297320724 -0.0288981199
v -0.0543049239 0.330185533 -0.0121812942
v -0.0543049239 0.330185533 -0.0121812942
v -0.0727979094 0.31929484 -0.0827257335
v -0.0526645258 0.330750048 -0.103855334
v -0.0543049239 0.330185533 -0.0121812942
v -0.0290277395 0.31260246 -0.0543222651
v -0 0.309330732 -0.0537818223
v -0 0.294391811 -0.104942031
v -0 0.318393141 -0.108977117
v -0 0.326112598 -0.0154289315
v -0.103016704 0.358869165 -0.186650768
v -0.0377115756 0.331369311 -0.160312191
v -0 0.326929301 -0.134162769
v -0 0.308199733 -0.185657591
v -0 0.32734108 -0.211368293
v -0 0.335204065 -0.28984496
v -0.0568910874 0.347173005 -0.290818095
v -0.0839236602 0.323782414 -0.320966482
v -0.127083257 0.382095933 -0.290013909
v -0.0324506015 0.34395346 -0.391464263
v -0 0.334477991 -0.331474513
v -0.150832981 0.409293294 -0.386203647
v -0.112624317 0.374174863 -0.389976233
v -0.0935967118 0.363480508 -0.289375544
v -0 1.26222193 -0.17538093
v -0 1.26389277 -0.253459424
v -0.045116663 1.29430616 -0.160632059
v -0.0407461934 1.28370667 -0.139665723
v -0.0846455768 1.34558499 -0.0812536776
v -0 1.39562798 -0.0846766084
v -0.0431009084 1.46934915 -0.00187044055
v -0 1.44833481 -0.0152500961
v -0.0939849615 1.44349909 0.00195995555
v -0.116440468 1.41127253 -0.0123876091
v -0.103904054 1.47511315 0.0636145845
v -0 1.31775296 -0.169381902
v -0 1.26389277 -0.253459424
v -0.0273252595 1.56759036 0.161620006
v -0 1.54270875 0.174472213
v -0 1.58804154 0.083586663
v -0.0459929183 1.56795752 0.238735035
v -0 0.700731874 0.69451946
v -0.0339613631 0.704116106 0.699608624
v -0.0328235961 0.686942101 0.636308551
v -0 0.682689786 0.627983868
v -0.047639396 0.714163184 0.50872308
v -0.0863184035 0.713649452 0.625250995
v -0.123465382 0.743456423 0.591200709
v -0.100743942 0.745375812 0.680116415
v -0.0656630471 0.726125598 0.696409523
v -0.128362954 0.760390103 0.657307446
v -0 0.70626533 0.502702296
v -0.0467509255 0.768408895 0.476900727
v -0.121967122 0.786400974 0.512871444
v -0 0.761409283 0.478594393
v -0.0484836772 0.809739947 0.519300997
v -0 0.800131738 0.517638385
v -0.0411569402 0.763245523 0.655629814
v -0 0.753938437 0.650182307
v -0 0.702842057 0.712442994
v -0.0329906344 0.715537608 0.715692222
v -0.139622375 0.788338661 0.597446203
v -0.139622375 0.788338661 0.597446203
v -0.137680143 0.783285499 0.643501043
v -0.100279957 0.797779381 0.630795658
v -0.137680143 0.783285499 0.643501043
v -0.111793928 0.786936462 0.665479124
v -0.0867676809 0.764340103 0.687296152
v -0.0625959411 0.737619698 0.703270257
v -0 0.631893992 0.663476765
v -0 0.598604977 0.675705552
v -0.0515589267 0.626288533 0.651819587
v -0 0.536660731 0.669781625
v -0.0527696498 0.548178077 0.631320775
v -0.0424833558 0.508095086 0.61410749
v -0 0.492945552 0.64588064
v -0.0182848219 0.443617553 0.62991029
v -0 0.482703686 0.599197924
v -0 0.438452303 0.620554209
v -0 0.445422739 0.639823377
v -0 0.423716813 0.659571588
v -0 0.423716813 0.659571588
v -0.132400319 0.545755327 0.56908077
v -0.142132536 0.652446747 0.615580261
v -0.169756696 0.565920234 0.577833116
v -0.223046184 0.669519961 0.5440014
v -0.210894585 0.601550221 0.517495334
v -0.246796146 0.588267505 0.479592353
v -0.273240894 0.651046038 0.516459465
v -0.27619499 0.669951141 0.472922206
v -0.200629652 0.767148256 0.606164396
v -0.314550608 0.729605079 0.523491919
v -0.213011235 0.824414492 0.611621559
v -0.301386952 0.868286669 0.546523154
v -0.163435131 0.794064641 0.634640515
v -0.349368721 0.747031689 0.505161524
v -0.311795801 0.883601665 0.465945512
v -0.303640783 0.675736547 0.503421783
v -0.295270026 0.643697858 0.498618215
v -0.276864231 0.609795034 0.492357939
v -0.276864231 0.609795034 0.492357939
v -0.206978679 0.553716123 0.480568945
v -0.223662302 0.549405336 0.466778666
v -0.227686837 0.591747582 0.444368273
v -0.195898354 0.522543311 0.457571566
v -0.195898354 0.522543311 0.457571566
v -0.328980714 0.645644069 0.503631771
v -0.246208191 0.686899841 0.434285283
v -0.268828094 0.736183763 0.442656398
v -0.290735304 0.793326795 0.45415327
v -0.303640783 0.675736547 0.503421783
v -0.329494864 0.756613553 0.473461777
v -0.311795801 0.883601665 0.465945512
v -0.295270026 0.643697858 0.498618215
v -0.276864231 0.609795034 0.492357939
v -0.350258887 0.669273913 0.4930273
v -0.328980714 0.645644069 0.503631771
v -0.387769729 0.636379123 0.491924971
v -0.360065222 0.663704515 0.508364975
v -0.387769729 0.636379123 0.491924971
v -0.349368721 0.747031689 0.505161524
v -0.345677793 0.657337546 0.515251577
v -0.387769729 0.636379123 0.491924971
v -0.360065222 0.663704515 0.508364975
v -0.212178767 0.531928718 0.41612646
v -0.140787274 0.478389144 0.481646955
v -0.196089059 0.462182999 0.40108192
v -0.172527194 0.41739729 0.392691046
v -0.137759984 0.412575215 0.403827995
v -0.206481516 0.533063352 0.390344918
v -0.227686837 0.591747582 0.444368273
v -0.222116545 0.575487673 0.429113448
v -0.246208191 0.686899841 0.434285283
v -0.181955755 0.554386735 0.496995121
v -0.202647701 0.560461164 0.47388956
v -0.210894585 0.601550221 0.517495334
v -0.147195682 0.356090158 0.393576205
v -0.0842868611 0.398082733 0.453790933
v -0.0731514022 0.439635605 0.510146916
v -0 0.389994651 0.479455292
v -0.0323054269 0.465896368 0.56072396
v -0 0.424781322 0.524242878
v -0 0.383638293 0.499894142
v -0.0316706225 0.388325036 0.4888179
v -0 0.345101148 0.489041388
v -0.0735007524 0.36111176 0.403884828
v -0 0.342221022 0.40907836
v -0.031151304 0.333919585 0.377184093
v -0.0978205726 0.361046374 0.386633456
v -0.0571413375 0.325870425 0.381177962
v -0.0563589334 0.343981773 0.378409028
v -0 0.309361368 0.378596306
v -0 0.482703686 0.599197924
v -0 0.449859381 0.583358765
v -0 0.416955709 0.539506495
v -0.0127119645 0.424235463 0.533020794
v -0 0.395380318 0.524939418
v -0.145633668 0.524070442 0.531970084
v -0.172521219 0.517449379 0.521969557
v -0.124997154 0.513770342 0.546410561
v -0.147455826 0.508921325 0.555524409
v -0.108920664 0.475395799 0.522475541
v -0.172521219 0.517449379 0.521969557
v -0.0748463795 0.363798827 0.365926117
v -0.0978205726 0.361046374 0.386633456
v -0.0571413375 0.325870425 0.381177962
v -0.0563589334 0.343981773 0.378409028
v -0.031151304 0.333919585 0.377184093
v -0.137759984 0.412575215 0.403827995
v -0.0692793131 0.357592016 0.321931005
v -0 0.352115482 0.316878647
v -0.06967628 0.340297461 0.230265647
v -0.0334883779 0.355091989 0.29345268
v -0 0.309361368 0.378596306
v -0.0660840124 0.372959048 0.245366186
v -0.0660840124 0.372959048 0.245366186
v -0.196089059 0.462182999 0.40108192
v -0.172527194 0.41739729 0.392691046
v -0.165105775 0.409194708 0.377760947
v -0.206481516 0.533063352 0.390344918
v -0.147195682 0.356090158 0.393576205
v -0.137759984 0.412575215 0.403827995
v -0.175796658 0.471235424 0.335937679
v -0.165105775 0.409194708 0.377760947
v -0.147195682 0.356090158 0.393576205
v -0.212949559 0.588169217 0.275596946
v -0.222116545 0.575487673 0.429113448
v -0.206481516 0.533063352 0.390344918
v -0.200733677 0.545423508 0.276366502
v -0.0334883779 0.355091989 0.29345268
v -0.0660840124 0.372959048 0.245366186
v -0.06967628 0.340297461 0.230265647
v -0 0.315985173 -0.444552034
v -0 0.348888934 -0.450253129
v -0.0324506015 0.34395346 -0.391464263
v -0 0.334477991 -0.331474513
v -0.112624317 0.374174863 -0.389976233
v -0.145222217 0.400087893 -0.465614259
v -0.150832981 0.409293294 -0.386203647
v -0 0.381691724 -0.540911078
v -0.131285891 0.412425667 -0.534942806
v -0 0.444580615 -0.61760509
v -0.153190807 0.402616113 -0.545616925
v -0.163902238 0.347052366 -0.476168782
v -0.145222217 0.400087893 -0.465614259
v -0.150832981 0.409293294 -0.386203647
v -0.147358209 0.344178855 -0.384522885
v -0 0.535309494 -0.662979126
v -0 0.642812431 -0.672706425
v -0.0926363766 0.636074841 -0.668350995
v -0.167869717 0.628884852 -0.658010602
v -0 0.697589576 -0.664269328
v -0.0839236602 0.323782414 -0.320966482
v -0.0568910874 0.347173005 -0.290818095
v -0.0935967118 0.363480508 -0.289375544
v -0.127083257 0.382095933 -0.290013909
v -0.324719876 0.31020987 0.118942857
v -0.438866884 0.311332703 0.21053125
v -0.44697693 0.267847151 0.207770973
v -0.325092733 0.264727533 0.114121027
v -0.182830766 0.314304471 0.23323226
v -0.168551326 0.267043918 0.230782643
v -0.444072098 0.265934438 0.333032995
v -0.438973188 0.305650324 0.338037014
v -0.331564665 0.303116024 0.422175825
v -0.329163283 0.267807454 0.416167051
v -0.218925476 0.302546054 0.38803646
v -0.2107476 0.262369096 0.385467947
v -0.168551326 0.267043918 0.230782643
v -0.182830766 0.314304471 0.23323226
v -0.458752096 0.188955128 0.336187124
v -0.326782644 0.191147551 0.427153587
v -0.191206276 0.183219984 0.39208588
v -0.135000527 0.180058792 0.224239781
v -0.321075708 0.182910785 0.103752732
v -0.202073097 0.178966686 0.15451768
v -0.46743843 0.188983396 0.178734168
v -0.479302883 0.109447353 0.269560039
v -0.498167843 0.100511946 0.201601043
v -0.447139233 0.110179342 0.159237832
v -0.252880543 0.122421481 0.099395819
v -0.300255388 0.0850628838 0.056550473
v -0.371896863 0.115977168 0.102687448
v -0.128295079 0.10818918 0.309090167
v -0.116197594 0.0793012232 0.210280284
v -0.150228664 0.0967308581 0.179704279
v -0.430665851 0.100416087 0.0983513892
v -0.165358737 0.073615171 0.120134681
v -0.150228664 0.0967308581 0.179704279
v -0.135000527 0.180058792 0.224239781
v -0.487031549 0.085457921 0.281895012
v -0.448529661 0.112831049 0.352985233
v -0.426063389 0.110741802 0.416217476
v -0.368826747 0.12620616 0.41957745
v -0.326137662 0.0986456648 0.46466741
v -0.286660939 0.13220799 0.436070204
v -0.215734363 0.111688703 0.442621678
v -0.178842127 0.115483962 0.391733497
v -0.107741356 0.0814728811 0.323431492
v -0.379214853 1.2704916 0.328645319
v -0.370948106 1.22219658 0.367160529
v -0.365662903 1.19866395 0.361435264
v -0 1.44833481 -0.0152500961
v -0 1.47357738 -0.12660782
v -0.0431009084 1.46934915 -0.00187044055
v -0.0327605605 0.209801897 1.37628579
v -0 0.194499508 1.38914275
v -0.052694425 0.211274803 1.35352588
v -0.0543635599 0.199587747 1.3055377
v -0 0.175846189 1.31207657
v -0.0341130719 0.176213607 1.26719332
v -0.0235308334 0.211117983 1.39498305
v -0 0.213747442 1.41072965
v -0 0.162351847 1.25508797
v -0.0365199633 0.801875055 -0.926107705
v -0.0189033467 0.892991781 -0.87948209
v -0.0672019273 0.989094853 -0.993957639
v -0.0352447666 0.719637156 -0.835274696
v -0 0.77965951 -0.694771886
v -0 0.777938128 -0.655600965
v -0.0288448185 0.744946659 -0.65040952
v -0.0391260684 0.76576674 -0.739785612
v -0 0.697589576 -0.664269328
v -0 0.690598607 -0.699314177
v -0 0.895469248 -0.702762425
v -0 0.947247803 -0.721829832
v -0 0.636643708 -0.747653842
v -0.041958414 0.951063812 -0.835107625
v -0 1.01350892 -0.79381001
v -0 1.10650802 -0.884203851
v -0.0292238705 1.07471025 -0.917275667
v -0 1.28344572 -0.975405693
v -0 1.05058742 -0.958099127
v -0.0189033467 0.892991781 -0.87948209
v -0.0720279515 0.849210441 -0.88555342
v -0.0672019273 0.989094853 -0.993957639
v -0.0352447666 0.719637156 -0.835274696
v -0.0464465357 0.673350334 -0.832360506
v -0.0537564829 0.732908785 -0.94167316
v -0 0.618967175 -0.840607405
v -0.0365199633 0.801875055 -0.926107705
v -0.0672019273 0.989094853 -0.993957639
v -0.0399091281 1.11861062 -0.263518363
v -0 1.11801231 -0.283517897
v -0 1.12609398 -0.367177486
v -0.250151604 1.0479151 -0.16381903
v -0.253974766 1.08544147 -0.127063006
v -0.156380624 0.851722598 0.781779528
v -0.21185191 0.872844279 0.773997545
v -0.198089823 0.843441308 0.771626592
v -0.15387246 0.80929625 0.769437134
v -0.21185191 0.872844279 0.773997545
v -0.283466309 0.909681141 0.684485853
v -0.281645656 0.856892526 0.683030486
v -0.233245581 0.845044553 0.734113395
v -0.253102005 0.808759034 0.706701279
v -0.299833715 0.873122454 0.659724176
v -0.336956084 0.874552369 0.620020092
v -0.308049142 0.846045792 0.661832631
v -0.283466309 0.909681141 0.684485853
v -0.345192969 0.931813896 0.59051007
v -0.364301354 0.942800105 0.56215024
v -0.355472177 0.897922814 0.558783352
v -0.363638908 0.902975798 0.537962377
v -0.336669683 0.8917256 0.570221603
v -0.331267774 0.853627861 0.574169815
v -0.363638908 0.902975798 0.537962377
v -0.336669683 0.8917256 0.570221603
v -0.345192969 0.931813896 0.59051007
v -0.373501301 0.946777701 0.520593703
v -0.331267774 0.853627861 0.574169815
v -0.300897062 1.33208895 0.0893247202
v -0.303429455 1.34179032 0.0846999139
v -0.344227552 1.34917712 0.0789392367
v -0.248633564 1.37939298 0.0972075462
v -0.0939849615 1.44349909 0.00195995555
v -0.0431009084 1.46934915 -0.00187044055
v -0.0409363396 1.43862379 -0.105177917
v -0.135186568 1.1512897 -0.188112095
v -0.0805718675 1.19316709 -0.187930778
v -0.064943321 1.15145433 -0.238194808
v -0 0.605261803 1.08612704
v -0.224086642 1.14340007 -0.143126264
v -0.197856396 1.18234146 -0.1330304
v -0.203801379 1.14530027 -0.166106597
v -0.160620004 1.33726239 -0.0455178283
v -0.119949557 1.36878157 -0.0534012541
v -0.118559688 1.32788861 -0.101082273
v -0.182975695 1.3694346 -0.000205553166
v -0.116440468 1.41127253 -0.0123876091
v -0 0.424781322 0.524242878
v -0.0323054269 0.465896368 0.56072396
v -0.0127119645 0.424235463 0.533020794
v -0 0.395380318 0.524939418
v -0.312471628 1.07322574 0.506379545
v -0.356562257 1.03531349 0.503969789
v -0.372598559 0.991773486 0.497935891
v -0.348978519 0.987866879 0.498970121
v -0.339448094 1.12165284 0.520974398
v -0.417184472 0.937547147 0.485065877
v -0.373501301 0.946777701 0.520593703
v -0.348978519 0.987866879 0.498970121
v -0.373501301 0.946777701 0.520593703
v -0.312471628 1.07322574 0.506379545
v -0.394248992 0.765973091 -0.0526938364
v -0.391371459 0.786704719 0.00613556476
v -0.368092328 0.82462436 -0.0208055563
v -0.344227552 1.34917712 0.0789392367
v -0.311909854 1.34085155 0.104787745
v -0.300897062 1.33208895 0.0893247202
v -0.276596785 1.37195325 0.135567531
v -0 0.631950378 0.70320648
v -0.0374594517 0.645561039 0.69938904
v -0.0395070016 0.653734088 0.728079975
v -0 0.635574162 0.731096029
v -0.0357425287 0.695780456 0.716954172
v -0 0.69020927 0.714919806
v -0.0408169106 0.651422083 0.673415661
v -0 0.638143718 0.6805529
v -0 0.631893992 0.663476765
v -0.0825148672 0.696331859 0.713179469
v -0.0735364705 0.720822632 0.709593415
v -0.105806224 0.733019531 0.696850061
v -0.0945954844 0.709516346 0.683502555
v -0.101146698 0.750433743 0.694913685
v -0.131411701 0.768252373 0.674954236
v -0.123811804 0.774981916 0.672212481
v -0.120915867 0.723651052 0.646162987
v -0.128362954 0.760390103 0.657307446
v -0.100743942 0.745375812 0.680116415
v -0.0656630471 0.726125598 0.696409523
v -0.0339613631 0.704116106 0.699608624
v -0 0.700731874 0.69451946
v -0.163435131 0.794064641 0.634640515
v -0.150206134 0.791567981 0.635545552
v -0.137680143 0.783285499 0.643501043
v -0 0.345101148 0.489041388
v -0 0.389994651 0.479455292
v -0.0316706225 0.388325036 0.4888179
v -0.0731514022 0.439635605 0.510146916
v -0.210894585 0.601550221 0.517495334
v -0.202647701 0.560461164 0.47388956
v -0.206978679 0.553716123 0.480568945
v -0.195898354 0.522543311 0.457571566
v -0.227686837 0.591747582 0.444368273
v -0.0735007524 0.36111176 0.403884828
v -0.0563589334 0.343981773 0.378409028
v -0.0571413375 0.325870425 0.381177962
v -0.3031618 0.921604335 0.691008568
v -0.299171627 0.952548862 0.704784453
v -0.306872636 0.956024468 0.691727757
v -0.315122664 1.00124836 0.681204736
v -0.289881587 0.992218196 0.710775435
v -0 0.657561839 -0.88051331
v -0.0352447666 0.719637156 -0.835274696
v -0.0537564829 0.732908785 -0.94167316
v -0 0.618967175 -0.840607405
v -0.124997154 0.513770342 0.546410561
v -0.129546568 0.517883599 0.523317039
v -0.108920664 0.475395799 0.522475541
v -0.172521219 0.517449379 0.521969557
v -0.132400319 0.545755327 0.56908077
v -0.145633668 0.524070442 0.531970084
v -0.315695047 1.23060822 -0.0305025857
v -0.319256276 1.25192153 -0.0307723153
v -0.340541899 1.2148385 -0.0566814467
v -0.344168931 1.24001539 -0.00903178286
v -0.275502622 1.16268754 -0.0982377529
v -0.242646158 1.16166055 -0.109958738
v -0.245577499 1.15218651 -0.12347471
v -0.406688988 1.19480598 0.0981492326
v -0.311463058 0.651095331 0.0621512681
v -0.329002291 0.715335727 -0.00330676395
v -0.315876901 0.649071574 0.0268390607
v -0.317386568 0.604543209 0.0638278201
v -0.317386568 0.604543209 0.0638278201
v -0.350251228 0.653829694 0.0564412661
v -0.311463058 0.651095331 0.0621512681
v -0.286732942 0.638867795 0.147503331
v -0.299999088 0.61705178 0.0952304155
v -0.297484994 0.576881409 0.146213248
v -0.311463058 0.651095331 0.0621512681
v -0.349706709 0.609943151 0.140716791
v -0.286732942 0.638867795 0.147503331
v -0.297484994 0.576881409 0.146213248
v -0 1.01201844 -0.412972182
v -0.0531274937 1.02553761 -0.332379341
v -0 0.991771996 -0.378972173
v -0.129145458 1.1030829 -0.211938262
v -0.17621173 1.12421215 -0.176424652
v -0.135186568 1.1512897 -0.188112095
v -0.0990390778 1.04973876 -0.284790635
v -0.110140324 1.04220593 -0.282604814
v -0.100227535 1.07683027 -0.255901873
v -0.0666521043 0.931502819 -0.410822868
v -0.049069982 0.97726649 -0.380000949
v -0.0708583072 0.933430314 -0.426642895
v -0.0836207494 0.963331223 -0.367774308
v -0.0666521043 0.931502819 -0.410822868
v -0.0708583072 0.933430314 -0.426642895
v -0 1.05058742 -0.958099127
v -0.0189033467 0.892991781 -0.87948209
v -0 1.04734027 -0.943777084
v -0.213636428 1.26167107 0.668590963
v -0.211083472 1.265432 0.684378862
v -0.213636428 1.26167107 0.668590963
v -0.219215125 1.25104976 0.675135195
v -0.211083472 1.265432 0.684378862
v -0.532260597 0.596749723 0.328736693
v -0.523916423 0.573380649 0.350452751
v -0.172246262 0.0483545847 0.149769634
v -0.201960847 0.0068337121 0.168258682
v -0.161729917 -0.00368738291 0.164541662
v -0.147414297 0.0440380834 -0.607985973
v -0.179930434 0.00697562937 -0.600712717
v -0.13126263 0.0130209131 -0.607999623
v -0.0543049239 0.330185533 -0.0121812942
v -0 0.342205882 0.0667936578
v -0 0.326112598 -0.0154289315
v -0.23590599 1.47893906 0.291986763
v -0.253974766 1.08544147 -0.127063006
v -0.244985893 1.2383039 0.653845727
v 0.213636428 1.26167107 0.668590963
vt 0.299487352 0.0310564339
vt 0.318605542 0.0335395634
vt 0.305454254 0.0195776783
vt 0.297187805 0.0126341237
vt 0.311464429 0.0131244306
vt 0.322368801 0.0120946122
vt 0.334281713 0.0278203003
vt 0.336786777 0.0124655403
vt 0.280567527 0.0271475818
vt 0.280318439 0.0345145762
vt 0.293830812 0.064846158
vt 0.33042118 0.064846158
vt 0.36937803 0.0624880232
vt 0.264001817 0.0401473492
vt 0.281718671 0.0141276969
vt 0.273187429 0.0169278458
vt 0.259376526 0.0189682022
vt 0.248093069 0.0389922112
vt 0.249185145 0.0144266868
vt 0.236811072 0.0182191804
vt 0.229279697 0.0385239571
vt 0.253176451 0.064846158
vt 0.231946766 0.0156488493
vt 0.223967105 0.0161633566
vt 0.214163035 0.0360358208
vt 0.212302774 0.0130451703
vt 0.198921353 0.0214628354
vt 0.201779306 0.0366055816
vt 0.208846182 0.0487500578
vt 0.213802278 0.064846158
vt 0.174909204 0.064846158
vt 0.187791407 0.0485765487
vt 0.164230227 0.047522828
vt 0.197318688 0.0417859405
vt 0.202186733 0.042533502
vt 0.192450643 0.0410383791
vt 0.187527031 0.0323289484
vt 0.182910651 0.0422474891
vt 0.17623961 0.0420622528
vt 0.169568568 0.0418770164
vt 0.167671531 0.0294729304
vt 0.158505082 0.0381698757
vt 0.148959547 0.0401292071
vt 0.115326762 0.064846158
vt 0.13984701 0.0386158973
vt 0.101952203 0.0332558565
vt 0.125104338 0.0299271178
vt 0.108013123 0.016559042
vt 0.119662203 0.0117024863
vt 0.133470446 0.0153633589
vt 0.136586815 0.0290725958
vt 0.0939968228 0.0214834884
vt 0.0311012864 0.128960013
vt 0.029959172 0.153255433
vt 0.0753142312 0.140665531
vt 0.037412107 0.109287739
vt 0.0564768612 0.0910799503
vt 0.0379771888 0.0828029513
vt 0.0974911451 0.0910156667
vt 0.112018377 0.106171817
vt 0.113783836 0.0806191862
vt 0.122575402 0.131375551
vt 0.121928483 0.151446193
vt 0.138623089 0.111160956
vt 0.0168672502 0.131209433
vt 0.0704072416 0.0686203837
vt 0.129517436 0.140080333
vt 0.0225229859 0.108065188
vt 0.0293069743 0.183291778
vt 0.0150823304 0.16699338
vt 0.0407219678 0.214311644
vt 0.0531782731 0.195670575
vt 0.0230352432 0.204546452
vt 0.0284140408 0.233451337
vt 0.0160739422 0.227226943
vt 0.0627129078 0.195688039
vt 0.0522478223 0.209558159
vt 0.058717072 0.21078977
vt 0.0885337293 0.195862383
vt 0.0877981931 0.219277978
vt 0.0649589896 0.219154894
vt 0.0848037302 0.247896791
vt 0.0692094564 0.248221755
vt 0.0986217558 0.195621073
vt 0.0931400061 0.212335616
vt 0.0974521339 0.212100163
vt 0.11984361 0.183567449
vt 0.129474223 0.205413461
vt 0.10781084 0.214042231
vt 0.134476602 0.228704453
vt 0.121727228 0.235450268
vt 0.14036575 0.160892308
vt 0.370799065 0.0284924228
vt 0.363908589 0.0170042813
vt 0.34645772 0.0152957737
vt 0.0403338484 0.0449391603
vt 0.0520415753 0.0456210561
vt 0.0450806133 0.0206559692
vt 0.0301970616 0.0422725305
vt 0.0520415753 0.060691271
vt 0.036908146 0.0620941035
vt 0.0235428363 0.062094491
vt 0.036908146 0.0620941035
vt 0.0169341527 0.0360497758
vt 0.0438903421 0.00986469444
vt 0.0097118672 0.062094491
vt 0.0591332354 0.0206559692
vt 0.0587138534 0.00986469444
vt 0.0709683374 0.0406514704
vt 0.0627629384 0.0463029519
vt 0.0773524716 0.0620944314
vt 0.0831403136 0.0347642079
vt 0.0914830342 0.0620948263
vt 0.0642157719 0.062094491
vt 0.0405559018 0.0446775928
vt 0.0520415753 0.045350004
vt 0.0450806133 0.0206559692
vt 0.0301970616 0.0422725305
vt 0.0232406911 0.0620942377
vt 0.0378451198 0.0620944314
vt 0.00965452753 0.0620942377
vt 0.0172877554 0.0359062254
vt 0.0438903421 0.00986469444
vt 0.0520415753 0.0606914349
vt 0.0627629384 0.0460224152
vt 0.0642157719 0.062094491
vt 0.0771625414 0.0620944314
vt 0.0709683374 0.0406514704
vt 0.0591332354 0.0206559692
vt 0.0820905417 0.0339877456
vt 0.0911556706 0.062094491
vt 0.0587138534 0.00986469444
vt 0.0438903421 0.00986469444
vt 0.0587138534 0.00986469444
vt 0.0587138534 0.00986469444
vt 0.0406671837 0.0443907827
vt 0.0378251933 0.062094491
vt 0.0520415753 0.060691338
vt 0.0520415753 0.0452524237
vt 0.0450806133 0.0206559692
vt 0.0301970616 0.0422725305
vt 0.0241398588 0.0620944314
vt 0.0176994968 0.0360542908
vt 0.0438903421 0.00986469444
vt 0.0107049476 0.0620941035
vt 0.0587138534 0.00986469444
vt 0.0591332354 0.0206559692
vt 0.0709683374 0.0406514704
vt 0.0627629384 0.0461140648
vt 0.0771685988 0.0620942377
vt 0.0642157719 0.0620942377
vt 0.08297728 0.0345542282
vt 0.0912776887 0.062094491
vt 0.101952203 0.0332558565
vt 0.0939968228 0.0214834884
vt 0.0872083232 0.0264513548
vt 0.139984816 0.695191562
vt 0.14086774 0.699455082
vt 0.144964337 0.691853881
vt 0.138081133 0.696729779
vt 0.13183108 0.698997855
vt 0.14086774 0.699455082
vt 0.138081133 0.696729779
vt 0.128823921 0.717954338
vt 0.135392353 0.718505442
vt 0.133784994 0.716397941
vt 0.136645377 0.715778351
vt 0.136645377 0.715778351
vt 0.135392353 0.718505442
vt 0.142317906 0.716324329
vt 0.297294617 0.0303268433
vt 0.311259747 0.0287075657
vt 0.303489268 0.0233489573
vt 0.295168698 0.0162660182
vt 0.308940321 0.0167202652
vt 0.320007563 0.0157858729
vt 0.337007284 0.027071476
vt 0.336474717 0.0121072829
vt 0.280125856 0.0250999033
vt 0.273466796 0.0297435243
vt 0.279205829 0.017811656
vt 0.274073303 0.0276289284
vt 0.264412969 0.0349650383
vt 0.251418233 0.0643378496
vt 0.271717668 0.0161683559
vt 0.260027826 0.0180713534
vt 0.248700306 0.0339577794
vt 0.247678101 0.0137383342
vt 0.235323817 0.0171599686
vt 0.227984071 0.0334819555
vt 0.207618475 0.0435483754
vt 0.212586582 0.0643378496
vt 0.174390972 0.0643378496
vt 0.186630964 0.0435738564
vt 0.164014757 0.0422653854
vt 0.196688324 0.0367332697
vt 0.213264465 0.0305933058
vt 0.201300502 0.0313569009
vt 0.201507092 0.0373463929
vt 0.198029488 0.0207673609
vt 0.222749561 0.0151909888
vt 0.210818499 0.012270987
vt 0.230647355 0.0152476728
vt 0.191869557 0.0361201465
vt 0.186440855 0.027030021
vt 0.182055354 0.036565274
vt 0.175634146 0.036477536
vt 0.169212937 0.0363897979
vt 0.16665864 0.0239889026
vt 0.157879442 0.0335096121
vt 0.148427457 0.0349283665
vt 0.11549294 0.0643378496
vt 0.139593363 0.0333193243
vt 0.102365971 0.0315946341
vt 0.12509492 0.0246913433
vt 0.108556092 0.0157605708
vt 0.11982131 0.0114011467
vt 0.136406779 0.0237993598
vt 0.094353497 0.0209017694
vt 0.133532822 0.0143239954
vt 0.32759124 0.0643378496
vt 0.369932979 0.0643378496
vt 0.29179275 0.0643378496
vt 0.371354014 0.0303422511
vt 0.363908589 0.0170042813
vt 0.34645772 0.0152957737
vt 0.0312294066 0.129321814
vt 0.0301242471 0.153655261
vt 0.0750157312 0.14056623
vt 0.0374427438 0.108956464
vt 0.056432426 0.0910666883
vt 0.0378251672 0.0824345052
vt 0.0973047614 0.0908978879
vt 0.112027377 0.106121927
vt 0.113948971 0.0802619457
vt 0.121420607 0.13143158
vt 0.12151435 0.151549101
vt 0.138728797 0.111496538
vt 0.0166920722 0.130883723
vt 0.0701984763 0.0684097111
vt 0.129398257 0.139933437
vt 0.0223526657 0.108020097
vt 0.0294287317 0.183042362
vt 0.0147283077 0.166928679
vt 0.0407624841 0.214340329
vt 0.0529467687 0.195779324
vt 0.0228387862 0.204629064
vt 0.0286183357 0.233558238
vt 0.0159342885 0.227273583
vt 0.0627861321 0.195893079
vt 0.0522407293 0.209735304
vt 0.0587648749 0.210717589
vt 0.0886461735 0.19605723
vt 0.0877404958 0.219240233
vt 0.0649944544 0.219098389
vt 0.0849755406 0.248117924
vt 0.0691627562 0.248482734
vt 0.0986489654 0.195615321
vt 0.0930055678 0.212615997
vt 0.0973340869 0.212132588
vt 0.120077409 0.18344371
vt 0.129504502 0.20545122
vt 0.107796863 0.214060634
vt 0.134240568 0.22864899
vt 0.121680923 0.23570177
vt 0.140400887 0.160837084
vt 0.0407444909 0.0449565873
vt 0.0520415753 0.0454765111
vt 0.0450806133 0.0206559692
vt 0.0301970616 0.0422725305
vt 0.0520415753 0.0606914349
vt 0.0372517966 0.0620944314
vt 0.0235997532 0.0620948263
vt 0.0372517966 0.0620944314
vt 0.0168810412 0.0365521275
vt 0.0438903421 0.00986469444
vt 0.0101030562 0.0620941035
vt 0.0591332354 0.0206559692
vt 0.0587138534 0.00986469444
vt 0.0709683374 0.0406514704
vt 0.0627629384 0.045996435
vt 0.0776025355 0.0620948263
vt 0.0827354491 0.0343892276
vt 0.0910145417 0.0620941035
vt 0.0642157719 0.062094491
vt 0.0405559018 0.0446775928
vt 0.0520415753 0.045350004
vt 0.0450806133 0.0206559692
vt 0.0301970616 0.0422725305
vt 0.0232406911 0.0620942377
vt 0.0378451198 0.0620944314
vt 0.00965452753 0.0620942377
vt 0.0174091458 0.0359833129
vt 0.0438903421 0.00986469444
vt 0.0520415753 0.0606914349
vt 0.0627629384 0.0460224152
vt 0.0642157719 0.062094491
vt 0.0771625414 0.0620944314
vt 0.0709683374 0.0406514704
vt 0.0591332354 0.0206559692
vt 0.0820905417 0.0339877456
vt 0.0911556706 0.062094491
vt 0.0587138534 0.00986469444
vt 0.0438903421 0.00986469444
vt 0.0403609648 0.0450024158
vt 0.0380882993 0.0620944314
vt 0.0520415753 0.0606913082
vt 0.0520415753 0.0456369258
vt 0.0450806133 0.0206559692
vt 0.0301970616 0.0422725305
vt 0.0221121963 0.0620942377
vt 0.017655395 0.0356321484
vt 0.0438903421 0.00986469444
vt 0.00951664709 0.0620942377
vt 0.0587138534 0.00986469444
vt 0.0591332354 0.0206559692
vt 0.0709683374 0.0406514704
vt 0.0627629384 0.0462714359
vt 0.0777916536 0.0620941035
vt 0.0642157719 0.0620942377
vt 0.0823144913 0.0339345448
vt 0.0911259875 0.0620948263
vt 0.102365971 0.0315946341
vt 0.094353497 0.0209017694
vt 0.0868187249 0.0270962417
vt 0.15906626 0.702378392
vt 0.161544204 0.706647038
vt 0.163422823 0.696080685
vt 0.157594144 0.704453111
vt 0.151365161 0.708482742
vt 0.161544204 0.706647038
vt 0.157594144 0.704453111
vt 0.133466244 0.725654721
vt 0.140683293 0.726773858
vt 0.139317274 0.724533796
vt 0.141833901 0.723935485
vt 0.141833901 0.723935485
vt 0.140683293 0.726773858
vt 0.148081124 0.723782063
vt 0.0475233458 0.790296674
vt 0.0496576279 0.785586655
vt 0.0417810939 0.784711421
vt 0.0415322892 0.788245022
vt 0.0424284674 0.781443536
vt 0.048759602 0.780913651
vt 0.0310897976 0.778404951
vt 0.0370328501 0.767593563
vt 0.0338164084 0.801253259
vt 0.0295890812 0.789475799
vt 0.0284357257 0.783368826
vt 0.0170504879 0.775600553
vt 0.0196210165 0.759404778
vt 0.0187954307 0.806262255
vt 0.0165614914 0.789755046
vt 0.0157267693 0.782724261
vt 0.00902158767 0.758264899
vt 0.00902158022 0.791258693
vt 0.00902161002 0.807041109
vt 0.00902158581 0.781980753
vt 0.00902159885 0.774296284
vt 0.533296824 0.46748209
vt 0.545795798 0.464815557
vt 0.531331837 0.455321342
vt 0.522695065 0.455321342
vt 0.544211984 0.475295424
vt 0.5556674 0.472620666
vt 0.563537002 0.466084599
vt 0.551166356 0.479034752
vt 0.568092465 0.478170961
vt 0.566378832 0.481586456
vt 0.579271793 0.483712792
vt 0.571495235 0.474545598
vt 0.542762518 0.455321342
vt 0.550229311 0.455321342
vt 0.557658434 0.455321342
vt 0.470787168 0.497967541
vt 0.470912874 0.522782445
vt 0.476895392 0.524567246
vt 0.476825327 0.500071466
vt 0.476339966 0.546248436
vt 0.471084684 0.54439646
vt 0.474441141 0.568508387
vt 0.470500439 0.566831291
vt 0.470356703 0.585631847
vt 0.468396991 0.584658027
vt 0.462369084 0.495158315
vt 0.463081002 0.519942164
vt 0.45516932 0.495152414
vt 0.456485003 0.519184768
vt 0.449687243 0.497546166
vt 0.450991929 0.520195603
vt 0.442016095 0.499123991
vt 0.444756687 0.523712277
vt 0.453565866 0.543685317
vt 0.448445439 0.546019793
vt 0.457154155 0.566483021
vt 0.453061014 0.56884253
vt 0.461533844 0.58386445
vt 0.459870934 0.58591783
vt 0.458517969 0.542842746
vt 0.460875183 0.564960718
vt 0.463480651 0.582841873
vt 0.463926196 0.542598844
vt 0.464899242 0.564960182
vt 0.465488434 0.583406568
vt 0.465875357 0.594893992
vt 0.782673597 0.687598944
vt 0.772492707 0.712071776
vt 0.799658 0.693808794
vt 0.795921326 0.671169519
vt 0.768649936 0.687251806
vt 0.756637812 0.688964725
vt 0.746943355 0.690895796
vt 0.757326841 0.670743823
vt 0.750628293 0.670687437
vt 0.765451908 0.67081213
vt 0.774861813 0.670938134
vt 0.745349169 0.670642734
vt 0.740474284 0.670601487
vt 0.784020066 0.671060622
vt 0.807644069 0.671276808
vt 0.96214509 0.629318953
vt 0.961676419 0.642038226
vt 0.968650699 0.641037941
vt 0.966651022 0.654662132
vt 0.958206415 0.648312807
vt 0.984593868 0.62653327
vt 0.98534596 0.667001545
vt 0.944357634 0.69298315
vt 0.948940039 0.714940965
vt 0.982199073 0.700977683
vt 0.979340434 0.712085247
vt 0.955518007 0.66133678
vt 0.954829156 0.654419541
vt 0.942512035 0.659061551
vt 0.948223948 0.649916828
vt 0.939607978 0.671310484
vt 0.935445786 0.64809531
vt 0.941717744 0.645481706
vt 0.938154876 0.631679416
vt 0.945749402 0.639984608
vt 0.969305515 0.720375657
vt 0.958254933 0.727103472
vt 0.950115383 0.634031653
vt 0.949751616 0.626532435
vt 0.95533967 0.637649655
vt 0.982902765 0.595148206
vt 0.943841219 0.593178153
vt 0.935356736 0.612454832
vt 0.976014972 0.574986696
vt 0.955879211 0.560819983
vt 0.948304415 0.572281301
vt 0.932699442 0.5812608
vt 0.0314747691 0.28112343
vt 0.031003803 0.280797839
vt 0.0284827352 0.284342289
vt 0.0293839872 0.285062134
vt 0.0255250931 0.285693944
vt 0.0265092552 0.286970615
vt 0.02564013 0.288995504
vt 0.0249177814 0.289226025
vt 0.0246014595 0.286113143
vt 0.0228626877 0.279624522
vt 0.0235900432 0.279542774
vt 0.024064362 0.274489164
vt 0.0234611928 0.274378926
vt 0.0258783996 0.270564198
vt 0.0250407159 0.270678759
vt 0.0254739225 0.289797902
vt 0.0241879821 0.269587129
vt 0.0220419168 0.273609519
vt 0.0228626877 0.279624522
vt 0.0218609869 0.279572934
vt 0.0246014595 0.286113143
vt 0.0236221552 0.286364198
vt 0.0249177814 0.289226025
vt 0.0238865912 0.289568871
vt 0.0254739225 0.289797902
vt 0.0253544152 0.29106307
vt 0.0258399546 0.269546509
vt 0.026802063 0.270131946
vt 0.02617082 0.269306123
vt 0.0299840122 0.272246897
vt 0.0297264755 0.272645324
vt 0.0262686908 0.268219411
vt 0.0254787803 0.268741608
vt 0.0272876024 0.269171149
vt 0.0305587798 0.271797687
vt 0.0316760838 0.277128786
vt 0.0320506692 0.277172148
vt 0.0320506692 0.277172148
vt 0.0329526961 0.276947886
vt 0.0314747691 0.28112343
vt 0.0324753225 0.281292737
vt 0.0293839872 0.285062134
vt 0.030277729 0.285581708
vt 0.0271983147 0.28759715
vt 0.0265092552 0.286970615
vt 0.0266108215 0.289543092
vt 0.02564013 0.288995504
vt 0.0253544152 0.29106307
vt 0.0254739225 0.289797902
vt 0.0284827352 0.284342289
vt 0.031003803 0.280797839
vt 0.0301342607 0.280278802
vt 0.0279441476 0.283495665
vt 0.0255250931 0.285693944
vt 0.0260169804 0.284949243
vt 0.0316760838 0.277128786
vt 0.0307894349 0.277026415
vt 0.0297264755 0.272645324
vt 0.0291692168 0.273069471
vt 0.0264416337 0.27128154
vt 0.0258783996 0.270564198
vt 0.024064362 0.274489164
vt 0.0235900432 0.279542774
vt 0.0245829821 0.279406011
vt 0.0249947608 0.274663627
vt 0.0258783996 0.270564198
vt 0.0264416337 0.27128154
vt 0.0260169804 0.284949243
vt 0.0255250931 0.285693944
vt 0.843813002 0.0607455485
vt 0.853490591 0.0965478793
vt 0.833063722 0.0762913674
vt 0.844104528 0.103113912
vt 0.846946895 0.131317094
vt 0.860584915 0.118366897
vt 0.880751789 0.0761972815
vt 0.877040207 0.13785553
vt 0.854935229 0.151463091
vt 0.873186707 0.158457398
vt 0.916939259 0.133340657
vt 0.941585183 0.0912595168
vt 0.942418396 0.16242151
vt 0.962407589 0.139678478
vt 0.957998455 0.209070593
vt 0.930684328 0.173970938
vt 0.900799394 0.160402089
vt 0.941597164 0.0771880895
vt 0.961206973 0.0801739246
vt 0.938266039 0.0467140973
vt 0.96897769 0.0649394542
vt 0.986903965 0.10602057
vt 0.960277081 0.0943722874
vt 0.904351473 0.0497933589
vt 0.93011713 0.0353872031
vt 0.891103029 0.0196120292
vt 0.929341912 0.0135912597
vt 0.956116915 0.0307117105
vt 0.958250582 0.0354844332
vt 0.978674054 0.0261541307
vt 0.958518922 0.0194494128
vt 0.851239443 0.0432647467
vt 0.890172601 0.0657607019
vt 0.937467873 0.0444536507
vt 0.929651201 0.0281477571
vt 0.939372182 0.0726241246
vt 0.964384198 0.0814820603
vt 0.969450712 0.0663899183
vt 0.986734152 0.10691452
vt 0.959768295 0.0947739631
vt 0.938968956 0.0924197584
vt 0.893695474 0.0170128793
vt 0.929461479 0.0117972642
vt 0.958237052 0.0262868106
vt 0.961211801 0.0182328224
vt 0.979906321 0.0268907249
vt 0.959136605 0.0340376198
vt 0.912344992 0.13625975
vt 0.872490644 0.137391612
vt 0.900667965 0.160131544
vt 0.941052556 0.160216123
vt 0.92982316 0.174204886
vt 0.956397295 0.207763225
vt 0.961947799 0.140969783
vt 0.872719467 0.158892214
vt 0.855067968 0.150864989
vt 0.856660068 0.122217923
vt 0.847087264 0.130718738
vt 0.843782067 0.102641247
vt 0.852326393 0.0934232548
vt 0.844923139 0.0547975972
vt 0.835101485 0.0720600262
vt 0.855294943 0.0377529263
vt 0.359949052 0.946237803
vt 0.410546005 0.950516105
vt 0.433777511 0.918409228
vt 0.379846126 0.907760084
vt 0.387582719 0.984105408
vt 0.351754934 0.97913003
vt 0.496860892 0.975025892
vt 0.454085946 0.899629951
vt 0.418308258 0.859050333
vt 0.401757747 0.878899276
vt 0.364798576 0.830507517
vt 0.434971035 0.839378357
vt 0.472157955 0.876552463
vt 0.458842337 0.993176281
vt 0.48596397 0.909967959
vt 0.305309772 0.955900431
vt 0.298547536 0.977136493
vt 0.252622902 0.965434492
vt 0.249434456 0.9815135
vt 0.193084478 0.986385226
vt 0.259518325 0.942922473
vt 0.320859492 0.920103848
vt 0.508846939 0.885213256
vt 0.492482305 0.854750395
vt 0.500503659 0.851639509
vt 0.488179564 0.827513933
vt 0.50781095 0.850716472
vt 0.524074972 0.879562497
vt 0.527449191 0.954736173
vt 0.360062569 0.946186006
vt 0.379811972 0.90780133
vt 0.433809966 0.91838187
vt 0.410772741 0.950570524
vt 0.387148708 0.984354794
vt 0.458937585 0.99314189
vt 0.496860892 0.975025892
vt 0.351404846 0.979378521
vt 0.454086721 0.899625897
vt 0.418306649 0.85905081
vt 0.401757896 0.878898144
vt 0.364798576 0.830507517
vt 0.434979051 0.839376092
vt 0.472156078 0.876553476
vt 0.305296838 0.955899179
vt 0.320991307 0.919978619
vt 0.259583622 0.942844033
vt 0.252605557 0.96545285
vt 0.19308117 0.986388505
vt 0.249418721 0.981533825
vt 0.298476309 0.977214873
vt 0.485900819 0.909985423
vt 0.527449191 0.954736173
vt 0.508846939 0.885213256
vt 0.492482305 0.854750395
vt 0.500503659 0.851639509
vt 0.488179564 0.827513933
vt 0.50781095 0.850716472
vt 0.524074972 0.879562497
vt 0.770522952 0.688714385
vt 0.771422267 0.712674022
vt 0.784878969 0.689758778
vt 0.797785878 0.696165383
vt 0.758163929 0.690978467
vt 0.74940455 0.693852782
vt 0.750611782 0.670514047
vt 0.767997086 0.670660675
vt 0.797517657 0.670909524
vt 0.808981121 0.671006083
vt 0.776060224 0.670728624
vt 0.783024132 0.670787275
vt 0.745538473 0.670471251
vt 0.740909278 0.67043221
vt 0.789407849 0.670841098
vt 0.796953321 0.520465136
vt 0.802235544 0.51228267
vt 0.793145657 0.509058595
vt 0.816908002 0.51800245
vt 0.820970953 0.522535503
vt 0.79608053 0.526508927
vt 0.780024767 0.511193216
vt 0.774629116 0.513515174
vt 0.77455163 0.497595847
vt 0.768046975 0.497821152
vt 0.78402698 0.480239689
vt 0.788878679 0.487953544
vt 0.809989691 0.475901127
vt 0.779090762 0.476455778
vt 0.839069724 0.502664387
vt 0.827446699 0.502090275
vt 0.818980992 0.499060214
vt 0.824860334 0.484294444
vt 0.811464548 0.483651608
vt 0.829496562 0.479389608
vt 0.811239958 0.469793081
vt 0.785294771 0.506274045
vt 0.786873341 0.498204768
vt 0.874063492 0.471480548
vt 0.845783591 0.463721007
vt 0.818266273 0.458909631
vt 0.775375307 0.468185186
vt 0.742488265 0.477388948
vt 0.728601277 0.530088484
vt 0.715871871 0.484091729
vt 0.69096911 0.493907601
vt 0.678935766 0.546477437
vt 0.730570793 0.550019026
vt 0.798679352 0.548866093
vt 0.678172112 0.573289692
vt 0.661145687 0.499831498
vt 0.638554811 0.530952275
vt 0.641637444 0.494609565
vt 0.60330987 0.523763776
vt 0.607724488 0.494700491
vt 0.593117356 0.494518757
vt 0.584206283 0.527552724
vt 0.724480391 0.578813195
vt 0.875106335 0.538020134
vt 0.804181993 0.565024137
vt 0.879848003 0.559869289
vt 0.936976969 0.525681019
vt 0.943077087 0.548891068
vt 0.870550573 0.510322988
vt 0.91892904 0.49399361
vt 0.906414807 0.468702108
vt 0.940901399 0.487800956
vt 0.946696162 0.499696225
vt 0.956150949 0.484706849
vt 0.960538387 0.494080395
vt 0.972144961 0.490178913
vt 0.966084003 0.475828499
vt 0.933934927 0.456461787
vt 0.956269503 0.514141321
vt 0.972674251 0.511047721
vt 0.954681933 0.534652829
vt 0.97604692 0.527691007
vt 0.943077087 0.548891068
vt 0.98029685 0.541633189
vt 0.882347643 0.482627183
vt 0.77145493 0.688828588
vt 0.773045599 0.712475419
vt 0.788272738 0.688266754
vt 0.799169898 0.694363892
vt 0.760484457 0.690436423
vt 0.748567939 0.692576766
vt 0.739652634 0.670552969
vt 0.753854811 0.670672774
vt 0.790377498 0.670980334
vt 0.807528675 0.671125054
vt 0.782035708 0.67091012
vt 0.75983727 0.67072314
vt 0.771107912 0.67081809
vt 0.843994379 0.712643564
vt 0.836608052 0.705397725
vt 0.83292371 0.713151991
vt 0.850509524 0.696235061
vt 0.845422804 0.696635604
vt 0.84526515 0.684266508
vt 0.835515976 0.685815036
vt 0.831983387 0.677797794
vt 0.8322137 0.686377406
vt 0.833018184 0.705736041
vt 0.83474791 0.731946349
vt 0.870573342 0.683034956
vt 0.87137711 0.722619712
vt 0.904351056 0.723220944
vt 0.898809671 0.773441195
vt 0.90315932 0.687242627
vt 0.921382427 0.722478986
vt 0.892399192 0.662968576
vt 0.907917976 0.656470597
vt 0.919791996 0.684096277
vt 0.893394947 0.616375387
vt 0.878484428 0.624427676
vt 0.930728376 0.69189173
vt 0.933349073 0.720553875
vt 0.933745384 0.760719955
vt 0.95344317 0.74699682
vt 0.958218694 0.774553776
vt 0.949167728 0.778313518
vt 0.950162768 0.793694377
vt 0.959872305 0.791665196
vt 0.960973382 0.80195415
vt 0.948759437 0.801850975
vt 0.983933806 0.802147627
vt 0.969725072 0.762287199
vt 0.899504423 0.607956409
vt 0.885872602 0.572698474
vt 0.879853249 0.573308885
vt 0.930448174 0.801696837
vt 0.936421514 0.786032081
vt 0.908087432 0.801508188
vt 0.887253642 0.801332593
vt 0.868015587 0.765665889
vt 0.874723554 0.801226974
vt 0.869315326 0.789055645
vt 0.859764099 0.784631968
vt 0.844877243 0.789390147
vt 0.838047922 0.762422025
vt 0.834703624 0.794479907
vt 0.819209576 0.790242851
vt 0.83112669 0.800859571
vt 0.819371164 0.800760329
vt 0.809441209 0.800676584
vt 0.807337284 0.789766192
vt 0.809097171 0.764938891
vt 0.819183409 0.762513697
vt 0.827198386 0.753111959
vt 0.787846148 0.80049473
vt 0.790055513 0.757213116
vt 0.787183642 0.778516054
vt 0.774213791 0.800379753
vt 0.775247157 0.77850163
vt 0.834442556 0.800887406
vt 0.731946945 0.778449535
vt 0.730262756 0.800009251
vt 0.689184606 0.799662948
vt 0.689818561 0.779710114
vt 0.732179523 0.738970876
vt 0.688813806 0.754923105
vt 0.647391558 0.784216225
vt 0.647281766 0.799309611
vt 0.633349657 0.799192131
vt 0.634752214 0.782352805
vt 0.648358047 0.770095825
vt 0.675413132 0.74220252
vt 0.637509167 0.762929082
vt 0.708096862 0.726883829
vt 0.7382918 0.714058042
vt 0.767822325 0.722102284
vt 0.784749687 0.740792096
vt 0.979881406 0.813940585
vt 0.95011586 0.814662278
vt 0.95011586 0.834680915
vt 0.979881406 0.839152694
vt 0.950592577 0.868465185
vt 0.980397582 0.877826929
vt 0.950803876 0.902346253
vt 0.980569601 0.918346882
vt 0.950803876 0.921783566
vt 0.980569601 0.935770035
vt 0.950803876 0.95443064
vt 0.980569601 0.958563864
vt 0.950803876 0.982587576
vt 0.980569601 0.981865764
vt 0.925630987 0.923992455
vt 0.925630987 0.905044913
vt 0.908842623 0.902922451
vt 0.908842623 0.92268616
vt 0.925630987 0.953110456
vt 0.908842623 0.954427302
vt 0.908842623 0.984826922
vt 0.896278918 0.969199777
vt 0.896278858 0.948222041
vt 0.880649805 0.952839375
vt 0.880649924 0.983517408
vt 0.855478287 0.985083759
vt 0.855206728 0.95416683
vt 0.880649924 0.922360539
vt 0.896278858 0.933531284
vt 0.855346203 0.920823574
vt 0.880649865 0.891501307
vt 0.896278918 0.917738914
vt 0.85347271 0.891096234
vt 0.88013351 0.847184062
vt 0.896106839 0.861864328
vt 0.854470491 0.847241759
vt 0.879961789 0.815592289
vt 0.895590723 0.830556631
vt 0.85479039 0.817158461
vt 0.824711084 0.847459316
vt 0.824539185 0.817016721
vt 0.825227261 0.890737772
vt 0.825227261 0.953552008
vt 0.825227261 0.920899034
vt 0.825227261 0.984941959
vt 0.895590901 0.84577179
vt 0.908670545 0.870613813
vt 0.908154607 0.834831655
vt 0.908154607 0.816901684
vt 0.895590723 0.815912008
vt 0.92889601 0.834144831
vt 0.92494297 0.81552577
vt 0.925458968 0.871395648
vt 0.896278918 0.885545135
vt 0.896278858 0.902030945
vt 0.908842623 0.92268616
vt 0.784458637 0.816403151
vt 0.755303502 0.815796554
vt 0.754182279 0.857115865
vt 0.781696916 0.857115865
vt 0.754244268 0.887583256
vt 0.781472683 0.888616025
vt 0.754976809 0.919580817
vt 0.782406688 0.920193791
vt 0.755417943 0.953165293
vt 0.783322453 0.9529351
vt 0.75599134 0.983721793
vt 0.785146594 0.984328628
vt 0.798663676 0.888713479
vt 0.798663676 0.920901179
vt 0.798663676 0.95268625
vt 0.798663676 0.983011842
vt 0.7981475 0.846617579
vt 0.728428185 0.920897126
vt 0.728428185 0.88910079
vt 0.728428185 0.953631878
vt 0.728428066 0.985427022
vt 0.81275326 0.880527973
vt 0.81275326 0.925636768
vt 0.81275332 0.906364679
vt 0.81275326 0.970518589
vt 0.81275326 0.985406816
vt 0.81275332 0.949754298
vt 0.812409341 0.857115865
vt 0.812065125 0.836155772
vt 0.79797554 0.815086603
vt 0.812065125 0.817481637
vt 0.628826022 0.951381445
vt 0.618997335 0.963905096
vt 0.618997335 0.984194517
vt 0.628826022 0.983284473
vt 0.618997335 0.940949798
vt 0.618997335 0.91879487
vt 0.628826022 0.919663072
vt 0.618997335 0.898162961
vt 0.628826022 0.889138341
vt 0.618997335 0.877152205
vt 0.618653297 0.857115865
vt 0.628309965 0.846214652
vt 0.618309259 0.835405648
vt 0.618309259 0.816269159
vt 0.628138065 0.815359116
vt 0.653438449 0.815530777
vt 0.655540586 0.846204638
vt 0.685707092 0.817815781
vt 0.683521271 0.846728802
vt 0.655598998 0.889484525
vt 0.684463382 0.889089286
vt 0.655532837 0.919720948
vt 0.687052369 0.919925749
vt 0.654020905 0.951754451
vt 0.685292482 0.952640414
vt 0.654126406 0.983456135
vt 0.686395109 0.985741019
vt 0.702617526 0.816667676
vt 0.702789545 0.847489357
vt 0.703305721 0.888376415
vt 0.703305721 0.919985175
vt 0.703305721 0.952614546
vt 0.703305721 0.984593034
vt 0.71581614 0.816402435
vt 0.716504097 0.869308472
vt 0.716504097 0.92157042
vt 0.716504097 0.977323353
vt 0.71598804 0.848267555
vt 0.716504097 0.985686541
vt 0.716504097 0.951322913
vt 0.716504097 0.892081022
vt 0.727912068 0.847591639
vt 0.727740109 0.817501783
vt 0.427256942 0.594450176
vt 0.433406055 0.594450176
vt 0.433593571 0.574441671
vt 0.428621292 0.574441671
vt 0.421023905 0.594450176
vt 0.423589468 0.574441671
vt 0.414676309 0.594450176
vt 0.418377787 0.574441671
vt 0.440323174 0.574441731
vt 0.441996574 0.594450176
vt 0.445119023 0.574441671
vt 0.448337972 0.594450176
vt 0.432430416 0.545158207
vt 0.430112511 0.544800162
vt 0.427998781 0.544299483
vt 0.42591995 0.543776572
vt 0.437212229 0.543265462
vt 0.435237646 0.544706702
vt 0.431229532 0.520533323
vt 0.564285159 0.886932969
vt 0.556310296 0.87563324
vt 0.555817723 0.896211028
vt 0.56374073 0.918951631
vt 0.555649579 0.91786468
vt 0.564116836 0.952761769
vt 0.556251168 0.941252649
vt 0.556132495 0.964130878
vt 0.564304173 0.985334277
vt 0.556291997 0.985686541
vt 0.556643009 0.857115805
vt 0.564175069 0.847097278
vt 0.555986583 0.83774817
vt 0.555675626 0.817760944
vt 0.563687682 0.817408681
vt 0.545873761 0.884647131
vt 0.545873761 0.917892635
vt 0.545873761 0.953478754
vt 0.545873761 0.987245202
vt 0.54525733 0.819319725
vt 0.545411468 0.848660469
vt 0.585901737 0.816403031
vt 0.586052895 0.846868277
vt 0.609049559 0.845870018
vt 0.608877599 0.815034509
vt 0.609565794 0.88827461
vt 0.587200761 0.889823079
vt 0.609565794 0.919002175
vt 0.587142348 0.920356452
vt 0.609565794 0.951110959
vt 0.586733222 0.952519655
vt 0.609565794 0.982959747
vt 0.586518109 0.984328389
vt 0.896278858 0.983837247
vt 0.925630987 0.983451009
vt 0.251221359 0.386437923
vt 0.267898858 0.414028764
vt 0.263746709 0.375742704
vt 0.243480861 0.364642888
vt 0.256957412 0.352872193
vt 0.267341554 0.357823074
vt 0.274386674 0.363152981
vt 0.232075766 0.41375047
vt 0.25112915 0.44371435
vt 0.289400935 0.439360172
vt 0.29602623 0.385069877
vt 0.312585622 0.415092796
vt 0.329890847 0.374696136
vt 0.266004473 0.45941186
vt 0.286954552 0.365977645
vt 0.324180156 0.357618511
vt 0.311043501 0.348598719
vt 0.337899208 0.355935842
vt 0.342911065 0.358679473
vt 0.338983774 0.37032041
vt 0.348968685 0.365782827
vt 0.347678989 0.375666738
vt 0.339731902 0.394184738
vt 0.294074774 0.3461712
vt 0.304806173 0.341891348
vt 0.300118566 0.337485194
vt 0.334992319 0.346555233
vt 0.335613042 0.447875023
vt 0.368294805 0.414450824
vt 0.387585342 0.469836414
vt 0.455551565 0.436445832
vt 0.40449357 0.507939398
vt 0.458069205 0.46935451
vt 0.499808818 0.451913953
vt 0.491787791 0.417331517
vt 0.529524624 0.394321144
vt 0.532127321 0.431612611
vt 0.545639098 0.418380141
vt 0.476943254 0.365373313
vt 0.431298286 0.378531963
vt 0.372584343 0.35705483
vt 0.403308481 0.32850495
vt 0.33930251 0.2777116
vt 0.41184333 0.300215244
vt 0.39801237 0.239053488
vt 0.316742361 0.255010784
vt 0.347135961 0.206687033
vt 0.292086273 0.240526125
vt 0.318575263 0.194753855
vt 0.336628556 0.130788505
vt 0.362561047 0.141130507
vt 0.388336211 0.175542772
vt 0.38337481 0.149366915
vt 0.388667107 0.132988602
vt 0.425432831 0.150985777
vt 0.408115268 0.106155902
vt 0.430362493 0.0853248686
vt 0.452788055 0.108932696
vt 0.270383418 0.226395875
vt 0.29298079 0.182498485
vt 0.317910075 0.123071402
vt 0.225612387 0.278687596
vt 0.244598359 0.29245317
vt 0.205498904 0.329850256
vt 0.227577925 0.346911788
vt 0.167442054 0.363301933
vt 0.187680408 0.380614132
vt 0.151803315 0.348579228
vt 0.188055485 0.314286649
vt 0.26335454 0.31041196
vt 0.120954677 0.392621815
vt 0.133874536 0.402441263
vt 0.151140213 0.416797221
vt 0.201051205 0.413761497
vt 0.170258164 0.436792701
vt 0.297105968 0.318978667
vt 0.345931053 0.326953501
vt 0.346374094 0.338760555
vt 0.354298681 0.356385529
vt 0.345380962 0.346126676
vt 0.342586488 0.356446683
vt 0.338007152 0.336140484
vt 0.297105968 0.318978667
vt 0.314516932 0.330808729
vt 0.302726239 0.329159588
vt 0.292469501 0.330101967
vt 0.296745956 0.337466598
vt 0.304592937 0.334474385
vt 0.287887514 0.334613323
vt 0.279765934 0.337918997
vt 0.280862659 0.333934486
vt 0.354655445 0.366163671
vt 0.360913217 0.37803939
vt 0.354298681 0.356385529
vt 0.342586488 0.356446683
vt 0.941205621 0.31199351
vt 0.937091291 0.314813942
vt 0.942923069 0.316070944
vt 0.945473015 0.309913456
vt 0.947855711 0.320235759
vt 0.273025274 0.351753652
vt 0.278503686 0.348618984
vt 0.27176255 0.348749042
vt 0.27703923 0.357026368
vt 0.229570627 0.43585813
vt 0.246616304 0.44702509
vt 0.280862659 0.333934486
vt 0.304640353 0.459133238
vt 0.323784292 0.520694733
vt 0.355201632 0.506410658
vt 0.36758855 0.53694725
vt 0.334716737 0.566748917
vt 0.502902627 0.49867487
vt 0.511558533 0.539547741
vt 0.523851156 0.529670238
vt 0.525345325 0.577427983
vt 0.535096288 0.572691023
vt 0.528539717 0.521141768
vt 0.495401889 0.521434665
vt 0.498840988 0.550176501
vt 0.51486069 0.582173765
vt 0.545568764 0.546202838
vt 0.549747825 0.543396473
vt 0.536243796 0.513856888
vt 0.541575789 0.549612939
vt 0.52201426 0.502163827
vt 0.525493026 0.489361823
vt 0.494815886 0.48701632
vt 0.504056215 0.477814436
vt 0.526376545 0.480587661
vt 0.565191031 0.512092888
vt 0.529333174 0.624184847
vt 0.558405221 0.57184267
vt 0.954534411 0.374418437
vt 0.95778805 0.369087189
vt 0.94878298 0.371531576
vt 0.948526144 0.366066724
vt 0.95585984 0.379308313
vt 0.954945862 0.358949631
vt 0.961396635 0.377514511
vt 0.965658367 0.372680157
vt 0.965945184 0.380157679
vt 0.970925033 0.376892686
vt 0.971978605 0.367049545
vt 0.977936566 0.374192268
vt 0.977439225 0.371878237
vt 0.981928527 0.367551714
vt 0.980326116 0.361907452
vt 0.972363293 0.359895676
vt 0.98168999 0.356400758
vt 0.976973653 0.353824198
vt 0.968530059 0.355956227
vt 0.974103749 0.346408457
vt 0.967962682 0.348298371
vt 0.962406278 0.354117543
vt 0.959950745 0.344190985
vt 0.956249058 0.348551959
vt 0.952018917 0.348880321
vt 0.948791802 0.357363611
vt 0.945760906 0.35740611
vt 0.954620421 0.419932574
vt 0.959086716 0.412977219
vt 0.950711966 0.421239376
vt 0.949301422 0.413008958
vt 0.963484764 0.423862815
vt 0.955162823 0.404054224
vt 0.944859684 0.406045139
vt 0.947932899 0.400577128
vt 0.948526025 0.395056576
vt 0.95359689 0.392380148
vt 0.959103167 0.395682216
vt 0.958469927 0.386897773
vt 0.961505592 0.389036566
vt 0.966048658 0.396665871
vt 0.967628956 0.387097538
vt 0.969934821 0.388736248
vt 0.973032475 0.399122566
vt 0.975917637 0.390065938
vt 0.979406953 0.393458188
vt 0.979958892 0.395946473
vt 0.984084129 0.404391021
vt 0.981477857 0.405164272
vt 0.973336458 0.407952935
vt 0.981124043 0.410934597
vt 0.973392963 0.415712386
vt 0.96746546 0.414062113
vt 0.974241197 0.419807583
vt 0.965009451 0.420636058
vt 0.959086716 0.412977219
vt 0.959086716 0.412977219
vt 0.963484764 0.423862815
vt 0.965009451 0.420636058
vt 0.397634357 0.72729677
vt 0.39855969 0.746324778
vt 0.434942186 0.724142671
vt 0.441594601 0.747378409
vt 0.416219354 0.764404297
vt 0.386255652 0.728718758
vt 0.38687712 0.741405308
vt 0.390938818 0.754413545
vt 0.408874154 0.768949389
vt 0.429129988 0.774827838
vt 0.422460943 0.775529027
vt 0.389411986 0.71258533
vt 0.400368363 0.711455703
vt 0.40757817 0.696805596
vt 0.430736303 0.702506423
vt 0.447674245 0.771090746
vt 0.43998763 0.776893795
vt 0.452080846 0.784189463
vt 0.466683209 0.779016018
vt 0.459980518 0.754813313
vt 0.463183969 0.786308348
vt 0.467293024 0.794132948
vt 0.482317597 0.792864799
vt 0.420466512 0.779964924
vt 0.484742373 0.783523083
vt 0.502774417 0.798094869
vt 0.498327076 0.826998413
vt 0.479185671 0.813962698
vt 0.505270123 0.78402406
vt 0.497964889 0.740927458
vt 0.47650367 0.746623993
vt 0.534638882 0.754903197
vt 0.531525254 0.727865815
vt 0.52937597 0.775533557
vt 0.541550815 0.77623558
vt 0.564615011 0.785513878
vt 0.555939496 0.765707374
vt 0.517984629 0.702446878
vt 0.499328375 0.695822954
vt 0.517224312 0.677588463
vt 0.51325804 0.675934434
vt 0.522286057 0.658863902
vt 0.510998249 0.673114359
vt 0.497767389 0.681253195
vt 0.54446727 0.711634398
vt 0.556495965 0.736396551
vt 0.57049197 0.712065041
vt 0.573052466 0.723118782
vt 0.582445979 0.706951976
vt 0.572410226 0.70382005
vt 0.558812499 0.696423888
vt 0.543628097 0.691393614
vt 0.534606099 0.684986293
vt 0.467914283 0.665538907
vt 0.496099412 0.658937812
vt 0.464154243 0.640400112
vt 0.436691225 0.640919447
vt 0.435504287 0.665309429
vt 0.495444357 0.636299133
vt 0.476869106 0.619144917
vt 0.488397956 0.616555631
vt 0.462833047 0.618361115
vt 0.449751735 0.629607618
vt 0.430449486 0.622701049
vt 0.440726221 0.617782712
vt 0.420211434 0.647888541
vt 0.422524631 0.625434875
vt 0.420326084 0.608674526
vt 0.471484751 0.603042603
vt 0.445383817 0.685890138
vt 0.460997701 0.692218959
vt 0.435279459 0.684601367
vt 0.421683431 0.681081057
vt 0.432055086 0.690493703
vt 0.418222427 0.65917474
vt 0.474839956 0.709833741
vt 0.470007926 0.732087314
vt 0.608894229 0.772649288
vt 0.634752214 0.782352805
vt 0.637509167 0.762929082
vt 0.633349657 0.799192131
vt 0.619719446 0.799077272
vt 0.602371216 0.798931003
vt 0.604897857 0.758173943
vt 0.636003613 0.741409659
vt 0.585135996 0.78199327
vt 0.582324982 0.798761964
vt 0.575983405 0.798708558
vt 0.577494681 0.780896783
vt 0.675413132 0.74220252
vt 0.678815603 0.733633399
vt 0.708096862 0.726883829
vt 0.105771787 0.571331501
vt 0.0666913092 0.572441101
vt 0.0649754107 0.607001066
vt 0.0971982703 0.606762528
vt 0.0667203367 0.540855289
vt 0.104641616 0.541685283
vt 0.102020077 0.515742183
vt 0.069840759 0.513558805
vt 0.070162043 0.487881869
vt 0.0978049338 0.490796894
vt 0.114891648 0.488882303
vt 0.121310368 0.512172818
vt 0.126717031 0.537322104
vt 0.130408049 0.566987932
vt 0.0413033068 0.509403825
vt 0.0449998975 0.485188842
vt 0.0252486914 0.504654467
vt 0.0324992239 0.483666003
vt 0.0949577764 0.472930968
vt 0.110418223 0.470344692
vt 0.0911094695 0.44472605
vt 0.104624361 0.443908572
vt 0.0689066648 0.443054438
vt 0.0703561157 0.472637355
vt 0.0449708402 0.471814722
vt 0.0453674607 0.443054438
vt 0.031433247 0.44209075
vt 0.0316083953 0.469594538
vt 0.0359405577 0.419278562
vt 0.0478279591 0.419278562
vt 0.0691005886 0.419278562
vt 0.0906410217 0.419278562
vt 0.102221757 0.419278562
vt 0.0353386402 0.402121097
vt 0.0458588004 0.404434949
vt 0.0419536158 0.388357937
vt 0.032225363 0.386150271
vt 0.0483933873 0.390946597
vt 0.0394590944 0.379200965
vt 0.0302050672 0.378658384
vt 0.0457840562 0.381629616
vt 0.0551782884 0.384871036
vt 0.0669039488 0.406089485
vt 0.0647435263 0.394199967
vt 0.0882277191 0.406481296
vt 0.0862117037 0.395172626
vt 0.0987732336 0.39419809
vt 0.0990256295 0.406767935
vt 0.071067445 0.389462531
vt 0.099981755 0.387539953
vt 0.0874098912 0.388714939
vt 0.0292881727 0.675647616
vt 0.0445761979 0.675821483
vt 0.0479727089 0.662230611
vt 0.020714581 0.653889179
vt 0.0201804638 0.672937274
vt 0.0269636065 0.63569355
vt 0.0589815676 0.639047384
vt 0.0363185704 0.604003191
vt 0.0349700451 0.569994569
vt 0.0291694254 0.53617692
vt 0.0853883624 0.666041195
vt 0.0553335845 0.691901565
vt 0.0939519778 0.637550831
vt 0.108376473 0.654582798
vt 0.112178206 0.642349482
vt 0.105518907 0.669376731
vt 0.0722623765 0.69980216
vt 0.0718074739 0.728444576
vt 0.115363747 0.656538665
vt 0.118980199 0.644946814
vt 0.113054417 0.668493032
vt 0.110543072 0.687179506
vt 0.113388002 0.683309078
vt 0.089802891 0.694131315
vt 0.0929080844 0.720188558
vt 0.112967461 0.712493896
vt 0.0903806388 0.760374904
vt 0.108489104 0.754756927
vt 0.101343691 0.782241225
vt 0.1282444 0.818415821
vt 0.125222489 0.741544425
vt 0.147446692 0.763407826
vt 0.146859676 0.77800703
vt 0.174833953 0.77720207
vt 0.148393095 0.818432808
vt 0.116549909 0.679298282
vt 0.116105497 0.669535756
vt 0.118665718 0.658952832
vt 0.123257011 0.647962332
vt 0.130563974 0.637811482
vt 0.127483964 0.633338034
vt 0.139102995 0.630234361
vt 0.136909455 0.625411749
vt 0.123551421 0.626613736
vt 0.13499184 0.619646013
vt 0.126934409 0.598005891
vt 0.0411292426 0.845860302
vt 0.0462409407 0.886340022
vt 0.0666073784 0.860172153
vt 0.0601424724 0.848917663
vt 0.0350504331 0.861673832
vt 0.0939957052 0.89143008
vt 0.0895649195 0.863570571
vt 0.118441977 0.902106285
vt 0.0598870218 0.918395281
vt 0.0291988105 0.895797551
vt 0.0425626896 0.94259882
vt 0.0858942717 0.961486101
vt 0.0713344663 0.986660004
vt 0.111851707 0.992670238
vt 0.121693566 0.947258711
vt 0.136264652 0.964805424
vt 0.10077244 0.931220651
vt 0.849142075 0.640196919
vt 0.832176685 0.625102997
vt 0.849540889 0.572770834
vt 0.835230708 0.653808415
vt 0.827887714 0.68711412
vt 0.404082656 0.648846745
vt 0.398223758 0.636703193
vt 0.392696142 0.633345664
vt 0.4043172 0.657484114
vt 0.387151718 0.65486598
vt 0.38117972 0.618181646
vt 0.389701277 0.60469079
vt 0.381491601 0.597551823
vt 0.402335435 0.624675274
vt 0.350036442 0.595956326
vt 0.405287147 0.635927498
vt 0.398223758 0.636703193
vt 0.355687261 0.629189253
vt 0.325902522 0.61218667
vt 0.315996766 0.595053911
vt 0.314319134 0.631107807
vt 0.330159843 0.646071374
vt 0.348479867 0.666246355
vt 0.3648763 0.66015625
vt 0.326802194 0.577841282
vt 0.343522906 0.5726946
vt 0.360495567 0.573300242
vt 0.371578723 0.573040485
vt 0.3863931 0.58833468
vt 0.306652844 0.579823911
vt 0.368064344 0.684041321
vt 0.377738476 0.681435049
vt 0.368751347 0.70601964
vt 0.360072762 0.685563028
vt 0.389485657 0.676486969
vt 0.395035803 0.67542249
vt 0.395905882 0.694709837
vt 0.500468314 0.0348853916
vt 0.536421657 0.0280311927
vt 0.529917359 0.0450545028
vt 0.508444369 0.046147503
vt 0.547651052 0.0330693349
vt 0.549044728 0.0458128192
vt 0.566148281 0.0388358012
vt 0.535612583 0.0223287903
vt 0.546121836 0.0227779299
vt 0.566534519 0.0264620557
vt 0.58147192 0.0266254842
vt 0.593686104 0.0269209594
vt 0.565463185 0.0508934967
vt 0.58595562 0.0502195135
vt 0.547864676 0.048649475
vt 0.609517634 0.0352786817
vt 0.609859705 0.0503999814
vt 0.629243493 0.0233663432
vt 0.631252885 0.0389361009
vt 0.645222723 0.0206093583
vt 0.659114182 0.0225056559
vt 0.612592578 0.0238908902
vt 0.593854785 0.0226170681
vt 0.633892179 0.054983288
vt 0.61223799 0.0615630671
vt 0.669347703 0.0495370291
vt 0.658102155 0.0577445254
vt 0.694144011 0.0148443673
vt 0.705322742 0.0333751738
vt 0.700947523 0.0590748601
vt 0.676783323 0.0605632924
vt 0.668332279 0.0800451562
vt 0.715767384 0.061250262
vt 0.674935102 0.0132866716
vt 0.681597352 0.00417368207
vt 0.66558677 0.014415211
vt 0.662381947 0.0149988243
vt 0.660538197 0.00991710369
vt 0.655457258 0.00812928844
vt 0.728347957 0.0520878881
vt 0.727257013 0.034534879
vt 0.755830646 0.048148036
vt 0.755629659 0.0391720049
vt 0.77845335 0.045228336
vt 0.549044728 0.0458128192
vt 0.566148281 0.0388358012
vt 0.547864676 0.048649475
vt 0.32462424 0.787457228
vt 0.305440068 0.785304964
vt 0.29362613 0.797581792
vt 0.322327465 0.816181064
vt 0.285789013 0.772950768
vt 0.295623451 0.769188583
vt 0.290254712 0.7452268
vt 0.343372226 0.791546583
vt 0.361332268 0.799262762
vt 0.358028919 0.825963974
vt 0.369959474 0.804332078
vt 0.28727144 0.843592525
vt 0.255396366 0.821343899
vt 0.270094872 0.780784488
vt 0.260674208 0.869666457
vt 0.273530781 0.876037478
vt 0.287263453 0.851579726
vt 0.245549038 0.862187147
vt 0.221251547 0.848442256
vt 0.307818621 0.844421864
vt 0.257745713 0.898727775
vt 0.266619205 0.899646938
vt 0.265996635 0.918254256
vt 0.258913368 0.919851899
vt 0.261396766 0.931585073
vt 0.246424451 0.897808671
vt 0.258913368 0.919851899
vt 0.252822191 0.9201231
vt 0.261396766 0.931585073
vt 0.221067011 0.870970547
vt 0.201419622 0.880411148
vt 0.196998268 0.864304662
vt 0.182680994 0.889797032
vt 0.176706284 0.879713595
vt 0.15817225 0.888411343
vt 0.172842145 0.87094748
vt 0.18834883 0.854440212
vt 0.225177452 0.817910373
vt 0.248284414 0.78365308
vt 0.197558165 0.802905083
vt 0.192769974 0.812697887
vt 0.160258532 0.787481666
vt 0.200686514 0.790863574
vt 0.20944646 0.771816134
vt 0.181881666 0.746020973
vt 0.335154414 0.840926886
vt 0.647044063 0.445619106
vt 0.665731609 0.447858334
vt 0.65032202 0.431428432
vt 0.67085439 0.427661449
vt 0.693186641 0.44633919
vt 0.648834944 0.416809082
vt 0.662760615 0.386673093
vt 0.640808225 0.409311652
vt 0.611802697 0.400731981
vt 0.611264706 0.37283203
vt 0.655144751 0.321501017
vt 0.605652094 0.31640631
vt 0.550337851 0.317806125
vt 0.567233324 0.376269639
vt 0.578594089 0.402135819
vt 0.709323227 0.384317368
vt 0.713101327 0.420496464
vt 0.708598912 0.447263896
vt 0.755984187 0.423248202
vt 0.70754987 0.454665482
vt 0.755410194 0.455732167
vt 0.757417083 0.393975079
vt 0.712707281 0.361344814
vt 0.681910217 0.310352445
vt 0.675338984 0.27157402
vt 0.64835608 0.254144758
vt 0.732767582 0.310582429
vt 0.700452089 0.221626207
vt 0.756880164 0.270778656
vt 0.780680597 0.346082628
vt 0.808675408 0.31531328
vt 0.83525002 0.346468985
vt 0.803533196 0.378700256
vt 0.819402456 0.400874734
vt 0.842228949 0.381565928
vt 0.777921498 0.24583216
vt 0.82946372 0.290802509
vt 0.856256723 0.314424694
vt 0.719049931 0.340054423
vt 0.758686781 0.373612791
vt 0.79724288 0.234552234
vt 0.843498945 0.277805626
vt 0.866910636 0.301787674
vt 0.818299651 0.227348715
vt 0.858453631 0.265899658
vt 0.878003597 0.290062189
vt 0.913128495 0.328902632
vt 0.908814192 0.350615144
vt 0.850163102 0.217032343
vt 0.888489366 0.245393232
vt 0.903589547 0.26649043
vt 0.927897573 0.305662125
vt 0.924694896 0.250873208
vt 0.912402511 0.225490957
vt 0.930034637 0.226770312
vt 0.921748161 0.199980944
vt 0.91202122 0.204031289
vt 0.886432052 0.209190667
vt 0.900299788 0.19222641
vt 0.874115586 0.190581888
vt 0.936202824 0.27077049
vt 0.943731904 0.256687015
vt 0.950336993 0.259617358
vt 0.956843734 0.276704818
vt 0.952221751 0.295427114
vt 0.969613194 0.27471754
vt 0.970276475 0.301817179
vt 0.940503955 0.241999239
vt 0.936497867 0.229914889
vt 0.861952007 0.192707986
vt 0.884694815 0.178365409
vt 0.85665524 0.177035391
vt 0.838159442 0.180103511
vt 0.864373326 0.166874856
vt 0.838563323 0.161309779
vt 0.819130123 0.166946083
vt 0.803404093 0.17434752
vt 0.811400771 0.146729618
vt 0.841004312 0.149527222
vt 0.819759846 0.143914551
vt 0.794112444 0.152307332
vt 0.759089112 0.163652003
vt 0.773515761 0.182236314
vt 0.738101482 0.17236492
vt 0.750029504 0.189071536
vt 0.716480374 0.18098855
vt 0.727265418 0.19939363
vt 0.686444163 0.200422689
vt 0.662466049 0.173620462
vt 0.711368144 0.159992576
vt 0.681443334 0.10335958
vt 0.711758494 0.0979422927
vt 0.734440148 0.151504874
vt 0.732849061 0.0939218104
vt 0.752528906 0.143210918
vt 0.757626653 0.0873388052
vt 0.787426233 0.0708009452
vt 0.78714627 0.128101066
vt 0.600878835 0.256162137
vt 0.596159577 0.20585534
vt 0.807317674 0.0906985998
vt 0.807273209 0.122979552
vt 0.817695022 0.10628733
vt 0.826082706 0.0895171762
vt 0.819122732 0.0718256235
vt 0.806710005 0.0602586865
vt 0.826196134 0.12208432
vt 0.527646124 0.214078113
vt 0.587904215 0.154435813
vt 0.532650113 0.169138104
vt 0.469286352 0.169207484
vt 0.478806227 0.21238254
vt 0.484895825 0.274296433
vt 0.536246717 0.264564514
vt 0.498806357 0.315924942
vt 0.51092267 0.350054741
vt 0.421024323 0.214648485
vt 0.4588539 0.238492042
vt 0.475544363 0.322823405
vt 0.455964923 0.332025528
vt 0.464336753 0.304722488
vt 0.480186105 0.291839987
vt 0.480186105 0.291839987
vt 0.449835688 0.284536034
vt 0.46084094 0.275705218
vt 0.447692752 0.256034315
vt 0.442179352 0.2601915
vt 0.432840645 0.263075531
vt 0.468849599 0.295923352
vt 0.436965227 0.246703327
vt 0.41406253 0.242119074
vt 0.41471386 0.224301785
vt 0.423158884 0.237633437
vt 0.432994664 0.251385868
vt 0.421024323 0.214648485
vt 0.486753017 0.116788253
vt 0.468469888 0.0841468275
vt 0.49807483 0.093749322
vt 0.541569352 0.12232323
vt 0.494944692 0.0686713457
vt 0.475026965 0.0682397038
vt 0.50734508 0.0719646737
vt 0.521475911 0.0787636936
vt 0.519946933 0.0859814659
vt 0.532997847 0.0912677795
vt 0.532997847 0.0912677795
vt 0.550987542 0.103625521
vt 0.559297681 0.0977063403
vt 0.528601289 0.0579675734
vt 0.546170712 0.0838579834
vt 0.549035192 0.0757537261
vt 0.558086157 0.0713192821
vt 0.562256694 0.0774992108
vt 0.538454354 0.0771122798
vt 0.588388085 0.119537987
vt 0.577369928 0.0939863324
vt 0.568134904 0.0799880326
vt 0.581440806 0.0782703161
vt 0.590148091 0.0786853433
vt 0.617755413 0.0653217435
vt 0.617321432 0.0869472921
vt 0.623753071 0.101966359
vt 0.621528625 0.120866656
vt 0.644001245 0.0761169493
vt 0.635745525 0.0597011745
vt 0.658971786 0.120442629
vt 0.652395427 0.101817831
vt 0.627273023 0.102148093
vt 0.691798329 0.644148886
vt 0.711770654 0.639234126
vt 0.680139244 0.618809938
vt 0.711919188 0.649031818
vt 0.744612992 0.65142554
vt 0.75271678 0.616452098
vt 0.791414738 0.627374172
vt 0.782187521 0.613725245
vt 0.788503885 0.646389127
vt 0.778090894 0.656221747
vt 0.811536431 0.65211308
vt 0.714108944 0.61986649
vt 0.680139244 0.618809938
vt 0.285789013 0.772950768
vt 0.290254712 0.7452268
vt 0.270094872 0.780784488
vt 0.29362613 0.797581792
vt 0.163857177 0.93457067
vt 0.174783066 0.93457067
vt 0.175395772 0.928054333
vt 0.16646421 0.925235033
vt 0.189648882 0.929707766
vt 0.18284969 0.918308735
vt 0.193108663 0.916145682
vt 0.181273445 0.909464598
vt 0.171352431 0.915798903
vt 0.192451134 0.907971501
vt 0.186175361 0.934570551
vt 0.19797729 0.931006908
vt 0.199734583 0.923434615
vt 0.19542934 0.93457067
vt 0.206093416 0.929097772
vt 0.206455678 0.934570551
vt 0.223770231 0.92609334
vt 0.225678787 0.934570611
vt 0.234350249 0.93457067
vt 0.234844401 0.928998709
vt 0.201759428 0.914864719
vt 0.201759428 0.914864719
vt 0.202648476 0.909429193
vt 0.212321773 0.916367531
vt 0.202648476 0.909429193
vt 0.215119675 0.911592722
vt 0.224893168 0.916450799
vt 0.231581256 0.92260468
vt 0.178613663 0.608033776
vt 0.198200509 0.611797035
vt 0.183272988 0.602261782
vt 0.185194939 0.592506111
vt 0.207601547 0.590519309
vt 0.203524143 0.578775048
vt 0.183029056 0.585322738
vt 0.179406583 0.57365799
vt 0.19141081 0.566499591
vt 0.177884415 0.567497075
vt 0.173657805 0.578157663
vt 0.16444245 0.572735846
vt 0.16444245 0.572735846
vt 0.24976629 0.581537843
vt 0.226061195 0.635598063
vt 0.254178286 0.610951364
vt 0.257875115 0.662104189
vt 0.27575174 0.643456757
vt 0.288707018 0.658696175
vt 0.27242291 0.68332541
vt 0.288103819 0.696170688
vt 0.212552637 0.674191654
vt 0.244820997 0.708979249
vt 0.198784679 0.691448331
vt 0.205183327 0.717971742
vt 0.195476323 0.674436867
vt 0.238525391 0.722487867
vt 0.199896544 0.746231735
vt 0.265002638 0.70426935
vt 0.270394176 0.692210734
vt 0.272273839 0.702156901
vt 0.272273839 0.702156901
vt 0.302448928 0.643963456
vt 0.30416137 0.65098846
vt 0.304843187 0.661964655
vt 0.31819278 0.648448825
vt 0.31819278 0.648448825
vt 0.268137485 0.723207116
vt 0.307109535 0.685675502
vt 0.317920148 0.690063775
vt 0.337580204 0.697228193
vt 0.290577739 0.714813411
vt 0.323982984 0.71399647
vt 0.367104173 0.710993409
vt 0.281068027 0.709331155
vt 0.272273839 0.702156901
vt 0.304535061 0.732526422
vt 0.293307036 0.734276772
vt 0.309892356 0.750258207
vt 0.310052633 0.736150026
vt 0.309892356 0.750258207
vt 0.325206399 0.725506186
vt 0.260244906 0.724435627
vt 0.257494152 0.74327302
vt 0.255087018 0.728033543
vt 0.261440217 0.502596498
vt 0.244332761 0.498357475
vt 0.238779128 0.531329751
vt 0.237097532 0.489653707
vt 0.224606425 0.494993031
vt 0.257772028 0.494151294
vt 0.287547052 0.498556912
vt 0.267867804 0.481020123
vt 0.293058455 0.464031816
vt 0.288571596 0.514609814
vt 0.272821724 0.531762362
vt 0.293786407 0.527496159
vt 0.224433988 0.472627223
vt 0.207429439 0.511938632
vt 0.20990327 0.538219333
vt 0.178799495 0.51886487
vt 0.202124938 0.557733953
vt 0.182942778 0.545286357
vt 0.171320722 0.533685505
vt 0.181911364 0.529231668
vt 0.164732605 0.52021271
vt 0.19945994 0.489633173
vt 0.173300788 0.489172816
vt 0.184128225 0.477580458
vt 0.207274497 0.484037608
vt 0.195626855 0.474194109
vt 0.192507416 0.479174823
vt 0.171346307 0.472407341
vt 0.19141081 0.566499591
vt 0.187837124 0.560750067
vt 0.179451764 0.551705182
vt 0.184696704 0.549356043
vt 0.173556268 0.54526335
vt 0.257180035 0.555178344
vt 0.272509515 0.545211494
vt 0.268721223 0.580722272
vt 0.266460478 0.59080267
vt 0.285508811 0.581681252
vt 0.275972128 0.609317303
vt 0.416729629 0.0478241146
vt 0.411750257 0.0306765735
vt 0.408375084 0.0485781431
vt 0.41439867 0.0347290933
vt 0.417990535 0.0257455111
vt 0.404284209 0.0675492883
vt 0.43106243 0.056867674
vt 0.446111053 0.0379863679
vt 0.447830796 0.0679188669
vt 0.446991205 0.0536433756
vt 0.42358613 0.0117454827
vt 0.451201528 0.0764060616
vt 0.451201528 0.0764060616
vt 0.396439433 0.070935607
vt 0.39174208 0.0730899572
vt 0.385828257 0.0858966112
vt 0.386401951 0.0963571668
vt 0.394825578 0.0505511463
vt 0.404284209 0.0675492883
vt 0.396439433 0.070935607
vt 0.408115268 0.106155902
vt 0.394825578 0.0505511463
vt 0.170258164 0.436792701
vt 0.181632221 0.45596242
vt 0.211705863 0.443481505
vt 0.201051205 0.413761497
vt 0.446991205 0.0536433756
vt 0.447830796 0.0679188669
vt 0.451201528 0.0764060616
vt 0.910036206 0.447152764
vt 0.930437922 0.421825588
vt 0.907680929 0.434237689
vt 0.946107864 0.434220552
vt 0.927223921 0.406111419
vt 0.912045896 0.386194497
vt 0.93351388 0.392173231
vt 0.875530839 0.430583984
vt 0.870479822 0.37432754
vt 0.850352705 0.420195132
vt 0.861787319 0.358832121
vt 0.882258296 0.341335475
vt 0.886563003 0.367474824
vt 0.913952827 0.378307015
vt 0.910571516 0.363709241
vt 0.826561213 0.431764364
vt 0.795590639 0.451514453
vt 0.778712332 0.420604348
vt 0.77298367 0.394989699
vt 0.777472854 0.458657205
vt 0.623753071 0.101966359
vt 0.627273023 0.102148093
vt 0.617321432 0.0869472921
vt 0.621528625 0.120866656
vt 0.27093187 0.172663182
vt 0.255048931 0.165932506
vt 0.236507654 0.209548756
vt 0.252278775 0.215843379
vt 0.299335361 0.109403431
vt 0.283007205 0.0974324346
vt 0.19947575 0.261831224
vt 0.211158544 0.269940823
vt 0.17495048 0.304737031
vt 0.16508992 0.296869695
vt 0.139416397 0.336265981
vt 0.127038389 0.32819581
vt 0.0932434797 0.371132433
vt 0.105776608 0.378791094
vt 0.176101595 0.246376723
vt 0.142531157 0.280125082
vt 0.101139709 0.312790871
vt 0.0625721961 0.359609902
vt 0.208372086 0.198792592
vt 0.165787458 0.211124688
vt 0.169786751 0.194482565
vt 0.184214115 0.184214532
vt 0.0546053052 0.326160997
vt 0.0252588093 0.343154907
vt 0.01809901 0.359430492
vt 0.134619579 0.255003691
vt 0.138524204 0.240463823
vt 0.15344663 0.231515512
vt 0.111964777 0.257029802
vt 0.11594291 0.274843156
vt 0.0918529704 0.28139472
vt 0.0788402557 0.298853606
vt 0.181801409 0.169706136
vt 0.195588022 0.161165178
vt 0.225442067 0.153718323
vt 0.187485129 0.13647601
vt 0.20955801 0.128250271
vt 0.24039191 0.116393223
vt 0.199164867 0.0994462371
vt 0.216109723 0.0870430171
vt 0.251670539 0.0784503967
vt 0.0448195338 0.317282856
vt 0.771020234 0.570849657
vt 0.762566805 0.60083878
vt 0.769331694 0.595018685
vt 0.18360126 0.784509301
vt 0.200686514 0.790863574
vt 0.181881666 0.746020973
vt 0.164518207 0.134945512
vt 0.172264338 0.12591213
vt 0.149217844 0.137208462
vt 0.173953652 0.106087543
vt 0.149217844 0.105560154
vt 0.163248003 0.0894551277
vt 0.159080893 0.140909523
vt 0.149217844 0.147173971
vt 0.149217844 0.08186692
vt 0.628367186 0.589463174
vt 0.676938474 0.608394325
vt 0.644780755 0.5724352
vt 0.601540744 0.586005807
vt 0.57122916 0.626762629
vt 0.584328473 0.613924384
vt 0.559344947 0.619992375
vt 0.563768744 0.630340815
vt 0.553799391 0.604551733
vt 0.560174525 0.598645449
vt 0.593834162 0.65117383
vt 0.605054736 0.660235524
vt 0.565034389 0.583441973
vt 0.632426858 0.645289779
vt 0.629821002 0.667373896
vt 0.667312384 0.681234002
vt 0.671056628 0.667887211
vt 0.708665848 0.702279985
vt 0.685124159 0.655595958
vt 0.636684 0.622231126
vt 0.628825068 0.605175674
vt 0.676938474 0.608394325
vt 0.676938474 0.608394325
vt 0.628367186 0.589463174
vt 0.601540744 0.586005807
vt 0.588020563 0.580901325
vt 0.62783134 0.569553196
vt 0.578125417 0.567555547
vt 0.669347703 0.0495370291
vt 0.668332279 0.0800451562
vt 0.658102155 0.0577445254
vt 0.558591783 0.415494055
vt 0.555369198 0.43253088
vt 0.0445761979 0.675821483
vt 0.0459517688 0.690207362
vt 0.0553335845 0.691901565
vt 0.0306396484 0.682901323
vt 0.0553335845 0.691901565
vt 0.0473807007 0.707985818
vt 0.0546977669 0.730578899
vt 0.0718074739 0.728444576
vt 0.0372593701 0.722479701
vt 0.0632623881 0.744018912
vt 0.0566299856 0.751929045
vt 0.071673736 0.75995636
vt 0.0718074739 0.728444576
vt 0.0903806388 0.760374904
vt 0.568263769 0.758864582
vt 0.571119905 0.751447022
vt 0.554452062 0.749558985
vt 0.576868355 0.745789051
vt 0.589306593 0.753985763
vt 0.0898701251 0.782788813
vt 0.101343691 0.782241225
vt 0.0903806388 0.760374904
vt 0.07913737 0.77668488
vt 0.0736681819 0.788567066
vt 0.273053676 0.919919491
vt 0.261396766 0.931585073
vt 0.273612469 0.923684537
vt 0.288839191 0.923259139
vt 0.788503885 0.646389127
vt 0.827566922 0.635124326
vt 0.791414738 0.627374172
vt 0.168633714 0.713169575
vt 0.180412173 0.702085912
vt 0.167452186 0.702177465
vt 0.0162931681 0.524166167
vt 0.158816665 0.719794452
vt 0.160511374 0.708423615
vt 0.147129655 0.718800664
vt 0.306725293 0.612036049
vt 0.287554145 0.621131897
vt 0.305489451 0.627488494
vt 0.325902522 0.61218667
vt 0.314319134 0.631107807
vt 0.182942778 0.545286357
vt 0.184696704 0.549356043
vt 0.202124938 0.557733953
vt 0.173556268 0.54526335
vt 0.1282444 0.818415821
vt 0.11195302 0.796100974
vt 0.106343597 0.800527692
vt 0.112629771 0.812850714
vt 0.118374437 0.832501352
vt 0.0916471779 0.803928256
vt 0.101343691 0.782241225
vt 0.11195302 0.796100974
vt 0.1282444 0.818415821
vt 0.101343691 0.782241225
vt 0.939565778 0.331439525
vt 0.946918488 0.323158473
vt 0.939066768 0.321907461
vt 0.261396766 0.931585073
vt 0.273053676 0.919919491
vt 0.265996635 0.918254256
vt 0.266619205 0.899646938
vt 0.164587647 0.610878706
vt 0.152142301 0.620800555
vt 0.164068401 0.629157543
vt 0.174796611 0.620936871
vt 0.158505589 0.643734455
vt 0.146274388 0.639446557
vt 0.183712095 0.618996918
vt 0.17217952 0.609030902
vt 0.178613663 0.608033776
vt 0.175336897 0.641485929
vt 0.16992557 0.650606692
vt 0.183535323 0.651630044
vt 0.187098756 0.642237723
vt 0.18013531 0.656936526
vt 0.189946786 0.661698699
vt 0.185668856 0.664987922
vt 0.200810179 0.648476303
vt 0.183226645 0.667824984
vt 0.18676728 0.673168957
vt 0.17646271 0.662310541
vt 0.167094886 0.65559417
vt 0.155358389 0.649897218
vt 0.142845362 0.646589398
vt 0.195476323 0.674436867
vt 0.191248357 0.674243033
vt 0.164732605 0.52021271
vt 0.181911364 0.529231668
vt 0.178799495 0.51886487
vt 0.20990327 0.538219333
vt 0.155468032 0.21009545
vt 0.293786407 0.527496159
vt 0.292063922 0.51518625
vt 0.288571596 0.514609814
vt 0.302550733 0.504400492
vt 0.287547052 0.498556912
vt 0.19945994 0.489633173
vt 0.195626855 0.474194109
vt 0.192507416 0.479174823
vt 0.141398162 0.739612877
vt 0.149713516 0.734974027
vt 0.146582931 0.731864154
vt 0.164009154 0.73407799
vt 0.154707402 0.72408241
vt 0.593555272 0.551327646
vt 0.62783134 0.569553196
vt 0.604379892 0.546558499
vt 0.578125417 0.567555547
vt 0.262880981 0.568634212
vt 0.277758509 0.563122809
vt 0.262460083 0.560002506
vt 0.272509515 0.545211494
vt 0.24976629 0.581537843
vt 0.257180035 0.555178344
vt 0.37828207 0.577346146
vt 0.3863931 0.58833468
vt 0.379163861 0.576898038
vt 0.371578723 0.573040485
vt 0.143293783 0.710945725
vt 0.162130311 0.694844484
vt 0.1485513 0.689938784
vt 0.461104929 0.476401746
vt 0.932856143 0.338803947
vt 0.928117633 0.3397367
vt 0.926105022 0.349502534
vt 0.930888712 0.332674116
vt 0.930888712 0.332674116
vt 0.932856143 0.338803947
vt 0.93768239 0.33657518
vt 0.941341639 0.349356711
vt 0.934955478 0.344943285
vt 0.93513149 0.352954656
vt 0.937078834 0.359545648
vt 0.940805733 0.341267079
vt 0.934955478 0.344943285
vt 0.941341639 0.349356711
vt 0.61223799 0.0615630671
vt 0.609859705 0.0503999814
vt 0.631252885 0.0389361009
vt 0.694684863 0.00388768408
vt 0.694144011 0.0148443673
vt 0.681597352 0.00417368207
vt 0.181504354 0.710342765
vt 0.162440002 0.720154107
vt 0.181538105 0.719598114
vt 0.593686104 0.0269209594
vt 0.593854785 0.0226170681
vt 0.609517634 0.0352786817
vt 0.612592578 0.0238908902
vt 0.593854785 0.0226170681
vt 0.597079992 0.0195638314
vt 0.685124159 0.655595958
vt 0.678509772 0.64727366
vt 0.636684 0.622231126
vt 0.422460943 0.775529027
vt 0.420466512 0.779964924
vt 0.429129988 0.774827838
vt 0.314151287 0.33803463
vt 0.307112873 0.335012257
vt 0.337007284 0.027071476
vt 0.34645772 0.0152957737
vt 0.336474717 0.0121072829
vt 0.334281713 0.0278203003
vt 0.34645772 0.0152957737
vt 0.336786777 0.0124655403
vt 0.532997847 0.0912677795
vt 0.538454354 0.0771122798
vt 0.52802968 0.0755096674
vt 0.815050721 0.491003275
vt 0.579847813 0.515256882
vt 0.826254964 0.706373394
vt 0.299487352 0.0310564339
vt 0.305454254 0.0195776783
vt 0.318605542 0.0335395634
vt 0.297187805 0.0126341237
vt 0.311464429 0.0131244306
vt 0.322368801 0.0120946122
vt 0.334281713 0.0278203003
vt 0.336786777 0.0124655403
vt 0.280567527 0.0271475818
vt 0.280318439 0.0345145762
vt 0.293830812 0.064846158
vt 0.33042118 0.064846158
vt 0.36937803 0.0624880232
vt 0.264001817 0.0401473492
vt 0.281718671 0.0141276969
vt 0.273187429 0.0169278458
vt 0.259376526 0.0189682022
vt 0.248093069 0.0389922112
vt 0.249185145 0.0144266868
vt 0.236811072 0.0182191804
vt 0.229279697 0.0385239571
vt 0.253176451 0.064846158
vt 0.231946766 0.0156488493
vt 0.223967105 0.0161633566
vt 0.214163035 0.0360358208
vt 0.212302774 0.0130451703
vt 0.198921353 0.0214628354
vt 0.201779306 0.0366055816
vt 0.208846182 0.0487500578
vt 0.213802278 0.064846158
vt 0.174909204 0.064846158
vt 0.187791407 0.0485765487
vt 0.164230227 0.047522828
vt 0.197318688 0.0417859405
vt 0.202186733 0.042533502
vt 0.192450643 0.0410383791
vt 0.187527031 0.0323289484
vt 0.182910651 0.0422474891
vt 0.17623961 0.0420622528
vt 0.169568568 0.0418770164
vt 0.167671531 0.0294729304
vt 0.158505082 0.0381698757
vt 0.148959547 0.0401292071
vt 0.115326762 0.064846158
vt 0.13984701 0.0386158973
vt 0.101952203 0.0332558565
vt 0.125104338 0.0299271178
vt 0.108013123 0.016559042
vt 0.119662203 0.0117024863
vt 0.133470446 0.0153633589
vt 0.136586815 0.0290725958
vt 0.0939968228 0.0214834884
vt 0.0311012864 0.128960013
vt 0.0753142312 0.140665531
vt 0.029959172 0.153255433
vt 0.037412107 0.109287739
vt 0.0564768612 0.0910799503
vt 0.0379771888 0.0828029513
vt 0.0974911451 0.0910156667
vt 0.112018377 0.106171817
vt 0.113783836 0.0806191862
vt 0.122575402 0.131375551
vt 0.121928483 0.151446193
vt 0.138623089 0.111160956
vt 0.0168672502 0.131209433
vt 0.0704072416 0.0686203837
vt 0.129517436 0.140080333
vt 0.0225229859 0.108065188
vt 0.0293069743 0.183291778
vt 0.0150823304 0.16699338
vt 0.0407219678 0.214311644
vt 0.0230352432 0.204546452
vt 0.0531782731 0.195670575
vt 0.0284140408 0.233451337
vt 0.0160739422 0.227226943
vt 0.0627129078 0.195688039
vt 0.0522478223 0.209558159
vt 0.058717072 0.21078977
vt 0.0885337293 0.195862383
vt 0.0877981931 0.219277978
vt 0.0649589896 0.219154894
vt 0.0848037302 0.247896791
vt 0.0692094564 0.248221755
vt 0.0986217558 0.195621073
vt 0.0931400061 0.212335616
vt 0.0974521339 0.212100163
vt 0.11984361 0.183567449
vt 0.129474223 0.205413461
vt 0.10781084 0.214042231
vt 0.134476602 0.228704453
vt 0.121727228 0.235450268
vt 0.14036575 0.160892308
vt 0.370799065 0.0284924228
vt 0.363908589 0.0170042813
vt 0.34645772 0.0152957737
vt 0.0403338484 0.0449391603
vt 0.0450806133 0.0206559692
vt 0.0520415753 0.0456210561
vt 0.0301970616 0.0422725305
vt 0.0520415753 0.060691271
vt 0.036908146 0.0620941035
vt 0.0235428363 0.062094491
vt 0.036908146 0.0620941035
vt 0.0169341527 0.0360497758
vt 0.0438903421 0.00986469444
vt 0.0097118672 0.062094491
vt 0.0591332354 0.0206559692
vt 0.0587138534 0.00986469444
vt 0.0709683374 0.0406514704
vt 0.0627629384 0.0463029519
vt 0.0773524716 0.0620944314
vt 0.0831403136 0.0347642079
vt 0.0914830342 0.0620948263
vt 0.0642157719 0.062094491
vt 0.0405559018 0.0446775928
vt 0.0450806133 0.0206559692
vt 0.0520415753 0.045350004
vt 0.0301970616 0.0422725305
vt 0.0232406911 0.0620942377
vt 0.0378451198 0.0620944314
vt 0.00965452753 0.0620942377
vt 0.0172877554 0.0359062254
vt 0.0438903421 0.00986469444
vt 0.0520415753 0.0606914349
vt 0.0627629384 0.0460224152
vt 0.0642157719 0.062094491
vt 0.0771625414 0.0620944314
vt 0.0709683374 0.0406514704
vt 0.0591332354 0.0206559692
vt 0.0820905417 0.0339877456
vt 0.0911556706 0.062094491
vt 0.0587138534 0.00986469444
vt 0.0438903421 0.00986469444
vt 0.0587138534 0.00986469444
vt 0.0587138534 0.00986469444
vt 0.0406671837 0.0443907827
vt 0.0520415753 0.0452524237
vt 0.0520415753 0.060691338
vt 0.0378251933 0.062094491
vt 0.0450806133 0.0206559692
vt 0.0301970616 0.0422725305
vt 0.0241398588 0.0620944314
vt 0.0176994968 0.0360542908
vt 0.0438903421 0.00986469444
vt 0.0107049476 0.0620941035
vt 0.0587138534 0.00986469444
vt 0.0591332354 0.0206559692
vt 0.0709683374 0.0406514704
vt 0.0627629384 0.0461140648
vt 0.0771685988 0.0620942377
vt 0.0642157719 0.0620942377
vt 0.08297728 0.0345542282
vt 0.0912776887 0.062094491
vt 0.101952203 0.0332558565
vt 0.0872083232 0.0264513548
vt 0.0939968228 0.0214834884
vt 0.139984816 0.695191562
vt 0.144964337 0.691853881
vt 0.14086774 0.699455082
vt 0.138081133 0.696729779
vt 0.13183108 0.698997855
vt 0.138081133 0.696729779
vt 0.14086774 0.699455082
vt 0.128823921 0.717954338
vt 0.133784994 0.716397941
vt 0.135392353 0.718505442
vt 0.136645377 0.715778351
vt 0.136645377 0.715778351
vt 0.142317906 0.716324329
vt 0.135392353 0.718505442
vt 0.297294617 0.0303268433
vt 0.303489268 0.0233489573
vt 0.311259747 0.0287075657
vt 0.295168698 0.0162660182
vt 0.308940321 0.0167202652
vt 0.320007563 0.0157858729
vt 0.337007284 0.027071476
vt 0.336474717 0.0121072829
vt 0.280125856 0.0250999033
vt 0.273466796 0.0297435243
vt 0.279205829 0.017811656
vt 0.274073303 0.0276289284
vt 0.264412969 0.0349650383
vt 0.251418233 0.0643378496
vt 0.271717668 0.0161683559
vt 0.260027826 0.0180713534
vt 0.248700306 0.0339577794
vt 0.247678101 0.0137383342
vt 0.235323817 0.0171599686
vt 0.227984071 0.0334819555
vt 0.207618475 0.0435483754
vt 0.212586582 0.0643378496
vt 0.174390972 0.0643378496
vt 0.186630964 0.0435738564
vt 0.164014757 0.0422653854
vt 0.196688324 0.0367332697
vt 0.213264465 0.0305933058
vt 0.201300502 0.0313569009
vt 0.201507092 0.0373463929
vt 0.198029488 0.0207673609
vt 0.222749561 0.0151909888
vt 0.210818499 0.012270987
vt 0.230647355 0.0152476728
vt 0.191869557 0.0361201465
vt 0.186440855 0.027030021
vt 0.182055354 0.036565274
vt 0.175634146 0.036477536
vt 0.169212937 0.0363897979
vt 0.16665864 0.0239889026
vt 0.157879442 0.0335096121
vt 0.148427457 0.0349283665
vt 0.11549294 0.0643378496
vt 0.139593363 0.0333193243
vt 0.102365971 0.0315946341
vt 0.12509492 0.0246913433
vt 0.108556092 0.0157605708
vt 0.11982131 0.0114011467
vt 0.136406779 0.0237993598
vt 0.094353497 0.0209017694
vt 0.133532822 0.0143239954
vt 0.369932979 0.0643378496
vt 0.32759124 0.0643378496
vt 0.29179275 0.0643378496
vt 0.371354014 0.0303422511
vt 0.363908589 0.0170042813
vt 0.34645772 0.0152957737
vt 0.0312294066 0.129321814
vt 0.0750157312 0.14056623
vt 0.0301242471 0.153655261
vt 0.0374427438 0.108956464
vt 0.056432426 0.0910666883
vt 0.0378251672 0.0824345052
vt 0.0973047614 0.0908978879
vt 0.112027377 0.106121927
vt 0.113948971 0.0802619457
vt 0.121420607 0.13143158
vt 0.12151435 0.151549101
vt 0.138728797 0.111496538
vt 0.0166920722 0.130883723
vt 0.0701984763 0.0684097111
vt 0.129398257 0.139933437
vt 0.0223526657 0.108020097
vt 0.0294287317 0.183042362
vt 0.0147283077 0.166928679
vt 0.0407624841 0.214340329
vt 0.0228387862 0.204629064
vt 0.0529467687 0.195779324
vt 0.0286183357 0.233558238
vt 0.0159342885 0.227273583
vt 0.0627861321 0.195893079
vt 0.0522407293 0.209735304
vt 0.0587648749 0.210717589
vt 0.0886461735 0.19605723
vt 0.0877404958 0.219240233
vt 0.0649944544 0.219098389
vt 0.0849755406 0.248117924
vt 0.0691627562 0.248482734
vt 0.0986489654 0.195615321
vt 0.0930055678 0.212615997
vt 0.0973340869 0.212132588
vt 0.120077409 0.18344371
vt 0.129504502 0.20545122
vt 0.107796863 0.214060634
vt 0.134240568 0.22864899
vt 0.121680923 0.23570177
vt 0.140400887 0.160837084
vt 0.0407444909 0.0449565873
vt 0.0450806133 0.0206559692
vt 0.0520415753 0.0454765111
vt 0.0301970616 0.0422725305
vt 0.0520415753 0.0606914349
vt 0.0372517966 0.0620944314
vt 0.0235997532 0.0620948263
vt 0.0372517966 0.0620944314
vt 0.0168810412 0.0365521275
vt 0.0438903421 0.00986469444
vt 0.0101030562 0.0620941035
vt 0.0591332354 0.0206559692
vt 0.0587138534 0.00986469444
vt 0.0709683374 0.0406514704
vt 0.0627629384 0.045996435
vt 0.0776025355 0.0620948263
vt 0.0827354491 0.0343892276
vt 0.0910145417 0.0620941035
vt 0.0642157719 0.062094491
vt 0.0405559018 0.0446775928
vt 0.0450806133 0.0206559692
vt 0.0520415753 0.045350004
vt 0.0301970616 0.0422725305
vt 0.0232406911 0.0620942377
vt 0.0378451198 0.0620944314
vt 0.00965452753 0.0620942377
vt 0.0174091458 0.0359833129
vt 0.0438903421 0.00986469444
vt 0.0520415753 0.0606914349
vt 0.0627629384 0.0460224152
vt 0.0642157719 0.062094491
vt 0.0771625414 0.0620944314
vt 0.0709683374 0.0406514704
vt 0.0591332354 0.0206559692
vt 0.0820905417 0.0339877456
vt 0.0911556706 0.062094491
vt 0.0587138534 0.00986469444
vt 0.0438903421 0.00986469444
vt 0.0403609648 0.0450024158
vt 0.0520415753 0.0456369258
vt 0.0520415753 0.0606913082
vt 0.0380882993 0.0620944314
vt 0.0450806133 0.0206559692
vt 0.0301970616 0.0422725305
vt 0.0221121963 0.0620942377
vt 0.017655395 0.0356321484
vt 0.0438903421 0.00986469444
vt 0.00951664709 0.0620942377
vt 0.0587138534 0.00986469444
vt 0.0591332354 0.0206559692
vt 0.0709683374 0.0406514704
vt 0.0627629384 0.0462714359
vt 0.0777916536 0.0620941035
vt 0.0642157719 0.0620942377
vt 0.0823144913 0.0339345448
vt 0.0911259875 0.0620948263
vt 0.102365971 0.0315946341
vt 0.0868187249 0.0270962417
vt 0.094353497 0.0209017694
vt 0.15906626 0.702378392
vt 0.163422823 0.696080685
vt 0.161544204 0.706647038
vt 0.157594144 0.704453111
vt 0.151365161 0.708482742
vt 0.157594144 0.704453111
vt 0.161544204 0.706647038
vt 0.133466244 0.725654721
vt 0.139317274 0.724533796
vt 0.140683293 0.726773858
vt 0.141833901 0.723935485
vt 0.141833901 0.723935485
vt 0.148081124 0.723782063
vt 0.140683293 0.726773858
vt 0.0475233458 0.790296674
vt 0.0415322892 0.788245022
vt 0.0417810939 0.784711421
vt 0.0496576279 0.785586655
vt 0.0424284674 0.781443536
vt 0.048759602 0.780913651
vt 0.0310897976 0.778404951
vt 0.0370328501 0.767593563
vt 0.0338164084 0.801253259
vt 0.0295890812 0.789475799
vt 0.0284357257 0.783368826
vt 0.0170504879 0.775600553
vt 0.0196210165 0.759404778
vt 0.0187954307 0.806262255
vt 0.0165614914 0.789755046
vt 0.0157267693 0.782724261
vt 0.00902158767 0.758264899
vt 0.00902158022 0.791258693
vt 0.00902161002 0.807041109
vt 0.00902158581 0.781980753
vt 0.00902159885 0.774296284
vt 0.533296824 0.46748209
vt 0.522695065 0.455321342
vt 0.531331837 0.455321342
vt 0.545795798 0.464815557
vt 0.544211984 0.475295424
vt 0.5556674 0.472620666
vt 0.563537002 0.466084599
vt 0.551166356 0.479034752
vt 0.568092465 0.478170961
vt 0.566378832 0.481586456
vt 0.579271793 0.483712792
vt 0.571495235 0.474545598
vt 0.542762518 0.455321342
vt 0.550229311 0.455321342
vt 0.557658434 0.455321342
vt 0.470787168 0.497967541
vt 0.476825327 0.500071466
vt 0.476895392 0.524567246
vt 0.470912874 0.522782445
vt 0.476339966 0.546248436
vt 0.471084684 0.54439646
vt 0.474441141 0.568508387
vt 0.470500439 0.566831291
vt 0.470356703 0.585631847
vt 0.468396991 0.584658027
vt 0.462369084 0.495158315
vt 0.463081002 0.519942164
vt 0.45516932 0.495152414
vt 0.456485003 0.519184768
vt 0.449687243 0.497546166
vt 0.450991929 0.520195603
vt 0.442016095 0.499123991
vt 0.444756687 0.523712277
vt 0.453565866 0.543685317
vt 0.448445439 0.546019793
vt 0.457154155 0.566483021
vt 0.453061014 0.56884253
vt 0.461533844 0.58386445
vt 0.459870934 0.58591783
vt 0.458517969 0.542842746
vt 0.460875183 0.564960718
vt 0.463480651 0.582841873
vt 0.463926196 0.542598844
vt 0.464899242 0.564960182
vt 0.465488434 0.583406568
vt 0.465875357 0.594893992
vt 0.782673597 0.687598944
vt 0.799658 0.693808794
vt 0.772492707 0.712071776
vt 0.795921326 0.671169519
vt 0.768649936 0.687251806
vt 0.756637812 0.688964725
vt 0.746943355 0.690895796
vt 0.757326841 0.670743823
vt 0.750628293 0.670687437
vt 0.765451908 0.67081213
vt 0.774861813 0.670938134
vt 0.745349169 0.670642734
vt 0.740474284 0.670601487
vt 0.784020066 0.671060622
vt 0.807644069 0.671276808
vt 0.96214509 0.629318953
vt 0.968650699 0.641037941
vt 0.961676419 0.642038226
vt 0.966651022 0.654662132
vt 0.958206415 0.648312807
vt 0.984593868 0.62653327
vt 0.98534596 0.667001545
vt 0.944357634 0.69298315
vt 0.948940039 0.714940965
vt 0.982199073 0.700977683
vt 0.979340434 0.712085247
vt 0.955518007 0.66133678
vt 0.954829156 0.654419541
vt 0.942512035 0.659061551
vt 0.948223948 0.649916828
vt 0.939607978 0.671310484
vt 0.935445786 0.64809531
vt 0.941717744 0.645481706
vt 0.938154876 0.631679416
vt 0.945749402 0.639984608
vt 0.969305515 0.720375657
vt 0.958254933 0.727103472
vt 0.950115383 0.634031653
vt 0.949751616 0.626532435
vt 0.95533967 0.637649655
vt 0.982902765 0.595148206
vt 0.943841219 0.593178153
vt 0.935356736 0.612454832
vt 0.976014972 0.574986696
vt 0.955879211 0.560819983
vt 0.948304415 0.572281301
vt 0.932699442 0.5812608
vt 0.0314747691 0.28112343
vt 0.0293839872 0.285062134
vt 0.0284827352 0.284342289
vt 0.031003803 0.280797839
vt 0.0255250931 0.285693944
vt 0.0265092552 0.286970615
vt 0.02564013 0.288995504
vt 0.0249177814 0.289226025
vt 0.0246014595 0.286113143
vt 0.0228626877 0.279624522
vt 0.0235900432 0.279542774
vt 0.024064362 0.274489164
vt 0.0234611928 0.274378926
vt 0.0258783996 0.270564198
vt 0.0250407159 0.270678759
vt 0.0254739225 0.289797902
vt 0.0241879821 0.269587129
vt 0.0220419168 0.273609519
vt 0.0228626877 0.279624522
vt 0.0218609869 0.279572934
vt 0.0246014595 0.286113143
vt 0.0236221552 0.286364198
vt 0.0249177814 0.289226025
vt 0.0238865912 0.289568871
vt 0.0254739225 0.289797902
vt 0.0253544152 0.29106307
vt 0.0258399546 0.269546509
vt 0.026802063 0.270131946
vt 0.02617082 0.269306123
vt 0.0299840122 0.272246897
vt 0.0297264755 0.272645324
vt 0.0262686908 0.268219411
vt 0.0254787803 0.268741608
vt 0.0272876024 0.269171149
vt 0.0305587798 0.271797687
vt 0.0316760838 0.277128786
vt 0.0320506692 0.277172148
vt 0.0320506692 0.277172148
vt 0.0329526961 0.276947886
vt 0.0314747691 0.28112343
vt 0.0324753225 0.281292737
vt 0.0293839872 0.285062134
vt 0.030277729 0.285581708
vt 0.0271983147 0.28759715
vt 0.0265092552 0.286970615
vt 0.0266108215 0.289543092
vt 0.02564013 0.288995504
vt 0.0253544152 0.29106307
vt 0.0254739225 0.289797902
vt 0.0284827352 0.284342289
vt 0.0279441476 0.283495665
vt 0.0301342607 0.280278802
vt 0.031003803 0.280797839
vt 0.0255250931 0.285693944
vt 0.0260169804 0.284949243
vt 0.0316760838 0.277128786
vt 0.0307894349 0.277026415
vt 0.0297264755 0.272645324
vt 0.0291692168 0.273069471
vt 0.0264416337 0.27128154
vt 0.0258783996 0.270564198
vt 0.024064362 0.274489164
vt 0.0249947608 0.274663627
vt 0.0245829821 0.279406011
vt 0.0235900432 0.279542774
vt 0.0258783996 0.270564198
vt 0.0264416337 0.27128154
vt 0.0260169804 0.284949243
vt 0.0255250931 0.285693944
vt 0.843813002 0.0607455485
vt 0.833063722 0.0762913674
vt 0.853490591 0.0965478793
vt 0.844104528 0.103113912
vt 0.846946895 0.131317094
vt 0.860584915 0.118366897
vt 0.880751789 0.0761972815
vt 0.877040207 0.13785553
vt 0.854935229 0.151463091
vt 0.873186707 0.158457398
vt 0.916939259 0.133340657
vt 0.941585183 0.0912595168
vt 0.942418396 0.16242151
vt 0.962407589 0.139678478
vt 0.957998455 0.209070593
vt 0.930684328 0.173970938
vt 0.900799394 0.160402089
vt 0.941597164 0.0771880895
vt 0.961206973 0.0801739246
vt 0.938266039 0.0467140973
vt 0.96897769 0.0649394542
vt 0.986903965 0.10602057
vt 0.960277081 0.0943722874
vt 0.93011713 0.0353872031
vt 0.904351473 0.0497933589
vt 0.891103029 0.0196120292
vt 0.929341912 0.0135912597
vt 0.956116915 0.0307117105
vt 0.958250582 0.0354844332
vt 0.978674054 0.0261541307
vt 0.958518922 0.0194494128
vt 0.851239443 0.0432647467
vt 0.890172601 0.0657607019
vt 0.929651201 0.0281477571
vt 0.937467873 0.0444536507
vt 0.939372182 0.0726241246
vt 0.964384198 0.0814820603
vt 0.969450712 0.0663899183
vt 0.986734152 0.10691452
vt 0.959768295 0.0947739631
vt 0.938968956 0.0924197584
vt 0.893695474 0.0170128793
vt 0.929461479 0.0117972642
vt 0.958237052 0.0262868106
vt 0.961211801 0.0182328224
vt 0.979906321 0.0268907249
vt 0.959136605 0.0340376198
vt 0.912344992 0.13625975
vt 0.872490644 0.137391612
vt 0.900667965 0.160131544
vt 0.941052556 0.160216123
vt 0.92982316 0.174204886
vt 0.956397295 0.207763225
vt 0.961947799 0.140969783
vt 0.872719467 0.158892214
vt 0.855067968 0.150864989
vt 0.856660068 0.122217923
vt 0.847087264 0.130718738
vt 0.843782067 0.102641247
vt 0.852326393 0.0934232548
vt 0.844923139 0.0547975972
vt 0.835101485 0.0720600262
vt 0.855294943 0.0377529263
vt 0.359949052 0.946237803
vt 0.379846126 0.907760084
vt 0.433777511 0.918409228
vt 0.410546005 0.950516105
vt 0.387582719 0.984105408
vt 0.351754934 0.97913003
vt 0.496860892 0.975025892
vt 0.454085946 0.899629951
vt 0.418308258 0.859050333
vt 0.401757747 0.878899276
vt 0.364798576 0.830507517
vt 0.434971035 0.839378357
vt 0.472157955 0.876552463
vt 0.458842337 0.993176281
vt 0.48596397 0.909967959
vt 0.305309772 0.955900431
vt 0.298547536 0.977136493
vt 0.252622902 0.965434492
vt 0.249434456 0.9815135
vt 0.193084478 0.986385226
vt 0.259518325 0.942922473
vt 0.320859492 0.920103848
vt 0.508846939 0.885213256
vt 0.492482305 0.854750395
vt 0.500503659 0.851639509
vt 0.488179564 0.827513933
vt 0.50781095 0.850716472
vt 0.524074972 0.879562497
vt 0.527449191 0.954736173
vt 0.360062569 0.946186006
vt 0.410772741 0.950570524
vt 0.433809966 0.91838187
vt 0.379811972 0.90780133
vt 0.387148708 0.984354794
vt 0.458937585 0.99314189
vt 0.496860892 0.975025892
vt 0.351404846 0.979378521
vt 0.454086721 0.899625897
vt 0.418306649 0.85905081
vt 0.401757896 0.878898144
vt 0.364798576 0.830507517
vt 0.434979051 0.839376092
vt 0.472156078 0.876553476
vt 0.305296838 0.955899179
vt 0.320991307 0.919978619
vt 0.259583622 0.942844033
vt 0.252605557 0.96545285
vt 0.19308117 0.986388505
vt 0.249418721 0.981533825
vt 0.298476309 0.977214873
vt 0.485900819 0.909985423
vt 0.527449191 0.954736173
vt 0.508846939 0.885213256
vt 0.492482305 0.854750395
vt 0.500503659 0.851639509
vt 0.488179564 0.827513933
vt 0.50781095 0.850716472
vt 0.524074972 0.879562497
vt 0.770522952 0.688714385
vt 0.784878969 0.689758778
vt 0.771422267 0.712674022
vt 0.797785878 0.696165383
vt 0.758163929 0.690978467
vt 0.74940455 0.693852782
vt 0.750611782 0.670514047
vt 0.767997086 0.670660675
vt 0.797517657 0.670909524
vt 0.808981121 0.671006083
vt 0.776060224 0.670728624
vt 0.783024132 0.670787275
vt 0.745538473 0.670471251
vt 0.740909278 0.67043221
vt 0.789407849 0.670841098
vt 0.796953321 0.520465136
vt 0.793145657 0.509058595
vt 0.802235544 0.51228267
vt 0.816908002 0.51800245
vt 0.820970953 0.522535503
vt 0.79608053 0.526508927
vt 0.780024767 0.511193216
vt 0.774629116 0.513515174
vt 0.77455163 0.497595847
vt 0.768046975 0.497821152
vt 0.78402698 0.480239689
vt 0.788878679 0.487953544
vt 0.809989691 0.475901127
vt 0.779090762 0.476455778
vt 0.839069724 0.502664387
vt 0.827446699 0.502090275
vt 0.818980992 0.499060214
vt 0.824860334 0.484294444
vt 0.811464548 0.483651608
vt 0.829496562 0.479389608
vt 0.811239958 0.469793081
vt 0.785294771 0.506274045
vt 0.786873341 0.498204768
vt 0.874063492 0.471480548
vt 0.845783591 0.463721007
vt 0.818266273 0.458909631
vt 0.775375307 0.468185186
vt 0.742488265 0.477388948
vt 0.728601277 0.530088484
vt 0.715871871 0.484091729
vt 0.69096911 0.493907601
vt 0.678935766 0.546477437
vt 0.730570793 0.550019026
vt 0.798679352 0.548866093
vt 0.678172112 0.573289692
vt 0.661145687 0.499831498
vt 0.638554811 0.530952275
vt 0.641637444 0.494609565
vt 0.60330987 0.523763776
vt 0.607724488 0.494700491
vt 0.593117356 0.494518757
vt 0.584206283 0.527552724
vt 0.724480391 0.578813195
vt 0.875106335 0.538020134
vt 0.804181993 0.565024137
vt 0.879848003 0.559869289
vt 0.936976969 0.525681019
vt 0.943077087 0.548891068
vt 0.870550573 0.510322988
vt 0.91892904 0.49399361
vt 0.906414807 0.468702108
vt 0.940901399 0.487800956
vt 0.946696162 0.499696225
vt 0.956150949 0.484706849
vt 0.960538387 0.494080395
vt 0.972144961 0.490178913
vt 0.966084003 0.475828499
vt 0.933934927 0.456461787
vt 0.956269503 0.514141321
vt 0.972674251 0.511047721
vt 0.954681933 0.534652829
vt 0.97604692 0.527691007
vt 0.943077087 0.548891068
vt 0.98029685 0.541633189
vt 0.882347643 0.482627183
vt 0.77145493 0.688828588
vt 0.788272738 0.688266754
vt 0.773045599 0.712475419
vt 0.799169898 0.694363892
vt 0.760484457 0.690436423
vt 0.748567939 0.692576766
vt 0.739652634 0.670552969
vt 0.753854811 0.670672774
vt 0.790377498 0.670980334
vt 0.807528675 0.671125054
vt 0.782035708 0.67091012
vt 0.75983727 0.67072314
vt 0.771107912 0.67081809
vt 0.843994379 0.712643564
vt 0.83292371 0.713151991
vt 0.836608052 0.705397725
vt 0.850509524 0.696235061
vt 0.845422804 0.696635604
vt 0.84526515 0.684266508
vt 0.835515976 0.685815036
vt 0.831983387 0.677797794
vt 0.8322137 0.686377406
vt 0.833018184 0.705736041
vt 0.83474791 0.731946349
vt 0.870573342 0.683034956
vt 0.87137711 0.722619712
vt 0.904351056 0.723220944
vt 0.898809671 0.773441195
vt 0.90315932 0.687242627
vt 0.921382427 0.722478986
vt 0.892399192 0.662968576
vt 0.907917976 0.656470597
vt 0.919791996 0.684096277
vt 0.893394947 0.616375387
vt 0.878484428 0.624427676
vt 0.930728376 0.69189173
vt 0.933349073 0.720553875
vt 0.933745384 0.760719955
vt 0.95344317 0.74699682
vt 0.958218694 0.774553776
vt 0.949167728 0.778313518
vt 0.950162768 0.793694377
vt 0.959872305 0.791665196
vt 0.960973382 0.80195415
vt 0.948759437 0.801850975
vt 0.983933806 0.802147627
vt 0.969725072 0.762287199
vt 0.899504423 0.607956409
vt 0.885872602 0.572698474
vt 0.930448174 0.801696837
vt 0.936421514 0.786032081
vt 0.908087432 0.801508188
vt 0.887253642 0.801332593
vt 0.868015587 0.765665889
vt 0.874723554 0.801226974
vt 0.869315326 0.789055645
vt 0.859764099 0.784631968
vt 0.844877243 0.789390147
vt 0.838047922 0.762422025
vt 0.834703624 0.794479907
vt 0.819209576 0.790242851
vt 0.83112669 0.800859571
vt 0.819371164 0.800760329
vt 0.809441209 0.800676584
vt 0.807337284 0.789766192
vt 0.809097171 0.764938891
vt 0.819183409 0.762513697
vt 0.827198386 0.753111959
vt 0.787846148 0.80049473
vt 0.790055513 0.757213116
vt 0.787183642 0.778516054
vt 0.774213791 0.800379753
vt 0.775247157 0.77850163
vt 0.834442556 0.800887406
vt 0.731946945 0.778449535
vt 0.730262756 0.800009251
vt 0.689184606 0.799662948
vt 0.689818561 0.779710114
vt 0.732179523 0.738970876
vt 0.688813806 0.754923105
vt 0.647391558 0.784216225
vt 0.647281766 0.799309611
vt 0.633349657 0.799192131
vt 0.634752214 0.782352805
vt 0.648358047 0.770095825
vt 0.675413132 0.74220252
vt 0.637509167 0.762929082
vt 0.708096862 0.726883829
vt 0.7382918 0.714058042
vt 0.767822325 0.722102284
vt 0.784749687 0.740792096
vt 0.979881406 0.813940585
vt 0.979881406 0.839152694
vt 0.95011586 0.834680915
vt 0.95011586 0.814662278
vt 0.950592577 0.868465185
vt 0.980397582 0.877826929
vt 0.950803876 0.902346253
vt 0.980569601 0.918346882
vt 0.950803876 0.921783566
vt 0.980569601 0.935770035
vt 0.950803876 0.95443064
vt 0.980569601 0.958563864
vt 0.950803876 0.982587576
vt 0.980569601 0.981865764
vt 0.925630987 0.923992455
vt 0.925630987 0.905044913
vt 0.908842623 0.902922451
vt 0.908842623 0.92268616
vt 0.925630987 0.953110456
vt 0.908842623 0.954427302
vt 0.908842623 0.984826922
vt 0.896278918 0.969199777
vt 0.896278858 0.948222041
vt 0.880649805 0.952839375
vt 0.880649924 0.983517408
vt 0.855478287 0.985083759
vt 0.855206728 0.95416683
vt 0.880649924 0.922360539
vt 0.896278858 0.933531284
vt 0.855346203 0.920823574
vt 0.880649865 0.891501307
vt 0.896278918 0.917738914
vt 0.85347271 0.891096234
vt 0.88013351 0.847184062
vt 0.896106839 0.861864328
vt 0.854470491 0.847241759
vt 0.879961789 0.815592289
vt 0.895590723 0.830556631
vt 0.85479039 0.817158461
vt 0.824711084 0.847459316
vt 0.824539185 0.817016721
vt 0.825227261 0.890737772
vt 0.825227261 0.953552008
vt 0.825227261 0.920899034
vt 0.895590901 0.84577179
vt 0.908670545 0.870613813
vt 0.908154607 0.834831655
vt 0.908154607 0.816901684
vt 0.895590723 0.815912008
vt 0.896278918 0.885545135
vt 0.896278858 0.902030945
vt 0.908842623 0.92268616
vt 0.92889601 0.834144831
vt 0.92494297 0.81552577
vt 0.925458968 0.871395648
vt 0.784458637 0.816403151
vt 0.781696916 0.857115865
vt 0.754182279 0.857115865
vt 0.755303502 0.815796554
vt 0.754244268 0.887583256
vt 0.781472683 0.888616025
vt 0.754976809 0.919580817
vt 0.782406688 0.920193791
vt 0.755417943 0.953165293
vt 0.783322453 0.9529351
vt 0.75599134 0.983721793
vt 0.785146594 0.984328628
vt 0.798663676 0.888713479
vt 0.798663676 0.920901179
vt 0.798663676 0.95268625
vt 0.798663676 0.983011842
vt 0.7981475 0.846617579
vt 0.728428185 0.920897126
vt 0.728428185 0.88910079
vt 0.728428185 0.953631878
vt 0.728428066 0.985427022
vt 0.81275326 0.880527973
vt 0.81275326 0.925636768
vt 0.81275332 0.906364679
vt 0.81275326 0.970518589
vt 0.81275326 0.985406816
vt 0.81275332 0.949754298
vt 0.812409341 0.857115865
vt 0.812065125 0.836155772
vt 0.79797554 0.815086603
vt 0.825227261 0.984941959
vt 0.812065125 0.817481637
vt 0.628826022 0.951381445
vt 0.628826022 0.983284473
vt 0.618997335 0.984194517
vt 0.618997335 0.963905096
vt 0.618997335 0.940949798
vt 0.618997335 0.91879487
vt 0.628826022 0.919663072
vt 0.618997335 0.898162961
vt 0.628826022 0.889138341
vt 0.618997335 0.877152205
vt 0.618653297 0.857115865
vt 0.628309965 0.846214652
vt 0.618309259 0.835405648
vt 0.618309259 0.816269159
vt 0.628138065 0.815359116
vt 0.653438449 0.815530777
vt 0.655540586 0.846204638
vt 0.685707092 0.817815781
vt 0.683521271 0.846728802
vt 0.655598998 0.889484525
vt 0.684463382 0.889089286
vt 0.655532837 0.919720948
vt 0.687052369 0.919925749
vt 0.654020905 0.951754451
vt 0.685292482 0.952640414
vt 0.654126406 0.983456135
vt 0.686395109 0.985741019
vt 0.702617526 0.816667676
vt 0.702789545 0.847489357
vt 0.703305721 0.888376415
vt 0.703305721 0.919985175
vt 0.703305721 0.952614546
vt 0.703305721 0.984593034
vt 0.71581614 0.816402435
vt 0.716504097 0.869308472
vt 0.716504097 0.92157042
vt 0.716504097 0.977323353
vt 0.71598804 0.848267555
vt 0.716504097 0.985686541
vt 0.716504097 0.951322913
vt 0.716504097 0.892081022
vt 0.727912068 0.847591639
vt 0.727740109 0.817501783
vt 0.427256942 0.594450176
vt 0.428621292 0.574441671
vt 0.433593571 0.574441671
vt 0.433406055 0.594450176
vt 0.421023905 0.594450176
vt 0.423589468 0.574441671
vt 0.414676309 0.594450176
vt 0.418377787 0.574441671
vt 0.440323174 0.574441731
vt 0.441996574 0.594450176
vt 0.445119023 0.574441671
vt 0.448337972 0.594450176
vt 0.432430416 0.545158207
vt 0.430112511 0.544800162
vt 0.427998781 0.544299483
vt 0.42591995 0.543776572
vt 0.437212229 0.543265462
vt 0.435237646 0.544706702
vt 0.431229532 0.520533323
vt 0.564285159 0.886932969
vt 0.555817723 0.896211028
vt 0.556310296 0.87563324
vt 0.56374073 0.918951631
vt 0.555649579 0.91786468
vt 0.564116836 0.952761769
vt 0.556251168 0.941252649
vt 0.556132495 0.964130878
vt 0.564304173 0.985334277
vt 0.556291997 0.985686541
vt 0.556643009 0.857115805
vt 0.564175069 0.847097278
vt 0.555986583 0.83774817
vt 0.555675626 0.817760944
vt 0.563687682 0.817408681
vt 0.545873761 0.884647131
vt 0.545873761 0.917892635
vt 0.545873761 0.953478754
vt 0.545873761 0.987245202
vt 0.54525733 0.819319725
vt 0.545411468 0.848660469
vt 0.585901737 0.816403031
vt 0.586052895 0.846868277
vt 0.609049559 0.845870018
vt 0.608877599 0.815034509
vt 0.609565794 0.88827461
vt 0.587200761 0.889823079
vt 0.609565794 0.919002175
vt 0.587142348 0.920356452
vt 0.609565794 0.951110959
vt 0.586733222 0.952519655
vt 0.609565794 0.982959747
vt 0.586518109 0.984328389
vt 0.896278858 0.983837247
vt 0.925630987 0.983451009
vt 0.251221359 0.386437923
vt 0.263746709 0.375742704
vt 0.267898858 0.414028764
vt 0.243480861 0.364642888
vt 0.256957412 0.352872193
vt 0.267341554 0.357823074
vt 0.274386674 0.363152981
vt 0.232075766 0.41375047
vt 0.25112915 0.44371435
vt 0.289400935 0.439360172
vt 0.29602623 0.385069877
vt 0.312585622 0.415092796
vt 0.329890847 0.374696136
vt 0.266004473 0.45941186
vt 0.286954552 0.365977645
vt 0.324180156 0.357618511
vt 0.311043501 0.348598719
vt 0.337899208 0.355935842
vt 0.342911065 0.358679473
vt 0.338983774 0.37032041
vt 0.348968685 0.365782827
vt 0.347678989 0.375666738
vt 0.339731902 0.394184738
vt 0.294074774 0.3461712
vt 0.304806173 0.341891348
vt 0.300118566 0.337485194
vt 0.334992319 0.346555233
vt 0.335613042 0.447875023
vt 0.368294805 0.414450824
vt 0.387585342 0.469836414
vt 0.455551565 0.436445832
vt 0.40449357 0.507939398
vt 0.458069205 0.46935451
vt 0.499808818 0.451913953
vt 0.491787791 0.417331517
vt 0.529524624 0.394321144
vt 0.532127321 0.431612611
vt 0.545639098 0.418380141
vt 0.476943254 0.365373313
vt 0.431298286 0.378531963
vt 0.372584343 0.35705483
vt 0.403308481 0.32850495
vt 0.33930251 0.2777116
vt 0.41184333 0.300215244
vt 0.39801237 0.239053488
vt 0.316742361 0.255010784
vt 0.347135961 0.206687033
vt 0.292086273 0.240526125
vt 0.318575263 0.194753855
vt 0.336628556 0.130788505
vt 0.362561047 0.141130507
vt 0.388336211 0.175542772
vt 0.38337481 0.149366915
vt 0.388667107 0.132988602
vt 0.425432831 0.150985777
vt 0.408115268 0.106155902
vt 0.430362493 0.0853248686
vt 0.452788055 0.108932696
vt 0.270383418 0.226395875
vt 0.29298079 0.182498485
vt 0.317910075 0.123071402
vt 0.225612387 0.278687596
vt 0.244598359 0.29245317
vt 0.205498904 0.329850256
vt 0.227577925 0.346911788
vt 0.167442054 0.363301933
vt 0.187680408 0.380614132
vt 0.151803315 0.348579228
vt 0.188055485 0.314286649
vt 0.26335454 0.31041196
vt 0.120954677 0.392621815
vt 0.133874536 0.402441263
vt 0.151140213 0.416797221
vt 0.201051205 0.413761497
vt 0.170258164 0.436792701
vt 0.297105968 0.318978667
vt 0.345931053 0.326953501
vt 0.346374094 0.338760555
vt 0.354298681 0.356385529
vt 0.345380962 0.346126676
vt 0.342586488 0.356446683
vt 0.338007152 0.336140484
vt 0.297105968 0.318978667
vt 0.314516932 0.330808729
vt 0.302726239 0.329159588
vt 0.292469501 0.330101967
vt 0.296745956 0.337466598
vt 0.304592937 0.334474385
vt 0.287887514 0.334613323
vt 0.279765934 0.337918997
vt 0.280862659 0.333934486
vt 0.354655445 0.366163671
vt 0.354298681 0.356385529
vt 0.342586488 0.356446683
vt 0.360913217 0.37803939
vt 0.941205621 0.31199351
vt 0.942923069 0.316070944
vt 0.937091291 0.314813942
vt 0.945473015 0.309913456
vt 0.947855711 0.320235759
vt 0.273025274 0.351753652
vt 0.27176255 0.348749042
vt 0.278503686 0.348618984
vt 0.27703923 0.357026368
vt 0.229570627 0.43585813
vt 0.246616304 0.44702509
vt 0.280862659 0.333934486
vt 0.304640353 0.459133238
vt 0.323784292 0.520694733
vt 0.355201632 0.506410658
vt 0.36758855 0.53694725
vt 0.334716737 0.566748917
vt 0.502902627 0.49867487
vt 0.523851156 0.529670238
vt 0.511558533 0.539547741
vt 0.525345325 0.577427983
vt 0.535096288 0.572691023
vt 0.528539717 0.521141768
vt 0.495401889 0.521434665
vt 0.498840988 0.550176501
vt 0.51486069 0.582173765
vt 0.545568764 0.546202838
vt 0.549747825 0.543396473
vt 0.536243796 0.513856888
vt 0.541575789 0.549612939
vt 0.52201426 0.502163827
vt 0.525493026 0.489361823
vt 0.494815886 0.48701632
vt 0.504056215 0.477814436
vt 0.526376545 0.480587661
vt 0.565191031 0.512092888
vt 0.529333174 0.624184847
vt 0.558405221 0.57184267
vt 0.954534411 0.374418437
vt 0.94878298 0.371531576
vt 0.95778805 0.369087189
vt 0.948526144 0.366066724
vt 0.95585984 0.379308313
vt 0.954945862 0.358949631
vt 0.961396635 0.377514511
vt 0.965658367 0.372680157
vt 0.965945184 0.380157679
vt 0.970925033 0.376892686
vt 0.971978605 0.367049545
vt 0.977936566 0.374192268
vt 0.977439225 0.371878237
vt 0.981928527 0.367551714
vt 0.980326116 0.361907452
vt 0.972363293 0.359895676
vt 0.98168999 0.356400758
vt 0.976973653 0.353824198
vt 0.968530059 0.355956227
vt 0.974103749 0.346408457
vt 0.967962682 0.348298371
vt 0.962406278 0.354117543
vt 0.959950745 0.344190985
vt 0.956249058 0.348551959
vt 0.952018917 0.348880321
vt 0.948791802 0.357363611
vt 0.945760906 0.35740611
vt 0.954620421 0.419932574
vt 0.950711966 0.421239376
vt 0.959086716 0.412977219
vt 0.949301422 0.413008958
vt 0.963484764 0.423862815
vt 0.955162823 0.404054224
vt 0.944859684 0.406045139
vt 0.947932899 0.400577128
vt 0.948526025 0.395056576
vt 0.95359689 0.392380148
vt 0.959103167 0.395682216
vt 0.958469927 0.386897773
vt 0.961505592 0.389036566
vt 0.966048658 0.396665871
vt 0.967628956 0.387097538
vt 0.969934821 0.388736248
vt 0.973032475 0.399122566
vt 0.975917637 0.390065938
vt 0.979406953 0.393458188
vt 0.979958892 0.395946473
vt 0.984084129 0.404391021
vt 0.981477857 0.405164272
vt 0.973336458 0.407952935
vt 0.981124043 0.410934597
vt 0.973392963 0.415712386
vt 0.96746546 0.414062113
vt 0.974241197 0.419807583
vt 0.965009451 0.420636058
vt 0.959086716 0.412977219
vt 0.959086716 0.412977219
vt 0.965009451 0.420636058
vt 0.963484764 0.423862815
vt 0.397634357 0.72729677
vt 0.434942186 0.724142671
vt 0.39855969 0.746324778
vt 0.441594601 0.747378409
vt 0.416219354 0.764404297
vt 0.386255652 0.728718758
vt 0.38687712 0.741405308
vt 0.390938818 0.754413545
vt 0.408874154 0.768949389
vt 0.429129988 0.774827838
vt 0.422460943 0.775529027
vt 0.389411986 0.71258533
vt 0.400368363 0.711455703
vt 0.40757817 0.696805596
vt 0.430736303 0.702506423
vt 0.447674245 0.771090746
vt 0.43998763 0.776893795
vt 0.452080846 0.784189463
vt 0.466683209 0.779016018
vt 0.459980518 0.754813313
vt 0.463183969 0.786308348
vt 0.467293024 0.794132948
vt 0.482317597 0.792864799
vt 0.484742373 0.783523083
vt 0.502774417 0.798094869
vt 0.498327076 0.826998413
vt 0.479185671 0.813962698
vt 0.505270123 0.78402406
vt 0.497964889 0.740927458
vt 0.47650367 0.746623993
vt 0.534638882 0.754903197
vt 0.531525254 0.727865815
vt 0.52937597 0.775533557
vt 0.541550815 0.77623558
vt 0.564615011 0.785513878
vt 0.555939496 0.765707374
vt 0.517984629 0.702446878
vt 0.499328375 0.695822954
vt 0.517224312 0.677588463
vt 0.51325804 0.675934434
vt 0.522286057 0.658863902
vt 0.510998249 0.673114359
vt 0.497767389 0.681253195
vt 0.54446727 0.711634398
vt 0.556495965 0.736396551
vt 0.57049197 0.712065041
vt 0.573052466 0.723118782
vt 0.582445979 0.706951976
vt 0.572410226 0.70382005
vt 0.558812499 0.696423888
vt 0.543628097 0.691393614
vt 0.534606099 0.684986293
vt 0.467914283 0.665538907
vt 0.496099412 0.658937812
vt 0.464154243 0.640400112
vt 0.436691225 0.640919447
vt 0.435504287 0.665309429
vt 0.495444357 0.636299133
vt 0.476869106 0.619144917
vt 0.488397956 0.616555631
vt 0.462833047 0.618361115
vt 0.449751735 0.629607618
vt 0.430449486 0.622701049
vt 0.440726221 0.617782712
vt 0.420211434 0.647888541
vt 0.422524631 0.625434875
vt 0.420326084 0.608674526
vt 0.471484751 0.603042603
vt 0.445383817 0.685890138
vt 0.460997701 0.692218959
vt 0.435279459 0.684601367
vt 0.421683431 0.681081057
vt 0.432055086 0.690493703
vt 0.418222427 0.65917474
vt 0.474839956 0.709833741
vt 0.470007926 0.732087314
vt 0.608894229 0.772649288
vt 0.637509167 0.762929082
vt 0.634752214 0.782352805
vt 0.633349657 0.799192131
vt 0.619719446 0.799077272
vt 0.602371216 0.798931003
vt 0.604897857 0.758173943
vt 0.636003613 0.741409659
vt 0.585135996 0.78199327
vt 0.582324982 0.798761964
vt 0.575983405 0.798708558
vt 0.577494681 0.780896783
vt 0.675413132 0.74220252
vt 0.678815603 0.733633399
vt 0.708096862 0.726883829
vt 0.105771787 0.571331501
vt 0.0971982703 0.606762528
vt 0.0649754107 0.607001066
vt 0.0666913092 0.572441101
vt 0.0667203367 0.540855289
vt 0.104641616 0.541685283
vt 0.102020077 0.515742183
vt 0.069840759 0.513558805
vt 0.070162043 0.487881869
vt 0.0978049338 0.490796894
vt 0.114891648 0.488882303
vt 0.121310368 0.512172818
vt 0.126717031 0.537322104
vt 0.130408049 0.566987932
vt 0.0413033068 0.509403825
vt 0.0449998975 0.485188842
vt 0.0252486914 0.504654467
vt 0.0324992239 0.483666003
vt 0.0949577764 0.472930968
vt 0.110418223 0.470344692
vt 0.0911094695 0.44472605
vt 0.104624361 0.443908572
vt 0.0689066648 0.443054438
vt 0.0703561157 0.472637355
vt 0.0449708402 0.471814722
vt 0.0453674607 0.443054438
vt 0.031433247 0.44209075
vt 0.0316083953 0.469594538
vt 0.0359405577 0.419278562
vt 0.0478279591 0.419278562
vt 0.0691005886 0.419278562
vt 0.0906410217 0.419278562
vt 0.102221757 0.419278562
vt 0.0353386402 0.402121097
vt 0.0458588004 0.404434949
vt 0.0419536158 0.388357937
vt 0.032225363 0.386150271
vt 0.0483933873 0.390946597
vt 0.0394590944 0.379200965
vt 0.0302050672 0.378658384
vt 0.0457840562 0.381629616
vt 0.0551782884 0.384871036
vt 0.0669039488 0.406089485
vt 0.0647435263 0.394199967
vt 0.0882277191 0.406481296
vt 0.0862117037 0.395172626
vt 0.0987732336 0.39419809
vt 0.0990256295 0.406767935
vt 0.071067445 0.389462531
vt 0.099981755 0.387539953
vt 0.0874098912 0.388714939
vt 0.0292881727 0.675647616
vt 0.0479727089 0.662230611
vt 0.0445761979 0.675821483
vt 0.020714581 0.653889179
vt 0.0201804638 0.672937274
vt 0.0269636065 0.63569355
vt 0.0589815676 0.639047384
vt 0.0363185704 0.604003191
vt 0.0349700451 0.569994569
vt 0.0291694254 0.53617692
vt 0.0853883624 0.666041195
vt 0.0553335845 0.691901565
vt 0.0939519778 0.637550831
vt 0.108376473 0.654582798
vt 0.112178206 0.642349482
vt 0.105518907 0.669376731
vt 0.0722623765 0.69980216
vt 0.0718074739 0.728444576
vt 0.115363747 0.656538665
vt 0.118980199 0.644946814
vt 0.113054417 0.668493032
vt 0.110543072 0.687179506
vt 0.113388002 0.683309078
vt 0.089802891 0.694131315
vt 0.0929080844 0.720188558
vt 0.112967461 0.712493896
vt 0.0903806388 0.760374904
vt 0.108489104 0.754756927
vt 0.101343691 0.782241225
vt 0.1282444 0.818415821
vt 0.125222489 0.741544425
vt 0.147446692 0.763407826
vt 0.146859676 0.77800703
vt 0.174833953 0.77720207
vt 0.148393095 0.818432808
vt 0.116549909 0.679298282
vt 0.116105497 0.669535756
vt 0.118665718 0.658952832
vt 0.123257011 0.647962332
vt 0.130563974 0.637811482
vt 0.127483964 0.633338034
vt 0.139102995 0.630234361
vt 0.136909455 0.625411749
vt 0.123551421 0.626613736
vt 0.13499184 0.619646013
vt 0.126934409 0.598005891
vt 0.0411292426 0.845860302
vt 0.0666073784 0.860172153
vt 0.0462409407 0.886340022
vt 0.0601424724 0.848917663
vt 0.0350504331 0.861673832
vt 0.0939957052 0.89143008
vt 0.0895649195 0.863570571
vt 0.118441977 0.902106285
vt 0.0598870218 0.918395281
vt 0.0291988105 0.895797551
vt 0.0425626896 0.94259882
vt 0.0858942717 0.961486101
vt 0.0713344663 0.986660004
vt 0.111851707 0.992670238
vt 0.121693566 0.947258711
vt 0.136264652 0.964805424
vt 0.10077244 0.931220651
vt 0.849142075 0.640196919
vt 0.879853249 0.573308885
vt 0.832176685 0.625102997
vt 0.849540889 0.572770834
vt 0.835230708 0.653808415
vt 0.827887714 0.68711412
vt 0.404082656 0.648846745
vt 0.392696142 0.633345664
vt 0.398223758 0.636703193
vt 0.4043172 0.657484114
vt 0.387151718 0.65486598
vt 0.38117972 0.618181646
vt 0.389701277 0.60469079
vt 0.381491601 0.597551823
vt 0.402335435 0.624675274
vt 0.350036442 0.595956326
vt 0.405287147 0.635927498
vt 0.398223758 0.636703193
vt 0.355687261 0.629189253
vt 0.325902522 0.61218667
vt 0.315996766 0.595053911
vt 0.314319134 0.631107807
vt 0.330159843 0.646071374
vt 0.348479867 0.666246355
vt 0.3648763 0.66015625
vt 0.326802194 0.577841282
vt 0.343522906 0.5726946
vt 0.360495567 0.573300242
vt 0.371578723 0.573040485
vt 0.3863931 0.58833468
vt 0.306652844 0.579823911
vt 0.368064344 0.684041321
vt 0.377738476 0.681435049
vt 0.368751347 0.70601964
vt 0.360072762 0.685563028
vt 0.389485657 0.676486969
vt 0.395035803 0.67542249
vt 0.395905882 0.694709837
vt 0.500468314 0.0348853916
vt 0.508444369 0.046147503
vt 0.529917359 0.0450545028
vt 0.536421657 0.0280311927
vt 0.547651052 0.0330693349
vt 0.549044728 0.0458128192
vt 0.566148281 0.0388358012
vt 0.535612583 0.0223287903
vt 0.546121836 0.0227779299
vt 0.566534519 0.0264620557
vt 0.58147192 0.0266254842
vt 0.593686104 0.0269209594
vt 0.565463185 0.0508934967
vt 0.58595562 0.0502195135
vt 0.547864676 0.048649475
vt 0.609517634 0.0352786817
vt 0.609859705 0.0503999814
vt 0.629243493 0.0233663432
vt 0.631252885 0.0389361009
vt 0.645222723 0.0206093583
vt 0.659114182 0.0225056559
vt 0.612592578 0.0238908902
vt 0.593854785 0.0226170681
vt 0.633892179 0.054983288
vt 0.61223799 0.0615630671
vt 0.669347703 0.0495370291
vt 0.658102155 0.0577445254
vt 0.694144011 0.0148443673
vt 0.705322742 0.0333751738
vt 0.700947523 0.0590748601
vt 0.676783323 0.0605632924
vt 0.668332279 0.0800451562
vt 0.715767384 0.061250262
vt 0.674935102 0.0132866716
vt 0.681597352 0.00417368207
vt 0.66558677 0.014415211
vt 0.662381947 0.0149988243
vt 0.660538197 0.00991710369
vt 0.655457258 0.00812928844
vt 0.728347957 0.0520878881
vt 0.727257013 0.034534879
vt 0.755830646 0.048148036
vt 0.755629659 0.0391720049
vt 0.77845335 0.045228336
vt 0.549044728 0.0458128192
vt 0.547864676 0.048649475
vt 0.566148281 0.0388358012
vt 0.32462424 0.787457228
vt 0.322327465 0.816181064
vt 0.29362613 0.797581792
vt 0.305440068 0.785304964
vt 0.285789013 0.772950768
vt 0.295623451 0.769188583
vt 0.290254712 0.7452268
vt 0.343372226 0.791546583
vt 0.361332268 0.799262762
vt 0.358028919 0.825963974
vt 0.369959474 0.804332078
vt 0.28727144 0.843592525
vt 0.255396366 0.821343899
vt 0.270094872 0.780784488
vt 0.260674208 0.869666457
vt 0.273530781 0.876037478
vt 0.287263453 0.851579726
vt 0.245549038 0.862187147
vt 0.221251547 0.848442256
vt 0.307818621 0.844421864
vt 0.257745713 0.898727775
vt 0.266619205 0.899646938
vt 0.265996635 0.918254256
vt 0.258913368 0.919851899
vt 0.261396766 0.931585073
vt 0.246424451 0.897808671
vt 0.258913368 0.919851899
vt 0.252822191 0.9201231
vt 0.261396766 0.931585073
vt 0.221067011 0.870970547
vt 0.201419622 0.880411148
vt 0.196998268 0.864304662
vt 0.182680994 0.889797032
vt 0.176706284 0.879713595
vt 0.15817225 0.888411343
vt 0.172842145 0.87094748
vt 0.18834883 0.854440212
vt 0.225177452 0.817910373
vt 0.248284414 0.78365308
vt 0.197558165 0.802905083
vt 0.192769974 0.812697887
vt 0.160258532 0.787481666
vt 0.200686514 0.790863574
vt 0.20944646 0.771816134
vt 0.181881666 0.746020973
vt 0.335154414 0.840926886
vt 0.647044063 0.445619106
vt 0.65032202 0.431428432
vt 0.665731609 0.447858334
vt 0.67085439 0.427661449
vt 0.693186641 0.44633919
vt 0.648834944 0.416809082
vt 0.662760615 0.386673093
vt 0.640808225 0.409311652
vt 0.611802697 0.400731981
vt 0.611264706 0.37283203
vt 0.655144751 0.321501017
vt 0.605652094 0.31640631
vt 0.550337851 0.317806125
vt 0.567233324 0.376269639
vt 0.578594089 0.402135819
vt 0.709323227 0.384317368
vt 0.713101327 0.420496464
vt 0.708598912 0.447263896
vt 0.755984187 0.423248202
vt 0.70754987 0.454665482
vt 0.755410194 0.455732167
vt 0.757417083 0.393975079
vt 0.712707281 0.361344814
vt 0.681910217 0.310352445
vt 0.675338984 0.27157402
vt 0.64835608 0.254144758
vt 0.732767582 0.310582429
vt 0.700452089 0.221626207
vt 0.756880164 0.270778656
vt 0.780680597 0.346082628
vt 0.808675408 0.31531328
vt 0.83525002 0.346468985
vt 0.803533196 0.378700256
vt 0.819402456 0.400874734
vt 0.842228949 0.381565928
vt 0.777921498 0.24583216
vt 0.82946372 0.290802509
vt 0.856256723 0.314424694
vt 0.719049931 0.340054423
vt 0.758686781 0.373612791
vt 0.79724288 0.234552234
vt 0.843498945 0.277805626
vt 0.866910636 0.301787674
vt 0.818299651 0.227348715
vt 0.858453631 0.265899658
vt 0.878003597 0.290062189
vt 0.913128495 0.328902632
vt 0.908814192 0.350615144
vt 0.850163102 0.217032343
vt 0.888489366 0.245393232
vt 0.903589547 0.26649043
vt 0.927897573 0.305662125
vt 0.924694896 0.250873208
vt 0.912402511 0.225490957
vt 0.930034637 0.226770312
vt 0.921748161 0.199980944
vt 0.91202122 0.204031289
vt 0.886432052 0.209190667
vt 0.900299788 0.19222641
vt 0.874115586 0.190581888
vt 0.936202824 0.27077049
vt 0.943731904 0.256687015
vt 0.950336993 0.259617358
vt 0.956843734 0.276704818
vt 0.952221751 0.295427114
vt 0.969613194 0.27471754
vt 0.970276475 0.301817179
vt 0.940503955 0.241999239
vt 0.936497867 0.229914889
vt 0.861952007 0.192707986
vt 0.884694815 0.178365409
vt 0.85665524 0.177035391
vt 0.838159442 0.180103511
vt 0.864373326 0.166874856
vt 0.838563323 0.161309779
vt 0.819130123 0.166946083
vt 0.803404093 0.17434752
vt 0.811400771 0.146729618
vt 0.841004312 0.149527222
vt 0.819759846 0.143914551
vt 0.794112444 0.152307332
vt 0.759089112 0.163652003
vt 0.773515761 0.182236314
vt 0.738101482 0.17236492
vt 0.750029504 0.189071536
vt 0.716480374 0.18098855
vt 0.727265418 0.19939363
vt 0.686444163 0.200422689
vt 0.662466049 0.173620462
vt 0.711368144 0.159992576
vt 0.681443334 0.10335958
vt 0.711758494 0.0979422927
vt 0.734440148 0.151504874
vt 0.732849061 0.0939218104
vt 0.752528906 0.143210918
vt 0.757626653 0.0873388052
vt 0.787426233 0.0708009452
vt 0.78714627 0.128101066
vt 0.600878835 0.256162137
vt 0.596159577 0.20585534
vt 0.807317674 0.0906985998
vt 0.807273209 0.122979552
vt 0.817695022 0.10628733
vt 0.826082706 0.0895171762
vt 0.819122732 0.0718256235
vt 0.806710005 0.0602586865
vt 0.826196134 0.12208432
vt 0.527646124 0.214078113
vt 0.587904215 0.154435813
vt 0.532650113 0.169138104
vt 0.469286352 0.169207484
vt 0.478806227 0.21238254
vt 0.484895825 0.274296433
vt 0.536246717 0.264564514
vt 0.498806357 0.315924942
vt 0.51092267 0.350054741
vt 0.421024323 0.214648485
vt 0.4588539 0.238492042
vt 0.475544363 0.322823405
vt 0.455964923 0.332025528
vt 0.464336753 0.304722488
vt 0.480186105 0.291839987
vt 0.480186105 0.291839987
vt 0.449835688 0.284536034
vt 0.46084094 0.275705218
vt 0.447692752 0.256034315
vt 0.442179352 0.2601915
vt 0.432840645 0.263075531
vt 0.468849599 0.295923352
vt 0.436965227 0.246703327
vt 0.41406253 0.242119074
vt 0.41471386 0.224301785
vt 0.423158884 0.237633437
vt 0.432994664 0.251385868
vt 0.421024323 0.214648485
vt 0.486753017 0.116788253
vt 0.468469888 0.0841468275
vt 0.49807483 0.093749322
vt 0.541569352 0.12232323
vt 0.494944692 0.0686713457
vt 0.475026965 0.0682397038
vt 0.50734508 0.0719646737
vt 0.521475911 0.0787636936
vt 0.519946933 0.0859814659
vt 0.532997847 0.0912677795
vt 0.532997847 0.0912677795
vt 0.550987542 0.103625521
vt 0.559297681 0.0977063403
vt 0.528601289 0.0579675734
vt 0.546170712 0.0838579834
vt 0.549035192 0.0757537261
vt 0.558086157 0.0713192821
vt 0.562256694 0.0774992108
vt 0.538454354 0.0771122798
vt 0.588388085 0.119537987
vt 0.577369928 0.0939863324
vt 0.568134904 0.0799880326
vt 0.581440806 0.0782703161
vt 0.590148091 0.0786853433
vt 0.617755413 0.0653217435
vt 0.617321432 0.0869472921
vt 0.623753071 0.101966359
vt 0.621528625 0.120866656
vt 0.644001245 0.0761169493
vt 0.635745525 0.0597011745
vt 0.658971786 0.120442629
vt 0.652395427 0.101817831
vt 0.627273023 0.102148093
vt 0.691798329 0.644148886
vt 0.680139244 0.618809938
vt 0.711770654 0.639234126
vt 0.711919188 0.649031818
vt 0.744612992 0.65142554
vt 0.75271678 0.616452098
vt 0.791414738 0.627374172
vt 0.782187521 0.613725245
vt 0.788503885 0.646389127
vt 0.778090894 0.656221747
vt 0.811536431 0.65211308
vt 0.714108944 0.61986649
vt 0.680139244 0.618809938
vt 0.285789013 0.772950768
vt 0.270094872 0.780784488
vt 0.290254712 0.7452268
vt 0.29362613 0.797581792
vt 0.163857177 0.93457067
vt 0.16646421 0.925235033
vt 0.175395772 0.928054333
vt 0.174783066 0.93457067
vt 0.189648882 0.929707766
vt 0.18284969 0.918308735
vt 0.193108663 0.916145682
vt 0.181273445 0.909464598
vt 0.171352431 0.915798903
vt 0.192451134 0.907971501
vt 0.186175361 0.934570551
vt 0.19797729 0.931006908
vt 0.199734583 0.923434615
vt 0.19542934 0.93457067
vt 0.206093416 0.929097772
vt 0.206455678 0.934570551
vt 0.223770231 0.92609334
vt 0.225678787 0.934570611
vt 0.234350249 0.93457067
vt 0.234844401 0.928998709
vt 0.201759428 0.914864719
vt 0.201759428 0.914864719
vt 0.202648476 0.909429193
vt 0.212321773 0.916367531
vt 0.202648476 0.909429193
vt 0.215119675 0.911592722
vt 0.224893168 0.916450799
vt 0.231581256 0.92260468
vt 0.178613663 0.608033776
vt 0.183272988 0.602261782
vt 0.198200509 0.611797035
vt 0.185194939 0.592506111
vt 0.207601547 0.590519309
vt 0.203524143 0.578775048
vt 0.183029056 0.585322738
vt 0.179406583 0.57365799
vt 0.19141081 0.566499591
vt 0.177884415 0.567497075
vt 0.173657805 0.578157663
vt 0.16444245 0.572735846
vt 0.16444245 0.572735846
vt 0.24976629 0.581537843
vt 0.226061195 0.635598063
vt 0.254178286 0.610951364
vt 0.257875115 0.662104189
vt 0.27575174 0.643456757
vt 0.288707018 0.658696175
vt 0.27242291 0.68332541
vt 0.288103819 0.696170688
vt 0.212552637 0.674191654
vt 0.244820997 0.708979249
vt 0.198784679 0.691448331
vt 0.205183327 0.717971742
vt 0.195476323 0.674436867
vt 0.238525391 0.722487867
vt 0.199896544 0.746231735
vt 0.265002638 0.70426935
vt 0.270394176 0.692210734
vt 0.272273839 0.702156901
vt 0.272273839 0.702156901
vt 0.302448928 0.643963456
vt 0.30416137 0.65098846
vt 0.304843187 0.661964655
vt 0.31819278 0.648448825
vt 0.31819278 0.648448825
vt 0.268137485 0.723207116
vt 0.307109535 0.685675502
vt 0.317920148 0.690063775
vt 0.337580204 0.697228193
vt 0.290577739 0.714813411
vt 0.323982984 0.71399647
vt 0.367104173 0.710993409
vt 0.281068027 0.709331155
vt 0.272273839 0.702156901
vt 0.304535061 0.732526422
vt 0.293307036 0.734276772
vt 0.309892356 0.750258207
vt 0.310052633 0.736150026
vt 0.309892356 0.750258207
vt 0.325206399 0.725506186
vt 0.260244906 0.724435627
vt 0.257494152 0.74327302
vt 0.255087018 0.728033543
vt 0.261440217 0.502596498
vt 0.238779128 0.531329751
vt 0.244332761 0.498357475
vt 0.237097532 0.489653707
vt 0.224606425 0.494993031
vt 0.257772028 0.494151294
vt 0.287547052 0.498556912
vt 0.267867804 0.481020123
vt 0.293058455 0.464031816
vt 0.272821724 0.531762362
vt 0.288571596 0.514609814
vt 0.293786407 0.527496159
vt 0.224433988 0.472627223
vt 0.207429439 0.511938632
vt 0.20990327 0.538219333
vt 0.178799495 0.51886487
vt 0.202124938 0.557733953
vt 0.182942778 0.545286357
vt 0.171320722 0.533685505
vt 0.181911364 0.529231668
vt 0.164732605 0.52021271
vt 0.19945994 0.489633173
vt 0.173300788 0.489172816
vt 0.184128225 0.477580458
vt 0.207274497 0.484037608
vt 0.195626855 0.474194109
vt 0.192507416 0.479174823
vt 0.171346307 0.472407341
vt 0.19141081 0.566499591
vt 0.187837124 0.560750067
vt 0.179451764 0.551705182
vt 0.184696704 0.549356043
vt 0.173556268 0.54526335
vt 0.257180035 0.555178344
vt 0.272509515 0.545211494
vt 0.268721223 0.580722272
vt 0.266460478 0.59080267
vt 0.285508811 0.581681252
vt 0.275972128 0.609317303
vt 0.416729629 0.0478241146
vt 0.408375084 0.0485781431
vt 0.411750257 0.0306765735
vt 0.41439867 0.0347290933
vt 0.417990535 0.0257455111
vt 0.404284209 0.0675492883
vt 0.43106243 0.056867674
vt 0.446111053 0.0379863679
vt 0.447830796 0.0679188669
vt 0.446991205 0.0536433756
vt 0.42358613 0.0117454827
vt 0.451201528 0.0764060616
vt 0.451201528 0.0764060616
vt 0.385828257 0.0858966112
vt 0.39174208 0.0730899572
vt 0.396439433 0.070935607
vt 0.386401951 0.0963571668
vt 0.394825578 0.0505511463
vt 0.404284209 0.0675492883
vt 0.408115268 0.106155902
vt 0.396439433 0.070935607
vt 0.394825578 0.0505511463
vt 0.170258164 0.436792701
vt 0.201051205 0.413761497
vt 0.211705863 0.443481505
vt 0.181632221 0.45596242
vt 0.446991205 0.0536433756
vt 0.451201528 0.0764060616
vt 0.447830796 0.0679188669
vt 0.910036206 0.447152764
vt 0.907680929 0.434237689
vt 0.930437922 0.421825588
vt 0.946107864 0.434220552
vt 0.927223921 0.406111419
vt 0.912045896 0.386194497
vt 0.93351388 0.392173231
vt 0.875530839 0.430583984
vt 0.870479822 0.37432754
vt 0.850352705 0.420195132
vt 0.861787319 0.358832121
vt 0.882258296 0.341335475
vt 0.886563003 0.367474824
vt 0.913952827 0.378307015
vt 0.910571516 0.363709241
vt 0.826561213 0.431764364
vt 0.795590639 0.451514453
vt 0.778712332 0.420604348
vt 0.77298367 0.394989699
vt 0.777472854 0.458657205
vt 0.623753071 0.101966359
vt 0.617321432 0.0869472921
vt 0.627273023 0.102148093
vt 0.621528625 0.120866656
vt 0.27093187 0.172663182
vt 0.252278775 0.215843379
vt 0.236507654 0.209548756
vt 0.255048931 0.165932506
vt 0.299335361 0.109403431
vt 0.283007205 0.0974324346
vt 0.19947575 0.261831224
vt 0.211158544 0.269940823
vt 0.17495048 0.304737031
vt 0.16508992 0.296869695
vt 0.139416397 0.336265981
vt 0.127038389 0.32819581
vt 0.0932434797 0.371132433
vt 0.105776608 0.378791094
vt 0.176101595 0.246376723
vt 0.142531157 0.280125082
vt 0.101139709 0.312790871
vt 0.0625721961 0.359609902
vt 0.225442067 0.153718323
vt 0.24039191 0.116393223
vt 0.208372086 0.198792592
vt 0.165787458 0.211124688
vt 0.169786751 0.194482565
vt 0.184214115 0.184214532
vt 0.20955801 0.128250271
vt 0.187485129 0.13647601
vt 0.195588022 0.161165178
vt 0.0546053052 0.326160997
vt 0.0252588093 0.343154907
vt 0.01809901 0.359430492
vt 0.181801409 0.169706136
vt 0.199164867 0.0994462371
vt 0.216109723 0.0870430171
vt 0.251670539 0.0784503967
vt 0.155468032 0.21009545
vt 0.15344663 0.231515512
vt 0.138524204 0.240463823
vt 0.134619579 0.255003691
vt 0.111964777 0.257029802
vt 0.11594291 0.274843156
vt 0.0918529704 0.28139472
vt 0.0788402557 0.298853606
vt 0.0448195338 0.317282856
vt 0.771020234 0.570849657
vt 0.769331694 0.595018685
vt 0.762566805 0.60083878
vt 0.18360126 0.784509301
vt 0.181881666 0.746020973
vt 0.200686514 0.790863574
vt 0.164518207 0.134945512
vt 0.149217844 0.137208462
vt 0.172264338 0.12591213
vt 0.173953652 0.106087543
vt 0.149217844 0.105560154
vt 0.163248003 0.0894551277
vt 0.159080893 0.140909523
vt 0.149217844 0.147173971
vt 0.149217844 0.08186692
vt 0.628367186 0.589463174
vt 0.644780755 0.5724352
vt 0.676938474 0.608394325
vt 0.601540744 0.586005807
vt 0.57122916 0.626762629
vt 0.563768744 0.630340815
vt 0.559344947 0.619992375
vt 0.584328473 0.613924384
vt 0.553799391 0.604551733
vt 0.560174525 0.598645449
vt 0.593834162 0.65117383
vt 0.605054736 0.660235524
vt 0.565034389 0.583441973
vt 0.632426858 0.645289779
vt 0.629821002 0.667373896
vt 0.667312384 0.681234002
vt 0.671056628 0.667887211
vt 0.708665848 0.702279985
vt 0.685124159 0.655595958
vt 0.636684 0.622231126
vt 0.628825068 0.605175674
vt 0.676938474 0.608394325
vt 0.601540744 0.586005807
vt 0.588020563 0.580901325
vt 0.62783134 0.569553196
vt 0.578125417 0.567555547
vt 0.628367186 0.589463174
vt 0.676938474 0.608394325
vt 0.669347703 0.0495370291
vt 0.658102155 0.0577445254
vt 0.668332279 0.0800451562
vt 0.558591783 0.415494055
vt 0.555369198 0.43253088
vt 0.0445761979 0.675821483
vt 0.0553335845 0.691901565
vt 0.0459517688 0.690207362
vt 0.0306396484 0.682901323
vt 0.0553335845 0.691901565
vt 0.0718074739 0.728444576
vt 0.0546977669 0.730578899
vt 0.0473807007 0.707985818
vt 0.0372593701 0.722479701
vt 0.0632623881 0.744018912
vt 0.071673736 0.75995636
vt 0.0566299856 0.751929045
vt 0.0718074739 0.728444576
vt 0.0903806388 0.760374904
vt 0.554452062 0.749558985
vt 0.571119905 0.751447022
vt 0.568263769 0.758864582
vt 0.576868355 0.745789051
vt 0.589306593 0.753985763
vt 0.0898701251 0.782788813
vt 0.07913737 0.77668488
vt 0.0903806388 0.760374904
vt 0.101343691 0.782241225
vt 0.0736681819 0.788567066
vt 0.273053676 0.919919491
vt 0.273612469 0.923684537
vt 0.261396766 0.931585073
vt 0.288839191 0.923259139
vt 0.788503885 0.646389127
vt 0.791414738 0.627374172
vt 0.827566922 0.635124326
vt 0.168633714 0.713169575
vt 0.167452186 0.702177465
vt 0.180412173 0.702085912
vt 0.0162931681 0.524166167
vt 0.158816665 0.719794452
vt 0.147129655 0.718800664
vt 0.160511374 0.708423615
vt 0.306725293 0.612036049
vt 0.305489451 0.627488494
vt 0.287554145 0.621131897
vt 0.325902522 0.61218667
vt 0.314319134 0.631107807
vt 0.182942778 0.545286357
vt 0.202124938 0.557733953
vt 0.184696704 0.549356043
vt 0.173556268 0.54526335
vt 0.1282444 0.818415821
vt 0.112629771 0.812850714
vt 0.106343597 0.800527692
vt 0.11195302 0.796100974
vt 0.118374437 0.832501352
vt 0.0916471779 0.803928256
vt 0.101343691 0.782241225
vt 0.11195302 0.796100974
vt 0.101343691 0.782241225
vt 0.1282444 0.818415821
vt 0.939565778 0.331439525
vt 0.939066768 0.321907461
vt 0.946918488 0.323158473
vt 0.261396766 0.931585073
vt 0.265996635 0.918254256
vt 0.273053676 0.919919491
vt 0.266619205 0.899646938
vt 0.164587647 0.610878706
vt 0.174796611 0.620936871
vt 0.164068401 0.629157543
vt 0.152142301 0.620800555
vt 0.158505589 0.643734455
vt 0.146274388 0.639446557
vt 0.183712095 0.618996918
vt 0.17217952 0.609030902
vt 0.178613663 0.608033776
vt 0.175336897 0.641485929
vt 0.16992557 0.650606692
vt 0.183535323 0.651630044
vt 0.187098756 0.642237723
vt 0.18013531 0.656936526
vt 0.189946786 0.661698699
vt 0.185668856 0.664987922
vt 0.200810179 0.648476303
vt 0.183226645 0.667824984
vt 0.17646271 0.662310541
vt 0.167094886 0.65559417
vt 0.155358389 0.649897218
vt 0.142845362 0.646589398
vt 0.195476323 0.674436867
vt 0.191248357 0.674243033
vt 0.18676728 0.673168957
vt 0.164732605 0.52021271
vt 0.178799495 0.51886487
vt 0.181911364 0.529231668
vt 0.20990327 0.538219333
vt 0.293786407 0.527496159
vt 0.288571596 0.514609814
vt 0.292063922 0.51518625
vt 0.302550733 0.504400492
vt 0.287547052 0.498556912
vt 0.19945994 0.489633173
vt 0.192507416 0.479174823
vt 0.195626855 0.474194109
vt 0.141398162 0.739612877
vt 0.146582931 0.731864154
vt 0.149713516 0.734974027
vt 0.164009154 0.73407799
vt 0.154707402 0.72408241
vt 0.593555272 0.551327646
vt 0.604379892 0.546558499
vt 0.62783134 0.569553196
vt 0.578125417 0.567555547
vt 0.262880981 0.568634212
vt 0.262460083 0.560002506
vt 0.277758509 0.563122809
vt 0.272509515 0.545211494
vt 0.24976629 0.581537843
vt 0.257180035 0.555178344
vt 0.37828207 0.577346146
vt 0.379163861 0.576898038
vt 0.3863931 0.58833468
vt 0.371578723 0.573040485
vt 0.143293783 0.710945725
vt 0.1485513 0.689938784
vt 0.162130311 0.694844484
vt 0.461104929 0.476401746
vt 0.932856143 0.338803947
vt 0.926105022 0.349502534
vt 0.928117633 0.3397367
vt 0.930888712 0.332674116
vt 0.930888712 0.332674116
vt 0.93768239 0.33657518
vt 0.932856143 0.338803947
vt 0.941341639 0.349356711
vt 0.93513149 0.352954656
vt 0.934955478 0.344943285
vt 0.937078834 0.359545648
vt 0.940805733 0.341267079
vt 0.941341639 0.349356711
vt 0.934955478 0.344943285
vt 0.61223799 0.0615630671
vt 0.631252885 0.0389361009
vt 0.609859705 0.0503999814
vt 0.694684863 0.00388768408
vt 0.681597352 0.00417368207
vt 0.694144011 0.0148443673
vt 0.181504354 0.710342765
vt 0.181538105 0.719598114
vt 0.162440002 0.720154107
vt 0.593686104 0.0269209594
vt 0.609517634 0.0352786817
vt 0.593854785 0.0226170681
vt 0.612592578 0.0238908902
vt 0.597079992 0.0195638314
vt 0.593854785 0.0226170681
vt 0.685124159 0.655595958
vt 0.636684 0.622231126
vt 0.678509772 0.64727366
vt 0.426746011 0.7824682
vt 0.420466512 0.779964924
vt 0.422460943 0.775529027
vt 0.429129988 0.774827838
vt 0.420466512 0.779964924
vt 0.314151287 0.33803463
vt 0.307112873 0.335012257
vt 0.337007284 0.027071476
vt 0.336474717 0.0121072829
vt 0.34645772 0.0152957737
vt 0.334281713 0.0278203003
vt 0.336786777 0.0124655403
vt 0.34645772 0.0152957737
vt 0.532997847 0.0912677795
vt 0.52802968 0.0755096674
vt 0.538454354 0.0771122798
vt 0.815050721 0.491003275
vt 0.579847813 0.515256882
vt 0.826254964 0.706373394
vt 0.426746011 0.7824682
vn 0.032058239 0.323068678 -0.945832372
vn -0.426077932 0.314054579 -0.848426342
vn -0.565805197 -0.0905421376 -0.81955266
vn 0.0856833011 -0.852535725 -0.515597999
vn -0.0282861143 -0.983781874 -0.177124321
vn -0.518274784 -0.437407076 -0.734892011
vn -0.899163842 0.230062291 -0.37225768
vn -0.186780661 -0.981280386 -0.0469228365
vn 0.427356362 0.0203833617 -0.903853476
vn 0.465983152 0.346699804 -0.814038694
vn 0.191951856 0.490050435 -0.850297034
vn -0.703112602 0.419744819 -0.573974669
vn -0.798744261 0.59262836 0.103919432
vn 0.8483302 0.201697886 -0.489544541
vn 0.0416946784 -0.990318954 -0.132400274
vn 0.738038301 -0.278348804 -0.614671826
vn 0.336181074 -0.930071712 -0.148151875
vn 0.96325469 0.124992631 -0.237733528
vn 0.775372565 -0.530824244 -0.342086285
vn 0.378853738 -0.922834277 -0.0696188211
vn 0.990984976 0.125437602 -0.0470544808
vn 0.817523122 0.417248607 -0.396937728
vn 0.834533751 -0.545037031 -0.0805484727
vn 0.247935504 -0.968751967 0.00689807348
vn 0.980198264 -0.0113701625 0.197691873
vn 0.808744907 -0.588151336 0.00310712471
vn 0.261788398 -0.96442616 0.0367285423
vn 0.977665067 -0.113604628 -0.176818833
vn 0.62233144 0.652448058 0.432452619
vn 0.683513224 0.643021941 0.345445275
vn -0.0316434801 0.828270614 0.559434056
vn 0.293850482 0.741003513 0.603792667
vn -0.304800481 0.784375072 0.540233612
vn 0.310367435 0.916272461 0.253213078
vn 0.836746335 0.546751559 0.0303028151
vn -0.0866817832 0.711382806 0.697438717
vn 0.0877526402 -0.0418710187 0.995261967
vn 0.40431878 0.708901525 0.577914238
vn -0.00359796383 0.898785353 0.438374281
vn -0.220213413 0.739837348 0.635725379
vn -0.22288397 -0.0783534348 0.971691072
vn 0.0247064549 0.689938188 0.723446488
vn -0.364354759 0.817940831 0.445217192
vn -0.798744261 0.59262836 0.103919432
vn -0.8450405 0.512328625 0.153055653
vn -0.984998465 0.152901918 -0.0799939632
vn -0.98819524 0.0872721523 0.125911847
vn -0.933996856 -0.35718447 -0.0083093103
vn -0.769720852 -0.572395444 -0.282653838
vn -0.216348082 -0.97588259 0.0290974136
vn -0.98444134 -0.0701710507 -0.161093935
vn -0.785079002 -0.165376469 0.59691
vn -0.0397230536 -0.996694088 -0.0708725825
vn -0.00333039952 -0.997709751 0.0675586313
vn -0.00380766229 -0.99999094 0.00190026429
vn -0.186780661 -0.981280386 -0.0469228365
vn -0.0282861143 -0.983781874 -0.177124321
vn -0.518274784 -0.437407076 -0.734892011
vn 0.0416946784 -0.990318954 -0.132400274
vn 0.336181074 -0.930071712 -0.148151875
vn 0.738038301 -0.278348804 -0.614671826
vn 0.378853738 -0.922834277 -0.0696188211
vn 0.247935504 -0.968751967 0.00689807348
vn 0.775372565 -0.530824244 -0.342086285
vn 0.145250693 -0.988552988 -0.0408070348
vn 0.0856833011 -0.852535725 -0.515597999
vn 0.834533751 -0.545037031 -0.0805484727
vn -0.108562253 -0.989462674 -0.0958009064
vn -0.216348082 -0.97588259 0.0290974136
vn -0.769720852 -0.572395444 -0.282653838
vn 0.29098019 -0.95230186 0.0919330716
vn 0.0558089614 -0.995731115 0.0735179856
vn -0.339713931 -0.924483776 -0.17298612
vn 0.0600782521 -0.989186645 0.133792698
vn -0.0128826993 -0.996630847 0.0809996948
vn -0.113461882 -0.991440892 0.064585939
vn 0.629630089 -0.373880774 0.681013286
vn -0.949580491 -0.220402688 0.222978696
vn 0.139662653 -0.988812268 0.0523893572
vn 0.332849711 -0.942964315 -0.0054124957
vn -0.31746614 -0.948086917 -0.0186111797
vn 0.236375511 -0.882600367 0.406378061
vn -0.233841747 -0.883269548 0.40639022
vn -0.100623459 -0.991050422 0.0877156407
vn 0.954479039 -0.15282166 0.256154776
vn -0.65975529 -0.312115967 0.68359822
vn 0.261788398 -0.96442616 0.0367285423
vn 0.351415187 -0.921961248 -0.162772298
vn -0.407031536 -0.904457211 0.127602756
vn 0.388826162 -0.85879457 0.333595663
vn -0.105417378 -0.809076905 0.578171074
vn 0.808744907 -0.588151336 0.00310712471
vn -0.984998465 0.152901918 -0.0799939632
vn -0.835726202 -0.52295953 -0.16755639
vn -0.789762259 0.411053926 0.455313385
vn -0.757982135 0.578582704 0.301172972
vn -0.00399370631 0.915822804 0.40156278
vn -0.477936924 0.360871613 0.800842106
vn -0.991708815 -0.0274591241 0.125536993
vn -0.00359796383 0.898785353 0.438374281
vn -0.220213413 0.739837348 0.635725379
vn -0.949580491 -0.220402688 0.222978696
vn -0.985261381 0.144909069 0.090891853
vn -0.31746614 -0.948086917 -0.0186111797
vn -0.233841747 -0.883269548 0.40639022
vn -0.113461882 -0.991440892 0.064585939
vn 0.457528889 0.371359706 0.807935238
vn 0.236375511 -0.882600367 0.406378061
vn 0.986271262 0.0222697537 0.163624749
vn 0.707462132 0.62964344 0.321008444
vn 0.954479039 -0.15282166 0.256154776
vn 0.332849711 -0.942964315 -0.0054124957
vn 0.139662653 -0.988812268 0.0523893572
vn 0.40431878 0.708901525 0.577914238
vn -0.827955663 0.560579896 -0.0154794259
vn -0.243854061 0.891715825 0.381284833
vn -0.749350667 0.415963382 0.515216529
vn -0.958532989 -0.0286624599 -0.283536494
vn -0.98444134 -0.0701710507 -0.161093935
vn -0.8450405 0.512328625 0.153055653
vn -0.216348082 -0.97588259 0.0290974136
vn -0.339713931 -0.924483776 -0.17298612
vn -0.964121819 -0.152078047 -0.217580765
vn -0.364354759 0.817940831 0.445217192
vn 0.482784659 0.645561159 0.591751397
vn 0.0247064549 0.689938188 0.723446488
vn 0.629630089 -0.373880774 0.681013286
vn 0.849692822 -0.0613340698 0.523698568
vn 0.0119067403 0.361225426 0.932402492
vn 0.29098019 -0.95230186 0.0919330716
vn 0.0558089614 -0.995731115 0.0735179856
vn -0.532508135 0.0295069739 0.84591037
vn -0.790083826 0.0455506854 0.611304045
vn 0.68852818 -0.204574615 0.695757329
vn 0.0600782521 -0.989186645 0.133792698
vn -0.525547147 0.659385324 0.537597656
vn -0.0866817832 0.711382806 0.697438717
vn 0.310367435 0.916272461 0.253213078
vn 0.256676406 0.913837492 0.314671546
vn -0.0308740214 0.399217755 0.916336119
vn -0.875073791 0.0339407474 0.48279807
vn -0.65975529 -0.312115967 0.68359822
vn -0.407031536 -0.904457211 0.127602756
vn -0.105417378 -0.809076905 0.578171074
vn -0.100623459 -0.991050422 0.0877156407
vn 0.388826162 -0.85879457 0.333595663
vn 0.76880908 0.346333444 0.537573934
vn 0.960925162 -0.079914771 -0.265021682
vn 0.823286235 0.566784978 -0.0308965929
vn 0.977665067 -0.113604628 -0.176818833
vn 0.836746335 0.546751559 0.0303028151
vn 0.351415187 -0.921961248 -0.162772298
vn 0.261788398 -0.96442616 0.0367285423
vn -0.345549613 0.216422305 -0.913102865
vn -0.345549643 0.216422319 -0.913102865
vn -0.345549643 0.21642229 -0.913102865
vn -0.65975529 -0.312115967 0.68359822
vn 0.0877526402 -0.0418710187 0.995261967
vn -0.0866817832 0.711382806 0.697438717
vn 0.954479039 -0.15282166 0.256154776
vn 0.40431878 0.708901525 0.577914238
vn 0.0877526402 -0.0418710187 0.995261967
vn -0.944532573 -0.233785257 0.230657011
vn 0.0247064549 0.689938188 0.723446488
vn -0.22288397 -0.0783534348 0.971691072
vn 0.629630089 -0.373880774 0.681013286
vn -0.949580491 -0.220402688 0.222978696
vn 0.69776845 -0.0370089151 0.715366781
vn -0.22288397 -0.0783534348 0.971691072
vn -0.220213413 0.739837348 0.635725379
vn 0.0551490001 0.315389842 -0.94735837
vn -0.386052102 0.312494308 -0.867934942
vn -0.532790899 -0.189901873 -0.824664235
vn -0.0508140512 -0.803934753 -0.592542708
vn -0.0246034563 -0.985036731 -0.170579284
vn -0.474992901 -0.453014493 -0.754426718
vn -0.910847843 0.210102066 -0.35526517
vn -0.147911862 -0.987891912 -0.046815116
vn 0.393891513 -0.293659508 -0.870984256
vn 0.426897317 0.377776265 -0.821610451
vn 0.0197281297 -0.98630172 -0.163767308
vn 0.252179623 0.175730884 -0.9515903
vn 0.821703732 0.151808307 -0.549324334
vn 0.830486596 0.457051069 -0.31842804
vn 0.669552028 -0.61395818 -0.418037564
vn 0.264368385 -0.951500058 -0.157343775
vn 0.954592764 0.128459334 -0.268795162
vn 0.759435415 -0.528791189 -0.378995806
vn 0.28893584 -0.95717299 -0.0183279142
vn 0.975128412 0.221540466 -0.0066586691
vn 0.778302491 0.552568376 0.29818368
vn 0.753397167 0.582790196 0.304546148
vn -0.0504946597 0.809242904 0.585300148
vn 0.270235777 0.691888809 0.669524074
vn -0.30063042 0.791846216 0.531602204
vn 0.321489513 0.907605171 0.269995093
vn 0.964214206 -0.0524851531 0.259877443
vn 0.979270518 -0.179891646 -0.0931036845
vn 0.826004028 0.552013636 0.114010043
vn 0.222170234 -0.974291503 0.0373694338
vn 0.181226641 -0.983260572 0.0188534316
vn 0.764677763 -0.644400775 0.00393102551
vn 0.742644846 -0.651879668 -0.153399631
vn -0.117147014 0.675929844 0.727595687
vn 0.144859523 -0.0970658883 0.984679639
vn 0.391044438 0.712909162 0.582103789
vn -0.000456627662 0.887151778 0.461477607
vn -0.196230605 0.736171603 0.6477229
vn -0.240478069 -0.0560109243 0.969037175
vn 0.0209902097 0.669906318 0.742148876
vn -0.36040169 0.823062658 0.438951612
vn -0.816446066 0.568631113 0.10037186
vn -0.866670549 0.481989861 0.128716409
vn -0.991680801 0.113051057 -0.0615517683
vn -0.988085628 0.0461146757 0.146833912
vn -0.912918746 -0.401844382 0.0714173391
vn -0.729362011 -0.681668103 -0.0579626821
vn -0.972172558 -0.113997027 -0.204658732
vn -0.827844322 -0.360947281 0.429407597
vn -0.225456774 -0.97409606 -0.0174956825
vn -0.711868763 0.419308394 -0.563403428
vn -0.816446066 0.568631113 0.10037186
vn 0.162624821 0.478597164 -0.862842917
vn -0.991680801 0.113051057 -0.0615517683
vn -0.870879352 -0.463637382 -0.163124532
vn -0.919051647 0.267799884 0.289183676
vn -0.00486588478 -0.998111248 -0.0612392873
vn -0.000481019029 -0.997353375 0.0727051049
vn -0.00555652566 -0.999969542 0.00548095955
vn -0.147911862 -0.987891912 -0.046815116
vn -0.0246034563 -0.985036731 -0.170579284
vn -0.474992901 -0.453014493 -0.754426718
vn 0.0197281297 -0.98630172 -0.163767308
vn 0.264368385 -0.951500058 -0.157343775
vn 0.669552028 -0.61395818 -0.418037564
vn 0.28893584 -0.95717299 -0.0183279142
vn 0.181226641 -0.983260572 0.0188534316
vn 0.759435415 -0.528791189 -0.378995806
vn 0.184493616 -0.982073665 -0.0386455432
vn -0.0508140512 -0.803934753 -0.592542708
vn 0.742644846 -0.651879668 -0.153399631
vn 0.250205606 -0.967696309 0.0309998412
vn -0.225456774 -0.97409606 -0.0174956825
vn -0.729362011 -0.681668103 -0.0579626821
vn 0.287099928 -0.952442765 0.102110073
vn 0.0612712353 -0.995719254 0.0692029223
vn -0.322668761 -0.925318122 -0.199176565
vn -0.000377888588 -0.858960152 0.512042403
vn -0.34253943 -0.884242833 0.317460686
vn -0.105629049 -0.993179262 0.0493709259
vn 0.623849571 -0.36210072 0.692600071
vn -0.951089263 -0.240672544 0.193664446
vn 0.127018899 -0.99120605 0.0371040814
vn 0.352422804 -0.935754836 -0.012691359
vn -0.333189338 -0.942785501 -0.0118457153
vn 0.251878142 -0.874451458 0.414598763
vn -0.247303411 -0.874879718 0.416445136
vn -0.102872893 -0.989245415 0.103974268
vn 0.963551879 -0.200788662 0.176781535
vn -0.579990089 -0.307229906 0.754467487
vn 0.222170234 -0.974291503 0.0373694338
vn 0.347281754 -0.924021423 -0.159936875
vn -0.339688659 -0.934072375 0.110092707
vn 0.389641106 -0.857666671 0.335540891
vn -0.0806859657 -0.813290417 0.576236486
vn 0.764677763 -0.644400775 0.00393102551
vn -0.738692164 0.600830853 0.305509716
vn -0.00204876298 0.917305827 0.39817813
vn -0.475161672 0.362014741 0.8019768
vn -0.991847813 -0.0296432171 0.123932138
vn -0.000456627662 0.887151778 0.461477607
vn -0.196230605 0.736171603 0.6477229
vn -0.951089263 -0.240672544 0.193664446
vn -0.982810199 0.161340609 0.0897400603
vn -0.333189338 -0.942785501 -0.0118457153
vn -0.247303411 -0.874879718 0.416445136
vn -0.105629049 -0.993179262 0.0493709259
vn 0.460763305 0.371666551 0.805953503
vn 0.251878142 -0.874451458 0.414598763
vn 0.993627727 -0.00564377569 0.11257074
vn 0.714076221 0.62945646 0.306398064
vn 0.963551879 -0.200788662 0.176781535
vn 0.352422804 -0.935754836 -0.012691359
vn 0.127018899 -0.99120605 0.0371040814
vn 0.391044438 0.712909162 0.582103789
vn -0.83372885 0.551183462 -0.0330601335
vn -0.270128071 0.879745603 0.391252428
vn -0.775036633 0.388746709 0.49819088
vn -0.939563215 -0.0893782526 -0.330503404
vn -0.972172558 -0.113997027 -0.204658732
vn -0.866670549 0.481989861 0.128716409
vn -0.225456774 -0.97409606 -0.0174956825
vn -0.322668761 -0.925318122 -0.199176565
vn -0.920192719 -0.276397109 -0.277218461
vn -0.36040169 0.823062658 0.438951612
vn 0.471365422 0.621501684 0.625739872
vn 0.0209902097 0.669906318 0.742148876
vn 0.623849571 -0.36210072 0.692600071
vn 0.818995595 -0.0262403022 0.573199451
vn -0.0062626265 0.368929446 0.929436326
vn 0.287099928 -0.952442765 0.102110073
vn 0.0612712353 -0.995719254 0.0692029223
vn -0.000377888588 -0.858960152 0.512042403
vn -0.34253943 -0.884242833 0.317460686
vn -0.539620161 0.605531871 0.584928334
vn -0.117147014 0.675929844 0.727595687
vn 0.321489513 0.907605171 0.269995093
vn 0.279229343 0.902669847 0.327441841
vn -0.0679848343 0.398456812 0.91466403
vn -0.84557575 0.00566973118 0.533825338
vn -0.579990089 -0.307229906 0.754467487
vn -0.339688659 -0.934072375 0.110092707
vn -0.0806859657 -0.813290417 0.576236486
vn -0.102872893 -0.989245415 0.103974268
vn 0.389641106 -0.857666671 0.335540891
vn 0.76802671 0.347344786 0.538039684
vn 0.959224284 -0.118308865 -0.256694049
vn 0.811905205 0.583654284 0.012553947
vn 0.979270518 -0.179891646 -0.0931036845
vn 0.826004028 0.552013636 0.114010043
vn 0.347281754 -0.924021423 -0.159936875
vn 0.222170234 -0.974291503 0.0373694338
vn -0.18168883 0.590777278 -0.786111534
vn -0.181688815 0.590777278 -0.786111593
vn -0.181688815 0.590777278 -0.786111593
vn -0.579990089 -0.307229906 0.754467487
vn 0.144859523 -0.0970658883 0.984679639
vn -0.117147014 0.675929844 0.727595687
vn 0.963551879 -0.200788662 0.176781535
vn 0.391044438 0.712909162 0.582103789
vn 0.144859523 -0.0970658883 0.984679639
vn -0.961124778 -0.125155628 0.246120512
vn 0.0209902097 0.669906318 0.742148876
vn -0.240478069 -0.0560109243 0.969037175
vn 0.623849571 -0.36210072 0.692600071
vn -0.951089263 -0.240672544 0.193664446
vn 0.733861148 -0.0556867458 0.677013218
vn -0.240478069 -0.0560109243 0.969037175
vn -0.196230605 0.736171603 0.6477229
vn -1.38931014E-07 -0.990014255 0.140967369
vn -4.25772839E-07 -0.278308481 0.960491776
vn 0.70699662 -0.167570502 0.68707782
vn 0.267151207 -0.95052731 0.158518642
vn 0.250535846 0.843672633 0.474813968
vn -1.02868341E-07 0.874226272 0.485518754
vn 0.268980771 0.899442673 0.344459176
vn -0 0.954941332 0.296794683
vn -0 -0.999331892 -0.0365471579
vn 0.301286817 -0.952699959 0.0398626849
vn 0.919969261 -0.0255798791 0.391154915
vn 0.31862703 0.926599801 0.199723959
vn -0 0.984410286 0.175887421
vn -0 -0.997047782 -0.0767833591
vn 0.380362034 -0.9247666 -0.0114646228
vn 0.988030314 0.0354541615 0.150130302
vn -0 0.997851133 -0.0655219704
vn 0.395702034 -0.918311954 -0.0110955602
vn -0 -0.99937278 -0.0354124978
vn 0.989496529 0.125978053 -0.0708955079
vn 0.335696548 0.941680133 -0.0233751331
vn -4.1079312E-07 0.0182142965 0.99983412
vn 0.919793546 0.187840238 0.344522685
vn 0.452968806 0.331271887 0.827694476
vn -4.80384756E-07 0.173912615 0.984761059
vn -1.35240882E-07 -0.0456982926 0.998955309
vn 0.956615746 0.169181466 0.237200364
vn 4.47524627E-07 0.34731847 -0.93774724
vn -2.89919797E-07 0.170523927 0.985353529
vn 0.978402674 0.206362665 -0.0119450474
vn -5.05627611E-07 0.398815244 0.917031288
vn -2.07497396E-06 0.922281504 -0.386518896
vn 4.77179867E-07 0.0527384281 -0.998608351
vn 0.966379404 0.129499853 0.222127557
vn 0.849003196 0.420725018 -0.319662452
vn 1.42073262E-07 0.752547681 -0.658537745
vn -0.627182662 -0.410774678 0.661744714
vn -0.706792593 -0.3899149 0.590263247
vn -0.784893095 -0.251847655 -0.566141009
vn -0.82644403 -0.177044481 -0.53445816
vn -0.72744602 -0.400909662 -0.556860626
vn -0.743787587 -0.308399826 0.59301728
vn -0.638689518 -0.576253057 -0.509909809
vn -0.790071309 -0.206182435 0.577300668
vn -0.545134664 -0.766140342 -0.340378016
vn -0.806412995 -0.096485056 0.583428442
vn 0.524343669 -0.0268771686 0.851082444
vn 0.492773652 0.0120840734 0.870073557
vn 0.947418928 0.292845637 0.12899147
vn 0.945254505 0.320916533 -0.0592149869
vn 0.101820178 0.259738863 -0.960295975
vn 0.0315793417 0.139506072 -0.989717543
vn -0.82644403 -0.177044481 -0.53445816
vn -0.784893095 -0.251847655 -0.566141009
vn 0.144867823 -0.0679120943 -0.987117648
vn -0.72744602 -0.400909662 -0.556860626
vn 0.239439338 -0.340791196 -0.909137011
vn -0.638689518 -0.576253057 -0.509909809
vn 0.350013822 -0.64051348 -0.683544397
vn -0.545134664 -0.766140342 -0.340378016
vn 0.941063404 0.310264885 -0.13466759
vn 0.958296001 0.246488065 -0.14461118
vn 0.981412709 0.191199169 0.0164904483
vn 0.457917303 0.181919336 0.870182216
vn 0.360592514 0.372493595 0.855114996
vn 0.192071334 0.552449524 0.811115324
vn 0.643724859 -0.370047569 0.669838071
vn -0.0287582614 -0.179113537 -0.983408034
vn 0.0896190554 0.785715044 -0.612062335
vn -0.824335694 0.487632245 -0.287550718
vn -0.537422478 0.1590828 -0.828172505
vn 0.930193901 0.108971782 -0.350520313
vn 0.35910508 0.773486137 0.522266865
vn -0.824335694 0.487632245 -0.287550718
vn 0.823346078 0.523749828 0.21860303
vn 0.366910458 0.919045269 0.143987641
vn 0.967564225 0.0456571728 -0.24846518
vn 0.61220926 -0.276012897 -0.740956664
vn -0.100397736 0.994180679 0.0390521102
vn -0.64437902 0.654670238 -0.395199448
vn 0.0307903718 -0.172111005 -0.984596252
vn -0.64437902 0.654670238 -0.395199448
vn 0.60302645 0.556565106 -0.571484387
vn 0.967564225 0.0456571728 -0.24846518
vn 0.725446463 0.462377191 -0.509837866
vn 0.424004048 0.51437521 -0.745411754
vn 0.61220926 -0.276012897 -0.740956664
vn 0.689064801 0.481286973 -0.54180485
vn 0.393837452 0.662198365 -0.637483716
vn 0.348243684 0.732605398 -0.584821045
vn 0.403464317 0.736963212 -0.54231149
vn 0.314310104 0.756151438 -0.573972285
vn 0.250776023 0.674842238 -0.694045663
vn 0.352837741 0.540368557 -0.763876557
vn 0.0307903718 -0.172111005 -0.984596252
vn -0.0150182871 0.557920575 -0.829758465
vn -0.537422478 0.1590828 -0.828172505
vn 0.341617912 0.637554705 -0.690522432
vn 0.322679102 0.628821611 -0.707433045
vn -0.64437902 0.654670238 -0.395199448
vn 0.22493729 0.772407711 -0.593960881
vn -0.100397736 0.994180679 0.0390521102
vn 0.293417305 0.703721941 -0.647056222
vn 0.471363157 0.701661825 -0.534310281
vn 0.366910458 0.919045269 0.143987641
vn 0.468858659 0.634196579 -0.614789605
vn 0.823346078 0.523749828 0.21860303
vn 0.597086549 0.536016107 -0.596803427
vn 0.548021913 0.462931991 -0.696682155
vn 0.399706185 0.562753916 -0.723562658
vn 0.623383045 0.380985737 -0.682820261
vn 0.696022689 0.160147682 -0.699932277
vn 0.713069737 -0.0316226557 -0.70037955
vn 0.380430281 0.505870104 -0.774188817
vn 0.796101987 0.0894337445 0.598517478
vn 0.793938875 0.0867905393 0.601771116
vn 0.783400953 0.00734350365 0.621473193
vn 0.787039101 0.0182665009 0.61663264
vn 0.779038608 -0.0296741966 0.626273334
vn 0.732703269 0.000932313909 0.680547595
vn 0.725443125 0.0748466998 0.684200525
vn 0.745526552 0.0664986745 0.663150132
vn 0.797741294 -0.0223116819 0.602586925
vn 0.790158451 -0.0457506515 0.611192703
vn 0.789306045 -0.0465878099 0.612230003
vn 0.670688987 0.00590667408 0.741715133
vn -0.241635695 0.601836741 0.761186421
vn 0.562277973 0.312862575 0.765480518
vn -0.420715779 0.589520872 0.689538419
vn 0.803142011 0.0712988973 0.591506064
vn -0.708146989 0.580350399 0.402145833
vn -0.624000549 0.649507344 0.434469134
vn -0.477126271 0.725927711 0.495357841
vn -0.491633177 0.71720928 0.493870139
vn -0.377655417 0.800797582 0.464865208
vn -0.378552645 0.799034297 0.46716395
vn -0.315191686 0.914734781 0.25281325
vn -0.320878953 0.906672359 0.273828447
vn -0.260146081 0.963079453 0.0692965388
vn -0.260146052 0.963079453 0.0692965314
vn -0.658883214 0.244576484 0.711375594
vn 0.613990784 -0.347705901 0.708601356
vn 0.0884825662 -0.911700308 0.401214957
vn 0.622740149 -0.617386937 0.480653703
vn 0.69034183 0.320045143 0.6488446
vn 0.0943605006 -0.967665493 0.233922169
vn -0.83983773 0.154946432 0.520253956
vn 0.206213519 -0.946481943 0.248289764
vn 0.292761743 -0.943229079 0.156873956
vn 0.735071778 0.10649433 0.669573307
vn 0.723137915 0.139740601 0.676420033
vn 0.57427007 -0.77062273 -0.276323169
vn 0.560341477 -0.791950583 -0.242552385
vn 0.649017155 -0.453056455 -0.611159921
vn 0.649111509 -0.47543484 -0.593814731
vn 0.635722578 -0.172791347 -0.752329707
vn 0.638815045 -0.214222744 -0.738934398
vn 0.587052166 -0.233150348 -0.775248766
vn 0.586761951 -0.235084265 -0.774884343
vn 0.452423304 -0.727408111 -0.515936613
vn 0.44628498 -0.742596805 -0.499379396
vn 0.394386202 -0.840754807 -0.37093237
vn 0.394386202 -0.840754807 -0.37093237
vn -0.682268381 0.0768351927 0.727053106
vn -0.655266106 0.364562929 0.661604345
vn -0.655608594 0.396598279 0.642562926
vn -0.675392568 0.102815308 0.730256081
vn -0.712763727 -0.0787269324 0.696972013
vn -0.712763727 -0.0787269324 0.696972013
vn -0.570712984 0.768349648 0.289699137
vn -0.552756131 0.796054184 0.246492267
vn -0.329629213 0.923645854 -0.195506915
vn -0.311943889 0.922800601 -0.226119801
vn -0.169123128 0.880304158 -0.443240225
vn -0.169123128 0.880304158 -0.443240225
vn 0.62083137 -0.646235108 -0.443788856
vn 0.454076946 -0.755725086 -0.471904367
vn 0.457648635 -0.749847054 -0.477794051
vn 0.638803422 -0.641198218 -0.425200045
vn 0.760752678 -0.58826226 -0.274231553
vn 0.760752678 -0.58826226 -0.274231523
vn 0.41897586 -0.807549417 -0.415118188
vn 0.4189758 -0.807549417 -0.415118188
vn -0.790329516 0.012494456 -0.61255461
vn -0.827195227 0.15632087 -0.539733231
vn 0.413997978 0.20796296 0.886203766
vn -0.673468769 0.708728969 0.210102648
vn -0.71809268 0.676466107 0.163513333
vn -0.829302549 0.123228945 -0.545043051
vn -0.629826188 -0.217745036 -0.745591104
vn -0.59965682 0.031719353 -0.799628377
vn -0.736981869 0.271433085 -0.619016886
vn -0.413624793 0.212093353 -0.885398746
vn -0.562844753 -0.249719158 -0.78793782
vn -0.479537725 -0.256868154 -0.839084208
vn -0.539106905 -0.219492286 -0.813133955
vn -0.515569746 -0.404959738 -0.755112886
vn 0.818463326 -0.0974241123 -0.566238761
vn -0.115682766 0.98633492 -0.11730659
vn -0.478374749 0.206823394 -0.853452861
vn -0.517126262 -0.195472836 -0.833289146
vn -0.5255 -0.236451939 -0.81727612
vn -0.483668476 -0.261621475 -0.835235894
vn -0.557411075 -0.44334656 -0.7019521
vn -0.46506986 -0.115578532 -0.877696753
vn -0.412555963 0.38594839 -0.825131178
vn -0.584434986 -0.268262118 -0.765814006
vn -0.517071486 -0.224998608 -0.825840533
vn -0.675509334 -0.199794501 -0.709767044
vn -0.59358865 -0.289888501 -0.750744462
vn -0.422857881 -0.169336945 -0.890233815
vn -0.0570376553 0.22175324 -0.973433256
vn -0.442981452 -0.269190252 -0.855163157
vn -0.543709576 -0.33282727 -0.770458221
vn -0.839094162 -0.137098581 -0.526426613
vn 0.559007525 -0.0104202358 0.829097092
vn 0.65537715 -0.0272004902 0.754811883
vn 0.380915433 -0.0359513462 0.923910677
vn 0.644236147 0.0206509884 0.764547825
vn 0.722375631 -0.077532649 0.687140584
vn 0.611948013 -0.344194084 0.712074459
vn 0.760668516 0.0497520268 0.647231162
vn 0.677062094 0.460341126 0.574171543
vn 0.740876377 0.098455295 0.664385974
vn 0.317193419 -0.0844388902 0.944594264
vn 0.247628167 -0.110713571 0.962508559
vn 0.519637585 -0.0487021431 0.852997601
vn 0.264853388 -0.340762794 0.902071774
vn 0.621242702 -0.0331616513 0.782916188
vn 0.737527847 0.332676053 0.587689817
vn 0.733592749 0.142601192 0.664459646
vn 0.703184605 0.311977983 0.638906181
vn 0.70159781 0.578175962 0.416500807
vn 0.771003008 0.125038862 0.624435425
vn -0.115682766 0.98633492 -0.11730659
vn 0.818463326 -0.0974241123 -0.566238761
vn 0.774377704 -0.0681174248 0.629046261
vn 0.764255166 0.554920793 0.32859838
vn 0.510932982 0.709401608 0.485486269
vn 0.444756448 0.358582824 0.820737481
vn -0.71809268 0.676466107 0.163513333
vn -0.673468769 0.708728969 0.210102648
vn 0.541476011 0.213978082 0.813029647
vn 0.526378691 -0.0382096134 0.849391282
vn 0.413997978 0.20796296 0.886203766
vn -0.432009339 -0.27878651 0.857698083
vn -0.602417409 -0.160037652 -0.781972647
vn -0.627422929 -0.100204758 -0.77220428
vn -0.584771156 -0.134541973 -0.799963176
vn -0.533810258 -0.300441295 -0.790431261
vn -0.657283306 0.128014803 -0.742691576
vn -0.685159624 0.0622711889 -0.725726306
vn -0.65587914 -0.105314277 -0.747483492
vn -0.712726235 -0.226933405 -0.6637187
vn -0.661243737 -0.165965185 -0.731582105
vn -0.597722769 0.0903880522 -0.796591163
vn -0.603580534 -0.0947056711 -0.791657388
vn -0.698223352 -0.358535171 -0.619626284
vn -0.760309696 -0.415324539 -0.499434322
vn -0.631288707 0.167280272 -0.757292449
vn -0.696106553 -0.368653685 -0.616060197
vn -0.564405024 -0.146883279 -0.812325239
vn -0.674916625 0.0538464263 -0.735926747
vn -0.518568456 -0.125220627 -0.845817089
vn -0.655192435 0.0717636049 -0.75204581
vn -0.465234458 -0.112400554 -0.878022194
vn -0.392447054 -0.277774245 -0.876827717
vn -0.473422319 -0.282299489 -0.834372997
vn -0.560245097 -0.17118746 -0.810444534
vn -0.353215307 0.030625511 -0.935040653
vn -0.56076026 -0.209355727 -0.801073074
vn -0.585215032 -0.456402898 -0.670238614
vn -0.68239212 -0.414091289 -0.602386475
vn -0.689903617 -0.278779536 -0.668068051
vn -0.574014425 -0.228831172 -0.786221206
vn 0.612832963 0.0858324245 0.785537064
vn 0.680316329 -0.192327067 0.707234025
vn 0.723301768 0.0652554259 0.687441766
vn 0.623718739 0.133235112 0.770209968
vn 0.495209515 0.495834738 0.713383079
vn 0.534211814 0.50172627 0.680359066
vn 0.596269965 0.300776541 0.744308829
vn 0.416759819 0.450595945 0.789477348
vn 0.700751305 0.155148804 0.696330726
vn 0.733993113 0.0591735393 0.676574111
vn 0.734461844 0.304610014 0.606447458
vn 0.725839257 0.124439768 0.676514745
vn 0.683669388 -0.161544576 0.711687803
vn 0.643041492 -0.0448945984 0.764514327
vn 0.603220165 0.131920949 0.786589026
vn 0.710133851 -0.122329608 0.693358004
vn 0.751845241 -0.0756403208 0.654986382
vn 0.605414093 0.178683192 0.775594056
vn 0.595919549 0.226122096 0.770550847
vn 0.37620157 0.42098707 0.825374007
vn 0.390501618 0.42298305 0.817675889
vn 0.60633862 0.104510538 0.788308978
vn 0.534977734 0.0887940526 0.840187192
vn 0.594657779 0.155837253 0.788731158
vn 0.75983727 0.294544786 0.579560697
vn 0.633505225 0.13892813 0.761163652
vn 0.784191847 0.190175414 0.590657711
vn 0.427258193 -0.0410782807 0.903195977
vn 0.399826854 -0.0116488924 0.916516662
vn 0.859847903 0.149695396 0.488111585
vn 0.557285309 0.770497739 -0.309461385
vn 0.448069274 0.154549748 -0.880538642
vn -0.513056993 0.508397222 -0.691595852
vn -0.132629856 0.56768471 0.812492073
vn -0.513056993 0.508397222 -0.691595852
vn 0.150561646 0.708770335 0.689184844
vn 0.497452408 0.445651621 0.744268537
vn 0.0289964862 0.387736142 -0.92131418
vn -0.307744086 0.560744226 -0.768673897
vn 0.973298609 0.206889093 0.0994320884
vn 0.951497614 0.15259169 -0.267148018
vn -0.368984222 0.927379787 0.0617848597
vn -0.307744086 0.560744226 -0.768673897
vn 0.600684047 0.0333035737 -0.798792541
vn 0.912898719 0.368174434 0.176248595
vn 0.497452408 0.445651621 0.744268537
vn 0.973298609 0.206889093 0.0994320884
vn 0.556288004 0.595790744 0.579290152
vn 0.718371093 0.552042961 0.42331022
vn 0.891385555 0.418643743 0.173692629
vn 0.934402287 0.17823115 -0.30842495
vn 0.740400732 0.601378083 -0.300251901
vn 0.660428882 0.14615576 -0.736527205
vn 0.656298518 0.6694749 -0.347959101
vn 0.202801064 0.479346186 -0.853872895
vn 0.0289964862 0.387736142 -0.92131418
vn -0.225269884 0.784384906 -0.577922046
vn 0.505021036 0.724878669 -0.46851325
vn 0.353515893 0.932160497 -0.0781239495
vn 0.141823068 0.866343379 0.478889793
vn 0.150561646 0.708770335 0.689184844
vn -0.237111822 0.971097589 -0.0273409188
vn -0.307744086 0.560744226 -0.768673897
vn 0.165114269 0.980670869 -0.104985498
vn -0.0520738289 0.817697287 -0.573288262
vn 0.951497614 0.15259169 -0.267148018
vn 0.600684047 0.0333035737 -0.798792541
vn 0.552975953 0.831849456 0.0473714508
vn 0.596139431 0.802753031 0.0143295219
vn 0.616405785 0.787313223 0.0134803979
vn 0.735834718 0.676727414 0.0242329407
vn 0.715997517 0.691728711 -0.0941215456
vn 0.847377777 0.512970328 -0.137158155
vn 0.65298301 0.70893681 -0.266499281
vn 0.785043001 0.524961054 -0.328821063
vn 0.856366456 0.415602505 -0.306449026
vn 0.95709306 0.286257833 0.0450476222
vn 0.849941611 0.405321419 0.336621255
vn 0.970149696 0.228717417 -0.0806099921
vn 0.826344132 0.399202824 -0.397231132
vn 0.773937881 0.322156429 -0.545193017
vn 0.654156744 0.246269986 -0.715143383
vn 0.635389447 0.291747004 -0.714957297
vn 0.637743175 0.289700061 -0.713692904
vn 0.537498772 0.331504881 -0.775370598
vn 0.501826108 0.328791261 -0.800041795
vn 0.983363092 0.0206619669 0.180471897
vn 0.74692589 0.486279726 0.453468591
vn 0.775474131 0.524517417 0.351456016
vn 0.742055297 0.406942993 0.532683134
vn 0.729404449 0.515962839 0.449167669
vn 0.694088042 0.435354531 0.573330879
vn 0.683640778 0.722113907 0.105767615
vn 0.742281079 0.668566167 -0.0451454483
vn 0.434735835 0.775079668 -0.458537072
vn 0.595014572 0.543578982 -0.592013121
vn 0.786179483 0.579520822 0.214656472
vn 0.182079837 0.539164424 -0.822282553
vn 0.311262339 0.878039122 0.363542259
vn -0 0.905259967 0.424858004
vn 2.94158156E-07 0.428320318 -0.903626978
vn 3.34930292E-07 0.273918033 -0.96175307
vn 0.298591077 0.638071418 0.709724069
vn 1.22065288E-07 0.657811701 0.753182411
vn 0.299214929 0.506091118 0.808914185
vn 2.04136484E-07 0.545264065 0.838264346
vn 0.237886116 0.442530632 0.864625216
vn 2.70795539E-07 0.455609292 0.890179873
vn 0.300322384 0.879059255 -0.370217949
vn 0.670222819 -0.36848861 0.644218504
vn 0.647482574 0.713508725 0.267715544
vn 0.915614486 0.173448786 -0.362719744
vn -0.293402076 0.834716618 -0.466007918
vn -0.527535856 0.373866826 0.762843013
vn -0.293402076 0.834716618 -0.466007918
vn 0.212129131 0.970099866 -0.117929645
vn -0.229263365 0.738642693 0.633912683
vn 0.844737709 0.405692786 -0.349043727
vn 0.212129131 0.970099866 -0.117929645
vn 0.895018756 -0.436177969 0.0932212397
vn -0.0565431863 -0.226415217 0.972388268
vn 0.719818711 -0.23136729 0.65446943
vn 0.603010833 0.286043882 0.744685769
vn -0.229263365 0.738642693 0.633912683
vn 0.544116139 0.391841412 0.741888046
vn 0.73920089 0.285968542 0.609757364
vn 0.212129131 0.970099866 -0.117929645
vn 0.884258628 0.0934821442 0.457545489
vn 0.844737709 0.405692786 -0.349043727
vn 0.891263068 0.120490193 0.437186807
vn 0.895018756 -0.436177969 0.0932212397
vn -0.0565431863 -0.226415217 0.972388268
vn 0.623691082 -0.0701906458 0.778513134
vn 0.808582187 0.263111234 0.526276827
vn 0.59561801 0.315038174 0.73891145
vn 0.625811756 0.412867904 0.661739886
vn 0.430717349 0.332545489 0.838985145
vn 0.770650864 0.487316698 0.410633236
vn 0.657810569 0.556617737 0.507407129
vn 0.840107143 0.400238425 0.366099864
vn 0.535888791 0.820776761 -0.197860226
vn 0.615704656 0.777556479 -0.127724916
vn 0.90105176 0.417555153 0.117274761
vn 0.925483108 0.181132957 0.332673848
vn -0.0799473003 0.551445663 -0.830371022
vn 0.49109897 0.785371661 -0.376846224
vn 0.644027293 0.509367883 0.570765495
vn 0.496077627 0.73955667 -0.454931736
vn 0.729018033 0.634200811 -0.257530838
vn 0.730367959 0.595564723 0.334462762
vn 0.236881226 0.894856751 0.378310353
vn 0.0672910437 0.800529063 -0.595504045
vn -4.01578774E-07 0.887189984 -0.461404353
vn 3.65299798E-07 0.883563578 0.46831122
vn -0 0.209451854 -0.977818966
vn -0.0269723665 0.272906691 -0.961662352
vn 0.775474131 0.524517417 0.351456016
vn 0.953924537 0.176018596 0.24299261
vn 0.940791249 -0.0873860121 0.327529371
vn -0 0.534514368 0.845159411
vn 0.462150216 0.427377075 0.777023792
vn 2.70278321E-07 0.351496994 0.936189055
vn -0 0.177308038 0.984155416
vn 0.445722789 0.305526823 0.841418207
vn -0 0.167600766 0.985854983
vn 0.2422591 0.584988773 0.774014711
vn 0.297159612 0.459082246 0.837221324
vn 0.452968806 0.331271887 0.827694476
vn 0.550837159 0.270950764 0.789407372
vn 0.252763689 0.536626697 0.805072844
vn 0.381741166 0.190998808 0.904319167
vn 6.45486693E-07 0.379871488 0.925039291
vn 1.31066315E-07 0.176360339 0.984325707
vn -3.33246106E-07 0.289553195 0.957161903
vn 0.434820503 0.427453458 0.792599916
vn 0.662846982 0.42802 0.614355624
vn 0.736548543 0.0743062049 0.672290802
vn 0.708266616 -0.0352817886 0.705062807
vn -1.76199762E-07 0.704914212 0.70929265
vn 0.748550653 0.378346503 0.544541895
vn 0.51816535 0.593454421 0.615886748
vn -2.84401494E-07 0.654510736 0.756052792
vn 0.560153723 0.535039067 0.632424593
vn -4.80384756E-07 0.173912615 0.984761059
vn 0.617133677 0.352704823 0.703381419
vn -3.09420841E-07 0.462126106 0.886814177
vn -2.86787554E-07 0.23846899 0.97115016
vn 0.627454162 0.167593256 0.760403693
vn 0.884315312 0.173580393 0.433423817
vn 0.839893699 0.0719889849 0.537955463
vn 0.560756683 0.104011357 0.821421683
vn -1.35615068E-07 0.136734128 0.990607798
vn 4.46981687E-07 -0.181405202 0.983408451
vn 0.496796876 -0.186399698 0.847613156
vn 0.831676841 0.0453316644 0.553406477
vn 0.945332587 -0.0209021382 0.325437129
vn 0.901696563 -0.0554481447 0.428799182
vn 0.946989 -0.0995705426 0.305446297
vn 0.946302533 0.155747727 0.283291698
vn 0.935762823 0.20174545 0.289217293
vn 0.495089263 -0.0490269251 0.867457747
vn -0.75570786 0.138425305 0.640112519
vn -0.885745525 0.0121004535 0.464013427
vn -0.82875365 -0.293043971 -0.476752222
vn -0.890152097 -0.0379061773 -0.454084098
vn -0.0545224883 -0.192637905 -0.979754031
vn -0.0462031476 0.0144550689 -0.998827517
vn 0.607678354 0.126832351 -0.783990204
vn 0.649439692 0.268099397 -0.711583316
vn 0.829141557 0.462968796 0.313343495
vn 0.83379811 0.388491839 0.392243356
vn 0.0677941218 0.336439937 0.939261436
vn 0.350568891 0.283383369 0.892633915
vn -0.885745525 0.0121004535 0.464013427
vn -0.75570786 0.138425305 0.640112519
vn 0.739054918 0.609029293 0.287890881
vn 0.684835672 0.00283829775 -0.728691995
vn 0.606983483 -0.00339390617 -0.794707239
vn 0.712037921 0.67442584 0.195325002
vn -0.0631612241 0.507536054 0.859312415
vn -0.366220951 0.703891158 0.608621001
vn -0.938552618 -0.0712644905 0.337698609
vn -0.535533309 0.392102599 0.747970343
vn -0.0631034598 0.812903583 0.578969538
vn -0.0846446604 0.641043723 0.762822568
vn -0.681717455 -0.325510442 0.655213118
vn -0.766980529 -0.336120844 0.546592772
vn -0.343260169 0.778330386 0.525713027
vn 0.805396855 0.592114568 -0.0271335244
vn 0.37989381 0.86233145 0.334761441
vn 0.692073524 0.666631401 -0.276833653
vn 0.755556822 -0.33405599 -0.563507378
vn 0.892344236 0.420817286 -0.1632009
vn 0.698375046 -0.40626958 -0.589251518
vn -0.140138313 -0.982021213 -0.12647377
vn 0.206705168 -0.812211812 -0.545513511
vn -0.153339356 -0.984515846 -0.0849445835
vn -0.681717455 -0.325510442 0.655213118
vn -0.60551095 -0.683785439 0.407178074
vn -0.766980529 -0.336120844 0.546592772
vn -0.132701248 -0.990188181 -0.0437921733
vn -0.837658346 -0.280669838 0.468564689
vn 0.662493944 -0.392772019 -0.637833774
vn -0.47321865 0.851126671 0.227261007
vn 0.529402912 0.688773453 -0.495301545
vn -0.837658346 -0.280669838 0.468564689
vn -0.518825471 -0.780532956 -0.348695189
vn -0.0540733598 -0.473835438 -0.878951669
vn -0.683372021 -0.599241257 -0.417028219
vn -0.938552618 -0.0712644905 0.337698609
vn -0.78461051 -0.111907184 0.609805763
vn -0.672769547 -0.610468626 -0.417982399
vn -0.840733945 -0.115291633 0.529031396
vn 0.0723206177 -0.467973977 -0.880778074
vn 0.336131185 -0.237749904 -0.911312699
vn 0.916375756 0.134930432 -0.376894206
vn 0.10740605 0.89299345 -0.437066019
vn -0.702432692 -0.294152468 0.64812243
vn -0.701752186 -0.225950941 0.675640523
vn 0.11409118 -0.815757096 0.567030549
vn 0.0418577977 -0.916352212 0.398179054
vn 0.868162394 -0.41750893 -0.268291503
vn 0.824084938 -0.424533665 -0.375040233
vn 0.455391258 0.548718631 -0.70108968
vn 0.49496299 0.61987108 -0.608910084
vn -0.573345661 0.802905202 -0.163149953
vn -0.504435062 0.86315906 -0.0223985109
vn -0.701752186 -0.225950941 0.675640523
vn -0.702432692 -0.294152468 0.64812243
vn 0.862712801 -0.415238768 -0.288623273
vn 0.632848382 0.693627715 -0.344069093
vn -0.317605793 0.901264668 0.294700682
vn -0.556172609 -0.285935938 0.780328512
vn 0.107059732 -0.901938617 0.418383807
vn 0.370708019 0.407212228 -0.834717751
vn 0.865941763 -0.427965641 -0.258824795
vn -0.702408314 0.642227888 -0.306864798
vn -0.692939043 -0.325833708 0.643170178
vn 0.639008641 -0.689148605 -0.34167555
vn 0.360506535 0.889885426 -0.279533565
vn 0.727518857 0.285996586 -0.623636425
vn -0.726518571 0.550978839 0.410600781
vn -0.753070593 -0.14608483 0.641516864
vn -0.166319579 0.985684693 0.02762972
vn 0.252049893 -0.964471579 0.0791546181
vn -0.448068321 -0.713764489 0.538307607
vn -0.556172609 -0.285935938 0.780328512
vn -0.753070593 -0.14608483 0.641516864
vn -0.86267978 -0.0683876872 -0.501105487
vn -0.998568475 -0.0523715019 -0.0108760167
vn -0.736208379 0.0288756602 0.676138639
vn -0.655930459 -0.273504466 0.703527212
vn -0.447302699 -0.0733688176 -0.89136821
vn 0.206879437 0.0395937078 -0.977564991
vn 0.169059724 -0.0992033854 -0.980600595
vn 0.683519006 0.0952128395 -0.723696232
vn 0.988784969 -0.0689834207 -0.13245976
vn 0.940743268 0.124112718 0.315591812
vn 0.79056704 0.154092342 0.592671335
vn 0.480790675 -0.179635882 0.858237326
vn -0.257799178 0.039655 0.965384424
vn -0.736208379 0.0288756602 0.676138639
vn -0.655930459 -0.273504466 0.703527212
vn -0.673814535 0.00251012039 0.73889631
vn 0.45355916 -0.0858971998 0.887077093
vn -0.637428224 -0.0652208775 0.767744362
vn 0.334397733 -0.231657535 0.91351676
vn 0.991974473 -0.00139946712 -0.126430437
vn 0.982114673 -0.0640795976 -0.177043691
vn 0.18656598 0.13359347 -0.973316967
vn 0.232148916 0.205053642 -0.950820625
vn -0.862763941 0.138083711 -0.486385882
vn -0.855556607 0.24973537 -0.453492105
vn -0.673814535 0.00251012039 0.73889631
vn -0.637428224 -0.0652208775 0.767744362
vn -0.592003405 0.100980148 0.79958427
vn 0.32481125 -0.182926461 0.927920043
vn 0.971293032 0.086577706 -0.221571892
vn 0.30713129 0.463552028 -0.831137717
vn -0.708561301 0.598220944 -0.374262661
vn -0.592003405 0.100980148 0.79958427
vn -0.50564152 -0.239523351 0.828827679
vn 0.795044243 -0.455222577 0.400845379
vn 0.315575421 0.409733742 -0.855879843
vn -0.918852031 0.383677661 0.0922085196
vn -0.196649507 -0.367469221 0.909007907
vn -0.50564152 -0.239523351 0.828827679
vn -0.501274407 0.61467278 -0.609016657
vn 0.917444527 -0.0653085038 -0.392467082
vn 0.149463952 -0.793336034 0.590151191
vn -0.692939043 -0.325833708 0.643170178
vn 0.179227188 -0.0383253805 -0.983060896
vn 0.726509154 0.615303397 -0.305918634
vn 0.812650383 0.467128754 -0.348410964
vn 0.256928027 -0.366019458 -0.894437075
vn -0.861008406 -0.301714092 -0.409430146
vn -0.762887359 -0.598042846 -0.245657757
vn -0.746302426 0.42287004 0.514017105
vn -0.719810188 0.210408017 0.661514819
vn 0.220430911 0.790131986 0.571927965
vn 0.169467628 0.826957464 0.536117554
vn -0.719810188 0.210408017 0.661514819
vn -0.746302426 0.42287004 0.514017105
vn 0.754867673 0.424981385 -0.499565452
vn 0.174662277 -0.494935364 -0.851194501
vn -0.747317195 -0.645828426 -0.156277552
vn -0.713022292 0.267171115 0.648242831
vn -0.713022292 0.267171115 0.648242831
vn 0.215767771 0.88338244 0.416028589
vn -0.491554469 0.838421047 -0.235423669
vn 0.963620007 0.195521981 -0.182229564
vn 0.879574478 0.44430694 0.170117751
vn 0.615663171 0.117812246 -0.779152811
vn 0.249761701 -0.343794137 -0.905220807
vn 0.107224591 -0.165159658 -0.980420887
vn -0.800232589 -0.468734801 -0.374052703
vn -0.449774534 -0.344576806 -0.823996186
vn -0.956465781 -0.278135896 0.0883947611
vn -0.6315552 -0.0886375085 0.770247698
vn -0.805120826 -0.000586786249 0.593110502
vn 0.696374714 0.54211247 0.470293939
vn 0.48811838 0.381909043 0.784783959
vn -0.288338333 0.326818377 0.900028169
vn -0.805120826 -0.000586786249 0.593110502
vn -0.6315552 -0.0886375085 0.770247698
vn 0.726509154 0.615303397 -0.305918634
vn 0.179227188 -0.0383253805 -0.983060896
vn -0.861008406 -0.301714092 -0.409430146
vn -0.746302426 0.42287004 0.514017105
vn -0.746302426 0.42287004 0.514017105
vn 0.169467628 0.826957464 0.536117554
vn -0.673006773 0.102218144 0.732538939
vn 0.45470041 0.388447553 0.801471174
vn 0.448621333 0.483282983 0.751782179
vn -0.648103297 0.349852711 0.676435709
vn 0.918772817 0.371618569 -0.133252248
vn 0.952719927 0.25318408 -0.167995766
vn 0.189959064 0.140073746 -0.971748352
vn 0.213889271 -0.13790755 -0.967074394
vn -0.892561555 -0.0264495369 -0.450149119
vn -0.873058736 -0.259437293 -0.412868977
vn -0.648103297 0.349852711 0.676435709
vn -0.673006773 0.102218144 0.732538939
vn -0.78461051 -0.111907184 0.609805763
vn -0.840733945 -0.115291633 0.529031396
vn -0.0660765544 0.0854645893 0.994147718
vn 0.184071779 0.238921866 0.953432739
vn 0.587998509 0.136396512 0.797279
vn -0.0422000624 -0.143929213 0.988687813
vn 0.555491686 -0.207839817 0.805128276
vn 0.66565156 -0.0320435129 0.745574355
vn 0.780693114 -0.1799687 0.598439276
vn -0.398703605 0.0857830346 0.913058996
vn -0.246935353 0.183103204 0.951575637
vn 0.346722722 0.273254842 0.897282124
vn 0.621274114 0.215244099 0.75345099
vn 0.644421697 0.285233647 0.709480405
vn 0.732019722 0.335851371 0.592748702
vn 0.0369349755 0.199610874 0.979178905
vn 0.66362673 0.0864591077 0.743050754
vn 0.841724038 0.0425197147 0.538231134
vn 0.82752049 -0.0494574867 0.559252799
vn 0.567311585 -0.519132018 -0.639264762
vn 0.653856277 -0.525254011 0.544591904
vn 0.769729614 0.0455991738 0.636739314
vn 0.618711233 -0.0904953703 0.780388951
vn 0.594942212 0.801661551 0.0581597798
vn 0.831883192 0.373048484 0.410858989
vn 0.644308865 -0.111494824 0.7565943
vn 0.797885299 -0.0563932247 0.600165784
vn 0.70534271 0.538336635 0.461178124
vn 0.767153263 -0.32271871 -0.554372132
vn 0.777825594 0.187998801 0.599703074
vn 0.947247565 0.200005665 0.250439107
vn 0.947733223 0.26060921 0.184077501
vn 0.96471101 0.224595264 -0.137439743
vn 0.921302974 0.370247662 0.118817121
vn 0.920945466 0.347592503 -0.17617847
vn 0.751994133 0.296588898 -0.588676333
vn 0.832857847 0.150930926 -0.532510698
vn 0.796159565 0.152322561 -0.585600376
vn 0.687806606 0.294413209 -0.663508117
vn 0.612413883 0.322252452 -0.721874356
vn 0.872310579 0.0224017929 -0.488438815
vn 0.981688917 0.0878876448 -0.169005066
vn 0.988339424 0.125071764 -0.086846374
vn 0.896440744 -0.172436878 -0.408239573
vn 0.769626379 -0.278795928 -0.574411035
vn 0.756226361 -0.325908542 -0.567367017
vn 0.461233318 -0.392722964 -0.795633376
vn 0.814201415 -0.190053284 -0.548594356
vn 0.0424168669 -0.0675436333 -0.996814251
vn 0.834639907 -0.144466206 -0.531512737
vn -0.0778829083 0.111863464 -0.990666866
vn -0.908719897 0.0771191418 -0.410220504
vn -0.946167231 0.137667701 -0.292942256
vn 0.742987871 -0.666384399 -0.0624560788
vn -0.971695185 -0.0196743365 -0.23541747
vn 0.95187676 -0.265762985 0.15264526
vn 0.846189976 -0.511545956 0.149275601
vn 0.858357668 -0.512879133 0.0133061549
vn 0.724320292 -0.686275244 0.0662296414
vn 0.697791994 -0.709272921 0.100091003
vn 0.845569253 0.000633232121 -0.533865452
vn -0.0602006689 0.270266116 -0.960901737
vn -0.878648579 0.150797218 -0.453030705
vn 0.869058311 -0.294991821 0.397136688
vn 0.830096602 -0.377109408 0.410765409
vn 0.144330293 -0.422706217 0.89470005
vn 0.0629434437 -0.284312129 0.956663311
vn -0.794585288 -0.197991088 0.573963225
vn -0.798242033 -0.0589416996 0.599445999
vn -0.806012928 -0.121617317 0.579268873
vn 0.194929317 -0.307951629 0.931218743
vn 0.910289049 -0.238335699 0.338481963
vn -0.878648579 0.150797218 -0.453030705
vn -0.908719897 0.0771191418 -0.410220504
vn -0.946167231 0.137667701 -0.292942256
vn -0.799798191 0.0530086048 0.597923875
vn -0.971695185 -0.0196743365 -0.23541747
vn 0.990012348 -0.139731482 0.018725276
vn 0.94777137 -0.152699381 -0.280021876
vn 0.567311585 -0.519132018 -0.639264762
vn -0.452956319 -0.617722511 -0.642844915
vn -0.421756834 -0.620760918 -0.660891116
vn 0.222376585 -0.527368844 -0.820018768
vn 0.767153263 -0.32271871 -0.554372132
vn -0.58937186 -0.3429524 -0.731453598
vn 0.62329632 -0.353640974 -0.697452366
vn -0.600351214 -0.623007596 -0.501437962
vn -0.433205247 -0.881979346 0.185595393
vn -0.468092322 -0.881927609 -0.055616688
vn 0.808981419 -0.515442848 -0.282608896
vn 0.41318211 -0.591874838 0.692072809
vn 0.66362673 0.0864591077 0.743050754
vn 0.780693114 -0.1799687 0.598439276
vn 0.594942212 0.801661551 0.0581597798
vn 0.831883192 0.373048484 0.410858989
vn 0.397352606 0.833995223 -0.382835448
vn -0.264146775 0.81642437 -0.513495684
vn -0.603049576 -0.175340503 -0.778194666
vn -0.641865611 -0.0514877774 -0.765086591
vn -0.596391916 -0.193528533 -0.779014349
vn -0.589698315 -0.211157322 -0.779530883
vn -0.589698315 -0.211157337 -0.779530942
vn 0.66498065 -0.180452868 0.724732697
vn 0.818963885 -0.00337640499 0.573835075
vn -0.240583509 -0.52371496 0.817216098
vn 0.885260105 0.000738517207 0.465095699
vn -0.592168093 0.0944149047 0.80026418
vn -0.613989115 0.102110572 0.782681763
vn 0.768024623 -0.334676206 0.546012878
vn 0.64583385 0.0960562676 0.757411301
vn 0.840667546 0.0702920482 0.536970258
vn 0.851320684 0.191507995 0.488444299
vn 0.858359098 0.181455836 0.479888916
vn 0.911656797 0.0959851295 0.399585754
vn 0.994684279 0.0461522639 -0.0920493901
vn 0.998759031 0.0227145255 -0.044322107
vn 6.52920448E-07 0.526239038 -0.850336611
vn 0.998515725 0.0304227956 -0.045175679
vn 1.99879821E-07 -0.386100978 -0.922456563
vn 0.98979634 -0.0860294402 -0.113587633
vn 0.980141819 0.142273232 0.138131768
vn 2.52999911E-07 0.677741766 0.735300004
vn 5.00928081E-07 0.619567573 0.784943342
vn 0.996110499 0.0408294983 -0.0780824795
vn -2.18984567E-07 -0.556063235 -0.831139982
vn -0 -0.763804913 -0.645447195
vn 4.93391497E-07 0.782361209 0.622824967
vn -0 -0.58637166 -0.810042143
vn 0.986611784 -0.12741293 -0.101799421
vn 0.982198715 -0.163072005 -0.0932374895
vn -1.03038786E-07 -0.989556313 -0.144147038
vn -0 -0.95881319 -0.28403756
vn -0 0.36686331 -0.930274844
vn 6.61861634E-07 0.603107929 -0.797659516
vn 8.43380803E-07 0.878682494 -0.477406651
vn -0.0858870894 -0.910492957 -0.404507041
vn 0.17802462 -0.89398253 -0.41122061
vn 0.304206401 -0.888746917 -0.342910141
vn 0.425808579 -0.854695022 -0.296956986
vn -0.0953295007 -0.84530282 -0.525714219
vn 0.56942457 -0.819162965 -0.0687589571
vn -0.0877157375 -0.828386664 -0.55324626
vn -0.435613096 -0.81444627 -0.383299351
vn -0.481659383 -0.769184113 -0.419952482
vn -0.689089119 -0.700122774 -0.187040895
vn -0.648500979 -0.760009348 0.0428059138
vn -0.721817613 -0.670588374 -0.171144977
vn -0.612018824 -0.736393154 -0.288371474
vn -0.538653195 -0.817301035 0.204625994
vn -0.546901643 -0.780767858 0.302158982
vn -0.403162628 -0.798505545 0.447044462
vn -0.421572715 -0.788143873 0.448448092
vn -0.106634289 -0.767008185 0.63271445
vn 0.0252017938 -0.808098853 0.588507473
vn -0.061453145 -0.768388808 0.637025952
vn 0.253096968 -0.791839361 0.55581677
vn 0.509147167 -0.773243904 0.377972156
vn 0.537343204 -0.709119678 0.456521124
vn 0.59822911 -0.743110478 0.299847901
vn 0.634709716 -0.747034013 0.197696239
vn 0.660166383 -0.751077592 0.00792436488
vn 0.606296957 -0.750166774 -0.263920158
vn -0.467809916 -0.880651057 -0.0748838782
vn -0.212979913 -0.956703424 -0.198388979
vn -0.176031485 -0.942054331 -0.285563588
vn -0.0132322274 -0.953121424 -0.302298635
vn -0.50901401 -0.860331059 -0.0271145143
vn 0.11301975 -0.96076256 -0.253301889
vn 0.0991357863 -0.922084332 -0.374075562
vn 0.141675383 -0.970116079 -0.196984291
vn 0.2773256 -0.946541786 -0.164769828
vn 0.310899854 -0.950126052 -0.0245303083
vn 0.34786734 -0.937338293 0.0196274146
vn 0.527576387 -0.846268177 0.0741164535
vn 0.486460537 -0.871330917 0.0643321499
vn 0.302891254 -0.896847904 0.322367519
vn 0.44012323 -0.857688248 0.26582402
vn 0.256427675 -0.887093782 0.383809298
vn 0.0470717326 -0.881910145 0.469061494
vn 0.129601941 -0.887055814 0.443097413
vn 0.120156683 -0.835511804 0.53617382
vn 0.0100430157 -0.909586608 0.415393084
vn -0.0751326531 -0.865738094 0.49482584
vn -0.116687104 -0.819986582 0.560362518
vn -0.339339137 -0.871590793 0.353805602
vn -0.567405105 -0.746048868 0.348514736
vn -0.621305585 -0.75993365 -0.190998107
vn -0.383599222 -0.922581494 0.0411708765
vn -0.620178998 -0.783381641 0.0411236845
vn -0.331918776 -0.926509202 0.177230537
vn -0.218125775 -0.973904192 0.0627034605
vn -0.33272478 -0.12796931 -0.93430084
vn -0.33272478 -0.12796931 -0.93430084
vn -0.33272481 -0.12796931 -0.93430084
vn 0.400232941 0.324634224 0.856986642
vn 0.441604823 0.484800667 0.754952669
vn 0.649609864 0.19340913 0.735255003
vn 0.641689122 0.273705959 0.716463625
vn 0.528528512 0.466443956 0.70928669
vn -0.215498388 0.44931072 0.866994977
vn -0.176166907 0.551876247 0.815105975
vn 0.110180832 0.842328012 0.527582943
vn 0.20326592 0.840940893 0.501499116
vn 0.638676882 0.406869769 0.653107107
vn 0.400704354 0.795151174 0.455159962
vn 0.748550653 0.378346503 0.544541895
vn 0.442756236 0.190715268 0.876124799
vn 0.495089263 -0.0490269251 0.867457747
vn 0.646426678 0.0632910207 0.760346532
vn 0.725722909 0.354184866 0.589812875
vn 0.719818711 -0.23136729 0.65446943
vn 0.891263068 0.120490193 0.437186807
vn 0.856030047 0.380696714 0.349689275
vn 0.791541636 0.222697794 0.569093585
vn 0.77310282 0.631288648 -0.061535731
vn 0.969095647 0.118504375 0.216356784
vn 0.548208714 0.50656873 -0.665473819
vn 0.684506595 0.718831062 0.121377639
vn 0.926841259 0.366458952 0.0816893056
vn 0.989547014 0.0356731564 0.139729038
vn 0.840667546 0.0702920482 0.536970258
vn 0.911656797 0.0959851295 0.399585754
vn 0.950089753 0.311911345 -0.00638174545
vn 0.909109235 0.208078191 0.360865414
vn 0.859169185 0.181368783 0.478470117
vn 0.935067594 0.186589882 0.301384747
vn 0.937041521 0.112917624 0.330458492
vn 0.96774435 0.24298206 -0.0665621758
vn 0.830427289 0.531259775 0.167790458
vn 0.824457884 0.271583408 0.49649933
vn 0.811792135 -0.148668632 0.564704478
vn 0.892620146 0.0778285488 0.444040418
vn 0.568897069 0.431443661 0.700151682
vn 0.883217752 0.0487395227 0.466423452
vn 0.781799018 0.0373147242 0.62241298
vn 0.877354383 -0.217429072 0.427754492
vn 0.598268092 -0.0035957722 0.801287949
vn 0.619036317 0.204488397 0.758273423
vn 0.869427264 -0.0755264238 0.488254011
vn 0.902403116 -0.00237583718 0.430886179
vn 0.822032094 -0.0621844567 0.566035688
vn 0.919248462 -0.00648306636 0.393624485
vn 0.69705379 0.0237982683 0.716623843
vn 0.601472378 -0.11308223 0.790849745
vn 0.788923979 -0.164165169 0.592156053
vn 0.798946977 -0.170058802 0.576856732
vn 0.619036317 0.204488397 0.758273423
vn 0.65793407 0.163487002 0.735115469
vn 0.798946977 -0.170058802 0.576856732
vn 0.718219578 -0.105823904 0.687722266
vn 0.383080125 -0.0905171409 0.919269383
vn 0.4869892 0.238244116 0.840286374
vn 0.788923979 -0.164165169 0.592156053
vn 0.808415532 -0.174767777 0.562068105
vn 0.854209781 -0.105008453 0.509213984
vn 0.65881902 -0.371619016 0.65410763
vn 0.634679198 -0.360955179 0.683296144
vn 0.139061242 -0.424760431 0.894561648
vn 0.598462939 -0.405352384 0.691036582
vn 0.73044771 0.00327383005 0.682960808
vn 0.32169801 -0.440878779 0.837935746
vn 0.128630549 -0.600749016 0.789021432
vn 0.718457937 -0.195346534 0.667576134
vn 0.525237679 0.48806718 0.697076619
vn 0.502254188 0.450662047 0.738000333
vn 0.444945037 0.423632473 0.789024353
vn 0.41524896 0.305231035 0.856972754
vn 0.593844712 0.00565440254 0.804559827
vn 0.714458883 0.0786803737 0.695239425
vn 0.542851448 0.402212918 0.737249672
vn 0.675996423 0.12112914 0.726881385
vn 0.660816371 0.250414699 0.707540989
vn 0.51402086 0.361404926 0.777926087
vn 0.717588067 0.278513134 0.638355553
vn -2.04748687E-07 0.418256819 0.908328831
vn -1.29908429E-07 0.425240338 0.905080438
vn -0 0.345496714 0.938419938
vn 0.752790093 0.208198026 0.624468267
vn 0.725955665 0.280420691 0.627975047
vn 0.610249281 0.168680415 0.774043143
vn -0 0.213352412 0.976975322
vn -1.81350529E-07 -0.106169142 0.994348109
vn 0.664813995 0.0202714074 0.746733904
vn 0.714856863 0.308790833 0.627397716
vn 0.715813577 0.301776826 0.629715502
vn 0.719388664 0.272223264 0.639041781
vn 0.795335293 -0.436376482 -0.420734286
vn 0.965974331 -0.247913048 0.0737069249
vn 0.979721606 -0.191152215 0.0600537434
vn 0.752002597 -0.468527704 -0.463652819
vn 0.988156855 -0.109871753 0.107117504
vn 0.84053576 -0.43155092 -0.327510923
vn 0.841689885 -0.458969146 -0.284438938
vn 0.991258323 -0.0668552592 0.113742419
vn 0.990542173 -0.0674128458 0.119506039
vn 0.824048579 -0.503589869 -0.259501785
vn -2.0135208E-07 -0.849570274 -0.527475476
vn -2.2673656E-07 -0.822518349 -0.56873858
vn -0 -0.737759173 -0.675063968
vn 1.12883257E-07 -0.60165149 -0.798758686
vn 0.845700979 0.21737951 0.48737663
vn 0.815137804 0.320418775 0.482578605
vn -1.27178822E-07 0.446261197 0.894902766
vn -1.66687599E-07 0.61609143 0.787674606
vn 0.808210552 -0.499429733 -0.312034547
vn -1.08878346E-07 -0.855317354 -0.518104434
vn 0.802090764 -0.509817541 -0.311024904
vn -0 -0.846543252 -0.532320023
vn 0.99833566 -0.00897459779 0.0569679327
vn 0.999373376 0.0308428556 0.0173657257
vn 0.807896912 0.483799547 0.336512387
vn 0.806830168 0.413001269 0.422439396
vn 2.26632181E-07 0.688118279 0.725598514
vn -0 0.794689894 0.60701561
vn 3.42674156E-07 0.583707094 0.811964273
vn 0.784312606 0.353334159 0.509910464
vn 0.995309591 -0.0443758853 0.0859625041
vn 0.792264879 -0.499260098 -0.350793004
vn -0 -0.795457184 -0.606009781
vn 3.5451427E-07 0.55955255 0.828794897
vn 0.746596575 0.338993102 0.572430909
vn 0.619615912 0.499695599 0.605293632
vn -0 0.656525195 0.754304111
vn 0.835050583 0.370655745 0.406576961
vn 0.711804032 0.164963365 0.68273133
vn -4.96214795E-07 0.333109379 0.9428882
vn 0.838073611 -0.0847633258 0.538932025
vn 0.557758093 -0.784033358 0.272392482
vn 0.997947693 -0.0591283776 0.024581464
vn 0.995665789 0.0302936025 -0.087931104
vn 0.79715687 -0.40098989 -0.451384544
vn 0.795390666 -0.250301629 -0.551998854
vn -4.14810444E-07 -0.397554994 -0.917578399
vn -1.12160969E-07 -0.640322208 -0.768106461
vn 0.592069745 -0.791820884 0.149910316
vn -9.59284193E-07 -0.20869194 -0.977981389
vn 0.590453148 -0.782407522 -0.197998524
vn 0.73044771 0.00327383005 0.682960808
vn 0.32169801 -0.440878779 0.837935746
vn 0.96027714 -0.0440185405 0.275554359
vn 0.923190057 0.0946771204 0.372500122
vn 0.714458883 0.0786803737 0.695239425
vn 0.940950871 0.10105034 0.323110193
vn 0.983612895 -0.067974627 0.166988403
vn 0.956067801 -0.0253603458 0.292046666
vn 0.9314484 -0.126728311 0.34109208
vn 0.914720356 0.0834156945 0.395384043
vn 0.879519224 -0.472375214 0.0575110652
vn 0.636369944 -0.644775033 0.423436612
vn 0.837989807 -0.461298585 -0.291507512
vn 0.620234609 -0.659296453 -0.425014436
vn 0.562376857 -0.690635979 -0.454702228
vn 0.550395668 -0.80943644 -0.204639435
vn 0.70950532 -0.669528604 0.21984902
vn 0.681294858 -0.664420784 0.307217181
vn 0.029681962 -0.537701488 -0.842612684
vn 0.0395022929 -0.418283284 -0.907457232
vn -0.00295589678 -0.779343784 -0.626589537
vn 0.667827964 -0.579104662 0.467593521
vn 0.0973941833 -0.93973887 -0.327727437
vn 0.64316082 -0.751453221 0.147181019
vn 0.71419251 -0.643036067 0.276466548
vn 0.673738837 -0.35724473 0.646878839
vn 0.39561671 -0.897572279 -0.194554612
vn 0.932560802 -0.35601005 -0.0598935895
vn -0.343364656 -0.423156679 -0.838474274
vn 0.989547014 0.0356731564 0.139729038
vn 0.887705743 -0.114048563 0.446062088
vn 0.942532778 0.00427956833 0.334086329
vn 0.64583385 0.0960562676 0.757411301
vn 0.0369349755 0.199610874 0.979178905
vn 0.840667546 0.0702920482 0.536970258
vn -0.254646212 -0.959917307 -0.117107183
vn -0.118571483 -0.89490813 -0.430209517
vn 0.245840102 -0.768822074 -0.590317965
vn 0.174198911 -0.676122665 -0.715900123
vn 0.186553687 -0.618065119 -0.763670862
vn 0.0920034125 -0.376728266 -0.921743572
vn -0 -0.639678895 -0.768642306
vn -0 -0.392915398 -0.919574618
vn 0.480562985 -0.570057929 -0.666403174
vn -0 -0.544204772 -0.838952422
vn -0 -0.56516552 -0.824977577
vn 0.444945037 0.423632473 0.789024353
vn 0.737932146 0.00137185177 0.674873531
vn 0.700681329 0.14155367 0.699291289
vn 0.525237679 0.48806718 0.697076619
vn 0.593844712 0.00565440254 0.804559827
vn 0.676897764 0.130030453 0.724500895
vn 0.502254188 0.450662047 0.738000333
vn 0.542851448 0.402212918 0.737249672
vn 0.772101641 0.00185338699 0.635496378
vn 0.646426678 0.0632910207 0.760346532
vn 0.649609864 0.19340913 0.735255003
vn 0.755741596 0.0293068234 0.654213846
vn 0.641689122 0.273705959 0.716463625
vn 0.791541636 0.222697794 0.569093585
vn 0.675996423 0.12112914 0.726881385
vn 0.859169185 0.181368783 0.478470117
vn 0.70826304 0.0790617019 0.70150739
vn 0.903054237 -0.0377564505 0.427863806
vn 0.870465398 -0.29620558 0.393131375
vn 0.925201356 -0.166255742 0.341118008
vn 0.891733408 -0.102494128 0.440802097
vn 0.719818711 -0.23136729 0.65446943
vn 0.713069737 -0.0316226557 -0.70037955
vn 0.696022689 0.160147682 -0.699932277
vn 0.424779296 0.450649887 -0.785160601
vn 0.450185716 0.513789654 -0.730310142
vn 0.380430281 0.505870104 -0.774188817
vn 0.452069879 0.498880804 -0.739426017
vn 0.654156744 0.246269986 -0.715143383
vn 0.483092517 0.630648494 -0.607374787
vn 0.637743175 0.289700061 -0.713692904
vn 0.547430754 0.691939056 -0.470680267
vn 0.407571971 0.341510683 -0.846909404
vn -0.907239318 0.225673065 -0.35494858
vn 0.392275631 0.570977986 -0.721182346
vn 0.490776211 0.602389932 -0.6294958
vn 0.586617231 0.689482033 -0.424846739
vn 0.388363302 0.650676727 -0.652528763
vn 0.38075757 0.559720576 -0.736027539
vn 0.324305236 0.565593421 -0.758241534
vn 0.370537937 0.540624917 -0.755265772
vn 0.518914998 0.727894485 -0.448215276
vn 0.65298301 0.70893681 -0.266499281
vn 0.785043001 0.524961054 -0.328821063
vn 0.826344132 0.399202824 -0.397231132
vn 0.870560944 -0.316243023 -0.376980036
vn 0.467187881 0.81232965 -0.349078834
vn 0.372475296 0.553337276 -0.74503696
vn 0.507328868 0.386561304 -0.770186782
vn 0.413314283 0.426357657 -0.804605782
vn 0.372531176 0.580323517 -0.724185824
vn 0.474584788 0.398372144 -0.784900546
vn 0.548021913 0.462931991 -0.696682155
vn 0.40899533 0.293299854 -0.864116907
vn 0.607208371 0.427501887 -0.669731319
vn 0.406773448 0.676676095 -0.61371392
vn 4.18029089E-07 0.718664408 -0.695357084
vn 5.01827515E-07 0.875484109 -0.483246922
vn 0.412302643 0.726095974 -0.550264716
vn -0 0.793497503 -0.608573556
vn 0.57074219 0.644704819 -0.50853622
vn 0.246567354 0.743338466 -0.621813834
vn 0.330821157 0.788071692 -0.519134164
vn 0.423859954 0.731281579 -0.534387589
vn 0.471363157 0.701661825 -0.534310281
vn 0.403464317 0.736963212 -0.54231149
vn -1.62710236E-07 0.769825518 -0.638254344
vn -0 0.812415183 -0.583079457
vn -4.42213548E-07 0.610442519 -0.792060554
vn 0.419882268 0.702472806 -0.574657083
vn -0 0.777799726 -0.628512204
vn 0.341617912 0.637554705 -0.690522432
vn 0.378456026 0.62750566 -0.680446684
vn 0.322679102 0.628821611 -0.707433045
vn 0.416453004 0.548181415 -0.725302696
vn 0.348243684 0.732605398 -0.584821045
vn 0.468804091 0.742344201 -0.478693902
vn -0 0.728469431 -0.685078323
vn -0 0.9377051 -0.347432256
vn 0.441951066 0.56345588 -0.697994769
vn -0 0.565663874 -0.824635923
vn 0.442720562 0.475387007 -0.76026684
vn 0.372531176 0.580323517 -0.724185824
vn -0 0.633712888 -0.773568332
vn -1.07996826E-07 0.739827812 -0.672796249
vn -0 0.967693627 -0.252128869
vn -0 0.598759413 -0.80092901
vn 0.399706185 0.562753916 -0.723562658
vn 0.548021913 0.462931991 -0.696682155
vn 0.22493729 0.772407711 -0.593960881
vn 0.424067587 0.627115011 -0.653370917
vn 0.391462624 0.680813313 -0.619072139
vn 0.442934453 0.655025184 -0.612169147
vn 0.467413932 0.43516323 -0.769517541
vn 0.324305236 0.565593421 -0.758241534
vn 0.394465238 0.591124833 -0.703540027
vn 0.38075757 0.559720576 -0.736027539
vn 0.388363302 0.650676727 -0.652528763
vn -7.20827643E-07 -0.999655247 0.0262560118
vn 0.700408876 -0.713495851 0.0187400151
vn -7.34128719E-07 -0.999655247 0.0262560099
vn -0 0.983442426 -0.181220844
vn -0 0.985782027 -0.168028861
vn 0.429350227 0.873973727 -0.227658212
vn 0.566269636 0.823988497 0.0195359141
vn 0.362941504 0.931250811 -0.0323325023
vn -0 0.999543786 -0.0302015487
vn -0 0.994313896 0.106489174
vn -0 0.980722845 0.195403829
vn -0 0.95923543 0.282608271
vn 0.434735835 0.775079668 -0.458537072
vn -3.22125146E-07 0.869243205 0.494384676
vn 0.547981918 0.819678485 -0.166862026
vn 0.395245999 0.876519799 -0.274761111
vn -0 0.943399251 -0.331659108
vn 0.569391429 0.790685833 -0.224964917
vn 0.735834718 0.676727414 0.0242329407
vn 0.616405785 0.787313223 0.0134803979
vn 0.467187881 0.81232965 -0.349078834
vn 0.498736888 0.760629952 -0.415576339
vn 0.596139431 0.802753031 0.0143295219
vn 0.641034901 0.709302425 -0.293196619
vn 0.715997517 0.691728711 -0.0941215456
vn 0.696659267 0.572694659 0.432072639
vn 0.666238725 0.585615337 0.461714923
vn 0.367941469 0.646551788 0.668273747
vn 0.518914998 0.727894485 -0.448215276
vn 0.0886234269 0.614008248 -0.784308374
vn -0.00650645886 0.366229981 -0.93050158
vn -0.181068897 0.260492384 -0.948344707
vn 0.586617231 0.689482033 -0.424846739
vn 0.490776211 0.602389932 -0.6294958
vn 0.500498831 0.666669786 -0.552315354
vn 0.723062515 0.398294836 -0.56439507
vn 0.548842371 0.53920126 -0.638775468
vn 0.514048517 0.517729342 -0.683893561
vn 0.232650802 0.713099599 -0.661333978
vn 0.388363302 0.650676727 -0.652528763
vn 0.390595108 0.866691053 -0.310293466
vn -0 0.964472175 -0.264184296
vn 0.436253339 0.82068938 -0.368987858
vn 0.464286566 0.592035413 -0.658735216
vn 0.406561941 0.833535492 -0.37406671
vn 0.307457805 0.890790999 -0.334605813
vn -0 0.971859396 -0.235561728
vn -0 0.983873725 -0.178864554
vn 0.552975953 0.831849456 0.0473714508
vn 0.471363157 0.701661825 -0.534310281
vn 0.423859954 0.731281579 -0.534387589
vn 0.30409047 0.792440474 -0.528741062
vn 0.315239429 0.801163554 -0.508685648
vn 0.330821157 0.788071692 -0.519134164
vn 0.324903429 0.72601366 -0.606087387
vn 0.741515219 0.556709588 -0.37447238
vn 0.545249701 0.657550514 -0.519932747
vn 0.616024435 0.607530892 -0.501418233
vn 0.844309211 0.381180733 -0.376620829
vn 0.936313808 0.351011962 -0.0103478581
vn 0.975850224 0.0907361656 -0.198704004
vn 0.95509088 -0.0473221578 -0.292509884
vn 0.848026812 0.253634781 -0.465316951
vn 0.660378397 0.51027602 -0.550925314
vn 0.532234251 0.699429333 -0.476996154
vn 0.305930346 0.740347266 -0.598575473
vn 0.246567354 0.743338466 -0.621813834
vn 0.241080821 0.488252133 -0.838743091
vn 0.406773448 0.676676095 -0.61371392
vn 0.607208371 0.427501887 -0.669731319
vn 0.355822742 0.469376892 -0.80813092
vn 0.642520368 0.671036601 -0.369969398
vn 0.860646188 0.479454339 0.171498492
vn 0.894194663 0.316958606 0.316153556
vn 0.893059433 0.150864199 0.423892558
vn 0.945414722 0.0983686745 -0.310668111
vn 0.867430389 0.254817098 0.427355528
vn 0.979109228 0.0114366356 -0.203012958
vn 0.648614764 -0.0975710005 -0.754836917
vn 0.654054582 -0.221339583 -0.723340452
vn 0.108412907 -0.467298001 -0.877427578
vn 0.230267599 -0.262162387 -0.93714875
vn 0.0930188969 -0.32274282 -0.941904783
vn 0.068143189 -0.598172545 -0.798464835
vn 0.991656303 -0.0420674793 -0.12185289
vn 0.659875929 -0.171770632 -0.731477022
vn -0.162905186 -0.415068299 -0.895086706
vn 0.87764889 0.266357422 -0.398479849
vn 0.607023418 0.137774527 -0.782649815
vn 0.98527503 -0.0934810489 -0.143158942
vn 0.616777718 0.135521337 -0.775383294
vn -0.582116246 0.0674116537 -0.810306311
vn 0.985444427 0.0812494308 -0.149324283
vn 0.468936831 0.593729317 -0.653898835
vn -0.636926949 0.483145535 -0.600744963
vn -0.996132374 -0.0821216106 -0.0312452093
vn -0.9800843 -0.164796114 0.110801362
vn 0.878581345 0.413977563 -0.238154188
vn 0.257679105 0.643837094 -0.720468819
vn -0.420750678 0.617674589 -0.664414823
vn -0.952807367 0.280271113 -0.116645455
vn -0.310381323 0.455865324 -0.834176362
vn 0.0931661502 0.440011978 -0.893145859
vn -0.0592527315 0.305028617 -0.950498104
vn 0.285437435 0.382810146 -0.878624976
vn 0.560049534 0.485402822 -0.671363294
vn 0.746787727 0.461033076 -0.479329348
vn 0.819419503 0.347472697 -0.455866605
vn 0.919230402 0.357934326 -0.164007708
vn -0.778004408 0.49765417 -0.383470237
vn -0.666310191 0.329031497 -0.669155419
vn -0.831455708 0.367157519 -0.416985303
vn -0.88038981 0.387670189 -0.273176968
vn -0.909870803 0.413400352 -0.0351451188
vn -0.896209538 0.428318262 -0.115550421
vn -0.874982059 0.44949159 0.179898933
vn -0.416501671 0.323993146 -0.849443793
vn -0.16649726 0.315584362 -0.934176207
vn 0.960720062 0.274623603 -0.0399850272
vn 0.944923401 0.323685914 -0.0484483354
vn 0.920689106 0.376601428 0.102484152
vn 0.895365596 0.250847459 0.367962003
vn 0.865063071 0.138465613 0.48217538
vn 0.83589232 0.308716536 0.453848064
vn 0.703474104 0.216829717 0.676837623
vn 0.880360305 -0.215761483 0.422389328
vn 0.0763283223 -0.0497823656 0.995839179
vn 0.395385116 0.65438056 0.644559324
vn -0.0752571672 0.257070899 0.963457763
vn 0.073545821 -0.668044686 0.740477741
vn 0.0795742199 -0.762619138 0.641934633
vn 0.788211763 -0.487890363 0.375080287
vn 0.031983383 -0.413160235 0.910096526
vn 0.8421821 -0.308814853 0.441998512
vn -0.049536705 0.149823755 0.987470984
vn 0.866583288 0.0449857526 0.497000784
vn 0.0612482056 0.433573693 0.899034262
vn -0.202158183 -0.150363192 0.967741191
vn -0.789051175 0.12763828 0.600921571
vn -0.897820652 -0.169901803 0.406265318
vn -0.95967859 0.0524728298 0.276158541
vn -0.759656549 -0.304907739 0.574415505
vn -0.9800843 -0.164796114 0.110801362
vn -0.671301544 -0.580333114 0.461050779
vn -0.996132374 -0.0821216106 -0.0312452093
vn -0.952807367 0.280271113 -0.116645455
vn -0.745576024 -0.393225551 0.538042784
vn 0.973751664 -0.222874627 -0.0462016091
vn 0.89652133 -0.442567378 -0.0195871629
vn -0.794454396 0.424011707 0.434805959
vn -0.405949086 0.112263389 0.906974256
vn -0.575421989 0.488441139 0.655983865
vn -0.757117212 0.501501977 0.41865176
vn -0.874982059 0.44949159 0.179898933
vn -0.909870803 0.413400352 -0.0351451188
vn -0.212046951 0.483282179 0.849396527
vn 0.899855852 -0.435571343 -0.023174867
vn 0.762851954 -0.645299673 -0.0405605547
vn 0.788438976 -0.614969969 0.0132597052
vn 0.815983176 -0.57129395 0.0882875472
vn 0.899284661 -0.436287165 0.030668458
vn 0.904376209 -0.33682403 -0.262017697
vn 0.955206633 -0.273640245 -0.112700194
vn 0.875527501 -0.218817189 -0.430779099
vn 0.848987341 -0.0138915377 -0.528230548
vn 0.894407213 -0.415078312 0.166570246
vn 0.888744891 -0.457726389 -0.0248803981
vn 0.788824081 -0.0378610343 -0.613451779
vn 0.861750662 -0.188659444 -0.470949441
vn 0.751109302 -0.317689389 -0.578712583
vn 0.850036621 -0.482367307 0.211564541
vn 0.281487226 0.552200496 -0.784754455
vn 0.661508143 -0.364508301 -0.655393481
vn 0.904376209 -0.33682403 -0.262017697
vn 0.34531939 -0.475919127 -0.8088606
vn 0.481210142 -0.512900472 -0.71089381
vn 0.739627302 -0.592441022 -0.319319725
vn 0.875527501 -0.218817189 -0.430779099
vn 0.578270078 -0.593987167 -0.559269965
vn 0.589201927 -0.684344053 -0.429551184
vn -0.462962329 -0.791231513 -0.39952296
vn -0.743452251 -0.376917988 -0.552459598
vn -0.428250968 -0.733808637 -0.527376473
vn -0.376228571 -0.668622732 -0.64140135
vn 0.688925266 -0.719554245 0.0873134956
vn 0.401889116 -0.906768203 0.127500996
vn 0.462259293 -0.881572187 0.095638983
vn 0.669289947 -0.742535651 0.0263021104
vn -0 -0.999386132 -0.0350335538
vn -0 -0.972736776 0.231911853
vn -0 -0.950941265 -0.309371531
vn -0.552866578 -0.823094547 0.129822433
vn 0.391451865 -0.914169908 -0.105161257
vn -0.620265663 0.587388694 -0.519850969
vn 0.547125459 -0.824886978 0.142179877
vn 0.350274116 -0.927465677 -0.130825967
vn 0.355598897 -0.927837193 -0.11255084
vn -0.620265663 0.587388694 -0.519850969
vn 0.305837482 -0.946285367 0.104916722
vn -0 -0.938377321 0.345612645
vn -0 -0.762313068 -0.647208452
vn -0 -0.941861391 -0.336001754
vn -0 -0.927396774 0.374079168
vn 0.550577581 -0.833803713 -0.040444281
vn 0.335461646 -0.940428257 -0.0553187653
vn -0 -0.998019338 -0.0629080534
vn -0 -0.985168815 -0.171587706
vn -0 -0.985879719 -0.167455122
vn -0 -0.998502195 -0.0547119305
vn 0.185713351 -0.982598424 -0.00330015272
vn 0.451323688 -0.876985312 0.16493541
vn 0.718415499 -0.695433855 -0.0158382747
vn 0.398705661 -0.914019585 -0.0748464093
vn -0 -0.999982774 0.00586916972
vn -0.897820652 -0.169901803 0.406265318
vn 0.431578934 -0.89650327 -0.100107931
vn 0.410928905 -0.911118507 -0.0316304304
vn -0 -0.999173462 -0.0406491309
vn 0.59475112 0.51314944 -0.618828535
vn -0 -0.999771118 -0.0213933717
vn 0.467413932 0.43516323 -0.769517541
vn 0.394465238 0.591124833 -0.703540027
vn -0 0.674205422 -0.738543868
vn 0.326768309 0.610154152 -0.721757889
vn -0 0.79648 -0.604664981
vn 0.464286566 0.592035413 -0.658735216
vn 0.388363302 0.650676727 -0.652528763
vn 0.390595108 0.866691053 -0.310293466
vn -0 0.753032863 -0.657982886
vn -0 0.842040002 -0.539415002
vn 0.568862379 -0.771669447 -0.284467459
vn -0 -0.894860506 -0.446346015
vn -0 -0.949424803 -0.313994408
vn 0.626859903 -0.764926136 -0.148103744
vn -0 0.993906021 -0.110230893
vn -0 0.99664253 0.0818761736
vn -0.299919903 0.953749001 -0.0202719141
vn -0.365300387 0.925773978 -0.0974585041
vn -0.352419704 0.810190558 0.468392611
vn -0.542011499 0.839371145 -0.0409833826
vn -0.734830737 0.664429724 0.136223987
vn -0.657060862 0.721174002 -0.219497293
vn -0.534027696 0.835648298 -0.128477037
vn -0.781313062 0.599272013 -0.174421594
vn -0 0.876235843 0.481882513
vn -0.185451806 -0.103257664 0.977213144
vn -0.806767464 -0.174690142 0.564455211
vn -1.37015505E-07 -0.0852261186 0.996361673
vn 0.100669116 -0.993125081 0.0597347803
vn -0 -0.999999344 0.00114240113
vn 0.29822883 -0.867221117 -0.398731828
vn -0 -0.908654869 -0.417548001
vn -0 -0.639678895 -0.768642306
vn 0.186553687 -0.618065119 -0.763670862
vn -0.264100313 -0.964495122 0.000423239893
vn -0.939392686 0.333504915 0.079472594
vn -0.922826409 0.38399747 -0.0306172855
vn 0.12117926 -0.96519345 -0.231769666
vn -0.254646212 -0.959917307 -0.117107183
vn -0.118571483 -0.89490813 -0.430209517
vn 0.245840102 -0.768822074 -0.590317965
vn 0.174198911 -0.676122665 -0.715900123
vn -1.85378028E-07 0.34482041 0.938668668
vn 0.488387197 -0.28310737 0.825426042
vn -3.0294305E-07 -0.123875156 0.992297769
vn -2.68332741E-07 -0.310570389 0.950550377
vn 0.582374275 -0.262471527 0.769382119
vn 0.563162208 -0.607500732 0.56017077
vn 1.20949551E-07 -0.324528724 0.945875823
vn 0.911508918 -0.410563618 0.0242692195
vn -3.70738633E-07 -0.436307847 -0.89979744
vn -4.18522148E-07 -0.535011649 -0.844844699
vn 4.92015261E-07 0.048085548 0.998843253
vn 5.69046506E-07 0.672961354 0.739677608
vn -4.04134994E-07 -0.935506701 -0.353309035
vn 0.426826388 -0.582112372 0.69207257
vn 0.586144984 -0.276293486 0.76164031
vn 0.656956255 -0.297078252 0.692930698
vn 0.591736495 -0.309043646 0.744540095
vn 0.674166203 -0.339837849 0.655751646
vn 0.837608635 -0.530785143 0.129146755
vn 0.486330897 -0.449899793 0.749047697
vn 0.76519829 -0.260665357 -0.588663876
vn 0.590828836 -0.200850174 0.781396508
vn 0.50723505 -0.164355725 0.845990419
vn 0.673738837 -0.35724473 0.646878839
vn 0.887705743 -0.114048563 0.446062088
vn 0.667827964 -0.579104662 0.467593521
vn 0.948178887 0.110881209 0.297761887
vn 0.942532778 0.00427956833 0.334086329
vn 0.144640252 -0.355058372 0.923586905
vn 0.562470138 -0.363344312 0.742703378
vn -0.995715022 -0.0382753722 -0.0841819793
vn 0.488683075 -0.407734931 0.771324217
vn 0.47699362 -0.555276155 0.681282222
vn 0.738556325 -0.644699812 0.197222441
vn 0.871290147 -0.296403408 -0.391150355
vn 0.389880776 -0.632404208 0.669371247
vn 0.620156884 -0.412205428 -0.667451978
vn -0.311227441 -0.360296339 0.879388452
vn 0.760720789 -0.250846535 -0.598648429
vn 0.771990001 -0.19114922 -0.606212318
vn 0.467177629 -0.103035055 -0.878139436
vn 0.333325595 -0.260661393 -0.906062722
vn 0.54573667 -0.11404489 -0.830159783
vn 0.942532778 0.00427956833 0.334086329
vn 0.691376686 -0.182013005 -0.699192107
vn 0.658354282 -0.22477141 -0.718364477
vn 0.433735818 -0.0546412915 -0.899381816
vn -0.232868105 -0.215857416 -0.948249996
vn -0.22415255 -0.223821357 -0.948503911
vn 0.856270552 0.239831924 -0.457472861
vn 0.649987638 0.74604708 -0.144671753
vn 0.948178887 0.110881209 0.297761887
vn 0.0719612092 -0.180858567 0.980872929
vn 0.157033816 -0.576835752 0.80162394
vn 0.426964581 0.0641482249 0.901990175
vn 0.875058472 -0.360402316 0.323083341
vn 0.83951962 -0.458107114 0.292138219
vn 0.603769362 -0.594739735 0.530798614
vn 0.760897577 -0.56035161 0.327171236
vn 0.633062959 -0.649099112 0.421783954
vn 0.953105271 -0.279126942 -0.116955198
vn 0.871290147 -0.296403408 -0.391150355
vn 0.963509679 -0.239056617 -0.12041986
vn 0.760720789 -0.250846535 -0.598648429
vn 0.74972105 -0.531534851 0.394194126
vn 0.803962231 -0.538443327 0.252435178
vn 0.674166203 -0.339837849 0.655751646
vn 0.493612677 -0.191708148 0.848289132
vn 0.452759445 -0.706735492 0.543630242
vn 0.489046097 -0.60995537 0.623528898
vn -0 -0.817619085 0.57575953
vn 0.489771873 -0.677711368 0.548480511
vn -1.04523728E-07 -0.629341662 0.777128696
vn -2.16591161E-07 -0.499104381 0.866541862
vn 0.296488017 -0.503542125 0.8115049
vn -5.2261737E-07 -0.271073699 0.962558568
vn 0.356379092 -0.767142057 0.533373177
vn -0 -0.825440168 0.564489722
vn 0.46875307 -0.877039552 -0.105224326
vn 0.680102408 -0.704769731 0.20189184
vn 0.451977909 -0.62187326 0.63952291
vn 0.1935606 -0.905546367 -0.377518237
vn -0 -0.680086076 0.733132303
vn 2.91860687E-07 -0.740683436 0.671854198
vn -0 -0.687101603 0.726561368
vn -1.08005693E-07 -0.76870656 0.639601648
vn 0.62617141 -0.610305965 0.485217512
vn -0 -0.559570372 0.828782797
vn 0.662116528 -0.651465833 0.370397091
vn 0.765777647 -0.62563169 0.148894548
vn -0.261098534 -0.384260863 0.885534406
vn 0.351994485 -0.651861727 0.671696484
vn 0.384517491 -0.833369851 0.397040308
vn 0.765777647 -0.62563169 0.148894548
vn 0.567286909 -0.816082537 -0.11043036
vn 0.387790442 -0.493959844 -0.778217316
vn 0.680102408 -0.704769731 0.20189184
vn 0.1935606 -0.905546367 -0.377518237
vn 0.46875307 -0.877039552 -0.105224326
vn 0.633062959 -0.649099112 0.421783954
vn 0.468544185 -0.878420651 0.0940398425
vn -0 -0.992210567 -0.124572143
vn 0.683692753 -0.722420871 -0.103306837
vn 0.183181137 -0.979373157 0.0852818713
vn 2.76608375E-07 -0.822026968 -0.56944859
vn 0.618084133 0.384883881 -0.685446084
vn 0.367907137 -0.925760865 0.0872419029
vn 0.878967047 -0.375911921 -0.293440312
vn 0.760897577 -0.56035161 0.327171236
vn 0.83951962 -0.458107114 0.292138219
vn 0.953105271 -0.279126942 -0.116955198
vn 0.493612677 -0.191708148 0.848289132
vn -0.692218304 -0.139382318 -0.708100498
vn -0.687309325 -0.218671277 -0.692667842
vn -0.672263741 -0.330668896 -0.662359118
vn -0.688818395 0.0164730065 -0.724746764
vn -0.971695185 -0.0196743365 -0.23541747
vn 0.95187676 -0.265762985 0.15264526
vn 0.953105271 -0.279126942 -0.116955198
vn 0.963509679 -0.239056617 -0.12041986
vn -0.84324789 0.146379292 -0.517209947
vn -0.84324789 0.146379292 -0.517209947
vn -0.843247831 0.146379277 -0.517209947
vn -0 -0.917448163 -0.397855341
vn 0.398705661 -0.914019585 -0.0748464093
vn -0 -0.938720822 -0.344678402
vn -0 -0.999982774 0.00586916972
vn 0.431578934 -0.89650327 -0.100107931
vn -0.394628167 -0.890155137 -0.227799162
vn -0.897820652 -0.169901803 0.406265318
vn -0 -0.87850225 -0.477738172
vn 0.0506886803 -0.902715862 -0.427240849
vn -0 -0.614695251 -0.788764715
vn -0.450462908 -0.702031136 -0.551575482
vn -0.857593179 -0.383697599 -0.342505664
vn -0.394628167 -0.890155137 -0.227799162
vn -0.897820652 -0.169901803 0.406265318
vn -0.95967859 0.0524728298 0.276158541
vn -0 -0.28469032 -0.958619535
vn 1.2276621E-07 -0.0588505901 -0.998266816
vn 0.117992856 0.00189175049 -0.993012607
vn 0.246081695 0.0183105245 -0.969076157
vn 4.15947454E-07 0.198882028 -0.980023444
vn -0.291287333 0.638129234 -0.712701082
vn -0.32776466 0.63589251 -0.698720932
vn -0.255555481 0.639363647 -0.725193501
vn -0.364682406 0.632584453 -0.683259547
vn -0.0955945775 0.270363778 -0.9580006
vn 0.0865146443 0.258166134 -0.962219059
vn 0.86446327 0.232737184 -0.445574611
vn 0.834015787 0.184274837 -0.520058095
vn -0.889951587 0.222750366 -0.397955358
vn -0.930457115 0.32295534 -0.173059031
vn 0.871691644 0.143814638 0.468477428
vn 0.884855151 -0.0214076787 0.465374231
vn 0.198445395 -0.0373051576 0.979401767
vn 0.219514221 0.0699358806 0.973099411
vn -0.773609996 0.0893291458 0.627333939
vn -0.743013799 0.225370407 0.630189359
vn -0.930457115 0.32295534 -0.173059031
vn -0.889951587 0.222750366 -0.397955358
vn 0.871348619 0.197024986 0.449369162
vn 0.198079199 0.195440024 0.960503995
vn -0.735231698 0.302232087 0.606704354
vn -0.946832359 0.321645945 -0.00723948376
vn 0.814842939 0.281394988 -0.506801665
vn 0.964765847 0.254362762 0.0672786236
vn 0.945707798 0.291132092 -0.144495055
vn 0.865419745 -0.101535536 -0.490651757
vn -0.893787682 0.408334643 0.18548955
vn -0.960757673 0.205158249 -0.186694354
vn -0.767956138 0.306152493 -0.562595785
vn 0.502136946 0.363769382 0.784557462
vn 0.436795324 0.547660768 0.713636816
vn 0.909970462 -0.0309479032 0.413516521
vn 0.238244176 0.363569349 0.900587022
vn -0.239151165 0.382139653 0.892623067
vn -0.291314334 0.483341008 0.825540662
vn -0.745644331 0.132708892 0.652995288
vn 0.331800401 0.554734349 -0.763006091
vn 0.355255216 0.404781818 -0.842582583
vn 0.20846191 0.304357588 -0.929467618
vn 0.0199184567 0.430962771 -0.902149856
vn -0.381465673 0.447263628 -0.808974147
vn -0.554699302 0.374873728 -0.742817819
vn -0.638587117 0.430681437 -0.637746036
vn -0.767956138 0.306152493 -0.562595785
vn -0.946832359 0.321645945 -0.00723948376
vn -0.826561809 0.449272901 0.339041919
vn 0.953924537 0.176018596 0.24299261
vn 0.925201356 -0.166255742 0.341118008
vn 0.940791249 -0.0873860121 0.327529371
vn -0 -0.975257158 -0.221073404
vn 0.477952272 -0.856652021 -0.19418776
vn -0 -0.975257158 -0.221073419
vn 0.838073611 -0.0847633258 0.538932025
vn 0.557758093 -0.784033358 0.272392482
vn -0 -0.958271801 0.285858631
vn 0.592069745 -0.791820884 0.149910316
vn -0 -0.96714431 0.254227877
vn 0.590453148 -0.782407522 -0.197998524
vn 0.711804032 0.164963365 0.68273133
vn -4.96214795E-07 0.333109379 0.9428882
vn -0 -0.973091662 0.230418444
vn -0.971364737 -0.0719310492 -0.226443216
vn -0.925585806 0.0146041578 -0.378256083
vn -0.94716996 -0.019302018 -0.320150882
vn -0.983953655 -0.125176668 -0.127145544
vn 2.0772238E-07 0.712018371 0.702160776
vn 0.966169775 -0.046836298 0.25361836
vn 0.607208371 0.427501887 -0.669731319
vn 5.01827515E-07 0.875484109 -0.483246922
vn -0 -0.999237597 0.039041657
vn -0 -0.933182359 0.359403282
vn -0 0.271586567 0.962413967
vn -0 0.487981409 0.872854054
vn -1.00465442E-07 -0.766913652 0.641750336
vn 0.997633457 0.0674280673 -0.013449749
vn -1.33034447E-07 0.69551605 0.718510509
vn -1.19112052E-07 0.595485926 0.803365767
vn 0.990487158 0.103286698 -0.0909233987
vn 4.46977737E-07 0.827270865 -0.561803341
vn 1.37032828E-07 -0.228777096 -0.973478794
vn 0.984151781 0.175234646 0.0271682627
vn 0.98555088 0.121589169 0.11792165
vn 0.517423272 0.53525883 0.667660952
vn 0.862074018 -0.291513175 -0.414545953
vn 0.867182136 -0.334197909 -0.369197696
vn 0.997402549 -0.0704374462 0.0150552401
vn 0.92239964 -0.382170886 0.0558961146
vn 0.928612888 -0.348378271 -0.127713338
vn -3.06086065E-07 -0.996066153 -0.0886124671
vn 0.0629821792 -0.993390441 -0.0959620401
vn -0 -0.995366573 -0.0961529315
vn -0 -0.995366573 -0.0961529315
vn 0.639954805 0.462258488 -0.613819957
vn 0.323826939 0.644989431 -0.692188382
vn -0.179594755 0.258988261 -0.949036777
vn -0.189815775 0.217734873 -0.957372189
vn -0.200688735 0.171705738 -0.964490116
vn -0.173032463 0.284536928 -0.942920208
vn -0.77580452 0.128467545 -0.617756784
vn -0.770750046 0.125580266 -0.624639094
vn -0.77058661 0.125487298 -0.624859273
vn -0.77580452 0.12846756 -0.617756784
vn -0.733953655 0.105265498 -0.670992792
vn -0.782792687 -0.118052326 -0.610982299
vn -0.699777961 -0.264011323 -0.663783729
vn -0.788094103 -0.106845304 -0.606210947
vn -0.791663647 -0.0991177335 -0.602863431
vn -0.791663647 -0.0991177186 -0.602863431
vn 0.952070594 -0.18458119 0.243908525
vn 0.859068632 -0.271403432 0.433983117
vn 0.922096133 0.00548737356 0.386922002
vn 0.695988059 -0.217139274 0.684434831
vn 0.742509723 -0.181793377 0.64469409
vn -0.876538455 0.197232917 -0.439066648
vn -0.881644487 0.207968906 -0.423617721
vn -0.881644428 0.207968891 -0.423617721
vn -0.85802871 0.162494183 -0.487218976
vn -0.7740013 0.0442878604 -0.631633222
vn -0.302901477 -0.344519764 -0.88857013
vn -0.181068897 0.260492384 -0.948344707
vn -0.00650645886 0.366229981 -0.93050158
vn 0.518914998 0.727894485 -0.448215276
vn -0.452648789 -0.852051854 0.262900561
vn -0.452648789 -0.852051854 0.262900531
vn -0.452648789 -0.852051854 0.262900501
vn -0.462660551 -0.606182158 0.646906853
vn -0.462660491 -0.606182158 0.646906853
vn -0.462660491 -0.606182158 0.646906853
vn -0 0.532212853 0.846610606
vn -0.640692472 -0.566047251 0.518751919
vn -0.640692472 -0.566047251 0.518751919
vn -0.640692472 -0.566047251 0.518751919
vn -0.531291664 -0.592944026 0.605100453
vn -0.578253567 -0.610887885 0.540776193
vn -0.531894922 -0.593190432 0.604328454
vn -0.518348992 -0.587567091 0.621352792
vn -0.518348992 -0.587566972 0.621352792
vn -0 0.126016855 -0.992028058
vn 0.563193858 0.192252859 -0.803648889
vn 0.55583775 0.262978971 -0.788597763
vn -0 -0.0236838702 -0.999719501
vn 0.989547014 0.0356731564 0.139729038
vn -0.670501053 -0.288042098 -0.683710575
vn -0.0270388797 0.131940931 -0.990888774
vn 0.96774435 0.24298206 -0.0665621758
vn 0.950089753 0.311911345 -0.00638174545
vn -0.528285146 -0.533562779 -0.660473824
vn -0.639947116 -0.62048012 -0.453290343
vn -0.670501053 -0.288042098 -0.683710575
vn -0.883855462 -0.399178922 0.243835419
vn -0.639947116 -0.62048012 -0.453290343
vn -0.881458402 -0.457274795 0.118028834
vn -0.881458402 -0.457274795 0.11802882
vn -0.881458402 -0.457274795 0.118028834
vn 0.402708113 -0.88920778 0.217107415
vn 0.0972149149 -0.894003451 0.437386572
vn 0.0521274023 -0.884301126 0.463998049
vn -0.188696131 -0.790666878 0.58244282
vn -2.86448909E-07 -0.999890447 0.0148003511
vn -1.47491818E-07 -0.417521656 0.908666968
vn 0.440806568 -0.374687314 0.815658689
vn 0.599457562 -0.798524678 0.0548537299
vn -0.0700259581 0.41828534 0.90561235
vn 1.94278172E-07 0.459932685 0.887953758
vn 0.570905864 -0.563142121 0.597442389
vn 1.93416554E-07 -0.97012198 0.242617697
vn 3.73567445E-07 -0.749007881 0.662560999
vn 0.660400689 -0.385189056 0.644593179
vn -0.062549971 0.482190311 0.873830616
vn 0.657239318 -0.0811097324 0.749304831
vn 0.753012061 -0.64155972 0.146198228
vn -0.224025235 0.736763418 0.63795954
vn 0.675866842 -0.164700374 0.718385518
vn -0.421809435 0.858771861 0.290839702
vn 0.622822523 -0.31190151 0.717502236
vn -0.781313062 0.599272013 -0.174421594
vn -0.922826409 0.38399747 -0.0306172855
vn -0.657060862 0.721174002 -0.219497293
vn -0.534027696 0.835648298 -0.128477037
vn -0.365300387 0.925773978 -0.0974585041
vn -0 0.993906021 -0.110230893
vn 0.120061815 0.82828033 0.547299564
vn 0.0897395313 0.843358636 0.529804766
vn -0 -0.208822384 -0.977953553
vn 0.285924941 0.0609657951 -0.956310689
vn 1.13965115E-07 -0.0848580077 -0.996393025
vn 0.287593335 0.160030767 -0.944288194
vn 0.945183337 0.0942577198 0.31264016
vn -0.903829932 -0.212648153 0.371311367
vn -0.891794086 -0.149878532 0.426895499
vn -0.961711287 0.206612214 -0.180063337
vn -0.894984007 0.300998509 -0.329246879
vn -0.862506926 0.321650803 -0.390669316
vn -0.842740357 0.0455996208 0.536385477
vn -0.842740357 0.0455996133 0.536385477
vn -0.842740357 0.0455996133 0.536385477
vn -0.868534863 0.103762582 -0.484644771
vn -0.797096074 -0.0242431294 -0.60336566
vn -0.800939679 -0.0184723064 -0.598459959
vn -0.784450173 -0.0426404476 -0.618724227
vn -0.784450233 -0.0426404513 -0.618724167
vn -2.46204013E-06 -0.0541520715 -0.998532712
vn -0.855587721 0.499190837 -0.137033567
vn -0.840865135 0.535371363 -0.0795194954
vn -1.96565225E-06 -0.718817353 -0.695199013
vn -0.726201773 0.62118113 -0.294558883
vn -0.442453742 0.231947303 -0.866276562
vn -0.444258213 0.397585809 -0.802845061
vn -0.0293619335 0.157266364 -0.987119615
vn -0.612879515 0.691268742 -0.382787496
vn -0.464301586 0.760212481 -0.454423845
vn -0.54062736 -0.841238022 -0.00636740681
vn 0.870560944 -0.316243023 -0.376980036
vn 0.483092517 0.630648494 -0.607374787
vn -0.0635510609 -0.88037324 0.470004588
vn -0.16734533 -0.824014425 0.54129082
vn -0.167345315 -0.824014425 0.54129076
vn -0.16734533 -0.824014425 0.54129082
vn 0.777894855 0.423159927 -0.464559108
vn -0.992285073 -0.0131477015 -0.123277754
vn -0.989352942 0.0698668957 -0.127669036
vn -0.982188165 0.135173365 -0.13051641
vn -0.984811783 -0.129478604 -0.115676336
vn 0.141728818 0.0536327362 0.98845154
vn -0.428250968 -0.733808637 -0.527376473
vn 0.739627302 -0.592441022 -0.319319725
vn -0.973485231 -0.104922019 -0.203267872
vn -0.462962329 -0.791231513 -0.39952296
vn -0.743452251 -0.376917988 -0.552459598
vn -0.428250968 -0.733808637 -0.527376473
vn 0.106107228 -0.00228950055 0.994352043
vn 0.106107235 -0.00228950079 0.994352043
vn 0.106107235 -0.00228950079 0.994352043
vn -1.03448386E-07 -0.859196842 -0.511645198
vn -0 -0.859196842 -0.511645198
vn 0.705253422 -0.609132171 -0.362733603
vn -0.461163253 -0.346040577 0.817058384
vn -0.461163312 -0.346040577 0.817058384
vn -0.461163312 -0.346040577 0.817058384
vn -0.529110312 -0.607993901 0.591933846
vn -0.529110312 -0.60799396 0.591933846
vn -0.529110253 -0.60799396 0.591933846
vn -0.945146799 -0.179170504 -0.273121655
vn -0.945146799 -0.179170519 -0.273121655
vn -0.945146799 -0.179170504 -0.273121655
vn 0.786360264 -0.602692246 0.135645092
vn 0.786360264 -0.602692246 0.135645077
vn 0.786360264 -0.602692246 0.135645092
vn -0 -0.975245237 -0.221126109
vn -0 -0.975245237 -0.221126109
vn -0.990520597 -0.133963823 -0.0303748194
vn -0.877762437 -0.478277117 -0.0280022305
vn -0.877762437 -0.478277057 -0.0280022267
vn -0.877762437 -0.478277117 -0.0280022267
vn 0.62329632 -0.353640974 -0.697452366
vn 0.808981419 -0.515442848 -0.282608896
vn 0.165276513 -0.300070316 -0.93949002
vn 0.165276527 -0.300070316 -0.93949002
vn 0.165276527 -0.300070316 -0.93949002
vn 0.138949737 -0.0719209462 -0.987684369
vn 0.138949737 -0.0719209462 -0.987684369
vn 0.138949722 -0.0719209388 -0.987684369
vn 0.0619980656 -0.979490697 0.191713884
vn -0 -0.981378615 0.192083389
vn -0 -0.981378615 0.192083403
vn -0.368984222 0.927379787 0.0617848597
vn -0.26725179 0.173009738 -0.947968423
vn 0.719818711 -0.23136729 0.65446943
vn -0.032058347 0.323068768 -0.945832372
vn 0.565805435 -0.0905422866 -0.819552541
vn 0.426077813 0.314054579 -0.848426402
vn -0.085683316 -0.852535725 -0.515597939
vn 0.0282861087 -0.983781874 -0.177124366
vn 0.518275023 -0.437406987 -0.734891891
vn 0.899163842 0.230062291 -0.37225768
vn 0.186780706 -0.981280386 -0.0469228476
vn -0.427356631 0.0203834735 -0.903853297
vn -0.46598345 0.346699685 -0.814038575
vn -0.191951945 0.490050316 -0.850297034
vn 0.703112662 0.419744819 -0.573974729
vn 0.798744321 0.5926283 0.103919439
vn -0.848330379 0.201697826 -0.489544243
vn -0.0416947268 -0.990318954 -0.132400259
vn -0.73803848 -0.278348237 -0.614671767
vn -0.336181104 -0.930071652 -0.148151845
vn -0.96325475 0.124992609 -0.237733424
vn -0.775372684 -0.530824184 -0.342086136
vn -0.378853738 -0.922834277 -0.069618836
vn -0.990985036 0.125437558 -0.0470545217
vn -0.817523241 0.417248428 -0.396937698
vn -0.834533453 -0.545037448 -0.0805486068
vn -0.247935504 -0.968751967 0.00689812005
vn -0.980198264 -0.0113698421 0.197691873
vn -0.808744848 -0.588151455 0.00310732634
vn -0.261788338 -0.964426219 0.0367285497
vn -0.977665126 -0.113604456 -0.176818773
vn -0.62233144 0.652447939 0.432452619
vn -0.683513403 0.643021762 0.345445395
vn 0.0316434689 0.828270614 0.559434116
vn -0.293850482 0.741003513 0.603792667
vn 0.304800421 0.784375072 0.540233612
vn -0.310367346 0.916272521 0.253213048
vn -0.836746395 0.546751559 0.0303028431
vn 0.0866823941 0.711382866 0.697438538
vn -0.0877523571 -0.0418712087 0.995261967
vn -0.404318929 0.708901584 0.577914178
vn 0.00359793007 0.898785412 0.438374162
vn 0.22021316 0.739837527 0.635725319
vn 0.222882837 -0.078352876 0.97169131
vn -0.0247067008 0.689938188 0.723446488
vn 0.364354879 0.817940831 0.445217252
vn 0.798744321 0.5926283 0.103919439
vn 0.84504056 0.512328506 0.153055623
vn 0.984998465 0.152901962 -0.0799939707
vn 0.98819524 0.0872721523 0.125911817
vn 0.933996797 -0.357184649 -0.00830929726
vn 0.769720912 -0.572395444 -0.282653868
vn 0.216348067 -0.97588259 0.0290974025
vn 0.98444134 -0.0701709613 -0.16109404
vn 0.785078943 -0.165376484 0.596910059
vn 0.0397230461 -0.996694088 -0.0708725899
vn 0.00380765391 -0.99999094 0.00190026092
vn 0.00333040627 -0.997709751 0.0675586164
vn 0.186780706 -0.981280386 -0.0469228476
vn 0.0282861087 -0.983781874 -0.177124366
vn 0.518275023 -0.437406987 -0.734891891
vn -0.0416947268 -0.990318954 -0.132400259
vn -0.336181104 -0.930071652 -0.148151845
vn -0.73803848 -0.278348237 -0.614671767
vn -0.378853738 -0.922834277 -0.069618836
vn -0.247935504 -0.968751967 0.00689812005
vn -0.775372684 -0.530824184 -0.342086136
vn -0.145250529 -0.988553047 -0.0408070311
vn -0.085683316 -0.852535725 -0.515597939
vn -0.834533453 -0.545037448 -0.0805486068
vn 0.108562253 -0.989462674 -0.0958009213
vn 0.216348067 -0.97588259 0.0290974025
vn 0.769720912 -0.572395444 -0.282653868
vn -0.29098022 -0.95230186 0.0919330567
vn 0.339713901 -0.924483776 -0.172986105
vn -0.055808939 -0.995731115 0.0735179558
vn -0.0600782521 -0.989186645 0.133792669
vn 0.0128827188 -0.996630847 0.0809997022
vn 0.113461897 -0.991440892 0.0645859092
vn -0.629630029 -0.373880684 0.681013346
vn 0.949580491 -0.220402926 0.222978666
vn -0.139662653 -0.988812268 0.0523893498
vn -0.332849711 -0.942964315 -0.00541249011
vn 0.317466259 -0.948086917 -0.0186111461
vn -0.236375466 -0.882600427 0.406378031
vn 0.233841747 -0.883269548 0.406390131
vn 0.100623548 -0.991050363 0.0877156034
vn -0.954479098 -0.152821556 0.256154746
vn 0.659755468 -0.312116146 0.683597982
vn -0.261788338 -0.964426219 0.0367285497
vn -0.351415068 -0.921961308 -0.162772283
vn 0.407031655 -0.904457152 0.127602756
vn -0.38882634 -0.858794451 0.333595753
vn 0.105417311 -0.809076846 0.578171134
vn -0.808744848 -0.588151455 0.00310732634
vn 0.984998465 0.152901962 -0.0799939707
vn 0.835726023 -0.52295965 -0.16755639
vn 0.789762318 0.411053836 0.455313265
vn 0.757982075 0.578582764 0.301172972
vn 0.477936924 0.360871524 0.800842106
vn 0.00399367232 0.915822804 0.40156278
vn 0.991708815 -0.0274591465 0.125536993
vn 0.00359793007 0.898785412 0.438374162
vn 0.22021316 0.739837527 0.635725319
vn 0.949580491 -0.220402926 0.222978666
vn 0.98526144 0.14490898 0.090891853
vn 0.317466259 -0.948086917 -0.0186111461
vn 0.233841747 -0.883269548 0.406390131
vn 0.113461897 -0.991440892 0.0645859092
vn -0.457528889 0.371359706 0.807935178
vn -0.236375466 -0.882600427 0.406378031
vn -0.986271262 0.0222699363 0.163624778
vn -0.707462192 0.6296435 0.321008384
vn -0.954479098 -0.152821556 0.256154746
vn -0.332849711 -0.942964315 -0.00541249011
vn -0.139662653 -0.988812268 0.0523893498
vn -0.404318929 0.708901584 0.577914178
vn 0.827955723 0.560579836 -0.0154794762
vn 0.749350667 0.415963411 0.515216529
vn 0.243854359 0.891715765 0.381284803
vn 0.958532989 -0.0286624134 -0.283536583
vn 0.98444134 -0.0701709613 -0.16109404
vn 0.84504056 0.512328506 0.153055623
vn 0.216348067 -0.97588259 0.0290974025
vn 0.339713901 -0.924483776 -0.172986105
vn 0.964121759 -0.152078301 -0.217580751
vn 0.364354879 0.817940831 0.445217252
vn -0.48278451 0.645561278 0.591751516
vn -0.0247067008 0.689938188 0.723446488
vn -0.629630029 -0.373880684 0.681013346
vn -0.849692822 -0.061334122 0.523698568
vn -0.0119066415 0.361225307 0.932402492
vn -0.29098022 -0.95230186 0.0919330567
vn -0.055808939 -0.995731115 0.0735179558
vn 0.532508373 0.0295070224 0.845910311
vn 0.790084004 0.0455509312 0.611303866
vn -0.688528001 -0.204574779 0.695757329
vn -0.0600782521 -0.989186645 0.133792669
vn 0.525547504 0.659385085 0.537597597
vn -0.256676286 0.913837492 0.314671606
vn -0.310367346 0.916272521 0.253213048
vn 0.0866823941 0.711382866 0.697438538
vn 0.0308740083 0.399217814 0.916336119
vn 0.87507385 0.0339408033 0.482797861
vn 0.659755468 -0.312116146 0.683597982
vn 0.407031655 -0.904457152 0.127602756
vn 0.105417311 -0.809076846 0.578171134
vn 0.100623548 -0.991050363 0.0877156034
vn -0.38882634 -0.858794451 0.333595753
vn -0.768809199 0.346333504 0.537573814
vn -0.960925162 -0.0799147859 -0.265021592
vn -0.823286355 0.566784859 -0.0308966227
vn -0.977665126 -0.113604456 -0.176818773
vn -0.836746395 0.546751559 0.0303028431
vn -0.351415068 -0.921961308 -0.162772283
vn -0.261788338 -0.964426219 0.0367285497
vn 0.345549583 0.21642217 -0.913102865
vn 0.345549583 0.216422185 -0.913102925
vn 0.345549583 0.2164222 -0.913102865
vn 0.659755468 -0.312116146 0.683597982
vn 0.0866823941 0.711382866 0.697438538
vn -0.0877523571 -0.0418712087 0.995261967
vn -0.954479098 -0.152821556 0.256154746
vn -0.404318929 0.708901584 0.577914178
vn 0.944532454 -0.233785972 0.230656922
vn -0.0877523571 -0.0418712087 0.995261967
vn -0.0247067008 0.689938188 0.723446488
vn -0.629630029 -0.373880684 0.681013346
vn 0.222882837 -0.078352876 0.97169131
vn 0.949580491 -0.220402926 0.222978666
vn -0.697768748 -0.0370085463 0.715366483
vn 0.22021316 0.739837527 0.635725319
vn 0.222882837 -0.078352876 0.97169131
vn -0.0551489554 0.315389842 -0.94735837
vn 0.532790959 -0.189901695 -0.824664295
vn 0.386052191 0.312494308 -0.867934942
vn 0.0508140698 -0.803934753 -0.592542768
vn 0.0246034656 -0.985036731 -0.170579284
vn 0.474992841 -0.453014374 -0.754426837
vn 0.910847843 0.210102051 -0.355265141
vn 0.147911832 -0.987891912 -0.046815116
vn -0.393891454 -0.293659508 -0.870984256
vn -0.426897347 0.377776235 -0.82161051
vn -0.0197281279 -0.98630172 -0.163767323
vn -0.252179593 0.175731003 -0.95159024
vn -0.821703672 0.151808277 -0.549324334
vn -0.830486596 0.457051039 -0.31842804
vn -0.669552147 -0.613958061 -0.418037653
vn -0.264368445 -0.951499999 -0.15734376
vn -0.954592764 0.128459275 -0.268795192
vn -0.759435475 -0.52879101 -0.378995955
vn -0.288935989 -0.95717299 -0.0183279309
vn -0.975128412 0.221540481 -0.00665866723
vn -0.778302431 0.552568436 0.29818362
vn -0.753397107 0.582790196 0.304546148
vn 0.0504946634 0.809242904 0.585300088
vn -0.270235866 0.691888809 0.669524074
vn 0.30063048 0.791846275 0.531602204
vn -0.321489751 0.907605112 0.269995153
vn -0.964214206 -0.0524851829 0.259877414
vn -0.979270577 -0.179891407 -0.093103677
vn -0.826004088 0.552013516 0.114010036
vn -0.222170174 -0.974291503 0.0373694338
vn -0.181226566 -0.983260632 0.0188534055
vn -0.764677465 -0.644401193 0.00393096451
vn -0.742645144 -0.65187937 -0.153399542
vn 0.117146991 0.675929904 0.727595627
vn -0.144859806 -0.097065568 0.98467958
vn -0.391044676 0.712909043 0.58210367
vn 0.000456474576 0.887151718 0.461477607
vn 0.196230382 0.736171663 0.64772284
vn 0.24047868 -0.0560116991 0.969036996
vn -0.0209899954 0.669906318 0.742148876
vn 0.36040175 0.823062658 0.438951552
vn 0.816446126 0.568631053 0.10037183
vn 0.866670609 0.481989771 0.128716454
vn 0.991680801 0.113051064 -0.061551787
vn 0.988085628 0.0461148955 0.146833956
vn 0.912918806 -0.401844352 0.0714173242
vn 0.729362011 -0.681668103 -0.0579625145
vn 0.972172558 -0.113997169 -0.204658747
vn 0.827844322 -0.360947222 0.429407477
vn 0.225456744 -0.97409606 -0.0174956992
vn 0.816446126 0.568631053 0.10037183
vn 0.711868882 0.419308275 -0.563403308
vn -0.162624702 0.478597045 -0.862842977
vn 0.991680801 0.113051064 -0.061551787
vn 0.870879352 -0.463637382 -0.163124532
vn 0.919051647 0.267799973 0.289183706
vn 0.00486589735 -0.998111248 -0.0612392835
vn 0.00555652799 -0.999969542 0.00548095908
vn 0.00048102552 -0.997353375 0.0727050826
vn 0.147911832 -0.987891912 -0.046815116
vn 0.0246034656 -0.985036731 -0.170579284
vn 0.474992841 -0.453014374 -0.754426837
vn -0.0197281279 -0.98630172 -0.163767323
vn -0.264368445 -0.951499999 -0.15734376
vn -0.669552147 -0.613958061 -0.418037653
vn -0.288935989 -0.95717299 -0.0183279309
vn -0.181226566 -0.983260632 0.0188534055
vn -0.759435475 -0.52879101 -0.378995955
vn -0.184493512 -0.982073665 -0.038645532
vn 0.0508140698 -0.803934753 -0.592542768
vn -0.742645144 -0.65187937 -0.153399542
vn -0.250205606 -0.967696309 0.0309998486
vn 0.225456744 -0.97409606 -0.0174956992
vn 0.729362011 -0.681668103 -0.0579625145
vn -0.287099928 -0.952442765 0.102110058
vn 0.322668761 -0.925318122 -0.19917658
vn -0.0612712428 -0.995719254 0.069202885
vn 0.000377917429 -0.858960152 0.512042403
vn 0.34253943 -0.884242833 0.317460775
vn 0.105629042 -0.993179262 0.0493708774
vn -0.62384969 -0.362101316 0.692599654
vn 0.951089263 -0.240672514 0.193664312
vn -0.127018809 -0.99120605 0.0371040814
vn -0.352422744 -0.935754836 -0.0126913916
vn 0.333189338 -0.942785501 -0.0118457377
vn -0.251878262 -0.874451339 0.414598703
vn 0.247303292 -0.874879658 0.416445166
vn 0.102872938 -0.989245415 0.103974283
vn -0.963551819 -0.200788841 0.17678155
vn 0.579990387 -0.307229996 0.754467309
vn -0.222170174 -0.974291503 0.0373694338
vn -0.347281784 -0.924021423 -0.159936875
vn 0.339688629 -0.934072375 0.110092685
vn -0.389641047 -0.857666731 0.335540861
vn 0.0806860775 -0.813290358 0.576236486
vn -0.764677465 -0.644401193 0.00393096451
vn 0.738692224 0.600830793 0.305509686
vn 0.475161582 0.3620148 0.80197674
vn 0.00204867614 0.917305827 0.39817822
vn 0.991847813 -0.0296431333 0.123932108
vn 0.000456474576 0.887151718 0.461477607
vn 0.196230382 0.736171663 0.64772284
vn 0.951089263 -0.240672514 0.193664312
vn 0.982810199 0.161340564 0.0897399858
vn 0.333189338 -0.942785501 -0.0118457377
vn 0.247303292 -0.874879658 0.416445166
vn 0.105629042 -0.993179262 0.0493708774
vn -0.460763425 0.37166664 0.805953443
vn -0.251878262 -0.874451339 0.414598703
vn -0.993627727 -0.00564370211 0.112570725
vn -0.71407634 0.629456282 0.306398034
vn -0.963551819 -0.200788841 0.17678155
vn -0.352422744 -0.935754836 -0.0126913916
vn -0.127018809 -0.99120605 0.0371040814
vn -0.391044676 0.712909043 0.58210367
vn 0.83372885 0.551183522 -0.033060018
vn 0.775036573 0.388746679 0.498190999
vn 0.270127863 0.879745603 0.391252488
vn 0.939563215 -0.0893783644 -0.330503374
vn 0.972172558 -0.113997169 -0.204658747
vn 0.866670609 0.481989771 0.128716454
vn 0.225456744 -0.97409606 -0.0174956992
vn 0.322668761 -0.925318122 -0.19917658
vn 0.920192719 -0.276397049 -0.277218461
vn 0.36040175 0.823062658 0.438951552
vn -0.471365809 0.621501446 0.625739694
vn -0.0209899954 0.669906318 0.742148876
vn -0.62384969 -0.362101316 0.692599654
vn -0.818995714 -0.0262405351 0.573199332
vn 0.00626248727 0.368929356 0.929436326
vn -0.287099928 -0.952442765 0.102110058
vn -0.0612712428 -0.995719254 0.069202885
vn 0.000377917429 -0.858960152 0.512042403
vn 0.34253943 -0.884242833 0.317460775
vn 0.539620101 0.605531991 0.584928274
vn -0.279229462 0.902669728 0.327441901
vn -0.321489751 0.907605112 0.269995153
vn 0.117146991 0.675929904 0.727595627
vn 0.0679848939 0.398456872 0.91466397
vn 0.845575809 0.00566971162 0.533825278
vn 0.579990387 -0.307229996 0.754467309
vn 0.339688629 -0.934072375 0.110092685
vn 0.0806860775 -0.813290358 0.576236486
vn 0.102872938 -0.989245415 0.103974283
vn -0.389641047 -0.857666731 0.335540861
vn -0.76802659 0.347344667 0.538039744
vn -0.959224284 -0.118308701 -0.256694049
vn -0.811905265 0.583654225 0.0125539573
vn -0.979270577 -0.179891407 -0.093103677
vn -0.826004088 0.552013516 0.114010036
vn -0.347281784 -0.924021423 -0.159936875
vn -0.222170174 -0.974291503 0.0373694338
vn 0.18168883 0.590777278 -0.786111534
vn 0.181688815 0.590777278 -0.786111593
vn 0.181688815 0.590777278 -0.786111593
vn 0.579990387 -0.307229996 0.754467309
vn 0.117146991 0.675929904 0.727595627
vn -0.144859806 -0.097065568 0.98467958
vn -0.963551819 -0.200788841 0.17678155
vn -0.391044676 0.712909043 0.58210367
vn 0.961124659 -0.12515536 0.246121049
vn -0.144859806 -0.097065568 0.98467958
vn -0.0209899954 0.669906318 0.742148876
vn -0.62384969 -0.362101316 0.692599654
vn 0.24047868 -0.0560116991 0.969036996
vn 0.951089263 -0.240672514 0.193664312
vn -0.733860612 -0.0556870475 0.677013755
vn 0.196230382 0.736171663 0.64772284
vn 0.24047868 -0.0560116991 0.969036996
vn -1.38931014E-07 -0.990014255 0.140967369
vn -0.267151356 -0.950527132 0.15851897
vn -0.70699656 -0.167569906 0.687077999
vn -4.25772839E-07 -0.278308481 0.960491776
vn -0.250535697 0.843672872 0.47481361
vn -1.02868341E-07 0.874226272 0.485518754
vn -0.268980712 0.899442911 0.344458759
vn -0 0.954941332 0.296794683
vn -0 -0.999331892 -0.0365471579
vn -0.301286876 -0.952699959 0.0398631729
vn -0.919969022 -0.0255797859 0.391155601
vn -0.318627119 0.92659986 0.199723616
vn -0 0.984410286 0.175887421
vn -0 -0.997047782 -0.0767833591
vn -0.380362034 -0.9247666 -0.0114642
vn -0.988030255 0.0354541168 0.150130585
vn -0 0.997851133 -0.0655219704
vn -0.395702124 -0.918311894 -0.0110951001
vn -0 -0.99937278 -0.0354124978
vn -0.989496529 0.125978142 -0.0708955824
vn -0.335696667 0.941680074 -0.0233750511
vn -4.1079312E-07 0.0182142965 0.99983412
vn -4.80384756E-07 0.173912615 0.984761059
vn -0.452969223 0.331271589 0.827694356
vn -0.919793606 0.187840134 0.344522476
vn -1.35240882E-07 -0.0456982926 0.998955309
vn -0.956615806 0.169181481 0.237200171
vn 4.47524627E-07 0.34731847 -0.93774724
vn -2.89919797E-07 0.170523927 0.985353529
vn -0.978402674 0.206362665 -0.011945013
vn -5.05627611E-07 0.398815244 0.917031288
vn -2.07497396E-06 0.922281504 -0.386518896
vn 4.77179867E-07 0.0527384281 -0.998608351
vn -0.966379464 0.129499778 0.222127393
vn -0.849003196 0.420724988 -0.319662422
vn 1.42073262E-07 0.752547681 -0.658537745
vn 0.627182186 -0.410774916 0.661745071
vn 0.826444268 -0.177044496 -0.534457743
vn 0.784893155 -0.251847655 -0.56614089
vn 0.706792474 -0.38991496 0.590263188
vn 0.727446198 -0.400909603 -0.556860328
vn 0.743787706 -0.308399916 0.593017101
vn 0.638689756 -0.576252937 -0.50990963
vn 0.790071428 -0.206182674 0.577300429
vn 0.545134246 -0.766140461 -0.340378404
vn 0.806413054 -0.0964854509 0.583428323
vn -0.524343967 -0.026877204 0.851082265
vn -0.49277389 0.0120840548 0.870073497
vn -0.947418928 0.292845786 0.128991082
vn -0.945254445 0.320916623 -0.0592153184
vn -0.101819567 0.259739012 -0.960295975
vn -0.0315791219 0.139506131 -0.989717543
vn 0.826444268 -0.177044496 -0.534457743
vn 0.784893155 -0.251847655 -0.56614089
vn -0.144867793 -0.0679119825 -0.987117648
vn 0.727446198 -0.400909603 -0.556860328
vn -0.23943916 -0.340791017 -0.90913713
vn 0.638689756 -0.576252937 -0.50990963
vn -0.350014031 -0.640513361 -0.683544338
vn 0.545134246 -0.766140461 -0.340378404
vn -0.941063464 0.310264796 -0.134667665
vn -0.958295941 0.24648805 -0.144611314
vn -0.981412768 0.191199094 0.0164904799
vn -0.457917064 0.181919262 0.870182335
vn -0.360592455 0.372493416 0.855115056
vn -0.192071512 0.552449226 0.811115503
vn -0.643724799 -0.370049387 0.669837236
vn 0.0287579186 -0.179113582 -0.983408034
vn 0.824335694 0.487632334 -0.287550509
vn -0.0896196961 0.785714984 -0.612062335
vn 0.537422478 0.159083039 -0.828172445
vn -0.930193961 0.108971752 -0.350520164
vn -0.35910517 0.77348572 0.52226752
vn 0.824335694 0.487632334 -0.287550509
vn -0.823346078 0.52374959 0.218603894
vn -0.366910428 0.91904521 0.143988475
vn -0.967564106 0.0456575528 -0.248465419
vn -0.612208784 -0.276012868 -0.740957022
vn 0.10039755 0.994180679 0.0390529782
vn 0.64437902 0.65467006 -0.395199805
vn -0.03079064 -0.172110856 -0.984596252
vn 0.64437902 0.65467006 -0.395199805
vn -0.603026569 0.556565046 -0.571484327
vn -0.725446641 0.462377191 -0.509837627
vn -0.967564106 0.0456575528 -0.248465419
vn -0.424003959 0.514374971 -0.745411932
vn -0.612208784 -0.276012868 -0.740957022
vn -0.689065218 0.481287181 -0.541804194
vn -0.393837452 0.662198365 -0.637483716
vn -0.348243713 0.732605338 -0.584821105
vn -0.403464347 0.736963212 -0.54231143
vn -0.314310163 0.756151378 -0.573972285
vn -0.250775933 0.674841881 -0.694045961
vn -0.352837533 0.540368259 -0.763876855
vn -0.03079064 -0.172110856 -0.984596252
vn 0.0150191551 0.557919979 -0.829758823
vn 0.537422478 0.159083039 -0.828172445
vn -0.341617405 0.63755393 -0.690523326
vn -0.322678894 0.628821552 -0.707433283
vn 0.64437902 0.65467006 -0.395199805
vn -0.224937439 0.772407532 -0.593961
vn 0.10039755 0.994180679 0.0390529782
vn -0.293416917 0.703720987 -0.647057414
vn -0.471363157 0.701662004 -0.534310043
vn -0.366910428 0.91904521 0.143988475
vn -0.468858719 0.634196281 -0.614789844
vn -0.823346078 0.52374959 0.218603894
vn -0.597086728 0.536016107 -0.596803427
vn -0.548021734 0.462931782 -0.696682394
vn -0.399706066 0.562753379 -0.723563135
vn -0.623382926 0.380985767 -0.68282032
vn -0.696022332 0.160147518 -0.699932635
vn -0.713068724 -0.0316236988 -0.700380564
vn -0.380430281 0.505870044 -0.774188757
vn -0.796100795 0.089434132 0.598519027
vn -0.787037969 0.0182667226 0.616634011
vn -0.78339994 0.00734365545 0.621474564
vn -0.793937683 0.0867908671 0.601772666
vn -0.779038012 -0.0296749268 0.62627399
vn -0.732701063 0.000931763265 0.680550039
vn -0.725440025 0.0748460069 0.684203744
vn -0.745524704 0.066498138 0.663152277
vn -0.797741294 -0.0223125387 0.602586865
vn -0.790158927 -0.0457509719 0.611191988
vn -0.789306521 -0.0465881079 0.612229288
vn -0.670689702 0.00590719981 0.741714537
vn 0.24163492 0.601837158 0.761186361
vn -0.562276959 0.312862158 0.765481472
vn 0.42071557 0.589518785 0.689540386
vn -0.803142965 0.0712987334 0.591504753
vn 0.70814687 0.580348849 0.402148157
vn 0.623999953 0.649507225 0.434470296
vn 0.477125525 0.725928605 0.495357364
vn 0.491632402 0.717210352 0.493869334
vn 0.377654672 0.800798476 0.464864194
vn 0.3785519 0.799035072 0.467163175
vn 0.315191984 0.914735734 0.252809167
vn 0.320879132 0.906673491 0.273824304
vn 0.260147005 0.963079453 0.0692926571
vn 0.260146976 0.963079453 0.0692926422
vn 0.658885062 0.244576439 0.711373925
vn -0.613990188 -0.34770754 0.708601058
vn -0.0884848312 -0.91170013 0.401214898
vn -0.622740269 -0.61738807 0.480652243
vn -0.690339327 0.320043743 0.648847997
vn -0.0943622589 -0.967665255 0.233922482
vn 0.83983922 0.154946297 0.520251691
vn -0.206214681 -0.946482241 0.248287946
vn -0.292762846 -0.943229496 0.156869724
vn -0.73507005 0.106493749 0.669575334
vn -0.723135352 0.139739975 0.676422954
vn -0.574269593 -0.770622134 -0.276325822
vn -0.56034112 -0.791949868 -0.242555439
vn -0.649016619 -0.453056574 -0.611160576
vn -0.649110734 -0.475435138 -0.593815327
vn -0.635722518 -0.1727909 -0.752329826
vn -0.638814807 -0.214222312 -0.738934636
vn -0.587053061 -0.233149737 -0.775248289
vn -0.586762846 -0.235083625 -0.774883866
vn -0.452423692 -0.727408111 -0.515936196
vn -0.446285188 -0.742596865 -0.499379039
vn -0.394385964 -0.840755105 -0.370932132
vn -0.394385904 -0.840755105 -0.370932132
vn 0.682268918 0.07683485 0.727052689
vn 0.675392866 0.102814913 0.730255783
vn 0.655608416 0.396597505 0.642563581
vn 0.655265749 0.364562213 0.661605
vn 0.712765217 -0.0787267536 0.696970463
vn 0.712765217 -0.0787267536 0.696970463
vn 0.570713341 0.768349469 0.289698869
vn 0.552756488 0.796054125 0.246491805
vn 0.329629451 0.923645437 -0.195508391
vn 0.311944157 0.922800124 -0.226121232
vn 0.169123203 0.880303383 -0.443241775
vn 0.169123158 0.880303383 -0.443241775
vn -0.620830536 -0.646235526 -0.443789482
vn -0.638802588 -0.641198635 -0.425200611
vn -0.457647681 -0.749846876 -0.477795273
vn -0.454075903 -0.755724907 -0.471905589
vn -0.760752022 -0.588263035 -0.274231762
vn -0.760752022 -0.588262975 -0.274231732
vn -0.418974757 -0.807549238 -0.415119678
vn -0.418974757 -0.807549238 -0.415119737
vn 0.790329516 0.0124944961 -0.61255461
vn -0.413998276 0.207963109 0.886203587
vn 0.827194989 0.156320959 -0.539733529
vn 0.673468649 0.708729208 0.210102201
vn 0.71809262 0.676466107 0.163513198
vn 0.829302371 0.123229079 -0.54504323
vn 0.629826188 -0.217745021 -0.745591104
vn 0.59965688 0.0317192823 -0.799628377
vn 0.736981809 0.271433145 -0.619016826
vn 0.413625002 0.212093428 -0.885398626
vn 0.562844694 -0.249719307 -0.787937939
vn 0.479537785 -0.256868184 -0.839084148
vn 0.539106786 -0.219492286 -0.813134074
vn 0.515569568 -0.404959828 -0.755112886
vn -0.818463743 -0.0974246711 -0.566238165
vn 0.115682535 0.986335039 -0.11730624
vn 0.478374809 0.206823289 -0.853452802
vn 0.517126262 -0.195472673 -0.833289146
vn 0.525500238 -0.23645173 -0.817276001
vn 0.483668625 -0.261621237 -0.835235894
vn 0.557411373 -0.443346351 -0.701951921
vn 0.465070486 -0.115578219 -0.877696455
vn 0.412556231 0.385948896 -0.825130761
vn 0.517071187 -0.224998489 -0.825840831
vn 0.584435046 -0.268262029 -0.765814066
vn 0.675509214 -0.199794501 -0.709767103
vn 0.593588293 -0.289888382 -0.7507447
vn 0.422857672 -0.169336706 -0.890233934
vn 0.0570376031 0.221753702 -0.973433137
vn 0.442981333 -0.269190729 -0.855163038
vn 0.543709278 -0.33282721 -0.770458519
vn 0.8390944 -0.13709873 -0.526426256
vn -0.559007704 -0.0104202889 0.829097033
vn -0.380915463 -0.035951294 0.923910677
vn -0.655377448 -0.0272004679 0.754811585
vn -0.644236326 0.0206509363 0.764547586
vn -0.72237587 -0.0775328651 0.687140226
vn -0.611948371 -0.344194323 0.712074041
vn -0.760668695 0.0497516766 0.647230983
vn -0.677062094 0.460340977 0.574171543
vn -0.740876436 0.0984553993 0.664385855
vn -0.317193598 -0.0844389722 0.944594204
vn -0.247628152 -0.110713504 0.962508619
vn -0.519637525 -0.0487017334 0.852997601
vn -0.26485306 -0.340762287 0.902072072
vn -0.621242642 -0.0331613161 0.782916248
vn -0.737528205 0.332676351 0.587689161
vn -0.733592749 0.142601207 0.664459646
vn -0.703184783 0.311977983 0.638906121
vn -0.701597929 0.578176141 0.416500509
vn -0.771003246 0.125038743 0.624435246
vn 0.115682535 0.986335039 -0.11730624
vn -0.818463743 -0.0974246711 -0.566238165
vn -0.774377823 -0.0681173503 0.629046082
vn -0.764255404 0.554920971 0.328597754
vn -0.510933042 0.709401608 0.48548618
vn -0.444756627 0.358582795 0.820737422
vn 0.71809262 0.676466107 0.163513198
vn 0.673468649 0.708729208 0.210102201
vn -0.54147619 0.213978112 0.813029408
vn -0.526378751 -0.0382096283 0.849391162
vn -0.413998276 0.207963109 0.886203587
vn 0.432009101 -0.278786361 0.857698321
vn 0.60241729 -0.160037577 -0.781972766
vn 0.533810139 -0.300441265 -0.790431321
vn 0.584771216 -0.134541944 -0.799963117
vn 0.627422929 -0.100204766 -0.77220434
vn 0.657283187 0.128014818 -0.742691696
vn 0.685159445 0.0622712746 -0.725726426
vn 0.65587908 -0.105314367 -0.747483432
vn 0.712726235 -0.226933405 -0.6637187
vn 0.661243558 -0.165965095 -0.731582165
vn 0.597722769 0.0903880075 -0.796591163
vn 0.603580594 -0.0947056338 -0.791657329
vn 0.698223293 -0.358534902 -0.619626403
vn 0.760309756 -0.415324599 -0.499434322
vn 0.631288648 0.167280346 -0.757292509
vn 0.696106493 -0.368653893 -0.616060078
vn 0.564404964 -0.146883175 -0.812325299
vn 0.674916446 0.0538464822 -0.735926807
vn 0.518568516 -0.125220567 -0.845817089
vn 0.655192375 0.07176359 -0.75204587
vn 0.465234548 -0.112400323 -0.878022194
vn 0.392447025 -0.277774304 -0.876827657
vn 0.473422319 -0.282299399 -0.834373057
vn 0.560245156 -0.171187505 -0.810444415
vn 0.353215426 0.0306254663 -0.935040593
vn 0.560760379 -0.209355682 -0.801073015
vn 0.585215092 -0.456403285 -0.670238316
vn 0.68239224 -0.414091289 -0.602386355
vn 0.689903855 -0.278779507 -0.668067873
vn 0.574014306 -0.22883141 -0.786221206
vn -0.612832904 0.0858325735 0.785537183
vn -0.623718619 0.133235246 0.770209968
vn -0.723301768 0.0652554333 0.687441885
vn -0.680316269 -0.192326888 0.707234144
vn -0.495209485 0.495834798 0.713383079
vn -0.534211755 0.50172627 0.680359125
vn -0.596269846 0.300776631 0.744308889
vn -0.416759849 0.450595915 0.789477408
vn -0.700751185 0.155148715 0.696330905
vn -0.733993232 0.0591736101 0.676573992
vn -0.734461844 0.304610163 0.606447399
vn -0.725839257 0.12444035 0.676514626
vn -0.683669627 -0.16154471 0.711687505
vn -0.643041432 -0.0448946692 0.764514327
vn -0.603220105 0.131921008 0.786589086
vn -0.710133851 -0.122329406 0.693358123
vn -0.751845062 -0.0756401792 0.65498662
vn -0.605413914 0.178683028 0.775594175
vn -0.595919251 0.226121977 0.770551145
vn -0.376201749 0.420986801 0.825374126
vn -0.390501767 0.422982812 0.817675889
vn -0.606338382 0.10451062 0.788309097
vn -0.534977317 0.0887939259 0.84018749
vn -0.594657719 0.155837342 0.788731158
vn -0.759837389 0.294545025 0.579560459
vn -0.633505285 0.138928279 0.761163592
vn -0.784191608 0.190176114 0.590657771
vn -0.427258044 -0.0410782099 0.903196037
vn -0.399826616 -0.0116488654 0.916516721
vn -0.859848022 0.149694905 0.488111556
vn -0.448069096 0.154549509 -0.880538762
vn -0.55728519 0.770497441 -0.309462279
vn 0.513057053 0.508396983 -0.691595972
vn 0.132630035 0.567684412 0.812492251
vn 0.513057053 0.508396983 -0.691595972
vn -0.150561601 0.708769262 0.689185977
vn -0.497452587 0.445651442 0.744268596
vn -0.0289964266 0.387735754 -0.921314359
vn 0.307744145 0.560744524 -0.768673599
vn -0.973298609 0.206889123 0.0994318351
vn -0.951497674 0.152591929 -0.267147601
vn 0.368984014 0.927379727 0.0617864467
vn 0.307744145 0.560744524 -0.768673599
vn -0.600684404 0.033303719 -0.798792303
vn -0.91289866 0.368174195 0.176249161
vn -0.973298609 0.206889123 0.0994318351
vn -0.497452587 0.445651442 0.744268596
vn -0.556287587 0.595790565 0.579290688
vn -0.718370855 0.552042961 0.423310608
vn -0.891385496 0.4186441 0.17369245
vn -0.934402525 0.17823115 -0.308424413
vn -0.740400612 0.601378202 -0.300251901
vn -0.660429597 0.146155894 -0.73652643
vn -0.656298637 0.669475019 -0.347958684
vn -0.202801466 0.479346424 -0.853872716
vn -0.0289964266 0.387735754 -0.921314359
vn 0.225269869 0.784385204 -0.577921569
vn -0.505020916 0.724878669 -0.468513429
vn -0.353515744 0.932160616 -0.0781228915
vn -0.141822904 0.866342723 0.478891015
vn -0.150561601 0.708769262 0.689185977
vn 0.237111703 0.971097648 -0.027339628
vn 0.307744145 0.560744524 -0.768673599
vn -0.165114373 0.980670929 -0.104984812
vn 0.0520736612 0.817697942 -0.573287368
vn -0.951497674 0.152591929 -0.267147601
vn -0.600684404 0.033303719 -0.798792303
vn -0.552975953 0.831849456 0.047372099
vn -0.59613961 0.802752972 0.0143289678
vn -0.616405964 0.787313104 0.0134795541
vn -0.735834718 0.676727533 0.0242325459
vn -0.715997517 0.691728711 -0.094121404
vn -0.847377717 0.512970448 -0.13715829
vn -0.652982831 0.70893681 -0.266499728
vn -0.785042882 0.524961174 -0.328821301
vn -0.856366456 0.415602416 -0.306449205
vn -0.95709306 0.286257923 0.0450474583
vn -0.849941671 0.405321598 0.336620867
vn -0.970149696 0.228717357 -0.0806099474
vn -0.826343954 0.399202794 -0.39723143
vn -0.773937643 0.32215637 -0.545193315
vn -0.654156625 0.246269941 -0.715143502
vn -0.635389447 0.291747034 -0.714957297
vn -0.637743056 0.289700091 -0.713692963
vn -0.53749907 0.33150515 -0.7753703
vn -0.501826346 0.328791499 -0.800041497
vn -0.983363032 0.0206621233 0.180471972
vn -0.746926069 0.486279666 0.453468382
vn -0.775474429 0.524517357 0.351455569
vn -0.742055655 0.406942904 0.532682717
vn -0.729404688 0.515962601 0.44916746
vn -0.694088399 0.435354471 0.573330343
vn -0.683640778 0.722113907 0.105767906
vn -0.742281139 0.668566108 -0.045145262
vn -0.434735745 0.775079668 -0.458537191
vn -0.595014572 0.543578982 -0.59201318
vn -0.786179483 0.579520941 0.214656353
vn -0.18207939 0.539164364 -0.822282732
vn -0.31126228 0.8780393 0.363541991
vn -0 0.905259967 0.424858004
vn 2.94158156E-07 0.428320318 -0.903626978
vn 3.34930292E-07 0.273918033 -0.96175307
vn -0.298590899 0.638071537 0.709724069
vn 1.22065288E-07 0.657811701 0.753182411
vn -0.299214602 0.506090641 0.808914602
vn 2.04136484E-07 0.545264065 0.838264346
vn -0.237885639 0.442529768 0.864625812
vn 2.70795539E-07 0.455609292 0.890179873
vn -0.300322384 0.879059196 -0.370217949
vn -0.670222819 -0.368488044 0.644218802
vn -0.915614426 0.173449144 -0.362719864
vn -0.647484183 0.713507116 0.26771605
vn 0.29340142 0.834717035 -0.46600756
vn 0.527535558 0.373866826 0.762843251
vn 0.29340142 0.834717035 -0.46600756
vn -0.212128982 0.970099866 -0.117929831
vn 0.229262516 0.738643229 0.633912325
vn -0.844737589 0.405693233 -0.349043638
vn -0.212128982 0.970099866 -0.117929831
vn -0.895018876 -0.43617788 0.0932209045
vn 0.0565432273 -0.226413816 0.972388625
vn -0.719818413 -0.231366098 0.654470146
vn -0.603010416 0.286043823 0.744686067
vn -0.54411608 0.391841948 0.741887808
vn 0.229262516 0.738643229 0.633912325
vn -0.739200532 0.285968423 0.6097579
vn -0.212128982 0.970099866 -0.117929831
vn -0.884258926 0.0934819058 0.457544804
vn -0.844737589 0.405693233 -0.349043638
vn -0.891263068 0.120489754 0.437186807
vn -0.895018876 -0.43617788 0.0932209045
vn 0.0565432273 -0.226413816 0.972388625
vn -0.623691201 -0.0701906309 0.778513014
vn -0.808582246 0.263111144 0.526276767
vn -0.59561789 0.315038174 0.738911569
vn -0.625812113 0.412868023 0.661739469
vn -0.430717498 0.332545608 0.838984966
vn -0.770650983 0.487316579 0.410633266
vn -0.657810748 0.556617618 0.50740695
vn -0.840107024 0.400238514 0.366100162
vn -0.535888791 0.82077682 -0.197860032
vn -0.615704715 0.777556419 -0.127725154
vn -0.901051819 0.417555064 0.117274702
vn -0.925482988 0.181132883 0.332674086
vn 0.079946883 0.551445305 -0.83037132
vn -0.491099298 0.785371423 -0.376846373
vn -0.644027412 0.509367943 0.570765316
vn -0.496077895 0.739556432 -0.454931825
vn -0.729018033 0.634200633 -0.257531017
vn -0.730368078 0.595564663 0.334462643
vn -0.236881107 0.894856751 0.378310293
vn -0.0672912747 0.800528884 -0.595504224
vn -4.01578774E-07 0.887189984 -0.461404353
vn 3.65299798E-07 0.883563578 0.46831122
vn -0 0.209451854 -0.977818966
vn 0.0269718654 0.27290681 -0.961662292
vn -0.775474429 0.524517357 0.351455569
vn -0.953924537 0.176018745 0.242992505
vn -0 0.534514368 0.845159411
vn -0.462150186 0.427377284 0.777023733
vn 2.70278321E-07 0.351496994 0.936189055
vn -0 0.177308038 0.984155416
vn -0.44572258 0.305526644 0.841418326
vn -0 0.167600766 0.985854983
vn -0.242258444 0.584987164 0.774016082
vn -0.297159404 0.459081501 0.83722192
vn -0.452969223 0.331271589 0.827694356
vn -0.55083698 0.270950645 0.789407551
vn -0.252763748 0.536626577 0.805072904
vn -0.381741554 0.190998927 0.904318988
vn 6.45486693E-07 0.379871488 0.925039291
vn 1.31066315E-07 0.176360339 0.984325707
vn -3.33246106E-07 0.289553195 0.957161903
vn -0.434820563 0.427453309 0.792599976
vn -0.662846923 0.42802012 0.614355624
vn -0.736548841 0.0743062571 0.672290385
vn -0.708266914 -0.0352816544 0.705062509
vn -1.76199762E-07 0.704914212 0.70929265
vn -0.748550534 0.378346562 0.544541895
vn -0.51816529 0.59345454 0.615886807
vn -2.84401494E-07 0.654510736 0.756052792
vn -0.560153961 0.535039067 0.632424414
vn -4.80384756E-07 0.173912615 0.984761059
vn -0.617133915 0.352704644 0.7033813
vn -3.09420841E-07 0.462126106 0.886814177
vn -2.86787554E-07 0.23846899 0.97115016
vn -0.627454162 0.167593166 0.760403633
vn -0.884315372 0.173580378 0.433423847
vn -0.839893699 0.0719889253 0.537955463
vn -0.560756683 0.104011334 0.821421683
vn -1.35615068E-07 0.136734128 0.990607798
vn 4.46981687E-07 -0.181405202 0.983408451
vn -0.496796459 -0.186399549 0.847613394
vn -0.831676841 0.0453317054 0.553406417
vn -0.945332766 -0.0209021233 0.325436771
vn -0.901696742 -0.0554480143 0.428799003
vn -0.946989 -0.0995706022 0.305446297
vn -0.946302533 0.155747771 0.283291578
vn -0.935762882 0.20174551 0.289217085
vn -0.495089412 -0.0490268581 0.867457688
vn 0.755708039 0.138425201 0.64011234
vn 0.890152037 -0.0379061475 -0.454084188
vn 0.828753591 -0.293043971 -0.476752222
vn 0.885745466 0.012100446 0.464013577
vn 0.0545225218 -0.192637876 -0.979754031
vn 0.0462032631 0.0144551368 -0.998827457
vn -0.607678354 0.126832321 -0.783990145
vn -0.649439692 0.268099368 -0.711583316
vn -0.829141557 0.462968796 0.313343436
vn -0.83379811 0.38849178 0.392243296
vn -0.067794174 0.336440057 0.939261436
vn -0.35056892 0.283383399 0.892633915
vn 0.885745466 0.012100446 0.464013577
vn 0.755708039 0.138425201 0.64011234
vn -0.739054918 0.609029293 0.287890702
vn -0.684835613 0.00283824396 -0.728692055
vn -0.606983364 -0.00339394738 -0.794707358
vn -0.712037981 0.67442584 0.195324644
vn 0.0631611496 0.507536113 0.859312415
vn 0.366220832 0.703891158 0.60862112
vn 0.938552558 -0.0712643787 0.337698698
vn 0.535533547 0.392102748 0.747970104
vn 0.0631027892 0.812903523 0.578969717
vn 0.0846446007 0.641043603 0.762822688
vn 0.681717634 -0.325510323 0.655213118
vn 0.766980469 -0.336120695 0.546592951
vn 0.343260169 0.778330386 0.525713027
vn -0.805396974 0.592114449 -0.0271335877
vn -0.379894018 0.86233151 0.334760994
vn -0.692073584 0.666631341 -0.276833624
vn -0.755556941 -0.33405605 -0.563507199
vn -0.892344236 0.420817316 -0.16320087
vn -0.698375165 -0.40626967 -0.589251339
vn 0.140138209 -0.982021272 -0.126473561
vn -0.206705362 -0.81221199 -0.545513153
vn 0.153339326 -0.984515905 -0.0849444568
vn 0.681717634 -0.325510323 0.655213118
vn 0.605511069 -0.683785319 0.407178134
vn 0.766980469 -0.336120695 0.546592951
vn 0.132701173 -0.990188181 -0.0437920019
vn 0.837658346 -0.280669808 0.468564719
vn -0.662494004 -0.392772108 -0.637833655
vn 0.473218501 0.851126671 0.227260932
vn -0.529403031 0.688773394 -0.495301574
vn 0.518825412 -0.780533075 -0.34869501
vn 0.0540733412 -0.473835438 -0.878951669
vn 0.683372021 -0.599241316 -0.417028308
vn 0.938552558 -0.0712643787 0.337698698
vn 0.784611166 -0.111906923 0.609805048
vn -0.336131185 -0.237750068 -0.911312699
vn -0.916375637 0.134930357 -0.376894563
vn -0.107405923 0.892993331 -0.437066287
vn 0.672769487 -0.610468566 -0.417982399
vn 0.840733826 -0.115291566 0.529031575
vn -0.0723206326 -0.467973977 -0.880778134
vn 0.702432573 -0.29415229 0.648122609
vn -0.0418579318 -0.916352212 0.398179114
vn -0.11409118 -0.815756977 0.567030549
vn 0.701752186 -0.225950643 0.675640583
vn -0.868162334 -0.417509079 -0.268291503
vn -0.824084997 -0.424533784 -0.375040054
vn -0.455391347 0.548718452 -0.70108968
vn -0.494963318 0.619870961 -0.608909905
vn 0.573345482 0.802905321 -0.163150102
vn 0.504434645 0.863159299 -0.0223984793
vn 0.701752186 -0.225950643 0.675640583
vn 0.702432573 -0.29415229 0.648122609
vn -0.862712979 -0.41523841 -0.288623154
vn -0.632848322 0.693627834 -0.344069034
vn 0.317605674 0.901264787 0.294700593
vn 0.556172729 -0.285935879 0.780328453
vn -0.107059687 -0.901938438 0.418384075
vn -0.37070775 0.407211989 -0.834717989
vn -0.865941644 -0.427965641 -0.258825153
vn 0.702408433 0.64222765 -0.306865036
vn 0.692939162 -0.32583347 0.643170118
vn -0.63900882 -0.689148605 -0.341675162
vn -0.360506445 0.889885366 -0.279533774
vn -0.727518916 0.285996616 -0.623636186
vn 0.726518691 0.550978959 0.410600513
vn 0.753070891 -0.146084711 0.641516507
vn 0.166320235 0.985684633 0.0276289172
vn -0.252049595 -0.964471638 0.0791551322
vn 0.44806847 -0.71376431 0.538307667
vn 0.556172729 -0.285935879 0.780328453
vn 0.837658346 -0.280669808 0.468564719
vn 0.753070891 -0.146084711 0.641516507
vn 0.86267972 -0.0683875158 -0.501105607
vn 0.6559304 -0.273504376 0.703527331
vn 0.73620826 0.0288756285 0.676138639
vn 0.998568475 -0.0523715802 -0.0108760139
vn 0.447303146 -0.0733680502 -0.891368032
vn -0.206879184 0.0395940915 -0.977564991
vn -0.169060111 -0.0992036983 -0.980600476
vn -0.683519006 0.0952126756 -0.723696291
vn -0.988784969 -0.0689837933 -0.132459536
vn -0.940743506 0.124112047 0.315591276
vn -0.790567279 0.154091924 0.592671216
vn -0.480790555 -0.179635957 0.858237386
vn 0.25779891 0.0396551974 0.965384483
vn 0.73620826 0.0288756285 0.676138639
vn 0.6559304 -0.273504376 0.703527331
vn 0.673814535 0.00251016254 0.73889631
vn -0.453559041 -0.0858971551 0.887077093
vn 0.637428224 -0.065220952 0.767744362
vn -0.334397793 -0.23165746 0.913516819
vn -0.991974473 -0.00139946875 -0.126430318
vn -0.982114673 -0.0640793815 -0.17704384
vn -0.186566159 0.133593351 -0.973316967
vn -0.232148901 0.205053762 -0.950820565
vn 0.862763941 0.138083711 -0.486385882
vn 0.855556786 0.249735251 -0.453491926
vn 0.673814535 0.00251016254 0.73889631
vn 0.637428224 -0.065220952 0.767744362
vn 0.592003405 0.100980096 0.799584329
vn -0.324811369 -0.182926372 0.927919984
vn -0.971292973 0.0865778327 -0.221572012
vn -0.30713135 0.463552356 -0.831137478
vn 0.708561361 0.598221004 -0.374262631
vn 0.592003405 0.100980096 0.799584329
vn 0.505641222 -0.239523619 0.828827739
vn -0.795043945 -0.455222964 0.400845498
vn -0.315575391 0.409733713 -0.855879962
vn 0.918852031 0.383677661 0.0922084823
vn 0.196649462 -0.367469311 0.909007907
vn 0.505641222 -0.239523619 0.828827739
vn 0.501274586 0.614672601 -0.609016776
vn -0.91744417 -0.065308772 -0.392467707
vn -0.149463788 -0.793335915 0.59015137
vn 0.692939162 -0.32583347 0.643170118
vn -0.17922765 -0.0383254625 -0.983060837
vn -0.256928265 -0.366019517 -0.894437015
vn -0.812650561 0.467128694 -0.348410517
vn -0.726509511 0.61530298 -0.305918664
vn 0.861008406 -0.301714242 -0.409430057
vn 0.762887359 -0.598042846 -0.245657712
vn 0.746302426 0.422869682 0.514017463
vn 0.719810128 0.210407928 0.661514819
vn -0.220430821 0.790132046 0.571927965
vn -0.169467852 0.826957405 0.536117554
vn 0.719810128 0.210407928 0.661514819
vn 0.746302426 0.422869682 0.514017463
vn -0.754867613 0.424981892 -0.499565065
vn -0.174662367 -0.494935393 -0.851194501
vn 0.747317135 -0.645828485 -0.156277731
vn 0.713022709 0.267171413 0.648242235
vn 0.713022709 0.267171413 0.648242235
vn -0.215766996 0.883382678 0.41602841
vn 0.491557986 0.838418663 -0.235425025
vn -0.963620067 0.195521683 -0.182229519
vn -0.615663171 0.117812037 -0.779152811
vn -0.879574955 0.444306076 0.170117393
vn -0.24976182 -0.343794465 -0.905220628
vn -0.107224487 -0.165159822 -0.980420887
vn 0.80023247 -0.468735069 -0.374052733
vn 0.449774593 -0.344576985 -0.823996127
vn 0.95646584 -0.278135836 0.0883942544
vn 0.631554842 -0.0886372775 0.770247996
vn 0.805120587 -0.000586262089 0.593110859
vn -0.696375191 0.542111993 0.47029379
vn -0.488118559 0.381909072 0.78478384
vn 0.288337737 0.326818675 0.900028229
vn 0.805120587 -0.000586262089 0.593110859
vn 0.631554842 -0.0886372775 0.770247996
vn -0.726509511 0.61530298 -0.305918664
vn -0.17922765 -0.0383254625 -0.983060837
vn 0.861008406 -0.301714242 -0.409430057
vn 0.746302426 0.422869682 0.514017463
vn 0.746302426 0.422869682 0.514017463
vn -0.169467852 0.826957405 0.536117554
vn 0.673006415 0.102218188 0.732539237
vn -0.454700708 0.388447672 0.801470935
vn -0.448621601 0.483283162 0.751781881
vn 0.64810276 0.34985289 0.676436007
vn -0.918772757 0.371618599 -0.133252785
vn -0.952719867 0.253184021 -0.167996079
vn -0.18995887 0.140073955 -0.971748352
vn -0.213889346 -0.137907714 -0.967074335
vn 0.892561615 -0.0264493395 -0.450149029
vn 0.873058736 -0.259437352 -0.412868977
vn 0.64810276 0.34985289 0.676436007
vn 0.673006415 0.102218188 0.732539237
vn 0.784611166 -0.111906923 0.609805048
vn 0.840733826 -0.115291566 0.529031575
vn 0.0660761148 0.0854645967 0.994147778
vn -0.587998569 0.136396393 0.797278941
vn -0.184072003 0.238921747 0.953432679
vn 0.0421999991 -0.143929124 0.988687813
vn -0.555491626 -0.207839727 0.805128396
vn -0.665651739 -0.0320435688 0.745574296
vn -0.780693054 -0.179968968 0.598439217
vn 0.398703247 0.0857830569 0.913059115
vn 0.246935204 0.183103248 0.951575637
vn -0.346722543 0.273254782 0.897282183
vn -0.621274173 0.21524401 0.75345099
vn -0.644421756 0.285233587 0.709480405
vn -0.732019663 0.335851401 0.592748702
vn -0.0369349271 0.199610874 0.979178905
vn -0.66362679 0.0864589885 0.743050694
vn -0.841724038 0.042519819 0.538231134
vn -0.82752049 -0.0494574383 0.559252799
vn -0.567312419 -0.519131005 -0.639264822
vn -0.653856575 -0.525252938 0.544592559
vn -0.769729614 0.0455998518 0.636739314
vn -0.618710637 -0.0904961079 0.780389428
vn -0.594942331 0.801661432 0.0581600443
vn -0.831883371 0.373048425 0.41085875
vn -0.644309163 -0.111495309 0.756594062
vn -0.797885239 -0.0563936494 0.600165725
vn -0.705342472 0.538336754 0.461178422
vn -0.767153561 -0.32271871 -0.554371774
vn -0.777825594 0.187998787 0.599703074
vn -0.947247565 0.200005695 0.250438988
vn -0.947733223 0.260609269 0.184077546
vn -0.964710951 0.224595383 -0.137439728
vn -0.921302974 0.370247692 0.11881727
vn -0.920945466 0.347592711 -0.176178187
vn -0.751994193 0.296588987 -0.588676274
vn -0.832857788 0.150930986 -0.532510817
vn -0.796159565 0.152322561 -0.585600376
vn -0.687806666 0.294413328 -0.663507998
vn -0.612414122 0.322252601 -0.721874058
vn -0.872310519 0.0224018693 -0.488438845
vn -0.981688857 0.0878877565 -0.169005111
vn -0.988339424 0.125071794 -0.0868464261
vn -0.896440744 -0.172436863 -0.408239573
vn -0.769626498 -0.278796017 -0.574410856
vn -0.756226361 -0.325908631 -0.567367017
vn -0.461233377 -0.392722994 -0.795633316
vn -0.814201474 -0.190053344 -0.548594236
vn -0.0424168184 -0.0675436482 -0.996814251
vn -0.834639847 -0.144466296 -0.531512737
vn 0.0778829604 0.111863516 -0.990666866
vn 0.908719897 0.0771192908 -0.410220474
vn 0.94616729 0.137667701 -0.292942196
vn -0.742987871 -0.666384399 -0.06245628
vn 0.971695185 -0.0196746234 -0.235417545
vn -0.95187676 -0.265763044 0.152645156
vn -0.846189976 -0.511545956 0.149275541
vn -0.858357668 -0.512879193 0.0133060962
vn -0.724320292 -0.686275244 0.066229701
vn -0.697791994 -0.709272921 0.100091033
vn -0.845569193 0.0006331029 -0.533865452
vn 0.0602007173 0.270266086 -0.960901737
vn 0.87864852 0.150797293 -0.453030795
vn -0.869058192 -0.294991851 0.397136718
vn -0.830096483 -0.377109557 0.41076529
vn -0.144330114 -0.422706276 0.89470005
vn -0.0629433021 -0.284312099 0.95666337
vn 0.794585407 -0.197990969 0.573963106
vn 0.798242092 -0.0589416027 0.599445939
vn 0.806012988 -0.121617325 0.579268754
vn -0.194929272 -0.307951689 0.931218743
vn -0.91028899 -0.238335848 0.338481873
vn 0.87864852 0.150797293 -0.453030795
vn 0.908719897 0.0771192908 -0.410220474
vn 0.94616729 0.137667701 -0.292942196
vn 0.799798131 0.0530086309 0.597923994
vn 0.971695185 -0.0196746234 -0.235417545
vn -0.990012348 -0.139731556 0.0187252928
vn -0.94777137 -0.152699605 -0.280021846
vn -0.567312419 -0.519131005 -0.639264822
vn 0.45295608 -0.617722273 -0.642845154
vn 0.421756655 -0.620760798 -0.660891294
vn -0.222376585 -0.527368844 -0.820018768
vn -0.767153561 -0.32271871 -0.554371774
vn 0.589371026 -0.342954129 -0.731453478
vn -0.623296916 -0.353640616 -0.697452068
vn 0.600350976 -0.623007894 -0.501437783
vn 0.433204055 -0.881979704 0.185596287
vn 0.468092829 -0.881927311 -0.0556172021
vn -0.80898124 -0.515443504 -0.2826083
vn -0.413182199 -0.591875196 0.692072451
vn -0.66362679 0.0864589885 0.743050694
vn -0.780693054 -0.179968968 0.598439217
vn -0.594942331 0.801661432 0.0581600443
vn -0.397352487 0.833995283 -0.382835239
vn 0.264146924 0.816424251 -0.513495743
vn -0.831883371 0.373048425 0.41085875
vn 0.603049755 -0.17534034 -0.778194606
vn 0.596392155 -0.193528354 -0.77901423
vn 0.641865611 -0.0514877774 -0.765086591
vn 0.589698553 -0.211157084 -0.779530823
vn 0.589698553 -0.211157084 -0.779530823
vn -0.664980769 -0.180453241 0.724732518
vn 0.240584329 -0.523715556 0.817215502
vn -0.818963766 -0.0033769838 0.573835313
vn -0.885260344 0.000738453004 0.465095252
vn 0.592167795 0.0944150463 0.800264418
vn 0.613988996 0.102110714 0.782681942
vn -0.768024206 -0.334677041 0.546012878
vn -0.645833671 0.0960562453 0.75741142
vn -0.840667546 0.0702920482 0.536970258
vn -0.851320684 0.191507921 0.488444179
vn -0.858359098 0.181455746 0.479888946
vn -0.911656737 0.095985204 0.399585754
vn -0.994684279 0.0461522229 -0.0920493603
vn 6.52920448E-07 0.526239038 -0.850336611
vn -0.998759031 0.0227145012 -0.044322174
vn -0.998515725 0.0304227304 -0.045175869
vn 1.99879821E-07 -0.386100978 -0.922456563
vn -0.989796281 -0.0860295743 -0.113587752
vn -0.980141819 0.142273247 0.138131738
vn 2.52999911E-07 0.677741766 0.735300004
vn 5.00928081E-07 0.619567573 0.784943342
vn -0.996110499 0.0408295095 -0.0780825168
vn -2.18984567E-07 -0.556063235 -0.831139982
vn -0 -0.763804913 -0.645447195
vn 4.93391497E-07 0.782361209 0.622824967
vn -0 -0.58637166 -0.810042143
vn -0.986611784 -0.127412975 -0.101799443
vn -0.982198656 -0.163072065 -0.0932375118
vn -1.03038786E-07 -0.989556313 -0.144147038
vn -0 -0.95881319 -0.28403756
vn -0 0.36686331 -0.930274844
vn 6.61861634E-07 0.603107929 -0.797659516
vn 8.43380803E-07 0.878682494 -0.477406651
vn 0.085887067 -0.910492957 -0.404507011
vn -0.304206401 -0.888746858 -0.34291026
vn -0.178024665 -0.893982589 -0.411220551
vn -0.425808579 -0.854695022 -0.296957016
vn 0.095329307 -0.845302999 -0.52571398
vn -0.569424629 -0.819162905 -0.0687589645
vn 0.0877155885 -0.828386784 -0.5532462
vn 0.435613066 -0.81444633 -0.383299381
vn 0.481659353 -0.769184172 -0.419952452
vn 0.689089119 -0.700122774 -0.18704088
vn 0.64850086 -0.760009348 0.0428059846
vn 0.721817613 -0.670588374 -0.171144903
vn 0.612018824 -0.736393154 -0.288371414
vn 0.538653016 -0.817301095 0.204626083
vn 0.546901584 -0.780767918 0.302159101
vn 0.403162628 -0.798505545 0.447044551
vn 0.421572834 -0.788143814 0.448448092
vn 0.106634334 -0.767008185 0.63271445
vn -0.025201764 -0.808098912 0.588507533
vn 0.0614532307 -0.768388808 0.637026012
vn -0.253096968 -0.791839361 0.555816889
vn -0.509147227 -0.773243904 0.377972215
vn -0.537343204 -0.709119678 0.456521153
vn -0.59822917 -0.743110418 0.299847901
vn -0.634709716 -0.747033954 0.197696254
vn -0.660166502 -0.751077473 0.0079242317
vn -0.606296957 -0.750166714 -0.263920128
vn 0.467809856 -0.880651116 -0.0748838484
vn 0.176031336 -0.942054331 -0.285563678
vn 0.212979868 -0.956703424 -0.198389009
vn 0.0132321585 -0.953121424 -0.302298695
vn 0.509013891 -0.860331118 -0.0271145105
vn -0.113019846 -0.96076256 -0.253301889
vn -0.0991359502 -0.922084332 -0.374075562
vn -0.141675696 -0.970116079 -0.196984321
vn -0.27732569 -0.946541786 -0.164769843
vn -0.310899854 -0.950126052 -0.0245303195
vn -0.34786734 -0.937338293 0.0196274072
vn -0.527576387 -0.846268177 0.0741163865
vn -0.486460596 -0.871330857 0.0643320233
vn -0.302891195 -0.896847904 0.322367549
vn -0.440123081 -0.857688308 0.26582396
vn -0.256427467 -0.887093782 0.383809388
vn -0.0470718369 -0.881910145 0.469061553
vn -0.129602447 -0.887055755 0.443097502
vn -0.120157361 -0.835511804 0.536173761
vn -0.0100431619 -0.909586549 0.415393114
vn 0.0751325935 -0.865738094 0.49482587
vn 0.116686694 -0.819986641 0.560362458
vn 0.339339077 -0.871590853 0.353805631
vn 0.567404926 -0.746049047 0.348514736
vn 0.621305645 -0.759933591 -0.190998018
vn 0.383599252 -0.922581494 0.0411709026
vn 0.620178998 -0.783381641 0.041123759
vn 0.331918776 -0.926509202 0.177230537
vn 0.218125924 -0.973904192 0.0627034977
vn 0.332725286 -0.127969295 -0.934300661
vn 0.332725286 -0.12796928 -0.934300661
vn 0.332725316 -0.127969295 -0.934300661
vn -0.400233209 0.324634224 0.856986523
vn -0.649610281 0.19340919 0.735254645
vn -0.441605419 0.484801054 0.754952013
vn -0.641689718 0.273706287 0.71646291
vn -0.528529048 0.466444284 0.709286094
vn 0.215498671 0.449311256 0.866994619
vn 0.176167995 0.551876903 0.815105259
vn -0.110181227 0.842328548 0.52758199
vn -0.203266084 0.840941012 0.501498878
vn -0.638676643 0.406869948 0.653107166
vn -0.40070352 0.795149922 0.455162883
vn -0.748550534 0.378346562 0.544541895
vn -0.442756742 0.190715194 0.876124561
vn -0.495089412 -0.0490268581 0.867457688
vn -0.646426737 0.0632909462 0.760346413
vn -0.725723088 0.354185164 0.589812577
vn -0.719818413 -0.231366098 0.654470146
vn -0.891263068 0.120489754 0.437186807
vn -0.856029689 0.380696833 0.34969005
vn -0.791541457 0.222697839 0.569093883
vn -0.77310288 0.631288588 -0.0615359023
vn -0.969095707 0.118504502 0.216356635
vn -0.548209071 0.506568253 -0.665473878
vn -0.926841259 0.366458923 0.0816895068
vn -0.989547014 0.0356731825 0.139728978
vn -0.840667546 0.0702920482 0.536970258
vn -0.911656737 0.095985204 0.399585754
vn -0.950089753 0.311911255 -0.00638163649
vn -0.909109235 0.208078295 0.360865414
vn -0.859169066 0.181368858 0.478470355
vn -0.935067534 0.186589912 0.301384836
vn -0.937041521 0.112917408 0.330458522
vn -0.96774435 0.242982179 -0.0665620267
vn -0.830427229 0.531259418 0.16779159
vn -0.824457645 0.271582991 0.496500015
vn -0.811792493 -0.148668513 0.564704001
vn -0.892620385 0.0778282285 0.44404009
vn -0.568897307 0.431443572 0.700151682
vn -0.883217096 0.0487395152 0.466424763
vn -0.781798363 0.037314672 0.622413814
vn -0.877354085 -0.217429236 0.427754998
vn -0.598267317 -0.00359588023 0.801288486
vn -0.619036555 0.204488233 0.758273244
vn -0.869427264 -0.0755267069 0.488254011
vn -0.902403176 -0.00237601949 0.430886149
vn -0.822032154 -0.0621845163 0.566035569
vn -0.919248521 -0.00648305938 0.393624336
vn -0.697053969 0.0237984061 0.716623604
vn -0.601472378 -0.113082387 0.790849745
vn -0.788923979 -0.164165199 0.592156053
vn -0.798947215 -0.170058891 0.576856434
vn -0.619036555 0.204488233 0.758273244
vn -0.657934308 0.163487062 0.73511523
vn -0.798947215 -0.170058891 0.576856434
vn -0.718219697 -0.105823807 0.687722206
vn -0.383080691 -0.090517126 0.919269204
vn -0.486989498 0.238244131 0.840286195
vn -0.788923979 -0.164165199 0.592156053
vn -0.808415651 -0.174767643 0.562067986
vn -0.85420996 -0.105008274 0.509213686
vn -0.658818781 -0.371618837 0.654107928
vn -0.634679556 -0.360955268 0.683295727
vn -0.139061615 -0.424760699 0.89456147
vn -0.598463655 -0.405352771 0.691035688
vn -0.730447829 0.00327393459 0.682960689
vn -0.32169807 -0.44087863 0.837935805
vn -0.128631145 -0.600749731 0.789020777
vn -0.718457878 -0.195346579 0.667576253
vn -0.525237799 0.48806718 0.697076559
vn -0.502254426 0.450662017 0.738000095
vn -0.444944561 0.423632622 0.789024532
vn -0.415248722 0.305231124 0.856972873
vn -0.593844056 0.00565459253 0.804560304
vn -0.714458942 0.0786804408 0.695239365
vn -0.542851508 0.402212977 0.737249613
vn -0.675996602 0.121129185 0.726881206
vn -0.660816371 0.25041464 0.707540989
vn -0.717588544 0.278513014 0.638355017
vn -0.514021099 0.361405134 0.777925909
vn -2.04748687E-07 0.418256819 0.908328831
vn -1.29908429E-07 0.425240338 0.905080438
vn -0 0.345496714 0.938419938
vn -0.752790213 0.208197922 0.624468267
vn -0.725956321 0.280420512 0.627974391
vn -0.610249043 0.168680385 0.774043322
vn -0 0.213352412 0.976975322
vn -1.81350529E-07 -0.106169142 0.994348109
vn -0.664813638 0.0202714205 0.746734202
vn -0.714857757 0.308790565 0.627396822
vn -0.715814292 0.301776767 0.629714787
vn -0.719388604 0.272223711 0.639041722
vn -0.795335293 -0.436376482 -0.420734346
vn -0.752002597 -0.468527675 -0.463652819
vn -0.979721606 -0.19115229 0.0600538924
vn -0.965974271 -0.247913122 0.0737069771
vn -0.988156855 -0.109871723 0.107117563
vn -0.840535879 -0.431550831 -0.327510893
vn -0.841689944 -0.458968967 -0.284438908
vn -0.991258323 -0.0668552443 0.113742426
vn -0.990542173 -0.0674128085 0.119506061
vn -0.824048638 -0.503589749 -0.259501755
vn -2.0135208E-07 -0.849570274 -0.527475476
vn -2.2673656E-07 -0.822518349 -0.56873858
vn -0 -0.737759173 -0.675063968
vn 1.12883257E-07 -0.60165149 -0.798758686
vn -0.845700979 0.21737951 0.487376601
vn -0.815137804 0.320418835 0.482578546
vn -1.27178822E-07 0.446261197 0.894902766
vn -1.66687599E-07 0.61609143 0.787674606
vn -0.808210552 -0.499429822 -0.312034518
vn -1.08878346E-07 -0.855317354 -0.518104434
vn -0.802090764 -0.5098176 -0.311024904
vn -0 -0.846543252 -0.532320023
vn -0.99833566 -0.00897479523 0.0569677353
vn -0.999373376 0.0308427922 0.0173656791
vn -0.807896912 0.483799577 0.336512357
vn -0.806830287 0.413001239 0.422439247
vn 2.26632181E-07 0.688118279 0.725598514
vn -0 0.794689894 0.60701561
vn 3.42674156E-07 0.583707094 0.811964273
vn -0.784312665 0.353334188 0.509910285
vn -0.995309651 -0.0443761237 0.0859621018
vn -0.792264879 -0.499260038 -0.350793093
vn -0 -0.795457184 -0.606009781
vn 3.5451427E-07 0.55955255 0.828794897
vn -0.746596575 0.338993192 0.572430909
vn -0.619616866 0.499695003 0.605293214
vn -0 0.656525195 0.754304111
vn -0.83505106 0.370655298 0.406576425
vn -0.711804926 0.164962932 0.682730615
vn -4.96214795E-07 0.333109379 0.9428882
vn -0.838074505 -0.0847647414 0.538930535
vn -0.557758093 -0.784033418 0.272392392
vn -0.997947693 -0.0591284111 0.0245811697
vn -0.995665789 0.0302936379 -0.0879311785
vn -0.79715693 -0.400989771 -0.451384515
vn -0.795390844 -0.25030148 -0.551998615
vn -4.14810444E-07 -0.397554994 -0.917578399
vn -1.12160969E-07 -0.640322208 -0.768106461
vn -0.592069685 -0.791820884 0.149910331
vn -9.59284193E-07 -0.20869194 -0.977981389
vn -0.590453684 -0.782407284 -0.197998241
vn -0.730447829 0.00327393459 0.682960689
vn -0.960277081 -0.0440185405 0.275554448
vn -0.32169807 -0.44087863 0.837935805
vn -0.923190057 0.0946770608 0.372500241
vn -0.714458942 0.0786804408 0.695239365
vn -0.940950871 0.101050302 0.323110491
vn -0.983612895 -0.0679746121 0.166988626
vn -0.956067681 -0.0253603552 0.292046875
vn -0.93144834 -0.126728371 0.341092199
vn -0.914720356 0.0834156647 0.395384043
vn -0.879519224 -0.472375274 0.0575109944
vn -0.636369824 -0.644774854 0.42343694
vn -0.837989926 -0.461298496 -0.291507512
vn -0.620234549 -0.659296513 -0.425014347
vn -0.562376797 -0.690636098 -0.454702348
vn -0.550395489 -0.809436321 -0.20464009
vn -0.709505498 -0.669528484 0.21984908
vn -0.681295216 -0.664420903 0.307216078
vn -0.0296824537 -0.537701666 -0.842612505
vn -0.0395025872 -0.418283075 -0.907457352
vn 0.00295585324 -0.779343605 -0.626589894
vn -0.667827725 -0.579104602 0.467593729
vn -0.0973934904 -0.939738333 -0.327729076
vn -0.643160582 -0.751453459 0.147180825
vn -0.71419251 -0.643036067 0.27646628
vn -0.673738658 -0.357244581 0.646879017
vn -0.395616621 -0.897572219 -0.194554836
vn -0.932560802 -0.35600999 -0.0598936006
vn 0.343364447 -0.423156649 -0.838474393
vn -0.989547014 0.0356731825 0.139728978
vn -0.887705803 -0.114048503 0.446061999
vn -0.942532718 0.00427954132 0.334086329
vn -0.645833671 0.0960562453 0.75741142
vn -0.0369349271 0.199610874 0.979178905
vn -0.840667546 0.0702920482 0.536970258
vn 0.254646003 -0.959917367 -0.117106922
vn 0.118571341 -0.89490819 -0.430209458
vn -0.245840639 -0.76882118 -0.590318918
vn -0.17419982 -0.676121712 -0.715900719
vn -0.186554 -0.61806494 -0.763670981
vn -0.0920033976 -0.376727849 -0.921743751
vn -0 -0.639678895 -0.768642306
vn -0 -0.392915398 -0.919574618
vn -0.480563104 -0.570057809 -0.666403234
vn -0 -0.544204772 -0.838952422
vn -0 -0.56516552 -0.824977577
vn -0.444944561 0.423632622 0.789024532
vn -0.700681031 0.141553685 0.699291408
vn -0.737931371 0.00137184164 0.674874425
vn -0.525237799 0.48806718 0.697076559
vn -0.593844056 0.00565459253 0.804560304
vn -0.676897168 0.130030528 0.724501371
vn -0.502254426 0.450662017 0.738000095
vn -0.542851508 0.402212977 0.737249613
vn -0.772100866 0.00185338862 0.635497212
vn -0.646426737 0.0632909462 0.760346413
vn -0.649610281 0.19340919 0.735254645
vn -0.755741417 0.0293068551 0.654214084
vn -0.641689718 0.273706287 0.71646291
vn -0.791541457 0.222697839 0.569093883
vn -0.675996602 0.121129185 0.726881206
vn -0.859169066 0.181368858 0.478470355
vn -0.708262026 0.0790617764 0.701508462
vn -0.903054178 -0.0377566181 0.427863926
vn -0.940791249 -0.0873859823 0.32752943
vn -0.870465398 -0.296205789 0.393131256
vn -0.925201416 -0.166255727 0.341117948
vn -0.891733527 -0.102494441 0.440801829
vn -0.719818413 -0.231366098 0.654470146
vn -0.713068724 -0.0316236988 -0.700380564
vn -0.424779207 0.450649858 -0.78516072
vn -0.696022332 0.160147518 -0.699932635
vn -0.450185686 0.513789833 -0.730310082
vn -0.380430281 0.505870044 -0.774188757
vn -0.45206961 0.498880535 -0.739426315
vn -0.654156625 0.246269941 -0.715143502
vn -0.483092576 0.630648434 -0.607374787
vn -0.637743056 0.289700091 -0.713692963
vn -0.547430694 0.691939116 -0.470680326
vn -0.407572746 0.341511101 -0.846908867
vn 0.907238543 0.22567375 -0.35495016
vn -0.392275572 0.570977807 -0.721182466
vn -0.490776241 0.60239011 -0.62949574
vn -0.586617172 0.689481974 -0.424846858
vn -0.388363272 0.650676727 -0.652528822
vn -0.38075757 0.559720516 -0.736027598
vn -0.324305087 0.565593243 -0.758241773
vn -0.370537788 0.540624678 -0.755265951
vn -0.518914938 0.727894485 -0.448215127
vn -0.652982831 0.70893681 -0.266499728
vn -0.785042882 0.524961174 -0.328821301
vn -0.826343954 0.399202794 -0.39723143
vn -0.870561421 -0.316242486 -0.376979411
vn -0.467187971 0.812329829 -0.349078387
vn -0.372475356 0.553337395 -0.74503684
vn -0.507329345 0.386561632 -0.770186424
vn -0.413314313 0.426357746 -0.804605722
vn -0.372531176 0.580323577 -0.724185824
vn -0.474584877 0.39837265 -0.784900308
vn -0.548021734 0.462931782 -0.696682394
vn -0.408995301 0.293299884 -0.864116848
vn -0.607207835 0.427502304 -0.669731617
vn 5.01827515E-07 0.875484109 -0.483246922
vn 4.18029089E-07 0.718664408 -0.695357084
vn -0.406773001 0.676676273 -0.613714099
vn -0.412302643 0.726095736 -0.550264955
vn -0 0.793497503 -0.608573556
vn -0.570742369 0.644704878 -0.508535981
vn -0.246567428 0.743338466 -0.621813834
vn -0.330821097 0.788071692 -0.519134283
vn -0.423859805 0.731281638 -0.534387589
vn -0.471363157 0.701662004 -0.534310043
vn -0.403464347 0.736963212 -0.54231143
vn -1.62710236E-07 0.769825518 -0.638254344
vn -0 0.812415183 -0.583079457
vn -4.42213548E-07 0.610442519 -0.792060554
vn -0.419882178 0.702472568 -0.574657559
vn -0 0.777799726 -0.628512204
vn -0.341617405 0.63755393 -0.690523326
vn -0.378455728 0.627505302 -0.680447161
vn -0.322678894 0.628821552 -0.707433283
vn -0.416452914 0.548181415 -0.725302815
vn -0.348243713 0.732605338 -0.584821105
vn -0.468804091 0.742344201 -0.478693902
vn -0 0.728469431 -0.685078323
vn -0 0.9377051 -0.347432256
vn -0.441951096 0.563455939 -0.697994769
vn -0 0.565663874 -0.824635923
vn -0.442720562 0.475387037 -0.7602669
vn -0.372531176 0.580323577 -0.724185824
vn -0 0.633712888 -0.773568332
vn -1.07996826E-07 0.739827812 -0.672796249
vn -0 0.967693627 -0.252128869
vn -0 0.598759413 -0.80092901
vn -0.399706066 0.562753379 -0.723563135
vn -0.548021734 0.462931782 -0.696682394
vn -0.224937439 0.772407532 -0.593961
vn -0.424067408 0.627115726 -0.653370202
vn -0.391462743 0.680814445 -0.619070768
vn -0.442934245 0.655025959 -0.612168372
vn -0.467413872 0.435163349 -0.769517481
vn -0.324305087 0.565593243 -0.758241773
vn -0.394465208 0.591124654 -0.703540206
vn -0.38075757 0.559720516 -0.736027598
vn -0.388363272 0.650676727 -0.652528822
vn -7.20827643E-07 -0.999655247 0.0262560118
vn -7.34128719E-07 -0.999655247 0.0262560099
vn -0.700409889 -0.713494718 0.0187399872
vn -0 0.983442426 -0.181220844
vn -0.566269577 0.823988557 0.019536199
vn -0.429350257 0.873973787 -0.227658093
vn -0 0.985782027 -0.168028861
vn -0.362941504 0.931250811 -0.0323325023
vn -0 0.999543786 -0.0302015487
vn -0 0.994313896 0.106489174
vn -0 0.980722845 0.195403829
vn -0 0.95923543 0.282608271
vn -0.434735745 0.775079668 -0.458537191
vn -3.22125146E-07 0.869243205 0.494384676
vn -0.547981918 0.819678485 -0.166862145
vn -0.395245939 0.876519859 -0.274761051
vn -0 0.943399251 -0.331659108
vn -0.569391489 0.790685952 -0.224964336
vn -0.735834718 0.676727533 0.0242325459
vn -0.616405964 0.787313104 0.0134795541
vn -0.467187971 0.812329829 -0.349078387
vn -0.498736858 0.760629773 -0.415576547
vn -0.59613961 0.802752972 0.0143289678
vn -0.641034782 0.709302664 -0.29319635
vn -0.715997517 0.691728711 -0.094121404
vn -0.696658611 0.572694361 0.43207404
vn -0.666238129 0.585615039 0.461716175
vn -0.367941469 0.646551788 0.668273747
vn -0.518914938 0.727894485 -0.448215127
vn -0.0886238217 0.614008904 -0.784307957
vn 0.0065067769 0.366230339 -0.930501521
vn 0.181068376 0.260489553 -0.948345661
vn -0.586617172 0.689481974 -0.424846858
vn -0.490776241 0.60239011 -0.62949574
vn -0.500498712 0.666669667 -0.552315652
vn -0.723062217 0.398294955 -0.564395308
vn -0.548842072 0.539201379 -0.638775587
vn -0.514047921 0.517729163 -0.683894157
vn -0.232650787 0.713099778 -0.66133374
vn -0.388363272 0.650676727 -0.652528822
vn -0.390595108 0.866690934 -0.310293764
vn -0 0.964472175 -0.264184296
vn -0.43625319 0.820689201 -0.368988365
vn -0.464286506 0.592035115 -0.658735454
vn -0.406562001 0.833535612 -0.374066591
vn -0.307457775 0.890791059 -0.334605783
vn -0 0.971859396 -0.235561728
vn -0 0.983873725 -0.178864554
vn -0.552975953 0.831849456 0.047372099
vn -0.471363157 0.701662004 -0.534310043
vn -0.304089993 0.792440653 -0.528741062
vn -0.423859805 0.731281638 -0.534387589
vn -0.315239251 0.801163673 -0.50868547
vn -0.330821097 0.788071692 -0.519134283
vn -0.324903488 0.726014256 -0.606086612
vn -0.741515219 0.556709647 -0.37447235
vn -0.545249879 0.657550454 -0.519932687
vn -0.616024494 0.607530832 -0.501418233
vn -0.844309211 0.381180793 -0.37662077
vn -0.936313748 0.351012051 -0.0103478907
vn -0.975850224 0.0907362476 -0.198704004
vn -0.95509088 -0.0473221317 -0.292509913
vn -0.848026812 0.25363487 -0.465316951
vn -0.660378337 0.510276079 -0.550925434
vn -0.532234251 0.699429214 -0.476996243
vn -0.305930227 0.740347207 -0.598575592
vn -0.246567428 0.743338466 -0.621813834
vn -0.241080716 0.488252193 -0.838743091
vn -0.406773001 0.676676273 -0.613714099
vn -0.607207835 0.427502304 -0.669731617
vn -0.355822772 0.469376832 -0.80813092
vn -0.642520368 0.671036601 -0.369969398
vn -0.860646188 0.479454339 0.171498418
vn -0.894194663 0.316958606 0.316153586
vn -0.893059433 0.150864229 0.423892498
vn -0.945414722 0.0983685926 -0.310668141
vn -0.867430389 0.254817098 0.427355558
vn -0.979109228 0.011436657 -0.203012958
vn -0.648614764 -0.0975710899 -0.754836917
vn -0.654054463 -0.221339673 -0.723340511
vn -0.108412884 -0.46729809 -0.877427578
vn -0.230267584 -0.262162328 -0.93714875
vn -0.0930188149 -0.32274282 -0.941904783
vn -0.0681431666 -0.598172545 -0.798464835
vn -0.991656303 -0.0420673341 -0.121852934
vn -0.659875989 -0.171770617 -0.731477022
vn 0.162905186 -0.415068418 -0.895086646
vn -0.87764889 0.266357392 -0.398479879
vn -0.607023418 0.137774572 -0.782649815
vn -0.985274971 -0.0934810489 -0.143159002
vn -0.616777778 0.135521293 -0.775383174
vn 0.582116365 0.067411609 -0.810306251
vn -0.985444486 0.081249252 -0.149324343
vn -0.46893692 0.593729258 -0.653898895
vn 0.636926889 0.483145505 -0.600745022
vn 0.996132374 -0.0821216851 -0.0312451385
vn 0.9800843 -0.164796129 0.110801451
vn -0.878581345 0.413977444 -0.238154247
vn -0.257679164 0.643837035 -0.720468819
vn 0.420750588 0.617674589 -0.664414823
vn 0.952807367 0.280271202 -0.116645381
vn 0.310381323 0.455865264 -0.834176362
vn -0.0931662023 0.440012038 -0.893145859
vn 0.0592523478 0.305028617 -0.950498104
vn -0.285437912 0.382810026 -0.878624916
vn -0.560049713 0.485402733 -0.671363175
vn -0.746787727 0.461033076 -0.479329318
vn -0.819419503 0.347472936 -0.455866396
vn -0.919230402 0.357934386 -0.164007694
vn 0.778004408 0.497654259 -0.383470327
vn 0.666310191 0.329031318 -0.669155478
vn 0.831455588 0.367157698 -0.416985333
vn 0.88038969 0.387670279 -0.273177058
vn 0.909870744 0.413400561 -0.0351451524
vn 0.8962093 0.428318709 -0.115550473
vn 0.87498194 0.449491829 0.179898977
vn 0.41650185 0.323993087 -0.849443793
vn 0.16649726 0.315584362 -0.934176207
vn -0.960720122 0.274623513 -0.0399850383
vn -0.944923401 0.323685795 -0.0484482944
vn -0.920688987 0.376601577 0.102484122
vn -0.895365536 0.250847846 0.367961884
vn -0.865063131 0.138466254 0.482175142
vn -0.83589232 0.308716834 0.453847915
vn -0.703473985 0.216829956 0.676837504
vn -0.880360246 -0.215761617 0.422389328
vn -0.0763284117 -0.0497822389 0.995839179
vn -0.395385057 0.65438056 0.644559324
vn 0.0752567202 0.257070929 0.963457823
vn -0.073545903 -0.668044686 0.740477681
vn -0.0795742199 -0.762619257 0.641934514
vn -0.788211703 -0.487890512 0.375080228
vn -0.0319833644 -0.413160235 0.910096526
vn -0.842182219 -0.308814764 0.441998422
vn 0.0495366678 0.149823815 0.987470984
vn -0.866583228 0.0449858643 0.497000754
vn -0.0612482652 0.433573693 0.899034262
vn 0.202157944 -0.150363028 0.967741251
vn 0.789051116 0.12763831 0.60092169
vn 0.897820652 -0.169901788 0.406265169
vn 0.95967859 0.0524728298 0.276158541
vn 0.759656489 -0.304907739 0.574415624
vn 0.9800843 -0.164796129 0.110801451
vn 0.671301544 -0.580333114 0.461050659
vn 0.996132374 -0.0821216851 -0.0312451385
vn 0.952807367 0.280271202 -0.116645381
vn 0.745576084 -0.39322558 0.538042724
vn -0.973751664 -0.222874552 -0.0462016314
vn -0.896521389 -0.442567199 -0.0195872132
vn 0.794454396 0.424011797 0.434805959
vn 0.405949026 0.112263568 0.906974196
vn 0.575422108 0.48844099 0.655983806
vn 0.757117271 0.501502037 0.418651611
vn 0.87498194 0.449491829 0.179898977
vn 0.909870744 0.413400561 -0.0351451524
vn 0.212046787 0.483282179 0.849396527
vn -0.899855852 -0.435571283 -0.0231749229
vn -0.762851954 -0.645299673 -0.0405605286
vn -0.788439035 -0.614969909 0.0132596744
vn -0.815983176 -0.57129395 0.08828751
vn -0.89928472 -0.436287075 0.0306684058
vn -0.904376209 -0.33682403 -0.262017727
vn -0.955206633 -0.273640215 -0.112700231
vn -0.875527501 -0.218817145 -0.43077904
vn -0.848987281 -0.0138915759 -0.528230667
vn -0.894407272 -0.415078312 0.166570157
vn -0.888744831 -0.457726449 -0.0248806532
vn -0.788824081 -0.0378608443 -0.613451779
vn -0.861750603 -0.188659385 -0.47094956
vn -0.751109242 -0.317689389 -0.578712642
vn -0.850036621 -0.482367516 0.211564124
vn -0.281487167 0.552200735 -0.784754276
vn -0.661508083 -0.364508301 -0.65539366
vn -0.904376209 -0.33682403 -0.262017727
vn -0.34531951 -0.475919157 -0.8088606
vn -0.481210113 -0.512900472 -0.71089375
vn -0.739627182 -0.592441142 -0.319319844
vn -0.875527501 -0.218817145 -0.43077904
vn -0.578270018 -0.593987465 -0.559269786
vn -0.589201927 -0.684344232 -0.429551065
vn 0.462962329 -0.791231513 -0.39952296
vn 0.743452251 -0.376918435 -0.55245924
vn 0.428250998 -0.733808994 -0.527375937
vn 0.376228571 -0.668622732 -0.64140135
vn -0.688925326 -0.719554186 0.0873134658
vn -0.401889086 -0.906768203 0.127500996
vn -0.462259352 -0.881572187 0.0956389531
vn -0.669289947 -0.742535651 0.0263021011
vn -0 -0.999386132 -0.0350335538
vn -0 -0.972736776 0.231911853
vn -0 -0.950941265 -0.309371531
vn 0.552866578 -0.823094666 0.129821941
vn -0.391451776 -0.914169908 -0.105161563
vn 0.620265543 0.587388694 -0.519851089
vn -0.547125459 -0.824886978 0.142179802
vn -0.350274116 -0.927465677 -0.130826041
vn -0.355598897 -0.927837193 -0.112550765
vn 0.620265543 0.587388694 -0.519851089
vn -0.305837482 -0.946285367 0.104916885
vn -0 -0.938377321 0.345612645
vn -0 -0.762313068 -0.647208452
vn -0 -0.941861391 -0.336001754
vn -0 -0.927396774 0.374079168
vn -0.550577581 -0.833803713 -0.0404441953
vn -0.335461617 -0.940428317 -0.0553187057
vn -0 -0.998019338 -0.0629080534
vn -0 -0.985168815 -0.171587706
vn -0 -0.985879719 -0.167455122
vn -0 -0.998502195 -0.0547119305
vn -0.185713381 -0.982598424 -0.00330009474
vn -0.451323718 -0.876985252 0.164935693
vn -0.718415558 -0.695433855 -0.0158381965
vn -0.398705691 -0.914019585 -0.0748463199
vn -0 -0.999982774 0.00586916972
vn 0.897820652 -0.169901788 0.406265169
vn -0.431578875 -0.89650327 -0.100108132
vn -0.410928965 -0.911118507 -0.0316304304
vn -0 -0.999173462 -0.0406491309
vn -0 -0.999771118 -0.0213933717
vn -0.59475112 0.513149381 -0.618828535
vn -0.467413872 0.435163349 -0.769517481
vn -0.394465208 0.591124654 -0.703540206
vn -0 0.674205422 -0.738543868
vn -0.326768219 0.610153735 -0.721758246
vn -0 0.79648 -0.604664981
vn -0.464286506 0.592035115 -0.658735454
vn -0.388363272 0.650676727 -0.652528822
vn -0.390595108 0.866690934 -0.310293764
vn -0 0.753032863 -0.657982886
vn -0 0.842040002 -0.539415002
vn -0.568862438 -0.771669447 -0.284467459
vn -0 -0.949424803 -0.313994408
vn -0 -0.894860506 -0.446346015
vn -0.626859844 -0.764926136 -0.148103744
vn -0 0.993906021 -0.110230893
vn 0.365300268 0.925773978 -0.0974588916
vn 0.299919873 0.953749001 -0.0202721767
vn -0 0.99664253 0.0818761736
vn 0.352419764 0.810190558 0.468392521
vn 0.542011321 0.839371204 -0.0409834757
vn 0.734830678 0.664429724 0.136224031
vn 0.657060921 0.721174061 -0.21949704
vn 0.534027576 0.835648298 -0.128477409
vn 0.781313181 0.599272013 -0.17442131
vn -0 0.876235843 0.481882513
vn 0.185451746 -0.103257865 0.977213144
vn 0.806767523 -0.174690247 0.564455032
vn -1.37015505E-07 -0.0852261186 0.996361673
vn -0.100669138 -0.993125081 0.0597347207
vn -0 -0.999999344 0.00114240113
vn -0.298229098 -0.867220938 -0.398732007
vn -0 -0.908654869 -0.417548001
vn -0 -0.639678895 -0.768642306
vn -0.186554 -0.61806494 -0.763670981
vn 0.264100313 -0.964495122 0.00042328061
vn 0.939392626 0.333504975 0.0794728547
vn 0.92282635 0.38399756 -0.0306170154
vn -0.121179305 -0.96519345 -0.231769606
vn 0.254646003 -0.959917367 -0.117106922
vn 0.118571341 -0.89490819 -0.430209458
vn -0.245840639 -0.76882118 -0.590318918
vn -0.17419982 -0.676121712 -0.715900719
vn -1.85378028E-07 0.34482041 0.938668668
vn -3.0294305E-07 -0.123875156 0.992297769
vn -0.488387257 -0.28310734 0.825425982
vn -2.68332741E-07 -0.310570389 0.950550377
vn -0.582374752 -0.262471467 0.769381881
vn -0.563162327 -0.607500911 0.560170472
vn 1.20949551E-07 -0.324528724 0.945875823
vn -0.911508977 -0.410563529 0.0242694151
vn -3.70738633E-07 -0.436307847 -0.89979744
vn -4.18522148E-07 -0.535011649 -0.844844699
vn 4.92015261E-07 0.048085548 0.998843253
vn 5.69046506E-07 0.672961354 0.739677608
vn -4.04134994E-07 -0.935506701 -0.353309035
vn -0.426826447 -0.58211261 0.692072272
vn -0.586145103 -0.276293516 0.761640251
vn -0.656956494 -0.297078252 0.69293046
vn -0.591736794 -0.309043705 0.744539857
vn -0.674166262 -0.339837909 0.655751467
vn -0.837608695 -0.530785084 0.129146755
vn -0.486331075 -0.449899822 0.749047577
vn -0.76519841 -0.260665327 -0.588663757
vn -0.590828776 -0.200850099 0.781396568
vn -0.50723505 -0.164355725 0.845990419
vn -0.673738658 -0.357244581 0.646879017
vn -0.887705803 -0.114048503 0.446061999
vn -0.667827725 -0.579104602 0.467593729
vn -0.948178947 0.11088118 0.297761708
vn -0.942532718 0.00427954132 0.334086329
vn -0.144639343 -0.355058134 0.923587084
vn -0.562469721 -0.363343805 0.742703915
vn 0.995715022 -0.0382757597 -0.0841821432
vn -0.488683105 -0.407734305 0.771324575
vn -0.476993918 -0.555276036 0.681282103
vn -0.738556743 -0.644699335 0.197222501
vn -0.871290207 -0.296403319 -0.391150177
vn -0.389881223 -0.632404149 0.669371128
vn -0.620157838 -0.412204802 -0.667451501
vn 0.311228454 -0.360295951 0.879388213
vn -0.760720968 -0.250846505 -0.59864819
vn -0.77199012 -0.191149235 -0.606212139
vn -0.467177182 -0.103035048 -0.878139615
vn -0.333325446 -0.260661542 -0.906062722
vn -0.545736253 -0.114044815 -0.830160022
vn -0.942532718 0.00427954132 0.334086329
vn -0.691377461 -0.182012841 -0.699191391
vn -0.658355236 -0.224771038 -0.718363702
vn -0.433735698 -0.0546413474 -0.899381876
vn 0.232869059 -0.21585767 -0.948249698
vn 0.22415337 -0.223821729 -0.948503613
vn -0.856270492 0.239831969 -0.457472831
vn -0.649987459 0.746047199 -0.144671708
vn -0.948178947 0.11088118 0.297761708
vn -0.0719605684 -0.180858478 0.980872989
vn -0.157033131 -0.576834202 0.801625192
vn -0.426964372 0.0641480535 0.901990294
vn -0.875058353 -0.360402346 0.323083699
vn -0.603769302 -0.594739914 0.530798554
vn -0.839519501 -0.458107233 0.292138249
vn -0.760897517 -0.560351729 0.327171117
vn -0.633062899 -0.649099171 0.421783835
vn -0.953105271 -0.279126942 -0.116955169
vn -0.871290207 -0.296403319 -0.391150177
vn -0.963509798 -0.239056349 -0.120419472
vn -0.760720968 -0.250846505 -0.59864819
vn -0.803962171 -0.538443387 0.252435327
vn -0.74972105 -0.53153491 0.394194126
vn -0.674166262 -0.339837909 0.655751467
vn -0.493612528 -0.191708148 0.848289251
vn -0.452759296 -0.706735492 0.543630242
vn -0.489046186 -0.60995549 0.623528838
vn -0 -0.817619085 0.57575953
vn -0.489771843 -0.677711606 0.548480213
vn -1.04523728E-07 -0.629341662 0.777128696
vn -2.16591161E-07 -0.499104381 0.866541862
vn -0.296488404 -0.503542066 0.811504781
vn -5.2261737E-07 -0.271073699 0.962558568
vn -0.356379002 -0.767142117 0.533373117
vn -0 -0.825440168 0.564489722
vn -0.468752921 -0.877039552 -0.105224729
vn -0.680102408 -0.704769731 0.201891854
vn -0.451978236 -0.62187314 0.639522851
vn -0.193561614 -0.905545294 -0.377520263
vn -0 -0.680086076 0.733132303
vn 2.91860687E-07 -0.740683436 0.671854198
vn -0 -0.687101603 0.726561368
vn -1.08005693E-07 -0.76870656 0.639601648
vn -0.62617141 -0.610305905 0.485217482
vn -0 -0.559570372 0.828782797
vn -0.662115932 -0.651466072 0.370397687
vn -0.765777707 -0.62563163 0.148894519
vn 0.261097968 -0.384260803 0.885534525
vn -0.351994693 -0.651861548 0.671696544
vn -0.384517789 -0.833369672 0.397040337
vn -0.765777707 -0.62563163 0.148894519
vn -0.567286968 -0.816082537 -0.110430256
vn -0.680102408 -0.704769731 0.201891854
vn -0.38779074 -0.493959486 -0.778217375
vn -0.193561614 -0.905545294 -0.377520263
vn -0.468752921 -0.877039552 -0.105224729
vn -0.633062899 -0.649099171 0.421783835
vn -0.468544185 -0.878420651 0.0940400511
vn -0 -0.992210567 -0.124572143
vn -0.683692753 -0.722420871 -0.103306867
vn -0.183181137 -0.979373157 0.0852817968
vn 2.76608375E-07 -0.822026968 -0.56944859
vn -0.618084252 0.384884 -0.685445905
vn -0.367907196 -0.925760806 0.0872420818
vn -0.839519501 -0.458107233 0.292138249
vn -0.760897517 -0.560351729 0.327171117
vn -0.878966987 -0.37591207 -0.293440282
vn -0.953105271 -0.279126942 -0.116955169
vn -0.493612528 -0.191708148 0.848289251
vn 0.692218363 -0.139382258 -0.708100557
vn 0.672263682 -0.330668628 -0.662359297
vn 0.687309444 -0.218671098 -0.692667842
vn 0.688818514 0.0164729953 -0.724746644
vn 0.971695185 -0.0196746234 -0.235417545
vn -0.963509798 -0.239056349 -0.120419472
vn -0.953105271 -0.279126942 -0.116955169
vn -0.95187676 -0.265763044 0.152645156
vn 0.843247533 0.146379396 -0.517210424
vn 0.843247533 0.146379411 -0.517210424
vn 0.843247533 0.146379411 -0.517210484
vn -0 -0.917448163 -0.397855341
vn -0 -0.938720822 -0.344678402
vn -0.398705691 -0.914019585 -0.0748463199
vn -0 -0.999982774 0.00586916972
vn -0.431578875 -0.89650327 -0.100108132
vn 0.394628227 -0.890155017 -0.227799371
vn 0.897820652 -0.169901788 0.406265169
vn -0 -0.87850225 -0.477738172
vn -0.0506886579 -0.902715802 -0.427240938
vn -0 -0.614695251 -0.788764715
vn 0.450462967 -0.702031195 -0.551575363
vn 0.857593179 -0.383697599 -0.342505574
vn 0.394628227 -0.890155017 -0.227799371
vn 0.897820652 -0.169901788 0.406265169
vn 0.95967859 0.0524728298 0.276158541
vn -0 -0.28469032 -0.958619535
vn 1.2276621E-07 -0.0588505901 -0.998266816
vn -0.117992781 0.00189174199 -0.993012667
vn -0.246081799 0.0183105525 -0.969076097
vn 4.15947454E-07 0.198882028 -0.980023444
vn 0.291286945 0.638129294 -0.712701082
vn 0.255554736 0.639363945 -0.725193441
vn 0.327764601 0.63589251 -0.698721051
vn 0.364682704 0.632584155 -0.683259666
vn 0.0955946296 0.270363718 -0.9580006
vn -0.834015787 0.184274688 -0.520058095
vn -0.86446321 0.232737228 -0.445574582
vn -0.0865145847 0.258166164 -0.962219059
vn 0.889951468 0.22275041 -0.397955477
vn 0.930457115 0.32295537 -0.173059091
vn -0.871691644 0.143814638 0.468477339
vn -0.884855151 -0.0214078035 0.465374172
vn -0.19844538 -0.0373051576 0.979401767
vn -0.219514221 0.0699358732 0.973099411
vn 0.773609996 0.089329198 0.627333939
vn 0.743013918 0.225370422 0.63018924
vn 0.930457115 0.32295537 -0.173059091
vn 0.889951468 0.22275041 -0.397955477
vn -0.871348619 0.197024971 0.449369282
vn -0.198079243 0.19543995 0.960503995
vn 0.735231698 0.302232087 0.606704295
vn 0.946832418 0.321645856 -0.00723948423
vn -0.208461881 0.304357588 -0.929467678
vn 0.554699242 0.374873638 -0.742817998
vn -0.814842939 0.281395018 -0.506801665
vn -0.964765966 0.254362434 0.0672785714
vn -0.945707798 0.291132122 -0.144495204
vn -0.865419745 -0.101535335 -0.490651846
vn 0.381465614 0.447263569 -0.808974206
vn -0.0199184716 0.430962861 -0.902149796
vn -0.355255276 0.404781848 -0.842582583
vn 0.893787742 0.408334553 0.185489535
vn 0.960757673 0.2051581 -0.186694339
vn 0.767956138 0.306152463 -0.562595785
vn -0.331800401 0.554734409 -0.763006032
vn 0.638587117 0.430681437 -0.637746036
vn 0.767956138 0.306152463 -0.562595785
vn 0.946832418 0.321645856 -0.00723948423
vn -0.945183396 0.0942575336 0.312640101
vn -0.909970462 -0.0309478957 0.413516521
vn -0.436795324 0.547660768 0.713636816
vn -0.502136886 0.363769203 0.784557521
vn -0.238244042 0.3635692 0.900587201
vn 0.23915121 0.382139742 0.892623067
vn 0.291314125 0.483341068 0.825540721
vn 0.745644331 0.132708967 0.652995408
vn 0.826561868 0.449272841 0.339041919
vn -0.953924537 0.176018745 0.242992505
vn -0.940791249 -0.0873859823 0.32752943
vn -0.925201416 -0.166255727 0.341117948
vn -0 -0.975257158 -0.221073404
vn -0 -0.975257158 -0.221073419
vn -0.477952272 -0.856652021 -0.19418776
vn -0.838074505 -0.0847647414 0.538930535
vn -0 -0.958271801 0.285858631
vn -0.557758093 -0.784033418 0.272392392
vn -0.592069685 -0.791820884 0.149910331
vn -0 -0.96714431 0.254227877
vn -0.590453684 -0.782407284 -0.197998241
vn -0.711804926 0.164962932 0.682730615
vn -4.96214795E-07 0.333109379 0.9428882
vn -0 -0.973091662 0.230418444
vn 0.971364737 -0.0719309598 -0.226443097
vn 0.94716996 -0.0193019696 -0.320150703
vn 0.925585806 0.0146041838 -0.378255934
vn 0.983953655 -0.125176549 -0.127145499
vn 2.0772238E-07 0.712018371 0.702160776
vn 5.01827515E-07 0.875484109 -0.483246922
vn -0.607207835 0.427502304 -0.669731617
vn -0.966169775 -0.0468362719 0.253618389
vn -0 -0.999237597 0.039041657
vn -0 -0.933182359 0.359403282
vn -0 0.271586567 0.962413967
vn -0 0.487981409 0.872854054
vn -1.00465442E-07 -0.766913652 0.641750336
vn -0.997633457 0.0674281493 -0.0134497797
vn -1.33034447E-07 0.69551605 0.718510509
vn -1.19112052E-07 0.595485926 0.803365767
vn -0.990487158 0.103286803 -0.0909235328
vn 4.46977737E-07 0.827270865 -0.561803341
vn 1.37032828E-07 -0.228777096 -0.973478794
vn -0.984151721 0.175234839 0.0271683168
vn -0.98555088 0.121589243 0.117921688
vn -0.517422557 0.535259128 0.66766125
vn -0.997402549 -0.0704374984 0.0150553323
vn -0.92239964 -0.382170677 0.055896163
vn -0.928613007 -0.348378062 -0.127713099
vn -3.06086065E-07 -0.996066153 -0.0886124671
vn -0.867182136 -0.334197909 -0.369197696
vn -0.862073541 -0.291513681 -0.414546669
vn -0.0629822165 -0.993390381 -0.0959620327
vn -0 -0.995366573 -0.0961529315
vn -0 -0.995366573 -0.0961529315
vn -0.639954746 0.462258577 -0.613819957
vn -0.323827386 0.644989312 -0.692188323
vn 0.179595739 0.2589885 -0.949036479
vn 0.200689808 0.171705559 -0.964489877
vn 0.189816818 0.217734903 -0.95737195
vn 0.173033446 0.284537256 -0.94291991
vn 0.775804341 0.128467366 -0.617756963
vn 0.775804341 0.128467351 -0.617756963
vn 0.770586491 0.125487149 -0.624859512
vn 0.770749927 0.125580072 -0.624639213
vn 0.733953834 0.105265439 -0.670992494
vn 0.782792389 -0.118052699 -0.610982537
vn 0.788093805 -0.106845647 -0.606211305
vn 0.699778974 -0.264012098 -0.663782239
vn 0.79166317 -0.0991180614 -0.602864027
vn 0.791663229 -0.0991180688 -0.602863967
vn -0.922096252 0.00548725482 0.386921644
vn -0.859068632 -0.271403491 0.433983058
vn -0.952070713 -0.18458122 0.243908182
vn -0.695988894 -0.217139244 0.684433997
vn -0.74251008 -0.181793809 0.644693553
vn 0.876538575 0.197232649 -0.43906644
vn 0.85802865 0.162494019 -0.487219125
vn 0.881644726 0.207968608 -0.423617423
vn 0.881644666 0.207968593 -0.423617452
vn 0.774000287 0.0442880616 -0.631634474
vn 0.302903593 -0.344522238 -0.888568461
vn 0.0065067769 0.366230339 -0.930501521
vn 0.181068376 0.260489553 -0.948345661
vn -0.518914938 0.727894485 -0.448215127
vn 0.452648789 -0.852051854 0.262900561
vn 0.452648789 -0.852051854 0.262900501
vn 0.452648789 -0.852051854 0.262900531
vn 0.462660491 -0.606182277 0.646906793
vn 0.462660521 -0.606182218 0.646906734
vn 0.462660491 -0.606182218 0.646906734
vn -0 0.532212853 0.846610606
vn 0.640692353 -0.56604749 0.518751979
vn 0.640692353 -0.56604749 0.518751979
vn 0.640692353 -0.56604749 0.518751979
vn 0.531291604 -0.592943966 0.605100513
vn 0.531894922 -0.593190372 0.604328513
vn 0.578253567 -0.610887766 0.540776193
vn 0.518348932 -0.587566972 0.621352792
vn 0.518348932 -0.587566972 0.621352792
vn -0 0.126016855 -0.992028058
vn -0.555837393 0.262978703 -0.78859812
vn -0.563193679 0.192252666 -0.803649008
vn -0 -0.0236838702 -0.999719501
vn -0.989547014 0.0356731825 0.139728978
vn -0.96774435 0.242982179 -0.0665620267
vn 0.027037533 0.131940931 -0.990888774
vn 0.670501113 -0.288042367 -0.683710396
vn -0.950089753 0.311911255 -0.00638163649
vn 0.528285801 -0.533563018 -0.660473049
vn 0.639947832 -0.62048018 -0.453289121
vn 0.670501113 -0.288042367 -0.683710396
vn 0.639947832 -0.62048018 -0.453289121
vn 0.883855164 -0.399178833 0.243836626
vn 0.88145858 -0.457274407 0.118029207
vn 0.88145864 -0.457274377 0.118029207
vn 0.88145864 -0.457274348 0.118029207
vn -0.402708113 -0.88920778 0.217107415
vn -0.0521275401 -0.884300947 0.463998348
vn -0.0972150564 -0.894003391 0.437386751
vn 0.188695952 -0.79066664 0.582443178
vn -2.86448909E-07 -0.999890447 0.0148003511
vn -0.5994578 -0.798524559 0.054853823
vn -0.440806448 -0.374687165 0.815658808
vn -1.47491818E-07 -0.417521656 0.908666968
vn 0.0700265616 0.41828531 0.90561235
vn 1.94278172E-07 0.459932685 0.887953758
vn -0.570905805 -0.563142121 0.597442448
vn 1.93416554E-07 -0.97012198 0.242617697
vn 3.73567445E-07 -0.749007881 0.662560999
vn -0.66040051 -0.385188967 0.644593358
vn 0.0625497699 0.482190371 0.873830616
vn -0.657239795 -0.0811089352 0.749304533
vn -0.753012061 -0.64155972 0.146198303
vn 0.224025339 0.736763179 0.637959838
vn -0.675866365 -0.16470027 0.718386054
vn 0.42181012 0.858770847 0.290841699
vn -0.622822583 -0.31190151 0.717502236
vn 0.781313181 0.599272013 -0.17442131
vn 0.657060921 0.721174061 -0.21949704
vn 0.534027576 0.835648298 -0.128477409
vn 0.365300268 0.925773978 -0.0974588916
vn -0 0.993906021 -0.110230893
vn -0.120061681 0.828279316 0.547301173
vn -0.0897393897 0.843357563 0.529806495
vn 0.92282635 0.38399756 -0.0306170154
vn -0 -0.208822384 -0.977953553
vn 1.13965115E-07 -0.0848580077 -0.996393025
vn -0.285924524 0.0609657019 -0.956310809
vn -0.287592739 0.160030648 -0.944288373
vn 0.903829753 -0.212648094 0.371311873
vn 0.961711287 0.206612259 -0.180063248
vn 0.891793966 -0.149878427 0.426895738
vn 0.894984007 0.300998509 -0.329246879
vn 0.862506926 0.321650803 -0.390669316
vn 0.842739642 0.0455997139 0.536386549
vn 0.842739642 0.0455997176 0.536386609
vn 0.842739642 0.0455997139 0.536386549
vn 0.868534982 0.103761852 -0.484644771
vn 0.800940096 -0.0184728149 -0.598459482
vn 0.797096431 -0.0242436305 -0.603365183
vn 0.784450591 -0.0426409245 -0.618723691
vn 0.784450531 -0.0426409133 -0.618723691
vn -2.46204013E-06 -0.0541520715 -0.998532712
vn 0.840865135 0.535371363 -0.0795191377
vn 0.855587721 0.499190927 -0.137033209
vn -1.96565225E-06 -0.718817353 -0.695199013
vn 0.726201653 0.62118119 -0.294559181
vn 0.444258004 0.397585869 -0.80284518
vn 0.442453563 0.231947556 -0.866276622
vn 0.0293617416 0.157266378 -0.987119615
vn 0.612879395 0.691268563 -0.382787973
vn 0.464301497 0.760212302 -0.454424202
vn 0.540626764 -0.841238439 -0.00636805501
vn -0.483092576 0.630648434 -0.607374787
vn -0.870561421 -0.316242486 -0.376979411
vn 0.0635510907 -0.88037318 0.470004618
vn 0.167345375 -0.824014246 0.541291058
vn 0.167345375 -0.824014306 0.541291058
vn 0.16734542 -0.824014246 0.541291118
vn -0.777894557 0.423159719 -0.464559942
vn 0.992285132 -0.0131474752 -0.123277612
vn 0.982188225 0.135173365 -0.130516097
vn 0.989352942 0.0698670074 -0.127668813
vn 0.984811842 -0.129478231 -0.115676358
vn -0.141728818 0.0536327846 0.98845154
vn -0.739627182 -0.592441142 -0.319319844
vn 0.428250998 -0.733808994 -0.527375937
vn 0.973485231 -0.104922272 -0.203267664
vn 0.743452251 -0.376918435 -0.55245924
vn 0.462962329 -0.791231513 -0.39952296
vn 0.428250998 -0.733808994 -0.527375937
vn -0.106107056 -0.00228949683 0.994352102
vn -0.106107064 -0.00228949729 0.994352102
vn -0.106107049 -0.00228949706 0.994352102
vn -1.03448386E-07 -0.859196842 -0.511645198
vn -0.705253482 -0.609132051 -0.362733603
vn -0 -0.859196842 -0.511645198
vn 0.461163253 -0.346040577 0.817058384
vn 0.461163312 -0.346040577 0.817058384
vn 0.461163312 -0.346040577 0.817058384
vn 0.529111505 -0.607993722 0.591932893
vn 0.529111624 -0.607993662 0.591932893
vn 0.529111564 -0.607993662 0.591932893
vn 0.94514668 -0.179170549 -0.273122042
vn 0.945146739 -0.179170519 -0.273122072
vn 0.945146739 -0.179170534 -0.273122072
vn -0.786360085 -0.602692068 0.135647118
vn -0.786360085 -0.602692068 0.135647118
vn -0.786360085 -0.602692127 0.135647133
vn -0 -0.975245237 -0.221126109
vn 0.990520716 -0.133963138 -0.0303746667
vn -0 -0.975245237 -0.221126109
vn -0.54411608 0.391841948 0.741887808
vn -0.684505641 0.718832254 0.121376343
vn 0.877761185 -0.478279144 -0.0280057285
vn 0.877761245 -0.478279114 -0.0280057266
vn 0.877761185 -0.478279203 -0.0280057322
vn -0.623296916 -0.353640616 -0.697452068
vn -0.80898124 -0.515443504 -0.2826083
vn -0.165276513 -0.300070316 -0.93949002
vn -0.165276527 -0.300070316 -0.93949002
vn -0.165276527 -0.300070316 -0.93949002
vn -0.138949737 -0.071920909 -0.987684369
vn -0.138949722 -0.071920909 -0.987684369
vn -0.138949737 -0.071920909 -0.987684369
vn -0.0619980805 -0.979490697 0.191713884
vn -0 -0.981378615 0.192083403
vn -0 -0.981378615 0.192083389
vn 0.368984014 0.927379727 0.0617864467
vn 0.26725179 0.173009351 -0.947968483
vn -0.719818413 -0.231366098 0.654470146
vn 0.544116139 0.391841412 0.741888046
g Body_0
f 3/3/3 2/2/2 1/1/1
f 1/1/1 4/4/4 3/3/3
f 4/4/4 5/5/5 3/3/3
f 3/3/3 5/5/5 2/2/2
f 5/5/5 6/6/6 2/2/2
f 6/6/6 7/7/7 2/2/2
f 6/6/6 8/8/8 7/7/7
f 9/9/9 4/4/4 1/1/1
f 9/9/9 1/1/1 10/10/10
f 1/1/1 11/11/11 10/10/10
f 11/11/11 1/1/1 2/2/2
f 12/12/12 11/11/11 2/2/2
f 7/7/7 12/12/12 2/2/2
f 13/13/13 12/12/12 7/7/7
f 14/14/14 9/9/9 10/10/10
f 9/9/9 15/15/15 4/4/4
f 14/14/14 16/16/16 9/9/9
f 9/9/9 16/16/16 15/15/15
f 17/17/17 16/16/16 14/14/14
f 14/14/14 18/18/18 17/17/17
f 17/17/17 18/18/18 19/19/19
f 18/18/18 20/20/20 19/19/19
f 20/20/20 18/18/18 21/21/21
f 22/22/22 21/21/21 18/18/18
f 22/22/22 14/14/14 10/10/10
f 11/11/11 22/22/22 10/10/10
f 14/14/14 22/22/22 18/18/18
f 21/21/21 23/23/23 20/20/20
f 24/24/24 23/23/23 21/21/21
f 24/24/24 21/21/21 25/25/25
f 25/25/25 26/26/26 24/24/24
f 25/25/25 27/27/27 26/26/26
f 28/28/28 27/27/27 25/25/25
f 25/25/25 29/29/29 28/28/28
f 25/25/25 21/21/21 29/29/29
f 30/30/30 29/29/29 21/21/21
f 30/30/30 21/21/21 22/22/22
f 30/30/30 31/31/31 29/29/29
f 31/31/31 32/32/32 29/29/29
f 31/31/31 33/33/33 32/32/32
f 34/34/34 29/29/29 32/32/32
f 29/29/29 35/35/35 28/28/28
f 34/34/34 35/35/35 29/29/29
f 34/34/34 32/32/32 36/36/36
f 37/37/37 36/36/36 32/32/32
f 38/38/38 37/37/37 32/32/32
f 39/39/39 38/38/38 32/32/32
f 39/39/39 32/32/32 33/33/33
f 39/39/39 33/33/33 40/40/40
f 41/41/41 40/40/40 33/33/33
f 42/42/42 41/41/41 33/33/33
f 42/42/42 33/33/33 43/43/43
f 33/33/33 31/31/31 44/44/44
f 43/43/43 33/33/33 44/44/44
f 43/43/43 44/44/44 45/45/45
f 45/45/45 44/44/44 46/46/46
f 46/46/46 47/47/47 45/45/45
f 46/46/46 48/48/48 47/47/47
f 49/49/49 47/47/47 48/48/48
f 49/49/49 50/50/50 47/47/47
f 47/47/47 50/50/50 51/51/51
f 45/45/45 47/47/47 51/51/51
f 46/46/46 52/52/52 48/48/48
f 55/55/55 54/54/54 53/53/53
f 53/53/53 56/56/56 55/55/55
f 55/55/55 56/56/56 57/57/57
f 58/58/58 57/57/57 56/56/56
f 59/59/59 55/55/55 57/57/57
f 60/60/60 55/55/55 59/59/59
f 59/59/59 61/61/61 60/60/60
f 60/60/60 62/62/62 55/55/55
f 63/63/63 55/55/55 62/62/62
f 64/64/64 62/62/62 60/60/60
f 54/54/54 65/65/65 53/53/53
f 59/59/59 57/57/57 66/66/66
f 62/62/62 67/67/67 63/63/63
f 53/53/53 68/68/68 56/56/56
f 69/69/69 54/54/54 55/55/55
f 54/54/54 69/69/69 70/70/70
f 69/69/69 72/72/72 71/71/71
f 73/73/73 69/69/69 71/71/71
f 71/71/71 74/74/74 73/73/73
f 74/74/74 75/75/75 73/73/73
f 72/72/72 69/69/69 55/55/55
f 72/72/72 55/55/55 76/76/76
f 72/72/72 76/76/76 77/77/77
f 76/76/76 78/78/78 77/77/77
f 55/55/55 79/79/79 76/76/76
f 76/76/76 79/79/79 80/80/80
f 81/81/81 76/76/76 80/80/80
f 80/80/80 82/82/82 81/81/81
f 82/82/82 83/83/83 81/81/81
f 84/84/84 79/79/79 55/55/55
f 85/85/85 79/79/79 84/84/84
f 86/86/86 85/85/85 84/84/84
f 87/87/87 84/84/84 55/55/55
f 84/84/84 87/87/87 88/88/88
f 89/89/89 84/84/84 88/88/88
f 88/88/88 90/90/90 89/89/89
f 90/90/90 91/91/91 89/89/89
f 92/92/92 87/87/87 63/63/63
f 63/63/63 87/87/87 55/55/55
f 7/7/7 94/94/94 93/93/93
f 7/7/7 95/95/95 94/94/94
f 13/13/13 7/7/7 93/93/93
f 98/98/98 97/97/97 96/96/96
f 99/99/99 98/98/98 96/96/96
f 97/97/97 100/100/100 96/96/96
f 100/100/100 101/101/101 96/96/96
f 99/99/99 96/96/96 102/102/102
f 96/96/96 103/103/103 102/102/102
f 104/104/104 99/99/99 102/102/102
f 104/104/104 105/105/105 99/99/99
f 105/105/105 98/98/98 99/99/99
f 106/106/106 104/104/104 102/102/102
f 98/98/98 105/105/105 107/107/107
f 98/98/98 107/107/107 97/97/97
f 105/105/105 108/108/108 107/107/107
f 109/109/109 107/107/107 108/108/108
f 110/110/110 107/107/107 109/109/109
f 97/97/97 110/110/110 100/100/100
f 107/107/107 110/110/110 97/97/97
f 110/110/110 109/109/109 111/111/111
f 109/109/109 112/112/112 111/111/111
f 109/109/109 108/108/108 112/112/112
f 112/112/112 113/113/113 111/111/111
f 114/114/114 110/110/110 111/111/111
f 110/110/110 114/114/114 100/100/100
f 117/117/117 116/116/116 115/115/115
f 118/118/118 117/117/117 115/115/115
f 118/118/118 115/115/115 119/119/119
f 115/115/115 120/120/120 119/119/119
f 118/118/118 119/119/119 121/121/121
f 122/122/122 118/118/118 121/121/121
f 122/122/122 123/123/123 118/118/118
f 124/124/124 120/120/120 115/115/115
f 116/116/116 124/124/124 115/115/115
f 116/116/116 125/125/125 124/124/124
f 125/125/125 126/126/126 124/124/124
f 126/126/126 125/125/125 127/127/127
f 125/125/125 128/128/128 127/127/127
f 125/125/125 129/129/129 128/128/128
f 129/129/129 125/125/125 116/116/116
f 117/117/117 129/129/129 116/116/116
f 128/128/128 130/130/130 127/127/127
f 130/130/130 131/131/131 127/127/127
f 129/129/129 117/117/117 132/132/132
f 117/117/117 133/133/133 132/132/132
f 128/128/128 129/129/129 134/134/134
f 133/133/133 117/117/117 118/118/118
f 128/128/128 135/135/135 130/130/130
f 138/138/138 137/137/137 136/136/136
f 139/139/139 138/138/138 136/136/136
f 140/140/140 139/139/139 136/136/136
f 141/141/141 140/140/140 136/136/136
f 136/136/136 137/137/137 142/142/142
f 141/141/141 136/136/136 142/142/142
f 143/143/143 141/141/141 142/142/142
f 143/143/143 144/144/144 141/141/141
f 144/144/144 140/140/140 141/141/141
f 145/145/145 143/143/143 142/142/142
f 140/140/140 144/144/144 146/146/146
f 147/147/147 140/140/140 146/146/146
f 140/140/140 147/147/147 139/139/139
f 148/148/148 147/147/147 146/146/146
f 149/149/149 147/147/147 148/148/148
f 139/139/139 149/149/149 138/138/138
f 147/147/147 149/149/149 139/139/139
f 148/148/148 150/150/150 149/149/149
f 150/150/150 151/151/151 149/149/149
f 149/149/149 151/151/151 138/138/138
f 148/148/148 152/152/152 150/150/150
f 148/148/148 146/146/146 152/152/152
f 152/152/152 153/153/153 150/150/150
f 156/156/156 155/155/155 154/154/154
f 159/159/159 158/158/158 157/157/157
f 157/157/157 158/158/158 160/160/160
f 163/163/163 162/162/162 161/161/161
f 166/166/166 165/165/165 164/164/164
f 167/167/167 165/165/165 166/166/166
f 170/170/170 169/169/169 168/168/168
f 173/173/173 172/172/172 171/171/171
f 171/171/171 174/174/174 173/173/173
f 174/174/174 175/175/175 173/173/173
f 173/173/173 175/175/175 172/172/172
f 175/175/175 176/176/176 172/172/172
f 176/176/176 177/177/177 172/172/172
f 176/176/176 178/178/178 177/177/177
f 179/179/179 174/174/174 171/171/171
f 179/179/179 171/171/171 180/180/180
f 179/179/179 181/181/181 174/174/174
f 179/179/179 182/182/182 181/181/181
f 179/179/179 180/180/180 182/182/182
f 183/183/183 182/182/182 180/180/180
f 184/184/184 183/183/183 180/180/180
f 183/183/183 185/185/185 182/182/182
f 182/182/182 185/185/185 181/181/181
f 186/186/186 185/185/185 183/183/183
f 183/183/183 187/187/187 186/186/186
f 183/183/183 184/184/184 187/187/187
f 186/186/186 187/187/187 188/188/188
f 187/187/187 189/189/189 188/188/188
f 184/184/184 190/190/190 187/187/187
f 189/189/189 187/187/187 190/190/190
f 191/191/191 190/190/190 184/184/184
f 192/192/192 191/191/191 184/184/184
f 192/192/192 193/193/193 191/191/191
f 193/193/193 194/194/194 191/191/191
f 193/193/193 195/195/195 194/194/194
f 196/196/196 191/191/191 194/194/194
f 197/197/197 190/190/190 191/191/191
f 197/197/197 191/191/191 198/198/198
f 191/191/191 199/199/199 198/198/198
f 196/196/196 199/199/199 191/191/191
f 198/198/198 200/200/200 197/197/197
f 201/201/201 190/190/190 197/197/197
f 197/197/197 202/202/202 201/201/201
f 197/197/197 200/200/200 202/202/202
f 190/190/190 203/203/203 189/189/189
f 201/201/201 203/203/203 190/190/190
f 196/196/196 194/194/194 204/204/204
f 205/205/205 204/204/204 194/194/194
f 206/206/206 205/205/205 194/194/194
f 207/207/207 206/206/206 194/194/194
f 207/207/207 194/194/194 195/195/195
f 207/207/207 195/195/195 208/208/208
f 209/209/209 208/208/208 195/195/195
f 210/210/210 209/209/209 195/195/195
f 210/210/210 195/195/195 211/211/211
f 211/211/211 195/195/195 212/212/212
f 211/211/211 212/212/212 213/213/213
f 213/213/213 212/212/212 214/214/214
f 214/214/214 215/215/215 213/213/213
f 214/214/214 216/216/216 215/215/215
f 217/217/217 215/215/215 216/216/216
f 213/213/213 215/215/215 218/218/218
f 214/214/214 219/219/219 216/216/216
f 215/215/215 220/220/220 218/218/218
f 217/217/217 220/220/220 215/215/215
f 195/195/195 193/193/193 212/212/212
f 222/222/222 221/221/221 177/177/177
f 177/177/177 221/221/221 172/172/172
f 221/221/221 223/223/223 172/172/172
f 223/223/223 171/171/171 172/172/172
f 171/171/171 223/223/223 180/180/180
f 223/223/223 184/184/184 180/180/180
f 222/222/222 177/177/177 224/224/224
f 177/177/177 225/225/225 224/224/224
f 177/177/177 226/226/226 225/225/225
f 229/229/229 228/228/228 227/227/227
f 227/227/227 230/230/230 229/229/229
f 229/229/229 230/230/230 231/231/231
f 232/232/232 231/231/231 230/230/230
f 233/233/233 229/229/229 231/231/231
f 234/234/234 229/229/229 233/233/233
f 233/233/233 235/235/235 234/234/234
f 234/234/234 236/236/236 229/229/229
f 237/237/237 229/229/229 236/236/236
f 238/238/238 236/236/236 234/234/234
f 228/228/228 239/239/239 227/227/227
f 233/233/233 231/231/231 240/240/240
f 236/236/236 241/241/241 237/237/237
f 227/227/227 242/242/242 230/230/230
f 243/243/243 228/228/228 229/229/229
f 228/228/228 243/243/243 244/244/244
f 243/243/243 246/246/246 245/245/245
f 247/247/247 243/243/243 245/245/245
f 245/245/245 248/248/248 247/247/247
f 248/248/248 249/249/249 247/247/247
f 246/246/246 243/243/243 229/229/229
f 250/250/250 246/246/246 229/229/229
f 246/246/246 250/250/250 251/251/251
f 250/250/250 252/252/252 251/251/251
f 229/229/229 253/253/253 250/250/250
f 250/250/250 253/253/253 254/254/254
f 255/255/255 250/250/250 254/254/254
f 254/254/254 256/256/256 255/255/255
f 256/256/256 257/257/257 255/255/255
f 258/258/258 253/253/253 229/229/229
f 259/259/259 253/253/253 258/258/258
f 260/260/260 259/259/259 258/258/258
f 261/261/261 258/258/258 229/229/229
f 258/258/258 261/261/261 262/262/262
f 263/263/263 258/258/258 262/262/262
f 262/262/262 264/264/264 263/263/263
f 264/264/264 265/265/265 263/263/263
f 266/266/266 261/261/261 237/237/237
f 261/261/261 229/229/229 237/237/237
f 269/269/269 268/268/268 267/267/267
f 270/270/270 269/269/269 267/267/267
f 268/268/268 271/271/271 267/267/267
f 271/271/271 272/272/272 267/267/267
f 270/270/270 267/267/267 273/273/273
f 267/267/267 274/274/274 273/273/273
f 275/275/275 270/270/270 273/273/273
f 275/275/275 276/276/276 270/270/270
f 276/276/276 269/269/269 270/270/270
f 277/277/277 275/275/275 273/273/273
f 269/269/269 276/276/276 278/278/278
f 269/269/269 278/278/278 268/268/268
f 276/276/276 279/279/279 278/278/278
f 280/280/280 278/278/278 279/279/279
f 281/281/281 278/278/278 280/280/280
f 268/268/268 281/281/281 271/271/271
f 278/278/278 281/281/281 268/268/268
f 281/281/281 280/280/280 282/282/282
f 280/280/280 283/283/283 282/282/282
f 280/280/280 279/279/279 283/283/283
f 283/283/283 284/284/284 282/282/282
f 285/285/285 281/281/281 282/282/282
f 281/281/281 285/285/285 271/271/271
f 288/288/288 287/287/287 286/286/286
f 289/289/289 288/288/288 286/286/286
f 289/289/289 286/286/286 290/290/290
f 286/286/286 291/291/291 290/290/290
f 289/289/289 290/290/290 292/292/292
f 293/293/293 289/289/289 292/292/292
f 293/293/293 294/294/294 289/289/289
f 295/295/295 291/291/291 286/286/286
f 287/287/287 295/295/295 286/286/286
f 287/287/287 296/296/296 295/295/295
f 296/296/296 297/297/297 295/295/295
f 297/297/297 296/296/296 298/298/298
f 296/296/296 299/299/299 298/298/298
f 296/296/296 300/300/300 299/299/299
f 300/300/300 296/296/296 287/287/287
f 288/288/288 300/300/300 287/287/287
f 299/299/299 301/301/301 298/298/298
f 301/301/301 302/302/302 298/298/298
f 300/300/300 288/288/288 303/303/303
f 299/299/299 300/300/300 303/303/303
f 299/299/299 303/303/303 301/301/301
f 288/288/288 304/304/304 303/303/303
f 304/304/304 288/288/288 289/289/289
f 307/307/307 306/306/306 305/305/305
f 308/308/308 307/307/307 305/305/305
f 309/309/309 308/308/308 305/305/305
f 310/310/310 309/309/309 305/305/305
f 305/305/305 306/306/306 311/311/311
f 310/310/310 305/305/305 311/311/311
f 312/312/312 310/310/310 311/311/311
f 312/312/312 313/313/313 310/310/310
f 313/313/313 309/309/309 310/310/310
f 314/314/314 312/312/312 311/311/311
f 309/309/309 313/313/313 315/315/315
f 316/316/316 309/309/309 315/315/315
f 309/309/309 316/316/316 308/308/308
f 317/317/317 316/316/316 315/315/315
f 318/318/318 316/316/316 317/317/317
f 308/308/308 318/318/318 307/307/307
f 316/316/316 318/318/318 308/308/308
f 317/317/317 319/319/319 318/318/318
f 319/319/319 320/320/320 318/318/318
f 318/318/318 320/320/320 307/307/307
f 317/317/317 321/321/321 319/319/319
f 317/317/317 315/315/315 321/321/321
f 321/321/321 322/322/322 319/319/319
f 325/325/325 324/324/324 323/323/323
f 328/328/328 327/327/327 326/326/326
f 326/326/326 327/327/327 329/329/329
f 332/332/332 331/331/331 330/330/330
f 335/335/335 334/334/334 333/333/333
f 336/336/336 334/334/334 335/335/335
f 339/339/339 338/338/338 337/337/337
f 342/342/342 341/341/341 340/340/340
f 343/343/343 342/342/342 340/340/340
f 342/342/342 344/344/344 341/341/341
f 344/344/344 345/345/345 341/341/341
f 344/344/344 346/346/346 345/345/345
f 346/346/346 344/344/344 342/342/342
f 346/346/346 347/347/347 345/345/345
f 343/343/343 340/340/340 348/348/348
f 349/349/349 343/343/343 348/348/348
f 350/350/350 342/342/342 343/343/343
f 349/349/349 350/350/350 343/343/343
f 350/350/350 346/346/346 342/342/342
f 346/346/346 351/351/351 347/347/347
f 346/346/346 350/350/350 351/351/351
f 351/351/351 352/352/352 347/347/347
f 348/348/348 353/353/353 349/349/349
f 353/353/353 354/354/354 349/349/349
f 349/349/349 354/354/354 350/350/350
f 354/354/354 355/355/355 350/350/350
f 350/350/350 355/355/355 351/351/351
f 351/351/351 356/356/356 352/352/352
f 354/354/354 357/357/357 355/355/355
f 358/358/358 357/357/357 354/354/354
f 358/358/358 354/354/354 353/353/353
f 357/357/357 359/359/359 355/355/355
f 355/355/355 359/359/359 351/351/351
f 359/359/359 360/360/360 351/351/351
f 351/351/351 360/360/360 356/356/356
f 363/363/363 362/362/362 361/361/361
f 364/364/364 363/363/363 361/361/361
f 362/362/362 365/365/365 361/361/361
f 362/362/362 366/366/366 365/365/365
f 367/367/367 366/366/366 362/362/362
f 366/366/366 368/368/368 365/365/365
f 366/366/366 369/369/369 368/368/368
f 369/369/369 370/370/370 368/368/368
f 369/369/369 371/371/371 370/370/370
f 369/369/369 372/372/372 371/371/371
f 372/372/372 369/369/369 366/366/366
f 367/367/367 372/372/372 366/366/366
f 363/363/363 373/373/373 362/362/362
f 374/374/374 362/362/362 373/373/373
f 362/362/362 374/374/374 375/375/375
f 367/367/367 362/362/362 375/375/375
f 378/378/378 377/377/377 376/376/376
f 379/379/379 378/378/378 376/376/376
f 378/378/378 380/380/380 377/377/377
f 380/380/380 381/381/381 377/377/377
f 380/380/380 382/382/382 381/381/381
f 382/382/382 383/383/383 381/381/381
f 382/382/382 384/384/384 383/383/383
f 384/384/384 385/385/385 383/383/383
f 376/376/376 377/377/377 386/386/386
f 377/377/377 387/387/387 386/386/386
f 377/377/377 381/381/381 387/387/387
f 386/386/386 387/387/387 388/388/388
f 387/387/387 389/389/389 388/388/388
f 388/388/388 389/389/389 390/390/390
f 389/389/389 391/391/391 390/390/390
f 390/390/390 391/391/391 392/392/392
f 391/391/391 393/393/393 392/392/392
f 391/391/391 394/394/394 393/393/393
f 394/394/394 395/395/395 393/393/393
f 394/394/394 396/396/396 395/395/395
f 396/396/396 397/397/397 395/395/395
f 396/396/396 398/398/398 397/397/397
f 398/398/398 399/399/399 397/397/397
f 400/400/400 394/394/394 391/391/391
f 389/389/389 400/400/400 391/391/391
f 401/401/401 396/396/396 394/394/394
f 400/400/400 401/401/401 394/394/394
f 402/402/402 398/398/398 396/396/396
f 401/401/401 402/402/402 396/396/396
f 403/403/403 400/400/400 389/389/389
f 387/387/387 403/403/403 389/389/389
f 404/404/404 401/401/401 400/400/400
f 403/403/403 404/404/404 400/400/400
f 405/405/405 402/402/402 401/401/401
f 404/404/404 405/405/405 401/401/401
f 381/381/381 403/403/403 387/387/387
f 383/383/383 404/404/404 403/403/403
f 381/381/381 383/383/383 403/403/403
f 385/385/385 405/405/405 404/404/404
f 383/383/383 385/385/385 404/404/404
f 398/398/398 406/406/406 399/399/399
f 385/385/385 406/406/406 405/405/405
f 405/405/405 406/406/406 402/402/402
f 402/402/402 406/406/406 398/398/398
f 384/384/384 406/406/406 385/385/385
f 409/409/409 408/408/408 407/407/407
f 410/410/410 409/409/409 407/407/407
f 411/411/411 407/407/407 408/408/408
f 411/411/411 408/408/408 412/412/412
f 412/412/412 408/408/408 413/413/413
f 414/414/414 411/411/411 412/412/412
f 414/414/414 412/412/412 415/415/415
f 414/414/414 416/416/416 411/411/411
f 417/417/417 411/411/411 416/416/416
f 417/417/417 407/407/407 411/411/411
f 418/418/418 415/415/415 412/412/412
f 418/418/418 412/412/412 413/413/413
f 418/418/418 413/413/413 419/419/419
f 417/417/417 420/420/420 407/407/407
f 410/410/410 407/407/407 420/420/420
f 410/410/410 421/421/421 409/409/409
f 424/424/424 423/423/423 422/422/422
f 425/425/425 423/423/423 424/424/424
f 425/425/425 426/426/426 423/423/423
f 422/422/422 427/427/427 424/424/424
f 425/425/425 424/424/424 428/428/428
f 427/427/427 428/428/428 424/424/424
f 428/428/428 429/429/429 425/425/425
f 430/430/430 429/429/429 428/428/428
f 431/431/431 430/430/430 428/428/428
f 432/432/432 430/430/430 431/431/431
f 429/429/429 433/433/433 425/425/425
f 433/433/433 434/434/434 425/425/425
f 425/425/425 434/434/434 426/426/426
f 435/435/435 434/434/434 433/433/433
f 436/436/436 434/434/434 435/435/435
f 429/429/429 437/437/437 433/433/433
f 435/435/435 433/433/433 437/437/437
f 435/435/435 437/437/437 438/438/438
f 438/438/438 439/439/439 435/435/435
f 439/439/439 436/436/436 435/435/435
f 440/440/440 439/439/439 438/438/438
f 441/441/441 439/439/439 440/440/440
f 432/432/432 442/442/442 430/430/430
f 442/442/442 443/443/443 430/430/430
f 444/444/444 441/441/441 440/440/440
f 445/445/445 444/444/444 440/440/440
f 422/422/422 444/444/444 445/445/445
f 446/446/446 444/444/444 422/422/422
f 447/447/447 422/422/422 445/445/445
f 448/448/448 447/447/447 445/445/445
f 445/445/445 440/440/440 448/448/448
f 440/440/440 449/449/449 448/448/448
f 447/447/447 427/427/427 422/422/422
f 448/448/448 450/450/450 447/447/447
f 448/448/448 451/451/451 450/450/450
f 448/448/448 452/452/452 451/451/451
f 448/448/448 453/453/453 452/452/452
f 423/423/423 446/446/446 422/422/422
f 456/456/456 455/455/455 454/454/454
f 457/457/457 456/456/456 454/454/454
f 456/456/456 457/457/457 458/458/458
f 457/457/457 459/459/459 458/458/458
f 458/458/458 459/459/459 460/460/460
f 461/461/461 458/458/458 460/460/460
f 461/461/461 462/462/462 458/458/458
f 458/458/458 462/462/462 463/463/463
f 464/464/464 458/458/458 463/463/463
f 464/464/464 463/463/463 465/465/465
f 463/463/463 466/466/466 465/465/465
f 465/465/465 466/466/466 467/467/467
f 466/466/466 468/468/468 467/467/467
f 461/461/461 460/460/460 469/469/469
f 470/470/470 468/468/468 466/466/466
f 471/471/471 470/470/470 466/466/466
f 471/471/471 466/466/466 472/472/472
f 473/473/473 471/471/471 472/472/472
f 473/473/473 472/472/472 474/474/474
f 475/475/475 473/473/473 474/474/474
f 475/475/475 474/474/474 476/476/476
f 477/477/477 475/475/475 476/476/476
f 477/477/477 476/476/476 478/478/478
f 479/479/479 477/477/477 478/478/478
f 468/468/468 480/480/480 467/467/467
f 480/480/480 468/468/468 470/470/470
f 480/480/480 481/481/481 467/467/467
f 480/480/480 482/482/482 481/481/481
f 467/467/467 481/481/481 483/483/483
f 484/484/484 467/467/467 483/483/483
f 485/485/485 482/482/482 480/480/480
f 486/486/486 485/485/485 480/480/480
f 487/487/487 481/481/481 482/482/482
f 485/485/485 487/487/487 482/482/482
f 488/488/488 483/483/483 481/481/481
f 487/487/487 488/488/488 481/481/481
f 486/486/486 480/480/480 470/470/470
f 489/489/489 484/484/484 483/483/483
f 490/490/490 489/489/489 483/483/483
f 491/491/491 483/483/483 488/488/488
f 492/492/492 491/491/491 488/488/488
f 455/455/455 489/489/489 490/490/490
f 454/454/454 455/455/455 490/490/490
f 493/493/493 491/491/491 492/492/492
f 494/494/494 493/493/493 492/492/492
f 495/495/495 493/493/493 494/494/494
f 496/496/496 495/495/495 494/494/494
f 496/496/496 497/497/497 495/495/495
f 497/497/497 498/498/498 495/495/495
f 497/497/497 499/499/499 498/498/498
f 499/499/499 500/500/500 498/498/498
f 499/499/499 501/501/501 500/500/500
f 501/501/501 502/502/502 500/500/500
f 505/505/505 504/504/504 503/503/503
f 506/506/506 505/505/505 503/503/503
f 506/506/506 503/503/503 507/507/507
f 508/508/508 506/506/506 507/507/507
f 504/504/504 505/505/505 509/509/509
f 505/505/505 510/510/510 509/509/509
f 509/509/509 510/510/510 511/511/511
f 510/510/510 512/512/512 511/511/511
f 512/512/512 513/513/513 511/511/511
f 513/513/513 514/514/514 511/511/511
f 517/517/517 516/516/516 515/515/515
f 518/518/518 517/517/517 515/515/515
f 518/518/518 515/515/515 519/519/519
f 520/520/520 518/518/518 519/519/519
f 517/517/517 521/521/521 516/516/516
f 521/521/521 522/522/522 516/516/516
f 525/525/525 524/524/524 523/523/523
f 524/524/524 525/525/525 526/526/526
f 524/524/524 526/526/526 527/527/527
f 528/528/528 524/524/524 527/527/527
f 529/529/529 524/524/524 528/528/528
f 524/524/524 529/529/529 523/523/523
f 529/529/529 528/528/528 530/530/530
f 528/528/528 527/527/527 531/531/531
f 530/530/530 528/528/528 531/531/531
f 530/530/530 531/531/531 532/532/532
f 533/533/533 530/530/530 532/532/532
f 529/529/529 530/530/530 533/533/533
f 534/534/534 529/529/529 533/533/533
f 534/534/534 533/533/533 535/535/535
f 536/536/536 534/534/534 535/535/535
f 535/535/535 537/537/537 536/536/536
f 535/535/535 538/538/538 537/537/537
f 535/535/535 533/533/533 538/538/538
f 533/533/533 539/539/539 538/538/538
f 539/539/539 533/533/533 532/532/532
f 534/534/534 540/540/540 529/529/529
f 540/540/540 534/534/534 541/541/541
f 540/540/540 541/541/541 542/542/542
f 540/540/540 542/542/542 529/529/529
f 541/541/541 543/543/543 542/542/542
f 541/541/541 544/544/544 543/543/543
f 541/541/541 545/545/545 544/544/544
f 534/534/534 545/545/545 541/541/541
f 547/547/547 546/546/546 542/542/542
f 542/542/542 546/546/546 529/529/529
f 529/529/529 546/546/546 548/548/548
f 546/546/546 547/547/547 549/549/549
f 548/548/548 546/546/546 549/549/549
f 547/547/547 542/542/542 550/550/550
f 542/542/542 551/551/551 550/550/550
f 550/550/550 551/551/551 552/552/552
f 553/553/553 550/550/550 552/552/552
f 547/547/547 550/550/550 553/553/553
f 549/549/549 547/547/547 553/553/553
f 548/548/548 523/523/523 529/529/529
f 548/548/548 554/554/554 523/523/523
f 557/557/557 556/556/556 555/555/555
f 558/558/558 555/555/555 556/556/556
f 559/559/559 558/558/558 556/556/556
f 560/560/560 559/559/559 556/556/556
f 561/561/561 559/559/559 560/560/560
f 562/562/562 559/559/559 561/561/561
f 558/558/558 559/559/559 562/562/562
f 563/563/563 558/558/558 562/562/562
f 558/558/558 563/563/563 555/555/555
f 555/555/555 564/564/564 557/557/557
f 564/564/564 565/565/565 557/557/557
f 557/557/557 565/565/565 566/566/566
f 565/565/565 567/567/567 566/566/566
f 566/566/566 567/567/567 568/568/568
f 569/569/569 566/566/566 568/568/568
f 557/557/557 566/566/566 569/569/569
f 556/556/556 557/557/557 569/569/569
f 570/570/570 555/555/555 563/563/563
f 570/570/570 571/571/571 555/555/555
f 570/570/570 572/572/572 571/571/571
f 572/572/572 570/570/570 573/573/573
f 570/570/570 563/563/563 573/573/573
f 574/574/574 572/572/572 573/573/573
f 574/574/574 573/573/573 575/575/575
f 575/575/575 573/573/573 576/576/576
f 563/563/563 576/576/576 573/573/573
f 572/572/572 577/577/577 571/571/571
f 577/577/577 578/578/578 571/571/571
f 579/579/579 571/571/571 578/578/578
f 579/579/579 578/578/578 580/580/580
f 580/580/580 581/581/581 579/579/579
f 581/581/581 582/582/582 579/579/579
f 582/582/582 555/555/555 579/579/579
f 579/579/579 555/555/555 571/571/571
f 583/583/583 555/555/555 582/582/582
f 584/584/584 583/583/583 582/582/582
f 581/581/581 584/584/584 582/582/582
f 564/564/564 555/555/555 583/583/583
f 564/564/564 583/583/583 585/585/585
f 588/588/588 587/587/587 586/586/586
f 589/589/589 588/588/588 586/586/586
f 587/587/587 590/590/590 586/586/586
f 590/590/590 591/591/591 586/586/586
f 588/588/588 592/592/592 587/587/587
f 593/593/593 592/592/592 588/588/588
f 593/593/593 588/588/588 594/594/594
f 588/588/588 595/595/595 594/594/594
f 594/594/594 595/595/595 596/596/596
f 596/596/596 597/597/597 594/594/594
f 594/594/594 597/597/597 593/593/593
f 597/597/597 598/598/598 593/593/593
f 587/587/587 592/592/592 599/599/599
f 590/590/590 587/587/587 599/599/599
f 600/600/600 592/592/592 593/593/593
f 598/598/598 600/600/600 593/593/593
f 586/586/586 591/591/591 601/601/601
f 586/586/586 601/601/601 589/589/589
f 591/591/591 602/602/602 601/601/601
f 601/601/601 602/602/602 603/603/603
f 602/602/602 604/604/604 603/603/603
f 603/603/603 604/604/604 605/605/605
f 605/605/605 606/606/606 603/603/603
f 603/603/603 606/606/606 607/607/607
f 601/601/601 603/603/603 607/607/607
f 601/601/601 607/607/607 589/589/589
f 600/600/600 609/609/609 608/608/608
f 609/609/609 610/610/610 608/608/608
f 610/610/610 609/609/609 611/611/611
f 611/611/611 612/612/612 610/610/610
f 610/610/610 612/612/612 608/608/608
f 612/612/612 613/613/613 608/608/608
f 613/613/613 614/614/614 608/608/608
f 608/608/608 614/614/614 592/592/592
f 600/600/600 608/608/608 592/592/592
f 617/617/617 616/616/616 615/615/615
f 618/618/618 617/617/617 615/615/615
f 619/619/619 618/618/618 615/615/615
f 618/618/618 619/619/619 620/620/620
f 621/621/621 618/618/618 620/620/620
f 621/621/621 617/617/617 618/618/618
f 622/622/622 619/619/619 615/615/615
f 617/617/617 621/621/621 623/623/623
f 617/617/617 623/623/623 624/624/624
f 625/625/625 617/617/617 624/624/624
f 625/625/625 624/624/624 626/626/626
f 627/627/627 626/626/626 624/624/624
f 627/627/627 624/624/624 623/623/623
f 628/628/628 627/627/627 623/623/623
f 615/615/615 616/616/616 629/629/629
f 615/615/615 629/629/629 622/622/622
f 616/616/616 630/630/630 629/629/629
f 630/630/630 631/631/631 629/629/629
f 631/631/631 632/632/632 629/629/629
f 631/631/631 633/633/633 632/632/632
f 634/634/634 632/632/632 633/633/633
f 635/635/635 629/629/629 632/632/632
f 634/634/634 635/635/635 632/632/632
f 629/629/629 635/635/635 622/622/622
f 636/636/636 628/628/628 623/623/623
f 621/621/621 636/636/636 623/623/623
f 621/621/621 637/637/637 636/636/636
f 637/637/637 638/638/638 636/636/636
f 639/639/639 636/636/636 638/638/638
f 640/640/640 639/639/639 638/638/638
f 639/639/639 640/640/640 641/641/641
f 642/642/642 641/641/641 640/640/640
f 642/642/642 640/640/640 638/638/638
f 643/643/643 642/642/642 638/638/638
f 637/637/637 643/643/643 638/638/638
f 646/646/646 645/645/645 644/644/644
f 647/647/647 645/645/645 646/646/646
f 644/644/644 645/645/645 648/648/648
f 648/648/648 645/645/645 649/649/649
f 644/644/644 648/648/648 650/650/650
f 651/651/651 644/644/644 650/650/650
f 647/647/647 646/646/646 652/652/652
f 653/653/653 647/647/647 652/652/652
f 651/651/651 654/654/654 644/644/644
f 654/654/654 646/646/646 644/644/644
f 654/654/654 655/655/655 646/646/646
f 656/656/656 650/650/650 648/648/648
f 656/656/656 648/648/648 649/649/649
f 656/656/656 649/649/649 657/657/657
f 658/658/658 652/652/652 646/646/646
f 658/658/658 646/646/646 655/655/655
f 661/661/661 660/660/660 659/659/659
f 659/659/659 660/660/660 662/662/662
f 659/659/659 662/662/662 663/663/663
f 664/664/664 659/659/659 663/663/663
f 665/665/665 659/659/659 664/664/664
f 666/666/666 665/665/665 664/664/664
f 667/667/667 665/665/665 666/666/666
f 668/668/668 667/667/667 666/666/666
f 669/669/669 667/667/667 668/668/668
f 669/669/669 670/670/670 667/667/667
f 671/671/671 670/670/670 669/669/669
f 672/672/672 669/669/669 668/668/668
f 671/671/671 669/669/669 672/672/672
f 663/663/663 662/662/662 673/673/673
f 662/662/662 674/674/674 673/673/673
f 662/662/662 675/675/675 674/674/674
f 662/662/662 660/660/660 675/675/675
f 674/674/674 675/675/675 676/676/676
f 676/676/676 677/677/677 671/671/671
f 677/677/677 670/670/670 671/671/671
f 674/674/674 676/676/676 678/678/678
f 673/673/673 674/674/674 678/678/678
f 676/676/676 671/671/671 679/679/679
f 678/678/678 676/676/676 679/679/679
f 679/679/679 671/671/671 672/672/672
f 667/667/667 680/680/680 665/665/665
f 667/667/667 681/681/681 680/680/680
f 667/667/667 670/670/670 681/681/681
f 682/682/682 673/673/673 678/678/678
f 682/682/682 678/678/678 683/683/683
f 684/684/684 683/683/683 678/678/678
f 679/679/679 684/684/684 678/678/678
f 684/684/684 679/679/679 685/685/685
f 679/679/679 672/672/672 685/685/685
f 686/686/686 685/685/685 672/672/672
f 668/668/668 686/686/686 672/672/672
f 687/687/687 686/686/686 668/668/668
f 687/687/687 688/688/688 686/686/686
f 687/687/687 689/689/689 688/688/688
f 689/689/689 687/687/687 690/690/690
f 687/687/687 691/691/691 690/690/690
f 691/691/691 687/687/687 664/664/664
f 692/692/692 691/691/691 664/664/664
f 692/692/692 664/664/664 663/663/663
f 691/691/691 693/693/693 690/690/690
f 689/689/689 690/690/690 694/694/694
f 690/690/690 695/695/695 694/694/694
f 695/695/695 696/696/696 694/694/694
f 696/696/696 695/695/695 697/697/697
f 698/698/698 696/696/696 697/697/697
f 699/699/699 698/698/698 697/697/697
f 700/700/700 699/699/699 697/697/697
f 701/701/701 693/693/693 691/691/691
f 702/702/702 692/692/692 663/663/663
f 703/703/703 692/692/692 702/702/702
f 704/704/704 703/703/703 702/702/702
f 704/704/704 702/702/702 705/705/705
f 706/706/706 704/704/704 705/705/705
f 702/702/702 707/707/707 705/705/705
f 702/702/702 663/663/663 707/707/707
f 707/707/707 708/708/708 705/705/705
f 709/709/709 708/708/708 707/707/707
f 708/708/708 709/709/709 710/710/710
f 710/710/710 711/711/711 708/708/708
f 711/711/711 705/705/705 708/708/708
f 710/710/710 712/712/712 711/711/711
f 712/712/712 710/710/710 709/709/709
f 712/712/712 713/713/713 711/711/711
f 714/714/714 713/713/713 712/712/712
f 715/715/715 714/714/714 712/712/712
f 716/716/716 715/715/715 712/712/712
f 709/709/709 716/716/716 712/712/712
f 711/711/711 713/713/713 717/717/717
f 711/711/711 717/717/717 705/705/705
f 713/713/713 714/714/714 718/718/718
f 717/717/717 713/713/713 718/718/718
f 719/719/719 706/706/706 705/705/705
f 717/717/717 719/719/719 705/705/705
f 717/717/717 718/718/718 720/720/720
f 719/719/719 717/717/717 720/720/720
f 719/719/719 720/720/720 721/721/721
f 720/720/720 722/722/722 721/721/721
f 709/709/709 707/707/707 723/723/723
f 707/707/707 673/673/673 723/723/723
f 663/663/663 673/673/673 707/707/707
f 682/682/682 723/723/723 673/673/673
f 723/723/723 682/682/682 709/709/709
f 726/726/726 725/725/725 724/724/724
f 726/726/726 727/727/727 725/725/725
f 724/724/724 725/725/725 728/728/728
f 729/729/729 728/728/728 725/725/725
f 729/729/729 730/730/730 728/728/728
f 730/730/730 731/731/731 728/728/728
f 726/726/726 732/732/732 727/727/727
f 732/732/732 733/733/733 727/727/727
f 734/734/734 726/726/726 724/724/724
f 734/734/734 732/732/732 726/726/726
f 735/735/735 728/728/728 731/731/731
f 735/735/735 724/724/724 728/728/728
f 734/734/734 724/724/724 736/736/736
f 735/735/735 736/736/736 724/724/724
f 739/739/739 738/738/738 737/737/737
f 737/737/737 738/738/738 740/740/740
f 738/738/738 741/741/741 740/740/740
f 742/742/742 740/740/740 741/741/741
f 743/743/743 742/742/742 741/741/741
f 742/742/742 743/743/743 744/744/744
f 744/744/744 743/743/743 745/745/745
f 746/746/746 738/738/738 739/739/739
f 739/739/739 737/737/737 747/747/747
f 737/737/737 740/740/740 748/748/748
f 740/740/740 742/742/742 748/748/748
f 749/749/749 737/737/737 748/748/748
f 748/748/748 750/750/750 749/749/749
f 751/751/751 749/749/749 750/750/750
f 750/750/750 748/748/748 752/752/752
f 753/753/753 750/750/750 752/752/752
f 751/751/751 750/750/750 753/753/753
f 752/752/752 748/748/748 754/754/754
f 752/752/752 754/754/754 755/755/755
f 756/756/756 752/752/752 755/755/755
f 755/755/755 754/754/754 757/757/757
f 754/754/754 758/758/758 757/757/757
f 758/758/758 754/754/754 748/748/748
f 756/756/756 755/755/755 759/759/759
f 760/760/760 756/756/756 759/759/759
f 752/752/752 756/756/756 760/760/760
f 753/753/753 752/752/752 760/760/760
f 761/761/761 753/753/753 760/760/760
f 761/761/761 751/751/751 753/753/753
f 762/762/762 761/761/761 760/760/760
f 762/762/762 760/760/760 759/759/759
f 762/762/762 763/763/763 761/761/761
f 763/763/763 764/764/764 761/761/761
f 765/765/765 764/764/764 763/763/763
f 766/766/766 765/765/765 763/763/763
f 766/766/766 767/767/767 765/765/765
f 767/767/767 768/768/768 765/765/765
f 769/769/769 767/767/767 766/766/766
f 770/770/770 763/763/763 762/762/762
f 770/770/770 762/762/762 759/759/759
f 769/769/769 766/766/766 770/770/770
f 770/770/770 766/766/766 763/763/763
f 759/759/759 755/755/755 771/771/771
f 755/755/755 757/757/757 771/771/771
f 772/772/772 757/757/757 758/758/758
f 773/773/773 772/772/772 758/758/758
f 771/771/771 757/757/757 772/772/772
f 768/768/768 774/774/774 765/765/765
f 765/765/765 774/774/774 775/775/775
f 765/765/765 775/775/775 764/764/764
f 775/775/775 774/774/774 776/776/776
f 775/775/775 761/761/761 764/764/764
f 775/775/775 751/751/751 761/761/761
f 775/775/775 776/776/776 751/751/751
f 776/776/776 777/777/777 751/751/751
f 778/778/778 751/751/751 777/777/777
f 779/779/779 778/778/778 777/777/777
f 780/780/780 778/778/778 779/779/779
f 778/778/778 780/780/780 781/781/781
f 778/778/778 781/781/781 782/782/782
f 783/783/783 778/778/778 782/782/782
f 784/784/784 783/783/783 782/782/782
f 785/785/785 783/783/783 784/784/784
f 785/785/785 784/784/784 786/786/786
f 787/787/787 785/785/785 786/786/786
f 787/787/787 788/788/788 785/785/785
f 788/788/788 789/789/789 785/785/785
f 789/789/789 790/790/790 785/785/785
f 785/785/785 790/790/790 791/791/791
f 785/785/785 791/791/791 783/783/783
f 791/791/791 792/792/792 783/783/783
f 789/789/789 788/788/788 793/793/793
f 794/794/794 790/790/790 789/789/789
f 795/795/795 794/794/794 789/789/789
f 795/795/795 789/789/789 793/793/793
f 793/793/793 796/796/796 795/795/795
f 796/796/796 797/797/797 795/795/795
f 794/794/794 795/795/795 797/797/797
f 784/784/784 798/798/798 786/786/786
f 784/784/784 782/782/782 798/798/798
f 797/797/797 796/796/796 799/799/799
f 796/796/796 800/800/800 799/799/799
f 800/800/800 801/801/801 799/799/799
f 801/801/801 802/802/802 799/799/799
f 799/799/799 802/802/802 803/803/803
f 797/797/797 799/799/799 803/803/803
f 794/794/794 797/797/797 803/803/803
f 802/802/802 804/804/804 803/803/803
f 802/802/802 801/801/801 805/805/805
f 802/802/802 805/805/805 804/804/804
f 801/801/801 806/806/806 805/805/805
f 805/805/805 806/806/806 807/807/807
f 808/808/808 805/805/805 807/807/807
f 809/809/809 805/805/805 808/808/808
f 805/805/805 809/809/809 804/804/804
f 810/810/810 804/804/804 809/809/809
f 811/811/811 810/810/810 809/809/809
f 811/811/811 809/809/809 808/808/808
f 804/804/804 810/810/810 812/812/812
f 803/803/803 804/804/804 812/812/812
f 803/803/803 812/812/812 813/813/813
f 803/803/803 813/813/813 794/794/794
f 813/813/813 814/814/814 794/794/794
f 794/794/794 814/814/814 815/815/815
f 818/818/818 817/817/817 816/816/816
f 819/819/819 818/818/818 816/816/816
f 820/820/820 818/818/818 819/819/819
f 821/821/821 820/820/820 819/819/819
f 822/822/822 820/820/820 821/821/821
f 823/823/823 822/822/822 821/821/821
f 824/824/824 822/822/822 823/823/823
f 825/825/825 824/824/824 823/823/823
f 826/826/826 824/824/824 825/825/825
f 827/827/827 826/826/826 825/825/825
f 828/828/828 826/826/826 827/827/827
f 829/829/829 828/828/828 827/827/827
f 822/822/822 824/824/824 830/830/830
f 831/831/831 822/822/822 830/830/830
f 820/820/820 822/822/822 831/831/831
f 832/832/832 831/831/831 830/830/830
f 833/833/833 832/832/832 830/830/830
f 833/833/833 830/830/830 834/834/834
f 824/824/824 826/826/826 834/834/834
f 830/830/830 824/824/824 834/834/834
f 835/835/835 833/833/833 834/834/834
f 835/835/835 834/834/834 836/836/836
f 836/836/836 837/837/837 835/835/835
f 838/838/838 835/835/835 837/837/837
f 837/837/837 839/839/839 838/838/838
f 840/840/840 839/839/839 837/837/837
f 840/840/840 841/841/841 839/839/839
f 841/841/841 842/842/842 839/839/839
f 839/839/839 842/842/842 843/843/843
f 843/843/843 844/844/844 839/839/839
f 839/839/839 844/844/844 838/838/838
f 838/838/838 844/844/844 835/835/835
f 842/842/842 845/845/845 843/843/843
f 843/843/843 845/845/845 846/846/846
f 843/843/843 846/846/846 847/847/847
f 847/847/847 844/844/844 843/843/843
f 845/845/845 848/848/848 846/846/846
f 846/846/846 848/848/848 849/849/849
f 846/846/846 849/849/849 850/850/850
f 848/848/848 851/851/851 849/849/849
f 849/849/849 851/851/851 852/852/852
f 849/849/849 852/852/852 853/853/853
f 851/851/851 854/854/854 852/852/852
f 851/851/851 855/855/855 854/854/854
f 855/855/855 856/856/856 854/854/854
f 857/857/857 855/855/855 851/851/851
f 848/848/848 857/857/857 851/851/851
f 842/842/842 858/858/858 845/845/845
f 858/858/858 859/859/859 845/845/845
f 859/859/859 857/857/857 848/848/848
f 845/845/845 859/859/859 848/848/848
f 860/860/860 858/858/858 842/842/842
f 841/841/841 860/860/860 842/842/842
f 850/850/850 849/849/849 861/861/861
f 861/861/861 849/849/849 853/853/853
f 850/850/850 861/861/861 862/862/862
f 861/861/861 853/853/853 863/863/863
f 862/862/862 861/861/861 863/863/863
f 863/863/863 853/853/853 864/864/864
f 853/853/853 852/852/852 865/865/865
f 853/853/853 865/865/865 864/864/864
f 863/863/863 864/864/864 866/866/866
f 864/864/864 867/867/867 866/866/866
f 863/863/863 866/866/866 868/868/868
f 862/862/862 863/863/863 868/868/868
f 862/862/862 868/868/868 831/831/831
f 832/832/832 862/862/862 831/831/831
f 832/832/832 869/869/869 862/862/862
f 870/870/870 869/869/869 832/832/832
f 870/870/870 846/846/846 869/869/869
f 847/847/847 846/846/846 870/870/870
f 847/847/847 870/870/870 832/832/832
f 871/871/871 847/847/847 832/832/832
f 869/869/869 846/846/846 850/850/850
f 869/869/869 850/850/850 862/862/862
f 844/844/844 847/847/847 871/871/871
f 835/835/835 844/844/844 871/871/871
f 867/867/867 817/817/817 866/866/866
f 817/817/817 818/818/818 866/866/866
f 866/866/866 818/818/818 868/868/868
f 818/818/818 820/820/820 868/868/868
f 868/868/868 820/820/820 831/831/831
f 874/874/874 873/873/873 872/872/872
f 875/875/875 874/874/874 872/872/872
f 876/876/876 874/874/874 875/875/875
f 877/877/877 876/876/876 875/875/875
f 878/878/878 876/876/876 877/877/877
f 879/879/879 878/878/878 877/877/877
f 880/880/880 878/878/878 879/879/879
f 881/881/881 880/880/880 879/879/879
f 882/882/882 880/880/880 881/881/881
f 883/883/883 882/882/882 881/881/881
f 879/879/879 877/877/877 884/884/884
f 877/877/877 875/875/875 884/884/884
f 885/885/885 879/879/879 884/884/884
f 879/879/879 885/885/885 886/886/886
f 881/881/881 879/879/879 886/886/886
f 881/881/881 886/886/886 887/887/887
f 883/883/883 881/881/881 887/887/887
f 888/888/888 875/875/875 872/872/872
f 875/875/875 888/888/888 884/884/884
f 878/878/878 889/889/889 876/876/876
f 889/889/889 878/878/878 880/880/880
f 889/889/889 890/890/890 876/876/876
f 891/891/891 889/889/889 880/880/880
f 891/891/891 880/880/880 882/882/882
f 892/892/892 891/891/891 882/882/882
f 884/884/884 888/888/888 893/893/893
f 885/885/885 894/894/894 886/886/886
f 885/885/885 884/884/884 895/895/895
f 894/894/894 885/885/885 895/895/895
f 895/895/895 884/884/884 893/893/893
f 887/887/887 886/886/886 896/896/896
f 897/897/897 887/887/887 896/896/896
f 896/896/896 886/886/886 898/898/898
f 886/886/886 894/894/894 898/898/898
f 893/893/893 888/888/888 899/899/899
f 899/899/899 888/888/888 900/900/900
f 888/888/888 901/901/901 900/900/900
f 901/901/901 888/888/888 872/872/872
f 899/899/899 900/900/900 855/855/855
f 893/893/893 899/899/899 855/855/855
f 857/857/857 893/893/893 855/855/855
f 895/895/895 893/893/893 857/857/857
f 859/859/859 895/895/895 857/857/857
f 894/894/894 895/895/895 859/859/859
f 855/855/855 900/900/900 856/856/856
f 858/858/858 894/894/894 859/859/859
f 898/898/898 894/894/894 858/858/858
f 896/896/896 898/898/898 858/858/858
f 860/860/860 896/896/896 858/858/858
f 897/897/897 896/896/896 860/860/860
f 900/900/900 901/901/901 902/902/902
f 900/900/900 902/902/902 856/856/856
f 905/905/905 904/904/904 903/903/903
f 906/906/906 905/905/905 903/903/903
f 907/907/907 903/903/903 904/904/904
f 907/907/907 908/908/908 903/903/903
f 908/908/908 909/909/909 903/903/903
f 908/908/908 910/910/910 909/909/909
f 910/910/910 911/911/911 909/909/909
f 910/910/910 912/912/912 911/911/911
f 912/912/912 913/913/913 911/911/911
f 913/913/913 914/914/914 911/911/911
f 913/913/913 915/915/915 914/914/914
f 915/915/915 916/916/916 914/914/914
f 916/916/916 917/917/917 914/914/914
f 914/914/914 917/917/917 918/918/918
f 919/919/919 914/914/914 918/918/918
f 911/911/911 914/914/914 919/919/919
f 918/918/918 920/920/920 919/919/919
f 920/920/920 921/921/921 919/919/919
f 922/922/922 919/919/919 921/921/921
f 922/922/922 911/911/911 919/919/919
f 909/909/909 911/911/911 922/922/922
f 923/923/923 922/922/922 921/921/921
f 924/924/924 922/922/922 923/923/923
f 924/924/924 909/909/909 922/922/922
f 925/925/925 924/924/924 923/923/923
f 924/924/924 925/925/925 926/926/926
f 925/925/925 927/927/927 926/926/926
f 926/926/926 927/927/927 928/928/928
f 927/927/927 929/929/929 928/928/928
f 921/921/921 920/920/920 930/930/930
f 931/931/931 921/921/921 930/930/930
f 932/932/932 921/921/921 931/931/931
f 925/925/925 923/923/923 932/932/932
f 932/932/932 923/923/923 921/921/921
f 927/927/927 925/925/925 933/933/933
f 933/933/933 925/925/925 932/932/932
f 934/934/934 927/927/927 933/933/933
f 929/929/929 927/927/927 934/934/934
f 926/926/926 903/903/903 924/924/924
f 903/903/903 909/909/909 924/924/924
f 935/935/935 929/929/929 934/934/934
f 906/906/906 903/903/903 926/926/926
f 928/928/928 906/906/906 926/926/926
f 931/931/931 930/930/930 936/936/936
f 932/932/932 931/931/931 937/937/937
f 933/933/933 938/938/938 934/934/934
f 933/933/933 932/932/932 938/938/938
f 935/935/935 934/934/934 939/939/939
f 940/940/940 931/931/931 936/936/936
f 937/937/937 931/931/931 940/940/940
f 941/941/941 935/935/935 939/939/939
f 939/939/939 934/934/934 942/942/942
f 934/934/934 938/938/938 942/942/942
f 938/938/938 932/932/932 943/943/943
f 943/943/943 932/932/932 937/937/937
f 938/938/938 943/943/943 890/890/890
f 943/943/943 937/937/937 890/890/890
f 889/889/889 938/938/938 890/890/890
f 890/890/890 937/937/937 944/944/944
f 940/940/940 936/936/936 944/944/944
f 937/937/937 940/940/940 944/944/944
f 890/890/890 944/944/944 876/876/876
f 944/944/944 874/874/874 876/876/876
f 873/873/873 874/874/874 944/944/944
f 945/945/945 873/873/873 944/944/944
f 944/944/944 936/936/936 945/945/945
f 891/891/891 938/938/938 889/889/889
f 942/942/942 938/938/938 891/891/891
f 939/939/939 942/942/942 891/891/891
f 892/892/892 939/939/939 891/891/891
f 941/941/941 939/939/939 892/892/892
f 948/948/948 947/947/947 946/946/946
f 949/949/949 948/948/948 946/946/946
f 949/949/949 946/946/946 950/950/950
f 951/951/951 949/949/949 950/950/950
f 951/951/951 950/950/950 952/952/952
f 953/953/953 951/951/951 952/952/952
f 948/948/948 954/954/954 947/947/947
f 954/954/954 955/955/955 947/947/947
f 954/954/954 956/956/956 955/955/955
f 956/956/956 957/957/957 955/955/955
f 948/948/948 949/949/949 958/958/958
f 949/949/949 959/959/959 958/958/958
f 959/959/959 949/949/949 951/951/951
f 960/960/960 959/959/959 951/951/951
f 960/960/960 951/951/951 953/953/953
f 961/961/961 960/960/960 953/953/953
f 956/956/956 954/954/954 962/962/962
f 954/954/954 963/963/963 962/962/962
f 963/963/963 954/954/954 948/948/948
f 958/958/958 963/963/963 948/948/948
f 962/962/962 963/963/963 964/964/964
f 964/964/964 963/963/963 958/958/958
f 958/958/958 959/959/959 964/964/964
f 964/964/964 959/959/959 960/960/960
f 964/964/964 960/960/960 961/961/961
f 967/967/967 966/966/966 965/965/965
f 967/967/967 965/965/965 968/968/968
f 969/969/969 967/967/967 968/968/968
f 969/969/969 968/968/968 970/970/970
f 971/971/971 969/969/969 970/970/970
f 971/971/971 970/970/970 972/972/972
f 972/972/972 970/970/970 973/973/973
f 974/974/974 972/972/972 973/973/973
f 966/966/966 975/975/975 965/965/965
f 975/975/975 976/976/976 965/965/965
f 975/975/975 977/977/977 976/976/976
f 977/977/977 978/978/978 976/976/976
f 978/978/978 979/979/979 976/976/976
f 980/980/980 967/967/967 969/969/969
f 980/980/980 966/966/966 967/967/967
f 981/981/981 980/980/980 969/969/969
f 981/981/981 969/969/969 971/971/971
f 982/982/982 981/981/981 971/971/971
f 971/971/971 972/972/972 982/982/982
f 982/982/982 972/972/972 974/974/974
f 983/983/983 982/982/982 974/974/974
f 984/984/984 978/978/978 977/977/977
f 985/985/985 984/984/984 977/977/977
f 985/985/985 977/977/977 975/975/975
f 985/985/985 975/975/975 966/966/966
f 980/980/980 985/985/985 966/966/966
f 976/976/976 979/979/979 986/986/986
f 987/987/987 976/976/976 986/986/986
f 988/988/988 987/987/987 986/986/986
f 989/989/989 988/988/988 986/986/986
f 988/988/988 990/990/990 987/987/987
f 990/990/990 991/991/991 987/987/987
f 991/991/991 965/965/965 987/987/987
f 965/965/965 976/976/976 987/987/987
f 990/990/990 992/992/992 991/991/991
f 992/992/992 993/993/993 991/991/991
f 992/992/992 994/994/994 993/993/993
f 994/994/994 995/995/995 993/993/993
f 968/968/968 965/965/965 991/991/991
f 993/993/993 968/968/968 991/991/991
f 970/970/970 968/968/968 993/993/993
f 995/995/995 970/970/970 993/993/993
f 994/994/994 996/996/996 995/995/995
f 996/996/996 997/997/997 995/995/995
f 973/973/973 970/970/970 995/995/995
f 997/997/997 973/973/973 995/995/995
f 992/992/992 990/990/990 908/908/908
f 990/990/990 910/910/910 908/908/908
f 992/992/992 908/908/908 907/907/907
f 994/994/994 992/992/992 907/907/907
f 907/907/907 904/904/904 994/994/994
f 994/994/994 904/904/904 905/905/905
f 996/996/996 994/994/994 905/905/905
f 990/990/990 912/912/912 910/910/910
f 990/990/990 988/988/988 912/912/912
f 988/988/988 913/913/913 912/912/912
f 988/988/988 915/915/915 913/913/913
f 988/988/988 989/989/989 915/915/915
f 989/989/989 916/916/916 915/915/915
f 998/998/998 840/840/840 837/837/837
f 998/998/998 837/837/837 836/836/836
f 834/834/834 999/999/999 836/836/836
f 834/834/834 826/826/826 999/999/999
f 826/826/826 828/828/828 999/999/999
f 1002/1002/1002 1001/1001/1001 1000/1000/1000
f 1002/1002/1002 1000/1000/1000 1003/1003/1003
f 1004/1004/1004 1002/1002/1002 1003/1003/1003
f 1004/1004/1004 1005/1005/1005 1002/1002/1002
f 1002/1002/1002 1005/1005/1005 1006/1006/1006
f 1007/1007/1007 1003/1003/1003 1000/1000/1000
f 1007/1007/1007 1000/1000/1000 1001/1001/1001
f 1008/1008/1008 1007/1007/1007 1001/1001/1001
f 1008/1008/1008 1001/1001/1001 1009/1009/1009
f 1001/1001/1001 1010/1010/1010 1009/1009/1009
f 1010/1010/1010 1011/1011/1011 1009/1009/1009
f 1010/1010/1010 1012/1012/1012 1011/1011/1011
f 1013/1013/1013 1008/1008/1008 1009/1009/1009
f 1014/1014/1014 1010/1010/1010 1001/1001/1001
f 1002/1002/1002 1014/1014/1014 1001/1001/1001
f 1014/1014/1014 1002/1002/1002 1006/1006/1006
f 1015/1015/1015 1010/1010/1010 1014/1014/1014
f 1015/1015/1015 1012/1012/1012 1010/1010/1010
f 1016/1016/1016 1015/1015/1015 1014/1014/1014
f 1015/1015/1015 1017/1017/1017 1012/1012/1012
f 1017/1017/1017 1018/1018/1018 1012/1012/1012
f 1018/1018/1018 1019/1019/1019 1012/1012/1012
f 1018/1018/1018 1020/1020/1020 1019/1019/1019
f 1019/1019/1019 1020/1020/1020 1021/1021/1021
f 1019/1019/1019 1021/1021/1021 1022/1022/1022
f 1012/1012/1012 1019/1019/1019 1022/1022/1022
f 1012/1012/1012 1022/1022/1022 1011/1011/1011
f 1014/1014/1014 1023/1023/1023 1016/1016/1016
f 1023/1023/1023 1024/1024/1024 1016/1016/1016
f 1023/1023/1023 1025/1025/1025 1024/1024/1024
f 1026/1026/1026 1017/1017/1017 1015/1015/1015
f 1026/1026/1026 1015/1015/1015 1016/1016/1016
f 1011/1011/1011 1022/1022/1022 1027/1027/1027
f 1022/1022/1022 1028/1028/1028 1027/1027/1027
f 1028/1028/1028 1029/1029/1029 1027/1027/1027
f 1029/1029/1029 1028/1028/1028 1030/1030/1030
f 1029/1029/1029 1030/1030/1030 1031/1031/1031
f 1030/1030/1030 1032/1032/1032 1031/1031/1031
f 1032/1032/1032 1030/1030/1030 1033/1033/1033
f 1034/1034/1034 1033/1033/1033 1030/1030/1030
f 1033/1033/1033 1034/1034/1034 1035/1035/1035
f 1036/1036/1036 1033/1033/1033 1035/1035/1035
f 1037/1037/1037 1036/1036/1036 1035/1035/1035
f 1034/1034/1034 1030/1030/1030 1038/1038/1038
f 1035/1035/1035 1034/1034/1034 1038/1038/1038
f 1030/1030/1030 1039/1039/1039 1038/1038/1038
f 1028/1028/1028 1039/1039/1039 1030/1030/1030
f 1039/1039/1039 1028/1028/1028 1040/1040/1040
f 1041/1041/1041 1039/1039/1039 1040/1040/1040
f 1042/1042/1042 1041/1041/1041 1040/1040/1040
f 1043/1043/1043 1041/1041/1041 1042/1042/1042
f 1041/1041/1041 1043/1043/1043 1039/1039/1039
f 1044/1044/1044 1043/1043/1043 1042/1042/1042
f 1042/1042/1042 1045/1045/1045 1044/1044/1044
f 1045/1045/1045 1046/1046/1046 1044/1044/1044
f 1045/1045/1045 1047/1047/1047 1046/1046/1046
f 1047/1047/1047 1048/1048/1048 1046/1046/1046
f 1048/1048/1048 1049/1049/1049 1046/1046/1046
f 1049/1049/1049 1050/1050/1050 1046/1046/1046
f 1046/1046/1046 1051/1051/1051 1044/1044/1044
f 1052/1052/1052 1046/1046/1046 1050/1050/1050
f 1046/1046/1046 1052/1052/1052 1051/1051/1051
f 1051/1051/1051 1052/1052/1052 1053/1053/1053
f 1054/1054/1054 1051/1051/1051 1053/1053/1053
f 1054/1054/1054 1053/1053/1053 1055/1055/1055
f 1054/1054/1054 1055/1055/1055 1056/1056/1056
f 1057/1057/1057 1054/1054/1054 1056/1056/1056
f 1047/1047/1047 1058/1058/1058 1048/1048/1048
f 1058/1058/1058 1059/1059/1059 1048/1048/1048
f 1060/1060/1060 1049/1049/1049 1048/1048/1048
f 1059/1059/1059 1060/1060/1060 1048/1048/1048
f 1061/1061/1061 1058/1058/1058 1047/1047/1047
f 1062/1062/1062 1061/1061/1061 1047/1047/1047
f 1062/1062/1062 1063/1063/1063 1061/1061/1061
f 1063/1063/1063 1062/1062/1062 1064/1064/1064
f 1065/1065/1065 1063/1063/1063 1064/1064/1064
f 1066/1066/1066 1065/1065/1065 1064/1064/1064
f 1065/1065/1065 1067/1067/1067 1063/1063/1063
f 1067/1067/1067 1068/1068/1068 1063/1063/1063
f 1063/1063/1063 1068/1068/1068 1061/1061/1061
f 1062/1062/1062 1069/1069/1069 1064/1064/1064
f 1070/1070/1070 1067/1067/1067 1065/1065/1065
f 1071/1071/1071 1070/1070/1070 1065/1065/1065
f 1071/1071/1071 1065/1065/1065 1066/1066/1066
f 1072/1072/1072 1071/1071/1071 1066/1066/1066
f 1072/1072/1072 1066/1066/1066 1073/1073/1073
f 1074/1074/1074 1072/1072/1072 1073/1073/1073
f 1062/1062/1062 1047/1047/1047 1069/1069/1069
f 1047/1047/1047 1045/1045/1045 1069/1069/1069
f 1069/1069/1069 1045/1045/1045 1042/1042/1042
f 1075/1075/1075 1069/1069/1069 1042/1042/1042
f 1076/1076/1076 1075/1075/1075 1042/1042/1042
f 1076/1076/1076 1042/1042/1042 1040/1040/1040
f 1076/1076/1076 1040/1040/1040 1077/1077/1077
f 1040/1040/1040 1078/1078/1078 1077/1077/1077
f 1078/1078/1078 1079/1079/1079 1077/1077/1077
f 1078/1078/1078 1080/1080/1080 1079/1079/1079
f 1081/1081/1081 1076/1076/1076 1077/1077/1077
f 1082/1082/1082 1076/1076/1076 1081/1081/1081
f 1083/1083/1083 1082/1082/1082 1081/1081/1081
f 1083/1083/1083 1084/1084/1084 1082/1082/1082
f 1082/1082/1082 1084/1084/1084 1085/1085/1085
f 1084/1084/1084 1086/1086/1086 1085/1085/1085
f 1087/1087/1087 1086/1086/1086 1084/1084/1084
f 1083/1083/1083 1087/1087/1087 1084/1084/1084
f 1085/1085/1085 1086/1086/1086 1088/1088/1088
f 1088/1088/1088 1089/1089/1089 1085/1085/1085
f 1089/1089/1089 1090/1090/1090 1085/1085/1085
f 1090/1090/1090 1082/1082/1082 1085/1085/1085
f 1040/1040/1040 1092/1092/1092 1091/1091/1091
f 1093/1093/1093 1040/1040/1040 1091/1091/1091
f 1093/1093/1093 1091/1091/1091 1094/1094/1094
f 1028/1028/1028 1092/1092/1092 1040/1040/1040
f 1097/1097/1097 1096/1096/1096 1095/1095/1095
f 1097/1097/1097 1095/1095/1095 1098/1098/1098
f 1099/1099/1099 1097/1097/1097 1098/1098/1098
f 1102/1102/1102 1101/1101/1101 1100/1100/1100
f 1103/1103/1103 1100/1100/1100 1101/1101/1101
f 1103/1103/1103 1006/1006/1006 1100/1100/1100
f 1006/1006/1006 1005/1005/1005 1100/1100/1100
f 1102/1102/1102 1100/1100/1100 1005/1005/1005
f 1004/1004/1004 1102/1102/1102 1005/1005/1005
f 1075/1075/1075 1004/1004/1004 1069/1069/1069
f 1069/1069/1069 1004/1004/1004 1003/1003/1003
f 1064/1064/1064 1069/1069/1069 1003/1003/1003
f 1066/1066/1066 1064/1064/1064 1003/1003/1003
f 1073/1073/1073 1066/1066/1066 1003/1003/1003
f 1007/1007/1007 1073/1073/1073 1003/1003/1003
f 1007/1007/1007 1104/1104/1104 1073/1073/1073
f 1105/1105/1105 1104/1104/1104 1007/1007/1007
f 1008/1008/1008 1105/1105/1105 1007/1007/1007
f 1105/1105/1105 1008/1008/1008 1013/1013/1013
f 1075/1075/1075 1106/1106/1106 1004/1004/1004
f 1009/1009/1009 1107/1107/1107 1013/1013/1013
f 1107/1107/1107 1009/1009/1009 1011/1011/1011
f 1027/1027/1027 1107/1107/1107 1011/1011/1011
f 1108/1108/1108 1107/1107/1107 1027/1027/1027
f 1027/1027/1027 1109/1109/1109 1108/1108/1108
f 1109/1109/1109 1110/1110/1110 1108/1108/1108
f 1110/1110/1110 1111/1111/1111 1108/1108/1108
f 1031/1031/1031 1110/1110/1110 1109/1109/1109
f 1029/1029/1029 1109/1109/1109 1027/1027/1027
f 1029/1029/1029 1031/1031/1031 1109/1109/1109
f 1114/1114/1114 1113/1113/1113 1112/1112/1112
f 1113/1113/1113 1114/1114/1114 1115/1115/1115
f 1114/1114/1114 1116/1116/1116 1115/1115/1115
f 1117/1117/1117 1114/1114/1114 1112/1112/1112
f 1112/1112/1112 1113/1113/1113 1118/1118/1118
f 1113/1113/1113 1119/1119/1119 1118/1118/1118
f 1119/1119/1119 1113/1113/1113 1115/1115/1115
f 1120/1120/1120 1119/1119/1119 1115/1115/1115
f 1114/1114/1114 1117/1117/1117 1121/1121/1121
f 1122/1122/1122 1121/1121/1121 1117/1117/1117
f 1123/1123/1123 1122/1122/1122 1117/1117/1117
f 1123/1123/1123 1117/1117/1117 1112/1112/1112
f 1124/1124/1124 1114/1114/1114 1121/1121/1121
f 1125/1125/1125 1123/1123/1123 1112/1112/1112
f 1126/1126/1126 1125/1125/1125 1112/1112/1112
f 1127/1127/1127 1126/1126/1126 1112/1112/1112
f 1118/1118/1118 1127/1127/1127 1112/1112/1112
f 1126/1126/1126 1127/1127/1127 1128/1128/1128
f 1129/1129/1129 1126/1126/1126 1128/1128/1128
f 1129/1129/1129 1130/1130/1130 1126/1126/1126
f 1125/1125/1125 1126/1126/1126 1130/1130/1130
f 1116/1116/1116 1131/1131/1131 1115/1115/1115
f 1120/1120/1120 1115/1115/1115 1131/1131/1131
f 1132/1132/1132 1121/1121/1121 1122/1122/1122
f 1124/1124/1124 1121/1121/1121 1132/1132/1132
f 1135/1135/1135 1134/1134/1134 1133/1133/1133
f 1135/1135/1135 1136/1136/1136 1134/1134/1134
f 1134/1134/1134 1137/1137/1137 1133/1133/1133
f 1134/1134/1134 1136/1136/1136 1138/1138/1138
f 1134/1134/1134 1139/1139/1139 1137/1137/1137
f 1140/1140/1140 1139/1139/1139 1134/1134/1134
f 1141/1141/1141 1139/1139/1139 1140/1140/1140
f 1141/1141/1141 1140/1140/1140 1142/1142/1142
f 1143/1143/1143 1142/1142/1142 1140/1140/1140
f 1144/1144/1144 1142/1142/1142 1143/1143/1143
f 1145/1145/1145 1144/1144/1144 1143/1143/1143
f 1146/1146/1146 1145/1145/1145 1143/1143/1143
f 1143/1143/1143 1147/1147/1147 1146/1146/1146
f 1148/1148/1148 1147/1147/1147 1143/1143/1143
f 1149/1149/1149 1147/1147/1147 1148/1148/1148
f 1150/1150/1150 1149/1149/1149 1148/1148/1148
f 1151/1151/1151 1150/1150/1150 1148/1148/1148
f 1152/1152/1152 1150/1150/1150 1151/1151/1151
f 1152/1152/1152 1151/1151/1151 1153/1153/1153
f 1154/1154/1154 1153/1153/1153 1151/1151/1151
f 1155/1155/1155 1153/1153/1153 1154/1154/1154
f 1155/1155/1155 1154/1154/1154 1156/1156/1156
f 1154/1154/1154 1138/1138/1138 1156/1156/1156
f 1156/1156/1156 1138/1138/1138 1157/1157/1157
f 1157/1157/1157 1138/1138/1138 1158/1158/1158
f 1138/1138/1138 1159/1159/1159 1158/1158/1158
f 1138/1138/1138 1136/1136/1136 1159/1159/1159
f 1162/1162/1162 1161/1161/1161 1160/1160/1160
f 1162/1162/1162 1163/1163/1163 1161/1161/1161
f 1164/1164/1164 1160/1160/1160 1161/1161/1161
f 1163/1163/1163 1165/1165/1165 1161/1161/1161
f 1166/1166/1166 1165/1165/1165 1163/1163/1163
f 1166/1166/1166 1167/1167/1167 1165/1165/1165
f 1168/1168/1168 1165/1165/1165 1167/1167/1167
f 1168/1168/1168 1169/1169/1169 1165/1165/1165
f 1169/1169/1169 1170/1170/1170 1165/1165/1165
f 1170/1170/1170 1169/1169/1169 1171/1171/1171
f 1170/1170/1170 1171/1171/1171 1172/1172/1172
f 1172/1172/1172 1173/1173/1173 1170/1170/1170
f 1174/1174/1174 1173/1173/1173 1172/1172/1172
f 1174/1174/1174 1175/1175/1175 1173/1173/1173
f 1175/1175/1175 1176/1176/1176 1173/1173/1173
f 1175/1175/1175 1177/1177/1177 1176/1176/1176
f 1176/1176/1176 1177/1177/1177 1178/1178/1178
f 1178/1178/1178 1179/1179/1179 1176/1176/1176
f 1176/1176/1176 1179/1179/1179 1180/1180/1180
f 1176/1176/1176 1180/1180/1180 1181/1181/1181
f 1181/1181/1181 1182/1182/1182 1176/1176/1176
f 1183/1183/1183 1182/1182/1182 1181/1181/1181
f 1183/1183/1183 1184/1184/1184 1182/1182/1182
f 1184/1184/1184 1185/1185/1185 1182/1182/1182
f 1184/1184/1184 1186/1186/1186 1185/1185/1185
f 1186/1186/1186 1187/1187/1187 1185/1185/1185
f 1187/1187/1187 1188/1188/1188 1185/1185/1185
f 1191/1191/1191 1190/1190/1190 1189/1189/1189
f 1194/1194/1194 1193/1193/1193 1192/1192/1192
f 1193/1193/1193 1194/1194/1194 1195/1195/1195
f 1196/1196/1196 1193/1193/1193 1195/1195/1195
f 1197/1197/1197 1192/1192/1192 1193/1193/1193
f 1198/1198/1198 1197/1197/1197 1193/1193/1193
f 1198/1198/1198 1193/1193/1193 1199/1199/1199
f 1199/1199/1199 1193/1193/1193 1196/1196/1196
f 1200/1200/1200 1199/1199/1199 1196/1196/1196
f 1196/1196/1196 1201/1201/1201 1200/1200/1200
f 1201/1201/1201 1202/1202/1202 1200/1200/1200
f 1192/1192/1192 1197/1197/1197 1203/1203/1203
f 1204/1204/1204 1192/1192/1192 1203/1203/1203
f 1205/1205/1205 1204/1204/1204 1203/1203/1203
f 1206/1206/1206 1204/1204/1204 1205/1205/1205
f 1192/1192/1192 1204/1204/1204 1206/1206/1206
f 1194/1194/1194 1192/1192/1192 1206/1206/1206
f 1207/1207/1207 1201/1201/1201 1196/1196/1196
f 1195/1195/1195 1207/1207/1207 1196/1196/1196
f 1207/1207/1207 1208/1208/1208 1201/1201/1201
f 1207/1207/1207 1209/1209/1209 1208/1208/1208
f 1207/1207/1207 1210/1210/1210 1209/1209/1209
f 1207/1207/1207 1211/1211/1211 1210/1210/1210
f 1209/1209/1209 1210/1210/1210 1212/1212/1212
f 1212/1212/1212 1213/1213/1213 1209/1209/1209
f 1214/1214/1214 1213/1213/1213 1212/1212/1212
f 1214/1214/1214 1212/1212/1212 1210/1210/1210
f 1215/1215/1215 1201/1201/1201 1208/1208/1208
f 1207/1207/1207 1195/1195/1195 1211/1211/1211
f 1216/1216/1216 1214/1214/1214 1210/1210/1210
f 1216/1216/1216 1210/1210/1210 1211/1211/1211
f 1217/1217/1217 1214/1214/1214 1216/1216/1216
f 1214/1214/1214 1217/1217/1217 1213/1213/1213
f 1213/1213/1213 1217/1217/1217 1218/1218/1218
f 1219/1219/1219 1213/1213/1213 1218/1218/1218
f 1220/1220/1220 1217/1217/1217 1216/1216/1216
f 1221/1221/1221 1220/1220/1220 1216/1216/1216
f 1222/1222/1222 1221/1221/1221 1216/1216/1216
f 1222/1222/1222 1216/1216/1216 1211/1211/1211
f 1221/1221/1221 1223/1223/1223 1220/1220/1220
f 1224/1224/1224 1223/1223/1223 1221/1221/1221
f 1223/1223/1223 1225/1225/1225 1220/1220/1220
f 1226/1226/1226 1225/1225/1225 1223/1223/1223
f 1226/1226/1226 1223/1223/1223 1227/1227/1227
f 1223/1223/1223 1228/1228/1228 1227/1227/1227
f 1221/1221/1221 1229/1229/1229 1224/1224/1224
f 1230/1230/1230 1229/1229/1229 1221/1221/1221
f 1231/1231/1231 1229/1229/1229 1230/1230/1230
f 1232/1232/1232 1231/1231/1231 1230/1230/1230
f 1233/1233/1233 1231/1231/1231 1232/1232/1232
f 1233/1233/1233 1232/1232/1232 1234/1234/1234
f 1232/1232/1232 1230/1230/1230 1235/1235/1235
f 1234/1234/1234 1232/1232/1232 1235/1235/1235
f 1224/1224/1224 1229/1229/1229 1236/1236/1236
f 1224/1224/1224 1236/1236/1236 1237/1237/1237
f 1236/1236/1236 1238/1238/1238 1237/1237/1237
f 1238/1238/1238 1239/1239/1239 1237/1237/1237
f 1238/1238/1238 1240/1240/1240 1239/1239/1239
f 1238/1238/1238 1241/1241/1241 1240/1240/1240
f 1238/1238/1238 1236/1236/1236 1241/1241/1241
f 1236/1236/1236 1242/1242/1242 1241/1241/1241
f 1242/1242/1242 1236/1236/1236 1243/1243/1243
f 1236/1236/1236 1229/1229/1229 1244/1244/1244
f 1243/1243/1243 1236/1236/1236 1244/1244/1244
f 1235/1235/1235 1230/1230/1230 1245/1245/1245
f 1246/1246/1246 1235/1235/1235 1245/1245/1245
f 1246/1246/1246 1245/1245/1245 1247/1247/1247
f 1247/1247/1247 1245/1245/1245 1248/1248/1248
f 1245/1245/1245 1249/1249/1249 1248/1248/1248
f 1250/1250/1250 1246/1246/1246 1247/1247/1247
f 1247/1247/1247 1251/1251/1251 1250/1250/1250
f 1251/1251/1251 1252/1252/1252 1250/1250/1250
f 1251/1251/1251 1247/1247/1247 1253/1253/1253
f 1247/1247/1247 1254/1254/1254 1253/1253/1253
f 1254/1254/1254 1247/1247/1247 1248/1248/1248
f 1248/1248/1248 1255/1255/1255 1254/1254/1254
f 1255/1255/1255 1256/1256/1256 1254/1254/1254
f 1248/1248/1248 1257/1257/1257 1255/1255/1255
f 1249/1249/1249 1257/1257/1257 1248/1248/1248
f 1257/1257/1257 1258/1258/1258 1255/1255/1255
f 1258/1258/1258 1259/1259/1259 1255/1255/1255
f 1255/1255/1255 1259/1259/1259 1256/1256/1256
f 1251/1251/1251 1253/1253/1253 1260/1260/1260
f 1251/1251/1251 1260/1260/1260 1252/1252/1252
f 1249/1249/1249 1245/1245/1245 1261/1261/1261
f 1245/1245/1245 1262/1262/1262 1261/1261/1261
f 1230/1230/1230 1262/1262/1262 1245/1245/1245
f 1249/1249/1249 1261/1261/1261 1263/1263/1263
f 1264/1264/1264 1249/1249/1249 1263/1263/1263
f 1264/1264/1264 1263/1263/1263 1265/1265/1265
f 1249/1249/1249 1266/1266/1266 1257/1257/1257
f 1249/1249/1249 1264/1264/1264 1266/1266/1266
f 1262/1262/1262 1230/1230/1230 1267/1267/1267
f 1221/1221/1221 1267/1267/1267 1230/1230/1230
f 1267/1267/1267 1221/1221/1221 1268/1268/1268
f 1222/1222/1222 1268/1268/1268 1221/1221/1221
f 1265/1265/1265 1205/1205/1205 1264/1264/1264
f 1265/1265/1265 1206/1206/1206 1205/1205/1205
f 1271/1271/1271 1270/1270/1270 1269/1269/1269
f 1270/1270/1270 1272/1272/1272 1269/1269/1269
f 1272/1272/1272 1273/1273/1273 1269/1269/1269
f 1274/1274/1274 1269/1269/1269 1273/1273/1273
f 1269/1269/1269 1275/1275/1275 1271/1271/1271
f 1275/1275/1275 1276/1276/1276 1271/1271/1271
f 1277/1277/1277 1269/1269/1269 1274/1274/1274
f 1278/1278/1278 1277/1277/1277 1274/1274/1274
f 1278/1278/1278 1279/1279/1279 1277/1277/1277
f 1279/1279/1279 1280/1280/1280 1277/1277/1277
f 1269/1269/1269 1277/1277/1277 1280/1280/1280
f 1275/1275/1275 1269/1269/1269 1280/1280/1280
f 1271/1271/1271 1276/1276/1276 1281/1281/1281
f 1276/1276/1276 1282/1282/1282 1281/1281/1281
f 1281/1281/1281 1282/1282/1282 1283/1283/1283
f 1286/1286/1286 1285/1285/1285 1284/1284/1284
f 1287/1287/1287 1286/1286/1286 1284/1284/1284
f 1285/1285/1285 1288/1288/1288 1284/1284/1284
f 1288/1288/1288 1289/1289/1289 1284/1284/1284
f 1290/1290/1290 1289/1289/1289 1288/1288/1288
f 1291/1291/1291 1290/1290/1290 1288/1288/1288
f 1291/1291/1291 1292/1292/1292 1290/1290/1290
f 1292/1292/1292 1293/1293/1293 1290/1290/1290
f 1293/1293/1293 1294/1294/1294 1290/1290/1290
f 1294/1294/1294 1295/1295/1295 1290/1290/1290
f 1290/1290/1290 1295/1295/1295 1289/1289/1289
f 1295/1295/1295 1296/1296/1296 1289/1289/1289
f 1289/1289/1289 1296/1296/1296 1284/1284/1284
f 1296/1296/1296 1297/1297/1297 1284/1284/1284
f 1284/1284/1284 1297/1297/1297 1287/1287/1287
f 1292/1292/1292 1291/1291/1291 1298/1298/1298
f 1298/1298/1298 1291/1291/1291 1288/1288/1288
f 1299/1299/1299 1292/1292/1292 1298/1298/1298
f 1298/1298/1298 1300/1300/1300 1299/1299/1299
f 1300/1300/1300 1301/1301/1301 1299/1299/1299
f 1294/1294/1294 1293/1293/1293 1302/1302/1302
f 1302/1302/1302 1293/1293/1293 1292/1292/1292
f 1303/1303/1303 1294/1294/1294 1302/1302/1302
f 1303/1303/1303 1302/1302/1302 1304/1304/1304
f 1305/1305/1305 1303/1303/1303 1304/1304/1304
f 1306/1306/1306 1304/1304/1304 1302/1302/1302
f 1307/1307/1307 1306/1306/1306 1302/1302/1302
f 1307/1307/1307 1302/1302/1302 1292/1292/1292
f 1307/1307/1307 1292/1292/1292 1299/1299/1299
f 1306/1306/1306 1307/1307/1307 1308/1308/1308
f 1308/1308/1308 1307/1307/1307 1299/1299/1299
f 1309/1309/1309 1306/1306/1306 1308/1308/1308
f 1309/1309/1309 1308/1308/1308 1310/1310/1310
f 1308/1308/1308 1311/1311/1311 1310/1310/1310
f 1299/1299/1299 1301/1301/1301 1311/1311/1311
f 1308/1308/1308 1299/1299/1299 1311/1311/1311
f 1309/1309/1309 1310/1310/1310 1312/1312/1312
f 1313/1313/1313 1309/1309/1309 1312/1312/1312
f 1309/1309/1309 1313/1313/1313 1314/1314/1314
f 1306/1306/1306 1309/1309/1309 1314/1314/1314
f 1306/1306/1306 1314/1314/1314 1304/1304/1304
f 1314/1314/1314 1315/1315/1315 1304/1304/1304
f 1305/1305/1305 1304/1304/1304 1315/1315/1315
f 1316/1316/1316 1305/1305/1305 1315/1315/1315
f 1313/1313/1313 1312/1312/1312 1317/1317/1317
f 1318/1318/1318 1313/1313/1313 1317/1317/1317
f 1318/1318/1318 1317/1317/1317 1319/1319/1319
f 1317/1317/1317 1320/1320/1320 1319/1319/1319
f 1318/1318/1318 1319/1319/1319 1321/1321/1321
f 1319/1319/1319 1320/1320/1320 1322/1322/1322
f 1319/1319/1319 1322/1322/1322 1321/1321/1321
f 1320/1320/1320 1323/1323/1323 1322/1322/1322
f 1322/1322/1322 1324/1324/1324 1321/1321/1321
f 1321/1321/1321 1324/1324/1324 1325/1325/1325
f 1321/1321/1321 1326/1326/1326 1318/1318/1318
f 1313/1313/1313 1318/1318/1318 1326/1326/1326
f 1314/1314/1314 1313/1313/1313 1326/1326/1326
f 1314/1314/1314 1326/1326/1326 1315/1315/1315
f 1321/1321/1321 1327/1327/1327 1326/1326/1326
f 1321/1321/1321 1325/1325/1325 1327/1327/1327
f 1326/1326/1326 1327/1327/1327 1328/1328/1328
f 1326/1326/1326 1328/1328/1328 1315/1315/1315
f 1316/1316/1316 1315/1315/1315 1328/1328/1328
f 1327/1327/1327 1329/1329/1329 1328/1328/1328
f 1328/1328/1328 1329/1329/1329 1330/1330/1330
f 1331/1331/1331 1328/1328/1328 1330/1330/1330
f 1331/1331/1331 1316/1316/1316 1328/1328/1328
f 1325/1325/1325 1332/1332/1332 1327/1327/1327
f 1327/1327/1327 1332/1332/1332 1329/1329/1329
f 1330/1330/1330 1329/1329/1329 1333/1333/1333
f 1329/1329/1329 1334/1334/1334 1333/1333/1333
f 1332/1332/1332 1334/1334/1334 1329/1329/1329
f 1337/1337/1337 1336/1336/1336 1335/1335/1335
f 1338/1338/1338 1337/1337/1337 1335/1335/1335
f 1339/1339/1339 1338/1338/1338 1335/1335/1335
f 1338/1338/1338 1340/1340/1340 1337/1337/1337
f 1340/1340/1340 1341/1341/1341 1337/1337/1337
f 1341/1341/1341 1340/1340/1340 1286/1286/1286
f 1340/1340/1340 1342/1342/1342 1286/1286/1286
f 1286/1286/1286 1342/1342/1342 1285/1285/1285
f 1342/1342/1342 1343/1343/1343 1285/1285/1285
f 1343/1343/1343 1344/1344/1344 1285/1285/1285
f 1344/1344/1344 1288/1288/1288 1285/1285/1285
f 1336/1336/1336 1337/1337/1337 1345/1345/1345
f 1346/1346/1346 1336/1336/1336 1345/1345/1345
f 1347/1347/1347 1345/1345/1345 1337/1337/1337
f 1341/1341/1341 1347/1347/1347 1337/1337/1337
f 1347/1347/1347 1341/1341/1341 1286/1286/1286
f 1345/1345/1345 1347/1347/1347 1348/1348/1348
f 1347/1347/1347 1349/1349/1349 1348/1348/1348
f 1345/1345/1345 1348/1348/1348 1350/1350/1350
f 1351/1351/1351 1346/1346/1346 1345/1345/1345
f 1351/1351/1351 1352/1352/1352 1346/1346/1346
f 1353/1353/1353 1348/1348/1348 1349/1349/1349
f 1354/1354/1354 1353/1353/1353 1349/1349/1349
f 1348/1348/1348 1353/1353/1353 1355/1355/1355
f 1350/1350/1350 1348/1348/1348 1355/1355/1355
f 1350/1350/1350 1355/1355/1355 1356/1356/1356
f 1355/1355/1355 1357/1357/1357 1356/1356/1356
f 1356/1356/1356 1358/1358/1358 1350/1350/1350
f 1358/1358/1358 1351/1351/1351 1345/1345/1345
f 1351/1351/1351 1358/1358/1358 1352/1352/1352
f 1350/1350/1350 1358/1358/1358 1345/1345/1345
f 1352/1352/1352 1358/1358/1358 1359/1359/1359
f 1359/1359/1359 1358/1358/1358 1356/1356/1356
f 1360/1360/1360 1359/1359/1359 1356/1356/1356
f 1352/1352/1352 1359/1359/1359 1361/1361/1361
f 1362/1362/1362 1361/1361/1361 1359/1359/1359
f 1361/1361/1361 1362/1362/1362 1363/1363/1363
f 1362/1362/1362 1364/1364/1364 1363/1363/1363
f 1362/1362/1362 1365/1365/1365 1364/1364/1364
f 1365/1365/1365 1362/1362/1362 1359/1359/1359
f 1360/1360/1360 1365/1365/1365 1359/1359/1359
f 1365/1365/1365 1366/1366/1366 1364/1364/1364
f 1364/1364/1364 1366/1366/1366 1367/1367/1367
f 1367/1367/1367 1366/1366/1366 1368/1368/1368
f 1369/1369/1369 1364/1364/1364 1367/1367/1367
f 1355/1355/1355 1370/1370/1370 1357/1357/1357
f 1355/1355/1355 1371/1371/1371 1370/1370/1370
f 1355/1355/1355 1353/1353/1353 1371/1371/1371
f 1353/1353/1353 1372/1372/1372 1371/1371/1371
f 1373/1373/1373 1372/1372/1372 1353/1353/1353
f 1354/1354/1354 1373/1373/1373 1353/1353/1353
f 1373/1373/1373 1354/1354/1354 1374/1374/1374
f 1354/1354/1354 1375/1375/1375 1374/1374/1374
f 1376/1376/1376 1374/1374/1374 1375/1375/1375
f 1377/1377/1377 1376/1376/1376 1375/1375/1375
f 1354/1354/1354 1349/1349/1349 1375/1375/1375
f 1349/1349/1349 1378/1378/1378 1375/1375/1375
f 1377/1377/1377 1375/1375/1375 1378/1378/1378
f 1349/1349/1349 1347/1347/1347 1378/1378/1378
f 1379/1379/1379 1377/1377/1377 1378/1378/1378
f 1380/1380/1380 1379/1379/1379 1378/1378/1378
f 1380/1380/1380 1378/1378/1378 1347/1347/1347
f 1287/1287/1287 1380/1380/1380 1347/1347/1347
f 1286/1286/1286 1287/1287/1287 1347/1347/1347
f 1297/1297/1297 1380/1380/1380 1287/1287/1287
f 1383/1383/1383 1382/1382/1382 1381/1381/1381
f 1383/1383/1383 1381/1381/1381 1384/1384/1384
f 1382/1382/1382 1385/1385/1385 1381/1381/1381
f 1383/1383/1383 1386/1386/1386 1382/1382/1382
f 1383/1383/1383 1387/1387/1387 1386/1386/1386
f 1384/1384/1384 1387/1387/1387 1383/1383/1383
f 1387/1387/1387 1388/1388/1388 1386/1386/1386
f 1386/1386/1386 1389/1389/1389 1382/1382/1382
f 1390/1390/1390 1382/1382/1382 1389/1389/1389
f 1390/1390/1390 1385/1385/1385 1382/1382/1382
f 1391/1391/1391 1390/1390/1390 1389/1389/1389
f 1389/1389/1389 1392/1392/1392 1391/1391/1391
f 1392/1392/1392 1389/1389/1389 1386/1386/1386
f 1392/1392/1392 1393/1393/1393 1391/1391/1391
f 1392/1392/1392 1394/1394/1394 1393/1393/1393
f 1392/1392/1392 1395/1395/1395 1394/1394/1394
f 1395/1395/1395 1396/1396/1396 1394/1394/1394
f 1397/1397/1397 1388/1388/1388 1395/1395/1395
f 1397/1397/1397 1392/1392/1392 1386/1386/1386
f 1397/1397/1397 1386/1386/1386 1388/1388/1388
f 1395/1395/1395 1392/1392/1392 1397/1397/1397
f 1398/1398/1398 773/773/773 758/758/758
f 1398/1398/1398 758/758/758 748/748/748
f 1398/1398/1398 1399/1399/1399 773/773/773
f 1399/1399/1399 1400/1400/1400 773/773/773
f 742/742/742 1398/1398/1398 748/748/748
f 1398/1398/1398 1401/1401/1401 1399/1399/1399
f 744/744/744 1401/1401/1401 1398/1398/1398
f 742/742/742 744/744/744 1398/1398/1398
f 744/744/744 745/745/745 1402/1402/1402
f 1405/1405/1405 1404/1404/1404 1403/1403/1403
f 1406/1406/1406 1405/1405/1405 1403/1403/1403
f 1406/1406/1406 1407/1407/1407 1405/1405/1405
f 1405/1405/1405 1407/1407/1407 1408/1408/1408
f 1405/1405/1405 1408/1408/1408 1409/1409/1409
f 1409/1409/1409 1408/1408/1408 1410/1410/1410
f 1411/1411/1411 1405/1405/1405 1409/1409/1409
f 1412/1412/1412 1410/1410/1410 1408/1408/1408
f 1411/1411/1411 1413/1413/1413 1405/1405/1405
f 1405/1405/1405 1413/1413/1413 1414/1414/1414
f 1407/1407/1407 1415/1415/1415 1408/1408/1408
f 1408/1408/1408 1415/1415/1415 1412/1412/1412
f 1416/1416/1416 1412/1412/1412 1415/1415/1415
f 1416/1416/1416 1417/1417/1417 1412/1412/1412
f 1418/1418/1418 1416/1416/1416 1415/1415/1415
f 1419/1419/1419 1418/1418/1418 1415/1415/1415
f 1419/1419/1419 1415/1415/1415 1420/1420/1420
f 1415/1415/1415 1421/1421/1421 1420/1420/1420
f 1415/1415/1415 1407/1407/1407 1421/1421/1421
f 1422/1422/1422 1412/1412/1412 1417/1417/1417
f 1412/1412/1412 1422/1422/1422 1423/1423/1423
f 1424/1424/1424 1412/1412/1412 1423/1423/1423
f 1412/1412/1412 1424/1424/1424 1425/1425/1425
f 1412/1412/1412 1425/1425/1425 1410/1410/1410
f 1410/1410/1410 1425/1425/1425 1426/1426/1426
f 1427/1427/1427 1422/1422/1422 1417/1417/1417
f 1420/1420/1420 1421/1421/1421 1428/1428/1428
f 1421/1421/1421 1429/1429/1429 1428/1428/1428
f 1429/1429/1429 1430/1430/1430 1428/1428/1428
f 1428/1428/1428 1430/1430/1430 1431/1431/1431
f 1431/1431/1431 1420/1420/1420 1428/1428/1428
f 1421/1421/1421 1407/1407/1407 1429/1429/1429
f 1407/1407/1407 1432/1432/1432 1429/1429/1429
f 1407/1407/1407 1433/1433/1433 1432/1432/1432
f 1432/1432/1432 1434/1434/1434 1429/1429/1429
f 1433/1433/1433 1434/1434/1434 1432/1432/1432
f 1437/1437/1437 1436/1436/1436 1435/1435/1435
f 1438/1438/1438 1437/1437/1437 1435/1435/1435
f 1436/1436/1436 1437/1437/1437 1439/1439/1439
f 1437/1437/1437 1440/1440/1440 1439/1439/1439
f 1441/1441/1441 1439/1439/1439 1440/1440/1440
f 1439/1439/1439 1442/1442/1442 1436/1436/1436
f 1443/1443/1443 1442/1442/1442 1439/1439/1439
f 1444/1444/1444 1443/1443/1443 1439/1439/1439
f 1441/1441/1441 1444/1444/1444 1439/1439/1439
f 1444/1444/1444 1441/1441/1441 1445/1445/1445
f 1441/1441/1441 1446/1446/1446 1445/1445/1445
f 1441/1441/1441 1447/1447/1447 1446/1446/1446
f 1447/1447/1447 1448/1448/1448 1446/1446/1446
f 1447/1447/1447 1441/1441/1441 1449/1449/1449
f 1446/1446/1446 1448/1448/1448 1450/1450/1450
f 1448/1448/1448 1451/1451/1451 1450/1450/1450
f 1450/1450/1450 1451/1451/1451 1452/1452/1452
f 1451/1451/1451 1453/1453/1453 1452/1452/1452
f 1454/1454/1454 1452/1452/1452 1453/1453/1453
f 1453/1453/1453 1455/1455/1455 1454/1454/1454
f 1450/1450/1450 1452/1452/1452 1456/1456/1456
f 1456/1456/1456 1457/1457/1457 1450/1450/1450
f 1455/1455/1455 1453/1453/1453 1458/1458/1458
f 1453/1453/1453 1459/1459/1459 1458/1458/1458
f 1460/1460/1460 1455/1455/1455 1458/1458/1458
f 1461/1461/1461 1460/1460/1460 1458/1458/1458
f 1462/1462/1462 1455/1455/1455 1460/1460/1460
f 1463/1463/1463 1462/1462/1462 1460/1460/1460
f 1464/1464/1464 1463/1463/1463 1460/1460/1460
f 1465/1465/1465 1464/1464/1464 1460/1460/1460
f 1465/1465/1465 1460/1460/1460 1466/1466/1466
f 1463/1463/1463 1464/1464/1464 1467/1467/1467
f 1462/1462/1462 1468/1468/1468 1455/1455/1455
f 1469/1469/1469 1468/1468/1468 1462/1462/1462
f 1470/1470/1470 1455/1455/1455 1468/1468/1468
f 1470/1470/1470 1471/1471/1471 1455/1455/1455
f 1470/1470/1470 1472/1472/1472 1471/1471/1471
f 1472/1472/1472 1473/1473/1473 1471/1471/1471
f 1471/1471/1471 1473/1473/1473 1455/1455/1455
f 1463/1463/1463 1467/1467/1467 1474/1474/1474
f 1475/1475/1475 1463/1463/1463 1474/1474/1474
f 1475/1475/1475 1474/1474/1474 1476/1476/1476
f 1477/1477/1477 1475/1475/1475 1476/1476/1476
f 1477/1477/1477 1476/1476/1476 1478/1478/1478
f 1481/1481/1481 1480/1480/1480 1479/1479/1479
f 1484/1484/1484 1483/1483/1483 1482/1482/1482
f 1485/1485/1485 1484/1484/1484 1482/1482/1482
f 1483/1483/1483 1484/1484/1484 1486/1486/1486
f 1487/1487/1487 1483/1483/1483 1486/1486/1486
f 1486/1486/1486 1488/1488/1488 1487/1487/1487
f 1482/1482/1482 1489/1489/1489 1485/1485/1485
f 1489/1489/1489 1490/1490/1490 1485/1485/1485
f 1490/1490/1490 1491/1491/1491 1485/1485/1485
f 1490/1490/1490 1492/1492/1492 1491/1491/1491
f 1493/1493/1493 1484/1484/1484 1485/1485/1485
f 1493/1493/1493 1494/1494/1494 1484/1484/1484
f 1484/1484/1484 1494/1494/1494 1495/1495/1495
f 1493/1493/1493 1496/1496/1496 1494/1494/1494
f 1493/1493/1493 1497/1497/1497 1496/1496/1496
f 1498/1498/1498 1497/1497/1497 1493/1493/1493
f 1496/1496/1496 1499/1499/1499 1494/1494/1494
f 1500/1500/1500 1494/1494/1494 1499/1499/1499
f 1498/1498/1498 1493/1493/1493 1501/1501/1501
f 1502/1502/1502 1496/1496/1496 1497/1497/1497
f 1503/1503/1503 1502/1502/1502 1497/1497/1497
f 1502/1502/1502 1503/1503/1503 1504/1504/1504
f 1505/1505/1505 1502/1502/1502 1504/1504/1504
f 1505/1505/1505 1504/1504/1504 1506/1506/1506
f 1496/1496/1496 1502/1502/1502 1507/1507/1507
f 1499/1499/1499 1496/1496/1496 1507/1507/1507
f 1502/1502/1502 1508/1508/1508 1507/1507/1507
f 1508/1508/1508 1509/1509/1509 1507/1507/1507
f 1508/1508/1508 1510/1510/1510 1509/1509/1509
f 1500/1500/1500 1499/1499/1499 1511/1511/1511
f 1500/1500/1500 1511/1511/1511 1512/1512/1512
f 1513/1513/1513 1500/1500/1500 1512/1512/1512
f 1512/1512/1512 1514/1514/1514 1513/1513/1513
f 1514/1514/1514 1515/1515/1515 1513/1513/1513
f 1514/1514/1514 1516/1516/1516 1515/1515/1515
f 1515/1515/1515 1516/1516/1516 1517/1517/1517
f 1515/1515/1515 1517/1517/1517 1518/1518/1518
f 1513/1513/1513 1515/1515/1515 1518/1518/1518
f 1513/1513/1513 1518/1518/1518 1500/1500/1500
f 1518/1518/1518 1519/1519/1519 1500/1500/1500
f 1500/1500/1500 1519/1519/1519 1494/1494/1494
f 1494/1494/1494 1519/1519/1519 1520/1520/1520
f 1520/1520/1520 1519/1519/1519 1521/1521/1521
f 1519/1519/1519 1522/1522/1522 1521/1521/1521
f 1521/1521/1521 1522/1522/1522 1523/1523/1523
f 1521/1521/1521 1523/1523/1523 1524/1524/1524
f 1520/1520/1520 1521/1521/1521 1524/1524/1524
f 1495/1495/1495 1494/1494/1494 1520/1520/1520
f 1525/1525/1525 1520/1520/1520 1524/1524/1524
f 1525/1525/1525 1524/1524/1524 1526/1526/1526
f 1485/1485/1485 1527/1527/1527 1501/1501/1501
f 1493/1493/1493 1485/1485/1485 1501/1501/1501
f 1485/1485/1485 1491/1491/1491 1527/1527/1527
f 1530/1530/1530 1529/1529/1529 1528/1528/1528
f 1531/1531/1531 1529/1529/1529 1530/1530/1530
f 1532/1532/1532 1529/1529/1529 1531/1531/1531
f 1531/1531/1531 1530/1530/1530 1533/1533/1533
f 1531/1531/1531 1533/1533/1533 1534/1534/1534
f 1535/1535/1535 1534/1534/1534 1533/1533/1533
f 1534/1534/1534 1535/1535/1535 1536/1536/1536
f 1537/1537/1537 1534/1534/1534 1536/1536/1536
f 1538/1538/1538 1534/1534/1534 1537/1537/1537
f 1539/1539/1539 1538/1538/1538 1537/1537/1537
f 1540/1540/1540 1539/1539/1539 1537/1537/1537
f 1541/1541/1541 1540/1540/1540 1537/1537/1537
f 1537/1537/1537 1536/1536/1536 1542/1542/1542
f 1541/1541/1541 1537/1537/1537 1542/1542/1542
f 1543/1543/1543 1534/1534/1534 1538/1538/1538
f 1544/1544/1544 1534/1534/1534 1543/1543/1543
f 1531/1531/1531 1534/1534/1534 1544/1544/1544
f 1532/1532/1532 1531/1531/1531 1544/1544/1544
f 1532/1532/1532 1544/1544/1544 1545/1545/1545
f 1544/1544/1544 1546/1546/1546 1545/1545/1545
f 1545/1545/1545 1546/1546/1546 1547/1547/1547
f 1547/1547/1547 1546/1546/1546 1548/1548/1548
f 1549/1549/1549 1546/1546/1546 1544/1544/1544
f 1543/1543/1543 1549/1549/1549 1544/1544/1544
f 1549/1549/1549 1543/1543/1543 1550/1550/1550
f 1538/1538/1538 1550/1550/1550 1543/1543/1543
f 1538/1538/1538 1551/1551/1551 1550/1550/1550
f 1552/1552/1552 1551/1551/1551 1538/1538/1538
f 1553/1553/1553 1552/1552/1552 1538/1538/1538
f 1552/1552/1552 1554/1554/1554 1551/1551/1551
f 1552/1552/1552 1555/1555/1555 1554/1554/1554
f 1555/1555/1555 1556/1556/1556 1554/1554/1554
f 1557/1557/1557 1554/1554/1554 1556/1556/1556
f 1558/1558/1558 1557/1557/1557 1556/1556/1556
f 1558/1558/1558 1559/1559/1559 1557/1557/1557
f 1559/1559/1559 1560/1560/1560 1557/1557/1557
f 1561/1561/1561 1560/1560/1560 1559/1559/1559
f 1562/1562/1562 1561/1561/1561 1559/1559/1559
f 1556/1556/1556 1563/1563/1563 1558/1558/1558
f 1556/1556/1556 1555/1555/1555 1563/1563/1563
f 1563/1563/1563 1564/1564/1564 1558/1558/1558
f 1565/1565/1565 1559/1559/1559 1558/1558/1558
f 1564/1564/1564 1565/1565/1565 1558/1558/1558
f 1554/1554/1554 1557/1557/1557 1566/1566/1566
f 1554/1554/1554 1566/1566/1566 1551/1551/1551
f 1557/1557/1557 1567/1567/1567 1566/1566/1566
f 1557/1557/1557 1560/1560/1560 1567/1567/1567
f 1566/1566/1566 1567/1567/1567 1550/1550/1550
f 1563/1563/1563 1568/1568/1568 1564/1564/1564
f 1568/1568/1568 1569/1569/1569 1564/1564/1564
f 1570/1570/1570 1565/1565/1565 1564/1564/1564
f 1569/1569/1569 1570/1570/1570 1564/1564/1564
f 1568/1568/1568 1571/1571/1571 1569/1569/1569
f 1571/1571/1571 1572/1572/1572 1569/1569/1569
f 1573/1573/1573 1570/1570/1570 1569/1569/1569
f 1572/1572/1572 1573/1573/1573 1569/1569/1569
f 1570/1570/1570 1573/1573/1573 1574/1574/1574
f 1575/1575/1575 1570/1570/1570 1574/1574/1574
f 1571/1571/1571 1576/1576/1576 1572/1572/1572
f 1576/1576/1576 1577/1577/1577 1572/1572/1572
f 1578/1578/1578 1573/1573/1573 1572/1572/1572
f 1577/1577/1577 1578/1578/1578 1572/1572/1572
f 1574/1574/1574 1573/1573/1573 1578/1578/1578
f 1579/1579/1579 1574/1574/1574 1578/1578/1578
f 1580/1580/1580 1578/1578/1578 1577/1577/1577
f 1581/1581/1581 1580/1580/1580 1577/1577/1577
f 1582/1582/1582 1580/1580/1580 1581/1581/1581
f 1582/1582/1582 1581/1581/1581 1583/1583/1583
f 1583/1583/1583 1581/1581/1581 1584/1584/1584
f 1585/1585/1585 1584/1584/1584 1581/1581/1581
f 1576/1576/1576 1585/1585/1585 1577/1577/1577
f 1585/1585/1585 1581/1581/1581 1577/1577/1577
f 1585/1585/1585 1586/1586/1586 1584/1584/1584
f 1587/1587/1587 1586/1586/1586 1585/1585/1585
f 1579/1579/1579 1578/1578/1578 1588/1588/1588
f 1578/1578/1578 1580/1580/1580 1588/1588/1588
f 1580/1580/1580 1589/1589/1589 1588/1588/1588
f 1589/1589/1589 1590/1590/1590 1588/1588/1588
f 1588/1588/1588 1590/1590/1590 1591/1591/1591
f 1588/1588/1588 1591/1591/1591 1592/1592/1592
f 1592/1592/1592 1579/1579/1579 1588/1588/1588
f 1593/1593/1593 1592/1592/1592 1591/1591/1591
f 1594/1594/1594 1592/1592/1592 1593/1593/1593
f 1580/1580/1580 1595/1595/1595 1589/1589/1589
f 1596/1596/1596 1595/1595/1595 1580/1580/1580
f 1582/1582/1582 1596/1596/1596 1580/1580/1580
f 1597/1597/1597 1587/1587/1587 1585/1585/1585
f 1587/1587/1587 1597/1597/1597 1598/1598/1598
f 1597/1597/1597 1599/1599/1599 1598/1598/1598
f 1600/1600/1600 1599/1599/1599 1597/1597/1597
f 1599/1599/1599 1600/1600/1600 1601/1601/1601
f 1600/1600/1600 1602/1602/1602 1601/1601/1601
f 1576/1576/1576 1600/1600/1600 1597/1597/1597
f 1603/1603/1603 1600/1600/1600 1576/1576/1576
f 1603/1603/1603 1602/1602/1602 1600/1600/1600
f 1604/1604/1604 1603/1603/1603 1576/1576/1576
f 1603/1603/1603 1604/1604/1604 1605/1605/1605
f 1605/1605/1605 1606/1606/1606 1603/1603/1603
f 1603/1603/1603 1606/1606/1606 1602/1602/1602
f 1607/1607/1607 1606/1606/1606 1605/1605/1605
f 1604/1604/1604 1608/1608/1608 1605/1605/1605
f 1609/1609/1609 1608/1608/1608 1604/1604/1604
f 1610/1610/1610 1609/1609/1609 1604/1604/1604
f 1611/1611/1611 1609/1609/1609 1610/1610/1610
f 1612/1612/1612 1611/1611/1611 1610/1610/1610
f 1613/1613/1613 1611/1611/1611 1612/1612/1612
f 1614/1614/1614 1613/1613/1613 1612/1612/1612
f 1615/1615/1615 1613/1613/1613 1614/1614/1614
f 1555/1555/1555 1615/1615/1615 1614/1614/1614
f 1613/1613/1613 1615/1615/1615 1616/1616/1616
f 1617/1617/1617 1613/1613/1613 1616/1616/1616
f 1617/1617/1617 1616/1616/1616 1618/1618/1618
f 1619/1619/1619 1617/1617/1617 1618/1618/1618
f 1617/1617/1617 1619/1619/1619 1620/1620/1620
f 1620/1620/1620 1611/1611/1611 1613/1613/1613
f 1617/1617/1617 1620/1620/1620 1613/1613/1613
f 1619/1619/1619 1621/1621/1621 1620/1620/1620
f 1620/1620/1620 1621/1621/1621 1622/1622/1622
f 1622/1622/1622 1609/1609/1609 1611/1611/1611
f 1620/1620/1620 1622/1622/1622 1611/1611/1611
f 1621/1621/1621 1623/1623/1623 1622/1622/1622
f 1615/1615/1615 1553/1553/1553 1616/1616/1616
f 1622/1622/1622 1623/1623/1623 1624/1624/1624
f 1625/1625/1625 1622/1622/1622 1624/1624/1624
f 1622/1622/1622 1625/1625/1625 1609/1609/1609
f 1625/1625/1625 1608/1608/1608 1609/1609/1609
f 1553/1553/1553 1626/1626/1626 1616/1616/1616
f 1626/1626/1626 1627/1627/1627 1616/1616/1616
f 1625/1625/1625 1624/1624/1624 1628/1628/1628
f 1625/1625/1625 1629/1629/1629 1608/1608/1608
f 1629/1629/1629 1625/1625/1625 1628/1628/1628
f 1630/1630/1630 1629/1629/1629 1628/1628/1628
f 1631/1631/1631 1630/1630/1630 1628/1628/1628
f 1631/1631/1631 1628/1628/1628 1632/1632/1632
f 1628/1628/1628 1633/1633/1633 1632/1632/1632
f 1624/1624/1624 1633/1633/1633 1628/1628/1628
f 1630/1630/1630 1634/1634/1634 1629/1629/1629
f 1629/1629/1629 1634/1634/1634 1607/1607/1607
f 1629/1629/1629 1605/1605/1605 1608/1608/1608
f 1629/1629/1629 1607/1607/1607 1605/1605/1605
f 1627/1627/1627 1626/1626/1626 1635/1635/1635
f 1627/1627/1627 1635/1635/1635 1636/1636/1636
f 1635/1635/1635 1637/1637/1637 1636/1636/1636
f 1638/1638/1638 1637/1637/1637 1635/1635/1635
f 1639/1639/1639 1638/1638/1638 1635/1635/1635
f 1640/1640/1640 1639/1639/1639 1635/1635/1635
f 1641/1641/1641 1640/1640/1640 1635/1635/1635
f 1640/1640/1640 1641/1641/1641 1642/1642/1642
f 1641/1641/1641 1540/1540/1540 1642/1642/1642
f 1540/1540/1540 1643/1643/1643 1642/1642/1642
f 1638/1638/1638 1639/1639/1639 1644/1644/1644
f 1639/1639/1639 1645/1645/1645 1644/1644/1644
f 1639/1639/1639 1640/1640/1640 1645/1645/1645
f 1643/1643/1643 1038/1038/1038 1642/1642/1642
f 1643/1643/1643 1035/1035/1035 1038/1038/1038
f 1035/1035/1035 1643/1643/1643 1540/1540/1540
f 1038/1038/1038 1646/1646/1646 1642/1642/1642
f 1038/1038/1038 1647/1647/1647 1646/1646/1646
f 1038/1038/1038 1039/1039/1039 1647/1647/1647
f 1647/1647/1647 1648/1648/1648 1646/1646/1646
f 1649/1649/1649 1646/1646/1646 1648/1648/1648
f 1642/1642/1642 1646/1646/1646 1650/1650/1650
f 1043/1043/1043 1647/1647/1647 1039/1039/1039
f 1647/1647/1647 1043/1043/1043 1648/1648/1648
f 1043/1043/1043 1651/1651/1651 1648/1648/1648
f 1648/1648/1648 1651/1651/1651 1652/1652/1652
f 1653/1653/1653 1652/1652/1652 1651/1651/1651
f 1654/1654/1654 1653/1653/1653 1651/1651/1651
f 1655/1655/1655 1654/1654/1654 1651/1651/1651
f 1655/1655/1655 1651/1651/1651 1043/1043/1043
f 1656/1656/1656 1648/1648/1648 1652/1652/1652
f 1654/1654/1654 1655/1655/1655 1657/1657/1657
f 1654/1654/1654 1657/1657/1657 1653/1653/1653
f 1043/1043/1043 1044/1044/1044 1655/1655/1655
f 1044/1044/1044 1658/1658/1658 1655/1655/1655
f 1044/1044/1044 1659/1659/1659 1658/1658/1658
f 1658/1658/1658 1659/1659/1659 1660/1660/1660
f 1658/1658/1658 1660/1660/1660 1661/1661/1661
f 1655/1655/1655 1658/1658/1658 1661/1661/1661
f 1662/1662/1662 1044/1044/1044 1051/1051/1051
f 1051/1051/1051 1054/1054/1054 1638/1638/1638
f 1638/1638/1638 1054/1054/1054 1663/1663/1663
f 1054/1054/1054 1057/1057/1057 1663/1663/1663
f 1663/1663/1663 1057/1057/1057 1664/1664/1664
f 1665/1665/1665 1663/1663/1663 1664/1664/1664
f 1666/1666/1666 1663/1663/1663 1665/1665/1665
f 1638/1638/1638 1663/1663/1663 1666/1666/1666
f 1664/1664/1664 1667/1667/1667 1665/1665/1665
f 1668/1668/1668 1667/1667/1667 1664/1664/1664
f 1665/1665/1665 1667/1667/1667 1669/1669/1669
f 1669/1669/1669 1670/1670/1670 1665/1665/1665
f 1670/1670/1670 1671/1671/1671 1665/1665/1665
f 1672/1672/1672 1671/1671/1671 1670/1670/1670
f 1665/1665/1665 1671/1671/1671 1673/1673/1673
f 1666/1666/1666 1665/1665/1665 1673/1673/1673
f 1673/1673/1673 1674/1674/1674 1666/1666/1666
f 1675/1675/1675 1674/1674/1674 1673/1673/1673
f 1666/1666/1666 1674/1674/1674 1675/1675/1675
f 1669/1669/1669 1676/1676/1676 1670/1670/1670
f 1675/1675/1675 1673/1673/1673 1677/1677/1677
f 1678/1678/1678 1677/1677/1677 1673/1673/1673
f 1678/1678/1678 1679/1679/1679 1677/1677/1677
f 1680/1680/1680 1677/1677/1677 1679/1679/1679
f 1675/1675/1675 1677/1677/1677 1680/1680/1680
f 1681/1681/1681 1678/1678/1678 1673/1673/1673
f 1666/1666/1666 1675/1675/1675 1682/1682/1682
f 1675/1675/1675 1683/1683/1683 1682/1682/1682
f 1684/1684/1684 1683/1683/1683 1675/1675/1675
f 1684/1684/1684 1675/1675/1675 1680/1680/1680
f 1684/1684/1684 1685/1685/1685 1683/1683/1683
f 1683/1683/1683 1685/1685/1685 1686/1686/1686
f 1686/1686/1686 1687/1687/1687 1683/1683/1683
f 1688/1688/1688 1682/1682/1682 1683/1683/1683
f 1687/1687/1687 1688/1688/1688 1683/1683/1683
f 1688/1688/1688 1689/1689/1689 1682/1682/1682
f 1690/1690/1690 1682/1682/1682 1689/1689/1689
f 1682/1682/1682 1690/1690/1690 1636/1636/1636
f 1666/1666/1666 1682/1682/1682 1636/1636/1636
f 1688/1688/1688 1687/1687/1687 1691/1691/1691
f 1687/1687/1687 1692/1692/1692 1691/1691/1691
f 1637/1637/1637 1666/1666/1666 1636/1636/1636
f 1637/1637/1637 1638/1638/1638 1666/1666/1666
f 1690/1690/1690 1616/1616/1616 1636/1636/1636
f 1690/1690/1690 1693/1693/1693 1616/1616/1616
f 1694/1694/1694 1693/1693/1693 1690/1690/1690
f 1695/1695/1695 1691/1691/1691 1694/1694/1694
f 1690/1690/1690 1695/1695/1695 1694/1694/1694
f 1695/1695/1695 1688/1688/1688 1691/1691/1691
f 1616/1616/1616 1627/1627/1627 1636/1636/1636
f 1644/1644/1644 1051/1051/1051 1638/1638/1638
f 1698/1698/1698 1697/1697/1697 1696/1696/1696
f 1696/1696/1696 1697/1697/1697 1699/1699/1699
f 1699/1699/1699 1697/1697/1697 1700/1700/1700
f 1701/1701/1701 1700/1700/1700 1697/1697/1697
f 1701/1701/1701 1702/1702/1702 1700/1700/1700
f 1701/1701/1701 1703/1703/1703 1702/1702/1702
f 1702/1702/1702 1704/1704/1704 1700/1700/1700
f 1704/1704/1704 1705/1705/1705 1700/1700/1700
f 1705/1705/1705 1704/1704/1704 1706/1706/1706
f 1707/1707/1707 1701/1701/1701 1697/1697/1697
f 1697/1697/1697 1708/1708/1708 1707/1707/1707
f 1711/1711/1711 1710/1710/1710 1709/1709/1709
f 1712/1712/1712 1711/1711/1711 1709/1709/1709
f 1715/1715/1715 1714/1714/1714 1713/1713/1713
f 1716/1716/1716 1715/1715/1715 1713/1713/1713
f 1715/1715/1715 1717/1717/1717 1714/1714/1714
f 1718/1718/1718 1717/1717/1717 1715/1715/1715
f 1718/1718/1718 1715/1715/1715 1716/1716/1716
f 1719/1719/1719 1717/1717/1717 1718/1718/1718
f 1719/1719/1719 1718/1718/1718 1720/1720/1720
f 1720/1720/1720 1718/1718/1718 1721/1721/1721
f 1721/1721/1721 1718/1718/1718 1716/1716/1716
f 1722/1722/1722 1719/1719/1719 1720/1720/1720
f 1717/1717/1717 1723/1723/1723 1714/1714/1714
f 1717/1717/1717 1724/1724/1724 1723/1723/1723
f 1717/1717/1717 1725/1725/1725 1724/1724/1724
f 1725/1725/1725 1717/1717/1717 1719/1719/1719
f 1724/1724/1724 1726/1726/1726 1723/1723/1723
f 1724/1724/1724 1727/1727/1727 1726/1726/1726
f 1725/1725/1725 1727/1727/1727 1724/1724/1724
f 1727/1727/1727 1728/1728/1728 1726/1726/1726
f 1727/1727/1727 1729/1729/1729 1728/1728/1728
f 1729/1729/1729 1730/1730/1730 1728/1728/1728
f 1731/1731/1731 1730/1730/1730 1729/1729/1729
f 1732/1732/1732 1731/1731/1731 1729/1729/1729
f 1725/1725/1725 1733/1733/1733 1727/1727/1727
f 1719/1719/1719 1734/1734/1734 1725/1725/1725
f 1719/1719/1719 1722/1722/1722 1734/1734/1734
f 1722/1722/1722 1735/1735/1735 1734/1734/1734
f 1736/1736/1736 1729/1729/1729 1727/1727/1727
f 1733/1733/1733 1736/1736/1736 1727/1727/1727
f 1736/1736/1736 1733/1733/1733 1737/1737/1737
f 1738/1738/1738 1736/1736/1736 1737/1737/1737
f 1738/1738/1738 1739/1739/1739 1736/1736/1736
f 1740/1740/1740 1729/1729/1729 1736/1736/1736
f 1739/1739/1739 1740/1740/1740 1736/1736/1736
f 1740/1740/1740 1732/1732/1732 1729/1729/1729
f 1743/1743/1743 1742/1742/1742 1741/1741/1741
f 1743/1743/1743 1744/1744/1744 1742/1742/1742
f 1744/1744/1744 1745/1745/1745 1742/1742/1742
f 1746/1746/1746 1745/1745/1745 1744/1744/1744
f 1747/1747/1747 1746/1746/1746 1744/1744/1744
f 1748/1748/1748 1746/1746/1746 1747/1747/1747
f 1746/1746/1746 1748/1748/1748 1749/1749/1749
f 1748/1748/1748 1750/1750/1750 1749/1749/1749
f 1751/1751/1751 1748/1748/1748 1747/1747/1747
f 1751/1751/1751 1752/1752/1752 1748/1748/1748
f 1748/1748/1748 1753/1753/1753 1750/1750/1750
f 1745/1745/1745 1746/1746/1746 1754/1754/1754
f 1754/1754/1754 1742/1742/1742 1745/1745/1745
f 1754/1754/1754 1755/1755/1755 1742/1742/1742
f 1755/1755/1755 1754/1754/1754 1756/1756/1756
f 1755/1755/1755 1756/1756/1756 1757/1757/1757
f 1756/1756/1756 1758/1758/1758 1757/1757/1757
f 1757/1757/1757 1758/1758/1758 1759/1759/1759
f 1760/1760/1760 1757/1757/1757 1759/1759/1759
f 1761/1761/1761 1760/1760/1760 1759/1759/1759
f 1760/1760/1760 1762/1762/1762 1757/1757/1757
f 1762/1762/1762 1760/1760/1760 1763/1763/1763
f 1764/1764/1764 1762/1762/1762 1763/1763/1763
f 1765/1765/1765 1764/1764/1764 1763/1763/1763
f 1766/1766/1766 1762/1762/1762 1764/1764/1764
f 1763/1763/1763 1767/1767/1767 1765/1765/1765
f 1768/1768/1768 1765/1765/1765 1767/1767/1767
f 1769/1769/1769 1763/1763/1763 1760/1760/1760
f 1770/1770/1770 1769/1769/1769 1760/1760/1760
f 1760/1760/1760 1761/1761/1761 1771/1771/1771
f 1770/1770/1770 1760/1760/1760 1772/1772/1772
f 1758/1758/1758 1773/1773/1773 1759/1759/1759
f 1773/1773/1773 1774/1774/1774 1759/1759/1759
f 1759/1759/1759 1774/1774/1774 1775/1775/1775
f 1773/1773/1773 1776/1776/1776 1774/1774/1774
f 1774/1774/1774 1777/1777/1777 1775/1775/1775
f 1769/1769/1769 1778/1778/1778 1763/1763/1763
f 1759/1759/1759 1775/1775/1775 1779/1779/1779
f 1761/1761/1761 1759/1759/1759 1779/1779/1779
f 1779/1779/1779 1780/1780/1780 1761/1761/1761
f 1780/1780/1780 1781/1781/1781 1761/1761/1761
f 1761/1761/1761 1781/1781/1781 1782/1782/1782
f 1781/1781/1781 1783/1783/1783 1782/1782/1782
f 1784/1784/1784 1783/1783/1783 1781/1781/1781
f 1761/1761/1761 1782/1782/1782 1785/1785/1785
f 1761/1761/1761 1785/1785/1785 1786/1786/1786
f 1783/1783/1783 1787/1787/1787 1782/1782/1782
f 1787/1787/1787 1788/1788/1788 1782/1782/1782
f 1787/1787/1787 1789/1789/1789 1788/1788/1788
f 1787/1787/1787 1783/1783/1783 1790/1790/1790
f 1787/1787/1787 1790/1790/1790 1791/1791/1791
f 1783/1783/1783 1792/1792/1792 1790/1790/1790
f 1783/1783/1783 1784/1784/1784 1792/1792/1792
f 1778/1778/1778 1794/1794/1794 1793/1793/1793
f 1793/1793/1793 1794/1794/1794 1795/1795/1795
f 1778/1778/1778 1793/1793/1793 1763/1763/1763
f 1793/1793/1793 1795/1795/1795 1763/1763/1763
f 1795/1795/1795 1767/1767/1767 1763/1763/1763
f 1798/1798/1798 1797/1797/1797 1796/1796/1796
f 1799/1799/1799 1797/1797/1797 1798/1798/1798
f 1800/1800/1800 1799/1799/1799 1798/1798/1798
f 1797/1797/1797 1801/1801/1801 1796/1796/1796
f 1802/1802/1802 1796/1796/1796 1801/1801/1801
f 1803/1803/1803 1802/1802/1802 1801/1801/1801
f 1803/1803/1803 1804/1804/1804 1802/1802/1802
f 1805/1805/1805 1796/1796/1796 1802/1802/1802
f 1798/1798/1798 1796/1796/1796 1806/1806/1806
f 1805/1805/1805 1806/1806/1806 1796/1796/1796
f 1806/1806/1806 1805/1805/1805 1807/1807/1807
f 1799/1799/1799 1800/1800/1800 1808/1808/1808
f 1800/1800/1800 1798/1798/1798 1809/1809/1809
f 1798/1798/1798 1810/1810/1810 1809/1809/1809
f 1809/1809/1809 1810/1810/1810 1811/1811/1811
f 1810/1810/1810 1798/1798/1798 1812/1812/1812
f 1813/1813/1813 1810/1810/1810 1812/1812/1812
f 1813/1813/1813 1814/1814/1814 1810/1810/1810
f 1814/1814/1814 1815/1815/1815 1810/1810/1810
f 1814/1814/1814 1816/1816/1816 1815/1815/1815
f 1817/1817/1817 1809/1809/1809 1811/1811/1811
f 1818/1818/1818 1817/1817/1817 1811/1811/1811
f 1817/1817/1817 1818/1818/1818 1819/1819/1819
f 1800/1800/1800 1809/1809/1809 1817/1817/1817
f 1820/1820/1820 1800/1800/1800 1817/1817/1817
f 1817/1817/1817 1821/1821/1821 1820/1820/1820
f 1819/1819/1819 1822/1822/1822 1817/1817/1817
f 1818/1818/1818 1823/1823/1823 1819/1819/1819
f 1812/1812/1812 1746/1746/1746 1824/1824/1824
f 1825/1825/1825 1812/1812/1812 1824/1824/1824
f 1825/1825/1825 1826/1826/1826 1812/1812/1812
f 1826/1826/1826 1827/1827/1827 1812/1812/1812
f 1826/1826/1826 1828/1828/1828 1827/1827/1827
f 1746/1746/1746 1812/1812/1812 1798/1798/1798
f 1754/1754/1754 1746/1746/1746 1798/1798/1798
f 1798/1798/1798 1829/1829/1829 1754/1754/1754
f 1806/1806/1806 1829/1829/1829 1798/1798/1798
f 1806/1806/1806 1830/1830/1830 1829/1829/1829
f 1830/1830/1830 1806/1806/1806 1807/1807/1807
f 1754/1754/1754 1831/1831/1831 1756/1756/1756
f 1831/1831/1831 1832/1832/1832 1756/1756/1756
f 1831/1831/1831 1833/1833/1833 1832/1832/1832
f 1832/1832/1832 1833/1833/1833 1834/1834/1834
f 1756/1756/1756 1832/1832/1832 1834/1834/1834
f 1756/1756/1756 1834/1834/1834 1758/1758/1758
f 1837/1837/1837 1836/1836/1836 1835/1835/1835
f 1838/1838/1838 1835/1835/1835 1836/1836/1836
f 1838/1838/1838 1839/1839/1839 1835/1835/1835
f 1837/1837/1837 1835/1835/1835 1840/1840/1840
f 1835/1835/1835 1841/1841/1841 1840/1840/1840
f 1841/1841/1841 1835/1835/1835 1842/1842/1842
f 1839/1839/1839 1842/1842/1842 1835/1835/1835
f 1841/1841/1841 1056/1056/1056 1840/1840/1840
f 1055/1055/1055 1840/1840/1840 1056/1056/1056
f 1841/1841/1841 1843/1843/1843 1056/1056/1056
f 1841/1841/1841 1844/1844/1844 1843/1843/1843
f 1841/1841/1841 1842/1842/1842 1844/1844/1844
f 1839/1839/1839 1845/1845/1845 1842/1842/1842
f 1846/1846/1846 1056/1056/1056 1843/1843/1843
f 1668/1668/1668 1844/1844/1844 1842/1842/1842
f 1668/1668/1668 1664/1664/1664 1844/1844/1844
f 1664/1664/1664 1057/1057/1057 1056/1056/1056
f 1847/1847/1847 1664/1664/1664 1056/1056/1056
f 1664/1664/1664 1847/1847/1847 1844/1844/1844
f 1849/1849/1849 1848/1848/1848 1055/1055/1055
f 1850/1850/1850 1849/1849/1849 1055/1055/1055
f 1851/1851/1851 1850/1850/1850 1055/1055/1055
f 1851/1851/1851 1055/1055/1055 1053/1053/1053
f 1849/1849/1849 1852/1852/1852 1848/1848/1848
f 1855/1855/1855 1854/1854/1854 1853/1853/1853
f 1854/1854/1854 1856/1856/1856 1853/1853/1853
f 1859/1859/1859 1858/1858/1858 1857/1857/1857
f 1860/1860/1860 1859/1859/1859 1857/1857/1857
f 1863/1863/1863 1862/1862/1862 1861/1861/1861
f 1866/1866/1866 1865/1865/1865 1864/1864/1864
f 1867/1867/1867 1864/1864/1864 1865/1865/1865
f 1868/1868/1868 1865/1865/1865 1866/1866/1866
f 1869/1869/1869 1868/1868/1868 1866/1866/1866
f 1869/1869/1869 1870/1870/1870 1868/1868/1868
f 1871/1871/1871 1869/1869/1869 1866/1866/1866
f 1871/1871/1871 1872/1872/1872 1869/1869/1869
f 1872/1872/1872 1871/1871/1871 1873/1873/1873
f 1562/1562/1562 1872/1872/1872 1873/1873/1873
f 1562/1562/1562 1559/1559/1559 1872/1872/1872
f 1559/1559/1559 1874/1874/1874 1872/1872/1872
f 1874/1874/1874 1559/1559/1559 1875/1875/1875
f 1874/1874/1874 1875/1875/1875 1876/1876/1876
f 1872/1872/1872 1874/1874/1874 1876/1876/1876
f 1877/1877/1877 1876/1876/1876 1875/1875/1875
f 1878/1878/1878 1877/1877/1877 1875/1875/1875
f 1878/1878/1878 1875/1875/1875 1575/1575/1575
f 1559/1559/1559 1565/1565/1565 1875/1875/1875
f 1562/1562/1562 1873/1873/1873 1561/1561/1561
f 1873/1873/1873 1879/1879/1879 1561/1561/1561
f 1875/1875/1875 1570/1570/1570 1575/1575/1575
f 1875/1875/1875 1565/1565/1565 1570/1570/1570
f 1561/1561/1561 1879/1879/1879 1880/1880/1880
f 1881/1881/1881 1561/1561/1561 1880/1880/1880
f 1560/1560/1560 1561/1561/1561 1881/1881/1881
f 1882/1882/1882 1560/1560/1560 1881/1881/1881
f 1882/1882/1882 1881/1881/1881 1546/1546/1546
f 1549/1549/1549 1882/1882/1882 1546/1546/1546
f 1882/1882/1882 1549/1549/1549 1567/1567/1567
f 1560/1560/1560 1882/1882/1882 1567/1567/1567
f 1549/1549/1549 1550/1550/1550 1567/1567/1567
f 1546/1546/1546 1881/1881/1881 1548/1548/1548
f 1883/1883/1883 1548/1548/1548 1881/1881/1881
f 1880/1880/1880 1883/1883/1883 1881/1881/1881
f 1551/1551/1551 1566/1566/1566 1550/1550/1550
f 1886/1886/1886 1885/1885/1885 1884/1884/1884
f 1887/1887/1887 1884/1884/1884 1885/1885/1885
f 1890/1890/1890 1889/1889/1889 1888/1888/1888
f 1891/1891/1891 1890/1890/1890 1888/1888/1888
f 1888/1888/1888 1889/1889/1889 1892/1892/1892
f 1889/1889/1889 1893/1893/1893 1892/1892/1892
f 1894/1894/1894 1890/1890/1890 1891/1891/1891
f 1895/1895/1895 1894/1894/1894 1891/1891/1891
f 1895/1895/1895 1896/1896/1896 1894/1894/1894
f 1896/1896/1896 1897/1897/1897 1894/1894/1894
f 1896/1896/1896 1898/1898/1898 1897/1897/1897
f 1898/1898/1898 1899/1899/1899 1897/1897/1897
f 1900/1900/1900 1899/1899/1899 1898/1898/1898
f 1901/1901/1901 1900/1900/1900 1898/1898/1898
f 1902/1902/1902 1894/1894/1894 1897/1897/1897
f 1903/1903/1903 1902/1902/1902 1897/1897/1897
f 1903/1903/1903 1897/1897/1897 1899/1899/1899
f 1904/1904/1904 1903/1903/1903 1899/1899/1899
f 1905/1905/1905 1904/1904/1904 1899/1899/1899
f 1900/1900/1900 1905/1905/1905 1899/1899/1899
f 1906/1906/1906 1890/1890/1890 1894/1894/1894
f 1902/1902/1902 1906/1906/1906 1894/1894/1894
f 1902/1902/1902 1907/1907/1907 1906/1906/1906
f 1907/1907/1907 1908/1908/1908 1906/1906/1906
f 1909/1909/1909 1906/1906/1906 1908/1908/1908
f 1905/1905/1905 1910/1910/1910 1904/1904/1904
f 1905/1905/1905 1911/1911/1911 1910/1910/1910
f 1905/1905/1905 1912/1912/1912 1911/1911/1911
f 1913/1913/1913 1902/1902/1902 1903/1903/1903
f 1913/1913/1913 1914/1914/1914 1902/1902/1902
f 1902/1902/1902 1914/1914/1914 1915/1915/1915
f 1913/1913/1913 1903/1903/1903 1916/1916/1916
f 1916/1916/1916 1903/1903/1903 1917/1917/1917
f 1917/1917/1917 1903/1903/1903 1904/1904/1904
f 1904/1904/1904 1918/1918/1918 1917/1917/1917
f 1919/1919/1919 1918/1918/1918 1904/1904/1904
f 1909/1909/1909 1920/1920/1920 1906/1906/1906
f 1920/1920/1920 1921/1921/1921 1906/1906/1906
f 1921/1921/1921 1922/1922/1922 1906/1906/1906
f 1921/1921/1921 1923/1923/1923 1922/1922/1922
f 1922/1922/1922 1923/1923/1923 1924/1924/1924
f 1924/1924/1924 1925/1925/1925 1922/1922/1922
f 1889/1889/1889 1922/1922/1922 1925/1925/1925
f 1922/1922/1922 1889/1889/1889 1890/1890/1890
f 1906/1906/1906 1922/1922/1922 1890/1890/1890
f 1924/1924/1924 1926/1926/1926 1925/1925/1925
f 1925/1925/1925 1926/1926/1926 1927/1927/1927
f 1928/1928/1928 1925/1925/1925 1927/1927/1927
f 1925/1925/1925 1928/1928/1928 1893/1893/1893
f 1889/1889/1889 1925/1925/1925 1893/1893/1893
f 1919/1919/1919 1904/1904/1904 1929/1929/1929
f 1929/1929/1929 1904/1904/1904 1910/1910/1910
f 1931/1931/1931 701/701/701 1930/1930/1930
f 1932/1932/1932 1931/1931/1931 1930/1930/1930
f 1930/1930/1930 701/701/701 691/691/691
f 692/692/692 1930/1930/1930 691/691/691
f 692/692/692 703/703/703 1930/1930/1930
f 1935/1935/1935 1934/1934/1934 1933/1933/1933
f 1938/1938/1938 1937/1937/1937 1936/1936/1936
f 1937/1937/1937 1938/1938/1938 1939/1939/1939
f 1938/1938/1938 1940/1940/1940 1939/1939/1939
f 1939/1939/1939 1940/1940/1940 1941/1941/1941
f 1936/1936/1936 1942/1942/1942 1938/1938/1938
f 1943/1943/1943 1938/1938/1938 1942/1942/1942
f 1940/1940/1940 1944/1944/1944 1941/1941/1941
f 1947/1947/1947 1946/1946/1946 1945/1945/1945
f 1947/1947/1947 1945/1945/1945 1948/1948/1948
f 1951/1951/1951 1950/1950/1950 1949/1949/1949
f 1952/1952/1952 1951/1951/1951 1949/1949/1949
f 1951/1951/1951 1953/1953/1953 1950/1950/1950
f 1953/1953/1953 1954/1954/1954 1950/1950/1950
f 1955/1955/1955 1949/1949/1949 1950/1950/1950
f 1955/1955/1955 1950/1950/1950 1956/1956/1956
f 1950/1950/1950 1954/1954/1954 1957/1957/1957
f 1956/1956/1956 1950/1950/1950 1958/1958/1958
f 1959/1959/1959 1956/1956/1956 1958/1958/1958
f 1959/1959/1959 1958/1958/1958 1960/1960/1960
f 1958/1958/1958 1961/1961/1961 1960/1960/1960
f 1960/1960/1960 1961/1961/1961 1962/1962/1962
f 1963/1963/1963 1962/1962/1962 1961/1961/1961
f 1964/1964/1964 1963/1963/1963 1961/1961/1961
f 1958/1958/1958 1964/1964/1964 1961/1961/1961
f 1958/1958/1958 1950/1950/1950 1964/1964/1964
f 1964/1964/1964 1950/1950/1950 1965/1965/1965
f 1964/1964/1964 1965/1965/1965 1966/1966/1966
f 1965/1965/1965 1968/1968/1968 1967/1967/1967
f 1968/1968/1968 1965/1965/1965 1969/1969/1969
f 1965/1965/1965 1950/1950/1950 1969/1969/1969
f 1970/1970/1970 1969/1969/1969 1950/1950/1950
f 1957/1957/1957 1970/1970/1970 1950/1950/1950
f 1970/1970/1970 1971/1971/1971 1969/1969/1969
f 1972/1972/1972 1971/1971/1971 1970/1970/1970
f 1957/1957/1957 1972/1972/1972 1970/1970/1970
f 1975/1975/1975 1974/1974/1974 1973/1973/1973
f 1977/1977/1977 1037/1037/1037 1976/1976/1976
f 1037/1037/1037 1035/1035/1035 1976/1976/1976
f 1976/1976/1976 1035/1035/1035 1541/1541/1541
f 1542/1542/1542 1976/1976/1976 1541/1541/1541
f 1541/1541/1541 1035/1035/1035 1540/1540/1540
f 1540/1540/1540 1641/1641/1641 1626/1626/1626
f 1626/1626/1626 1641/1641/1641 1635/1635/1635
f 1539/1539/1539 1540/1540/1540 1626/1626/1626
f 1539/1539/1539 1626/1626/1626 1538/1538/1538
f 1626/1626/1626 1553/1553/1553 1538/1538/1538
f 1552/1552/1552 1553/1553/1553 1615/1615/1615
f 1555/1555/1555 1552/1552/1552 1615/1615/1615
f 1555/1555/1555 1614/1614/1614 1563/1563/1563
f 1614/1614/1614 1612/1612/1612 1563/1563/1563
f 1612/1612/1612 1568/1568/1568 1563/1563/1563
f 1612/1612/1612 1610/1610/1610 1568/1568/1568
f 1610/1610/1610 1571/1571/1571 1568/1568/1568
f 1610/1610/1610 1604/1604/1604 1571/1571/1571
f 1604/1604/1604 1576/1576/1576 1571/1571/1571
f 1597/1597/1597 1585/1585/1585 1576/1576/1576
f 1980/1980/1980 1979/1979/1979 1978/1978/1978
f 1979/1979/1979 1981/1981/1981 1978/1978/1978
f 1984/1984/1984 1983/1983/1983 1982/1982/1982
f 1985/1985/1985 1984/1984/1984 1982/1982/1982
f 1984/1984/1984 1986/1986/1986 1983/1983/1983
f 1989/1989/1989 1988/1988/1988 1987/1987/1987
f 1989/1989/1989 1987/1987/1987 1990/1990/1990
f 1991/1991/1991 1989/1989/1989 1990/1990/1990
f 1993/1993/1993 1992/1992/1992 1228/1228/1228
f 1994/1994/1994 1993/1993/1993 1228/1228/1228
f 1993/1993/1993 1994/1994/1994 1995/1995/1995
f 1994/1994/1994 1237/1237/1237 1995/1995/1995
f 1993/1993/1993 1995/1995/1995 1996/1996/1996
f 1993/1993/1993 1996/1996/1996 1992/1992/1992
f 1224/1224/1224 1237/1237/1237 1994/1994/1994
f 1223/1223/1223 1224/1224/1224 1994/1994/1994
f 1994/1994/1994 1228/1228/1228 1223/1223/1223
f 1999/1999/1999 1998/1998/1998 1997/1997/1997
f 2000/2000/2000 1999/1999/1999 1997/1997/1997
f 2000/2000/2000 1997/1997/1997 2001/2001/2001
f 2004/2004/2004 2003/2003/2003 2002/2002/2002
f 2005/2005/2005 2004/2004/2004 2002/2002/2002
f 2008/2008/2008 2007/2007/2007 2006/2006/2006
f 2011/2011/2011 2010/2010/2010 2009/2009/2009
f 1300/1300/1300 1298/1298/1298 1344/1344/1344
f 1300/1300/1300 1344/1344/1344 2012/2012/2012
f 1344/1344/1344 1298/1298/1298 1288/1288/1288
f 2015/2015/2015 2014/2014/2014 2013/2013/2013
f 2018/2018/2018 2017/2017/2017 2016/2016/2016
f 2018/2018/2018 2016/2016/2016 2019/2019/2019
f 2020/2020/2020 2018/2018/2018 2019/2019/2019
f 2023/2023/2023 2022/2022/2022 2021/2021/2021
f 2022/2022/2022 2024/2024/2024 2021/2021/2021
f 2027/2027/2027 2026/2026/2026 2025/2025/2025
f 2028/2028/2028 2027/2027/2027 2025/2025/2025
f 2028/2028/2028 2025/2025/2025 2029/2029/2029
f 2026/2026/2026 2027/2027/2027 2030/2030/2030
f 2030/2030/2030 2031/2031/2031 2026/2026/2026
f 2034/2034/2034 2033/2033/2033 2032/2032/2032
f 2037/2037/2037 2036/2036/2036 2035/2035/2035
f 2040/2040/2040 2039/2039/2039 2038/2038/2038
f 2040/2040/2040 2041/2041/2041 2039/2039/2039
f 2044/2044/2044 2043/2043/2043 2042/2042/2042
f 2045/2045/2045 2044/2044/2044 2042/2042/2042
f 2043/2043/2043 2044/2044/2044 2046/2046/2046
f 2047/2047/2047 2043/2043/2043 2046/2046/2046
f 2048/2048/2048 2045/2045/2045 2042/2042/2042
f 2049/2049/2049 2048/2048/2048 2042/2042/2042
f 2049/2049/2049 2050/2050/2050 2048/2048/2048
f 2050/2050/2050 1742/1742/1742 2048/2048/2048
f 2046/2046/2046 2044/2044/2044 2051/2051/2051
f 2052/2052/2052 2046/2046/2046 2051/2051/2051
f 2052/2052/2052 2051/2051/2051 2053/2053/2053
f 2051/2051/2051 2054/2054/2054 2053/2053/2053
f 2044/2044/2044 2045/2045/2045 2054/2054/2054
f 2051/2051/2051 2044/2044/2044 2054/2054/2054
f 2055/2055/2055 2052/2052/2052 2053/2053/2053
f 2053/2053/2053 2054/2054/2054 2056/2056/2056
f 2057/2057/2057 2055/2055/2055 2053/2053/2053
f 2056/2056/2056 2057/2057/2057 2053/2053/2053
f 2054/2054/2054 2058/2058/2058 2056/2056/2056
f 2058/2058/2058 2054/2054/2054 2045/2045/2045
f 2048/2048/2048 2058/2058/2058 2045/2045/2045
f 2048/2048/2048 1742/1742/1742 2058/2058/2058
f 1742/1742/1742 1755/1755/1755 2058/2058/2058
f 2057/2057/2057 2059/2059/2059 2055/2055/2055
f 2059/2059/2059 2057/2057/2057 2060/2060/2060
f 2059/2059/2059 2061/2061/2061 2055/2055/2055
f 2055/2055/2055 2061/2061/2061 2052/2052/2052
f 2061/2061/2061 2062/2062/2062 2052/2052/2052
f 2052/2052/2052 2062/2062/2062 2046/2046/2046
f 2062/2062/2062 2063/2063/2063 2046/2046/2046
f 2047/2047/2047 2046/2046/2046 2063/2063/2063
f 2064/2064/2064 2047/2047/2047 2063/2063/2063
f 2056/2056/2056 2065/2065/2065 2057/2057/2057
f 2065/2065/2065 2066/2066/2066 2057/2057/2057
f 2057/2057/2057 2066/2066/2066 2060/2060/2060
f 2056/2056/2056 2058/2058/2058 1762/1762/1762
f 1766/1766/1766 2056/2056/2056 1762/1762/1762
f 2058/2058/2058 1755/1755/1755 1757/1757/1757
f 1762/1762/1762 2058/2058/2058 1757/1757/1757
f 2069/2069/2069 2068/2068/2068 2067/2067/2067
f 2069/2069/2069 2070/2070/2070 2068/2068/2068
f 2071/2071/2071 1902/1902/1902 1915/1915/1915
f 1907/1907/1907 1902/1902/1902 2071/2071/2071
f 2074/2074/2074 2073/2073/2073 2072/2072/2072
f 2074/2074/2074 2075/2075/2075 2073/2073/2073
f 2076/2076/2076 2075/2075/2075 2074/2074/2074
f 2079/2079/2079 2078/2078/2078 2077/2077/2077
f 2082/2082/2082 2081/2081/2081 2080/2080/2080
f 2083/2083/2083 2081/2081/2081 2082/2082/2082
f 2084/2084/2084 2083/2083/2083 2082/2082/2082
f 2087/2087/2087 2086/2086/2086 2085/2085/2085
f 2088/2088/2088 2085/2085/2085 2086/2086/2086
f 2091/2091/2091 2090/2090/2090 2089/2089/2089
f 2092/2092/2092 2090/2090/2090 2091/2091/2091
f 2091/2091/2091 2089/2089/2089 2093/2093/2093
f 2094/2094/2094 2091/2091/2091 2093/2093/2093
f 2092/2092/2092 2091/2091/2091 2094/2094/2094
f 2097/2097/2097 2096/2096/2096 2095/2095/2095
f 2095/2095/2095 2096/2096/2096 2098/2098/2098
f 2101/2101/2101 2100/2100/2100 2099/2099/2099
f 2102/2102/2102 1032/1032/1032 1033/1033/1033
f 2105/2105/2105 2104/2104/2104 2103/2103/2103
f 2104/2104/2104 2106/2106/2106 2103/2103/2103
f 2109/2109/2109 2108/2108/2108 2107/2107/2107
f 2112/2112/2112 2111/2111/2111 2110/2110/2110
f 2113/2113/2113 2112/2112/2112 2110/2110/2110
f 2116/2116/2116 2115/2115/2115 2114/2114/2114
f 2119/2119/2119 2118/2118/2118 2117/2117/2117
f 2122/2122/2122 2121/2121/2121 2120/2120/2120
f 2125/2125/2125 2124/2124/2124 2123/2123/2123
f 2128/2128/2128 2127/2127/2127 2126/2126/2126
f 2131/2131/2131 2130/2130/2130 2129/2129/2129
f 2134/2134/2134 2133/2133/2133 2132/2132/2132
f 2137/2137/2137 2136/2136/2136 2135/2135/2135
f 1895/1895/1895 1891/1891/1891 1058/1058/1058
f 1061/1061/1061 1895/1895/1895 1058/1058/1058
f 1895/1895/1895 1061/1061/1061 1896/1896/1896
f 1061/1061/1061 1068/1068/1068 1896/1896/1896
f 1896/1896/1896 1068/1068/1068 1067/1067/1067
f 1898/1898/1898 1896/1896/1896 1067/1067/1067
f 1901/1901/1901 1898/1898/1898 1067/1067/1067
f 1070/1070/1070 1901/1901/1901 1067/1067/1067
f 1891/1891/1891 1888/1888/1888 1058/1058/1058
f 1888/1888/1888 1059/1059/1059 1058/1058/1058
f 1059/1059/1059 1888/1888/1888 1060/1060/1060
f 1888/1888/1888 1892/1892/1892 1060/1060/1060
f 2138/2138/2138 1026/1026/1026 1016/1016/1016
f 2138/2138/2138 1016/1016/1016 2139/2139/2139
f 1016/1016/1016 1024/1024/1024 2139/2139/2139
f 2139/2139/2139 1024/1024/1024 1025/1025/1025
f 2142/2142/2142 2141/2141/2141 2140/2140/2140
f 2145/2145/2145 2144/2144/2144 2143/2143/2143
f 2148/2148/2148 2147/2147/2147 2146/2146/2146
f 676/676/676 675/675/675 2149/2149/2149
f 676/676/676 2149/2149/2149 677/677/677
f 700/700/700 2150/2150/2150 699/699/699
f 687/687/687 668/668/668 666/666/666
f 687/687/687 666/666/666 664/664/664
f 680/680/680 661/661/661 659/659/659
f 665/665/665 680/680/680 659/659/659
f 2151/2151/2151 746/746/746 739/739/739
f 783/783/783 792/792/792 747/747/747
f 737/737/737 783/783/783 747/747/747
f 783/783/783 737/737/737 778/778/778
f 737/737/737 749/749/749 778/778/778
f 778/778/778 749/749/749 751/751/751
f 2154/2154/2154 2153/2153/2153 2152/2152/2152
f 2155/2155/2155 2152/2152/2152 2153/2153/2153
f 2156/2156/2156 2155/2155/2155 2153/2153/2153
f 2156/2156/2156 2153/2153/2153 2154/2154/2154
f 2157/2157/2157 2156/2156/2156 2154/2154/2154
f 2158/2158/2158 2157/2157/2157 2154/2154/2154
f 2159/2159/2159 2157/2157/2157 2158/2158/2158
f 2155/2155/2155 2160/2160/2160 2152/2152/2152
f 2152/2152/2152 2160/2160/2160 2161/2161/2161
f 2162/2162/2162 2152/2152/2152 2161/2161/2161
f 2152/2152/2152 2162/2162/2162 2154/2154/2154
f 2162/2162/2162 2163/2163/2163 2154/2154/2154
f 2163/2163/2163 2158/2158/2158 2154/2154/2154
f 2163/2163/2163 2164/2164/2164 2158/2158/2158
f 2160/2160/2160 2165/2165/2165 2161/2161/2161
f 2166/2166/2166 2160/2160/2160 2155/2155/2155
f 2167/2167/2167 2165/2165/2165 2160/2160/2160
f 2167/2167/2167 2160/2160/2160 2166/2166/2166
f 2167/2167/2167 2168/2168/2168 2165/2165/2165
f 2169/2169/2169 2165/2165/2165 2168/2168/2168
f 2169/2169/2169 2168/2168/2168 2170/2170/2170
f 2171/2171/2171 2169/2169/2169 2170/2170/2170
f 2169/2169/2169 2171/2171/2171 2172/2172/2172
f 2172/2172/2172 2173/2173/2173 2169/2169/2169
f 2165/2165/2165 2173/2173/2173 2161/2161/2161
f 2173/2173/2173 2162/2162/2162 2161/2161/2161
f 2173/2173/2173 2165/2165/2165 2169/2169/2169
f 2174/2174/2174 2172/2172/2172 2171/2171/2171
f 2174/2174/2174 2175/2175/2175 2172/2172/2172
f 2172/2172/2172 2175/2175/2175 2176/2176/2176
f 2177/2177/2177 2176/2176/2176 2175/2175/2175
f 2178/2178/2178 2176/2176/2176 2177/2177/2177
f 2178/2178/2178 2179/2179/2179 2176/2176/2176
f 2180/2180/2180 2176/2176/2176 2179/2179/2179
f 2172/2172/2172 2176/2176/2176 2180/2180/2180
f 2180/2180/2180 2181/2181/2181 2172/2172/2172
f 2172/2172/2172 2181/2181/2181 2173/2173/2173
f 2182/2182/2182 2181/2181/2181 2180/2180/2180
f 2183/2183/2183 2182/2182/2182 2180/2180/2180
f 2184/2184/2184 2182/2182/2182 2183/2183/2183
f 2180/2180/2180 2185/2185/2185 2183/2183/2183
f 2186/2186/2186 2180/2180/2180 2179/2179/2179
f 2186/2186/2186 2185/2185/2185 2180/2180/2180
f 2183/2183/2183 2185/2185/2185 2187/2187/2187
f 2187/2187/2187 2188/2188/2188 2183/2183/2183
f 2188/2188/2188 2189/2189/2189 2183/2183/2183
f 2189/2189/2189 2190/2190/2190 2183/2183/2183
f 2183/2183/2183 2190/2190/2190 2184/2184/2184
f 2184/2184/2184 2190/2190/2190 2191/2191/2191
f 2191/2191/2191 2192/2192/2192 2184/2184/2184
f 2192/2192/2192 2193/2193/2193 2184/2184/2184
f 2184/2184/2184 2193/2193/2193 2194/2194/2194
f 2184/2184/2184 2194/2194/2194 2195/2195/2195
f 2182/2182/2182 2184/2184/2184 2195/2195/2195
f 2195/2195/2195 2194/2194/2194 2196/2196/2196
f 2195/2195/2195 2196/2196/2196 2197/2197/2197
f 2198/2198/2198 2197/2197/2197 2196/2196/2196
f 2199/2199/2199 2197/2197/2197 2198/2198/2198
f 2198/2198/2198 2200/2200/2200 2199/2199/2199
f 2201/2201/2201 2200/2200/2200 2198/2198/2198
f 2201/2201/2201 2198/2198/2198 2202/2202/2202
f 2198/2198/2198 2196/2196/2196 2202/2202/2202
f 2203/2203/2203 2197/2197/2197 2199/2199/2199
f 2206/2206/2206 2205/2205/2205 2204/2204/2204
f 2207/2207/2207 2204/2204/2204 2205/2205/2205
f 2207/2207/2207 2205/2205/2205 2208/2208/2208
f 2208/2208/2208 2209/2209/2209 2207/2207/2207
f 2205/2205/2205 2210/2210/2210 2208/2208/2208
f 2205/2205/2205 2211/2211/2211 2210/2210/2210
f 2212/2212/2212 2210/2210/2210 2211/2211/2211
f 2213/2213/2213 2211/2211/2211 2205/2205/2205
f 2205/2205/2205 2214/2214/2214 2213/2213/2213
f 2213/2213/2213 2215/2215/2215 2211/2211/2211
f 2216/2216/2216 2206/2206/2206 2204/2204/2204
f 2208/2208/2208 2210/2210/2210 2217/2217/2217
f 2218/2218/2218 2213/2213/2213 2214/2214/2214
f 2219/2219/2219 2204/2204/2204 2207/2207/2207
f 2206/2206/2206 2220/2220/2220 2205/2205/2205
f 2220/2220/2220 2206/2206/2206 2221/2221/2221
f 2220/2220/2220 2223/2223/2223 2222/2222/2222
f 2224/2224/2224 2220/2220/2220 2222/2222/2222
f 2225/2225/2225 2222/2222/2222 2223/2223/2223
f 2226/2226/2226 2225/2225/2225 2223/2223/2223
f 2220/2220/2220 2224/2224/2224 2205/2205/2205
f 2205/2205/2205 2224/2224/2224 2227/2227/2227
f 2227/2227/2227 2224/2224/2224 2228/2228/2228
f 2229/2229/2229 2227/2227/2227 2228/2228/2228
f 2230/2230/2230 2205/2205/2205 2227/2227/2227
f 2230/2230/2230 2227/2227/2227 2231/2231/2231
f 2227/2227/2227 2232/2232/2232 2231/2231/2231
f 2233/2233/2233 2231/2231/2231 2232/2232/2232
f 2234/2234/2234 2233/2233/2233 2232/2232/2232
f 2230/2230/2230 2235/2235/2235 2205/2205/2205
f 2230/2230/2230 2236/2236/2236 2235/2235/2235
f 2236/2236/2236 2237/2237/2237 2235/2235/2235
f 2235/2235/2235 2238/2238/2238 2205/2205/2205
f 2238/2238/2238 2235/2235/2235 2239/2239/2239
f 2235/2235/2235 2240/2240/2240 2239/2239/2239
f 2241/2241/2241 2239/2239/2239 2240/2240/2240
f 2242/2242/2242 2241/2241/2241 2240/2240/2240
f 2238/2238/2238 2243/2243/2243 2214/2214/2214
f 2238/2238/2238 2214/2214/2214 2205/2205/2205
f 2245/2245/2245 2158/2158/2158 2244/2244/2244
f 2246/2246/2246 2158/2158/2158 2245/2245/2245
f 2158/2158/2158 2164/2164/2164 2244/2244/2244
f 2249/2249/2249 2248/2248/2248 2247/2247/2247
f 2248/2248/2248 2250/2250/2250 2247/2247/2247
f 2251/2251/2251 2249/2249/2249 2247/2247/2247
f 2252/2252/2252 2251/2251/2251 2247/2247/2247
f 2247/2247/2247 2250/2250/2250 2253/2253/2253
f 2254/2254/2254 2247/2247/2247 2253/2253/2253
f 2250/2250/2250 2255/2255/2255 2253/2253/2253
f 2256/2256/2256 2255/2255/2255 2250/2250/2250
f 2248/2248/2248 2256/2256/2256 2250/2250/2250
f 2255/2255/2255 2257/2257/2257 2253/2253/2253
f 2256/2256/2256 2248/2248/2248 2258/2258/2258
f 2258/2258/2258 2248/2248/2248 2249/2249/2249
f 2259/2259/2259 2256/2256/2256 2258/2258/2258
f 2258/2258/2258 2260/2260/2260 2259/2259/2259
f 2258/2258/2258 2261/2261/2261 2260/2260/2260
f 2261/2261/2261 2249/2249/2249 2251/2251/2251
f 2261/2261/2261 2258/2258/2258 2249/2249/2249
f 2260/2260/2260 2261/2261/2261 2262/2262/2262
f 2263/2263/2263 2260/2260/2260 2262/2262/2262
f 2259/2259/2259 2260/2260/2260 2263/2263/2263
f 2264/2264/2264 2263/2263/2263 2262/2262/2262
f 2261/2261/2261 2265/2265/2265 2262/2262/2262
f 2265/2265/2265 2261/2261/2261 2251/2251/2251
f 2268/2268/2268 2267/2267/2267 2266/2266/2266
f 2267/2267/2267 2269/2269/2269 2266/2266/2266
f 2266/2266/2266 2269/2269/2269 2270/2270/2270
f 2271/2271/2271 2266/2266/2266 2270/2270/2270
f 2270/2270/2270 2269/2269/2269 2272/2272/2272
f 2269/2269/2269 2273/2273/2273 2272/2272/2272
f 2274/2274/2274 2273/2273/2273 2269/2269/2269
f 2275/2275/2275 2268/2268/2268 2266/2266/2266
f 2271/2271/2271 2275/2275/2275 2266/2266/2266
f 2276/2276/2276 2268/2268/2268 2275/2275/2275
f 2277/2277/2277 2276/2276/2276 2275/2275/2275
f 2276/2276/2276 2277/2277/2277 2278/2278/2278
f 2279/2279/2279 2276/2276/2276 2278/2278/2278
f 2280/2280/2280 2276/2276/2276 2279/2279/2279
f 2276/2276/2276 2280/2280/2280 2268/2268/2268
f 2280/2280/2280 2267/2267/2267 2268/2268/2268
f 2281/2281/2281 2279/2279/2279 2278/2278/2278
f 2282/2282/2282 2281/2281/2281 2278/2278/2278
f 2267/2267/2267 2280/2280/2280 2283/2283/2283
f 2284/2284/2284 2267/2267/2267 2283/2283/2283
f 2280/2280/2280 2279/2279/2279 2285/2285/2285
f 2267/2267/2267 2284/2284/2284 2269/2269/2269
f 2286/2286/2286 2279/2279/2279 2281/2281/2281
f 2289/2289/2289 2288/2288/2288 2287/2287/2287
f 2290/2290/2290 2289/2289/2289 2287/2287/2287
f 2288/2288/2288 2291/2291/2291 2287/2287/2287
f 2291/2291/2291 2292/2292/2292 2287/2287/2287
f 2287/2287/2287 2292/2292/2292 2293/2293/2293
f 2290/2290/2290 2287/2287/2287 2293/2293/2293
f 2292/2292/2292 2294/2294/2294 2293/2293/2293
f 2295/2295/2295 2294/2294/2294 2292/2292/2292
f 2291/2291/2291 2295/2295/2295 2292/2292/2292
f 2294/2294/2294 2296/2296/2296 2293/2293/2293
f 2295/2295/2295 2291/2291/2291 2297/2297/2297
f 2291/2291/2291 2298/2298/2298 2297/2297/2297
f 2298/2298/2298 2291/2291/2291 2288/2288/2288
f 2298/2298/2298 2299/2299/2299 2297/2297/2297
f 2298/2298/2298 2300/2300/2300 2299/2299/2299
f 2300/2300/2300 2288/2288/2288 2289/2289/2289
f 2300/2300/2300 2298/2298/2298 2288/2288/2288
f 2301/2301/2301 2299/2299/2299 2300/2300/2300
f 2302/2302/2302 2301/2301/2301 2300/2300/2300
f 2302/2302/2302 2300/2300/2300 2289/2289/2289
f 2303/2303/2303 2299/2299/2299 2301/2301/2301
f 2297/2297/2297 2299/2299/2299 2303/2303/2303
f 2304/2304/2304 2303/2303/2303 2301/2301/2301
f 2307/2307/2307 2306/2306/2306 2305/2305/2305
f 2310/2310/2310 2309/2309/2309 2308/2308/2308
f 2310/2310/2310 2308/2308/2308 2311/2311/2311
f 2314/2314/2314 2313/2313/2313 2312/2312/2312
f 2317/2317/2317 2316/2316/2316 2315/2315/2315
f 2317/2317/2317 2318/2318/2318 2316/2316/2316
f 2321/2321/2321 2320/2320/2320 2319/2319/2319
f 2324/2324/2324 2323/2323/2323 2322/2322/2322
f 2325/2325/2325 2322/2322/2322 2323/2323/2323
f 2326/2326/2326 2325/2325/2325 2323/2323/2323
f 2326/2326/2326 2323/2323/2323 2324/2324/2324
f 2327/2327/2327 2326/2326/2326 2324/2324/2324
f 2328/2328/2328 2327/2327/2327 2324/2324/2324
f 2329/2329/2329 2327/2327/2327 2328/2328/2328
f 2325/2325/2325 2330/2330/2330 2322/2322/2322
f 2322/2322/2322 2330/2330/2330 2331/2331/2331
f 2332/2332/2332 2330/2330/2330 2325/2325/2325
f 2333/2333/2333 2330/2330/2330 2332/2332/2332
f 2331/2331/2331 2330/2330/2330 2333/2333/2333
f 2333/2333/2333 2334/2334/2334 2331/2331/2331
f 2334/2334/2334 2335/2335/2335 2331/2331/2331
f 2336/2336/2336 2334/2334/2334 2333/2333/2333
f 2336/2336/2336 2333/2333/2333 2332/2332/2332
f 2336/2336/2336 2337/2337/2337 2334/2334/2334
f 2338/2338/2338 2334/2334/2334 2337/2337/2337
f 2335/2335/2335 2334/2334/2334 2338/2338/2338
f 2338/2338/2338 2337/2337/2337 2339/2339/2339
f 2340/2340/2340 2338/2338/2338 2339/2339/2339
f 2341/2341/2341 2335/2335/2335 2338/2338/2338
f 2338/2338/2338 2340/2340/2340 2341/2341/2341
f 2341/2341/2341 2342/2342/2342 2335/2335/2335
f 2342/2342/2342 2343/2343/2343 2335/2335/2335
f 2344/2344/2344 2343/2343/2343 2342/2342/2342
f 2345/2345/2345 2344/2344/2344 2342/2342/2342
f 2346/2346/2346 2344/2344/2344 2345/2345/2345
f 2342/2342/2342 2347/2347/2347 2345/2345/2345
f 2341/2341/2341 2348/2348/2348 2342/2342/2342
f 2342/2342/2342 2348/2348/2348 2349/2349/2349
f 2350/2350/2350 2342/2342/2342 2349/2349/2349
f 2350/2350/2350 2347/2347/2347 2342/2342/2342
f 2351/2351/2351 2349/2349/2349 2348/2348/2348
f 2341/2341/2341 2352/2352/2352 2348/2348/2348
f 2353/2353/2353 2348/2348/2348 2352/2352/2352
f 2351/2351/2351 2348/2348/2348 2353/2353/2353
f 2354/2354/2354 2341/2341/2341 2340/2340/2340
f 2354/2354/2354 2352/2352/2352 2341/2341/2341
f 2345/2345/2345 2347/2347/2347 2355/2355/2355
f 2355/2355/2355 2356/2356/2356 2345/2345/2345
f 2356/2356/2356 2357/2357/2357 2345/2345/2345
f 2357/2357/2357 2358/2358/2358 2345/2345/2345
f 2345/2345/2345 2358/2358/2358 2346/2346/2346
f 2346/2346/2346 2358/2358/2358 2359/2359/2359
f 2359/2359/2359 2360/2360/2360 2346/2346/2346
f 2360/2360/2360 2361/2361/2361 2346/2346/2346
f 2346/2346/2346 2361/2361/2361 2362/2362/2362
f 2346/2346/2346 2362/2362/2362 2363/2363/2363
f 2363/2363/2363 2362/2362/2362 2364/2364/2364
f 2363/2363/2363 2364/2364/2364 2365/2365/2365
f 2366/2366/2366 2365/2365/2365 2364/2364/2364
f 2367/2367/2367 2365/2365/2365 2366/2366/2366
f 2366/2366/2366 2368/2368/2368 2367/2367/2367
f 2366/2366/2366 2364/2364/2364 2369/2369/2369
f 2370/2370/2370 2365/2365/2365 2367/2367/2367
f 2371/2371/2371 2366/2366/2366 2369/2369/2369
f 2371/2371/2371 2368/2368/2368 2366/2366/2366
f 2344/2344/2344 2346/2346/2346 2363/2363/2363
f 2373/2373/2373 2372/2372/2372 2328/2328/2328
f 2373/2373/2373 2328/2328/2328 2324/2324/2324
f 2374/2374/2374 2373/2373/2373 2324/2324/2324
f 2322/2322/2322 2374/2374/2374 2324/2324/2324
f 2374/2374/2374 2322/2322/2322 2331/2331/2331
f 2335/2335/2335 2374/2374/2374 2331/2331/2331
f 2328/2328/2328 2372/2372/2372 2375/2375/2375
f 2376/2376/2376 2328/2328/2328 2375/2375/2375
f 2377/2377/2377 2328/2328/2328 2376/2376/2376
f 2380/2380/2380 2379/2379/2379 2378/2378/2378
f 2381/2381/2381 2378/2378/2378 2379/2379/2379
f 2381/2381/2381 2379/2379/2379 2382/2382/2382
f 2382/2382/2382 2383/2383/2383 2381/2381/2381
f 2379/2379/2379 2384/2384/2384 2382/2382/2382
f 2379/2379/2379 2385/2385/2385 2384/2384/2384
f 2386/2386/2386 2384/2384/2384 2385/2385/2385
f 2387/2387/2387 2385/2385/2385 2379/2379/2379
f 2379/2379/2379 2388/2388/2388 2387/2387/2387
f 2387/2387/2387 2389/2389/2389 2385/2385/2385
f 2390/2390/2390 2380/2380/2380 2378/2378/2378
f 2382/2382/2382 2384/2384/2384 2391/2391/2391
f 2392/2392/2392 2387/2387/2387 2388/2388/2388
f 2393/2393/2393 2378/2378/2378 2381/2381/2381
f 2380/2380/2380 2394/2394/2394 2379/2379/2379
f 2394/2394/2394 2380/2380/2380 2395/2395/2395
f 2394/2394/2394 2397/2397/2397 2396/2396/2396
f 2398/2398/2398 2394/2394/2394 2396/2396/2396
f 2399/2399/2399 2396/2396/2396 2397/2397/2397
f 2400/2400/2400 2399/2399/2399 2397/2397/2397
f 2394/2394/2394 2398/2398/2398 2379/2379/2379
f 2398/2398/2398 2401/2401/2401 2379/2379/2379
f 2401/2401/2401 2398/2398/2398 2402/2402/2402
f 2403/2403/2403 2401/2401/2401 2402/2402/2402
f 2404/2404/2404 2379/2379/2379 2401/2401/2401
f 2404/2404/2404 2401/2401/2401 2405/2405/2405
f 2401/2401/2401 2406/2406/2406 2405/2405/2405
f 2407/2407/2407 2405/2405/2405 2406/2406/2406
f 2408/2408/2408 2407/2407/2407 2406/2406/2406
f 2404/2404/2404 2409/2409/2409 2379/2379/2379
f 2404/2404/2404 2410/2410/2410 2409/2409/2409
f 2410/2410/2410 2411/2411/2411 2409/2409/2409
f 2409/2409/2409 2412/2412/2412 2379/2379/2379
f 2412/2412/2412 2409/2409/2409 2413/2413/2413
f 2409/2409/2409 2414/2414/2414 2413/2413/2413
f 2415/2415/2415 2413/2413/2413 2414/2414/2414
f 2416/2416/2416 2415/2415/2415 2414/2414/2414
f 2412/2412/2412 2417/2417/2417 2388/2388/2388
f 2379/2379/2379 2412/2412/2412 2388/2388/2388
f 2420/2420/2420 2419/2419/2419 2418/2418/2418
f 2419/2419/2419 2421/2421/2421 2418/2418/2418
f 2422/2422/2422 2420/2420/2420 2418/2418/2418
f 2423/2423/2423 2422/2422/2422 2418/2418/2418
f 2418/2418/2418 2421/2421/2421 2424/2424/2424
f 2425/2425/2425 2418/2418/2418 2424/2424/2424
f 2421/2421/2421 2426/2426/2426 2424/2424/2424
f 2427/2427/2427 2426/2426/2426 2421/2421/2421
f 2419/2419/2419 2427/2427/2427 2421/2421/2421
f 2426/2426/2426 2428/2428/2428 2424/2424/2424
f 2427/2427/2427 2419/2419/2419 2429/2429/2429
f 2429/2429/2429 2419/2419/2419 2420/2420/2420
f 2430/2430/2430 2427/2427/2427 2429/2429/2429
f 2429/2429/2429 2431/2431/2431 2430/2430/2430
f 2429/2429/2429 2432/2432/2432 2431/2431/2431
f 2432/2432/2432 2420/2420/2420 2422/2422/2422
f 2432/2432/2432 2429/2429/2429 2420/2420/2420
f 2431/2431/2431 2432/2432/2432 2433/2433/2433
f 2434/2434/2434 2431/2431/2431 2433/2433/2433
f 2430/2430/2430 2431/2431/2431 2434/2434/2434
f 2435/2435/2435 2434/2434/2434 2433/2433/2433
f 2432/2432/2432 2436/2436/2436 2433/2433/2433
f 2436/2436/2436 2432/2432/2432 2422/2422/2422
f 2439/2439/2439 2438/2438/2438 2437/2437/2437
f 2438/2438/2438 2440/2440/2440 2437/2437/2437
f 2437/2437/2437 2440/2440/2440 2441/2441/2441
f 2442/2442/2442 2437/2437/2437 2441/2441/2441
f 2441/2441/2441 2440/2440/2440 2443/2443/2443
f 2440/2440/2440 2444/2444/2444 2443/2443/2443
f 2445/2445/2445 2444/2444/2444 2440/2440/2440
f 2446/2446/2446 2439/2439/2439 2437/2437/2437
f 2442/2442/2442 2446/2446/2446 2437/2437/2437
f 2447/2447/2447 2439/2439/2439 2446/2446/2446
f 2448/2448/2448 2447/2447/2447 2446/2446/2446
f 2447/2447/2447 2448/2448/2448 2449/2449/2449
f 2450/2450/2450 2447/2447/2447 2449/2449/2449
f 2451/2451/2451 2447/2447/2447 2450/2450/2450
f 2447/2447/2447 2451/2451/2451 2439/2439/2439
f 2451/2451/2451 2438/2438/2438 2439/2439/2439
f 2452/2452/2452 2450/2450/2450 2449/2449/2449
f 2453/2453/2453 2452/2452/2452 2449/2449/2449
f 2438/2438/2438 2451/2451/2451 2454/2454/2454
f 2451/2451/2451 2450/2450/2450 2454/2454/2454
f 2454/2454/2454 2450/2450/2450 2452/2452/2452
f 2455/2455/2455 2438/2438/2438 2454/2454/2454
f 2438/2438/2438 2455/2455/2455 2440/2440/2440
f 2458/2458/2458 2457/2457/2457 2456/2456/2456
f 2459/2459/2459 2458/2458/2458 2456/2456/2456
f 2457/2457/2457 2460/2460/2460 2456/2456/2456
f 2460/2460/2460 2461/2461/2461 2456/2456/2456
f 2456/2456/2456 2461/2461/2461 2462/2462/2462
f 2459/2459/2459 2456/2456/2456 2462/2462/2462
f 2461/2461/2461 2463/2463/2463 2462/2462/2462
f 2464/2464/2464 2463/2463/2463 2461/2461/2461
f 2460/2460/2460 2464/2464/2464 2461/2461/2461
f 2463/2463/2463 2465/2465/2465 2462/2462/2462
f 2464/2464/2464 2460/2460/2460 2466/2466/2466
f 2460/2460/2460 2467/2467/2467 2466/2466/2466
f 2467/2467/2467 2460/2460/2460 2457/2457/2457
f 2467/2467/2467 2468/2468/2468 2466/2466/2466
f 2467/2467/2467 2469/2469/2469 2468/2468/2468
f 2469/2469/2469 2457/2457/2457 2458/2458/2458
f 2469/2469/2469 2467/2467/2467 2457/2457/2457
f 2470/2470/2470 2468/2468/2468 2469/2469/2469
f 2471/2471/2471 2470/2470/2470 2469/2469/2469
f 2471/2471/2471 2469/2469/2469 2458/2458/2458
f 2472/2472/2472 2468/2468/2468 2470/2470/2470
f 2466/2466/2466 2468/2468/2468 2472/2472/2472
f 2473/2473/2473 2472/2472/2472 2470/2470/2470
f 2476/2476/2476 2475/2475/2475 2474/2474/2474
f 2479/2479/2479 2478/2478/2478 2477/2477/2477
f 2479/2479/2479 2477/2477/2477 2480/2480/2480
f 2483/2483/2483 2482/2482/2482 2481/2481/2481
f 2486/2486/2486 2485/2485/2485 2484/2484/2484
f 2486/2486/2486 2487/2487/2487 2485/2485/2485
f 2490/2490/2490 2489/2489/2489 2488/2488/2488
f 2493/2493/2493 2492/2492/2492 2491/2491/2491
f 2494/2494/2494 2493/2493/2493 2491/2491/2491
f 2495/2495/2495 2493/2493/2493 2494/2494/2494
f 2496/2496/2496 2495/2495/2495 2494/2494/2494
f 2497/2497/2497 2495/2495/2495 2496/2496/2496
f 2495/2495/2495 2497/2497/2497 2493/2493/2493
f 2498/2498/2498 2497/2497/2497 2496/2496/2496
f 2491/2491/2491 2492/2492/2492 2499/2499/2499
f 2492/2492/2492 2500/2500/2500 2499/2499/2499
f 2501/2501/2501 2500/2500/2500 2492/2492/2492
f 2493/2493/2493 2501/2501/2501 2492/2492/2492
f 2497/2497/2497 2501/2501/2501 2493/2493/2493
f 2502/2502/2502 2497/2497/2497 2498/2498/2498
f 2501/2501/2501 2497/2497/2497 2502/2502/2502
f 2503/2503/2503 2502/2502/2502 2498/2498/2498
f 2504/2504/2504 2499/2499/2499 2500/2500/2500
f 2505/2505/2505 2504/2504/2504 2500/2500/2500
f 2505/2505/2505 2500/2500/2500 2501/2501/2501
f 2506/2506/2506 2505/2505/2505 2501/2501/2501
f 2506/2506/2506 2501/2501/2501 2502/2502/2502
f 2507/2507/2507 2502/2502/2502 2503/2503/2503
f 2508/2508/2508 2505/2505/2505 2506/2506/2506
f 2508/2508/2508 2509/2509/2509 2505/2505/2505
f 2505/2505/2505 2509/2509/2509 2504/2504/2504
f 2510/2510/2510 2508/2508/2508 2506/2506/2506
f 2510/2510/2510 2506/2506/2506 2502/2502/2502
f 2511/2511/2511 2510/2510/2510 2502/2502/2502
f 2511/2511/2511 2502/2502/2502 2507/2507/2507
f 2514/2514/2514 2513/2513/2513 2512/2512/2512
f 2515/2515/2515 2514/2514/2514 2512/2512/2512
f 2516/2516/2516 2515/2515/2515 2512/2512/2512
f 2517/2517/2517 2515/2515/2515 2516/2516/2516
f 2517/2517/2517 2518/2518/2518 2515/2515/2515
f 2519/2519/2519 2517/2517/2517 2516/2516/2516
f 2520/2520/2520 2517/2517/2517 2519/2519/2519
f 2521/2521/2521 2520/2520/2520 2519/2519/2519
f 2522/2522/2522 2520/2520/2520 2521/2521/2521
f 2523/2523/2523 2520/2520/2520 2522/2522/2522
f 2523/2523/2523 2518/2518/2518 2517/2517/2517
f 2520/2520/2520 2523/2523/2523 2517/2517/2517
f 2524/2524/2524 2514/2514/2514 2515/2515/2515
f 2515/2515/2515 2525/2525/2525 2524/2524/2524
f 2515/2515/2515 2518/2518/2518 2526/2526/2526
f 2525/2525/2525 2515/2515/2515 2526/2526/2526
f 2529/2529/2529 2528/2528/2528 2527/2527/2527
f 2530/2530/2530 2529/2529/2529 2527/2527/2527
f 2531/2531/2531 2529/2529/2529 2530/2530/2530
f 2532/2532/2532 2531/2531/2531 2530/2530/2530
f 2533/2533/2533 2531/2531/2531 2532/2532/2532
f 2534/2534/2534 2533/2533/2533 2532/2532/2532
f 2535/2535/2535 2533/2533/2533 2534/2534/2534
f 2536/2536/2536 2535/2535/2535 2534/2534/2534
f 2530/2530/2530 2527/2527/2527 2537/2537/2537
f 2538/2538/2538 2530/2530/2530 2537/2537/2537
f 2532/2532/2532 2530/2530/2530 2538/2538/2538
f 2538/2538/2538 2537/2537/2537 2539/2539/2539
f 2540/2540/2540 2538/2538/2538 2539/2539/2539
f 2540/2540/2540 2539/2539/2539 2541/2541/2541
f 2542/2542/2542 2540/2540/2540 2541/2541/2541
f 2542/2542/2542 2541/2541/2541 2543/2543/2543
f 2544/2544/2544 2542/2542/2542 2543/2543/2543
f 2545/2545/2545 2542/2542/2542 2544/2544/2544
f 2546/2546/2546 2545/2545/2545 2544/2544/2544
f 2547/2547/2547 2545/2545/2545 2546/2546/2546
f 2548/2548/2548 2547/2547/2547 2546/2546/2546
f 2549/2549/2549 2547/2547/2547 2548/2548/2548
f 2550/2550/2550 2549/2549/2549 2548/2548/2548
f 2551/2551/2551 2540/2540/2540 2542/2542/2542
f 2545/2545/2545 2551/2551/2551 2542/2542/2542
f 2552/2552/2552 2551/2551/2551 2545/2545/2545
f 2547/2547/2547 2552/2552/2552 2545/2545/2545
f 2553/2553/2553 2552/2552/2552 2547/2547/2547
f 2549/2549/2549 2553/2553/2553 2547/2547/2547
f 2554/2554/2554 2538/2538/2538 2540/2540/2540
f 2551/2551/2551 2554/2554/2554 2540/2540/2540
f 2555/2555/2555 2554/2554/2554 2551/2551/2551
f 2552/2552/2552 2555/2555/2555 2551/2551/2551
f 2556/2556/2556 2555/2555/2555 2552/2552/2552
f 2553/2553/2553 2556/2556/2556 2552/2552/2552
f 2555/2555/2555 2534/2534/2534 2554/2554/2554
f 2534/2534/2534 2532/2532/2532 2554/2554/2554
f 2554/2554/2554 2532/2532/2532 2538/2538/2538
f 2536/2536/2536 2534/2534/2534 2555/2555/2555
f 2556/2556/2556 2536/2536/2536 2555/2555/2555
f 2557/2557/2557 2549/2549/2549 2550/2550/2550
f 2557/2557/2557 2536/2536/2536 2556/2556/2556
f 2557/2557/2557 2556/2556/2556 2553/2553/2553
f 2557/2557/2557 2553/2553/2553 2549/2549/2549
f 2557/2557/2557 2535/2535/2535 2536/2536/2536
f 2560/2560/2560 2559/2559/2559 2558/2558/2558
f 2559/2559/2559 2561/2561/2561 2558/2558/2558
f 2558/2558/2558 2562/2562/2562 2560/2560/2560
f 2560/2560/2560 2562/2562/2562 2563/2563/2563
f 2560/2560/2560 2563/2563/2563 2564/2564/2564
f 2562/2562/2562 2565/2565/2565 2563/2563/2563
f 2563/2563/2563 2565/2565/2565 2566/2566/2566
f 2567/2567/2567 2565/2565/2565 2562/2562/2562
f 2562/2562/2562 2568/2568/2568 2567/2567/2567
f 2558/2558/2558 2568/2568/2568 2562/2562/2562
f 2566/2566/2566 2569/2569/2569 2563/2563/2563
f 2563/2563/2563 2569/2569/2569 2564/2564/2564
f 2564/2564/2564 2569/2569/2569 2570/2570/2570
f 2571/2571/2571 2568/2568/2568 2558/2558/2558
f 2558/2558/2558 2561/2561/2561 2571/2571/2571
f 2572/2572/2572 2561/2561/2561 2559/2559/2559
f 2575/2575/2575 2574/2574/2574 2573/2573/2573
f 2575/2575/2575 2576/2576/2576 2574/2574/2574
f 2577/2577/2577 2576/2576/2576 2575/2575/2575
f 2578/2578/2578 2573/2573/2573 2574/2574/2574
f 2574/2574/2574 2576/2576/2576 2579/2579/2579
f 2579/2579/2579 2578/2578/2578 2574/2574/2574
f 2580/2580/2580 2579/2579/2579 2576/2576/2576
f 2580/2580/2580 2581/2581/2581 2579/2579/2579
f 2581/2581/2581 2582/2582/2582 2579/2579/2579
f 2581/2581/2581 2583/2583/2583 2582/2582/2582
f 2584/2584/2584 2580/2580/2580 2576/2576/2576
f 2585/2585/2585 2584/2584/2584 2576/2576/2576
f 2585/2585/2585 2576/2576/2576 2577/2577/2577
f 2585/2585/2585 2586/2586/2586 2584/2584/2584
f 2585/2585/2585 2587/2587/2587 2586/2586/2586
f 2588/2588/2588 2580/2580/2580 2584/2584/2584
f 2584/2584/2584 2586/2586/2586 2588/2588/2588
f 2588/2588/2588 2586/2586/2586 2589/2589/2589
f 2590/2590/2590 2589/2589/2589 2586/2586/2586
f 2587/2587/2587 2590/2590/2590 2586/2586/2586
f 2590/2590/2590 2591/2591/2591 2589/2589/2589
f 2590/2590/2590 2592/2592/2592 2591/2591/2591
f 2593/2593/2593 2583/2583/2583 2581/2581/2581
f 2594/2594/2594 2593/2593/2593 2581/2581/2581
f 2592/2592/2592 2595/2595/2595 2591/2591/2591
f 2595/2595/2595 2596/2596/2596 2591/2591/2591
f 2595/2595/2595 2573/2573/2573 2596/2596/2596
f 2595/2595/2595 2597/2597/2597 2573/2573/2573
f 2573/2573/2573 2598/2598/2598 2596/2596/2596
f 2598/2598/2598 2599/2599/2599 2596/2596/2596
f 2591/2591/2591 2596/2596/2596 2599/2599/2599
f 2600/2600/2600 2591/2591/2591 2599/2599/2599
f 2578/2578/2578 2598/2598/2598 2573/2573/2573
f 2601/2601/2601 2599/2599/2599 2598/2598/2598
f 2602/2602/2602 2599/2599/2599 2601/2601/2601
f 2603/2603/2603 2599/2599/2599 2602/2602/2602
f 2604/2604/2604 2599/2599/2599 2603/2603/2603
f 2597/2597/2597 2575/2575/2575 2573/2573/2573
f 2607/2607/2607 2606/2606/2606 2605/2605/2605
f 2608/2608/2608 2607/2607/2607 2605/2605/2605
f 2606/2606/2606 2607/2607/2607 2609/2609/2609
f 2610/2610/2610 2606/2606/2606 2609/2609/2609
f 2610/2610/2610 2609/2609/2609 2611/2611/2611
f 2609/2609/2609 2612/2612/2612 2611/2611/2611
f 2613/2613/2613 2612/2612/2612 2609/2609/2609
f 2613/2613/2613 2609/2609/2609 2614/2614/2614
f 2609/2609/2609 2615/2615/2615 2614/2614/2614
f 2614/2614/2614 2615/2615/2615 2616/2616/2616
f 2617/2617/2617 2614/2614/2614 2616/2616/2616
f 2617/2617/2617 2616/2616/2616 2618/2618/2618
f 2619/2619/2619 2617/2617/2617 2618/2618/2618
f 2611/2611/2611 2612/2612/2612 2620/2620/2620
f 2619/2619/2619 2621/2621/2621 2617/2617/2617
f 2621/2621/2621 2622/2622/2622 2617/2617/2617
f 2617/2617/2617 2622/2622/2622 2623/2623/2623
f 2622/2622/2622 2624/2624/2624 2623/2623/2623
f 2623/2623/2623 2624/2624/2624 2625/2625/2625
f 2624/2624/2624 2626/2626/2626 2625/2625/2625
f 2625/2625/2625 2626/2626/2626 2627/2627/2627
f 2626/2626/2626 2628/2628/2628 2627/2627/2627
f 2627/2627/2627 2628/2628/2628 2629/2629/2629
f 2628/2628/2628 2630/2630/2630 2629/2629/2629
f 2631/2631/2631 2619/2619/2619 2618/2618/2618
f 2619/2619/2619 2631/2631/2631 2621/2621/2621
f 2632/2632/2632 2631/2631/2631 2618/2618/2618
f 2633/2633/2633 2631/2631/2631 2632/2632/2632
f 2632/2632/2632 2618/2618/2618 2634/2634/2634
f 2618/2618/2618 2635/2635/2635 2634/2634/2634
f 2633/2633/2633 2636/2636/2636 2631/2631/2631
f 2636/2636/2636 2637/2637/2637 2631/2631/2631
f 2638/2638/2638 2636/2636/2636 2633/2633/2633
f 2632/2632/2632 2638/2638/2638 2633/2633/2633
f 2639/2639/2639 2638/2638/2638 2632/2632/2632
f 2634/2634/2634 2639/2639/2639 2632/2632/2632
f 2631/2631/2631 2637/2637/2637 2621/2621/2621
f 2635/2635/2635 2640/2640/2640 2634/2634/2634
f 2640/2640/2640 2641/2641/2641 2634/2634/2634
f 2634/2634/2634 2642/2642/2642 2639/2639/2639
f 2642/2642/2642 2643/2643/2643 2639/2639/2639
f 2640/2640/2640 2608/2608/2608 2641/2641/2641
f 2608/2608/2608 2605/2605/2605 2641/2641/2641
f 2642/2642/2642 2644/2644/2644 2643/2643/2643
f 2644/2644/2644 2645/2645/2645 2643/2643/2643
f 2644/2644/2644 2646/2646/2646 2645/2645/2645
f 2646/2646/2646 2647/2647/2647 2645/2645/2645
f 2648/2648/2648 2647/2647/2647 2646/2646/2646
f 2649/2649/2649 2648/2648/2648 2646/2646/2646
f 2650/2650/2650 2648/2648/2648 2649/2649/2649
f 2651/2651/2651 2650/2650/2650 2649/2649/2649
f 2652/2652/2652 2650/2650/2650 2651/2651/2651
f 2653/2653/2653 2652/2652/2652 2651/2651/2651
f 2656/2656/2656 2655/2655/2655 2654/2654/2654
f 2657/2657/2657 2656/2656/2656 2654/2654/2654
f 2654/2654/2654 2655/2655/2655 2658/2658/2658
f 2655/2655/2655 2659/2659/2659 2658/2658/2658
f 2656/2656/2656 2657/2657/2657 2660/2660/2660
f 2661/2661/2661 2656/2656/2656 2660/2660/2660
f 2661/2661/2661 2660/2660/2660 2662/2662/2662
f 2663/2663/2663 2661/2661/2661 2662/2662/2662
f 2664/2664/2664 2663/2663/2663 2662/2662/2662
f 2665/2665/2665 2664/2664/2664 2662/2662/2662
f 2668/2668/2668 2667/2667/2667 2666/2666/2666
f 2669/2669/2669 2668/2668/2668 2666/2666/2666
f 2666/2666/2666 2667/2667/2667 2670/2670/2670
f 2667/2667/2667 2671/2671/2671 2670/2670/2670
f 2672/2672/2672 2668/2668/2668 2669/2669/2669
f 2673/2673/2673 2672/2672/2672 2669/2669/2669
f 2676/2676/2676 2675/2675/2675 2674/2674/2674
f 2675/2675/2675 2676/2676/2676 2677/2677/2677
f 2677/2677/2677 2676/2676/2676 2678/2678/2678
f 2676/2676/2676 2679/2679/2679 2678/2678/2678
f 2676/2676/2676 2680/2680/2680 2679/2679/2679
f 2680/2680/2680 2676/2676/2676 2674/2674/2674
f 2679/2679/2679 2680/2680/2680 2681/2681/2681
f 2678/2678/2678 2679/2679/2679 2682/2682/2682
f 2679/2679/2679 2681/2681/2681 2682/2682/2682
f 2682/2682/2682 2681/2681/2681 2683/2683/2683
f 2681/2681/2681 2684/2684/2684 2683/2683/2683
f 2681/2681/2681 2680/2680/2680 2684/2684/2684
f 2680/2680/2680 2685/2685/2685 2684/2684/2684
f 2684/2684/2684 2685/2685/2685 2686/2686/2686
f 2685/2685/2685 2687/2687/2687 2686/2686/2686
f 2688/2688/2688 2686/2686/2686 2687/2687/2687
f 2689/2689/2689 2686/2686/2686 2688/2688/2688
f 2684/2684/2684 2686/2686/2686 2689/2689/2689
f 2690/2690/2690 2684/2684/2684 2689/2689/2689
f 2684/2684/2684 2690/2690/2690 2683/2683/2683
f 2691/2691/2691 2685/2685/2685 2680/2680/2680
f 2685/2685/2685 2691/2691/2691 2692/2692/2692
f 2692/2692/2692 2691/2691/2691 2693/2693/2693
f 2693/2693/2693 2691/2691/2691 2680/2680/2680
f 2694/2694/2694 2692/2692/2692 2693/2693/2693
f 2695/2695/2695 2692/2692/2692 2694/2694/2694
f 2696/2696/2696 2692/2692/2692 2695/2695/2695
f 2696/2696/2696 2685/2685/2685 2692/2692/2692
f 2698/2698/2698 2697/2697/2697 2693/2693/2693
f 2698/2698/2698 2693/2693/2693 2680/2680/2680
f 2698/2698/2698 2680/2680/2680 2699/2699/2699
f 2698/2698/2698 2699/2699/2699 2700/2700/2700
f 2697/2697/2697 2698/2698/2698 2700/2700/2700
f 2693/2693/2693 2697/2697/2697 2701/2701/2701
f 2702/2702/2702 2693/2693/2693 2701/2701/2701
f 2702/2702/2702 2701/2701/2701 2703/2703/2703
f 2701/2701/2701 2704/2704/2704 2703/2703/2703
f 2697/2697/2697 2700/2700/2700 2704/2704/2704
f 2701/2701/2701 2697/2697/2697 2704/2704/2704
f 2674/2674/2674 2699/2699/2699 2680/2680/2680
f 2705/2705/2705 2699/2699/2699 2674/2674/2674
f 2708/2708/2708 2707/2707/2707 2706/2706/2706
f 2706/2706/2706 2709/2709/2709 2708/2708/2708
f 2709/2709/2709 2710/2710/2710 2708/2708/2708
f 2710/2710/2710 2711/2711/2711 2708/2708/2708
f 2710/2710/2710 2712/2712/2712 2711/2711/2711
f 2710/2710/2710 2713/2713/2713 2712/2712/2712
f 2710/2710/2710 2709/2709/2709 2713/2713/2713
f 2709/2709/2709 2714/2714/2714 2713/2713/2713
f 2714/2714/2714 2709/2709/2709 2706/2706/2706
f 2715/2715/2715 2706/2706/2706 2707/2707/2707
f 2716/2716/2716 2715/2715/2715 2707/2707/2707
f 2716/2716/2716 2707/2707/2707 2717/2717/2717
f 2718/2718/2718 2716/2716/2716 2717/2717/2717
f 2718/2718/2718 2717/2717/2717 2719/2719/2719
f 2717/2717/2717 2720/2720/2720 2719/2719/2719
f 2707/2707/2707 2708/2708/2708 2720/2720/2720
f 2717/2717/2717 2707/2707/2707 2720/2720/2720
f 2706/2706/2706 2721/2721/2721 2714/2714/2714
f 2722/2722/2722 2721/2721/2721 2706/2706/2706
f 2723/2723/2723 2721/2721/2721 2722/2722/2722
f 2721/2721/2721 2723/2723/2723 2724/2724/2724
f 2714/2714/2714 2721/2721/2721 2724/2724/2724
f 2723/2723/2723 2725/2725/2725 2724/2724/2724
f 2724/2724/2724 2725/2725/2725 2726/2726/2726
f 2724/2724/2724 2726/2726/2726 2727/2727/2727
f 2727/2727/2727 2714/2714/2714 2724/2724/2724
f 2728/2728/2728 2723/2723/2723 2722/2722/2722
f 2729/2729/2729 2728/2728/2728 2722/2722/2722
f 2722/2722/2722 2730/2730/2730 2729/2729/2729
f 2729/2729/2729 2730/2730/2730 2731/2731/2731
f 2732/2732/2732 2731/2731/2731 2730/2730/2730
f 2733/2733/2733 2732/2732/2732 2730/2730/2730
f 2706/2706/2706 2733/2733/2733 2730/2730/2730
f 2706/2706/2706 2730/2730/2730 2722/2722/2722
f 2706/2706/2706 2734/2734/2734 2733/2733/2733
f 2734/2734/2734 2735/2735/2735 2733/2733/2733
f 2735/2735/2735 2732/2732/2732 2733/2733/2733
f 2706/2706/2706 2715/2715/2715 2734/2734/2734
f 2734/2734/2734 2715/2715/2715 2736/2736/2736
f 2739/2739/2739 2738/2738/2738 2737/2737/2737
f 2740/2740/2740 2739/2739/2739 2737/2737/2737
f 2741/2741/2741 2740/2740/2740 2737/2737/2737
f 2742/2742/2742 2741/2741/2741 2737/2737/2737
f 2743/2743/2743 2739/2739/2739 2740/2740/2740
f 2743/2743/2743 2744/2744/2744 2739/2739/2739
f 2739/2739/2739 2744/2744/2744 2745/2745/2745
f 2746/2746/2746 2739/2739/2739 2745/2745/2745
f 2746/2746/2746 2745/2745/2745 2747/2747/2747
f 2748/2748/2748 2747/2747/2747 2745/2745/2745
f 2748/2748/2748 2745/2745/2745 2744/2744/2744
f 2749/2749/2749 2748/2748/2748 2744/2744/2744
f 2740/2740/2740 2741/2741/2741 2750/2750/2750
f 2743/2743/2743 2740/2740/2740 2750/2750/2750
f 2751/2751/2751 2749/2749/2749 2744/2744/2744
f 2743/2743/2743 2751/2751/2751 2744/2744/2744
f 2742/2742/2742 2737/2737/2737 2752/2752/2752
f 2752/2752/2752 2737/2737/2737 2738/2738/2738
f 2753/2753/2753 2742/2742/2742 2752/2752/2752
f 2753/2753/2753 2752/2752/2752 2754/2754/2754
f 2755/2755/2755 2753/2753/2753 2754/2754/2754
f 2755/2755/2755 2754/2754/2754 2756/2756/2756
f 2757/2757/2757 2756/2756/2756 2754/2754/2754
f 2754/2754/2754 2752/2752/2752 2758/2758/2758
f 2757/2757/2757 2754/2754/2754 2758/2758/2758
f 2758/2758/2758 2752/2752/2752 2738/2738/2738
f 2760/2760/2760 2751/2751/2751 2759/2759/2759
f 2761/2761/2761 2760/2760/2760 2759/2759/2759
f 2760/2760/2760 2761/2761/2761 2762/2762/2762
f 2763/2763/2763 2762/2762/2762 2761/2761/2761
f 2763/2763/2763 2761/2761/2761 2759/2759/2759
f 2764/2764/2764 2763/2763/2763 2759/2759/2759
f 2765/2765/2765 2764/2764/2764 2759/2759/2759
f 2759/2759/2759 2751/2751/2751 2743/2743/2743
f 2765/2765/2765 2759/2759/2759 2743/2743/2743
f 2768/2768/2768 2767/2767/2767 2766/2766/2766
f 2769/2769/2769 2768/2768/2768 2766/2766/2766
f 2767/2767/2767 2770/2770/2770 2766/2766/2766
f 2770/2770/2770 2767/2767/2767 2771/2771/2771
f 2767/2767/2767 2772/2772/2772 2771/2771/2771
f 2768/2768/2768 2772/2772/2772 2767/2767/2767
f 2770/2770/2770 2773/2773/2773 2766/2766/2766
f 2772/2772/2772 2768/2768/2768 2774/2774/2774
f 2774/2774/2774 2768/2768/2768 2775/2775/2775
f 2768/2768/2768 2776/2776/2776 2775/2775/2775
f 2775/2775/2775 2776/2776/2776 2777/2777/2777
f 2777/2777/2777 2778/2778/2778 2775/2775/2775
f 2775/2775/2775 2778/2778/2778 2774/2774/2774
f 2778/2778/2778 2779/2779/2779 2774/2774/2774
f 2769/2769/2769 2766/2766/2766 2780/2780/2780
f 2780/2780/2780 2766/2766/2766 2773/2773/2773
f 2781/2781/2781 2769/2769/2769 2780/2780/2780
f 2782/2782/2782 2781/2781/2781 2780/2780/2780
f 2783/2783/2783 2782/2782/2782 2780/2780/2780
f 2784/2784/2784 2782/2782/2782 2783/2783/2783
f 2783/2783/2783 2785/2785/2785 2784/2784/2784
f 2786/2786/2786 2785/2785/2785 2783/2783/2783
f 2780/2780/2780 2786/2786/2786 2783/2783/2783
f 2786/2786/2786 2780/2780/2780 2773/2773/2773
f 2787/2787/2787 2772/2772/2772 2774/2774/2774
f 2779/2779/2779 2787/2787/2787 2774/2774/2774
f 2788/2788/2788 2772/2772/2772 2787/2787/2787
f 2789/2789/2789 2788/2788/2788 2787/2787/2787
f 2787/2787/2787 2790/2790/2790 2789/2789/2789
f 2790/2790/2790 2791/2791/2791 2789/2789/2789
f 2791/2791/2791 2790/2790/2790 2792/2792/2792
f 2792/2792/2792 2793/2793/2793 2791/2791/2791
f 2791/2791/2791 2793/2793/2793 2789/2789/2789
f 2793/2793/2793 2794/2794/2794 2789/2789/2789
f 2794/2794/2794 2788/2788/2788 2789/2789/2789
f 2797/2797/2797 2796/2796/2796 2795/2795/2795
f 2797/2797/2797 2798/2798/2798 2796/2796/2796
f 2797/2797/2797 2795/2795/2795 2799/2799/2799
f 2797/2797/2797 2799/2799/2799 2800/2800/2800
f 2799/2799/2799 2795/2795/2795 2801/2801/2801
f 2795/2795/2795 2802/2802/2802 2801/2801/2801
f 2796/2796/2796 2798/2798/2798 2803/2803/2803
f 2798/2798/2798 2804/2804/2804 2803/2803/2803
f 2805/2805/2805 2802/2802/2802 2795/2795/2795
f 2796/2796/2796 2805/2805/2805 2795/2795/2795
f 2806/2806/2806 2805/2805/2805 2796/2796/2796
f 2801/2801/2801 2807/2807/2807 2799/2799/2799
f 2799/2799/2799 2807/2807/2807 2800/2800/2800
f 2800/2800/2800 2807/2807/2807 2808/2808/2808
f 2803/2803/2803 2809/2809/2809 2796/2796/2796
f 2796/2796/2796 2809/2809/2809 2806/2806/2806
f 2812/2812/2812 2811/2811/2811 2810/2810/2810
f 2812/2812/2812 2810/2810/2810 2813/2813/2813
f 2813/2813/2813 2810/2810/2810 2814/2814/2814
f 2810/2810/2810 2815/2815/2815 2814/2814/2814
f 2810/2810/2810 2816/2816/2816 2815/2815/2815
f 2816/2816/2816 2817/2817/2817 2815/2815/2815
f 2816/2816/2816 2818/2818/2818 2817/2817/2817
f 2818/2818/2818 2819/2819/2819 2817/2817/2817
f 2818/2818/2818 2820/2820/2820 2819/2819/2819
f 2821/2821/2821 2820/2820/2820 2818/2818/2818
f 2821/2821/2821 2822/2822/2822 2820/2820/2820
f 2820/2820/2820 2823/2823/2823 2819/2819/2819
f 2820/2820/2820 2822/2822/2822 2823/2823/2823
f 2813/2813/2813 2814/2814/2814 2824/2824/2824
f 2825/2825/2825 2813/2813/2813 2824/2824/2824
f 2826/2826/2826 2813/2813/2813 2825/2825/2825
f 2812/2812/2812 2813/2813/2813 2826/2826/2826
f 2826/2826/2826 2825/2825/2825 2827/2827/2827
f 2828/2828/2828 2827/2827/2827 2822/2822/2822
f 2821/2821/2821 2828/2828/2828 2822/2822/2822
f 2825/2825/2825 2824/2824/2824 2829/2829/2829
f 2827/2827/2827 2825/2825/2825 2829/2829/2829
f 2827/2827/2827 2829/2829/2829 2830/2830/2830
f 2822/2822/2822 2827/2827/2827 2830/2830/2830
f 2822/2822/2822 2830/2830/2830 2823/2823/2823
f 2831/2831/2831 2818/2818/2818 2816/2816/2816
f 2832/2832/2832 2818/2818/2818 2831/2831/2831
f 2821/2821/2821 2818/2818/2818 2832/2832/2832
f 2824/2824/2824 2833/2833/2833 2829/2829/2829
f 2829/2829/2829 2833/2833/2833 2834/2834/2834
f 2834/2834/2834 2835/2835/2835 2829/2829/2829
f 2835/2835/2835 2830/2830/2830 2829/2829/2829
f 2830/2830/2830 2835/2835/2835 2836/2836/2836
f 2823/2823/2823 2830/2830/2830 2836/2836/2836
f 2836/2836/2836 2837/2837/2837 2823/2823/2823
f 2837/2837/2837 2819/2819/2819 2823/2823/2823
f 2837/2837/2837 2838/2838/2838 2819/2819/2819
f 2839/2839/2839 2838/2838/2838 2837/2837/2837
f 2840/2840/2840 2838/2838/2838 2839/2839/2839
f 2838/2838/2838 2840/2840/2840 2841/2841/2841
f 2842/2842/2842 2838/2838/2838 2841/2841/2841
f 2838/2838/2838 2842/2842/2842 2815/2815/2815
f 2842/2842/2842 2843/2843/2843 2815/2815/2815
f 2815/2815/2815 2843/2843/2843 2814/2814/2814
f 2844/2844/2844 2842/2842/2842 2841/2841/2841
f 2841/2841/2841 2840/2840/2840 2845/2845/2845
f 2846/2846/2846 2841/2841/2841 2845/2845/2845
f 2847/2847/2847 2846/2846/2846 2845/2845/2845
f 2846/2846/2846 2847/2847/2847 2848/2848/2848
f 2847/2847/2847 2849/2849/2849 2848/2848/2848
f 2849/2849/2849 2850/2850/2850 2848/2848/2848
f 2850/2850/2850 2851/2851/2851 2848/2848/2848
f 2844/2844/2844 2852/2852/2852 2842/2842/2842
f 2843/2843/2843 2853/2853/2853 2814/2814/2814
f 2843/2843/2843 2854/2854/2854 2853/2853/2853
f 2854/2854/2854 2855/2855/2855 2853/2853/2853
f 2853/2853/2853 2855/2855/2855 2856/2856/2856
f 2855/2855/2855 2857/2857/2857 2856/2856/2856
f 2858/2858/2858 2853/2853/2853 2856/2856/2856
f 2814/2814/2814 2853/2853/2853 2858/2858/2858
f 2859/2859/2859 2858/2858/2858 2856/2856/2856
f 2859/2859/2859 2860/2860/2860 2858/2858/2858
f 2860/2860/2860 2859/2859/2859 2861/2861/2861
f 2862/2862/2862 2861/2861/2861 2859/2859/2859
f 2856/2856/2856 2862/2862/2862 2859/2859/2859
f 2863/2863/2863 2861/2861/2861 2862/2862/2862
f 2861/2861/2861 2863/2863/2863 2860/2860/2860
f 2864/2864/2864 2863/2863/2863 2862/2862/2862
f 2864/2864/2864 2865/2865/2865 2863/2863/2863
f 2865/2865/2865 2866/2866/2866 2863/2863/2863
f 2867/2867/2867 2860/2860/2860 2863/2863/2863
f 2866/2866/2866 2867/2867/2867 2863/2863/2863
f 2864/2864/2864 2862/2862/2862 2868/2868/2868
f 2868/2868/2868 2862/2862/2862 2856/2856/2856
f 2864/2864/2864 2868/2868/2868 2869/2869/2869
f 2865/2865/2865 2864/2864/2864 2869/2869/2869
f 2857/2857/2857 2870/2870/2870 2856/2856/2856
f 2870/2870/2870 2868/2868/2868 2856/2856/2856
f 2868/2868/2868 2870/2870/2870 2871/2871/2871
f 2869/2869/2869 2868/2868/2868 2871/2871/2871
f 2871/2871/2871 2870/2870/2870 2872/2872/2872
f 2873/2873/2873 2871/2871/2871 2872/2872/2872
f 2858/2858/2858 2860/2860/2860 2874/2874/2874
f 2824/2824/2824 2858/2858/2858 2874/2874/2874
f 2824/2824/2824 2814/2814/2814 2858/2858/2858
f 2874/2874/2874 2833/2833/2833 2824/2824/2824
f 2833/2833/2833 2874/2874/2874 2860/2860/2860
f 2877/2877/2877 2876/2876/2876 2875/2875/2875
f 2878/2878/2878 2876/2876/2876 2877/2877/2877
f 2877/2877/2877 2875/2875/2875 2879/2879/2879
f 2879/2879/2879 2880/2880/2880 2877/2877/2877
f 2881/2881/2881 2880/2880/2880 2879/2879/2879
f 2882/2882/2882 2881/2881/2881 2879/2879/2879
f 2883/2883/2883 2876/2876/2876 2878/2878/2878
f 2884/2884/2884 2883/2883/2883 2878/2878/2878
f 2876/2876/2876 2885/2885/2885 2875/2875/2875
f 2883/2883/2883 2885/2885/2885 2876/2876/2876
f 2879/2879/2879 2886/2886/2886 2882/2882/2882
f 2875/2875/2875 2886/2886/2886 2879/2879/2879
f 2875/2875/2875 2885/2885/2885 2887/2887/2887
f 2887/2887/2887 2886/2886/2886 2875/2875/2875
f 2890/2890/2890 2889/2889/2889 2888/2888/2888
f 2890/2890/2890 2888/2888/2888 2891/2891/2891
f 2892/2892/2892 2890/2890/2890 2891/2891/2891
f 2891/2891/2891 2893/2893/2893 2892/2892/2892
f 2893/2893/2893 2894/2894/2894 2892/2892/2892
f 2894/2894/2894 2893/2893/2893 2895/2895/2895
f 2894/2894/2894 2895/2895/2895 2896/2896/2896
f 2890/2890/2890 2897/2897/2897 2889/2889/2889
f 2888/2888/2888 2889/2889/2889 2898/2898/2898
f 2891/2891/2891 2888/2888/2888 2899/2899/2899
f 2893/2893/2893 2891/2891/2891 2899/2899/2899
f 2888/2888/2888 2900/2900/2900 2899/2899/2899
f 2901/2901/2901 2899/2899/2899 2900/2900/2900
f 2900/2900/2900 2902/2902/2902 2901/2901/2901
f 2899/2899/2899 2901/2901/2901 2903/2903/2903
f 2901/2901/2901 2904/2904/2904 2903/2903/2903
f 2901/2901/2901 2902/2902/2902 2904/2904/2904
f 2899/2899/2899 2903/2903/2903 2905/2905/2905
f 2905/2905/2905 2903/2903/2903 2906/2906/2906
f 2903/2903/2903 2907/2907/2907 2906/2906/2906
f 2905/2905/2905 2906/2906/2906 2908/2908/2908
f 2909/2909/2909 2905/2905/2905 2908/2908/2908
f 2905/2905/2905 2909/2909/2909 2899/2899/2899
f 2906/2906/2906 2907/2907/2907 2910/2910/2910
f 2907/2907/2907 2911/2911/2911 2910/2910/2910
f 2903/2903/2903 2904/2904/2904 2911/2911/2911
f 2907/2907/2907 2903/2903/2903 2911/2911/2911
f 2904/2904/2904 2912/2912/2912 2911/2911/2911
f 2902/2902/2902 2912/2912/2912 2904/2904/2904
f 2912/2912/2912 2913/2913/2913 2911/2911/2911
f 2911/2911/2911 2913/2913/2913 2910/2910/2910
f 2914/2914/2914 2913/2913/2913 2912/2912/2912
f 2915/2915/2915 2914/2914/2914 2912/2912/2912
f 2915/2915/2915 2916/2916/2916 2914/2914/2914
f 2916/2916/2916 2917/2917/2917 2914/2914/2914
f 2918/2918/2918 2917/2917/2917 2916/2916/2916
f 2919/2919/2919 2918/2918/2918 2916/2916/2916
f 2918/2918/2918 2920/2920/2920 2917/2917/2917
f 2914/2914/2914 2921/2921/2921 2913/2913/2913
f 2913/2913/2913 2921/2921/2921 2910/2910/2910
f 2917/2917/2917 2920/2920/2920 2921/2921/2921
f 2917/2917/2917 2921/2921/2921 2914/2914/2914
f 2906/2906/2906 2910/2910/2910 2922/2922/2922
f 2908/2908/2908 2906/2906/2906 2922/2922/2922
f 2908/2908/2908 2923/2923/2923 2909/2909/2909
f 2908/2908/2908 2922/2922/2922 2923/2923/2923
f 2924/2924/2924 2919/2919/2919 2916/2916/2916
f 2924/2924/2924 2916/2916/2916 2925/2925/2925
f 2912/2912/2912 2925/2925/2925 2915/2915/2915
f 2925/2925/2925 2916/2916/2916 2915/2915/2915
f 2924/2924/2924 2925/2925/2925 2926/2926/2926
f 2926/2926/2926 2925/2925/2925 2902/2902/2902
f 2927/2927/2927 2926/2926/2926 2902/2902/2902
f 2902/2902/2902 2928/2928/2928 2927/2927/2927
f 2928/2928/2928 2929/2929/2929 2927/2927/2927
f 2928/2928/2928 2930/2930/2930 2929/2929/2929
f 2930/2930/2930 2928/2928/2928 2931/2931/2931
f 2931/2931/2931 2928/2928/2928 2932/2932/2932
f 2928/2928/2928 2933/2933/2933 2932/2932/2932
f 2933/2933/2933 2934/2934/2934 2932/2932/2932
f 2933/2933/2933 2935/2935/2935 2934/2934/2934
f 2934/2934/2934 2935/2935/2935 2936/2936/2936
f 2935/2935/2935 2937/2937/2937 2936/2936/2936
f 2938/2938/2938 2937/2937/2937 2935/2935/2935
f 2939/2939/2939 2938/2938/2938 2935/2935/2935
f 2940/2940/2940 2939/2939/2939 2935/2935/2935
f 2940/2940/2940 2935/2935/2935 2941/2941/2941
f 2941/2941/2941 2935/2935/2935 2933/2933/2933
f 2942/2942/2942 2941/2941/2941 2933/2933/2933
f 2938/2938/2938 2939/2939/2939 2943/2943/2943
f 2940/2940/2940 2944/2944/2944 2939/2939/2939
f 2944/2944/2944 2945/2945/2945 2939/2939/2939
f 2939/2939/2939 2945/2945/2945 2943/2943/2943
f 2946/2946/2946 2943/2943/2943 2945/2945/2945
f 2947/2947/2947 2946/2946/2946 2945/2945/2945
f 2945/2945/2945 2944/2944/2944 2947/2947/2947
f 2948/2948/2948 2934/2934/2934 2936/2936/2936
f 2932/2932/2932 2934/2934/2934 2948/2948/2948
f 2946/2946/2946 2947/2947/2947 2949/2949/2949
f 2950/2950/2950 2946/2946/2946 2949/2949/2949
f 2951/2951/2951 2950/2950/2950 2949/2949/2949
f 2952/2952/2952 2951/2951/2951 2949/2949/2949
f 2952/2952/2952 2949/2949/2949 2953/2953/2953
f 2949/2949/2949 2947/2947/2947 2953/2953/2953
f 2947/2947/2947 2944/2944/2944 2953/2953/2953
f 2954/2954/2954 2952/2952/2952 2953/2953/2953
f 2951/2951/2951 2952/2952/2952 2955/2955/2955
f 2955/2955/2955 2952/2952/2952 2954/2954/2954
f 2956/2956/2956 2951/2951/2951 2955/2955/2955
f 2956/2956/2956 2955/2955/2955 2957/2957/2957
f 2955/2955/2955 2958/2958/2958 2957/2957/2957
f 2955/2955/2955 2959/2959/2959 2958/2958/2958
f 2959/2959/2959 2955/2955/2955 2954/2954/2954
f 2954/2954/2954 2960/2960/2960 2959/2959/2959
f 2960/2960/2960 2961/2961/2961 2959/2959/2959
f 2959/2959/2959 2961/2961/2961 2958/2958/2958
f 2960/2960/2960 2954/2954/2954 2962/2962/2962
f 2954/2954/2954 2953/2953/2953 2962/2962/2962
f 2962/2962/2962 2953/2953/2953 2963/2963/2963
f 2963/2963/2963 2953/2953/2953 2944/2944/2944
f 2964/2964/2964 2963/2963/2963 2944/2944/2944
f 2964/2964/2964 2944/2944/2944 2965/2965/2965
f 2968/2968/2968 2967/2967/2967 2966/2966/2966
f 2969/2969/2969 2968/2968/2968 2966/2966/2966
f 2968/2968/2968 2970/2970/2970 2967/2967/2967
f 2970/2970/2970 2971/2971/2971 2967/2967/2967
f 2970/2970/2970 2972/2972/2972 2971/2971/2971
f 2972/2972/2972 2973/2973/2973 2971/2971/2971
f 2972/2972/2972 2974/2974/2974 2973/2973/2973
f 2974/2974/2974 2975/2975/2975 2973/2973/2973
f 2974/2974/2974 2976/2976/2976 2975/2975/2975
f 2976/2976/2976 2977/2977/2977 2975/2975/2975
f 2976/2976/2976 2978/2978/2978 2977/2977/2977
f 2978/2978/2978 2979/2979/2979 2977/2977/2977
f 2974/2974/2974 2972/2972/2972 2980/2980/2980
f 2972/2972/2972 2981/2981/2981 2980/2980/2980
f 2972/2972/2972 2970/2970/2970 2981/2981/2981
f 2981/2981/2981 2982/2982/2982 2980/2980/2980
f 2982/2982/2982 2983/2983/2983 2980/2980/2980
f 2980/2980/2980 2983/2983/2983 2984/2984/2984
f 2974/2974/2974 2980/2980/2980 2984/2984/2984
f 2976/2976/2976 2974/2974/2974 2984/2984/2984
f 2983/2983/2983 2985/2985/2985 2984/2984/2984
f 2984/2984/2984 2985/2985/2985 2986/2986/2986
f 2987/2987/2987 2986/2986/2986 2985/2985/2985
f 2985/2985/2985 2988/2988/2988 2987/2987/2987
f 2989/2989/2989 2987/2987/2987 2988/2988/2988
f 2989/2989/2989 2990/2990/2990 2987/2987/2987
f 2991/2991/2991 2990/2990/2990 2989/2989/2989
f 2992/2992/2992 2991/2991/2991 2989/2989/2989
f 2992/2992/2992 2989/2989/2989 2993/2993/2993
f 2994/2994/2994 2993/2993/2993 2989/2989/2989
f 2994/2994/2994 2989/2989/2989 2988/2988/2988
f 2994/2994/2994 2988/2988/2988 2985/2985/2985
f 2995/2995/2995 2992/2992/2992 2993/2993/2993
f 2995/2995/2995 2993/2993/2993 2996/2996/2996
f 2996/2996/2996 2993/2993/2993 2997/2997/2997
f 2994/2994/2994 2997/2997/2997 2993/2993/2993
f 2998/2998/2998 2995/2995/2995 2996/2996/2996
f 2998/2998/2998 2996/2996/2996 2999/2999/2999
f 2999/2999/2999 2996/2996/2996 3000/3000/3000
f 3001/3001/3001 2998/2998/2998 2999/2999/2999
f 3001/3001/3001 2999/2999/2999 3002/3002/3002
f 3002/3002/3002 2999/2999/2999 3003/3003/3003
f 3004/3004/3004 3001/3001/3001 3002/3002/3002
f 3005/3005/3005 3001/3001/3001 3004/3004/3004
f 3006/3006/3006 3005/3005/3005 3004/3004/3004
f 3007/3007/3007 2998/2998/2998 3001/3001/3001
f 3005/3005/3005 3007/3007/3007 3001/3001/3001
f 3008/3008/3008 2992/2992/2992 2995/2995/2995
f 3009/3009/3009 3008/3008/3008 2995/2995/2995
f 3009/3009/3009 2995/2995/2995 2998/2998/2998
f 3007/3007/3007 3009/3009/3009 2998/2998/2998
f 2999/2999/2999 3000/3000/3000 3010/3010/3010
f 2999/2999/2999 3010/3010/3010 3003/3003/3003
f 3010/3010/3010 3000/3000/3000 3011/3011/3011
f 3003/3003/3003 3010/3010/3010 3012/3012/3012
f 3010/3010/3010 3011/3011/3011 3012/3012/3012
f 3003/3003/3003 3012/3012/3012 3013/3013/3013
f 3002/3002/3002 3003/3003/3003 3014/3014/3014
f 3014/3014/3014 3003/3003/3003 3013/3013/3013
f 3000/3000/3000 3015/3015/3015 3011/3011/3011
f 3015/3015/3015 2982/2982/2982 3011/3011/3011
f 3015/3015/3015 3016/3016/3016 2982/2982/2982
f 2996/2996/2996 3016/3016/3016 3015/3015/3015
f 2996/2996/2996 2997/2997/2997 3016/3016/3016
f 3016/3016/3016 2997/2997/2997 2982/2982/2982
f 2997/2997/2997 3017/3017/3017 2982/2982/2982
f 2996/2996/2996 3015/3015/3015 3000/3000/3000
f 2997/2997/2997 2994/2994/2994 3017/3017/3017
f 2994/2994/2994 2985/2985/2985 3017/3017/3017
f 3013/3013/3013 3012/3012/3012 3018/3018/3018
f 3019/3019/3019 3013/3013/3013 3018/3018/3018
f 3012/3012/3012 3011/3011/3011 3020/3020/3020
f 3018/3018/3018 3012/3012/3012 3020/3020/3020
f 3011/3011/3011 2982/2982/2982 2981/2981/2981
f 3020/3020/3020 3011/3011/3011 2981/2981/2981
f 2969/2969/2969 3019/3019/3019 3018/3018/3018
f 2968/2968/2968 2969/2969/2969 3018/3018/3018
f 2968/2968/2968 3018/3018/3018 3020/3020/3020
f 2970/2970/2970 2968/2968/2968 3020/3020/3020
f 2970/2970/2970 3020/3020/3020 2981/2981/2981
f 3023/3023/3023 3022/3022/3022 3021/3021/3021
f 3024/3024/3024 3023/3023/3023 3021/3021/3021
f 3023/3023/3023 3025/3025/3025 3022/3022/3022
f 3025/3025/3025 3026/3026/3026 3022/3022/3022
f 3025/3025/3025 3027/3027/3027 3026/3026/3026
f 3027/3027/3027 3028/3028/3028 3026/3026/3026
f 3027/3027/3027 3029/3029/3029 3028/3028/3028
f 3029/3029/3029 3030/3030/3030 3028/3028/3028
f 3029/3029/3029 3031/3031/3031 3030/3030/3030
f 3031/3031/3031 3032/3032/3032 3030/3030/3030
f 3026/3026/3026 3028/3028/3028 3033/3033/3033
f 3022/3022/3022 3026/3026/3026 3033/3033/3033
f 3028/3028/3028 3034/3034/3034 3033/3033/3033
f 3028/3028/3028 3030/3030/3030 3035/3035/3035
f 3034/3034/3034 3028/3028/3028 3035/3035/3035
f 3030/3030/3030 3032/3032/3032 3036/3036/3036
f 3035/3035/3035 3030/3030/3030 3036/3036/3036
f 3022/3022/3022 3037/3037/3037 3021/3021/3021
f 3037/3037/3037 3022/3022/3022 3033/3033/3033
f 3038/3038/3038 3027/3027/3027 3025/3025/3025
f 3027/3027/3027 3038/3038/3038 3029/3029/3029
f 3039/3039/3039 3038/3038/3038 3025/3025/3025
f 3038/3038/3038 3040/3040/3040 3029/3029/3029
f 3029/3029/3029 3040/3040/3040 3031/3031/3031
f 3040/3040/3040 3041/3041/3041 3031/3031/3031
f 3037/3037/3037 3033/3033/3033 3042/3042/3042
f 3043/3043/3043 3034/3034/3034 3035/3035/3035
f 3033/3033/3033 3034/3034/3034 3044/3044/3044
f 3034/3034/3034 3043/3043/3043 3044/3044/3044
f 3033/3033/3033 3044/3044/3044 3042/3042/3042
f 3035/3035/3035 3036/3036/3036 3045/3045/3045
f 3036/3036/3036 3046/3046/3046 3045/3045/3045
f 3035/3035/3035 3045/3045/3045 3047/3047/3047
f 3043/3043/3043 3035/3035/3035 3047/3047/3047
f 3037/3037/3037 3042/3042/3042 3048/3048/3048
f 3037/3037/3037 3048/3048/3048 3049/3049/3049
f 3050/3050/3050 3037/3037/3037 3049/3049/3049
f 3037/3037/3037 3050/3050/3050 3021/3021/3021
f 3049/3049/3049 3048/3048/3048 3005/3005/3005
f 3048/3048/3048 3042/3042/3042 3005/3005/3005
f 3042/3042/3042 3007/3007/3007 3005/3005/3005
f 3042/3042/3042 3044/3044/3044 3007/3007/3007
f 3044/3044/3044 3009/3009/3009 3007/3007/3007
f 3044/3044/3044 3043/3043/3043 3009/3009/3009
f 3049/3049/3049 3005/3005/3005 3006/3006/3006
f 3043/3043/3043 3008/3008/3008 3009/3009/3009
f 3043/3043/3043 3047/3047/3047 3008/3008/3008
f 3047/3047/3047 3045/3045/3045 3008/3008/3008
f 3045/3045/3045 3051/3051/3051 3008/3008/3008
f 3045/3045/3045 3046/3046/3046 3051/3051/3051
f 3008/3008/3008 3051/3051/3051 2992/2992/2992
f 3051/3051/3051 2991/2991/2991 2992/2992/2992
f 3050/3050/3050 3049/3049/3049 3052/3052/3052
f 3052/3052/3052 3049/3049/3049 3006/3006/3006
f 3055/3055/3055 3054/3054/3054 3053/3053/3053
f 3056/3056/3056 3055/3055/3055 3053/3053/3053
f 3053/3053/3053 3057/3057/3057 3056/3056/3056
f 3058/3058/3058 3057/3057/3057 3053/3053/3053
f 3059/3059/3059 3058/3058/3058 3053/3053/3053
f 3060/3060/3060 3058/3058/3058 3059/3059/3059
f 3061/3061/3061 3060/3060/3060 3059/3059/3059
f 3062/3062/3062 3060/3060/3060 3061/3061/3061
f 3063/3063/3063 3062/3062/3062 3061/3061/3061
f 3064/3064/3064 3063/3063/3063 3061/3061/3061
f 3065/3065/3065 3063/3063/3063 3064/3064/3064
f 3066/3066/3066 3065/3065/3065 3064/3064/3064
f 3067/3067/3067 3066/3066/3066 3064/3064/3064
f 3067/3067/3067 3064/3064/3064 3068/3068/3068
f 3064/3064/3064 3069/3069/3069 3068/3068/3068
f 3064/3064/3064 3061/3061/3061 3069/3069/3069
f 3070/3070/3070 3068/3068/3068 3069/3069/3069
f 3071/3071/3071 3070/3070/3070 3069/3069/3069
f 3069/3069/3069 3072/3072/3072 3071/3071/3071
f 3061/3061/3061 3072/3072/3072 3069/3069/3069
f 3061/3061/3061 3059/3059/3059 3072/3072/3072
f 3072/3072/3072 3073/3073/3073 3071/3071/3071
f 3072/3072/3072 3074/3074/3074 3073/3073/3073
f 3059/3059/3059 3074/3074/3074 3072/3072/3072
f 3074/3074/3074 3075/3075/3075 3073/3073/3073
f 3075/3075/3075 3074/3074/3074 3076/3076/3076
f 3077/3077/3077 3075/3075/3075 3076/3076/3076
f 3077/3077/3077 3076/3076/3076 3078/3078/3078
f 3079/3079/3079 3077/3077/3077 3078/3078/3078
f 3070/3070/3070 3071/3071/3071 3080/3080/3080
f 3071/3071/3071 3081/3081/3081 3080/3080/3080
f 3071/3071/3071 3082/3082/3082 3081/3081/3081
f 3073/3073/3073 3075/3075/3075 3082/3082/3082
f 3073/3073/3073 3082/3082/3082 3071/3071/3071
f 3075/3075/3075 3077/3077/3077 3083/3083/3083
f 3075/3075/3075 3083/3083/3083 3082/3082/3082
f 3077/3077/3077 3084/3084/3084 3083/3083/3083
f 3077/3077/3077 3079/3079/3079 3084/3084/3084
f 3053/3053/3053 3076/3076/3076 3074/3074/3074
f 3059/3059/3059 3053/3053/3053 3074/3074/3074
f 3079/3079/3079 3085/3085/3085 3084/3084/3084
f 3054/3054/3054 3078/3078/3078 3076/3076/3076
f 3053/3053/3053 3054/3054/3054 3076/3076/3076
f 3080/3080/3080 3081/3081/3081 3086/3086/3086
f 3081/3081/3081 3082/3082/3082 3087/3087/3087
f 3088/3088/3088 3083/3083/3083 3084/3084/3084
f 3082/3082/3082 3083/3083/3083 3088/3088/3088
f 3084/3084/3084 3085/3085/3085 3089/3089/3089
f 3081/3081/3081 3090/3090/3090 3086/3086/3086
f 3081/3081/3081 3087/3087/3087 3090/3090/3090
f 3085/3085/3085 3091/3091/3091 3089/3089/3089
f 3084/3084/3084 3089/3089/3089 3092/3092/3092
f 3088/3088/3088 3084/3084/3084 3092/3092/3092
f 3082/3082/3082 3088/3088/3088 3093/3093/3093
f 3082/3082/3082 3093/3093/3093 3087/3087/3087
f 3093/3093/3093 3088/3088/3088 3039/3039/3039
f 3087/3087/3087 3093/3093/3093 3039/3039/3039
f 3088/3088/3088 3038/3038/3038 3039/3039/3039
f 3087/3087/3087 3039/3039/3039 3094/3094/3094
f 3086/3086/3086 3090/3090/3090 3094/3094/3094
f 3090/3090/3090 3087/3087/3087 3094/3094/3094
f 3094/3094/3094 3039/3039/3039 3025/3025/3025
f 3023/3023/3023 3094/3094/3094 3025/3025/3025
f 3023/3023/3023 3024/3024/3024 3094/3094/3094
f 3024/3024/3024 3095/3095/3095 3094/3094/3094
f 3086/3086/3086 3094/3094/3094 3095/3095/3095
f 3088/3088/3088 3040/3040/3040 3038/3038/3038
f 3088/3088/3088 3092/3092/3092 3040/3040/3040
f 3092/3092/3092 3089/3089/3089 3040/3040/3040
f 3089/3089/3089 3041/3041/3041 3040/3040/3040
f 3089/3089/3089 3091/3091/3091 3041/3041/3041
f 3098/3098/3098 3097/3097/3097 3096/3096/3096
f 3099/3099/3099 3098/3098/3098 3096/3096/3096
f 3096/3096/3096 3097/3097/3097 3100/3100/3100
f 3097/3097/3097 3101/3101/3101 3100/3100/3100
f 3100/3100/3100 3101/3101/3101 3102/3102/3102
f 3101/3101/3101 3103/3103/3103 3102/3102/3102
f 3104/3104/3104 3098/3098/3098 3099/3099/3099
f 3105/3105/3105 3104/3104/3104 3099/3099/3099
f 3106/3106/3106 3104/3104/3104 3105/3105/3105
f 3107/3107/3107 3106/3106/3106 3105/3105/3105
f 3097/3097/3097 3098/3098/3098 3108/3108/3108
f 3109/3109/3109 3097/3097/3097 3108/3108/3108
f 3097/3097/3097 3109/3109/3109 3101/3101/3101
f 3109/3109/3109 3110/3110/3110 3101/3101/3101
f 3101/3101/3101 3110/3110/3110 3103/3103/3103
f 3110/3110/3110 3111/3111/3111 3103/3103/3103
f 3104/3104/3104 3106/3106/3106 3112/3112/3112
f 3113/3113/3113 3104/3104/3104 3112/3112/3112
f 3113/3113/3113 3108/3108/3108 3098/3098/3098
f 3104/3104/3104 3113/3113/3113 3098/3098/3098
f 3113/3113/3113 3112/3112/3112 3114/3114/3114
f 3113/3113/3113 3114/3114/3114 3108/3108/3108
f 3109/3109/3109 3108/3108/3108 3114/3114/3114
f 3109/3109/3109 3114/3114/3114 3110/3110/3110
f 3110/3110/3110 3114/3114/3114 3111/3111/3111
f 3117/3117/3117 3116/3116/3116 3115/3115/3115
f 3115/3115/3115 3116/3116/3116 3118/3118/3118
f 3116/3116/3116 3119/3119/3119 3118/3118/3118
f 3118/3118/3118 3119/3119/3119 3120/3120/3120
f 3119/3119/3119 3121/3121/3121 3120/3120/3120
f 3120/3120/3120 3121/3121/3121 3122/3122/3122
f 3120/3120/3120 3122/3122/3122 3123/3123/3123
f 3122/3122/3122 3124/3124/3124 3123/3123/3123
f 3125/3125/3125 3117/3117/3117 3115/3115/3115
f 3126/3126/3126 3125/3125/3125 3115/3115/3115
f 3127/3127/3127 3125/3125/3125 3126/3126/3126
f 3128/3128/3128 3127/3127/3127 3126/3126/3126
f 3129/3129/3129 3128/3128/3128 3126/3126/3126
f 3116/3116/3116 3130/3130/3130 3119/3119/3119
f 3117/3117/3117 3130/3130/3130 3116/3116/3116
f 3130/3130/3130 3131/3131/3131 3119/3119/3119
f 3119/3119/3119 3131/3131/3131 3121/3121/3121
f 3131/3131/3131 3132/3132/3132 3121/3121/3121
f 3122/3122/3122 3121/3121/3121 3132/3132/3132
f 3122/3122/3122 3132/3132/3132 3124/3124/3124
f 3132/3132/3132 3133/3133/3133 3124/3124/3124
f 3128/3128/3128 3134/3134/3134 3127/3127/3127
f 3134/3134/3134 3135/3135/3135 3127/3127/3127
f 3127/3127/3127 3135/3135/3135 3125/3125/3125
f 3135/3135/3135 3130/3130/3130 3117/3117/3117
f 3125/3125/3125 3135/3135/3135 3117/3117/3117
f 3129/3129/3129 3126/3126/3126 3136/3136/3136
f 3126/3126/3126 3137/3137/3137 3136/3136/3136
f 3137/3137/3137 3138/3138/3138 3136/3136/3136
f 3138/3138/3138 3139/3139/3139 3136/3136/3136
f 3140/3140/3140 3138/3138/3138 3137/3137/3137
f 3141/3141/3141 3140/3140/3140 3137/3137/3137
f 3115/3115/3115 3141/3141/3141 3137/3137/3137
f 3126/3126/3126 3115/3115/3115 3137/3137/3137
f 3142/3142/3142 3140/3140/3140 3141/3141/3141
f 3143/3143/3143 3142/3142/3142 3141/3141/3141
f 3144/3144/3144 3142/3142/3142 3143/3143/3143
f 3145/3145/3145 3144/3144/3144 3143/3143/3143
f 3118/3118/3118 3143/3143/3143 3141/3141/3141
f 3115/3115/3115 3118/3118/3118 3141/3141/3141
f 3120/3120/3120 3145/3145/3145 3143/3143/3143
f 3118/3118/3118 3120/3120/3120 3143/3143/3143
f 3146/3146/3146 3144/3144/3144 3145/3145/3145
f 3147/3147/3147 3146/3146/3146 3145/3145/3145
f 3123/3123/3123 3147/3147/3147 3145/3145/3145
f 3120/3120/3120 3123/3123/3123 3145/3145/3145
f 3140/3140/3140 3142/3142/3142 3058/3058/3058
f 3060/3060/3060 3140/3140/3140 3058/3058/3058
f 3142/3142/3142 3144/3144/3144 3057/3057/3057
f 3058/3058/3058 3142/3142/3142 3057/3057/3057
f 3056/3056/3056 3057/3057/3057 3144/3144/3144
f 3144/3144/3144 3146/3146/3146 3055/3055/3055
f 3056/3056/3056 3144/3144/3144 3055/3055/3055
f 3062/3062/3062 3140/3140/3140 3060/3060/3060
f 3138/3138/3138 3140/3140/3140 3062/3062/3062
f 3063/3063/3063 3138/3138/3138 3062/3062/3062
f 3065/3065/3065 3138/3138/3138 3063/3063/3063
f 3139/3139/3139 3138/3138/3138 3065/3065/3065
f 3066/3066/3066 3139/3139/3139 3065/3065/3065
f 2990/2990/2990 3148/3148/3148 2987/2987/2987
f 2987/2987/2987 3148/3148/3148 2986/2986/2986
f 3149/3149/3149 2984/2984/2984 2986/2986/2986
f 2976/2976/2976 2984/2984/2984 3149/3149/3149
f 2978/2978/2978 2976/2976/2976 3149/3149/3149
f 3152/3152/3152 3151/3151/3151 3150/3150/3150
f 3150/3150/3150 3151/3151/3151 3153/3153/3153
f 3151/3151/3151 3154/3154/3154 3153/3153/3153
f 3155/3155/3155 3154/3154/3154 3151/3151/3151
f 3155/3155/3155 3151/3151/3151 3156/3156/3156
f 3153/3153/3153 3157/3157/3157 3150/3150/3150
f 3150/3150/3150 3157/3157/3157 3152/3152/3152
f 3157/3157/3157 3158/3158/3158 3152/3152/3152
f 3152/3152/3152 3158/3158/3158 3159/3159/3159
f 3160/3160/3160 3152/3152/3152 3159/3159/3159
f 3161/3161/3161 3160/3160/3160 3159/3159/3159
f 3162/3162/3162 3160/3160/3160 3161/3161/3161
f 3158/3158/3158 3163/3163/3163 3159/3159/3159
f 3164/3164/3164 3151/3151/3151 3152/3152/3152
f 3160/3160/3160 3164/3164/3164 3152/3152/3152
f 3151/3151/3151 3164/3164/3164 3156/3156/3156
f 3160/3160/3160 3165/3165/3165 3164/3164/3164
f 3162/3162/3162 3165/3165/3165 3160/3160/3160
f 3165/3165/3165 3166/3166/3166 3164/3164/3164
f 3167/3167/3167 3165/3165/3165 3162/3162/3162
f 3168/3168/3168 3167/3167/3167 3162/3162/3162
f 3169/3169/3169 3168/3168/3168 3162/3162/3162
f 3170/3170/3170 3168/3168/3168 3169/3169/3169
f 3170/3170/3170 3169/3169/3169 3171/3171/3171
f 3169/3169/3169 3162/3162/3162 3172/3172/3172
f 3171/3171/3171 3169/3169/3169 3172/3172/3172
f 3172/3172/3172 3162/3162/3162 3161/3161/3161
f 3173/3173/3173 3164/3164/3164 3166/3166/3166
f 3174/3174/3174 3173/3173/3173 3166/3166/3166
f 3175/3175/3175 3173/3173/3173 3174/3174/3174
f 3167/3167/3167 3176/3176/3176 3165/3165/3165
f 3165/3165/3165 3176/3176/3176 3166/3166/3166
f 3172/3172/3172 3161/3161/3161 3177/3177/3177
f 3178/3178/3178 3172/3172/3172 3177/3177/3177
f 3179/3179/3179 3178/3178/3178 3177/3177/3177
f 3178/3178/3178 3179/3179/3179 3180/3180/3180
f 3180/3180/3180 3179/3179/3179 3181/3181/3181
f 3182/3182/3182 3180/3180/3180 3181/3181/3181
f 3180/3180/3180 3182/3182/3182 3183/3183/3183
f 3183/3183/3183 3184/3184/3184 3180/3180/3180
f 3184/3184/3184 3183/3183/3183 3185/3185/3185
f 3183/3183/3183 3186/3186/3186 3185/3185/3185
f 3186/3186/3186 3187/3187/3187 3185/3185/3185
f 3180/3180/3180 3184/3184/3184 3188/3188/3188
f 3184/3184/3184 3185/3185/3185 3188/3188/3188
f 3189/3189/3189 3180/3180/3180 3188/3188/3188
f 3189/3189/3189 3178/3178/3178 3180/3180/3180
f 3178/3178/3178 3189/3189/3189 3190/3190/3190
f 3189/3189/3189 3191/3191/3191 3190/3190/3190
f 3191/3191/3191 3192/3192/3192 3190/3190/3190
f 3191/3191/3191 3193/3193/3193 3192/3192/3192
f 3193/3193/3193 3191/3191/3191 3189/3189/3189
f 3193/3193/3193 3194/3194/3194 3192/3192/3192
f 3195/3195/3195 3192/3192/3192 3194/3194/3194
f 3196/3196/3196 3195/3195/3195 3194/3194/3194
f 3197/3197/3197 3195/3195/3195 3196/3196/3196
f 3198/3198/3198 3197/3197/3197 3196/3196/3196
f 3199/3199/3199 3198/3198/3198 3196/3196/3196
f 3200/3200/3200 3199/3199/3199 3196/3196/3196
f 3201/3201/3201 3196/3196/3196 3194/3194/3194
f 3196/3196/3196 3202/3202/3202 3200/3200/3200
f 3202/3202/3202 3196/3196/3196 3201/3201/3201
f 3202/3202/3202 3201/3201/3201 3203/3203/3203
f 3201/3201/3201 3204/3204/3204 3203/3203/3203
f 3203/3203/3203 3204/3204/3204 3205/3205/3205
f 3205/3205/3205 3204/3204/3204 3206/3206/3206
f 3204/3204/3204 3207/3207/3207 3206/3206/3206
f 3208/3208/3208 3197/3197/3197 3198/3198/3198
f 3209/3209/3209 3208/3208/3208 3198/3198/3198
f 3210/3210/3210 3209/3209/3209 3198/3198/3198
f 3199/3199/3199 3210/3210/3210 3198/3198/3198
f 3208/3208/3208 3211/3211/3211 3197/3197/3197
f 3211/3211/3211 3212/3212/3212 3197/3197/3197
f 3213/3213/3213 3212/3212/3212 3211/3211/3211
f 3212/3212/3212 3213/3213/3213 3214/3214/3214
f 3213/3213/3213 3215/3215/3215 3214/3214/3214
f 3215/3215/3215 3216/3216/3216 3214/3214/3214
f 3217/3217/3217 3215/3215/3215 3213/3213/3213
f 3218/3218/3218 3217/3217/3217 3213/3213/3213
f 3218/3218/3218 3213/3213/3213 3211/3211/3211
f 3219/3219/3219 3212/3212/3212 3214/3214/3214
f 3217/3217/3217 3220/3220/3220 3215/3215/3215
f 3220/3220/3220 3221/3221/3221 3215/3215/3215
f 3215/3215/3215 3221/3221/3221 3216/3216/3216
f 3221/3221/3221 3222/3222/3222 3216/3216/3216
f 3216/3216/3216 3222/3222/3222 3223/3223/3223
f 3222/3222/3222 3224/3224/3224 3223/3223/3223
f 3197/3197/3197 3212/3212/3212 3219/3219/3219
f 3195/3195/3195 3197/3197/3197 3219/3219/3219
f 3195/3195/3195 3219/3219/3219 3192/3192/3192
f 3219/3219/3219 3225/3225/3225 3192/3192/3192
f 3225/3225/3225 3226/3226/3226 3192/3192/3192
f 3192/3192/3192 3226/3226/3226 3190/3190/3190
f 3190/3190/3190 3226/3226/3226 3227/3227/3227
f 3228/3228/3228 3190/3190/3190 3227/3227/3227
f 3229/3229/3229 3228/3228/3228 3227/3227/3227
f 3230/3230/3230 3228/3228/3228 3229/3229/3229
f 3226/3226/3226 3231/3231/3231 3227/3227/3227
f 3226/3226/3226 3232/3232/3232 3231/3231/3231
f 3232/3232/3232 3233/3233/3233 3231/3231/3231
f 3234/3234/3234 3233/3233/3233 3232/3232/3232
f 3234/3234/3234 3232/3232/3232 3235/3235/3235
f 3236/3236/3236 3234/3234/3234 3235/3235/3235
f 3236/3236/3236 3237/3237/3237 3234/3234/3234
f 3237/3237/3237 3233/3233/3233 3234/3234/3234
f 3236/3236/3236 3235/3235/3235 3238/3238/3238
f 3239/3239/3239 3238/3238/3238 3235/3235/3235
f 3240/3240/3240 3239/3239/3239 3235/3235/3235
f 3232/3232/3232 3240/3240/3240 3235/3235/3235
f 3190/3190/3190 3242/3242/3242 3241/3241/3241
f 3241/3241/3241 3242/3242/3242 3243/3243/3243
f 3244/3244/3244 3190/3190/3190 3241/3241/3241
f 3244/3244/3244 3178/3178/3178 3190/3190/3190
f 3247/3247/3247 3246/3246/3246 3245/3245/3245
f 3245/3245/3245 3246/3246/3246 3248/3248/3248
f 3246/3246/3246 3249/3249/3249 3248/3248/3248
f 3252/3252/3252 3251/3251/3251 3250/3250/3250
f 3250/3250/3250 3253/3253/3253 3252/3252/3252
f 3156/3156/3156 3253/3253/3253 3250/3250/3250
f 3155/3155/3155 3156/3156/3156 3250/3250/3250
f 3250/3250/3250 3251/3251/3251 3155/3155/3155
f 3251/3251/3251 3154/3154/3154 3155/3155/3155
f 3154/3154/3154 3225/3225/3225 3219/3219/3219
f 3154/3154/3154 3219/3219/3219 3153/3153/3153
f 3219/3219/3219 3214/3214/3214 3153/3153/3153
f 3214/3214/3214 3216/3216/3216 3153/3153/3153
f 3216/3216/3216 3223/3223/3223 3153/3153/3153
f 3223/3223/3223 3157/3157/3157 3153/3153/3153
f 3254/3254/3254 3157/3157/3157 3223/3223/3223
f 3254/3254/3254 3255/3255/3255 3157/3157/3157
f 3255/3255/3255 3158/3158/3158 3157/3157/3157
f 3158/3158/3158 3255/3255/3255 3163/3163/3163
f 3256/3256/3256 3225/3225/3225 3154/3154/3154
f 3257/3257/3257 3159/3159/3159 3163/3163/3163
f 3159/3159/3159 3257/3257/3257 3161/3161/3161
f 3257/3257/3257 3177/3177/3177 3161/3161/3161
f 3257/3257/3257 3258/3258/3258 3177/3177/3177
f 3259/3259/3259 3177/3177/3177 3258/3258/3258
f 3260/3260/3260 3259/3259/3259 3258/3258/3258
f 3261/3261/3261 3260/3260/3260 3258/3258/3258
f 3260/3260/3260 3181/3181/3181 3259/3259/3259
f 3259/3259/3259 3179/3179/3179 3177/3177/3177
f 3181/3181/3181 3179/3179/3179 3259/3259/3259
f 3264/3264/3264 3263/3263/3263 3262/3262/3262
f 3263/3263/3263 3264/3264/3264 3265/3265/3265
f 3266/3266/3266 3263/3263/3263 3265/3265/3265
f 3263/3263/3263 3267/3267/3267 3262/3262/3262
f 3264/3264/3264 3262/3262/3262 3268/3268/3268
f 3269/3269/3269 3264/3264/3264 3268/3268/3268
f 3264/3264/3264 3269/3269/3269 3265/3265/3265
f 3269/3269/3269 3270/3270/3270 3265/3265/3265
f 3267/3267/3267 3263/3263/3263 3271/3271/3271
f 3271/3271/3271 3272/3272/3272 3267/3267/3267
f 3272/3272/3272 3273/3273/3273 3267/3267/3267
f 3267/3267/3267 3273/3273/3273 3262/3262/3262
f 3263/3263/3263 3274/3274/3274 3271/3271/3271
f 3273/3273/3273 3275/3275/3275 3262/3262/3262
f 3275/3275/3275 3276/3276/3276 3262/3262/3262
f 3276/3276/3276 3277/3277/3277 3262/3262/3262
f 3277/3277/3277 3268/3268/3268 3262/3262/3262
f 3277/3277/3277 3276/3276/3276 3278/3278/3278
f 3276/3276/3276 3279/3279/3279 3278/3278/3278
f 3280/3280/3280 3279/3279/3279 3276/3276/3276
f 3276/3276/3276 3275/3275/3275 3280/3280/3280
f 3281/3281/3281 3266/3266/3266 3265/3265/3265
f 3265/3265/3265 3270/3270/3270 3281/3281/3281
f 3271/3271/3271 3282/3282/3282 3272/3272/3272
f 3271/3271/3271 3274/3274/3274 3282/3282/3282
f 3285/3285/3285 3284/3284/3284 3283/3283/3283
f 3286/3286/3286 3284/3284/3284 3285/3285/3285
f 3287/3287/3287 3285/3285/3285 3283/3283/3283
f 3286/3286/3286 3285/3285/3285 3288/3288/3288
f 3289/3289/3289 3285/3285/3285 3287/3287/3287
f 3289/3289/3289 3290/3290/3290 3285/3285/3285
f 3289/3289/3289 3291/3291/3291 3290/3290/3290
f 3290/3290/3290 3291/3291/3291 3292/3292/3292
f 3292/3292/3292 3293/3293/3293 3290/3290/3290
f 3292/3292/3292 3294/3294/3294 3293/3293/3293
f 3294/3294/3294 3295/3295/3295 3293/3293/3293
f 3295/3295/3295 3296/3296/3296 3293/3293/3293
f 3297/3297/3297 3293/3293/3293 3296/3296/3296
f 3297/3297/3297 3298/3298/3298 3293/3293/3293
f 3297/3297/3297 3299/3299/3299 3298/3298/3298
f 3299/3299/3299 3300/3300/3300 3298/3298/3298
f 3300/3300/3300 3301/3301/3301 3298/3298/3298
f 3300/3300/3300 3302/3302/3302 3301/3301/3301
f 3301/3301/3301 3302/3302/3302 3303/3303/3303
f 3303/3303/3303 3304/3304/3304 3301/3301/3301
f 3303/3303/3303 3305/3305/3305 3304/3304/3304
f 3304/3304/3304 3305/3305/3305 3306/3306/3306
f 3288/3288/3288 3304/3304/3304 3306/3306/3306
f 3288/3288/3288 3306/3306/3306 3307/3307/3307
f 3288/3288/3288 3307/3307/3307 3308/3308/3308
f 3309/3309/3309 3288/3288/3288 3308/3308/3308
f 3286/3286/3286 3288/3288/3288 3309/3309/3309
f 3312/3312/3312 3311/3311/3311 3310/3310/3310
f 3313/3313/3313 3311/3311/3311 3312/3312/3312
f 3310/3310/3310 3314/3314/3314 3312/3312/3312
f 3315/3315/3315 3313/3313/3313 3312/3312/3312
f 3315/3315/3315 3316/3316/3316 3313/3313/3313
f 3317/3317/3317 3316/3316/3316 3315/3315/3315
f 3315/3315/3315 3318/3318/3318 3317/3317/3317
f 3319/3319/3319 3318/3318/3318 3315/3315/3315
f 3320/3320/3320 3319/3319/3319 3315/3315/3315
f 3319/3319/3319 3320/3320/3320 3321/3321/3321
f 3321/3321/3321 3320/3320/3320 3322/3322/3322
f 3323/3323/3323 3322/3322/3322 3320/3320/3320
f 3323/3323/3323 3324/3324/3324 3322/3322/3322
f 3325/3325/3325 3324/3324/3324 3323/3323/3323
f 3326/3326/3326 3325/3325/3325 3323/3323/3323
f 3327/3327/3327 3325/3325/3325 3326/3326/3326
f 3327/3327/3327 3326/3326/3326 3328/3328/3328
f 3329/3329/3329 3328/3328/3328 3326/3326/3326
f 3329/3329/3329 3326/3326/3326 3330/3330/3330
f 3330/3330/3330 3326/3326/3326 3331/3331/3331
f 3332/3332/3332 3331/3331/3331 3326/3326/3326
f 3332/3332/3332 3333/3333/3333 3331/3331/3331
f 3334/3334/3334 3333/3333/3333 3332/3332/3332
f 3335/3335/3335 3334/3334/3334 3332/3332/3332
f 3336/3336/3336 3334/3334/3334 3335/3335/3335
f 3337/3337/3337 3336/3336/3336 3335/3335/3335
f 3338/3338/3338 3337/3337/3337 3335/3335/3335
f 3341/3341/3341 3340/3340/3340 3339/3339/3339
f 3344/3344/3344 3343/3343/3343 3342/3342/3342
f 3343/3343/3343 3344/3344/3344 3345/3345/3345
f 3344/3344/3344 3346/3346/3346 3345/3345/3345
f 3342/3342/3342 3347/3347/3347 3344/3344/3344
f 3347/3347/3347 3348/3348/3348 3344/3344/3344
f 3344/3344/3344 3348/3348/3348 3349/3349/3349
f 3344/3344/3344 3349/3349/3349 3346/3346/3346
f 3349/3349/3349 3350/3350/3350 3346/3346/3346
f 3351/3351/3351 3346/3346/3346 3350/3350/3350
f 3352/3352/3352 3351/3351/3351 3350/3350/3350
f 3347/3347/3347 3342/3342/3342 3353/3353/3353
f 3342/3342/3342 3354/3354/3354 3353/3353/3353
f 3354/3354/3354 3355/3355/3355 3353/3353/3353
f 3354/3354/3354 3356/3356/3356 3355/3355/3355
f 3342/3342/3342 3343/3343/3343 3356/3356/3356
f 3354/3354/3354 3342/3342/3342 3356/3356/3356
f 3357/3357/3357 3345/3345/3345 3346/3346/3346
f 3351/3351/3351 3357/3357/3357 3346/3346/3346
f 3358/3358/3358 3357/3357/3357 3351/3351/3351
f 3359/3359/3359 3357/3357/3357 3358/3358/3358
f 3360/3360/3360 3357/3357/3357 3359/3359/3359
f 3361/3361/3361 3357/3357/3357 3360/3360/3360
f 3360/3360/3360 3359/3359/3359 3362/3362/3362
f 3363/3363/3363 3362/3362/3362 3359/3359/3359
f 3363/3363/3363 3364/3364/3364 3362/3362/3362
f 3362/3362/3362 3364/3364/3364 3360/3360/3360
f 3345/3345/3345 3357/3357/3357 3361/3361/3361
f 3364/3364/3364 3365/3365/3365 3360/3360/3360
f 3360/3360/3360 3365/3365/3365 3361/3361/3361
f 3364/3364/3364 3366/3366/3366 3365/3365/3365
f 3366/3366/3366 3364/3364/3364 3363/3363/3363
f 3366/3366/3366 3363/3363/3363 3367/3367/3367
f 3363/3363/3363 3368/3368/3368 3367/3367/3367
f 3366/3366/3366 3369/3369/3369 3365/3365/3365
f 3369/3369/3369 3370/3370/3370 3365/3365/3365
f 3370/3370/3370 3371/3371/3371 3365/3365/3365
f 3365/3365/3365 3371/3371/3371 3361/3361/3361
f 3372/3372/3372 3370/3370/3370 3369/3369/3369
f 3372/3372/3372 3373/3373/3373 3370/3370/3370
f 3374/3374/3374 3372/3372/3372 3369/3369/3369
f 3374/3374/3374 3375/3375/3375 3372/3372/3372
f 3372/3372/3372 3375/3375/3375 3376/3376/3376
f 3377/3377/3377 3372/3372/3372 3376/3376/3376
f 3378/3378/3378 3370/3370/3370 3373/3373/3373
f 3378/3378/3378 3379/3379/3379 3370/3370/3370
f 3378/3378/3378 3380/3380/3380 3379/3379/3379
f 3380/3380/3380 3381/3381/3381 3379/3379/3379
f 3380/3380/3380 3382/3382/3382 3381/3381/3381
f 3381/3381/3381 3382/3382/3382 3383/3383/3383
f 3381/3381/3381 3383/3383/3383 3384/3384/3384
f 3379/3379/3379 3381/3381/3381 3384/3384/3384
f 3378/3378/3378 3373/3373/3373 3385/3385/3385
f 3385/3385/3385 3373/3373/3373 3386/3386/3386
f 3387/3387/3387 3385/3385/3385 3386/3386/3386
f 3388/3388/3388 3387/3387/3387 3386/3386/3386
f 3389/3389/3389 3387/3387/3387 3388/3388/3388
f 3390/3390/3390 3387/3387/3387 3389/3389/3389
f 3385/3385/3385 3387/3387/3387 3390/3390/3390
f 3391/3391/3391 3385/3385/3385 3390/3390/3390
f 3385/3385/3385 3391/3391/3391 3392/3392/3392
f 3385/3385/3385 3392/3392/3392 3393/3393/3393
f 3378/3378/3378 3385/3385/3385 3393/3393/3393
f 3379/3379/3379 3384/3384/3384 3394/3394/3394
f 3384/3384/3384 3395/3395/3395 3394/3394/3394
f 3394/3394/3394 3395/3395/3395 3396/3396/3396
f 3394/3394/3394 3396/3396/3396 3397/3397/3397
f 3398/3398/3398 3394/3394/3394 3397/3397/3397
f 3395/3395/3395 3399/3399/3399 3396/3396/3396
f 3400/3400/3400 3396/3396/3396 3399/3399/3399
f 3401/3401/3401 3400/3400/3400 3399/3399/3399
f 3396/3396/3396 3400/3400/3400 3402/3402/3402
f 3403/3403/3403 3396/3396/3396 3402/3402/3402
f 3396/3396/3396 3403/3403/3403 3397/3397/3397
f 3404/3404/3404 3397/3397/3397 3403/3403/3403
f 3405/3405/3405 3404/3404/3404 3403/3403/3403
f 3406/3406/3406 3397/3397/3397 3404/3404/3404
f 3406/3406/3406 3398/3398/3398 3397/3397/3397
f 3407/3407/3407 3406/3406/3406 3404/3404/3404
f 3408/3408/3408 3407/3407/3407 3404/3404/3404
f 3408/3408/3408 3404/3404/3404 3405/3405/3405
f 3402/3402/3402 3400/3400/3400 3409/3409/3409
f 3409/3409/3409 3400/3400/3400 3401/3401/3401
f 3394/3394/3394 3398/3398/3398 3410/3410/3410
f 3411/3411/3411 3394/3394/3394 3410/3410/3410
f 3411/3411/3411 3379/3379/3379 3394/3394/3394
f 3410/3410/3410 3398/3398/3398 3412/3412/3412
f 3398/3398/3398 3413/3413/3413 3412/3412/3412
f 3412/3412/3412 3413/3413/3413 3414/3414/3414
f 3415/3415/3415 3398/3398/3398 3406/3406/3406
f 3413/3413/3413 3398/3398/3398 3415/3415/3415
f 3379/3379/3379 3411/3411/3411 3416/3416/3416
f 3416/3416/3416 3370/3370/3370 3379/3379/3379
f 3370/3370/3370 3416/3416/3416 3417/3417/3417
f 3417/3417/3417 3371/3371/3371 3370/3370/3370
f 3355/3355/3355 3414/3414/3414 3413/3413/3413
f 3356/3356/3356 3414/3414/3414 3355/3355/3355
f 3420/3420/3420 3419/3419/3419 3418/3418/3418
f 3421/3421/3421 3420/3420/3420 3418/3418/3418
f 3422/3422/3422 3421/3421/3421 3418/3418/3418
f 3418/3418/3418 3423/3423/3423 3422/3422/3422
f 3424/3424/3424 3418/3418/3418 3419/3419/3419
f 3425/3425/3425 3424/3424/3424 3419/3419/3419
f 3418/3418/3418 3426/3426/3426 3423/3423/3423
f 3426/3426/3426 3427/3427/3427 3423/3423/3423
f 3428/3428/3428 3427/3427/3427 3426/3426/3426
f 3429/3429/3429 3428/3428/3428 3426/3426/3426
f 3418/3418/3418 3424/3424/3424 3429/3429/3429
f 3426/3426/3426 3418/3418/3418 3429/3429/3429
f 3425/3425/3425 3419/3419/3419 3430/3430/3430
f 3431/3431/3431 3425/3425/3425 3430/3430/3430
f 3431/3431/3431 3430/3430/3430 3432/3432/3432
f 3435/3435/3435 3434/3434/3434 3433/3433/3433
f 3436/3436/3436 3435/3435/3435 3433/3433/3433
f 3437/3437/3437 3436/3436/3436 3433/3433/3433
f 3438/3438/3438 3437/3437/3437 3433/3433/3433
f 3438/3438/3438 3439/3439/3439 3437/3437/3437
f 3439/3439/3439 3440/3440/3440 3437/3437/3437
f 3441/3441/3441 3440/3440/3440 3439/3439/3439
f 3442/3442/3442 3441/3441/3441 3439/3439/3439
f 3443/3443/3443 3442/3442/3442 3439/3439/3439
f 3444/3444/3444 3443/3443/3443 3439/3439/3439
f 3444/3444/3444 3439/3439/3439 3438/3438/3438
f 3445/3445/3445 3444/3444/3444 3438/3438/3438
f 3445/3445/3445 3438/3438/3438 3433/3433/3433
f 3446/3446/3446 3445/3445/3445 3433/3433/3433
f 3446/3446/3446 3433/3433/3433 3434/3434/3434
f 3440/3440/3440 3441/3441/3441 3447/3447/3447
f 3440/3440/3440 3447/3447/3447 3437/3437/3437
f 3441/3441/3441 3448/3448/3448 3447/3447/3447
f 3449/3449/3449 3447/3447/3447 3448/3448/3448
f 3450/3450/3450 3449/3449/3449 3448/3448/3448
f 3442/3442/3442 3443/3443/3443 3451/3451/3451
f 3442/3442/3442 3451/3451/3451 3441/3441/3441
f 3443/3443/3443 3452/3452/3452 3451/3451/3451
f 3451/3451/3451 3452/3452/3452 3453/3453/3453
f 3452/3452/3452 3454/3454/3454 3453/3453/3453
f 3453/3453/3453 3455/3455/3455 3451/3451/3451
f 3455/3455/3455 3456/3456/3456 3451/3451/3451
f 3451/3451/3451 3456/3456/3456 3441/3441/3441
f 3441/3441/3441 3456/3456/3456 3448/3448/3448
f 3456/3456/3456 3455/3455/3455 3457/3457/3457
f 3456/3456/3456 3457/3457/3457 3448/3448/3448
f 3455/3455/3455 3458/3458/3458 3457/3457/3457
f 3457/3457/3457 3458/3458/3458 3459/3459/3459
f 3460/3460/3460 3457/3457/3457 3459/3459/3459
f 3448/3448/3448 3457/3457/3457 3460/3460/3460
f 3450/3450/3450 3448/3448/3448 3460/3460/3460
f 3459/3459/3459 3458/3458/3458 3461/3461/3461
f 3458/3458/3458 3462/3462/3462 3461/3461/3461
f 3458/3458/3458 3455/3455/3455 3463/3463/3463
f 3462/3462/3462 3458/3458/3458 3463/3463/3463
f 3463/3463/3463 3455/3455/3455 3453/3453/3453
f 3464/3464/3464 3463/3463/3463 3453/3453/3453
f 3453/3453/3453 3454/3454/3454 3464/3464/3464
f 3454/3454/3454 3465/3465/3465 3464/3464/3464
f 3461/3461/3461 3462/3462/3462 3466/3466/3466
f 3462/3462/3462 3467/3467/3467 3466/3466/3466
f 3466/3466/3466 3467/3467/3467 3468/3468/3468
f 3469/3469/3469 3466/3466/3466 3468/3468/3468
f 3468/3468/3468 3467/3467/3467 3470/3470/3470
f 3469/3469/3469 3468/3468/3468 3471/3471/3471
f 3471/3471/3471 3468/3468/3468 3470/3470/3470
f 3472/3472/3472 3469/3469/3469 3471/3471/3471
f 3473/3473/3473 3471/3471/3471 3470/3470/3470
f 3473/3473/3473 3470/3470/3470 3474/3474/3474
f 3475/3475/3475 3470/3470/3470 3467/3467/3467
f 3462/3462/3462 3463/3463/3463 3475/3475/3475
f 3467/3467/3467 3462/3462/3462 3475/3475/3475
f 3475/3475/3475 3463/3463/3463 3464/3464/3464
f 3476/3476/3476 3470/3470/3470 3475/3475/3475
f 3474/3474/3474 3470/3470/3470 3476/3476/3476
f 3476/3476/3476 3475/3475/3475 3477/3477/3477
f 3477/3477/3477 3475/3475/3475 3464/3464/3464
f 3464/3464/3464 3465/3465/3465 3477/3477/3477
f 3478/3478/3478 3476/3476/3476 3477/3477/3477
f 3478/3478/3478 3477/3477/3477 3479/3479/3479
f 3477/3477/3477 3480/3480/3480 3479/3479/3479
f 3465/3465/3465 3480/3480/3480 3477/3477/3477
f 3481/3481/3481 3474/3474/3474 3476/3476/3476
f 3481/3481/3481 3476/3476/3476 3478/3478/3478
f 3478/3478/3478 3479/3479/3479 3482/3482/3482
f 3483/3483/3483 3478/3478/3478 3482/3482/3482
f 3483/3483/3483 3481/3481/3481 3478/3478/3478
f 3486/3486/3486 3485/3485/3485 3484/3484/3484
f 3485/3485/3485 3487/3487/3487 3484/3484/3484
f 3487/3487/3487 3488/3488/3488 3484/3484/3484
f 3489/3489/3489 3487/3487/3487 3485/3485/3485
f 3490/3490/3490 3489/3489/3489 3485/3485/3485
f 3489/3489/3489 3490/3490/3490 3435/3435/3435
f 3491/3491/3491 3489/3489/3489 3435/3435/3435
f 3491/3491/3491 3435/3435/3435 3436/3436/3436
f 3492/3492/3492 3491/3491/3491 3436/3436/3436
f 3493/3493/3493 3492/3492/3492 3436/3436/3436
f 3437/3437/3437 3493/3493/3493 3436/3436/3436
f 3485/3485/3485 3486/3486/3486 3494/3494/3494
f 3486/3486/3486 3495/3495/3495 3494/3494/3494
f 3496/3496/3496 3490/3490/3490 3485/3485/3485
f 3494/3494/3494 3496/3496/3496 3485/3485/3485
f 3490/3490/3490 3496/3496/3496 3435/3435/3435
f 3496/3496/3496 3494/3494/3494 3497/3497/3497
f 3498/3498/3498 3496/3496/3496 3497/3497/3497
f 3497/3497/3497 3494/3494/3494 3499/3499/3499
f 3495/3495/3495 3500/3500/3500 3494/3494/3494
f 3501/3501/3501 3500/3500/3500 3495/3495/3495
f 3497/3497/3497 3502/3502/3502 3498/3498/3498
f 3502/3502/3502 3503/3503/3503 3498/3498/3498
f 3497/3497/3497 3499/3499/3499 3504/3504/3504
f 3502/3502/3502 3497/3497/3497 3504/3504/3504
f 3504/3504/3504 3499/3499/3499 3505/3505/3505
f 3506/3506/3506 3504/3504/3504 3505/3505/3505
f 3507/3507/3507 3505/3505/3505 3499/3499/3499
f 3500/3500/3500 3507/3507/3507 3494/3494/3494
f 3507/3507/3507 3500/3500/3500 3501/3501/3501
f 3507/3507/3507 3499/3499/3499 3494/3494/3494
f 3507/3507/3507 3501/3501/3501 3508/3508/3508
f 3507/3507/3507 3508/3508/3508 3505/3505/3505
f 3508/3508/3508 3509/3509/3509 3505/3505/3505
f 3508/3508/3508 3501/3501/3501 3510/3510/3510
f 3510/3510/3510 3511/3511/3511 3508/3508/3508
f 3511/3511/3511 3510/3510/3510 3512/3512/3512
f 3513/3513/3513 3511/3511/3511 3512/3512/3512
f 3514/3514/3514 3511/3511/3511 3513/3513/3513
f 3514/3514/3514 3509/3509/3509 3508/3508/3508
f 3511/3511/3511 3514/3514/3514 3508/3508/3508
f 3515/3515/3515 3514/3514/3514 3513/3513/3513
f 3515/3515/3515 3513/3513/3513 3516/3516/3516
f 3515/3515/3515 3516/3516/3516 3517/3517/3517
f 3513/3513/3513 3518/3518/3518 3516/3516/3516
f 3519/3519/3519 3504/3504/3504 3506/3506/3506
f 3519/3519/3519 3520/3520/3520 3504/3504/3504
f 3502/3502/3502 3504/3504/3504 3520/3520/3520
f 3521/3521/3521 3502/3502/3502 3520/3520/3520
f 3521/3521/3521 3522/3522/3522 3502/3502/3502
f 3522/3522/3522 3503/3503/3503 3502/3502/3502
f 3503/3503/3503 3522/3522/3522 3523/3523/3523
f 3524/3524/3524 3503/3503/3503 3523/3523/3523
f 3523/3523/3523 3525/3525/3525 3524/3524/3524
f 3525/3525/3525 3526/3526/3526 3524/3524/3524
f 3498/3498/3498 3503/3503/3503 3524/3524/3524
f 3527/3527/3527 3498/3498/3498 3524/3524/3524
f 3524/3524/3524 3526/3526/3526 3527/3527/3527
f 3496/3496/3496 3498/3498/3498 3527/3527/3527
f 3526/3526/3526 3528/3528/3528 3527/3527/3527
f 3528/3528/3528 3529/3529/3529 3527/3527/3527
f 3527/3527/3527 3529/3529/3529 3496/3496/3496
f 3529/3529/3529 3434/3434/3434 3496/3496/3496
f 3434/3434/3434 3435/3435/3435 3496/3496/3496
f 3529/3529/3529 3446/3446/3446 3434/3434/3434
f 3532/3532/3532 3531/3531/3531 3530/3530/3530
f 3530/3530/3530 3531/3531/3531 3533/3533/3533
f 3534/3534/3534 3532/3532/3532 3530/3530/3530
f 3535/3535/3535 3531/3531/3531 3532/3532/3532
f 3536/3536/3536 3531/3531/3531 3535/3535/3535
f 3536/3536/3536 3533/3533/3533 3531/3531/3531
f 3537/3537/3537 3536/3536/3536 3535/3535/3535
f 3538/3538/3538 3535/3535/3535 3532/3532/3532
f 3532/3532/3532 3539/3539/3539 3538/3538/3538
f 3534/3534/3534 3539/3539/3539 3532/3532/3532
f 3539/3539/3539 3540/3540/3540 3538/3538/3538
f 3541/3541/3541 3538/3538/3538 3540/3540/3540
f 3538/3538/3538 3541/3541/3541 3535/3535/3535
f 3542/3542/3542 3541/3541/3541 3540/3540/3540
f 3543/3543/3543 3541/3541/3541 3542/3542/3542
f 3544/3544/3544 3541/3541/3541 3543/3543/3543
f 3545/3545/3545 3544/3544/3544 3543/3543/3543
f 3537/3537/3537 3546/3546/3546 3544/3544/3544
f 3541/3541/3541 3546/3546/3546 3535/3535/3535
f 3535/3535/3535 3546/3546/3546 3537/3537/3537
f 3541/3541/3541 3544/3544/3544 3546/3546/3546
f 3548/3548/3548 3547/3547/3547 2909/2909/2909
f 2923/2923/2923 3548/3548/3548 2909/2909/2909
f 2909/2909/2909 3547/3547/3547 2899/2899/2899
f 3549/3549/3549 3547/3547/3547 3548/3548/3548
f 3550/3550/3550 3549/3549/3549 3548/3548/3548
f 3547/3547/3547 2893/2893/2893 2899/2899/2899
f 3551/3551/3551 3547/3547/3547 3549/3549/3549
f 2895/2895/2895 2893/2893/2893 3547/3547/3547
f 3551/3551/3551 2895/2895/2895 3547/3547/3547
f 2896/2896/2896 2895/2895/2895 3552/3552/3552
f 3555/3555/3555 3554/3554/3554 3553/3553/3553
f 3554/3554/3554 3556/3556/3556 3553/3553/3553
f 3557/3557/3557 3556/3556/3556 3554/3554/3554
f 3557/3557/3557 3554/3554/3554 3558/3558/3558
f 3558/3558/3558 3554/3554/3554 3559/3559/3559
f 3558/3558/3558 3559/3559/3559 3560/3560/3560
f 3554/3554/3554 3561/3561/3561 3559/3559/3559
f 3560/3560/3560 3562/3562/3562 3558/3558/3558
f 3563/3563/3563 3561/3561/3561 3554/3554/3554
f 3563/3563/3563 3554/3554/3554 3564/3564/3564
f 3565/3565/3565 3557/3557/3557 3558/3558/3558
f 3565/3565/3565 3558/3558/3558 3562/3562/3562
f 3562/3562/3562 3566/3566/3566 3565/3565/3565
f 3567/3567/3567 3566/3566/3566 3562/3562/3562
f 3566/3566/3566 3568/3568/3568 3565/3565/3565
f 3568/3568/3568 3569/3569/3569 3565/3565/3565
f 3565/3565/3565 3569/3569/3569 3570/3570/3570
f 3571/3571/3571 3565/3565/3565 3570/3570/3570
f 3557/3557/3557 3565/3565/3565 3571/3571/3571
f 3562/3562/3562 3572/3572/3572 3567/3567/3567
f 3572/3572/3572 3562/3562/3562 3573/3573/3573
f 3562/3562/3562 3574/3574/3574 3573/3573/3573
f 3574/3574/3574 3562/3562/3562 3575/3575/3575
f 3575/3575/3575 3562/3562/3562 3560/3560/3560
f 3575/3575/3575 3560/3560/3560 3576/3576/3576
f 3572/3572/3572 3577/3577/3577 3567/3567/3567
f 3571/3571/3571 3570/3570/3570 3578/3578/3578
f 3579/3579/3579 3571/3571/3571 3578/3578/3578
f 3580/3580/3580 3579/3579/3579 3578/3578/3578
f 3580/3580/3580 3578/3578/3578 3581/3581/3581
f 3570/3570/3570 3581/3581/3581 3578/3578/3578
f 3557/3557/3557 3571/3571/3571 3579/3579/3579
f 3582/3582/3582 3557/3557/3557 3579/3579/3579
f 3583/3583/3583 3557/3557/3557 3582/3582/3582
f 3584/3584/3584 3582/3582/3582 3579/3579/3579
f 3584/3584/3584 3583/3583/3583 3582/3582/3582
f 3587/3587/3587 3586/3586/3586 3585/3585/3585
f 3588/3588/3588 3587/3587/3587 3585/3585/3585
f 3587/3587/3587 3588/3588/3588 3589/3589/3589
f 3590/3590/3590 3587/3587/3587 3589/3589/3589
f 3589/3589/3589 3591/3591/3591 3590/3590/3590
f 3592/3592/3592 3589/3589/3589 3588/3588/3588
f 3592/3592/3592 3593/3593/3593 3589/3589/3589
f 3594/3594/3594 3591/3591/3591 3589/3589/3589
f 3593/3593/3593 3594/3594/3594 3589/3589/3589
f 3591/3591/3591 3594/3594/3594 3595/3595/3595
f 3596/3596/3596 3591/3591/3591 3595/3595/3595
f 3597/3597/3597 3591/3591/3591 3596/3596/3596
f 3598/3598/3598 3597/3597/3597 3596/3596/3596
f 3591/3591/3591 3597/3597/3597 3599/3599/3599
f 3598/3598/3598 3596/3596/3596 3600/3600/3600
f 3601/3601/3601 3598/3598/3598 3600/3600/3600
f 3601/3601/3601 3600/3600/3600 3602/3602/3602
f 3603/3603/3603 3601/3601/3601 3602/3602/3602
f 3602/3602/3602 3604/3604/3604 3603/3603/3603
f 3605/3605/3605 3603/3603/3603 3604/3604/3604
f 3602/3602/3602 3600/3600/3600 3606/3606/3606
f 3607/3607/3607 3606/3606/3606 3600/3600/3600
f 3603/3603/3603 3605/3605/3605 3608/3608/3608
f 3609/3609/3609 3603/3603/3603 3608/3608/3608
f 3605/3605/3605 3610/3610/3610 3608/3608/3608
f 3610/3610/3610 3611/3611/3611 3608/3608/3608
f 3605/3605/3605 3612/3612/3612 3610/3610/3610
f 3612/3612/3612 3613/3613/3613 3610/3610/3610
f 3613/3613/3613 3614/3614/3614 3610/3610/3610
f 3614/3614/3614 3615/3615/3615 3610/3610/3610
f 3610/3610/3610 3615/3615/3615 3616/3616/3616
f 3614/3614/3614 3613/3613/3613 3617/3617/3617
f 3618/3618/3618 3612/3612/3612 3605/3605/3605
f 3618/3618/3618 3619/3619/3619 3612/3612/3612
f 3605/3605/3605 3620/3620/3620 3618/3618/3618
f 3621/3621/3621 3620/3620/3620 3605/3605/3605
f 3622/3622/3622 3620/3620/3620 3621/3621/3621
f 3623/3623/3623 3622/3622/3622 3621/3621/3621
f 3623/3623/3623 3621/3621/3621 3605/3605/3605
f 3617/3617/3617 3613/3613/3613 3624/3624/3624
f 3613/3613/3613 3625/3625/3625 3624/3624/3624
f 3624/3624/3624 3625/3625/3625 3626/3626/3626
f 3625/3625/3625 3627/3627/3627 3626/3626/3626
f 3626/3626/3626 3627/3627/3627 3628/3628/3628
f 3631/3631/3631 3630/3630/3630 3629/3629/3629
f 3634/3634/3634 3633/3633/3633 3632/3632/3632
f 3635/3635/3635 3634/3634/3634 3632/3632/3632
f 3634/3634/3634 3635/3635/3635 3636/3636/3636
f 3635/3635/3635 3637/3637/3637 3636/3636/3636
f 3638/3638/3638 3636/3636/3636 3637/3637/3637
f 3639/3639/3639 3632/3632/3632 3633/3633/3633
f 3640/3640/3640 3639/3639/3639 3633/3633/3633
f 3641/3641/3641 3640/3640/3640 3633/3633/3633
f 3642/3642/3642 3640/3640/3640 3641/3641/3641
f 3634/3634/3634 3643/3643/3643 3633/3633/3633
f 3644/3644/3644 3643/3643/3643 3634/3634/3634
f 3644/3644/3644 3634/3634/3634 3645/3645/3645
f 3646/3646/3646 3643/3643/3643 3644/3644/3644
f 3647/3647/3647 3643/3643/3643 3646/3646/3646
f 3647/3647/3647 3648/3648/3648 3643/3643/3643
f 3649/3649/3649 3646/3646/3646 3644/3644/3644
f 3644/3644/3644 3650/3650/3650 3649/3649/3649
f 3643/3643/3643 3648/3648/3648 3651/3651/3651
f 3646/3646/3646 3652/3652/3652 3647/3647/3647
f 3652/3652/3652 3653/3653/3653 3647/3647/3647
f 3653/3653/3653 3652/3652/3652 3654/3654/3654
f 3652/3652/3652 3655/3655/3655 3654/3654/3654
f 3654/3654/3654 3655/3655/3655 3656/3656/3656
f 3646/3646/3646 3649/3649/3649 3657/3657/3657
f 3652/3652/3652 3646/3646/3646 3657/3657/3657
f 3658/3658/3658 3652/3652/3652 3657/3657/3657
f 3659/3659/3659 3658/3658/3658 3657/3657/3657
f 3660/3660/3660 3658/3658/3658 3659/3659/3659
f 3649/3649/3649 3650/3650/3650 3661/3661/3661
f 3661/3661/3661 3650/3650/3650 3662/3662/3662
f 3650/3650/3650 3663/3663/3663 3662/3662/3662
f 3664/3664/3664 3662/3662/3662 3663/3663/3663
f 3665/3665/3665 3664/3664/3664 3663/3663/3663
f 3666/3666/3666 3664/3664/3664 3665/3665/3665
f 3666/3666/3666 3665/3665/3665 3667/3667/3667
f 3665/3665/3665 3663/3663/3663 3668/3668/3668
f 3667/3667/3667 3665/3665/3665 3668/3668/3668
f 3668/3668/3668 3663/3663/3663 3650/3650/3650
f 3669/3669/3669 3668/3668/3668 3650/3650/3650
f 3669/3669/3669 3650/3650/3650 3644/3644/3644
f 3669/3669/3669 3644/3644/3644 3670/3670/3670
f 3669/3669/3669 3670/3670/3670 3671/3671/3671
f 3672/3672/3672 3669/3669/3669 3671/3671/3671
f 3672/3672/3672 3671/3671/3671 3673/3673/3673
f 3673/3673/3673 3671/3671/3671 3674/3674/3674
f 3671/3671/3671 3670/3670/3670 3674/3674/3674
f 3644/3644/3644 3645/3645/3645 3670/3670/3670
f 3670/3670/3670 3675/3675/3675 3674/3674/3674
f 3674/3674/3674 3675/3675/3675 3676/3676/3676
f 3677/3677/3677 3633/3633/3633 3651/3651/3651
f 3633/3633/3633 3643/3643/3643 3651/3651/3651
f 3641/3641/3641 3633/3633/3633 3677/3677/3677
f 3680/3680/3680 3679/3679/3679 3678/3678/3678
f 3680/3680/3680 3681/3681/3681 3679/3679/3679
f 3680/3680/3680 3682/3682/3682 3681/3681/3681
f 3679/3679/3679 3681/3681/3681 3683/3683/3683
f 3683/3683/3683 3681/3681/3681 3684/3684/3684
f 3684/3684/3684 3685/3685/3685 3683/3683/3683
f 3685/3685/3685 3684/3684/3684 3686/3686/3686
f 3684/3684/3684 3687/3687/3687 3686/3686/3686
f 3684/3684/3684 3688/3688/3688 3687/3687/3687
f 3688/3688/3688 3689/3689/3689 3687/3687/3687
f 3689/3689/3689 3690/3690/3690 3687/3687/3687
f 3690/3690/3690 3691/3691/3691 3687/3687/3687
f 3687/3687/3687 3691/3691/3691 3692/3692/3692
f 3686/3686/3686 3687/3687/3687 3692/3692/3692
f 3684/3684/3684 3693/3693/3693 3688/3688/3688
f 3684/3684/3684 3694/3694/3694 3693/3693/3693
f 3681/3681/3681 3682/3682/3682 3694/3694/3694
f 3684/3684/3684 3681/3681/3681 3694/3694/3694
f 3694/3694/3694 3682/3682/3682 3695/3695/3695
f 3694/3694/3694 3695/3695/3695 3696/3696/3696
f 3696/3696/3696 3695/3695/3695 3697/3697/3697
f 3696/3696/3696 3697/3697/3697 3698/3698/3698
f 3699/3699/3699 3693/3693/3693 3694/3694/3694
f 3696/3696/3696 3699/3699/3699 3694/3694/3694
f 3693/3693/3693 3699/3699/3699 3700/3700/3700
f 3700/3700/3700 3688/3688/3688 3693/3693/3693
f 3701/3701/3701 3688/3688/3688 3700/3700/3700
f 3701/3701/3701 3702/3702/3702 3688/3688/3688
f 3702/3702/3702 3703/3703/3703 3688/3688/3688
f 3704/3704/3704 3702/3702/3702 3701/3701/3701
f 3705/3705/3705 3702/3702/3702 3704/3704/3704
f 3706/3706/3706 3705/3705/3705 3704/3704/3704
f 3704/3704/3704 3707/3707/3707 3706/3706/3706
f 3707/3707/3707 3708/3708/3708 3706/3706/3706
f 3709/3709/3709 3708/3708/3708 3707/3707/3707
f 3710/3710/3710 3709/3709/3709 3707/3707/3707
f 3710/3710/3710 3711/3711/3711 3709/3709/3709
f 3711/3711/3711 3712/3712/3712 3709/3709/3709
f 3713/3713/3713 3706/3706/3706 3708/3708/3708
f 3705/3705/3705 3706/3706/3706 3713/3713/3713
f 3714/3714/3714 3713/3713/3713 3708/3708/3708
f 3715/3715/3715 3714/3714/3714 3708/3708/3708
f 3709/3709/3709 3715/3715/3715 3708/3708/3708
f 3707/3707/3707 3704/3704/3704 3716/3716/3716
f 3716/3716/3716 3704/3704/3704 3701/3701/3701
f 3717/3717/3717 3707/3707/3707 3716/3716/3716
f 3710/3710/3710 3707/3707/3707 3717/3717/3717
f 3717/3717/3717 3716/3716/3716 3700/3700/3700
f 3718/3718/3718 3713/3713/3713 3714/3714/3714
f 3719/3719/3719 3718/3718/3718 3714/3714/3714
f 3720/3720/3720 3719/3719/3719 3714/3714/3714
f 3715/3715/3715 3720/3720/3720 3714/3714/3714
f 3721/3721/3721 3718/3718/3718 3719/3719/3719
f 3722/3722/3722 3721/3721/3721 3719/3719/3719
f 3723/3723/3723 3722/3722/3722 3719/3719/3719
f 3720/3720/3720 3723/3723/3723 3719/3719/3719
f 3723/3723/3723 3720/3720/3720 3724/3724/3724
f 3720/3720/3720 3725/3725/3725 3724/3724/3724
f 3726/3726/3726 3721/3721/3721 3722/3722/3722
f 3727/3727/3727 3726/3726/3726 3722/3722/3722
f 3728/3728/3728 3727/3727/3727 3722/3722/3722
f 3723/3723/3723 3728/3728/3728 3722/3722/3722
f 3723/3723/3723 3724/3724/3724 3728/3728/3728
f 3724/3724/3724 3729/3729/3729 3728/3728/3728
f 3728/3728/3728 3730/3730/3730 3727/3727/3727
f 3730/3730/3730 3731/3731/3731 3727/3727/3727
f 3730/3730/3730 3732/3732/3732 3731/3731/3731
f 3731/3731/3731 3732/3732/3732 3733/3733/3733
f 3731/3731/3731 3733/3733/3733 3734/3734/3734
f 3734/3734/3734 3735/3735/3735 3731/3731/3731
f 3735/3735/3735 3726/3726/3726 3727/3727/3727
f 3731/3731/3731 3735/3735/3735 3727/3727/3727
f 3736/3736/3736 3735/3735/3735 3734/3734/3734
f 3736/3736/3736 3737/3737/3737 3735/3735/3735
f 3728/3728/3728 3729/3729/3729 3738/3738/3738
f 3730/3730/3730 3728/3728/3728 3738/3738/3738
f 3739/3739/3739 3730/3730/3730 3738/3738/3738
f 3740/3740/3740 3739/3739/3739 3738/3738/3738
f 3740/3740/3740 3738/3738/3738 3741/3741/3741
f 3741/3741/3741 3738/3738/3738 3742/3742/3742
f 3729/3729/3729 3742/3742/3742 3738/3738/3738
f 3742/3742/3742 3743/3743/3743 3741/3741/3741
f 3742/3742/3742 3744/3744/3744 3743/3743/3743
f 3745/3745/3745 3730/3730/3730 3739/3739/3739
f 3745/3745/3745 3746/3746/3746 3730/3730/3730
f 3746/3746/3746 3732/3732/3732 3730/3730/3730
f 3737/3737/3737 3747/3747/3747 3735/3735/3735
f 3747/3747/3747 3737/3737/3737 3748/3748/3748
f 3749/3749/3749 3747/3747/3747 3748/3748/3748
f 3749/3749/3749 3750/3750/3750 3747/3747/3747
f 3750/3750/3750 3749/3749/3749 3751/3751/3751
f 3752/3752/3752 3750/3750/3750 3751/3751/3751
f 3750/3750/3750 3726/3726/3726 3747/3747/3747
f 3750/3750/3750 3753/3753/3753 3726/3726/3726
f 3752/3752/3752 3753/3753/3753 3750/3750/3750
f 3753/3753/3753 3754/3754/3754 3726/3726/3726
f 3754/3754/3754 3753/3753/3753 3755/3755/3755
f 3756/3756/3756 3755/3755/3755 3753/3753/3753
f 3756/3756/3756 3753/3753/3753 3752/3752/3752
f 3756/3756/3756 3757/3757/3757 3755/3755/3755
f 3758/3758/3758 3754/3754/3754 3755/3755/3755
f 3758/3758/3758 3759/3759/3759 3754/3754/3754
f 3759/3759/3759 3760/3760/3760 3754/3754/3754
f 3759/3759/3759 3761/3761/3761 3760/3760/3760
f 3761/3761/3761 3762/3762/3762 3760/3760/3760
f 3761/3761/3761 3763/3763/3763 3762/3762/3762
f 3763/3763/3763 3764/3764/3764 3762/3762/3762
f 3763/3763/3763 3765/3765/3765 3764/3764/3764
f 3765/3765/3765 3705/3705/3705 3764/3764/3764
f 3765/3765/3765 3763/3763/3763 3766/3766/3766
f 3763/3763/3763 3767/3767/3767 3766/3766/3766
f 3766/3766/3766 3767/3767/3767 3768/3768/3768
f 3767/3767/3767 3769/3769/3769 3768/3768/3768
f 3769/3769/3769 3767/3767/3767 3770/3770/3770
f 3770/3770/3770 3767/3767/3767 3763/3763/3763
f 3761/3761/3761 3770/3770/3770 3763/3763/3763
f 3771/3771/3771 3769/3769/3769 3770/3770/3770
f 3771/3771/3771 3770/3770/3770 3772/3772/3772
f 3772/3772/3772 3770/3770/3770 3761/3761/3761
f 3759/3759/3759 3772/3772/3772 3761/3761/3761
f 3773/3773/3773 3771/3771/3771 3772/3772/3772
f 3703/3703/3703 3765/3765/3765 3766/3766/3766
f 3773/3773/3773 3772/3772/3772 3774/3774/3774
f 3772/3772/3772 3775/3775/3775 3774/3774/3774
f 3775/3775/3775 3772/3772/3772 3759/3759/3759
f 3758/3758/3758 3775/3775/3775 3759/3759/3759
f 3776/3776/3776 3703/3703/3703 3766/3766/3766
f 3777/3777/3777 3776/3776/3776 3766/3766/3766
f 3774/3774/3774 3775/3775/3775 3778/3778/3778
f 3779/3779/3779 3775/3775/3775 3758/3758/3758
f 3775/3775/3775 3779/3779/3779 3778/3778/3778
f 3779/3779/3779 3780/3780/3780 3778/3778/3778
f 3780/3780/3780 3781/3781/3781 3778/3778/3778
f 3778/3778/3778 3781/3781/3781 3782/3782/3782
f 3783/3783/3783 3778/3778/3778 3782/3782/3782
f 3783/3783/3783 3774/3774/3774 3778/3778/3778
f 3784/3784/3784 3780/3780/3780 3779/3779/3779
f 3784/3784/3784 3779/3779/3779 3757/3757/3757
f 3755/3755/3755 3779/3779/3779 3758/3758/3758
f 3757/3757/3757 3779/3779/3779 3755/3755/3755
f 3776/3776/3776 3777/3777/3777 3785/3785/3785
f 3785/3785/3785 3777/3777/3777 3786/3786/3786
f 3787/3787/3787 3785/3785/3785 3786/3786/3786
f 3787/3787/3787 3788/3788/3788 3785/3785/3785
f 3788/3788/3788 3789/3789/3789 3785/3785/3785
f 3789/3789/3789 3790/3790/3790 3785/3785/3785
f 3790/3790/3790 3791/3791/3791 3785/3785/3785
f 3791/3791/3791 3790/3790/3790 3792/3792/3792
f 3690/3690/3690 3791/3791/3791 3792/3792/3792
f 3793/3793/3793 3690/3690/3690 3792/3792/3792
f 3789/3789/3789 3788/3788/3788 3794/3794/3794
f 3795/3795/3795 3789/3789/3789 3794/3794/3794
f 3790/3790/3790 3789/3789/3789 3795/3795/3795
f 3188/3188/3188 3793/3793/3793 3792/3792/3792
f 3185/3185/3185 3793/3793/3793 3188/3188/3188
f 3793/3793/3793 3185/3185/3185 3690/3690/3690
f 3796/3796/3796 3188/3188/3188 3792/3792/3792
f 3797/3797/3797 3188/3188/3188 3796/3796/3796
f 3189/3189/3189 3188/3188/3188 3797/3797/3797
f 3798/3798/3798 3797/3797/3797 3796/3796/3796
f 3796/3796/3796 3799/3799/3799 3798/3798/3798
f 3796/3796/3796 3792/3792/3792 3800/3800/3800
f 3797/3797/3797 3193/3193/3193 3189/3189/3189
f 3193/3193/3193 3797/3797/3797 3798/3798/3798
f 3801/3801/3801 3193/3193/3193 3798/3798/3798
f 3801/3801/3801 3798/3798/3798 3802/3802/3802
f 3802/3802/3802 3803/3803/3803 3801/3801/3801
f 3803/3803/3803 3804/3804/3804 3801/3801/3801
f 3804/3804/3804 3805/3805/3805 3801/3801/3801
f 3801/3801/3801 3805/3805/3805 3193/3193/3193
f 3798/3798/3798 3806/3806/3806 3802/3802/3802
f 3805/3805/3805 3804/3804/3804 3807/3807/3807
f 3807/3807/3807 3804/3804/3804 3803/3803/3803
f 3194/3194/3194 3193/3193/3193 3805/3805/3805
f 3808/3808/3808 3194/3194/3194 3805/3805/3805
f 3809/3809/3809 3194/3194/3194 3808/3808/3808
f 3809/3809/3809 3808/3808/3808 3810/3810/3810
f 3808/3808/3808 3805/3805/3805 3811/3811/3811
f 3810/3810/3810 3808/3808/3808 3811/3811/3811
f 3194/3194/3194 3812/3812/3812 3201/3201/3201
f 3201/3201/3201 3794/3794/3794 3788/3788/3788
f 3204/3204/3204 3201/3201/3201 3788/3788/3788
f 3204/3204/3204 3788/3788/3788 3813/3813/3813
f 3207/3207/3207 3204/3204/3204 3813/3813/3813
f 3207/3207/3207 3813/3813/3813 3814/3814/3814
f 3813/3813/3813 3815/3815/3815 3814/3814/3814
f 3813/3813/3813 3816/3816/3816 3815/3815/3815
f 3813/3813/3813 3788/3788/3788 3816/3816/3816
f 3817/3817/3817 3814/3814/3814 3815/3815/3815
f 3817/3817/3817 3818/3818/3818 3814/3814/3814
f 3817/3817/3817 3815/3815/3815 3819/3819/3819
f 3820/3820/3820 3819/3819/3819 3815/3815/3815
f 3821/3821/3821 3820/3820/3820 3815/3815/3815
f 3821/3821/3821 3822/3822/3822 3820/3820/3820
f 3821/3821/3821 3815/3815/3815 3823/3823/3823
f 3815/3815/3815 3816/3816/3816 3823/3823/3823
f 3824/3824/3824 3823/3823/3823 3816/3816/3816
f 3824/3824/3824 3825/3825/3825 3823/3823/3823
f 3824/3824/3824 3816/3816/3816 3825/3825/3825
f 3826/3826/3826 3819/3819/3819 3820/3820/3820
f 3823/3823/3823 3825/3825/3825 3827/3827/3827
f 3827/3827/3827 3828/3828/3828 3823/3823/3823
f 3829/3829/3829 3828/3828/3828 3827/3827/3827
f 3827/3827/3827 3830/3830/3830 3829/3829/3829
f 3827/3827/3827 3825/3825/3825 3830/3830/3830
f 3828/3828/3828 3831/3831/3831 3823/3823/3823
f 3825/3825/3825 3816/3816/3816 3832/3832/3832
f 3833/3833/3833 3825/3825/3825 3832/3832/3832
f 3833/3833/3833 3834/3834/3834 3825/3825/3825
f 3825/3825/3825 3834/3834/3834 3830/3830/3830
f 3835/3835/3835 3834/3834/3834 3833/3833/3833
f 3835/3835/3835 3833/3833/3833 3836/3836/3836
f 3837/3837/3837 3836/3836/3836 3833/3833/3833
f 3838/3838/3838 3837/3837/3837 3833/3833/3833
f 3832/3832/3832 3838/3838/3838 3833/3833/3833
f 3839/3839/3839 3838/3838/3838 3832/3832/3832
f 3832/3832/3832 3840/3840/3840 3839/3839/3839
f 3840/3840/3840 3832/3832/3832 3786/3786/3786
f 3832/3832/3832 3816/3816/3816 3786/3786/3786
f 3837/3837/3837 3838/3838/3838 3841/3841/3841
f 3842/3842/3842 3837/3837/3837 3841/3841/3841
f 3816/3816/3816 3787/3787/3787 3786/3786/3786
f 3788/3788/3788 3787/3787/3787 3816/3816/3816
f 3766/3766/3766 3840/3840/3840 3786/3786/3786
f 3843/3843/3843 3840/3840/3840 3766/3766/3766
f 3843/3843/3843 3844/3844/3844 3840/3840/3840
f 3841/3841/3841 3845/3845/3845 3844/3844/3844
f 3845/3845/3845 3840/3840/3840 3844/3844/3844
f 3838/3838/3838 3845/3845/3845 3841/3841/3841
f 3777/3777/3777 3766/3766/3766 3786/3786/3786
f 3848/3848/3848 3847/3847/3847 3846/3846/3846
f 3848/3848/3848 3846/3846/3846 3849/3849/3849
f 3848/3848/3848 3849/3849/3849 3850/3850/3850
f 3850/3850/3850 3851/3851/3851 3848/3848/3848
f 3852/3852/3852 3851/3851/3851 3850/3850/3850
f 3853/3853/3853 3851/3851/3851 3852/3852/3852
f 3854/3854/3854 3852/3852/3852 3850/3850/3850
f 3855/3855/3855 3854/3854/3854 3850/3850/3850
f 3854/3854/3854 3855/3855/3855 3856/3856/3856
f 3851/3851/3851 3857/3857/3857 3848/3848/3848
f 3858/3858/3858 3848/3848/3848 3857/3857/3857
f 3861/3861/3861 3860/3860/3860 3859/3859/3859
f 3860/3860/3860 3862/3862/3862 3859/3859/3859
f 3865/3865/3865 3864/3864/3864 3863/3863/3863
f 3866/3866/3866 3865/3865/3865 3863/3863/3863
f 3867/3867/3867 3865/3865/3865 3866/3866/3866
f 3867/3867/3867 3868/3868/3868 3865/3865/3865
f 3865/3865/3865 3868/3868/3868 3864/3864/3864
f 3867/3867/3867 3869/3869/3869 3868/3868/3868
f 3868/3868/3868 3869/3869/3869 3870/3870/3870
f 3868/3868/3868 3870/3870/3870 3871/3871/3871
f 3868/3868/3868 3871/3871/3871 3864/3864/3864
f 3869/3869/3869 3872/3872/3872 3870/3870/3870
f 3873/3873/3873 3867/3867/3867 3866/3866/3866
f 3874/3874/3874 3867/3867/3867 3873/3873/3873
f 3875/3875/3875 3867/3867/3867 3874/3874/3874
f 3867/3867/3867 3875/3875/3875 3869/3869/3869
f 3876/3876/3876 3874/3874/3874 3873/3873/3873
f 3877/3877/3877 3874/3874/3874 3876/3876/3876
f 3877/3877/3877 3875/3875/3875 3874/3874/3874
f 3878/3878/3878 3877/3877/3877 3876/3876/3876
f 3879/3879/3879 3877/3877/3877 3878/3878/3878
f 3880/3880/3880 3879/3879/3879 3878/3878/3878
f 3880/3880/3880 3881/3881/3881 3879/3879/3879
f 3881/3881/3881 3882/3882/3882 3879/3879/3879
f 3883/3883/3883 3875/3875/3875 3877/3877/3877
f 3884/3884/3884 3869/3869/3869 3875/3875/3875
f 3872/3872/3872 3869/3869/3869 3884/3884/3884
f 3885/3885/3885 3872/3872/3872 3884/3884/3884
f 3879/3879/3879 3886/3886/3886 3877/3877/3877
f 3886/3886/3886 3883/3883/3883 3877/3877/3877
f 3883/3883/3883 3886/3886/3886 3887/3887/3887
f 3886/3886/3886 3888/3888/3888 3887/3887/3887
f 3889/3889/3889 3888/3888/3888 3886/3886/3886
f 3890/3890/3890 3889/3889/3889 3886/3886/3886
f 3879/3879/3879 3890/3890/3890 3886/3886/3886
f 3882/3882/3882 3890/3890/3890 3879/3879/3879
f 3893/3893/3893 3892/3892/3892 3891/3891/3891
f 3894/3894/3894 3892/3892/3892 3893/3893/3893
f 3895/3895/3895 3894/3894/3894 3893/3893/3893
f 3895/3895/3895 3896/3896/3896 3894/3894/3894
f 3896/3896/3896 3897/3897/3897 3894/3894/3894
f 3896/3896/3896 3898/3898/3898 3897/3897/3897
f 3898/3898/3898 3896/3896/3896 3899/3899/3899
f 3900/3900/3900 3898/3898/3898 3899/3899/3899
f 3898/3898/3898 3901/3901/3901 3897/3897/3897
f 3902/3902/3902 3901/3901/3901 3898/3898/3898
f 3903/3903/3903 3898/3898/3898 3900/3900/3900
f 3896/3896/3896 3895/3895/3895 3904/3904/3904
f 3893/3893/3893 3904/3904/3904 3895/3895/3895
f 3905/3905/3905 3904/3904/3904 3893/3893/3893
f 3904/3904/3904 3905/3905/3905 3906/3906/3906
f 3906/3906/3906 3905/3905/3905 3907/3907/3907
f 3908/3908/3908 3906/3906/3906 3907/3907/3907
f 3908/3908/3908 3907/3907/3907 3909/3909/3909
f 3907/3907/3907 3910/3910/3910 3909/3909/3909
f 3910/3910/3910 3911/3911/3911 3909/3909/3909
f 3912/3912/3912 3910/3910/3910 3907/3907/3907
f 3910/3910/3910 3912/3912/3912 3913/3913/3913
f 3912/3912/3912 3914/3914/3914 3913/3913/3913
f 3914/3914/3914 3915/3915/3915 3913/3913/3913
f 3912/3912/3912 3916/3916/3916 3914/3914/3914
f 3917/3917/3917 3913/3913/3913 3915/3915/3915
f 3915/3915/3915 3918/3918/3918 3917/3917/3917
f 3913/3913/3913 3919/3919/3919 3910/3910/3910
f 3919/3919/3919 3920/3920/3920 3910/3910/3910
f 3911/3911/3911 3910/3910/3910 3921/3921/3921
f 3910/3910/3910 3920/3920/3920 3922/3922/3922
f 3923/3923/3923 3908/3908/3908 3909/3909/3909
f 3924/3924/3924 3923/3923/3923 3909/3909/3909
f 3924/3924/3924 3909/3909/3909 3925/3925/3925
f 3926/3926/3926 3923/3923/3923 3924/3924/3924
f 3927/3927/3927 3924/3924/3924 3925/3925/3925
f 3928/3928/3928 3919/3919/3919 3913/3913/3913
f 3925/3925/3925 3909/3909/3909 3929/3929/3929
f 3909/3909/3909 3911/3911/3911 3929/3929/3929
f 3930/3930/3930 3929/3929/3929 3911/3911/3911
f 3931/3931/3931 3930/3930/3930 3911/3911/3911
f 3931/3931/3931 3911/3911/3911 3932/3932/3932
f 3933/3933/3933 3931/3931/3931 3932/3932/3932
f 3933/3933/3933 3934/3934/3934 3931/3931/3931
f 3932/3932/3932 3911/3911/3911 3935/3935/3935
f 3935/3935/3935 3911/3911/3911 3936/3936/3936
f 3937/3937/3937 3933/3933/3933 3932/3932/3932
f 3938/3938/3938 3937/3937/3937 3932/3932/3932
f 3939/3939/3939 3937/3937/3937 3938/3938/3938
f 3933/3933/3933 3937/3937/3937 3940/3940/3940
f 3940/3940/3940 3937/3937/3937 3941/3941/3941
f 3942/3942/3942 3933/3933/3933 3940/3940/3940
f 3934/3934/3934 3933/3933/3933 3942/3942/3942
f 3944/3944/3944 3928/3928/3928 3943/3943/3943
f 3944/3944/3944 3943/3943/3943 3945/3945/3945
f 3943/3943/3943 3928/3928/3928 3913/3913/3913
f 3945/3945/3945 3943/3943/3943 3913/3913/3913
f 3917/3917/3917 3945/3945/3945 3913/3913/3913
f 3948/3948/3948 3947/3947/3947 3946/3946/3946
f 3948/3948/3948 3949/3949/3949 3947/3947/3947
f 3949/3949/3949 3950/3950/3950 3947/3947/3947
f 3951/3951/3951 3948/3948/3948 3946/3946/3946
f 3946/3946/3946 3952/3952/3952 3951/3951/3951
f 3952/3952/3952 3953/3953/3953 3951/3951/3951
f 3954/3954/3954 3953/3953/3953 3952/3952/3952
f 3946/3946/3946 3947/3947/3947 3955/3955/3955
f 3946/3946/3946 3955/3955/3955 3956/3956/3956
f 3946/3946/3946 3956/3956/3956 3952/3952/3952
f 3956/3956/3956 3955/3955/3955 3957/3957/3957
f 3950/3950/3950 3949/3949/3949 3958/3958/3958
f 3947/3947/3947 3950/3950/3950 3959/3959/3959
f 3960/3960/3960 3947/3947/3947 3959/3959/3959
f 3960/3960/3960 3959/3959/3959 3961/3961/3961
f 3947/3947/3947 3960/3960/3960 3962/3962/3962
f 3960/3960/3960 3963/3963/3963 3962/3962/3962
f 3964/3964/3964 3963/3963/3963 3960/3960/3960
f 3965/3965/3965 3964/3964/3964 3960/3960/3960
f 3966/3966/3966 3964/3964/3964 3965/3965/3965
f 3959/3959/3959 3967/3967/3967 3961/3961/3961
f 3967/3967/3967 3968/3968/3968 3961/3961/3961
f 3968/3968/3968 3967/3967/3967 3969/3969/3969
f 3959/3959/3959 3950/3950/3950 3967/3967/3967
f 3950/3950/3950 3970/3970/3970 3967/3967/3967
f 3971/3971/3971 3967/3967/3967 3970/3970/3970
f 3972/3972/3972 3969/3969/3969 3967/3967/3967
f 3973/3973/3973 3968/3968/3968 3969/3969/3969
f 3896/3896/3896 3962/3962/3962 3974/3974/3974
f 3962/3962/3962 3975/3975/3975 3974/3974/3974
f 3976/3976/3976 3975/3975/3975 3962/3962/3962
f 3977/3977/3977 3976/3976/3976 3962/3962/3962
f 3978/3978/3978 3976/3976/3976 3977/3977/3977
f 3962/3962/3962 3896/3896/3896 3947/3947/3947
f 3896/3896/3896 3904/3904/3904 3947/3947/3947
f 3979/3979/3979 3947/3947/3947 3904/3904/3904
f 3979/3979/3979 3955/3955/3955 3947/3947/3947
f 3980/3980/3980 3955/3955/3955 3979/3979/3979
f 3955/3955/3955 3980/3980/3980 3957/3957/3957
f 3981/3981/3981 3904/3904/3904 3906/3906/3906
f 3982/3982/3982 3981/3981/3981 3906/3906/3906
f 3983/3983/3983 3981/3981/3981 3982/3982/3982
f 3983/3983/3983 3982/3982/3982 3984/3984/3984
f 3982/3982/3982 3906/3906/3906 3984/3984/3984
f 3984/3984/3984 3906/3906/3906 3908/3908/3908
f 3987/3987/3987 3986/3986/3986 3985/3985/3985
f 3985/3985/3985 3988/3988/3988 3987/3987/3987
f 3989/3989/3989 3988/3988/3988 3985/3985/3985
f 3985/3985/3985 3986/3986/3986 3990/3990/3990
f 3991/3991/3991 3985/3985/3985 3990/3990/3990
f 3985/3985/3985 3991/3991/3991 3992/3992/3992
f 3992/3992/3992 3989/3989/3989 3985/3985/3985
f 3206/3206/3206 3991/3991/3991 3990/3990/3990
f 3990/3990/3990 3205/3205/3205 3206/3206/3206
f 3993/3993/3993 3991/3991/3991 3206/3206/3206
f 3994/3994/3994 3991/3991/3991 3993/3993/3993
f 3992/3992/3992 3991/3991/3991 3994/3994/3994
f 3995/3995/3995 3989/3989/3989 3992/3992/3992
f 3206/3206/3206 3996/3996/3996 3993/3993/3993
f 3994/3994/3994 3818/3818/3818 3992/3992/3992
f 3814/3814/3814 3818/3818/3818 3994/3994/3994
f 3814/3814/3814 3997/3997/3997 3206/3206/3206
f 3997/3997/3997 3814/3814/3814 3994/3994/3994
f 3207/3207/3207 3814/3814/3814 3206/3206/3206
f 3999/3999/3999 3998/3998/3998 3205/3205/3205
f 4000/4000/4000 3999/3999/3999 3205/3205/3205
f 3998/3998/3998 4001/4001/4001 3205/3205/3205
f 3205/3205/3205 4001/4001/4001 3203/3203/3203
f 4002/4002/4002 3999/3999/3999 4000/4000/4000
f 4005/4005/4005 4004/4004/4004 4003/4003/4003
f 4006/4006/4006 4005/4005/4005 4003/4003/4003
f 4009/4009/4009 4008/4008/4008 4007/4007/4007
f 4010/4010/4010 4009/4009/4009 4007/4007/4007
f 4013/4013/4013 4012/4012/4012 4011/4011/4011
f 4016/4016/4016 4015/4015/4015 4014/4014/4014
f 4014/4014/4014 4017/4017/4017 4016/4016/4016
f 4016/4016/4016 4018/4018/4018 4015/4015/4015
f 4018/4018/4018 4019/4019/4019 4015/4015/4015
f 4020/4020/4020 4019/4019/4019 4018/4018/4018
f 4019/4019/4019 4021/4021/4021 4015/4015/4015
f 4022/4022/4022 4021/4021/4021 4019/4019/4019
f 4021/4021/4021 4022/4022/4022 4023/4023/4023
f 4022/4022/4022 3712/3712/3712 4023/4023/4023
f 3709/3709/3709 3712/3712/3712 4022/4022/4022
f 4024/4024/4024 3709/3709/3709 4022/4022/4022
f 3709/3709/3709 4024/4024/4024 4025/4025/4025
f 4025/4025/4025 4024/4024/4024 4026/4026/4026
f 4024/4024/4024 4022/4022/4022 4026/4026/4026
f 4026/4026/4026 4027/4027/4027 4025/4025/4025
f 4027/4027/4027 4028/4028/4028 4025/4025/4025
f 4025/4025/4025 4028/4028/4028 3725/3725/3725
f 3715/3715/3715 3709/3709/3709 4025/4025/4025
f 4023/4023/4023 3712/3712/3712 3711/3711/3711
f 4029/4029/4029 4023/4023/4023 3711/3711/3711
f 3720/3720/3720 4025/4025/4025 3725/3725/3725
f 3715/3715/3715 4025/4025/4025 3720/3720/3720
f 4029/4029/4029 3711/3711/3711 4030/4030/4030
f 3711/3711/3711 4031/4031/4031 4030/4030/4030
f 3711/3711/3711 3710/3710/3710 4031/4031/4031
f 3710/3710/3710 4032/4032/4032 4031/4031/4031
f 4031/4031/4031 4032/4032/4032 3696/3696/3696
f 4032/4032/4032 3699/3699/3699 3696/3696/3696
f 3699/3699/3699 4032/4032/4032 3717/3717/3717
f 4032/4032/4032 3710/3710/3710 3717/3717/3717
f 3700/3700/3700 3699/3699/3699 3717/3717/3717
f 4031/4031/4031 3696/3696/3696 3698/3698/3698
f 3698/3698/3698 4033/4033/4033 4031/4031/4031
f 4033/4033/4033 4030/4030/4030 4031/4031/4031
f 3716/3716/3716 3701/3701/3701 3700/3700/3700
f 4036/4036/4036 4035/4035/4035 4034/4034/4034
f 4034/4034/4034 4037/4037/4037 4036/4036/4036
f 4040/4040/4040 4039/4039/4039 4038/4038/4038
f 4041/4041/4041 4040/4040/4040 4038/4038/4038
f 4041/4041/4041 4038/4038/4038 4042/4042/4042
f 4043/4043/4043 4041/4041/4041 4042/4042/4042
f 4040/4040/4040 4044/4044/4044 4039/4039/4039
f 4044/4044/4044 4045/4045/4045 4039/4039/4039
f 4046/4046/4046 4045/4045/4045 4044/4044/4044
f 4047/4047/4047 4046/4046/4046 4044/4044/4044
f 4048/4048/4048 4046/4046/4046 4047/4047/4047
f 4049/4049/4049 4048/4048/4048 4047/4047/4047
f 4049/4049/4049 4050/4050/4050 4048/4048/4048
f 4050/4050/4050 4051/4051/4051 4048/4048/4048
f 4044/4044/4044 4052/4052/4052 4047/4047/4047
f 4052/4052/4052 4053/4053/4053 4047/4047/4047
f 4047/4047/4047 4053/4053/4053 4049/4049/4049
f 4053/4053/4053 4054/4054/4054 4049/4049/4049
f 4055/4055/4055 4050/4050/4050 4049/4049/4049
f 4054/4054/4054 4055/4055/4055 4049/4049/4049
f 4041/4041/4041 4056/4056/4056 4040/4040/4040
f 4056/4056/4056 4041/4041/4041 4057/4057/4057
f 4057/4057/4057 4041/4041/4041 4043/4043/4043
f 4058/4058/4058 4052/4052/4052 4044/4044/4044
f 4056/4056/4056 4058/4058/4058 4040/4040/4040
f 4040/4040/4040 4058/4058/4058 4044/4044/4044
f 4059/4059/4059 4052/4052/4052 4058/4058/4058
f 4060/4060/4060 4059/4059/4059 4058/4058/4058
f 4058/4058/4058 4061/4061/4061 4060/4060/4060
f 4057/4057/4057 4062/4062/4062 4056/4056/4056
f 4063/4063/4063 4056/4056/4056 4062/4062/4062
f 4063/4063/4063 4064/4064/4064 4056/4056/4056
f 4056/4056/4056 4064/4064/4064 4058/4058/4058
f 4065/4065/4065 4055/4055/4055 4054/4054/4054
f 4066/4066/4066 4055/4055/4055 4065/4065/4065
f 4067/4067/4067 4055/4055/4055 4066/4066/4066
f 4068/4068/4068 4061/4061/4061 4058/4058/4058
f 4064/4064/4064 4068/4068/4068 4058/4058/4058
f 4069/4069/4069 4062/4062/4062 4057/4057/4057
f 4069/4069/4069 4057/4057/4057 4070/4070/4070
f 4057/4057/4057 4071/4071/4071 4070/4070/4070
f 4071/4071/4071 4057/4057/4057 4043/4043/4043
f 4052/4052/4052 4059/4059/4059 4072/4072/4072
f 4052/4052/4052 4072/4072/4072 4073/4073/4073
f 4074/4074/4074 4052/4052/4052 4073/4073/4073
f 4074/4074/4074 4075/4075/4075 4052/4052/4052
f 4052/4052/4052 4075/4075/4075 4053/4053/4053
f 4053/4053/4053 4075/4075/4075 4076/4076/4076
f 4053/4053/4053 4076/4076/4076 4077/4077/4077
f 4053/4053/4053 4077/4077/4077 4054/4054/4054
f 4078/4078/4078 4054/4054/4054 4077/4077/4077
f 4078/4078/4078 4079/4079/4079 4054/4054/4054
f 4054/4054/4054 4079/4079/4079 4080/4080/4080
f 4054/4054/4054 4080/4080/4080 4065/4065/4065
f 4083/4083/4083 4082/4082/4082 4081/4081/4081
f 2852/2852/2852 4083/4083/4083 4081/4081/4081
f 2852/2852/2852 4081/4081/4081 2842/2842/2842
f 4081/4081/4081 2843/2843/2843 2842/2842/2842
f 2854/2854/2854 2843/2843/2843 4081/4081/4081
f 4086/4086/4086 4085/4085/4085 4084/4084/4084
f 4089/4089/4089 4088/4088/4088 4087/4087/4087
f 4088/4088/4088 4089/4089/4089 4090/4090/4090
f 4091/4091/4091 4088/4088/4088 4090/4090/4090
f 4091/4091/4091 4090/4090/4090 4092/4092/4092
f 4093/4093/4093 4087/4087/4087 4088/4088/4088
f 4088/4088/4088 4094/4094/4094 4093/4093/4093
f 4095/4095/4095 4091/4091/4091 4092/4092/4092
f 4098/4098/4098 4097/4097/4097 4096/4096/4096
f 4096/4096/4096 4097/4097/4097 4099/4099/4099
f 4102/4102/4102 4101/4101/4101 4100/4100/4100
f 4103/4103/4103 4102/4102/4102 4100/4100/4100
f 4104/4104/4104 4102/4102/4102 4103/4103/4103
f 4105/4105/4105 4104/4104/4104 4103/4103/4103
f 4100/4100/4100 4106/4106/4106 4103/4103/4103
f 4103/4103/4103 4106/4106/4106 4107/4107/4107
f 4105/4105/4105 4103/4103/4103 4108/4108/4108
f 4103/4103/4103 4107/4107/4107 4109/4109/4109
f 4107/4107/4107 4110/4110/4110 4109/4109/4109
f 4109/4109/4109 4110/4110/4110 4111/4111/4111
f 4112/4112/4112 4109/4109/4109 4111/4111/4111
f 4112/4112/4112 4111/4111/4111 4113/4113/4113
f 4113/4113/4113 4114/4114/4114 4112/4112/4112
f 4115/4115/4115 4109/4109/4109 4112/4112/4112
f 4114/4114/4114 4115/4115/4115 4112/4112/4112
f 4103/4103/4103 4109/4109/4109 4115/4115/4115
f 4103/4103/4103 4115/4115/4115 4116/4116/4116
f 4116/4116/4116 4115/4115/4115 4117/4117/4117
f 4103/4103/4103 4116/4116/4116 4118/4118/4118
f 4118/4118/4118 4119/4119/4119 4103/4103/4103
f 4120/4120/4120 4119/4119/4119 4118/4118/4118
f 4120/4120/4120 4121/4121/4121 4119/4119/4119
f 4121/4121/4121 4108/4108/4108 4119/4119/4119
f 4116/4116/4116 4122/4122/4122 4118/4118/4118
f 4122/4122/4122 4116/4116/4116 4123/4123/4123
f 4119/4119/4119 4108/4108/4108 4103/4103/4103
f 4126/4126/4126 4125/4125/4125 4124/4124/4124
f 3187/3187/3187 4128/4128/4128 4127/4127/4127
f 3185/3185/3185 3187/3187/3187 4127/4127/4127
f 3185/3185/3185 4127/4127/4127 3691/3691/3691
f 4127/4127/4127 3692/3692/3692 3691/3691/3691
f 3185/3185/3185 3691/3691/3691 3690/3690/3690
f 3690/3690/3690 3689/3689/3689 3776/3776/3776
f 3791/3791/3791 3690/3690/3690 3776/3776/3776
f 3791/3791/3791 3776/3776/3776 3785/3785/3785
f 3776/3776/3776 3689/3689/3689 3688/3688/3688
f 3703/3703/3703 3776/3776/3776 3688/3688/3688
f 3703/3703/3703 3702/3702/3702 3765/3765/3765
f 3702/3702/3702 3705/3705/3705 3765/3765/3765
f 3764/3764/3764 3705/3705/3705 3713/3713/3713
f 3762/3762/3762 3764/3764/3764 3713/3713/3713
f 3718/3718/3718 3762/3762/3762 3713/3713/3713
f 3760/3760/3760 3762/3762/3762 3718/3718/3718
f 3721/3721/3721 3760/3760/3760 3718/3718/3718
f 3754/3754/3754 3760/3760/3760 3721/3721/3721
f 3726/3726/3726 3754/3754/3754 3721/3721/3721
f 3735/3735/3735 3747/3747/3747 3726/3726/3726
f 4131/4131/4131 4130/4130/4130 4129/4129/4129
f 4132/4132/4132 4131/4131/4131 4129/4129/4129
f 4135/4135/4135 4134/4134/4134 4133/4133/4133
f 4136/4136/4136 4135/4135/4135 4133/4133/4133
f 4137/4137/4137 4135/4135/4135 4136/4136/4136
f 4140/4140/4140 4139/4139/4139 4138/4138/4138
f 4138/4138/4138 4139/4139/4139 4141/4141/4141
f 4139/4139/4139 4142/4142/4142 4141/4141/4141
f 4144/4144/4144 4143/4143/4143 3377/3377/3377
f 4145/4145/4145 4144/4144/4144 3377/3377/3377
f 4143/4143/4143 4144/4144/4144 4146/4146/4146
f 3386/3386/3386 4143/4143/4143 4146/4146/4146
f 4146/4146/4146 4144/4144/4144 4147/4147/4147
f 4147/4147/4147 4144/4144/4144 4145/4145/4145
f 3386/3386/3386 3373/3373/3373 4143/4143/4143
f 3373/3373/3373 3372/3372/3372 4143/4143/4143
f 3377/3377/3377 4143/4143/4143 3372/3372/3372
f 4150/4150/4150 4149/4149/4149 4148/4148/4148
f 4151/4151/4151 4150/4150/4150 4148/4148/4148
f 4148/4148/4148 4149/4149/4149 4152/4152/4152
f 4155/4155/4155 4154/4154/4154 4153/4153/4153
f 4154/4154/4154 4156/4156/4156 4153/4153/4153
f 4159/4159/4159 4158/4158/4158 4157/4157/4157
f 4162/4162/4162 4161/4161/4161 4160/4160/4160
f 3447/3447/3447 3449/3449/3449 3493/3493/3493
f 3493/3493/3493 3449/3449/3449 4163/4163/4163
f 3447/3447/3447 3493/3493/3493 3437/3437/3437
f 4166/4166/4166 4165/4165/4165 4164/4164/4164
f 4169/4169/4169 4168/4168/4168 4167/4167/4167
f 4167/4167/4167 4168/4168/4168 4170/4170/4170
f 4168/4168/4168 4171/4171/4171 4170/4170/4170
f 4174/4174/4174 4173/4173/4173 4172/4172/4172
f 4175/4175/4175 4174/4174/4174 4172/4172/4172
f 4178/4178/4178 4177/4177/4177 4176/4176/4176
f 4179/4179/4179 4178/4178/4178 4176/4176/4176
f 4176/4176/4176 4177/4177/4177 4180/4180/4180
f 4178/4178/4178 4179/4179/4179 4181/4181/4181
f 4182/4182/4182 4181/4181/4181 4179/4179/4179
f 4185/4185/4185 4184/4184/4184 4183/4183/4183
f 4188/4188/4188 4187/4187/4187 4186/4186/4186
f 4191/4191/4191 4190/4190/4190 4189/4189/4189
f 4192/4192/4192 4190/4190/4190 4191/4191/4191
f 4195/4195/4195 4194/4194/4194 4193/4193/4193
f 4196/4196/4196 4195/4195/4195 4193/4193/4193
f 4195/4195/4195 4196/4196/4196 4197/4197/4197
f 4196/4196/4196 4198/4198/4198 4197/4197/4197
f 4194/4194/4194 4199/4199/4199 4193/4193/4193
f 4199/4199/4199 4200/4200/4200 4193/4193/4193
f 4201/4201/4201 4200/4200/4200 4199/4199/4199
f 3893/3893/3893 4201/4201/4201 4199/4199/4199
f 4195/4195/4195 4197/4197/4197 4202/4202/4202
f 4197/4197/4197 4203/4203/4203 4202/4202/4202
f 4202/4202/4202 4203/4203/4203 4204/4204/4204
f 4205/4205/4205 4202/4202/4202 4204/4204/4204
f 4195/4195/4195 4202/4202/4202 4205/4205/4205
f 4194/4194/4194 4195/4195/4195 4205/4205/4205
f 4203/4203/4203 4206/4206/4206 4204/4204/4204
f 4205/4205/4205 4204/4204/4204 4207/4207/4207
f 4208/4208/4208 4207/4207/4207 4204/4204/4204
f 4206/4206/4206 4208/4208/4208 4204/4204/4204
f 4209/4209/4209 4205/4205/4205 4207/4207/4207
f 3893/3893/3893 4199/4199/4199 4209/4209/4209
f 4209/4209/4209 4199/4199/4199 4194/4194/4194
f 4205/4205/4205 4209/4209/4209 4194/4194/4194
f 3905/3905/3905 3893/3893/3893 4209/4209/4209
f 4210/4210/4210 4208/4208/4208 4206/4206/4206
f 4211/4211/4211 4210/4210/4210 4206/4206/4206
f 4211/4211/4211 4206/4206/4206 4203/4203/4203
f 4212/4212/4212 4211/4211/4211 4203/4203/4203
f 4212/4212/4212 4203/4203/4203 4197/4197/4197
f 4213/4213/4213 4212/4212/4212 4197/4197/4197
f 4197/4197/4197 4198/4198/4198 4213/4213/4213
f 4198/4198/4198 4214/4214/4214 4213/4213/4213
f 4215/4215/4215 4207/4207/4207 4208/4208/4208
f 4216/4216/4216 4215/4215/4215 4208/4208/4208
f 4216/4216/4216 4208/4208/4208 4217/4217/4217
f 4208/4208/4208 4210/4210/4210 4217/4217/4217
f 4209/4209/4209 4207/4207/4207 3912/3912/3912
f 4207/4207/4207 3916/3916/3916 3912/3912/3912
f 4209/4209/4209 3912/3912/3912 3907/3907/3907
f 3905/3905/3905 4209/4209/4209 3907/3907/3907
f 4220/4220/4220 4219/4219/4219 4218/4218/4218
f 4221/4221/4221 4219/4219/4219 4220/4220/4220
f 4224/4224/4224 4223/4223/4223 4222/4222/4222
f 4225/4225/4225 4223/4223/4223 4224/4224/4224
f 4225/4225/4225 4226/4226/4226 4223/4223/4223
f 4229/4229/4229 4228/4228/4228 4227/4227/4227
f 4232/4232/4232 4231/4231/4231 4230/4230/4230
f 4232/4232/4232 4233/4233/4233 4231/4231/4231
f 4233/4233/4233 4234/4234/4234 4231/4231/4231
f 4237/4237/4237 4236/4236/4236 4235/4235/4235
f 4235/4235/4235 4238/4238/4238 4237/4237/4237
f 4241/4241/4241 4240/4240/4240 4239/4239/4239
f 4241/4241/4241 4242/4242/4242 4240/4240/4240
f 4239/4239/4239 4240/4240/4240 4243/4243/4243
f 4240/4240/4240 4244/4244/4244 4243/4243/4243
f 4240/4240/4240 4242/4242/4242 4244/4244/4244
f 4247/4247/4247 4246/4246/4246 4245/4245/4245
f 4247/4247/4247 4245/4245/4245 4248/4248/4248
f 4251/4251/4251 4250/4250/4250 4249/4249/4249
f 3182/3182/3182 4252/4252/4252 3183/3183/3183
f 4255/4255/4255 4254/4254/4254 4253/4253/4253
f 4256/4256/4256 4255/4255/4255 4253/4253/4253
f 4259/4259/4259 4258/4258/4258 4257/4257/4257
f 4262/4262/4262 4261/4261/4261 4260/4260/4260
f 4261/4261/4261 4263/4263/4263 4260/4260/4260
f 4266/4266/4266 4265/4265/4265 4264/4264/4264
f 4269/4269/4269 4268/4268/4268 4267/4267/4267
f 4272/4272/4272 4271/4271/4271 4270/4270/4270
f 4275/4275/4275 4274/4274/4274 4273/4273/4273
f 4278/4278/4278 4277/4277/4277 4276/4276/4276
f 4281/4281/4281 4280/4280/4280 4279/4279/4279
f 4284/4284/4284 4283/4283/4283 4282/4282/4282
f 3358/3358/3358 4286/4286/4286 4285/4285/4285
f 3358/3358/3358 3351/3351/3351 4286/4286/4286
f 4289/4289/4289 4288/4288/4288 4287/4287/4287
f 4045/4045/4045 3211/3211/3211 3208/3208/3208
f 4039/4039/4039 4045/4045/4045 3208/3208/3208
f 3211/3211/3211 4045/4045/4045 4046/4046/4046
f 3218/3218/3218 3211/3211/3211 4046/4046/4046
f 3218/3218/3218 4046/4046/4046 3217/3217/3217
f 4046/4046/4046 4048/4048/4048 3217/3217/3217
f 4048/4048/4048 4051/4051/4051 3217/3217/3217
f 4051/4051/4051 3220/3220/3220 3217/3217/3217
f 4038/4038/4038 4039/4039/4039 3208/3208/3208
f 3209/3209/3209 4038/4038/4038 3208/3208/3208
f 4038/4038/4038 3209/3209/3209 3210/3210/3210
f 4042/4042/4042 4038/4038/4038 3210/3210/3210
f 3176/3176/3176 4290/4290/4290 3166/3166/3166
f 3166/3166/3166 4290/4290/4290 4291/4291/4291
f 3174/3174/3174 3166/3166/3166 4291/4291/4291
f 3174/3174/3174 4291/4291/4291 3175/3175/3175
f 4294/4294/4294 4293/4293/4293 4292/4292/4292
f 4297/4297/4297 4296/4296/4296 4295/4295/4295
f 4300/4300/4300 4299/4299/4299 4298/4298/4298
f 2826/2826/2826 2827/2827/2827 4301/4301/4301
f 4301/4301/4301 2827/2827/2827 2828/2828/2828
f 4302/4302/4302 2851/2851/2851 2850/2850/2850
f 2819/2819/2819 2838/2838/2838 2817/2817/2817
f 2817/2817/2817 2838/2838/2838 2815/2815/2815
f 2831/2831/2831 2816/2816/2816 2810/2810/2810
f 2811/2811/2811 2831/2831/2831 2810/2810/2810
f 2897/2897/2897 4303/4303/4303 2889/2889/2889
f 2902/2902/2902 2925/2925/2925 2912/2912/2912
f 2900/2900/2900 2928/2928/2928 2902/2902/2902
f 2900/2900/2900 2888/2888/2888 2928/2928/2928
f 2888/2888/2888 2933/2933/2933 2928/2928/2928
f 2933/2933/2933 2888/2888/2888 2898/2898/2898
f 2942/2942/2942 2933/2933/2933 2898/2898/2898
f 1215/1215/1215 1208/1208/1208 4304/4304/4304
