g Body
v 8.29781173E-15 1.27511168 -0.102053232
v -0.0133665781 1.252388 -0.0964835212
v 8.87942352E-15 1.23143625 -0.118582159
v -0.021901723 1.23103094 -0.0941117182
v -0.0138449799 1.20984054 -0.0956509486
v 8.63151137E-15 1.18436837 -0.0966602787
v 0.0133665781 1.252388 -0.0964835212
v 0.021901723 1.23103094 -0.0941117182
v 0.0138449799 1.20984054 -0.0956509486
v -0.146500051 1.19441938 -0.0127205309
v -0.13809447 1.19085908 -0.0266323965
v -0.113518625 1.22617173 -0.0282653328
v -0.117394276 1.23639965 -0.0145389689
v -0.178436473 1.15384185 -0.0121767968
v -0.168435454 1.1453222 -0.0275487863
v -0.102647446 1.20730865 -0.0352460891
v -0.117713504 1.17144799 -0.0381191075
v -0.0867980868 1.19318473 -0.0322918855
v -0.0957427695 1.14898634 -0.0371087603
v -0.142087623 1.12781477 -0.0381950699
v -0.198776454 1.10111642 -0.0272433087
v -0.170656919 1.07416487 -0.0356155075
v -0.257332057 1.04875314 -0.0259294081
v -0.273960471 1.07157135 -0.00827639177
v -0.313072145 1.04720271 -0.00600386132
v -0.295592874 1.02029669 -0.0243078414
v -0.210967332 1.11649764 -0.0102104079
v -0.365752935 1.0204277 -0.00454685139
v -0.34366858 0.992478251 -0.0245547052
v -0.439844847 0.999579906 -0.00439870823
v -0.414556533 0.9664132 -0.0265583359
v -0.527831078 0.969457626 -0.00564175053
v -0.513437212 0.906147122 -0.0235292222
v -0.56549114 0.87337631 -0.0234791413
v -0.578003168 0.935828924 -0.00542687159
v -0.231974885 1.01833451 -0.0341374166
v -0.264972329 0.990183711 -0.0329049528
v -0.251509815 0.96839577 -0.0295201484
v -0.231701821 1.00003695 -0.0311182756
v -0.331814378 0.962649763 -0.0333983786
v -0.382379115 0.922419727 -0.0323836803
v -0.490395993 0.849594533 -0.0259984955
v -0.432334244 0.856115222 -0.0288137458
v -0.470121115 0.820743322 -0.0241843332
v -0.408785284 0.842325926 -0.0148743866
v -0.402458251 0.85034126 -0.0194332637
v -0.544152558 0.79723382 -0.0179945808
v -0.212412223 0.999268115 -0.0266738497
v -0.188217834 0.975687444 -0.0226785056
v -0.139098227 1.05304158 -0.0321382694
v -0.111779213 1.10798228 -0.0347042866
v -0.397740275 0.847872436 -0.0199908949
v -0.371268451 0.88429153 -0.0275616813
v -0.317133486 0.939251781 -0.0319148637
v -0.301714599 0.901776969 -0.0276898071
v -0.360832959 0.848480284 -0.023032682
v -0.266309232 0.944755316 -0.0289391931
v -0.280711085 0.976756513 -0.033320833
v -0.296276301 0.992221415 -0.0293194503
v -0.284496546 0.872164309 -0.00664706854
v -0.325658381 0.830213666 -0.00440592645
v -0.279096663 0.86287719 -4.77221729E-05
v -0.25594607 0.933349371 -0.0124473069
v -0.252110124 0.929127336 -4.77221729E-05
v -0.31742838 0.825939775 -4.77221729E-05
v -0.239314288 0.951520205 -0.0171066318
v -0.243380651 0.925029933 -0.0117859542
v -0.264967591 0.843783021 -0.00183365564
v -0.271374494 0.832570255 -4.77221729E-05
v -0.223796248 0.915837526 -0.0133345937
v -0.210646078 0.937958658 -0.0164492019
v -0.202341363 0.901391983 -0.00515080616
v -0.195853844 0.897023916 -4.77221729E-05
v -0.182470456 0.929972231 -0.00672937091
v -0.174047843 0.927636147 -0.000181599244
v -0.374357909 0.790361404 -4.77221729E-05
v -0.378067285 0.79333663 -0.00444912678
v -0.412991196 0.768762827 -0.00447791442
v -0.410004079 0.768084168 -4.77221729E-05
v -0.455939174 0.72653532 -4.77221729E-05
v -0.445294648 0.742138982 -0.00267646182
v -0.438080728 0.780575335 -4.77221729E-05
v -0.433804303 0.777569056 -0.00530327531
v -0.405181348 0.840566337 -0.01441216
v -0.403275967 0.836479604 -0.0146274613
v -0.424977452 0.771649182 -0.00827376917
v -0.391657352 0.81155926 -0.0159403346
v -0.441863745 0.785317898 -0.00590453018
v -0.47890079 0.756950259 -0.00340575562
v -0.513208389 0.77631551 -0.0167665016
v -0.533716738 0.755169034 -0.0132358111
v -0.550143361 0.780044794 -0.0104530538
v -0.561799884 0.758715868 -0.00621327944
v -0.608623981 0.670015752 -0.00184936053
v -0.507207453 0.735269547 -0.0019187663
v -0.473571926 0.753936231 -4.77222238E-05
v -0.502824664 0.731979668 -4.77221729E-05
v -0.616174936 0.661432028 -4.77221729E-05
v -0.56744349 0.75942868 -4.77221729E-05
v -0.553281903 0.786630988 -4.77221729E-05
v -0.55686295 0.79370892 -0.0148867881
v -0.612130642 0.724045694 -0.00979798567
v -0.676903903 0.760591805 -0.0180859063
v -0.589517057 0.858250737 -0.0234560296
v -0.707439661 0.821803272 -0.00486466708
v -0.61645627 0.910055161 -0.00526218303
v -0.677647948 0.672236621 -0.00561348302
v -0.606996417 0.721148908 -4.77220201E-05
v -0.677696466 0.666468024 -4.77221729E-05
v -0.738462508 0.65508467 -0.00407010503
v -0.735994995 0.648931921 -4.77221729E-05
v -0.807251275 0.628907681 -0.00365795405
v -0.804661751 0.623808563 -4.77221729E-05
v -0.878976822 0.579901397 -0.00441872934
v -0.8725425 0.577130795 -4.77221729E-05
v -0.943132162 0.528590381 -4.77221729E-05
v -0.927642167 0.543096662 -0.00238953531
v -0.900940001 0.591459632 -4.77221729E-05
v -0.896500707 0.588948131 -0.0041834251
v -0.833242238 0.680028319 -0.00490935659
v -0.836803794 0.687027276 -4.77221729E-05
v -0.777521491 0.753596485 -4.77221729E-05
v -0.775159657 0.747581065 -0.00419585733
v -0.710793614 0.828526735 -4.77221729E-05
v -0.619749486 0.916388094 -4.77221729E-05
v -0.887896657 0.584506214 -0.00429895706
v -0.816597223 0.647289872 -0.00747412443
v -0.756087601 0.699509323 -0.0114346994
v -0.579576135 0.943074942 -4.77220201E-05
v -0.529933333 0.976052284 -4.77221729E-05
v -0.443586111 1.00448668 -4.77221729E-05
v -0.36901623 1.02443492 -4.77221729E-05
v -0.316874832 1.05328298 -0.000171230175
v -0.277716428 1.07672548 -0.000822957198
v -0.21385394 1.12013984 -0.00195461628
v -0.181523412 1.15647173 -0.00244450197
v -0.149192899 1.19555998 -0.00262065814
v -0.118732803 1.23873317 -0.00281798956
v -0.100904576 1.26014805 -0.0166871306
v -0.0985989273 1.24386632 -0.0292776506
v -0.0854977891 1.27179599 -0.0167318862
v -0.0868447945 1.26441932 -0.0250065122
v -0.0953011587 1.22312677 -0.0354991183
v -0.0868214369 1.22873664 -0.0345998183
v -0.100036867 1.26499009 -0.00334911677
v -0.0836515203 1.28190672 -0.00539027434
v -0.0831167027 1.16190422 -0.0155312223
v -0.0874262303 1.12872779 -0.0171792153
v -0.0811876655 1.14983261 -0.00241884682
v -0.0853928924 1.12368953 -0.00426843995
v -0.0963075459 1.09576666 -0.0167019125
v -0.0936867297 1.09369743 -0.00415438414
v -0.120099381 1.04002631 -0.0121208616
v -0.11364314 1.0356034 -0.002613561
v -0.163043559 0.957914054 -0.00755492179
v -0.156014889 0.95295161 -0.000529216079
v -0.146500051 1.19441938 0.00692050904
v -0.117394276 1.23639965 0.00858931616
v -0.111527428 1.22617173 0.021684479
v -0.13809447 1.19085908 0.0200386066
v -0.178436473 1.15384185 0.00673137885
v -0.168435454 1.1453222 0.020862231
v -0.0964734629 1.20107555 0.0281848181
v -0.117713504 1.17144799 0.0302108619
v -0.0829818919 1.17853248 0.0301872995
v -0.0957427695 1.14908111 0.0286114495
v -0.142087623 1.12781477 0.0297567192
v -0.198776454 1.10111642 0.021467302
v -0.170656919 1.07416487 0.0284481328
v -0.257332057 1.04875314 0.0232553314
v -0.273960471 1.07157135 0.00636671809
v -0.313072145 1.04720271 0.00557495654
v -0.295592874 1.02029669 0.0235710591
v -0.210967332 1.11649764 0.00587967457
v -0.365752935 1.0204277 0.00445140759
v -0.34366858 0.992478251 0.0244592596
v -0.439844847 0.999579906 0.00430326443
v -0.414556533 0.9664132 0.0264628921
v -0.527831078 0.969457626 0.00554630766
v -0.513437212 0.906147122 0.0234337747
v -0.56549114 0.87337631 0.0233836956
v -0.578003168 0.935828924 0.00533142779
v -0.231974885 1.01833451 0.0310907289
v -0.264972329 0.990183711 0.031826999
v -0.251509815 0.96839577 0.0286903773
v -0.231701821 1.00003695 0.0291438997
v -0.331814378 0.962649763 0.0333029293
v -0.382379115 0.922419727 0.0322882347
v -0.490395993 0.849594533 0.0259030499
v -0.432334244 0.856115222 0.0287182983
v -0.470121115 0.820743322 0.0240888875
v -0.408785284 0.842325926 0.0147789428
v -0.402458251 0.85034126 0.0193378478
v -0.544152558 0.79723382 0.017899137
v -0.212412223 0.999268115 0.0253163651
v -0.188217834 0.975687444 0.0204819702
v -0.139098227 1.05304158 0.0251025818
v -0.111779213 1.10798228 0.0254045203
v -0.397740275 0.847872436 0.0198954511
v -0.371268451 0.88429153 0.0274662338
v -0.317133486 0.939251781 0.0318194218
v -0.301714599 0.901776969 0.0275943633
v -0.360832959 0.848480284 0.0229372345
v -0.266309232 0.944755316 0.0287572201
v -0.280711085 0.976756513 0.0328835472
v -0.296276301 0.992221415 0.0289492812
v -0.284496546 0.872164309 0.0106576392
v -0.325658381 0.830213666 0.00673368899
v -0.279096663 0.86287719 -4.77221729E-05
v -0.25594607 0.933349371 0.0148184765
v -0.252110124 0.929127336 -4.77221729E-05
v -0.31742838 0.825939775 -4.77221729E-05
v -0.239314288 0.951520205 0.0164409224
v -0.243380651 0.925029933 0.0149208931
v -0.264967591 0.843783021 0.00173821114
v -0.271374494 0.832570255 -4.77221729E-05
v -0.223796248 0.915837526 0.0132148461
v -0.210646078 0.937958658 0.0159008577
v -0.202341363 0.901391983 0.00505536236
v -0.195853844 0.897023916 -4.77221729E-05
v -0.182470456 0.929972231 0.00630557397
v -0.174047843 0.927636147 -0.000181599244
v -0.374357909 0.790361404 -4.77221729E-05
v -0.378067285 0.79333663 0.00435368251
v -0.412991196 0.768762827 0.00438247016
v -0.410004079 0.768084168 -4.77221729E-05
v -0.455939174 0.72653532 -4.77221729E-05
v -0.445294648 0.742138982 0.00258101756
v -0.438080728 0.780575335 -4.77221729E-05
v -0.433804303 0.777569056 0.00520783197
v -0.405181348 0.840566337 0.0143167162
v -0.403275967 0.836479604 0.0145320175
v -0.424977452 0.771649182 0.00817832537
v -0.391657352 0.81155926 0.0158448908
v -0.441863745 0.785317898 0.00580908591
v -0.47890079 0.756950259 0.00331031112
v -0.513208389 0.77631551 0.0166710578
v -0.533716738 0.755169034 0.0131403673
v -0.550143361 0.780044794 0.01035761
v -0.561799884 0.758715868 0.00611783611
v -0.608623981 0.670015752 0.00175391615
v -0.507207453 0.735269547 0.0018233218
v -0.473571926 0.753936231 -4.77222238E-05
v -0.502824664 0.731979668 -4.77221729E-05
v -0.616174936 0.661432028 -4.77221729E-05
v -0.56744349 0.75942868 -4.77221729E-05
v -0.553281903 0.786630988 -4.77221729E-05
v -0.55686295 0.79370892 0.0147913443
v -0.612130642 0.724045694 0.00970254187
v -0.676903903 0.760591805 0.0179904625
v -0.589517057 0.858250737 0.0233605839
v -0.707439661 0.821803272 0.00476922281
v -0.61645627 0.910055161 0.00516673923
v -0.677647948 0.672236621 0.00551803922
v -0.606996417 0.721148908 -4.77220201E-05
v -0.677696466 0.666468024 -4.77221729E-05
v -0.738462508 0.65508467 0.00397466123
v -0.735994995 0.648931921 -4.77221729E-05
v -0.807251275 0.628907681 0.00356250955
v -0.804661751 0.623808563 -4.77221729E-05
v -0.878976822 0.579901397 0.00432328554
v -0.8725425 0.577130795 -4.77221729E-05
v -0.943132162 0.528590381 -4.77221729E-05
v -0.927642167 0.543096662 0.00229409104
v -0.900940001 0.591459632 -4.77221729E-05
v -0.896500707 0.588948131 0.0040879813
v -0.833242238 0.680028319 0.00481391232
v -0.836803794 0.687027276 -4.77221729E-05
v -0.777521491 0.753596485 -4.77221729E-05
v -0.775159657 0.747581065 0.00410041353
v -0.710793614 0.828526735 -4.77221729E-05
v -0.619749486 0.916388094 -4.77221729E-05
v -0.887896657 0.584506214 0.0042035128
v -0.816597223 0.647289872 0.00737868063
v -0.756087601 0.699509323 0.0113392556
v -0.579576135 0.943074942 -4.77220201E-05
v -0.529933333 0.976052284 -4.77221729E-05
v -0.443586111 1.00448668 -4.77221729E-05
v -0.36901623 1.02443492 -4.77221729E-05
v -0.316874832 1.05328298 -0.000171230175
v -0.277716428 1.07672548 -0.000822957198
v -0.21385394 1.12013984 -0.00195461628
v -0.181523412 1.15647173 -0.00244450197
v -0.149192899 1.19555998 -0.00262065814
v -0.118732803 1.23873317 -0.00281798956
v -0.0983440652 1.26014805 0.00995028205
v -0.0926518291 1.24386632 0.0225077011
v -0.0823747739 1.27178979 0.00666667009
v -0.0806101486 1.25780678 0.0233307872
v -0.0910834074 1.21887958 0.0285823029
v -0.0814887509 1.21396077 0.0343216881
v -0.100036867 1.26499009 -0.00334911677
v -0.0836515203 1.28190672 -0.00539027434
v -0.0820466205 1.16048884 0.0131616555
v -0.0874262303 1.12876344 0.0104624713
v -0.0811876655 1.14983261 -0.00241884682
v -0.0853928924 1.12368953 -0.00426843995
v -0.0963075459 1.09576666 0.00806896854
v -0.0936867297 1.09369743 -0.00415438414
v -0.120099381 1.04002631 0.00633124588
v -0.11364314 1.0356034 -0.002613561
v -0.163043559 0.957914054 0.00623512967
v -0.156014889 0.95295161 -0.000529216079
v 0.146499649 1.1944195 -0.0127205318
v 0.117393933 1.23639977 -0.0145389689
v 0.113518253 1.22617173 -0.0282653347
v 0.138094112 1.1908592 -0.0266323965
v 0.178436071 1.15384197 -0.0121767987
v 0.168435067 1.14532244 -0.0275487863
v 0.102647051 1.20730865 -0.0352460928
v 0.117713228 1.17144811 -0.0381191112
v 0.0867980346 1.19318473 -0.0322918855
v 0.0957425386 1.14898646 -0.0371087641
v 0.142087296 1.12781477 -0.0381950699
v 0.198776051 1.10111642 -0.0272433087
v 0.170656547 1.07416499 -0.0356155112
v 0.257331729 1.04875314 -0.0259294081
v 0.273960114 1.07157135 -0.00827639364
v 0.313071877 1.04720259 -0.00600386318
v 0.295592666 1.02029657 -0.0243078414
v 0.2109669 1.11649776 -0.0102104088
v 0.365752786 1.02042747 -0.00454685278
v 0.343668461 0.992477953 -0.0245547052
v 0.439844698 0.999579608 -0.00439870963
v 0.414556384 0.966412842 -0.0265583359
v 0.527830899 0.969457209 -0.00564175239
v 0.513436973 0.906146765 -0.0235292222
v 0.565490961 0.873376012 -0.0234791413
v 0.57800287 0.935828507 -0.00542687345
v 0.231974557 1.01833451 -0.0341374166
v 0.264972121 0.990183532 -0.0329049528
v 0.251509637 0.968395591 -0.0295201484
v 0.231701508 1.00003695 -0.0311182756
v 0.331814229 0.962649465 -0.0333983786
v 0.382378995 0.922419429 -0.0323836803
v 0.490395844 0.849594235 -0.0259984955
v 0.432334095 0.856114924 -0.0288137458
v 0.470120966 0.820743024 -0.0241843332
v 0.408785164 0.842325568 -0.0148743875
v 0.402458131 0.850340843 -0.0194332656
v 0.544152379 0.797233462 -0.0179945808
v 0.21241191 0.999268115 -0.0266738497
v 0.188217521 0.975687385 -0.0226785056
v 0.139097854 1.0530417 -0.0321382694
v 0.111778907 1.1079824 -0.0347042866
v 0.397740155 0.847872078 -0.0199908968
v 0.371268332 0.884291232 -0.0275616813
v 0.317133337 0.939251482 -0.0319148637
v 0.30171448 0.901776731 -0.0276898071
v 0.36083284 0.848479986 -0.023032682
v 0.266309083 0.944755137 -0.0289391931
v 0.280710906 0.976756275 -0.033320833
v 0.296276122 0.992221177 -0.0293194503
v 0.284496427 0.872164071 -0.0066470704
v 0.325658262 0.830213428 -0.00440592738
v 0.279096544 0.862876952 -4.77234062E-05
v 0.255945891 0.933349192 -0.0124473078
v 0.252109915 0.929127157 -4.77234062E-05
v 0.317428291 0.825939536 -4.77234062E-05
v 0.239314094 0.951520085 -0.0171066336
v 0.243380472 0.925029814 -0.0117859552
v 0.264967442 0.843782783 -0.0018336568
v 0.271374345 0.832570016 -4.77234062E-05
v 0.223796055 0.915837407 -0.0133345947
v 0.21064584 0.937958598 -0.0164492037
v 0.202341184 0.901391804 -0.00515080802
v 0.195853651 0.897023737 -4.77234062E-05
v 0.182470202 0.929972112 -0.00672937278
v 0.174047604 0.927636087 -0.000181600466
v 0.37435779 0.790361106 -4.77234062E-05
v 0.378067166 0.793336332 -0.00444912771
v 0.412991107 0.768762469 -0.00447791582
v 0.41000396 0.76808387 -4.77234062E-05
v 0.455939025 0.726535022 -4.77234062E-05
v 0.445294529 0.742138684 -0.00267646299
v 0.438080579 0.780575037 -4.77234062E-05
v 0.433804154 0.777568698 -0.00530327717
v 0.405181229 0.840565979 -0.014412161
v 0.403275847 0.836479306 -0.0146274623
v 0.424977332 0.771648824 -0.00827377103
v 0.391657263 0.811558962 -0.0159403365
v 0.441863596 0.7853176 -0.00590453204
v 0.478900641 0.756949961 -0.00340575678
v 0.51320821 0.776315212 -0.0167665016
v 0.533716559 0.755168736 -0.0132358121
v 0.550143182 0.780044436 -0.0104530547
v 0.561799705 0.75871557 -0.00621328084
v 0.608623803 0.670015574 -0.00184936181
v 0.507207274 0.735269248 -0.00191876746
v 0.473571777 0.753935933 -4.77234607E-05
v 0.502824485 0.73197937 -4.77234062E-05
v 0.616174698 0.661431789 -4.77234062E-05
v 0.567443311 0.759428382 -4.77234062E-05
v 0.553281724 0.78663069 -4.77234062E-05
v 0.556862772 0.793708622 -0.014886789
v 0.612130404 0.724045396 -0.00979798753
v 0.676903665 0.760591388 -0.0180859081
v 0.589516878 0.85825038 -0.0234560296
v 0.707439423 0.821802855 -0.00486466801
v 0.616456032 0.910054743 -0.00526218442
v 0.677647591 0.672236264 -0.00561348489
v 0.606996238 0.72114861 -4.77232534E-05
v 0.677696109 0.666467726 -4.77234062E-05
v 0.73846221 0.655084372 -0.00407010643
v 0.735994697 0.648931623 -4.77234062E-05
v 0.807250977 0.628907323 -0.00365795521
v 0.804661453 0.623808265 -4.77234062E-05
v 0.878976405 0.579901099 -0.00441873074
v 0.872542083 0.577130437 -4.77234062E-05
v 0.943131745 0.528590024 -4.77234062E-05
v 0.927641809 0.543096304 -0.0023895367
v 0.900939643 0.591459274 -4.77234062E-05
v 0.896500289 0.588947833 -0.0041834265
v 0.83324194 0.680027902 -0.00490935752
v 0.836803496 0.687026858 -4.77234062E-05
v 0.777521253 0.753596127 -4.77234062E-05
v 0.775159419 0.747580707 -0.00419585872
v 0.710793376 0.828526378 -4.77234062E-05
v 0.619749308 0.916387677 -4.77234062E-05
v 0.88789624 0.584505856 -0.004298958
v 0.816596866 0.647289574 -0.00747412583
v 0.756087422 0.699508965 -0.0114347003
v 0.579575896 0.943074524 -4.77232534E-05
v 0.529933095 0.976051927 -4.77234062E-05
v 0.443585932 1.00448632 -4.77234062E-05
v 0.369016081 1.02443469 -4.77234062E-05
v 0.316874564 1.05328286 -0.000171231397
v 0.2777161 1.07672548 -0.00082295842
v 0.213853523 1.12013996 -0.00195461744
v 0.18152301 1.15647185 -0.00244450336
v 0.149192497 1.1955601 -0.00262065907
v 0.11873246 1.23873329 -0.00281799003
v 0.100904435 1.26014805 -0.0166871306
v 0.0985987857 1.24386632 -0.0292776506
v 0.0854977593 1.27179599 -0.0167318843
v 0.0868447646 1.26441932 -0.0250065122
v 0.0953010172 1.22312677 -0.0354991183
v 0.0868214145 1.22873664 -0.0345998183
v 0.100036711 1.26499009 -0.003349117
v 0.0836514905 1.28190672 -0.0053902748
v 0.0831167027 1.16190422 -0.0155312233
v 0.0874260142 1.12872779 -0.0171792153
v 0.0811876655 1.14983261 -0.00241884682
v 0.0853926763 1.12368953 -0.00426844042
v 0.0963072404 1.09576678 -0.0167019125
v 0.0936864391 1.09369755 -0.00415438507
v 0.120099016 1.04002643 -0.0121208625
v 0.113642775 1.0356034 -0.00261356239
v 0.163043246 0.957913935 -0.00755492365
v 0.156014606 0.95295155 -0.000529217359
v 0.146499649 1.1944195 0.00692050811
v 0.138094112 1.1908592 0.0200386047
v 0.111527041 1.22617173 0.021684479
v 0.117393933 1.23639965 0.00858931523
v 0.178436071 1.15384197 0.00673137791
v 0.168435067 1.14532244 0.020862231
v 0.0964731798 1.20107555 0.0281848181
v 0.117713228 1.17144799 0.0302108619
v 0.0829818398 1.17853248 0.0301872995
v 0.0957425386 1.14908111 0.0286114495
v 0.142087296 1.12781477 0.0297567192
v 0.198776051 1.10111642 0.0214672983
v 0.170656547 1.07416499 0.0284481309
v 0.257331729 1.04875314 0.0232553314
v 0.273960114 1.07157135 0.0063667167
v 0.313071877 1.04720259 0.00557495467
v 0.295592666 1.02029657 0.0235710591
v 0.2109669 1.11649776 0.00587967318
v 0.365752786 1.02042747 0.00445140619
v 0.343668461 0.992477953 0.0244592596
v 0.439844698 0.999579608 0.00430326303
v 0.414556384 0.966412842 0.0264628921
v 0.527830899 0.969457209 0.00554630579
v 0.513436973 0.906146765 0.0234337747
v 0.565490961 0.873376012 0.0233836956
v 0.57800287 0.935828507 0.00533142593
v 0.231974557 1.01833451 0.0310907289
v 0.264972121 0.990183532 0.031826999
v 0.251509637 0.968395591 0.0286903773
v 0.231701508 1.00003695 0.0291438997
v 0.331814229 0.962649465 0.0333029293
v 0.382378995 0.922419429 0.0322882347
v 0.490395844 0.849594235 0.0259030499
v 0.432334095 0.856114924 0.0287182983
v 0.470120966 0.820743024 0.0240888875
v 0.408785164 0.842325568 0.0147789419
v 0.402458131 0.850340843 0.019337846
v 0.544152379 0.797233462 0.017899137
v 0.21241191 0.999268115 0.0253163651
v 0.188217521 0.975687385 0.0204819702
v 0.139097854 1.0530417 0.0251025818
v 0.111778907 1.1079824 0.0254045203
v 0.397740155 0.847872078 0.0198954511
v 0.371268332 0.884291232 0.0274662338
v 0.317133337 0.939251482 0.0318194218
v 0.30171448 0.901776731 0.0275943633
v 0.36083284 0.848479986 0.0229372345
v 0.266309083 0.944755137 0.0287572201
v 0.280710906 0.976756275 0.0328835472
v 0.296276122 0.992221177 0.0289492812
v 0.284496427 0.872164071 0.0106576383
v 0.325658262 0.830213428 0.00673368759
v 0.279096544 0.862876952 -4.77234062E-05
v 0.255945891 0.933349192 0.0148184747
v 0.252109915 0.929127157 -4.77234062E-05
v 0.317428291 0.825939536 -4.77234062E-05
v 0.239314094 0.951520085 0.0164409224
v 0.243380472 0.925029814 0.0149208922
v 0.264967442 0.843782783 0.00173820998
v 0.271374345 0.832570016 -4.77234062E-05
v 0.223796055 0.915837407 0.0132148452
v 0.21064584 0.937958598 0.0159008559
v 0.202341184 0.901391804 0.0050553605
v 0.195853651 0.897023737 -4.77234062E-05
v 0.182470202 0.929972112 0.00630557211
v 0.174047604 0.927636087 -0.000181600466
v 0.37435779 0.790361106 -4.77234062E-05
v 0.378067166 0.793336332 0.00435368158
v 0.412991107 0.768762469 0.00438246876
v 0.41000396 0.76808387 -4.77234062E-05
v 0.455939025 0.726535022 -4.77234062E-05
v 0.445294529 0.742138684 0.00258101639
v 0.438080579 0.780575037 -4.77234062E-05
v 0.433804154 0.777568698 0.00520783011
v 0.405181229 0.840565979 0.0143167144
v 0.403275847 0.836479306 0.0145320166
v 0.424977332 0.771648824 0.00817832351
v 0.391657263 0.811558962 0.015844889
v 0.441863596 0.7853176 0.00580908405
v 0.478900641 0.756949961 0.00331030996
v 0.51320821 0.776315212 0.0166710559
v 0.533716559 0.755168736 0.0131403655
v 0.550143182 0.780044436 0.010357609
v 0.561799705 0.75871557 0.00611783424
v 0.608623803 0.670015574 0.00175391487
v 0.507207274 0.735269248 0.00182332064
v 0.473571777 0.753935933 -4.77234607E-05
v 0.502824485 0.73197937 -4.77234062E-05
v 0.616174698 0.661431789 -4.77234062E-05
v 0.567443311 0.759428382 -4.77234062E-05
v 0.553281724 0.78663069 -4.77234062E-05
v 0.556862772 0.793708622 0.0147913424
v 0.612130404 0.724045396 0.00970254
v 0.676903665 0.760591388 0.0179904606
v 0.589516878 0.85825038 0.0233605839
v 0.707439423 0.821802855 0.00476922188
v 0.616456032 0.910054743 0.00516673736
v 0.677647591 0.672236264 0.00551803736
v 0.606996238 0.72114861 -4.77232534E-05
v 0.677696109 0.666467726 -4.77234062E-05
v 0.73846221 0.655084372 0.00397465983
v 0.735994697 0.648931623 -4.77234062E-05
v 0.807250977 0.628907323 0.00356250838
v 0.804661453 0.623808265 -4.77234062E-05
v 0.878976405 0.579901099 0.00432328414
v 0.872542083 0.577130437 -4.77234062E-05
v 0.943131745 0.528590024 -4.77234062E-05
v 0.927641809 0.543096304 0.00229408965
v 0.900939643 0.591459274 -4.77234062E-05
v 0.896500289 0.588947833 0.00408797991
v 0.83324194 0.680027902 0.00481391139
v 0.836803496 0.687026858 -4.77234062E-05
v 0.777521253 0.753596127 -4.77234062E-05
v 0.775159419 0.747580707 0.00410041213
v 0.710793376 0.828526378 -4.77234062E-05
v 0.619749308 0.916387677 -4.77234062E-05
v 0.88789624 0.584505856 0.00420351187
v 0.816596866 0.647289574 0.00737867877
v 0.756087422 0.699508965 0.0113392537
v 0.579575896 0.943074524 -4.77232534E-05
v 0.529933095 0.976051927 -4.77234062E-05
v 0.443585932 1.00448632 -4.77234062E-05
v 0.369016081 1.02443469 -4.77234062E-05
v 0.316874564 1.05328286 -0.000171231397
v 0.2777161 1.07672548 -0.00082295842
v 0.213853523 1.12013996 -0.00195461744
v 0.18152301 1.15647185 -0.00244450336
v 0.149192497 1.1955601 -0.00262065907
v 0.11873246 1.23873329 -0.00281799003
v 0.0983439237 1.26014805 0.00995028205
v 0.0926516876 1.24386632 0.0225077011
v 0.0823747441 1.27178979 0.00666667102
v 0.0806101188 1.25780678 0.0233307909
v 0.0910832658 1.21887958 0.0285823029
v 0.081488654 1.21396077 0.0343216881
v 0.100036711 1.26499009 -0.003349117
v 0.0836514905 1.28190672 -0.0053902748
v 0.0820466205 1.16048884 0.0131616564
v 0.0874260142 1.12876344 0.0104624694
v 0.0811876655 1.14983261 -0.00241884682
v 0.0853926763 1.12368953 -0.00426844042
v 0.0963072404 1.09576678 0.00806896761
v 0.0936864391 1.09369755 -0.00415438507
v 0.120099016 1.04002643 0.00633124495
v 0.113642775 1.0356034 -0.00261356239
v 0.163043246 0.957913935 0.0062351278
v 0.156014606 0.95295155 -0.000529217359
v -0.0472121052 1.33230257 -0.0527210906
v -0.0565032102 1.3266952 -0.0226328764
v -0.073597692 1.30577362 -0.0113561461
v -0.0586817451 1.31231856 -0.0532181449
v -0.0836515203 1.28190672 -0.00539027434
v -0.0854977891 1.27179599 -0.0167318862
v -0.0600964762 1.30401886 0.0188498441
v -0.0505559035 1.32576346 0.00827389676
v -0.0305693187 1.3253969 0.0300345942
v -0.0375452824 1.30255067 0.0430507474
v -0.0715975463 1.26027882 0.0416869074
v -0.0471677966 1.26460886 0.064569369
v 7.10343048E-15 1.26361322 0.0813929364
v 7.70355205E-15 1.30325449 0.064712368
v -0.0823747739 1.27178979 0.00666667009
v -0.0806101486 1.25780678 0.0233307872
v 5.91368461E-15 1.22522974 0.0916454867
v -0.0504627563 1.2280004 0.0756666437
v -0.0743853226 1.22521102 0.0484957099
v -0.0814887509 1.21396077 0.0343216881
v 4.13467698E-15 1.18981624 0.0957591608
v -0.0517533049 1.19566536 0.0803673789
v -0.0746093392 1.19918561 0.0537586957
v 8.8900902E-15 1.32557571 0.0485848263
v 2.71156867E-15 1.1612879 0.0967342556
v -0.0493415669 1.1662457 0.0818039849
v -1.11613622E-17 1.12720001 0.0933427513
v -0.0748333484 1.18016744 0.050933145
v -0.0444091409 1.13299334 0.0796364397
v -0.0733675808 1.14824533 0.0470911525
v -0.078907609 1.16958201 0.0364265665
v -0.0788658634 1.15523398 0.0295287594
v -0.0820466205 1.16048884 0.0131616555
v -0.0811876655 1.14983261 -0.00241884682
v -0.0787243545 1.14064312 0.0216257665
v -0.0770884529 1.13370979 0.0106210941
v -0.0806525424 1.13823032 -0.00289603206
v -0.0829818919 1.17853248 0.0301872995
v -0.0704139099 1.13240218 0.0456703752
v -0.0387603082 1.1014396 0.074746348
v -2.04058707E-15 1.09611201 0.084718518
v -6.52283608E-16 1.06718004 0.0763062313
v -0.065378122 1.11241138 0.042660635
v -0.0780270249 1.12929499 -0.00305843609
v -0.054654073 1.07886529 0.038808018
v -0.0359473266 1.07076454 0.0653051212
v -0.0619107708 1.08681989 0.00550622819
v -0.0722130239 1.13834727 -0.0378657989
v -0.0585833192 1.09732068 -0.0261850711
v -0.0417442918 1.14467299 -0.0679378957
v -0.0334847644 1.1036526 -0.0554129556
v -2.01927276E-15 1.14698923 -0.0788784325
v -6.38060761E-16 1.10557866 -0.0632426441
v -0.0439540818 1.16663432 -0.0742842779
v -0.0788099617 1.16298485 -0.0437064059
v 1.18895717E-15 1.16511929 -0.0879956111
v 8.63151137E-15 1.18436837 -0.0966602787
v -0.0445436165 1.18975258 -0.0801657066
v -0.0542682558 1.19021273 -0.0741142705
v -0.0138449799 1.20984054 -0.0956509486
v -0.021901723 1.23103094 -0.0941117182
v -0.0422260612 1.23070586 -0.086982362
v -0.0133665781 1.252388 -0.0964835212
v -0.0392556936 1.27219605 -0.0846529678
v 8.29781173E-15 1.27511168 -0.102053232
v 7.71622451E-15 1.31627393 -0.095036298
v -0.0363585763 1.31505048 -0.0759572834
v -0.0576837175 1.26937973 -0.0706696808
v 8.90036641E-15 1.33522856 -0.0842376128
v -0.0280843582 1.3346591 -0.0707643703
v -0.0761120915 1.26695848 -0.0554204136
v -0.0586687215 1.23116946 -0.0707149282
v -0.0818193406 1.22956908 -0.0530254729
v -0.0868214369 1.22873664 -0.0345998183
v -0.0868447945 1.26441932 -0.0250065122
v -0.0867980868 1.19318473 -0.0322918855
v -0.0817326754 1.1914717 -0.0492698103
v -0.0831167027 1.16190422 -0.0155312223
v -0.0801840499 1.14554858 -0.0233763754
v -0.0881560892 1.17572212 0.0328031145
v -0.091845423 1.1885097 0.0385473594
v -0.102202125 1.15792131 0.041227378
v -0.0882937238 1.19153214 0.0469934866
v -0.0861877799 1.18066406 0.049311392
v -0.0861189514 1.16516471 0.0392340422
v -0.0743853226 1.22521102 0.0484957099
v -0.0746093392 1.19918561 0.0537586957
v -0.0829818919 1.17853248 0.0301872995
v -0.078907609 1.16958201 0.0364265665
v -0.0814887509 1.21396077 0.0343216881
v -0.0748333484 1.18016744 0.050933145
v -0.0840818286 1.17230916 0.0481098481
v -0.0861189514 1.16516471 0.0392340422
v -0.078907609 1.16958201 0.0364265665
v 0.0472121052 1.33230257 -0.0527210906
v 0.0586817451 1.31231856 -0.0532181449
v 0.073597692 1.30577362 -0.0113561461
v 0.0565032102 1.3266952 -0.0226328764
v 0.0836514905 1.28190672 -0.0053902748
v 0.0854977593 1.27179599 -0.0167318843
v 0.0600964762 1.30401886 0.0188498441
v 0.0505559035 1.32576346 0.00827389676
v 0.0305693187 1.3253969 0.0300345942
v 0.0375452824 1.30255067 0.0430507474
v 0.0715975463 1.26027882 0.0416869074
v 0.0471677966 1.26460886 0.064569369
v 7.10343048E-15 1.26361322 0.0813929364
v 7.70355205E-15 1.30325449 0.064712368
v 0.0823747441 1.27178979 0.00666667102
v 0.0806101188 1.25780678 0.0233307909
v 5.91368461E-15 1.22522974 0.0916454867
v 0.0504627563 1.2280004 0.0756666437
v 0.0743853226 1.22521102 0.0484957099
v 0.081488654 1.21396077 0.0343216881
v 4.13467698E-15 1.18981624 0.0957591608
v 0.0517533049 1.19566536 0.0803673789
v 0.0746093392 1.19918561 0.0537586957
v 8.8900902E-15 1.32557571 0.0485848263
v 2.71156867E-15 1.1612879 0.0967342556
v 0.0493415669 1.1662457 0.0818039849
v 0.0748333484 1.18016744 0.050933145
v 0.0444091409 1.13299334 0.0796364397
v -1.11613622E-17 1.12720001 0.0933427513
v 0.0733675808 1.14824533 0.0470911525
v 0.0387603082 1.1014396 0.074746348
v 0.0704139099 1.13240218 0.0456703715
v 0.065378122 1.11241138 0.042660635
v 0.054654073 1.07886529 0.038808018
v 0.0780270249 1.12929499 -0.00305843656
v 0.0619107708 1.08681989 0.00550622819
v 0.0722130239 1.13834727 -0.0378657989
v 0.0585833192 1.09732068 -0.026185073
v 0.0417442918 1.14467299 -0.0679378957
v 0.0334847644 1.1036526 -0.0554129556
v -2.01927276E-15 1.14698923 -0.0788784325
v -6.38060761E-16 1.10557866 -0.0632426441
v 0.0439540818 1.16663432 -0.0742842853
v 0.0788099617 1.16298485 -0.0437064059
v 1.18895717E-15 1.16511929 -0.0879956111
v 8.63151137E-15 1.18436837 -0.0966602787
v 0.0445438325 1.18975258 -0.0801657066
v 0.0542684682 1.19021273 -0.0741142705
v 0.0138449799 1.20984054 -0.0956509486
v 0.021901723 1.23103094 -0.0941117182
v 0.0422265045 1.23070574 -0.086982362
v 0.0133665781 1.252388 -0.0964835212
v 0.0392562672 1.27219605 -0.0846529678
v 8.29781173E-15 1.27511168 -0.102053232
v 7.71622451E-15 1.31627393 -0.095036298
v 0.0363585763 1.31505048 -0.0759572834
v 0.0576843619 1.26937962 -0.0706696808
v 8.90036641E-15 1.33522856 -0.0842376128
v 0.0280843582 1.3346591 -0.0707643703
v 0.0761120915 1.26695848 -0.0554204136
v 0.0586691648 1.23116934 -0.0707149208
v 0.0818193406 1.22956908 -0.0530254729
v 0.0868214145 1.22873664 -0.0345998183
v 0.0868447646 1.26441932 -0.0250065122
v 0.0867980346 1.19318473 -0.0322918855
v 0.0817326754 1.1914717 -0.0492698103
v 0.0831167027 1.16190422 -0.0155312233
v 0.0801840499 1.14554858 -0.023376381
v 0.0806525424 1.13823032 -0.00289603672
v 0.0770884529 1.13370979 0.0106210895
v 0.0811876655 1.14983261 -0.00241884682
v 0.0787243545 1.14064312 0.0216257609
v 0.0788658634 1.15523398 0.0295287594
v 0.0820466205 1.16048884 0.0131616564
v 0.078907609 1.16958201 0.0364265665
v 0.0829818398 1.17853248 0.0301872995
v 0.0359473266 1.07076454 0.0653051212
v -6.52283608E-16 1.06718004 0.0763062313
v -2.04058707E-15 1.09611201 0.084718518
v 0.0330489241 1.0340265 0.0538852811
v 0.00587548129 1.03217065 0.059938293
v -6.52283608E-16 1.06718004 0.0763062313
v -0.0359473266 1.07076454 0.0653051212
v -0.0206138846 1.03143251 0.0477400944
v -0.054654073 1.07886529 0.038808018
v 0.0123675289 0.998004198 0.035216935
v -0.0103772217 0.99921447 0.0288822092
v -0.0360859223 1.03538561 0.0283365101
v -0.0619107708 1.08681989 0.00550622819
v -0.0416668281 1.04101419 0.00554898288
v -0.0585833192 1.09732068 -0.0261850711
v -0.0383721478 1.04670584 -0.0167762954
v -0.0334847644 1.1036526 -0.0554129556
v -0.0198619105 1.04865098 -0.0337554067
v -6.38060761E-16 1.10557866 -0.0632426441
v -0.0257133879 1.00131571 0.0121550262
v -0.0342454463 1.00289237 -0.00829333067
v -0.0290479846 1.00596774 -0.0301976632
v -0.0182642154 1.00822759 -0.0406267196
v 0.00340365525 1.04920244 -0.0442811288
v 0.00255379244 1.0111562 -0.0481482446
v -0.020864429 0.981390893 0.000723166682
v -0.00390097103 0.98330313 0.0168069396
v -0.0310216807 0.980438888 -0.0164442211
v -0.0295943972 0.977927744 -0.0365143418
v -0.0177511033 0.979996085 -0.0452370308
v 0.00250080461 0.978672028 -0.0516345687
v -0.0305620451 0.95381099 -0.0225958582
v -0.0170893148 0.959173262 -0.00527389208
v -0.0136420438 0.920532048 -0.00813458487
v -0.0315410271 0.918625951 -0.0209218618
v -0.0321530066 0.879729152 -0.0106839277
v -0.0463385507 0.884719729 -0.0278177056
v -0.00784417521 0.870811522 -0.00491143437
v 0.0124025019 0.892419696 0.00953481253
v 0.0077361213 0.932672083 0.00367929181
v 0.0326568037 0.9354406 0.00557348318
v 0.0398196317 0.898233116 0.00114720839
v 0.0594978034 0.904599667 0.00827767514
v 0.0532444715 0.937204421 0.00197184714
v 0.0684545934 0.93397069 -0.00520106498
v 0.0785441995 0.902854145 0.00620684261
v -0.0374769121 0.916168213 -0.0359158292
v 0.0250281692 0.964048445 0.0121067483
v 0.0454904549 0.962751389 0.0040551573
v 0.00157942262 0.959213912 0.00986281037
v 0.0577888079 0.960926056 -0.00794106349
v 0.0193780754 0.983173668 0.0213915873
v 0.0338508412 0.99953407 0.0274610743
v 0.042707298 1.03910434 0.0256820749
v 0.0430354364 1.00384104 0.00564863766
v 0.046059411 1.04270661 -0.000233780433
v 0.0619107708 1.08681989 0.00550622819
v 0.054654073 1.07886529 0.038808018
v 0.0585833192 1.09732068 -0.026185073
v 0.0399465114 1.04702365 -0.025124358
v 0.0251060743 1.04876029 -0.0403135493
v 0.0449580699 1.00748312 -0.0148676094
v 0.0379458815 1.00953948 -0.0365722366
v 0.0221408345 1.0110718 -0.0456489064
v 0.00340365525 1.04920244 -0.0442811288
v 0.00255379244 1.0111562 -0.0481482446
v 0.0228589345 0.978914797 -0.0490946323
v 0.00250080461 0.978672028 -0.0516345687
v 0.0385843217 0.979430139 -0.0423842035
v 0.0471991859 0.981821775 -0.0254701171
v 0.0489457771 0.983603776 -0.00291246967
v 0.0387387425 0.983249187 0.0138646169
v 0.0516792461 0.953926384 -0.0293243378
v 0.0684545934 0.93397069 -0.00520106498
v 0.0564556867 0.927443802 -0.0265301093
v 0.0785441995 0.902854145 0.00620684261
v 0.0638815165 0.899323642 -0.0143963192
v 0.0408404358 0.92361331 -0.0369107313
v 0.0398196317 0.898233116 0.00114720839
v 0.0241412986 0.885549903 -0.0313545689
v 0.0243601669 0.919217408 -0.0456451178
v -1.48967629E-05 0.907865047 -0.0448226221
v -0.00784417521 0.870811522 -0.00491143437
v 0.0399650037 0.948797524 -0.0416329801
v 0.0242621396 0.946882963 -0.0491424017
v 0.00224960945 0.946398735 -0.0519486479
v 0.0881560892 1.17572212 0.0328031145
v 0.102202125 1.15792131 0.041227378
v 0.091845423 1.1885097 0.0385473594
v 0.0882937238 1.19153214 0.0469934866
v 0.0861877799 1.18066406 0.049311392
v 0.0861189514 1.16516471 0.0392340422
v 0.0743853226 1.22521102 0.0484957099
v 0.0746093392 1.19918561 0.0537586957
v 0.0829818398 1.17853248 0.0301872995
v 0.078907609 1.16958201 0.0364265665
v 0.081488654 1.21396077 0.0343216881
v 0.0748333484 1.18016744 0.050933145
v 0.0840818286 1.17230916 0.0481098481
v 0.0861189514 1.16516471 0.0392340422
v 0.078907609 1.16958201 0.0364265665
v -0.0212601963 0.917482257 -0.0439358838
v -0.0220991988 0.880348444 -0.0347740091
v -1.48967629E-05 0.907865047 -0.0448226221
v -0.0374769121 0.916168213 -0.0359158292
v -0.0463385507 0.884719729 -0.0278177056
v -0.00784417521 0.870811522 -0.00491143437
v -0.0186682194 0.948926628 -0.0464001261
v 0.00224960945 0.946398735 -0.0519486479
v -0.0337330103 0.948831558 -0.0383717753
v -0.0337330103 0.948831558 -0.0383717753
v -0.0397448651 0.0638717338 -0.0229413863
v 0.00894798711 0.00902440306 -0.0318470001
v -0.0275963284 0.06662862 -0.0266229976
v -0.0530751795 0.0860930607 -0.0180373304
v -0.0387082621 0.0893655941 -0.0222735275
v -0.0154978121 0.0647830069 -0.0216958616
v -0.0246503968 0.0876395032 -0.0173950028
v -0.0654422343 0.114196271 -0.0104721105
v -0.0497728623 0.116560094 -0.016677944
v -0.0770805255 0.142867759 -0.00400357647
v -0.060950432 0.144593567 -0.0106345117
v -0.0342021994 0.115102157 -0.0100575862
v -0.0429875925 0.14393045 -0.00391285447
v -0.0890598819 0.180422992 0.00379888644
v -0.0719601437 0.181267932 -0.00208316091
v -0.0990079939 0.208474427 0.0106390687
v -0.0793106407 0.210771248 0.00631438848
v -0.0509683453 0.181319386 0.00431180326
v -0.0567378402 0.213205412 0.0139789581
v -0.10803616 0.249938667 0.0227284301
v -0.085197106 0.254491955 0.0222245064
v -0.108291231 0.286084145 0.037217956
v -0.0862387568 0.286873609 0.0339593627
v -0.0603206754 0.253912836 0.0303158723
v -0.0595587753 0.286620528 0.044594802
v -0.0826016217 0.325154573 0.0407521017
v -0.0544453114 0.321529925 0.0539021902
v -0.0740291178 0.364755094 0.0391409062
v -0.0901828855 0.36811763 0.0423097014
v -0.101345696 0.328408957 0.0443078354
v -0.0451003462 0.355819434 0.0554348901
v -0.0788471848 0.399917811 0.0361705571
v -0.0550219901 0.39697659 0.0328262411
v -0.0345575623 0.42443347 0.0282665119
v -0.0601070486 0.429002255 0.0312142298
v -0.0396577306 0.456982821 0.0285183638
v 0.00111194584 0.452724248 0.0237514079
v -0.0102386624 0.491566688 0.0233577602
v 0.0244980901 0.488033295 0.0161843095
v -0.0154524622 0.421849787 0.0316392779
v -0.0369544625 0.386688262 0.0503395312
v 0.0194054078 0.528255701 0.016839942
v 0.0453332663 0.526352763 0.0066295811
v 0.0542133227 0.489532232 0.0341819376
v 0.0270783529 0.454309613 0.0397956595
v 0.00125639245 0.452709109 0.0237403009
v -0.00604553847 0.421262652 0.0338864401
v 0.0220816582 0.423012465 0.0489826947
v -0.00941536389 0.388634026 0.0444865152
v -0.0369544625 0.386688262 0.0503395312
v -0.00779881421 0.353691787 0.0557782389
v 0.0166449845 0.393243432 0.0577818267
v 0.0141414376 0.358189166 0.0675289631
v -0.0315467678 0.352563798 0.0618690364
v 0.0802828968 0.528636992 0.021645695
v 0.0468022972 0.572180569 0.00302969664
v 0.0654260442 0.570057273 -0.00870205462
v 0.0657131076 0.619940639 -0.0160216857
v 0.0865063816 0.619905472 -0.0253471136
v 0.0747391656 0.681253672 -0.0198721085
v 0.0947128013 0.680791855 -0.0302586462
v 0.071901612 0.746618152 -0.0126018226
v 0.0980275869 0.746597111 -0.0235082675
v 0.0668318197 0.792324066 -0.00541821355
v 0.0921157375 0.792265475 -0.0105941519
v 0.0549746491 0.841120839 0.000304915331
v 0.0781131163 0.846890032 -0.00222651055
v 0.0398196317 0.898233116 0.00114720839
v 0.0638815165 0.899323642 -0.0143963192
v 0.10267657 0.572045863 0.00669276947
v 0.120597005 0.619940639 -0.00783522613
v 0.128223896 0.680609286 -0.0138037074
v 0.126067922 0.746819496 -0.0110181654
v 0.114347763 0.792129636 0.00166752527
v 0.0964016914 0.848574281 0.0107656773
v 0.0785441995 0.902854145 0.00620684261
v 0.0456101373 0.0910575464 -0.0412992947
v 0.0460472479 0.0151945287 -0.0572903678
v 0.0538013019 0.0878322497 -0.037297979
v 0.0463599339 0.129164919 -0.0315049626
v 0.0574440174 0.124953628 -0.0266729854
v 0.0374307111 0.0883851796 -0.0369227342
v 0.0353268906 0.125585243 -0.0264052246
v 0.0328176618 0.167496428 -0.0141012287
v 0.0466485508 0.171670407 -0.0191754308
v 0.029369941 0.202087879 -0.00382844289
v 0.0456395485 0.205754787 -0.0106130801
v 0.060609486 0.166868478 -0.0135533046
v 0.0620478839 0.201403797 -0.00429602806
v 0.0239497088 0.242019147 0.00515364157
v 0.0436156318 0.246300802 -0.000764759141
v 0.01640727 0.289629191 0.0139990849
v 0.0412380211 0.290282577 0.007760874
v 0.0635235086 0.24146755 0.00459691882
v 0.0663261041 0.289073527 0.0131248888
v 0.0370823145 0.344927251 0.00522354245
v 0.0654771775 0.345698804 0.0118272426
v 0.0280824415 0.395026743 -0.00370054017
v 0.0590189882 0.39521578 0.00542896148
v 0.00907497015 0.346236974 0.013048185
v -0.00246765255 0.395833492 0.0024038807
v -0.0127170449 0.450895488 -0.013564039
v 0.0190645587 0.449927092 -0.0201219749
v -0.0183643978 0.503996372 -0.0282059927
v 0.0133063374 0.5021016 -0.0343581662
v -0.0217335019 0.535435259 -0.0359795317
v 0.0104052648 0.531451583 -0.0428959988
v 0.0454027578 0.503456891 -0.0213874225
v 0.0402196907 0.531659245 -0.029812634
v 0.0523945168 0.45036605 -0.00770805869
v 0.00625905721 0.573011339 -0.0565207154
v 0.032566566 0.575448692 -0.0429229401
v 0.00353773031 0.630732656 -0.0743443593
v 0.0295875501 0.633009017 -0.061937172
v 0.00533957034 0.698947132 -0.0748145953
v 0.0297355317 0.69920224 -0.0596598201
v 0.00980959833 0.752327323 -0.0530084819
v 0.0323643051 0.752343953 -0.0396762341
v 0.0179470982 0.794897079 -0.0322894529
v 0.0406996422 0.794328272 -0.0239295326
v 0.0218368862 0.841367483 -0.0229253341
v 0.0431263 0.847153306 -0.00965626072
v 0.0241412986 0.885549903 -0.0313545689
v 0.0398196317 0.898233116 0.00114720839
v -0.0260205194 0.630203664 -0.0672927275
v -0.0260081496 0.575724781 -0.049170427
v -0.0244580004 0.699130833 -0.0687385425
v -0.0181533042 0.752365887 -0.0471852757
v -0.0103631578 0.794415176 -0.0281826463
v -0.00590219488 0.836002231 -0.0130104218
v -0.00784417521 0.870811522 -0.00491143437
v 0.106456757 0.113739915 -0.0955402553
v 0.099466458 0.0812883005 -0.11162807
v 0.107215174 0.0770102963 -0.108014211
v 0.118937463 0.109454937 -0.0917510465
v 0.107329756 0.140961394 -0.0830601081
v 0.123362891 0.136746094 -0.0780278593
v 0.0830989555 0.0295967646 -0.134828106
v 0.0913619325 0.0774822906 -0.108635463
v 0.0935238972 0.110487126 -0.0922198594
v 0.0908885971 0.13787207 -0.0790558159
v 0.083640784 0.164819613 -0.0653394014
v 0.104030594 0.167062923 -0.0703121945
v 0.0720602721 0.195689946 -0.052027788
v 0.0966743529 0.19715336 -0.0575146042
v 0.124178529 0.163590863 -0.0653415844
v 0.121268086 0.194047123 -0.0525986962
v 0.0558135584 0.227463648 -0.037356019
v 0.0836830512 0.228231564 -0.0433687717
v 0.0261888299 0.284547061 -0.0192699414
v 0.0551872104 0.2867091 -0.0256700013
v 0.111699805 0.225634098 -0.0384998061
v 0.0845607072 0.284392387 -0.021175852
v 0.0196898878 0.345423222 -0.0209365338
v 0.0516666584 0.344775736 -0.0156619772
v -0.0128684128 0.392377317 -0.0257915594
v 0.0199212488 0.392186075 -0.0209510531
v -0.0119174914 0.343538165 -0.0145916594
v -0.0453894511 0.391230643 -0.0204287134
v -0.0388977714 0.431652397 -0.0341741927
v -0.00647623837 0.431092471 -0.0285480469
v -0.059387695 0.463868052 -0.0412963182
v -0.0286515206 0.464110255 -0.0339438021
v -0.089985244 0.465194553 -0.0342707485
v -0.071108371 0.431695133 -0.0286538787
v -0.078490898 0.508526325 -0.050841406
v -0.0495720096 0.508133709 -0.0414058194
v -0.0860076696 0.543148041 -0.0594795756
v -0.0574928634 0.54394418 -0.0505672246
v -0.114389859 0.544618011 -0.0504899621
v -0.107205525 0.509421051 -0.0414039493
v -0.121174112 0.580367744 -0.0597006492
v -0.0931058675 0.578552067 -0.068480663
v -0.120406494 0.632692993 -0.0760909319
v -0.0906687751 0.629871786 -0.0830098316
v -0.0649726391 0.580207527 -0.0597460978
v -0.0621781908 0.632817447 -0.0765798092
v -0.0835076571 0.702084541 -0.0877191871
v -0.0553841814 0.702585638 -0.0818916559
v -0.0731272325 0.755023956 -0.0785897747
v -0.0427605957 0.754752636 -0.0686673224
v -0.0584828258 0.797920644 -0.0614543706
v -0.027680425 0.797143996 -0.0499108769
v -0.0374066271 0.83888036 -0.043051891
v -0.0182302557 0.833977401 -0.0240486171
v -0.0220991988 0.880348444 -0.0347740091
v -0.00784417521 0.870811522 -0.00491143437
v -0.111810893 0.702514708 -0.0819293484
v -0.0999419838 0.754105508 -0.0708315894
v -0.0854571685 0.796540916 -0.0537280068
v -0.0648392066 0.841030955 -0.037800286
v -0.0463385507 0.884719729 -0.0278177056
v 0.0145993251 0.327017963 0.0713701397
v -0.00431120908 0.325173706 0.0615796447
v -8.8273031E-05 0.297873884 0.0623763204
v 0.0164926238 0.300899237 0.0700873807
v -0.0259779859 0.320007443 0.0656950921
v -0.0196077097 0.292729199 0.0674580112
v 0.00440541096 0.278627574 0.0592944622
v 0.0196534041 0.28223756 0.0671513826
v 0.0128937345 0.254836529 0.0539400764
v -0.0132246492 0.272918761 0.0641873181
v -0.00403890107 0.250154555 0.0596699901
v 0.0257962644 0.257955432 0.0599800721
v 0.0210040212 0.227306291 0.0498754904
v 0.0338392779 0.229358941 0.0538483374
v 0.0314994156 0.203006983 0.0483598262
v 0.0411728024 0.206201255 0.0509791821
v 0.00802778918 0.225661233 0.0559257492
v 0.0231921952 0.202988759 0.0529301018
v 0.0488997549 0.184805542 0.0488336422
v 0.0425578579 0.182747304 0.0463496149
v 0.0526743457 0.167530015 0.046631746
v 0.0391701274 0.181685165 0.049723316
v -0.0397448651 0.0638717338 -0.0229413863
v -0.0276463889 0.062021479 -0.0176514853
v 0.00894798711 0.00902440306 -0.0318470001
v -0.0530751795 0.0860930607 -0.0180373304
v -0.0389828794 0.0844411254 -0.0125820534
v -0.0154978121 0.0647830069 -0.0216958616
v -0.0246503968 0.0876395032 -0.0173950028
v -0.0498715006 0.112747565 -0.00642250339
v -0.0342021994 0.115102157 -0.0100575862
v -0.060154818 0.141698658 0.00152646902
v -0.0770805255 0.142867759 -0.00400357647
v -0.0654422343 0.114196271 -0.0104721105
v -0.0429875925 0.14393045 -0.00391285447
v -0.0702856928 0.179398209 0.0101685049
v -0.0509683453 0.181319386 0.00431180326
v -0.0784489214 0.209535256 0.0182040799
v -0.0990079939 0.208474427 0.0106390687
v -0.0890598819 0.180422992 0.00379888644
v -0.0567378402 0.213205412 0.0139789581
v -0.0852520987 0.252952576 0.0336964279
v -0.0603206754 0.253912836 0.0303158723
v -0.0853247121 0.284736186 0.0473738126
v -0.108291231 0.286084145 0.037217956
v -0.10803616 0.249938667 0.0227284301
v -0.0595587753 0.286620528 0.044594802
v -0.079604134 0.32424739 0.0541251376
v -0.0544453114 0.321529925 0.0539021902
v -0.0451003462 0.355819434 0.0554348901
v -0.0692503527 0.361429214 0.0543752424
v -0.0901828855 0.36811763 0.0423097014
v -0.101345696 0.328408957 0.0443078354
v -0.0788471848 0.399917811 0.0361705571
v -0.0567836948 0.396280169 0.0485846512
v -0.0601070486 0.429002255 0.0312142298
v -0.0394235514 0.425373226 0.0444714315
v -0.0396577306 0.456982821 0.0285183638
v -0.0169530846 0.456321448 0.039815601
v -0.0102386624 0.491566688 0.0233577602
v 0.0167512577 0.492792606 0.0327789672
v 0.0194054078 0.528255701 0.016839942
v 0.0449754745 0.530450404 0.0239599552
v 0.0542133227 0.489532232 0.0341819376
v -0.00419818191 0.456188679 0.043135155
v 0.0270783529 0.454309613 0.0397956595
v -0.0233283322 0.423264623 0.0490600429
v 0.0220816582 0.423012465 0.0489826947
v -0.0149204088 0.390705049 0.0613650493
v -0.0369544625 0.386688262 0.0503395312
v -0.0117023969 0.354988992 0.0720568523
v 0.0166449845 0.393243432 0.0577818267
v 0.0141414376 0.358189166 0.0675289631
v -0.0315467678 0.352563798 0.0618690364
v 0.0802828968 0.528636992 0.021645695
v 0.0468022972 0.572180569 0.00302969664
v 0.0692382678 0.574691117 0.00939038396
v 0.0657131076 0.619940639 -0.0160216857
v 0.0861455053 0.621749341 -0.00539622176
v 0.0747391656 0.681253672 -0.0198721085
v 0.0946276039 0.681478083 -0.0094958609
v 0.071901612 0.746618152 -0.0126018226
v 0.0974125266 0.746439278 -0.00607584417
v 0.0668318197 0.792324066 -0.00541821355
v 0.0884799138 0.792435884 0.00604467839
v 0.0549746491 0.841120839 0.000304915331
v 0.0726736784 0.845877588 0.0180456024
v 0.0398196317 0.898233116 0.00114720839
v 0.0594978034 0.904599667 0.00827767514
v 0.10267657 0.572045863 0.00669276947
v 0.120597005 0.619940639 -0.00783522613
v 0.128223896 0.680609286 -0.0138037074
v 0.126067922 0.746819496 -0.0110181654
v 0.114347763 0.792129636 0.00166752527
v 0.0964016914 0.848574281 0.0107656773
v 0.0785441995 0.902854145 0.00620684261
v 0.0456218757 0.0851819664 -0.0334915891
v 0.0538013019 0.0878322497 -0.037297979
v 0.0460472479 0.0151945287 -0.0572903678
v 0.0464116521 0.122571364 -0.02229839
v 0.0574440174 0.124953628 -0.0266729854
v 0.0353268906 0.125585243 -0.0264052246
v 0.0374307111 0.0883851796 -0.0369227342
v 0.0467785932 0.165364236 -0.00787938293
v 0.060609486 0.166868478 -0.0135533046
v 0.0457728244 0.200506851 0.000736070157
v 0.0620478839 0.201403797 -0.00429602806
v 0.029369941 0.202087879 -0.00382844289
v 0.0328176618 0.167496428 -0.0141012287
v 0.0438575819 0.240519524 0.0110818511
v 0.0635235086 0.24146755 0.00459691882
v 0.0414953642 0.29298687 0.023227198
v 0.0663261041 0.289073527 0.0131248888
v 0.0374698266 0.347405225 0.0227805991
v 0.0654771775 0.345698804 0.0118272426
v 0.0284949392 0.397936165 0.0129283853
v 0.0590189882 0.39521578 0.00542896148
v -0.00246765255 0.395833492 0.0024038807
v 0.00907497015 0.346236974 0.013048185
v 0.01640727 0.289629191 0.0139990849
v 0.0239497088 0.242019147 0.00515364157
v 0.0194749609 0.452783793 -0.00294956379
v 0.0523945168 0.45036605 -0.00770805869
v 0.0137320207 0.505782604 -0.0168285538
v 0.0454027578 0.503456891 -0.0213874225
v 0.0107688773 0.537468016 -0.0264331177
v 0.0402196907 0.531659245 -0.029812634
v -0.0217335019 0.535435259 -0.0359795317
v -0.0183643978 0.503996372 -0.0282059927
v -0.0127170449 0.450895488 -0.013564039
v 0.00648377649 0.578319252 -0.0404640585
v 0.032566566 0.575448692 -0.0429229401
v 0.00358469505 0.632811904 -0.0557307899
v 0.0295875501 0.633009017 -0.061937172
v 0.00529786991 0.698304951 -0.0525145344
v 0.0297355317 0.69920224 -0.0596598201
v 0.00973697659 0.752657235 -0.0326596908
v 0.0323643051 0.752343953 -0.0396762341
v 0.0136763919 0.793944538 -0.0135496538
v 0.0406996422 0.794328272 -0.0239295326
v 0.0143980412 0.838687718 0.00579017587
v 0.0431263 0.847153306 -0.00965626072
v 0.0124025019 0.892419696 0.00953481253
v 0.0398196317 0.898233116 0.00114720839
v -0.00784417521 0.870811522 -0.00491143437
v -0.00590219488 0.836002231 -0.0130104218
v -0.0103631578 0.794415176 -0.0281826463
v -0.0181533042 0.752365887 -0.0471852757
v -0.0244580004 0.699130833 -0.0687385425
v -0.0260205194 0.630203664 -0.0672927275
v -0.0260081496 0.575724781 -0.049170427
v 0.106004611 0.106202044 -0.0876202956
v 0.118937463 0.109454937 -0.0917510465
v 0.107215174 0.0770102963 -0.108014211
v 0.099110648 0.0755089968 -0.104359232
v 0.106966771 0.133664638 -0.0735846385
v 0.123362891 0.136746094 -0.0780278593
v 0.0830989555 0.0295967646 -0.134828106
v 0.0908885971 0.13787207 -0.0790558159
v 0.0935238972 0.110487126 -0.0922198594
v 0.0913619325 0.0774822906 -0.108635463
v 0.103788704 0.161091208 -0.0601214394
v 0.124178529 0.163590863 -0.0653415844
v 0.0966550782 0.192432806 -0.0469418988
v 0.121268086 0.194047123 -0.0525986962
v 0.0720602721 0.195689946 -0.052027788
v 0.083640784 0.164819613 -0.0653394014
v 0.0838303268 0.224868864 -0.0324898884
v 0.111699805 0.225634098 -0.0384998061
v 0.0555623323 0.282230496 -0.0147758378
v 0.0845607072 0.284392387 -0.021175852
v 0.0200592782 0.34289065 -0.00931710005
v 0.0516666584 0.344775736 -0.0156619772
v -0.0125850635 0.391815722 -0.0135349566
v 0.0199212488 0.392186075 -0.0209510531
v -0.0453894511 0.391230643 -0.0204287134
v -0.0119174914 0.343538165 -0.0145916594
v 0.0261888299 0.284547061 -0.0192699414
v 0.0558135584 0.227463648 -0.037356019
v -0.038686838 0.431829304 -0.0198038127
v -0.00647623837 0.431092471 -0.0285480469
v -0.0592268817 0.465613991 -0.0255511031
v -0.0286515206 0.464110255 -0.0339438021
v -0.089985244 0.465194553 -0.0342707485
v -0.071108371 0.431695133 -0.0286538787
v -0.0782866403 0.509290934 -0.033740703
v -0.0495720096 0.508133709 -0.0414058194
v -0.0858750641 0.545724869 -0.0444264002
v -0.0574928634 0.54394418 -0.0505672246
v -0.107205525 0.509421051 -0.0414039493
v -0.114389859 0.544618011 -0.0504899621
v -0.0930409059 0.582689822 -0.0548479035
v -0.0649726391 0.580207527 -0.0597460978
v -0.0907311216 0.635638475 -0.0705772936
v -0.0621781908 0.632817447 -0.0765798092
v -0.0836874098 0.703015625 -0.072483331
v -0.0553841814 0.702585638 -0.0818916559
v -0.0736134201 0.755145729 -0.063817516
v -0.0427605957 0.754752636 -0.0686673224
v -0.0597290918 0.796475589 -0.0403648764
v -0.027680425 0.797143996 -0.0499108769
v -0.0441138297 0.838021755 -0.0225640219
v -0.0182302557 0.833977401 -0.0240486171
v -0.0321530066 0.879729152 -0.0106839277
v -0.00784417521 0.870811522 -0.00491143437
v -0.0463385507 0.884719729 -0.0278177056
v -0.0648392066 0.841030955 -0.037800286
v -0.0854571685 0.796540916 -0.0537280068
v -0.0999419838 0.754105508 -0.0708315894
v -0.111810893 0.702514708 -0.0819293484
v -0.120406494 0.632692993 -0.0760909319
v -0.121174112 0.580367744 -0.0597006492
v 0.0145993251 0.327017963 0.0713701397
v 0.0164926238 0.300899237 0.0700873807
v -0.0033137151 0.29801172 0.0744792521
v -0.0090442691 0.325624317 0.0743132606
v -0.0259779859 0.320007443 0.0656950921
v -0.0196077097 0.292729199 0.0674580112
v 0.00293970061 0.276547223 0.0706469119
v -0.0132246492 0.272918761 0.0641873181
v 0.0114767179 0.253535271 0.0649215356
v -0.00403890107 0.250154555 0.0596699901
v 0.0196534041 0.28223756 0.0671513826
v 0.0257962644 0.257955432 0.0599800721
v 0.0221228171 0.226794943 0.0599832125
v 0.00802778918 0.225661233 0.0559257492
v 0.0231921952 0.202988759 0.0529301018
v 0.0334900096 0.204107985 0.0559267737
v 0.0338392779 0.229358941 0.0538483374
v 0.0411728024 0.206201255 0.0509791821
v 0.0454670265 0.183669329 0.0522585846
v 0.0488997549 0.184805542 0.0488336422
v 0.0526743457 0.167530015 0.046631746
v 0.0391701274 0.181685165 0.049723316
v -0.0369544625 0.386688262 0.0503395312
v -0.396982521 1.15671408 -0.0833933875
v -0.463010311 1.13114202 -0.0833933875
v -0.392950475 1.14267564 -0.0957406312
v -0.358806729 1.18106234 -0.0833933875
v -0.344370186 1.15815043 -0.0998784602
v -0.297698289 1.18119013 -0.100383148
v -0.326562375 1.1298877 -0.0833933875
v -0.389443517 1.13046587 -0.0833933875
v -0.320366472 1.21470559 -0.0833933875
v -0.275704801 1.14195406 -0.0833933875
v -0.253069848 1.15976059 -0.0934094414
v -0.247136056 1.20308793 -0.104789063
v -0.289349943 1.24185145 -0.0833933875
v -0.260439038 1.10596132 -0.0944384187
v -0.287263453 1.08419275 -0.0889159068
v -0.294896334 1.10462177 -0.0833933875
v -0.242743701 1.07662058 -0.0833933353
v -0.278415769 1.06709266 -0.0833933651
v -0.225714147 1.13040948 -0.0989134684
v -0.216951326 1.1832931 -0.0924081653
v -0.204920098 1.10156381 -0.0833932981
v -0.190754965 1.15798151 -0.0986025333
v -0.176872939 1.12707067 -0.0833932683
v -0.254125893 1.24775732 -0.0934605375
v -0.257168561 1.29053509 -0.10090065
v -0.289767057 1.29199958 -0.0999856517
v -0.343530566 1.29089618 -0.0984494388
v -0.335008502 1.23705614 -0.0833933875
v -0.395130455 1.29095948 -0.0960976928
v -0.348534852 1.33655274 -0.0833933875
v -0.390632778 1.33459961 -0.0833933875
v -0.439387381 1.29107189 -0.0932305902
v -0.442203969 1.31907356 -0.0833933875
v -0.511629224 1.29358459 -0.0833933875
v -0.394743085 1.24209869 -0.0833933875
v -0.433981419 1.25537395 -0.0833933875
v -0.289025962 1.33712304 -0.09453246
v -0.208740398 1.25177789 -0.0971614644
v -0.216672391 1.28960776 -0.102320135
v -0.224846944 1.32459342 -0.0984300748
v -0.258032769 1.32848537 -0.0946001709
v -0.26136595 1.35267484 -0.101395115
v -0.290306777 1.38235497 -0.101931892
v -0.321370125 1.35013115 -0.0951883495
v -0.373563617 1.37167585 -0.0918553993
v -0.343771875 1.41023922 -0.104757242
v -0.330325127 1.44342506 -0.10199482
v -0.349532574 1.46530318 -0.0957406312
v -0.313860625 1.45508802 -0.0956180468
v -0.254783422 1.43411636 -0.0947151929
v -0.263499349 1.42487121 -0.0947629809
v -0.203331053 1.40836167 -0.0932142511
v -0.247632042 1.44036949 -0.0946720839
v -0.200661182 1.41043937 -0.0931891054
v -0.168974221 1.39116848 -0.0921681598
v -0.372347325 1.4262439 -0.102906689
v -0.403384268 1.44330978 -0.0980813354
v -0.402187675 1.39054847 -0.0892614722
v -0.427275002 1.41037369 -0.0810600519
v -0.381186485 1.47038138 -0.0833933875
v -0.168948367 1.42517447 -0.0929867551
v -0.183320552 1.44252956 -0.0935852677
v -0.239432603 1.44684398 -0.0947835892
v -0.207276642 1.46105754 -0.0945162103
v -0.243873283 1.48890424 -0.0962373242
v -0.28379336 1.47603238 -0.0833933875
v -0.151572272 1.46319985 -0.0918841884
v -0.174673095 1.48165298 -0.0919464454
v -0.142243728 1.46823514 -0.0833933875
v -0.16529502 1.49027085 -0.0833933875
v -0.195974305 1.50149548 -0.0918834284
v -0.274425924 1.5132972 -0.0971002281
v -0.221597776 1.5251826 -0.09230645
v -0.179755718 1.50409448 -0.0833933875
v -0.211686224 1.52975428 -0.0833933875
v -0.12943314 1.4524132 -0.083393313
v -0.139574096 1.44817019 -0.090273492
v -0.113441005 1.42821956 -0.083393313
v -0.125827432 1.42181134 -0.0871784762
v -0.0962116346 1.40253139 -0.0833932832
v -0.103262015 1.39068758 -0.0856826454
v -0.0733016729 1.35547602 -0.0833932161
v -0.0785654932 1.34702253 -0.0861751884
v -0.0469811186 1.29094267 -0.0833931416
v -0.264002442 1.55777657 -0.0925708562
v -0.300285935 1.54868293 -0.0983452946
v -0.302185237 1.50107276 -0.0833933875
v -0.331259161 1.54065657 -0.0833933875
v -0.348106444 1.62105417 -0.0955779329
v -0.36386919 1.61797011 -0.0833933875
v -0.382296771 1.73271739 -0.0833933875
v -0.325620443 1.62469184 -0.092682071
v -0.313133359 1.62497413 -0.0833933875
v -0.250752747 1.561149 -0.0833933875
v -0.114036679 1.3542918 -0.0892681479
v -0.08132682 1.33051133 -0.0897400081
v -0.0502630509 1.28968048 -0.0875111669
v -0.0392556936 1.27219605 -0.0846529678
v -0.0519055277 1.2649678 -0.0895579532
v -0.0422260612 1.23070586 -0.086982362
v -0.0522951558 1.2281177 -0.0871461853
v -0.0445436165 1.18975258 -0.0801657066
v -0.0540941283 1.18773341 -0.0817263573
v -0.0542682558 1.19021273 -0.0741142705
v -0.0943206549 1.30446577 -0.102426924
v -0.0748302564 1.27868104 -0.0982598662
v -0.112551838 1.28663719 -0.0989569575
v -0.13598679 1.25712574 -0.113740802
v -0.117972828 1.23188436 -0.102939747
v -0.0751420483 1.25754428 -0.0960852429
v -0.0713693798 1.21595573 -0.0929899514
v -0.112302117 1.19891596 -0.0937998146
v -0.162206456 1.1767832 -0.0982818604
v -0.176527023 1.20852911 -0.0966174603
v -0.157313824 1.14350605 -0.0833932459
v -0.104991555 1.16853189 -0.0867983922
v -0.0669393092 1.18275797 -0.0846864209
v -0.0652767569 1.18457019 -0.0751525909
v -0.107119434 1.16847789 -0.0772947222
v -0.157313824 1.14350605 -0.0833932459
v -0.151422322 1.2863121 -0.0996456444
v -0.158864558 1.29933906 -0.095250003
v -0.112551838 1.28663719 -0.0989569575
v -0.520484746 1.40158105 -0.102037191
v -0.539490104 1.35603929 -0.0833933875
v -0.466631472 1.36749172 -0.0833933875
v -0.445961148 1.3859762 -0.0987623408
v -0.494609773 1.46051049 -0.0833933875
v -0.427275002 1.41037369 -0.0810600519
v -0.659795284 1.42449367 -0.105578251
v -0.656314611 1.50263941 -0.0833933875
v -0.798739433 1.44635987 -0.102967985
v -0.808146417 1.50429749 -0.0833933875
v -0.933767855 1.47446883 -0.0998910889
v -0.928488731 1.50840449 -0.0833933875
v -1.00743556 1.52073693 -0.0833933875
v -1.01711738 1.508183 -0.0915530846
v -1.0695442 1.53823984 -0.0833933875
v -0.402187675 1.39054847 -0.0892614722
v -0.411800742 1.37309861 -0.0983026326
v -0.663175344 1.34860897 -0.0833933875
v -0.78748244 1.37702739 -0.0833933875
v -0.939012408 1.44075334 -0.0833933875
v -1.02544129 1.49738944 -0.0833933875
v -0.373563617 1.37167585 -0.0918553993
v -0.375329167 1.35908031 -0.097282894
v -0.344303399 1.3471725 -0.0975746438
v -0.321370125 1.35013115 -0.0951883495
v -0.289025962 1.33712304 -0.09453246
v -0.377427936 1.34924328 -0.0833933875
v -0.348534852 1.33655274 -0.0833933875
v -0.418343693 1.35761344 -0.0833933875
v -1.09333849 2.11498904 -0.0833933875
v -0.989729881 1.92288554 -0.0833933875
v -0.949854553 1.94913185 -0.0957406312
v -0.892842829 1.77774119 -0.0833933875
v -0.82801497 1.81565452 -0.102483176
v -0.778490603 1.63515282 -0.0833933875
v -0.727217078 1.72195101 -0.105472781
v -0.670210421 1.56638873 -0.0833933875
v -0.628742993 1.65379345 -0.109292403
v -0.471603662 1.51871359 -0.0833933875
v -0.452989519 1.56125057 -0.105470248
v -0.923687816 1.96635473 -0.0833933875
v -0.766893446 1.85140026 -0.0833933875
v -0.679014564 1.80355048 -0.0833933875
v -0.582599998 1.75105357 -0.0833933875
v -0.423997372 1.62750316 -0.0833933875
v -0.381186485 1.47038138 -0.0833933875
v -0.360374928 1.50102842 -0.0957406312
v -0.332180887 1.48442948 -0.0957406312
v -0.316464841 1.4968493 -0.0833933875
v -0.344385743 1.52457404 -0.0833933875
v -0.349532574 1.46530318 -0.0957406312
v -0.303933144 1.46779907 -0.0955981389
v -0.313860625 1.45508802 -0.0956180468
v -0.254783422 1.43411636 -0.0947151929
v -0.247632042 1.44036949 -0.0946720839
v -0.239432603 1.44684398 -0.0947835892
v -0.28379336 1.47603238 -0.0833933875
v -0.486146659 1.48386467 -0.0833933875
v -0.456710756 1.44711912 -0.0833933875
v -0.444765449 1.46478939 -0.0907373726
v -0.433666557 1.47712302 -0.0833933875
v -0.203331053 1.40836167 -0.0932142511
v -0.263499349 1.42487121 -0.0947629809
v -0.277092576 1.41159332 -0.115673929
v -0.231394842 1.38421822 -0.118626915
v -0.168974221 1.39116848 -0.0921681598
v -0.190622732 1.35875392 -0.117581911
v -0.330325127 1.44342506 -0.10199482
v -0.114036679 1.3542918 -0.0892681479
v -0.13237676 1.32294893 -0.113806933
v -0.0943206549 1.30446577 -0.102426924
v -0.158864558 1.29933906 -0.095250003
v -0.112551838 1.28663719 -0.0989569575
v -0.08132682 1.33051133 -0.0897400081
v -0.224846944 1.32459342 -0.0984300748
v -0.26136595 1.35267484 -0.101395115
v -0.290306777 1.38235497 -0.101931892
v -0.13598679 1.25712574 -0.113740802
v -0.151422322 1.2863121 -0.0996456444
v -0.208740398 1.25177789 -0.0971614644
v -0.199951187 1.23034537 -0.114045322
v -0.247136056 1.20308793 -0.104789063
v -0.117972828 1.23188436 -0.102939747
v -0.176527023 1.20852911 -0.0966174603
v -0.235354975 1.24451888 -0.0739005655
v -0.272896826 1.24189699 -0.0783094317
v -0.270572573 1.25902641 -0.0729250684
v -0.289349943 1.24185145 -0.0833933875
v -0.294375062 1.27153909 -0.0724751279
v -0.341650128 1.29872072 -0.063969247
v -0.335008502 1.23705614 -0.0833933875
v -0.261378169 1.22747946 -0.0732271448
v -0.392185688 1.29480445 -0.0668324903
v -0.348534852 1.33655274 -0.0833933875
v -0.390632778 1.33459961 -0.0833933875
v -0.439387381 1.29432189 -0.0708915144
v -0.442203969 1.31907356 -0.0833933875
v -0.511629224 1.29358459 -0.0833933875
v -0.394743085 1.24209869 -0.0833933875
v -0.433981419 1.25537395 -0.0833933875
v -0.310978055 1.18367708 -0.0720221847
v -0.320366472 1.21470559 -0.0833933875
v -0.358806729 1.18106234 -0.0833933875
v -0.344370186 1.15408921 -0.0668245107
v -0.392950475 1.14267564 -0.0709017068
v -0.396982521 1.15671408 -0.0833933875
v -0.463010311 1.13114202 -0.0833933875
v -0.326562375 1.1298877 -0.0833933875
v -0.389443517 1.13046587 -0.0833933875
v -0.275704801 1.14195406 -0.0833933875
v -0.292850047 1.15910506 -0.0685492083
v -0.253069848 1.15540338 -0.0733384266
v -0.26115042 1.16482699 -0.0734127238
v -0.260439038 1.10596132 -0.0712539479
v -0.287263453 1.08419275 -0.0773236752
v -0.294896334 1.10462177 -0.0833933875
v -0.278415769 1.06709266 -0.0833933651
v -0.242743701 1.07662058 -0.0833933353
v -0.243084371 1.14326119 -0.0735221282
v -0.21695134 1.16898727 -0.0743618533
v -0.250605524 1.17425048 -0.0734870136
v -0.204920098 1.10156381 -0.0833932981
v -0.314087868 1.05317163 -0.0833933875
v -0.407222688 1.44810724 -0.0598133691
v -0.374417365 1.43066144 -0.0578928888
v -0.393217981 1.3983357 -0.0648537427
v -0.421889901 1.41868269 -0.0656510964
v -0.44682318 1.46824121 -0.0678429902
v -0.455196977 1.45387173 -0.0726781636
v -0.392621368 1.46795893 -0.0686216727
v -0.438118786 1.47687328 -0.0749134198
v -0.359073073 1.45688105 -0.0675308108
v -0.343771875 1.41193306 -0.0617883466
v -0.330325127 1.44342506 -0.0686102733
v -0.290306777 1.37787318 -0.0670455694
v -0.303671837 1.35919905 -0.0688915029
v -0.366675287 1.38137984 -0.0650362223
v -0.275000066 1.34564614 -0.0711640269
v -0.26136595 1.35267484 -0.0704602003
v -0.275144547 1.33475578 -0.0722545534
v -0.230651736 1.32593238 -0.0733528361
v -0.263954133 1.32585227 -0.0728633925
v -0.373563617 1.37167585 -0.0747663379
v -0.321370125 1.35013115 -0.0713359192
v -0.302907437 1.33949053 -0.0716817677
v -0.291877657 1.31813288 -0.0720394626
v -0.402187675 1.39054847 -0.0767923743
v -0.427275002 1.41037369 -0.0810600519
v -0.456710756 1.44711912 -0.0833933875
v -0.486146659 1.48386467 -0.0833933875
v -0.433666557 1.47712302 -0.0833933875
v -0.381186485 1.47038138 -0.0833933875
v -0.349532574 1.46530318 -0.0708915144
v -0.313860625 1.45508802 -0.0709285438
v -0.254783422 1.43411636 -0.0715972334
v -0.263499379 1.42223001 -0.0715776607
v -0.203331053 1.39972639 -0.0729774311
v -0.520484746 1.40158105 -0.0645949617
v -0.445961148 1.3859762 -0.0678698048
v -0.466631472 1.36749172 -0.0833933875
v -0.539490104 1.35603929 -0.0833933875
v -0.494609773 1.46051049 -0.0833933875
v -0.427275002 1.41037369 -0.0810600519
v -0.659795284 1.42449367 -0.0610539056
v -0.656314611 1.50263941 -0.0833933875
v -0.798739433 1.44635987 -0.0636641607
v -0.808146417 1.50429749 -0.0833933875
v -0.933767855 1.47446883 -0.0667410567
v -0.928488731 1.50840449 -0.0833933875
v -1.00743556 1.52073693 -0.0833933875
v -1.01711738 1.508183 -0.0750790685
v -1.0695442 1.53823984 -0.0833933875
v -0.402187675 1.39054847 -0.0767923743
v -0.411800742 1.37309861 -0.0683295205
v -0.663175344 1.34860897 -0.0833933875
v -0.78748244 1.37702739 -0.0833933875
v -0.939012408 1.44075334 -0.0833933875
v -1.02544129 1.49738944 -0.0833933875
v -0.373563617 1.37167585 -0.0747663379
v -0.375329167 1.35908031 -0.069327049
v -0.344303399 1.3471725 -0.068985112
v -0.321370125 1.35013115 -0.0713359192
v -0.348534852 1.33655274 -0.0833933875
v -0.302907437 1.33949053 -0.0716817677
v -0.377427936 1.34924328 -0.0833933875
v -0.418343693 1.35761344 -0.0833933875
v -1.09333849 2.11498904 -0.0833933875
v -0.949854553 1.94913185 -0.0708915144
v -0.989729881 1.92288554 -0.0833933875
v -0.892842829 1.77774119 -0.0833933875
v -0.82801497 1.81565452 -0.0641489699
v -0.778490603 1.63515282 -0.0833933875
v -0.727217078 1.72195101 -0.0611593649
v -0.670210421 1.56638873 -0.0833933875
v -0.628742993 1.65379345 -0.057339754
v -0.471603662 1.51871359 -0.0833933875
v -0.452989519 1.56125057 -0.0611619204
v -0.923687816 1.96635473 -0.0833933875
v -0.766893446 1.85140026 -0.0833933875
v -0.679014564 1.80355048 -0.0833933875
v -0.582599998 1.75105357 -0.0833933875
v -0.423997372 1.62750316 -0.0833933875
v -0.381186485 1.47038138 -0.0833933875
v -0.360374928 1.50102842 -0.0708915144
v -0.332180887 1.48442948 -0.0708915144
v -0.316464841 1.4968493 -0.0833933875
v -0.344385743 1.52457404 -0.0833933875
v -0.349532574 1.46530318 -0.0708915144
v -0.303933144 1.46779907 -0.0709285438
v -0.313860625 1.45508802 -0.0709285438
v -0.254783422 1.43411636 -0.0715972334
v -0.247632042 1.44036949 -0.0716475546
v -0.203331053 1.39972639 -0.0729774311
v -0.200661182 1.40180421 -0.0729849115
v -0.173079833 1.37800956 -0.0739479363
v -0.239432603 1.44684398 -0.0717199519
v -0.28379336 1.47603238 -0.0833933875
v -0.206763491 1.42599547 -0.0725655332
v -0.197465777 1.40429091 -0.0730479732
v -0.313133359 1.62497413 -0.0833933875
v -0.325620443 1.62469184 -0.0739500746
v -0.382296771 1.73271739 -0.0833933875
v -0.250752747 1.561149 -0.0833933875
v -0.264002442 1.55777657 -0.0740612894
v -0.302767277 1.54868293 -0.0682868585
v -0.348106444 1.62105417 -0.0710542202
v -0.331259161 1.54065657 -0.0833933875
v -0.36386919 1.61797011 -0.0833933875
v -0.302185237 1.50107276 -0.0833933875
v -0.271573037 1.50511193 -0.0679550692
v -0.233728081 1.5095036 -0.0712097809
v -0.221597776 1.52086163 -0.0743230209
v -0.195974305 1.50149548 -0.0747044608
v -0.214892626 1.49585724 -0.071549885
v -0.179755718 1.50409448 -0.0833933875
v -0.211686224 1.52975428 -0.0833933875
v -0.182346359 1.47684145 -0.0723354667
v -0.174673095 1.48165298 -0.0746494532
v -0.151572272 1.46319985 -0.0747382939
v -0.142243728 1.46823514 -0.0833933875
v -0.16529502 1.49027085 -0.0833933875
v -0.158921465 1.46181643 -0.0729849115
v -0.12943314 1.4524132 -0.083393313
v -0.135876074 1.45001006 -0.0759879947
v -0.140431032 1.44743598 -0.0735929906
v -0.121610418 1.42435396 -0.0769747496
v -0.113441005 1.42821956 -0.083393313
v -0.100853339 1.39675927 -0.078223221
v -0.0962116346 1.40253139 -0.0833932832
v -0.0781032965 1.35032332 -0.0791644678
v -0.0733016729 1.35547602 -0.0833932161
v -0.0469811186 1.29094267 -0.0833931416
v -0.228965148 1.49187481 -0.0714153051
v -0.21790874 1.45320761 -0.0720088631
v -0.233294696 1.45846605 -0.0712935254
v -0.256417125 1.48394251 -0.069003664
v -0.239432603 1.44684398 -0.0717199519
v -0.206763491 1.42599547 -0.0725655332
v -0.28379336 1.47603238 -0.0833933875
v -0.203331053 1.39972639 -0.0729774311
v -0.226949304 1.37625992 -0.0532307029
v -0.277092576 1.40786278 -0.0564306006
v -0.263499379 1.42223001 -0.0715776607
v -0.173079833 1.37800956 -0.0739479363
v -0.190622702 1.35116303 -0.0556315556
v -0.330325127 1.44342506 -0.0686102733
v -0.146431312 1.35058105 -0.0667788908
v -0.155245632 1.32692981 -0.0575712137
v -0.122081861 1.30534136 -0.0623478778
v -0.230651736 1.32593238 -0.0733528361
v -0.26136595 1.35267484 -0.0704602003
v -0.290306777 1.37787318 -0.0670455694
v -0.173452988 1.30484962 -0.06880337
v -0.117604464 1.27682412 -0.062877655
v -0.20248127 1.31505251 -0.070169054
v -0.0990177169 1.32787919 -0.0649023727
v -0.123176105 1.36900067 -0.0616724864
v -0.0742328018 1.27202356 -0.0682815537
v -0.117972851 1.2119509 -0.0679199547
v -0.071519509 1.22625816 -0.0699431673
v -0.175860077 1.24775863 -0.0669968575
v -0.20280616 1.24622166 -0.0695271194
v -0.193962604 1.21491635 -0.0588607863
v -0.204473153 1.28752899 -0.058208026
v -0.170918092 1.28350568 -0.0583315678
v -0.20248127 1.31505251 -0.070169054
v -0.234552339 1.29056466 -0.0570839532
v -0.235354975 1.24451888 -0.0739005655
v -0.270572573 1.25902641 -0.0729250684
v -0.267189711 1.29455543 -0.058535412
v -0.0652767569 1.18457019 -0.0751525909
v -0.230651736 1.32593238 -0.0733528361
v -0.293392926 1.29660439 -0.059547767
v -0.263954133 1.32585227 -0.0728633925
v -0.291877657 1.31813288 -0.0720394626
v -0.341650128 1.29872072 -0.063969247
v -0.294375062 1.27153909 -0.0724751279
v -0.235354975 1.24451888 -0.0739005655
v -0.223523766 1.20835853 -0.0597456023
v -0.25076288 1.20339131 -0.0622878484
v -0.261378169 1.22747946 -0.0732271448
v -0.250605524 1.17425048 -0.0734870136
v -0.310978055 1.18367708 -0.0720221847
v -0.21695134 1.16898727 -0.0743618533
v -0.186518937 1.18219697 -0.072381191
v -0.175243482 1.16740286 -0.0632808357
v -0.157313824 1.14350605 -0.0833932459
v -0.107119434 1.16847789 -0.0772947222
v -0.21695134 1.16898727 -0.0743618533
v -0.194986209 1.15010607 -0.0625404716
v -0.225714147 1.12450647 -0.0642307177
v -0.243084371 1.14326119 -0.0735221282
v -0.260439038 1.10596132 -0.0712539479
v -0.204920098 1.10156381 -0.0833932981
v -0.176872939 1.12707067 -0.0833932683
v -0.0586687215 1.23116946 -0.0707149282
v -0.0576837175 1.26937973 -0.0706696808
v -0.0592003912 1.28688836 -0.0754269809
v -0.0469811186 1.29094267 -0.0833931416
v -0.0781032965 1.35032332 -0.0791644678
v -0.0392556936 1.27219605 -0.0846529678
v -0.100853339 1.39675927 -0.078223221
v -0.121610418 1.42435396 -0.0769747496
v -0.149251476 1.40212202 -0.0610988736
v -0.173079833 1.37800956 -0.0739479363
v -0.168828279 1.42730582 -0.0612607375
v -0.197465777 1.40429091 -0.0730479732
v -0.206763491 1.42599547 -0.0725655332
v -0.183107004 1.44519055 -0.0630434453
v -0.140431032 1.44743598 -0.0735929906
v -0.158921465 1.46181643 -0.0729849115
v -0.199307889 1.46548295 -0.0655561984
v -0.21790874 1.45320761 -0.0720088631
v -0.228965148 1.49187481 -0.0714153051
v -0.222074196 1.49390519 -0.0695508718
v -0.233728081 1.5095036 -0.0712097809
v -0.214892626 1.49585724 -0.071549885
v -0.182346359 1.47684145 -0.0723354667
v -0.314087868 1.05317163 -0.0833933875
v -0.0542682558 1.19021273 -0.0741142705
v 0.396983564 1.15671349 -0.0833933875
v 0.392951429 1.14267516 -0.0957406312
v 0.463011265 1.13114154 -0.0833933875
v 0.358807743 1.18106186 -0.0833933875
v 0.344371229 1.15814996 -0.0998784602
v 0.297699332 1.18118978 -0.100383148
v 0.326563358 1.12988734 -0.0833933875
v 0.38944447 1.13046527 -0.0833933875
v 0.320367545 1.21470511 -0.0833933875
v 0.275705814 1.14195359 -0.0833933875
v 0.253070801 1.15976036 -0.093409434
v 0.247137085 1.20308757 -0.104789063
v 0.289351046 1.24185109 -0.0833933875
v 0.260439932 1.10596108 -0.0944384113
v 0.287264347 1.0841924 -0.0889159068
v 0.294897288 1.10462141 -0.0833933875
v 0.24274452 1.07662022 -0.0833933353
v 0.278416634 1.0670923 -0.0833933502
v 0.225714982 1.13040924 -0.0989134684
v 0.216952264 1.18329287 -0.0924081579
v 0.204920873 1.10156357 -0.0833932981
v 0.19075577 1.15798128 -0.0986025333
v 0.176873654 1.12707043 -0.0833932608
v 0.254126996 1.24775696 -0.0934605375
v 0.257169724 1.29053473 -0.10090065
v 0.289768189 1.29199934 -0.0999856517
v 0.343531668 1.2908957 -0.0984494388
v 0.335009605 1.23705566 -0.0833933875
v 0.395131558 1.29095888 -0.0960976928
v 0.348536015 1.33655214 -0.0833933875
v 0.39063397 1.33459902 -0.0833933875
v 0.439388484 1.2910713 -0.0932305902
v 0.442205101 1.31907296 -0.0833933875
v 0.511630297 1.29358399 -0.0833933875
v 0.394744188 1.24209821 -0.0833933875
v 0.433982521 1.25537348 -0.0833933875
v 0.289027125 1.3371228 -0.09453246
v 0.208741426 1.25177753 -0.0971614644
v 0.216673449 1.28960752 -0.102320127
v 0.224848136 1.32459319 -0.0984300748
v 0.261367142 1.35267448 -0.101395115
v 0.290307999 1.38235474 -0.101931892
v 0.258033931 1.32848513 -0.0946001709
v 0.321371287 1.3501308 -0.0951883495
v 0.37356478 1.37167525 -0.0918553993
v 0.343773156 1.41023862 -0.104757242
v 0.330326378 1.44342446 -0.10199482
v 0.349533826 1.46530259 -0.0957406312
v 0.313861907 1.45508754 -0.0956180468
v 0.254784703 1.43411601 -0.0947151929
v 0.263500601 1.42487085 -0.0947629809
v 0.203332305 1.40836132 -0.0932142511
v 0.247633323 1.44036925 -0.0946720839
v 0.200662434 1.41043913 -0.0931891054
v 0.168975353 1.39116824 -0.0921681598
v 0.372348577 1.42624331 -0.102906689
v 0.40338552 1.44330919 -0.0980813354
v 0.402188867 1.39054787 -0.0892614722
v 0.427276224 1.41037309 -0.0810600519
v 0.381187737 1.47038078 -0.0833933875
v 0.168949634 1.42517424 -0.0929867551
v 0.183321849 1.44252932 -0.0935852677
v 0.23943387 1.44684374 -0.0947835892
v 0.207277939 1.46105731 -0.0945162103
v 0.243874595 1.48890388 -0.0962373242
v 0.283794671 1.47603202 -0.0833933875
v 0.151573583 1.46319962 -0.0918841884
v 0.174674436 1.48165262 -0.0919464454
v 0.142245039 1.46823478 -0.0833933875
v 0.165296361 1.4902705 -0.0833933875
v 0.195975646 1.50149512 -0.0918834284
v 0.274427265 1.51329696 -0.0971002281
v 0.221599132 1.52518237 -0.09230645
v 0.179757059 1.50409424 -0.0833933875
v 0.211687595 1.52975404 -0.0833933875
v 0.129434273 1.45241284 -0.0833933055
v 0.139575228 1.44816983 -0.0902734846
v 0.113442123 1.42821944 -0.0833933055
v 0.125828534 1.42181098 -0.0871784762
v 0.0962126553 1.40253127 -0.0833932757
v 0.103263021 1.39068735 -0.085682638
v 0.0733025223 1.3554759 -0.0833932087
v 0.0785663202 1.34702241 -0.0861751884
v 0.0469817482 1.29094255 -0.0833931416
v 0.264003843 1.55777609 -0.0925708562
v 0.300287277 1.54868257 -0.0983452946
v 0.302186549 1.50107241 -0.0833933875
v 0.331260473 1.54065609 -0.0833933875
v 0.348107874 1.62105358 -0.0955779329
v 0.363870621 1.61796951 -0.0833933875
v 0.382298321 1.7327168 -0.0833933875
v 0.325621873 1.62469149 -0.092682071
v 0.313134789 1.62497377 -0.0833933875
v 0.250754148 1.56114864 -0.0833933875
v 0.114037648 1.35429168 -0.0892681405
v 0.0813276172 1.33051109 -0.0897400081
v 0.050263688 1.28968024 -0.0875111595
v 0.0392562672 1.27219605 -0.0846529678
v 0.0519061424 1.26496768 -0.0895579383
v 0.0422265045 1.23070574 -0.086982362
v 0.0522957183 1.22811759 -0.0871461853
v 0.0445438325 1.18975258 -0.0801657066
v 0.0540943928 1.18773329 -0.0817263573
v 0.0542684682 1.19021273 -0.0741142705
v 0.0943214595 1.30446565 -0.102426924
v 0.0748309642 1.27868104 -0.0982598662
v 0.112552658 1.28663707 -0.0989569575
v 0.135987625 1.25712562 -0.113740802
v 0.117973574 1.23188424 -0.10293974
v 0.0751427189 1.25754416 -0.096085228
v 0.0713699684 1.21595562 -0.0929899365
v 0.112302788 1.19891584 -0.0937998146
v 0.162207216 1.17678297 -0.0982818455
v 0.176527873 1.20852888 -0.0966174453
v 0.157314524 1.14350581 -0.0833932385
v 0.104992189 1.16853166 -0.0867983773
v 0.0669398829 1.18275785 -0.0846864209
v 0.0652773231 1.18457007 -0.0751525909
v 0.107120067 1.16847765 -0.0772947222
v 0.157314524 1.14350581 -0.0833932385
v 0.151423246 1.28631186 -0.0996456295
v 0.158865556 1.29933882 -0.0952499956
v 0.112552658 1.28663707 -0.0989569575
v 0.520485997 1.40158045 -0.102037191
v 0.44596231 1.3859756 -0.0987623408
v 0.466632634 1.36749113 -0.0833933875
v 0.539491236 1.35603869 -0.0833933875
v 0.494611055 1.4605099 -0.0833933875
v 0.427276224 1.41037309 -0.0810600519
v 0.659796536 1.42449272 -0.105578251
v 0.656315923 1.5026387 -0.0833933875
v 0.798740685 1.44635892 -0.102967985
v 0.808147728 1.50429654 -0.0833933875
v 0.933769047 1.47446787 -0.0998910889
v 0.928490043 1.50840354 -0.0833933875
v 1.00743687 1.52073574 -0.0833933875
v 1.01711857 1.50818169 -0.0915530846
v 1.06954539 1.53823864 -0.0833933875
v 0.402188867 1.39054787 -0.0892614722
v 0.411801934 1.37309802 -0.0983026326
v 0.663176477 1.34860826 -0.0833933875
v 0.787483573 1.37702644 -0.0833933875
v 0.9390136 1.44075239 -0.0833933875
v 1.02544248 1.49738824 -0.0833933875
v 0.37356478 1.37167525 -0.0918553993
v 0.375330359 1.35907972 -0.097282894
v 0.344304562 1.3471719 -0.0975746438
v 0.321371287 1.3501308 -0.0951883495
v 0.289027125 1.3371228 -0.09453246
v 0.377429128 1.34924269 -0.0833933875
v 0.348536015 1.33655214 -0.0833933875
v 0.418344855 1.35761285 -0.0833933875
v 1.09334028 2.11498785 -0.0833933875
v 0.949856162 1.94913077 -0.0957406312
v 0.989731491 1.92288446 -0.0833933875
v 0.892844319 1.77774012 -0.0833933875
v 0.828016579 1.81565368 -0.102483176
v 0.778491974 1.63515198 -0.0833933875
v 0.727218509 1.72195005 -0.105472781
v 0.670211792 1.56638777 -0.0833933875
v 0.628744423 1.65379274 -0.109292403
v 0.471604943 1.518713 -0.0833933875
v 0.45299089 1.56124997 -0.105470248
v 0.923689485 1.96635377 -0.0833933875
v 0.766895056 1.8513993 -0.0833933875
v 0.679016113 1.80354977 -0.0833933875
v 0.582601488 1.75105286 -0.0833933875
v 0.423998773 1.62750256 -0.0833933875
v 0.381187737 1.47038078 -0.0833933875
v 0.360376269 1.50102782 -0.0957406312
v 0.332182229 1.48442888 -0.0957406312
v 0.316466182 1.49684882 -0.0833933875
v 0.344387084 1.52457345 -0.0833933875
v 0.349533826 1.46530259 -0.0957406312
v 0.303934455 1.46779859 -0.0955981389
v 0.313861907 1.45508754 -0.0956180468
v 0.254784703 1.43411601 -0.0947151929
v 0.247633323 1.44036925 -0.0946720839
v 0.23943387 1.44684374 -0.0947835892
v 0.283794671 1.47603202 -0.0833933875
v 0.48614794 1.48386407 -0.0833933875
v 0.44476673 1.46478879 -0.0907373726
v 0.456712037 1.44711852 -0.0833933875
v 0.433667868 1.47712243 -0.0833933875
v 0.203332305 1.40836132 -0.0932142511
v 0.231396064 1.38421798 -0.118626915
v 0.277093798 1.41159296 -0.115673929
v 0.263500601 1.42487085 -0.0947629809
v 0.168975353 1.39116824 -0.0921681598
v 0.19062376 1.35875368 -0.117581911
v 0.330326378 1.44342446 -0.10199482
v 0.114037648 1.35429168 -0.0892681405
v 0.132377714 1.32294869 -0.113806933
v 0.0943214595 1.30446565 -0.102426924
v 0.158865556 1.29933882 -0.0952499956
v 0.112552658 1.28663707 -0.0989569575
v 0.0813276172 1.33051109 -0.0897400081
v 0.224848136 1.32459319 -0.0984300748
v 0.261367142 1.35267448 -0.101395115
v 0.290307999 1.38235474 -0.101931892
v 0.135987625 1.25712562 -0.113740802
v 0.151423246 1.28631186 -0.0996456295
v 0.208741426 1.25177753 -0.0971614644
v 0.199952155 1.23034501 -0.114045314
v 0.247137085 1.20308757 -0.104789063
v 0.117973574 1.23188424 -0.10293974
v 0.176527873 1.20852888 -0.0966174453
v 0.235356078 1.24451852 -0.0739005581
v 0.270573676 1.25902605 -0.072925061
v 0.272897899 1.24189651 -0.0783094168
v 0.289351046 1.24185109 -0.0833933875
v 0.294376165 1.27153862 -0.0724751204
v 0.341651261 1.29872024 -0.0639692396
v 0.335009605 1.23705566 -0.0833933875
v 0.261379242 1.2274791 -0.0732271299
v 0.392186791 1.29480386 -0.0668324754
v 0.348536015 1.33655214 -0.0833933875
v 0.39063397 1.33459902 -0.0833933875
v 0.439388484 1.2943213 -0.070891507
v 0.442205101 1.31907296 -0.0833933875
v 0.511630297 1.29358399 -0.0833933875
v 0.394744188 1.24209821 -0.0833933875
v 0.433982521 1.25537348 -0.0833933875
v 0.310979098 1.18367672 -0.0720221773
v 0.320367545 1.21470511 -0.0833933875
v 0.358807743 1.18106186 -0.0833933875
v 0.344371229 1.15408874 -0.0668245032
v 0.392951429 1.14267516 -0.0709016994
v 0.396983564 1.15671349 -0.0833933875
v 0.463011265 1.13114154 -0.0833933875
v 0.326563358 1.12988734 -0.0833933875
v 0.38944447 1.13046527 -0.0833933875
v 0.275705814 1.14195359 -0.0833933875
v 0.292851061 1.1591047 -0.0685492009
v 0.253070801 1.15540302 -0.0733384192
v 0.261151433 1.16482651 -0.0734127164
v 0.260439932 1.10596108 -0.0712539479
v 0.287264347 1.0841924 -0.0773236677
v 0.294897288 1.10462141 -0.0833933875
v 0.278416634 1.0670923 -0.0833933502
v 0.24274452 1.07662022 -0.0833933353
v 0.24308528 1.14326096 -0.0735221207
v 0.216952249 1.16898692 -0.0743618459
v 0.250606507 1.17425013 -0.0734870061
v 0.204920873 1.10156357 -0.0833932981
v 0.314088792 1.05317128 -0.0833933875
v 0.40722397 1.44810665 -0.0598133616
v 0.421891153 1.4186821 -0.065651089
v 0.393219203 1.3983351 -0.0648537353
v 0.374418646 1.43066084 -0.0578928776
v 0.446824431 1.46824062 -0.0678429753
v 0.455198228 1.45387113 -0.0726781562
v 0.39262262 1.46795833 -0.0686216652
v 0.438120067 1.47687268 -0.0749134123
v 0.359074324 1.45688045 -0.0675308034
v 0.343773156 1.41193247 -0.0617883392
v 0.330326378 1.44342446 -0.0686102584
v 0.290307999 1.37787294 -0.067045562
v 0.303673059 1.35919869 -0.0688914955
v 0.36667648 1.38137925 -0.0650362149
v 0.275001258 1.3456459 -0.0711640194
v 0.261367142 1.35267448 -0.0704601929
v 0.27514571 1.33475554 -0.072254546
v 0.230652913 1.32593215 -0.0733528286
v 0.263955295 1.32585204 -0.0728633851
v 0.37356478 1.37167525 -0.0747663304
v 0.321371287 1.3501308 -0.0713359118
v 0.302908599 1.33949018 -0.0716817603
v 0.291878819 1.31813264 -0.0720394552
v 0.402188867 1.39054787 -0.0767923594
v 0.427276224 1.41037309 -0.0810600519
v 0.456712037 1.44711852 -0.0833933875
v 0.48614794 1.48386407 -0.0833933875
v 0.433667868 1.47712243 -0.0833933875
v 0.381187737 1.47038078 -0.0833933875
v 0.349533826 1.46530259 -0.070891507
v 0.313861907 1.45508754 -0.0709285364
v 0.254784703 1.43411601 -0.071597226
v 0.263500631 1.42222977 -0.0715776533
v 0.203332305 1.39972603 -0.0729774237
v 0.520485997 1.40158045 -0.0645949468
v 0.539491236 1.35603869 -0.0833933875
v 0.466632634 1.36749113 -0.0833933875
v 0.44596231 1.3859756 -0.0678697973
v 0.494611055 1.4605099 -0.0833933875
v 0.427276224 1.41037309 -0.0810600519
v 0.659796536 1.42449272 -0.0610538945
v 0.656315923 1.5026387 -0.0833933875
v 0.798740685 1.44635892 -0.0636641532
v 0.808147728 1.50429654 -0.0833933875
v 0.933769047 1.47446787 -0.0667410493
v 0.928490043 1.50840354 -0.0833933875
v 1.00743687 1.52073574 -0.0833933875
v 1.01711857 1.50818169 -0.0750790611
v 1.06954539 1.53823864 -0.0833933875
v 0.402188867 1.39054787 -0.0767923594
v 0.411801934 1.37309802 -0.0683295056
v 0.663176477 1.34860826 -0.0833933875
v 0.787483573 1.37702644 -0.0833933875
v 0.9390136 1.44075239 -0.0833933875
v 1.02544248 1.49738824 -0.0833933875
v 0.37356478 1.37167525 -0.0747663304
v 0.375330359 1.35907972 -0.0693270415
v 0.344304562 1.3471719 -0.0689851046
v 0.321371287 1.3501308 -0.0713359118
v 0.348536015 1.33655214 -0.0833933875
v 0.302908599 1.33949018 -0.0716817603
v 0.377429128 1.34924269 -0.0833933875
v 0.418344855 1.35761285 -0.0833933875
v 1.09334028 2.11498785 -0.0833933875
v 0.989731491 1.92288446 -0.0833933875
v 0.949856162 1.94913077 -0.070891507
v 0.892844319 1.77774012 -0.0833933875
v 0.828016579 1.81565368 -0.064148955
v 0.778491974 1.63515198 -0.0833933875
v 0.727218509 1.72195005 -0.0611593574
v 0.670211792 1.56638777 -0.0833933875
v 0.628744423 1.65379274 -0.0573397428
v 0.471604943 1.518713 -0.0833933875
v 0.45299089 1.56124997 -0.061161913
v 0.923689485 1.96635377 -0.0833933875
v 0.766895056 1.8513993 -0.0833933875
v 0.679016113 1.80354977 -0.0833933875
v 0.582601488 1.75105286 -0.0833933875
v 0.423998773 1.62750256 -0.0833933875
v 0.381187737 1.47038078 -0.0833933875
v 0.360376269 1.50102782 -0.070891507
v 0.332182229 1.48442888 -0.070891507
v 0.316466182 1.49684882 -0.0833933875
v 0.344387084 1.52457345 -0.0833933875
v 0.349533826 1.46530259 -0.070891507
v 0.303934455 1.46779859 -0.0709285364
v 0.313861907 1.45508754 -0.0709285364
v 0.254784703 1.43411601 -0.071597226
v 0.247633323 1.44036925 -0.0716475397
v 0.203332305 1.39972603 -0.0729774237
v 0.200662434 1.40180385 -0.0729849041
v 0.173080951 1.37800932 -0.0739479363
v 0.23943387 1.44684374 -0.071719937
v 0.283794671 1.47603202 -0.0833933875
v 0.206764758 1.42599511 -0.0725655183
v 0.197467044 1.40429056 -0.0730479583
v 0.313134789 1.62497377 -0.0833933875
v 0.382298321 1.7327168 -0.0833933875
v 0.325621873 1.62469149 -0.0739500672
v 0.250754148 1.56114864 -0.0833933875
v 0.264003843 1.55777609 -0.074061282
v 0.302768648 1.54868257 -0.0682868436
v 0.348107874 1.62105358 -0.0710542127
v 0.331260473 1.54065609 -0.0833933875
v 0.363870621 1.61796951 -0.0833933875
v 0.302186549 1.50107241 -0.0833933875
v 0.271574348 1.50511169 -0.0679550618
v 0.233729407 1.50950325 -0.0712097734
v 0.221599132 1.52086127 -0.0743230134
v 0.195975646 1.50149512 -0.0747044533
v 0.214893967 1.49585688 -0.0715498701
v 0.179757059 1.50409424 -0.0833933875
v 0.211687595 1.52975404 -0.0833933875
v 0.18234767 1.47684109 -0.0723354593
v 0.174674436 1.48165262 -0.0746494457
v 0.151573583 1.46319962 -0.0747382939
v 0.142245039 1.46823478 -0.0833933875
v 0.165296361 1.4902705 -0.0833933875
v 0.158922777 1.46181607 -0.0729849041
v 0.129434273 1.45241284 -0.0833933055
v 0.135877192 1.4500097 -0.0759879872
v 0.140432164 1.44743574 -0.0735929832
v 0.121611536 1.4243536 -0.0769747496
v 0.113442123 1.42821944 -0.0833933055
v 0.10085436 1.39675915 -0.0782232136
v 0.0962126553 1.40253127 -0.0833932757
v 0.0781041235 1.3503232 -0.0791644603
v 0.0733025223 1.3554759 -0.0833932087
v 0.0469817482 1.29094255 -0.0833931416
v 0.22896646 1.49187446 -0.0714152977
v 0.256418437 1.48394227 -0.0690036565
v 0.233295992 1.4584657 -0.0712935179
v 0.217910036 1.45320737 -0.0720088482
v 0.23943387 1.44684374 -0.071719937
v 0.206764758 1.42599511 -0.0725655183
v 0.283794671 1.47603202 -0.0833933875
v 0.203332305 1.39972603 -0.0729774237
v 0.263500631 1.42222977 -0.0715776533
v 0.277093798 1.40786254 -0.0564305931
v 0.226950526 1.37625957 -0.0532306954
v 0.173080951 1.37800932 -0.0739479363
v 0.19062376 1.35116267 -0.0556315519
v 0.330326378 1.44342446 -0.0686102584
v 0.146432355 1.35058069 -0.0667788908
v 0.15524666 1.32692945 -0.05757121
v 0.122082748 1.30534112 -0.062347874
v 0.230652913 1.32593215 -0.0733528286
v 0.261367142 1.35267448 -0.0704601929
v 0.290307999 1.37787294 -0.067045562
v 0.173454031 1.30484939 -0.0688033625
v 0.117605284 1.276824 -0.0628776476
v 0.202482447 1.31505215 -0.0701690465
v 0.0990185738 1.32787895 -0.0649023652
v 0.123177126 1.36900055 -0.0616724826
v 0.0742334947 1.27202332 -0.0682815537
v 0.117973551 1.21195078 -0.0679199472
v 0.0715201199 1.22625804 -0.0699431598
v 0.175861016 1.24775839 -0.0669968501
v 0.202807173 1.2462213 -0.0695271119
v 0.193963543 1.21491599 -0.0588607825
v 0.204474196 1.28752863 -0.0582080223
v 0.202482447 1.31505215 -0.0701690465
v 0.170919076 1.28350532 -0.0583315603
v 0.234553486 1.29056442 -0.0570839457
v 0.235356078 1.24451852 -0.0739005581
v 0.270573676 1.25902605 -0.072925061
v 0.267190844 1.29455519 -0.0585354045
v 0.0652773231 1.18457007 -0.0751525909
v 0.230652913 1.32593215 -0.0733528286
v 0.293394029 1.29660416 -0.0595477559
v 0.263955295 1.32585204 -0.0728633851
v 0.291878819 1.31813264 -0.0720394552
v 0.341651261 1.29872024 -0.0639692396
v 0.294376165 1.27153862 -0.0724751204
v 0.235356078 1.24451852 -0.0739005581
v 0.223524749 1.20835817 -0.0597455949
v 0.250763953 1.20339096 -0.062287841
v 0.261379242 1.2274791 -0.0732271299
v 0.250606507 1.17425013 -0.0734870061
v 0.310979098 1.18367672 -0.0720221773
v 0.216952249 1.16898692 -0.0743618459
v 0.186519757 1.18219674 -0.072381191
v 0.175244272 1.16740263 -0.0632808283
v 0.157314524 1.14350581 -0.0833932385
v 0.107120067 1.16847765 -0.0772947222
v 0.216952249 1.16898692 -0.0743618459
v 0.194987014 1.15010583 -0.0625404641
v 0.225714967 1.12450612 -0.0642307103
v 0.24308528 1.14326096 -0.0735221207
v 0.260439932 1.10596108 -0.0712539479
v 0.204920873 1.10156357 -0.0833932981
v 0.176873654 1.12707043 -0.0833932608
v 0.0542684682 1.19021273 -0.0741142705
v 0.0586691648 1.23116934 -0.0707149208
v 0.0576843619 1.26937962 -0.0706696808
v 0.0592010543 1.28688824 -0.0754269809
v 0.0469817482 1.29094255 -0.0833931416
v 0.0781041235 1.3503232 -0.0791644603
v 0.0392562672 1.27219605 -0.0846529678
v 0.10085436 1.39675915 -0.0782232136
v 0.121611536 1.4243536 -0.0769747496
v 0.149252608 1.40212166 -0.0610988699
v 0.173080951 1.37800932 -0.0739479363
v 0.168829545 1.42730558 -0.0612607263
v 0.197467044 1.40429056 -0.0730479583
v 0.206764758 1.42599511 -0.0725655183
v 0.1831083 1.44519019 -0.0630434379
v 0.140432164 1.44743574 -0.0735929832
v 0.158922777 1.46181607 -0.0729849041
v 0.199309185 1.46548259 -0.0655561835
v 0.217910036 1.45320737 -0.0720088482
v 0.22896646 1.49187446 -0.0714152977
v 0.222075537 1.49390483 -0.0695508644
v 0.233729407 1.50950325 -0.0712097734
v 0.214893967 1.49585688 -0.0715498701
v 0.18234767 1.47684109 -0.0723354593
v 0.314088792 1.05317128 -0.0833933875
v -0.0969995856 1.29058671 0.011798569
v -0.0898235217 1.28611636 0.0168744233
v -0.102692276 1.27300751 0.0115406001
v -0.109967433 1.27856708 0.00764967315
v -0.100246891 1.29801774 -0.0086220447
v -0.113569155 1.28409553 -0.00760923838
v -0.0916984752 1.29534042 -0.0237918105
v -0.10287565 1.27814186 -0.0218259618
v -0.082823053 1.28865767 -0.0270329453
v -0.0972940624 1.27612138 -0.0239252523
v -0.143386289 1.25387824 -0.0116727967
v -0.145315051 1.25200808 -0.012016139
v -0.0683111399 1.33121371 0.00260669505
v -0.063162908 1.328053 0.00658317842
v -0.0933523625 1.28561354 0.0257694647
v -0.0636186376 1.32847607 0.0116469059
v -0.0885095969 1.28582597 0.0411183164
v -0.054431539 1.33134866 0.0229522958
v -0.0772361979 1.28053033 0.0472031496
v -0.104692362 1.26053858 0.0452149399
v -0.0411757939 1.32675719 0.0342660397
v -0.0715913922 1.27806282 0.0447256304
v -0.0378137939 1.32066369 0.0335425325
v -0.105764933 1.25880075 0.0453970656
v -0.0400162116 1.35082781 -0.000575769518
v -0.0702359006 1.33345163 -0.0100782942
v -0.0663936287 1.3318367 -0.0252713263
v -0.0606299229 1.33049834 -0.02748367
v -0.0619273596 1.33145738 -0.0307165179
v -0.084114261 1.29240048 -0.0341242962
v -0.0826374218 1.29448926 -0.0452030748
v -0.0946609974 1.27775431 -0.0500429273
v -0.0945221037 1.27625144 -0.0375135913
v -0.112834282 1.25058639 -0.0583976731
v -0.0596170425 1.33414459 -0.040463876
v -0.0917035639 1.2741369 -0.0326180011
v -0.0548218936 1.33291686 -0.0493758097
v -0.0762481615 1.29361689 -0.0547615364
v -0.0696269721 1.29108608 -0.0581934676
v -0.0796803385 1.27488625 -0.0594650581
v -0.0859454721 1.27661669 -0.0572529696
v -0.114000939 1.24886417 -0.0588078499
v -0.052369751 1.32909453 -0.0534082316
v -0.0425140522 1.3538574 -0.0502856486
v -0.047212109 1.33230257 -0.0527210832
v -0.0487245917 1.35099947 -0.0235666409
v -0.116454177 1.2452426 -0.0596703701
v -0.0774072111 1.27425849 -0.0602676533
v -0.0672637224 1.29018295 -0.0587607622
v -0.0228628051 1.35167801 0.0161395371
v -0.030569328 1.3253969 0.0300345961
v -0.0674099401 1.27623498 0.0428903773
v -0.10763105 1.25577712 0.0457139537
v -0.0867262855 1.28539395 0.0153133962
v -0.101279736 1.27192807 0.0122960657
v -0.148857281 1.24857342 -0.0126466937
v -0.0939892754 1.27492499 -0.0251682196
v -0.0810768306 1.28794646 -0.0268049836
v -0.0908438861 1.27349198 -0.0311248004
v -0.047212109 1.33230257 -0.0527210832
v -0.0603211857 1.31155968 -0.0409032814
v -0.0565032177 1.3266952 -0.0226328801
v -0.0672637224 1.29018295 -0.0587607622
v -0.072859019 1.28909647 -0.0427860208
v -0.0810768306 1.28794646 -0.0268049836
v -0.0908438861 1.27349198 -0.0311248004
v -0.0828142911 1.27390015 -0.0457865596
v -0.116454177 1.2452426 -0.0596703701
v -0.0680455342 1.30941069 -0.0246906616
v -0.079624176 1.28678954 -0.00565661909
v -0.0933571234 1.27342653 -0.00643608021
v -0.0939892754 1.27492499 -0.0251682196
v -0.148857281 1.24857342 -0.0126466937
v -0.0645797476 1.30793357 -0.00586303882
v -0.101279736 1.27192807 0.0122960657
v -0.0867262855 1.28539395 0.0153133962
v -0.0696687251 1.30645657 0.0129645765
v -0.0753048137 1.27977479 0.0276017785
v -0.0569454543 1.30341554 0.0238588825
v -0.0674099401 1.27623498 0.0428903773
v -0.10763105 1.25577712 0.0457139537
v -0.030569328 1.3253969 0.0300345961
v -0.0505559184 1.32576346 0.00827390235
v -0.0774072111 1.27425849 -0.0602676533
v 0.0411757939 1.32675719 0.0342660397
v 0.0772361979 1.28053033 0.0472031496
v 0.0715913922 1.27806282 0.0447256304
v 0.0378137939 1.32066369 0.0335425325
v 0.104692362 1.26053858 0.0452149399
v 0.0885095969 1.28582597 0.0411183164
v 0.0933523625 1.28561354 0.0257694647
v 0.0636186376 1.32847607 0.0116469059
v 0.054431539 1.33134866 0.0229522958
v 0.105764933 1.25880075 0.0453970656
v 0.063162908 1.328053 0.00658317842
v 0.0898235217 1.28611636 0.0168744233
v 0.0683111399 1.33121371 0.00260669505
v 0.0969995856 1.29058671 0.011798569
v 0.102692276 1.27300751 0.0115406001
v 0.109967433 1.27856708 0.00764967315
v 0.100246891 1.29801774 -0.0086220447
v 0.113569155 1.28409553 -0.00760923838
v 0.0916984752 1.29534042 -0.0237918105
v 0.0663936287 1.3318367 -0.0252713263
v 0.0702359006 1.33345163 -0.0100782942
v 0.10287565 1.27814186 -0.0218259618
v 0.143386289 1.25387824 -0.0116727967
v 0.082823053 1.28865767 -0.0270329453
v 0.0972940624 1.27612138 -0.0239252523
v 0.0606299229 1.33049834 -0.02748367
v 0.145315051 1.25200808 -0.012016139
v 0.084114261 1.29240048 -0.0341242962
v 0.0619273596 1.33145738 -0.0307165179
v 0.0596170425 1.33414459 -0.040463876
v 0.0826374218 1.29448926 -0.0452030748
v 0.0946609974 1.27775431 -0.0500429273
v 0.0945221037 1.27625144 -0.0375135913
v 0.112834282 1.25058639 -0.0583976731
v 0.0917035639 1.2741369 -0.0326180011
v 0.114000939 1.24886417 -0.0588078499
v 0.0796803385 1.27488625 -0.0594650581
v 0.0859454721 1.27661669 -0.0572529696
v 0.0762481615 1.29361689 -0.0547615364
v 0.0696269721 1.29108608 -0.0581934676
v 0.052369751 1.32909453 -0.0534082316
v 0.0548218936 1.33291686 -0.0493758097
v 0.0425140522 1.3538574 -0.0502856486
v 0.047212109 1.33230257 -0.0527210832
v 0.0487245917 1.35099947 -0.0235666409
v 0.116454177 1.2452426 -0.0596703701
v 0.0908438861 1.27349198 -0.0311248004
v 0.0810768306 1.28794646 -0.0268049836
v 0.0939892754 1.27492499 -0.0251682196
v 0.148857281 1.24857342 -0.0126466937
v 0.101279736 1.27192807 0.0122960657
v 0.0867262855 1.28539395 0.0153133962
v 0.10763105 1.25577712 0.0457139537
v 0.0674099401 1.27623498 0.0428903773
v 0.030569328 1.3253969 0.0300345961
v 0.0228628051 1.35167801 0.0161395371
v 0.0400162116 1.35082781 -0.000575769518
v 0.047212109 1.33230257 -0.0527210832
v 0.0565032177 1.3266952 -0.0226328801
v 0.0603211857 1.31155968 -0.0409032814
v 0.0672637224 1.29018295 -0.0587607622
v 0.072859019 1.28909647 -0.0427860208
v 0.0810768306 1.28794646 -0.0268049836
v 0.0908438861 1.27349198 -0.0311248004
v 0.0828142911 1.27390015 -0.0457865596
v 0.116454177 1.2452426 -0.0596703701
v 0.0680455342 1.30941069 -0.0246906616
v 0.079624176 1.28678954 -0.00565661909
v 0.0933571234 1.27342653 -0.00643608021
v 0.0939892754 1.27492499 -0.0251682196
v 0.148857281 1.24857342 -0.0126466937
v 0.0645797476 1.30793357 -0.00586303882
v 0.101279736 1.27192807 0.0122960657
v 0.0867262855 1.28539395 0.0153133962
v 0.0696687251 1.30645657 0.0129645765
v 0.0753048137 1.27977479 0.0276017785
v 0.10763105 1.25577712 0.0457139537
v 0.0674099401 1.27623498 0.0428903773
v 0.0569454543 1.30341554 0.0238588825
v 0.030569328 1.3253969 0.0300345961
v 0.0505559184 1.32576346 0.00827390235
v 0.0774072111 1.27425849 -0.0602676533
v 0.0774072111 1.27425849 -0.0602676533
v 0.0672637224 1.29018295 -0.0587607622
v -1.05820478E-14 1.57004726 0.0833306983
v 4.77058114E-16 1.55934227 0.0971038863
v -0.00462870114 1.55876446 0.0939422697
v -1.05890469E-14 1.54528439 0.100036263
v 0.00462870114 1.55876446 0.0939422697
v -0.0206457842 1.45491493 0.0109045571
v -1.05436722E-14 1.45289743 0.02191999
v -7.67600823E-15 1.41983306 0.0269661751
v -0.0239243153 1.42218781 0.0153268427
v -0.0345170014 1.46040499 -0.00904074404
v -0.0375513434 1.42532647 -0.00511250552
v -0.0236297715 1.46478891 -0.0320859626
v -0.0265234709 1.43043292 -0.0346995071
v -1.05361954E-14 1.46810985 -0.0450273305
v -7.66852808E-15 1.43214822 -0.0505394191
v -0.0212936103 1.48225677 0.00754336454
v -1.20868578E-14 1.474944 0.0192083288
v -0.0343042426 1.49250698 -0.0103616854
v -0.0216252115 1.50264037 -0.0298269223
v -1.20760352E-14 1.50675666 -0.0421495363
v -2.154304E-15 1.38676858 0.0335594006
v -0.0281210616 1.38869286 0.0202872418
v -0.0131388484 1.35571122 0.0392535627
v -0.0222857594 1.3552829 0.0334313624
v -0.0490487367 1.35688972 0.0207404941
v -0.0446494557 1.39024842 -0.00733571732
v -0.0595420599 1.35690975 -0.00863605086
v -0.0345294848 1.39316714 -0.0409531407
v -0.0621112809 1.35734439 -0.0361091495
v -0.0400112271 1.35613108 -0.0669065341
v -2.14693884E-15 1.39383042 -0.0611078255
v 6.69270081E-15 1.35474861 -0.0806443691
v -0.0484233387 1.33140016 0.0483529978
v -0.0784050003 1.33084106 -0.0109550618
v -0.0616058037 1.33543742 -0.0563502572
v -0.0265954044 1.33399141 -0.0889714211
v 8.90097203E-15 1.33475828 -0.0958215594
v -0.081209287 1.33877158 -0.0368722305
v -0.0252141394 1.32667053 0.0449475758
v -0.109085612 1.31295836 -0.0389350839
v 8.89657847E-15 1.30989265 -0.114241645
v -0.0611785017 1.3008889 0.0720615834
v -0.0620683841 1.3277818 0.0258368626
v -0.073432602 1.33768952 0.00972966012
v -0.0984498262 1.29897165 0.0106598884
v 8.89050017E-15 1.32972193 0.0569376834
v 8.8839526E-15 1.30516124 0.0747923106
v 6.68549172E-15 1.3563267 0.0428098291
v -0.0482078493 1.33831346 -0.0773140341
v -0.0628834888 1.30884659 -0.0918004364
v -0.024960313 1.32388461 0.0385624915
v -0.0582074784 1.32609856 0.0227843896
v -0.0573081486 1.30308652 0.0628718063
v 8.8958441E-15 1.33321285 -0.0176803023
v -0.0719510615 1.32961571 -0.0108261788
v -0.0918729603 1.30190897 0.00981357507
v -0.05637246 1.33365715 -0.0526748635
v -0.100190625 1.31327224 -0.0368448384
v -0.025303103 1.33072662 -0.0832344592
v -0.0583805293 1.30919564 -0.0871172696
v 8.8958297E-15 1.31712008 -0.0758105889
v 8.88824706E-15 1.31389236 0.0363183692
v 8.88335714E-15 1.30068874 0.0682986826
v 8.89501824E-15 1.30429733 -0.109050393
v -0.0620683841 1.3277818 0.0258368626
v -0.0611785017 1.3008889 0.0720615834
v -0.0252141394 1.32667053 0.0449475758
v -0.0616058037 1.33543742 -0.0563502572
v -0.109085612 1.31295836 -0.0389350839
v -0.0784050003 1.33084106 -0.0109550618
v 8.8839526E-15 1.30516124 0.0747923106
v -0.0984498262 1.29897165 0.0106598884
v -0.0628834888 1.30884659 -0.0918004364
v -0.0265954044 1.33399141 -0.0889714211
v 8.89657847E-15 1.30989265 -0.114241645
v -0.0561465546 1.54833949 0.0472667068
v -0.0598587692 1.56069028 0.0387731828
v -0.0464140922 1.55842936 0.064707607
v -0.0503688008 1.5718292 0.0511320867
v -0.0469386838 1.54679811 0.0617174096
v -0.0421391949 1.54811156 0.0692911074
v -0.0415249728 1.53007102 0.0669894516
v -0.0367298052 1.53497314 0.0716355518
v -0.0317948237 1.52316403 0.0772892907
v -0.0298524927 1.52851331 0.0781916827
v -0.0212805681 1.52226448 0.0849854201
v -0.0210770052 1.52593732 0.0854478702
v -0.0125798024 1.51836014 0.0909075215
v -0.0154217891 1.52529979 0.0903251842
v -0.018567808 1.50825894 0.0901709646
v -0.00385688874 1.51536262 0.097929135
v -0.00371324713 1.50804734 0.100767545
v -0.0133447452 1.49569976 0.0944598168
v -0.00371476938 1.49836981 0.103064455
v -0.00568234269 1.48455262 0.100600526
v -0.0179148726 1.48854995 0.0813874006
v -0.0071567921 1.47549343 0.0906784311
v -2.16667657E-14 1.47891319 0.103540555
v -2.16699065E-14 1.4647671 0.0946839824
v -0.00374087435 1.49259019 0.103706643
v -0.0259016287 1.4946034 0.0746105164
v -0.0331752785 1.50091279 0.0668159425
v -0.0344892219 1.513641 0.0736465454
v -0.0464849174 1.51258194 0.0538082346
v -0.0463994406 1.52106857 0.0608339906
v -0.0523028746 1.52229261 0.0442008115
v -0.0540234298 1.53506386 0.0542054512
v -0.0591207817 1.53477335 0.0286014359
v -0.0656570122 1.54828489 0.0308326166
v -0.068928659 1.54073191 0.00914205611
v -0.0291587729 1.51121306 0.0479623117
v -0.0204145834 1.4966172 0.0687450096
v -2.166147E-14 1.49601746 0.0686125085
v -2.05572745E-14 1.5031538 0.0498292632
v -2.16631285E-14 1.48854995 0.0780206546
v -0.0123172551 1.48854995 0.0789684355
v -0.00371488766 1.47826469 0.0869729891
v -2.16648785E-14 1.48066783 0.0841506943
v -2.16681277E-14 1.47278571 0.0902807489
v -0.0278838351 1.51771319 0.0276377387
v -0.0390897244 1.53582597 0.00554991746
v -0.0233890358 1.51847672 0.0126610575
v -1.8269015E-14 1.50580931 0.0315377936
v -1.57274469E-14 1.50488496 0.0217854343
v -0.0594240613 1.54344809 0.00192257122
v -0.0886326954 1.57065737 -0.00321151409
v -0.0913443938 1.56837654 -0.00278962287
v -0.0975670516 1.57139099 -0.0154361129
v -0.0845608786 1.56522381 0.00968402904
v -0.0780337006 1.56930661 0.0109166512
v -0.0866182372 1.55864823 0.00617286423
v -0.0930946022 1.56442618 -0.00309423823
v -0.0905113593 1.55965829 -0.00661237305
v -0.0850579217 1.55288851 0.00152849988
v -0.0798351169 1.55012703 -0.00261743483
v -0.086527124 1.55801988 -0.0106867692
v -0.0761674494 1.56083369 0.019062873
v -0.0733901784 1.55159652 0.0228238627
v -0.0748576149 1.54577887 0.0161798224
v -0.0656570122 1.54828489 0.0308326166
v -0.068928659 1.54073191 0.00914205611
v -0.0707568675 1.55021644 -0.0059446278
v -0.0594240613 1.54344809 0.00192257122
v -0.0714328066 1.56659234 0.0199903585
v -0.0638788715 1.56085908 0.0013690273
v -0.0748631805 1.56409013 -0.00495936489
v -0.0780337006 1.56930661 0.0109166512
v -0.0714328066 1.56659234 0.0199903585
v -0.0858474746 1.56732118 -0.0112877572
v -0.0886326954 1.57065737 -0.00321151409
v -0.0282901376 1.62468088 -0.0147477984
v -0.0259435009 1.60520852 0.0318105184
v -0.0312514529 1.61194623 0.00955096446
v -0.0345423631 1.59803307 0.0408998281
v -0.0308040902 1.58982825 0.0578005351
v -0.0405047089 1.58962023 0.0542727895
v -0.0451046899 1.5946238 0.0414582007
v -0.0397088192 1.58098793 0.0622492768
v -0.0344951376 1.56396234 0.0784750059
v -0.0359895565 1.55081344 0.0824590027
v -0.0272867903 1.54355907 0.0910279602
v -0.0248571876 1.54896021 0.0926968157
v -0.0182882547 1.53595054 0.0966210142
v -0.0162198842 1.54131877 0.0971866474
v -0.00970066432 1.53071404 0.0990483463
v -0.00606423523 1.53302407 0.100067668
v -2.16571722E-14 1.5221225 0.0992376134
v -0.00732806372 1.52506614 0.0974936187
v -2.1657965E-14 1.51854134 0.099311471
v -0.00483966479 1.52037024 0.0960887596
v -0.018744139 1.53140557 0.0893180147
v -2.16590238E-14 1.5137831 0.101086512
v -2.16603113E-14 1.50797629 0.102790013
v -2.16624543E-14 1.49833 0.104845978
v -2.16640501E-14 1.49114573 0.105757087
v -0.0278768074 1.53898513 0.0850343704
v -0.0349564776 1.54390776 0.0777480379
v -0.0978757665 1.60118401 -0.00297169643
v -0.082069926 1.59805799 0.00742648588
v -0.0851936489 1.59448671 0.0128669292
v -0.0990902707 1.59987044 0.0015183764
v -0.111317337 1.60340798 -0.0100635421
v -0.0651889741 1.59038842 0.0220084991
v -0.069144927 1.58726144 0.024994595
v -0.0694666281 1.5759269 0.027948495
v -0.0617680587 1.57295966 0.0335142352
v -0.0880314782 1.5880208 0.014185668
v -0.0760168284 1.57327938 0.0224500932
v -0.0887910351 1.58235276 0.0123435492
v -0.100546673 1.5960511 0.00278958818
v -0.101325907 1.59304428 0.00158941175
v -0.0714328066 1.56659234 0.0199903585
v -0.0889616162 1.57870936 0.0093087703
v -0.100966386 1.59111512 -0.00150959368
v -0.0992771909 1.59590483 -0.00457206694
v -0.0978757665 1.60118401 -0.00297169643
v -0.082069926 1.59805799 0.00742648588
v -0.0815203711 1.58786571 0.00017830159
v -0.0630730689 1.57772803 0.00835422054
v -0.061285574 1.58635831 0.010727603
v -0.0297053885 1.5714041 0.0797035396
v -0.0368512869 1.58348894 0.0628028437
v -0.0227060262 1.5785048 0.0759834051
v -0.0122164823 1.56562829 0.0900146738
v -0.0190787949 1.56057131 0.0913960338
v -0.00995107461 1.55350685 0.0960705429
v -0.00462870114 1.55876446 0.0939422697
v -1.05890469E-14 1.54528439 0.100036263
v -1.05820478E-14 1.57004726 0.0833306983
v -0.0106472392 1.5832386 0.0672942847
v -0.0191839244 1.59396958 0.0522055328
v -1.05890469E-14 1.54528439 0.100036263
v -0.00606423523 1.53302407 0.100067668
v -0.0162198842 1.54131877 0.0971866474
v -0.00995107461 1.55350685 0.0960705429
v -2.165467E-14 1.53338969 0.101584211
v -2.16571722E-14 1.5221225 0.0992376134
v -0.0248571876 1.54896021 0.0926968157
v -0.0190787949 1.56057131 0.0913960338
v -0.0344951376 1.56396234 0.0784750059
v -0.0297053885 1.5714041 0.0797035396
v -0.0397088192 1.58098793 0.0622492768
v -0.0368512869 1.58348894 0.0628028437
v -0.0405047089 1.58962023 0.0542727895
v -0.0655479357 1.56392956 0.0280497074
v -0.0714328066 1.56659234 0.0199903585
v -0.0617680587 1.57295966 0.0335142352
v -0.0573721714 1.58505535 0.0332389437
v -0.0651889741 1.59038842 0.0220084991
v -0.0645098835 1.59368205 0.0217043962
v -0.082069926 1.59805799 0.00742648588
v -0.051426962 1.59386384 0.0292690434
v -0.0499642305 1.60078239 0.0150641082
v -0.0550727919 1.60844636 0.00241210521
v -0.018744139 1.53140557 0.0893180147
v -0.0154217891 1.52529979 0.0903251842
v -0.0210770052 1.52593732 0.0854478702
v -0.0278768074 1.53898513 0.0850343704
v -0.0298524927 1.52851331 0.0781916827
v -0.0349564776 1.54390776 0.0777480379
v -0.0367298052 1.53497314 0.0716355518
v -0.0421391949 1.54811156 0.0692911074
v -0.106829002 1.77204704 -0.106648512
v -0.107427172 1.77372205 -0.10381946
v -0.117361702 1.78993833 -0.113498606
v -0.110117622 1.77405524 -0.101907901
v -0.113981538 1.77124906 -0.102165021
v -0.11551524 1.76805139 -0.106907181
v -0.11156217 1.76921856 -0.109391771
v -0.106829002 1.77204704 -0.106648512
v -0.0976840258 1.74193919 -0.0780961066
v -0.108306199 1.73662364 -0.0817131326
v -0.08149454 1.71069074 -0.0525596589
v -0.0652978197 1.70667696 -0.0619605891
v -0.0871118829 1.73998404 -0.0847920328
v -0.0588148423 1.70095062 -0.0690717027
v -0.0855526552 1.73679185 -0.0902369097
v -0.0987864956 1.70170045 -0.0600309819
v -0.111253642 1.72788215 -0.0907143652
v -0.104825102 1.68823373 -0.0683942288
v -0.0997859836 1.72998154 -0.0966852382
v -0.0857844204 1.69200909 -0.0796386823
v -0.0855526552 1.73679185 -0.0902369097
v -0.0588148423 1.70095062 -0.0690717027
v -0.0444050245 1.67712855 -0.0379123688
v -0.0665442124 1.68322277 -0.0288711693
v -0.0323619843 1.63879561 -0.00553290546
v -0.0350291952 1.66800368 -0.0491523147
v -0.0282983314 1.63423073 -0.0232745279
v -0.0513878427 1.64966369 0.00615934189
v -0.0419275761 1.62641394 0.0254375208
v -0.032597933 1.61962032 0.0150331361
v -0.0282901376 1.62468088 -0.0147477984
v -0.0312514529 1.61194623 0.00955096446
v -0.0345423631 1.59803307 0.0408998281
v -0.0861506164 1.66924846 -0.0378669053
v -0.0685110018 1.63824356 -0.00717779342
v -0.0726614073 1.62194514 -0.0181127004
v -0.0550727919 1.60844636 0.00241210521
v -0.0534159988 1.61796999 0.0149583351
v -0.0927605033 1.65406799 -0.0476518758
v -0.0710080266 1.65867639 -0.0616899282
v -0.0512681156 1.62171042 -0.0278796311
v -0.0350291952 1.66800368 -0.0491523147
v -0.0282983314 1.63423073 -0.0232745279
v -0.0460055061 1.61455178 -0.0177505333
v -0.0282901376 1.62468088 -0.0147477984
v -2.16316409E-14 1.62360048 0.0507376567
v -0.0158467405 1.61705995 0.0414751805
v -0.0173853915 1.63914359 0.0148461051
v -2.16256016E-14 1.64405107 0.026587598
v -0.0126827452 1.60186279 0.0579763465
v -2.16364165E-14 1.60548258 0.0646653995
v -0.00580991292 1.58374035 0.0732211694
v -2.16419544E-14 1.58390868 0.0776839852
v -0.0259435009 1.60520852 0.0318105184
v -0.0191839244 1.59396958 0.0522055328
v -0.0282901376 1.62468088 -0.0147477984
v -0.0106472392 1.5832386 0.0672942847
v -0.0230651498 1.66654885 -0.0398605689
v -2.1616064E-14 1.66675508 -0.0524647646
v -0.0128171146 1.69183397 -0.0544286817
v -0.00662428467 1.69692278 -0.0492115207
v -0.013194791 1.67187846 -0.0275756512
v -2.16158099E-14 1.67465234 -0.0192081574
v -2.16085796E-14 1.70046234 -0.0464619957
v -2.16028469E-14 1.71953547 -0.0640042648
v -2.16109225E-14 1.68991327 -0.0595099926
v -2.16255423E-14 1.6308229 -0.0353648067
v -1.05820478E-14 1.57004726 0.0833306983
v -0.111001968 1.65073788 -0.0281213261
v -0.0982996896 1.64140987 -0.0248003397
v -0.0991498083 1.64290917 -0.0230243448
v -0.0811470896 1.62977028 -0.0113792727
v -0.0788935423 1.62433195 -0.0180683099
v -0.087171495 1.63153076 -0.00465918519
v -0.10100884 1.64269996 -0.0204297584
v -0.0935712978 1.62644005 -0.0045632869
v -0.104783334 1.64070129 -0.0189713165
v -0.106886193 1.63682985 -0.0216501523
v -0.103800923 1.63780427 -0.0245940126
v -0.0982996896 1.64140987 -0.0248003397
v -0.0788935423 1.62433195 -0.0180683099
v -0.0899105072 1.62162268 -0.0167577378
v -0.0971439928 1.61794245 -0.0100589572
v -0.066309683 1.61235702 0.0154069467
v -0.0763214082 1.6079936 0.0147103081
v -0.0559786111 1.60163057 0.0260201301
v -0.064062573 1.60081041 0.0246430468
v -0.0570072867 1.61095345 0.00976989791
v -0.052617982 1.60373497 0.0190720707
v -0.051426962 1.59386384 0.0292690434
v -0.0645098835 1.59368205 0.0217043962
v -0.082069926 1.59805799 0.00742648588
v -0.0550727919 1.60844636 0.00241210521
v -0.0499642305 1.60078239 0.0150641082
v -0.0715572089 1.60143173 -0.00937817525
v -0.061285574 1.58635831 0.010727603
v -0.0608215593 1.59254038 0.000184656266
v -0.0550727919 1.60844636 0.00241210521
v -0.0550727919 1.60844636 0.00241210521
v -0.0608215593 1.59254038 0.000184656266
v -0.0569347329 1.59596384 -0.00955295097
v -0.0460055061 1.61455178 -0.0177505333
v -0.04978434 1.60188437 -0.0288834441
v -0.0294524096 1.62227106 -0.0398013256
v -0.0331536941 1.60913801 -0.0510594174
v -2.16248545E-14 1.62716961 -0.0547298528
v -2.16264689E-14 1.61314201 -0.063531898
v -0.0282901376 1.62468088 -0.0147477984
v -0.0251913611 1.62502134 -0.0313630961
v -2.16255423E-14 1.6308229 -0.0353648067
v -2.16242057E-14 1.63008749 -0.0445157997
v -0.0582479052 1.58146203 -0.013950076
v -0.0630730689 1.57772803 0.00835422054
v -0.0509789214 1.5601542 -0.0172342807
v -0.0443657301 1.56590557 -0.0342766568
v -0.0499127507 1.5849638 -0.0353913307
v -0.0266787633 1.5715872 -0.054094553
v -0.0333377756 1.58987725 -0.056511458
v -2.07841099E-14 1.59221601 -0.067435801
v -1.95187799E-14 1.57225084 -0.0637702271
v -0.0204625465 1.55724776 -0.0474864319
v -0.0348719768 1.55128562 -0.0308795515
v -1.82512832E-14 1.55866981 -0.0562526174
v -0.0638788715 1.56085908 0.0013690273
v -0.0714328066 1.56659234 0.0199903585
v -0.0594240613 1.54344809 0.00192257122
v -0.0398959666 1.53829634 -0.0132228024
v -0.0390897244 1.53582597 0.00554991746
v -0.061285574 1.58635831 0.010727603
v -0.0204625465 1.55724776 -0.0474864319
v -0.0242903233 1.5355233 -0.0354578868
v -1.61381935E-14 1.5420903 -0.0506535359
v -0.0348719768 1.55128562 -0.0308795515
v -0.0398959666 1.53829634 -0.0132228024
v -0.0372925177 1.51596463 -0.0130148707
v -0.0227390546 1.5010376 0.00466219941
v -0.0248122122 1.51507318 0.00532111619
v -1.40360754E-14 1.49092066 0.0170690492
v -1.49657373E-14 1.50050139 0.0178051814
v -0.0233890358 1.51847672 0.0126610575
v -0.0390897244 1.53582597 0.00554991746
v -1.57274469E-14 1.50488496 0.0217854343
v -1.82512832E-14 1.55866981 -0.0562526174
v 0.0206457842 1.45491493 0.0109045571
v 0.0239243153 1.42218781 0.0153268427
v -7.67600823E-15 1.41983306 0.0269661751
v -1.05436722E-14 1.45289743 0.02191999
v 0.0345170014 1.46040499 -0.00904074404
v 0.0375513434 1.42532647 -0.00511250552
v 0.0236297715 1.46478891 -0.0320859626
v 0.0265234709 1.43043292 -0.0346995071
v -1.05361954E-14 1.46810985 -0.0450273305
v -7.66852808E-15 1.43214822 -0.0505394191
v 0.0212936103 1.48225677 0.00754336454
v -1.20868578E-14 1.474944 0.0192083288
v 0.0343042426 1.49250698 -0.0103616854
v 0.0216252115 1.50264037 -0.0298269223
v -1.20760352E-14 1.50675666 -0.0421495363
v -2.154304E-15 1.38676858 0.0335594006
v 0.0281210616 1.38869286 0.0202872418
v 0.0131388484 1.35571122 0.0392535627
v 0.0222857594 1.3552829 0.0334313624
v 0.0490487367 1.35688972 0.0207404941
v 0.0446494557 1.39024842 -0.00733571732
v 0.0595420599 1.35690975 -0.00863605086
v 0.0345294848 1.39316714 -0.0409531407
v 0.0621112809 1.35734439 -0.0361091495
v 0.0400112271 1.35613108 -0.0669065341
v -2.14693884E-15 1.39383042 -0.0611078255
v 6.69270081E-15 1.35474861 -0.0806443691
v 0.0484233387 1.33140016 0.0483529978
v 0.0784050003 1.33084106 -0.0109550618
v 0.0616058037 1.33543742 -0.0563502572
v 0.0265954044 1.33399141 -0.0889714211
v 8.90097203E-15 1.33475828 -0.0958215594
v 0.081209287 1.33877158 -0.0368722305
v 0.0252141394 1.32667053 0.0449475758
v 0.109085612 1.31295836 -0.0389350839
v 8.89657847E-15 1.30989265 -0.114241645
v 0.0611785017 1.3008889 0.0720615834
v 0.0620683841 1.3277818 0.0258368626
v 0.073432602 1.33768952 0.00972966012
v 0.0984498262 1.29897165 0.0106598884
v 8.8839526E-15 1.30516124 0.0747923106
v 8.89050017E-15 1.32972193 0.0569376834
v 6.68549172E-15 1.3563267 0.0428098291
v 0.0628834888 1.30884659 -0.0918004364
v 0.0482078493 1.33831346 -0.0773140341
v 0.024960313 1.32388461 0.0385624915
v 0.0573081486 1.30308652 0.0628718063
v 0.0582074784 1.32609856 0.0227843896
v 8.8958441E-15 1.33321285 -0.0176803023
v 0.0719510615 1.32961571 -0.0108261788
v 0.0918729603 1.30190897 0.00981357507
v 0.05637246 1.33365715 -0.0526748635
v 0.100190625 1.31327224 -0.0368448384
v 0.025303103 1.33072662 -0.0832344592
v 0.0583805293 1.30919564 -0.0871172696
v 8.8958297E-15 1.31712008 -0.0758105889
v 8.88824706E-15 1.31389236 0.0363183692
v 8.88335714E-15 1.30068874 0.0682986826
v 8.89501824E-15 1.30429733 -0.109050393
v 0.0620683841 1.3277818 0.0258368626
v 0.0611785017 1.3008889 0.0720615834
v 0.0252141394 1.32667053 0.0449475758
v 0.0616058037 1.33543742 -0.0563502572
v 0.109085612 1.31295836 -0.0389350839
v 0.0784050003 1.33084106 -0.0109550618
v 8.8839526E-15 1.30516124 0.0747923106
v 0.0265954044 1.33399141 -0.0889714211
v 0.0628834888 1.30884659 -0.0918004364
v 0.0984498262 1.29897165 0.0106598884
v 8.89657847E-15 1.30989265 -0.114241645
v 0.0561465546 1.54833949 0.0472667068
v 0.0464140922 1.55842936 0.064707607
v 0.0598587692 1.56069028 0.0387731828
v 0.0469386838 1.54679811 0.0617174096
v 0.0421391949 1.54811156 0.0692911074
v 0.0415249728 1.53007102 0.0669894516
v 0.0367298052 1.53497314 0.0716355518
v 0.0317948237 1.52316403 0.0772892907
v 0.0298524927 1.52851331 0.0781916827
v 0.0212805681 1.52226448 0.0849854201
v 0.0210770052 1.52593732 0.0854478702
v 0.0125798024 1.51836014 0.0909075215
v 0.0154217891 1.52529979 0.0903251842
v 0.018567808 1.50825894 0.0901709646
v 0.00385688874 1.51536262 0.097929135
v 0.00371324713 1.50804734 0.100767545
v 0.0133447452 1.49569976 0.0944598168
v 0.00371476938 1.49836981 0.103064455
v 0.00568234269 1.48455262 0.100600526
v 0.0179148726 1.48854995 0.0813874006
v 0.0071567921 1.47549343 0.0906784311
v -2.16667657E-14 1.47891319 0.103540555
v -2.16699065E-14 1.4647671 0.0946839824
v 0.00374087435 1.49259019 0.103706643
v 0.0259016287 1.4946034 0.0746105164
v 0.0331752785 1.50091279 0.0668159425
v 0.0344892219 1.513641 0.0736465454
v 0.0464849174 1.51258194 0.0538082346
v 0.0463994406 1.52106857 0.0608339906
v 0.0523028746 1.52229261 0.0442008115
v 0.0540234298 1.53506386 0.0542054512
v 0.0591207817 1.53477335 0.0286014359
v 0.0656570122 1.54828489 0.0308326166
v 0.068928659 1.54073191 0.00914205611
v 0.0291587729 1.51121306 0.0479623117
v 0.0204145834 1.4966172 0.0687450096
v -2.166147E-14 1.49601746 0.0686125085
v -2.05572745E-14 1.5031538 0.0498292632
v -2.16631285E-14 1.48854995 0.0780206546
v 0.0123172551 1.48854995 0.0789684355
v 0.00371488766 1.47826469 0.0869729891
v -2.16648785E-14 1.48066783 0.0841506943
v -2.16681277E-14 1.47278571 0.0902807489
v 0.0278838351 1.51771319 0.0276377387
v 0.0390897244 1.53582597 0.00554991746
v 0.0233890358 1.51847672 0.0126610575
v -1.8269015E-14 1.50580931 0.0315377936
v -1.57274469E-14 1.50488496 0.0217854343
v 0.0594240613 1.54344809 0.00192257122
v 0.0886326954 1.57065737 -0.00321151409
v 0.0975670516 1.57139099 -0.0154361129
v 0.0913443938 1.56837654 -0.00278962287
v 0.0845608786 1.56522381 0.00968402904
v 0.0780337006 1.56930661 0.0109166512
v 0.0866182372 1.55864823 0.00617286423
v 0.0930946022 1.56442618 -0.00309423823
v 0.0905113593 1.55965829 -0.00661237305
v 0.0850579217 1.55288851 0.00152849988
v 0.0798351169 1.55012703 -0.00261743483
v 0.086527124 1.55801988 -0.0106867692
v 0.0761674494 1.56083369 0.019062873
v 0.0733901784 1.55159652 0.0228238627
v 0.0748576149 1.54577887 0.0161798224
v 0.0656570122 1.54828489 0.0308326166
v 0.068928659 1.54073191 0.00914205611
v 0.0707568675 1.55021644 -0.0059446278
v 0.0594240613 1.54344809 0.00192257122
v 0.0714328066 1.56659234 0.0199903585
v 0.0638788715 1.56085908 0.0013690273
v 0.0748631805 1.56409013 -0.00495936489
v 0.0780337006 1.56930661 0.0109166512
v 0.0714328066 1.56659234 0.0199903585
v 0.0858474746 1.56732118 -0.0112877572
v 0.0886326954 1.57065737 -0.00321151409
v 0.0282901376 1.62468088 -0.0147477984
v 0.0312514529 1.61194623 0.00955096446
v 0.0259435009 1.60520852 0.0318105184
v 0.0345423631 1.59803307 0.0408998281
v 0.0308040902 1.58982825 0.0578005351
v 0.0191839244 1.59396958 0.0522055328
v 0.0227060262 1.5785048 0.0759834051
v 0.0297053885 1.5714041 0.0797035396
v 0.0368512869 1.58348894 0.0628028437
v 0.0106472392 1.5832386 0.0672942847
v 0.0122164823 1.56562829 0.0900146738
v 0.0190787949 1.56057131 0.0913960338
v 0.00995107461 1.55350685 0.0960705429
v 0.00462870114 1.55876446 0.0939422697
v -1.05890469E-14 1.54528439 0.100036263
v -1.05820478E-14 1.57004726 0.0833306983
v 0.0405047089 1.58962023 0.0542727895
v 0.0451046899 1.5946238 0.0414582007
v 0.0503688008 1.5718292 0.0511320867
v 0.0397088192 1.58098793 0.0622492768
v 0.0344951376 1.56396234 0.0784750059
v 0.0359895565 1.55081344 0.0824590027
v 0.0272867903 1.54355907 0.0910279602
v 0.0248571876 1.54896021 0.0926968157
v 0.0182882547 1.53595054 0.0966210142
v 0.0162198842 1.54131877 0.0971866474
v 0.00970066432 1.53071404 0.0990483463
v 0.00606423523 1.53302407 0.100067668
v -2.16571722E-14 1.5221225 0.0992376134
v 0.00732806372 1.52506614 0.0974936187
v -2.1657965E-14 1.51854134 0.099311471
v 0.00483966479 1.52037024 0.0960887596
v 0.018744139 1.53140557 0.0893180147
v -2.16590238E-14 1.5137831 0.101086512
v -2.16603113E-14 1.50797629 0.102790013
v -2.16624543E-14 1.49833 0.104845978
v -2.16640501E-14 1.49114573 0.105757087
v 0.0278768074 1.53898513 0.0850343704
v 0.0349564776 1.54390776 0.0777480379
v 0.0617680587 1.57295966 0.0335142352
v 0.0655479357 1.56392956 0.0280497074
v 0.0714328066 1.56659234 0.0199903585
v 0.0573721714 1.58505535 0.0332389437
v 0.0651889741 1.59038842 0.0220084991
v 0.0645098835 1.59368205 0.0217043962
v 0.082069926 1.59805799 0.00742648588
v 0.051426962 1.59386384 0.0292690434
v 0.0499642305 1.60078239 0.0150641082
v 0.0550727919 1.60844636 0.00241210521
v 0.0978757665 1.60118401 -0.00297169643
v 0.0990902707 1.59987044 0.0015183764
v 0.0851936489 1.59448671 0.0128669292
v 0.082069926 1.59805799 0.00742648588
v 0.111317337 1.60340798 -0.0100635421
v 0.0651889741 1.59038842 0.0220084991
v 0.069144927 1.58726144 0.024994595
v 0.0694666281 1.5759269 0.027948495
v 0.0617680587 1.57295966 0.0335142352
v 0.0880314782 1.5880208 0.014185668
v 0.0760168284 1.57327938 0.0224500932
v 0.0887910351 1.58235276 0.0123435492
v 0.100546673 1.5960511 0.00278958818
v 0.101325907 1.59304428 0.00158941175
v 0.0714328066 1.56659234 0.0199903585
v 0.0889616162 1.57870936 0.0093087703
v 0.100966386 1.59111512 -0.00150959368
v 0.0992771909 1.59590483 -0.00457206694
v 0.0978757665 1.60118401 -0.00297169643
v 0.082069926 1.59805799 0.00742648588
v 0.0815203711 1.58786571 0.00017830159
v 0.0630730689 1.57772803 0.00835422054
v 0.061285574 1.58635831 0.010727603
v 0.0349564776 1.54390776 0.0777480379
v 0.0367298052 1.53497314 0.0716355518
v 0.0298524927 1.52851331 0.0781916827
v 0.0278768074 1.53898513 0.0850343704
v 0.0210770052 1.52593732 0.0854478702
v 0.018744139 1.53140557 0.0893180147
v 0.0421391949 1.54811156 0.0692911074
v 0.0154217891 1.52529979 0.0903251842
v -1.05890469E-14 1.54528439 0.100036263
v 0.00995107461 1.55350685 0.0960705429
v 0.0162198842 1.54131877 0.0971866474
v 0.00606423523 1.53302407 0.100067668
v -2.165467E-14 1.53338969 0.101584211
v -2.16571722E-14 1.5221225 0.0992376134
v 0.0248571876 1.54896021 0.0926968157
v 0.0190787949 1.56057131 0.0913960338
v 0.0344951376 1.56396234 0.0784750059
v 0.0297053885 1.5714041 0.0797035396
v 0.0397088192 1.58098793 0.0622492768
v 0.0368512869 1.58348894 0.0628028437
v 0.0405047089 1.58962023 0.0542727895
v 0.106829002 1.77204704 -0.106648512
v 0.117361702 1.78993833 -0.113498606
v 0.107427172 1.77372205 -0.10381946
v 0.0855526552 1.73679185 -0.0902369097
v 0.0871118829 1.73998404 -0.0847920328
v 0.0588148423 1.70095062 -0.0690717027
v 0.0652978197 1.70667696 -0.0619605891
v 0.0350291952 1.66800368 -0.0491523147
v 0.0444050245 1.67712855 -0.0379123688
v 0.0282983314 1.63423073 -0.0232745279
v 0.0323619843 1.63879561 -0.00553290546
v 0.0513878427 1.64966369 0.00615934189
v 0.0419275761 1.62641394 0.0254375208
v 0.032597933 1.61962032 0.0150331361
v 0.0282901376 1.62468088 -0.0147477984
v 0.0312514529 1.61194623 0.00955096446
v 0.0345423631 1.59803307 0.0408998281
v 0.0665442124 1.68322277 -0.0288711693
v 0.08149454 1.71069074 -0.0525596589
v 0.0987864956 1.70170045 -0.0600309819
v 0.0861506164 1.66924846 -0.0378669053
v 0.104825102 1.68823373 -0.0683942288
v 0.111253642 1.72788215 -0.0907143652
v 0.108306199 1.73662364 -0.0817131326
v 0.0927605033 1.65406799 -0.0476518758
v 0.0685110018 1.63824356 -0.00717779342
v 0.0726614073 1.62194514 -0.0181127004
v 0.0550727919 1.60844636 0.00241210521
v 0.0534159988 1.61796999 0.0149583351
v 0.0512681156 1.62171042 -0.0278796311
v 0.0710080266 1.65867639 -0.0616899282
v 0.0857844204 1.69200909 -0.0796386823
v 0.0997859836 1.72998154 -0.0966852382
v 0.0282983314 1.63423073 -0.0232745279
v 0.0350291952 1.66800368 -0.0491523147
v 0.0588148423 1.70095062 -0.0690717027
v 0.0855526552 1.73679185 -0.0902369097
v 0.0460055061 1.61455178 -0.0177505333
v 0.0282901376 1.62468088 -0.0147477984
v 0.106829002 1.77204704 -0.106648512
v 0.11156217 1.76921856 -0.109391771
v 0.11551524 1.76805139 -0.106907181
v 0.113981538 1.77124906 -0.102165021
v 0.110117622 1.77405524 -0.101907901
v 0.0976840258 1.74193919 -0.0780961066
v -2.16158099E-14 1.67465234 -0.0192081574
v 0.013194791 1.67187846 -0.0275756512
v 0.0173853915 1.63914359 0.0148461051
v -2.16256016E-14 1.64405107 0.026587598
v -2.16316409E-14 1.62360048 0.0507376567
v 0.0158467405 1.61705995 0.0414751805
v 0.00662428467 1.69692278 -0.0492115207
v -2.16085796E-14 1.70046234 -0.0464619957
v -2.16028469E-14 1.71953547 -0.0640042648
v 0.0126827452 1.60186279 0.0579763465
v -2.16364165E-14 1.60548258 0.0646653995
v 0.00580991292 1.58374035 0.0732211694
v -2.16419544E-14 1.58390868 0.0776839852
v 0.0259435009 1.60520852 0.0318105184
v 0.0191839244 1.59396958 0.0522055328
v 0.0282901376 1.62468088 -0.0147477984
v 0.0230651498 1.66654885 -0.0398605689
v 0.0128171146 1.69183397 -0.0544286817
v 0.0106472392 1.5832386 0.0672942847
v -2.16109225E-14 1.68991327 -0.0595099926
v -2.1616064E-14 1.66675508 -0.0524647646
v -2.16255423E-14 1.6308229 -0.0353648067
v -1.05820478E-14 1.57004726 0.0833306983
v 0.111001968 1.65073788 -0.0281213261
v 0.0991498083 1.64290917 -0.0230243448
v 0.0982996896 1.64140987 -0.0248003397
v 0.0811470896 1.62977028 -0.0113792727
v 0.0788935423 1.62433195 -0.0180683099
v 0.0550727919 1.60844636 0.00241210521
v 0.0570072867 1.61095345 0.00976989791
v 0.087171495 1.63153076 -0.00465918519
v 0.066309683 1.61235702 0.0154069467
v 0.0935712978 1.62644005 -0.0045632869
v 0.0763214082 1.6079936 0.0147103081
v 0.0559786111 1.60163057 0.0260201301
v 0.064062573 1.60081041 0.0246430468
v 0.10100884 1.64269996 -0.0204297584
v 0.104783334 1.64070129 -0.0189713165
v 0.106886193 1.63682985 -0.0216501523
v 0.103800923 1.63780427 -0.0245940126
v 0.0899105072 1.62162268 -0.0167577378
v 0.0788935423 1.62433195 -0.0180683099
v 0.0982996896 1.64140987 -0.0248003397
v 0.0715572089 1.60143173 -0.00937817525
v 0.0550727919 1.60844636 0.00241210521
v 0.0971439928 1.61794245 -0.0100589572
v 0.082069926 1.59805799 0.00742648588
v 0.0645098835 1.59368205 0.0217043962
v 0.051426962 1.59386384 0.0292690434
v 0.052617982 1.60373497 0.0190720707
v 0.0499642305 1.60078239 0.0150641082
v 0.061285574 1.58635831 0.010727603
v 0.0608215593 1.59254038 0.000184656266
v 0.0550727919 1.60844636 0.00241210521
v 0.0569347329 1.59596384 -0.00955295097
v 0.0608215593 1.59254038 0.000184656266
v 0.0460055061 1.61455178 -0.0177505333
v 0.04978434 1.60188437 -0.0288834441
v 0.0294524096 1.62227106 -0.0398013256
v 0.0331536941 1.60913801 -0.0510594174
v -2.16248545E-14 1.62716961 -0.0547298528
v -2.16264689E-14 1.61314201 -0.063531898
v 0.0282901376 1.62468088 -0.0147477984
v 0.0251913611 1.62502134 -0.0313630961
v -2.16255423E-14 1.6308229 -0.0353648067
v -2.16242057E-14 1.63008749 -0.0445157997
v 0.0582479052 1.58146203 -0.013950076
v 0.0630730689 1.57772803 0.00835422054
v 0.0509789214 1.5601542 -0.0172342807
v 0.0443657301 1.56590557 -0.0342766568
v 0.0499127507 1.5849638 -0.0353913307
v 0.0266787633 1.5715872 -0.054094553
v 0.0333377756 1.58987725 -0.056511458
v -2.07841099E-14 1.59221601 -0.067435801
v -1.95187799E-14 1.57225084 -0.0637702271
v 0.0204625465 1.55724776 -0.0474864319
v 0.0348719768 1.55128562 -0.0308795515
v -1.82512832E-14 1.55866981 -0.0562526174
v 0.0638788715 1.56085908 0.0013690273
v 0.0714328066 1.56659234 0.0199903585
v 0.0594240613 1.54344809 0.00192257122
v 0.0398959666 1.53829634 -0.0132228024
v 0.0390897244 1.53582597 0.00554991746
v 0.061285574 1.58635831 0.010727603
v -1.82512832E-14 1.55866981 -0.0562526174
v -1.61381935E-14 1.5420903 -0.0506535359
v 0.0204625465 1.55724776 -0.0474864319
v 0.0242903233 1.5355233 -0.0354578868
v 0.0348719768 1.55128562 -0.0308795515
v 0.0398959666 1.53829634 -0.0132228024
v 0.0372925177 1.51596463 -0.0130148707
v 0.0248122122 1.51507318 0.00532111619
v 0.0227390546 1.5010376 0.00466219941
v -1.49657373E-14 1.50050139 0.0178051814
v -1.40360754E-14 1.49092066 0.0170690492
v 0.0233890358 1.51847672 0.0126610575
v 0.0390897244 1.53582597 0.00554991746
v -1.57274469E-14 1.50488496 0.0217854343
v -0.155635774 0.774307251 -0.232488438
v -0.11558751 0.801811039 -0.22435917
v -0.131689101 0.762901843 -0.228641853
v -0.107584544 0.754945993 -0.237244099
v -0.187886 0.739597321 -0.242515638
v -0.149291307 0.72042191 -0.233550221
v -0.191459849 0.677276969 -0.259830058
v -0.172613516 0.66792661 -0.25547865
v -0.19074069 0.62590009 -0.267537028
v -0.193092898 0.628944755 -0.273243755
v -0.228355512 0.595660627 -0.282914042
v -0.208096206 0.584946632 -0.276167423
v -0.229385257 0.537715375 -0.298983872
v -0.187561035 0.579223275 -0.286951482
v -0.187949792 0.62687248 -0.273752749
v -0.153609306 0.662025809 -0.26357612
v -0.110363804 0.708361268 -0.250188053
v -0.274926037 0.48499769 -0.314169586
v -0.241928741 0.508605063 -0.307209522
v -0.255558878 0.475386769 -0.309690237
v -0.236029312 0.469325095 -0.318019211
v -0.270543724 0.438806206 -0.312169492
v -0.237450942 0.429307848 -0.329126149
v -0.2875368 0.401174188 -0.330660343
v -0.267575592 0.394938529 -0.339032054
v -0.306341588 0.359119087 -0.349449217
v -0.307335585 0.410959095 -0.335096955
v -0.303309828 0.455844373 -0.322608024
v -0.357906103 0.315771997 -0.362114906
v -0.31586346 0.33702141 -0.35569343
v -0.330076784 0.300285727 -0.349747002
v -0.301863492 0.293190777 -0.367661417
v -0.346411288 0.266127557 -0.375725657
v -0.384523243 0.224538058 -0.387733608
v -0.357585132 0.240195841 -0.383053124
v -0.367430955 0.215162203 -0.380617291
v -0.350114852 0.210673869 -0.391138971
v -0.379495203 0.18462044 -0.378171921
v -0.350055456 0.17795898 -0.400203615
v -0.403914779 0.130492494 -0.404542148
v -0.387886047 0.126522914 -0.414936423
v -0.430157572 0.0717737302 -0.430643708
v -0.419719636 0.139349625 -0.411785841
v -0.408587635 0.201543421 -0.39441067
v 0.155635491 0.774307013 -0.232487753
v 0.131688818 0.762901604 -0.228641197
v 0.11558722 0.80181092 -0.224358484
v 0.107584268 0.754945755 -0.237243459
v 0.149291053 0.720421672 -0.233549565
v 0.11036355 0.70836103 -0.250187457
v 0.172613308 0.667926371 -0.255478084
v 0.153609097 0.662025571 -0.263575524
v 0.187949613 0.626872241 -0.273752272
v 0.190740511 0.625899911 -0.267536491
v 0.208096087 0.584946454 -0.276166916
v 0.187560901 0.579223156 -0.286950976
v 0.229385123 0.537715137 -0.298983425
v 0.228355363 0.595660388 -0.282913536
v 0.193092719 0.628944635 -0.273243219
v 0.191459626 0.677276671 -0.259829432
v 0.187885776 0.739597142 -0.242515013
v 0.274925977 0.484997541 -0.314169198
v 0.255558789 0.47538662 -0.30968985
v 0.241928622 0.508604944 -0.307209074
v 0.236029238 0.469324976 -0.318018824
v 0.303309709 0.455844134 -0.322607636
v 0.270543605 0.438805997 -0.312169105
v 0.307335556 0.410958916 -0.335096657
v 0.28753674 0.401174039 -0.330660015
v 0.306341559 0.359119028 -0.349449009
v 0.267575532 0.39493838 -0.339031696
v 0.237450823 0.42930761 -0.329125822
v 0.357906073 0.315771878 -0.362114638
v 0.330076754 0.300285608 -0.349746764
v 0.31586346 0.337021172 -0.355693191
v 0.301863462 0.293190658 -0.367661208
v 0.346411318 0.266127437 -0.375725478
v 0.384523302 0.224537849 -0.387733459
v 0.367431015 0.215161964 -0.380617142
v 0.357585162 0.240195721 -0.383052945
v 0.350114942 0.210673645 -0.391138822
v 0.408587724 0.201543286 -0.394410551
v 0.379495233 0.184620321 -0.378171831
v 0.419719756 0.139349401 -0.411785811
v 0.403914869 0.13049227 -0.404542089
v 0.430157661 0.0717735142 -0.430643678
v 0.387886107 0.126522705 -0.414936393
v 0.350055486 0.177958891 -0.400203466
v 0.0260115378 0.750438511 -0.258551031
v 1.19209282E-08 0.748655021 -0.252342612
v 3.81503301E-15 0.790643513 -0.247002617
v -0.0260115135 0.750438511 -0.258551031
v 1.19209282E-08 0.702810645 -0.25840643
v -0.0419650003 0.706489384 -0.271174908
v 1.31130218E-08 0.645964801 -0.281839162
v -0.0204895698 0.647748351 -0.288047582
v -0.00278410735 0.602614641 -0.301011741
v 1.2814998E-08 0.600522339 -0.295075327
v 1.19209282E-08 0.556277812 -0.304838508
v -0.0220832154 0.558860779 -0.313579559
v 3.75612483E-15 0.505094767 -0.329023212
v 0.0220832396 0.558860779 -0.313579559
v 0.00278413296 0.602614641 -0.301011741
v 0.0204895977 0.647748351 -0.288047582
v 0.0419650264 0.706489384 -0.271174908
v 0.0210559238 0.439621955 -0.347829551
v -0 0.437787175 -0.34144187
v 3.74936085E-15 0.473619878 -0.338064045
v -0.0210559238 0.439621955 -0.347829551
v 0.0356513225 0.402227163 -0.358570784
v 1.31130218E-08 0.39833042 -0.344907671
v 0.0215232465 0.359380901 -0.370877892
v 1.31130218E-08 0.357546121 -0.364490181
v 3.71527074E-15 0.311990917 -0.384490073
v -0.0215232205 0.359380901 -0.370877892
v -0.0356512927 0.402227163 -0.358570784
v 0.0303375088 0.252914816 -0.401459098
v 1.31130218E-08 0.248576865 -0.38635689
v 3.71019023E-15 0.288098007 -0.391353071
v -0.0303374827 0.252914816 -0.401459098
v 3.69429397E-15 0.211445391 -0.413370669
v 0.0186262541 0.158982292 -0.428440124
v -0 0.156455621 -0.41964376
v 3.68829316E-15 0.183407277 -0.421424329
v -0.0186262541 0.158982292 -0.428440124
v 0.0316851959 0.12886478 -0.437091053
v 1.31130218E-08 0.123567522 -0.418000549
v 0.0172324758 0.0674347803 -0.454736173
v -0 0.0649081171 -0.445939809
v 3.6510055E-15 0.00130389945 -0.473731458
v -0.0172324758 0.0674347803 -0.454736173
v -0.0316851698 0.12886478 -0.437091053
v 0.947640598 0.979815185 -0.231850445
v 1.03452528 0.97537601 -0.23185046
v 0.956303179 0.963893473 -0.225395545
v 0.964965701 0.947971761 -0.23185046
v 0.871644437 0.957126319 -0.220079258
v 0.865087032 0.994527042 -0.23185043
v 0.796323061 1.01824653 -0.231850386
v 0.774249911 0.96522063 -0.215603024
v 0.706805944 1.05921328 -0.231850356
v 0.667592824 1.00431025 -0.220079184
v 0.628367543 0.949375212 -0.231850371
v 0.702167869 0.913269937 -0.231850415
v 0.801850855 0.911391795 -0.23185043
v 0.878189504 0.919693589 -0.231850445
v 0.663038135 1.04631913 -0.22565794
v 0.565743268 1.08272743 -0.231850311
v 0.619675219 1.03672016 -0.231850356
v 0.620039403 1.02689683 -0.231850356
v 0.620503128 0.986500144 -0.224455759
v 0.508004546 1.0175854 -0.231850311
v 0.608608603 1.02076352 -0.231850356
v 0.511439919 1.08456254 -0.231850281
v 0.501930177 1.05613208 -0.223068327
v 0.46120742 1.06352043 -0.226969719
v 0.464239925 1.07817149 -0.231850281
v 0.538911045 1.05587697 -0.223068342
v 0.542900503 1.07924569 -0.231850311
v 0.57757771 1.04569089 -0.226969749
v 0.585046887 1.05594134 -0.231850311
v 0.605295599 1.03834724 -0.231850326
v 0.570108593 1.03544044 -0.231850326
v 0.407130301 1.07178068 -0.231850252
v 0.458174884 1.04886937 -0.231850281
v 0.492420375 1.02772677 -0.231850311
v 0.534921587 1.03253353 -0.231850311
v 0.201067194 1.00003457 -0.231850192
v 0.169033751 1.01208937 -0.231850177
v 0.201067194 1.00869322 -0.226305798
v 0.201067194 1.01735187 -0.231850192
v 0.278322011 1.00196362 -0.221536949
v 0.268573314 1.0303669 -0.231850222
v 0.330989987 1.00912797 -0.219133124
v 0.318047315 1.04965103 -0.231850237
v 0.370827794 1.01789939 -0.219133139
v 0.360331118 1.05511177 -0.231850237
v 0.405254036 1.04208124 -0.231850281
v 0.407316536 1.01526666 -0.221536994
v 0.450552821 1.0070076 -0.226305887
v 0.448031455 1.01970732 -0.231850296
v 0.496675789 0.997333348 -0.231850311
v 0.501932025 0.991976976 -0.231850311
v 0.453074217 0.994307935 -0.231850311
v 0.288068026 0.973549783 -0.231850252
v 0.343931079 0.968590498 -0.231850281
v 0.38132292 0.980672657 -0.231850281
v 0.40937674 0.988441348 -0.231850296
v 0.241579071 0.90659827 -0.231850281
v 0.294465631 0.832420051 -0.231850311
v 0.232918471 0.882312477 -0.225344494
v 0.224257842 0.858026743 -0.231850281
v 0.188572899 0.86906141 -0.231850281
v 0.201105863 0.902166665 -0.220941961
v 0.144061595 0.905080914 -0.231850237
v 0.164379403 0.928342998 -0.220941946
v 0.133694038 0.959118605 -0.225344419
v 0.117315769 0.952922702 -0.231850192
v 0.111997038 0.990081608 -0.231850162
v 0.150072306 0.965314627 -0.231850192
v 0.213642359 0.935276866 -0.231850237
v 0.184700772 0.951610148 -0.231850222
v 0.237945959 0.829197884 -0.231850311
v 0.222782031 0.822451055 -0.225432128
v 0.192816749 0.844400227 -0.231850281
v 0.207609326 0.815695465 -0.231850311
v 0.219538704 0.766242266 -0.231850311
v 0.261755466 0.784323931 -0.222169101
v 0.24082233 0.730944872 -0.231850356
v 0.289154351 0.751503944 -0.220525622
v 0.323424935 0.7090078 -0.220525622
v 0.282663345 0.683367133 -0.231850371
v 0.341886431 0.637016296 -0.231850386
v 0.369882494 0.660268545 -0.222169191
v 0.417160362 0.616487622 -0.225432232
v 0.40275386 0.600584388 -0.23185043
v 0.472809821 0.571534395 -0.227856025
v 0.463621229 0.564152479 -0.23185043
v 0.559699774 0.521858335 -0.23185046
v 0.481998384 0.578916371 -0.23185043
v 0.431558102 0.632382035 -0.23185043
v 0.397868574 0.683511496 -0.231850386
v 0.364178985 0.734640956 -0.231850371
v 0.337478757 0.772055566 -0.231850356
v 0.303962201 0.802396238 -0.231850326
v 0.458273977 0.975865841 -0.231850311
v 0.528158426 0.971396327 -0.231850326
v 0.513648391 0.9428249 -0.215600118
v 0.456163704 0.9605093 -0.222176924
v 0.576297104 0.950868785 -0.231850356
v 0.556732953 0.923206985 -0.215600148
v 0.608560145 0.901974916 -0.222176999
v 0.628189802 0.923719823 -0.231850386
v 0.682045102 0.867774248 -0.231850415
v 0.588930547 0.88023001 -0.231850386
v 0.408970445 0.967519045 -0.231850296
v 0.454053402 0.945152819 -0.231850311
v 0.499136388 0.914247572 -0.231850356
v 0.537166834 0.895539224 -0.231850356
v -0.947640598 0.979815185 -0.231850445
v -0.956303179 0.963893473 -0.225395545
v -1.03452516 0.97537601 -0.23185046
v -0.964965701 0.947971761 -0.23185046
v -0.878189504 0.919693589 -0.231850445
v -0.871644437 0.957126319 -0.220079258
v -0.774249911 0.96522063 -0.215603024
v -0.801850855 0.911391795 -0.23185043
v -0.702167869 0.913269937 -0.231850415
v -0.796323061 1.01824653 -0.231850386
v -0.865087032 0.994527042 -0.23185043
v -0.501930177 1.05613208 -0.223068327
v -0.46120742 1.06352043 -0.226969719
v -0.458174884 1.04886937 -0.231850281
v -0.492420375 1.02772677 -0.231850311
v -0.534921587 1.03253353 -0.231850311
v -0.538911045 1.05587697 -0.223068342
v -0.570108593 1.03544044 -0.231850326
v -0.57757771 1.04569089 -0.226969749
v -0.605295599 1.03834724 -0.231850326
v -0.585046887 1.05594134 -0.231850311
v -0.407130301 1.07178068 -0.231850252
v -0.464239925 1.07817149 -0.231850281
v -0.511439919 1.08456254 -0.231850281
v -0.542900503 1.07924569 -0.231850311
v -0.706805944 1.05921328 -0.231850356
v -0.565743268 1.08272743 -0.231850311
v -0.663038135 1.04631913 -0.22565794
v -0.619675219 1.03672016 -0.231850356
v -0.620039403 1.02689683 -0.231850356
v -0.667592824 1.00431025 -0.220079184
v -0.774249911 0.96522063 -0.215603024
v -0.796323061 1.01824653 -0.231850386
v -0.702167869 0.913269937 -0.231850415
v -0.628367543 0.949375212 -0.231850371
v -0.620503128 0.986500144 -0.224455759
v -0.508004546 1.0175854 -0.231850311
v -0.608608603 1.02076352 -0.231850356
v -0.201067194 1.00003457 -0.231850192
v -0.201067194 1.00869322 -0.226305798
v -0.169033751 1.01208937 -0.231850177
v -0.201067194 1.01735187 -0.231850192
v -0.288068026 0.973549783 -0.231850252
v -0.278322011 1.00196362 -0.221536949
v -0.343931079 0.968590498 -0.231850281
v -0.330989987 1.00912797 -0.219133124
v -0.38132292 0.980672657 -0.231850281
v -0.370827794 1.01789939 -0.219133139
v -0.407316536 1.01526666 -0.221536994
v -0.40937674 0.988441348 -0.231850296
v -0.453074217 0.994307935 -0.231850311
v -0.450552821 1.0070076 -0.226305887
v -0.501932025 0.991976976 -0.231850311
v -0.496675789 0.997333348 -0.231850311
v -0.448031425 1.01970732 -0.231850296
v -0.268573314 1.0303669 -0.231850222
v -0.318047315 1.04965103 -0.231850237
v -0.360331118 1.05511177 -0.231850237
v -0.405254036 1.04208124 -0.231850281
v -0.241579071 0.90659827 -0.231850281
v -0.232918471 0.882312477 -0.225344494
v -0.294465631 0.832420051 -0.231850311
v -0.224257842 0.858026743 -0.231850281
v -0.201105863 0.902166665 -0.220941961
v -0.213642359 0.935276866 -0.231850237
v -0.164379403 0.928342998 -0.220941946
v -0.184700772 0.951610148 -0.231850222
v -0.150072306 0.965314627 -0.231850192
v -0.133694038 0.959118605 -0.225344419
v -0.111997038 0.990081608 -0.231850162
v -0.117315769 0.952922702 -0.231850192
v -0.188572899 0.86906141 -0.231850281
v -0.144061595 0.905080914 -0.231850237
v -0.237945959 0.829197884 -0.231850311
v -0.192816749 0.844400227 -0.231850281
v -0.222782031 0.822451055 -0.225432128
v -0.207609326 0.815695465 -0.231850311
v -0.261755466 0.784323931 -0.222169101
v -0.303962201 0.802396238 -0.231850326
v -0.289154351 0.751503944 -0.220525622
v -0.337478757 0.772055566 -0.231850356
v -0.364178985 0.734640956 -0.231850371
v -0.323424935 0.7090078 -0.220525622
v -0.369882494 0.660268545 -0.222169191
v -0.397868574 0.683511496 -0.231850386
v -0.431558102 0.632382035 -0.23185043
v -0.417160362 0.616487622 -0.225432232
v -0.481998384 0.578916371 -0.23185043
v -0.472809821 0.571534395 -0.227856025
v -0.559699774 0.521858335 -0.23185046
v -0.463621229 0.564152479 -0.23185043
v -0.40275386 0.600584388 -0.23185043
v -0.341886431 0.637016296 -0.231850386
v -0.282663345 0.683367193 -0.231850371
v -0.24082233 0.730944872 -0.231850356
v -0.219538704 0.766242266 -0.231850311
v -0.456163704 0.9605093 -0.222176924
v -0.454053402 0.945152819 -0.231850311
v -0.499136388 0.914247572 -0.231850356
v -0.513648391 0.9428249 -0.215600118
v -0.556732953 0.923206985 -0.215600148
v -0.537166834 0.895539224 -0.231850356
v -0.588930547 0.88023001 -0.231850386
v -0.608560145 0.901974916 -0.222176999
v -0.682045102 0.867774248 -0.231850415
v -0.628189802 0.923719823 -0.231850386
v -0.408970445 0.967519045 -0.231850296
v -0.458273977 0.975865841 -0.231850311
v -0.528158426 0.971396327 -0.231850326
v -0.576297104 0.950868785 -0.231850356
v -0.36072132 1.19514906 -0.231850237
v -0.314703375 1.19241488 -0.231850237
v -0.355577379 1.18328583 -0.227319598
v -0.350433469 1.1714226 -0.231850237
v -0.406739175 1.19788313 -0.231850252
v -0.396452069 1.17416155 -0.22236751
v -0.433328688 1.16914451 -0.219630405
v -0.4475725 1.20421457 -0.231850281
v -0.495539039 1.16344297 -0.215261757
v -0.510526419 1.20856631 -0.231850296
v -0.549803853 1.15767848 -0.21963045
v -0.558816433 1.19414437 -0.231850311
v -0.597524524 1.15498757 -0.222367585
v -0.599601924 1.17761683 -0.231850311
v -0.654011965 1.16308701 -0.227319673
v -0.653210044 1.17014551 -0.231850326
v -0.686099589 1.16963649 -0.231850356
v -0.654813886 1.15602839 -0.231850356
v -0.595445812 1.13234866 -0.231850326
v -0.540789485 1.12119913 -0.231850311
v -0.480547518 1.11828673 -0.231850296
v -0.419083118 1.1340611 -0.231850281
v -0.386163563 1.15043032 -0.231850281
v -0.543066382 1.33236742 -0.231850281
v -0.51413095 1.31673491 -0.231850281
v -0.597463071 1.32845056 -0.226234972
v -0.571060121 1.3151201 -0.231850281
v -0.576819777 1.31176937 -0.231850281
v -0.622006178 1.29657412 -0.222805366
v -0.645276845 1.34496975 -0.231850311
v -0.669939101 1.29221857 -0.22151947
v -0.69556272 1.33961928 -0.231850311
v -0.734396279 1.33269441 -0.231850356
v -0.714972913 1.28885591 -0.223794475
v -0.755089164 1.28887475 -0.224730283
v -0.769139469 1.32776964 -0.231850356
v -0.81931752 1.32759261 -0.231850371
v -0.811369061 1.29599023 -0.227553293
v -0.858374357 1.30914462 -0.22771953
v -0.862359703 1.33255613 -0.231850386
v -0.909090459 1.34110236 -0.231850386
v -0.90711838 1.32892454 -0.228132516
v -0.955821216 1.35498548 -0.23185043
v -0.904991031 1.31662035 -0.231850386
v -0.854160726 1.28570533 -0.231850386
v -0.803189993 1.26443481 -0.231850371
v -0.740613401 1.25011325 -0.231850356
v -0.695179582 1.2451086 -0.231850356
v -0.643902421 1.24493384 -0.231850311
v -0.598044813 1.24862051 -0.231850311
v -0.576424599 1.27817237 -0.226234972
v -0.560172319 1.25548959 -0.231850296
v -0.497978568 1.250368 -0.231850281
v -0.573740602 1.30428982 -0.231850296
v -0.599759042 1.46828163 -0.231850281
v -0.56024313 1.43226743 -0.231850281
v -0.604801595 1.45038688 -0.227070823
v -0.610000789 1.4325366 -0.231850281
v -0.639274955 1.49844742 -0.231850281
v -0.649521947 1.46680474 -0.223005518
v -0.679458857 1.50561607 -0.231850281
v -0.690082073 1.4833914 -0.223005518
v -0.730317056 1.50074637 -0.228021577
v -0.727746785 1.51045036 -0.231850311
v -0.765080094 1.52093279 -0.231850311
v -0.732887387 1.49104261 -0.231850311
v -0.700694799 1.46115243 -0.231850311
v -0.659758389 1.43514812 -0.231850296
v -0.439541966 1.24409235 -0.231850252
v -0.433881342 1.24828148 -0.229043454
v -0.411288708 1.23690677 -0.231850237
v -0.428220689 1.25247085 -0.231850237
v -0.459786564 1.2634933 -0.226223707
v -0.451772988 1.27571726 -0.231850237
v -0.475325257 1.29576981 -0.231850252
v -0.488013893 1.27877879 -0.226223707
v -0.525762618 1.2978915 -0.229043484
v -0.520705402 1.30877519 -0.231850281
v -0.560941994 1.3074522 -0.231850281
v -0.530819833 1.28700805 -0.231850281
v -0.500697613 1.26179647 -0.231850281
v -0.467795253 1.25127792 -0.231850281
v -1.15398157 1.64563322 -0.223082945
v -1.08504415 1.60972106 -0.217788503
v -1.09459949 1.56216502 -0.23185046
v -1.15867901 1.62032044 -0.23185049
v -1.04810941 1.51767671 -0.231850445
v -1.0270859 1.58104861 -0.21701473
v -0.988224089 1.47479916 -0.23185043
v -0.958046675 1.55063844 -0.217572644
v -0.91645962 1.43944335 -0.231850386
v -0.895932138 1.52333081 -0.218052283
v -0.845559895 1.42215455 -0.231850371
v -0.836696446 1.5054518 -0.218552887
v -0.790798962 1.47515821 -0.222423524
v -0.779370427 1.53092921 -0.231850326
v -0.67861557 1.42498529 -0.231850311
v -0.762087703 1.4183569 -0.231850326
v -0.778202176 1.55069327 -0.226171017
v -0.774989426 1.53421581 -0.231850326
v -0.690990746 1.51880836 -0.231850296
v -0.76338309 1.56134605 -0.231850311
v -0.796041191 1.5757432 -0.231850326
v -0.828699172 1.58896863 -0.231850356
v -0.876313448 1.607584 -0.231850356
v -0.928860664 1.62687147 -0.231850386
v -1.00731874 1.64493513 -0.23185043
v -1.07580948 1.65769148 -0.231850445
v -1.14928401 1.67094588 -0.23185046
v -1.22275841 1.68563735 -0.231850505
v -1.22900093 1.90317833 -0.224299803
v -1.16943538 1.85839105 -0.223065868
v -1.17382669 1.82339752 -0.231850505
v -1.23111033 1.88551736 -0.23185055
v -1.11054933 1.81924403 -0.219584346
v -1.11792815 1.77384305 -0.23185046
v -1.05089104 1.78485835 -0.217390433
v -1.05925941 1.73126245 -0.23185043
v -1.00335371 1.69727945 -0.23185043
v -0.993106365 1.75698113 -0.21489349
v -0.940759838 1.66577876 -0.231850386
v -0.930430412 1.72910285 -0.211304545
v -0.868920505 1.63125861 -0.231850356
v -0.863744795 1.69605768 -0.206150636
v -0.790084958 1.6020602 -0.231850311
v -0.792519689 1.66170883 -0.207677722
v -1.28839386 1.94763732 -0.231850594
v -1.2264564 1.9201597 -0.23185055
v -0.726547241 1.58627105 -0.231850296
v -0.727366865 1.63126767 -0.216036215
v -0.665813446 1.57199979 -0.231850281
v -0.66651547 1.60156047 -0.224545494
v -0.541541934 1.53108871 -0.231850237
v -0.667217553 1.63112116 -0.231850281
v -0.727651477 1.67581367 -0.231850296
v -0.792893052 1.7203238 -0.231850311
v -0.855062902 1.75960112 -0.231850356
v -0.916768312 1.79121578 -0.231850371
v -0.98041296 1.81580091 -0.231850386
v -1.04064357 1.83772731 -0.23185043
v -1.10192609 1.8640275 -0.23185046
v -1.16451871 1.89268231 -0.231850505
v 0.36072126 1.19514906 -0.231850237
v 0.355577379 1.18328583 -0.227319598
v 0.314703375 1.19241488 -0.231850237
v 0.350433469 1.1714226 -0.231850237
v 0.406739175 1.19788313 -0.231850252
v 0.39645201 1.17416155 -0.22236751
v 0.433328688 1.16914451 -0.219630405
v 0.4475725 1.20421457 -0.231850281
v 0.510526419 1.20856631 -0.231850296
v 0.495539039 1.16344297 -0.215261757
v 0.558816373 1.19414437 -0.231850311
v 0.549803793 1.15767848 -0.21963045
v 0.599601924 1.17761683 -0.231850311
v 0.597524524 1.15498757 -0.222367585
v 0.653210044 1.17014551 -0.231850326
v 0.654011965 1.16308701 -0.227319673
v 0.686099589 1.16963649 -0.231850356
v 0.654813886 1.15602839 -0.231850356
v 0.386163503 1.15043032 -0.231850281
v 0.419083118 1.1340611 -0.231850281
v 0.480547518 1.11828673 -0.231850311
v 0.540789485 1.12119913 -0.231850311
v 0.595445812 1.13234866 -0.231850326
v 0.596695602 1.34194303 -0.231850296
v 0.597117364 1.32905483 -0.225593328
v 0.543066382 1.33236742 -0.231850281
v 0.645276845 1.34496975 -0.231850311
v 0.621660829 1.29679513 -0.221812814
v 0.669732571 1.29227662 -0.221812829
v 0.69556272 1.33961928 -0.231850311
v 0.734396219 1.33269441 -0.231850356
v 0.7147879 1.28890145 -0.221812859
v 0.755089164 1.28887475 -0.224730283
v 0.740613401 1.25011325 -0.231850356
v 0.695179582 1.2451086 -0.231850356
v 0.769139469 1.32776964 -0.231850356
v 0.81931752 1.32759261 -0.231850371
v 0.811369061 1.29599023 -0.227553293
v 0.858374357 1.30914462 -0.22771953
v 0.862359703 1.33255613 -0.231850386
v 0.909090459 1.34110236 -0.231850386
v 0.90711838 1.32892454 -0.228132516
v 0.955821216 1.35498548 -0.23185043
v 0.904991031 1.31662035 -0.231850386
v 0.803189993 1.26443481 -0.231850371
v 0.854160726 1.28570533 -0.231850386
v 0.643902421 1.24493384 -0.231850311
v 0.598044813 1.24862051 -0.231850311
v 0.575930715 1.27798057 -0.225577042
v 0.560172319 1.25548959 -0.231850296
v 0.497978538 1.250368 -0.231850281
v 0.573740602 1.30428982 -0.231850296
v 0.576819777 1.31176925 -0.231850281
v 0.571060121 1.3151201 -0.231850281
v 0.51413095 1.31673491 -0.231850281
v 0.876313448 1.607584 -0.231850356
v 0.895932138 1.52333081 -0.218052283
v 0.836696446 1.5054518 -0.218552887
v 0.828699172 1.58896863 -0.231850356
v 0.928860664 1.62687147 -0.231850386
v 0.958046675 1.55063844 -0.217572644
v 1.00731874 1.64493513 -0.23185043
v 1.0270859 1.58104861 -0.21701473
v 1.07580948 1.65769148 -0.231850445
v 1.08504415 1.60972106 -0.217788503
v 1.14928401 1.67094588 -0.23185049
v 1.15398157 1.64563322 -0.223082945
v 1.22275841 1.68563735 -0.231850505
v 1.15867901 1.62032044 -0.23185049
v 0.778202176 1.55069327 -0.226171017
v 0.796041191 1.5757432 -0.231850326
v 0.76338309 1.56134605 -0.231850311
v 0.690990746 1.51880836 -0.231850296
v 0.774989426 1.53421581 -0.231850326
v 0.779370427 1.53092921 -0.231850326
v 0.790798962 1.47515821 -0.222423524
v 0.67861557 1.42498529 -0.231850311
v 0.762087703 1.4183569 -0.231850326
v 0.845559895 1.42215455 -0.231850371
v 0.91645962 1.43944335 -0.231850386
v 0.988224089 1.47479916 -0.23185043
v 1.04810941 1.51767671 -0.231850445
v 1.09459949 1.56216502 -0.23185046
v 0.599759042 1.46828163 -0.231850281
v 0.604801595 1.45038688 -0.227070823
v 0.56024313 1.43226743 -0.231850281
v 0.610000789 1.4325366 -0.231850281
v 0.649521947 1.46680474 -0.223005518
v 0.659758389 1.43514812 -0.231850296
v 0.690082073 1.4833914 -0.223005518
v 0.700694799 1.46115243 -0.231850311
v 0.732887387 1.49104261 -0.231850311
v 0.730317056 1.50074637 -0.228021577
v 0.765080094 1.52093279 -0.231850311
v 0.727746785 1.51045036 -0.231850311
v 0.679458857 1.50561607 -0.231850281
v 0.639274955 1.49844742 -0.231850281
v 0.439541966 1.24409235 -0.231850252
v 0.411288708 1.23690677 -0.231850237
v 0.433881342 1.24828148 -0.229043454
v 0.428220689 1.25247085 -0.231850237
v 0.467795253 1.25127792 -0.231850281
v 0.459786564 1.2634933 -0.226223707
v 0.488013893 1.27877879 -0.226223707
v 0.500697613 1.26179647 -0.231850281
v 0.530819833 1.28700805 -0.231850281
v 0.525762618 1.2978915 -0.229043484
v 0.560941994 1.3074522 -0.231850281
v 0.520705402 1.30877519 -0.231850281
v 0.475325257 1.29576981 -0.231850252
v 0.451772988 1.27571726 -0.231850252
v 1.2264564 1.9201597 -0.23185055
v 1.22900093 1.90317833 -0.224299803
v 1.16943538 1.85839105 -0.223065868
v 1.16451871 1.89268231 -0.231850505
v 1.10192609 1.8640275 -0.23185046
v 1.11054921 1.81924403 -0.219584346
v 1.04064357 1.83772731 -0.23185043
v 1.05089104 1.78485835 -0.217390433
v 0.993106306 1.75698113 -0.21489349
v 0.9804129 1.81580091 -0.231850386
v 0.930430412 1.72910285 -0.211304545
v 0.916768312 1.79121578 -0.231850371
v 0.863744795 1.69605768 -0.206150636
v 0.855062902 1.75960112 -0.231850356
v 0.792519569 1.66170883 -0.207677722
v 0.792893052 1.7203238 -0.231850311
v 1.28839386 1.94763732 -0.231850594
v 0.727366865 1.63126767 -0.216036215
v 0.727651477 1.67581367 -0.231850296
v 0.66651547 1.60156047 -0.224545494
v 0.667217553 1.63112116 -0.231850281
v 0.541541934 1.53108871 -0.231850237
v 0.665813446 1.57199979 -0.231850281
v 0.726547241 1.58627105 -0.231850296
v 0.790084898 1.6020602 -0.231850311
v 0.868920505 1.63125861 -0.231850356
v 0.940759838 1.66577876 -0.231850386
v 1.00335371 1.69727945 -0.23185043
v 1.05925941 1.73126245 -0.23185043
v 1.11792803 1.77384305 -0.23185046
v 1.17382669 1.82339752 -0.231850505
v 1.23111033 1.88551736 -0.23185055
v -0.155635759 0.774307311 -0.232488394
v -0.107584529 0.754945993 -0.237244084
v -0.11558751 0.801811039 -0.22435914
v -0.187886 0.73959738 -0.242515609
v -0.110363796 0.708361328 -0.250188053
v -0.19145982 0.677276969 -0.259829998
v -0.153609291 0.662025809 -0.26357609
v -0.187949792 0.62687248 -0.273752719
v -0.193092898 0.628944814 -0.273243695
v -0.228355512 0.595660627 -0.282914013
v -0.187561035 0.579223275 -0.286951452
v -0.229385242 0.537715375 -0.298983842
v -0.274926037 0.48499769 -0.314169556
v -0.236029297 0.469325095 -0.318019181
v -0.241928726 0.508605123 -0.307209492
v -0.303309798 0.455844373 -0.322607994
v -0.237450913 0.429307848 -0.32912612
v -0.307335585 0.410959125 -0.335096955
v -0.267575592 0.394938588 -0.339032024
v -0.306341588 0.359119147 -0.349449217
v -0.357906073 0.315772027 -0.362114847
v -0.301863492 0.293190807 -0.367661417
v -0.31586346 0.33702141 -0.35569334
v -0.346411288 0.266127557 -0.375725627
v -0.384523243 0.224538073 -0.387733519
v -0.350114852 0.210673884 -0.391138941
v -0.357585102 0.240195855 -0.383053094
v -0.408587635 0.201543435 -0.39441061
v -0.350055456 0.177958995 -0.400203586
v -0.419719636 0.139349654 -0.411785811
v -0.387886047 0.126522928 -0.414936423
v -0.430157572 0.0717737451 -0.430643678
v 0.155635491 0.774307013 -0.232487723
v 0.115587212 0.80181092 -0.224358439
v 0.107584268 0.754945755 -0.237243414
v 0.187885776 0.739597142 -0.242514968
v 0.110363536 0.708361089 -0.250187427
v 0.191459626 0.677276671 -0.259829402
v 0.153609097 0.662025571 -0.263575494
v 0.187949613 0.626872301 -0.273752213
v 0.193092719 0.628944635 -0.273243159
v 0.228355363 0.595660448 -0.282913506
v 0.187560871 0.579223156 -0.286950976
v 0.229385123 0.537715137 -0.298983365
v 0.274925977 0.4849976 -0.314169139
v 0.241928622 0.508605003 -0.307209074
v 0.236029223 0.469324976 -0.318018794
v 0.303309709 0.455844134 -0.322607636
v 0.237450823 0.42930761 -0.329125792
v 0.307335556 0.410958916 -0.335096627
v 0.267575532 0.394938409 -0.339031667
v 0.306341559 0.359119028 -0.349448919
v 0.357906073 0.315771908 -0.362114578
v 0.31586346 0.337021172 -0.355693161
v 0.301863462 0.293190688 -0.367661208
v 0.346411318 0.266127437 -0.375725418
v 0.384523302 0.224537864 -0.38773337
v 0.357585162 0.240195751 -0.383052886
v 0.350114942 0.210673645 -0.391138822
v 0.408587724 0.201543301 -0.394410521
v 0.350055486 0.177958906 -0.400203466
v 0.419719756 0.139349416 -0.411785752
v 0.387886107 0.126522705 -0.414936364
v 0.430157661 0.0717735216 -0.430643678
v 0.0260115378 0.750438511 -0.258551031
v 3.81503301E-15 0.790643513 -0.247002631
v -0.0260115135 0.750438511 -0.258551031
v 0.0419650264 0.706489384 -0.271174937
v -0.0419650003 0.706489384 -0.271174937
v 0.0204895977 0.647748351 -0.288047612
v -0.0204895698 0.647748351 -0.288047612
v -0.00278410735 0.602614641 -0.301011741
v 0.00278413296 0.602614641 -0.301011741
v 0.0220832396 0.558860779 -0.313579589
v -0.0220832154 0.558860779 -0.313579589
v 3.75612483E-15 0.505094707 -0.329023242
v 0.0210559238 0.439621925 -0.347829551
v 3.74936085E-15 0.473619819 -0.338064045
v -0.0210559238 0.439621925 -0.347829551
v 0.0356513225 0.402227163 -0.358570784
v -0.0356512927 0.402227163 -0.358570784
v 0.0215232465 0.359380871 -0.370877892
v -0.0215232205 0.359380871 -0.370877892
v 3.71527074E-15 0.311990887 -0.384490132
v 0.0303375088 0.252914757 -0.401459098
v 3.71019023E-15 0.288097978 -0.391353101
v -0.0303374827 0.252914757 -0.401459098
v 3.69429397E-15 0.211445361 -0.413370699
v 0.0186262541 0.158982262 -0.428440154
v 3.68829316E-15 0.183407262 -0.421424329
v -0.0186262541 0.158982262 -0.428440154
v 0.0316851959 0.128864765 -0.437091082
v -0.0316851698 0.128864765 -0.437091082
v 0.0172324758 0.0674347505 -0.454736203
v -0.0172324758 0.0674347505 -0.454736203
v 3.6510055E-15 0.00130387617 -0.473731458
v 1.03452516 0.97537601 -0.231850445
v 0.947640598 0.979815185 -0.23185043
v 0.964965701 0.947971761 -0.23185043
v 0.878189504 0.919693589 -0.23185043
v 0.865087032 0.994527042 -0.231850415
v 0.796323061 1.01824653 -0.231850386
v 0.801850855 0.911391795 -0.231850415
v 0.702167869 0.913269997 -0.231850386
v 0.706805944 1.05921328 -0.231850356
v 0.628367543 0.949375212 -0.231850371
v 0.620039403 1.02689683 -0.231850326
v 0.619675219 1.03672016 -0.231850326
v 0.565743268 1.08272743 -0.231850311
v 0.608608603 1.02076352 -0.231850326
v 0.508004546 1.0175854 -0.231850311
v 0.511439919 1.08456254 -0.231850296
v 0.464239866 1.07817161 -0.231850281
v 0.458174855 1.04886937 -0.231850281
v 0.492420375 1.02772677 -0.231850296
v 0.534921587 1.03253353 -0.231850311
v 0.542900503 1.07924569 -0.231850296
v 0.570108593 1.03544044 -0.231850311
v 0.585046887 1.05594134 -0.231850311
v 0.605295599 1.03834724 -0.231850326
v 0.407130301 1.07178068 -0.231850252
v 0.201067179 1.01735187 -0.231850192
v 0.169033751 1.01208937 -0.231850192
v 0.201067194 1.00003457 -0.231850222
v 0.288068026 0.973549783 -0.231850252
v 0.268573314 1.0303669 -0.231850237
v 0.343931079 0.968590617 -0.231850281
v 0.318047315 1.04965103 -0.231850237
v 0.38132292 0.980672657 -0.231850296
v 0.360331118 1.05511177 -0.231850252
v 0.405254036 1.04208124 -0.231850281
v 0.40937674 0.988441348 -0.231850296
v 0.453074217 0.994307935 -0.231850296
v 0.448031425 1.01970732 -0.231850296
v 0.501932025 0.991977036 -0.231850311
v 0.496675789 0.997333407 -0.231850311
v 0.294465631 0.832420051 -0.231850311
v 0.241579071 0.90659827 -0.231850281
v 0.224257842 0.858026743 -0.231850296
v 0.188572899 0.86906147 -0.231850281
v 0.213642359 0.935276866 -0.231850252
v 0.144061595 0.905081034 -0.231850237
v 0.184700772 0.951610267 -0.231850237
v 0.150072306 0.965314627 -0.231850222
v 0.117315769 0.952922821 -0.231850192
v 0.111997038 0.990081608 -0.231850177
v 0.192816749 0.844400287 -0.231850296
v 0.207609326 0.815695465 -0.231850311
v 0.237945959 0.829197884 -0.231850311
v 0.219538704 0.766242325 -0.231850326
v 0.303962201 0.802396238 -0.231850326
v 0.24082233 0.730944872 -0.231850326
v 0.337478757 0.772055626 -0.231850356
v 0.364178985 0.734640956 -0.231850371
v 0.282663345 0.683367193 -0.231850371
v 0.341886431 0.637016296 -0.231850386
v 0.397868574 0.683511496 -0.231850386
v 0.431558102 0.632382095 -0.231850415
v 0.40275386 0.600584388 -0.231850415
v 0.481998384 0.578916371 -0.23185043
v 0.463621229 0.564152479 -0.23185043
v 0.559699774 0.521858335 -0.23185043
v 0.458273977 0.975865841 -0.231850311
v 0.454053402 0.945152819 -0.231850311
v 0.499136388 0.914247572 -0.231850326
v 0.528158426 0.971396327 -0.231850326
v 0.576297104 0.950868785 -0.231850356
v 0.537166774 0.895539224 -0.231850356
v 0.588930547 0.88023001 -0.231850371
v 0.628189802 0.923719943 -0.231850371
v 0.682045102 0.867774248 -0.231850386
v 0.408970445 0.967519104 -0.231850296
v -1.03452516 0.97537601 -0.231850445
v -0.964965701 0.947971761 -0.23185043
v -0.947640598 0.979815185 -0.23185043
v -0.878189504 0.919693649 -0.23185043
v -0.865087032 0.994527042 -0.231850415
v -0.796323061 1.01824653 -0.231850386
v -0.801850855 0.911391795 -0.231850415
v -0.702167869 0.913269997 -0.231850386
v -0.706805944 1.05921328 -0.231850356
v -0.628367543 0.949375212 -0.231850371
v -0.620039403 1.02689683 -0.231850326
v -0.619675219 1.03672016 -0.231850326
v -0.565743268 1.08272743 -0.231850311
v -0.608608603 1.02076352 -0.231850326
v -0.508004546 1.0175854 -0.231850311
v -0.511439919 1.08456254 -0.231850296
v -0.492420375 1.02772677 -0.231850296
v -0.458174855 1.04886937 -0.231850281
v -0.464239866 1.07817161 -0.231850281
v -0.534921587 1.03253353 -0.231850311
v -0.542900503 1.07924569 -0.231850296
v -0.570108593 1.03544044 -0.231850311
v -0.585046887 1.05594134 -0.231850311
v -0.605295599 1.03834724 -0.231850326
v -0.407130301 1.07178068 -0.231850252
v -0.201067179 1.01735187 -0.231850192
v -0.201067179 1.00003457 -0.231850222
v -0.169033751 1.01208937 -0.231850192
v -0.288068026 0.973549783 -0.231850252
v -0.268573314 1.0303669 -0.231850237
v -0.343931079 0.968590617 -0.231850281
v -0.318047315 1.04965103 -0.231850237
v -0.38132292 0.980672657 -0.231850296
v -0.360331118 1.05511177 -0.231850252
v -0.405254036 1.04208124 -0.231850281
v -0.40937674 0.988441348 -0.231850296
v -0.453074217 0.994307935 -0.231850296
v -0.448031425 1.01970732 -0.231850296
v -0.501932025 0.991977036 -0.231850311
v -0.496675789 0.997333407 -0.231850311
v -0.294465631 0.832420051 -0.231850311
v -0.224257842 0.858026743 -0.231850296
v -0.241579071 0.90659827 -0.231850281
v -0.188572899 0.86906147 -0.231850281
v -0.213642359 0.935276866 -0.231850252
v -0.144061595 0.905081034 -0.231850237
v -0.184700757 0.951610267 -0.231850237
v -0.150072306 0.965314627 -0.231850222
v -0.117315769 0.952922821 -0.231850192
v -0.111997038 0.990081608 -0.231850177
v -0.192816749 0.844400287 -0.231850296
v -0.237945959 0.829197884 -0.231850311
v -0.207609326 0.815695465 -0.231850311
v -0.219538704 0.766242325 -0.231850326
v -0.303962201 0.802396238 -0.231850326
v -0.24082233 0.730944872 -0.231850326
v -0.337478757 0.772055626 -0.231850356
v -0.364178985 0.734640956 -0.231850371
v -0.282663345 0.683367193 -0.231850371
v -0.341886431 0.637016296 -0.231850386
v -0.397868574 0.683511496 -0.231850386
v -0.431558102 0.632382095 -0.231850415
v -0.40275386 0.600584388 -0.231850415
v -0.481998384 0.578916371 -0.23185043
v -0.463621199 0.564152479 -0.23185043
v -0.559699774 0.521858335 -0.231850445
v -0.458273977 0.975865841 -0.231850311
v -0.528158426 0.971396327 -0.231850326
v -0.499136388 0.914247572 -0.231850326
v -0.454053402 0.945152819 -0.231850311
v -0.576297104 0.950868785 -0.231850356
v -0.537166774 0.895539224 -0.231850356
v -0.588930547 0.88023001 -0.231850371
v -0.628189802 0.923719943 -0.231850371
v -0.682045102 0.867774248 -0.231850386
v -0.408970445 0.967519104 -0.231850296
v -0.314703375 1.19241488 -0.231850252
v -0.36072126 1.19514906 -0.231850281
v -0.350433469 1.1714226 -0.231850281
v -0.406739175 1.19788325 -0.231850296
v -0.386163503 1.15043044 -0.231850296
v -0.419083118 1.13406122 -0.231850311
v -0.4475725 1.20421469 -0.231850311
v -0.480547518 1.11828685 -0.231850326
v -0.510526419 1.20856631 -0.231850326
v -0.540789485 1.12119913 -0.231850356
v -0.558816373 1.19414437 -0.231850356
v -0.595445812 1.13234866 -0.231850371
v -0.599601924 1.17761683 -0.231850371
v -0.654813886 1.15602839 -0.231850386
v -0.653210044 1.17014551 -0.231850371
v -0.686099589 1.16963649 -0.231850386
v -0.596695602 1.34194314 -0.231850326
v -0.571060121 1.31512022 -0.231850326
v -0.51413095 1.31673491 -0.231850311
v -0.543066382 1.33236742 -0.231850311
v -0.645276845 1.34496987 -0.231850356
v -0.576819777 1.31176937 -0.231850326
v -0.573740602 1.30428994 -0.231850326
v -0.598044813 1.24862051 -0.231850356
v -0.643902421 1.24493384 -0.231850371
v -0.69556272 1.3396194 -0.231850371
v -0.734396219 1.33269453 -0.231850371
v -0.695179582 1.2451086 -0.231850386
v -0.560172319 1.25548959 -0.231850326
v -0.497978538 1.250368 -0.231850311
v -0.740613401 1.25011325 -0.231850386
v -0.769139469 1.32776964 -0.231850386
v -0.81931752 1.32759273 -0.231850415
v -0.803189993 1.26443481 -0.231850415
v -0.854160726 1.28570557 -0.23185043
v -0.862359703 1.33255625 -0.23185043
v -0.909090459 1.3411026 -0.23185043
v -0.904991031 1.31662047 -0.231850445
v -0.955821216 1.35498548 -0.23185046
v -0.599759042 1.46828163 -0.231850311
v -0.610000789 1.43253672 -0.231850311
v -0.56024313 1.43226755 -0.231850296
v -0.639274955 1.49844742 -0.231850311
v -0.659758389 1.43514812 -0.231850326
v -0.679458857 1.50561607 -0.231850326
v -0.700694799 1.46115243 -0.231850356
v -0.732887387 1.49104261 -0.231850356
v -0.727746785 1.51045036 -0.231850356
v -0.765080094 1.52093279 -0.231850371
v -0.428220689 1.25247085 -0.231850296
v -0.439541966 1.24409235 -0.231850296
v -0.411288708 1.23690689 -0.231850296
v -0.467795253 1.25127792 -0.231850296
v -0.451772988 1.27571726 -0.231850296
v -0.475325257 1.29576981 -0.231850296
v -0.500697613 1.26179647 -0.231850311
v -0.530819833 1.28700805 -0.231850311
v -0.520705402 1.30877519 -0.231850311
v -0.560941994 1.3074522 -0.231850311
v -1.14928401 1.67094588 -0.23185052
v -1.15867901 1.62032044 -0.23185052
v -1.09459949 1.56216502 -0.231850505
v -1.07580948 1.65769148 -0.23185049
v -1.04810941 1.51767671 -0.23185049
v -1.00731874 1.64493513 -0.23185046
v -0.988224089 1.47479916 -0.23185046
v -0.928860664 1.62687147 -0.23185043
v -0.91645962 1.43944335 -0.23185043
v -0.876313448 1.607584 -0.231850415
v -0.845559895 1.42215455 -0.231850415
v -0.828699172 1.58896863 -0.231850386
v -0.779370427 1.53092921 -0.231850371
v -0.796041191 1.5757432 -0.231850371
v -1.22275841 1.68563735 -0.231850564
v -0.774989426 1.53421581 -0.231850371
v -0.76338309 1.56134605 -0.231850356
v -0.690990746 1.51880836 -0.231850326
v -0.762087703 1.4183569 -0.231850371
v -0.67861557 1.42498529 -0.231850356
v -1.2264564 1.9201597 -0.231850594
v -1.23111033 1.88551736 -0.231850594
v -1.17382669 1.82339764 -0.23185055
v -1.16451871 1.89268231 -0.23185055
v -1.10192609 1.8640275 -0.231850505
v -1.11792815 1.77384305 -0.23185052
v -1.04064357 1.83772743 -0.23185046
v -1.05925941 1.73126245 -0.23185049
v -1.00335371 1.69727945 -0.23185046
v -0.98041296 1.81580091 -0.231850445
v -0.940759838 1.66577876 -0.23185043
v -0.916768312 1.79121578 -0.231850415
v -0.868920505 1.63125861 -0.231850386
v -0.855062902 1.75960112 -0.231850371
v -0.790084898 1.6020602 -0.231850371
v -0.792893052 1.7203238 -0.231850356
v -1.28839386 1.94763732 -0.231850639
v -0.726547241 1.58627105 -0.231850326
v -0.727651477 1.67581367 -0.231850326
v -0.665813446 1.57199979 -0.231850311
v -0.667217553 1.63112116 -0.231850311
v -0.541541934 1.53108871 -0.231850281
v 0.314703375 1.19241488 -0.231850252
v 0.350433469 1.1714226 -0.231850281
v 0.36072126 1.19514906 -0.231850281
v 0.406739175 1.19788325 -0.231850296
v 0.386163503 1.15043044 -0.231850296
v 0.419083118 1.13406122 -0.231850311
v 0.4475725 1.20421469 -0.231850311
v 0.510526359 1.20856631 -0.231850326
v 0.480547518 1.11828685 -0.231850326
v 0.558816373 1.19414437 -0.231850356
v 0.540789485 1.12119913 -0.231850356
v 0.599601924 1.17761683 -0.231850371
v 0.595445812 1.13234866 -0.231850371
v 0.653210044 1.17014551 -0.231850371
v 0.654813886 1.15602839 -0.231850386
v 0.686099589 1.16963649 -0.231850386
v 0.596695542 1.34194314 -0.231850326
v 0.543066382 1.33236742 -0.231850311
v 0.51413095 1.31673491 -0.231850311
v 0.571060121 1.31512022 -0.231850326
v 0.645276845 1.34496975 -0.231850311
v 0.576819777 1.31176937 -0.231850326
v 0.573740602 1.30428994 -0.231850326
v 0.598044813 1.24862051 -0.231850311
v 0.560172319 1.25548959 -0.231850326
v 0.497978538 1.250368 -0.231850311
v 0.643902421 1.24493384 -0.231850311
v 0.69556272 1.33961928 -0.231850311
v 0.734396219 1.33269441 -0.231850356
v 0.695179582 1.2451086 -0.231850356
v 0.740613401 1.25011325 -0.231850386
v 0.769139469 1.32776964 -0.231850386
v 0.81931752 1.32759261 -0.231850415
v 0.803189933 1.26443481 -0.231850415
v 0.854160726 1.28570557 -0.23185043
v 0.862359703 1.33255613 -0.23185043
v 0.909090459 1.3411026 -0.231850445
v 0.904991031 1.31662047 -0.231850445
v 0.955821216 1.35498548 -0.23185046
v 0.876313448 1.607584 -0.231850415
v 0.828699172 1.58896863 -0.231850386
v 0.845559895 1.42215455 -0.231850415
v 0.91645962 1.43944335 -0.23185043
v 0.928860664 1.62687147 -0.23185043
v 0.988224089 1.47479916 -0.23185046
v 1.00731874 1.64493513 -0.23185046
v 1.04810941 1.51767671 -0.23185049
v 1.07580948 1.65769148 -0.23185049
v 1.09459949 1.56216502 -0.231850505
v 1.14928401 1.67094588 -0.23185052
v 1.15867901 1.62032044 -0.23185052
v 1.22275841 1.68563735 -0.231850564
v 0.779370427 1.53092921 -0.231850371
v 0.796041071 1.5757432 -0.231850371
v 0.774989426 1.53421581 -0.231850371
v 0.76338309 1.56134605 -0.231850356
v 0.690990746 1.51880836 -0.231850326
v 0.762087703 1.4183569 -0.231850371
v 0.67861557 1.42498529 -0.231850356
v 0.599759042 1.46828163 -0.231850311
v 0.56024313 1.43226755 -0.231850296
v 0.610000789 1.43253672 -0.231850311
v 0.639274955 1.49844742 -0.231850311
v 0.659758389 1.43514812 -0.231850326
v 0.679458857 1.50561607 -0.231850326
v 0.700694799 1.46115243 -0.231850356
v 0.732887387 1.49104261 -0.231850356
v 0.727746785 1.51045036 -0.231850356
v 0.765080094 1.52093279 -0.231850371
v 0.428220689 1.25247085 -0.231850296
v 0.411288708 1.23690689 -0.231850296
v 0.439541966 1.24409235 -0.231850296
v 0.467795253 1.25127792 -0.231850296
v 0.451772988 1.27571726 -0.231850296
v 0.475325257 1.29576981 -0.231850296
v 0.500697613 1.26179647 -0.231850311
v 0.530819833 1.28700805 -0.231850311
v 0.520705402 1.30877519 -0.231850311
v 0.560941994 1.3074522 -0.231850311
v 1.2264564 1.9201597 -0.231850594
v 1.16451871 1.89268231 -0.23185055
v 1.17382669 1.82339752 -0.23185055
v 1.23111033 1.88551736 -0.231850594
v 1.10192609 1.8640275 -0.231850505
v 1.11792803 1.77384305 -0.23185052
v 1.04064357 1.83772743 -0.23185046
v 1.05925941 1.73126245 -0.23185049
v 1.00335371 1.69727945 -0.23185046
v 0.9804129 1.81580091 -0.231850445
v 0.940759838 1.66577876 -0.23185043
v 0.916768312 1.79121578 -0.231850415
v 0.868920505 1.63125861 -0.231850386
v 0.855062902 1.75960112 -0.231850371
v 0.790084898 1.6020602 -0.231850371
v 0.792893052 1.7203238 -0.231850356
v 1.28839386 1.94763732 -0.231850639
v 0.726547241 1.58627105 -0.231850326
v 0.727651477 1.67581367 -0.231850326
v 0.665813446 1.57199979 -0.231850311
v 0.667217553 1.63112116 -0.231850311
v 0.541541934 1.53108871 -0.231850281
v -0.596695602 1.34194303 -0.231850296
vt 0.308026701 0.775182664
vt 0.327052712 0.755686164
vt 0.30802694 0.733720064
vt 0.336411089 0.7319718
vt 0.326329768 0.709200263
vt 0.308026761 0.686558425
vt 0.289000273 0.755686104
vt 0.279642224 0.7319718
vt 0.289723277 0.709200144
vt 0.239955008 0.909170866
vt 0.236311466 0.899589956
vt 0.208584875 0.905100346
vt 0.208030045 0.916273832
vt 0.272329152 0.90237993
vt 0.270186782 0.890216351
vt 0.211636662 0.886121929
vt 0.234419972 0.880533576
vt 0.214706331 0.869434834
vt 0.233240843 0.860495865
vt 0.264594257 0.869864821
vt 0.303870112 0.881498933
vt 0.301239461 0.855901301
vt 0.354887486 0.879631579
vt 0.353261054 0.900734484
vt 0.382051557 0.905552566
vt 0.385781705 0.882206678
vt 0.303712189 0.897753358
vt 0.418192148 0.915903687
vt 0.420947492 0.889792979
vt 0.462441534 0.937587023
vt 0.466004401 0.907598913
vt 0.517562628 0.960396528
vt 0.538731873 0.922611594
vt 0.578120351 0.929769993
vt 0.555977225 0.966798365
vt 0.355234295 0.853377938
vt 0.384087741 0.853491127
vt 0.387071937 0.835892022
vt 0.362928629 0.843952715
vt 0.428416699 0.869721353
vt 0.469891995 0.872700036
vt 0.552338719 0.885608315
vt 0.522286475 0.863519609
vt 0.555286825 0.862959564
vt 0.517620444 0.844686687
vt 0.511082292 0.845960319
vt 0.60252732 0.882947445
vt 0.353205204 0.835252523
vt 0.350107789 0.813125551
vt 0.294442207 0.832384109
vt 0.258310169 0.847337902
vt 0.509744823 0.842791855
vt 0.480946392 0.849524081
vt 0.431666166 0.852312982
vt 0.440755695 0.82812959
vt 0.491188198 0.827956557
vt 0.405434966 0.832118392
vt 0.397819042 0.853960574
vt 0.39842245 0.868556559
vt 0.445919901 0.804842532
vt 0.482741863 0.802295268
vt 0.447318166 0.795530081
vt 0.40574035 0.818793237
vt 0.405316114 0.809227407
vt 0.480869204 0.795300603
vt 0.387352824 0.813524365
vt 0.397344381 0.803168178
vt 0.430619985 0.766357481
vt 0.436803728 0.762075961
vt 0.388847172 0.801739752
vt 0.376042783 0.801116288
vt 0.382905275 0.778697193
vt 0.380771607 0.773791909
vt 0.364128351 0.786224782
vt 0.360526472 0.780872703
vt 0.522677958 0.802303791
vt 0.523034692 0.806386292
vt 0.549935997 0.809387565
vt 0.54895395 0.806118488
vt 0.588795543 0.806700587
vt 0.576955676 0.809973478
vt 0.558477283 0.827186584
vt 0.556629121 0.822872698
vt 0.516681314 0.842292845
vt 0.517397344 0.839511454
vt 0.554399312 0.816252053
vt 0.521574259 0.82248348
vt 0.558077335 0.831501305
vt 0.587262154 0.834493458
vt 0.594901204 0.859544396
vt 0.61280179 0.856897116
vt 0.611969829 0.87488991
vt 0.625079751 0.869710505
vt 0.679060519 0.845916092
vt 0.60872972 0.836456299
vt 0.586188614 0.830603063
vt 0.608081162 0.833090782
vt 0.685736716 0.844839334
vt 0.627483189 0.87224865
vt 0.613424242 0.879784107
vt 0.611097395 0.887376845
vt 0.668857038 0.880648553
vt 0.681804001 0.928261817
vt 0.596334636 0.933378816
vt 0.668320596 0.971745014
vt 0.585589051 0.971768558
vt 0.722890496 0.887130857
vt 0.667898476 0.876131475
vt 0.725961626 0.882915914
vt 0.759395421 0.906474352
vt 0.761402667 0.901761651
vt 0.8041448 0.925751209
vt 0.805477738 0.921470106
vt 0.86088115 0.936159074
vt 0.859324813 0.930913568
vt 0.914489329 0.941398203
vt 0.900500536 0.941269577
vt 0.866138816 0.952782571
vt 0.864967763 0.9485811
vt 0.792727351 0.96232301
vt 0.791330755 0.968276262
vt 0.73258239 0.972608507
vt 0.734157443 0.967802107
vt 0.66687119 0.977402985
vt 0.584231913 0.977367222
vt 0.862955272 0.942479849
vt 0.799956203 0.939025402
vt 0.747074544 0.935910761
vt 0.553307414 0.972104728
vt 0.515317082 0.965656281
vt 0.461748391 0.942375779
vt 0.417618513 0.920234382
vt 0.381026328 0.91126889
vt 0.352805912 0.906819224
vt 0.303729475 0.903568804
vt 0.273476601 0.908655643
vt 0.241834968 0.915275633
vt 0.209070921 0.923687518
vt 0.189076483 0.919439971
vt 0.192159891 0.906303942
vt 0.176623851 0.921860337
vt 0.180442661 0.908266723
vt 0.201379836 0.8925156
vt 0.198293358 0.88532567
vt 0.188909054 0.928475022
vt 0.173854828 0.931777775
vt 0.219470143 0.854329526
vt 0.236275405 0.842590213
vt 0.220110804 0.842316806
vt 0.234122127 0.832838178
vt 0.254573405 0.831053734
vt 0.251682013 0.823547781
vt 0.289290816 0.814158499
vt 0.287113369 0.80689925
vt 0.344184756 0.792380214
vt 0.34232229 0.785752892
vt 0.239955008 0.909170866
vt 0.208030045 0.916273832
vt 0.208584875 0.905100346
vt 0.236311466 0.899589956
vt 0.272329152 0.90237993
vt 0.270186782 0.890216351
vt 0.211636662 0.886121929
vt 0.234419972 0.880533576
vt 0.214706331 0.869434834
vt 0.233240843 0.860495865
vt 0.264594257 0.869864821
vt 0.303870112 0.881498933
vt 0.301239461 0.855901301
vt 0.354887486 0.879631579
vt 0.353261054 0.900734484
vt 0.382051557 0.905552566
vt 0.385781705 0.882206678
vt 0.303712189 0.897753358
vt 0.418192148 0.915903687
vt 0.420947492 0.889792979
vt 0.462441534 0.937587023
vt 0.466004401 0.907598913
vt 0.517562628 0.960396528
vt 0.538731873 0.922611594
vt 0.578120351 0.929769993
vt 0.555977225 0.966798365
vt 0.355234295 0.853377938
vt 0.384087741 0.853491127
vt 0.387071937 0.835892022
vt 0.362928629 0.843952715
vt 0.428416699 0.869721353
vt 0.469891995 0.872700036
vt 0.552338719 0.885608315
vt 0.522286475 0.863519609
vt 0.555286825 0.862959564
vt 0.517620444 0.844686687
vt 0.511082292 0.845960319
vt 0.60252732 0.882947445
vt 0.353205204 0.835252523
vt 0.350107789 0.813125551
vt 0.294442207 0.832384109
vt 0.258310169 0.847337902
vt 0.509744823 0.842791855
vt 0.480946392 0.849524081
vt 0.431666166 0.852312982
vt 0.440755695 0.82812959
vt 0.491188198 0.827956557
vt 0.405434966 0.832118392
vt 0.397819042 0.853960574
vt 0.39842245 0.868556559
vt 0.445919901 0.804842532
vt 0.482741863 0.802295268
vt 0.447318166 0.795530081
vt 0.40574035 0.818793237
vt 0.405316114 0.809227407
vt 0.480869204 0.795300603
vt 0.387352824 0.813524365
vt 0.397344381 0.803168178
vt 0.430619985 0.766357481
vt 0.436803728 0.762075961
vt 0.388847172 0.801739752
vt 0.376042783 0.801116288
vt 0.382905275 0.778697193
vt 0.380771607 0.773791909
vt 0.364128351 0.786224782
vt 0.360526472 0.780872703
vt 0.522677958 0.802303791
vt 0.523034692 0.806386292
vt 0.549935997 0.809387565
vt 0.54895395 0.806118488
vt 0.588795543 0.806700587
vt 0.576955676 0.809973478
vt 0.558477283 0.827186584
vt 0.556629121 0.822872698
vt 0.516681314 0.842292845
vt 0.517397344 0.839511454
vt 0.554399312 0.816252053
vt 0.521574259 0.82248348
vt 0.558077335 0.831501305
vt 0.587262154 0.834493458
vt 0.594901204 0.859544396
vt 0.61280179 0.856897116
vt 0.611969829 0.87488991
vt 0.625079751 0.869710505
vt 0.679060519 0.845916092
vt 0.60872972 0.836456299
vt 0.586188614 0.830603063
vt 0.608081162 0.833090782
vt 0.685736716 0.844839334
vt 0.627483189 0.87224865
vt 0.613424242 0.879784107
vt 0.611097395 0.887376845
vt 0.668857038 0.880648553
vt 0.681804001 0.928261817
vt 0.596334636 0.933378816
vt 0.668320596 0.971745014
vt 0.585589051 0.971768558
vt 0.722890496 0.887130857
vt 0.667898476 0.876131475
vt 0.725961626 0.882915914
vt 0.759395421 0.906474352
vt 0.761402667 0.901761651
vt 0.8041448 0.925751209
vt 0.805477738 0.921470106
vt 0.86088115 0.936159074
vt 0.859324813 0.930913568
vt 0.914489329 0.941398203
vt 0.900500536 0.941269577
vt 0.866138816 0.952782571
vt 0.864967763 0.9485811
vt 0.792727351 0.96232301
vt 0.791330755 0.968276262
vt 0.73258239 0.972608507
vt 0.734157443 0.967802107
vt 0.66687119 0.977402985
vt 0.584231913 0.977367222
vt 0.862955272 0.942479849
vt 0.799956203 0.939025402
vt 0.747074544 0.935910761
vt 0.553307414 0.972104728
vt 0.515317082 0.965656281
vt 0.461748391 0.942375779
vt 0.417618513 0.920234382
vt 0.381026328 0.91126889
vt 0.352805912 0.906819224
vt 0.303729475 0.903568804
vt 0.273476601 0.908655643
vt 0.241834968 0.915275633
vt 0.209070921 0.923687518
vt 0.189076483 0.919439971
vt 0.192159891 0.906303942
vt 0.176623851 0.921860337
vt 0.180442661 0.908266723
vt 0.201379836 0.8925156
vt 0.198293358 0.88532567
vt 0.188909054 0.928475022
vt 0.173854828 0.931777775
vt 0.219470143 0.854329526
vt 0.236275405 0.842590213
vt 0.220110804 0.842316806
vt 0.234122127 0.832838178
vt 0.254573405 0.831053734
vt 0.251682013 0.823547781
vt 0.289290816 0.814158499
vt 0.287113369 0.80689925
vt 0.344184756 0.792380214
vt 0.34232229 0.785752892
vt 0.239955008 0.909170866
vt 0.208030045 0.916273832
vt 0.208584875 0.905100346
vt 0.236311466 0.899589956
vt 0.272329152 0.90237993
vt 0.270186782 0.890216351
vt 0.211636662 0.886121929
vt 0.234419972 0.880533576
vt 0.214706331 0.869434834
vt 0.233240843 0.860495865
vt 0.264594257 0.869864821
vt 0.303870112 0.881498933
vt 0.301239461 0.855901301
vt 0.354887486 0.879631579
vt 0.353261054 0.900734484
vt 0.382051557 0.905552566
vt 0.385781705 0.882206678
vt 0.303712189 0.897753358
vt 0.418192148 0.915903687
vt 0.420947492 0.889792979
vt 0.462441534 0.937587023
vt 0.466004401 0.907598913
vt 0.517562628 0.960396528
vt 0.538731873 0.922611594
vt 0.578120351 0.929769993
vt 0.555977225 0.966798365
vt 0.355234295 0.853377938
vt 0.384087741 0.853491127
vt 0.387071937 0.835892022
vt 0.362928629 0.843952715
vt 0.428416699 0.869721353
vt 0.469891995 0.872700036
vt 0.552338719 0.885608315
vt 0.522286475 0.863519609
vt 0.555286825 0.862959564
vt 0.517620444 0.844686687
vt 0.511082292 0.845960319
vt 0.60252732 0.882947445
vt 0.353205204 0.835252523
vt 0.350107789 0.813125551
vt 0.294442207 0.832384109
vt 0.258310169 0.847337902
vt 0.509744823 0.842791855
vt 0.480946392 0.849524081
vt 0.431666166 0.852312982
vt 0.440755695 0.82812959
vt 0.491188198 0.827956557
vt 0.405434966 0.832118392
vt 0.397819042 0.853960574
vt 0.39842245 0.868556559
vt 0.445919901 0.804842532
vt 0.482741863 0.802295268
vt 0.447318166 0.795530081
vt 0.40574035 0.818793237
vt 0.405316114 0.809227407
vt 0.480869204 0.795300603
vt 0.387352824 0.813524365
vt 0.397344381 0.803168178
vt 0.430619985 0.766357481
vt 0.436803728 0.762075961
vt 0.388847172 0.801739752
vt 0.376042783 0.801116288
vt 0.382905275 0.778697193
vt 0.380771607 0.773791909
vt 0.364128351 0.786224782
vt 0.360526472 0.780872703
vt 0.522677958 0.802303791
vt 0.523034692 0.806386292
vt 0.549935997 0.809387565
vt 0.54895395 0.806118488
vt 0.588795543 0.806700587
vt 0.576955676 0.809973478
vt 0.558477283 0.827186584
vt 0.556629121 0.822872698
vt 0.516681314 0.842292845
vt 0.517397344 0.839511454
vt 0.554399312 0.816252053
vt 0.521574259 0.82248348
vt 0.558077335 0.831501305
vt 0.587262154 0.834493458
vt 0.594901204 0.859544396
vt 0.61280179 0.856897116
vt 0.611969829 0.87488991
vt 0.625079751 0.869710505
vt 0.679060519 0.845916092
vt 0.60872972 0.836456299
vt 0.586188614 0.830603063
vt 0.608081162 0.833090782
vt 0.685736716 0.844839334
vt 0.627483189 0.87224865
vt 0.613424242 0.879784107
vt 0.611097395 0.887376845
vt 0.668857038 0.880648553
vt 0.681804001 0.928261817
vt 0.596334636 0.933378816
vt 0.668320596 0.971745014
vt 0.585589051 0.971768558
vt 0.722890496 0.887130857
vt 0.667898476 0.876131475
vt 0.725961626 0.882915914
vt 0.759395421 0.906474352
vt 0.761402667 0.901761651
vt 0.8041448 0.925751209
vt 0.805477738 0.921470106
vt 0.86088115 0.936159074
vt 0.859324813 0.930913568
vt 0.914489329 0.941398203
vt 0.900500536 0.941269577
vt 0.866138816 0.952782571
vt 0.864967763 0.9485811
vt 0.792727351 0.96232301
vt 0.791330755 0.968276262
vt 0.73258239 0.972608507
vt 0.734157443 0.967802107
vt 0.66687119 0.977402985
vt 0.584231913 0.977367222
vt 0.862955272 0.942479849
vt 0.799956203 0.939025402
vt 0.747074544 0.935910761
vt 0.553307414 0.972104728
vt 0.515317082 0.965656281
vt 0.461748391 0.942375779
vt 0.417618513 0.920234382
vt 0.381026328 0.91126889
vt 0.352805912 0.906819224
vt 0.303729475 0.903568804
vt 0.273476601 0.908655643
vt 0.241834968 0.915275633
vt 0.209070921 0.923687518
vt 0.189076483 0.919439971
vt 0.192159891 0.906303942
vt 0.176623851 0.921860337
vt 0.180442661 0.908266723
vt 0.201379836 0.8925156
vt 0.198293358 0.88532567
vt 0.188909054 0.928475022
vt 0.173854828 0.931777775
vt 0.219470143 0.854329526
vt 0.236275405 0.842590213
vt 0.220110804 0.842316806
vt 0.234122127 0.832838178
vt 0.254573405 0.831053734
vt 0.251682013 0.823547781
vt 0.289290816 0.814158499
vt 0.287113369 0.80689925
vt 0.344184756 0.792380214
vt 0.34232229 0.785752892
vt 0.239955008 0.909170866
vt 0.236311466 0.899589956
vt 0.208584875 0.905100346
vt 0.208030045 0.916273832
vt 0.272329152 0.90237993
vt 0.270186782 0.890216351
vt 0.211636662 0.886121929
vt 0.234419972 0.880533576
vt 0.214706331 0.869434834
vt 0.233240843 0.860495865
vt 0.264594257 0.869864821
vt 0.303870112 0.881498933
vt 0.301239461 0.855901301
vt 0.354887486 0.879631579
vt 0.353261054 0.900734484
vt 0.382051557 0.905552566
vt 0.385781705 0.882206678
vt 0.303712189 0.897753358
vt 0.418192148 0.915903687
vt 0.420947492 0.889792979
vt 0.462441534 0.937587023
vt 0.466004401 0.907598913
vt 0.517562628 0.960396528
vt 0.538731873 0.922611594
vt 0.578120351 0.929769993
vt 0.555977225 0.966798365
vt 0.355234295 0.853377938
vt 0.384087741 0.853491127
vt 0.387071937 0.835892022
vt 0.362928629 0.843952715
vt 0.428416699 0.869721353
vt 0.469891995 0.872700036
vt 0.552338719 0.885608315
vt 0.522286475 0.863519609
vt 0.555286825 0.862959564
vt 0.517620444 0.844686687
vt 0.511082292 0.845960319
vt 0.60252732 0.882947445
vt 0.353205204 0.835252523
vt 0.350107789 0.813125551
vt 0.294442207 0.832384109
vt 0.258310169 0.847337902
vt 0.509744823 0.842791855
vt 0.480946392 0.849524081
vt 0.431666166 0.852312982
vt 0.440755695 0.82812959
vt 0.491188198 0.827956557
vt 0.405434966 0.832118392
vt 0.397819042 0.853960574
vt 0.39842245 0.868556559
vt 0.445919901 0.804842532
vt 0.482741863 0.802295268
vt 0.447318166 0.795530081
vt 0.40574035 0.818793237
vt 0.405316114 0.809227407
vt 0.480869204 0.795300603
vt 0.387352824 0.813524365
vt 0.397344381 0.803168178
vt 0.430619985 0.766357481
vt 0.436803728 0.762075961
vt 0.388847172 0.801739752
vt 0.376042783 0.801116288
vt 0.382905275 0.778697193
vt 0.380771607 0.773791909
vt 0.364128351 0.786224782
vt 0.360526472 0.780872703
vt 0.522677958 0.802303791
vt 0.523034692 0.806386292
vt 0.549935997 0.809387565
vt 0.54895395 0.806118488
vt 0.588795543 0.806700587
vt 0.576955676 0.809973478
vt 0.558477283 0.827186584
vt 0.556629121 0.822872698
vt 0.516681314 0.842292845
vt 0.517397344 0.839511454
vt 0.554399312 0.816252053
vt 0.521574259 0.82248348
vt 0.558077335 0.831501305
vt 0.587262154 0.834493458
vt 0.594901204 0.859544396
vt 0.61280179 0.856897116
vt 0.611969829 0.87488991
vt 0.625079751 0.869710505
vt 0.679060519 0.845916092
vt 0.60872972 0.836456299
vt 0.586188614 0.830603063
vt 0.608081162 0.833090782
vt 0.685736716 0.844839334
vt 0.627483189 0.87224865
vt 0.613424242 0.879784107
vt 0.611097395 0.887376845
vt 0.668857038 0.880648553
vt 0.681804001 0.928261817
vt 0.596334636 0.933378816
vt 0.668320596 0.971745014
vt 0.585589051 0.971768558
vt 0.722890496 0.887130857
vt 0.667898476 0.876131475
vt 0.725961626 0.882915914
vt 0.759395421 0.906474352
vt 0.761402667 0.901761651
vt 0.8041448 0.925751209
vt 0.805477738 0.921470106
vt 0.86088115 0.936159074
vt 0.859324813 0.930913568
vt 0.914489329 0.941398203
vt 0.900500536 0.941269577
vt 0.866138816 0.952782571
vt 0.864967763 0.9485811
vt 0.792727351 0.96232301
vt 0.791330755 0.968276262
vt 0.73258239 0.972608507
vt 0.734157443 0.967802107
vt 0.66687119 0.977402985
vt 0.584231913 0.977367222
vt 0.862955272 0.942479849
vt 0.799956203 0.939025402
vt 0.747074544 0.935910761
vt 0.553307414 0.972104728
vt 0.515317082 0.965656281
vt 0.461748391 0.942375779
vt 0.417618513 0.920234382
vt 0.381026328 0.91126889
vt 0.352805912 0.906819224
vt 0.303729475 0.903568804
vt 0.273476601 0.908655643
vt 0.241834968 0.915275633
vt 0.209070921 0.923687518
vt 0.189076483 0.919439971
vt 0.192159891 0.906303942
vt 0.176623851 0.921860337
vt 0.180442661 0.908266723
vt 0.201379836 0.8925156
vt 0.198293358 0.88532567
vt 0.188909054 0.928475022
vt 0.173854828 0.931777775
vt 0.219470143 0.854329526
vt 0.236275405 0.842590213
vt 0.220110804 0.842316806
vt 0.234122127 0.832838178
vt 0.254573405 0.831053734
vt 0.251682013 0.823547781
vt 0.289290816 0.814158499
vt 0.287113369 0.80689925
vt 0.344184756 0.792380214
vt 0.34232229 0.785752892
vt 0.540876985 0.654660702
vt 0.510515988 0.651423693
vt 0.501869023 0.629358709
vt 0.535086989 0.636082709
vt 0.499372005 0.612104714
vt 0.505801022 0.605394721
vt 0.477016985 0.627991676
vt 0.479797006 0.649959683
vt 0.450769991 0.647313714
vt 0.452152997 0.624776721
vt 0.472566992 0.594497681
vt 0.452060997 0.594752729
vt 0.421503991 0.592427731
vt 0.421503991 0.620213687
vt 0.492493004 0.605487704
vt 0.484757006 0.595221698
vt 0.421503991 0.568959713
vt 0.452264011 0.571782708
vt 0.473834991 0.572995722
vt 0.484407991 0.568349719
vt 0.421503991 0.548435688
vt 0.452773988 0.552735686
vt 0.473553985 0.556595683
vt 0.421503991 0.640373707
vt 0.421503991 0.531883717
vt 0.451815993 0.535446703
vt 0.421503991 0.512710094
vt 0.475831985 0.544675708
vt 0.452363133 0.51506269
vt 0.477470011 0.524757683
vt 0.485100001 0.537788689
vt 0.488727003 0.528899729
vt 0.498605996 0.531560719
vt 0.507218003 0.525199711
vt 0.49316299 0.520012677
vt 0.499671996 0.515391707
vt 0.507968009 0.51853168
vt 0.489648014 0.543005705
vt 0.477364987 0.514603674
vt 0.455557078 0.493919671
vt 0.421503991 0.490192682
vt 0.421503991 0.468087673
vt 0.477665007 0.500899732
vt 0.508584976 0.512777686
vt 0.476610988 0.476873934
vt 0.452570885 0.470526665
vt 0.503265023 0.484974533
vt 0.530143976 0.520814717
vt 0.528407991 0.488986671
vt 0.558278024 0.526018679
vt 0.559090972 0.493850678
vt 0.588137984 0.52850771
vt 0.588137984 0.495024681
vt 0.558399022 0.541038692
vt 0.529577971 0.537252724
vt 0.588137984 0.542208672
vt 0.588137984 0.555645704
vt 0.558507979 0.555705726
vt 0.552434981 0.555594683
vt 0.577984989 0.570356727
vt 0.571808994 0.582211673
vt 0.558380008 0.58153069
vt 0.577718973 0.594683707
vt 0.560290992 0.607908726
vt 0.588137984 0.608444691
vt 0.588137984 0.636190712
vt 0.559071004 0.637668729
vt 0.546212018 0.605690718
vt 0.588137984 0.651794672
vt 0.563207984 0.653970718
vt 0.531397998 0.602580726
vt 0.547958016 0.581069708
vt 0.529564023 0.578803718
vt 0.517395973 0.577489674
vt 0.510761023 0.600219727
vt 0.518401027 0.554560721
vt 0.529542983 0.555013716
vt 0.513054013 0.533361673
vt 0.519532025 0.524623692
vt 0.0320749991 0.550324023
vt 0.0260349996 0.559625983
vt 0.0209749993 0.535378993
vt 0.0197999999 0.563467979
vt 0.0146329999 0.556595027
vt 0.0335129984 0.540767014
vt 0.0212949999 0.591337979
vt 0.0113740005 0.573472023
vt 0.0362149999 0.553202987
vt 0.0391479991 0.544686973
vt 0.0313629992 0.580254018
vt 0.0062239999 0.559373975
vt 0.0111140003 0.551027
vt 0.00918400008 0.542351007
vt 0.00279700011 0.545337975
vt 0.540876985 0.654660702
vt 0.535086989 0.636082709
vt 0.501869023 0.629358709
vt 0.510515988 0.651423693
vt 0.499372005 0.612104714
vt 0.505801022 0.605394721
vt 0.477016985 0.627991676
vt 0.479797006 0.649959683
vt 0.450769991 0.647313714
vt 0.452152997 0.624776721
vt 0.472566992 0.594497681
vt 0.452060997 0.594752729
vt 0.421503991 0.592427731
vt 0.421503991 0.620213687
vt 0.492493004 0.605487704
vt 0.484757006 0.595221698
vt 0.421503991 0.568959713
vt 0.452264011 0.571782708
vt 0.473834991 0.572995722
vt 0.484407991 0.568349719
vt 0.421503991 0.548435688
vt 0.452773988 0.552735686
vt 0.473553985 0.556595683
vt 0.421503991 0.640373707
vt 0.421503991 0.531883717
vt 0.451815993 0.535446703
vt 0.475831985 0.544675708
vt 0.452363133 0.51506269
vt 0.421503991 0.512710094
vt 0.477470011 0.524757683
vt 0.455557078 0.493919671
vt 0.477364987 0.514603674
vt 0.477665007 0.500899732
vt 0.476610988 0.476873934
vt 0.508584976 0.512777686
vt 0.503265023 0.484974533
vt 0.530143976 0.520814717
vt 0.528407991 0.488986671
vt 0.558278024 0.526018679
vt 0.559090972 0.493850678
vt 0.588137984 0.52850771
vt 0.588137984 0.495024681
vt 0.558399022 0.541038692
vt 0.529577971 0.537252724
vt 0.588137984 0.542208672
vt 0.588137984 0.555645704
vt 0.558507979 0.555705726
vt 0.552434981 0.555594683
vt 0.577984989 0.570356727
vt 0.571808994 0.582211673
vt 0.558380008 0.58153069
vt 0.577718973 0.594683707
vt 0.560290992 0.607908726
vt 0.588137984 0.608444691
vt 0.588137984 0.636190712
vt 0.559071004 0.637668729
vt 0.546212018 0.605690718
vt 0.588137984 0.651794672
vt 0.563207984 0.653970718
vt 0.531397998 0.602580726
vt 0.547958016 0.581069708
vt 0.529564023 0.578803718
vt 0.517395973 0.577489674
vt 0.510761023 0.600219727
vt 0.518401027 0.554560721
vt 0.529542983 0.555013716
vt 0.513054013 0.533361673
vt 0.519532025 0.524623692
vt 0.507968009 0.51853168
vt 0.499671996 0.515391707
vt 0.507218003 0.525199711
vt 0.49316299 0.520012677
vt 0.488727003 0.528899729
vt 0.498605996 0.531560719
vt 0.485100001 0.537788689
vt 0.489648014 0.543005705
vt 0.452570885 0.470526665
vt 0.421503991 0.468087673
vt 0.421503991 0.490192682
vt 0.445946276 0.439570367
vt 0.421179026 0.440012217
vt 0.421504736 0.468087256
vt 0.390438497 0.470526636
vt 0.39431271 0.437312424
vt 0.366398543 0.476874232
vt 0.422166646 0.399420828
vt 0.396465212 0.39970842
vt 0.369763285 0.436631918
vt 0.3397443 0.484974653
vt 0.344387382 0.436711103
vt 0.314600676 0.488986373
vt 0.317502022 0.437714219
vt 0.283918023 0.493850738
vt 0.287110925 0.43475619
vt 0.254871845 0.495024353
vt 0.37024495 0.396467686
vt 0.342431128 0.391278684
vt 0.310750544 0.386597782
vt 0.288166463 0.385522515
vt 0.254871786 0.433501273
vt 0.254871786 0.386808634
vt 0.365710467 0.367588907
vt 0.396720022 0.373869389
vt 0.33746925 0.361782372
vt 0.308237106 0.351370007
vt 0.285940498 0.352825075
vt 0.254871786 0.349405766
vt 0.33113119 0.324813098
vt 0.363369942 0.33579582
vt 0.360947818 0.281340927
vt 0.32820493 0.279107064
vt 0.325095952 0.228083491
vt 0.29804343 0.238141418
vt 0.36033392 0.210912719
vt 0.398866355 0.242365718
vt 0.398726553 0.298096061
vt 0.436398149 0.29836911
vt 0.44235751 0.243884951
vt 0.470803946 0.256522864
vt 0.466766417 0.296966404
vt 0.487969935 0.287890553
vt 0.492457688 0.253166348
vt 0.304951549 0.275891155
vt 0.431424141 0.342502266
vt 0.461813807 0.334464312
vt 0.397824556 0.338953644
vt 0.485249341 0.325225681
vt 0.427230656 0.373265475
vt 0.447152942 0.396316379
vt 0.473698467 0.435555845
vt 0.475816458 0.390449673
vt 0.501311898 0.432916701
vt 0.503264487 0.484974653
vt 0.476610869 0.476874232
vt 0.528408229 0.488986373
vt 0.532159865 0.433088928
vt 0.559092522 0.433139265
vt 0.503557682 0.387618124
vt 0.53520298 0.384940982
vt 0.560846746 0.386129558
vt 0.588137805 0.433501273
vt 0.588137269 0.386808634
vt 0.561015964 0.349416107
vt 0.588137388 0.350163162
vt 0.538022399 0.349073648
vt 0.511774778 0.353479058
vt 0.480010629 0.360150427
vt 0.453923792 0.368357211
vt 0.516675055 0.317282885
vt 0.487969935 0.287890553
vt 0.519287646 0.287342727
vt 0.492457688 0.253166348
vt 0.51913774 0.259124041
vt 0.542414844 0.285690248
vt 0.541114271 0.266541004
vt 0.568450987 0.262633055
vt 0.563563406 0.28647542
vt 0.588137567 0.272972554
vt 0.588091016 0.238717049
vt 0.539483428 0.312693417
vt 0.561294794 0.312441319
vt 0.588137507 0.312685966
vt 0.0320749991 0.550324023
vt 0.0209749993 0.535378993
vt 0.0260349996 0.559625983
vt 0.0197999999 0.563467979
vt 0.0146329999 0.556595027
vt 0.0335129984 0.540767014
vt 0.0212949999 0.591337979
vt 0.0113740005 0.573472023
vt 0.0362149999 0.553202987
vt 0.0391479991 0.544686973
vt 0.0313629992 0.580254018
vt 0.0062239999 0.559373975
vt 0.0111140003 0.551027
vt 0.00918400008 0.542351007
vt 0.00279700011 0.545337975
vt 0.282133788 0.282069743
vt 0.272772104 0.246699914
vt 0.25487113 0.272972554
vt 0.304951549 0.275891155
vt 0.29804343 0.238141418
vt 0.255421102 0.238717049
vt 0.284184366 0.315602601
vt 0.25487113 0.312685966
vt 0.308209032 0.314300001
vt 0.308209032 0.314300001
vt 0.775298119 0.0304095
vt 0.801299572 0.00241053104
vt 0.782201111 0.0306845903
vt 0.767655134 0.0419459343
vt 0.775851488 0.0426732898
vt 0.789116144 0.0318445563
vt 0.784071326 0.0441701561
vt 0.760207713 0.0571914464
vt 0.769185364 0.057921499
vt 0.752744555 0.0727900118
vt 0.762544334 0.0737312362
vt 0.77814883 0.0591664016
vt 0.772498965 0.0750929341
vt 0.744206309 0.0933076292
vt 0.755173862 0.0947923437
vt 0.736993015 0.108589612
vt 0.748865306 0.11190585
vt 0.766821206 0.0959870294
vt 0.761536479 0.114303082
vt 0.72875011 0.131771564
vt 0.741967976 0.137298331
vt 0.725621521 0.153428376
vt 0.739456356 0.156505421
vt 0.756144762 0.138910979
vt 0.753800511 0.159714535
vt 0.738402903 0.179393813
vt 0.753012419 0.180915087
vt 0.739225328 0.201549158
vt 0.724892437 0.202732325
vt 0.724444032 0.178554133
vt 0.753624678 0.202076316
vt 0.725741506 0.22234337
vt 0.740270019 0.223118484
vt 0.745413125 0.244463161
vt 0.730095863 0.241118044
vt 0.735202789 0.264500082
vt 0.760287702 0.269948542
vt 0.743608952 0.29217115
vt 0.766213536 0.300328225
vt 0.756869376 0.246379197
vt 0.752751172 0.221172333
vt 0.750708103 0.325148344
vt 0.7689327 0.334150225
vt 0.790008545 0.306969523
vt 0.780549526 0.271993846
vt 0.760380387 0.269969136
vt 0.762563467 0.247568473
vt 0.781573772 0.251312166
vt 0.766447783 0.225942776
vt 0.752751172 0.221172333
vt 0.773970246 0.204993516
vt 0.783894658 0.233020023
vt 0.788838029 0.211318329
vt 0.760943294 0.201672554
vt 0.794541895 0.344110221
vt 0.755337715 0.365348339
vt 0.768584192 0.371373653
vt 0.755337715 0.404266506
vt 0.769596457 0.408591896
vt 0.755336761 0.446546406
vt 0.769851744 0.447034597
vt 0.755337715 0.491087139
vt 0.77353543 0.488604635
vt 0.755336761 0.525028706
vt 0.774605453 0.520537674
vt 0.755337715 0.563652694
vt 0.774992049 0.564418316
vt 0.755337715 0.612312555
vt 0.774826527 0.61373806
vt 0.792580128 0.379481941
vt 0.792580128 0.411563724
vt 0.792580605 0.448196739
vt 0.792581558 0.488331646
vt 0.792580128 0.518347323
vt 0.792581558 0.561411262
vt 0.792580605 0.608684659
vt 0.883010864 0.0600778759
vt 0.890673161 0.011715591
vt 0.889710903 0.061213553
vt 0.883340359 0.086735934
vt 0.892116547 0.086989969
vt 0.876293182 0.0602918565
vt 0.874542713 0.0874398947
vt 0.87189579 0.120022483
vt 0.883688927 0.119657673
vt 0.868208885 0.150468111
vt 0.8834095 0.149776548
vt 0.895407677 0.119253397
vt 0.898452759 0.149022549
vt 0.865662575 0.186217159
vt 0.883027554 0.184893817
vt 0.865661621 0.22253409
vt 0.883421421 0.223604321
vt 0.900445938 0.184304416
vt 0.900444984 0.219978631
vt 0.883844376 0.256472528
vt 0.900445938 0.254443854
vt 0.88255167 0.28551966
vt 0.900445938 0.282596022
vt 0.865661621 0.258776784
vt 0.865661621 0.288730621
vt 0.865661621 0.319338709
vt 0.881934166 0.316410124
vt 0.865662575 0.348140329
vt 0.882451534 0.345466703
vt 0.865661621 0.365865439
vt 0.882897377 0.363506585
vt 0.900444984 0.342627615
vt 0.900444984 0.358657271
vt 0.900445938 0.313474715
vt 0.883158207 0.388184875
vt 0.900444984 0.385665596
vt 0.882894039 0.421979249
vt 0.900444984 0.42222324
vt 0.883250713 0.461606711
vt 0.900445938 0.461875796
vt 0.883470535 0.497769654
vt 0.900444984 0.497697115
vt 0.883177757 0.526200831
vt 0.900444984 0.526112139
vt 0.882047176 0.55484277
vt 0.900444984 0.557803333
vt 0.882957458 0.587362468
vt 0.900445938 0.588990688
vt 0.865662575 0.421316743
vt 0.865662575 0.389258355
vt 0.865661621 0.459569871
vt 0.865662575 0.492011875
vt 0.865662575 0.521022141
vt 0.865662575 0.549853265
vt 0.865661621 0.573960483
vt 0.829589844 0.366635233
vt 0.829589844 0.326685429
vt 0.839391708 0.329446644
vt 0.845876694 0.36931783
vt 0.829589844 0.397125602
vt 0.84587574 0.397718817
vt 0.82741642 0.271244287
vt 0.820011139 0.326429904
vt 0.814443111 0.367344856
vt 0.814443111 0.399663448
vt 0.814443111 0.426358134
vt 0.829589844 0.422118545
vt 0.814443111 0.452230692
vt 0.829589844 0.446165442
vt 0.84587574 0.420841783
vt 0.84587431 0.442280591
vt 0.814441681 0.476843148
vt 0.829589844 0.469400853
vt 0.814444065 0.51772517
vt 0.829589844 0.508839488
vt 0.84587574 0.462603986
vt 0.84587574 0.501756489
vt 0.829589844 0.549154222
vt 0.84587574 0.540747941
vt 0.829589844 0.582019269
vt 0.84587574 0.572630107
vt 0.814441681 0.55946666
vt 0.814443111 0.592217147
vt 0.829589844 0.608679295
vt 0.84587431 0.599288166
vt 0.829589844 0.630700231
vt 0.84587574 0.622563004
vt 0.814443111 0.638210416
vt 0.814441681 0.618352294
vt 0.829589844 0.657083392
vt 0.845876694 0.652269244
vt 0.829589844 0.678155124
vt 0.84587574 0.674906909
vt 0.814441681 0.68118912
vt 0.814444065 0.662396729
vt 0.814443111 0.699849665
vt 0.829589844 0.699389994
vt 0.814443111 0.72721982
vt 0.829589844 0.729327023
vt 0.84587574 0.697882116
vt 0.84587574 0.729446113
vt 0.829589844 0.765782297
vt 0.84587574 0.767771065
vt 0.829589844 0.795004666
vt 0.84587574 0.79839009
vt 0.829589844 0.821744442
vt 0.84587431 0.824570954
vt 0.829589844 0.848896921
vt 0.84587574 0.850503981
vt 0.829589844 0.877261877
vt 0.84587431 0.8773489
vt 0.814441681 0.762876332
vt 0.814441681 0.789920688
vt 0.814443111 0.814499557
vt 0.814441681 0.843837321
vt 0.814443111 0.874801993
vt 0.79408443 0.191639751
vt 0.779120982 0.187517241
vt 0.785684228 0.170302615
vt 0.799143195 0.174504772
vt 0.767629802 0.182089865
vt 0.77439189 0.164744601
vt 0.792041898 0.155850336
vt 0.804121912 0.161563873
vt 0.800628662 0.138531178
vt 0.77997607 0.150947571
vt 0.788152814 0.133977085
vt 0.812666833 0.142988607
vt 0.811288893 0.116310351
vt 0.822862446 0.119077682
vt 0.82209152 0.0957461074
vt 0.831362844 0.0979619622
vt 0.798806727 0.114221729
vt 0.811858952 0.0939122662
vt 0.838987529 0.0763548762
vt 0.833356082 0.0754326954
vt 0.841079712 0.0572698116
vt 0.826512814 0.07245747
vt 0.775298119 0.0304095019
vt 0.782201111 0.0306845903
vt 0.801299572 0.00241053104
vt 0.767655134 0.041945938
vt 0.775851488 0.0426732861
vt 0.789116144 0.0318445526
vt 0.784071326 0.0441701598
vt 0.769185364 0.0579214953
vt 0.77814883 0.0591664016
vt 0.762544334 0.0737312362
vt 0.752744555 0.0727900118
vt 0.760207713 0.0571914464
vt 0.772498965 0.0750929341
vt 0.755173862 0.0947923437
vt 0.766821206 0.0959870294
vt 0.748865306 0.11190585
vt 0.736993015 0.108589612
vt 0.744206309 0.0933076292
vt 0.761536479 0.114303082
vt 0.741967976 0.137298331
vt 0.756144762 0.138910979
vt 0.739456356 0.156505421
vt 0.725621521 0.153428376
vt 0.72875011 0.131771564
vt 0.753800511 0.159714535
vt 0.738402903 0.179393813
vt 0.753012419 0.180915087
vt 0.753624678 0.202076316
vt 0.739225328 0.201549158
vt 0.724892437 0.202732325
vt 0.724444032 0.178554133
vt 0.725741506 0.22234337
vt 0.740270019 0.223118484
vt 0.730095863 0.241118044
vt 0.744725466 0.242639557
vt 0.735202789 0.264500082
vt 0.75109148 0.266274333
vt 0.743608952 0.29217115
vt 0.762801409 0.298201799
vt 0.750708103 0.325148344
vt 0.769643962 0.333275646
vt 0.790008545 0.306969523
vt 0.759491563 0.268044025
vt 0.780549526 0.271993846
vt 0.754891157 0.244092494
vt 0.781573772 0.251312166
vt 0.766447783 0.225942776
vt 0.752751172 0.221172333
vt 0.773970246 0.204993516
vt 0.783894658 0.233020023
vt 0.788838029 0.211318329
vt 0.760943294 0.201672554
vt 0.794541836 0.344110221
vt 0.755337715 0.365348339
vt 0.771268308 0.371634513
vt 0.755337715 0.404266506
vt 0.770974576 0.407427013
vt 0.755336761 0.446546406
vt 0.770741045 0.447518885
vt 0.755337715 0.491087139
vt 0.773806691 0.490180224
vt 0.755336761 0.525028706
vt 0.774122477 0.523478091
vt 0.755337715 0.563652694
vt 0.774436831 0.564489603
vt 0.755337715 0.612312555
vt 0.774826527 0.61373806
vt 0.792580128 0.379481941
vt 0.792580128 0.411563724
vt 0.792580605 0.448196739
vt 0.792581558 0.488331646
vt 0.792580128 0.518347323
vt 0.792581558 0.561411262
vt 0.792580605 0.608684659
vt 0.883010864 0.0600778721
vt 0.889710903 0.061213553
vt 0.890673161 0.0117155956
vt 0.883340359 0.0867359489
vt 0.892116547 0.086989969
vt 0.874542713 0.0874399096
vt 0.876293182 0.0602918603
vt 0.883688927 0.119657673
vt 0.895407677 0.119253412
vt 0.8834095 0.149776533
vt 0.898452759 0.149022549
vt 0.868208885 0.150468111
vt 0.87189579 0.120022483
vt 0.883027554 0.184893817
vt 0.900445938 0.184304416
vt 0.883421421 0.223604336
vt 0.900444984 0.219978645
vt 0.883844376 0.256472528
vt 0.900445938 0.254443854
vt 0.88255167 0.28551966
vt 0.900445938 0.282596022
vt 0.865661621 0.288730621
vt 0.865661621 0.258776784
vt 0.865661621 0.22253409
vt 0.865662575 0.186217159
vt 0.881934166 0.316410124
vt 0.900445938 0.313474715
vt 0.882451534 0.345466703
vt 0.900444984 0.342627615
vt 0.882897377 0.363506585
vt 0.900444984 0.358657271
vt 0.865661621 0.365865439
vt 0.865662575 0.348140329
vt 0.865661621 0.319338709
vt 0.883158207 0.388184875
vt 0.900444984 0.385665596
vt 0.882894039 0.421979249
vt 0.900444984 0.42222324
vt 0.883250713 0.461606711
vt 0.900445938 0.461875796
vt 0.883470535 0.497769654
vt 0.900444984 0.497697115
vt 0.883177757 0.526200831
vt 0.900444984 0.526112139
vt 0.882047176 0.55484277
vt 0.900444984 0.557803333
vt 0.882957458 0.587362468
vt 0.900445938 0.588990688
vt 0.865661621 0.573960483
vt 0.865662575 0.549853265
vt 0.865662575 0.521022141
vt 0.865662575 0.492011875
vt 0.865661621 0.459569871
vt 0.865662575 0.421316743
vt 0.865662575 0.389258355
vt 0.829589844 0.366635233
vt 0.845876694 0.36931783
vt 0.839391708 0.329446644
vt 0.829589844 0.326685429
vt 0.829589844 0.397125602
vt 0.84587574 0.397718817
vt 0.82741642 0.271244287
vt 0.814443111 0.399663448
vt 0.814443111 0.367344856
vt 0.820011139 0.326429904
vt 0.829589844 0.422118545
vt 0.84587574 0.420841783
vt 0.829589844 0.446165442
vt 0.84587431 0.442280591
vt 0.814443111 0.452230692
vt 0.814443111 0.426358134
vt 0.829589844 0.469400853
vt 0.84587574 0.462603986
vt 0.829589844 0.508839488
vt 0.84587574 0.501756489
vt 0.829589844 0.549154222
vt 0.84587574 0.540747941
vt 0.829589844 0.582019269
vt 0.84587574 0.572630107
vt 0.814443111 0.592217147
vt 0.814441681 0.55946666
vt 0.814444065 0.51772517
vt 0.814441681 0.476843148
vt 0.829589844 0.608679295
vt 0.84587431 0.599288166
vt 0.829589844 0.630700231
vt 0.84587574 0.622563004
vt 0.814443111 0.638210416
vt 0.814441681 0.618352294
vt 0.829589844 0.657083392
vt 0.845876694 0.652269244
vt 0.829589844 0.678155124
vt 0.84587574 0.674906909
vt 0.814444065 0.662396729
vt 0.814441681 0.68118912
vt 0.829589844 0.699389994
vt 0.84587574 0.697882116
vt 0.829589844 0.729327023
vt 0.84587574 0.729446113
vt 0.829589844 0.765782297
vt 0.84587574 0.767771065
vt 0.829589844 0.795004666
vt 0.84587574 0.79839009
vt 0.829589844 0.821744442
vt 0.84587431 0.824570954
vt 0.829589844 0.848896921
vt 0.84587574 0.850503981
vt 0.829589844 0.877261877
vt 0.84587431 0.8773489
vt 0.814443111 0.874801993
vt 0.814441681 0.843837321
vt 0.814443111 0.814499557
vt 0.814441681 0.789920688
vt 0.814441681 0.762876332
vt 0.814443111 0.72721982
vt 0.814443111 0.699849665
vt 0.79408443 0.191639751
vt 0.799143195 0.174504772
vt 0.785684228 0.170302615
vt 0.779120982 0.187517241
vt 0.767629802 0.182089865
vt 0.77439189 0.164744601
vt 0.792041898 0.155850336
vt 0.77997607 0.150947571
vt 0.800628662 0.138531178
vt 0.788152814 0.133977085
vt 0.804121912 0.161563873
vt 0.812666833 0.142988607
vt 0.811288893 0.116310351
vt 0.798806727 0.114221729
vt 0.811858952 0.0939122662
vt 0.822091579 0.0957461074
vt 0.822862446 0.119077682
vt 0.831362844 0.0979619622
vt 0.833356082 0.0754326954
vt 0.838987529 0.0763548762
vt 0.841079712 0.0572698116
vt 0.826512814 0.07245747
vt 0.752751172 0.221172333
vt 0.0723290965 0.0707196146
vt 0.0417611077 0.0556106269
vt 0.075723052 0.0620965511
vt 0.091662474 0.0834370553
vt 0.100343831 0.0694279373
vt 0.125853628 0.0808990821
vt 0.109285884 0.052326113
vt 0.0772038102 0.0536464751
vt 0.11267598 0.101196773
vt 0.136703938 0.0569427162
vt 0.150488228 0.0671043992
vt 0.154731795 0.0923510119
vt 0.130005106 0.116148703
vt 0.146043897 0.036081776
vt 0.130207062 0.0238845944
vt 0.125459701 0.0359543264
vt 0.155787915 0.0179299116
vt 0.134927645 0.013317734
vt 0.165814489 0.0498444289
vt 0.171423897 0.0794391632
vt 0.178103372 0.0313919187
vt 0.185909718 0.0648453683
vt 0.194702581 0.0456212312
vt 0.150957748 0.118816867
vt 0.150901392 0.144108713
vt 0.132204205 0.146205947
vt 0.101411052 0.147392601
vt 0.104078673 0.115383498
vt 0.072167404 0.148875669
vt 0.0993662253 0.174841031
vt 0.0755237117 0.174455374
vt 0.0473089889 0.150257811
vt 0.046070464 0.16700688
vt 0.00636289455 0.153992459
vt 0.0704565644 0.120298199
vt 0.0485922024 0.129169524
vt 0.134168953 0.172610089
vt 0.177337155 0.119977899
vt 0.174123108 0.142208055
vt 0.170610175 0.162745342
vt 0.151710555 0.166222095
vt 0.151260778 0.180589393
vt 0.136501089 0.19905141
vt 0.11664059 0.182849258
vt 0.0891152471 0.1983421
vt 0.108690299 0.218219385
vt 0.118247457 0.235828891
vt 0.108597867 0.249356076
vt 0.128215477 0.242486805
vt 0.161286533 0.228955254
vt 0.15598318 0.223924309
vt 0.19013308 0.211999461
vt 0.165683821 0.232330024
vt 0.191764519 0.213108316
vt 0.209519565 0.200648949
vt 0.0939688757 0.228683382
vt 0.0776477233 0.239344224
vt 0.0746320039 0.210490689
vt 0.0612125508 0.222090319
vt 0.0907297507 0.255276769
vt 0.210731953 0.220432118
vt 0.20306313 0.231023565
vt 0.170694575 0.235787302
vt 0.189949661 0.242700264
vt 0.169995785 0.26049602
vt 0.145123348 0.254534841
vt 0.222057924 0.241635367
vt 0.20968008 0.253182888
vt 0.228989899 0.245167762
vt 0.216529861 0.258785695
vt 0.198333591 0.265502244
vt 0.153927132 0.276433408
vt 0.184831455 0.280144393
vt 0.20878464 0.267256558
vt 0.192069888 0.283542037
vt 0.235634863 0.235195085
vt 0.228524446 0.232730612
vt 0.243739054 0.220384046
vt 0.235959411 0.217027232
vt 0.252767652 0.204720035
vt 0.24807626 0.198005229
vt 0.264397055 0.176302552
vt 0.260782361 0.171463668
vt 0.277526915 0.137678415
vt 0.162825853 0.301246285
vt 0.141414359 0.298153996
vt 0.135758698 0.270010591
vt 0.1214099 0.294670731
vt 0.118852437 0.342113882
vt 0.107364327 0.341078997
vt 0.104908943 0.407865971
vt 0.131916687 0.343055516
vt 0.140800014 0.343728751
vt 0.171944305 0.303502977
vt 0.24026528 0.177102536
vt 0.257433832 0.162813276
vt 0.267031163 0.137781382
vt 0.27231729 0.124727629
vt 0.264366567 0.121284008
vt 0.268311411 0.101658203
vt 0.262753248 0.100763887
vt 0.265492976 0.0798223689
vt 0.260400355 0.079341501
vt 0.262052923 0.075761199
vt 0.24317126 0.149538457
vt 0.251463681 0.132240623
vt 0.230121374 0.139433041
vt 0.214077473 0.121329144
vt 0.225468323 0.105639257
vt 0.250630915 0.119302429
vt 0.251375735 0.0956189185
vt 0.22912173 0.0869565979
vt 0.201906741 0.0752243251
vt 0.193955064 0.0926446691
vt 0.205834016 0.0552061349
vt 0.233751491 0.0702446699
vt 0.253450692 0.0777338147
vt 0.256461203 0.0739542544
vt 0.234934047 0.06522955
vt 0.205834016 0.0552061349
vt 0.211580396 0.137946367
vt 0.207922906 0.146213651
vt 0.230121374 0.139433041
vt 0.465601981 0.718525589
vt 0.477390945 0.691703677
vt 0.434014469 0.697689891
vt 0.421538472 0.708432198
vt 0.449585915 0.753217578
vt 0.410174698 0.722706199
vt 0.548041463 0.73367846
vt 0.545104563 0.780026913
vt 0.63027519 0.748207033
vt 0.635213554 0.782702982
vt 0.710115075 0.766396701
vt 0.706603229 0.786482155
vt 0.75332886 0.794682264
vt 0.759215534 0.787337899
vt 0.79000169 0.805764079
vt 0.395503581 0.710658669
vt 0.401404411 0.700407505
vt 0.550893247 0.68867141
vt 0.624365509 0.706925273
vt 0.713603973 0.746441603
vt 0.764276922 0.781023979
vt 0.378722727 0.699136913
vt 0.379911125 0.691679597
vt 0.361626804 0.684265554
vt 0.347980738 0.68576622
vt 0.328926146 0.677684188
vt 0.381266296 0.685864031
vt 0.364256829 0.678008854
vt 0.405460775 0.691288173
vt 0.619897544 0.657309175
vt 0.671285033 0.547478616
vt 0.646373034 0.538381577
vt 0.703950286 0.456196487
vt 0.665571153 0.439831674
vt 0.72969234 0.357969612
vt 0.673994005 0.363838553
vt 0.724512517 0.286896884
vt 0.671790838 0.297341168
vt 0.680015147 0.182513669
vt 0.654876173 0.188295215
vt 0.630025387 0.532411695
vt 0.629386067 0.424402595
vt 0.621632159 0.369356066
vt 0.613124609 0.308962703
vt 0.615721285 0.19730036
vt 0.671635687 0.126175016
vt 0.651073217 0.127039433
vt 0.649141848 0.108965889
vt 0.638397455 0.106067762
vt 0.635275066 0.127703413
vt 0.663419604 0.110372841
vt 0.647206843 0.0908577293
vt 0.656164348 0.0910774544
vt 0.645957172 0.0577791482
vt 0.64079982 0.0566598326
vt 0.635196447 0.055145815
vt 0.63686496 0.0846001208
vt 0.0342616737 0.265131861
vt 0.0479851663 0.243531585
vt 0.0560051352 0.252782464
vt 0.0624817312 0.260174602
vt 0.357615113 0.142223597
vt 0.326013446 0.157387495
vt 0.31483835 0.146662951
vt 0.336990297 0.127586827
vt 0.375665367 0.129551232
vt 0.35743767 0.110005356
vt 0.289156616 0.170827031
vt 0.404139578 0.103755876
vt 0.387247026 0.0850269645
vt 0.408557475 0.0709917396
vt 0.369148433 0.0709178895
vt 0.396271884 0.0611251518
vt 0.420565486 0.0861394256
vt 0.333839417 0.0916958898
vt 0.315748036 0.111403331
vt 0.302533448 0.131665289
vt 0.380208075 0.0429969952
vt 0.372086048 0.0624542162
vt 0.336911082 0.0444360301
vt 0.343249738 0.0295342728
vt 0.315553248 0.0152697489
vt 0.390770793 0.0268326327
vt 0.356396496 0.0138199851
vt 0.0207558274 0.813616991
vt 0.0432497412 0.812285364
vt 0.0414439812 0.822981358
vt 0.0531079546 0.812269509
vt 0.0555567667 0.83066088
vt 0.0831151903 0.847653031
vt 0.0797093213 0.809788167
vt 0.0362884402 0.80340302
vt 0.112662621 0.845455706
vt 0.0877536312 0.872262299
vt 0.112452254 0.870756209
vt 0.140291989 0.845192075
vt 0.142925188 0.861391664
vt 0.183532804 0.844677925
vt 0.114800297 0.813028097
vt 0.13803108 0.821000278
vt 0.0651542544 0.778208435
vt 0.0708318502 0.797133088
vt 0.0936641842 0.779104233
vt 0.0848531201 0.761263192
vt 0.112955987 0.755682349
vt 0.11645218 0.766255021
vt 0.154609501 0.750057101
vt 0.0747309476 0.744175017
vt 0.111613438 0.745388687
vt 0.045158878 0.75066936
vt 0.0553345308 0.76322782
vt 0.0314234495 0.759379208
vt 0.0363055468 0.765117645
vt 0.0345651507 0.730041325
vt 0.0503178164 0.717459381
vt 0.0553933978 0.7294209
vt 0.0454915464 0.706828892
vt 0.0246351957 0.711662948
vt 0.0256391466 0.752085149
vt 0.00986674335 0.767150998
vt 0.0298302863 0.770482004
vt 0.00226464192 0.725085378
vt 0.0665140003 0.699885547
vt 0.12114802 0.931690693
vt 0.102557667 0.923302412
vt 0.11251121 0.904630363
vt 0.128388122 0.915192902
vt 0.143853948 0.940886617
vt 0.148462102 0.932540357
vt 0.114048243 0.944195926
vt 0.140019462 0.947756112
vt 0.094149217 0.939677954
vt 0.0847231969 0.913280666
vt 0.0769195408 0.931989253
vt 0.0533085167 0.893963754
vt 0.0609589666 0.882897437
vt 0.0974307358 0.895476401
vt 0.0441106632 0.874946117
vt 0.0360871851 0.879127443
vt 0.0441945642 0.868514836
vt 0.0179725438 0.863196194
vt 0.0376249701 0.863233864
vt 0.102116778 0.888039172
vt 0.0711674616 0.877335489
vt 0.0603783503 0.871283829
vt 0.054009296 0.858869731
vt 0.11908178 0.89788264
vt 0.134479493 0.907347322
vt 0.152255207 0.926494181
vt 0.16802077 0.948221028
vt 0.137919217 0.952832997
vt 0.107226223 0.952498317
vt 0.0882109702 0.94485867
vt 0.0672011226 0.938963056
vt 0.0322745889 0.926730096
vt 0.0373997837 0.919701278
vt 0.00183403562 0.90648073
vt 0.465769827 0.718566895
vt 0.421784997 0.708491266
vt 0.434238851 0.69776845
vt 0.47753787 0.691792607
vt 0.44978261 0.753196776
vt 0.410441756 0.722739995
vt 0.548061848 0.733692706
vt 0.545130312 0.779958189
vt 0.63014859 0.748194933
vt 0.635078132 0.782629609
vt 0.709845603 0.766352177
vt 0.706340373 0.786401689
vt 0.75298208 0.794587195
vt 0.758858621 0.7872563
vt 0.789589107 0.80564934
vt 0.395796716 0.710713804
vt 0.401687205 0.700481176
vt 0.550908744 0.688766003
vt 0.624249279 0.706987262
vt 0.713328242 0.746432781
vt 0.763910592 0.780953586
vt 0.379045874 0.69921267
vt 0.380232036 0.691769004
vt 0.361980766 0.684367955
vt 0.348358959 0.685866177
vt 0.364605904 0.678122342
vt 0.329338372 0.677798152
vt 0.381585121 0.68596369
vt 0.405736089 0.691378117
vt 0.619897544 0.657309175
vt 0.646373034 0.538381577
vt 0.671285033 0.547478616
vt 0.703950286 0.456196487
vt 0.665571153 0.439831674
vt 0.72969234 0.357969612
vt 0.673994005 0.363838553
vt 0.724512517 0.286896884
vt 0.671790838 0.297341168
vt 0.680015147 0.182513669
vt 0.654876173 0.188295215
vt 0.630025387 0.532411695
vt 0.629386067 0.424402595
vt 0.621632159 0.369356066
vt 0.613124609 0.308962703
vt 0.615721285 0.19730036
vt 0.671635687 0.126175016
vt 0.651073217 0.127039433
vt 0.649141848 0.108965889
vt 0.638397455 0.106067762
vt 0.635275066 0.127703413
vt 0.663419604 0.110372841
vt 0.647206843 0.0908577293
vt 0.656164348 0.0910774544
vt 0.645957172 0.0577791482
vt 0.64079982 0.0566598326
vt 0.644260943 0.0234394222
vt 0.642450035 0.022936359
vt 0.643931448 0.00275327265
vt 0.635196447 0.055145815
vt 0.63686496 0.0846001208
vt 0.633678973 0.0336688906
vt 0.640282512 0.0223342627
vt 0.406003177 0.972391188
vt 0.410339028 0.964660287
vt 0.477438331 0.97830236
vt 0.354730129 0.976061523
vt 0.358038306 0.966998219
vt 0.368703991 0.946110845
vt 0.416792959 0.953455925
vt 0.376525313 0.928559363
vt 0.422358483 0.943497777
vt 0.347856939 0.925714731
vt 0.337438762 0.943145692
vt 0.324614465 0.961802483
vt 0.325046837 0.971922636
vt 0.30629909 0.976184011
vt 0.310956478 0.965148509
vt 0.301549584 0.986163378
vt 0.325533718 0.981513202
vt 0.289751619 0.972978652
vt 0.289138854 0.9784863
vt 0.272332639 0.982246339
vt 0.271530658 0.990020633
vt 0.289831966 0.987534761
vt 0.274280608 0.978286266
vt 0.260133535 0.990325093
vt 0.261205584 0.984916568
vt 0.261505127 0.981785417
vt 0.245531455 0.983695269
vt 0.244507238 0.989526331
vt 0.227264524 0.983715534
vt 0.228026778 0.988439262
vt 0.200508833 0.978243053
vt 0.200893223 0.982574284
vt 0.165461719 0.972049594
vt 0.314663768 0.956911147
vt 0.292844057 0.945986748
vt 0.301548094 0.941324949
vt 0.322161049 0.941411138
vt 0.298942685 0.933903515
vt 0.276154786 0.93951261
vt 0.329676598 0.924013317
vt 0.528578222 0.189207643
vt 0.543675542 0.17448321
vt 0.570050955 0.193249315
vt 0.561047554 0.203702539
vt 0.512592077 0.176931649
vt 0.523954868 0.160084695
vt 0.598706484 0.215560555
vt 0.497554868 0.160553962
vt 0.503714323 0.146066695
vt 0.484115422 0.132451624
vt 0.547851562 0.144625515
vt 0.564621329 0.16077438
vt 0.579669714 0.176655561
vt 0.51489222 0.132347912
vt 0.481704086 0.114981674
vt 0.531698942 0.138236791
vt 0.469672918 0.145773381
vt 0.483143151 0.170933276
vt 0.455272138 0.111698769
vt 0.481718749 0.075384222
vt 0.453757048 0.0842007622
vt 0.516255975 0.096960865
vt 0.532245815 0.096098803
vt 0.526638865 0.0773838386
vt 0.532975495 0.120927364
vt 0.513585567 0.118514501
vt 0.531698942 0.138236791
vt 0.550071478 0.122751907
vt 0.551224589 0.0949596912
vt 0.571063638 0.10378357
vt 0.568251491 0.125159413
vt 0.449653804 0.0592765436
vt 0.547851562 0.144625515
vt 0.582620621 0.126508445
vt 0.566498876 0.144356281
vt 0.581983209 0.140050322
vt 0.608849764 0.128193825
vt 0.584149122 0.111204527
vt 0.551224589 0.0949596912
vt 0.54314363 0.0732095465
vt 0.558517098 0.0699454769
vt 0.565914392 0.0845223814
vt 0.558479905 0.0519921407
vt 0.59328711 0.0579461083
vt 0.538823485 0.0491562709
vt 0.521596432 0.0573891029
vt 0.514230967 0.0483122692
vt 0.501117885 0.0328231119
vt 0.473725379 0.0495361313
vt 0.538823485 0.0491562709
vt 0.52483964 0.0383208022
vt 0.540853739 0.0232058726
vt 0.552354217 0.0332097076
vt 0.559248805 0.0105347587
vt 0.52705586 0.00821476709
vt 0.511673093 0.0231825672
vt 0.446099281 0.0871435031
vt 0.445313394 0.109906279
vt 0.445176899 0.120610557
vt 0.436514437 0.123268388
vt 0.454552472 0.15945664
vt 0.431878865 0.112323843
vt 0.467062414 0.187787861
vt 0.478934467 0.204729646
vt 0.497412056 0.191066116
vt 0.512592077 0.176931649
vt 0.508543491 0.206151754
vt 0.526511669 0.192454487
vt 0.53195101 0.205477327
vt 0.516799331 0.216910243
vt 0.490504384 0.218578577
vt 0.50154978 0.227452397
vt 0.526336789 0.229266047
vt 0.538278401 0.222042918
vt 0.544218898 0.245631099
vt 0.539863229 0.246805906
vt 0.546870708 0.256381512
vt 0.535394609 0.248146296
vt 0.515666842 0.236626387
vt 0.113826603 0.00642423332
vt 0.443154991 0.0627181754
vt 0.0723290965 0.0707196146
vt 0.075723052 0.0620965511
vt 0.0417611077 0.0556106269
vt 0.091662474 0.0834370553
vt 0.100343831 0.0694279373
vt 0.125853628 0.0808990821
vt 0.109285884 0.052326113
vt 0.0772038102 0.0536464751
vt 0.11267598 0.101196773
vt 0.136703938 0.0569427162
vt 0.150488228 0.0671043992
vt 0.154731795 0.0923510119
vt 0.130005106 0.116148703
vt 0.146043897 0.036081776
vt 0.130207062 0.0238845944
vt 0.125459701 0.0359543264
vt 0.155787915 0.0179299116
vt 0.134927645 0.013317734
vt 0.165814489 0.0498444289
vt 0.171423897 0.0794391632
vt 0.178103372 0.0313919187
vt 0.185909718 0.0648453683
vt 0.194702581 0.0456212312
vt 0.150957748 0.118816867
vt 0.150901392 0.144108713
vt 0.132204205 0.146205947
vt 0.101411052 0.147392601
vt 0.104078673 0.115383498
vt 0.072167404 0.148875669
vt 0.0993662253 0.174841031
vt 0.0755237117 0.174455374
vt 0.0473089889 0.150257811
vt 0.046070464 0.16700688
vt 0.00636289455 0.153992459
vt 0.0704565644 0.120298199
vt 0.0485922024 0.129169524
vt 0.134168953 0.172610089
vt 0.177337155 0.119977899
vt 0.174123108 0.142208055
vt 0.170610175 0.162745342
vt 0.151260778 0.180589393
vt 0.136501089 0.19905141
vt 0.151710555 0.166222095
vt 0.11664059 0.182849258
vt 0.0891152471 0.1983421
vt 0.108690299 0.218219385
vt 0.118247457 0.235828891
vt 0.108597867 0.249356076
vt 0.128215477 0.242486805
vt 0.161286533 0.228955254
vt 0.15598318 0.223924309
vt 0.19013308 0.211999461
vt 0.165683821 0.232330024
vt 0.191764519 0.213108316
vt 0.209519565 0.200648949
vt 0.0939688757 0.228683382
vt 0.0776477233 0.239344224
vt 0.0746320039 0.210490689
vt 0.0612125508 0.222090319
vt 0.0907297507 0.255276769
vt 0.210731953 0.220432118
vt 0.20306313 0.231023565
vt 0.170694575 0.235787302
vt 0.189949661 0.242700264
vt 0.169995785 0.26049602
vt 0.145123348 0.254534841
vt 0.222057924 0.241635367
vt 0.20968008 0.253182888
vt 0.228989899 0.245167762
vt 0.216529861 0.258785695
vt 0.198333591 0.265502244
vt 0.153927132 0.276433408
vt 0.184831455 0.280144393
vt 0.20878464 0.267256558
vt 0.192069888 0.283542037
vt 0.235634863 0.235195085
vt 0.228524446 0.232730612
vt 0.243739054 0.220384046
vt 0.235959411 0.217027232
vt 0.252767652 0.204720035
vt 0.24807626 0.198005229
vt 0.264397055 0.176302552
vt 0.260782361 0.171463668
vt 0.277526915 0.137678415
vt 0.162825853 0.301246285
vt 0.141414359 0.298153996
vt 0.135758698 0.270010591
vt 0.1214099 0.294670731
vt 0.118852437 0.342113882
vt 0.107364327 0.341078997
vt 0.104908943 0.407865971
vt 0.131916687 0.343055516
vt 0.140800014 0.343728751
vt 0.171944305 0.303502977
vt 0.24026528 0.177102536
vt 0.257433832 0.162813276
vt 0.267031163 0.137781382
vt 0.27231729 0.124727629
vt 0.264366567 0.121284008
vt 0.268311411 0.101658203
vt 0.262753248 0.100763887
vt 0.265492976 0.0798223689
vt 0.260400355 0.079341501
vt 0.262052923 0.075761199
vt 0.24317126 0.149538457
vt 0.251463681 0.132240623
vt 0.230121374 0.139433041
vt 0.214077473 0.121329144
vt 0.225468323 0.105639257
vt 0.250630915 0.119302429
vt 0.251375735 0.0956189185
vt 0.22912173 0.0869565979
vt 0.201906741 0.0752243251
vt 0.193955064 0.0926446691
vt 0.205834016 0.0552061349
vt 0.233751491 0.0702446699
vt 0.253450692 0.0777338147
vt 0.256461203 0.0739542544
vt 0.234934047 0.06522955
vt 0.205834016 0.0552061349
vt 0.211580396 0.137946367
vt 0.207922906 0.146213651
vt 0.230121374 0.139433041
vt 0.465601981 0.718525589
vt 0.421538472 0.708432198
vt 0.434014469 0.697689891
vt 0.477390945 0.691703677
vt 0.449585915 0.753217578
vt 0.410174698 0.722706199
vt 0.548041463 0.73367846
vt 0.545104563 0.780026913
vt 0.63027519 0.748207033
vt 0.635213554 0.782702982
vt 0.710115075 0.766396701
vt 0.706603229 0.786482155
vt 0.75332886 0.794682264
vt 0.759215534 0.787337899
vt 0.79000169 0.805764079
vt 0.395503581 0.710658669
vt 0.401404411 0.700407505
vt 0.550893247 0.68867141
vt 0.624365509 0.706925273
vt 0.713603973 0.746441603
vt 0.764276922 0.781023979
vt 0.378722727 0.699136913
vt 0.379911125 0.691679597
vt 0.361626804 0.684265554
vt 0.347980738 0.68576622
vt 0.328926146 0.677684188
vt 0.381266296 0.685864031
vt 0.364256829 0.678008854
vt 0.405460775 0.691288173
vt 0.619897544 0.657309175
vt 0.646373034 0.538381577
vt 0.671285033 0.547478616
vt 0.703950286 0.456196487
vt 0.665571153 0.439831674
vt 0.72969234 0.357969612
vt 0.673994005 0.363838553
vt 0.724512517 0.286896884
vt 0.671790838 0.297341168
vt 0.680015147 0.182513669
vt 0.654876173 0.188295215
vt 0.630025387 0.532411695
vt 0.629386067 0.424402595
vt 0.621632159 0.369356066
vt 0.613124609 0.308962703
vt 0.615721285 0.19730036
vt 0.671635687 0.126175016
vt 0.651073217 0.127039433
vt 0.649141848 0.108965889
vt 0.638397455 0.106067762
vt 0.635275066 0.127703413
vt 0.663419604 0.110372841
vt 0.647206843 0.0908577293
vt 0.656164348 0.0910774544
vt 0.645957172 0.0577791482
vt 0.64079982 0.0566598326
vt 0.635196447 0.055145815
vt 0.63686496 0.0846001208
vt 0.0342616737 0.265131861
vt 0.0560051352 0.252782464
vt 0.0479851663 0.243531585
vt 0.0624817312 0.260174602
vt 0.357615113 0.142223597
vt 0.336990297 0.127586827
vt 0.31483835 0.146662951
vt 0.326013446 0.157387495
vt 0.375665367 0.129551232
vt 0.35743767 0.110005356
vt 0.289156616 0.170827031
vt 0.404139578 0.103755876
vt 0.387247026 0.0850269645
vt 0.408557475 0.0709917396
vt 0.369148433 0.0709178895
vt 0.396271884 0.0611251518
vt 0.420565486 0.0861394256
vt 0.333839417 0.0916958898
vt 0.315748036 0.111403331
vt 0.302533448 0.131665289
vt 0.380208075 0.0429969952
vt 0.372086048 0.0624542162
vt 0.336911082 0.0444360301
vt 0.343249738 0.0295342728
vt 0.315553248 0.0152697489
vt 0.390770793 0.0268326327
vt 0.356396496 0.0138199851
vt 0.0207558274 0.813616991
vt 0.0414439812 0.822981358
vt 0.0432497412 0.812285364
vt 0.0531079546 0.812269509
vt 0.0555567667 0.83066088
vt 0.0831151903 0.847653031
vt 0.0797093213 0.809788167
vt 0.0362884402 0.80340302
vt 0.112662621 0.845455706
vt 0.0877536312 0.872262299
vt 0.112452254 0.870756209
vt 0.140291989 0.845192075
vt 0.142925188 0.861391664
vt 0.183532804 0.844677925
vt 0.114800297 0.813028097
vt 0.13803108 0.821000278
vt 0.0651542544 0.778208435
vt 0.0708318502 0.797133088
vt 0.0936641842 0.779104233
vt 0.0848531201 0.761263192
vt 0.112955987 0.755682349
vt 0.11645218 0.766255021
vt 0.154609501 0.750057101
vt 0.0747309476 0.744175017
vt 0.111613438 0.745388687
vt 0.045158878 0.75066936
vt 0.0553345308 0.76322782
vt 0.0314234495 0.759379208
vt 0.0363055468 0.765117645
vt 0.0345651507 0.730041325
vt 0.0503178164 0.717459381
vt 0.0553933978 0.7294209
vt 0.0454915464 0.706828892
vt 0.0246351957 0.711662948
vt 0.0256391466 0.752085149
vt 0.00986674335 0.767150998
vt 0.0298302863 0.770482004
vt 0.00226464192 0.725085378
vt 0.0665140003 0.699885547
vt 0.12114802 0.931690693
vt 0.128388122 0.915192902
vt 0.11251121 0.904630363
vt 0.102557667 0.923302412
vt 0.143853948 0.940886617
vt 0.148462102 0.932540357
vt 0.114048243 0.944195926
vt 0.140019462 0.947756112
vt 0.094149217 0.939677954
vt 0.0847231969 0.913280666
vt 0.0769195408 0.931989253
vt 0.0533085167 0.893963754
vt 0.0609589666 0.882897437
vt 0.0974307358 0.895476401
vt 0.0441106632 0.874946117
vt 0.0360871851 0.879127443
vt 0.0441945642 0.868514836
vt 0.0179725438 0.863196194
vt 0.0376249701 0.863233864
vt 0.102116778 0.888039172
vt 0.0711674616 0.877335489
vt 0.0603783503 0.871283829
vt 0.054009296 0.858869731
vt 0.11908178 0.89788264
vt 0.134479493 0.907347322
vt 0.152255207 0.926494181
vt 0.16802077 0.948221028
vt 0.137919217 0.952832997
vt 0.107226223 0.952498317
vt 0.0882109702 0.94485867
vt 0.0672011226 0.938963056
vt 0.0322745889 0.926730096
vt 0.0373997837 0.919701278
vt 0.00183403562 0.90648073
vt 0.465769827 0.718566895
vt 0.47753787 0.691792607
vt 0.434238851 0.69776845
vt 0.421784997 0.708491266
vt 0.44978261 0.753196776
vt 0.410441756 0.722739995
vt 0.548061848 0.733692706
vt 0.545130312 0.779958189
vt 0.63014859 0.748194933
vt 0.635078132 0.782629609
vt 0.709845603 0.766352177
vt 0.706340373 0.786401689
vt 0.75298208 0.794587195
vt 0.758858621 0.7872563
vt 0.789589107 0.80564934
vt 0.395796716 0.710713804
vt 0.401687205 0.700481176
vt 0.550908744 0.688766003
vt 0.624249279 0.706987262
vt 0.713328242 0.746432781
vt 0.763910592 0.780953586
vt 0.379045874 0.69921267
vt 0.380232036 0.691769004
vt 0.361980766 0.684367955
vt 0.348358959 0.685866177
vt 0.364605904 0.678122342
vt 0.329338372 0.677798152
vt 0.381585121 0.68596369
vt 0.405736089 0.691378117
vt 0.619897544 0.657309175
vt 0.671285033 0.547478616
vt 0.646373034 0.538381577
vt 0.703950286 0.456196487
vt 0.665571153 0.439831674
vt 0.72969234 0.357969612
vt 0.673994005 0.363838553
vt 0.724512517 0.286896884
vt 0.671790838 0.297341168
vt 0.680015147 0.182513669
vt 0.654876173 0.188295215
vt 0.630025387 0.532411695
vt 0.629386067 0.424402595
vt 0.621632159 0.369356066
vt 0.613124609 0.308962703
vt 0.615721285 0.19730036
vt 0.671635687 0.126175016
vt 0.651073217 0.127039433
vt 0.649141848 0.108965889
vt 0.638397455 0.106067762
vt 0.635275066 0.127703413
vt 0.663419604 0.110372841
vt 0.647206843 0.0908577293
vt 0.656164348 0.0910774544
vt 0.645957172 0.0577791482
vt 0.64079982 0.0566598326
vt 0.644260943 0.0234394222
vt 0.642450035 0.022936359
vt 0.643931448 0.00275327265
vt 0.635196447 0.055145815
vt 0.63686496 0.0846001208
vt 0.633678973 0.0336688906
vt 0.640282512 0.0223342627
vt 0.406003177 0.972391188
vt 0.477438331 0.97830236
vt 0.410339028 0.964660287
vt 0.354730129 0.976061523
vt 0.358038306 0.966998219
vt 0.368703991 0.946110845
vt 0.416792959 0.953455925
vt 0.376525313 0.928559363
vt 0.422358483 0.943497777
vt 0.347856939 0.925714731
vt 0.337438762 0.943145692
vt 0.324614465 0.961802483
vt 0.325046837 0.971922636
vt 0.30629909 0.976184011
vt 0.310956478 0.965148509
vt 0.301549584 0.986163378
vt 0.325533718 0.981513202
vt 0.289751619 0.972978652
vt 0.289138854 0.9784863
vt 0.272332639 0.982246339
vt 0.271530658 0.990020633
vt 0.289831966 0.987534761
vt 0.274280608 0.978286266
vt 0.260133535 0.990325093
vt 0.261205584 0.984916568
vt 0.261505127 0.981785417
vt 0.245531455 0.983695269
vt 0.244507238 0.989526331
vt 0.227264524 0.983715534
vt 0.228026778 0.988439262
vt 0.200508833 0.978243053
vt 0.200893223 0.982574284
vt 0.165461719 0.972049594
vt 0.314663768 0.956911147
vt 0.322161049 0.941411138
vt 0.301548094 0.941324949
vt 0.292844057 0.945986748
vt 0.298942685 0.933903515
vt 0.276154786 0.93951261
vt 0.329676598 0.924013317
vt 0.528578222 0.189207643
vt 0.561047554 0.203702539
vt 0.570050955 0.193249315
vt 0.543675542 0.17448321
vt 0.512592077 0.176931649
vt 0.523954868 0.160084695
vt 0.598706484 0.215560555
vt 0.497554868 0.160553962
vt 0.503714323 0.146066695
vt 0.484115422 0.132451624
vt 0.547851562 0.144625515
vt 0.564621329 0.16077438
vt 0.579669714 0.176655561
vt 0.51489222 0.132347912
vt 0.481704086 0.114981674
vt 0.531698942 0.138236791
vt 0.469672918 0.145773381
vt 0.483143151 0.170933276
vt 0.455272138 0.111698769
vt 0.481718749 0.075384222
vt 0.453757048 0.0842007622
vt 0.516255975 0.096960865
vt 0.532245815 0.096098803
vt 0.526638865 0.0773838386
vt 0.532975495 0.120927364
vt 0.531698942 0.138236791
vt 0.513585567 0.118514501
vt 0.550071478 0.122751907
vt 0.551224589 0.0949596912
vt 0.571063638 0.10378357
vt 0.568251491 0.125159413
vt 0.449653804 0.0592765436
vt 0.547851562 0.144625515
vt 0.582620621 0.126508445
vt 0.566498876 0.144356281
vt 0.581983209 0.140050322
vt 0.608849764 0.128193825
vt 0.584149122 0.111204527
vt 0.551224589 0.0949596912
vt 0.54314363 0.0732095465
vt 0.558517098 0.0699454769
vt 0.565914392 0.0845223814
vt 0.558479905 0.0519921407
vt 0.59328711 0.0579461083
vt 0.538823485 0.0491562709
vt 0.521596432 0.0573891029
vt 0.514230967 0.0483122692
vt 0.501117885 0.0328231119
vt 0.473725379 0.0495361313
vt 0.538823485 0.0491562709
vt 0.52483964 0.0383208022
vt 0.540853739 0.0232058726
vt 0.552354217 0.0332097076
vt 0.559248805 0.0105347587
vt 0.52705586 0.00821476709
vt 0.511673093 0.0231825672
vt 0.443154991 0.0627181754
vt 0.446099281 0.0871435031
vt 0.445313394 0.109906279
vt 0.445176899 0.120610557
vt 0.436514437 0.123268388
vt 0.454552472 0.15945664
vt 0.431878865 0.112323843
vt 0.467062414 0.187787861
vt 0.478934467 0.204729646
vt 0.497412056 0.191066116
vt 0.512592077 0.176931649
vt 0.508543491 0.206151754
vt 0.526511669 0.192454487
vt 0.53195101 0.205477327
vt 0.516799331 0.216910243
vt 0.490504384 0.218578577
vt 0.50154978 0.227452397
vt 0.526336789 0.229266047
vt 0.538278401 0.222042918
vt 0.544218898 0.245631099
vt 0.539863229 0.246805906
vt 0.546870708 0.256381512
vt 0.535394609 0.248146296
vt 0.515666842 0.236626387
vt 0.113826603 0.00642423332
vt 0.175859183 0.384533018
vt 0.169835776 0.384372503
vt 0.17428717 0.37477991
vt 0.179479435 0.37526235
vt 0.188315749 0.387596101
vt 0.188419759 0.376790196
vt 0.198264986 0.390294701
vt 0.198409244 0.37891224
vt 0.205358192 0.39020434
vt 0.201490566 0.38011685
vt 0.19127503 0.353802234
vt 0.191527486 0.352355748
vt 0.180139109 0.413407773
vt 0.176240712 0.414099008
vt 0.164203063 0.384361356
vt 0.173441887 0.413922131
vt 0.155615896 0.387248427
vt 0.16662088 0.418258637
vt 0.14861083 0.390199691
vt 0.150800094 0.371387333
vt 0.157503203 0.421768516
vt 0.145325601 0.391878694
vt 0.153847367 0.421887249
vt 0.150542393 0.370230228
vt 0.17859742 0.432812482
vt 0.187216341 0.41428104
vt 0.19585523 0.416140109
vt 0.198930815 0.418156892
vt 0.200958565 0.418910116
vt 0.209975734 0.392935961
vt 0.216609985 0.396199673
vt 0.222796768 0.384039193
vt 0.215276957 0.381755501
vt 0.232335955 0.364287466
vt 0.205878511 0.422620267
vt 0.211796746 0.380678207
vt 0.211359844 0.425236195
vt 0.223001629 0.399965674
vt 0.227327675 0.402505577
vt 0.232123703 0.391147882
vt 0.228571326 0.388472229
vt 0.232897609 0.363010019
vt 0.214935035 0.424987644
vt 0.207165375 0.439258009
vt 0.215127826 0.428500861
vt 0.192728668 0.431109816
vt 0.234088451 0.360334069
vt 0.233408839 0.392119378
vt 0.228718728 0.403383553
vt 0.166723371 0.43951264
vt 0.154233992 0.427287251
vt 0.142857879 0.3931593
vt 0.150060683 0.368216842
vt 0.169452876 0.382578522
vt 0.173297495 0.374682218
vt 0.191994578 0.34972164
vt 0.20325993 0.380811244
vt 0.205840155 0.387788266
vt 0.210753247 0.380354196
vt 0.165808216 0.538020134
vt 0.175419584 0.52107048
vt 0.188642278 0.532014012
vt 0.164636388 0.505175829
vt 0.175624147 0.504333496
vt 0.186407581 0.502350152
vt 0.185549751 0.49166137
vt 0.175730005 0.493067145
vt 0.174493089 0.466751307
vt 0.186989322 0.517590642
vt 0.19772388 0.502569675
vt 0.197106138 0.493168175
vt 0.188246503 0.492974043
vt 0.194849506 0.46730569
vt 0.199066654 0.517276049
vt 0.20571591 0.489616752
vt 0.207731739 0.498505473
vt 0.209785238 0.512637854
vt 0.216376081 0.497082829
vt 0.219764963 0.513854861
vt 0.22560741 0.494311988
vt 0.21055533 0.47527343
vt 0.231668487 0.533321738
vt 0.211543575 0.530334592
vt 0.166432157 0.493164122
vt 0.157503203 0.421768516
vt 0.14861083 0.390199691
vt 0.145325601 0.391878694
vt 0.153847367 0.421887249
vt 0.150800094 0.371387333
vt 0.155615896 0.387248427
vt 0.164203063 0.384361356
vt 0.173441887 0.413922131
vt 0.16662088 0.418258637
vt 0.150542393 0.370230228
vt 0.176240712 0.414099008
vt 0.169835776 0.384372503
vt 0.180139109 0.413407773
vt 0.175859183 0.384533018
vt 0.17428717 0.37477991
vt 0.179479435 0.37526235
vt 0.188315749 0.387596101
vt 0.188419759 0.376790196
vt 0.198264986 0.390294701
vt 0.19585523 0.416140109
vt 0.187216341 0.41428104
vt 0.198409244 0.37891224
vt 0.19127503 0.353802234
vt 0.205358192 0.39020434
vt 0.201490566 0.38011685
vt 0.198930815 0.418156892
vt 0.191527486 0.352355748
vt 0.209975734 0.392935961
vt 0.200958565 0.418910116
vt 0.205878511 0.422620267
vt 0.216609985 0.396199673
vt 0.222796768 0.384039193
vt 0.215276957 0.381755501
vt 0.232335955 0.364287466
vt 0.211796746 0.380678207
vt 0.232897609 0.363010019
vt 0.232123703 0.391147882
vt 0.228571326 0.388472229
vt 0.223001629 0.399965674
vt 0.227327675 0.402505577
vt 0.214935035 0.424987644
vt 0.211359844 0.425236195
vt 0.207165375 0.439258009
vt 0.215127826 0.428500861
vt 0.192728668 0.431109816
vt 0.234088451 0.360334069
vt 0.210753247 0.380354196
vt 0.205840155 0.387788266
vt 0.20325993 0.380811244
vt 0.191994578 0.34972164
vt 0.173297495 0.374682218
vt 0.169452876 0.382578522
vt 0.150060683 0.368216842
vt 0.142857879 0.3931593
vt 0.154233992 0.427287251
vt 0.166723371 0.43951264
vt 0.17859742 0.432812482
vt 0.165808216 0.538020134
vt 0.188642278 0.532014012
vt 0.175419584 0.52107048
vt 0.164636388 0.505175829
vt 0.175624147 0.504333496
vt 0.186407581 0.502350152
vt 0.185549751 0.49166137
vt 0.175730005 0.493067145
vt 0.174493089 0.466751307
vt 0.186989322 0.517590642
vt 0.19772388 0.502569675
vt 0.197106138 0.493168175
vt 0.188246503 0.492974043
vt 0.194849506 0.46730569
vt 0.199066654 0.517276049
vt 0.20571591 0.489616752
vt 0.207731739 0.498505473
vt 0.209785238 0.512637854
vt 0.216376081 0.497082829
vt 0.21055533 0.47527343
vt 0.22560741 0.494311988
vt 0.219764963 0.513854861
vt 0.231668487 0.533321738
vt 0.211543575 0.530334592
vt 0.166432157 0.493164122
vt 0.233408839 0.392119378
vt 0.228718728 0.403383553
vt 0.718287885 0.586478591
vt 0.718287766 0.532251596
vt 0.701647222 0.536649466
vt 0.718288004 0.484118283
vt 0.734928548 0.536649108
vt 0.192519307 0.709020972
vt 0.172691226 0.708376288
vt 0.169629931 0.682533622
vt 0.190234244 0.681633174
vt 0.214303374 0.713011384
vt 0.210893273 0.682410836
vt 0.237402618 0.71669054
vt 0.238327205 0.687138021
vt 0.260728002 0.71995759
vt 0.263572335 0.691231132
vt 0.195413172 0.73330164
vt 0.173365593 0.727373958
vt 0.216192126 0.74250412
vt 0.238969088 0.750341654
vt 0.260360599 0.752569079
vt 0.164511323 0.659822226
vt 0.186281264 0.655768991
vt 0.164485812 0.638090014
vt 0.171053886 0.635507345
vt 0.189973474 0.628770709
vt 0.211665511 0.653175592
vt 0.211679459 0.626162171
vt 0.241033733 0.6559003
vt 0.230823994 0.623809874
vt 0.257274508 0.627003431
vt 0.271214008 0.663102031
vt 0.284794211 0.636286616
vt 0.172881961 0.611402631
vt 0.212489963 0.605835557
vt 0.24505949 0.6103338
vt 0.276563406 0.614739776
vt 0.293180346 0.621961534
vt 0.228933811 0.606093884
vt 0.161070824 0.61928153
vt 0.226529002 0.583404779
vt 0.303552985 0.604455829
vt 0.163902879 0.589161038
vt 0.18825233 0.608502328
vt 0.200639606 0.610459089
vt 0.201153874 0.58426857
vt 0.147021174 0.627451241
vt 0.135878444 0.613900959
vt 0.156989574 0.641779184
vt 0.260660887 0.612460375
vt 0.263784766 0.589819074
vt 0.716614485 0.619592786
vt 0.696288347 0.629902482
vt 0.69579339 0.604340076
vt 0.733323455 0.655555487
vt 0.687727213 0.650496006
vt 0.672119379 0.634275913
vt 0.696787596 0.676542282
vt 0.669451237 0.665917337
vt 0.715280414 0.696211457
vt 0.692970991 0.699990392
vt 0.733323455 0.693283319
vt 0.733323455 0.619735181
vt 0.733323455 0.602384925
vt 0.733323455 0.71099174
vt 0.694232941 0.628110647
vt 0.693366051 0.599456191
vt 0.71628356 0.615799844
vt 0.693513155 0.678398728
vt 0.664475203 0.666918814
vt 0.684067249 0.650669992
vt 0.733323455 0.59903121
vt 0.668326855 0.633362234
vt 0.690496206 0.70232141
vt 0.714417696 0.69980216
vt 0.733323455 0.713825941
vt 0.0669288635 0.48776269
vt 0.0705145001 0.499462306
vt 0.0494814217 0.490990579
vt 0.056336388 0.503997684
vt 0.0538604856 0.482739359
vt 0.0468168259 0.482062727
vt 0.0515266061 0.468132883
vt 0.0452151299 0.470639676
vt 0.0415397286 0.459381729
vt 0.0387809873 0.463514417
vt 0.0303605199 0.456363529
vt 0.029445231 0.459518582
vt 0.0213792324 0.451585978
vt 0.0229727626 0.458195895
vt 0.0277472734 0.442573458
vt 0.0113989105 0.4475725
vt 0.0108141899 0.440171689
vt 0.0230896771 0.42938599
vt 0.0106132627 0.431033939
vt 0.0136060119 0.417959601
vt 0.0381347537 0.421993524
vt 0.0217772126 0.405607074
vt 0.00699961185 0.413464576
vt 0.00699961185 0.39418298
vt 0.0105369091 0.425804585
vt 0.0471045375 0.431868821
vt 0.0554445982 0.441179842
vt 0.0475117564 0.452156931
vt 0.0666385293 0.456995279
vt 0.0597839355 0.462831527
vt 0.0739931464 0.466795772
vt 0.0641707778 0.475931615
vt 0.0860401988 0.480794758
vt 0.0811943412 0.493053347
vt 0.100241363 0.49448064
vt 0.0753344297 0.444075108
vt 0.0544898808 0.427536756
vt 0.0622729957 0.405744404
vt 0.081930548 0.415451169
vt 0.0478568673 0.39857167
vt 0.0421215296 0.414673686
vt 0.0254964232 0.399668843
vt 0.0328264236 0.39432472
vt 0.0119088292 0.390549302
vt 0.0939466357 0.449925393
vt 0.110882998 0.470520705
vt 0.107713342 0.449971884
vt 0.0983431935 0.421943218
vt 0.106897473 0.424353391
vt 0.109119527 0.48920092
vt 0.107867241 0.565246344
vt 0.110966682 0.564867973
vt 0.114583969 0.576896667
vt 0.108751297 0.55320096
vt 0.102818973 0.550891638
vt 0.114583969 0.5543437
vt 0.114583492 0.564190865
vt 0.119305126 0.563751459
vt 0.120418072 0.554804325
vt 0.125924587 0.554673672
vt 0.12374258 0.564438343
vt 0.108526707 0.542453527
vt 0.114583492 0.536504984
vt 0.121023178 0.539814472
vt 0.114583969 0.526792765
vt 0.129881382 0.539782524
vt 0.133361816 0.554397106
vt 0.140452862 0.543623447
vt 0.102410316 0.540813923
vt 0.144563198 0.559279919
vt 0.135053635 0.566064358
vt 0.146254063 0.576895952
vt 0.156727552 0.574331999
vt 0.125332832 0.57176733
vt 0.129429817 0.579065561
vt 0.069005847 0.569738805
vt 0.0467593074 0.538921475
vt 0.0599971414 0.551039934
vt 0.0479365587 0.528064132
vt 0.0384572148 0.517084837
vt 0.0461815 0.515529454
vt 0.0541110039 0.522700191
vt 0.0434695482 0.507375896
vt 0.0353566408 0.492043078
vt 0.035834372 0.48206237
vt 0.0276907086 0.475529462
vt 0.0250090361 0.479304761
vt 0.0203431249 0.468701631
vt 0.0180864334 0.472667545
vt 0.0140148401 0.463099509
vt 0.0105528831 0.464491338
vt 0.00699961185 0.454044133
vt 0.0134126544 0.457612485
vt 0.00699961185 0.450414985
vt 0.0126134157 0.452623695
vt 0.0253791213 0.463823646
vt 0.00699961185 0.44532755
vt 0.00699961185 0.439708978
vt 0.00699961185 0.430775911
vt 0.00699961185 0.424495906
vt 0.0321416855 0.471662015
vt 0.0393528938 0.476818055
vt 0.0642411709 0.639536023
vt 0.0592893362 0.624457002
vt 0.0647597313 0.622043133
vt 0.067250371 0.636939049
vt 0.0704799891 0.650856733
vt 0.0578410625 0.604570627
vt 0.0626837015 0.604670167
vt 0.0704799891 0.599673867
vt 0.0704799891 0.591466665
vt 0.0704799891 0.620751977
vt 0.0755186081 0.605193973
vt 0.0747928619 0.620051622
vt 0.0704799891 0.635628104
vt 0.0731202364 0.635577559
vt 0.0815066099 0.601429343
vt 0.0782448053 0.620310903
vt 0.0759460926 0.636321545
vt 0.0789849758 0.640226603
vt 0.082672596 0.643706679
vt 0.0963512659 0.632995963
vt 0.0884007215 0.625985026
vt 0.09549582 0.608487606
vt 0.102254391 0.612781405
vt 0.0286209583 0.498245507
vt 0.0400677323 0.509567857
vt 0.025878787 0.505351007
vt 0.0142973661 0.495277941
vt 0.01771909 0.490898967
vt 0.011059463 0.487734526
vt 0.00863081217 0.491319001
vt 0.00699961185 0.484612912
vt 0.00699961185 0.503037274
vt 0.0200276673 0.515855551
vt 0.0330730081 0.52608633
vt 0.00950672291 0.290008068
vt 0.0162047744 0.276027203
vt 0.0281927586 0.285218239
vt 0.0217940062 0.299545288
vt 0.00950672291 0.276530266
vt 0.00950672291 0.264609337
vt 0.0391943157 0.29394865
vt 0.0335948467 0.307806969
vt 0.056435883 0.313529253
vt 0.0506588966 0.322015762
vt 0.071608901 0.336669445
vt 0.0685536265 0.339822292
vt 0.0777058005 0.348683357
vt 0.0784819722 0.505168676
vt 0.0850251913 0.509830117
vt 0.0712074041 0.509912193
vt 0.0665148497 0.518465877
vt 0.0752359033 0.525243461
vt 0.0746182203 0.527629972
vt 0.0903202295 0.533200502
vt 0.0634894371 0.526446581
vt 0.0683190823 0.537068844
vt 0.0758388638 0.545822144
vt 0.0136065483 0.352502555
vt 0.00748217106 0.34016487
vt 0.0222131014 0.341458559
vt 0.0321527719 0.368588835
vt 0.0447537899 0.347085744
vt 0.0517770052 0.378352612
vt 0.0636698008 0.360031307
vt 0.073704958 0.386750817
vt 0.328258485 0.633030772
vt 0.330614895 0.632840872
vt 0.332971781 0.647989273
vt 0.332971781 0.632907033
vt 0.336431295 0.632298946
vt 0.340459436 0.632936954
vt 0.342999965 0.635186076
vt 0.346427947 0.638086677
vt 0.332971781 0.604894042
vt 0.340808719 0.605925322
vt 0.332971781 0.579495668
vt 0.322492808 0.577528715
vt 0.325174242 0.604172945
vt 0.316524357 0.576259375
vt 0.321121067 0.604290843
vt 0.344348937 0.581460834
vt 0.348856658 0.60575974
vt 0.35332039 0.579336405
vt 0.356340736 0.609304488
vt 0.365122229 0.583482623
vt 0.367283195 0.613277256
vt 0.384338528 0.583311915
vt 0.319832712 0.554876328
vt 0.332971781 0.55787611
vt 0.320362478 0.527980626
vt 0.310815543 0.553790271
vt 0.310759157 0.530985177
vt 0.332971781 0.531246245
vt 0.332971781 0.514883518
vt 0.324732572 0.513579309
vt 0.311835617 0.523999274
vt 0.320007056 0.511185229
vt 0.332971781 0.496082366
vt 0.346203595 0.559449375
vt 0.345361322 0.534657896
vt 0.355840534 0.533483684
vt 0.352477521 0.515953422
vt 0.342773169 0.51631403
vt 0.35584721 0.558288872
vt 0.369235724 0.560877025
vt 0.368507832 0.530339897
vt 0.391837984 0.554338455
vt 0.38505581 0.52692759
vt 0.367215782 0.52172029
vt 0.381189376 0.519038439
vt 0.00440049171 0.624484539
vt 0.0152733326 0.625737548
vt 0.0157248974 0.645457029
vt 0.00440049171 0.641945243
vt 0.0132284164 0.612291396
vt 0.00440049171 0.611385643
vt 0.00892400742 0.597361565
vt 0.00440049171 0.596152425
vt 0.026165247 0.625467598
vt 0.0204979181 0.61097616
vt 0.0336685181 0.65424484
vt 0.0137805939 0.598782063
vt 0.0218806267 0.678949296
vt 0.030911684 0.690889955
vt 0.0147249699 0.694651961
vt 0.0091240406 0.694636703
vt 0.0132813454 0.675505221
vt 0.00440049171 0.672810435
vt 0.00440049171 0.694967389
vt 0.00440049171 0.711028099
vt 0.0200884342 0.700978637
vt 0.0450747013 0.671840787
vt 0.00440049171 0.586900711
vt 0.102160446 0.725986958
vt 0.0979009271 0.714818358
vt 0.0997505784 0.714943767
vt 0.0963736176 0.698543191
vt 0.0905189514 0.698418856
vt 0.102160446 0.698923469
vt 0.102160446 0.714586854
vt 0.107223392 0.699646533
vt 0.105226099 0.714862227
vt 0.108744197 0.71551156
vt 0.111197501 0.717422009
vt 0.115420759 0.72039628
vt 0.128579766 0.704663515
vt 0.120075732 0.703871548
vt 0.114015937 0.700234294
vt 0.102160446 0.678634584
vt 0.107864261 0.680539012
vt 0.102160446 0.669602036
vt 0.105322957 0.671751022
vt 0.0968710184 0.676923633
vt 0.0987915695 0.671088517
vt 0.102160446 0.665028274
vt 0.108637929 0.669624925
vt 0.115937948 0.680985391
vt 0.0928161144 0.677479684
vt 0.0962870717 0.670181394
vt 0.127766222 0.686775863
vt 0.127174705 0.668766379
vt 0.131144106 0.676202893
vt 0.141288877 0.682509601
vt 0.0254745483 0.991306782
vt 0.0214571953 0.98053813
vt 0.0287771225 0.980458736
vt 0.0405397415 0.989742756
vt 0.0415229797 0.979439259
vt 0.0562691689 0.986433983
vt 0.0559492111 0.97803998
vt 0.0716052055 0.984784126
vt 0.0716052055 0.97769165
vt 0.0499515533 0.999099016
vt 0.0563445091 0.99159646
vt 0.0716052055 0.994828224
vt 0.0716052055 0.989700556
vt 0.028260231 0.97090292
vt 0.0131292343 0.972373962
vt 0.0285453796 0.956097841
vt 0.0406594276 0.957964897
vt 0.0417237282 0.969388723
vt 0.0562682152 0.958926201
vt 0.0554709435 0.968765736
vt 0.0716052055 0.968261242
vt 0.0716052055 0.958459377
vt 0.056517601 0.948693752
vt 0.0411763191 0.946643591
vt 0.0716052055 0.949311018
vt 0.0136361122 0.960109711
vt 0.00187158585 0.967823505
vt 0.0120487213 0.947649956
vt 0.0274357796 0.938915968
vt 0.015686512 0.932488918
vt 0.0133476257 0.978605509
vt 0.253115654 0.795548439
vt 0.242850184 0.778330445
vt 0.266639352 0.780709207
vt 0.235696077 0.791979432
vt 0.221089959 0.782423615
vt 0.219233394 0.763833821
vt 0.198064506 0.750437856
vt 0.198786438 0.763387799
vt 0.174842834 0.741397977
vt 0.174750209 0.749412894
vt 0.192978859 0.767479837
vt 0.206364036 0.783838451
vt 0.172574878 0.754002571
vt 0.270524144 0.793694258
vt 0.192519307 0.709020972
vt 0.190234244 0.681633174
vt 0.169629931 0.682533622
vt 0.172691226 0.708376288
vt 0.214303374 0.713011384
vt 0.210893273 0.682410836
vt 0.237402618 0.71669054
vt 0.238327205 0.687138021
vt 0.260728002 0.71995759
vt 0.263572335 0.691231132
vt 0.195413172 0.73330164
vt 0.173365593 0.727373958
vt 0.216192126 0.74250412
vt 0.238969088 0.750341654
vt 0.260360599 0.752569079
vt 0.164511323 0.659822226
vt 0.186281264 0.655768991
vt 0.164485812 0.638090014
vt 0.171053886 0.635507345
vt 0.189973474 0.628770709
vt 0.211665511 0.653175592
vt 0.211679459 0.626162171
vt 0.241033733 0.6559003
vt 0.230823994 0.623809874
vt 0.257274508 0.627003431
vt 0.271214008 0.663102031
vt 0.284794211 0.636286616
vt 0.172881961 0.611402631
vt 0.212489963 0.605835557
vt 0.24505949 0.6103338
vt 0.276563406 0.614739776
vt 0.293180346 0.621961534
vt 0.228933811 0.606093884
vt 0.161070824 0.61928153
vt 0.226529002 0.583404779
vt 0.303552985 0.604455829
vt 0.163902879 0.589161038
vt 0.18825233 0.608502328
vt 0.200639606 0.610459089
vt 0.201153874 0.58426857
vt 0.135878444 0.613900959
vt 0.147021174 0.627451241
vt 0.156989574 0.641779184
vt 0.263784766 0.589819074
vt 0.260660887 0.612460375
vt 0.716614485 0.619592786
vt 0.69579339 0.604340076
vt 0.696288347 0.629902482
vt 0.733323455 0.655555487
vt 0.687727213 0.650496006
vt 0.672119379 0.634275913
vt 0.696787596 0.676542282
vt 0.669451237 0.665917337
vt 0.715280414 0.696211457
vt 0.692970991 0.699990392
vt 0.733323455 0.693283319
vt 0.733323455 0.619735181
vt 0.733323455 0.602384925
vt 0.733323455 0.71099174
vt 0.694232941 0.628110647
vt 0.693366051 0.599456191
vt 0.71628356 0.615799844
vt 0.693513155 0.678398728
vt 0.664475203 0.666918814
vt 0.684067249 0.650669992
vt 0.733323455 0.59903121
vt 0.714417696 0.69980216
vt 0.690496206 0.70232141
vt 0.668326855 0.633362234
vt 0.733323455 0.713825941
vt 0.0669288635 0.48776269
vt 0.0494814217 0.490990579
vt 0.0705145001 0.499462306
vt 0.0538604856 0.482739359
vt 0.0468168259 0.482062727
vt 0.0515266061 0.468132883
vt 0.0452151299 0.470639676
vt 0.0415397286 0.459381729
vt 0.0387809873 0.463514417
vt 0.0303605199 0.456363529
vt 0.029445231 0.459518582
vt 0.0213792324 0.451585978
vt 0.0229727626 0.458195895
vt 0.0277472734 0.442573458
vt 0.0113989105 0.4475725
vt 0.0108141899 0.440171689
vt 0.0230896771 0.42938599
vt 0.0106132627 0.431033939
vt 0.0136060119 0.417959601
vt 0.0381347537 0.421993524
vt 0.0217772126 0.405607074
vt 0.00699961185 0.413464576
vt 0.00699961185 0.39418298
vt 0.0105369091 0.425804585
vt 0.0471045375 0.431868821
vt 0.0554445982 0.441179842
vt 0.0475117564 0.452156931
vt 0.0666385293 0.456995279
vt 0.0597839355 0.462831527
vt 0.0739931464 0.466795772
vt 0.0641707778 0.475931615
vt 0.0860401988 0.480794758
vt 0.0811943412 0.493053347
vt 0.100241363 0.49448064
vt 0.0753344297 0.444075108
vt 0.0544898808 0.427536756
vt 0.0622729957 0.405744404
vt 0.081930548 0.415451169
vt 0.0478568673 0.39857167
vt 0.0421215296 0.414673686
vt 0.0254964232 0.399668843
vt 0.0328264236 0.39432472
vt 0.0119088292 0.390549302
vt 0.0939466357 0.449925393
vt 0.110882998 0.470520705
vt 0.107713342 0.449971884
vt 0.0983431935 0.421943218
vt 0.106897473 0.424353391
vt 0.109119527 0.48920092
vt 0.107867241 0.565246344
vt 0.114583969 0.576896667
vt 0.110966682 0.564867973
vt 0.108751297 0.55320096
vt 0.102818973 0.550891638
vt 0.114583969 0.5543437
vt 0.114583492 0.564190865
vt 0.119305126 0.563751459
vt 0.120418072 0.554804325
vt 0.125924587 0.554673672
vt 0.12374258 0.564438343
vt 0.108526707 0.542453527
vt 0.114583492 0.536504984
vt 0.121023178 0.539814472
vt 0.114583969 0.526792765
vt 0.129881382 0.539782524
vt 0.133361816 0.554397106
vt 0.140452862 0.543623447
vt 0.102410316 0.540813923
vt 0.144563198 0.559279919
vt 0.135053635 0.566064358
vt 0.146254063 0.576895952
vt 0.156727552 0.574331999
vt 0.125332832 0.57176733
vt 0.129429817 0.579065561
vt 0.069005847 0.569738805
vt 0.0599971414 0.551039934
vt 0.0467593074 0.538921475
vt 0.0479365587 0.528064132
vt 0.0384572148 0.517084837
vt 0.0330730081 0.52608633
vt 0.025878787 0.505351007
vt 0.0286209583 0.498245507
vt 0.0400677323 0.509567857
vt 0.0200276673 0.515855551
vt 0.0142973661 0.495277941
vt 0.01771909 0.490898967
vt 0.011059463 0.487734526
vt 0.00863081217 0.491319001
vt 0.00699961185 0.484612912
vt 0.00699961185 0.503037274
vt 0.0461815 0.515529454
vt 0.0541110039 0.522700191
vt 0.056336388 0.503997684
vt 0.0434695482 0.507375896
vt 0.0353566408 0.492043078
vt 0.035834372 0.48206237
vt 0.0276907086 0.475529462
vt 0.0250090361 0.479304761
vt 0.0203431249 0.468701631
vt 0.0180864334 0.472667545
vt 0.0140148401 0.463099509
vt 0.0105528831 0.464491338
vt 0.00699961185 0.454044133
vt 0.0134126544 0.457612485
vt 0.00699961185 0.450414985
vt 0.0126134157 0.452623695
vt 0.0253791213 0.463823646
vt 0.00699961185 0.44532755
vt 0.00699961185 0.439708978
vt 0.00699961185 0.430775911
vt 0.00699961185 0.424495906
vt 0.0321416855 0.471662015
vt 0.0393528938 0.476818055
vt 0.0712074041 0.509912193
vt 0.0784819722 0.505168676
vt 0.0850251913 0.509830117
vt 0.0665148497 0.518465877
vt 0.0752359033 0.525243461
vt 0.0746182203 0.527629972
vt 0.0903202295 0.533200502
vt 0.0634894371 0.526446581
vt 0.0683190823 0.537068844
vt 0.0758388638 0.545822144
vt 0.0642411709 0.639536023
vt 0.067250371 0.636939049
vt 0.0647597313 0.622043133
vt 0.0592893362 0.624457002
vt 0.0704799891 0.650856733
vt 0.0578410625 0.604570627
vt 0.0626837015 0.604670167
vt 0.0704799891 0.599673867
vt 0.0704799891 0.591466665
vt 0.0704799891 0.620751977
vt 0.0755186081 0.605193973
vt 0.0747928619 0.620051622
vt 0.0704799891 0.635628104
vt 0.0731202364 0.635577559
vt 0.0815066099 0.601429343
vt 0.0782448053 0.620310903
vt 0.0759460926 0.636321545
vt 0.0789849758 0.640226603
vt 0.082672596 0.643706679
vt 0.0963512659 0.632995963
vt 0.0884007215 0.625985026
vt 0.09549582 0.608487606
vt 0.102254391 0.612781405
vt 0.0517770052 0.378352612
vt 0.0636698008 0.360031307
vt 0.0447537899 0.347085744
vt 0.0321527719 0.368588835
vt 0.0222131014 0.341458559
vt 0.0136065483 0.352502555
vt 0.073704958 0.386750817
vt 0.00748217106 0.34016487
vt 0.00950672291 0.290008068
vt 0.0217940062 0.299545288
vt 0.0281927586 0.285218239
vt 0.0162047744 0.276027203
vt 0.00950672291 0.276530266
vt 0.00950672291 0.264609337
vt 0.0391943157 0.29394865
vt 0.0335948467 0.307806969
vt 0.056435883 0.313529253
vt 0.0506588966 0.322015762
vt 0.071608901 0.336669445
vt 0.0685536265 0.339822292
vt 0.0777058005 0.348683357
vt 0.328258485 0.633030772
vt 0.332971781 0.647989273
vt 0.330614895 0.632840872
vt 0.321121067 0.604290843
vt 0.325174242 0.604172945
vt 0.316524357 0.576259375
vt 0.322492808 0.577528715
vt 0.310815543 0.553790271
vt 0.319832712 0.554876328
vt 0.310759157 0.530985177
vt 0.320362478 0.527980626
vt 0.332971781 0.531246245
vt 0.332971781 0.514883518
vt 0.324732572 0.513579309
vt 0.311835617 0.523999274
vt 0.320007056 0.511185229
vt 0.332971781 0.496082366
vt 0.332971781 0.55787611
vt 0.332971781 0.579495668
vt 0.344348937 0.581460834
vt 0.346203595 0.559449375
vt 0.35332039 0.579336405
vt 0.348856658 0.60575974
vt 0.340808719 0.605925322
vt 0.35584721 0.558288872
vt 0.345361322 0.534657896
vt 0.355840534 0.533483684
vt 0.352477521 0.515953422
vt 0.342773169 0.51631403
vt 0.368507832 0.530339897
vt 0.369235724 0.560877025
vt 0.365122229 0.583482623
vt 0.356340736 0.609304488
vt 0.38505581 0.52692759
vt 0.391837984 0.554338455
vt 0.384338528 0.583311915
vt 0.367283195 0.613277256
vt 0.367215782 0.52172029
vt 0.381189376 0.519038439
vt 0.346427947 0.638086677
vt 0.342999965 0.635186076
vt 0.340459436 0.632936954
vt 0.336431295 0.632298946
vt 0.332971781 0.632907033
vt 0.332971781 0.604894042
vt 0.00440049171 0.672810435
vt 0.0132813454 0.675505221
vt 0.0157248974 0.645457029
vt 0.00440049171 0.641945243
vt 0.00440049171 0.624484539
vt 0.0152733326 0.625737548
vt 0.0091240406 0.694636703
vt 0.00440049171 0.694967389
vt 0.00440049171 0.711028099
vt 0.0132284164 0.612291396
vt 0.00440049171 0.611385643
vt 0.00892400742 0.597361565
vt 0.00440049171 0.596152425
vt 0.026165247 0.625467598
vt 0.0204979181 0.61097616
vt 0.0336685181 0.65424484
vt 0.0218806267 0.678949296
vt 0.0147249699 0.694651961
vt 0.0137805939 0.598782063
vt 0.0200884342 0.700978637
vt 0.030911684 0.690889955
vt 0.0450747013 0.671840787
vt 0.00440049171 0.586900711
vt 0.102160446 0.725986958
vt 0.0997505784 0.714943767
vt 0.0979009271 0.714818358
vt 0.0963736176 0.698543191
vt 0.0905189514 0.698418856
vt 0.0928161144 0.677479684
vt 0.0968710184 0.676923633
vt 0.102160446 0.698923469
vt 0.102160446 0.678634584
vt 0.107223392 0.699646533
vt 0.107864261 0.680539012
vt 0.102160446 0.669602036
vt 0.105322957 0.671751022
vt 0.102160446 0.714586854
vt 0.105226099 0.714862227
vt 0.108744197 0.71551156
vt 0.111197501 0.717422009
vt 0.120075732 0.703871548
vt 0.128579766 0.704663515
vt 0.115420759 0.72039628
vt 0.127766222 0.686775863
vt 0.141288877 0.682509601
vt 0.114015937 0.700234294
vt 0.115937948 0.680985391
vt 0.108637929 0.669624925
vt 0.102160446 0.665028274
vt 0.0987915695 0.671088517
vt 0.0962870717 0.670181394
vt 0.127174705 0.668766379
vt 0.131144106 0.676202893
vt 0.0254745483 0.991306782
vt 0.0287771225 0.980458736
vt 0.0214571953 0.98053813
vt 0.0405397415 0.989742756
vt 0.0415229797 0.979439259
vt 0.0562691689 0.986433983
vt 0.0559492111 0.97803998
vt 0.0716052055 0.984784126
vt 0.0716052055 0.97769165
vt 0.0499515533 0.999099016
vt 0.0563445091 0.99159646
vt 0.0716052055 0.994828224
vt 0.0716052055 0.989700556
vt 0.028260231 0.97090292
vt 0.0131292343 0.972373962
vt 0.0285453796 0.956097841
vt 0.0406594276 0.957964897
vt 0.0417237282 0.969388723
vt 0.0562682152 0.958926201
vt 0.0554709435 0.968765736
vt 0.0716052055 0.968261242
vt 0.0716052055 0.958459377
vt 0.056517601 0.948693752
vt 0.0411763191 0.946643591
vt 0.0716052055 0.949311018
vt 0.0136361122 0.960109711
vt 0.00187158585 0.967823505
vt 0.0120487213 0.947649956
vt 0.0274357796 0.938915968
vt 0.015686512 0.932488918
vt 0.0133476257 0.978605509
vt 0.270524144 0.793694258
vt 0.266639352 0.780709207
vt 0.253115654 0.795548439
vt 0.242850184 0.778330445
vt 0.235696077 0.791979432
vt 0.221089959 0.782423615
vt 0.219233394 0.763833821
vt 0.198786438 0.763387799
vt 0.198064506 0.750437856
vt 0.174750209 0.749412894
vt 0.174842834 0.741397977
vt 0.192978859 0.767479837
vt 0.206364036 0.783838451
vt 0.172574878 0.754002571
vt 0.980761528 0.924793959
vt 0.965734184 0.964835882
vt 0.965734184 0.924794555
vt 0.95070684 0.924795151
vt 0.989978194 0.881025672
vt 0.965734124 0.881024957
vt 0.977571249 0.822522163
vt 0.965734065 0.822523773
vt 0.965734243 0.777574301
vt 0.967342675 0.77757442
vt 0.978492141 0.733999193
vt 0.965734243 0.733999014
vt 0.965734184 0.680452406
vt 0.952976286 0.733998835
vt 0.964125812 0.777574241
vt 0.95389688 0.822525382
vt 0.941490054 0.881024182
vt 0.977898359 0.677682757
vt 0.965734184 0.711541474
vt 0.965734124 0.677682757
vt 0.953569889 0.677682757
vt 0.965734184 0.640441239
vt 0.945137858 0.640441239
vt 0.965734124 0.597770333
vt 0.95329988 0.597770154
vt 0.965734184 0.550574183
vt 0.978168309 0.597770512
vt 0.986330509 0.640441239
vt 0.980699182 0.799520612
vt 0.96515125 0.820704579
vt 0.965151191 0.799520612
vt 0.94960326 0.799520612
vt 0.96515125 0.774551749
vt 0.974507451 0.756025553
vt 0.964961648 0.770731568
vt 0.964961648 0.756025434
vt 0.955415785 0.756025314
vt 0.964961648 0.737891734
vt 0.948723316 0.737891912
vt 0.964961648 0.700904965
vt 0.956130207 0.70090425
vt 0.964961648 0.661087871
vt 0.973793149 0.700905681
vt 0.981200039 0.737891555
vt 0.980761528 0.924793959
vt 0.965734184 0.924794555
vt 0.965734184 0.964835882
vt 0.95070684 0.924795151
vt 0.965734124 0.881024957
vt 0.941490054 0.881024182
vt 0.965734065 0.822523773
vt 0.95389688 0.822525382
vt 0.964125812 0.777574241
vt 0.965734243 0.777574301
vt 0.965734243 0.733999014
vt 0.952976286 0.733998835
vt 0.965734184 0.680452406
vt 0.978492141 0.733999193
vt 0.967342675 0.77757442
vt 0.977571249 0.822522163
vt 0.989978194 0.881025672
vt 0.977898359 0.677682757
vt 0.965734124 0.677682757
vt 0.965734184 0.711541474
vt 0.953569889 0.677682757
vt 0.986330509 0.640441239
vt 0.965734184 0.640441239
vt 0.978168309 0.597770512
vt 0.965734124 0.597770333
vt 0.965734184 0.550574183
vt 0.95329988 0.597770154
vt 0.945137858 0.640441239
vt 0.980699182 0.799520612
vt 0.965151191 0.799520612
vt 0.96515125 0.820704579
vt 0.94960326 0.799520612
vt 0.96515125 0.774551749
vt 0.974507451 0.756025553
vt 0.964961648 0.756025434
vt 0.964961648 0.770731568
vt 0.955415785 0.756025314
vt 0.981200039 0.737891555
vt 0.964961648 0.737891734
vt 0.973793149 0.700905681
vt 0.964961648 0.700904965
vt 0.964961648 0.661087871
vt 0.956130207 0.70090425
vt 0.948723316 0.737891912
vt 0.980761528 0.924793899
vt 0.965734184 0.924794495
vt 0.965734243 0.964835882
vt 0.95070684 0.924795091
vt 0.965734124 0.881024897
vt 0.941490054 0.881024063
vt 0.965734005 0.822523773
vt 0.95389688 0.822525442
vt 0.964125752 0.77757436
vt 0.965734243 0.77757436
vt 0.965734124 0.733998895
vt 0.952976286 0.733998656
vt 0.965734243 0.680452168
vt 0.978492022 0.733999074
vt 0.967342734 0.77757436
vt 0.97757113 0.822522104
vt 0.989978254 0.881025732
vt 0.977898359 0.677682698
vt 0.965734124 0.677682698
vt 0.965734243 0.711541295
vt 0.953569889 0.677682698
vt 0.98633033 0.64044112
vt 0.965734124 0.64044112
vt 0.978168249 0.597770333
vt 0.965734065 0.597770214
vt 0.965734243 0.550573945
vt 0.95329988 0.597770095
vt 0.945137858 0.64044112
vt 0.980699182 0.799520612
vt 0.96515131 0.799520612
vt 0.965151191 0.820704579
vt 0.949603379 0.799520612
vt 0.965151191 0.774551749
vt 0.974507451 0.756025553
vt 0.964961648 0.756025434
vt 0.964961767 0.770731568
vt 0.955415785 0.756025314
vt 0.981200218 0.737891436
vt 0.964961767 0.737891674
vt 0.973793387 0.700905681
vt 0.964961767 0.700904965
vt 0.964961767 0.661087632
vt 0.956130207 0.70090425
vt 0.948723316 0.737891912
vt 0.983518958 0.336409539
vt 0.988433301 0.271589905
vt 0.979803205 0.326467186
vt 0.976087511 0.316524833
vt 0.971996069 0.382923245
vt 0.981700778 0.396911472
vt 0.98330152 0.469821066
vt 0.967352033 0.483925432
vt 0.988126278 0.592671633
vt 0.970441937 0.62026608
vt 0.952757657 0.647860527
vt 0.948146582 0.557689667
vt 0.954658329 0.43836993
vt 0.96229142 0.368934989
vt 0.981340826 0.636053324
vt 0.984578192 0.742303014
vt 0.975877106 0.680687785
vt 0.973233759 0.678182065
vt 0.962377787 0.665387154
vt 0.962811649 0.774913609
vt 0.970762074 0.687645316
vt 0.98051846 0.856154382
vt 0.972127438 0.857557774
vt 0.971262813 0.885492802
vt 0.975457132 0.885994732
vt 0.974663198 0.833284259
vt 0.981290102 0.834638059
vt 0.974616051 0.806216598
vt 0.977927208 0.803064227
vt 0.974573374 0.786808014
vt 0.971304834 0.809369028
vt 0.969697773 0.922328115
vt 0.967068493 0.884990811
vt 0.963736415 0.858961165
vt 0.968036294 0.831930518
vt 0.950579643 0.965064168
vt 0.953392208 0.989014745
vt 0.954904795 0.966271341
vt 0.959230006 0.967478514
vt 0.959279597 0.911625326
vt 0.972493708 0.922362447
vt 0.968133569 0.876008511
vt 0.98708266 0.89065659
vt 0.976505816 0.849536002
vt 0.994046152 0.862022042
vt 0.992037535 0.828974605
vt 0.978846967 0.823802233
vt 0.979055524 0.792592585
vt 0.985146642 0.796116114
vt 0.978843451 0.759178877
vt 0.976694465 0.754777908
vt 0.972964406 0.789069057
vt 0.946065485 0.900888205
vt 0.949184477 0.861360431
vt 0.95896548 0.837049961
vt 0.9656564 0.818629861
vt 0.977972031 0.904300511
vt 0.964618087 0.853782594
vt 0.965423644 0.899623752
vt 0.952875257 0.894946992
vt 0.946105838 0.91516608
vt 0.96344161 0.921209097
vt 0.946663022 0.948296249
vt 0.962468147 0.947285533
vt 0.965254903 0.972237945
vt 0.95759356 0.977515519
vt 0.970948219 0.993151844
vt 0.972916245 0.966960371
vt 0.980777383 0.927252114
vt 0.978273273 0.946274817
vt 0.983182073 0.817820728
vt 0.975677013 0.822348416
vt 0.975125313 0.84383446
vt 0.968171954 0.826876104
vt 0.951925874 0.803851068
vt 0.972523928 0.790998399
vt 0.944349527 0.781585276
vt 0.967875183 0.766820192
vt 0.961475194 0.736064613
vt 0.938277125 0.745566189
vt 0.93817246 0.702044904
vt 0.956385612 0.697524607
vt 0.953560412 0.660372138
vt 0.942596793 0.661298573
vt 0.952899218 0.618979335
vt 0.947021365 0.620552003
vt 0.96015811 0.561641157
vt 0.95877707 0.617406666
vt 0.964524031 0.659445703
vt 0.974598765 0.69300431
vt 0.984673262 0.726563036
vt 0.991400838 0.752055109
vt 0.993121982 0.77814573
vt 0.967145443 0.780228496
vt 0.977555871 0.732736707
vt 0.961327255 0.735229373
vt 0.959444582 0.777793348
vt 0.97640717 0.695664763
vt 0.959705114 0.701738536
vt 0.95888406 0.662043035
vt 0.972774982 0.654447913
vt 0.955764413 0.604736209
vt 0.944993138 0.669638157
vt 0.95431757 0.810861707
vt 0.951743722 0.7753582
vt 0.945098639 0.737722039
vt 0.943003058 0.707812309
vt 0.983518958 0.336409539
vt 0.979803205 0.326467186
vt 0.988433301 0.271589905
vt 0.976087511 0.316524833
vt 0.96229142 0.368934989
vt 0.971996069 0.382923245
vt 0.968979955 0.454095483
vt 0.954658329 0.43836993
vt 0.948146582 0.557689667
vt 0.98330152 0.469821066
vt 0.981700778 0.396911472
vt 0.972127438 0.857557774
vt 0.971262813 0.885492802
vt 0.967068493 0.884990811
vt 0.963736415 0.858961165
vt 0.968036294 0.831930518
vt 0.974663198 0.833284259
vt 0.971304834 0.809369028
vt 0.974616051 0.806216598
vt 0.974573374 0.786808014
vt 0.977927208 0.803064227
vt 0.969697773 0.922328115
vt 0.975457132 0.885994732
vt 0.98051846 0.856154382
vt 0.981290102 0.834638059
vt 0.988126278 0.592671633
vt 0.984578192 0.742303014
vt 0.981340826 0.636053324
vt 0.975877106 0.680687785
vt 0.973233759 0.678182065
vt 0.970441937 0.62026608
vt 0.959240854 0.580807924
vt 0.98330152 0.469821066
vt 0.948146582 0.557689667
vt 0.959240854 0.580807924
vt 0.965619385 0.631860852
vt 0.962811649 0.774913609
vt 0.970762074 0.687645316
vt 0.950579643 0.965064168
vt 0.954904795 0.966271341
vt 0.953392208 0.989014745
vt 0.959230006 0.967478514
vt 0.946065485 0.900888205
vt 0.959279597 0.911625326
vt 0.949184477 0.861360431
vt 0.968133569 0.876008511
vt 0.95896548 0.837049961
vt 0.976505816 0.849536002
vt 0.978846967 0.823802233
vt 0.9656564 0.818629861
vt 0.972964406 0.789069057
vt 0.979055524 0.792592585
vt 0.976694465 0.754777908
vt 0.978843451 0.759178877
vt 0.985146642 0.796116114
vt 0.972493708 0.922362447
vt 0.98708266 0.89065659
vt 0.994046152 0.862022042
vt 0.992037535 0.828974605
vt 0.977972031 0.904300511
vt 0.965423644 0.899623752
vt 0.964618087 0.853782594
vt 0.952875257 0.894946992
vt 0.96344161 0.921209097
vt 0.980777383 0.927252114
vt 0.962468147 0.947285533
vt 0.978273273 0.946274817
vt 0.972916245 0.966960371
vt 0.965254903 0.972237945
vt 0.970948219 0.993151844
vt 0.95759356 0.977515519
vt 0.946105838 0.91516608
vt 0.946663022 0.948296249
vt 0.983182073 0.817820728
vt 0.975125313 0.84383446
vt 0.975677013 0.822348416
vt 0.968171954 0.826876104
vt 0.972523928 0.790998399
vt 0.993121982 0.77814573
vt 0.967875183 0.766820192
vt 0.991400838 0.752055109
vt 0.984673262 0.726563036
vt 0.961475194 0.736064613
vt 0.956385612 0.697524607
vt 0.974598765 0.69300431
vt 0.964524031 0.659445703
vt 0.953560412 0.660372138
vt 0.95877707 0.617406666
vt 0.952899218 0.618979335
vt 0.96015811 0.561641157
vt 0.947021365 0.620552003
vt 0.942596793 0.661298573
vt 0.93817246 0.702044904
vt 0.938277125 0.745566189
vt 0.944349527 0.781585276
vt 0.951925874 0.803851068
vt 0.959444582 0.777793348
vt 0.951743722 0.7753582
vt 0.945098639 0.737722039
vt 0.961327255 0.735229373
vt 0.959705114 0.701738536
vt 0.943003058 0.707812309
vt 0.944993138 0.669638157
vt 0.95888406 0.662043035
vt 0.955764413 0.604736209
vt 0.972774982 0.654447913
vt 0.95431757 0.810861707
vt 0.967145443 0.780228496
vt 0.977555871 0.732736707
vt 0.97640717 0.695664763
vt 0.975284755 0.865151048
vt 0.972898483 0.897039175
vt 0.969099998 0.868379533
vt 0.962915242 0.871608019
vt 0.977671027 0.83326298
vt 0.965301514 0.839719892
vt 0.963944197 0.813704491
vt 0.981494427 0.805057108
vt 0.962022007 0.770555258
vt 0.984158397 0.761621773
vt 0.960277081 0.732816815
vt 0.978747189 0.727595985
vt 0.96048522 0.699556947
vt 0.972075164 0.698531389
vt 0.965455651 0.660493493
vt 0.969355345 0.661272883
vt 0.969194412 0.638376236
vt 0.961555958 0.659714103
vt 0.948895216 0.700582504
vt 0.941807032 0.738037586
vt 0.939885616 0.779488802
vt 0.946393967 0.822351813
vt 0.952932 0.846176863
vt 0.986020982 0.703979015
vt 0.979594767 0.7328583
vt 0.98236376 0.651474178
vt 0.97694087 0.677765965
vt 0.975166142 0.672362328
vt 0.966600776 0.629703641
vt 0.988582551 0.604263306
vt 0.962868929 0.5527637
vt 0.984383881 0.543934286
vt 0.980134726 0.510943651
vt 0.96054244 0.511027455
vt 0.958465099 0.47376138
vt 0.976340592 0.48148647
vt 0.975892007 0.424912989
vt 0.960362077 0.424149126
vt 0.96199131 0.38153857
vt 0.975506783 0.37632364
vt 0.977993488 0.330580831
vt 0.97034061 0.333212763
vt 0.983002305 0.284553826
vt 0.96268779 0.335844696
vt 0.948475838 0.3867535
vt 0.944832087 0.423385262
vt 0.940589607 0.46603626
vt 0.940950155 0.511111259
vt 0.941353917 0.561593115
vt 0.94461906 0.655143976
vt 0.959302425 0.67452848
vt 0.949122846 0.691480696
vt 0.948768079 0.752028167
vt 0.971733928 0.675744653
vt 0.979513168 0.766242385
vt 0.974563837 0.809412241
vt 0.974615097 0.767015278
vt 0.969716966 0.767788172
vt 0.9844625 0.723072529
vt 0.974666297 0.724618316
vt 0.982202291 0.687555671
vt 0.974960268 0.685809076
vt 0.975501478 0.647018909
vt 0.978444934 0.646075249
vt 0.977397799 0.611866593
vt 0.972558022 0.64796257
vt 0.967718244 0.684062481
vt 0.964870095 0.726164103
vt 0.94481051 0.830196083
vt 0.946978152 0.835458577
vt 0.942353189 0.857957304
vt 0.949145794 0.840721071
vt 0.953308702 0.809548259
vt 0.959349453 0.816663861
vt 0.968043447 0.792775035
vt 0.959594727 0.781381667
vt 0.967371106 0.743782401
vt 0.972682238 0.748106003
vt 0.970720768 0.709182024
vt 0.962059915 0.739458799
vt 0.951146007 0.769988298
vt 0.947268009 0.802432656
vt 0.971252441 0.209534466
vt 0.967975557 0.262194872
vt 0.954028606 0.2536605
vt 0.964278936 0.20526728
vt 0.948096454 0.301246047
vt 0.966715753 0.338498056
vt 0.941176653 0.356753826
vt 0.965246141 0.427504539
vt 0.941455007 0.440022171
vt 0.965289474 0.48246792
vt 0.941711545 0.516755581
vt 0.965329409 0.533117771
vt 0.962474823 0.566335857
vt 0.978645086 0.572704732
vt 0.960083842 0.689600945
vt 0.950897694 0.603178263
vt 0.984047771 0.571793556
vt 0.980011702 0.575288773
vt 0.984620214 0.64965713
vt 0.988707185 0.576293826
vt 0.988827229 0.562886953
vt 0.988947272 0.549480021
vt 0.98912394 0.524913669
vt 0.989315629 0.498255223
vt 0.985335052 0.375750065
vt 0.981922507 0.270729214
vt 0.978225887 0.213801637
vt 0.974529266 0.156874061
vt 0.966798186 0.337779284
vt 0.96342957 0.382659405
vt 0.951690614 0.383053541
vt 0.960928679 0.337976366
vt 0.962573647 0.430320263
vt 0.947439253 0.425297499
vt 0.961743772 0.476528823
vt 0.943317413 0.466254234
vt 0.943666399 0.511282802
vt 0.963771582 0.515653491
vt 0.94403851 0.559294105
vt 0.965933621 0.557369828
vt 0.947473049 0.613473058
vt 0.967647672 0.607911229
vt 0.951105893 0.670781493
vt 0.969460726 0.661371946
vt 0.970166743 0.292899191
vt 0.972667634 0.337582231
vt 0.957718968 0.712094784
vt 0.971370697 0.702210188
vt 0.964012682 0.751413226
vt 0.9731884 0.741076529
vt 0.973504841 0.79319787
vt 0.982364178 0.730739832
vt 0.985022426 0.692325592
vt 0.987815559 0.651962399
vt 0.987822354 0.602349341
vt 0.987828732 0.555445492
vt 0.983876705 0.52002418
vt 0.980170131 0.486803412
vt 0.977708042 0.435343027
vt 0.975168526 0.38226527
vt 0.975284755 0.865151048
vt 0.969099998 0.868379533
vt 0.972898483 0.897039175
vt 0.962915242 0.871608019
vt 0.977671027 0.83326298
vt 0.965301514 0.839719892
vt 0.963944197 0.813704491
vt 0.981494427 0.805057108
vt 0.984158397 0.761621773
vt 0.962022007 0.770555258
vt 0.978747189 0.727595985
vt 0.960277081 0.732816815
vt 0.972075164 0.698531389
vt 0.96048522 0.699556947
vt 0.969355345 0.661272883
vt 0.965455651 0.660493493
vt 0.969194412 0.638376236
vt 0.961555958 0.659714103
vt 0.952932 0.846176863
vt 0.946393967 0.822351813
vt 0.939885616 0.779488802
vt 0.941807032 0.738037586
vt 0.948895216 0.700582504
vt 0.988765538 0.651505113
vt 0.98236376 0.651474178
vt 0.986020982 0.703979015
vt 0.988582551 0.604263306
vt 0.966600776 0.629703641
vt 0.962868929 0.5527637
vt 0.984383881 0.543934286
vt 0.980134726 0.510943651
vt 0.96054244 0.511027455
vt 0.958465099 0.47376138
vt 0.940589607 0.46603626
vt 0.940950155 0.511111259
vt 0.976340592 0.48148647
vt 0.975892007 0.424912989
vt 0.960362077 0.424149126
vt 0.96199131 0.38153857
vt 0.975506783 0.37632364
vt 0.977993488 0.330580831
vt 0.97034061 0.333212763
vt 0.983002305 0.284553826
vt 0.96268779 0.335844696
vt 0.944832087 0.423385262
vt 0.948475838 0.3867535
vt 0.941353917 0.561593115
vt 0.94461906 0.655143976
vt 0.959302425 0.67452848
vt 0.949122846 0.691480696
vt 0.948768079 0.752028167
vt 0.971733928 0.675744653
vt 0.975166142 0.672362328
vt 0.97694087 0.677765965
vt 0.979594767 0.7328583
vt 0.98912394 0.524913669
vt 0.965289474 0.48246792
vt 0.965329409 0.533117771
vt 0.988947272 0.549480021
vt 0.989315629 0.498255223
vt 0.965246141 0.427504539
vt 0.985335052 0.375750065
vt 0.966715753 0.338498056
vt 0.981922507 0.270729214
vt 0.967975557 0.262194872
vt 0.978225887 0.213801637
vt 0.971252441 0.209534466
vt 0.974529266 0.156874061
vt 0.964278936 0.20526728
vt 0.984047771 0.571793556
vt 0.988827229 0.562886953
vt 0.988707185 0.576293826
vt 0.984620214 0.64965713
vt 0.980011702 0.575288773
vt 0.978645086 0.572704732
vt 0.962474823 0.566335857
vt 0.960083842 0.689600945
vt 0.950897694 0.603178263
vt 0.941711545 0.516755581
vt 0.941455007 0.440022171
vt 0.941176653 0.356753826
vt 0.948096454 0.301246047
vt 0.954028606 0.2536605
vt 0.979513168 0.766242385
vt 0.974615097 0.767015278
vt 0.974563837 0.809412241
vt 0.969716966 0.767788172
vt 0.974666297 0.724618316
vt 0.964870095 0.726164103
vt 0.974960268 0.685809076
vt 0.967718244 0.684062481
vt 0.972558022 0.64796257
vt 0.975501478 0.647018909
vt 0.977397799 0.611866593
vt 0.978444934 0.646075249
vt 0.982202291 0.687555671
vt 0.9844625 0.723072529
vt 0.94481051 0.830196083
vt 0.942353189 0.857957304
vt 0.946978152 0.835458577
vt 0.949145794 0.840721071
vt 0.947268009 0.802432656
vt 0.953308702 0.809548259
vt 0.959594727 0.781381667
vt 0.951146007 0.769988298
vt 0.962059915 0.739458799
vt 0.967371106 0.743782401
vt 0.970720768 0.709182024
vt 0.972682238 0.748106003
vt 0.968043447 0.792775035
vt 0.959349453 0.816663861
vt 0.972667634 0.337582231
vt 0.966798186 0.337779284
vt 0.96342957 0.382659405
vt 0.975168526 0.38226527
vt 0.977708042 0.435343027
vt 0.962573647 0.430320263
vt 0.980170131 0.486803412
vt 0.961743772 0.476528823
vt 0.963771582 0.515653491
vt 0.983876705 0.52002418
vt 0.965933621 0.557369828
vt 0.987828732 0.555445492
vt 0.967647672 0.607911229
vt 0.987822354 0.602349341
vt 0.969460726 0.661371946
vt 0.987815559 0.651962399
vt 0.970166743 0.292899191
vt 0.971370697 0.702210188
vt 0.985022426 0.692325592
vt 0.9731884 0.741076529
vt 0.982364178 0.730739832
vt 0.973504841 0.79319787
vt 0.964012682 0.751413226
vt 0.957718968 0.712094784
vt 0.951105893 0.670781493
vt 0.947473049 0.613473058
vt 0.94403851 0.559294105
vt 0.943666399 0.511282802
vt 0.943317413 0.466254234
vt 0.947439253 0.425297499
vt 0.951690614 0.383053541
vt 0.960928679 0.337976366
vt 0.980761528 0.924793959
vt 0.95070684 0.924795151
vt 0.965734184 0.964835882
vt 0.989978194 0.881025672
vt 0.941490054 0.881024182
vt 0.977571249 0.822522163
vt 0.95389688 0.822525382
vt 0.964125812 0.777574241
vt 0.967342675 0.77757442
vt 0.978492141 0.733999193
vt 0.952976286 0.733998835
vt 0.965734184 0.680452406
vt 0.977898359 0.677682757
vt 0.953569889 0.677682757
vt 0.965734184 0.711541474
vt 0.986330509 0.640441239
vt 0.945137858 0.640441239
vt 0.978168309 0.597770512
vt 0.95329988 0.597770154
vt 0.965734184 0.550574183
vt 0.980699182 0.799520612
vt 0.94960326 0.799520612
vt 0.96515125 0.820704579
vt 0.96515125 0.774551749
vt 0.974507451 0.756025553
vt 0.955415785 0.756025314
vt 0.964961648 0.770731568
vt 0.981200039 0.737891555
vt 0.948723316 0.737891912
vt 0.973793149 0.700905681
vt 0.956130207 0.70090425
vt 0.964961648 0.661087871
vt 0.980761528 0.924793959
vt 0.965734184 0.964835882
vt 0.95070684 0.924795151
vt 0.989978194 0.881025672
vt 0.941490054 0.881024182
vt 0.977571249 0.822522163
vt 0.95389688 0.822525382
vt 0.964125812 0.777574241
vt 0.967342675 0.77757442
vt 0.978492141 0.733999193
vt 0.952976286 0.733998835
vt 0.965734184 0.680452406
vt 0.977898359 0.677682757
vt 0.965734184 0.711541474
vt 0.953569889 0.677682757
vt 0.986330509 0.640441239
vt 0.945137858 0.640441239
vt 0.978168309 0.597770512
vt 0.95329988 0.597770154
vt 0.965734184 0.550574183
vt 0.980699182 0.799520612
vt 0.96515125 0.820704579
vt 0.94960326 0.799520612
vt 0.96515125 0.774551749
vt 0.974507451 0.756025553
vt 0.964961648 0.770731568
vt 0.955415785 0.756025314
vt 0.981200039 0.737891555
vt 0.948723316 0.737891912
vt 0.973793149 0.700905681
vt 0.956130207 0.70090425
vt 0.964961648 0.661087871
vt 0.980761528 0.924793899
vt 0.965734243 0.964835882
vt 0.95070684 0.924795091
vt 0.989978254 0.881025732
vt 0.941490054 0.881024063
vt 0.97757113 0.822522104
vt 0.95389688 0.822525442
vt 0.964125752 0.77757436
vt 0.967342734 0.77757436
vt 0.978492022 0.733999074
vt 0.952976286 0.733998656
vt 0.965734243 0.680452168
vt 0.977898359 0.677682698
vt 0.965734243 0.711541295
vt 0.953569889 0.677682698
vt 0.98633033 0.64044112
vt 0.945137858 0.64044112
vt 0.978168249 0.597770333
vt 0.95329988 0.597770095
vt 0.965734243 0.550573945
vt 0.980699182 0.799520612
vt 0.965151191 0.820704579
vt 0.949603379 0.799520612
vt 0.965151191 0.774551749
vt 0.974507451 0.756025553
vt 0.964961767 0.770731568
vt 0.955415785 0.756025314
vt 0.981200218 0.737891436
vt 0.948723316 0.737891912
vt 0.973793387 0.700905681
vt 0.956130207 0.70090425
vt 0.964961767 0.661087632
vt 0.988433301 0.271589905
vt 0.983518958 0.336409539
vt 0.976087511 0.316524833
vt 0.96229142 0.368934989
vt 0.981700778 0.396911472
vt 0.98330152 0.469821066
vt 0.954658329 0.43836993
vt 0.948146582 0.557689667
vt 0.988126278 0.592671633
vt 0.952757657 0.647860527
vt 0.973233759 0.678182065
vt 0.975877106 0.680687785
vt 0.984578192 0.742303014
vt 0.970762074 0.687645316
vt 0.962811649 0.774913609
vt 0.98051846 0.856154382
vt 0.975457132 0.885994732
vt 0.967068493 0.884990811
vt 0.963736415 0.858961165
vt 0.968036294 0.831930518
vt 0.981290102 0.834638059
vt 0.971304834 0.809369028
vt 0.977927208 0.803064227
vt 0.974573374 0.786808014
vt 0.969697773 0.922328115
vt 0.959230006 0.967478514
vt 0.953392208 0.989014745
vt 0.950579643 0.965064168
vt 0.946065485 0.900888205
vt 0.972493708 0.922362447
vt 0.949184477 0.861360431
vt 0.98708266 0.89065659
vt 0.95896548 0.837049961
vt 0.994046152 0.862022042
vt 0.992037535 0.828974605
vt 0.9656564 0.818629861
vt 0.972964406 0.789069057
vt 0.985146642 0.796116114
vt 0.976694465 0.754777908
vt 0.978843451 0.759178877
vt 0.964618087 0.853782594
vt 0.977972031 0.904300511
vt 0.952875257 0.894946992
vt 0.946105838 0.91516608
vt 0.980777383 0.927252114
vt 0.946663022 0.948296249
vt 0.978273273 0.946274817
vt 0.972916245 0.966960371
vt 0.95759356 0.977515519
vt 0.970948219 0.993151844
vt 0.975125313 0.84383446
vt 0.968171954 0.826876104
vt 0.983182073 0.817820728
vt 0.951925874 0.803851068
vt 0.993121982 0.77814573
vt 0.944349527 0.781585276
vt 0.991400838 0.752055109
vt 0.984673262 0.726563036
vt 0.938277125 0.745566189
vt 0.93817246 0.702044904
vt 0.974598765 0.69300431
vt 0.964524031 0.659445703
vt 0.942596793 0.661298573
vt 0.95877707 0.617406666
vt 0.947021365 0.620552003
vt 0.96015811 0.561641157
vt 0.967145443 0.780228496
vt 0.951743722 0.7753582
vt 0.945098639 0.737722039
vt 0.977555871 0.732736707
vt 0.97640717 0.695664763
vt 0.943003058 0.707812309
vt 0.944993138 0.669638157
vt 0.972774982 0.654447913
vt 0.955764413 0.604736209
vt 0.95431757 0.810861707
vt 0.988433301 0.271589905
vt 0.976087511 0.316524833
vt 0.983518958 0.336409539
vt 0.96229142 0.368934989
vt 0.981700778 0.396911472
vt 0.98330152 0.469821066
vt 0.954658329 0.43836993
vt 0.948146582 0.557689667
vt 0.988126278 0.592671633
vt 0.952757657 0.647860527
vt 0.973233759 0.678182065
vt 0.975877106 0.680687785
vt 0.984578192 0.742303014
vt 0.970762074 0.687645316
vt 0.962811649 0.774913609
vt 0.98051846 0.856154382
vt 0.963736415 0.858961165
vt 0.967068493 0.884990811
vt 0.975457132 0.885994732
vt 0.968036294 0.831930518
vt 0.981290102 0.834638059
vt 0.971304834 0.809369028
vt 0.977927208 0.803064227
vt 0.974573374 0.786808014
vt 0.969697773 0.922328115
vt 0.959230006 0.967478514
vt 0.950579643 0.965064168
vt 0.953392208 0.989014745
vt 0.946065485 0.900888205
vt 0.972493708 0.922362447
vt 0.949184477 0.861360431
vt 0.98708266 0.89065659
vt 0.95896548 0.837049961
vt 0.994046152 0.862022042
vt 0.992037535 0.828974605
vt 0.9656564 0.818629861
vt 0.972964406 0.789069057
vt 0.985146642 0.796116114
vt 0.976694465 0.754777908
vt 0.978843451 0.759178877
vt 0.964618087 0.853782594
vt 0.952875257 0.894946992
vt 0.977972031 0.904300511
vt 0.946105838 0.91516608
vt 0.980777383 0.927252114
vt 0.946663022 0.948296249
vt 0.978273273 0.946274817
vt 0.972916245 0.966960371
vt 0.95759356 0.977515519
vt 0.970948219 0.993151844
vt 0.975125313 0.84383446
vt 0.983182073 0.817820728
vt 0.968171954 0.826876104
vt 0.951925874 0.803851068
vt 0.993121982 0.77814573
vt 0.944349527 0.781585276
vt 0.991400838 0.752055109
vt 0.984673262 0.726563036
vt 0.938277125 0.745566189
vt 0.93817246 0.702044904
vt 0.974598765 0.69300431
vt 0.964524031 0.659445703
vt 0.942596793 0.661298573
vt 0.95877707 0.617406666
vt 0.947021365 0.620552003
vt 0.96015811 0.561641157
vt 0.967145443 0.780228496
vt 0.977555871 0.732736707
vt 0.945098639 0.737722039
vt 0.951743722 0.7753582
vt 0.97640717 0.695664763
vt 0.943003058 0.707812309
vt 0.944993138 0.669638157
vt 0.972774982 0.654447913
vt 0.955764413 0.604736209
vt 0.95431757 0.810861707
vt 0.972898483 0.897039175
vt 0.975284755 0.865151048
vt 0.962915242 0.871608019
vt 0.977671027 0.83326298
vt 0.952932 0.846176863
vt 0.946393967 0.822351813
vt 0.981494427 0.805057108
vt 0.939885616 0.779488802
vt 0.984158397 0.761621773
vt 0.941807032 0.738037586
vt 0.978747189 0.727595985
vt 0.948895216 0.700582504
vt 0.972075164 0.698531389
vt 0.961555958 0.659714103
vt 0.969355345 0.661272883
vt 0.969194412 0.638376236
vt 0.988765538 0.651505113
vt 0.97694087 0.677765965
vt 0.979594767 0.7328583
vt 0.986020982 0.703979015
vt 0.988582551 0.604263306
vt 0.975166142 0.672362328
vt 0.971733928 0.675744653
vt 0.94461906 0.655143976
vt 0.941353917 0.561593115
vt 0.984383881 0.543934286
vt 0.980134726 0.510943651
vt 0.940950155 0.511111259
vt 0.949122846 0.691480696
vt 0.948768079 0.752028167
vt 0.940589607 0.46603626
vt 0.976340592 0.48148647
vt 0.975892007 0.424912989
vt 0.944832087 0.423385262
vt 0.948475838 0.3867535
vt 0.975506783 0.37632364
vt 0.977993488 0.330580831
vt 0.96268779 0.335844696
vt 0.983002305 0.284553826
vt 0.979513168 0.766242385
vt 0.969716966 0.767788172
vt 0.974563837 0.809412241
vt 0.9844625 0.723072529
vt 0.964870095 0.726164103
vt 0.982202291 0.687555671
vt 0.967718244 0.684062481
vt 0.972558022 0.64796257
vt 0.978444934 0.646075249
vt 0.977397799 0.611866593
vt 0.949145794 0.840721071
vt 0.94481051 0.830196083
vt 0.942353189 0.857957304
vt 0.947268009 0.802432656
vt 0.959349453 0.816663861
vt 0.968043447 0.792775035
vt 0.951146007 0.769988298
vt 0.962059915 0.739458799
vt 0.972682238 0.748106003
vt 0.970720768 0.709182024
vt 0.978225887 0.213801637
vt 0.964278936 0.20526728
vt 0.954028606 0.2536605
vt 0.981922507 0.270729214
vt 0.948096454 0.301246047
vt 0.985335052 0.375750065
vt 0.941176653 0.356753826
vt 0.989315629 0.498255223
vt 0.941455007 0.440022171
vt 0.98912394 0.524913669
vt 0.941711545 0.516755581
vt 0.988947272 0.549480021
vt 0.978645086 0.572704732
vt 0.988827229 0.562886953
vt 0.974529266 0.156874061
vt 0.980011702 0.575288773
vt 0.988707185 0.576293826
vt 0.984620214 0.64965713
vt 0.950897694 0.603178263
vt 0.960083842 0.689600945
vt 0.972667634 0.337582231
vt 0.960928679 0.337976366
vt 0.951690614 0.383053541
vt 0.975168526 0.38226527
vt 0.977708042 0.435343027
vt 0.947439253 0.425297499
vt 0.980170131 0.486803412
vt 0.943317413 0.466254234
vt 0.943666399 0.511282802
vt 0.983876705 0.52002418
vt 0.94403851 0.559294105
vt 0.987828732 0.555445492
vt 0.947473049 0.613473058
vt 0.987822354 0.602349341
vt 0.951105893 0.670781493
vt 0.987815559 0.651962399
vt 0.970166743 0.292899191
vt 0.957718968 0.712094784
vt 0.985022426 0.692325592
vt 0.964012682 0.751413226
vt 0.982364178 0.730739832
vt 0.973504841 0.79319787
vt 0.972898483 0.897039175
vt 0.962915242 0.871608019
vt 0.975284755 0.865151048
vt 0.977671027 0.83326298
vt 0.952932 0.846176863
vt 0.946393967 0.822351813
vt 0.981494427 0.805057108
vt 0.984158397 0.761621773
vt 0.939885616 0.779488802
vt 0.978747189 0.727595985
vt 0.941807032 0.738037586
vt 0.972075164 0.698531389
vt 0.948895216 0.700582504
vt 0.969355345 0.661272883
vt 0.961555958 0.659714103
vt 0.969194412 0.638376236
vt 0.988765538 0.651505113
vt 0.986020982 0.703979015
vt 0.979594767 0.7328583
vt 0.97694087 0.677765965
vt 0.988582551 0.604263306
vt 0.975166142 0.672362328
vt 0.971733928 0.675744653
vt 0.94461906 0.655143976
vt 0.949122846 0.691480696
vt 0.948768079 0.752028167
vt 0.941353917 0.561593115
vt 0.984383881 0.543934286
vt 0.980134726 0.510943651
vt 0.940950155 0.511111259
vt 0.940589607 0.46603626
vt 0.976340592 0.48148647
vt 0.975892007 0.424912989
vt 0.944832087 0.423385262
vt 0.948475838 0.3867535
vt 0.975506783 0.37632364
vt 0.977993488 0.330580831
vt 0.96268779 0.335844696
vt 0.983002305 0.284553826
vt 0.98912394 0.524913669
vt 0.988947272 0.549480021
vt 0.941711545 0.516755581
vt 0.941455007 0.440022171
vt 0.989315629 0.498255223
vt 0.941176653 0.356753826
vt 0.985335052 0.375750065
vt 0.948096454 0.301246047
vt 0.981922507 0.270729214
vt 0.954028606 0.2536605
vt 0.978225887 0.213801637
vt 0.964278936 0.20526728
vt 0.974529266 0.156874061
vt 0.978645086 0.572704732
vt 0.988827229 0.562886953
vt 0.980011702 0.575288773
vt 0.988707185 0.576293826
vt 0.984620214 0.64965713
vt 0.950897694 0.603178263
vt 0.960083842 0.689600945
vt 0.979513168 0.766242385
vt 0.974563837 0.809412241
vt 0.969716966 0.767788172
vt 0.9844625 0.723072529
vt 0.964870095 0.726164103
vt 0.982202291 0.687555671
vt 0.967718244 0.684062481
vt 0.972558022 0.64796257
vt 0.978444934 0.646075249
vt 0.977397799 0.611866593
vt 0.949145794 0.840721071
vt 0.942353189 0.857957304
vt 0.94481051 0.830196083
vt 0.947268009 0.802432656
vt 0.959349453 0.816663861
vt 0.968043447 0.792775035
vt 0.951146007 0.769988298
vt 0.962059915 0.739458799
vt 0.972682238 0.748106003
vt 0.970720768 0.709182024
vt 0.972667634 0.337582231
vt 0.975168526 0.38226527
vt 0.951690614 0.383053541
vt 0.960928679 0.337976366
vt 0.977708042 0.435343027
vt 0.947439253 0.425297499
vt 0.980170131 0.486803412
vt 0.943317413 0.466254234
vt 0.943666399 0.511282802
vt 0.983876705 0.52002418
vt 0.94403851 0.559294105
vt 0.987828732 0.555445492
vt 0.947473049 0.613473058
vt 0.987822354 0.602349341
vt 0.951105893 0.670781493
vt 0.987815559 0.651962399
vt 0.970166743 0.292899191
vt 0.957718968 0.712094784
vt 0.985022426 0.692325592
vt 0.964012682 0.751413226
vt 0.982364178 0.730739832
vt 0.973504841 0.79319787
vt 0.988765538 0.651505113
vn -0 0.353951126 -0.935263932
vn -0.713014364 0.239982933 -0.6588009
vn 7.41748579E-07 -0.0260329098 -0.999661088
vn -0.745007813 -0.0102670752 -0.666976631
vn -0.670786321 -0.293281853 -0.681198597
vn -0 -0.422203153 -0.906501234
vn 0.713015139 0.239983171 -0.658800066
vn 0.745009959 -0.0102671366 -0.666974306
vn 0.670786858 -0.293282062 -0.681197941
vn -0.718568146 0.514785647 -0.467606157
vn -0.473989367 0.317067951 -0.821463346
vn -0.537826538 0.346487999 -0.768562734
vn -0.752018929 0.513145566 -0.413701802
vn -0.648614526 0.496856719 -0.576569617
vn -0.402350724 0.265574187 -0.876118839
vn -0.128305495 0.119276211 -0.984535873
vn -0.110292144 0.101098217 -0.98874408
vn -0.42281884 -0.0733840689 -0.903238118
vn 0.430723637 -0.0924344435 -0.897737741
vn -0.106668927 0.0418692045 -0.993412673
vn -0.287965 0.253187001 -0.92356509
vn -0.0592403151 -0.000794477004 -0.998243451
vn -0.239686027 0.265939623 -0.933716655
vn -0.377533376 0.480103284 -0.79181397
vn -0.28866449 0.449955463 -0.845111132
vn -0.212203324 0.309914142 -0.926780999
vn -0.482762188 0.495592743 -0.722030818
vn -0.18867968 0.484871387 -0.853990436
vn -0.141622931 0.327217013 -0.934276164
vn -0.162494078 0.395308465 -0.904061317
vn -0.114816941 0.225130722 -0.967539728
vn -0.175905824 0.329650998 -0.927570641
vn -0.107699536 0.133677423 -0.985155344
vn -0.0992271751 0.0873814076 -0.991220713
vn -0.183908552 0.27710259 -0.943075716
vn -0.0521100387 0.0356034487 -0.998006463
vn -0.055866003 0.0556638278 -0.996885419
vn 0.237193346 -0.2370947 -0.942085683
vn 0.191076115 -0.21281229 -0.958227992
vn -0.0409974381 0.0828206316 -0.995720804
vn -0.0443852097 0.0233364049 -0.998741925
vn -0.0556781515 -0.0185192376 -0.998277009
vn 0.0851327032 -0.163682446 -0.982832849
vn 0.080372557 -0.199232638 -0.976650715
vn 0.259779245 -0.319991648 -0.911109269
vn 0.132649764 -0.244415075 -0.960554659
vn -0.059145119 -0.0901671872 -0.994168818
vn 0.0758697763 -0.172386095 -0.982103229
vn 0.198551193 -0.234168246 -0.951705098
vn 0.263112247 -0.219556287 -0.939450383
vn 0.313120067 -0.171776697 -0.934049547
vn -0.123611644 -0.142722487 -0.982013464
vn -0.00315618678 -0.113798343 -0.993498862
vn 0.0346876495 -0.0776624605 -0.996376097
vn 0.224580958 -0.247448191 -0.942514062
vn 0.163586989 -0.28196153 -0.945376635
vn 0.273223311 -0.234266326 -0.932988942
vn 0.0219506938 -0.0043397462 -0.99974966
vn -0.0736381412 0.157137945 -0.984827459
vn 0.432309866 -0.379582196 -0.817939818
vn 0.30004096 -0.392779082 -0.869310081
vn 0.817725301 -0.575524569 0.00984264538
vn 0.556487203 -0.39339 -0.731823981
vn 0.345077306 -0.938573897 -0.000816228392
vn 0.634510934 -0.772909939 0.00246183295
vn 0.115899801 -0.255443156 -0.959852099
vn -0.367479742 -0.0335520543 -0.929426134
vn -0.270660162 -0.123671249 -0.954698086
vn -0.952564359 -0.304337144 -3.66785713E-07
vn 0.069550842 -0.191170245 -0.979089737
vn 0.100369908 -0.209850952 -0.972567976
vn 0.26925084 -0.296325922 -0.916348696
vn 0.716541648 -0.697543859 0.000757760252
vn 0.326033562 -0.293749362 -0.898561835
vn 0.80901432 -0.587786019 0.00185282016
vn 0.546034992 -0.837762356 1.1853864E-06
vn 0.279585004 -0.412752211 -0.866872489
vn 0.294770181 -0.419903457 -0.858365655
vn 0.587236822 -0.809415221 -1.23647806E-06
vn -0.698631704 -0.71548152 -3.41004352E-06
vn -0.117300406 -0.19312118 -0.974138021
vn -0.520173192 -0.854060769 1.37892471E-06
vn -0.363036662 0.0466637798 -0.93060565
vn 0.000172477012 -0.231402114 -0.972858191
vn -0.275641203 -0.0436371379 -0.96026957
vn -0.0487498045 -0.157131165 -0.986373782
vn 0.0764485672 -0.259503394 -0.962711573
vn 0.239236221 -0.346791893 -0.906918645
vn 0.196700826 -0.337813854 -0.920429528
vn 0.0542834178 -0.22405678 -0.973063171
vn 0.0455170125 -0.20997262 -0.976647139
vn -0.375014514 -0.0304282308 -0.926519454
vn -0.382733285 0.143379092 -0.912665129
vn -0.18096678 -0.0529242307 -0.982064188
vn 0.190872476 -0.309862077 -0.931425393
vn 0.57498908 -0.81816107 1.13682268E-06
vn 0.547833622 -0.83658725 -9.3076045E-07
vn -0.985148668 -0.171703726 -4.44373018E-06
vn -0.901758552 0.432240069 0
vn 0.692014933 -0.721883118 -3.06169909E-07
vn 0.0993080959 -0.159980372 -0.98211211
vn 0.15193145 -0.207237691 -0.966420949
vn -0.0714968592 0.0132514806 -0.997352779
vn -0.106750987 0.0681617782 -0.991946697
vn -0.215967864 0.179434419 -0.959771454
vn -0.224932328 0.227671459 -0.947402358
vn 0.0933021456 -0.234331533 -0.96766907
vn 0.716842055 -0.697235525 0
vn 0.469354779 -0.883009672 1.01796581E-06
vn 0.0504350886 -0.192757726 -0.979949355
vn 0.30271396 -0.953081489 1.83809937E-06
vn 0.101691306 -0.207642257 -0.972904682
vn 0.472658336 -0.881245792 4.64254782E-07
vn 0.148646653 -0.225714594 -0.962786138
vn 0.56959331 -0.821926653 -1.19313995E-06
vn -0.9005391 -0.434774965 -1.07372889E-05
vn -0.0464138314 -0.134852022 -0.989778101
vn -0.832189202 0.554491758 -5.2016793E-07
vn -0.214105487 0.132377163 -0.967799127
vn -0.178684026 0.128072381 -0.975535512
vn -0.785014689 0.619477093 6.07611696E-07
vn -0.746906161 0.66492945 -5.27038196E-07
vn -0.180540591 0.141766742 -0.973297119
vn -0.713352501 0.700805366 -1.38223629E-06
vn -0.653369129 0.757039547 -6.99124882E-07
vn -0.0273066536 -0.00933724921 -0.999583483
vn -0.0226297211 -0.0285706911 -0.999335587
vn -0.0546017326 -0.0180850998 -0.998344421
vn -0.556908965 0.830573559 -1.02047338E-07
vn -0.408077747 0.912947178 3.29194449E-07
vn -0.295291692 0.955407143 1.12587759E-06
vn -0.354913741 0.934898913 0.000465344405
vn -0.507553637 0.861616671 0.0024435292
vn -0.561035991 0.827790737 0.00103210867
vn -0.656361878 0.754444242 -0.00174288114
vn -0.768124521 0.640299797 -0.000913449039
vn -0.801276922 0.598293722 3.80557358E-05
vn -0.817029417 0.576199591 0.0213781856
vn -0.698376656 0.571780384 -0.430508107
vn -0.425156593 0.374355346 -0.824075162
vn -0.852333963 0.429181993 -0.298880547
vn -0.870696783 0.327824086 -0.366631299
vn -0.11004024 0.101292178 -0.988752246
vn -0.829436421 0.0934282318 -0.550732613
vn -0.734867811 0.674663365 0.069272086
vn -0.88425225 0.462586462 0.0641222075
vn 0.59632951 -0.291481495 -0.747950315
vn 0.836276591 -0.213843092 -0.504888713
vn 0.801563919 -0.597809255 0.0109286336
vn 0.974740803 -0.223002464 -0.0122592309
vn 0.709761918 -0.311945498 -0.631607533
vn 0.942573965 -0.333970398 -0.00424938416
vn 0.559727788 -0.336058974 -0.757475555
vn 0.903283119 -0.429034412 -0.00302428403
vn 0.450932026 -0.327260315 -0.830398083
vn 0.867130339 -0.498048872 0.0056781075
vn -0.702024758 0.508034348 0.499061584
vn -0.703189671 0.515632808 0.489537567
vn -0.448045373 0.320664406 0.834523618
vn -0.421869397 0.294484496 0.857499361
vn -0.628144026 0.490775436 0.603800058
vn -0.362984002 0.249736726 0.897704959
vn -0.207305804 0.0967070386 0.973484457
vn -0.128495127 0.0800061151 0.988477588
vn -0.170916915 -0.0913013518 0.98104614
vn 0.31551522 -0.140472397 0.938465536
vn -0.0748602748 0.0344498381 0.99659878
vn -0.241877303 0.254315585 0.936386108
vn -0.0182721205 0.0207860935 0.999616981
vn -0.197823629 0.275467783 0.940735519
vn -0.343990296 0.481665879 0.80602026
vn -0.27149573 0.453230977 0.8490417
vn -0.18995814 0.319020689 0.928515851
vn -0.449627936 0.492950976 0.744871855
vn -0.186059505 0.48510617 0.854431868
vn -0.138607875 0.328466028 0.934290051
vn -0.162493959 0.395308346 0.904061377
vn -0.114816971 0.225130707 0.967539728
vn -0.175905734 0.329650879 0.927570701
vn -0.107699543 0.133677393 0.985155344
vn -0.0992271453 0.0873813927 0.991220713
vn -0.183908582 0.277102649 0.943075716
vn -0.0240097512 0.0696758851 0.997280717
vn -0.0279020723 0.0794049725 0.996451855
vn 0.243458793 -0.20481053 0.948040366
vn 0.191875279 -0.166415438 0.967207193
vn -0.0392313562 0.0842752308 0.995669961
vn -0.0443852544 0.0233364683 0.998741865
vn -0.0556781553 -0.0185192209 0.998277009
vn 0.0851327479 -0.16368255 0.982832849
vn 0.0803726614 -0.199232757 0.976650655
vn 0.259779096 -0.319992036 0.911109209
vn 0.132649362 -0.244414851 0.960554779
vn -0.0591451116 -0.0901671275 0.994168818
vn 0.100668825 -0.129468158 0.986460209
vn 0.216400608 -0.195105717 0.956610978
vn 0.281885892 -0.179507822 0.942505896
vn 0.312751949 -0.159908414 0.936277449
vn -0.123611197 -0.142722473 0.982013524
vn -0.00315600378 -0.113798358 0.993498862
vn 0.0358028524 -0.0760703757 0.996459484
vn 0.190045744 -0.22058022 0.956674933
vn 0.134698018 -0.26528728 0.954714119
vn 0.2490042 -0.201481849 0.947313011
vn 0.0317885354 0.0040910407 0.999486268
vn -0.0637702122 0.164784953 0.984265804
vn 0.439660132 -0.375667155 0.815826654
vn 0.284253567 -0.398552448 0.871983886
vn 0.817725301 -0.575524569 0.00984264538
vn 0.567194819 -0.368810207 0.73638916
vn 0.345077306 -0.938573897 -0.000816228392
vn 0.634510934 -0.772909939 0.00246183295
vn 0.134827018 -0.221110642 0.965883911
vn -0.357720464 -0.0245872624 0.933504939
vn -0.35275054 -0.1099177 0.929239035
vn -0.952564359 -0.304337144 -3.66785713E-07
vn 0.11974702 -0.193351045 0.973794639
vn 0.123314798 -0.185084686 0.974954963
vn 0.270137936 -0.291711062 0.917567492
vn 0.716541648 -0.697543859 0.000757760252
vn 0.328420043 -0.270378083 0.905006111
vn 0.80901432 -0.587786019 0.00185282016
vn 0.546034992 -0.837762356 1.1853864E-06
vn 0.269584 -0.424820811 0.864205897
vn 0.294770211 -0.419903725 0.858365536
vn 0.587236822 -0.809415221 -1.23647806E-06
vn -0.698631704 -0.71548152 -3.41004352E-06
vn -0.117299482 -0.193123385 0.974137664
vn -0.520173192 -0.854060769 1.37892471E-06
vn -0.363036692 0.0466641597 0.93060565
vn 0.000171326741 -0.231401533 0.97285831
vn -0.275641054 -0.0436366238 0.96026969
vn -0.0487500168 -0.157130972 0.986373842
vn 0.0595915541 -0.254830956 0.965147674
vn 0.239235878 -0.346791655 0.906918824
vn 0.196700424 -0.337813199 0.920429945
vn 0.0542833284 -0.224056616 0.973063171
vn 0.0455169752 -0.209972531 0.976647139
vn -0.375014246 -0.0304276217 0.926519513
vn -0.382733345 0.143379316 0.912665069
vn -0.180967048 -0.0529239587 0.982064188
vn 0.190872326 -0.309861779 0.931425452
vn 0.57498908 -0.81816107 1.13682268E-06
vn 0.547833622 -0.83658725 -9.3076045E-07
vn -0.985148668 -0.171703726 -4.44373018E-06
vn -0.901758552 0.432240069 0
vn 0.692014933 -0.721883118 -3.06169909E-07
vn 0.0993081182 -0.159980416 0.98211211
vn 0.151931465 -0.20723781 0.966420889
vn -0.0714968741 0.0132514872 0.997352779
vn -0.106751025 0.0681618229 0.991946697
vn -0.215967834 0.179434374 0.959771454
vn -0.224932313 0.227671474 0.947402358
vn 0.0933020487 -0.234331444 0.96766907
vn 0.716842055 -0.697235525 0
vn 0.469354779 -0.883009672 1.01796581E-06
vn 0.0504350625 -0.192757577 0.979949415
vn 0.30271396 -0.953081489 1.83809937E-06
vn 0.101691179 -0.207642063 0.972904742
vn 0.472658336 -0.881245792 4.64254782E-07
vn 0.148646533 -0.22571446 0.962786198
vn 0.56959331 -0.821926653 -1.19313995E-06
vn -0.9005391 -0.434774965 -1.07372889E-05
vn -0.0464146771 -0.134852007 0.989778042
vn -0.832189202 0.554491758 -5.2016793E-07
vn -0.2141058 0.132377297 0.967799067
vn -0.178683996 0.128072336 0.975535512
vn -0.785014689 0.619477093 6.07611696E-07
vn -0.746906161 0.66492945 -5.27038196E-07
vn -0.180540472 0.141766667 0.973297119
vn -0.713352501 0.700805366 -1.38223629E-06
vn -0.653369129 0.757039547 -6.99124882E-07
vn -0.0273067337 -0.00933726225 0.999583483
vn -0.0226297062 -0.0285707358 0.999335587
vn -0.0546016954 -0.0180851184 0.998344421
vn -0.556908965 0.830573559 -1.02047338E-07
vn -0.408077747 0.912947178 3.29194449E-07
vn -0.295291692 0.955407143 1.12587759E-06
vn -0.354913741 0.934898913 0.000465344405
vn -0.507553637 0.861616671 0.0024435292
vn -0.561035991 0.827790737 0.00103210867
vn -0.656361878 0.754444242 -0.00174288114
vn -0.768124521 0.640299797 -0.000913449039
vn -0.801276922 0.598293722 3.80557358E-05
vn -0.817029417 0.576199591 0.0213781856
vn -0.597302139 0.578743041 0.555235744
vn -0.433373719 0.352170616 0.829555988
vn -0.750012875 0.484897494 0.449838936
vn -0.786310554 0.361949772 0.500707567
vn -0.318794996 0.137381598 0.937814534
vn -0.792239666 0.200734288 0.576248288
vn -0.734867811 0.674663365 0.069272086
vn -0.88425225 0.462586462 0.0641222075
vn 0.420555294 -0.494047731 0.760953367
vn 0.812664747 -0.262070358 0.520475864
vn 0.801563919 -0.597809255 0.0109286336
vn 0.974740803 -0.223002464 -0.0122592309
vn 0.708935976 -0.294382602 0.640896738
vn 0.942573965 -0.333970398 -0.00424938416
vn 0.5617432 -0.296247095 0.772452056
vn 0.903283119 -0.429034412 -0.00302428403
vn 0.452627033 -0.287009865 0.844247699
vn 0.867130339 -0.498048872 0.0056781075
vn 0.718569279 0.514786303 -0.467603683
vn 0.752020359 0.513144016 -0.413701087
vn 0.537827373 0.346487075 -0.768562555
vn 0.473989964 0.317068309 -0.82146287
vn 0.648615003 0.496856987 -0.576568842
vn 0.402350992 0.265574157 -0.87611872
vn 0.128306329 0.119276792 -0.984535694
vn 0.110292643 0.101098441 -0.988743961
vn 0.422821909 -0.0733833462 -0.903236747
vn -0.430725038 -0.0924333036 -0.897737145
vn 0.106669009 0.0418691784 -0.993412673
vn 0.287965119 0.253187001 -0.92356509
vn 0.059240412 -0.000794509426 -0.998243451
vn 0.2396864 0.265939921 -0.933716416
vn 0.377533287 0.480102628 -0.791814387
vn 0.288665116 0.449954808 -0.845111251
vn 0.21220389 0.309914112 -0.926780879
vn 0.482761472 0.49559167 -0.722032011
vn 0.188680127 0.48487097 -0.853990555
vn 0.141623318 0.327217102 -0.934276104
vn 0.162494227 0.395308435 -0.904061317
vn 0.114817165 0.225130901 -0.967539728
vn 0.175905794 0.329650521 -0.927570879
vn 0.107699625 0.133677304 -0.985155404
vn 0.0992272794 0.0873815566 -0.991220713
vn 0.183908492 0.27710247 -0.943075776
vn 0.0521102101 0.035603635 -0.998006463
vn 0.0558661371 0.0556638837 -0.996885419
vn -0.237193808 -0.237095326 -0.942085445
vn -0.191076234 -0.212812275 -0.958227932
vn 0.0409975164 0.0828207284 -0.995720804
vn 0.044385314 0.0233365111 -0.998741865
vn 0.0556782186 -0.0185192507 -0.998277009
vn -0.0851325542 -0.163682446 -0.982832909
vn -0.0803725049 -0.199232519 -0.976650715
vn -0.259779513 -0.319992125 -0.91110903
vn -0.13264969 -0.244415313 -0.9605546
vn 0.0591451861 -0.0901672319 -0.994168818
vn -0.0758695453 -0.172385678 -0.982103348
vn -0.198551118 -0.234168053 -0.951705158
vn -0.263112634 -0.219556302 -0.939450204
vn -0.31312117 -0.171776727 -0.934049249
vn 0.123611473 -0.1427228 -0.982013404
vn 0.00315606454 -0.113798559 -0.993498862
vn -0.0346877761 -0.0776625201 -0.996376097
vn -0.224581301 -0.247448236 -0.942513943
vn -0.163587302 -0.28196165 -0.945376515
vn -0.273223758 -0.234266713 -0.932988703
vn -0.0219505746 -0.00433961535 -0.99974966
vn 0.0736383125 0.157137454 -0.984827518
vn -0.432309598 -0.379581571 -0.817940235
vn -0.30004108 -0.392778635 -0.86931026
vn -0.81772548 -0.575524271 0.0098421704
vn -0.556486189 -0.393389553 -0.731824994
vn -0.345074952 -0.938574731 -0.000817963853
vn -0.634511292 -0.772909641 0.00246075494
vn -0.115899824 -0.255443215 -0.959852099
vn 0.367479384 -0.0335518159 -0.929426253
vn 0.270661324 -0.123670541 -0.954697907
vn 0.952564657 -0.30433616 -7.33570857E-07
vn -0.069550775 -0.191169694 -0.979089797
vn -0.10036955 -0.209850609 -0.972568095
vn -0.269250512 -0.296325326 -0.916348994
vn -0.716541886 -0.69754374 0.000755971472
vn -0.326033324 -0.29374963 -0.898561835
vn -0.809013963 -0.587786496 0.00185073831
vn -0.546035469 -0.837762058 -1.41117596E-07
vn -0.279584825 -0.412751794 -0.866872668
vn -0.294770062 -0.419903338 -0.858365774
vn -0.587236345 -0.809415519 1.62160703E-07
vn 0.698620319 -0.715492606 -5.84581471E-07
vn 0.117299333 -0.193121985 -0.974137962
vn 0.520171225 -0.854061961 -1.17208583E-06
vn 0.363037556 0.0466641448 -0.930605292
vn -0.000169964187 -0.231400967 -0.972858429
vn 0.275641978 -0.0436373986 -0.960269392
vn 0.0487500206 -0.157130629 -0.986373842
vn -0.0764488503 -0.259503424 -0.962711573
vn -0.239235908 -0.346791238 -0.906918943
vn -0.196700633 -0.337813169 -0.920429885
vn -0.0542834811 -0.224056676 -0.973063171
vn -0.0455169603 -0.209972814 -0.976647139
vn 0.375014126 -0.0304285549 -0.926519573
vn 0.382732332 0.143378928 -0.912665606
vn 0.18096751 -0.0529233366 -0.982064128
vn -0.190872759 -0.309862524 -0.931425154
vn -0.5749892 -0.818160951 2.27364069E-07
vn -0.547833622 -0.83658731 1.13759506E-06
vn 0.985146403 -0.171716556 4.44377838E-06
vn 0.901758194 0.432240993 5.54306155E-07
vn -0.692015231 -0.721882939 -2.44935933E-07
vn -0.0993081555 -0.159980208 -0.98211211
vn -0.151931599 -0.207237571 -0.966420889
vn 0.0714969039 0.0132515319 -0.997352779
vn 0.106751218 0.0681620464 -0.991946638
vn 0.215967894 0.179434419 -0.959771454
vn 0.224932358 0.227671504 -0.947402298
vn -0.0933021978 -0.234331399 -0.96766907
vn -0.716842532 -0.697235107 -3.86030706E-07
vn -0.469355553 -0.883009255 -9.21930621E-07
vn -0.0504349843 -0.192757562 -0.979949415
vn -0.30271399 -0.953081429 -1.06143648E-06
vn -0.10169141 -0.207642362 -0.972904682
vn -0.472658098 -0.881245911 -4.64255294E-07
vn -0.14864628 -0.225713924 -0.962786317
vn -0.569593668 -0.821926475 -6.90768502E-07
vn 0.900543869 -0.43476513 -9.99167878E-06
vn 0.0464142337 -0.134849817 -0.989778399
vn 0.832189381 0.55449146 -4.33473559E-07
vn 0.214105755 0.132377058 -0.967799067
vn 0.17868419 0.128072217 -0.975535512
vn 0.785014987 0.619476795 6.07611526E-07
vn 0.746906161 0.664929509 1.82707072E-06
vn 0.180540562 0.141766712 -0.973297119
vn 0.71335268 0.700805247 6.08185417E-07
vn 0.653369367 0.757039309 -7.74706109E-07
vn 0.0273066461 -0.00933741312 -0.999583483
vn 0.0226297099 -0.0285708532 -0.999335587
vn 0.0546017475 -0.0180850849 -0.998344421
vn 0.556909144 0.830573499 -1.12252246E-06
vn 0.408078194 0.912946939 2.88044959E-07
vn 0.295292228 0.955407023 1.20093421E-06
vn 0.354914695 0.934898555 0.000463854929
vn 0.507555008 0.861615956 0.00244078832
vn 0.561036766 0.82779026 0.00103083753
vn 0.656362236 0.754443884 -0.001744134
vn 0.768124342 0.640300095 -0.00091276929
vn 0.801276803 0.598293781 4.19997268E-05
vn 0.817030609 0.576197684 0.02138252
vn 0.698379636 0.571778059 -0.430506349
vn 0.42516008 0.374354422 -0.824073792
vn 0.852334917 0.42918095 -0.298879415
vn 0.870697916 0.32782352 -0.366628975
vn 0.110042222 0.10129226 -0.988752007
vn 0.829439163 0.0934279338 -0.550728559
vn 0.734870076 0.674660742 0.0692737699
vn 0.884252965 0.462585092 0.0641227663
vn -0.596334636 -0.291476727 -0.74794805
vn -0.836277902 -0.213840634 -0.504887462
vn -0.801573634 -0.597796082 0.0109302467
vn -0.974741697 -0.222998515 -0.0122587755
vn -0.709762633 -0.311944872 -0.631607056
vn -0.942574322 -0.333969563 -0.00424924074
vn -0.559728205 -0.336058855 -0.757475317
vn -0.903283179 -0.429034114 -0.00302420324
vn -0.450932413 -0.327260613 -0.830397785
vn -0.86713028 -0.498048991 0.00567783462
vn 0.70202446 0.508034408 0.499061912
vn 0.421870142 0.294485211 0.857498705
vn 0.448046505 0.320664018 0.834523141
vn 0.703189671 0.515630245 0.489540339
vn 0.628144264 0.490775734 0.603799522
vn 0.362984031 0.249736592 0.897704959
vn 0.207308024 0.0967078209 0.97348392
vn 0.128495634 0.0800064504 0.988477528
vn 0.170918524 -0.0912994966 0.981046021
vn -0.315516889 -0.140471652 0.938465118
vn 0.0748602301 0.0344497859 0.99659878
vn 0.241877183 0.254315495 0.936386168
vn 0.0182720553 0.0207860954 0.999616981
vn 0.197823778 0.275467783 0.940735519
vn 0.34398967 0.481664389 0.806021392
vn 0.271496236 0.453230232 0.849041939
vn 0.189958572 0.31902045 0.928515851
vn 0.44962731 0.492949724 0.744873047
vn 0.186060011 0.485105872 0.854431987
vn 0.138608202 0.328465939 0.934290051
vn 0.162494153 0.395308167 0.904061437
vn 0.114817061 0.225130707 0.967539728
vn 0.175905719 0.329650342 0.927570879
vn 0.10769961 0.133677319 0.985155404
vn 0.0992273092 0.0873814747 0.991220713
vn 0.183908552 0.2771025 0.943075776
vn 0.0240098722 0.0696759373 0.997280717
vn 0.0279024448 0.079405047 0.996451855
vn -0.243459225 -0.204811186 0.948040068
vn -0.191875666 -0.166415781 0.967207074
vn 0.0392313972 0.0842752159 0.995669961
vn 0.0443852954 0.0233364645 0.998741865
vn 0.0556781851 -0.018519273 0.998277009
vn -0.085132502 -0.163682252 0.982832909
vn -0.0803725198 -0.199232548 0.976650715
vn -0.259779423 -0.319991916 0.91110909
vn -0.132649407 -0.244415179 0.960554719
vn 0.0591451712 -0.0901673362 0.994168818
vn -0.100668788 -0.129467949 0.986460268
vn -0.216400728 -0.195105627 0.956610978
vn -0.28188619 -0.179507822 0.942505777
vn -0.312752455 -0.15990828 0.93627733
vn 0.123611152 -0.142723143 0.982013404
vn 0.00315591856 -0.113798738 0.993498802
vn -0.0358029939 -0.0760705769 0.996459424
vn -0.190046415 -0.220580652 0.956674755
vn -0.134698614 -0.265287936 0.954713881
vn -0.249004826 -0.201482326 0.947312772
vn -0.0317884162 0.004091179 0.999486268
vn 0.0637704954 0.164784655 0.984265864
vn -0.439660549 -0.375667244 0.815826416
vn -0.284253985 -0.398552537 0.871983707
vn -0.81772548 -0.575524271 0.0098421704
vn -0.567194402 -0.368810177 0.736389518
vn -0.345074952 -0.938574731 -0.000817963853
vn -0.634511292 -0.772909641 0.00246075494
vn -0.134826928 -0.221110523 0.96588397
vn 0.357719779 -0.0245871954 0.933505237
vn 0.352750987 -0.10991773 0.929238856
vn 0.952564657 -0.30433616 -7.33570857E-07
vn -0.119747035 -0.193350703 0.973794699
vn -0.123314559 -0.185084298 0.974955022
vn -0.270138025 -0.291710913 0.917567551
vn -0.716541886 -0.69754374 0.000755971472
vn -0.328419924 -0.270378232 0.905006051
vn -0.809013963 -0.587786496 0.00185073831
vn -0.546035469 -0.837762058 -1.41117596E-07
vn -0.269584119 -0.424820811 0.864205778
vn -0.294769883 -0.419903368 0.858365834
vn -0.587236345 -0.809415519 1.62160703E-07
vn 0.698620319 -0.715492606 -5.84581471E-07
vn 0.117300458 -0.193121523 0.974137902
vn 0.520171225 -0.854061961 -1.17208583E-06
vn 0.363037586 0.0466640815 0.930605233
vn -0.00017049929 -0.23140119 0.972858369
vn 0.275641829 -0.0436372571 0.960269451
vn 0.0487499163 -0.157131255 0.986373782
vn -0.0595920011 -0.254831702 0.965147436
vn -0.239235908 -0.346791327 0.906918943
vn -0.196700618 -0.337813079 0.920429945
vn -0.0542834476 -0.224056676 0.973063171
vn -0.0455167145 -0.209972456 0.976647198
vn 0.375014096 -0.0304280631 0.926519632
vn 0.382732451 0.143379658 0.912665367
vn 0.180967063 -0.0529236794 0.982064188
vn -0.190872595 -0.309862375 0.931425214
vn -0.5749892 -0.818160951 2.27364069E-07
vn -0.547833622 -0.83658731 1.13759506E-06
vn 0.985146403 -0.171716556 4.44377838E-06
vn 0.901758194 0.432240993 5.54306155E-07
vn -0.692015231 -0.721882939 -2.44935933E-07
vn -0.0993081853 -0.159980267 0.98211211
vn -0.151931688 -0.20723772 0.966420889
vn 0.0714969411 0.0132515654 0.997352779
vn 0.106751293 0.0681620315 0.991946638
vn 0.215967894 0.179434404 0.959771454
vn 0.224932387 0.227671385 0.947402298
vn -0.0933022276 -0.234331504 0.96766907
vn -0.716842532 -0.697235107 -3.86030706E-07
vn -0.469355553 -0.883009255 -9.21930621E-07
vn -0.0504349992 -0.192757368 0.979949474
vn -0.30271399 -0.953081429 -1.06143648E-06
vn -0.101691298 -0.207642227 0.972904682
vn -0.472658098 -0.881245911 -4.64255294E-07
vn -0.148646176 -0.225713849 0.962786317
vn -0.569593668 -0.821926475 -6.90768502E-07
vn 0.900543869 -0.43476513 -9.99167878E-06
vn 0.0464146212 -0.134849861 0.989778399
vn 0.832189381 0.55449146 -4.33473559E-07
vn 0.214106098 0.132377312 0.967798948
vn 0.178684369 0.128072336 0.975535452
vn 0.785014987 0.619476795 6.07611526E-07
vn 0.746906161 0.664929509 1.82707072E-06
vn 0.180540591 0.141766772 0.973297119
vn 0.71335268 0.700805247 6.08185417E-07
vn 0.653369367 0.757039309 -7.74706109E-07
vn 0.0273067001 -0.00933735631 0.999583483
vn 0.0226297677 -0.0285707321 0.999335587
vn 0.0546017624 -0.0180849824 0.998344421
vn 0.556909144 0.830573499 -1.12252246E-06
vn 0.408078194 0.912946939 2.88044959E-07
vn 0.295292228 0.955407023 1.20093421E-06
vn 0.354914695 0.934898555 0.000463854929
vn 0.507555008 0.861615956 0.00244078832
vn 0.561036766 0.82779026 0.00103083753
vn 0.656362236 0.754443884 -0.001744134
vn 0.768124342 0.640300095 -0.00091276929
vn 0.801276803 0.598293781 4.19997268E-05
vn 0.817030609 0.576197684 0.02138252
vn 0.597304404 0.578740299 0.555236042
vn 0.433376551 0.352169216 0.829555094
vn 0.750014186 0.484896541 0.449837744
vn 0.786312163 0.361948997 0.5007056
vn 0.318798244 0.137381554 0.937813401
vn 0.792242885 0.200734794 0.576243639
vn 0.734870076 0.674660742 0.0692737699
vn 0.884252965 0.462585092 0.0641227663
vn -0.420561433 -0.494044065 0.760952353
vn -0.812665582 -0.262067258 0.520476103
vn -0.801573634 -0.597796082 0.0109302467
vn -0.974741697 -0.222998515 -0.0122587755
vn -0.708935976 -0.294381768 0.640897214
vn -0.942574322 -0.333969563 -0.00424924074
vn -0.561743915 -0.296247125 0.77245158
vn -0.903283179 -0.429034114 -0.00302420324
vn -0.452627689 -0.287010312 0.844247162
vn -0.86713028 -0.498048991 0.00567783462
vn -0.761434197 0.484134465 -0.431082129
vn -0.821134746 0.570091069 -0.0270902421
vn -0.873938918 0.484477222 0.0388918892
vn -0.794225156 0.38774243 -0.467827022
vn -0.88425225 0.462586462 0.0641222075
vn -0.852333963 0.429181993 -0.298880547
vn -0.70747596 0.507870257 0.49147284
vn -0.700810909 0.583958328 0.409703106
vn -0.519892454 0.538311362 0.663274288
vn -0.504597604 0.495275766 0.707165539
vn -0.756838977 0.342607975 0.556609869
vn -0.487774462 0.374200612 0.788701415
vn -0 0.376740605 0.926318824
vn -0 0.512537599 0.858664811
vn -0.750012875 0.484897494 0.449838936
vn -0.786310554 0.361949772 0.500707567
vn -0 0.209204018 0.977872014
vn -0.470183223 0.204851314 0.85846585
vn -0.798526824 0.182511106 0.573624074
vn -0.792239666 0.200734288 0.576248288
vn -2.06717942E-07 0.0824230984 0.996597469
vn -0.480321318 0.0711016282 0.874205887
vn -0.711652696 0.0657684356 0.699446142
vn -0 0.593745828 0.804652631
vn -1.49262121E-07 -0.0212007686 0.999775231
vn -0.559128284 -0.0627836809 0.826700509
vn -0 -0.169179112 0.985585272
vn -0.743698776 -0.122779019 0.657143295
vn -0.615729451 -0.181770697 0.766705096
vn -0.842833281 -0.144531101 0.518404126
vn -0.91847831 -0.307473272 0.248712227
vn -0.965438008 -0.14428629 0.217050508
vn 0.420555294 -0.494047731 0.760953367
vn 0.801563919 -0.597809255 0.0109286336
vn -0.959818125 -0.229337603 0.16172038
vn -0.952498496 -0.268064052 0.144527748
vn -0.963919997 -0.264918059 -0.0260116514
vn -0.170916915 -0.0913013518 0.98104614
vn -0.857942164 -0.255241752 0.445855141
vn -0.588728487 -0.268113792 0.7625705
vn -0 -0.273285091 0.961933076
vn -0.0502330214 -0.390886903 0.919066966
vn -0.888278306 -0.305103689 0.343326896
vn -0.929694772 -0.358164281 -0.0859420598
vn -0.895265639 -0.373083889 0.243532062
vn -0.554688752 -0.422421068 0.716854751
vn -0.92620039 -0.375188559 -0.0372331031
vn -0.738512874 -0.365775287 -0.566398323
vn -0.778718233 -0.397066444 -0.485732585
vn -0.450216442 -0.35198608 -0.820616245
vn -0.460834652 -0.383154154 -0.800514996
vn -0 -0.354643404 -0.935001612
vn -0.0101153161 -0.344733357 -0.938646138
vn -0.469544619 -0.308782458 -0.827152491
vn -0.768891275 -0.256777197 -0.585552573
vn -4.67944858E-07 -0.34875536 -0.937213778
vn -6.48088132E-07 -0.288890302 -0.957362175
vn -0.268077642 -0.229357824 -0.935697258
vn -0.750759006 -0.264851004 -0.605156839
vn -0.363050371 -0.129078567 -0.922785521
vn -0.361586541 -0.0252573211 -0.931996405
vn -0.188165843 -0.0440123491 -0.981150627
vn -0.371971756 0.0485029779 -0.926975965
vn -0.333093196 0.177658126 -0.926005661
vn 5.24343079E-07 0.175333306 -0.98450911
vn 3.16093832E-07 0.272921532 -0.962036252
vn -0.537750721 0.280592978 -0.795042038
vn -0.795843124 0.303771764 -0.523790479
vn 3.08776123E-07 0.465672195 -0.884957314
vn -0.516080558 0.426413864 -0.742853999
vn -0.816259027 0.208445773 -0.53876853
vn -0.90761894 -0.0508709177 -0.416701376
vn -0.804556489 0.0166625995 -0.593642294
vn -0.829436421 0.0934282318 -0.550732613
vn -0.870696783 0.327824086 -0.366631299
vn -0.42281884 -0.0733840689 -0.903238118
vn -0.795062184 -0.128144637 -0.59283644
vn 0.59632951 -0.291481495 -0.747950315
vn -0.947621047 -0.263827622 -0.180025816
vn -0.493045896 -0.0418628268 -0.868995547
vn -0.900276303 0.300993502 -0.314492464
vn -0.860171497 -0.479805231 -0.172892809
vn -0.778988004 0.285111189 0.558470488
vn -0.366734624 -0.0121660437 0.930246055
vn 0.408274293 -0.897382617 -0.167381212
vn -0.798526824 0.182511106 0.573624074
vn -0.711652696 0.0657684356 0.699446142
vn -0.170916915 -0.0913013518 0.98104614
vn -0.91847831 -0.307473272 0.248712227
vn -0.792239666 0.200734288 0.576248288
vn -0.743698776 -0.122779019 0.657143295
vn 0.207248688 -0.541757643 0.814583719
vn 0.408274293 -0.897382617 -0.167381212
vn -0.91847831 -0.307473272 0.248712227
vn 0.761434495 0.484134674 -0.431081325
vn 0.794226766 0.387745142 -0.467822194
vn 0.873939216 0.484476775 0.0388922654
vn 0.821134746 0.570091069 -0.0270916857
vn 0.884252965 0.462585092 0.0641227663
vn 0.852334917 0.42918095 -0.298879415
vn 0.70747596 0.507869959 0.491473228
vn 0.700810671 0.583958149 0.409703851
vn 0.519892275 0.538311124 0.663274527
vn 0.504597485 0.495275587 0.707165837
vn 0.756839275 0.342607677 0.55660969
vn 0.487774491 0.374200612 0.788701415
vn -0 0.376740605 0.926318824
vn -0 0.512537599 0.858664811
vn 0.750014186 0.484896541 0.449837744
vn 0.786312163 0.361948997 0.5007056
vn -0 0.209204018 0.977872014
vn 0.470183313 0.204851359 0.85846585
vn 0.798527241 0.182510808 0.573623538
vn 0.792242885 0.200734794 0.576243639
vn -2.06717942E-07 0.0824230984 0.996597469
vn 0.48032096 0.0711015463 0.874206126
vn 0.711652935 0.065768443 0.699445963
vn -0 0.593745828 0.804652631
vn -1.49262121E-07 -0.0212007686 0.999775231
vn 0.559128106 -0.0627836734 0.826700628
vn 0.743698955 -0.122779109 0.657143176
vn 0.615729392 -0.181770667 0.766705155
vn -0 -0.169179112 0.985585272
vn 0.84283334 -0.14453119 0.518404007
vn 0.588728547 -0.268113792 0.762570441
vn 0.857942283 -0.255241841 0.445854962
vn 0.888278604 -0.305103689 0.343326062
vn 0.916612506 -0.318805754 0.241214231
vn 0.929694712 -0.358164221 -0.0859424993
vn 0.939712882 -0.339843005 -0.0380317718
vn 0.738512635 -0.365775377 -0.566398621
vn 0.808364689 -0.351562828 -0.472175986
vn 0.450216025 -0.35198611 -0.820616424
vn 0.474458158 -0.338443398 -0.812616467
vn -0 -0.354643404 -0.935001612
vn -0.0101153161 -0.344733357 -0.938646138
vn 0.469543487 -0.30878371 -0.827152669
vn 0.76889205 -0.256777912 -0.585551083
vn -4.67944858E-07 -0.34875536 -0.937213778
vn -6.48088132E-07 -0.288890302 -0.957362175
vn 0.268075556 -0.229357585 -0.935697913
vn 0.750762105 -0.264856964 -0.605150521
vn 0.363046885 -0.129078865 -0.922786832
vn 0.361580342 -0.0252583157 -0.931998789
vn 0.188163027 -0.0440128446 -0.981151104
vn 0.371965557 0.0485003218 -0.926978648
vn 0.333090156 0.17765981 -0.926006436
vn 5.24343079E-07 0.175333306 -0.98450911
vn 3.16093832E-07 0.272921532 -0.962036252
vn 0.537750363 0.280595958 -0.795041144
vn 0.795851052 0.303779662 -0.523773849
vn 3.08776123E-07 0.465672195 -0.884957314
vn 0.516082287 0.426415324 -0.742851913
vn 0.816263378 0.208447859 -0.53876102
vn 0.907629073 -0.0508747399 -0.416678786
vn 0.804560065 0.0166617036 -0.593637466
vn 0.829439163 0.0934279338 -0.550728559
vn 0.870697916 0.32782352 -0.366628975
vn 0.422821909 -0.0733833462 -0.903236747
vn 0.795063734 -0.128145978 -0.592834175
vn -0.596334636 -0.291476727 -0.74794805
vn 0.947621047 -0.263827592 -0.180025816
vn 0.963920057 -0.26491794 -0.0260113925
vn 0.952498555 -0.268063754 0.144528106
vn -0.801573634 -0.597796082 0.0109302467
vn 0.959818125 -0.229337588 0.16172038
vn 0.965438068 -0.144285694 0.217050686
vn -0.420561433 -0.494044065 0.760952353
vn 0.918478727 -0.307472974 0.248710975
vn 0.170918524 -0.0912994966 0.981046021
vn 0.525772035 -0.305352032 0.793929398
vn -0.0502330214 -0.390886903 0.919066966
vn -0 -0.273285091 0.961933076
vn 0.555669665 -0.405831367 0.725625277
vn -0.0304467361 -0.493463695 0.86923337
vn -0.0502330214 -0.390886903 0.919066966
vn -0.554688752 -0.422421068 0.716854751
vn -0.482980222 -0.516544223 0.707044661
vn -0.895265639 -0.373083889 0.243532062
vn 0.00369480788 -0.608077466 0.793869078
vn -0.468168348 -0.57847327 0.667972326
vn -0.847585917 -0.425301999 0.317358345
vn -0.92620039 -0.375188559 -0.0372331031
vn -0.938177168 -0.345915705 -0.012884371
vn -0.778718233 -0.397066444 -0.485732585
vn -0.829662919 -0.300764203 -0.47031945
vn -0.460834652 -0.383154154 -0.800514996
vn -0.558890462 -0.207227662 -0.802931011
vn -0.0101153161 -0.344733357 -0.938646138
vn -0.79332608 -0.436382443 0.424504519
vn -0.975485742 -0.216378734 0.0400967263
vn -0.874520361 0.0124563072 -0.4848288
vn -0.507177413 0.117426202 -0.853804529
vn -0.14092724 -0.0864189118 -0.986240983
vn -0.130532503 0.120056383 -0.984148204
vn -0.724701047 -0.362886935 0.585765779
vn -0.397100598 -0.512988687 0.761021495
vn -0.969092011 -0.127653539 0.211104661
vn -0.877992809 0.0796189532 -0.472005725
vn -0.42061311 0.0935469717 -0.902404308
vn -0.0882017165 0.0654315427 -0.993951261
vn -0.890588939 -0.0153512424 0.454550058
vn -0.65084219 -0.187074974 0.735803962
vn -0.567764938 -0.017223021 0.823010504
vn -0.799635649 0.101929709 0.591771305
vn -0.434491366 -0.068875432 0.898038626
vn -0.701813936 0.0944058299 0.70607692
vn -0.424254805 -0.161767989 0.890976369
vn -0.00454928912 -0.0773074478 0.996996939
vn -0.311592072 -0.105008468 0.9443959
vn 0.082806848 -0.0682313368 0.994227111
vn -0.0190943349 -0.100413844 0.99476248
vn -0.174808338 0.0662940517 0.982368171
vn 0.388086468 0.137038782 0.911377668
vn 0.466403991 0.261598647 0.845005035
vn 0.19719255 0.206179827 0.958438814
vn -0.944839358 0.171309665 0.279162258
vn 0.100930378 -0.264879346 0.958984911
vn 0.51011467 -0.0225970577 0.859809518
vn -0.334663659 -0.279877394 0.899815977
vn 0.963219345 0.259305298 0.0704929829
vn 0.0777660757 -0.506020129 0.859008729
vn 0.687648058 -0.391547143 0.611417055
vn 0.948585451 -0.250956774 0.192889646
vn 0.974573612 -0.0577824637 0.216488808
vn 0.974619746 -0.213212341 -0.0682411939
vn 0.939712882 -0.339843005 -0.0380317718
vn 0.916612506 -0.318805754 0.241214231
vn 0.808364689 -0.351562828 -0.472175986
vn 0.849721134 -0.181860596 -0.494874477
vn 0.512241721 -0.143160284 -0.84682554
vn 0.988771558 0.0653417632 -0.134392157
vn 0.796175361 0.123412497 -0.592346311
vn 0.33665508 0.124600157 -0.933347881
vn -0.14092724 -0.0864189118 -0.986240983
vn -0.130532503 0.120056383 -0.984148204
vn 0.263142467 0.0649922565 -0.962565362
vn -0.0882017165 0.0654315427 -0.993951261
vn 0.665691733 0.108698346 -0.73826766
vn 0.928411782 0.190959275 -0.318725765
vn 0.970786452 0.157622263 0.180911213
vn 0.649894178 -0.209683582 0.730527461
vn 0.843027294 0.150327131 -0.516436517
vn 0.859347403 0.107667126 -0.499929726
vn 0.787229061 0.0344509408 -0.615697563
vn 0.749944568 0.0797501206 -0.656675816
vn 0.311646402 -0.16765143 -0.935291171
vn 0.580812216 -0.313065141 -0.751430273
vn 0.271383256 -0.309868902 -0.911225736
vn 0.364065796 -0.273629338 -0.890271366
vn 0.251529157 -0.225297302 -0.941262007
vn -0.0113612348 -0.363344938 -0.931585431
vn 0.0756744295 -0.20984 -0.974802852
vn 0.584900022 -0.0148282768 -0.810969889
vn 0.246095568 -0.0737090036 -0.96643877
vn -0.0587701946 -0.0706040263 -0.995771587
vn 0.493043631 -0.0418616794 -0.868996859
vn 0.860171795 -0.479805052 -0.172891647
vn 0.900274456 0.300994098 -0.314497173
vn 0.778989434 0.285112232 0.558467984
vn 0.36673519 -0.0121659068 0.930245817
vn -0.408274293 -0.8973822 -0.167383492
vn 0.798527241 0.182510808 0.573623538
vn 0.711652935 0.065768443 0.699445963
vn 0.170918524 -0.0912994966 0.981046021
vn 0.918478727 -0.307472974 0.248710975
vn 0.792242885 0.200734794 0.576243639
vn 0.743698955 -0.122779109 0.657143176
vn -0.207249984 -0.541759729 0.81458199
vn -0.408274293 -0.8973822 -0.167383492
vn 0.918478727 -0.307472974 0.248710975
vn -0.293428659 -0.127974823 -0.94737637
vn 0.31357196 -0.123777233 -0.941462576
vn -0.0113612348 -0.363344938 -0.931585431
vn -0.389124602 -0.128777429 -0.912139475
vn -0.250593483 0.125075847 -0.95997858
vn 0.0756744295 -0.20984 -0.974802852
vn -0.339406103 -0.0174019057 -0.940478981
vn -0.0587701946 -0.0706040263 -0.995771587
vn -0.488808185 0.0233253706 -0.872079432
vn -0.98037529 0.0753301755 0.18218036
vn -0.285313159 -0.011284668 -0.958367884
vn 0.05629934 0.125541806 -0.990489542
vn 0.0156228291 0.134434149 -0.990799367
vn -0.325207144 0.0649829209 -0.943407357
vn 0.0213720426 0.211450219 -0.977155089
vn 0.389354318 0.330228925 -0.859855831
vn 0.371059746 0.336353928 -0.865552247
vn -0.364655465 0.0617220625 -0.929094613
vn 0.00894819479 0.214100301 -0.976770699
vn -0.3648386 0.0795958266 -0.927662313
vn -0.000547839096 0.203947037 -0.978981733
vn 0.369966805 0.331671089 -0.867824197
vn 0.336850345 0.299706787 -0.89258486
vn -0.312529981 0.13540329 -0.940207958
vn 0.00618438143 0.23390159 -0.972240627
vn -0.191726774 0.249136239 -0.949300766
vn 0.0554650798 0.308326751 -0.949662149
vn 0.293582231 0.303124964 -0.906600654
vn 0.277544141 0.353121281 -0.893462121
vn -0.138823524 0.314228743 -0.939142346
vn 0.0935908034 0.349601239 -0.932212293
vn -0.13528575 0.273813665 -0.95222044
vn 0.136417255 0.268579453 -0.953548849
vn 0.301278681 0.361490607 -0.882358015
vn 0.373191357 0.232963279 -0.898029149
vn 0.184952512 0.057105992 -0.98108685
vn 0.425619155 0.00436548796 -0.904891849
vn 0.188581437 -0.156650975 -0.969483137
vn -0.183450282 -0.0466657281 -0.981920779
vn -0.168741763 0.103969887 -0.980161428
vn 0.446955711 -0.212631032 -0.868918061
vn -0.160322741 -0.0925217122 -0.982718825
vn 0.144618586 -0.2798962 -0.949075103
vn 0.0284556448 -0.207428724 -0.977836192
vn -0.128234252 -0.0450909361 -0.990718305
vn -0.134159893 -0.028511472 -0.990549445
vn -0.105248287 -0.0934860632 -0.990041971
vn -0.194356263 -0.0466981679 -0.979818821
vn 0.141299456 -0.295039475 -0.944979429
vn 0.10831406 -0.407657325 -0.906688213
vn 0.393611848 -0.402472138 -0.826490104
vn -0.328875005 -0.0305263735 -0.943879962
vn 0.0950009227 -0.33245793 -0.938321173
vn 0.439480543 -0.476967573 -0.761156201
vn 0.48226282 -0.428975314 -0.763808072
vn 0.44367978 -0.398385912 -0.80276835
vn 0.336942047 -0.352940291 -0.872870624
vn 0.477705985 -0.333039761 -0.812946141
vn 0.200359449 -0.33299312 -0.921396554
vn -0.161405042 -0.33960709 -0.926615059
vn 0.148493692 -0.24665685 -0.957658589
vn 0.476433367 -0.292572409 -0.82910347
vn 0.483200639 -0.201586127 -0.851985991
vn -0.194730401 -0.266134501 -0.944061756
vn 0.385472476 -0.465523839 -0.796679676
vn -0.455342621 -0.0806617364 -0.886654794
vn 0.0826268569 -0.353867829 -0.931638539
vn -0.456564933 -0.069310233 -0.886986196
vn 0.14071171 -0.22589232 -0.96393615
vn -0.425648749 0.0518871695 -0.903399646
vn 0.111041836 -0.00679601496 -0.993792534
vn -0.360433191 0.132608548 -0.923310816
vn 0.0955117941 0.156354323 -0.983072162
vn -0.221843436 0.1262701 -0.966871917
vn 0.148734391 0.238931298 -0.959577978
vn -0.255516708 -0.0544434786 -0.965270519
vn 0.211629659 0.0761129931 -0.974381685
vn 0.271383256 -0.309868902 -0.911225736
vn 0.311646402 -0.16765143 -0.935291171
vn 0.381879389 -0.433727026 -0.81611824
vn 0.425434738 -0.261870116 -0.866273224
vn 0.436800122 -0.0380044281 -0.898755431
vn 0.425745666 0.155130535 -0.891445518
vn 0.456886858 0.298992813 -0.837769508
vn 0.594491363 0.200667083 -0.778660893
vn 0.749944568 0.0797501206 -0.656675816
vn -0.0140467957 0.227731735 -0.973622561
vn -0.0168784633 0.206134051 -0.978378177
vn 0.480353892 0.193995818 -0.855351269
vn 0.00878579635 0.259707183 -0.965647399
vn 0.458181828 0.225100338 -0.859883249
vn -0.498005867 0.197697461 -0.844337523
vn -0.456958324 0.231995612 -0.858700812
vn -0.419740975 0.230674759 -0.877842009
vn 0.0133749852 0.254806876 -0.966899455
vn -0.381488204 0.195954338 -0.903365195
vn -0.000782105781 0.223670095 -0.974664569
vn 0.432566822 0.234809682 -0.870488584
vn 0.378953964 0.220131591 -0.898852587
vn -0.31370452 0.163284123 -0.93537575
vn -0.011775177 0.18476367 -0.982712448
vn -0.265766889 0.0209391341 -0.963809907
vn -0.0145890405 0.0450026691 -0.998880386
vn 0.296310306 0.194315121 -0.935115933
vn 0.232877418 0.060146533 -0.970644355
vn 0.00404920708 -0.10587965 -0.994370759
vn 0.236882851 -0.0644976869 -0.969394922
vn 0.0445173904 -0.226465419 -0.973001301
vn 0.285226077 -0.156659365 -0.945570648
vn -0.244729668 -0.156248674 -0.956918895
vn -0.212068617 -0.278752536 -0.9366557
vn -0.199344322 -0.293240875 -0.935024917
vn 0.0757145062 -0.257496744 -0.963308215
vn -0.207265928 -0.277125776 -0.938212216
vn 0.081649065 -0.251649439 -0.964368224
vn -0.229478478 -0.305779308 -0.92403394
vn 0.0978603885 -0.272178888 -0.957257569
vn 0.366303265 -0.202008262 -0.908303142
vn 0.405517399 -0.213524833 -0.888798535
vn 0.333332002 -0.20192647 -0.920931876
vn 0.100125782 -0.293465048 -0.950711906
vn 0.43849209 -0.234468117 -0.867611289
vn 0.106856644 -0.141792938 -0.984112024
vn 0.468515247 -0.119188525 -0.875378489
vn 0.125488311 0.157283351 -0.979548216
vn 0.492251933 0.142676711 -0.85868001
vn 0.127988353 0.377083242 -0.917293429
vn 0.455570549 0.289794654 -0.841709256
vn 0.0957906246 0.320458323 -0.942406833
vn 0.416257381 0.229372755 -0.879839718
vn 0.0953934416 0.136564136 -0.986027539
vn 0.662430048 0.0836846977 -0.744434893
vn 0.364065796 -0.273629338 -0.890271366
vn 0.271383256 -0.309868902 -0.911225736
vn -0.223576874 -0.155266061 -0.96224004
vn -0.230629474 -0.311395019 -0.921869397
vn -0.206252038 0.169640645 -0.963681519
vn -0.173929185 0.410913855 -0.89492929
vn -0.207304165 0.370219886 -0.905517638
vn -0.392346829 0.148976699 -0.907672822
vn 0.0756744295 -0.20984 -0.974802852
vn 0.0592019036 0.405719787 -0.912078202
vn 0.0440112948 0.403341502 -0.913990498
vn 0.463255376 0.267136872 -0.84500438
vn 0.40323928 0.338008136 -0.850381434
vn 0.0458072275 0.417717904 -0.90742135
vn 0.347017139 0.399240494 -0.84863776
vn 0.0650513992 0.391382575 -0.917925894
vn -0.440607488 0.467035502 -0.766643941
vn -0.347373247 0.425515443 -0.835624635
vn -0.283946633 0.390835613 -0.875569403
vn -0.25040704 0.341984808 -0.905727744
vn 0.0246426128 0.399739563 -0.916297436
vn -0.223618835 0.321036667 -0.920288026
vn 0.0127702411 0.398051739 -0.917274058
vn 0.285802096 0.416911483 -0.862845242
vn 0.233221188 0.437063396 -0.868667662
vn -0.218392953 0.216044992 -0.951645434
vn 0.00736116711 0.333280474 -0.942798972
vn -0.20920141 0.0306049176 -0.977393508
vn -0.0166655555 0.174660996 -0.984487593
vn 0.194470182 0.40817827 -0.891948342
vn 0.175005123 0.297708601 -0.938478947
vn -0.023274133 -0.0229598824 -0.999465406
vn 0.161166534 0.127847031 -0.978611529
vn -0.0146348719 -0.163856894 -0.98637557
vn 0.155072302 -0.0266697034 -0.987543046
vn -0.179439306 -0.159244075 -0.970794916
vn -0.157773435 -0.269301087 -0.950044453
vn -0.00270564784 -0.195946351 -0.980610847
vn 0.168207377 -0.0855992138 -0.982028067
vn 0.00815209933 -0.18508175 -0.982689321
vn 0.22881256 -0.0588175207 -0.971692026
vn -0.244576901 -0.286567569 -0.926315904
vn -0.17753531 -0.296670824 -0.938332379
vn -0.022904845 -0.222476482 -0.97466892
vn 0.280731022 -0.0982411131 -0.954745412
vn -0.00409599626 -0.246043816 -0.969250023
vn 0.300398141 -0.173573166 -0.937887669
vn -0.303495198 -0.292577177 -0.906801701
vn -0.28613013 -0.288222015 -0.913814843
vn -0.284094274 -0.27658096 -0.918037832
vn -0.0224513337 -0.275063664 -0.961163819
vn -0.242539853 -0.145544544 -0.959161758
vn -0.00836237706 -0.169439003 -0.985505164
vn 0.283118039 -0.241601855 -0.928155541
vn 0.238638282 -0.170855612 -0.955960333
vn 0.000291560544 0.0420975536 -0.9991135
vn 0.237934619 0.0281308405 -0.970873713
vn 0.0184660368 0.277054071 -0.960676908
vn 0.296070993 0.218754768 -0.929778636
vn 0.0765673742 0.377098233 -0.923002899
vn 0.445722073 0.262839437 -0.85571444
vn 0.277333617 0.26539433 -0.923391521
vn 0.727567971 0.0558543019 -0.68375808
vn 0.31357196 -0.123777233 -0.941462576
vn 0.0756744295 -0.20984 -0.974802852
vn -0.22503148 0.0571159869 -0.972676039
vn -0.248346552 0.315447181 -0.915869594
vn -0.239818364 0.441116512 -0.864814103
vn -0.196867198 0.382522494 -0.902729094
vn -0.250593483 0.125075847 -0.95997858
vn 0.460972756 -0.0389185362 -0.8865605
vn 0.128132895 -0.0987957418 -0.986823857
vn 0.0701201782 0.0478244908 -0.996391475
vn 0.420292705 0.118230127 -0.899653137
vn -0.19448632 -0.135582939 -0.971489727
vn -0.230790302 -0.0198848508 -0.972800314
vn 0.00149530277 0.182984382 -0.98311466
vn 0.371824354 0.278752029 -0.885462523
vn -0.0205895491 0.173047781 -0.984698176
vn -0.297775805 0.0794037804 -0.951327801
vn -0.337158561 0.0455021486 -0.940347612
vn 0.33016032 0.296999127 -0.8959831
vn -0.0729070231 0.078845568 -0.994217277
vn 0.276032329 0.220669001 -0.935473859
vn -0.102106228 0.0114572952 -0.994707525
vn 0.237654641 0.187102616 -0.953159392
vn -0.384964496 -0.0425561219 -0.921949685
vn -0.451833397 -0.168787673 -0.875989377
vn 0.252093643 0.198174119 -0.947193623
vn -0.0831776112 0.00202523614 -0.996532679
vn 0.0435165055 0.0104077235 -0.998998463
vn -0.538211942 -0.265403122 -0.799930751
vn -0.399277002 -0.430436969 0.809507132
vn -0.0545260683 -0.284281492 0.957189083
vn 0.00922693312 -0.252773196 0.967481554
vn -0.340089411 -0.362216681 0.867835402
vn -0.0203852337 -0.250153124 0.96799165
vn 0.323851764 -0.0377471298 0.945354521
vn 0.308086127 -0.0865168795 0.947416365
vn -0.0061396379 -0.247838497 0.968781888
vn 0.286238343 -0.130389422 0.949245036
vn 0.00263967901 -0.235533923 0.971862555
vn -0.310114473 -0.304651767 0.900564432
vn -0.300800472 -0.338886857 0.891445339
vn 0.295354277 -0.137988538 0.945370317
vn -0.0133875208 -0.252530068 0.967496395
vn 0.287207186 -0.16910176 0.942823708
vn -0.0647658855 -0.325250417 0.943407416
vn -0.332299829 -0.340230614 0.879670382
vn -0.31688267 -0.310434461 0.896223128
vn 0.215037316 -0.281287491 0.935219944
vn -0.117798068 -0.369062483 0.921909153
vn 0.161248982 -0.358088166 0.919658482
vn -0.173765779 -0.264369041 0.94863826
vn -0.401642591 -0.227289766 0.887142956
vn -0.357299089 -0.350879937 0.865575314
vn 0.0894007161 -0.298612773 0.950177789
vn -0.219818756 -0.0482428707 0.974347115
vn 0.0157472827 -0.116277024 0.993092
vn -0.0134841222 0.0692030489 0.997511446
vn -0.233849466 0.147033185 0.961090863
vn -0.42126146 0.220918149 0.879621446
vn -0.422046006 0.018805325 0.906379342
vn -0.419882923 0.339872301 0.841537356
vn -0.272068679 0.271254361 0.923254967
vn -0.422208548 0.397082537 0.814902067
vn -0.318129987 0.31885469 0.89281857
vn -0.391847819 0.423910618 0.816550791
vn -0.329125464 0.403795809 0.853595614
vn -0.332950443 0.438215971 0.834931552
vn -0.119563155 0.311574459 0.94266963
vn -0.292778999 0.420066893 0.858966947
vn -0.0861583799 0.333587945 0.938773572
vn 0.0332078151 0.230956897 0.972397089
vn -0.0125951031 0.235101596 0.971889198
vn 0.0447878912 0.198333472 0.979110718
vn -0.0694385543 0.254515171 0.964572608
vn 0.0431848988 0.261315942 0.964286804
vn -0.119978569 0.281146526 0.952135384
vn -0.467478573 0.212088406 0.85818547
vn -0.150121137 0.17857945 0.972405791
vn 0.0632865801 0.304801255 0.950311005
vn 0.119180329 0.215376377 0.969231129
vn -0.46642518 0.14180927 0.873119473
vn 0.0687554032 0.267010063 0.961237907
vn -0.315308154 0.437763423 0.841988087
vn -0.0814247504 0.345086128 0.935032427
vn -0.419657707 0.290369719 0.859984159
vn -0.112290353 0.208566323 0.971540511
vn -0.406894088 0.0213399958 0.913226068
vn -0.0929421112 0.0131638311 0.995584488
vn -0.348224252 -0.151441395 0.925097525
vn -0.0599496812 -0.135706112 0.988933742
vn -0.460845202 -0.268139064 0.846004248
vn -0.101459026 -0.219938204 0.970223248
vn -0.54709208 -0.17821157 0.817882001
vn -0.178180516 -0.0740746632 0.981205702
vn -0.0190943349 -0.100413844 0.99476248
vn -0.174808338 0.0662940517 0.982368171
vn 0.0891063064 0.268085718 0.959265411
vn 0.0972560644 0.14524205 0.984604537
vn 0.124348924 0.0102195609 0.99218595
vn 0.153094947 -0.107346423 0.98236382
vn 0.193576112 -0.177873388 0.964826107
vn 0.224210829 0.00513384352 0.974527121
vn 0.19719255 0.206179827 0.958438814
vn 0.00578970136 -0.309842646 0.950770199
vn 0.452619642 -0.278025359 0.847252846
vn 0.0159582291 -0.321811825 0.946669102
vn -0.00132307154 -0.309271723 0.950972795
vn 0.411588848 -0.290868253 0.863707244
vn -0.417744935 -0.27531302 0.865847528
vn -0.437824041 -0.27006492 0.857540071
vn -0.00610616663 -0.29302308 0.956085861
vn 0.370090902 -0.267204672 0.889738381
vn 0.00529873837 -0.255208701 0.9668715
vn 0.322397232 -0.226921454 0.919003069
vn -0.313049346 -0.256183624 0.914532721
vn -0.382279038 -0.274334311 0.882385075
vn 0.0146732777 -0.230025798 0.9730739
vn 0.322492898 -0.203197882 0.924504697
vn 0.0230878107 -0.0812646598 0.996425092
vn 0.355211973 -0.0771411359 0.931597412
vn 0.0111628966 0.0901287347 0.99586755
vn 0.34417063 0.109513059 0.932498515
vn -0.0444442928 0.215232506 0.97555095
vn 0.257585496 0.237481162 0.936617553
vn -0.324244678 0.177251652 0.92921865
vn -0.330082506 0.0592326596 0.942091882
vn -0.321006864 -0.111723125 0.94046402
vn -0.297793269 -0.233150259 0.925721407
vn -0.0852769986 0.248213083 0.964944601
vn 0.183026269 0.271996379 0.944732428
vn -0.100703761 0.253841013 0.961989343
vn 0.158463851 0.277491629 0.947569311
vn -0.0859759152 0.28944397 0.953325927
vn 0.15604274 0.312125117 0.937138557
vn -0.291808456 0.256817281 0.921353698
vn -0.321010888 0.216751397 0.921938658
vn -0.324917793 0.21172756 0.921737432
vn -0.0934693664 0.296647042 0.950402021
vn 0.160068542 0.308666736 0.937604845
vn -0.129181594 0.127534837 0.983385444
vn 0.220117956 0.117378965 0.968385398
vn -0.149396285 -0.168167979 0.974371731
vn 0.267671645 -0.18445304 0.945689678
vn -0.127326086 -0.359436989 0.924442053
vn 0.287274301 -0.375687808 0.881097138
vn -0.0398197696 -0.361330509 0.931587219
vn 0.382914692 -0.349104077 0.855279326
vn 0.0175269861 -0.237079784 0.971332014
vn 0.426379204 -0.196387365 0.882968128
vn -0.00454928912 -0.0773074478 0.996996939
vn -0.0190943349 -0.100413844 0.99476248
vn -0.424254805 -0.161767989 0.890976369
vn -0.575122297 -0.220380947 0.787823975
vn -0.507770121 -0.298658103 0.808067322
vn -0.45772627 -0.290748954 0.840209305
vn -0.440676749 -0.117997423 0.889876723
vn -0.37883082 0.126911923 0.916722715
vn -0.301996589 0.273748249 0.913159311
vn -0.0194219965 -0.479194462 0.877493799
vn 0.360858858 -0.475398093 0.802357495
vn 0.404454261 -0.540610313 0.737670124
vn -0.0448784865 -0.506767809 0.860913694
vn -0.0185714457 -0.463650763 0.885823429
vn 0.30981493 -0.424617708 0.850714087
vn -0.0609588139 -0.537074685 0.841329157
vn -0.369033456 -0.450480133 0.812946498
vn -0.433704942 -0.390439928 0.812069356
vn -0.487646013 -0.349188834 0.800167859
vn -0.00599928992 -0.427902073 0.903805196
vn 0.267389894 -0.368441075 0.89036727
vn 0.00759858917 -0.407237709 0.91329062
vn 0.235396862 -0.336296022 0.911862552
vn -0.231555343 -0.470016152 0.85174346
vn -0.292174071 -0.453917503 0.841779828
vn 0.0357071683 -0.321035087 0.946393967
vn 0.219430223 -0.254859626 0.941752017
vn 0.0292239022 -0.175637603 0.984021008
vn 0.214079469 -0.103025928 0.971367955
vn 0.0188626554 0.00863446388 0.999784768
vn 0.202656582 0.0891388431 0.975184381
vn 0.00602027681 0.137750044 0.990448713
vn 0.20728071 0.252470434 0.945141971
vn -0.217521757 0.00721912226 0.97602874
vn -0.177758694 -0.078668125 0.980924666
vn -0.169430166 -0.245025262 0.954597354
vn -0.188529089 -0.400895089 0.896515429
vn -0.00696930848 0.169750825 0.985462368
vn 0.239709958 0.31650418 0.917804003
vn -0.00355506595 0.167846158 0.985806763
vn 0.261132419 0.30486989 0.915895343
vn -0.265661091 0.0425302759 0.963127851
vn -0.255881399 0.0123514384 0.966629267
vn -0.0225007553 0.203847274 0.97874409
vn 0.253950328 0.291572422 0.922222733
vn 0.00180460385 0.263576627 0.964636803
vn 0.224072039 0.298806936 0.927634716
vn -0.246454731 0.145435318 0.958179832
vn -0.211853191 0.217641324 0.952759445
vn -0.00820457563 0.277828008 0.960595787
vn 0.205836654 0.284428418 0.936339557
vn -0.00278773881 0.158001676 0.987434924
vn 0.240437225 0.136391565 0.961034477
vn -0.00902606733 -0.0531814061 0.998544037
vn 0.246331394 -0.10752026 0.963203132
vn -0.0376371779 -0.308877856 0.950356722
vn 0.210334003 -0.386759579 0.897873402
vn -0.129117116 -0.380947471 0.91553694
vn 0.163067609 -0.504922152 0.847621739
vn -0.302247524 -0.264971673 0.915661693
vn -0.00824969262 -0.430108637 0.902739465
vn -0.434491366 -0.068875432 0.898038626
vn -0.424254805 -0.161767989 0.890976369
vn -0.701813936 0.0944058299 0.70607692
vn -0.582931459 -0.0517249294 0.81087333
vn -0.408066243 -0.245692521 0.879270792
vn -0.304667115 -0.186509863 0.934019327
vn -0.266209364 0.0108644972 0.963853955
vn -0.226713821 0.185279608 0.956175864
vn -0.195756465 0.264069587 0.944429278
vn 0.15086861 0.0616145246 0.986631811
vn 0.193671986 -0.0413767435 0.980193436
vn -0.0888112709 -0.0895570368 0.99201417
vn -0.141428918 0.0303791035 0.989482224
vn -0.436552495 -0.0136190504 0.89957571
vn -0.368071675 -0.145235062 0.918384433
vn -0.0146433553 -0.219393417 0.975526571
vn -0.290105432 -0.280971348 0.914819062
vn 0.04443812 -0.210267857 0.97663337
vn -0.261046618 -0.29047972 0.920584679
vn 0.270651728 -0.134159699 0.953283191
vn 0.35662365 -0.102782615 0.928577065
vn 0.089626357 -0.158250138 0.983322918
vn -0.248461455 -0.273970664 0.929089367
vn -0.243063465 -0.293868363 0.924424946
vn 0.119295582 -0.129692718 0.984351695
vn 0.438490033 0.00193429005 0.898733974
vn 0.517326772 0.100904308 0.849818408
vn 0.166625991 -0.132325083 0.97710073
vn 0.596379042 0.133265987 0.791563153
vn 0.094252184 -0.289951146 0.952389002
vn -0.243230522 -0.33193472 0.91140455
vn -0.0565454885 0.155382395 0.986234725
vn -0.259228617 0.537049532 -0.802731812
vn -0.172832102 -0.00456848228 -0.984940708
vn -0.126443833 -0.104794189 -0.986422896
vn -0.261268675 0.446726739 -0.855671585
vn -0.0280277468 -0.16228798 -0.986345291
vn -0.0515816994 -0.074087359 -0.995916843
vn 0.107683145 -0.431297511 -0.895760477
vn 0.03200268 -0.603285074 -0.796883285
vn -0.256658524 0.293253869 -0.920938969
vn -0.099762097 -0.172674447 -0.979913771
vn -0.10283611 -0.0581563488 -0.992996752
vn -0.0645305216 0.0194321238 -0.9977265
vn -0.107120834 -0.121669225 -0.986773431
vn -0.0815642998 -0.11608129 -0.989885032
vn -0.127928659 -0.0792907476 -0.988608718
vn -0.31064713 0.148351938 -0.938877046
vn 0.128950059 -0.314105541 -0.940590024
vn 0.0750538558 -0.290809542 -0.953832686
vn 0.0282837059 -0.116329178 -0.992807925
vn -0.00230093417 -0.0451689325 -0.998976707
vn 0.211688042 -0.317240626 -0.9244169
vn 0.0679522082 -0.0908433422 -0.993544161
vn 0.265497148 -0.323908627 -0.908071876
vn -0.133722395 -0.0626015961 -0.9890396
vn -0.0683952123 -0.0592324585 -0.995898426
vn -0.0627984405 -0.0513183549 -0.996705949
vn -0.046469111 -0.0367192924 -0.998244643
vn -0.0140467538 -0.278005272 -0.960476816
vn -0.0523668677 -0.00823496655 -0.998593986
vn -0.107124805 0.0922586173 -0.989955842
vn -0.0469943732 0.298218817 -0.953339934
vn -0.102311656 0.00600733329 -0.994734287
vn -0.0893853232 0.306504101 -0.947663188
vn -0.135883838 -0.0298146214 -0.990276098
vn -0.0458970368 -0.26291579 -0.963726521
vn -0.0920845717 -0.267349392 -0.959189594
vn -0.084194988 0.072587952 -0.993801892
vn -0.0351246968 -0.0824044198 -0.995979786
vn 0.00179170968 0.00631921459 -0.999978423
vn -0.0187826697 0.112384573 -0.993487239
vn -0.0555220395 -0.0100027053 -0.998407364
vn -0.126477599 -0.240897477 -0.962274253
vn -0.0753550082 -0.159329236 -0.984345376
vn -0.0669510961 -0.13945131 -0.987963021
vn -0.0713639632 -0.0579178073 -0.995767355
vn -0.0783636495 -0.0924690366 -0.992627144
vn 0.0254897159 0.157117963 -0.987250805
vn -0.115700029 0.137747616 -0.983686447
vn 0.0606179573 0.0923676938 -0.993878126
vn 0.0447578691 0.0395396017 -0.998215079
vn 0.0993572026 0.133885831 -0.986003458
vn 0.0211117044 -0.0164003633 -0.999642611
vn 0.0750209838 0.17532368 -0.981648386
vn 0.0179039203 -0.0218813047 -0.999600232
vn 0.0974430591 0.016276747 -0.995108008
vn -0.178735346 0.0279866345 -0.98349905
vn -0.182309836 0.0925866887 -0.97887224
vn -0.123783439 0.0412844308 -0.991450071
vn -0.000900473213 0.148828149 -0.988862693
vn -0.140370414 -0.102293879 -0.984800518
vn 0.0866174921 -0.0253539141 -0.99591893
vn 0.0415029936 0.00116653065 -0.9991377
vn -0.0493797697 0.0392473079 -0.998008668
vn 0.000616978446 0.00901214778 -0.999959171
vn -0.0543315075 -0.0264211111 -0.998173356
vn -0.222569332 -0.192339152 -0.955755472
vn 0.17750296 0.142153233 -0.973799348
vn 0.139171496 0.135509834 -0.980952799
vn 0.432913274 0.40500626 -0.8053298
vn 0.389065325 0.430327475 -0.814522207
vn 0.154950082 0.153999373 -0.975845575
vn -0.0962522551 -0.092938289 -0.99100858
vn 0.18333593 0.198971048 -0.962703764
vn 0.38709563 0.425519824 -0.817979157
vn 0.404916853 0.487066597 -0.773827136
vn 0.402429938 0.219234318 -0.888811827
vn 0.190861434 0.0455614403 -0.980559051
vn 0.268303424 0.131913647 -0.954259992
vn 0.142393783 0.0383807868 -0.989065647
vn 0.202303931 0.113916859 -0.972674668
vn 0.123862602 0.0693651512 -0.989871979
vn 0.228647724 0.117008016 -0.966451943
vn 0.169620112 0.113081098 -0.97900039
vn 0.798239827 0.33560732 0.50018084
vn 0.229556113 0.219911754 -0.948125958
vn -0.126432568 -0.0608290508 -0.990108371
vn -0.313723147 -0.271155417 -0.909973919
vn -0.415773213 -0.239636943 -0.87732929
vn -0.228257388 -0.0482757986 -0.972403228
vn -0.504632533 -0.179426163 -0.844483435
vn -0.0742862746 0.107499853 -0.991425872
vn 0.246493876 0.210162163 -0.946082771
vn 0.498507947 0.425706208 -0.755158305
vn 0.443092048 0.485730141 -0.753482342
vn 0.102300435 0.0713218451 -0.99219346
vn 0.310113966 0.265357345 -0.912915587
vn 0.413986325 0.149228066 -0.897967875
vn -0.333093196 0.177658126 -0.926005661
vn 0.304275513 -0.0188753754 -0.952397048
vn -0.188165843 -0.0440123491 -0.981150627
vn 0.263697445 -0.0851878002 -0.96083647
vn -0.268077642 -0.229357824 -0.935697258
vn 0.319821298 -0.288436711 -0.902506828
vn -0.750759006 -0.264851004 -0.605156839
vn 0.223262802 0.0757848471 -0.971807778
vn 0.274556696 0.0151092065 -0.961452186
vn -0.0115160439 -0.0877422094 -0.996076643
vn 0.0220163632 -0.00736541254 -0.999730468
vn 0.161612436 -0.242486954 -0.956598938
vn 0.241164252 -0.0901272669 -0.966290295
vn 0.211854085 -0.144388512 -0.966576338
vn 0.152198032 -0.204313532 -0.967001438
vn 0.0659067333 -0.145710304 -0.987129569
vn -0.0788482204 -0.00476914691 -0.996875226
vn 0.230157271 -0.336853206 -0.912993729
vn 0.201808989 -0.520989597 -0.829362988
vn 0.31502986 -0.506082296 -0.802892804
vn 0.138261974 -0.373502016 0.917267621
vn 0.0993896425 -0.416799009 0.903548717
vn 0.434523493 -0.895928741 0.0922010764
vn 0.0596755706 0.139989749 -0.988353074
vn 0.0823101774 0.204122603 -0.975478828
vn 0.0140082194 0.326857388 -0.944969893
vn 0.0591628365 0.0324883386 -0.997719526
vn -0.00417073211 -0.34073931 -0.940148592
vn -0.0172399357 -0.489692897 -0.871724486
vn 0.100635372 0.0334376469 -0.994361341
vn 0.0979637057 0.281327575 -0.954598248
vn -0.000900473213 0.148828149 -0.988862693
vn 0.00726989517 0.0167688839 -0.999832988
vn 0.0421204939 0.282768041 -0.958263099
vn -0.0381226763 0.000548202835 -0.999272883
vn 0.0237795338 0.325535506 -0.945230782
vn -0.070384182 -0.0233260728 -0.997247159
vn 0.04684975 0.387474418 -0.920689225
vn 0.0873093233 0.449213535 -0.889148057
vn -0.127747387 -0.0367552005 -0.991125464
vn -0.098415181 0.0972011462 -0.990387022
vn -0.123783439 0.0412844308 -0.991450071
vn -0.0257163849 -0.163724869 -0.986170769
vn -0.0357679687 -0.297577769 -0.954027295
vn -0.0788691342 -0.295453012 -0.952096224
vn -0.142600119 -0.347701818 -0.926697671
vn -0.273846418 -0.402090847 -0.873688221
vn -0.0713639632 -0.0579178073 -0.995767355
vn -0.0850375146 -0.274593055 -0.957792938
vn -0.0835756287 -0.307088107 -0.948004186
vn -0.0669510961 -0.13945131 -0.987963021
vn -0.084194988 0.072587952 -0.993801892
vn -0.243774012 -0.720931232 -0.648716033
vn -0.107124805 0.0922586173 -0.989955842
vn -0.172069788 -0.632855296 -0.754908025
vn -0.0776592493 0.00703480979 -0.996955097
vn -0.210832179 -0.132376134 -0.968517601
vn -0.0325517356 0.0338815525 -0.998895645
vn -0.19289726 -0.145705089 -0.97034049
vn -0.0404171832 0.0101379724 -0.999131441
vn -0.161061183 -0.173174128 -0.971632659
vn -0.0437435172 -0.00859705731 -0.999005795
vn -0.12278527 -0.25028187 -0.96035552
vn 0.00827593263 -0.0149637703 -0.99985379
vn -0.116166562 -0.313153565 -0.942571044
vn 0.0498357378 -0.0229888093 -0.998492777
vn 0.205997601 0.252451539 -0.945427537
vn 0.160054177 0.221036524 -0.962042391
vn 0.12215659 0.206093639 -0.970877528
vn 0.131249413 0.210082561 -0.968833745
vn 0.169342265 0.216530547 -0.961476803
vn -0.140370414 -0.102293879 -0.984800518
vn 0.0780499876 0.00021713179 -0.996949434
vn 0.099784486 0.201746166 -0.974341631
vn 0.289795041 0.419179738 -0.860411048
vn 0.268794149 0.240144566 -0.932780981
vn -0.115700029 0.137747616 -0.983686447
vn 0.137206152 0.245308042 -0.959686637
vn 0.0606179573 0.0923676938 -0.993878126
vn 0.0447578691 0.0395396017 -0.998215079
vn 0.0750209838 0.17532368 -0.981648386
vn -0.0493797697 0.0392473079 -0.998008668
vn 0.199065864 0.449535489 -0.870798826
vn -0.158327311 0.0364177302 -0.9867149
vn -0.272029251 -0.245383397 -0.930476785
vn -0.137250692 0.0622504614 -0.988578379
vn 0.0635227039 0.448565125 -0.891489863
vn 0.280859947 0.537470162 -0.795137465
vn 0.255664259 0.650886953 -0.714830041
vn -0.0383855402 0.21211198 -0.976491153
vn 0.0238981228 0.125710458 -0.991779089
vn 0.319917411 0.457066089 -0.829905748
vn 0.0730947107 0.0155168716 -0.997204244
vn -0.143546849 0.178267151 -0.97345531
vn 0.339639723 0.418586344 -0.842276871
vn 0.132084906 0.0190619119 -0.991055131
vn 0.223262802 0.0757848471 -0.971807778
vn -0.13982147 -0.417931706 -0.897654235
vn -0.0115160439 -0.0877422094 -0.996076643
vn 0.310113966 0.265357345 -0.912915587
vn -0.170098245 -0.375801384 -0.910955489
vn -0.214847013 -0.314265281 -0.924704373
vn -0.28331396 -0.28113851 -0.91689384
vn 0.0220163632 -0.00736541254 -0.999730468
vn -0.1882402 0.429752797 -0.883107126
vn -0.266915947 0.431650877 -0.861645758
vn -0.0932103321 -0.00077634491 -0.995646119
vn -0.113175817 -0.138208568 -0.983915448
vn 0.161612436 -0.242486954 -0.956598938
vn 0.13093771 -0.441382587 -0.887714326
vn -0.114505433 -0.0301723909 0.992964327
vn -0.191362754 -0.0812220871 0.97815299
vn -0.149456963 -0.319977641 0.935562372
vn -0.116834007 -0.0464941673 0.992062509
vn -0.000668565161 -0.317594558 0.948226392
vn -0.0427947119 -0.0358493179 0.998440504
vn -0.0111604752 -0.306513846 0.951800764
vn -0.203940988 0.256584495 0.944760561
vn -0.0650923178 -0.0200819727 0.997677147
vn -0.0729576796 0.363434464 0.928758621
vn -0.0742010176 0.412874281 0.907760441
vn -0.12927331 0.0108964741 0.991549134
vn -0.120285153 0.414325893 0.902144969
vn -0.169380695 -0.0713215843 0.982966661
vn -0.0487094112 -0.301946461 0.952079713
vn -0.107869603 -0.308546335 0.945073128
vn -0.144521683 0.246343881 0.958346605
vn -0.223104745 0.266241759 0.937731087
vn -0.238378853 0.433489174 0.86905843
vn -0.0605893768 -0.187246546 0.980442584
vn -0.134229794 -0.0910546631 0.986758053
vn -0.239190429 0.525767684 0.816306531
vn -0.174719647 -0.0050751511 0.984605134
vn 0.080306001 -0.567397773 0.819518566
vn 0.0207590628 -0.641395748 0.766929269
vn -0.110543795 -0.220382929 0.969129205
vn 0.0876270235 -0.292120039 0.952358902
vn -0.106359318 -0.0627342686 0.992346764
vn 0.0643837675 -0.0664107576 0.995712996
vn -0.134143248 -0.0641169995 0.988885522
vn -0.140318111 -0.0868378356 0.986291051
vn -0.337334007 0.16104643 0.927507341
vn 0.0817353502 -0.316653371 0.945013225
vn 0.127857015 -0.304264158 0.943968177
vn -0.230001375 0.0687270463 0.970760524
vn 0.022790907 0.00553665217 0.999724925
vn 0.0432312526 0.0541249439 0.997597933
vn 0.18398194 -0.278989047 0.942505062
vn -0.113518037 -0.0953411758 0.988950789
vn -0.0886879563 0.114359707 0.989472747
vn 0.0256111845 0.0413318798 0.998817146
vn -0.193260312 -0.287000954 0.938232899
vn -0.361753285 -0.300208896 0.88261497
vn -0.183200851 0.182317525 0.966021597
vn -0.470229805 -0.272503525 0.839419901
vn 0.0960554183 0.634418249 0.766998529
vn 0.0578532629 0.740146935 0.669951797
vn 0.129060194 0.359634757 0.924124599
vn 0.0779337212 -0.0122147258 0.99688369
vn 0.134025618 0.145579234 0.980226457
vn 0.0389987975 -0.0892655179 0.995244086
vn -0.00440487871 -0.155161172 0.987879336
vn -0.0783456415 -0.245585978 0.96620369
vn 0.0113203404 -0.114870712 0.993315935
vn 0.00993835647 -0.108999372 0.99399215
vn 0.0117011126 -0.0855671167 0.996263683
vn 0.00466025062 -0.0973530784 0.995239019
vn 0.0211388823 -0.0417369343 0.998905003
vn -0.249585971 -0.469368696 0.846994579
vn -0.140446588 -0.376079977 0.915881336
vn -0.0742362961 0.173882455 0.98196429
vn -0.0825707838 0.233872756 0.968754709
vn -0.460416496 -0.585328698 0.667388082
vn -0.609487653 -0.568645 0.552419841
vn -0.689412892 -0.540358245 0.48241356
vn -0.40943706 0.160591975 0.898093224
vn 0.139065802 0.971970439 0.189562902
vn 0.107783444 0.894257188 0.434380919
vn 0.0861058533 0.402988911 0.911145329
vn 0.0515064076 0.0707184821 0.996165633
vn 0.035891369 0.0276256539 0.998973846
vn 0.0393099263 0.0355527699 0.998594403
vn 0.0187361352 -0.0120922672 0.999751389
vn 0.0536017865 0.0288586095 0.998145282
vn 0.0745348185 0.00610512774 0.997199714
vn -0.0175900087 -0.493098825 0.869795442
vn -0.0043033082 -0.343097746 0.939289868
vn 0.0875584185 0.276941597 0.956889153
vn 0.141559035 0.304767758 0.94184798
vn 0.00731720589 0.0169071183 0.999830306
vn 0.0424051359 0.284718871 0.957672715
vn -0.0383552164 0.000507112418 0.999264061
vn 0.0240298491 0.327850968 0.944423795
vn -0.0708945617 -0.0236099586 0.997204304
vn 0.047471147 0.390631646 0.919322312
vn 0.0887344256 0.453812718 0.886668086
vn -0.128865123 -0.0370062292 0.990971386
vn -0.100324228 0.0988682434 0.990030348
vn 0.154929653 0.369263023 0.916319609
vn -0.0271152481 -0.208583191 0.977628648
vn -0.0360178426 -0.299595028 0.953386307
vn -0.0793650821 -0.297541559 0.951404333
vn -0.143677369 -0.35053429 0.925463438
vn -0.276369244 -0.406347156 0.870920181
vn 0.139111906 0.349353045 0.926606894
vn -0.0877069756 -0.283909082 0.954831481
vn -0.0706430525 -0.252620846 0.964983046
vn -0.030371096 -0.439802945 0.897580624
vn -0.217507884 -0.695757747 0.684552073
vn -0.0582405888 -0.5951882 0.801472962
vn -0.245452762 -0.724642992 0.64392978
vn -0.173255458 -0.636689126 0.75140506
vn -0.0785195455 0.00721482048 0.996886492
vn -0.0328028463 0.0341594331 0.998877943
vn -0.212885424 -0.133796558 0.967873096
vn -0.194403827 -0.146977216 0.969847858
vn -0.0406381041 0.0101839611 0.999122024
vn -0.162056953 -0.174342722 0.971258044
vn -0.0439847633 -0.00871592294 0.998994172
vn -0.123502418 -0.251777411 0.959872544
vn 0.00833715219 -0.0150640607 0.999851823
vn -0.117034651 -0.315067887 0.941825449
vn 0.0500935502 -0.0230706166 0.998477995
vn 0.208013743 0.254700214 0.94438237
vn 0.161397785 0.222668856 0.961441278
vn 0.123042904 0.2073818 0.97049123
vn 0.132053107 0.211345688 0.968449771
vn 0.170364231 0.217956647 0.960973978
vn -0.168187439 -0.320783973 0.932100117
vn 0.0784633681 0.000446663296 0.99691689
vn 0.100528829 0.205195203 0.973544478
vn 0.292524755 0.424361467 0.856940269
vn 0.270706296 0.242300883 0.931669652
vn -0.166690379 -0.0508597009 0.984696686
vn 0.137888789 0.252024859 0.957846642
vn 0.00441598892 -0.00286619877 0.999986112
vn 0.0114621287 -0.00781018194 0.999903798
vn 0.0787948295 0.195427313 0.977547705
vn 0.01752856 -0.0142345307 0.999745071
vn 0.0200268738 -0.0119903795 0.999727547
vn 0.0233503859 -0.0133931609 0.999637604
vn 0.0905837938 0.226752549 0.969730854
vn 0.202626586 0.460541308 0.864201427
vn 0.0175805297 -0.0138626471 0.999749362
vn 0.0212001055 -0.0106877182 0.99971813
vn 0.503272176 0.429648906 0.749745965
vn 0.244855836 0.208022162 0.946980655
vn -0.0756077915 0.108971737 0.99116528
vn 0.432508051 0.459387362 0.775822163
vn 0.247698829 0.250320405 0.935940742
vn -0.158373401 -0.0711670592 0.984811246
vn -0.230600372 -0.0456659161 0.971976399
vn -0.444207072 -0.248354033 0.860813737
vn -0.521523893 -0.181102768 0.833795309
vn -0.392529547 -0.286565185 0.873957038
vn -0.201356396 -0.154974863 0.96718061
vn 0.107013315 0.0989960656 0.98931694
vn 0.230962142 0.273850888 0.9336285
vn 0.266499341 0.323622793 0.907880187
vn 0.124407329 0.148170337 0.981105685
vn 0.373938024 0.425655305 0.824007213
vn 0.37513867 0.456443906 0.806802332
vn 0.142694414 0.178899378 0.973464549
vn 0.295400441 0.335559517 0.894504547
vn 0.373874545 0.400072724 0.836755395
vn 0.447719723 0.463962227 0.764386058
vn 0.394768029 0.436243027 0.808610082
vn 0.184638128 0.22120522 0.957589149
vn 0.549156845 0.384340376 0.742097855
vn 0.491182745 0.361320108 0.792582691
vn 0.290226579 0.221146941 0.931054533
vn 0.528711438 0.327374458 0.7831285
vn 0.524288476 0.329547405 0.78518796
vn 0.511137903 0.276523083 0.813801646
vn 0.504449666 0.29069975 0.813033938
vn 0.430315912 0.180709347 0.884405077
vn 0.520497441 0.236553088 0.820441961
vn 0.798239827 0.33560732 0.50018084
vn 0.0787439793 0.0025915592 0.996891499
vn 0.0417944789 -0.0158307161 0.999000788
vn -0.0779473633 -0.0857893601 0.99325949
vn -0.158312172 -0.139946952 0.977421165
vn -0.182675749 -0.139608935 0.973210633
vn 0.0201300457 -0.0227077641 0.999539435
vn -0.35977298 -0.27189213 0.892545879
vn 0.284156084 0.451646596 0.845736742
vn 0.0764486343 0.146930471 0.986188173
vn -0.032054197 0.139221743 0.989742339
vn 0.237744197 0.536393583 0.809789896
vn 0.284783542 0.383321583 0.878614187
vn 0.0897420794 0.0798066705 0.992762446
vn -0.147454977 0.115696259 0.982278645
vn 0.00400361605 0.100985728 0.994879782
vn 0.0452380851 -0.0295854993 0.998538017
vn 0.0281344075 -0.0222774148 0.999355853
vn -0.20528692 -0.338745475 0.918209553
vn -0.212599516 -0.310962141 0.92633903
vn -0.240804315 -0.269485265 0.932411373
vn -0.0571912453 -0.00552113913 0.998347998
vn 0.0570025258 -0.0448049791 0.997368157
vn -0.183944657 -0.318194062 0.930009127
vn 0.234558433 0.0857326165 0.968314171
vn 0.158808306 0.0894951224 0.983244896
vn 0.167600393 0.00642640842 0.985834062
vn 0.0608390681 -0.102227882 0.992898822
vn 0.081731841 -0.0694215894 0.994233608
vn 0.0183728021 -0.00133707607 0.999830306
vn -0.0392234474 -0.00483681122 0.999218762
vn 0.0364548936 -0.0115979053 0.999267995
vn -0.0103817871 -0.0473289266 0.998825431
vn 0.0419104621 0.0243045837 0.998825729
vn 0.0648968071 0.407548606 0.910874605
vn -0.0410647839 -0.0539501421 0.997698903
vn -0.0774248093 -0.327362597 0.94172138
vn -0.108802788 -0.364195138 0.924945295
vn -0.0712839589 0.00541836442 0.997441351
vn 0.138261974 -0.373502016 0.917267621
vn 0.0259049926 0.412890136 0.910412371
vn -0.0958158895 0.0114996554 0.995332658
vn -0.00872640591 0.429195076 0.903169692
vn -0.052724164 0.470896333 0.880611598
vn -0.092689395 -0.0345519409 0.995095372
vn -0.118953884 -0.416297168 0.901413679
vn -0.142731607 0.317257404 0.937536895
vn -0.0563697033 -0.038111262 0.997682333
vn -0.122642711 -0.0221639033 0.992203355
vn -0.200208977 0.318409115 0.926569998
vn -0.0297876932 -0.356401473 0.933857977
vn -0.140762389 -0.0580701381 0.988338888
vn 0.0254186336 -0.353018105 0.935271144
vn -0.0342197381 -0.0995078757 0.994448185
vn 0.153748706 -0.113401301 0.981581092
vn 0.309681505 -0.383266002 0.870174944
vn 0.0993896425 -0.416799009 0.903548717
vn -0.243744075 0.286514461 0.926551819
vn 0.111924201 -0.126202166 0.985670328
vn 0.0534161739 -0.194306344 0.979485452
vn -0.261103243 0.244191781 0.933914065
vn -0.04805528 -0.273802727 0.960584581
vn 0.307522893 -0.458152324 0.83398211
vn 0.361282736 -0.427684635 0.828589559
vn -0.90761894 -0.0508709177 -0.416701376
vn -0.795843124 0.303771764 -0.523790479
vn 0.421963036 0.167007983 0.891097903
vn 0.798239827 0.33560732 0.50018084
vn 0.430315912 0.180709347 0.884405077
vn -0.333093196 0.177658126 -0.926005661
vn 0.379796922 0.215774536 0.899553061
vn 0.335894465 0.220181391 0.915802956
vn 0.0489660278 0.0270831808 0.998433173
vn -0.251228034 -0.169758067 0.952925324
vn 0.00256762188 0.00969809294 0.999949694
vn -0.256559998 -0.19114846 0.9474383
vn -0.276513129 -0.128113434 0.952432334
vn -0.0446073636 0.0647527948 0.996903837
vn 0.286964744 0.215015858 0.933498442
vn 0.211551458 0.26222229 0.941533566
vn -0.0558395796 0.0769541115 0.995469749
vn -0.270456314 -0.106310934 0.956844449
vn -0.262830496 -0.0842267126 0.961158693
vn -0.095884636 0.0542628802 0.99391228
vn -0.0398473889 0.0761883333 0.996296942
vn 0.187450573 0.27983883 0.941569209
vn 0.194638833 0.274689853 0.941626906
vn -0.102859959 -0.0874499083 -0.990844309
vn -0.750759006 -0.264851004 -0.605156839
vn 0.259229153 0.537048578 -0.802732229
vn 0.12644349 -0.10479442 -0.986422896
vn 0.17283161 -0.00456650741 -0.984940827
vn 0.26126948 0.446726531 -0.855671525
vn 0.0280274283 -0.162288532 -0.986345232
vn 0.0515816137 -0.0740875155 -0.995916843
vn -0.107683986 -0.431298167 -0.89576
vn -0.0320035331 -0.603284657 -0.796883523
vn 0.256659299 0.293254375 -0.920938551
vn 0.0997616425 -0.172674283 -0.97991389
vn 0.102835849 -0.0581563972 -0.992996812
vn 0.0645301938 0.0194315854 -0.9977265
vn 0.107120439 -0.121669352 -0.986773431
vn 0.0815643743 -0.116080783 -0.989885092
vn 0.127928078 -0.079290621 -0.988608837
vn 0.31064713 0.148351878 -0.938877046
vn -0.12895003 -0.314104915 -0.940590262
vn -0.0750542656 -0.290808618 -0.953832924
vn -0.0282836054 -0.116328888 -0.992807925
vn 0.0023006564 -0.0451691896 -0.998976707
vn -0.211688086 -0.317240447 -0.924416959
vn -0.0679521635 -0.0908432007 -0.993544161
vn -0.26549682 -0.32390821 -0.908072054
vn 0.133722335 -0.0626014918 -0.98903966
vn 0.0683950856 -0.0592326112 -0.995898426
vn 0.0627984479 -0.0513183028 -0.996705949
vn 0.0464690514 -0.0367196016 -0.998244643
vn 0.0140462508 -0.278005511 -0.960476756
vn 0.0523669198 -0.00823525526 -0.998593986
vn 0.107125252 0.0922594219 -0.989955723
vn 0.0469948649 0.298220277 -0.953339458
vn 0.102311902 0.00600725971 -0.994734228
vn 0.089385204 0.306503683 -0.947663307
vn 0.135884091 -0.0298150312 -0.990276039
vn 0.0458967388 -0.262916386 -0.963726342
vn 0.092085056 -0.267350584 -0.959189236
vn 0.0841951221 0.0725876018 -0.993801892
vn 0.0351246111 -0.0824047029 -0.995979786
vn -0.0017917821 0.00631912379 -0.999978423
vn 0.018782692 0.112384282 -0.993487298
vn 0.126478344 -0.240899175 -0.962273717
vn 0.0753543079 -0.159329206 -0.984345436
vn 0.0555221476 -0.0100033702 -0.998407364
vn 0.0669504702 -0.139451474 -0.987963021
vn 0.0713635013 -0.0579176173 -0.995767415
vn 0.0783633217 -0.0924691707 -0.992627144
vn -0.0254894495 0.157118082 -0.987250805
vn 0.115699999 0.137747124 -0.983686566
vn -0.0606178232 0.0923681483 -0.993878067
vn -0.044757735 0.0395396054 -0.998215079
vn -0.0993568227 0.13388598 -0.986003458
vn -0.0211114306 -0.016400313 -0.999642611
vn -0.0750201643 0.175323054 -0.981648505
vn -0.017903883 -0.0218812693 -0.999600232
vn -0.0974429771 0.0162768438 -0.995108008
vn 0.178735211 0.027986357 -0.98349911
vn 0.182309657 0.0925866887 -0.978872299
vn 0.123783231 0.0412850268 -0.991450071
vn 0.000900224491 0.148828506 -0.988862634
vn 0.140370324 -0.102294184 -0.984800518
vn -0.0866171792 -0.0253536589 -0.995918989
vn -0.0415028781 0.00116666267 -0.9991377
vn 0.0493804775 0.0392469801 -0.998008609
vn -0.000616714242 0.00901206676 -0.999959171
vn 0.0543315597 -0.0264211651 -0.998173296
vn 0.222569019 -0.192339525 -0.955755472
vn -0.177502453 0.142153263 -0.973799407
vn -0.139171511 0.135509923 -0.980952799
vn -0.432914406 0.405008852 -0.805327892
vn -0.389065266 0.430327505 -0.814522266
vn -0.154949844 0.153999239 -0.975845695
vn 0.0962520763 -0.0929382667 -0.99100858
vn -0.183335334 0.198970929 -0.962703824
vn -0.387095332 0.425519526 -0.817979395
vn -0.404914051 0.487064213 -0.773830175
vn -0.402432173 0.219237655 -0.888809979
vn -0.19086194 0.0455627851 -0.980558872
vn -0.268306136 0.131915614 -0.954258919
vn -0.142393723 0.0383812115 -0.989065647
vn -0.202305689 0.113918498 -0.972674131
vn -0.123862527 0.0693655089 -0.989871979
vn -0.228648394 0.117009223 -0.966451585
vn -0.169619918 0.113081731 -0.97900033
vn -0.798234999 0.335608095 0.500188053
vn -0.229554802 0.219911158 -0.948126376
vn 0.126431987 -0.060829021 -0.99010843
vn 0.313722879 -0.271156102 -0.9099738
vn 0.415772498 -0.239637405 -0.877329528
vn 0.228256717 -0.0482759327 -0.972403347
vn 0.504632473 -0.17942673 -0.844483376
vn 0.0742862895 0.107499942 -0.991425872
vn -0.246493906 0.21016258 -0.946082652
vn -0.498506725 0.425706118 -0.75515914
vn -0.443089426 0.485728055 -0.753485262
vn -0.102299884 0.07132186 -0.99219352
vn -0.310113788 0.265358955 -0.912915111
vn -0.413982421 0.149227723 -0.897969723
vn 0.333090156 0.17765981 -0.926006436
vn -0.304273635 -0.0188748203 -0.952397645
vn 0.188163027 -0.0440128446 -0.981151104
vn -0.263695538 -0.0851871967 -0.960837066
vn 0.268075556 -0.229357585 -0.935697913
vn -0.319817573 -0.288438469 -0.902507603
vn 0.750762105 -0.264856964 -0.605150521
vn -0.223262236 0.0757858381 -0.971807837
vn -0.274554044 0.0151092913 -0.961452961
vn 0.0115159005 -0.0877426118 -0.996076584
vn -0.0220164694 -0.00736609939 -0.999730468
vn -0.161612689 -0.242487147 -0.956598818
vn -0.241164103 -0.0901270807 -0.966290355
vn -0.211853713 -0.144388273 -0.966576457
vn -0.152198032 -0.204313338 -0.967001498
vn -0.0659066513 -0.145709708 -0.987129629
vn 0.0788473487 -0.00476938998 -0.996875286
vn -0.230156958 -0.33685267 -0.912993968
vn -0.201810732 -0.520991802 -0.829361141
vn -0.315029085 -0.506082058 -0.802893281
vn -0.138261497 -0.373501688 0.917267799
vn -0.0993901268 -0.416798562 0.903548896
vn -0.434524 -0.895928502 0.0922010392
vn -0.0596751831 0.139991194 -0.988352835
vn -0.0823097676 0.204123572 -0.975478649
vn -0.0140075581 0.326861531 -0.944968402
vn -0.0591627844 0.0324884914 -0.997719526
vn -0.100635357 0.0334376916 -0.994361341
vn 0.0172399562 -0.48969242 -0.871724784
vn 0.00417033117 -0.340739369 -0.940148592
vn -0.09796343 0.281327635 -0.954598308
vn 0.000900224491 0.148828506 -0.988862634
vn -0.00726983603 0.0167686939 -0.999832988
vn -0.0421201251 0.282767624 -0.958263159
vn 0.0381226838 0.000548283337 -0.999272883
vn -0.0237794127 0.325535119 -0.945230842
vn 0.0703843832 -0.0233263206 -0.997247159
vn -0.0468493402 0.387473881 -0.920689523
vn -0.0873075649 0.449210227 -0.889149904
vn 0.12774834 -0.0367572084 -0.991125286
vn 0.098412782 0.0972022787 -0.990387142
vn 0.123783231 0.0412850268 -0.991450071
vn 0.0257161483 -0.163724348 -0.986170888
vn 0.0357676782 -0.297578037 -0.954027236
vn 0.078869082 -0.29545325 -0.952096164
vn 0.142600432 -0.347703189 -0.926697135
vn 0.273848712 -0.402097017 -0.873684645
vn 0.0713635013 -0.0579176173 -0.995767415
vn 0.0850378051 -0.274593592 -0.957792759
vn 0.0835751072 -0.307089657 -0.948003769
vn 0.0669504702 -0.139451474 -0.987963021
vn 0.0841951221 0.0725876018 -0.993801892
vn 0.243774429 -0.720932782 -0.648714125
vn 0.107125252 0.0922594219 -0.989955723
vn 0.172069937 -0.632855892 -0.754907548
vn 0.0776595622 0.0070346063 -0.996955097
vn 0.0325517729 0.0338815153 -0.998895645
vn 0.210831687 -0.132376105 -0.968517721
vn 0.192897066 -0.145705298 -0.97034049
vn 0.0404174067 0.0101376874 -0.999131441
vn 0.161061302 -0.173174381 -0.9716326
vn 0.0437437035 -0.00859734416 -0.999005795
vn 0.122784741 -0.250281245 -0.960355759
vn -0.00827600528 -0.0149636436 -0.99985379
vn 0.116165869 -0.313152432 -0.942571521
vn -0.049835775 -0.0229886435 -0.998492777
vn -0.205997646 0.252452135 -0.945427418
vn -0.160053685 0.221036375 -0.962042451
vn -0.122156128 0.206093162 -0.970877647
vn -0.131249279 0.21008262 -0.968833804
vn -0.169342399 0.216531038 -0.961476684
vn 0.140370324 -0.102294184 -0.984800518
vn -0.0780494958 0.000216703265 -0.996949434
vn -0.0997822955 0.201744229 -0.974342227
vn -0.289792299 0.419178069 -0.860412776
vn -0.26879403 0.240144923 -0.932780862
vn 0.115699999 0.137747124 -0.983686566
vn -0.137205064 0.245307758 -0.959686875
vn -0.0606178232 0.0923681483 -0.993878067
vn -0.044757735 0.0395396054 -0.998215079
vn -0.0750201643 0.175323054 -0.981648505
vn 0.0493804775 0.0392469801 -0.998008609
vn -0.19906348 0.449533015 -0.870800674
vn 0.158326581 0.0364161506 -0.986715078
vn 0.137250081 0.062250834 -0.988578439
vn 0.272028893 -0.245383799 -0.930476844
vn -0.0635224432 0.448564589 -0.891490161
vn -0.280859888 0.53747201 -0.795136154
vn -0.0238980781 0.125710934 -0.991779029
vn 0.0383855142 0.212114155 -0.976490736
vn -0.255665094 0.650891185 -0.714825869
vn -0.319915831 0.457066476 -0.829906046
vn -0.073094368 0.0155169424 -0.997204304
vn 0.143549234 0.178267583 -0.973454833
vn -0.339638144 0.41858688 -0.842277229
vn -0.132084772 0.0190625954 -0.991055131
vn -0.223262236 0.0757858381 -0.971807837
vn 0.139820531 -0.417932242 -0.897654057
vn 0.0115159005 -0.0877426118 -0.996076584
vn -0.310113788 0.265358955 -0.912915111
vn 0.170097619 -0.375801563 -0.910955489
vn 0.214846686 -0.314265132 -0.924704432
vn 0.283313662 -0.28113851 -0.916893959
vn -0.0220164694 -0.00736609939 -0.999730468
vn 0.188239187 0.429749668 -0.883108795
vn 0.266915143 0.431648821 -0.86164701
vn 0.0932099894 -0.000776378671 -0.995646179
vn 0.113176204 -0.13820748 -0.983915567
vn -0.161612689 -0.242487147 -0.956598818
vn -0.130938455 -0.441383272 -0.887713909
vn 0.114504799 -0.0301719233 0.992964387
vn 0.149454787 -0.31997484 0.935563624
vn 0.191361949 -0.0812219605 0.978153169
vn 0.116834581 -0.0464950427 0.992062449
vn 0.000668446708 -0.317595959 0.948225915
vn 0.0427948982 -0.0358494483 0.998440444
vn 0.0111601045 -0.306515068 0.951800406
vn 0.203942642 0.256586403 0.944759667
vn 0.0650922358 -0.0200830754 0.997677147
vn 0.0729586408 0.363433689 0.92875886
vn 0.0742014349 0.412873775 0.90776068
vn 0.129273638 0.01089577 0.991549134
vn 0.120285615 0.41432634 0.90214467
vn 0.169381261 -0.0713218525 0.982966542
vn 0.0487090796 -0.301947266 0.952079415
vn 0.107869767 -0.308547229 0.945072889
vn 0.144522548 0.24634479 0.958346248
vn 0.22310628 0.266243279 0.937730312
vn 0.238380209 0.43348965 0.869057894
vn 0.0605897158 -0.187246531 0.980442584
vn 0.134229898 -0.0910545364 0.986757994
vn 0.239191428 0.525767028 0.816306651
vn 0.174718708 -0.00507431384 0.984605312
vn -0.080307126 -0.567399919 0.819516957
vn -0.0207600817 -0.641396224 0.766928971
vn 0.110543959 -0.220382869 0.969129205
vn -0.087627463 -0.292120576 0.952358603
vn 0.106359303 -0.0627340898 0.992346764
vn -0.0643838346 -0.0664114505 0.995712936
vn 0.134142712 -0.0641169176 0.988885581
vn 0.140317604 -0.086837545 0.986291111
vn 0.337334424 0.161046624 0.927507102
vn -0.0817354843 -0.316651762 0.945013762
vn -0.127857119 -0.304263264 0.943968475
vn 0.230000392 0.0687262565 0.970760822
vn -0.0227908697 0.0055368389 0.999724925
vn -0.043231044 0.0541251302 0.997597933
vn -0.183982193 -0.278989404 0.942504883
vn 0.113519087 -0.0953409895 0.98895067
vn 0.0886878148 0.114359736 0.989472747
vn 0.361753911 -0.30020988 0.882614434
vn 0.193260163 -0.287001461 0.93823272
vn -0.0256112758 0.0413317867 0.998817146
vn 0.183200479 0.182317361 0.966021717
vn 0.470229834 -0.27250433 0.839419603
vn -0.0960555598 0.634418845 0.766998112
vn -0.0578531399 0.740145802 0.669953167
vn -0.129060224 0.359635562 0.9241243
vn -0.0779334903 -0.0122148599 0.99688369
vn -0.134024978 0.145578787 0.980226576
vn -0.0389993154 -0.0892657563 0.995244026
vn 0.00440441305 -0.155162036 0.987879217
vn 0.0783453509 -0.24558644 0.96620357
vn -0.0113203023 -0.114870958 0.993315876
vn -0.00993833411 -0.109000064 0.99399209
vn -0.0117010754 -0.0855673477 0.996263683
vn -0.00466020219 -0.0973541513 0.9952389
vn -0.0211387705 -0.041736383 0.998905003
vn 0.249583527 -0.469365686 0.846996963
vn 0.140443802 -0.376076788 0.915883124
vn 0.0742373243 0.173882395 0.981964231
vn 0.0825721622 0.233873159 0.96875447
vn 0.460416108 -0.585330427 0.667386949
vn 0.609488308 -0.56864661 0.552417576
vn 0.689413249 -0.540358305 0.482412905
vn 0.40943706 0.160590813 0.898093522
vn -0.139065742 0.971969783 0.189566463
vn -0.107783243 0.89425683 0.434381634
vn -0.0861061066 0.402991623 0.911144018
vn -0.0515066311 0.0707190484 0.996165574
vn -0.0358913206 0.0276257787 0.998973787
vn -0.0393099524 0.0355529562 0.998594403
vn -0.0187358633 -0.0120921684 0.999751389
vn -0.0536018014 0.0288590342 0.998145282
vn 0.00430281833 -0.343097597 0.939289927
vn 0.0175900869 -0.493099004 0.869795382
vn -0.0745350495 0.0061052423 0.997199714
vn -0.0875582099 0.276941985 0.956889033
vn -0.141559452 0.304768801 0.941847622
vn -0.00731714582 0.0169069786 0.999830306
vn -0.0424047597 0.284718543 0.957672775
vn 0.0383551642 0.000507363642 0.999264061
vn -0.0240297392 0.32785061 0.944423914
vn 0.0708944499 -0.0236093812 0.997204363
vn -0.0474707671 0.390631437 0.919322371
vn -0.0887327567 0.453810424 0.886669338
vn 0.128865495 -0.0370063521 0.990971327
vn 0.100322865 0.098869957 0.990030348
vn -0.15493001 0.369264513 0.916318953
vn 0.0271157976 -0.208585083 0.977628231
vn 0.0360175334 -0.299595177 0.953386307
vn 0.0793649852 -0.297541648 0.951404274
vn 0.143677399 -0.350535065 0.92546314
vn 0.276371241 -0.406352311 0.870917141
vn -0.139111534 0.349353582 0.926606715
vn 0.0877085403 -0.283912271 0.954830408
vn 0.0706429183 -0.252622843 0.964982569
vn 0.0303675756 -0.439798445 0.897582889
vn 0.217507064 -0.695759654 0.684550285
vn 0.0582361631 -0.595183313 0.801476955
vn 0.2454537 -0.724645674 0.643926322
vn 0.173256293 -0.636692166 0.751402259
vn 0.0785197094 0.00721482327 0.996886432
vn 0.212885201 -0.133796573 0.967873156
vn 0.0328026824 0.0341596045 0.998877943
vn 0.194403782 -0.146977454 0.969847798
vn 0.0406381376 0.0101838829 0.999122024
vn 0.162057057 -0.174343005 0.971257985
vn 0.043984849 -0.00871599 0.998994172
vn 0.123501897 -0.251776934 0.959872723
vn -0.00833726581 -0.0150639107 0.999851823
vn 0.117034018 -0.315067023 0.941825807
vn -0.0500936434 -0.0230704937 0.998477995
vn -0.208014414 0.254701197 0.944381952
vn -0.161397666 0.222668916 0.961441338
vn -0.123042628 0.207381666 0.97049135
vn -0.132053167 0.21134612 0.968449712
vn -0.170364514 0.217957407 0.96097368
vn 0.168187514 -0.320784062 0.932100058
vn -0.0784630999 0.000446454069 0.99691689
vn -0.100527383 0.205193773 0.973544955
vn -0.292522669 0.424360633 0.856941402
vn -0.270706505 0.242301524 0.931669474
vn 0.166689634 -0.0508600511 0.984696805
vn -0.137887761 0.252024919 0.957846761
vn -0.00441603037 -0.00286619249 0.999986112
vn -0.0114622768 -0.00781019637 0.999903798
vn -0.0787942261 0.195427477 0.977547765
vn -0.0175289568 -0.0142344218 0.999745071
vn -0.0200267639 -0.0119902221 0.999727547
vn -0.0233504213 -0.0133932289 0.999637604
vn -0.0905830413 0.226752773 0.969730854
vn -0.20262447 0.460540056 0.864202619
vn -0.0175805315 -0.0138626583 0.999749362
vn -0.0211992394 -0.0106876157 0.99971813
vn -0.503271937 0.42964974 0.749745548
vn 0.0756051987 0.10897252 0.9911654
vn -0.244855985 0.208022818 0.946980476
vn -0.432506621 0.4593862 0.775823593
vn -0.247699693 0.250321716 0.935940146
vn 0.158373445 -0.0711674243 0.984811187
vn 0.230599403 -0.0456658937 0.971976638
vn 0.444206834 -0.248354629 0.860813677
vn 0.521523237 -0.181103304 0.833795547
vn 0.39252919 -0.28656593 0.873956919
vn 0.201355547 -0.154974774 0.967180848
vn -0.107013859 0.0989967287 0.989316821
vn -0.230962947 0.273852557 0.933627784
vn -0.266498476 0.323622048 0.907880723
vn -0.124407709 0.148170844 0.981105566
vn -0.373939216 0.425656915 0.824005842
vn -0.375136793 0.456442505 0.806803942
vn -0.142693356 0.178898171 0.973464966
vn -0.295400023 0.335559219 0.894504845
vn -0.373873413 0.400073797 0.836755395
vn -0.447717339 0.463962913 0.764387071
vn -0.39476949 0.436244875 0.808608413
vn -0.18463698 0.221204802 0.957589447
vn -0.549155533 0.384342253 0.742097855
vn -0.491180599 0.361322254 0.792582989
vn -0.290225148 0.221149132 0.931054473
vn -0.528709531 0.327375084 0.783129454
vn -0.524286568 0.329548001 0.785188973
vn -0.511136651 0.276524305 0.813802004
vn -0.504447401 0.290700406 0.813035131
vn -0.430314392 0.180710286 0.884405613
vn -0.520500362 0.236556247 0.820439219
vn -0.798234999 0.335608095 0.500188053
vn -0.0787441358 0.00259171333 0.996891499
vn 0.158311859 -0.139947116 0.977421165
vn 0.0779474229 -0.0857894942 0.99325949
vn -0.0417943448 -0.0158306248 0.999000788
vn 0.182675138 -0.139609039 0.973210692
vn -0.0201302506 -0.0227076598 0.999539435
vn 0.359771669 -0.271891892 0.892546415
vn -0.284156263 0.451647341 0.845736325
vn -0.237744153 0.536395013 0.809788942
vn 0.032053858 0.139222816 0.98974216
vn -0.0764489248 0.146930829 0.986188054
vn -0.284784019 0.383323342 0.878613293
vn -0.0897427723 0.0798079073 0.992762268
vn 0.147455916 0.115696907 0.982278466
vn -0.00400418881 0.100985982 0.994879782
vn -0.0452379622 -0.0295853298 0.998538077
vn -0.0281343311 -0.0222773086 0.999355853
vn 0.205286294 -0.338745445 0.918209732
vn 0.212599441 -0.3109622 0.92633903
vn 0.240803868 -0.269485444 0.932411432
vn 0.0571911074 -0.00552111166 0.998347998
vn -0.057002455 -0.0448048599 0.997368157
vn 0.183943972 -0.318193257 0.930009484
vn -0.234557852 0.0857330784 0.96831423
vn -0.15880765 0.0894956514 0.983244956
vn -0.167600423 0.00642676465 0.985834062
vn -0.0608390905 -0.102227964 0.992898822
vn -0.0817319602 -0.0694217309 0.994233608
vn -0.0183725245 -0.00133754499 0.999830306
vn 0.0392232947 -0.00483727409 0.999218762
vn -0.0364546664 -0.0115985814 0.999267995
vn 0.0103814527 -0.0473291911 0.998825431
vn -0.0648962557 0.40754801 0.910874903
vn -0.041910246 0.0243043173 0.998825729
vn 0.0410646051 -0.0539501794 0.997698903
vn 0.0774246231 -0.327363282 0.941721141
vn 0.108803086 -0.36419645 0.924944818
vn 0.0712839365 0.00541869225 0.997441351
vn -0.138261497 -0.373501688 0.917267799
vn -0.0259049814 0.412890613 0.910412133
vn 0.0958150551 0.0115001313 0.995332718
vn 0.00872634165 0.429195225 0.903169572
vn 0.0527243838 0.470895559 0.880612016
vn 0.0926881284 -0.034552481 0.995095491
vn 0.118952565 -0.41629535 0.901414752
vn 0.142731398 0.3172566 0.937537193
vn 0.0563692525 -0.0381111428 0.997682333
vn 0.122641742 -0.0221646708 0.992203474
vn 0.200208083 0.318407416 0.926570773
vn 0.0297869723 -0.356401026 0.933858156
vn 0.140762046 -0.0580705255 0.988338947
vn -0.0254191346 -0.353016764 0.93527168
vn 0.0342197828 -0.0995075479 0.994448185
vn -0.153747588 -0.113399982 0.98158145
vn -0.309680343 -0.383264512 0.870176077
vn -0.0993901268 -0.416798562 0.903548896
vn 0.243744701 0.286515594 0.926551342
vn -0.111923575 -0.126201138 0.985670507
vn -0.0534163713 -0.19430697 0.979485273
vn 0.261103928 0.244192362 0.933913708
vn 0.0480559878 -0.273803443 0.960584342
vn -0.307522655 -0.458151937 0.833982408
vn -0.361281335 -0.427683115 0.828590989
vn 0.750762105 -0.264856964 -0.605150521
vn 0.907629073 -0.0508747399 -0.416678786
vn 0.795851052 0.303779662 -0.523773849
vn -0.421961725 0.167008713 0.89109838
vn -0.798234999 0.335608095 0.500188053
vn -0.430314392 0.180710286 0.884405613
vn 0.333090156 0.17765981 -0.926006436
vn -0.37979576 0.215775788 0.899553239
vn -0.335894078 0.220182866 0.915802717
vn -0.0489656739 0.0270832833 0.998433232
vn 0.251226634 -0.169758409 0.952925622
vn -0.00256717042 0.00969774835 0.999949694
vn 0.256560177 -0.191149339 0.947438002
vn 0.276513338 -0.128113508 0.952432334
vn 0.044607833 0.0647524446 0.996903837
vn -0.286963969 0.215015694 0.93349874
vn -0.211550131 0.262221456 0.941534102
vn 0.0558396466 0.0769538283 0.995469809
vn 0.270456016 -0.106311224 0.956844509
vn 0.262830883 -0.0842273161 0.961158514
vn 0.0958846882 0.0542628542 0.99391228
vn 0.0398443229 0.0761902779 0.996296883
vn -0.18745093 0.279839814 0.941568792
vn -0.194638297 0.274689317 0.941627145
vn 0.102859981 -0.0874510929 -0.99084419
vn -0.620238662 0.538715005 0.570166767
vn -0.819378555 0.447402537 0.358398765
vn -0.472608328 0.115958996 0.873610258
vn -0.651712418 0.440329432 0.617560387
vn -0.780191243 0.623866677 -0.0457381085
vn -0.72527957 0.676293135 -0.128830135
vn -0.619653285 0.428134352 -0.657822788
vn -0.526611567 0.415041685 -0.741903484
vn -0.722720742 0.33485803 -0.604603052
vn -0.333323032 0.213286564 -0.918370605
vn -0.886442542 0.404966414 0.224102274
vn -0.83634311 0.524329782 -0.160026371
vn -0.622239947 0.621513844 0.475959957
vn -0.642383397 0.591493249 0.487318426
vn -0.811740339 0.567666948 0.137229308
vn -0.755264699 0.635432541 0.160626322
vn -0.558648348 0.581514478 0.591399133
vn -0.505550086 0.64827013 0.569354892
vn -0.180151522 0.362338662 0.914470375
vn -0.792384863 0.146700084 0.592119336
vn -0.13150847 0.475363851 0.869904995
vn 0.315196395 -0.0947293565 0.944286764
vn 0.390217781 0.0113969222 0.920652032
vn -0.686882615 -0.287223607 0.667603791
vn -0.49196744 0.80850625 0.32293278
vn -0.74523896 0.666652024 -0.0139294127
vn -0.61753726 0.466433853 -0.633314371
vn -0.739153802 0.417479336 -0.528547704
vn -0.8621822 0.497466445 0.0957546011
vn -0.856654406 0.492490858 0.153610095
vn -0.805831254 0.525725305 -0.272486478
vn -0.755319476 0.583396196 -0.298565358
vn -0.8586905 0.455903471 0.234099597
vn -0.812741101 0.450223118 -0.36979866
vn -0.810211301 0.524532735 -0.261578113
vn -0.818521798 0.319865018 0.477188021
vn -0.645653248 0.42161873 -0.636686444
vn -0.603032768 0.437830061 -0.666825593
vn -0.31231153 0.277591676 -0.908517718
vn -0.280780196 0.305812508 -0.909747899
vn -0.454771936 0.441628784 -0.773399293
vn -0.787405372 0.489560187 -0.374597967
vn -0.315839499 0.271793276 -0.909051061
vn -0.772078812 0.588516355 -0.239880949
vn 0.847059727 -0.390894383 -0.360126883
vn -0.669671476 0.742172837 0.026823353
vn 0.499436259 -0.837403417 0.222078606
vn 0.728289306 -0.680455983 0.0810827389
vn 0.874906659 -0.483106732 0.0338555425
vn -0.341360033 0.772215247 0.535870254
vn 0.911369205 -0.353608489 0.210635304
vn 0.687144101 -0.708869159 -0.159177393
vn 0.21498917 -0.890220582 -0.401605546
vn 0.628037035 -0.741189063 -0.237082735
vn 0.467665911 -0.850136459 0.24198468
vn 0.322477818 -0.945401609 -0.0471578017
vn 0.523343623 -0.822592378 -0.222380817
vn 0.793874383 -0.600693583 0.0945024043
vn 0.580138922 -0.696731269 0.421905577
vn 0.847059727 -0.390894383 -0.360126883
vn 0.845523417 -0.473756045 0.246262699
vn 0.857820392 -0.513670146 0.0169467069
vn 0.874906659 -0.483106732 0.0338555425
vn 0.808687866 -0.511109471 0.291189015
vn 0.793874383 -0.600693583 0.0945024043
vn 0.580138922 -0.696731269 0.421905577
vn 0.667684853 -0.690392911 0.278486282
vn 0.499436259 -0.837403417 0.222078606
vn 0.837258339 -0.540467381 0.0830268338
vn 0.770987689 -0.6349051 0.0497345552
vn 0.542486548 -0.83935076 0.0346212126
vn 0.523343623 -0.822592378 -0.222380817
vn 0.322477818 -0.945401609 -0.0471578017
vn 0.81725806 -0.576104164 -0.0138983987
vn 0.467665911 -0.850136459 0.24198468
vn 0.628037035 -0.741189063 -0.237082735
vn 0.718788266 -0.639651477 -0.27237758
vn 0.493724734 -0.66117382 -0.564876139
vn 0.59129256 -0.574862063 -0.565602958
vn 0.687144101 -0.708869159 -0.159177393
vn 0.21498917 -0.890220582 -0.401605546
vn 0.911369205 -0.353608489 0.210635304
vn 0.700065732 -0.604618311 -0.37992692
vn 0.728289306 -0.680455983 0.0810827389
vn 0.131508231 0.475363821 0.869905114
vn 0.180151284 0.362338543 0.914470494
vn -0.315194935 -0.0947289988 0.94428736
vn -0.390216053 0.011397507 0.920652747
vn 0.792387545 0.146699339 0.592115939
vn 0.558648288 0.581514299 0.591399431
vn 0.81174022 0.567667186 0.13722904
vn 0.75526464 0.635432303 0.160627291
vn 0.505549967 0.64827019 0.569354892
vn 0.686878145 -0.287221402 0.667609394
vn 0.642383158 0.591492891 0.487319261
vn 0.819378376 0.447402954 0.358398736
vn 0.62223947 0.621513486 0.475961149
vn 0.620238543 0.538715065 0.570166945
vn 0.472608894 0.115959167 0.8736099
vn 0.65171361 0.44032988 0.617558897
vn 0.780191183 0.623866618 -0.045738887
vn 0.72527951 0.676293314 -0.128829315
vn 0.619651437 0.42813313 -0.657825291
vn 0.61753583 0.46643275 -0.633316696
vn 0.7452389 0.666652083 -0.0139295533
vn 0.526611388 0.415041924 -0.741903484
vn 0.886443853 0.40496707 0.224095926
vn 0.722719908 0.334857762 -0.604604125
vn 0.333322614 0.213286608 -0.918370724
vn 0.739153087 0.417478561 -0.528549314
vn 0.836343229 0.52432996 -0.160025358
vn 0.856654346 0.492490828 0.153610438
vn 0.86218226 0.497466445 0.0957542881
vn 0.810211301 0.524532676 -0.261578232
vn 0.805831313 0.525725126 -0.272486657
vn 0.755319417 0.583396196 -0.298565626
vn 0.858690917 0.455903471 0.234098122
vn 0.812739491 0.450222611 -0.369802862
vn 0.81851995 0.319864571 0.477191538
vn 0.787406683 0.489560515 -0.374594718
vn 0.280780077 0.305811524 -0.909748256
vn 0.454771966 0.441628844 -0.773399234
vn 0.603032649 0.437830061 -0.666825652
vn 0.31231004 0.277591139 -0.908518314
vn 0.315837443 0.271792859 -0.909051895
vn 0.645653307 0.4216187 -0.636686385
vn 0.772078931 0.588516235 -0.239880532
vn -0.847058475 -0.390893012 -0.360131264
vn 0.669671535 0.742172837 0.0268240739
vn -0.499436557 -0.837402821 0.222080499
vn -0.580138803 -0.696730375 0.421907246
vn -0.793874323 -0.600693524 0.0945030078
vn -0.523343623 -0.822592497 -0.222380385
vn -0.322478354 -0.94540143 -0.0471566916
vn -0.467666149 -0.850136399 0.241984501
vn -0.628037155 -0.74118948 -0.237081096
vn -0.214989424 -0.890221775 -0.401602596
vn -0.687143564 -0.708869934 -0.159176663
vn -0.911369324 -0.353607684 0.210636079
vn 0.341359913 0.772215247 0.535870314
vn 0.49196732 0.808506131 0.322933435
vn -0.847058475 -0.390893012 -0.360131264
vn -0.857820392 -0.513670146 0.0169457588
vn -0.845523596 -0.473756224 0.246261835
vn -0.874907076 -0.483106434 0.0338490158
vn -0.808687806 -0.511109471 0.291189164
vn -0.793874323 -0.600693524 0.0945030078
vn -0.580138803 -0.696730375 0.421907246
vn -0.667684734 -0.690392911 0.278486311
vn -0.499436557 -0.837402821 0.222080499
vn -0.837258399 -0.540467262 0.0830270424
vn -0.77098763 -0.63490504 0.0497361906
vn -0.542486548 -0.83935076 0.0346216112
vn -0.523343623 -0.822592497 -0.222380385
vn -0.322478354 -0.94540143 -0.0471566916
vn -0.81725806 -0.576104224 -0.0138972569
vn -0.467666149 -0.850136399 0.241984501
vn -0.628037155 -0.74118948 -0.237081096
vn -0.718788683 -0.639651835 -0.272375375
vn -0.493724376 -0.66117382 -0.564876437
vn -0.214989424 -0.890221775 -0.401602596
vn -0.687143564 -0.708869934 -0.159176663
vn -0.591292143 -0.574861586 -0.565603971
vn -0.911369324 -0.353607684 0.210636079
vn -0.700065732 -0.604618311 -0.37992695
vn -0.728289187 -0.680456281 0.0810808912
vn -0.728289187 -0.680456281 0.0810808912
vn -0.874907076 -0.483106434 0.0338490158
vn -0 0.789553225 0.613682091
vn -0 0.513757944 0.85793519
vn -0.526472151 0.514686346 0.676701546
vn -0 0.20420301 0.978928566
vn 0.526472151 0.514686346 0.676701546
vn -0.647017181 0.12200918 0.75265038
vn -0 0.14763093 0.989042521
vn -1.28039488E-07 0.18546252 0.982651293
vn -0.645010352 0.165263236 0.746089578
vn -0.996263921 0.0826760903 0.02495653
vn -0.977924049 0.180666208 0.104996435
vn -0.722939551 0.0803797841 -0.686219692
vn -0.750007808 0.185304075 -0.634941518
vn -0 0.109323382 -0.994006217
vn -0 0.2196192 -0.975585699
vn -0.659550786 0.0672399104 0.748646498
vn -0 0.117762297 0.993041813
vn -0.996989667 -0.0121204136 -0.0765813589
vn -0.658164263 -0.0624711588 -0.750278056
vn -0 -0.0852599889 -0.996358693
vn -0 0.25360328 0.967308283
vn -0.65580076 0.28197673 0.700295985
vn -0.400017053 0.336347878 0.852558792
vn -0.356458753 0.395688117 0.8463853
vn -0.681831241 0.506205261 0.528074265
vn -0.916081607 0.380243301 0.127316639
vn -0.833459258 0.536118627 0.133874625
vn -0.691358089 0.414330214 -0.591907501
vn -0.803352475 0.549090862 -0.230486482
vn -0.455752999 0.522575438 -0.720558167
vn -0 0.442430258 -0.896802902
vn -0 0.555408537 -0.831577659
vn -0.342955649 0.625958383 0.700398207
vn -0.920825183 0.365747511 0.13531357
vn -0.7751472 0.127994567 -0.618679464
vn -0.348805726 0.301144689 -0.887494504
vn -0 0.599113047 -0.800664425
vn -0.667428255 0.721247137 -0.185316473
vn -0.180017412 0.0769052431 0.980652452
vn -0.931697726 0.268021435 -0.245161012
vn -1.84692482E-07 -0.222785324 -0.974867523
vn -0.37307775 0.224507943 0.900227308
vn -0.80394125 0.175355881 0.568268239
vn -0.749329031 0.549824297 0.369051874
vn -0.930419087 0.201133639 0.306374729
vn -0 0.492742777 0.870175004
vn -0 -0.19031699 0.981722713
vn -0 0.382735163 0.923858106
vn -0.537858427 0.581503868 -0.610378265
vn -0.68653816 0.00219086348 -0.727090538
vn -0.0895387605 -0.96887213 -0.230801985
vn 0.124495983 -0.967749059 -0.219003439
vn 0.139678478 -0.955587566 -0.259503901
vn -0 -0.998202264 -0.0599353611
vn 0.212860286 -0.970663071 -0.11181996
vn 0.432978988 -0.864957511 -0.253727466
vn 0.10011743 -0.993460894 0.0548814721
vn 0.229890317 -0.973152399 -0.0111743361
vn -0.153971717 -0.979382515 0.130776629
vn 0.235004157 -0.927026033 0.292225629
vn -0 -0.954193354 0.29919073
vn -0 -0.935034573 -0.354556561
vn -0 -0.99499923 0.0998828039
vn -0 -0.998093426 -0.0617212057
vn -0.80394125 0.175355881 0.568268239
vn -0.37307775 0.224507943 0.900227308
vn -0.180017412 0.0769052431 0.980652452
vn -0.7751472 0.127994567 -0.618679464
vn -0.931697726 0.268021435 -0.245161012
vn -0.920825183 0.365747511 0.13531357
vn -0 -0.19031699 0.981722713
vn -0.930419087 0.201133639 0.306374729
vn -0.68653816 0.00219086348 -0.727090538
vn -0.348805726 0.301144689 -0.887494504
vn -1.84692482E-07 -0.222785324 -0.974867523
vn -0.92484504 -0.0805157125 0.371724099
vn -0.860001862 0.102631971 0.499863535
vn -0.833020806 0.173310995 0.525394678
vn -0.813929379 0.274549067 0.511997819
vn -0.784892857 -0.0476538353 0.617796242
vn -0.813705325 -0.147491023 0.562254369
vn -0.732326388 -0.0450092703 0.679464698
vn -0.730162382 -0.039531365 0.682129204
vn -0.693447471 0.0159080476 0.72033155
vn -0.658722997 0.0466477796 0.750938058
vn -0.641338825 0.035652522 0.766429007
vn -0.618090451 -0.0496110953 0.784539938
vn -0.550358057 0.163147166 0.818833947
vn -0.619224966 -0.164640844 0.767759025
vn -0.722696602 -0.0794411525 0.68658483
vn -0.54396379 0.238578632 0.804477274
vn -0.574569345 0.173360899 0.799885094
vn -0.777017593 -0.180214092 0.603130519
vn -0.608696759 0.0725169629 0.790081978
vn -0.771242857 -0.290081203 0.566601574
vn -0.807888389 -0.534440994 0.248372883
vn -0.820712328 -0.527194977 0.220219746
vn -5.16382613E-07 -0.511537433 0.859260976
vn -5.70678196E-07 -0.793958366 0.607972145
vn -0.634918571 -0.0442523398 0.771310627
vn -0.778555214 -0.484297901 0.399133116
vn -0.64677608 -0.762215614 0.0266092457
vn -0.76092422 -0.210662365 0.613690317
vn -0.711140156 -0.70222795 -0.0339933708
vn -0.820202053 -0.229051888 0.524217308
vn -0.702861249 -0.689305902 -0.175623015
vn -0.90885222 -0.12868233 0.396772563
vn -0.624237418 -0.760607958 -0.178334355
vn -0.856281102 -0.27536729 0.436984569
vn -0.288399786 -0.926556051 -0.241494328
vn -0.286433935 -0.881055713 -0.376425892
vn -0.149326608 -0.860902786 -0.486361951
vn -0 -0.865020454 -0.501736522
vn -0 -0.933760107 -0.357899487
vn -1.94056142E-07 -0.746997595 -0.664826751
vn -0.114995234 -0.766258597 -0.632158101
vn -0.188188478 -0.648784041 -0.73733592
vn -4.17525257E-07 -0.637392581 -0.770539224
vn -1.47572834E-07 -0.552445948 -0.833548725
vn -0.427451491 -0.854354024 -0.295574576
vn -0.507860661 -0.819071889 -0.26683104
vn -0.550638318 -0.821062386 -0.150512725
vn -0 -0.982162297 -0.188035131
vn 1.07465709E-07 -0.998459041 0.0554933026
vn -0.39415887 -0.82220304 -0.410634756
vn 0.140468732 0.989878774 -0.0202114135
vn -0.72408402 0.449265033 0.523319542
vn -0.315421522 0.432733297 -0.844542027
vn -0.728549778 0.302511156 0.61457485
vn 0.0529394299 0.983499527 0.172991768
vn -0.843586624 -0.248067886 0.476260394
vn -0.911159754 -0.205097809 0.357383281
vn -0.764217317 -0.641461253 -0.0670768321
vn -0.743754983 -0.6575194 0.120403059
vn -0.428550035 -0.850563228 -0.304773748
vn 0.0484042577 -0.338752896 -0.939629436
vn -0.692293048 0.186689973 0.697048962
vn -0.789259315 -0.235120997 0.567263544
vn -0.673198938 -0.68471086 0.279238641
vn -0.629358649 -0.388693482 0.67292273
vn -0.38365072 -0.894752026 -0.228540868
vn 0.303217769 -0.34880504 -0.886788607
vn 0.184955627 -0.553653181 -0.811948001
vn -0.215536073 0.802265704 0.556699216
vn 0.594615459 0.440803736 -0.672402024
vn 0.511065602 0.553714871 -0.657428145
vn 0.0529394299 0.983499527 0.172991768
vn -0.215536073 0.802265704 0.556699216
vn 0.465427458 0.574308872 -0.673458695
vn 0.140468732 0.989878774 -0.0202114135
vn -0.488927692 0.795727074 0.357446671
vn -0.268159658 0.871130824 0.41136533
vn -0.473220825 0.805513918 0.356664121
vn -0.201992542 0.875550866 0.438873172
vn -0.121115036 0.832876325 0.540044546
vn -0.532264054 0.684856355 0.497661293
vn -0.519105196 0.728910029 0.44634071
vn -0.799707115 0.298414022 0.520977497
vn -0.757922828 0.269155174 0.5942294
vn -0.76635313 0.0281099826 0.641804218
vn -0.7139256 -0.167036831 0.680006564
vn -0.599995315 0.170087591 0.781713367
vn -0.595125198 -0.360761523 0.718106568
vn -0.411451012 0.0140637765 0.911323369
vn -0.473089188 -0.36871767 0.800146163
vn -0.262707382 -0.131791323 0.955832541
vn 2.97101383E-06 -0.290921569 0.956746876
vn -0.481413513 -0.421541065 0.768468738
vn 5.11624933E-07 0.0569140352 0.998379052
vn -0.543540776 -0.102103256 0.833149672
vn -0.673674822 -0.545254171 0.49885875
vn -1.46878278E-07 0.313593864 0.949557245
vn 2.25616944E-07 0.258180708 0.96609664
vn 2.54180662E-07 0.177689567 0.984086573
vn -5.85833561E-07 -0.121399991 0.99260366
vn -0.74789381 -0.496905982 0.440158218
vn -0.782539248 -0.435973376 0.444476664
vn 0.408067703 0.759202778 -0.507042348
vn -0.928397536 -0.307226717 -0.209021002
vn -0.310668111 0.608360648 0.730330527
vn -0.265202105 0.74607116 0.610774696
vn -0.458798826 0.343290359 -0.819545805
vn -0.051188156 0.784425497 0.61810714
vn -0.29698807 0.511061847 0.806606412
vn -0.547564983 0.133186981 0.826095462
vn -0.489484876 -0.0839745551 0.867959023
vn -0.567853034 0.148647875 0.809596658
vn -0.671083748 -0.351367235 0.652830541
vn -0.72372067 -0.30853951 0.617277741
vn -0.615211487 0.195055202 0.763850987
vn -0.785645485 -0.298303097 0.54201144
vn -0.272980124 -0.847594678 -0.455043972
vn -0.284380138 -0.797039866 -0.532780826
vn -0.305262774 -0.749010563 -0.588045716
vn 0.275971442 -0.1604321 -0.947682023
vn 0.408067703 0.759202778 -0.507042348
vn -0.928397536 -0.307226717 -0.209021002
vn 0.212022111 -0.265920788 -0.940389693
vn 0.143578574 -0.395727783 -0.907074809
vn 0.110296801 -0.267648369 -0.957182825
vn -0.280315638 0.650866628 0.705546439
vn -0.316409051 0.717914224 0.620068133
vn -0.0826768726 0.768388629 0.634620786
vn -0.0275954828 0.681730449 0.731082797
vn -0.206770256 0.553879678 0.806513071
vn -0.0790642127 0.419897169 0.90412128
vn -0.00876234844 0.489333928 0.872052431
vn -0.0319012552 0.40262261 0.914810061
vn 0.101623774 0.771680474 0.627839029
vn 0.0510783978 0.814349234 0.578123033
vn -0.0595216453 0.85361582 0.517491221
vn -0 0.151583329 0.988444507
vn -0.215581819 0.10271325 0.97106868
vn -0.237097681 0.184703454 0.95376581
vn -0.248315632 0.197627991 0.94830507
vn -2.00673185E-07 -0.0271130055 0.999632359
vn -0 -0.203892231 0.978993356
vn -0.41445145 0.276843965 0.866941452
vn -0.474822819 0.293624312 0.829655409
vn -0.602201164 0.346587956 0.719187498
vn -0.617574692 0.359551966 0.699516952
vn -0.667280793 0.42126742 0.614223182
vn -0.663935184 0.425594777 0.614865065
vn -0.579346359 0.523712039 0.624566674
vn -0.830057859 0.0792497545 0.55201757
vn -0.795604408 0.0647989884 0.602341056
vn -0.822980821 0.164654359 0.54368329
vn -0.700707495 0.404648155 0.58759582
vn -0.565048575 0.422356725 0.70875591
vn -0.528540373 0.436813533 0.727900445
vn -0.589379311 0.193936571 0.784232438
vn -0.628232658 0.64652437 0.432816297
vn -0.745156825 0.462156057 0.480783761
vn -0.801467836 0.310017139 0.511408508
vn -0.634672225 -0.298506349 0.71280092
vn -0.649923861 -0.234391034 0.722952127
vn -0.634101629 -0.300671995 0.71239835
vn -0.715610504 -0.271185786 0.643707931
vn -0.718031287 -0.270025283 0.641496241
vn -0.780862391 -0.236549065 0.578185558
vn -0.779617369 -0.237367779 0.579528391
vn -0.795069456 -0.226984814 0.562443316
vn 0.692786157 0.0791048333 -0.716791213
vn 0.68163687 0.626331925 0.378258377
vn -0.57703644 0.513764262 -0.634882033
vn 0.0437927805 0.601718068 0.797507048
vn -0.755590916 0.240690321 0.609221339
vn -0.890066147 -0.246430188 -0.383476853
vn 0.146551892 -0.244263709 -0.958570659
vn 0.692786157 0.0791048333 -0.716791213
vn -0.0317804366 0.602934837 0.797157168
vn -0.750905037 0.225782335 0.62061578
vn -0.0665351301 0.616084456 0.784864962
vn 0.599920154 0.701655626 0.384415209
vn 0.638764381 0.667796969 0.382135272
vn 0.660895884 0.00754759414 -0.750439584
vn 0.655949056 0.0168136694 -0.75461787
vn -0.720634341 0.214693516 0.659236491
vn -0.861400366 -0.334088534 -0.382588953
vn -0.844573915 -0.426383555 -0.323870361
vn 0.110279709 -0.334060609 -0.936077952
vn 0.0963148251 -0.402151316 -0.910493135
vn 0.655949056 0.0168136694 -0.75461787
vn 0.660895884 0.00754759414 -0.750439584
vn 0.662942827 0.640946329 0.386904001
vn -0.0765742138 0.645437419 0.759965122
vn 0.748274565 0.534773111 0.39255932
vn 0.744770765 -0.157458499 -0.648477733
vn 0.792999387 -0.255105764 -0.55323863
vn -0.030714618 0.641847193 0.766217291
vn -0.00880782399 0.556539178 0.830774724
vn 0.855534554 0.388495922 0.342244744
vn 0.934794009 -0.242077947 -0.259920001
vn 0.980499446 0.117999159 0.157153115
vn -0.26086992 0.229889631 0.937602043
vn -0.741980255 0.188521042 0.643370211
vn -0.779530883 0.136336654 0.611345947
vn -0.731204093 -0.664440036 -0.154467314
vn -0.823551536 -0.5050475 0.258243799
vn -0.812764347 -0.0023974292 0.582587659
vn -0.771154463 -0.576658666 -0.269788057
vn 0.100797065 -0.534999847 -0.838817716
vn 0.106239036 -0.684628487 -0.721108258
vn 0.744770765 -0.157458499 -0.648477733
vn 0.792999387 -0.255105764 -0.55323863
vn -0.00551808719 -0.844073355 -0.536199212
vn 0.934794009 -0.242077947 -0.259920001
vn -0 0.712551892 0.701619506
vn -0.762820899 0.475133091 0.438580453
vn -0.765905023 0.518445134 0.380268395
vn -0 0.792647421 0.609680235
vn -0.67518574 0.415695131 0.609361768
vn 1.01197251E-07 0.584811926 0.811168969
vn -0.621345937 0.346505642 0.702753901
vn -0 0.479024649 0.877801478
vn -0.89103657 0.349187672 0.290037662
vn -0.812031507 0.299684644 0.500793397
vn -0.983854055 0.162904382 -0.0741171613
vn -0.773844779 0.207793996 0.598319292
vn -0.909381568 -0.0268727858 -0.415093958
vn -0 -0.40582341 -0.913951516
vn -0.860629916 0.117936127 -0.495385885
vn -0.64690882 0.576976418 0.498605132
vn -0.751114011 0.526786208 0.397899598
vn 1.09034055E-07 0.806176245 0.59167546
vn 2.88789664E-07 0.721790075 0.692112088
vn -0 0.396486282 -0.918040633
vn -0 -0.27390179 -0.96175766
vn -1.29765482E-07 -0.449579149 -0.893240511
vn -1.80674283E-06 0.318491846 0.947925627
vn -0.650293887 0.280883282 -0.705848753
vn 0.421783388 0.107293993 -0.900325954
vn 0.577127099 0.816642404 0.00440403307
vn 0.577870548 0.814597905 0.0499594323
vn 0.586299956 0.151832119 -0.79573822
vn 0.0771616399 0.791786373 0.605904698
vn 0.117641509 0.824726641 0.553160369
vn -0.624911189 0.226479918 0.747123063
vn -0.618831873 0.280230314 0.733837903
vn -0.888977289 -0.456462145 -0.0368999243
vn -0.15646027 -0.478779584 -0.863880932
vn 0.421783388 0.107293993 -0.900325954
vn 0.586299956 0.151832119 -0.79573822
vn -0.125169933 -0.553062558 -0.823683381
vn -0.832086682 -0.553606212 -0.033938814
vn 0.123859234 0.791217983 0.598859668
vn -0.590117335 0.183818147 0.786112249
vn 0.150678441 0.684224069 0.713535845
vn -0.502108216 0.162820712 0.849339008
vn 0.590533793 0.795788229 0.134130508
vn 0.598494232 0.725592136 0.33958894
vn 0.150942653 0.239731207 0.959033489
vn -0.630890131 -0.215270475 0.745410085
vn -0.928397536 -0.307226717 -0.209021002
vn 0.734740973 0.403642088 -0.545186996
vn 0.830507457 0.548043609 0.0995265618
vn -0.0288163908 -0.593439043 -0.804362893
vn 0.110296801 -0.267648369 -0.957182825
vn -0.184083253 -0.785564899 -0.590763211
vn 0.734740973 0.403642088 -0.545186996
vn -0.882621765 0.406992257 -0.235236138
vn -0.963372588 0.156908259 -0.217469499
vn -0.915318608 0.293007523 -0.276294142
vn -0.774756491 0.57197243 -0.269443661
vn -0.848289788 0.340132743 -0.405849844
vn -0.534489751 0.716341019 -0.44852674
vn -0.573398411 0.387153536 -0.722029388
vn -0 0.757260263 -0.653113246
vn -3.05509872E-07 0.412774056 -0.910833478
vn -0.398993969 0.915254474 -0.0557946377
vn -0.341906846 0.934933126 -0.0948669761
vn -0 0.99903965 -0.0438154638
vn -0 0.987324655 -0.158713654
vn -0.946967244 -0.0625219122 -0.315188915
vn -0.937856495 0.0530470312 -0.34294486
vn -0.801535487 -0.320044696 -0.505086482
vn -0.699539065 -0.392689168 -0.597026169
vn -0.837232888 -0.0378266908 -0.545536637
vn -0.474175692 -0.345594555 -0.809766531
vn -0.552796423 0.000524790899 -0.833316147
vn -2.70566773E-07 0.0345076397 -0.99940443
vn -0 -0.319318205 -0.947647572
vn -0.452336997 -0.457455516 -0.765588403
vn -0.660518229 -0.452100307 -0.599433959
vn -2.83833856E-07 -0.459579647 -0.888136566
vn -0.834101439 0.0863954201 -0.544803262
vn -0.879335821 0.217433915 -0.423663646
vn -0.39415887 -0.82220304 -0.410634756
vn -0.80767411 -0.443456054 -0.388599157
vn -0.507860661 -0.819071889 -0.26683104
vn -0.980540037 0.185108125 0.0653923526
vn -0.452336997 -0.457455516 -0.765588403
vn -0.594160497 -0.223393142 -0.772702277
vn -2.35131239E-07 -0.2722013 -0.962240338
vn -0.660518229 -0.452100307 -0.599433959
vn -0.80767411 -0.443456054 -0.388599157
vn -0.954501569 -0.149799362 -0.257850647
vn -0.677613556 -0.0074390606 0.73538053
vn -0.782222509 -0.336296558 0.52443558
vn 2.40382633E-07 0.0929555446 0.995670319
vn 3.72091478E-07 -0.303540081 0.952818692
vn -0.550638318 -0.821062386 -0.150512725
vn -0.507860661 -0.819071889 -0.26683104
vn 1.07465709E-07 -0.998459041 0.0554933026
vn -2.83833856E-07 -0.459579647 -0.888136566
vn 0.64701736 0.122009233 0.752650142
vn 0.645010293 0.165263206 0.746089756
vn -1.28039488E-07 0.18546252 0.982651293
vn -0 0.14763093 0.989042521
vn 0.996263921 0.0826760978 0.0249560587
vn 0.977924109 0.180666268 0.104996152
vn 0.722939312 0.0803797841 -0.686219871
vn 0.750007689 0.185304046 -0.634941697
vn -0 0.109323382 -0.994006217
vn -0 0.2196192 -0.975585699
vn 0.659551084 0.0672399625 0.748646259
vn -0 0.117762297 0.993041813
vn 0.996989667 -0.0121203605 -0.0765816495
vn 0.658164084 -0.062471129 -0.750278234
vn -0 -0.0852599889 -0.996358693
vn -0 0.25360328 0.967308283
vn 0.655800581 0.2819767 0.700296164
vn 0.400017202 0.336348057 0.852558613
vn 0.356459022 0.395688444 0.846385002
vn 0.681831002 0.506205201 0.528074443
vn 0.916081607 0.380243331 0.127316579
vn 0.833459258 0.536118567 0.133874953
vn 0.69135803 0.414330155 -0.591907501
vn 0.803352475 0.549090862 -0.230486527
vn 0.455753177 0.522575557 -0.720558047
vn -0 0.442430258 -0.896802902
vn -0 0.555408537 -0.831577659
vn 0.342955291 0.6259588 0.700397968
vn 0.92082572 0.365746826 0.135311633
vn 0.775146961 0.127995804 -0.618679404
vn 0.348805845 0.301145077 -0.887494326
vn -0 0.599113047 -0.800664425
vn 0.667428017 0.721246839 -0.185318246
vn 0.180017248 0.0769055486 0.980652511
vn 0.931697428 0.268020838 -0.245162711
vn -1.84692482E-07 -0.222785324 -0.974867523
vn 0.373077184 0.224508896 0.900227308
vn 0.803940654 0.175356627 0.568268895
vn 0.749329031 0.549824357 0.369051754
vn 0.930419385 0.2011365 0.306372136
vn -0 -0.19031699 0.981722713
vn -0 0.492742777 0.870175004
vn -0 0.382735163 0.923858106
vn 0.686538577 0.00219157222 -0.72709012
vn 0.537858546 0.581504107 -0.610377908
vn 0.0895387977 -0.96887219 -0.230801702
vn -0.139678389 -0.955587864 -0.259503067
vn -0.124495924 -0.967749536 -0.219001532
vn -0 -0.998202264 -0.0599353611
vn -0.212860197 -0.97066319 -0.111818686
vn -0.432979435 -0.864957273 -0.253727615
vn -0.10011749 -0.993460894 0.0548815615
vn -0.229889765 -0.973152518 -0.0111737261
vn 0.153971747 -0.979382515 0.130776554
vn -0.235004291 -0.927025735 0.292226374
vn -0 -0.954193354 0.29919073
vn -0 -0.935034573 -0.354556561
vn -0 -0.99499923 0.0998828039
vn -0 -0.998093426 -0.0617212057
vn 0.803940654 0.175356627 0.568268895
vn 0.373077184 0.224508896 0.900227308
vn 0.180017248 0.0769055486 0.980652511
vn 0.775146961 0.127995804 -0.618679404
vn 0.931697428 0.268020838 -0.245162711
vn 0.92082572 0.365746826 0.135311633
vn -0 -0.19031699 0.981722713
vn 0.348805845 0.301145077 -0.887494326
vn 0.686538577 0.00219157222 -0.72709012
vn 0.930419385 0.2011365 0.306372136
vn -1.84692482E-07 -0.222785324 -0.974867523
vn 0.924844563 -0.0805156454 0.37172538
vn 0.833020627 0.173310965 0.525395036
vn 0.860001445 0.10263215 0.499864221
vn 0.78489238 -0.0476538725 0.617797017
vn 0.813705444 -0.147490978 0.56225425
vn 0.732326508 -0.0450092442 0.679464579
vn 0.730162501 -0.0395313427 0.682129085
vn 0.693447173 0.0159080848 0.720331848
vn 0.65872556 0.0466478281 0.750935793
vn 0.641339958 0.035652224 0.766428053
vn 0.618098319 -0.0496111661 0.784533739
vn 0.550358653 0.163146734 0.81883359
vn 0.619231164 -0.164642304 0.76775372
vn 0.722697318 -0.0794412568 0.686584115
vn 0.54396373 0.238578349 0.804477394
vn 0.57457006 0.173360929 0.799884558
vn 0.777018428 -0.180214003 0.603129566
vn 0.608697712 0.0725171119 0.790081203
vn 0.771242738 -0.290081114 0.566601813
vn 0.807889104 -0.534440994 0.248370767
vn 0.820712566 -0.527194858 0.220219195
vn -5.16382613E-07 -0.511537433 0.859260976
vn -5.70678196E-07 -0.793958366 0.607972145
vn 0.634918869 -0.0442522429 0.771310449
vn 0.77855581 -0.484298408 0.399131417
vn 0.646776557 -0.762215316 0.0266068242
vn 0.760924101 -0.210662454 0.613690376
vn 0.711140156 -0.70222795 -0.0339946523
vn 0.820201993 -0.229052007 0.524217308
vn 0.70286113 -0.689305902 -0.17562376
vn 0.90885222 -0.12868239 0.396772534
vn 0.624237478 -0.760608137 -0.178333506
vn 0.856280684 -0.275366843 0.436985731
vn 0.288399994 -0.926556766 -0.241491288
vn 0.286433816 -0.881055415 -0.376426667
vn 0.149326578 -0.860902369 -0.486362785
vn -0 -0.865020454 -0.501736522
vn -0 -0.933760107 -0.357899487
vn -1.94056142E-07 -0.746997595 -0.664826751
vn 0.114994861 -0.766255558 -0.632161856
vn 0.188187659 -0.64878124 -0.737338662
vn -4.17525257E-07 -0.637392581 -0.770539224
vn -1.47572834E-07 -0.552445948 -0.833548725
vn 0.427451581 -0.854354203 -0.295574099
vn 0.50786072 -0.819072068 -0.266830564
vn 0.550638437 -0.821062565 -0.15051116
vn -0 -0.982162297 -0.188035131
vn 1.07465709E-07 -0.998459041 0.0554933026
vn 0.394159734 -0.822204113 -0.410631806
vn -0.140468717 0.989878774 -0.0202116091
vn 0.315422893 0.432730526 -0.844542921
vn 0.724082232 0.449264854 0.523322165
vn 0.728549242 0.302511156 0.614575446
vn -0.0529394858 0.983499706 0.172990754
vn 0.843585849 -0.248068035 0.476261705
vn 0.911158502 -0.205098405 0.357386172
vn 0.764217496 -0.64146167 -0.0670713335
vn 0.743754745 -0.6575194 0.120403752
vn 0.428550154 -0.850563049 -0.304774195
vn -0.0484022088 -0.338755608 -0.939628601
vn 0.692291856 0.186689779 0.697050214
vn 0.789258778 -0.235122159 0.567263722
vn 0.673199356 -0.684711814 0.279235214
vn 0.629358888 -0.388697267 0.672920406
vn 0.383650541 -0.89475137 -0.228543639
vn -0.303218514 -0.348805457 -0.886788189
vn -0.184956461 -0.553653717 -0.811947465
vn 0.215535223 0.802266479 0.556698322
vn -0.594616711 0.440804392 -0.672400534
vn -0.511066079 0.553716183 -0.657426715
vn -0.0529394858 0.983499706 0.172990754
vn 0.215535223 0.802266479 0.556698322
vn -0.465426743 0.574309528 -0.673458636
vn -0.140468717 0.989878774 -0.0202116091
vn 0.488927871 0.795726895 0.35744682
vn 0.473221034 0.805513859 0.356663942
vn 0.268159688 0.871130943 0.411365122
vn 0.201992393 0.875550449 0.438874125
vn 0.121114798 0.832875788 0.540045559
vn 0.0595214292 0.853615224 0.517492294
vn 0.0826765075 0.768387973 0.634621561
vn 0.280314475 0.650863707 0.705549598
vn 0.316408813 0.717913449 0.620069087
vn -0.0510783382 0.814349294 0.578123033
vn 0.0275945626 0.681728959 0.731084287
vn 0.206768379 0.553875506 0.806516409
vn 0.0790636539 0.41989547 0.904122114
vn 0.00876167696 0.489333212 0.872052908
vn 0.0318999216 0.402617246 0.914812386
vn -0.101623669 0.771680474 0.627839029
vn 0.532263637 0.68485558 0.497662753
vn 0.519105136 0.728909969 0.446340799
vn 0.813929141 0.274549097 0.511998177
vn 0.799707651 0.298414469 0.520976484
vn 0.757922888 0.269155353 0.594229162
vn 0.766353428 0.0281103309 0.64180392
vn 0.713926494 -0.167036504 0.680005729
vn 0.599996865 0.170088202 0.781711996
vn 0.595127165 -0.360762298 0.718104601
vn 0.411455512 0.0140639441 0.911321342
vn 0.473092228 -0.368720353 0.800143182
vn 0.262713492 -0.131796256 0.955830216
vn 2.97101383E-06 -0.290921569 0.956746876
vn 0.481414884 -0.421542645 0.768466949
vn 5.11624933E-07 0.0569140352 0.998379052
vn 0.543539107 -0.102102794 0.833150804
vn 0.673674941 -0.545253932 0.498858929
vn -1.46878278E-07 0.313593864 0.949557245
vn 2.25616944E-07 0.258180708 0.96609664
vn 2.54180662E-07 0.177689567 0.984086573
vn -5.85833561E-07 -0.121399991 0.99260366
vn 0.747893751 -0.496905774 0.440158725
vn 0.782539427 -0.435973287 0.444476485
vn 0.822979867 0.164654493 0.543684661
vn 0.830057263 0.0792498663 0.552018583
vn 0.795602977 0.0647990257 0.602342904
vn 0.700707495 0.404648244 0.587595701
vn 0.565047443 0.42235598 0.708757222
vn 0.528539062 0.436812669 0.727901936
vn 0.589373827 0.193933845 0.784237325
vn 0.628233969 0.646525681 0.432812691
vn 0.745161653 0.462157995 0.480774522
vn 0.801473975 0.310019523 0.511397421
vn -0.408067286 0.759200633 -0.507045805
vn 0.265203655 0.746072352 0.61077261
vn 0.310669661 0.608362973 0.730327904
vn 0.928396881 -0.307224274 -0.209027395
vn 0.458796591 0.343287736 -0.81954819
vn 0.0511884615 0.784428656 0.618103147
vn 0.296989143 0.511064053 0.806604564
vn 0.54756844 0.133186907 0.826093197
vn 0.489486277 -0.0839747638 0.867958188
vn 0.567855537 0.148648351 0.80959481
vn 0.671086192 -0.351368487 0.652827322
vn 0.723722517 -0.308540612 0.61727494
vn 0.615213573 0.195055872 0.76384908
vn 0.785645902 -0.298303396 0.542010725
vn 0.272980899 -0.847594619 -0.455043644
vn 0.284381002 -0.797040462 -0.532779396
vn 0.30526346 -0.74901402 -0.588040948
vn -0.275972724 -0.160432965 -0.947681546
vn -0.408067286 0.759200633 -0.507045805
vn 0.928396881 -0.307224274 -0.209027395
vn -0.212023899 -0.265919328 -0.940389693
vn -0.143580362 -0.395725816 -0.907075346
vn -0.11029987 -0.267645419 -0.957183301
vn 0.780861974 -0.236548826 0.578186214
vn 0.779617012 -0.23736757 0.579529047
vn 0.718031943 -0.2700257 0.641495228
vn 0.715611339 -0.271186262 0.643706799
vn 0.634104192 -0.300673455 0.712395549
vn 0.634674609 -0.29850778 0.712798238
vn 0.795069635 -0.226984531 0.562443137
vn 0.649923861 -0.234391108 0.722952127
vn -0 0.151583329 0.988444507
vn 0.248315901 0.197628334 0.948304892
vn 0.237098157 0.184703916 0.953765631
vn 0.215582401 0.10271357 0.971068561
vn -2.00673185E-07 -0.0271130055 0.999632359
vn -0 -0.203892231 0.978993356
vn 0.414452195 0.276844531 0.866940856
vn 0.474823862 0.293624967 0.829654515
vn 0.602202713 0.346589029 0.719185591
vn 0.617576361 0.359553128 0.699514747
vn 0.66728276 0.42126888 0.614220142
vn 0.663937092 0.425596178 0.614862084
vn 0.57934612 0.523712397 0.624566495
vn -0.692787588 0.0791051388 -0.716789961
vn 0.577037692 0.513760805 -0.634883761
vn -0.681636155 0.626330912 0.378261685
vn -0.655949712 0.0168135017 -0.754617333
vn -0.638764024 0.667796433 0.382136643
vn -0.660895288 0.00754801789 -0.75044018
vn -0.599920511 0.701655984 0.384414047
vn -0.744770944 -0.157459304 -0.648477316
vn -0.662943304 0.640946686 0.386902481
vn -0.792999923 -0.255107194 -0.55323714
vn -0.748274684 0.53477329 0.392558783
vn 0.0307147764 0.641847789 0.766216755
vn 0.00880710501 0.556537986 0.83077544
vn -0.855534434 0.388495833 0.342245221
vn -0.934794068 -0.24207896 -0.259918869
vn -0.980499387 0.117999226 0.1571531
vn 0.260868788 0.229889169 0.93760252
vn 0.0765744895 0.645438194 0.759964347
vn 0.0665348992 0.616084158 0.784865201
vn 0.720633805 0.214693382 0.659237146
vn 0.741980255 0.188521087 0.643370152
vn 0.844574213 -0.426383615 -0.323869526
vn 0.861400545 -0.334088832 -0.382588267
vn 0.75090462 0.225782365 0.620616198
vn 0.771155059 -0.57665801 -0.269787908
vn 0.779531181 0.136336967 0.61134553
vn 0.731204569 -0.664439261 -0.154467762
vn 0.823551834 -0.505047083 0.258243769
vn 0.81276381 -0.00239761826 0.582588375
vn -0.106240459 -0.684628427 -0.721108079
vn -0.100797445 -0.534999788 -0.838817716
vn -0.0963146761 -0.402151316 -0.910493135
vn -0.11027994 -0.334061146 -0.936077714
vn -0.792999923 -0.255107194 -0.55323714
vn -0.744770944 -0.157459304 -0.648477316
vn -0.660895288 0.00754801789 -0.75044018
vn -0.655949712 0.0168135017 -0.754617333
vn 0.00551707903 -0.844073176 -0.53619957
vn -0.934794068 -0.24207896 -0.259918869
vn -0.692787588 0.0791051388 -0.716789961
vn -0.146552056 -0.244264036 -0.9585706
vn 0.890066743 -0.246430144 -0.383475304
vn 0.755590618 0.240690216 0.609221697
vn -0.0437922403 0.601716578 0.797508299
vn 0.0317809135 0.602934003 0.797157884
vn 1.09034055E-07 0.806176245 0.59167546
vn 0.751113951 0.526786268 0.397899568
vn 0.765904903 0.518445015 0.380268902
vn -0 0.792647421 0.609680235
vn -0 0.712551892 0.701619506
vn 0.762821019 0.475133121 0.438580304
vn 0.646909177 0.576976597 0.498604506
vn 2.88789664E-07 0.721790075 0.692112088
vn -0 0.396486282 -0.918040633
vn 0.6751858 0.41569531 0.609361589
vn 1.01197251E-07 0.584811926 0.811168969
vn 0.621344447 0.346505374 0.702755332
vn -0 0.479024649 0.877801478
vn 0.89103657 0.349187642 0.290037662
vn 0.812031984 0.299684882 0.500792384
vn 0.983854055 0.162904501 -0.0741174296
vn 0.909381449 -0.0268726218 -0.415094286
vn 0.860629916 0.117936164 -0.495385826
vn 0.773842573 0.207793474 0.598322272
vn -0 -0.27390179 -0.96175766
vn -0 -0.40582341 -0.913951516
vn -1.29765482E-07 -0.449579149 -0.893240511
vn -1.80674283E-06 0.318491846 0.947925627
vn 0.650304794 0.280877233 -0.705841064
vn -0.577127337 0.816642225 0.00440914836
vn -0.421786547 0.10729976 -0.900323749
vn -0.577870607 0.814597607 0.0499631949
vn -0.586301625 0.151833832 -0.79573667
vn -0.734741807 0.403642833 -0.545185208
vn -0.590533614 0.795787871 0.134132862
vn -0.077161245 0.791785479 0.605905831
vn -0.123858362 0.791217983 0.598859966
vn 0.624910593 0.22648029 0.74712348
vn 0.590117991 0.183819011 0.786111534
vn -0.150676668 0.68422401 0.713536382
vn 0.50211066 0.162823588 0.849336982
vn -0.117640972 0.824724615 0.553163528
vn 0.61883086 0.28022936 0.733839154
vn 0.888976812 -0.456463724 -0.0368927494
vn 0.156462982 -0.478781432 -0.863879442
vn 0.125170469 -0.553062797 -0.823683143
vn -0.586301625 0.151833832 -0.79573667
vn -0.421786547 0.10729976 -0.900323749
vn 0.0288160574 -0.593438506 -0.80436331
vn -0.734741807 0.403642833 -0.545185208
vn 0.832086563 -0.55360651 -0.0339380018
vn 0.928396881 -0.307224274 -0.209027395
vn 0.630891919 -0.215270936 0.745408416
vn -0.150942877 0.239731282 0.95903343
vn -0.598493874 0.725591302 0.339591414
vn -0.830507338 0.548044026 0.0995248482
vn -0.11029987 -0.267645419 -0.957183301
vn 0.184083045 -0.78556484 -0.59076333
vn 0.882621884 0.406992286 -0.235235989
vn 0.915318251 0.293007433 -0.276295304
vn 0.963372767 0.15690811 -0.217469051
vn 0.774756491 0.571972489 -0.269443572
vn 0.848289311 0.340132713 -0.405850887
vn 0.534490228 0.716341674 -0.448525041
vn 0.573398888 0.387154013 -0.722028673
vn -0 0.757260263 -0.653113246
vn -3.05509872E-07 0.412774056 -0.910833478
vn 0.398994029 0.915254533 -0.0557929911
vn 0.341906875 0.934933245 -0.0948660597
vn -0 0.99903965 -0.0438154638
vn -0 0.987324655 -0.158713654
vn 0.946966469 -0.0625219494 -0.315191329
vn 0.937856078 0.0530469865 -0.342946142
vn 0.801535428 -0.320044875 -0.505086362
vn 0.699538469 -0.3926889 -0.597027004
vn 0.837231994 -0.0378266126 -0.545538008
vn 0.474174619 -0.34559378 -0.809767425
vn 0.552795827 0.000524629955 -0.833316565
vn -2.70566773E-07 0.0345076397 -0.99940443
vn -0 -0.319318205 -0.947647572
vn 0.452336371 -0.457454532 -0.765589416
vn 0.660518348 -0.452100396 -0.59943372
vn -2.83833856E-07 -0.459579647 -0.888136566
vn 0.834101975 0.0863951519 -0.544802487
vn 0.879335225 0.21743378 -0.423665226
vn 0.394159734 -0.822204113 -0.410631806
vn 0.80767411 -0.443456233 -0.388598859
vn 0.50786072 -0.819072068 -0.266830564
vn 0.980540156 0.185107663 0.0653923526
vn -2.83833856E-07 -0.459579647 -0.888136566
vn -2.35131239E-07 -0.2722013 -0.962240338
vn 0.452336371 -0.457454532 -0.765589416
vn 0.594160259 -0.223393008 -0.772702515
vn 0.660518348 -0.452100396 -0.59943372
vn 0.80767411 -0.443456233 -0.388598859
vn 0.95450145 -0.149799377 -0.257851005
vn 0.78222245 -0.336296469 0.524435639
vn 0.677613616 -0.00743908854 0.73538053
vn 3.72091478E-07 -0.303540081 0.952818692
vn 2.40382633E-07 0.0929555446 0.995670319
vn 0.550638437 -0.821062565 -0.15051116
vn 0.50786072 -0.819072068 -0.266830564
vn 1.07465709E-07 -0.998459041 0.0554933026
vn -0.214308873 -0.0437955074 0.975783587
vn 0.0463776514 -0.128232837 0.990659058
vn 0.0382397845 -0.147842482 0.988271415
vn 0.286031395 -0.245397985 0.926264465
vn -0.282700926 -0.151246995 0.947208822
vn -0.0143618509 -0.271985024 0.962194324
vn -0.356730014 -0.219391868 0.908080876
vn -0.0540357195 -0.362629533 0.930365503
vn 0.00222049328 -0.233335719 0.972393692
vn -0.466193229 -0.0221909769 0.88440454
vn -0.433245093 -0.0756443813 0.898096085
vn -0.0144037874 -0.272081107 0.962166548
vn -0.0737333223 -0.406657994 0.910600185
vn 0.405642062 -0.413656861 0.815072119
vn 0.463350356 -0.396731645 0.792408049
vn 0.254461735 -0.465659231 0.847591162
vn 0.255635172 -0.368158907 0.893929362
vn -0.259605348 0.0163645428 0.965576172
vn 0.0587187 -0.0982819498 0.993424773
vn 0.0526666157 -0.113003559 0.992197752
vn 0.357659787 -0.232351735 0.904484451
vn -0.0121163353 -0.266777098 0.963682115
vn 0.305222392 -0.380644619 0.87289691
vn -0.0653442964 -0.387990117 0.919344187
vn 0.242911384 -0.489516318 0.837477028
vn -0.0632773191 -0.383368671 0.921425223
vn -0.366681963 -0.243893787 0.897808492
vn -0.329857856 -0.124751188 0.935751498
vn -0.440046221 -0.0762088299 0.894735456
vn 0.139853209 0.105261154 0.984561384
vn -0.0135342283 -0.270064145 0.962747216
vn 0.409491092 -0.418512076 0.810656905
vn -0.142555803 -0.5550825 0.819488406
vn -0.352918208 0.177232847 0.918715
vn 0.118286967 0.0499746278 0.991721094
vn 0.100015573 0.00382802892 0.994978547
vn 0.526243985 -0.177010968 0.831705689
vn -0.0152262086 -0.273985088 0.961613417
vn 0.452360004 -0.429368168 0.781673491
vn -0.0673077703 -0.392368466 0.917342126
vn 0.39991051 -0.525754333 0.7507689
vn -0.0626180768 -0.381896883 0.922081232
vn -0.517125607 -0.156253204 0.841526031
vn -0.482683241 -0.0526098981 0.874213398
vn 0.214309305 -0.0437964909 0.975783527
vn -0.038240023 -0.147843301 0.988271236
vn -0.0463780798 -0.128233701 0.990658998
vn -0.286031127 -0.245398238 0.926264465
vn 0.0143621434 -0.271985888 0.962194026
vn -0.255635589 -0.36815986 0.893928826
vn 0.0540360659 -0.362630546 0.930365086
vn -0.254462123 -0.465660691 0.847590148
vn -0.46334967 -0.396731734 0.792408347
vn -0.00222024042 -0.233336538 0.972393513
vn 0.0144032985 -0.272080898 0.962166607
vn -0.405642688 -0.413657635 0.815071404
vn 0.0737317279 -0.406658173 0.910600185
vn 0.433242977 -0.0756440088 0.898097157
vn 0.466191471 -0.0221917443 0.884405434
vn 0.356730878 -0.21939227 0.908080399
vn 0.28270191 -0.151247621 0.947208405
vn 0.259605497 0.0163637139 0.965576112
vn -0.0526670814 -0.113004096 0.992197692
vn -0.0587189198 -0.0982834399 0.993424654
vn -0.357661039 -0.232351735 0.904483974
vn 0.329858869 -0.124752134 0.935751081
vn 0.0121162664 -0.266778082 0.963681817
vn 0.366683334 -0.24389492 0.897807658
vn 0.0653463826 -0.387991816 0.919343293
vn 0.0632802024 -0.383371115 0.921424031
vn -0.242910355 -0.489518672 0.837475955
vn -0.305223078 -0.380645514 0.872896314
vn 0.440045416 -0.0762105361 0.894735694
vn 0.0135328835 -0.270065457 0.962746859
vn -0.139855087 0.105260558 0.984561205
vn -0.409492046 -0.418513417 0.810655832
vn 0.142555267 -0.555083811 0.819487572
vn 0.352917105 0.177230701 0.918715835
vn -0.100014456 0.00382665568 0.994978607
vn -0.118284054 0.0499727242 0.99172157
vn -0.526242256 -0.17701152 0.831706703
vn 0.482682526 -0.0526110716 0.874213696
vn 0.0152262654 -0.273985475 0.961613297
vn 0.51712501 -0.156253263 0.841526389
vn 0.0673069134 -0.392368376 0.917342246
vn 0.0626156032 -0.381898016 0.922080874
vn -0.399911523 -0.525754035 0.750768602
vn -0.452359438 -0.429368287 0.78167367
vn 0.270850301 -0.144281179 0.951747358
vn -0 -0.147326574 0.989087939
vn -0 -0.126161039 0.992009759
vn -0.27085042 -0.144281238 0.951747298
vn -0 -0.281445116 0.959577382
vn -0.291419625 -0.26871267 0.918078482
vn -0 -0.379528731 0.925179958
vn -0.330858946 -0.358498961 0.872932315
vn -0.503190041 -0.215562373 0.836858809
vn -0 -0.239665255 0.970855594
vn -0 -0.281548351 0.959547043
vn -0.454114139 -0.253267586 0.85418731
vn -0 -0.427221686 0.904146969
vn 0.454114348 -0.253267735 0.854187071
vn 0.503189862 -0.215562433 0.836858869
vn 0.330858916 -0.358498961 0.872932374
vn 0.291419625 -0.26871261 0.918078482
vn 0.334144294 -0.105024509 0.936652303
vn -0 -0.109729327 0.993961513
vn -0 -0.0938508734 0.995586276
vn -0.334143996 -0.105024561 0.936652362
vn 0.343788564 -0.261359394 0.90194273
vn 1.06628242E-07 -0.275813013 0.961211264
vn 0.329991788 -0.384683877 0.862046242
vn -0 -0.40699631 0.913429797
vn -0 -0.401990891 0.915643692
vn -0.329991788 -0.384683877 0.862046242
vn -0.343788356 -0.261359394 0.90194279
vn 0.459879458 -0.256236583 0.850208044
vn 1.26553232E-07 -0.279368132 0.960184038
vn -0 0.125420019 0.992103755
vn -0.459879309 -0.256236523 0.850208163
vn -0 -0.588300526 0.808642328
vn 0.475915223 0.0107586654 0.879425347
vn -0 0.0162214264 0.999868393
vn -0 0.0659207925 0.997824848
vn -0.475915134 0.0107583124 0.879425406
vn 0.506164908 -0.24967061 0.825506926
vn -0 -0.283607453 0.958940506
vn 0.49641636 -0.357851952 0.790893674
vn -0 -0.41173777 0.911302388
vn -0 -0.400393009 0.91634351
vn -0.496416301 -0.357851803 0.790893734
vn -0.506164789 -0.24967055 0.825506985
vn 0.0424288213 0.341369778 0.938970983
vn 0.0798401758 0.0163877755 0.996672988
vn 0.0754223242 -0.0333295316 0.996594489
vn 0.0989531577 -0.302692056 0.947937608
vn 0.0578854047 -0.0228361804 0.998062015
vn 0.071106039 0.296085179 0.952511132
vn 0.0711654127 0.241247565 0.967850745
vn 0.0189370401 0.010592035 0.999764562
vn 0.0664089546 0.216213256 0.974085033
vn -0.0355761945 0.00108740944 0.999366343
vn -0.0916494653 -0.172356173 0.980761826
vn -0.0821587294 -0.176823303 0.980807543
vn 0.0165837053 -0.286715358 0.957872272
vn 0.0492429771 -0.290119022 0.955722809
vn 0.00298036216 0.185967088 0.982551455
vn -0.0486138575 0.0398339704 0.998023033
vn -0.115178853 -0.116112873 0.986535192
vn -0.160169065 0.134279177 0.977913558
vn -0.0867157504 -0.0747788548 0.993422627
vn -0.0652077496 0.00138355 0.997870743
vn -0.0163547713 0.20550175 0.978520095
vn -0.000603825261 0.314043254 0.949408472
vn -0.0326054655 -0.0153218498 0.999350846
vn -0.0934064239 0.0313896388 0.995133102
vn -0.038019944 0.314575672 0.948470652
vn 0.0616749674 0.0131721385 0.998009384
vn 0.0880739167 0.31722638 0.944251239
vn 0.12614572 0.0291825887 0.991582394
vn 0.187795907 0.309899271 0.932038188
vn 0.158162877 -0.058120355 0.985701025
vn 0.0140299303 -0.387414694 0.921798766
vn -0.0877435803 0.0140764127 0.996043622
vn -0.143833295 -0.266899079 0.952930689
vn -0.0662302896 -0.293398321 0.95369333
vn 0.0163372904 -0.343223512 0.93911165
vn -0.116353124 -0.423343182 0.898466766
vn -0.16930522 0.0119467014 0.985491276
vn -0.0931585431 -0.0177817345 0.995492458
vn -0.0505834185 0.396149367 0.916791677
vn -0.0771279037 -0.0493486337 0.995799184
vn -0.0750737041 0.329034656 0.941328943
vn -0.0245566368 -0.014688272 0.999590516
vn -0.0763795376 0.29115814 0.95362103
vn 0.0455952585 0.0500560254 0.997705102
vn -0.0046203793 0.315528631 0.948904812
vn 0.120312221 0.362186342 0.92430836
vn 0.10481856 0.0389060229 0.993730068
vn 0.110367112 -0.0333225653 0.993332148
vn 0.188226804 0.390121073 0.901319146
vn 0.160691574 0.213892832 0.963549733
vn 0.0453937389 -0.205451638 0.977613986
vn 0.0227199495 -0.378811449 0.925194919
vn -0.0419634022 -0.348743618 0.936278224
vn 0.0345227048 -0.304239601 0.951969743
vn 0.0713912919 -0.303719401 0.950083077
vn 0.0526750535 -0.344259381 0.937395751
vn 0.235748157 0.192780003 0.952501297
vn 0.0658318922 -0.0487485044 0.996639252
vn 0.0913520381 -0.0302254688 0.995359838
vn -0.0710928962 -0.25151822 0.965237975
vn -0.134903684 -0.261189282 0.955814362
vn 0.00826735701 -0.0430127941 0.999040306
vn -0.235449642 -0.224368721 0.945633233
vn -0.0749232918 -0.00840843096 0.997153878
vn -0.129706472 0.0385547392 0.990802586
vn -0.316659302 -0.146161661 0.93721056
vn -0.0888284221 0.144812807 0.985463738
vn 0.176004365 0.339935303 0.923832476
vn 0.195477277 0.242849782 0.950164497
vn 0.171043217 0.290739447 0.941389799
vn 0.145542637 0.293402135 0.9448452
vn -0.0721213594 0.0875825807 0.993543029
vn -0.123141572 0.119941883 0.985114276
vn -0.24268505 -0.107057117 0.964179814
vn -0.202510118 -0.102328464 0.973919153
vn -0.0227892082 0.068959415 0.997359157
vn -0.176760837 -0.126432717 0.97609961
vn -0.0163839273 0.00250246399 0.999862611
vn -0.00450260146 -0.0309898723 0.999509573
vn -0.166515633 -0.165601507 0.972033322
vn -0.154775679 -0.206730679 0.966078103
vn 0.0186478347 -0.0416443236 0.998958468
vn 0.0288044345 -0.0428008437 0.998668313
vn -0.151617751 -0.244412005 0.957744658
vn 0.0340353437 -0.027612444 0.999039114
vn -0.15839 -0.27552861 0.948154271
vn 0.0336482264 -0.021488864 0.999202669
vn 0.208408684 0.22965534 0.950696707
vn 0.21943824 0.174802095 0.959839106
vn 0.205511957 0.146768302 0.967586637
vn 0.187443852 0.13862741 0.972443938
vn 0.168943271 0.148160294 0.974426329
vn 0.150573939 0.199407101 0.968279004
vn 0.0187591724 0.504314005 0.863316596
vn 0.123055883 0.446080595 0.886492729
vn -0.0447726324 0.0685206652 0.996644557
vn -0.116195545 0.100601926 0.988118351
vn 0.195778877 0.359156966 0.912511349
vn 0.0382226706 -0.0100588286 0.999218583
vn 0.0879968107 -0.0288350321 0.99570328
vn 0.215888992 0.278004467 0.936005056
vn 0.104707472 -0.0558650047 0.992932737
vn -0.0769237131 -0.398283064 0.914031327
vn -0.196656287 0.0284727197 0.980058968
vn -0.25266242 -0.43054992 0.86648047
vn -0.219957232 -0.410025299 0.885154247
vn -0.143556386 -0.405554444 0.902727604
vn -0.0424287654 0.341370225 0.938970804
vn -0.0754222944 -0.0333296582 0.996594489
vn -0.079840444 0.0163875893 0.996672928
vn -0.0989531949 -0.302692503 0.947937489
vn -0.0492429435 -0.290118963 0.955722868
vn -0.0578853376 -0.0228360109 0.998062015
vn -0.0189370345 0.0105920443 0.999764562
vn -0.0165837053 -0.286715329 0.957872272
vn 0.0821588039 -0.176823452 0.980807543
vn -0.0711654127 0.24124755 0.967850745
vn -0.0711059421 0.296085119 0.952511132
vn 0.0326055475 -0.0153217046 0.999350846
vn 0.0934063792 0.031389609 0.995133102
vn 0.143832952 -0.266898781 0.952930748
vn 0.0662302375 -0.293398201 0.95369333
vn -0.0163371433 -0.343223542 0.93911171
vn -0.061674688 0.0131719895 0.998009384
vn -0.0140302395 -0.387414694 0.921798766
vn -0.126145348 0.0291821063 0.991582453
vn -0.158163249 -0.0581219383 0.985700846
vn -0.187795252 0.30989942 0.932038248
vn 0.0877436697 0.0140752969 0.996043622
vn 0.0380201451 0.314575732 0.948470652
vn 0.000603896158 0.314043283 0.949408472
vn -0.0880735964 0.31722635 0.944251239
vn -0.0664089769 0.216213405 0.974085033
vn 0.0486139245 0.0398335271 0.998023033
vn -0.00298005086 0.185966671 0.982551515
vn 0.115178853 -0.116112873 0.986535192
vn 0.160169274 0.134278983 0.977913558
vn 0.0355762504 0.0010874354 0.999366343
vn -0.0189370345 0.0105920443 0.999764562
vn -0.0711654127 0.24124755 0.967850745
vn 0.0821588039 -0.176823452 0.980807543
vn 0.0916495845 -0.172356293 0.980761766
vn 0.0867160186 -0.0747789666 0.993422568
vn 0.0652079806 0.00138349214 0.997870684
vn 0.0163548458 0.205501735 0.978520095
vn 0.116352983 -0.423343271 0.898466706
vn 0.0931585953 -0.017782012 0.995492458
vn 0.169304892 0.0119467024 0.985491335
vn 0.0505836047 0.396149248 0.916791677
vn 0.0419633053 -0.348743409 0.936278343
vn 0.0771278813 -0.0493488498 0.995799184
vn -0.0345228799 -0.304239452 0.951969862
vn 0.0245565269 -0.0146883829 0.999590516
vn -0.0713913813 -0.30371955 0.950082958
vn -0.0455953851 0.0500556007 0.997705102
vn -0.104818724 0.0389060676 0.993730068
vn -0.0526749082 -0.34425956 0.937395692
vn -0.0227198228 -0.378811479 0.925194919
vn -0.110367216 -0.0333224162 0.993332148
vn -0.0453930274 -0.205451548 0.977614045
vn -0.160690323 0.213892832 0.963549972
vn -0.188227177 0.390121847 0.901318729
vn 0.0750738233 0.329034448 0.941328943
vn 0.0763795227 0.291157901 0.953621149
vn 0.0046203034 0.315528363 0.948904872
vn -0.120312564 0.362186372 0.92430836
vn -0.235748529 0.192780271 0.952501118
vn -0.0913523138 -0.030225303 0.995359838
vn -0.0658321157 -0.0487486497 0.996639252
vn 0.0710927099 -0.25151816 0.965238035
vn -0.00826790743 -0.0430121198 0.999040306
vn -0.195478007 0.242850572 0.950164139
vn 0.0749229491 -0.00840779115 0.997153878
vn -0.171043783 0.290740252 0.941389501
vn -0.176004291 0.339935571 0.923832417
vn 0.129706696 0.0385546461 0.990802526
vn 0.0888288394 0.144812077 0.985463858
vn 0.31665951 -0.146161824 0.937210441
vn 0.134903505 -0.261189073 0.955814481
vn 0.235449702 -0.224368498 0.945633233
vn -0.14554283 0.293402314 0.94484514
vn 0.123141855 0.119941361 0.985114276
vn 0.0721208006 0.0875827819 0.993543029
vn 0.242684528 -0.107057132 0.964179933
vn 0.022789048 0.0689595565 0.997359097
vn -0.150573701 0.199407101 0.968279064
vn 0.0163840633 0.00250237482 0.999862611
vn -0.168943167 0.148160174 0.974426329
vn -0.187443644 0.138627455 0.972443938
vn 0.0045025968 -0.0309898127 0.999509573
vn -0.018647721 -0.0416443273 0.998958468
vn -0.205511689 0.146768332 0.967586696
vn -0.21943827 0.17480202 0.959839106
vn -0.028804278 -0.0428010188 0.998668313
vn -0.208408818 0.229655221 0.950696707
vn -0.0340350047 -0.0276128557 0.999039114
vn -0.0336475447 -0.0214896761 0.999202728
vn 0.158390552 -0.275528938 0.948154151
vn 0.15161787 -0.24441196 0.957744598
vn 0.154775843 -0.206730947 0.966078043
vn 0.166515827 -0.165601701 0.972033203
vn 0.176760897 -0.126432747 0.976099551
vn 0.20250985 -0.102328487 0.973919213
vn 0.116195567 0.100601934 0.988118351
vn 0.25266242 -0.430550009 0.86648047
vn 0.219957203 -0.410025239 0.885154307
vn 0.0447726175 0.0685207471 0.996644557
vn -0.038222637 -0.0100588063 0.999218583
vn 0.143556342 -0.405554354 0.902727664
vn 0.0769237727 -0.398283452 0.914031208
vn -0.0879966766 -0.0288351905 0.99570334
vn -0.104707465 -0.055865217 0.992932737
vn -0.215888798 0.278004408 0.936005116
vn 0.196655989 0.0284732617 0.980059028
vn -0.0187592711 0.504314423 0.863316357
vn -0.123056009 0.446081012 0.886492491
vn -0.195778713 0.359156936 0.912511349
vn 0.0246165544 0.374026597 0.927091241
vn 0.104207031 0.0268346369 0.994193554
vn 0.109652072 0.0253874175 0.993645787
vn 0.174467593 -0.292087376 0.940343559
vn 0.0351164788 0.364581615 0.930509031
vn 0.0965508521 0.0215067919 0.99509567
vn 0.0715079829 -0.00616076589 0.997421026
vn 0.0308948308 0.349802107 0.936314046
vn 0.00169374875 -0.00184045918 0.999996901
vn -0.0404403619 0.325311035 0.944741905
vn -0.0726219937 -0.0290965214 0.99693501
vn -0.100218549 0.312550217 0.944599688
vn -0.0944900662 -0.04429603 0.994539857
vn -0.0790349692 0.360723108 0.92931819
vn -0.111935593 -0.00769357337 0.993685663
vn -0.0349580161 0.438459873 0.898070633
vn -0.135039464 0.0236414727 0.990558147
vn -0.161730006 -0.435243398 0.885667324
vn -0.081586726 -0.373682022 0.923961759
vn -0.0350021273 -0.343602836 0.938462555
vn 0.0410837047 -0.32156986 0.945994139
vn 0.0998124182 -0.304564536 0.947247565
vn 0.146428809 -0.295125663 0.944171309
vn 0.0879386216 0.182633191 0.979240537
vn 0.0675167516 0.00202544453 0.997716129
vn 0.0515833832 0.146924242 0.98780179
vn 0.0175942127 -0.358338594 0.933425903
vn 0.186345384 -0.0406191573 0.981644273
vn 0.017713258 -0.0155011127 0.999722958
vn -0.0134677002 0.193129912 0.98108077
vn -0.00968224462 -0.00415193103 0.999944508
vn -0.0299655311 0.183481783 0.982566297
vn -0.0353285223 0.172754377 0.984331131
vn -0.0299082026 -0.0193491187 0.99936533
vn -0.0338112898 -0.0254208595 0.999104857
vn -0.0189452209 0.16116865 0.986745
vn 0.0061372295 0.156320512 0.987687349
vn -0.0316651054 -0.0101135531 0.999447405
vn -0.0281924587 -0.0124621615 0.999524832
vn 0.0464551449 0.191868648 0.980320513
vn 0.0724948868 0.253341496 0.96465677
vn -0.0384842828 0.0182397012 0.999092758
vn -0.0630189478 0.0245657135 0.99770993
vn -0.136144698 -0.243327796 0.960341692
vn -0.072885558 -0.179077774 0.981131375
vn -0.0562311634 -0.174461514 0.983057082
vn -0.0339035727 -0.185250759 0.982106209
vn -0.0179026294 -0.201182544 0.979390144
vn 0.0137263928 -0.191832334 0.981331706
vn 0.0231857076 -0.187531963 0.981984794
vn 0.0837830603 0.0169078726 0.996340573
vn -0.00497816922 -0.243659541 0.969848037
vn 0.0817302242 0.0293960273 0.996220887
vn 0.147107139 0.179687396 0.97266227
vn 0.168516919 0.212264121 0.962572575
vn 0.092150718 -0.0358684026 0.995098829
vn 0.0817915499 -0.0308043156 0.996173263
vn -0.00922807399 -0.261274487 0.965220451
vn 0.121057332 0.250671297 0.960473359
vn 0.0201750584 -0.0175546203 0.999642313
vn 0.0684804767 0.304995924 0.949888408
vn -0.0606740676 0.0163350329 0.998023987
vn -0.0988603979 0.0612763986 0.993212879
vn 0.0474930294 0.353463739 0.934241831
vn -0.08421579 0.0437863097 0.995485008
vn -0.244693831 -0.273033649 0.930364192
vn -0.168283239 -0.264116675 0.949696302
vn -0.0763121396 -0.261981547 0.962050974
vn -0.109980732 -0.387377858 0.915337443
vn 0.111936629 -0.0135039026 0.993623614
vn 0.09345036 -0.0596207641 0.993837237
vn 0.256906122 0.2662265 0.929043949
vn 0.0496478565 -0.0257775486 0.998434067
vn 0.198830366 0.253078252 0.946793497
vn 0.116104878 0.249833539 0.961302638
vn -0.0141652487 0.01412101 0.999799967
vn -0.0488379784 0.0483319797 0.997636616
vn 0.0525674187 0.251675069 0.9663831
vn -0.0736729726 0.0216236264 0.997047961
vn -0.156822279 -0.189286947 0.969317913
vn -0.145113572 -0.228519872 0.962663352
vn -0.11674013 -0.309252352 0.943787396
vn -0.079537347 0.0383078568 0.996095538
vn -0.056357123 0.019984208 0.998210669
vn -0.172029898 -0.222080797 0.959732175
vn -0.224926874 -0.255434483 0.940298438
vn -0.110207871 -0.181890935 0.97712326
vn -0.0233668052 0.0144688869 0.999622285
vn -0.0781690404 -0.159870178 0.984038174
vn -0.00976583827 -0.00153329584 0.999951124
vn -0.0520883501 -0.152692616 0.986900032
vn -0.00421226304 -0.0206098743 0.999778688
vn -0.030456122 -0.156020075 0.987284243
vn 0.013014215 -0.0177585501 0.999757588
vn 0.0743272454 -0.00822843332 0.997199953
vn 0.190641448 0.0504824631 0.980360866
vn 0.0819984376 -0.00390857458 0.996624768
vn 0.00569694955 -0.160916492 0.98695159
vn 0.0636523515 0.102337152 0.992711186
vn -0.045172669 -0.333385319 0.94170785
vn 0.0597239025 -0.0144270407 0.998110652
vn 0.158520252 0.283681095 0.945725322
vn 0.0240509026 0.17747663 0.983831108
vn 0.0464238189 0.156749099 0.986546814
vn 0.0616476573 0.151459053 0.986539245
vn 0.0647481233 0.167188853 0.983796477
vn 0.0659908876 0.200755253 0.977416277
vn 0.0672606453 0.255017728 0.964594185
vn 0.0631702915 0.293786019 0.953781545
vn -0.0980489478 0.0492726974 0.993961036
vn -0.0407391936 0.0436622389 0.998215377
vn -0.0489345789 0.0140349241 0.998703361
vn -0.210106075 -0.229330078 0.950401604
vn -0.261838675 -0.268807113 0.926921368
vn -0.0409108363 0.0103905406 0.999108791
vn -0.177523538 -0.228661954 0.957182884
vn -0.0368476659 0.00456484081 0.999310493
vn -0.157780707 -0.237724975 0.958432138
vn -0.152526945 -0.256286323 0.95449084
vn -0.0331951566 0.00989875291 0.999399841
vn -0.174510792 -0.295211166 0.939359546
vn -0.0310412869 0.00933685061 0.999474466
vn -0.162221074 -0.344760984 0.924566984
vn -0.00665139779 -0.0115551073 0.999911129
vn -0.105657764 -0.36179176 0.926252246
vn 0.048932597 -0.0304143485 0.998338938
vn -0.0906782523 0.0478053913 0.994732141
vn 0.160401523 0.311683059 0.936549544
vn -0.0550885722 -0.329154134 0.942667902
vn 0.0964361653 -0.0241954103 0.995045066
vn -0.0612982549 -0.267032653 0.961735964
vn 0.0835597515 -0.0121077914 0.996429205
vn 0.0457177944 -0.022444021 0.998702228
vn 0.231046975 0.279227555 0.932013512
vn 0.255784392 0.337289989 0.905985534
vn 0.222254097 0.355693847 0.907791257
vn 0.156813934 0.336577058 0.92850703
vn 0.10489843 0.29830724 0.94868809
vn 0.0872771889 0.265259236 0.960218847
vn 0.096200794 0.248166353 0.963928878
vn 0.105228804 0.241177261 0.96475929
vn 0.130187914 0.258418262 0.957220554
vn -0.0246165413 0.37402311 0.927092612
vn -0.109651722 0.0253873616 0.993645847
vn -0.104206823 0.0268319361 0.994193614
vn -0.174467877 -0.292087525 0.940343499
vn -0.0351163 0.364580929 0.930509329
vn -0.0965506136 0.0215067789 0.99509567
vn -0.0715077892 -0.0061607887 0.997421026
vn -0.0308947805 0.349801987 0.936314106
vn 0.0404403657 0.325311005 0.944741905
vn -0.00169374025 -0.00184094615 0.999996901
vn 0.100218691 0.312550098 0.944599688
vn 0.0726219043 -0.0290969592 0.99693501
vn 0.0790351406 0.360723078 0.92931819
vn 0.0944900513 -0.0442953818 0.994539857
vn 0.0349580944 0.438461065 0.898070037
vn 0.11193534 -0.00769190304 0.993685722
vn 0.135039121 0.0236452352 0.990558088
vn 0.161729515 -0.435242116 0.885668039
vn -0.146428838 -0.295126259 0.944171131
vn -0.0998121649 -0.304564834 0.947247505
vn -0.0410834998 -0.321569711 0.945994198
vn 0.0350018851 -0.343602329 0.938462734
vn 0.0815867037 -0.373681366 0.923961997
vn -0.0523056537 0.434751391 0.899030268
vn -0.05696778 0.163695708 0.984864712
vn -0.0999611616 0.207159474 0.97318691
vn 0.0259665977 0.196625367 0.980134785
vn -0.00860348716 -0.0203231014 0.999756396
vn 0.00534983305 -0.00388178718 0.999978125
vn 0.0226567667 0.20002012 0.979529798
vn 0.0381227881 0.192836225 0.980490088
vn 0.028070448 -0.0188010782 0.999429107
vn 0.0459273271 -0.0284245089 0.998540342
vn 0.0493441336 -0.205757126 0.977358282
vn 0.00843399391 -0.214653254 0.976653874
vn 0.0292408671 0.165878326 0.985712647
vn -0.00613710564 0.156320438 0.987687349
vn 0.0316650867 -0.0101133185 0.999447405
vn 0.0281927381 -0.0124622053 0.999524832
vn -0.046455007 0.19186841 0.980320573
vn -0.0724948421 0.253341317 0.96465677
vn 0.0384847708 0.0182388015 0.999092758
vn 0.0630190969 0.0245653093 0.99770993
vn 0.136145517 -0.243328452 0.960341454
vn 0.0562311523 -0.174461439 0.983057082
vn 0.0728856474 -0.179077551 0.981131434
vn -0.013740235 -0.202119067 0.979264557
vn -0.0146397362 -0.202995285 0.979070306
vn -0.093027547 0.0188811962 0.995484471
vn 0.00533042988 -0.272124946 0.962247133
vn -0.0917958692 0.0330441967 0.995229423
vn -0.164001569 0.200608507 0.965846658
vn -0.207777366 -0.0457664244 0.977104902
vn -0.0189301278 -0.37986663 0.924847543
vn -0.0741189197 -0.00720114773 0.997223437
vn -0.0616476871 0.151459247 0.986539245
vn 0.0042122961 -0.0206098501 0.999778688
vn -0.0130140698 -0.0177585967 0.999757588
vn -0.0464237742 0.15674907 0.986546814
vn -0.064748086 0.167189017 0.983796477
vn 0.00976581313 -0.0015332069 0.999951124
vn -0.065990977 0.200755447 0.977416217
vn 0.0233667325 0.0144689959 0.999622285
vn -0.0672608539 0.255018026 0.964594066
vn 0.0563569777 0.0199844968 0.998210669
vn -0.0631702766 0.293786347 0.953781486
vn 0.0795373395 0.0383080952 0.996095538
vn 0.0980487093 0.0492732115 0.993961036
vn 0.224926889 -0.255434543 0.940298378
vn -0.0636522248 0.102337167 0.992711186
vn -0.0240507573 0.1774766 0.983831108
vn -0.158520743 0.283682048 0.945724905
vn -0.0597241633 -0.0144269653 0.998110652
vn 0.0451729558 -0.333386391 0.941707432
vn -0.190640867 0.0504826196 0.980360925
vn -0.0743269473 -0.00822850969 0.997199953
vn -0.0819983333 -0.00390842138 0.996624827
vn -0.00569699844 -0.160916373 0.986951649
vn 0.0304562096 -0.156020105 0.987284243
vn 0.0520884134 -0.152692631 0.986900032
vn 0.078168951 -0.159870103 0.984038174
vn 0.110207751 -0.181890875 0.97712332
vn 0.172030121 -0.222080901 0.959732115
vn -0.16851671 0.212264702 0.962572515
vn -0.0817911774 -0.0308038276 0.996173322
vn -0.0921499506 -0.0358694121 0.995098829
vn 0.0092285201 -0.26127404 0.965220571
vn -0.020175131 -0.0175540224 0.999642313
vn 0.0763121247 -0.26198104 0.962051153
vn 0.0606740378 0.0163349789 0.998023987
vn 0.168283105 -0.264116406 0.949696422
vn 0.244694799 -0.273034126 0.930363834
vn 0.0988609791 0.0612757728 0.993212879
vn 0.08421731 0.0437846817 0.995484948
vn -0.0474928245 0.353462994 0.934242129
vn -0.0684802979 0.304995209 0.949888647
vn -0.121057212 0.250671327 0.960473359
vn 0.109981105 -0.387377828 0.915337384
vn -0.093450442 -0.0596207455 0.993837237
vn -0.111936525 -0.0135029582 0.993623614
vn -0.256906509 0.266228139 0.929043353
vn 0.1167401 -0.309252501 0.943787396
vn -0.0496479087 -0.0257775355 0.998434067
vn 0.0141651584 0.0141211329 0.999799967
vn 0.145113677 -0.228520289 0.962663233
vn 0.156822428 -0.189287215 0.969317853
vn 0.0488380454 0.0483325273 0.997636616
vn 0.0736727268 0.0216236021 0.99704802
vn -0.0525674559 0.251676381 0.966382802
vn -0.116105333 0.249834314 0.961302459
vn -0.198830813 0.253078967 0.946793199
vn -0.160401419 0.311682194 0.936549842
vn 0.0407394134 0.0436616167 0.998215377
vn 0.0489345193 0.0140352566 0.998703361
vn -0.130188152 0.258418769 0.957220316
vn -0.105229199 0.241178215 0.964758933
vn 0.0409107581 0.0103906654 0.999108791
vn -0.096200861 0.248166353 0.963928878
vn 0.0368476138 0.00456496747 0.999310493
vn 0.0331949517 0.00989902485 0.999399841
vn -0.0872771591 0.265259027 0.960218906
vn 0.0310412794 0.0093370406 0.999474466
vn -0.104898266 0.298306853 0.948688269
vn 0.00665128743 -0.011555043 0.999911129
vn -0.15681383 0.33657679 0.92850709
vn -0.0489330217 -0.0304141678 0.998338938
vn -0.222254351 0.355693907 0.907791138
vn 0.0906794593 0.0478035845 0.994732141
vn -0.0964364186 -0.0241950676 0.995045006
vn -0.255785316 0.337291062 0.905984879
vn -0.0835598558 -0.0121075399 0.996429205
vn -0.231046945 0.279227525 0.932013571
vn -0.0457176082 -0.0224443041 0.998702228
vn 0.0612981766 -0.267032623 0.961735964
vn 0.0550884567 -0.329153806 0.94266808
vn 0.105657756 -0.361791939 0.926252127
vn 0.162221104 -0.344761312 0.924566925
vn 0.174510792 -0.295210838 0.939359665
vn 0.152526811 -0.256286114 0.95449096
vn 0.157780558 -0.237724736 0.958432138
vn 0.17752336 -0.228661433 0.957183063
vn 0.210105702 -0.229330018 0.950401723
vn 0.261838585 -0.268806845 0.926921487
vn 0.0122207962 0.2670196 -0.963613629
vn 0.0122207943 0.2670196 -0.963613629
vn 0.0122208176 0.267018884 -0.963613808
vn 0.0122208288 0.267019242 -0.963613689
vn 0.0122208316 0.267019272 -0.963613689
vn 0.0122211613 0.267019033 -0.963613749
vn 0.0122211585 0.267019004 -0.963613808
vn 0.0122221038 0.267019182 -0.963613749
vn 0.012222101 0.267019153 -0.963613749
vn 0.0122218709 0.267019331 -0.963613689
vn 0.01222187 0.267019302 -0.963613689
vn 0.0122222491 0.267020017 -0.963613451
vn 0.0122213177 0.267019957 -0.96361351
vn 0.0122213187 0.267019957 -0.96361351
vn 0.0122194942 0.267018288 -0.963613987
vn 0.012221369 0.267020553 -0.963613331
vn 0.012221368 0.267020553 -0.963613331
vn 0.0122209489 0.267020196 -0.963613391
vn 0.0122209489 0.267020226 -0.963613391
vn 0.0122202141 0.26701811 -0.963613987
vn 0.0122203622 0.267019421 -0.963613629
vn 0.0122203631 0.26701948 -0.963613629
vn 0.012221124 0.267020941 -0.963613212
vn 0.0122197699 0.267018348 -0.963613927
vn 0.0122213084 0.267020106 -0.963613451
vn 0.0122213066 0.267020047 -0.963613451
vn 0.0122208018 0.267018735 -0.963613868
vn 0.0122204209 0.267019957 -0.96361351
vn 0.0122204209 0.267019928 -0.96361351
vn 0.0122201424 0.267019928 -0.96361351
vn 0.0122201424 0.267019898 -0.96361351
vn 0.0122206509 0.267020464 -0.963613391
vn -0.0122204404 0.267020971 -0.963613272
vn -0.0122197978 0.267020464 -0.963613391
vn -0.0122204395 0.267020941 -0.963613272
vn -0.0122201499 0.267019689 -0.96361357
vn -0.0122201499 0.267019689 -0.96361357
vn -0.0122199319 0.267019093 -0.963613749
vn -0.0122199329 0.267019093 -0.963613749
vn -0.0122199813 0.267020792 -0.963613331
vn -0.0122199804 0.267020792 -0.963613272
vn -0.0122202579 0.267019868 -0.96361351
vn -0.012220257 0.267019898 -0.96361351
vn -0.0122210085 0.267020166 -0.963613391
vn -0.0122198313 0.267020732 -0.963613331
vn -0.0122194672 0.267018676 -0.963613927
vn -0.0122198323 0.267020732 -0.963613331
vn -0.0122209946 0.267021239 -0.963613153
vn -0.0122209974 0.267021269 -0.963613153
vn -0.0122221494 0.267020881 -0.963613272
vn -0.0122221475 0.267020881 -0.963613272
vn -0.0122230854 0.267018944 -0.963613749
vn -0.0122203389 0.267020166 -0.963613451
vn -0.0122218281 0.267020732 -0.963613331
vn -0.0122203371 0.267020136 -0.963613451
vn -0.0122191776 0.267019659 -0.963613629
vn -0.0122209163 0.267021716 -0.963613033
vn -0.0122207645 0.267020166 -0.963613451
vn -0.0122209173 0.267021716 -0.963612974
vn -0.0122210281 0.267020553 -0.963613391
vn -0.012221029 0.267020553 -0.963613391
vn -0.0122215347 0.267020226 -0.963613391
vn -0.0122215357 0.267020255 -0.963613391
vn -0.0122232111 0.267021418 -0.963613093
vn -0 0.27607578 -0.961135864
vn -0 0.276073784 -0.96113646
vn -0 0.27607578 -0.961135864
vn -0 0.276075393 -0.961135983
vn -0 0.276075393 -0.961135983
vn -0 0.276074916 -0.961136103
vn -0 0.276074916 -0.961136103
vn -0 0.276076198 -0.961135745
vn -0 0.276076198 -0.961135745
vn -0 0.276075721 -0.961135924
vn -0 0.276075721 -0.961135924
vn -0 0.276075006 -0.961136103
vn -0 0.2760759 -0.961135864
vn -0 0.276075512 -0.961135983
vn -0 0.2760759 -0.961135864
vn -0 0.27607584 -0.961135864
vn -0 0.27607584 -0.961135864
vn -0 0.276075691 -0.961135924
vn -0 0.276075661 -0.961135924
vn -0 0.276075363 -0.961135983
vn -0 0.276075363 -0.961135983
vn -0 0.276076227 -0.961135685
vn -0 0.276075393 -0.961135983
vn -0 0.276074708 -0.961136162
vn -0 0.276076138 -0.961135745
vn -0 0.276076734 -0.961135626
vn -0 0.276076138 -0.961135745
vn -0 0.276075929 -0.961135805
vn -0 0.276075959 -0.961135805
vn -0 0.276075482 -0.961135983
vn -0 0.276075482 -0.961135983
vn -0 0.276074052 -0.961136341
vn -1.41821118E-07 -1.22853493E-07 -1
vn -1.62439889E-07 1.12251094E-07 -1
vn -1.59048028E-07 0 -1
vn -3.46315346E-07 1.68280067E-07 -1
vn -3.79016882E-07 1.72773213E-07 -1
vn -3.46064297E-07 2.29547283E-07 -1
vn -2.58824059E-07 1.77750678E-07 -1
vn -3.14192448E-07 2.51561119E-07 -1
vn -3.31472251E-07 2.76852774E-07 -1
vn -2.61704457E-07 3.16243245E-07 -1
vn 1.22128142E-07 4.18331751E-07 -1
vn -4.91357696E-07 1.05842098E-07 -1
vn -4.3832577E-07 1.21265941E-07 -1
vn -0 4.76292541E-07 -1
vn -0 4.77706863E-07 -1
vn -6.09520328E-07 2.04479548E-07 -1
vn -2.92649759E-07 1.16309927E-07 -1
vn -2.91701951E-07 1.15581855E-07 -1
vn -5.37170877E-07 1.86389201E-07 -1
vn -5.21379377E-07 2.80805892E-07 -1
vn -5.0313048E-07 2.82790893E-07 -1
vn -0 3.44352515E-07 -1
vn 1.38765785E-07 3.53845678E-07 -1
vn 7.03360001E-07 4.20279434E-07 -1
vn -2.33360467E-07 0 -1
vn -1.01082044E-07 4.45706718E-07 -1
vn 3.43833563E-07 1.10141798E-06 -1
vn -1.0732321E-07 4.36508572E-07 -1
vn -3.33278393E-07 3.54078963E-07 -1
vn -2.85486664E-07 3.6370443E-07 -1
vn -6.82779842E-07 3.31888657E-07 -1
vn -6.34521029E-07 3.33316535E-07 -1
vn -5.15328111E-07 3.55773977E-07 -1
vn -6.30352758E-07 3.47041691E-07 -1
vn -0 3.51421875E-07 -1
vn -1.24146354E-07 3.31909746E-07 -1
vn -4.89474075E-07 1.00341879E-07 -1
vn -4.71216453E-07 1.67150915E-07 -1
vn -5.56018961E-07 -1.43161969E-07 -1
vn -5.56018847E-07 -1.43161969E-07 -1
vn -0 4.33223306E-07 -1
vn 2.4135241E-07 4.45159856E-07 -1
vn 1.84683998E-07 4.42357219E-07 -1
vn -2.4298717E-07 4.44962637E-07 -1
vn -4.05140867E-07 4.43555365E-07 -1
vn -6.36107359E-07 4.1605287E-07 -1
vn -6.49300773E-07 4.18258992E-07 -1
vn -3.34053937E-07 3.76313807E-07 -1
vn -2.88694338E-07 3.80598209E-07 -1
vn -0 4.07866821E-07 -1
vn -0 5.40495137E-07 -1
vn -2.08882298E-07 3.73204102E-07 -1
vn -2.2940722E-07 3.56766009E-07 -1
vn -3.1925029E-07 2.35093097E-07 -1
vn -3.46315659E-07 1.96044567E-07 -1
vn -2.6190267E-07 2.79923341E-07 -1
vn -2.18552572E-07 3.28388694E-07 -1
vn -1.38752213E-07 3.19165196E-07 -1
vn -1.39382124E-07 3.369571E-07 -1
vn -0 2.28520008E-07 -1
vn -0 2.27745474E-07 -1
vn -2.2165554E-07 2.08842522E-07 -1
vn -2.14187651E-07 2.09155644E-07 -1
vn -4.11923935E-07 1.21469668E-07 -1
vn -5.12317513E-07 1.5107409E-07 -1
vn -0 0 -1
vn -2.25108906E-07 1.02692326E-07 -1
vn -2.33146451E-07 1.04415612E-07 -1
vn -1.9071777E-07 1.65516042E-07 -1
vn -1.81313396E-07 1.71762636E-07 -1
vn -3.12441983E-07 2.16087756E-07 -1
vn -2.67292535E-07 2.14690075E-07 -1
vn -3.40347555E-07 2.06876209E-07 -1
vn -2.55346606E-07 1.96415186E-07 -1
vn -0 1.64989828E-07 -1
vn -0 0 -1
vn 2.83642237E-07 -1.22853493E-07 -1
vn -0 0 -1
vn -0 1.12251058E-07 -1
vn 2.79903162E-07 1.68280096E-07 -1
vn 3.30433352E-07 1.72773241E-07 -1
vn 3.46064326E-07 2.29547325E-07 -1
vn 2.58824031E-07 1.77750749E-07 -1
vn 3.14192448E-07 2.51561119E-07 -1
vn 3.48338773E-07 2.76852774E-07 -1
vn 2.86397494E-07 3.16243217E-07 -1
vn -0 4.18331808E-07 -1
vn 3.86041279E-07 1.05842098E-07 -1
vn 4.3832577E-07 1.21265941E-07 -1
vn -0 4.76292371E-07 -1
vn -0 4.77706521E-07 -1
vn 6.53968925E-07 2.04479676E-07 -1
vn 6.95608549E-07 1.86389357E-07 -1
vn 6.29897158E-07 1.15581962E-07 -1
vn 6.40130622E-07 1.16310048E-07 -1
vn 3.58448375E-07 2.80805807E-07 -1
vn 3.45902265E-07 2.82790808E-07 -1
vn -0 3.4435223E-07 -1
vn -2.22024241E-07 3.53845138E-07 -1
vn -1.12537089E-06 4.20277587E-07 -1
vn -0 0 -1
vn 2.52657912E-07 4.45705894E-07 -1
vn 2.562021E-07 4.36507918E-07 -1
vn -0 1.10141661E-06 -1
vn 3.68640514E-07 3.54079191E-07 -1
vn 3.45353499E-07 3.63704373E-07 -1
vn 6.20675905E-07 3.31888998E-07 -1
vn 5.8310053E-07 3.33316905E-07 -1
vn 4.80317055E-07 3.55774347E-07 -1
vn 5.72686247E-07 3.47042004E-07 -1
vn 1.25834546E-07 3.51422074E-07 -1
vn 1.7517749E-07 3.31909973E-07 -1
vn 6.73314048E-07 1.00341772E-07 -1
vn 5.52944073E-07 1.6715066E-07 -1
vn 1.11203531E-06 -1.43161657E-07 -1
vn 1.11203531E-06 -1.43161657E-07 -1
vn 1.97979674E-07 4.33223818E-07 -1
vn -0 4.42357447E-07 -1
vn -1.84077351E-07 4.45159998E-07 -1
vn 3.7833442E-07 4.44962581E-07 -1
vn 5.78159984E-07 4.43555251E-07 -1
vn 9.37485595E-07 4.16052501E-07 -1
vn 9.46945534E-07 4.18258708E-07 -1
vn 6.68107361E-07 3.76313551E-07 -1
vn 5.77388221E-07 3.80598095E-07 -1
vn -0 4.07867788E-07 -1
vn 7.12664928E-07 5.40495932E-07 -1
vn -0 3.56765696E-07 -1
vn -0 3.73203903E-07 -1
vn 2.14325198E-07 2.35092926E-07 -1
vn 2.89212721E-07 1.96044397E-07 -1
vn 2.61902557E-07 2.79923341E-07 -1
vn 2.18552529E-07 3.28388779E-07 -1
vn 1.38752256E-07 3.19165252E-07 -1
vn 1.39382152E-07 3.36957157E-07 -1
vn -0 2.28520022E-07 -1
vn -0 2.2774546E-07 -1
vn 1.66241563E-07 2.08842323E-07 -1
vn 1.60640653E-07 2.09155417E-07 -1
vn 3.08942248E-07 1.79571487E-07 -1
vn 3.84237723E-07 1.84430505E-07 -1
vn -0 1.59634752E-07 -1
vn 6.62418074E-07 1.02692269E-07 -1
vn 2.92788087E-07 1.71762863E-07 -1
vn 3.40326068E-07 1.65516255E-07 -1
vn 6.7686085E-07 1.04415534E-07 -1
vn 1.95399423E-07 2.1608794E-07 -1
vn 1.48733761E-07 2.14690331E-07 -1
vn 2.96145799E-07 2.06876209E-07 -1
vn 2.64167312E-07 1.96415186E-07 -1
vn 1.68102488E-07 1.64989828E-07 -1
vn 2.57917065E-07 0 -1
vn 1.79309168E-07 1.84469343E-07 -1
vn 6.35113906E-07 1.84471403E-07 -1
vn 5.97847247E-07 1.84471205E-07 -1
vn 3.42777298E-07 1.98974746E-07 -1
vn 4.03231894E-07 1.9663338E-07 -1
vn 1.66959396E-07 1.3850449E-07 -1
vn 1.59033448E-07 1.2584421E-07 -1
vn 1.88334127E-07 1.05022274E-07 -1
vn 2.03937901E-07 1.03825421E-07 -1
vn 3.28690476E-07 0 -1
vn 3.516937E-07 0 -1
vn 5.15396835E-07 1.39962694E-07 -1
vn 5.10206689E-07 1.57097105E-07 -1
vn 4.17455425E-07 4.1460288E-07 -1
vn 4.12325448E-07 4.25329063E-07 -1
vn -0 1.28747558E-06 -1
vn 1.82165749E-07 2.96008295E-07 -1
vn 4.94943947E-07 4.08829607E-07 -1
vn 7.16486227E-07 4.88741534E-07 -1
vn 7.16486397E-07 4.88741534E-07 -1
vn 3.89534364E-07 1.94080798E-07 -1
vn 3.33812636E-07 1.89520875E-07 -1
vn 4.99361533E-07 1.63046181E-07 -1
vn 4.8602368E-07 1.84758008E-07 -1
vn 3.83920934E-07 1.98035735E-07 -1
vn 3.73866555E-07 1.99825706E-07 -1
vn 2.46771663E-07 2.08037022E-07 -1
vn 2.96461451E-07 2.0561734E-07 -1
vn 7.36945651E-07 1.02676978E-07 -1
vn 5.14526107E-07 0 -1
vn -0 1.76553016E-07 -1
vn -0 1.50321142E-07 -1
vn 2.27347812E-07 1.03969207E-07 -1
vn 1.05459264E-07 1.08129342E-07 -1
vn 3.7278312E-07 1.43457697E-07 -1
vn 2.35727427E-07 2.09711104E-07 -1
vn 5.01385955E-07 5.5230106E-07 -1
vn 1.40857296E-07 3.87895568E-07 -1
vn 1.40351665E-06 9.63683647E-07 -1
vn 5.13546127E-07 0 -1
vn 4.91416642E-07 0 -1
vn -0 -1.09662302E-07 -1
vn 9.38913729E-07 1.32482512E-07 -1
vn 9.17521902E-07 1.31202555E-07 -1
vn 9.16005717E-07 1.54689701E-07 -1
vn 8.90794126E-07 1.55234261E-07 -1
vn 1.66495951E-07 1.35159524E-07 -1
vn 1.52929303E-07 1.13882606E-07 -1
vn -0 -1.25959673E-07 -1
vn 1.73601123E-07 0 -1
vn 4.40702763E-07 0 -1
vn -1.19933986E-06 0 -1
vn 6.50780066E-07 0 -1
vn 6.48267019E-07 0 -1
vn 2.70339768E-07 0 -1
vn 1.8630854E-07 1.07376337E-07 -1
vn -0 1.10753597E-07 -1
vn -0 1.14487676E-07 -1
vn 8.84614394E-07 0 -1
vn 3.07597134E-07 0 -1
vn 2.26872544E-07 0 -1
vn 6.52690744E-07 0 -1
vn 5.39877192E-07 0 -1
vn 4.30834689E-07 0 -1
vn 4.78285756E-07 0 -1
vn 1.20322653E-07 0 -1
vn 1.28130608E-07 0 -1
vn 4.55288472E-07 0 -1
vn 3.85225235E-07 0 -1
vn 6.77462936E-07 0 -1
vn 6.87847887E-07 0 -1
vn 3.02903629E-07 0 -1
vn 2.36781119E-07 0 -1
vn 7.91079174E-07 0 -1
vn 1.03489924E-06 3.885539E-07 -1
vn 6.6393676E-07 4.11490504E-07 -1
vn -3.1042444E-07 4.71735149E-07 -1
vn 3.23649914E-07 0 -1
vn 3.20860039E-07 0 -1
vn 8.88961267E-07 -1.04460376E-07 -1
vn 7.48036882E-07 -1.1265886E-07 -1
vn 8.33935474E-07 0 -1
vn 7.76755257E-07 0 -1
vn 7.38787151E-07 0 -1
vn 6.71084251E-07 0 -1
vn 4.16406976E-07 0 -1
vn 3.42774683E-07 0 -1
vn 3.11045284E-07 0 -1
vn 2.87787117E-07 0 -1
vn 7.5384628E-07 0 -1
vn 6.50087657E-07 0 -1
vn 8.17795467E-07 1.07227066E-07 -1
vn 8.91433785E-07 0 -1
vn 3.19471042E-07 1.18935617E-07 -1
vn 5.17398178E-07 1.30022002E-07 -1
vn 1.34229629E-06 0 -1
vn 3.29089914E-07 0 -1
vn 1.51347948E-07 0 -1
vn 4.26156447E-07 0 -1
vn 5.68395933E-07 0 -1
vn 2.09319239E-07 0 -1
vn -0 1.8447146E-07 -1
vn -5.58051681E-07 1.84471887E-07 -1
vn -6.07740049E-07 1.84471943E-07 -1
vn -4.34599173E-07 1.98974817E-07 -1
vn -4.80230028E-07 1.96633422E-07 -1
vn -2.06444824E-07 1.3850449E-07 -1
vn -1.82066103E-07 1.2584421E-07 -1
vn -2.03937901E-07 1.03825421E-07 -1
vn -1.88334155E-07 1.05022274E-07 -1
vn -2.56648576E-07 0 -1
vn -2.55269612E-07 0 -1
vn -2.55103373E-07 1.57097105E-07 -1
vn -2.57698417E-07 1.3996268E-07 -1
vn -1.24587189E-07 4.25328494E-07 -1
vn -1.36376912E-07 4.14602368E-07 -1
vn 8.23039898E-07 1.2874691E-06 -1
vn 6.84272209E-07 0 -1
vn -5.37360165E-07 4.88737328E-07 -1
vn -5.37360165E-07 4.88737328E-07 -1
vn -0 2.66407454E-07 -1
vn -0 0 -1
vn 2.36913223E-07 -1.89521487E-07 -1
vn -0 -1.40922737E-07 -1
vn -0 0 -1
vn -3.42287251E-07 0 -1
vn -5.14526107E-07 0 -1
vn -2.14864656E-07 1.30993641E-07 -1
vn -3.9199503E-07 2.38982295E-07 -1
vn -7.99788381E-07 3.98260369E-07 -1
vn -7.40802761E-07 4.02127114E-07 -1
vn -8.0606037E-07 2.8995035E-07 -1
vn -7.22882078E-07 2.17830873E-07 -1
vn -3.11094311E-07 1.03969342E-07 -1
vn -4.66259735E-07 1.08129562E-07 -1
vn -0 0 -1
vn -2.35828523E-07 0 -1
vn -3.02990088E-07 0 -1
vn -4.24078195E-07 0 -1
vn -0 0 -1
vn -3.72039722E-07 0 -1
vn -5.95854658E-07 0 -1
vn -6.86404292E-07 0 -1
vn -4.3357079E-07 0 -1
vn -1.46015893E-07 0 -1
vn -1.39173224E-07 0 -1
vn -4.78285813E-07 0 -1
vn -4.30834746E-07 0 -1
vn -4.51206802E-07 0 -1
vn -5.97230269E-07 0 -1
vn -1.54371889E-07 0 -1
vn -0 0 -1
vn -7.91079174E-07 0 -1
vn -2.42378832E-07 0 -1
vn -0 0 -1
vn -5.85118187E-07 3.88553559E-07 -1
vn -2.52582481E-07 4.11489822E-07 -1
vn 6.20846549E-07 4.71733415E-07 -1
vn -4.70944457E-07 0 -1
vn -3.20860067E-07 0 -1
vn -2.56773433E-07 0 -1
vn -0 -1.09662132E-07 -1
vn -2.45708634E-07 0 -1
vn -7.97894245E-07 1.32482583E-07 -1
vn -7.65188645E-07 1.31202668E-07 -1
vn -8.62187562E-07 1.54689673E-07 -1
vn -8.32289686E-07 1.55234233E-07 -1
vn -0 1.35159524E-07 -1
vn -0 1.13882606E-07 -1
vn -0 -1.25959673E-07 -1
vn 1.11923292E-07 0 -1
vn 2.39867973E-06 0 -1
vn -3.32959502E-07 0 -1
vn -6.5078018E-07 0 -1
vn -6.48267076E-07 0 -1
vn -3.38126142E-07 0 -1
vn -2.68390892E-07 1.0737611E-07 -1
vn -1.70289525E-07 1.10753319E-07 -1
vn -1.46205878E-07 1.14487385E-07 -1
vn -8.84617521E-07 0 -1
vn -8.88959448E-07 -1.0446017E-07 -1
vn -7.76752472E-07 0 -1
vn -8.33932404E-07 0 -1
vn -7.4803495E-07 -1.12658583E-07 -1
vn -7.94910534E-07 0 -1
vn -7.54671703E-07 0 -1
vn -2.83212444E-07 0 -1
vn -1.01684762E-07 0 -1
vn -2.4467019E-07 0 -1
vn -1.34032831E-07 0 -1
vn -5.53556731E-07 0 -1
vn -5.39819553E-07 0 -1
vn -4.93956179E-07 1.07227173E-07 -1
vn -5.30304419E-07 0 -1
vn -1.99669444E-07 1.18935638E-07 -1
vn -3.23373968E-07 1.30022087E-07 -1
vn -1.34229629E-06 0 -1
vn -2.46817251E-07 0 -1
vn -1.13510872E-07 0 -1
vn -2.3445071E-07 0 -1
vn -3.8824416E-07 0 -1
vn -0 0 -1
vn 0.0462033898 0.381582826 0.92317915
g Body_0
f 3/3/3 2/2/2 1/1/1
f 4/4/4 2/2/2 3/3/3
f 5/5/5 4/4/4 3/3/3
f 6/6/6 5/5/5 3/3/3
f 7/7/7 3/3/3 1/1/1
f 7/7/7 8/8/8 3/3/3
f 8/8/8 9/9/9 3/3/3
f 9/9/9 6/6/6 3/3/3
f 12/12/12 11/11/11 10/10/10
f 13/13/13 12/12/12 10/10/10
f 10/10/10 11/11/11 14/14/14
f 11/11/11 15/15/15 14/14/14
f 12/12/12 16/16/16 11/11/11
f 16/16/16 17/17/17 11/11/11
f 11/11/11 17/17/17 15/15/15
f 17/17/17 16/16/16 18/18/18
f 19/19/19 17/17/17 18/18/18
f 17/17/17 20/20/20 15/15/15
f 17/17/17 19/19/19 20/20/20
f 15/15/15 20/20/20 21/21/21
f 20/20/20 22/22/22 21/21/21
f 21/21/21 22/22/22 23/23/23
f 21/21/21 23/23/23 24/24/24
f 25/25/25 24/24/24 23/23/23
f 26/26/26 25/25/25 23/23/23
f 27/27/27 21/21/21 24/24/24
f 15/15/15 21/21/21 27/27/27
f 14/14/14 15/15/15 27/27/27
f 25/25/25 26/26/26 28/28/28
f 26/26/26 29/29/29 28/28/28
f 28/28/28 29/29/29 30/30/30
f 29/29/29 31/31/31 30/30/30
f 30/30/30 31/31/31 32/32/32
f 31/31/31 33/33/33 32/32/32
f 32/32/32 33/33/33 34/34/34
f 35/35/35 32/32/32 34/34/34
f 22/22/22 36/36/36 23/23/23
f 26/26/26 23/23/23 36/36/36
f 37/37/37 26/26/26 36/36/36
f 37/37/37 36/36/36 38/38/38
f 36/36/36 39/39/39 38/38/38
f 29/29/29 40/40/40 31/31/31
f 40/40/40 41/41/41 31/31/31
f 31/31/31 41/41/41 33/33/33
f 41/41/41 42/42/42 33/33/33
f 41/41/41 43/43/43 42/42/42
f 43/43/43 44/44/44 42/42/42
f 43/43/43 41/41/41 45/45/45
f 43/43/43 45/45/45 44/44/44
f 41/41/41 46/46/46 45/45/45
f 33/33/33 42/42/42 47/47/47
f 34/34/34 33/33/33 47/47/47
f 42/42/42 44/44/44 47/47/47
f 39/39/39 36/36/36 22/22/22
f 48/48/48 39/39/39 22/22/22
f 49/49/49 48/48/48 22/22/22
f 50/50/50 49/49/49 22/22/22
f 51/51/51 50/50/50 22/22/22
f 20/20/20 51/51/51 22/22/22
f 19/19/19 51/51/51 20/20/20
f 52/52/52 46/46/46 41/41/41
f 53/53/53 52/52/52 41/41/41
f 54/54/54 53/53/53 41/41/41
f 54/54/54 55/55/55 53/53/53
f 55/55/55 56/56/56 53/53/53
f 52/52/52 53/53/53 56/56/56
f 55/55/55 54/54/54 57/57/57
f 54/54/54 58/58/58 57/57/57
f 58/58/58 54/54/54 40/40/40
f 59/59/59 58/58/58 40/40/40
f 40/40/40 54/54/54 41/41/41
f 55/55/55 60/60/60 56/56/56
f 60/60/60 61/61/61 56/56/56
f 60/60/60 62/62/62 61/61/61
f 60/60/60 63/63/63 62/62/62
f 55/55/55 57/57/57 63/63/63
f 60/60/60 55/55/55 63/63/63
f 63/63/63 64/64/64 62/62/62
f 62/62/62 65/65/65 61/61/61
f 66/66/66 64/64/64 63/63/63
f 67/67/67 64/64/64 66/66/66
f 67/67/67 68/68/68 64/64/64
f 68/68/68 69/69/69 64/64/64
f 70/70/70 67/67/67 66/66/66
f 67/67/67 70/70/70 68/68/68
f 71/71/71 70/70/70 66/66/66
f 68/68/68 72/72/72 69/69/69
f 68/68/68 70/70/70 72/72/72
f 72/72/72 70/70/70 71/71/71
f 72/72/72 73/73/73 69/69/69
f 73/73/73 72/72/72 74/74/74
f 74/74/74 72/72/72 71/71/71
f 75/75/75 73/73/73 74/74/74
f 61/61/61 65/65/65 76/76/76
f 77/77/77 61/61/61 76/76/76
f 77/77/77 76/76/76 78/78/78
f 76/76/76 79/79/79 78/78/78
f 78/78/78 79/79/79 80/80/80
f 81/81/81 78/78/78 80/80/80
f 81/81/81 80/80/80 82/82/82
f 83/83/83 81/81/81 82/82/82
f 82/82/82 84/84/84 83/83/83
f 84/84/84 85/85/85 83/83/83
f 83/83/83 86/86/86 81/81/81
f 81/81/81 86/86/86 78/78/78
f 77/77/77 78/78/78 86/86/86
f 87/87/87 77/77/77 86/86/86
f 87/87/87 86/86/86 83/83/83
f 85/85/85 87/87/87 83/83/83
f 56/56/56 87/87/87 85/85/85
f 87/87/87 56/56/56 77/77/77
f 52/52/52 56/56/56 85/85/85
f 52/52/52 85/85/85 84/84/84
f 56/56/56 61/61/61 77/77/77
f 52/52/52 84/84/84 46/46/46
f 45/45/45 46/46/46 84/84/84
f 84/84/84 82/82/82 88/88/88
f 45/45/45 84/84/84 88/88/88
f 45/45/45 88/88/88 44/44/44
f 44/44/44 88/88/88 89/89/89
f 90/90/90 44/44/44 89/89/89
f 90/90/90 89/89/89 91/91/91
f 90/90/90 91/91/91 47/47/47
f 44/44/44 90/90/90 47/47/47
f 91/91/91 92/92/92 47/47/47
f 92/92/92 91/91/91 93/93/93
f 93/93/93 91/91/91 94/94/94
f 89/89/89 95/95/95 91/91/91
f 94/94/94 91/91/91 95/95/95
f 89/89/89 96/96/96 95/95/95
f 89/89/89 88/88/88 96/96/96
f 96/96/96 97/97/97 95/95/95
f 95/95/95 97/97/97 98/98/98
f 94/94/94 95/95/95 98/98/98
f 94/94/94 98/98/98 99/99/99
f 93/93/93 94/94/94 99/99/99
f 93/93/93 99/99/99 100/100/100
f 92/92/92 93/93/93 100/100/100
f 47/47/47 92/92/92 100/100/100
f 47/47/47 100/100/100 101/101/101
f 101/101/101 100/100/100 102/102/102
f 101/101/101 102/102/102 103/103/103
f 104/104/104 101/101/101 103/103/103
f 101/101/101 104/104/104 47/47/47
f 104/104/104 103/103/103 105/105/105
f 106/106/106 104/104/104 105/105/105
f 102/102/102 107/107/107 103/103/103
f 100/100/100 108/108/108 102/102/102
f 102/102/102 108/108/108 107/107/107
f 108/108/108 109/109/109 107/107/107
f 107/107/107 109/109/109 110/110/110
f 109/109/109 111/111/111 110/110/110
f 110/110/110 111/111/111 112/112/112
f 111/111/111 113/113/113 112/112/112
f 112/112/112 113/113/113 114/114/114
f 113/113/113 115/115/115 114/114/114
f 114/114/114 115/115/115 116/116/116
f 117/117/117 114/114/114 116/116/116
f 117/117/117 116/116/116 118/118/118
f 119/119/119 117/117/117 118/118/118
f 120/120/120 119/119/119 118/118/118
f 121/121/121 120/120/120 118/118/118
f 120/120/120 121/121/121 122/122/122
f 123/123/123 120/120/120 122/122/122
f 123/123/123 122/122/122 124/124/124
f 105/105/105 123/123/123 124/124/124
f 105/105/105 124/124/124 125/125/125
f 106/106/106 105/105/105 125/125/125
f 126/126/126 119/119/119 120/120/120
f 126/126/126 117/117/117 119/119/119
f 126/126/126 114/114/114 117/117/117
f 127/127/127 126/126/126 120/120/120
f 127/127/127 120/120/120 123/123/123
f 128/128/128 123/123/123 105/105/105
f 128/128/128 127/127/127 123/123/123
f 103/103/103 128/128/128 105/105/105
f 103/103/103 107/107/107 128/128/128
f 107/107/107 110/110/110 128/128/128
f 128/128/128 110/110/110 127/127/127
f 110/110/110 112/112/112 127/127/127
f 127/127/127 112/112/112 126/126/126
f 112/112/112 114/114/114 126/126/126
f 106/106/106 125/125/125 129/129/129
f 35/35/35 106/106/106 129/129/129
f 35/35/35 129/129/129 130/130/130
f 32/32/32 35/35/35 130/130/130
f 32/32/32 130/130/130 131/131/131
f 30/30/30 32/32/32 131/131/131
f 30/30/30 131/131/131 132/132/132
f 28/28/28 30/30/30 132/132/132
f 28/28/28 132/132/132 133/133/133
f 25/25/25 28/28/28 133/133/133
f 25/25/25 133/133/133 24/24/24
f 133/133/133 134/134/134 24/24/24
f 24/24/24 134/134/134 135/135/135
f 27/27/27 24/24/24 135/135/135
f 27/27/27 135/135/135 136/136/136
f 14/14/14 27/27/27 136/136/136
f 14/14/14 136/136/136 137/137/137
f 10/10/10 14/14/14 137/137/137
f 13/13/13 10/10/10 137/137/137
f 138/138/138 13/13/13 137/137/137
f 13/13/13 138/138/138 139/139/139
f 13/13/13 139/139/139 12/12/12
f 139/139/139 140/140/140 12/12/12
f 139/139/139 141/141/141 140/140/140
f 141/141/141 142/142/142 140/140/140
f 140/140/140 142/142/142 143/143/143
f 142/142/142 144/144/144 143/143/143
f 16/16/16 143/143/143 144/144/144
f 140/140/140 143/143/143 16/16/16
f 12/12/12 140/140/140 16/16/16
f 18/18/18 16/16/16 144/144/144
f 138/138/138 145/145/145 139/139/139
f 139/139/139 145/145/145 141/141/141
f 145/145/145 146/146/146 141/141/141
f 18/18/18 147/147/147 19/19/19
f 147/147/147 148/148/148 19/19/19
f 147/147/147 149/149/149 148/148/148
f 149/149/149 150/150/150 148/148/148
f 148/148/148 150/150/150 151/151/151
f 150/150/150 152/152/152 151/151/151
f 151/151/151 152/152/152 153/153/153
f 152/152/152 154/154/154 153/153/153
f 153/153/153 154/154/154 155/155/155
f 154/154/154 156/156/156 155/155/155
f 153/153/153 155/155/155 49/49/49
f 50/50/50 153/153/153 49/49/49
f 151/151/151 153/153/153 50/50/50
f 51/51/51 151/151/151 50/50/50
f 148/148/148 151/151/151 51/51/51
f 19/19/19 148/148/148 51/51/51
f 71/71/71 49/49/49 155/155/155
f 49/49/49 71/71/71 66/66/66
f 48/48/48 49/49/49 66/66/66
f 48/48/48 66/66/66 39/39/39
f 66/66/66 38/38/38 39/39/39
f 74/74/74 71/71/71 155/155/155
f 74/74/74 155/155/155 156/156/156
f 75/75/75 74/74/74 156/156/156
f 66/66/66 63/63/63 38/38/38
f 63/63/63 57/57/57 38/38/38
f 37/37/37 38/38/38 57/57/57
f 58/58/58 37/37/37 57/57/57
f 37/37/37 58/58/58 26/26/26
f 58/58/58 59/59/59 26/26/26
f 26/26/26 59/59/59 29/29/29
f 59/59/59 40/40/40 29/29/29
f 88/88/88 82/82/82 96/96/96
f 104/104/104 34/34/34 47/47/47
f 34/34/34 104/104/104 106/106/106
f 35/35/35 34/34/34 106/106/106
f 159/159/159 158/158/158 157/157/157
f 160/160/160 159/159/159 157/157/157
f 160/160/160 157/157/157 161/161/161
f 162/162/162 160/160/160 161/161/161
f 163/163/163 159/159/159 160/160/160
f 164/164/164 163/163/163 160/160/160
f 164/164/164 160/160/160 162/162/162
f 163/163/163 164/164/164 165/165/165
f 164/164/164 166/166/166 165/165/165
f 167/167/167 164/164/164 162/162/162
f 166/166/166 164/164/164 167/167/167
f 167/167/167 162/162/162 168/168/168
f 169/169/169 167/167/167 168/168/168
f 169/169/169 168/168/168 170/170/170
f 170/170/170 168/168/168 171/171/171
f 171/171/171 172/172/172 170/170/170
f 172/172/172 173/173/173 170/170/170
f 168/168/168 174/174/174 171/171/171
f 162/162/162 161/161/161 174/174/174
f 168/168/168 162/162/162 174/174/174
f 173/173/173 172/172/172 175/175/175
f 176/176/176 173/173/173 175/175/175
f 176/176/176 175/175/175 177/177/177
f 178/178/178 176/176/176 177/177/177
f 178/178/178 177/177/177 179/179/179
f 180/180/180 178/178/178 179/179/179
f 180/180/180 179/179/179 181/181/181
f 179/179/179 182/182/182 181/181/181
f 183/183/183 169/169/169 170/170/170
f 170/170/170 173/173/173 183/183/183
f 173/173/173 184/184/184 183/183/183
f 183/183/183 184/184/184 185/185/185
f 186/186/186 183/183/183 185/185/185
f 187/187/187 176/176/176 178/178/178
f 188/188/188 187/187/187 178/178/178
f 188/188/188 178/178/178 180/180/180
f 189/189/189 188/188/188 180/180/180
f 190/190/190 188/188/188 189/189/189
f 191/191/191 190/190/190 189/189/189
f 188/188/188 190/190/190 192/192/192
f 192/192/192 190/190/190 191/191/191
f 193/193/193 188/188/188 192/192/192
f 180/180/180 181/181/181 194/194/194
f 189/189/189 180/180/180 194/194/194
f 191/191/191 189/189/189 194/194/194
f 183/183/183 186/186/186 169/169/169
f 186/186/186 195/195/195 169/169/169
f 195/195/195 196/196/196 169/169/169
f 196/196/196 197/197/197 169/169/169
f 197/197/197 198/198/198 169/169/169
f 198/198/198 167/167/167 169/169/169
f 198/198/198 166/166/166 167/167/167
f 193/193/193 199/199/199 188/188/188
f 199/199/199 200/200/200 188/188/188
f 200/200/200 201/201/201 188/188/188
f 202/202/202 201/201/201 200/200/200
f 203/203/203 202/202/202 200/200/200
f 200/200/200 199/199/199 203/203/203
f 201/201/201 202/202/202 204/204/204
f 205/205/205 201/201/201 204/204/204
f 201/201/201 205/205/205 187/187/187
f 205/205/205 206/206/206 187/187/187
f 201/201/201 187/187/187 188/188/188
f 207/207/207 202/202/202 203/203/203
f 208/208/208 207/207/207 203/203/203
f 209/209/209 207/207/207 208/208/208
f 210/210/210 207/207/207 209/209/209
f 202/202/202 207/207/207 210/210/210
f 204/204/204 202/202/202 210/210/210
f 211/211/211 210/210/210 209/209/209
f 212/212/212 209/209/209 208/208/208
f 211/211/211 213/213/213 210/210/210
f 211/211/211 214/214/214 213/213/213
f 215/215/215 214/214/214 211/211/211
f 216/216/216 215/215/215 211/211/211
f 214/214/214 217/217/217 213/213/213
f 217/217/217 214/214/214 215/215/215
f 217/217/217 218/218/218 213/213/213
f 219/219/219 215/215/215 216/216/216
f 217/217/217 215/215/215 219/219/219
f 217/217/217 219/219/219 218/218/218
f 220/220/220 219/219/219 216/216/216
f 219/219/219 220/220/220 221/221/221
f 219/219/219 221/221/221 218/218/218
f 220/220/220 222/222/222 221/221/221
f 212/212/212 208/208/208 223/223/223
f 208/208/208 224/224/224 223/223/223
f 223/223/223 224/224/224 225/225/225
f 226/226/226 223/223/223 225/225/225
f 226/226/226 225/225/225 227/227/227
f 225/225/225 228/228/228 227/227/227
f 227/227/227 228/228/228 229/229/229
f 228/228/228 230/230/230 229/229/229
f 231/231/231 229/229/229 230/230/230
f 232/232/232 231/231/231 230/230/230
f 233/233/233 230/230/230 228/228/228
f 233/233/233 228/228/228 225/225/225
f 225/225/225 224/224/224 233/233/233
f 224/224/224 234/234/234 233/233/233
f 234/234/234 232/232/232 230/230/230
f 233/233/233 234/234/234 230/230/230
f 234/234/234 203/203/203 232/232/232
f 203/203/203 234/234/234 224/224/224
f 208/208/208 203/203/203 224/224/224
f 203/203/203 199/199/199 232/232/232
f 232/232/232 199/199/199 231/231/231
f 231/231/231 199/199/199 193/193/193
f 193/193/193 192/192/192 231/231/231
f 231/231/231 192/192/192 235/235/235
f 229/229/229 231/231/231 235/235/235
f 235/235/235 192/192/192 191/191/191
f 235/235/235 191/191/191 236/236/236
f 191/191/191 237/237/237 236/236/236
f 236/236/236 237/237/237 238/238/238
f 238/238/238 237/237/237 194/194/194
f 237/237/237 191/191/191 194/194/194
f 239/239/239 238/238/238 194/194/194
f 238/238/238 239/239/239 240/240/240
f 238/238/238 240/240/240 241/241/241
f 242/242/242 236/236/236 238/238/238
f 238/238/238 241/241/241 242/242/242
f 243/243/243 236/236/236 242/242/242
f 235/235/235 236/236/236 243/243/243
f 244/244/244 243/243/243 242/242/242
f 242/242/242 241/241/241 245/245/245
f 244/244/244 242/242/242 245/245/245
f 241/241/241 240/240/240 246/246/246
f 245/245/245 241/241/241 246/246/246
f 240/240/240 239/239/239 247/247/247
f 246/246/246 240/240/240 247/247/247
f 239/239/239 194/194/194 247/247/247
f 247/247/247 194/194/194 248/248/248
f 247/247/247 248/248/248 249/249/249
f 249/249/249 248/248/248 250/250/250
f 248/248/248 251/251/251 250/250/250
f 251/251/251 248/248/248 194/194/194
f 250/250/250 251/251/251 252/252/252
f 251/251/251 253/253/253 252/252/252
f 254/254/254 249/249/249 250/250/250
f 255/255/255 247/247/247 249/249/249
f 255/255/255 249/249/249 254/254/254
f 256/256/256 255/255/255 254/254/254
f 256/256/256 254/254/254 257/257/257
f 258/258/258 256/256/256 257/257/257
f 258/258/258 257/257/257 259/259/259
f 260/260/260 258/258/258 259/259/259
f 260/260/260 259/259/259 261/261/261
f 262/262/262 260/260/260 261/261/261
f 262/262/262 261/261/261 263/263/263
f 261/261/261 264/264/264 263/263/263
f 263/263/263 264/264/264 265/265/265
f 264/264/264 266/266/266 265/265/265
f 266/266/266 267/267/267 265/265/265
f 267/267/267 268/268/268 265/265/265
f 268/268/268 267/267/267 269/269/269
f 267/267/267 270/270/270 269/269/269
f 269/269/269 270/270/270 271/271/271
f 270/270/270 252/252/252 271/271/271
f 271/271/271 252/252/252 272/272/272
f 252/252/252 253/253/253 272/272/272
f 266/266/266 273/273/273 267/267/267
f 264/264/264 273/273/273 266/266/266
f 261/261/261 273/273/273 264/264/264
f 273/273/273 274/274/274 267/267/267
f 267/267/267 274/274/274 270/270/270
f 270/270/270 275/275/275 252/252/252
f 274/274/274 275/275/275 270/270/270
f 275/275/275 250/250/250 252/252/252
f 254/254/254 250/250/250 275/275/275
f 257/257/257 254/254/254 275/275/275
f 257/257/257 275/275/275 274/274/274
f 259/259/259 257/257/257 274/274/274
f 259/259/259 274/274/274 273/273/273
f 261/261/261 259/259/259 273/273/273
f 272/272/272 253/253/253 276/276/276
f 253/253/253 182/182/182 276/276/276
f 276/276/276 182/182/182 277/277/277
f 182/182/182 179/179/179 277/277/277
f 277/277/277 179/179/179 278/278/278
f 179/179/179 177/177/177 278/278/278
f 278/278/278 177/177/177 279/279/279
f 177/177/177 175/175/175 279/279/279
f 279/279/279 175/175/175 280/280/280
f 175/175/175 172/172/172 280/280/280
f 280/280/280 172/172/172 171/171/171
f 281/281/281 280/280/280 171/171/171
f 281/281/281 171/171/171 282/282/282
f 171/171/171 174/174/174 282/282/282
f 282/282/282 174/174/174 283/283/283
f 174/174/174 161/161/161 283/283/283
f 283/283/283 161/161/161 284/284/284
f 161/161/161 157/157/157 284/284/284
f 157/157/157 158/158/158 284/284/284
f 158/158/158 285/285/285 284/284/284
f 285/285/285 158/158/158 286/286/286
f 286/286/286 158/158/158 159/159/159
f 287/287/287 286/286/286 159/159/159
f 288/288/288 286/286/286 287/287/287
f 289/289/289 288/288/288 287/287/287
f 289/289/289 287/287/287 290/290/290
f 291/291/291 289/289/289 290/290/290
f 290/290/290 163/163/163 291/291/291
f 287/287/287 159/159/159 163/163/163
f 290/290/290 287/287/287 163/163/163
f 163/163/163 165/165/165 291/291/291
f 292/292/292 285/285/285 286/286/286
f 292/292/292 286/286/286 288/288/288
f 293/293/293 292/292/292 288/288/288
f 294/294/294 165/165/165 166/166/166
f 295/295/295 294/294/294 166/166/166
f 296/296/296 294/294/294 295/295/295
f 297/297/297 296/296/296 295/295/295
f 297/297/297 295/295/295 298/298/298
f 299/299/299 297/297/297 298/298/298
f 299/299/299 298/298/298 300/300/300
f 301/301/301 299/299/299 300/300/300
f 301/301/301 300/300/300 302/302/302
f 303/303/303 301/301/301 302/302/302
f 302/302/302 300/300/300 196/196/196
f 300/300/300 197/197/197 196/196/196
f 300/300/300 298/298/298 197/197/197
f 298/298/298 198/198/198 197/197/197
f 295/295/295 166/166/166 198/198/198
f 298/298/298 295/295/295 198/198/198
f 196/196/196 218/218/218 302/302/302
f 218/218/218 196/196/196 213/213/213
f 196/196/196 195/195/195 213/213/213
f 213/213/213 195/195/195 186/186/186
f 185/185/185 213/213/213 186/186/186
f 218/218/218 221/221/221 302/302/302
f 302/302/302 221/221/221 303/303/303
f 221/221/221 222/222/222 303/303/303
f 210/210/210 213/213/213 185/185/185
f 204/204/204 210/210/210 185/185/185
f 185/185/185 184/184/184 204/204/204
f 184/184/184 205/205/205 204/204/204
f 205/205/205 184/184/184 173/173/173
f 206/206/206 205/205/205 173/173/173
f 206/206/206 173/173/173 176/176/176
f 187/187/187 206/206/206 176/176/176
f 229/229/229 235/235/235 243/243/243
f 181/181/181 251/251/251 194/194/194
f 251/251/251 181/181/181 253/253/253
f 181/181/181 182/182/182 253/253/253
f 306/306/306 305/305/305 304/304/304
f 307/307/307 306/306/306 304/304/304
f 307/307/307 304/304/304 308/308/308
f 309/309/309 307/307/307 308/308/308
f 310/310/310 306/306/306 307/307/307
f 311/311/311 310/310/310 307/307/307
f 311/311/311 307/307/307 309/309/309
f 310/310/310 311/311/311 312/312/312
f 311/311/311 313/313/313 312/312/312
f 314/314/314 311/311/311 309/309/309
f 313/313/313 311/311/311 314/314/314
f 314/314/314 309/309/309 315/315/315
f 316/316/316 314/314/314 315/315/315
f 316/316/316 315/315/315 317/317/317
f 317/317/317 315/315/315 318/318/318
f 318/318/318 319/319/319 317/317/317
f 319/319/319 320/320/320 317/317/317
f 315/315/315 321/321/321 318/318/318
f 309/309/309 308/308/308 321/321/321
f 315/315/315 309/309/309 321/321/321
f 320/320/320 319/319/319 322/322/322
f 323/323/323 320/320/320 322/322/322
f 323/323/323 322/322/322 324/324/324
f 325/325/325 323/323/323 324/324/324
f 325/325/325 324/324/324 326/326/326
f 327/327/327 325/325/325 326/326/326
f 327/327/327 326/326/326 328/328/328
f 326/326/326 329/329/329 328/328/328
f 330/330/330 316/316/316 317/317/317
f 317/317/317 320/320/320 330/330/330
f 320/320/320 331/331/331 330/330/330
f 330/330/330 331/331/331 332/332/332
f 333/333/333 330/330/330 332/332/332
f 334/334/334 323/323/323 325/325/325
f 335/335/335 334/334/334 325/325/325
f 335/335/335 325/325/325 327/327/327
f 336/336/336 335/335/335 327/327/327
f 337/337/337 335/335/335 336/336/336
f 338/338/338 337/337/337 336/336/336
f 335/335/335 337/337/337 339/339/339
f 339/339/339 337/337/337 338/338/338
f 340/340/340 335/335/335 339/339/339
f 327/327/327 328/328/328 341/341/341
f 336/336/336 327/327/327 341/341/341
f 338/338/338 336/336/336 341/341/341
f 330/330/330 333/333/333 316/316/316
f 333/333/333 342/342/342 316/316/316
f 342/342/342 343/343/343 316/316/316
f 343/343/343 344/344/344 316/316/316
f 344/344/344 345/345/345 316/316/316
f 345/345/345 314/314/314 316/316/316
f 345/345/345 313/313/313 314/314/314
f 340/340/340 346/346/346 335/335/335
f 346/346/346 347/347/347 335/335/335
f 347/347/347 348/348/348 335/335/335
f 349/349/349 348/348/348 347/347/347
f 350/350/350 349/349/349 347/347/347
f 347/347/347 346/346/346 350/350/350
f 348/348/348 349/349/349 351/351/351
f 352/352/352 348/348/348 351/351/351
f 348/348/348 352/352/352 334/334/334
f 352/352/352 353/353/353 334/334/334
f 348/348/348 334/334/334 335/335/335
f 354/354/354 349/349/349 350/350/350
f 355/355/355 354/354/354 350/350/350
f 356/356/356 354/354/354 355/355/355
f 357/357/357 354/354/354 356/356/356
f 349/349/349 354/354/354 357/357/357
f 351/351/351 349/349/349 357/357/357
f 358/358/358 357/357/357 356/356/356
f 359/359/359 356/356/356 355/355/355
f 358/358/358 360/360/360 357/357/357
f 358/358/358 361/361/361 360/360/360
f 362/362/362 361/361/361 358/358/358
f 363/363/363 362/362/362 358/358/358
f 361/361/361 364/364/364 360/360/360
f 364/364/364 361/361/361 362/362/362
f 364/364/364 365/365/365 360/360/360
f 366/366/366 362/362/362 363/363/363
f 364/364/364 362/362/362 366/366/366
f 364/364/364 366/366/366 365/365/365
f 367/367/367 366/366/366 363/363/363
f 366/366/366 367/367/367 368/368/368
f 366/366/366 368/368/368 365/365/365
f 367/367/367 369/369/369 368/368/368
f 359/359/359 355/355/355 370/370/370
f 355/355/355 371/371/371 370/370/370
f 370/370/370 371/371/371 372/372/372
f 373/373/373 370/370/370 372/372/372
f 373/373/373 372/372/372 374/374/374
f 372/372/372 375/375/375 374/374/374
f 374/374/374 375/375/375 376/376/376
f 375/375/375 377/377/377 376/376/376
f 378/378/378 376/376/376 377/377/377
f 379/379/379 378/378/378 377/377/377
f 380/380/380 377/377/377 375/375/375
f 380/380/380 375/375/375 372/372/372
f 372/372/372 371/371/371 380/380/380
f 371/371/371 381/381/381 380/380/380
f 381/381/381 379/379/379 377/377/377
f 380/380/380 381/381/381 377/377/377
f 381/381/381 350/350/350 379/379/379
f 350/350/350 381/381/381 371/371/371
f 355/355/355 350/350/350 371/371/371
f 350/350/350 346/346/346 379/379/379
f 379/379/379 346/346/346 378/378/378
f 378/378/378 346/346/346 340/340/340
f 340/340/340 339/339/339 378/378/378
f 378/378/378 339/339/339 382/382/382
f 376/376/376 378/378/378 382/382/382
f 382/382/382 339/339/339 338/338/338
f 382/382/382 338/338/338 383/383/383
f 338/338/338 384/384/384 383/383/383
f 383/383/383 384/384/384 385/385/385
f 385/385/385 384/384/384 341/341/341
f 384/384/384 338/338/338 341/341/341
f 386/386/386 385/385/385 341/341/341
f 385/385/385 386/386/386 387/387/387
f 385/385/385 387/387/387 388/388/388
f 389/389/389 383/383/383 385/385/385
f 385/385/385 388/388/388 389/389/389
f 390/390/390 383/383/383 389/389/389
f 382/382/382 383/383/383 390/390/390
f 391/391/391 390/390/390 389/389/389
f 389/389/389 388/388/388 392/392/392
f 391/391/391 389/389/389 392/392/392
f 388/388/388 387/387/387 393/393/393
f 392/392/392 388/388/388 393/393/393
f 387/387/387 386/386/386 394/394/394
f 393/393/393 387/387/387 394/394/394
f 386/386/386 341/341/341 394/394/394
f 394/394/394 341/341/341 395/395/395
f 394/394/394 395/395/395 396/396/396
f 396/396/396 395/395/395 397/397/397
f 395/395/395 398/398/398 397/397/397
f 398/398/398 395/395/395 341/341/341
f 397/397/397 398/398/398 399/399/399
f 398/398/398 400/400/400 399/399/399
f 401/401/401 396/396/396 397/397/397
f 402/402/402 394/394/394 396/396/396
f 402/402/402 396/396/396 401/401/401
f 403/403/403 402/402/402 401/401/401
f 403/403/403 401/401/401 404/404/404
f 405/405/405 403/403/403 404/404/404
f 405/405/405 404/404/404 406/406/406
f 407/407/407 405/405/405 406/406/406
f 407/407/407 406/406/406 408/408/408
f 409/409/409 407/407/407 408/408/408
f 409/409/409 408/408/408 410/410/410
f 408/408/408 411/411/411 410/410/410
f 410/410/410 411/411/411 412/412/412
f 411/411/411 413/413/413 412/412/412
f 413/413/413 414/414/414 412/412/412
f 414/414/414 415/415/415 412/412/412
f 415/415/415 414/414/414 416/416/416
f 414/414/414 417/417/417 416/416/416
f 416/416/416 417/417/417 418/418/418
f 417/417/417 399/399/399 418/418/418
f 418/418/418 399/399/399 419/419/419
f 399/399/399 400/400/400 419/419/419
f 413/413/413 420/420/420 414/414/414
f 411/411/411 420/420/420 413/413/413
f 408/408/408 420/420/420 411/411/411
f 420/420/420 421/421/421 414/414/414
f 414/414/414 421/421/421 417/417/417
f 417/417/417 422/422/422 399/399/399
f 421/421/421 422/422/422 417/417/417
f 422/422/422 397/397/397 399/399/399
f 401/401/401 397/397/397 422/422/422
f 404/404/404 401/401/401 422/422/422
f 404/404/404 422/422/422 421/421/421
f 406/406/406 404/404/404 421/421/421
f 406/406/406 421/421/421 420/420/420
f 408/408/408 406/406/406 420/420/420
f 419/419/419 400/400/400 423/423/423
f 400/400/400 329/329/329 423/423/423
f 423/423/423 329/329/329 424/424/424
f 329/329/329 326/326/326 424/424/424
f 424/424/424 326/326/326 425/425/425
f 326/326/326 324/324/324 425/425/425
f 425/425/425 324/324/324 426/426/426
f 324/324/324 322/322/322 426/426/426
f 426/426/426 322/322/322 427/427/427
f 322/322/322 319/319/319 427/427/427
f 427/427/427 319/319/319 318/318/318
f 428/428/428 427/427/427 318/318/318
f 428/428/428 318/318/318 429/429/429
f 318/318/318 321/321/321 429/429/429
f 429/429/429 321/321/321 430/430/430
f 321/321/321 308/308/308 430/430/430
f 430/430/430 308/308/308 431/431/431
f 308/308/308 304/304/304 431/431/431
f 304/304/304 305/305/305 431/431/431
f 305/305/305 432/432/432 431/431/431
f 432/432/432 305/305/305 433/433/433
f 433/433/433 305/305/305 306/306/306
f 434/434/434 433/433/433 306/306/306
f 435/435/435 433/433/433 434/434/434
f 436/436/436 435/435/435 434/434/434
f 436/436/436 434/434/434 437/437/437
f 438/438/438 436/436/436 437/437/437
f 437/437/437 310/310/310 438/438/438
f 434/434/434 306/306/306 310/310/310
f 437/437/437 434/434/434 310/310/310
f 310/310/310 312/312/312 438/438/438
f 439/439/439 432/432/432 433/433/433
f 439/439/439 433/433/433 435/435/435
f 440/440/440 439/439/439 435/435/435
f 441/441/441 312/312/312 313/313/313
f 442/442/442 441/441/441 313/313/313
f 443/443/443 441/441/441 442/442/442
f 444/444/444 443/443/443 442/442/442
f 444/444/444 442/442/442 445/445/445
f 446/446/446 444/444/444 445/445/445
f 446/446/446 445/445/445 447/447/447
f 448/448/448 446/446/446 447/447/447
f 448/448/448 447/447/447 449/449/449
f 450/450/450 448/448/448 449/449/449
f 449/449/449 447/447/447 343/343/343
f 447/447/447 344/344/344 343/343/343
f 447/447/447 445/445/445 344/344/344
f 445/445/445 345/345/345 344/344/344
f 442/442/442 313/313/313 345/345/345
f 445/445/445 442/442/442 345/345/345
f 343/343/343 365/365/365 449/449/449
f 365/365/365 343/343/343 360/360/360
f 343/343/343 342/342/342 360/360/360
f 360/360/360 342/342/342 333/333/333
f 332/332/332 360/360/360 333/333/333
f 365/365/365 368/368/368 449/449/449
f 449/449/449 368/368/368 450/450/450
f 368/368/368 369/369/369 450/450/450
f 357/357/357 360/360/360 332/332/332
f 351/351/351 357/357/357 332/332/332
f 332/332/332 331/331/331 351/351/351
f 331/331/331 352/352/352 351/351/351
f 352/352/352 331/331/331 320/320/320
f 353/353/353 352/352/352 320/320/320
f 353/353/353 320/320/320 323/323/323
f 334/334/334 353/353/353 323/323/323
f 376/376/376 382/382/382 390/390/390
f 328/328/328 398/398/398 341/341/341
f 398/398/398 328/328/328 400/400/400
f 328/328/328 329/329/329 400/400/400
f 453/453/453 452/452/452 451/451/451
f 454/454/454 453/453/453 451/451/451
f 451/451/451 452/452/452 455/455/455
f 452/452/452 456/456/456 455/455/455
f 453/453/453 457/457/457 452/452/452
f 457/457/457 458/458/458 452/452/452
f 452/452/452 458/458/458 456/456/456
f 458/458/458 457/457/457 459/459/459
f 460/460/460 458/458/458 459/459/459
f 458/458/458 461/461/461 456/456/456
f 458/458/458 460/460/460 461/461/461
f 456/456/456 461/461/461 462/462/462
f 461/461/461 463/463/463 462/462/462
f 462/462/462 463/463/463 464/464/464
f 462/462/462 464/464/464 465/465/465
f 466/466/466 465/465/465 464/464/464
f 467/467/467 466/466/466 464/464/464
f 468/468/468 462/462/462 465/465/465
f 456/456/456 462/462/462 468/468/468
f 455/455/455 456/456/456 468/468/468
f 466/466/466 467/467/467 469/469/469
f 467/467/467 470/470/470 469/469/469
f 469/469/469 470/470/470 471/471/471
f 470/470/470 472/472/472 471/471/471
f 471/471/471 472/472/472 473/473/473
f 472/472/472 474/474/474 473/473/473
f 473/473/473 474/474/474 475/475/475
f 476/476/476 473/473/473 475/475/475
f 463/463/463 477/477/477 464/464/464
f 467/467/467 464/464/464 477/477/477
f 478/478/478 467/467/467 477/477/477
f 478/478/478 477/477/477 479/479/479
f 477/477/477 480/480/480 479/479/479
f 470/470/470 481/481/481 472/472/472
f 481/481/481 482/482/482 472/472/472
f 472/472/472 482/482/482 474/474/474
f 482/482/482 483/483/483 474/474/474
f 482/482/482 484/484/484 483/483/483
f 484/484/484 485/485/485 483/483/483
f 484/484/484 482/482/482 486/486/486
f 484/484/484 486/486/486 485/485/485
f 482/482/482 487/487/487 486/486/486
f 474/474/474 483/483/483 488/488/488
f 475/475/475 474/474/474 488/488/488
f 483/483/483 485/485/485 488/488/488
f 480/480/480 477/477/477 463/463/463
f 489/489/489 480/480/480 463/463/463
f 490/490/490 489/489/489 463/463/463
f 491/491/491 490/490/490 463/463/463
f 492/492/492 491/491/491 463/463/463
f 461/461/461 492/492/492 463/463/463
f 460/460/460 492/492/492 461/461/461
f 493/493/493 487/487/487 482/482/482
f 494/494/494 493/493/493 482/482/482
f 495/495/495 494/494/494 482/482/482
f 495/495/495 496/496/496 494/494/494
f 496/496/496 497/497/497 494/494/494
f 493/493/493 494/494/494 497/497/497
f 496/496/496 495/495/495 498/498/498
f 495/495/495 499/499/499 498/498/498
f 499/499/499 495/495/495 481/481/481
f 500/500/500 499/499/499 481/481/481
f 481/481/481 495/495/495 482/482/482
f 496/496/496 501/501/501 497/497/497
f 501/501/501 502/502/502 497/497/497
f 501/501/501 503/503/503 502/502/502
f 501/501/501 504/504/504 503/503/503
f 496/496/496 498/498/498 504/504/504
f 501/501/501 496/496/496 504/504/504
f 504/504/504 505/505/505 503/503/503
f 503/503/503 506/506/506 502/502/502
f 507/507/507 505/505/505 504/504/504
f 508/508/508 505/505/505 507/507/507
f 508/508/508 509/509/509 505/505/505
f 509/509/509 510/510/510 505/505/505
f 511/511/511 508/508/508 507/507/507
f 508/508/508 511/511/511 509/509/509
f 512/512/512 511/511/511 507/507/507
f 509/509/509 513/513/513 510/510/510
f 509/509/509 511/511/511 513/513/513
f 513/513/513 511/511/511 512/512/512
f 513/513/513 514/514/514 510/510/510
f 514/514/514 513/513/513 515/515/515
f 515/515/515 513/513/513 512/512/512
f 516/516/516 514/514/514 515/515/515
f 502/502/502 506/506/506 517/517/517
f 518/518/518 502/502/502 517/517/517
f 518/518/518 517/517/517 519/519/519
f 517/517/517 520/520/520 519/519/519
f 519/519/519 520/520/520 521/521/521
f 522/522/522 519/519/519 521/521/521
f 522/522/522 521/521/521 523/523/523
f 524/524/524 522/522/522 523/523/523
f 523/523/523 525/525/525 524/524/524
f 525/525/525 526/526/526 524/524/524
f 524/524/524 527/527/527 522/522/522
f 522/522/522 527/527/527 519/519/519
f 518/518/518 519/519/519 527/527/527
f 528/528/528 518/518/518 527/527/527
f 528/528/528 527/527/527 524/524/524
f 526/526/526 528/528/528 524/524/524
f 497/497/497 528/528/528 526/526/526
f 528/528/528 497/497/497 518/518/518
f 493/493/493 497/497/497 526/526/526
f 493/493/493 526/526/526 525/525/525
f 497/497/497 502/502/502 518/518/518
f 493/493/493 525/525/525 487/487/487
f 486/486/486 487/487/487 525/525/525
f 525/525/525 523/523/523 529/529/529
f 486/486/486 525/525/525 529/529/529
f 486/486/486 529/529/529 485/485/485
f 485/485/485 529/529/529 530/530/530
f 531/531/531 485/485/485 530/530/530
f 531/531/531 530/530/530 532/532/532
f 531/531/531 532/532/532 488/488/488
f 485/485/485 531/531/531 488/488/488
f 532/532/532 533/533/533 488/488/488
f 533/533/533 532/532/532 534/534/534
f 534/534/534 532/532/532 535/535/535
f 530/530/530 536/536/536 532/532/532
f 535/535/535 532/532/532 536/536/536
f 530/530/530 537/537/537 536/536/536
f 530/530/530 529/529/529 537/537/537
f 537/537/537 538/538/538 536/536/536
f 536/536/536 538/538/538 539/539/539
f 535/535/535 536/536/536 539/539/539
f 535/535/535 539/539/539 540/540/540
f 534/534/534 535/535/535 540/540/540
f 534/534/534 540/540/540 541/541/541
f 533/533/533 534/534/534 541/541/541
f 488/488/488 533/533/533 541/541/541
f 488/488/488 541/541/541 542/542/542
f 542/542/542 541/541/541 543/543/543
f 542/542/542 543/543/543 544/544/544
f 545/545/545 542/542/542 544/544/544
f 542/542/542 545/545/545 488/488/488
f 545/545/545 544/544/544 546/546/546
f 547/547/547 545/545/545 546/546/546
f 543/543/543 548/548/548 544/544/544
f 541/541/541 549/549/549 543/543/543
f 543/543/543 549/549/549 548/548/548
f 549/549/549 550/550/550 548/548/548
f 548/548/548 550/550/550 551/551/551
f 550/550/550 552/552/552 551/551/551
f 551/551/551 552/552/552 553/553/553
f 552/552/552 554/554/554 553/553/553
f 553/553/553 554/554/554 555/555/555
f 554/554/554 556/556/556 555/555/555
f 555/555/555 556/556/556 557/557/557
f 558/558/558 555/555/555 557/557/557
f 558/558/558 557/557/557 559/559/559
f 560/560/560 558/558/558 559/559/559
f 561/561/561 560/560/560 559/559/559
f 562/562/562 561/561/561 559/559/559
f 561/561/561 562/562/562 563/563/563
f 564/564/564 561/561/561 563/563/563
f 564/564/564 563/563/563 565/565/565
f 546/546/546 564/564/564 565/565/565
f 546/546/546 565/565/565 566/566/566
f 547/547/547 546/546/546 566/566/566
f 567/567/567 560/560/560 561/561/561
f 567/567/567 558/558/558 560/560/560
f 567/567/567 555/555/555 558/558/558
f 568/568/568 567/567/567 561/561/561
f 568/568/568 561/561/561 564/564/564
f 569/569/569 564/564/564 546/546/546
f 569/569/569 568/568/568 564/564/564
f 544/544/544 569/569/569 546/546/546
f 544/544/544 548/548/548 569/569/569
f 548/548/548 551/551/551 569/569/569
f 569/569/569 551/551/551 568/568/568
f 551/551/551 553/553/553 568/568/568
f 568/568/568 553/553/553 567/567/567
f 553/553/553 555/555/555 567/567/567
f 547/547/547 566/566/566 570/570/570
f 476/476/476 547/547/547 570/570/570
f 476/476/476 570/570/570 571/571/571
f 473/473/473 476/476/476 571/571/571
f 473/473/473 571/571/571 572/572/572
f 471/471/471 473/473/473 572/572/572
f 471/471/471 572/572/572 573/573/573
f 469/469/469 471/471/471 573/573/573
f 469/469/469 573/573/573 574/574/574
f 466/466/466 469/469/469 574/574/574
f 466/466/466 574/574/574 465/465/465
f 574/574/574 575/575/575 465/465/465
f 465/465/465 575/575/575 576/576/576
f 468/468/468 465/465/465 576/576/576
f 468/468/468 576/576/576 577/577/577
f 455/455/455 468/468/468 577/577/577
f 455/455/455 577/577/577 578/578/578
f 451/451/451 455/455/455 578/578/578
f 454/454/454 451/451/451 578/578/578
f 579/579/579 454/454/454 578/578/578
f 454/454/454 579/579/579 580/580/580
f 454/454/454 580/580/580 453/453/453
f 580/580/580 581/581/581 453/453/453
f 580/580/580 582/582/582 581/581/581
f 582/582/582 583/583/583 581/581/581
f 581/581/581 583/583/583 584/584/584
f 583/583/583 585/585/585 584/584/584
f 457/457/457 584/584/584 585/585/585
f 581/581/581 584/584/584 457/457/457
f 453/453/453 581/581/581 457/457/457
f 459/459/459 457/457/457 585/585/585
f 579/579/579 586/586/586 580/580/580
f 580/580/580 586/586/586 582/582/582
f 586/586/586 587/587/587 582/582/582
f 459/459/459 588/588/588 460/460/460
f 588/588/588 589/589/589 460/460/460
f 588/588/588 590/590/590 589/589/589
f 590/590/590 591/591/591 589/589/589
f 589/589/589 591/591/591 592/592/592
f 591/591/591 593/593/593 592/592/592
f 592/592/592 593/593/593 594/594/594
f 593/593/593 595/595/595 594/594/594
f 594/594/594 595/595/595 596/596/596
f 595/595/595 597/597/597 596/596/596
f 594/594/594 596/596/596 490/490/490
f 491/491/491 594/594/594 490/490/490
f 592/592/592 594/594/594 491/491/491
f 492/492/492 592/592/592 491/491/491
f 589/589/589 592/592/592 492/492/492
f 460/460/460 589/589/589 492/492/492
f 512/512/512 490/490/490 596/596/596
f 490/490/490 512/512/512 507/507/507
f 489/489/489 490/490/490 507/507/507
f 489/489/489 507/507/507 480/480/480
f 507/507/507 479/479/479 480/480/480
f 515/515/515 512/512/512 596/596/596
f 515/515/515 596/596/596 597/597/597
f 516/516/516 515/515/515 597/597/597
f 507/507/507 504/504/504 479/479/479
f 504/504/504 498/498/498 479/479/479
f 478/478/478 479/479/479 498/498/498
f 499/499/499 478/478/478 498/498/498
f 478/478/478 499/499/499 467/467/467
f 499/499/499 500/500/500 467/467/467
f 467/467/467 500/500/500 470/470/470
f 500/500/500 481/481/481 470/470/470
f 529/529/529 523/523/523 537/537/537
f 545/545/545 475/475/475 488/488/488
f 475/475/475 545/545/545 547/547/547
f 476/476/476 475/475/475 547/547/547
f 600/600/600 599/599/599 598/598/598
f 601/601/601 600/600/600 598/598/598
f 602/602/602 600/600/600 601/601/601
f 603/603/603 602/602/602 601/601/601
f 600/600/600 604/604/604 599/599/599
f 604/604/604 605/605/605 599/599/599
f 606/606/606 605/605/605 604/604/604
f 607/607/607 606/606/606 604/604/604
f 607/607/607 604/604/604 608/608/608
f 609/609/609 607/607/607 608/608/608
f 609/609/609 610/610/610 607/607/607
f 610/610/610 611/611/611 607/607/607
f 607/607/607 611/611/611 606/606/606
f 608/608/608 604/604/604 612/612/612
f 612/612/612 604/604/604 600/600/600
f 602/602/602 612/612/612 600/600/600
f 613/613/613 608/608/608 612/612/612
f 614/614/614 610/610/610 609/609/609
f 615/615/615 614/614/614 609/609/609
f 615/615/615 609/609/609 608/608/608
f 616/616/616 615/615/615 608/608/608
f 608/608/608 613/613/613 617/617/617
f 616/616/616 608/608/608 617/617/617
f 618/618/618 614/614/614 615/615/615
f 619/619/619 618/618/618 615/615/615
f 619/619/619 615/615/615 616/616/616
f 620/620/620 619/619/619 616/616/616
f 611/611/611 621/621/621 606/606/606
f 622/622/622 618/618/618 619/619/619
f 623/623/623 622/622/622 619/619/619
f 623/623/623 619/619/619 620/620/620
f 624/624/624 622/622/622 623/623/623
f 625/625/625 623/623/623 620/620/620
f 626/626/626 623/623/623 625/625/625
f 626/626/626 624/624/624 623/623/623
f 627/627/627 626/626/626 625/625/625
f 625/625/625 628/628/628 627/627/627
f 628/628/628 629/629/629 627/627/627
f 630/630/630 629/629/629 628/628/628
f 629/629/629 630/630/630 631/631/631
f 632/632/632 629/629/629 631/631/631
f 633/633/633 632/632/632 631/631/631
f 634/634/634 633/633/633 631/631/631
f 635/635/635 630/630/630 628/628/628
f 629/629/629 632/632/632 636/636/636
f 627/627/627 629/629/629 636/636/636
f 636/636/636 626/626/626 627/627/627
f 637/637/637 626/626/626 636/636/636
f 637/637/637 624/624/624 626/626/626
f 637/637/637 638/638/638 624/624/624
f 639/639/639 638/638/638 637/637/637
f 640/640/640 637/637/637 636/636/636
f 640/640/640 633/633/633 634/634/634
f 632/632/632 633/633/633 640/640/640
f 636/636/636 632/632/632 640/640/640
f 641/641/641 640/640/640 634/634/634
f 642/642/642 640/640/640 641/641/641
f 642/642/642 637/637/637 640/640/640
f 642/642/642 643/643/643 637/637/637
f 643/643/643 639/639/639 637/637/637
f 644/644/644 642/642/642 641/641/641
f 644/644/644 641/641/641 645/645/645
f 641/641/641 634/634/634 645/645/645
f 646/646/646 644/644/644 645/645/645
f 646/646/646 645/645/645 647/647/647
f 648/648/648 646/646/646 647/647/647
f 648/648/648 647/647/647 649/649/649
f 650/650/650 648/648/648 649/649/649
f 647/647/647 645/645/645 651/651/651
f 645/645/645 652/652/652 651/651/651
f 647/647/647 651/651/651 653/653/653
f 649/649/649 647/647/647 653/653/653
f 653/653/653 651/651/651 654/654/654
f 651/651/651 655/655/655 654/654/654
f 651/651/651 656/656/656 655/655/655
f 655/655/655 657/657/657 654/654/654
f 658/658/658 657/657/657 655/655/655
f 659/659/659 658/658/658 655/655/655
f 658/658/658 659/659/659 660/660/660
f 659/659/659 661/661/661 660/660/660
f 660/660/660 661/661/661 662/662/662
f 662/662/662 661/661/661 663/663/663
f 661/661/661 664/664/664 663/663/663
f 661/661/661 665/665/665 664/664/664
f 663/663/663 664/664/664 666/666/666
f 664/664/664 667/667/667 666/666/666
f 664/664/664 601/601/601 667/667/667
f 601/601/601 664/664/664 665/665/665
f 601/601/601 598/598/598 667/667/667
f 668/668/668 601/601/601 665/665/665
f 668/668/668 665/665/665 669/669/669
f 670/670/670 668/668/668 669/669/669
f 670/670/670 671/671/671 668/668/668
f 671/671/671 672/672/672 668/668/668
f 668/668/668 672/672/672 601/601/601
f 673/673/673 671/671/671 670/670/670
f 674/674/674 673/673/673 670/670/670
f 675/675/675 673/673/673 674/674/674
f 652/652/652 675/675/675 674/674/674
f 670/670/670 669/669/669 656/656/656
f 674/674/674 670/670/670 656/656/656
f 674/674/674 656/656/656 651/651/651
f 652/652/652 674/674/674 651/651/651
f 672/672/672 603/603/603 601/601/601
f 676/676/676 675/675/675 652/652/652
f 645/645/645 676/676/676 652/652/652
f 634/634/634 676/676/676 645/645/645
f 631/631/631 675/675/675 676/676/676
f 634/634/634 631/631/631 676/676/676
f 679/679/679 678/678/678 677/677/677
f 679/679/679 680/680/680 678/678/678
f 679/679/679 681/681/681 680/680/680
f 677/677/677 682/682/682 679/679/679
f 680/680/680 681/681/681 683/683/683
f 681/681/681 684/684/684 683/683/683
f 677/677/677 685/685/685 682/682/682
f 677/677/677 678/678/678 685/685/685
f 685/685/685 686/686/686 682/682/682
f 678/678/678 687/687/687 685/685/685
f 680/680/680 683/683/683 687/687/687
f 678/678/678 680/680/680 687/687/687
f 688/688/688 684/684/684 681/681/681
f 689/689/689 688/688/688 681/681/681
f 689/689/689 681/681/681 679/679/679
f 679/679/679 690/690/690 689/689/689
f 689/689/689 690/690/690 688/688/688
f 690/690/690 691/691/691 688/688/688
f 694/694/694 693/693/693 692/692/692
f 695/695/695 694/694/694 692/692/692
f 694/694/694 696/696/696 693/693/693
f 696/696/696 697/697/697 693/693/693
f 698/698/698 694/694/694 695/695/695
f 699/699/699 698/698/698 695/695/695
f 699/699/699 700/700/700 698/698/698
f 700/700/700 701/701/701 698/698/698
f 698/698/698 701/701/701 702/702/702
f 701/701/701 703/703/703 702/702/702
f 704/704/704 703/703/703 701/701/701
f 705/705/705 704/704/704 701/701/701
f 705/705/705 701/701/701 700/700/700
f 698/698/698 702/702/702 706/706/706
f 706/706/706 696/696/696 694/694/694
f 698/698/698 706/706/706 694/694/694
f 702/702/702 707/707/707 706/706/706
f 704/704/704 708/708/708 703/703/703
f 708/708/708 709/709/709 703/703/703
f 703/703/703 709/709/709 702/702/702
f 709/709/709 710/710/710 702/702/702
f 702/702/702 710/710/710 711/711/711
f 707/707/707 702/702/702 711/711/711
f 708/708/708 712/712/712 709/709/709
f 712/712/712 713/713/713 709/709/709
f 709/709/709 713/713/713 710/710/710
f 713/713/713 714/714/714 710/710/710
f 715/715/715 705/705/705 700/700/700
f 712/712/712 716/716/716 713/713/713
f 716/716/716 717/717/717 713/713/713
f 713/713/713 717/717/717 714/714/714
f 717/717/717 718/718/718 714/714/714
f 717/717/717 719/719/719 718/718/718
f 720/720/720 719/719/719 717/717/717
f 716/716/716 720/720/720 717/717/717
f 719/719/719 721/721/721 718/718/718
f 720/720/720 722/722/722 719/719/719
f 719/719/719 722/722/722 723/723/723
f 719/719/719 723/723/723 721/721/721
f 722/722/722 724/724/724 723/723/723
f 722/722/722 725/725/725 724/724/724
f 724/724/724 725/725/725 726/726/726
f 725/725/725 727/727/727 726/726/726
f 726/726/726 727/727/727 728/728/728
f 727/727/727 729/729/729 728/728/728
f 728/728/728 729/729/729 730/730/730
f 729/729/729 731/731/731 730/730/730
f 730/730/730 731/731/731 732/732/732
f 731/731/731 733/733/733 732/732/732
f 728/728/728 730/730/730 734/734/734
f 735/735/735 728/728/728 734/734/734
f 730/730/730 732/732/732 736/736/736
f 734/734/734 730/730/730 736/736/736
f 734/734/734 736/736/736 737/737/737
f 738/738/738 734/734/734 737/737/737
f 739/739/739 734/734/734 738/738/738
f 740/740/740 738/738/738 737/737/737
f 740/740/740 741/741/741 738/738/738
f 741/741/741 742/742/742 738/738/738
f 742/742/742 741/741/741 743/743/743
f 744/744/744 742/742/742 743/743/743
f 744/744/744 743/743/743 745/745/745
f 744/744/744 745/745/745 746/746/746
f 747/747/747 744/744/744 746/746/746
f 748/748/748 744/744/744 747/747/747
f 747/747/747 746/746/746 749/749/749
f 750/750/750 747/747/747 749/749/749
f 693/693/693 747/747/747 750/750/750
f 747/747/747 693/693/693 748/748/748
f 692/692/692 693/693/693 750/750/750
f 693/693/693 751/751/751 748/748/748
f 748/748/748 751/751/751 752/752/752
f 751/751/751 753/753/753 752/752/752
f 754/754/754 753/753/753 751/751/751
f 755/755/755 754/754/754 751/751/751
f 755/755/755 751/751/751 693/693/693
f 754/754/754 756/756/756 753/753/753
f 756/756/756 757/757/757 753/753/753
f 756/756/756 758/758/758 757/757/757
f 758/758/758 735/735/735 757/757/757
f 753/753/753 757/757/757 739/739/739
f 752/752/752 753/753/753 739/739/739
f 757/757/757 735/735/735 734/734/734
f 739/739/739 757/757/757 734/734/734
f 697/697/697 755/755/755 693/693/693
f 758/758/758 759/759/759 735/735/735
f 759/759/759 728/728/728 735/735/735
f 759/759/759 760/760/760 728/728/728
f 760/760/760 726/726/726 728/728/728
f 724/724/724 726/726/726 760/760/760
f 761/761/761 724/724/724 760/760/760
f 761/761/761 760/760/760 762/762/762
f 762/762/762 760/760/760 759/759/759
f 758/758/758 762/762/762 759/759/759
f 763/763/763 761/761/761 762/762/762
f 761/761/761 763/763/763 724/724/724
f 764/764/764 763/763/763 762/762/762
f 765/765/765 764/764/764 762/762/762
f 764/764/764 765/765/765 766/766/766
f 765/765/765 767/767/767 766/766/766
f 764/764/764 766/766/766 721/721/721
f 766/766/766 718/718/718 721/721/721
f 764/764/764 721/721/721 723/723/723
f 763/763/763 764/764/764 723/723/723
f 763/763/763 723/723/723 724/724/724
f 769/769/769 768/768/768 722/722/722
f 722/722/722 768/768/768 725/725/725
f 770/770/770 769/769/769 722/722/722
f 720/720/720 770/770/770 722/722/722
f 772/772/772 771/771/771 768/768/768
f 773/773/773 772/772/772 768/768/768
f 772/772/772 773/773/773 774/774/774
f 775/775/775 772/772/772 774/774/774
f 775/775/775 774/774/774 776/776/776
f 777/777/777 772/772/772 775/775/775
f 772/772/772 777/777/777 771/771/771
f 778/778/778 777/777/777 775/775/775
f 778/778/778 775/775/775 779/779/779
f 779/779/779 775/775/775 776/776/776
f 779/779/779 776/776/776 780/780/780
f 781/781/781 779/779/779 780/780/780
f 781/781/781 780/780/780 782/782/782
f 783/783/783 781/781/781 782/782/782
f 783/783/783 782/782/782 784/784/784
f 785/785/785 783/783/783 784/784/784
f 785/785/785 784/784/784 786/786/786
f 787/787/787 778/778/778 779/779/779
f 787/787/787 779/779/779 781/781/781
f 788/788/788 787/787/787 781/781/781
f 788/788/788 781/781/781 783/783/783
f 789/789/789 788/788/788 783/783/783
f 789/789/789 783/783/783 785/785/785
f 790/790/790 789/789/789 785/785/785
f 790/790/790 785/785/785 791/791/791
f 791/791/791 785/785/785 786/786/786
f 792/792/792 790/790/790 791/791/791
f 787/787/787 793/793/793 778/778/778
f 793/793/793 794/794/794 778/778/778
f 795/795/795 793/793/793 787/787/787
f 788/788/788 795/795/795 787/787/787
f 796/796/796 795/795/795 788/788/788
f 789/789/789 796/796/796 788/788/788
f 797/797/797 796/796/796 789/789/789
f 790/790/790 797/797/797 789/789/789
f 798/798/798 797/797/797 790/790/790
f 792/792/792 798/798/798 790/790/790
f 795/795/795 799/799/799 793/793/793
f 799/799/799 800/800/800 793/793/793
f 793/793/793 800/800/800 794/794/794
f 801/801/801 800/800/800 799/799/799
f 802/802/802 801/801/801 799/799/799
f 802/802/802 803/803/803 801/801/801
f 802/802/802 804/804/804 803/803/803
f 803/803/803 805/805/805 801/801/801
f 801/801/801 805/805/805 806/806/806
f 801/801/801 806/806/806 807/807/807
f 801/801/801 807/807/807 800/800/800
f 806/806/806 808/808/808 807/807/807
f 806/806/806 809/809/809 808/808/808
f 808/808/808 809/809/809 810/810/810
f 808/808/808 810/810/810 811/811/811
f 811/811/811 810/810/810 812/812/812
f 810/810/810 813/813/813 812/812/812
f 802/802/802 814/814/814 804/804/804
f 808/808/808 811/811/811 815/815/815
f 811/811/811 816/816/816 815/815/815
f 811/811/811 812/812/812 816/816/816
f 808/808/808 815/815/815 817/817/817
f 807/807/807 808/808/808 817/817/817
f 812/812/812 818/818/818 816/816/816
f 807/807/807 817/817/817 800/800/800
f 800/800/800 817/817/817 794/794/794
f 817/817/817 815/815/815 819/819/819
f 794/794/794 817/817/817 819/819/819
f 794/794/794 819/819/819 777/777/777
f 777/777/777 819/819/819 820/820/820
f 777/777/777 820/820/820 771/771/771
f 771/771/771 820/820/820 821/821/821
f 820/820/820 822/822/822 821/821/821
f 821/821/821 822/822/822 823/823/823
f 821/821/821 823/823/823 824/824/824
f 825/825/825 821/821/821 824/824/824
f 771/771/771 821/821/821 825/825/825
f 768/768/768 771/771/771 825/825/825
f 824/824/824 823/823/823 826/826/826
f 823/823/823 827/827/827 826/826/826
f 826/826/826 827/827/827 731/731/731
f 827/827/827 828/828/828 731/731/731
f 822/822/822 829/829/829 823/823/823
f 823/823/823 829/829/829 827/827/827
f 829/829/829 830/830/830 827/827/827
f 827/827/827 830/830/830 828/828/828
f 830/830/830 831/831/831 828/828/828
f 828/828/828 831/831/831 832/832/832
f 828/828/828 832/832/832 733/733/733
f 731/731/731 828/828/828 733/733/733
f 831/831/831 833/833/833 832/832/832
f 831/831/831 834/834/834 833/833/833
f 834/834/834 835/835/835 833/833/833
f 836/836/836 834/834/834 831/831/831
f 830/830/830 836/836/836 831/831/831
f 837/837/837 836/836/836 830/830/830
f 829/829/829 837/837/837 830/830/830
f 838/838/838 837/837/837 829/829/829
f 822/822/822 838/838/838 829/829/829
f 839/839/839 838/838/838 822/822/822
f 820/820/820 839/839/839 822/822/822
f 819/819/819 839/839/839 820/820/820
f 819/819/819 815/815/815 839/839/839
f 815/815/815 816/816/816 839/839/839
f 839/839/839 816/816/816 838/838/838
f 816/816/816 818/818/818 838/838/838
f 838/838/838 818/818/818 837/837/837
f 818/818/818 840/840/840 837/837/837
f 837/837/837 840/840/840 836/836/836
f 818/818/818 841/841/841 840/840/840
f 841/841/841 842/842/842 840/840/840
f 841/841/841 843/843/843 842/842/842
f 843/843/843 844/844/844 842/842/842
f 842/842/842 844/844/844 845/845/845
f 844/844/844 846/846/846 845/845/845
f 845/845/845 846/846/846 847/847/847
f 845/845/845 847/847/847 848/848/848
f 848/848/848 847/847/847 849/849/849
f 847/847/847 850/850/850 849/849/849
f 842/842/842 845/845/845 851/851/851
f 840/840/840 842/842/842 851/851/851
f 845/845/845 848/848/848 852/852/852
f 851/851/851 845/845/845 852/852/852
f 848/848/848 849/849/849 853/853/853
f 852/852/852 848/848/848 853/853/853
f 840/840/840 851/851/851 836/836/836
f 851/851/851 852/852/852 834/834/834
f 836/836/836 851/851/851 834/834/834
f 852/852/852 853/853/853 835/835/835
f 834/834/834 852/852/852 835/835/835
f 856/856/856 855/855/855 854/854/854
f 857/857/857 855/855/855 856/856/856
f 858/858/858 855/855/855 857/857/857
f 859/859/859 854/854/854 855/855/855
f 858/858/858 857/857/857 860/860/860
f 861/861/861 858/858/858 860/860/860
f 862/862/862 854/854/854 859/859/859
f 856/856/856 854/854/854 862/862/862
f 863/863/863 862/862/862 859/859/859
f 864/864/864 856/856/856 862/862/862
f 857/857/857 856/856/856 864/864/864
f 860/860/860 857/857/857 864/864/864
f 861/861/861 865/865/865 858/858/858
f 865/865/865 866/866/866 858/858/858
f 858/858/858 866/866/866 855/855/855
f 867/867/867 855/855/855 866/866/866
f 867/867/867 866/866/866 865/865/865
f 868/868/868 867/867/867 865/865/865
f 871/871/871 870/870/870 869/869/869
f 869/869/869 870/870/870 872/872/872
f 870/870/870 873/873/873 872/872/872
f 871/871/871 874/874/874 870/870/870
f 871/871/871 869/869/869 875/875/875
f 876/876/876 871/871/871 875/875/875
f 869/869/869 872/872/872 877/877/877
f 875/875/875 869/869/869 877/877/877
f 876/876/876 875/875/875 797/797/797
f 798/798/798 876/876/876 797/797/797
f 875/875/875 877/877/877 796/796/796
f 797/797/797 875/875/875 796/796/796
f 796/796/796 878/878/878 795/795/795
f 878/878/878 799/799/799 795/795/795
f 802/802/802 799/799/799 878/878/878
f 814/814/814 802/802/802 878/878/878
f 778/778/778 794/794/794 777/777/777
f 881/881/881 880/880/880 879/879/879
f 881/881/881 879/879/879 882/882/882
f 883/883/883 881/881/881 882/882/882
f 884/884/884 880/880/880 881/881/881
f 884/884/884 881/881/881 883/883/883
f 885/885/885 884/884/884 883/883/883
f 883/883/883 882/882/882 886/886/886
f 887/887/887 883/883/883 886/886/886
f 885/885/885 883/883/883 887/887/887
f 887/887/887 886/886/886 888/888/888
f 889/889/889 887/887/887 888/888/888
f 890/890/890 887/887/887 889/889/889
f 890/890/890 885/885/885 887/887/887
f 891/891/891 890/890/890 889/889/889
f 889/889/889 888/888/888 892/892/892
f 893/893/893 889/889/889 892/892/892
f 891/891/891 889/889/889 893/893/893
f 893/893/893 892/892/892 894/894/894
f 895/895/895 893/893/893 894/894/894
f 896/896/896 893/893/893 895/895/895
f 896/896/896 891/891/891 893/893/893
f 897/897/897 896/896/896 895/895/895
f 895/895/895 894/894/894 898/898/898
f 899/899/899 895/895/895 898/898/898
f 897/897/897 895/895/895 899/899/899
f 899/899/899 898/898/898 900/900/900
f 901/901/901 899/899/899 900/900/900
f 902/902/902 899/899/899 901/901/901
f 902/902/902 897/897/897 899/899/899
f 903/903/903 902/902/902 901/901/901
f 903/903/903 901/901/901 904/904/904
f 905/905/905 903/903/903 904/904/904
f 905/905/905 904/904/904 906/906/906
f 906/906/906 904/904/904 907/907/907
f 904/904/904 908/908/908 907/907/907
f 901/901/901 900/900/900 908/908/908
f 904/904/904 901/901/901 908/908/908
f 909/909/909 905/905/905 906/906/906
f 906/906/906 907/907/907 910/910/910
f 911/911/911 906/906/906 910/910/910
f 909/909/909 906/906/906 911/911/911
f 911/911/911 910/910/910 912/912/912
f 910/910/910 913/913/913 912/912/912
f 912/912/912 913/913/913 914/914/914
f 915/915/915 912/912/912 914/914/914
f 915/915/915 914/914/914 916/916/916
f 917/917/917 915/915/915 916/916/916
f 911/911/911 912/912/912 918/918/918
f 919/919/919 911/911/911 918/918/918
f 919/919/919 909/909/909 911/911/911
f 917/917/917 916/916/916 920/920/920
f 921/921/921 917/917/917 920/920/920
f 922/922/922 917/917/917 921/921/921
f 922/922/922 923/923/923 917/917/917
f 923/923/923 924/924/924 917/917/917
f 917/917/917 924/924/924 915/915/915
f 924/924/924 918/918/918 912/912/912
f 915/915/915 924/924/924 912/912/912
f 925/925/925 924/924/924 923/923/923
f 925/925/925 918/918/918 924/924/924
f 926/926/926 925/925/925 923/923/923
f 918/918/918 925/925/925 927/927/927
f 927/927/927 925/925/925 926/926/926
f 928/928/928 918/918/918 927/927/927
f 928/928/928 927/927/927 929/929/929
f 929/929/929 927/927/927 930/930/930
f 930/930/930 927/927/927 926/926/926
f 931/931/931 929/929/929 930/930/930
f 932/932/932 928/928/928 929/929/929
f 933/933/933 922/922/922 921/921/921
f 921/921/921 920/920/920 934/934/934
f 935/935/935 921/921/921 934/934/934
f 933/933/933 921/921/921 935/935/935
f 935/935/935 934/934/934 936/936/936
f 937/937/937 935/935/935 936/936/936
f 937/937/937 936/936/936 938/938/938
f 939/939/939 937/937/937 938/938/938
f 939/939/939 938/938/938 940/940/940
f 941/941/941 939/939/939 940/940/940
f 941/941/941 940/940/940 942/942/942
f 943/943/943 941/941/941 942/942/942
f 943/943/943 942/942/942 944/944/944
f 945/945/945 943/943/943 944/944/944
f 945/945/945 944/944/944 946/946/946
f 947/947/947 945/945/945 946/946/946
f 948/948/948 935/935/935 937/937/937
f 948/948/948 933/933/933 935/935/935
f 949/949/949 948/948/948 937/937/937
f 949/949/949 937/937/937 939/939/939
f 950/950/950 949/949/949 939/939/939
f 950/950/950 939/939/939 941/941/941
f 951/951/951 950/950/950 941/941/941
f 951/951/951 941/941/941 943/943/943
f 952/952/952 951/951/951 943/943/943
f 952/952/952 943/943/943 945/945/945
f 953/953/953 952/952/952 945/945/945
f 953/953/953 945/945/945 947/947/947
f 954/954/954 953/953/953 947/947/947
f 957/957/957 956/956/956 955/955/955
f 957/957/957 955/955/955 958/958/958
f 959/959/959 957/957/957 958/958/958
f 955/955/955 956/956/956 960/960/960
f 955/955/955 960/960/960 961/961/961
f 958/958/958 955/955/955 961/961/961
f 958/958/958 961/961/961 962/962/962
f 963/963/963 958/958/958 962/962/962
f 959/959/959 958/958/958 963/963/963
f 963/963/963 962/962/962 964/964/964
f 965/965/965 963/963/963 964/964/964
f 966/966/966 963/963/963 965/965/965
f 966/966/966 959/959/959 963/963/963
f 967/967/967 966/966/966 965/965/965
f 965/965/965 964/964/964 968/968/968
f 969/969/969 965/965/965 968/968/968
f 967/967/967 965/965/965 969/969/969
f 969/969/969 968/968/968 970/970/970
f 971/971/971 969/969/969 970/970/970
f 972/972/972 969/969/969 971/971/971
f 972/972/972 967/967/967 969/969/969
f 973/973/973 972/972/972 971/971/971
f 973/973/973 971/971/971 974/974/974
f 975/975/975 973/973/973 974/974/974
f 975/975/975 974/974/974 976/976/976
f 977/977/977 975/975/975 976/976/976
f 971/971/971 970/970/970 978/978/978
f 974/974/974 971/971/971 978/978/978
f 974/974/974 978/978/978 979/979/979
f 976/976/976 974/974/974 979/979/979
f 976/976/976 979/979/979 980/980/980
f 981/981/981 976/976/976 980/980/980
f 977/977/977 976/976/976 981/981/981
f 981/981/981 980/980/980 982/982/982
f 983/983/983 981/981/981 982/982/982
f 983/983/983 982/982/982 984/984/984
f 985/985/985 983/983/983 984/984/984
f 986/986/986 983/983/983 985/985/985
f 987/987/987 986/986/986 985/985/985
f 988/988/988 981/981/981 983/983/983
f 986/986/986 988/988/988 983/983/983
f 988/988/988 977/977/977 981/981/981
f 987/987/987 985/985/985 989/989/989
f 990/990/990 987/987/987 989/989/989
f 990/990/990 989/989/989 991/991/991
f 992/992/992 990/990/990 991/991/991
f 992/992/992 991/991/991 993/993/993
f 994/994/994 992/992/992 993/993/993
f 994/994/994 993/993/993 995/995/995
f 996/996/996 994/994/994 995/995/995
f 996/996/996 995/995/995 997/997/997
f 998/998/998 996/996/996 997/997/997
f 998/998/998 997/997/997 999/999/999
f 1000/1000/1000 998/998/998 999/999/999
f 1000/1000/1000 999/999/999 1001/1001/1001
f 1002/1002/1002 1000/1000/1000 1001/1001/1001
f 991/991/991 989/989/989 1003/1003/1003
f 989/989/989 1004/1004/1004 1003/1003/1003
f 991/991/991 1003/1003/1003 1005/1005/1005
f 993/993/993 991/991/991 1005/1005/1005
f 993/993/993 1005/1005/1005 1006/1006/1006
f 995/995/995 993/993/993 1006/1006/1006
f 995/995/995 1006/1006/1006 1007/1007/1007
f 997/997/997 995/995/995 1007/1007/1007
f 997/997/997 1007/1007/1007 1008/1008/1008
f 999/999/999 997/997/997 1008/1008/1008
f 999/999/999 1008/1008/1008 1009/1009/1009
f 1001/1001/1001 999/999/999 1009/1009/1009
f 985/985/985 984/984/984 1004/1004/1004
f 989/989/989 985/985/985 1004/1004/1004
f 1012/1012/1012 1011/1011/1011 1010/1010/1010
f 1013/1013/1013 1012/1012/1012 1010/1010/1010
f 1013/1013/1013 1010/1010/1010 1014/1014/1014
f 1015/1015/1015 1013/1013/1013 1014/1014/1014
f 1012/1012/1012 1016/1016/1016 1011/1011/1011
f 1011/1011/1011 1016/1016/1016 1017/1017/1017
f 1011/1011/1011 1017/1017/1017 1018/1018/1018
f 1010/1010/1010 1011/1011/1011 1018/1018/1018
f 1010/1010/1010 1018/1018/1018 1019/1019/1019
f 1014/1014/1014 1010/1010/1010 1019/1019/1019
f 1014/1014/1014 1019/1019/1019 1020/1020/1020
f 1021/1021/1021 1014/1014/1014 1020/1020/1020
f 1015/1015/1015 1014/1014/1014 1021/1021/1021
f 1021/1021/1021 1020/1020/1020 1022/1022/1022
f 1023/1023/1023 1021/1021/1021 1022/1022/1022
f 1024/1024/1024 1021/1021/1021 1023/1023/1023
f 1024/1024/1024 1015/1015/1015 1021/1021/1021
f 1025/1025/1025 1024/1024/1024 1023/1023/1023
f 1023/1023/1023 1022/1022/1022 1026/1026/1026
f 1027/1027/1027 1023/1023/1023 1026/1026/1026
f 1025/1025/1025 1023/1023/1023 1027/1027/1027
f 1027/1027/1027 1026/1026/1026 1028/1028/1028
f 1029/1029/1029 1027/1027/1027 1028/1028/1028
f 1030/1030/1030 1027/1027/1027 1029/1029/1029
f 1030/1030/1030 1025/1025/1025 1027/1027/1027
f 1031/1031/1031 1030/1030/1030 1029/1029/1029
f 1031/1031/1031 1029/1029/1029 1032/1032/1032
f 1033/1033/1033 1031/1031/1031 1032/1032/1032
f 1033/1033/1033 1032/1032/1032 1034/1034/1034
f 1035/1035/1035 1033/1033/1033 1034/1034/1034
f 1029/1029/1029 1028/1028/1028 1036/1036/1036
f 1032/1032/1032 1029/1029/1029 1036/1036/1036
f 1032/1032/1032 1036/1036/1036 1037/1037/1037
f 1034/1034/1034 1032/1032/1032 1037/1037/1037
f 1035/1035/1035 1034/1034/1034 1038/1038/1038
f 1039/1039/1039 1035/1035/1035 1038/1038/1038
f 1039/1039/1039 1038/1038/1038 1040/1040/1040
f 1041/1041/1041 1039/1039/1039 1040/1040/1040
f 1040/1040/1040 1038/1038/1038 1042/1042/1042
f 1038/1038/1038 1043/1043/1043 1042/1042/1042
f 1034/1034/1034 1037/1037/1037 1043/1043/1043
f 1038/1038/1038 1034/1034/1034 1043/1043/1043
f 1041/1041/1041 1040/1040/1040 1044/1044/1044
f 1045/1045/1045 1041/1041/1041 1044/1044/1044
f 1045/1045/1045 1044/1044/1044 1046/1046/1046
f 1047/1047/1047 1045/1045/1045 1046/1046/1046
f 1046/1046/1046 1044/1044/1044 1048/1048/1048
f 1044/1044/1044 1049/1049/1049 1048/1048/1048
f 1040/1040/1040 1042/1042/1042 1049/1049/1049
f 1044/1044/1044 1040/1040/1040 1049/1049/1049
f 1046/1046/1046 1048/1048/1048 1050/1050/1050
f 1051/1051/1051 1046/1046/1046 1050/1050/1050
f 1047/1047/1047 1046/1046/1046 1051/1051/1051
f 1051/1051/1051 1050/1050/1050 1052/1052/1052
f 1053/1053/1053 1051/1051/1051 1052/1052/1052
f 1054/1054/1054 1051/1051/1051 1053/1053/1053
f 1054/1054/1054 1047/1047/1047 1051/1051/1051
f 1055/1055/1055 1054/1054/1054 1053/1053/1053
f 1055/1055/1055 1053/1053/1053 1056/1056/1056
f 1057/1057/1057 1055/1055/1055 1056/1056/1056
f 1057/1057/1057 1056/1056/1056 1058/1058/1058
f 1059/1059/1059 1057/1057/1057 1058/1058/1058
f 1059/1059/1059 1058/1058/1058 1060/1060/1060
f 1061/1061/1061 1059/1059/1059 1060/1060/1060
f 1061/1061/1061 1060/1060/1060 1062/1062/1062
f 1063/1063/1063 1061/1061/1061 1062/1062/1062
f 1063/1063/1063 1062/1062/1062 1064/1064/1064
f 1065/1065/1065 1063/1063/1063 1064/1064/1064
f 1053/1053/1053 1052/1052/1052 1066/1066/1066
f 1056/1056/1056 1053/1053/1053 1066/1066/1066
f 1056/1056/1056 1066/1066/1066 1067/1067/1067
f 1058/1058/1058 1056/1056/1056 1067/1067/1067
f 1058/1058/1058 1067/1067/1067 1068/1068/1068
f 1060/1060/1060 1058/1058/1058 1068/1068/1068
f 1060/1060/1060 1068/1068/1068 1069/1069/1069
f 1062/1062/1062 1060/1060/1060 1069/1069/1069
f 1062/1062/1062 1069/1069/1069 1070/1070/1070
f 1064/1064/1064 1062/1062/1062 1070/1070/1070
f 1073/1073/1073 1072/1072/1072 1071/1071/1071
f 1074/1074/1074 1073/1073/1073 1071/1071/1071
f 1075/1075/1075 1072/1072/1072 1073/1073/1073
f 1076/1076/1076 1075/1075/1075 1073/1073/1073
f 1077/1077/1077 1073/1073/1073 1074/1074/1074
f 1076/1076/1076 1073/1073/1073 1077/1077/1077
f 1078/1078/1078 1077/1077/1077 1074/1074/1074
f 1079/1079/1079 1077/1077/1077 1078/1078/1078
f 1080/1080/1080 1077/1077/1077 1079/1079/1079
f 1080/1080/1080 1076/1076/1076 1077/1077/1077
f 1081/1081/1081 1080/1080/1080 1079/1079/1079
f 1082/1082/1082 1079/1079/1079 1078/1078/1078
f 1083/1083/1083 1079/1079/1079 1082/1082/1082
f 1081/1081/1081 1079/1079/1079 1083/1083/1083
f 1084/1084/1084 1083/1083/1083 1082/1082/1082
f 1085/1085/1085 1083/1083/1083 1084/1084/1084
f 1086/1086/1086 1085/1085/1085 1084/1084/1084
f 1087/1087/1087 1083/1083/1083 1085/1085/1085
f 1087/1087/1087 1081/1081/1081 1083/1083/1083
f 1088/1088/1088 1087/1087/1087 1085/1085/1085
f 1086/1086/1086 1089/1089/1089 1085/1085/1085
f 1089/1089/1089 1090/1090/1090 1085/1085/1085
f 1088/1088/1088 1085/1085/1085 1090/1090/1090
f 1091/1091/1091 1090/1090/1090 1089/1089/1089
f 1092/1092/1092 1090/1090/1090 1091/1091/1091
f 1092/1092/1092 1088/1088/1088 1090/1090/1090
f 1095/1095/1095 1094/1094/1094 1093/1093/1093
f 1093/1093/1093 1094/1094/1094 1096/1096/1096
f 1094/1094/1094 1097/1097/1097 1096/1096/1096
f 1095/1095/1095 1098/1098/1098 1094/1094/1094
f 1094/1094/1094 1098/1098/1098 1097/1097/1097
f 1098/1098/1098 1099/1099/1099 1097/1097/1097
f 1097/1097/1097 1099/1099/1099 1100/1100/1100
f 1099/1099/1099 1101/1101/1101 1100/1100/1100
f 1100/1100/1100 1101/1101/1101 1102/1102/1102
f 1100/1100/1100 1102/1102/1102 1103/1103/1103
f 1104/1104/1104 1100/1100/1100 1103/1103/1103
f 1097/1097/1097 1100/1100/1100 1104/1104/1104
f 1096/1096/1096 1097/1097/1097 1104/1104/1104
f 1101/1101/1101 1105/1105/1105 1102/1102/1102
f 1102/1102/1102 1105/1105/1105 1106/1106/1106
f 1105/1105/1105 1107/1107/1107 1106/1106/1106
f 1106/1106/1106 1107/1107/1107 1108/1108/1108
f 1106/1106/1106 1108/1108/1108 1109/1109/1109
f 1110/1110/1110 1106/1106/1106 1109/1109/1109
f 1102/1102/1102 1106/1106/1106 1110/1110/1110
f 1103/1103/1103 1102/1102/1102 1110/1110/1110
f 1107/1107/1107 1111/1111/1111 1108/1108/1108
f 1108/1108/1108 1111/1111/1111 1112/1112/1112
f 1111/1111/1111 1113/1113/1113 1112/1112/1112
f 1112/1112/1112 1113/1113/1113 1114/1114/1114
f 1112/1112/1112 1114/1114/1114 1115/1115/1115
f 1116/1116/1116 1112/1112/1112 1115/1115/1115
f 1108/1108/1108 1112/1112/1112 1116/1116/1116
f 1109/1109/1109 1108/1108/1108 1116/1116/1116
f 1113/1113/1113 1117/1117/1117 1114/1114/1114
f 1114/1114/1114 1117/1117/1117 1118/1118/1118
f 1117/1117/1117 1119/1119/1119 1118/1118/1118
f 1118/1118/1118 1119/1119/1119 1120/1120/1120
f 1121/1121/1121 1118/1118/1118 1120/1120/1120
f 1118/1118/1118 1121/1121/1121 1122/1122/1122
f 1123/1123/1123 1118/1118/1118 1122/1122/1122
f 1114/1114/1114 1118/1118/1118 1123/1123/1123
f 1115/1115/1115 1114/1114/1114 1123/1123/1123
f 1122/1122/1122 1121/1121/1121 1124/1124/1124
f 1121/1121/1121 1125/1125/1125 1124/1124/1124
f 1121/1121/1121 1120/1120/1120 1125/1125/1125
f 1126/1126/1126 1124/1124/1124 1125/1125/1125
f 1127/1127/1127 1126/1126/1126 1125/1125/1125
f 1126/1126/1126 1127/1127/1127 1128/1128/1128
f 1127/1127/1127 1129/1129/1129 1128/1128/1128
f 1128/1128/1128 1129/1129/1129 1130/1130/1130
f 1129/1129/1129 1131/1131/1131 1130/1130/1130
f 1130/1130/1130 1131/1131/1131 1132/1132/1132
f 1131/1131/1131 1133/1133/1133 1132/1132/1132
f 1131/1131/1131 1134/1134/1134 1133/1133/1133
f 1131/1131/1131 1135/1135/1135 1134/1134/1134
f 1129/1129/1129 1135/1135/1135 1131/1131/1131
f 1135/1135/1135 1136/1136/1136 1134/1134/1134
f 1135/1135/1135 1137/1137/1137 1136/1136/1136
f 1127/1127/1127 1125/1125/1125 1137/1137/1137
f 1137/1137/1137 1135/1135/1135 1129/1129/1129
f 1127/1127/1127 1137/1137/1137 1129/1129/1129
f 1137/1137/1137 1138/1138/1138 1136/1136/1136
f 1137/1137/1137 1139/1139/1139 1138/1138/1138
f 1137/1137/1137 1140/1140/1140 1139/1139/1139
f 1139/1139/1139 1140/1140/1140 1141/1141/1141
f 1139/1139/1139 1141/1141/1141 1142/1142/1142
f 1139/1139/1139 1142/1142/1142 1138/1138/1138
f 1141/1141/1141 1143/1143/1143 1142/1142/1142
f 1140/1140/1140 1144/1144/1144 1141/1141/1141
f 1134/1134/1134 1145/1145/1145 1133/1133/1133
f 1132/1132/1132 1133/1133/1133 1146/1146/1146
f 1133/1133/1133 1147/1147/1147 1146/1146/1146
f 1133/1133/1133 1145/1145/1145 1147/1147/1147
f 1146/1146/1146 1147/1147/1147 1148/1148/1148
f 1147/1147/1147 1149/1149/1149 1148/1148/1148
f 1148/1148/1148 1149/1149/1149 1150/1150/1150
f 1149/1149/1149 1151/1151/1151 1150/1150/1150
f 1150/1150/1150 1151/1151/1151 1152/1152/1152
f 1151/1151/1151 1153/1153/1153 1152/1152/1152
f 1152/1152/1152 1153/1153/1153 1154/1154/1154
f 1153/1153/1153 1155/1155/1155 1154/1154/1154
f 1154/1154/1154 1155/1155/1155 1156/1156/1156
f 1155/1155/1155 1157/1157/1157 1156/1156/1156
f 1156/1156/1156 1157/1157/1157 1158/1158/1158
f 1157/1157/1157 1159/1159/1159 1158/1158/1158
f 1147/1147/1147 1160/1160/1160 1149/1149/1149
f 1145/1145/1145 1160/1160/1160 1147/1147/1147
f 1160/1160/1160 1161/1161/1161 1149/1149/1149
f 1149/1149/1149 1161/1161/1161 1151/1151/1151
f 1161/1161/1161 1162/1162/1162 1151/1151/1151
f 1151/1151/1151 1162/1162/1162 1153/1153/1153
f 1162/1162/1162 1163/1163/1163 1153/1153/1153
f 1153/1153/1153 1163/1163/1163 1155/1155/1155
f 1163/1163/1163 1164/1164/1164 1155/1155/1155
f 1155/1155/1155 1164/1164/1164 1157/1157/1157
f 1164/1164/1164 1165/1165/1165 1157/1157/1157
f 1157/1157/1157 1165/1165/1165 1159/1159/1159
f 1165/1165/1165 1166/1166/1166 1159/1159/1159
f 1169/1169/1169 1168/1168/1168 1167/1167/1167
f 1167/1167/1167 1168/1168/1168 1170/1170/1170
f 1168/1168/1168 1171/1171/1171 1170/1170/1170
f 1167/1167/1167 1170/1170/1170 1172/1172/1172
f 1173/1173/1173 1167/1167/1167 1172/1172/1172
f 1169/1169/1169 1167/1167/1167 1173/1173/1173
f 1170/1170/1170 1171/1171/1171 1174/1174/1174
f 1171/1171/1171 1175/1175/1175 1174/1174/1174
f 1174/1174/1174 1175/1175/1175 1176/1176/1176
f 1175/1175/1175 1177/1177/1177 1176/1176/1176
f 1174/1174/1174 1176/1176/1176 1178/1178/1178
f 1179/1179/1179 1174/1174/1174 1178/1178/1178
f 1170/1170/1170 1174/1174/1174 1179/1179/1179
f 1172/1172/1172 1170/1170/1170 1179/1179/1179
f 1176/1176/1176 1177/1177/1177 1180/1180/1180
f 1177/1177/1177 1181/1181/1181 1180/1180/1180
f 1180/1180/1180 1181/1181/1181 1182/1182/1182
f 1181/1181/1181 1183/1183/1183 1182/1182/1182
f 1182/1182/1182 1183/1183/1183 1184/1184/1184
f 1183/1183/1183 1185/1185/1185 1184/1184/1184
f 1184/1184/1184 1185/1185/1185 1186/1186/1186
f 1185/1185/1185 1187/1187/1187 1186/1186/1186
f 1184/1184/1184 1186/1186/1186 1188/1188/1188
f 1189/1189/1189 1184/1184/1184 1188/1188/1188
f 1182/1182/1182 1184/1184/1184 1189/1189/1189
f 1190/1190/1190 1182/1182/1182 1189/1189/1189
f 1180/1180/1180 1182/1182/1182 1190/1190/1190
f 1191/1191/1191 1180/1180/1180 1190/1190/1190
f 1176/1176/1176 1180/1180/1180 1191/1191/1191
f 1178/1178/1178 1176/1176/1176 1191/1191/1191
f 1186/1186/1186 1187/1187/1187 1192/1192/1192
f 1187/1187/1187 1193/1193/1193 1192/1192/1192
f 1192/1192/1192 1193/1193/1193 1194/1194/1194
f 1193/1193/1193 1195/1195/1195 1194/1194/1194
f 1194/1194/1194 1195/1195/1195 1196/1196/1196
f 1195/1195/1195 1197/1197/1197 1196/1196/1196
f 1194/1194/1194 1196/1196/1196 1198/1198/1198
f 1199/1199/1199 1194/1194/1194 1198/1198/1198
f 1192/1192/1192 1194/1194/1194 1199/1199/1199
f 1200/1200/1200 1192/1192/1192 1199/1199/1199
f 1186/1186/1186 1192/1192/1192 1200/1200/1200
f 1188/1188/1188 1186/1186/1186 1200/1200/1200
f 1196/1196/1196 1197/1197/1197 1201/1201/1201
f 1197/1197/1197 1202/1202/1202 1201/1201/1201
f 1201/1201/1201 1202/1202/1202 1203/1203/1203
f 1202/1202/1202 1204/1204/1204 1203/1203/1203
f 1203/1203/1203 1204/1204/1204 1205/1205/1205
f 1204/1204/1204 1206/1206/1206 1205/1205/1205
f 1205/1205/1205 1206/1206/1206 1207/1207/1207
f 1206/1206/1206 1208/1208/1208 1207/1207/1207
f 1207/1207/1207 1208/1208/1208 1209/1209/1209
f 1208/1208/1208 1210/1210/1210 1209/1209/1209
f 1209/1209/1209 1210/1210/1210 1211/1211/1211
f 1210/1210/1210 1212/1212/1212 1211/1211/1211
f 1211/1211/1211 1212/1212/1212 1213/1213/1213
f 1212/1212/1212 1214/1214/1214 1213/1213/1213
f 1211/1211/1211 1213/1213/1213 1215/1215/1215
f 1216/1216/1216 1211/1211/1211 1215/1215/1215
f 1209/1209/1209 1211/1211/1211 1216/1216/1216
f 1217/1217/1217 1209/1209/1209 1216/1216/1216
f 1207/1207/1207 1209/1209/1209 1217/1217/1217
f 1218/1218/1218 1207/1207/1207 1217/1217/1217
f 1205/1205/1205 1207/1207/1207 1218/1218/1218
f 1219/1219/1219 1205/1205/1205 1218/1218/1218
f 1203/1203/1203 1205/1205/1205 1219/1219/1219
f 1220/1220/1220 1203/1203/1203 1219/1219/1219
f 1201/1201/1201 1203/1203/1203 1220/1220/1220
f 1221/1221/1221 1201/1201/1201 1220/1220/1220
f 1196/1196/1196 1201/1201/1201 1221/1221/1221
f 1198/1198/1198 1196/1196/1196 1221/1221/1221
f 1224/1224/1224 1223/1223/1223 1222/1222/1222
f 1225/1225/1225 1224/1224/1224 1222/1222/1222
f 1222/1222/1222 1223/1223/1223 1226/1226/1226
f 1223/1223/1223 1227/1227/1227 1226/1226/1226
f 1228/1228/1228 1224/1224/1224 1225/1225/1225
f 1222/1222/1222 1226/1226/1226 1229/1229/1229
f 1230/1230/1230 1222/1222/1222 1229/1229/1229
f 1225/1225/1225 1222/1222/1222 1230/1230/1230
f 1231/1231/1231 1225/1225/1225 1230/1230/1230
f 1228/1228/1228 1225/1225/1225 1231/1231/1231
f 1226/1226/1226 1227/1227/1227 1232/1232/1232
f 1227/1227/1227 1233/1233/1233 1232/1232/1232
f 1232/1232/1232 1233/1233/1233 1234/1234/1234
f 1233/1233/1233 1235/1235/1235 1234/1234/1234
f 1232/1232/1232 1234/1234/1234 1236/1236/1236
f 1237/1237/1237 1232/1232/1232 1236/1236/1236
f 1226/1226/1226 1232/1232/1232 1237/1237/1237
f 1229/1229/1229 1226/1226/1226 1237/1237/1237
f 1234/1234/1234 1235/1235/1235 1238/1238/1238
f 1235/1235/1235 1239/1239/1239 1238/1238/1238
f 1238/1238/1238 1239/1239/1239 1240/1240/1240
f 1239/1239/1239 1241/1241/1241 1240/1240/1240
f 1240/1240/1240 1241/1241/1241 1242/1242/1242
f 1241/1241/1241 1243/1243/1243 1242/1242/1242
f 1242/1242/1242 1243/1243/1243 1244/1244/1244
f 1243/1243/1243 1245/1245/1245 1244/1244/1244
f 1242/1242/1242 1244/1244/1244 1246/1246/1246
f 1247/1247/1247 1242/1242/1242 1246/1246/1246
f 1240/1240/1240 1242/1242/1242 1247/1247/1247
f 1248/1248/1248 1240/1240/1240 1247/1247/1247
f 1238/1238/1238 1240/1240/1240 1248/1248/1248
f 1249/1249/1249 1238/1238/1238 1248/1248/1248
f 1234/1234/1234 1238/1238/1238 1249/1249/1249
f 1236/1236/1236 1234/1234/1234 1249/1249/1249
f 1244/1244/1244 1245/1245/1245 1250/1250/1250
f 1245/1245/1245 1251/1251/1251 1250/1250/1250
f 1250/1250/1250 1251/1251/1251 1252/1252/1252
f 1251/1251/1251 1253/1253/1253 1252/1252/1252
f 1250/1250/1250 1252/1252/1252 1254/1254/1254
f 1255/1255/1255 1250/1250/1250 1254/1254/1254
f 1244/1244/1244 1250/1250/1250 1255/1255/1255
f 1246/1246/1246 1244/1244/1244 1255/1255/1255
f 1252/1252/1252 1253/1253/1253 1256/1256/1256
f 1253/1253/1253 1257/1257/1257 1256/1256/1256
f 1256/1256/1256 1257/1257/1257 1258/1258/1258
f 1257/1257/1257 1259/1259/1259 1258/1258/1258
f 1260/1260/1260 1256/1256/1256 1258/1258/1258
f 1252/1252/1252 1256/1256/1256 1260/1260/1260
f 1254/1254/1254 1252/1252/1252 1260/1260/1260
f 1261/1261/1261 1260/1260/1260 1258/1258/1258
f 1258/1258/1258 1259/1259/1259 1262/1262/1262
f 1259/1259/1259 1263/1263/1263 1262/1262/1262
f 1262/1262/1262 1263/1263/1263 1264/1264/1264
f 1263/1263/1263 1265/1265/1265 1264/1264/1264
f 1264/1264/1264 1265/1265/1265 1266/1266/1266
f 1265/1265/1265 1267/1267/1267 1266/1266/1266
f 1266/1266/1266 1267/1267/1267 1268/1268/1268
f 1267/1267/1267 1269/1269/1269 1268/1268/1268
f 1268/1268/1268 1269/1269/1269 1270/1270/1270
f 1269/1269/1269 1271/1271/1271 1270/1270/1270
f 1270/1270/1270 1271/1271/1271 1272/1272/1272
f 1271/1271/1271 1273/1273/1273 1272/1272/1272
f 1272/1272/1272 1273/1273/1273 1274/1274/1274
f 1273/1273/1273 1275/1275/1275 1274/1274/1274
f 1272/1272/1272 1274/1274/1274 1276/1276/1276
f 1277/1277/1277 1272/1272/1272 1276/1276/1276
f 1270/1270/1270 1272/1272/1272 1277/1277/1277
f 1278/1278/1278 1270/1270/1270 1277/1277/1277
f 1268/1268/1268 1270/1270/1270 1278/1278/1278
f 1279/1279/1279 1268/1268/1268 1278/1278/1278
f 1266/1266/1266 1268/1268/1268 1279/1279/1279
f 1280/1280/1280 1266/1266/1266 1279/1279/1279
f 1264/1264/1264 1266/1266/1266 1280/1280/1280
f 1281/1281/1281 1264/1264/1264 1280/1280/1280
f 1262/1262/1262 1264/1264/1264 1281/1281/1281
f 1282/1282/1282 1262/1262/1262 1281/1281/1281
f 1258/1258/1258 1262/1262/1262 1282/1282/1282
f 1261/1261/1261 1258/1258/1258 1282/1282/1282
f 1285/1285/1285 1284/1284/1284 1283/1283/1283
f 1286/1286/1286 1285/1285/1285 1283/1283/1283
f 1286/1286/1286 1287/1287/1287 1285/1285/1285
f 1287/1287/1287 1288/1288/1288 1285/1285/1285
f 1285/1285/1285 1288/1288/1288 1289/1289/1289
f 1285/1285/1285 1289/1289/1289 1284/1284/1284
f 1288/1288/1288 1290/1290/1290 1289/1289/1289
f 1289/1289/1289 1290/1290/1290 1291/1291/1291
f 1290/1290/1290 1292/1292/1292 1291/1291/1291
f 1289/1289/1289 1291/1291/1291 1293/1293/1293
f 1289/1289/1289 1293/1293/1293 1284/1284/1284
f 1291/1291/1291 1294/1294/1294 1293/1293/1293
f 1291/1291/1291 1292/1292/1292 1295/1295/1295
f 1291/1291/1291 1295/1295/1295 1294/1294/1294
f 1292/1292/1292 1296/1296/1296 1295/1295/1295
f 1295/1295/1295 1296/1296/1296 1297/1297/1297
f 1298/1298/1298 1295/1295/1295 1297/1297/1297
f 1295/1295/1295 1298/1298/1298 1299/1299/1299
f 1295/1295/1295 1299/1299/1299 1294/1294/1294
f 1298/1298/1298 1300/1300/1300 1299/1299/1299
f 1144/1144/1144 1287/1287/1287 1286/1286/1286
f 1141/1141/1141 1144/1144/1144 1286/1286/1286
f 1298/1298/1298 1301/1301/1301 1300/1300/1300
f 1298/1298/1298 1297/1297/1297 1301/1301/1301
f 1301/1301/1301 1302/1302/1302 1300/1300/1300
f 1301/1301/1301 1303/1303/1303 1302/1302/1302
f 1301/1301/1301 1304/1304/1304 1303/1303/1303
f 1297/1297/1297 1304/1304/1304 1301/1301/1301
f 1141/1141/1141 1286/1286/1286 1143/1143/1143
f 1286/1286/1286 1283/1283/1283 1143/1143/1143
f 1072/1072/1072 929/929/929 931/931/931
f 1071/1071/1071 1072/1072/1072 931/931/931
f 932/932/932 929/929/929 1072/1072/1072
f 1075/1075/1075 932/932/932 1072/1072/1072
f 1120/1120/1120 1305/1305/1305 1125/1125/1125
f 1125/1125/1125 1305/1305/1305 1137/1137/1137
f 1308/1308/1308 1307/1307/1307 1306/1306/1306
f 1308/1308/1308 1306/1306/1306 1309/1309/1309
f 1310/1310/1310 1308/1308/1308 1309/1309/1309
f 1310/1310/1310 1309/1309/1309 1311/1311/1311
f 1310/1310/1310 1312/1312/1312 1308/1308/1308
f 1312/1312/1312 1310/1310/1310 1311/1311/1311
f 1312/1312/1312 1313/1313/1313 1308/1308/1308
f 1308/1308/1308 1313/1313/1313 1307/1307/1307
f 1311/1311/1311 1309/1309/1309 1314/1314/1314
f 1315/1315/1315 1312/1312/1312 1311/1311/1311
f 1316/1316/1316 1315/1315/1315 1311/1311/1311
f 1317/1317/1317 1316/1316/1316 1311/1311/1311
f 1311/1311/1311 1318/1318/1318 1317/1317/1317
f 1314/1314/1314 1318/1318/1318 1311/1311/1311
f 1319/1319/1319 1315/1315/1315 1316/1316/1316
f 1319/1319/1319 1320/1320/1320 1315/1315/1315
f 1320/1320/1320 1321/1321/1321 1315/1315/1315
f 1319/1319/1319 1322/1322/1322 1320/1320/1320
f 1322/1322/1322 1323/1323/1323 1320/1320/1320
f 1324/1324/1324 1319/1319/1319 1316/1316/1316
f 1316/1316/1316 1317/1317/1317 1325/1325/1325
f 1324/1324/1324 1316/1316/1316 1325/1325/1325
f 1326/1326/1326 1322/1322/1322 1319/1319/1319
f 1324/1324/1324 1326/1326/1326 1319/1319/1319
f 1327/1327/1327 1324/1324/1324 1325/1325/1325
f 1324/1324/1324 1327/1327/1327 1328/1328/1328
f 1326/1326/1326 1324/1324/1324 1328/1328/1328
f 1317/1317/1317 1318/1318/1318 1329/1329/1329
f 1329/1329/1329 1318/1318/1318 1330/1330/1330
f 1318/1318/1318 1331/1331/1331 1330/1330/1330
f 1331/1331/1331 1318/1318/1318 1332/1332/1332
f 1318/1318/1318 1333/1333/1333 1332/1332/1332
f 1332/1332/1332 1333/1333/1333 1334/1334/1334
f 1332/1332/1332 1334/1334/1334 1335/1335/1335
f 1334/1334/1334 1336/1336/1336 1335/1335/1335
f 1334/1334/1334 1337/1337/1337 1336/1336/1336
f 1337/1337/1337 1338/1338/1338 1336/1336/1336
f 1337/1337/1337 1339/1339/1339 1338/1338/1338
f 1333/1333/1333 1340/1340/1340 1334/1334/1334
f 1334/1334/1334 1340/1340/1340 1337/1337/1337
f 1340/1340/1340 1341/1341/1341 1337/1337/1337
f 1337/1337/1337 1341/1341/1341 1339/1339/1339
f 1332/1332/1332 1335/1335/1335 1342/1342/1342
f 1331/1331/1331 1332/1332/1332 1342/1342/1342
f 1330/1330/1330 1331/1331/1331 1342/1342/1342
f 1329/1329/1329 1330/1330/1330 1343/1343/1343
f 1330/1330/1330 1344/1344/1344 1343/1343/1343
f 1345/1345/1345 1344/1344/1344 1330/1330/1330
f 1345/1345/1345 1346/1346/1346 1342/1342/1342
f 1347/1347/1347 1345/1345/1345 1342/1342/1342
f 1347/1347/1347 1342/1342/1342 1348/1348/1348
f 1346/1346/1346 1345/1345/1345 1330/1330/1330
f 1346/1346/1346 1330/1330/1330 1342/1342/1342
f 1348/1348/1348 1342/1342/1342 1349/1349/1349
f 1348/1348/1348 1349/1349/1349 1350/1350/1350
f 1351/1351/1351 1348/1348/1348 1350/1350/1350
f 1348/1348/1348 1351/1351/1351 1352/1352/1352
f 1352/1352/1352 1351/1351/1351 1353/1353/1353
f 1352/1352/1352 1353/1353/1353 1354/1354/1354
f 1352/1352/1352 1354/1354/1354 1355/1355/1355
f 1356/1356/1356 1352/1352/1352 1355/1355/1355
f 1357/1357/1357 1356/1356/1356 1355/1355/1355
f 1357/1357/1357 1355/1355/1355 1358/1358/1358
f 1359/1359/1359 1357/1357/1357 1358/1358/1358
f 1359/1359/1359 1360/1360/1360 1357/1357/1357
f 1351/1351/1351 1361/1361/1361 1353/1353/1353
f 1361/1361/1361 1362/1362/1362 1353/1353/1353
f 1361/1361/1361 1363/1363/1363 1362/1362/1362
f 1351/1351/1351 1350/1350/1350 1363/1363/1363
f 1361/1361/1361 1351/1351/1351 1363/1363/1363
f 1363/1363/1363 1364/1364/1364 1362/1362/1362
f 1362/1362/1362 1365/1365/1365 1353/1353/1353
f 1359/1359/1359 1366/1366/1366 1360/1360/1360
f 1366/1366/1366 1359/1359/1359 1358/1358/1358
f 1366/1366/1366 1358/1358/1358 1367/1367/1367
f 1358/1358/1358 1368/1368/1368 1367/1367/1367
f 1367/1367/1367 1368/1368/1368 1369/1369/1369
f 1369/1369/1369 1368/1368/1368 1370/1370/1370
f 1368/1368/1368 1371/1371/1371 1370/1370/1370
f 1367/1367/1367 1369/1369/1369 1372/1372/1372
f 1366/1366/1366 1367/1367/1367 1372/1372/1372
f 1369/1369/1369 1373/1373/1373 1372/1372/1372
f 1372/1372/1372 1373/1373/1373 1374/1374/1374
f 1373/1373/1373 1375/1375/1375 1374/1374/1374
f 1369/1369/1369 1370/1370/1370 1376/1376/1376
f 1373/1373/1373 1369/1369/1369 1376/1376/1376
f 1373/1373/1373 1376/1376/1376 1375/1375/1375
f 1376/1376/1376 1370/1370/1370 1377/1377/1377
f 1378/1378/1378 1376/1376/1376 1377/1377/1377
f 1376/1376/1376 1378/1378/1378 1379/1379/1379
f 1376/1376/1376 1379/1379/1379 1375/1375/1375
f 1378/1378/1378 1380/1380/1380 1379/1379/1379
f 1372/1372/1372 1374/1374/1374 1381/1381/1381
f 1382/1382/1382 1372/1372/1372 1381/1381/1381
f 1382/1382/1382 1381/1381/1381 1383/1383/1383
f 1384/1384/1384 1382/1382/1382 1383/1383/1383
f 1383/1383/1383 1385/1385/1385 1384/1384/1384
f 1385/1385/1385 1386/1386/1386 1384/1384/1384
f 1386/1386/1386 1385/1385/1385 1387/1387/1387
f 1388/1388/1388 1386/1386/1386 1387/1387/1387
f 1387/1387/1387 1389/1389/1389 1388/1388/1388
f 1378/1378/1378 1377/1377/1377 1390/1390/1390
f 1378/1378/1378 1390/1390/1390 1380/1380/1380
f 1377/1377/1377 1391/1391/1391 1390/1390/1390
f 1377/1377/1377 1392/1392/1392 1391/1391/1391
f 1392/1392/1392 1393/1393/1393 1391/1391/1391
f 1391/1391/1391 1393/1393/1393 1394/1394/1394
f 1393/1393/1393 1395/1395/1395 1394/1394/1394
f 1394/1394/1394 1395/1395/1395 1396/1396/1396
f 1391/1391/1391 1394/1394/1394 1397/1397/1397
f 1390/1390/1390 1391/1391/1391 1397/1397/1397
f 1397/1397/1397 1394/1394/1394 1396/1396/1396
f 1397/1397/1397 1396/1396/1396 1398/1398/1398
f 1397/1397/1397 1398/1398/1398 1399/1399/1399
f 1390/1390/1390 1397/1397/1397 1399/1399/1399
f 1390/1390/1390 1399/1399/1399 1380/1380/1380
f 1400/1400/1400 1386/1386/1386 1388/1388/1388
f 1384/1384/1384 1386/1386/1386 1400/1400/1400
f 1360/1360/1360 1384/1384/1384 1400/1400/1400
f 1360/1360/1360 1366/1366/1366 1384/1384/1384
f 1366/1366/1366 1382/1382/1382 1384/1384/1384
f 1382/1382/1382 1366/1366/1366 1372/1372/1372
f 1370/1370/1370 1371/1371/1371 1392/1392/1392
f 1377/1377/1377 1370/1370/1370 1392/1392/1392
f 1401/1401/1401 1400/1400/1400 1388/1388/1388
f 1389/1389/1389 1401/1401/1401 1388/1388/1388
f 1402/1402/1402 1401/1401/1401 1389/1389/1389
f 1402/1402/1402 1389/1389/1389 1403/1403/1403
f 1404/1404/1404 1402/1402/1402 1403/1403/1403
f 1403/1403/1403 1405/1405/1405 1404/1404/1404
f 1405/1405/1405 1406/1406/1406 1404/1404/1404
f 1406/1406/1406 1405/1405/1405 1407/1407/1407
f 1408/1408/1408 1406/1406/1406 1407/1407/1407
f 1408/1408/1408 1407/1407/1407 1409/1409/1409
f 1401/1401/1401 1402/1402/1402 1410/1410/1410
f 1410/1410/1410 1402/1402/1402 1411/1411/1411
f 1411/1411/1411 1402/1402/1402 1404/1404/1404
f 1412/1412/1412 1410/1410/1410 1411/1411/1411
f 1411/1411/1411 1413/1413/1413 1412/1412/1412
f 1414/1414/1414 1413/1413/1413 1411/1411/1411
f 1411/1411/1411 1415/1415/1415 1414/1414/1414
f 1415/1415/1415 1411/1411/1411 1404/1404/1404
f 1415/1415/1415 1416/1416/1416 1414/1414/1414
f 1404/1404/1404 1406/1406/1406 1416/1416/1416
f 1415/1415/1415 1404/1404/1404 1416/1416/1416
f 1416/1416/1416 1406/1406/1406 1408/1408/1408
f 1416/1416/1416 1417/1417/1417 1414/1414/1414
f 1417/1417/1417 1418/1418/1418 1414/1414/1414
f 1418/1418/1418 1419/1419/1419 1414/1414/1414
f 1325/1325/1325 1419/1419/1419 1418/1418/1418
f 1327/1327/1327 1325/1325/1325 1418/1418/1418
f 1420/1420/1420 1418/1418/1418 1417/1417/1417
f 1327/1327/1327 1418/1418/1418 1420/1420/1420
f 1421/1421/1421 1420/1420/1420 1417/1417/1417
f 1421/1421/1421 1417/1417/1417 1422/1422/1422
f 1422/1422/1422 1417/1417/1417 1416/1416/1416
f 1317/1317/1317 1419/1419/1419 1325/1325/1325
f 1328/1328/1328 1327/1327/1327 1420/1420/1420
f 1422/1422/1422 1423/1423/1423 1421/1421/1421
f 1423/1423/1423 1424/1424/1424 1421/1421/1421
f 1421/1421/1421 1424/1424/1424 1425/1425/1425
f 1422/1422/1422 1416/1416/1416 1408/1408/1408
f 1422/1422/1422 1408/1408/1408 1409/1409/1409
f 1423/1423/1423 1422/1422/1422 1409/1409/1409
f 1329/1329/1329 1343/1343/1343 1317/1317/1317
f 1344/1344/1344 1426/1426/1426 1343/1343/1343
f 1426/1426/1426 1344/1344/1344 1427/1427/1427
f 1427/1427/1427 1428/1428/1428 1426/1426/1426
f 1344/1344/1344 1345/1345/1345 1427/1427/1427
f 1431/1431/1431 1430/1430/1430 1429/1429/1429
f 1432/1432/1432 1431/1431/1431 1429/1429/1429
f 1432/1432/1432 1429/1429/1429 1433/1433/1433
f 1434/1434/1434 1432/1432/1432 1433/1433/1433
f 1429/1429/1429 1435/1435/1435 1433/1433/1433
f 1429/1429/1429 1430/1430/1430 1435/1435/1435
f 1435/1435/1435 1436/1436/1436 1433/1433/1433
f 1435/1435/1435 1437/1437/1437 1436/1436/1436
f 1437/1437/1437 1438/1438/1438 1436/1436/1436
f 1437/1437/1437 1439/1439/1439 1438/1438/1438
f 1439/1439/1439 1440/1440/1440 1438/1438/1438
f 1441/1441/1441 1440/1440/1440 1439/1439/1439
f 1442/1442/1442 1441/1441/1441 1439/1439/1439
f 1443/1443/1443 1441/1441/1441 1442/1442/1442
f 1434/1434/1434 1444/1444/1444 1432/1432/1432
f 1444/1444/1444 1445/1445/1445 1432/1432/1432
f 1432/1432/1432 1445/1445/1445 1431/1431/1431
f 1430/1430/1430 1446/1446/1446 1435/1435/1435
f 1435/1435/1435 1446/1446/1446 1437/1437/1437
f 1446/1446/1446 1447/1447/1447 1437/1437/1437
f 1437/1437/1437 1447/1447/1447 1439/1439/1439
f 1447/1447/1447 1448/1448/1448 1439/1439/1439
f 1439/1439/1439 1448/1448/1448 1449/1449/1449
f 1442/1442/1442 1439/1439/1439 1449/1449/1449
f 1443/1443/1443 1442/1442/1442 1449/1449/1449
f 1444/1444/1444 1450/1450/1450 1445/1445/1445
f 1450/1450/1450 1451/1451/1451 1445/1445/1445
f 1451/1451/1451 1450/1450/1450 1452/1452/1452
f 1450/1450/1450 1453/1453/1453 1452/1452/1452
f 1454/1454/1454 1452/1452/1452 1453/1453/1453
f 1451/1451/1451 1452/1452/1452 1455/1455/1455
f 1452/1452/1452 1456/1456/1456 1455/1455/1455
f 1456/1456/1456 1452/1452/1452 1454/1454/1454
f 1451/1451/1451 1455/1455/1455 1457/1457/1457
f 1445/1445/1445 1451/1451/1451 1457/1457/1457
f 1445/1445/1445 1457/1457/1457 1431/1431/1431
f 1460/1460/1460 1459/1459/1459 1458/1458/1458
f 1461/1461/1461 1459/1459/1459 1460/1460/1460
f 1462/1462/1462 1461/1461/1461 1460/1460/1460
f 1463/1463/1463 1461/1461/1461 1462/1462/1462
f 1464/1464/1464 1463/1463/1463 1462/1462/1462
f 1465/1465/1465 1463/1463/1463 1464/1464/1464
f 1466/1466/1466 1465/1465/1465 1464/1464/1464
f 1465/1465/1465 1466/1466/1466 1467/1467/1467
f 1466/1466/1466 1468/1468/1468 1467/1467/1467
f 1460/1460/1460 1458/1458/1458 1469/1469/1469
f 1460/1460/1460 1469/1469/1469 1470/1470/1470
f 1462/1462/1462 1460/1460/1460 1470/1470/1470
f 1462/1462/1462 1470/1470/1470 1471/1471/1471
f 1464/1464/1464 1462/1462/1462 1471/1471/1471
f 1464/1464/1464 1471/1471/1471 1472/1472/1472
f 1466/1466/1466 1464/1464/1464 1472/1472/1472
f 1466/1466/1466 1472/1472/1472 1468/1468/1468
f 1472/1472/1472 1473/1473/1473 1468/1468/1468
f 1474/1474/1474 1467/1467/1467 1468/1468/1468
f 1475/1475/1475 1474/1474/1474 1468/1468/1468
f 1475/1475/1475 1468/1468/1468 1473/1473/1473
f 1475/1475/1475 1476/1476/1476 1474/1474/1474
f 1476/1476/1476 1475/1475/1475 1477/1477/1477
f 1475/1475/1475 1478/1478/1478 1477/1477/1477
f 1478/1478/1478 1475/1475/1475 1473/1473/1473
f 1476/1476/1476 1479/1479/1479 1474/1474/1474
f 1479/1479/1479 1476/1476/1476 1480/1480/1480
f 1476/1476/1476 1477/1477/1477 1480/1480/1480
f 1481/1481/1481 1479/1479/1479 1480/1480/1480
f 1482/1482/1482 1481/1481/1481 1480/1480/1480
f 1483/1483/1483 1482/1482/1482 1480/1480/1480
f 1483/1483/1483 1480/1480/1480 1484/1484/1484
f 1480/1480/1480 1485/1485/1485 1484/1484/1484
f 1477/1477/1477 1485/1485/1485 1480/1480/1480
f 1488/1488/1488 1487/1487/1487 1486/1486/1486
f 1486/1486/1486 1489/1489/1489 1488/1488/1488
f 1364/1364/1364 1487/1487/1487 1488/1488/1488
f 1362/1362/1362 1364/1364/1364 1488/1488/1488
f 1488/1488/1488 1489/1489/1489 1365/1365/1365
f 1362/1362/1362 1488/1488/1488 1365/1365/1365
f 1492/1492/1492 1491/1491/1491 1490/1490/1490
f 1493/1493/1493 1492/1492/1492 1490/1490/1490
f 1493/1493/1493 1490/1490/1490 1494/1494/1494
f 1495/1495/1495 1493/1493/1493 1494/1494/1494
f 1492/1492/1492 1496/1496/1496 1491/1491/1491
f 1494/1494/1494 1497/1497/1497 1495/1495/1495
f 1497/1497/1497 1498/1498/1498 1495/1495/1495
f 1499/1499/1499 1498/1498/1498 1497/1497/1497
f 1498/1498/1498 1499/1499/1499 1500/1500/1500
f 1495/1495/1495 1498/1498/1498 1500/1500/1500
f 1499/1499/1499 1501/1501/1501 1500/1500/1500
f 1502/1502/1502 1499/1499/1499 1497/1497/1497
f 1493/1493/1493 1495/1495/1495 1503/1503/1503
f 1503/1503/1503 1495/1495/1495 1500/1500/1500
f 1504/1504/1504 1493/1493/1493 1503/1503/1503
f 1493/1493/1493 1504/1504/1504 1492/1492/1492
f 1504/1504/1504 1505/1505/1505 1492/1492/1492
f 1492/1492/1492 1505/1505/1505 1496/1496/1496
f 1507/1507/1507 1501/1501/1501 1506/1506/1506
f 1508/1508/1508 1507/1507/1507 1506/1506/1506
f 1509/1509/1509 1508/1508/1508 1506/1506/1506
f 1510/1510/1510 1508/1508/1508 1509/1509/1509
f 1506/1506/1506 1511/1511/1511 1509/1509/1509
f 1511/1511/1511 1512/1512/1512 1509/1509/1509
f 1509/1509/1509 1512/1512/1512 1510/1510/1510
f 1515/1515/1515 1514/1514/1514 1513/1513/1513
f 1516/1516/1516 1514/1514/1514 1515/1515/1515
f 1515/1515/1515 1517/1517/1517 1516/1516/1516
f 1516/1516/1516 1517/1517/1517 1518/1518/1518
f 1519/1519/1519 1516/1516/1516 1518/1518/1518
f 1514/1514/1514 1520/1520/1520 1513/1513/1513
f 1516/1516/1516 1520/1520/1520 1514/1514/1514
f 1519/1519/1519 1518/1518/1518 1521/1521/1521
f 1521/1521/1521 1518/1518/1518 1522/1522/1522
f 1523/1523/1523 1521/1521/1521 1522/1522/1522
f 1524/1524/1524 1521/1521/1521 1523/1523/1523
f 1525/1525/1525 1524/1524/1524 1523/1523/1523
f 1526/1526/1526 1524/1524/1524 1525/1525/1525
f 1527/1527/1527 1519/1519/1519 1521/1521/1521
f 1527/1527/1527 1521/1521/1521 1524/1524/1524
f 1528/1528/1528 1527/1527/1527 1524/1524/1524
f 1528/1528/1528 1524/1524/1524 1526/1526/1526
f 1529/1529/1529 1520/1520/1520 1516/1516/1516
f 1530/1530/1530 1529/1529/1529 1516/1516/1516
f 1531/1531/1531 1529/1529/1529 1530/1530/1530
f 1531/1531/1531 1532/1532/1532 1529/1529/1529
f 1533/1533/1533 1532/1532/1532 1531/1531/1531
f 1534/1534/1534 1533/1533/1533 1531/1531/1531
f 1535/1535/1535 1533/1533/1533 1534/1534/1534
f 1536/1536/1536 1532/1532/1532 1533/1533/1533
f 1537/1537/1537 1536/1536/1536 1533/1533/1533
f 1537/1537/1537 1533/1533/1533 1535/1535/1535
f 1536/1536/1536 1538/1538/1538 1532/1532/1532
f 1538/1538/1538 1539/1539/1539 1532/1532/1532
f 1532/1532/1532 1539/1539/1539 1529/1529/1529
f 1538/1538/1538 1540/1540/1540 1539/1539/1539
f 1540/1540/1540 1541/1541/1541 1539/1539/1539
f 1539/1539/1539 1541/1541/1541 1529/1529/1529
f 1538/1538/1538 1542/1542/1542 1540/1540/1540
f 1543/1543/1543 1542/1542/1542 1538/1538/1538
f 1544/1544/1544 1543/1543/1543 1538/1538/1538
f 1542/1542/1542 1543/1543/1543 1545/1545/1545
f 1546/1546/1546 1542/1542/1542 1545/1545/1545
f 1542/1542/1542 1547/1547/1547 1540/1540/1540
f 1541/1541/1541 1540/1540/1540 1548/1548/1548
f 1540/1540/1540 1547/1547/1547 1548/1548/1548
f 1549/1549/1549 1541/1541/1541 1548/1548/1548
f 1546/1546/1546 1550/1550/1550 1542/1542/1542
f 1541/1541/1541 1549/1549/1549 1529/1529/1529
f 1545/1545/1545 1543/1543/1543 1551/1551/1551
f 1551/1551/1551 1543/1543/1543 1544/1544/1544
f 1554/1554/1554 1553/1553/1553 1552/1552/1552
f 1555/1555/1555 1554/1554/1554 1552/1552/1552
f 1555/1555/1555 1552/1552/1552 1556/1556/1556
f 1557/1557/1557 1555/1555/1555 1556/1556/1556
f 1556/1556/1556 1552/1552/1552 1558/1558/1558
f 1552/1552/1552 1553/1553/1553 1558/1558/1558
f 1559/1559/1559 1556/1556/1556 1558/1558/1558
f 1553/1553/1553 1560/1560/1560 1558/1558/1558
f 1553/1553/1553 1561/1561/1561 1560/1560/1560
f 1561/1561/1561 1562/1562/1562 1560/1560/1560
f 1561/1561/1561 1563/1563/1563 1562/1562/1562
f 1564/1564/1564 1563/1563/1563 1561/1561/1561
f 1565/1565/1565 1564/1564/1564 1561/1561/1561
f 1553/1553/1553 1554/1554/1554 1565/1565/1565
f 1561/1561/1561 1553/1553/1553 1565/1565/1565
f 1563/1563/1563 1564/1564/1564 1566/1566/1566
f 1567/1567/1567 1563/1563/1563 1566/1566/1566
f 1567/1567/1567 1566/1566/1566 1568/1568/1568
f 1569/1569/1569 1567/1567/1567 1568/1568/1568
f 1570/1570/1570 1569/1569/1569 1568/1568/1568
f 1564/1564/1564 1565/1565/1565 1571/1571/1571
f 1572/1572/1572 1564/1564/1564 1571/1571/1571
f 1573/1573/1573 1564/1564/1564 1572/1572/1572
f 1566/1566/1566 1564/1564/1564 1573/1573/1573
f 1568/1568/1568 1566/1566/1566 1573/1573/1573
f 1574/1574/1574 1568/1568/1568 1573/1573/1573
f 1574/1574/1574 1570/1570/1570 1568/1568/1568
f 1571/1571/1571 1565/1565/1565 1575/1575/1575
f 1565/1565/1565 1554/1554/1554 1575/1575/1575
f 1575/1575/1575 1554/1554/1554 1555/1555/1555
f 1576/1576/1576 1575/1575/1575 1555/1555/1555
f 1576/1576/1576 1555/1555/1555 1577/1577/1577
f 1555/1555/1555 1557/1557/1557 1577/1577/1577
f 1577/1577/1577 1557/1557/1557 1578/1578/1578
f 1557/1557/1557 1556/1556/1556 1578/1578/1578
f 1556/1556/1556 1559/1559/1559 1578/1578/1578
f 1578/1578/1578 1559/1559/1559 1579/1579/1579
f 1579/1579/1579 1559/1559/1559 1580/1580/1580
f 1559/1559/1559 1558/1558/1558 1580/1580/1580
f 1580/1580/1580 1558/1558/1558 1581/1581/1581
f 1558/1558/1558 1560/1560/1560 1581/1581/1581
f 1581/1581/1581 1560/1560/1560 1562/1562/1562
f 1582/1582/1582 1581/1581/1581 1562/1562/1562
f 1582/1582/1582 1562/1562/1562 1583/1583/1583
f 1562/1562/1562 1584/1584/1584 1583/1583/1583
f 1584/1584/1584 1585/1585/1585 1583/1583/1583
f 1588/1588/1588 1587/1587/1587 1586/1586/1586
f 1589/1589/1589 1588/1588/1588 1586/1586/1586
f 1586/1586/1586 1587/1587/1587 1590/1590/1590
f 1587/1587/1587 1591/1591/1591 1590/1590/1590
f 1592/1592/1592 1586/1586/1586 1590/1590/1590
f 1589/1589/1589 1586/1586/1586 1592/1592/1592
f 1593/1593/1593 1592/1592/1592 1590/1590/1590
f 1594/1594/1594 1592/1592/1592 1593/1593/1593
f 1595/1595/1595 1594/1594/1594 1593/1593/1593
f 1596/1596/1596 1594/1594/1594 1595/1595/1595
f 1597/1597/1597 1596/1596/1596 1595/1595/1595
f 1597/1597/1597 1598/1598/1598 1596/1596/1596
f 1598/1598/1598 1599/1599/1599 1596/1596/1596
f 1598/1598/1598 1600/1600/1600 1599/1599/1599
f 1601/1601/1601 1591/1591/1591 1587/1587/1587
f 1602/1602/1602 1601/1601/1601 1587/1587/1587
f 1602/1602/1602 1587/1587/1587 1588/1588/1588
f 1603/1603/1603 1589/1589/1589 1592/1592/1592
f 1603/1603/1603 1592/1592/1592 1594/1594/1594
f 1604/1604/1604 1603/1603/1603 1594/1594/1594
f 1604/1604/1604 1594/1594/1594 1596/1596/1596
f 1605/1605/1605 1604/1604/1604 1596/1596/1596
f 1596/1596/1596 1599/1599/1599 1606/1606/1606
f 1605/1605/1605 1596/1596/1596 1606/1606/1606
f 1599/1599/1599 1600/1600/1600 1606/1606/1606
f 1607/1607/1607 1601/1601/1601 1602/1602/1602
f 1608/1608/1608 1607/1607/1607 1602/1602/1602
f 1607/1607/1607 1608/1608/1608 1609/1609/1609
f 1610/1610/1610 1607/1607/1607 1609/1609/1609
f 1609/1609/1609 1611/1611/1611 1610/1610/1610
f 1611/1611/1611 1612/1612/1612 1610/1610/1610
f 1609/1609/1609 1608/1608/1608 1613/1613/1613
f 1611/1611/1611 1609/1609/1609 1613/1613/1613
f 1608/1608/1608 1602/1602/1602 1614/1614/1614
f 1613/1613/1613 1608/1608/1608 1614/1614/1614
f 1614/1614/1614 1602/1602/1602 1588/1588/1588
f 1617/1617/1617 1616/1616/1616 1615/1615/1615
f 1617/1617/1617 1618/1618/1618 1616/1616/1616
f 1618/1618/1618 1619/1619/1619 1616/1616/1616
f 1618/1618/1618 1620/1620/1620 1619/1619/1619
f 1620/1620/1620 1621/1621/1621 1619/1619/1619
f 1620/1620/1620 1622/1622/1622 1621/1621/1621
f 1622/1622/1622 1623/1623/1623 1621/1621/1621
f 1623/1623/1623 1622/1622/1622 1624/1624/1624
f 1625/1625/1625 1623/1623/1623 1624/1624/1624
f 1615/1615/1615 1616/1616/1616 1626/1626/1626
f 1616/1616/1616 1619/1619/1619 1627/1627/1627
f 1626/1626/1626 1616/1616/1616 1627/1627/1627
f 1619/1619/1619 1621/1621/1621 1628/1628/1628
f 1627/1627/1627 1619/1619/1619 1628/1628/1628
f 1621/1621/1621 1623/1623/1623 1629/1629/1629
f 1628/1628/1628 1621/1621/1621 1629/1629/1629
f 1629/1629/1629 1623/1623/1623 1625/1625/1625
f 1630/1630/1630 1629/1629/1629 1625/1625/1625
f 1624/1624/1624 1631/1631/1631 1625/1625/1625
f 1631/1631/1631 1632/1632/1632 1625/1625/1625
f 1625/1625/1625 1632/1632/1632 1630/1630/1630
f 1633/1633/1633 1632/1632/1632 1631/1631/1631
f 1632/1632/1632 1633/1633/1633 1634/1634/1634
f 1635/1635/1635 1632/1632/1632 1634/1634/1634
f 1632/1632/1632 1635/1635/1635 1630/1630/1630
f 1636/1636/1636 1633/1633/1633 1631/1631/1631
f 1633/1633/1633 1636/1636/1636 1637/1637/1637
f 1634/1634/1634 1633/1633/1633 1637/1637/1637
f 1636/1636/1636 1638/1638/1638 1637/1637/1637
f 1638/1638/1638 1639/1639/1639 1637/1637/1637
f 1639/1639/1639 1640/1640/1640 1637/1637/1637
f 1639/1639/1639 1641/1641/1641 1640/1640/1640
f 1641/1641/1641 1642/1642/1642 1640/1640/1640
f 1643/1643/1643 1642/1642/1642 1641/1641/1641
f 1637/1637/1637 1640/1640/1640 1644/1644/1644
f 1645/1645/1645 1637/1637/1637 1644/1644/1644
f 1645/1645/1645 1634/1634/1634 1637/1637/1637
f 1644/1644/1644 1640/1640/1640 1646/1646/1646
f 1640/1640/1640 1647/1647/1647 1646/1646/1646
f 1647/1647/1647 1642/1642/1642 1643/1643/1643
f 1642/1642/1642 1647/1647/1647 1640/1640/1640
f 1650/1650/1650 1649/1649/1649 1648/1648/1648
f 1648/1648/1648 1649/1649/1649 1651/1651/1651
f 1649/1649/1649 1652/1652/1652 1651/1651/1651
f 1653/1653/1653 1652/1652/1652 1649/1649/1649
f 1654/1654/1654 1653/1653/1653 1649/1649/1649
f 1654/1654/1654 1649/1649/1649 1650/1650/1650
f 1655/1655/1655 1653/1653/1653 1654/1654/1654
f 1656/1656/1656 1655/1655/1655 1654/1654/1654
f 1656/1656/1656 1654/1654/1654 1650/1650/1650
f 1655/1655/1655 1657/1657/1657 1653/1653/1653
f 1657/1657/1657 1658/1658/1658 1653/1653/1653
f 1658/1658/1658 1659/1659/1659 1653/1653/1653
f 1653/1653/1653 1659/1659/1659 1652/1652/1652
f 1659/1659/1659 1660/1660/1660 1652/1652/1652
f 1661/1661/1661 1660/1660/1660 1659/1659/1659
f 1662/1662/1662 1661/1661/1661 1659/1659/1659
f 1660/1660/1660 1661/1661/1661 1663/1663/1663
f 1664/1664/1664 1660/1660/1660 1663/1663/1663
f 1652/1652/1652 1660/1660/1660 1664/1664/1664
f 1651/1651/1651 1652/1652/1652 1664/1664/1664
f 1662/1662/1662 1665/1665/1665 1661/1661/1661
f 1665/1665/1665 1666/1666/1666 1661/1661/1661
f 1666/1666/1666 1665/1665/1665 1667/1667/1667
f 1666/1666/1666 1667/1667/1667 1668/1668/1668
f 1669/1669/1669 1666/1666/1666 1668/1668/1668
f 1661/1661/1661 1666/1666/1666 1669/1669/1669
f 1663/1663/1663 1661/1661/1661 1669/1669/1669
f 1665/1665/1665 1670/1670/1670 1667/1667/1667
f 1668/1668/1668 1667/1667/1667 1671/1671/1671
f 1667/1667/1667 1672/1672/1672 1671/1671/1671
f 1673/1673/1673 1672/1672/1672 1667/1667/1667
f 1670/1670/1670 1673/1673/1673 1667/1667/1667
f 1673/1673/1673 1674/1674/1674 1672/1672/1672
f 1672/1672/1672 1674/1674/1674 1675/1675/1675
f 1671/1671/1671 1672/1672/1672 1675/1675/1675
f 1674/1674/1674 1676/1676/1676 1675/1675/1675
f 1676/1676/1676 1677/1677/1677 1675/1675/1675
f 1677/1677/1677 1676/1676/1676 1678/1678/1678
f 1679/1679/1679 1677/1677/1677 1678/1678/1678
f 1679/1679/1679 1678/1678/1678 1680/1680/1680
f 1683/1683/1683 1682/1682/1682 1681/1681/1681
f 1684/1684/1684 1683/1683/1683 1681/1681/1681
f 1683/1683/1683 1685/1685/1685 1682/1682/1682
f 1685/1685/1685 1683/1683/1683 1684/1684/1684
f 1685/1685/1685 1686/1686/1686 1682/1682/1682
f 1687/1687/1687 1685/1685/1685 1684/1684/1684
f 1684/1684/1684 1681/1681/1681 1658/1658/1658
f 1681/1681/1681 1659/1659/1659 1658/1658/1658
f 1684/1684/1684 1658/1658/1658 1657/1657/1657
f 1687/1687/1687 1684/1684/1684 1657/1657/1657
f 1690/1690/1690 1689/1689/1689 1688/1688/1688
f 1691/1691/1691 1690/1690/1690 1688/1688/1688
f 1688/1688/1688 1689/1689/1689 1692/1692/1692
f 1689/1689/1689 1693/1693/1693 1692/1692/1692
f 1694/1694/1694 1690/1690/1690 1691/1691/1691
f 1695/1695/1695 1692/1692/1692 1693/1693/1693
f 1696/1696/1696 1695/1695/1695 1693/1693/1693
f 1695/1695/1695 1696/1696/1696 1697/1697/1697
f 1698/1698/1698 1693/1693/1693 1689/1689/1689
f 1699/1699/1699 1689/1689/1689 1690/1690/1690
f 1698/1698/1698 1689/1689/1689 1699/1699/1699
f 1700/1700/1700 1699/1699/1699 1690/1690/1690
f 1700/1700/1700 1690/1690/1690 1694/1694/1694
f 1696/1696/1696 1701/1701/1701 1697/1697/1697
f 1696/1696/1696 1693/1693/1693 1701/1701/1701
f 1697/1697/1697 1701/1701/1701 1702/1702/1702
f 1693/1693/1693 1703/1703/1703 1701/1701/1701
f 1703/1703/1703 1693/1693/1693 1698/1698/1698
f 1697/1697/1697 1704/1704/1704 1695/1695/1695
f 1704/1704/1704 1705/1705/1705 1695/1695/1695
f 1706/1706/1706 1704/1704/1704 1697/1697/1697
f 1702/1702/1702 1706/1706/1706 1697/1697/1697
f 1706/1706/1706 1702/1702/1702 1707/1707/1707
f 1708/1708/1708 1706/1706/1706 1707/1707/1707
f 1702/1702/1702 1709/1709/1709 1707/1707/1707
f 1709/1709/1709 1710/1710/1710 1707/1707/1707
f 1710/1710/1710 1711/1711/1711 1707/1707/1707
f 1712/1712/1712 1710/1710/1710 1709/1709/1709
f 1712/1712/1712 1713/1713/1713 1701/1701/1701
f 1713/1713/1713 1712/1712/1712 1709/1709/1709
f 1713/1713/1713 1709/1709/1709 1702/1702/1702
f 1701/1701/1701 1713/1713/1713 1702/1702/1702
f 1714/1714/1714 1712/1712/1712 1701/1701/1701
f 1712/1712/1712 1715/1715/1715 1710/1710/1710
f 1715/1715/1715 1716/1716/1716 1710/1710/1710
f 1717/1717/1717 1716/1716/1716 1715/1715/1715
f 1718/1718/1718 1717/1717/1717 1715/1715/1715
f 1719/1719/1719 1708/1708/1708 1707/1707/1707
f 1714/1714/1714 1720/1720/1720 1712/1712/1712
f 1720/1720/1720 1715/1715/1715 1712/1712/1712
f 1717/1717/1717 1718/1718/1718 1721/1721/1721
f 1721/1721/1721 1718/1718/1718 1722/1722/1722
f 1722/1722/1722 1718/1718/1718 1715/1715/1715
f 1720/1720/1720 1722/1722/1722 1715/1715/1715
f 1723/1723/1723 1721/1721/1721 1722/1722/1722
f 1724/1724/1724 1721/1721/1721 1723/1723/1723
f 1725/1725/1725 1721/1721/1721 1724/1724/1724
f 1725/1725/1725 1717/1717/1717 1721/1721/1721
f 1710/1710/1710 1726/1726/1726 1711/1711/1711
f 1728/1728/1728 1727/1727/1727 1726/1726/1726
f 1729/1729/1729 1728/1728/1728 1726/1726/1726
f 1728/1728/1728 1730/1730/1730 1727/1727/1727
f 1731/1731/1731 1730/1730/1730 1728/1728/1728
f 1728/1728/1728 1729/1729/1729 1731/1731/1731
f 1730/1730/1730 1732/1732/1732 1727/1727/1727
f 1726/1726/1726 1727/1727/1727 1711/1711/1711
f 1711/1711/1711 1727/1727/1727 1732/1732/1732
f 1733/1733/1733 1711/1711/1711 1732/1732/1732
f 1711/1711/1711 1733/1733/1733 1707/1707/1707
f 1733/1733/1733 1734/1734/1734 1707/1707/1707
f 1734/1734/1734 1735/1735/1735 1707/1707/1707
f 1735/1735/1735 1736/1736/1736 1707/1707/1707
f 1736/1736/1736 1719/1719/1719 1707/1707/1707
f 1733/1733/1733 1737/1737/1737 1734/1734/1734
f 1737/1737/1737 1738/1738/1738 1734/1734/1734
f 1734/1734/1734 1738/1738/1738 1735/1735/1735
f 1739/1739/1739 1738/1738/1738 1737/1737/1737
f 1740/1740/1740 1739/1739/1739 1737/1737/1737
f 1741/1741/1741 1739/1739/1739 1740/1740/1740
f 1739/1739/1739 1742/1742/1742 1738/1738/1738
f 1742/1742/1742 1739/1739/1739 1741/1741/1741
f 1742/1742/1742 1743/1743/1743 1738/1738/1738
f 1738/1738/1738 1743/1743/1743 1735/1735/1735
f 1744/1744/1744 1708/1708/1708 1719/1719/1719
f 1744/1744/1744 1745/1745/1745 1708/1708/1708
f 1745/1745/1745 1706/1706/1706 1708/1708/1708
f 1745/1745/1745 1746/1746/1746 1706/1706/1706
f 1747/1747/1747 1746/1746/1746 1745/1745/1745
f 1747/1747/1747 1748/1748/1748 1746/1746/1746
f 1746/1746/1746 1748/1748/1748 1706/1706/1706
f 1749/1749/1749 1747/1747/1747 1745/1745/1745
f 1748/1748/1748 1704/1704/1704 1706/1706/1706
f 1748/1748/1748 1750/1750/1750 1704/1704/1704
f 1750/1750/1750 1705/1705/1705 1704/1704/1704
f 1705/1705/1705 1750/1750/1750 1751/1751/1751
f 1752/1752/1752 1705/1705/1705 1751/1751/1751
f 1705/1705/1705 1752/1752/1752 1753/1753/1753
f 1753/1753/1753 1752/1752/1752 1754/1754/1754
f 1755/1755/1755 1753/1753/1753 1754/1754/1754
f 1755/1755/1755 1754/1754/1754 1756/1756/1756
f 1754/1754/1754 1757/1757/1757 1756/1756/1756
f 1757/1757/1757 1754/1754/1754 1758/1758/1758
f 1752/1752/1752 1751/1751/1751 1758/1758/1758
f 1754/1754/1754 1752/1752/1752 1758/1758/1758
f 1759/1759/1759 1757/1757/1757 1758/1758/1758
f 1695/1695/1695 1705/1705/1705 1753/1753/1753
f 1756/1756/1756 1757/1757/1757 1760/1760/1760
f 1760/1760/1760 1757/1757/1757 1759/1759/1759
f 1761/1761/1761 1756/1756/1756 1760/1760/1760
f 1761/1761/1761 1760/1760/1760 1762/1762/1762
f 1760/1760/1760 1763/1763/1763 1762/1762/1762
f 1762/1762/1762 1763/1763/1763 1764/1764/1764
f 1764/1764/1764 1763/1763/1763 1765/1765/1765
f 1763/1763/1763 1760/1760/1760 1766/1766/1766
f 1765/1765/1765 1763/1763/1763 1766/1766/1766
f 1766/1766/1766 1760/1760/1760 1759/1759/1759
f 1518/1518/1518 1574/1574/1574 1573/1573/1573
f 1522/1522/1522 1518/1518/1518 1573/1573/1573
f 1767/1767/1767 1321/1321/1321 1320/1320/1320
f 1320/1320/1320 1323/1323/1323 1767/1767/1767
f 1768/1768/1768 1744/1744/1744 1719/1719/1719
f 1771/1771/1771 1770/1770/1770 1769/1769/1769
f 1769/1769/1769 1770/1770/1770 1772/1772/1772
f 1770/1770/1770 1773/1773/1773 1772/1772/1772
f 1772/1772/1772 1773/1773/1773 1774/1774/1774
f 1775/1775/1775 1773/1773/1773 1770/1770/1770
f 1773/1773/1773 1775/1775/1775 1774/1774/1774
f 1776/1776/1776 1775/1775/1775 1770/1770/1770
f 1776/1776/1776 1770/1770/1770 1771/1771/1771
f 1772/1772/1772 1774/1774/1774 1777/1777/1777
f 1775/1775/1775 1778/1778/1778 1774/1774/1774
f 1778/1778/1778 1779/1779/1779 1774/1774/1774
f 1779/1779/1779 1780/1780/1780 1774/1774/1774
f 1781/1781/1781 1774/1774/1774 1780/1780/1780
f 1781/1781/1781 1777/1777/1777 1774/1774/1774
f 1778/1778/1778 1782/1782/1782 1779/1779/1779
f 1783/1783/1783 1782/1782/1782 1778/1778/1778
f 1784/1784/1784 1783/1783/1783 1778/1778/1778
f 1785/1785/1785 1782/1782/1782 1783/1783/1783
f 1786/1786/1786 1785/1785/1785 1783/1783/1783
f 1782/1782/1782 1787/1787/1787 1779/1779/1779
f 1780/1780/1780 1779/1779/1779 1788/1788/1788
f 1779/1779/1779 1787/1787/1787 1788/1788/1788
f 1789/1789/1789 1787/1787/1787 1782/1782/1782
f 1785/1785/1785 1789/1789/1789 1782/1782/1782
f 1787/1787/1787 1790/1790/1790 1788/1788/1788
f 1787/1787/1787 1789/1789/1789 1791/1791/1791
f 1790/1790/1790 1787/1787/1787 1791/1791/1791
f 1781/1781/1781 1780/1780/1780 1792/1792/1792
f 1781/1781/1781 1792/1792/1792 1793/1793/1793
f 1794/1794/1794 1781/1781/1781 1793/1793/1793
f 1781/1781/1781 1794/1794/1794 1795/1795/1795
f 1796/1796/1796 1781/1781/1781 1795/1795/1795
f 1796/1796/1796 1795/1795/1795 1797/1797/1797
f 1797/1797/1797 1795/1795/1795 1798/1798/1798
f 1799/1799/1799 1797/1797/1797 1798/1798/1798
f 1800/1800/1800 1797/1797/1797 1799/1799/1799
f 1801/1801/1801 1800/1800/1800 1799/1799/1799
f 1802/1802/1802 1800/1800/1800 1801/1801/1801
f 1803/1803/1803 1796/1796/1796 1797/1797/1797
f 1803/1803/1803 1797/1797/1797 1800/1800/1800
f 1804/1804/1804 1803/1803/1803 1800/1800/1800
f 1804/1804/1804 1800/1800/1800 1802/1802/1802
f 1795/1795/1795 1794/1794/1794 1805/1805/1805
f 1798/1798/1798 1795/1795/1795 1805/1805/1805
f 1794/1794/1794 1793/1793/1793 1805/1805/1805
f 1793/1793/1793 1792/1792/1792 1806/1806/1806
f 1807/1807/1807 1793/1793/1793 1806/1806/1806
f 1807/1807/1807 1808/1808/1808 1793/1793/1793
f 1808/1808/1808 1809/1809/1809 1805/1805/1805
f 1805/1805/1805 1809/1809/1809 1810/1810/1810
f 1811/1811/1811 1808/1808/1808 1805/1805/1805
f 1808/1808/1808 1811/1811/1811 1793/1793/1793
f 1793/1793/1793 1811/1811/1811 1805/1805/1805
f 1805/1805/1805 1810/1810/1810 1812/1812/1812
f 1812/1812/1812 1810/1810/1810 1813/1813/1813
f 1810/1810/1810 1814/1814/1814 1813/1813/1813
f 1814/1814/1814 1810/1810/1810 1815/1815/1815
f 1814/1814/1814 1815/1815/1815 1816/1816/1816
f 1816/1816/1816 1815/1815/1815 1817/1817/1817
f 1817/1817/1817 1815/1815/1815 1818/1818/1818
f 1815/1815/1815 1819/1819/1819 1818/1818/1818
f 1819/1819/1819 1820/1820/1820 1818/1818/1818
f 1818/1818/1818 1820/1820/1820 1821/1821/1821
f 1820/1820/1820 1822/1822/1822 1821/1821/1821
f 1823/1823/1823 1822/1822/1822 1820/1820/1820
f 1824/1824/1824 1814/1814/1814 1816/1816/1816
f 1825/1825/1825 1824/1824/1824 1816/1816/1816
f 1826/1826/1826 1824/1824/1824 1825/1825/1825
f 1814/1814/1814 1824/1824/1824 1826/1826/1826
f 1813/1813/1813 1814/1814/1814 1826/1826/1826
f 1827/1827/1827 1826/1826/1826 1825/1825/1825
f 1828/1828/1828 1825/1825/1825 1816/1816/1816
f 1829/1829/1829 1822/1822/1822 1823/1823/1823
f 1822/1822/1822 1829/1829/1829 1821/1821/1821
f 1821/1821/1821 1829/1829/1829 1830/1830/1830
f 1831/1831/1831 1821/1821/1821 1830/1830/1830
f 1831/1831/1831 1830/1830/1830 1832/1832/1832
f 1831/1831/1831 1832/1832/1832 1833/1833/1833
f 1834/1834/1834 1831/1831/1831 1833/1833/1833
f 1832/1832/1832 1830/1830/1830 1835/1835/1835
f 1830/1830/1830 1829/1829/1829 1835/1835/1835
f 1836/1836/1836 1832/1832/1832 1835/1835/1835
f 1836/1836/1836 1835/1835/1835 1837/1837/1837
f 1838/1838/1838 1836/1836/1836 1837/1837/1837
f 1832/1832/1832 1836/1836/1836 1839/1839/1839
f 1833/1833/1833 1832/1832/1832 1839/1839/1839
f 1839/1839/1839 1836/1836/1836 1838/1838/1838
f 1833/1833/1833 1839/1839/1839 1840/1840/1840
f 1839/1839/1839 1841/1841/1841 1840/1840/1840
f 1841/1841/1841 1839/1839/1839 1842/1842/1842
f 1842/1842/1842 1839/1839/1839 1838/1838/1838
f 1843/1843/1843 1841/1841/1841 1842/1842/1842
f 1837/1837/1837 1835/1835/1835 1844/1844/1844
f 1835/1835/1835 1845/1845/1845 1844/1844/1844
f 1844/1844/1844 1845/1845/1845 1846/1846/1846
f 1845/1845/1845 1847/1847/1847 1846/1846/1846
f 1848/1848/1848 1846/1846/1846 1847/1847/1847
f 1849/1849/1849 1848/1848/1848 1847/1847/1847
f 1848/1848/1848 1849/1849/1849 1850/1850/1850
f 1849/1849/1849 1851/1851/1851 1850/1850/1850
f 1852/1852/1852 1850/1850/1850 1851/1851/1851
f 1840/1840/1840 1841/1841/1841 1853/1853/1853
f 1853/1853/1853 1841/1841/1841 1843/1843/1843
f 1854/1854/1854 1840/1840/1840 1853/1853/1853
f 1855/1855/1855 1840/1840/1840 1854/1854/1854
f 1856/1856/1856 1855/1855/1855 1854/1854/1854
f 1856/1856/1856 1854/1854/1854 1857/1857/1857
f 1858/1858/1858 1856/1856/1856 1857/1857/1857
f 1858/1858/1858 1857/1857/1857 1859/1859/1859
f 1854/1854/1854 1853/1853/1853 1860/1860/1860
f 1857/1857/1857 1854/1854/1854 1860/1860/1860
f 1857/1857/1857 1860/1860/1860 1859/1859/1859
f 1859/1859/1859 1860/1860/1860 1861/1861/1861
f 1860/1860/1860 1853/1853/1853 1862/1862/1862
f 1861/1861/1861 1860/1860/1860 1862/1862/1862
f 1862/1862/1862 1853/1853/1853 1843/1843/1843
f 1849/1849/1849 1863/1863/1863 1851/1851/1851
f 1849/1849/1849 1847/1847/1847 1863/1863/1863
f 1847/1847/1847 1823/1823/1823 1863/1863/1863
f 1829/1829/1829 1823/1823/1823 1847/1847/1847
f 1845/1845/1845 1829/1829/1829 1847/1847/1847
f 1829/1829/1829 1845/1845/1845 1835/1835/1835
f 1833/1833/1833 1840/1840/1840 1855/1855/1855
f 1834/1834/1834 1833/1833/1833 1855/1855/1855
f 1863/1863/1863 1864/1864/1864 1851/1851/1851
f 1864/1864/1864 1852/1852/1852 1851/1851/1851
f 1864/1864/1864 1865/1865/1865 1852/1852/1852
f 1852/1852/1852 1865/1865/1865 1866/1866/1866
f 1865/1865/1865 1867/1867/1867 1866/1866/1866
f 1868/1868/1868 1866/1866/1866 1867/1867/1867
f 1869/1869/1869 1868/1868/1868 1867/1867/1867
f 1868/1868/1868 1869/1869/1869 1870/1870/1870
f 1869/1869/1869 1871/1871/1871 1870/1870/1870
f 1870/1870/1870 1871/1871/1871 1872/1872/1872
f 1865/1865/1865 1864/1864/1864 1873/1873/1873
f 1865/1865/1865 1873/1873/1873 1874/1874/1874
f 1865/1865/1865 1874/1874/1874 1867/1867/1867
f 1873/1873/1873 1875/1875/1875 1874/1874/1874
f 1876/1876/1876 1874/1874/1874 1875/1875/1875
f 1876/1876/1876 1877/1877/1877 1874/1874/1874
f 1878/1878/1878 1874/1874/1874 1877/1877/1877
f 1874/1874/1874 1878/1878/1878 1867/1867/1867
f 1879/1879/1879 1878/1878/1878 1877/1877/1877
f 1867/1867/1867 1878/1878/1878 1879/1879/1879
f 1869/1869/1869 1867/1867/1867 1879/1879/1879
f 1869/1869/1869 1879/1879/1879 1871/1871/1871
f 1880/1880/1880 1879/1879/1879 1877/1877/1877
f 1881/1881/1881 1880/1880/1880 1877/1877/1877
f 1882/1882/1882 1881/1881/1881 1877/1877/1877
f 1882/1882/1882 1788/1788/1788 1881/1881/1881
f 1788/1788/1788 1790/1790/1790 1881/1881/1881
f 1881/1881/1881 1883/1883/1883 1880/1880/1880
f 1881/1881/1881 1790/1790/1790 1883/1883/1883
f 1883/1883/1883 1884/1884/1884 1880/1880/1880
f 1880/1880/1880 1884/1884/1884 1885/1885/1885
f 1880/1880/1880 1885/1885/1885 1879/1879/1879
f 1882/1882/1882 1780/1780/1780 1788/1788/1788
f 1790/1790/1790 1791/1791/1791 1883/1883/1883
f 1886/1886/1886 1885/1885/1885 1884/1884/1884
f 1887/1887/1887 1886/1886/1886 1884/1884/1884
f 1887/1887/1887 1884/1884/1884 1888/1888/1888
f 1879/1879/1879 1885/1885/1885 1871/1871/1871
f 1885/1885/1885 1886/1886/1886 1872/1872/1872
f 1871/1871/1871 1885/1885/1885 1872/1872/1872
f 1806/1806/1806 1792/1792/1792 1780/1780/1780
f 1889/1889/1889 1807/1807/1807 1806/1806/1806
f 1807/1807/1807 1889/1889/1889 1890/1890/1890
f 1891/1891/1891 1890/1890/1890 1889/1889/1889
f 1808/1808/1808 1807/1807/1807 1890/1890/1890
f 1894/1894/1894 1893/1893/1893 1892/1892/1892
f 1895/1895/1895 1894/1894/1894 1892/1892/1892
f 1892/1892/1892 1893/1893/1893 1896/1896/1896
f 1893/1893/1893 1897/1897/1897 1896/1896/1896
f 1898/1898/1898 1892/1892/1892 1896/1896/1896
f 1895/1895/1895 1892/1892/1892 1898/1898/1898
f 1899/1899/1899 1898/1898/1898 1896/1896/1896
f 1900/1900/1900 1898/1898/1898 1899/1899/1899
f 1901/1901/1901 1900/1900/1900 1899/1899/1899
f 1902/1902/1902 1900/1900/1900 1901/1901/1901
f 1903/1903/1903 1902/1902/1902 1901/1901/1901
f 1903/1903/1903 1904/1904/1904 1902/1902/1902
f 1904/1904/1904 1905/1905/1905 1902/1902/1902
f 1904/1904/1904 1906/1906/1906 1905/1905/1905
f 1907/1907/1907 1897/1897/1897 1893/1893/1893
f 1908/1908/1908 1907/1907/1907 1893/1893/1893
f 1908/1908/1908 1893/1893/1893 1894/1894/1894
f 1909/1909/1909 1895/1895/1895 1898/1898/1898
f 1909/1909/1909 1898/1898/1898 1900/1900/1900
f 1910/1910/1910 1909/1909/1909 1900/1900/1900
f 1910/1910/1910 1900/1900/1900 1902/1902/1902
f 1911/1911/1911 1910/1910/1910 1902/1902/1902
f 1902/1902/1902 1905/1905/1905 1912/1912/1912
f 1911/1911/1911 1902/1902/1902 1912/1912/1912
f 1905/1905/1905 1906/1906/1906 1912/1912/1912
f 1913/1913/1913 1907/1907/1907 1908/1908/1908
f 1914/1914/1914 1913/1913/1913 1908/1908/1908
f 1913/1913/1913 1914/1914/1914 1915/1915/1915
f 1916/1916/1916 1913/1913/1913 1915/1915/1915
f 1915/1915/1915 1917/1917/1917 1916/1916/1916
f 1915/1915/1915 1914/1914/1914 1918/1918/1918
f 1919/1919/1919 1915/1915/1915 1918/1918/1918
f 1915/1915/1915 1919/1919/1919 1917/1917/1917
f 1914/1914/1914 1908/1908/1908 1920/1920/1920
f 1918/1918/1918 1914/1914/1914 1920/1920/1920
f 1920/1920/1920 1908/1908/1908 1894/1894/1894
f 1923/1923/1923 1922/1922/1922 1921/1921/1921
f 1923/1923/1923 1924/1924/1924 1922/1922/1922
f 1924/1924/1924 1925/1925/1925 1922/1922/1922
f 1924/1924/1924 1926/1926/1926 1925/1925/1925
f 1926/1926/1926 1927/1927/1927 1925/1925/1925
f 1926/1926/1926 1928/1928/1928 1927/1927/1927
f 1928/1928/1928 1929/1929/1929 1927/1927/1927
f 1929/1929/1929 1928/1928/1928 1930/1930/1930
f 1931/1931/1931 1929/1929/1929 1930/1930/1930
f 1921/1921/1921 1922/1922/1922 1932/1932/1932
f 1922/1922/1922 1925/1925/1925 1933/1933/1933
f 1932/1932/1932 1922/1922/1922 1933/1933/1933
f 1925/1925/1925 1927/1927/1927 1934/1934/1934
f 1933/1933/1933 1925/1925/1925 1934/1934/1934
f 1927/1927/1927 1929/1929/1929 1935/1935/1935
f 1934/1934/1934 1927/1927/1927 1935/1935/1935
f 1935/1935/1935 1929/1929/1929 1931/1931/1931
f 1936/1936/1936 1935/1935/1935 1931/1931/1931
f 1930/1930/1930 1937/1937/1937 1931/1931/1931
f 1937/1937/1937 1938/1938/1938 1931/1931/1931
f 1931/1931/1931 1938/1938/1938 1936/1936/1936
f 1939/1939/1939 1938/1938/1938 1937/1937/1937
f 1938/1938/1938 1939/1939/1939 1940/1940/1940
f 1941/1941/1941 1938/1938/1938 1940/1940/1940
f 1938/1938/1938 1941/1941/1941 1936/1936/1936
f 1942/1942/1942 1939/1939/1939 1937/1937/1937
f 1939/1939/1939 1942/1942/1942 1943/1943/1943
f 1940/1940/1940 1939/1939/1939 1943/1943/1943
f 1942/1942/1942 1944/1944/1944 1943/1943/1943
f 1944/1944/1944 1945/1945/1945 1943/1943/1943
f 1945/1945/1945 1946/1946/1946 1943/1943/1943
f 1943/1943/1943 1946/1946/1946 1947/1947/1947
f 1948/1948/1948 1943/1943/1943 1947/1947/1947
f 1948/1948/1948 1940/1940/1940 1943/1943/1943
f 1951/1951/1951 1950/1950/1950 1949/1949/1949
f 1952/1952/1952 1949/1949/1949 1950/1950/1950
f 1951/1951/1951 1827/1827/1827 1950/1950/1950
f 1827/1827/1827 1825/1825/1825 1950/1950/1950
f 1950/1950/1950 1825/1825/1825 1828/1828/1828
f 1952/1952/1952 1950/1950/1950 1828/1828/1828
f 1955/1955/1955 1954/1954/1954 1953/1953/1953
f 1956/1956/1956 1955/1955/1955 1953/1953/1953
f 1953/1953/1953 1954/1954/1954 1957/1957/1957
f 1954/1954/1954 1958/1958/1958 1957/1957/1957
f 1959/1959/1959 1955/1955/1955 1956/1956/1956
f 1960/1960/1960 1957/1957/1957 1958/1958/1958
f 1961/1961/1961 1960/1960/1960 1958/1958/1958
f 1961/1961/1961 1962/1962/1962 1960/1960/1960
f 1962/1962/1962 1961/1961/1961 1963/1963/1963
f 1961/1961/1961 1958/1958/1958 1963/1963/1963
f 1964/1964/1964 1962/1962/1962 1963/1963/1963
f 1962/1962/1962 1965/1965/1965 1960/1960/1960
f 1958/1958/1958 1954/1954/1954 1966/1966/1966
f 1958/1958/1958 1966/1966/1966 1963/1963/1963
f 1954/1954/1954 1967/1967/1967 1966/1966/1966
f 1967/1967/1967 1954/1954/1954 1955/1955/1955
f 1968/1968/1968 1967/1967/1967 1955/1955/1955
f 1968/1968/1968 1955/1955/1955 1959/1959/1959
f 1964/1964/1964 1970/1970/1970 1969/1969/1969
f 1970/1970/1970 1971/1971/1971 1969/1969/1969
f 1971/1971/1971 1972/1972/1972 1969/1969/1969
f 1971/1971/1971 1973/1973/1973 1972/1972/1972
f 1974/1974/1974 1969/1969/1969 1972/1972/1972
f 1975/1975/1975 1974/1974/1974 1972/1972/1972
f 1975/1975/1975 1972/1972/1972 1973/1973/1973
f 1978/1978/1978 1977/1977/1977 1976/1976/1976
f 1978/1978/1978 1979/1979/1979 1977/1977/1977
f 1980/1980/1980 1977/1977/1977 1979/1979/1979
f 1980/1980/1980 1979/1979/1979 1981/1981/1981
f 1979/1979/1979 1982/1982/1982 1981/1981/1981
f 1983/1983/1983 1978/1978/1978 1976/1976/1976
f 1983/1983/1983 1979/1979/1979 1978/1978/1978
f 1981/1981/1981 1982/1982/1982 1984/1984/1984
f 1981/1981/1981 1984/1984/1984 1985/1985/1985
f 1984/1984/1984 1986/1986/1986 1985/1985/1985
f 1984/1984/1984 1987/1987/1987 1986/1986/1986
f 1987/1987/1987 1988/1988/1988 1986/1986/1986
f 1987/1987/1987 1989/1989/1989 1988/1988/1988
f 1982/1982/1982 1990/1990/1990 1984/1984/1984
f 1984/1984/1984 1990/1990/1990 1987/1987/1987
f 1990/1990/1990 1991/1991/1991 1987/1987/1987
f 1987/1987/1987 1991/1991/1991 1989/1989/1989
f 1983/1983/1983 1992/1992/1992 1979/1979/1979
f 1992/1992/1992 1993/1993/1993 1979/1979/1979
f 1992/1992/1992 1994/1994/1994 1993/1993/1993
f 1995/1995/1995 1994/1994/1994 1992/1992/1992
f 1995/1995/1995 1996/1996/1996 1994/1994/1994
f 1996/1996/1996 1997/1997/1997 1994/1994/1994
f 1996/1996/1996 1998/1998/1998 1997/1997/1997
f 1995/1995/1995 1999/1999/1999 1996/1996/1996
f 1999/1999/1999 2000/2000/2000 1996/1996/1996
f 1996/1996/1996 2000/2000/2000 1998/1998/1998
f 2001/2001/2001 1999/1999/1999 1995/1995/1995
f 2002/2002/2002 2001/2001/2001 1995/1995/1995
f 2002/2002/2002 1995/1995/1995 1992/1992/1992
f 2003/2003/2003 2001/2001/2001 2002/2002/2002
f 2004/2004/2004 2003/2003/2003 2002/2002/2002
f 2004/2004/2004 2002/2002/2002 1992/1992/1992
f 2005/2005/2005 2001/2001/2001 2003/2003/2003
f 2005/2005/2005 2006/2006/2006 2001/2001/2001
f 2006/2006/2006 2007/2007/2007 2001/2001/2001
f 2006/2006/2006 2005/2005/2005 2008/2008/2008
f 2005/2005/2005 2009/2009/2009 2008/2008/2008
f 2010/2010/2010 2005/2005/2005 2003/2003/2003
f 2003/2003/2003 2004/2004/2004 2011/2011/2011
f 2010/2010/2010 2003/2003/2003 2011/2011/2011
f 2004/2004/2004 2012/2012/2012 2011/2011/2011
f 2013/2013/2013 2009/2009/2009 2005/2005/2005
f 2012/2012/2012 2004/2004/2004 1992/1992/1992
f 2006/2006/2006 2008/2008/2008 2014/2014/2014
f 2006/2006/2006 2014/2014/2014 2007/2007/2007
f 2017/2017/2017 2016/2016/2016 2015/2015/2015
f 2018/2018/2018 2017/2017/2017 2015/2015/2015
f 2015/2015/2015 2016/2016/2016 2019/2019/2019
f 2016/2016/2016 2020/2020/2020 2019/2019/2019
f 2015/2015/2015 2019/2019/2019 2021/2021/2021
f 2018/2018/2018 2015/2015/2015 2021/2021/2021
f 2019/2019/2019 2022/2022/2022 2021/2021/2021
f 2023/2023/2023 2018/2018/2018 2021/2021/2021
f 2024/2024/2024 2018/2018/2018 2023/2023/2023
f 2025/2025/2025 2024/2024/2024 2023/2023/2023
f 2026/2026/2026 2024/2024/2024 2025/2025/2025
f 2026/2026/2026 2027/2027/2027 2024/2024/2024
f 2027/2027/2027 2028/2028/2028 2024/2024/2024
f 2018/2018/2018 2024/2024/2024 2028/2028/2028
f 2017/2017/2017 2018/2018/2018 2028/2028/2028
f 2027/2027/2027 2026/2026/2026 2029/2029/2029
f 2026/2026/2026 2030/2030/2030 2029/2029/2029
f 2029/2029/2029 2030/2030/2030 2031/2031/2031
f 2030/2030/2030 2032/2032/2032 2031/2031/2031
f 2032/2032/2032 2033/2033/2033 2031/2031/2031
f 2028/2028/2028 2027/2027/2027 2034/2034/2034
f 2027/2027/2027 2035/2035/2035 2034/2034/2034
f 2027/2027/2027 2036/2036/2036 2035/2035/2035
f 2029/2029/2029 2031/2031/2031 2036/2036/2036
f 2027/2027/2027 2029/2029/2029 2036/2036/2036
f 2031/2031/2031 2037/2037/2037 2036/2036/2036
f 2033/2033/2033 2037/2037/2037 2031/2031/2031
f 2028/2028/2028 2034/2034/2034 2038/2038/2038
f 2017/2017/2017 2028/2028/2028 2038/2038/2038
f 2017/2017/2017 2038/2038/2038 2016/2016/2016
f 2038/2038/2038 2039/2039/2039 2016/2016/2016
f 2016/2016/2016 2039/2039/2039 2040/2040/2040
f 2020/2020/2020 2016/2016/2016 2040/2040/2040
f 2020/2020/2020 2040/2040/2040 2041/2041/2041
f 2019/2019/2019 2020/2020/2020 2041/2041/2041
f 2022/2022/2022 2019/2019/2019 2041/2041/2041
f 2022/2022/2022 2041/2041/2041 2042/2042/2042
f 2022/2022/2022 2042/2042/2042 2043/2043/2043
f 2021/2021/2021 2022/2022/2022 2043/2043/2043
f 2021/2021/2021 2043/2043/2043 2044/2044/2044
f 2023/2023/2023 2021/2021/2021 2044/2044/2044
f 2023/2023/2023 2044/2044/2044 2025/2025/2025
f 2044/2044/2044 2045/2045/2045 2025/2025/2025
f 2025/2025/2025 2045/2045/2045 2046/2046/2046
f 2047/2047/2047 2025/2025/2025 2046/2046/2046
f 2048/2048/2048 2047/2047/2047 2046/2046/2046
f 2051/2051/2051 2050/2050/2050 2049/2049/2049
f 2052/2052/2052 2051/2051/2051 2049/2049/2049
f 2052/2052/2052 2049/2049/2049 2053/2053/2053
f 2054/2054/2054 2052/2052/2052 2053/2053/2053
f 2049/2049/2049 2055/2055/2055 2053/2053/2053
f 2049/2049/2049 2050/2050/2050 2055/2055/2055
f 2055/2055/2055 2056/2056/2056 2053/2053/2053
f 2055/2055/2055 2057/2057/2057 2056/2056/2056
f 2057/2057/2057 2058/2058/2058 2056/2056/2056
f 2057/2057/2057 2059/2059/2059 2058/2058/2058
f 2059/2059/2059 2060/2060/2060 2058/2058/2058
f 2061/2061/2061 2060/2060/2060 2059/2059/2059
f 2062/2062/2062 2061/2061/2061 2059/2059/2059
f 2063/2063/2063 2061/2061/2061 2062/2062/2062
f 2054/2054/2054 2064/2064/2064 2052/2052/2052
f 2064/2064/2064 2065/2065/2065 2052/2052/2052
f 2052/2052/2052 2065/2065/2065 2051/2051/2051
f 2050/2050/2050 2066/2066/2066 2055/2055/2055
f 2055/2055/2055 2066/2066/2066 2057/2057/2057
f 2066/2066/2066 2067/2067/2067 2057/2057/2057
f 2057/2057/2057 2067/2067/2067 2059/2059/2059
f 2067/2067/2067 2068/2068/2068 2059/2059/2059
f 2059/2059/2059 2068/2068/2068 2069/2069/2069
f 2062/2062/2062 2059/2059/2059 2069/2069/2069
f 2063/2063/2063 2062/2062/2062 2069/2069/2069
f 2064/2064/2064 2070/2070/2070 2065/2065/2065
f 2070/2070/2070 2071/2071/2071 2065/2065/2065
f 2071/2071/2071 2070/2070/2070 2072/2072/2072
f 2070/2070/2070 2073/2073/2073 2072/2072/2072
f 2074/2074/2074 2072/2072/2072 2073/2073/2073
f 2075/2075/2075 2074/2074/2074 2073/2073/2073
f 2072/2072/2072 2074/2074/2074 2076/2076/2076
f 2071/2071/2071 2072/2072/2072 2076/2076/2076
f 2071/2071/2071 2076/2076/2076 2077/2077/2077
f 2065/2065/2065 2071/2071/2071 2077/2077/2077
f 2065/2065/2065 2077/2077/2077 2051/2051/2051
f 2080/2080/2080 2079/2079/2079 2078/2078/2078
f 2081/2081/2081 2079/2079/2079 2080/2080/2080
f 2082/2082/2082 2081/2081/2081 2080/2080/2080
f 2083/2083/2083 2081/2081/2081 2082/2082/2082
f 2084/2084/2084 2083/2083/2083 2082/2082/2082
f 2085/2085/2085 2083/2083/2083 2084/2084/2084
f 2086/2086/2086 2085/2085/2085 2084/2084/2084
f 2085/2085/2085 2086/2086/2086 2087/2087/2087
f 2086/2086/2086 2088/2088/2088 2087/2087/2087
f 2080/2080/2080 2078/2078/2078 2089/2089/2089
f 2080/2080/2080 2089/2089/2089 2090/2090/2090
f 2082/2082/2082 2080/2080/2080 2090/2090/2090
f 2082/2082/2082 2090/2090/2090 2091/2091/2091
f 2084/2084/2084 2082/2082/2082 2091/2091/2091
f 2084/2084/2084 2091/2091/2091 2092/2092/2092
f 2086/2086/2086 2084/2084/2084 2092/2092/2092
f 2086/2086/2086 2092/2092/2092 2088/2088/2088
f 2092/2092/2092 2093/2093/2093 2088/2088/2088
f 2094/2094/2094 2087/2087/2087 2088/2088/2088
f 2095/2095/2095 2094/2094/2094 2088/2088/2088
f 2095/2095/2095 2088/2088/2088 2093/2093/2093
f 2095/2095/2095 2096/2096/2096 2094/2094/2094
f 2096/2096/2096 2095/2095/2095 2097/2097/2097
f 2095/2095/2095 2098/2098/2098 2097/2097/2097
f 2098/2098/2098 2095/2095/2095 2093/2093/2093
f 2096/2096/2096 2099/2099/2099 2094/2094/2094
f 2099/2099/2099 2096/2096/2096 2100/2100/2100
f 2096/2096/2096 2097/2097/2097 2100/2100/2100
f 2101/2101/2101 2099/2099/2099 2100/2100/2100
f 2102/2102/2102 2101/2101/2101 2100/2100/2100
f 2103/2103/2103 2102/2102/2102 2100/2100/2100
f 2104/2104/2104 2102/2102/2102 2103/2103/2103
f 2105/2105/2105 2104/2104/2104 2103/2103/2103
f 2105/2105/2105 2106/2106/2106 2104/2104/2104
f 2103/2103/2103 2100/2100/2100 2107/2107/2107
f 2100/2100/2100 2108/2108/2108 2107/2107/2107
f 2097/2097/2097 2108/2108/2108 2100/2100/2100
f 2103/2103/2103 2107/2107/2107 2109/2109/2109
f 2110/2110/2110 2103/2103/2103 2109/2109/2109
f 2105/2105/2105 2110/2110/2110 2106/2106/2106
f 2110/2110/2110 2105/2105/2105 2103/2103/2103
f 2113/2113/2113 2112/2112/2112 2111/2111/2111
f 2113/2113/2113 2111/2111/2111 2114/2114/2114
f 2115/2115/2115 2113/2113/2113 2114/2114/2114
f 2115/2115/2115 2116/2116/2116 2113/2113/2113
f 2116/2116/2116 2117/2117/2117 2113/2113/2113
f 2113/2113/2113 2117/2117/2117 2112/2112/2112
f 2116/2116/2116 2118/2118/2118 2117/2117/2117
f 2118/2118/2118 2119/2119/2119 2117/2117/2117
f 2117/2117/2117 2119/2119/2119 2112/2112/2112
f 2120/2120/2120 2118/2118/2118 2116/2116/2116
f 2121/2121/2121 2120/2120/2120 2116/2116/2116
f 2122/2122/2122 2121/2121/2121 2116/2116/2116
f 2122/2122/2122 2116/2116/2116 2115/2115/2115
f 2123/2123/2123 2122/2122/2122 2115/2115/2115
f 2123/2123/2123 2124/2124/2124 2122/2122/2122
f 2124/2124/2124 2125/2125/2125 2122/2122/2122
f 2124/2124/2124 2123/2123/2123 2126/2126/2126
f 2123/2123/2123 2127/2127/2127 2126/2126/2126
f 2115/2115/2115 2114/2114/2114 2127/2127/2127
f 2123/2123/2123 2115/2115/2115 2127/2127/2127
f 2128/2128/2128 2125/2125/2125 2124/2124/2124
f 2129/2129/2129 2128/2128/2128 2124/2124/2124
f 2128/2128/2128 2129/2129/2129 2130/2130/2130
f 2130/2130/2130 2129/2129/2129 2131/2131/2131
f 2129/2129/2129 2132/2132/2132 2131/2131/2131
f 2124/2124/2124 2126/2126/2126 2132/2132/2132
f 2129/2129/2129 2124/2124/2124 2132/2132/2132
f 2133/2133/2133 2128/2128/2128 2130/2130/2130
f 2130/2130/2130 2131/2131/2131 2134/2134/2134
f 2135/2135/2135 2130/2130/2130 2134/2134/2134
f 2136/2136/2136 2133/2133/2133 2130/2130/2130
f 2135/2135/2135 2136/2136/2136 2130/2130/2130
f 2137/2137/2137 2136/2136/2136 2135/2135/2135
f 2135/2135/2135 2134/2134/2134 2138/2138/2138
f 2137/2137/2137 2135/2135/2135 2138/2138/2138
f 2139/2139/2139 2137/2137/2137 2138/2138/2138
f 2140/2140/2140 2139/2139/2139 2138/2138/2138
f 2139/2139/2139 2140/2140/2140 2141/2141/2141
f 2140/2140/2140 2142/2142/2142 2141/2141/2141
f 2141/2141/2141 2142/2142/2142 2143/2143/2143
f 2146/2146/2146 2145/2145/2145 2144/2144/2144
f 2147/2147/2147 2146/2146/2146 2144/2144/2144
f 2148/2148/2148 2146/2146/2146 2147/2147/2147
f 2146/2146/2146 2148/2148/2148 2145/2145/2145
f 2149/2149/2149 2148/2148/2148 2147/2147/2147
f 2148/2148/2148 2150/2150/2150 2145/2145/2145
f 2144/2144/2144 2145/2145/2145 2121/2121/2121
f 2122/2122/2122 2144/2144/2144 2121/2121/2121
f 2145/2145/2145 2150/2150/2150 2120/2120/2120
f 2121/2121/2121 2145/2145/2145 2120/2120/2120
f 2153/2153/2153 2152/2152/2152 2151/2151/2151
f 2154/2154/2154 2153/2153/2153 2151/2151/2151
f 2154/2154/2154 2151/2151/2151 2155/2155/2155
f 2156/2156/2156 2154/2154/2154 2155/2155/2155
f 2153/2153/2153 2157/2157/2157 2152/2152/2152
f 2155/2155/2155 2158/2158/2158 2156/2156/2156
f 2158/2158/2158 2159/2159/2159 2156/2156/2156
f 2159/2159/2159 2158/2158/2158 2160/2160/2160
f 2156/2156/2156 2161/2161/2161 2154/2154/2154
f 2154/2154/2154 2162/2162/2162 2153/2153/2153
f 2154/2154/2154 2161/2161/2161 2162/2162/2162
f 2162/2162/2162 2163/2163/2163 2153/2153/2153
f 2153/2153/2153 2163/2163/2163 2157/2157/2157
f 2164/2164/2164 2159/2159/2159 2160/2160/2160
f 2156/2156/2156 2159/2159/2159 2164/2164/2164
f 2164/2164/2164 2160/2160/2160 2165/2165/2165
f 2166/2166/2166 2156/2156/2156 2164/2164/2164
f 2156/2156/2156 2166/2166/2166 2161/2161/2161
f 2167/2167/2167 2160/2160/2160 2158/2158/2158
f 2168/2168/2168 2167/2167/2167 2158/2158/2158
f 2169/2169/2169 2165/2165/2165 2160/2160/2160
f 2167/2167/2167 2169/2169/2169 2160/2160/2160
f 2165/2165/2165 2169/2169/2169 2170/2170/2170
f 2169/2169/2169 2171/2171/2171 2170/2170/2170
f 2172/2172/2172 2165/2165/2165 2170/2170/2170
f 2173/2173/2173 2172/2172/2172 2170/2170/2170
f 2174/2174/2174 2173/2173/2173 2170/2170/2170
f 2173/2173/2173 2175/2175/2175 2172/2172/2172
f 2175/2175/2175 2176/2176/2176 2164/2164/2164
f 2177/2177/2177 2175/2175/2175 2164/2164/2164
f 2175/2175/2175 2177/2177/2177 2172/2172/2172
f 2172/2172/2172 2177/2177/2177 2165/2165/2165
f 2177/2177/2177 2164/2164/2164 2165/2165/2165
f 2178/2178/2178 2175/2175/2175 2173/2173/2173
f 2179/2179/2179 2178/2178/2178 2173/2173/2173
f 2179/2179/2179 2180/2180/2180 2178/2178/2178
f 2180/2180/2180 2181/2181/2181 2178/2178/2178
f 2171/2171/2171 2182/2182/2182 2170/2170/2170
f 2183/2183/2183 2176/2176/2176 2175/2175/2175
f 2178/2178/2178 2183/2183/2183 2175/2175/2175
f 2181/2181/2181 2180/2180/2180 2184/2184/2184
f 2181/2181/2181 2184/2184/2184 2185/2185/2185
f 2185/2185/2185 2183/2183/2183 2178/2178/2178
f 2181/2181/2181 2185/2185/2185 2178/2178/2178
f 2184/2184/2184 2186/2186/2186 2185/2185/2185
f 2184/2184/2184 2187/2187/2187 2186/2186/2186
f 2184/2184/2184 2188/2188/2188 2187/2187/2187
f 2180/2180/2180 2188/2188/2188 2184/2184/2184
f 2189/2189/2189 2173/2173/2173 2174/2174/2174
f 2190/2190/2190 2189/2189/2189 2174/2174/2174
f 2190/2190/2190 2191/2191/2191 2189/2189/2189
f 2191/2191/2191 2192/2192/2192 2189/2189/2189
f 2193/2193/2193 2191/2191/2191 2190/2190/2190
f 2193/2193/2193 2194/2194/2194 2191/2191/2191
f 2192/2192/2192 2191/2191/2191 2194/2194/2194
f 2195/2195/2195 2193/2193/2193 2190/2190/2190
f 2190/2190/2190 2174/2174/2174 2195/2195/2195
f 2174/2174/2174 2196/2196/2196 2195/2195/2195
f 2196/2196/2196 2174/2174/2174 2170/2170/2170
f 2197/2197/2197 2196/2196/2196 2170/2170/2170
f 2198/2198/2198 2197/2197/2197 2170/2170/2170
f 2199/2199/2199 2198/2198/2198 2170/2170/2170
f 2182/2182/2182 2199/2199/2199 2170/2170/2170
f 2200/2200/2200 2196/2196/2196 2197/2197/2197
f 2201/2201/2201 2200/2200/2200 2197/2197/2197
f 2201/2201/2201 2197/2197/2197 2198/2198/2198
f 2201/2201/2201 2202/2202/2202 2200/2200/2200
f 2202/2202/2202 2203/2203/2203 2200/2200/2200
f 2202/2202/2202 2204/2204/2204 2203/2203/2203
f 2205/2205/2205 2202/2202/2202 2201/2201/2201
f 2202/2202/2202 2205/2205/2205 2204/2204/2204
f 2206/2206/2206 2205/2205/2205 2201/2201/2201
f 2206/2206/2206 2201/2201/2201 2198/2198/2198
f 2208/2208/2208 2207/2207/2207 2182/2182/2182
f 2171/2171/2171 2208/2208/2208 2182/2182/2182
f 2209/2209/2209 2208/2208/2208 2171/2171/2171
f 2169/2169/2169 2209/2209/2209 2171/2171/2171
f 2210/2210/2210 2209/2209/2209 2169/2169/2169
f 2210/2210/2210 2211/2211/2211 2209/2209/2209
f 2212/2212/2212 2211/2211/2211 2210/2210/2210
f 2212/2212/2212 2210/2210/2210 2169/2169/2169
f 2211/2211/2211 2213/2213/2213 2209/2209/2209
f 2167/2167/2167 2212/2212/2212 2169/2169/2169
f 2214/2214/2214 2212/2212/2212 2167/2167/2167
f 2168/2168/2168 2214/2214/2214 2167/2167/2167
f 2214/2214/2214 2168/2168/2168 2215/2215/2215
f 2168/2168/2168 2216/2216/2216 2215/2215/2215
f 2216/2216/2216 2168/2168/2168 2217/2217/2217
f 2216/2216/2216 2217/2217/2217 2218/2218/2218
f 2217/2217/2217 2219/2219/2219 2218/2218/2218
f 2218/2218/2218 2219/2219/2219 2220/2220/2220
f 2221/2221/2221 2218/2218/2218 2220/2220/2220
f 2218/2218/2218 2221/2221/2221 2222/2222/2222
f 2216/2216/2216 2218/2218/2218 2222/2222/2222
f 2215/2215/2215 2216/2216/2216 2222/2222/2222
f 2221/2221/2221 2223/2223/2223 2222/2222/2222
f 2168/2168/2168 2158/2158/2158 2217/2217/2217
f 2221/2221/2221 2220/2220/2220 2224/2224/2224
f 2221/2221/2221 2224/2224/2224 2223/2223/2223
f 2220/2220/2220 2225/2225/2225 2224/2224/2224
f 2224/2224/2224 2225/2225/2225 2226/2226/2226
f 2227/2227/2227 2224/2224/2224 2226/2226/2226
f 2227/2227/2227 2226/2226/2226 2228/2228/2228
f 2227/2227/2227 2228/2228/2228 2229/2229/2229
f 2227/2227/2227 2229/2229/2229 2230/2230/2230
f 2224/2224/2224 2227/2227/2227 2230/2230/2230
f 2224/2224/2224 2230/2230/2230 2223/2223/2223
f 1981/1981/1981 1985/1985/1985 2036/2036/2036
f 2037/2037/2037 1981/1981/1981 2036/2036/2036
f 1784/1784/1784 2231/2231/2231 1783/1783/1783
f 1786/1786/1786 1783/1783/1783 2231/2231/2231
f 2234/2234/2234 2233/2233/2233 2232/2232/2232
f 2235/2235/2235 2234/2234/2234 2232/2232/2232
f 2235/2235/2235 2232/2232/2232 2236/2236/2236
f 2237/2237/2237 2235/2235/2235 2236/2236/2236
f 2237/2237/2237 2236/2236/2236 2238/2238/2238
f 2239/2239/2239 2237/2237/2237 2238/2238/2238
f 2239/2239/2239 2238/2238/2238 2240/2240/2240
f 2241/2241/2241 2239/2239/2239 2240/2240/2240
f 2242/2242/2242 2235/2235/2235 2237/2237/2237
f 2242/2242/2242 2237/2237/2237 2239/2239/2239
f 2243/2243/2243 2242/2242/2242 2239/2239/2239
f 2241/2241/2241 2243/2243/2243 2239/2239/2239
f 2243/2243/2243 2234/2234/2234 2235/2235/2235
f 2242/2242/2242 2243/2243/2243 2235/2235/2235
f 2232/2232/2232 2233/2233/2233 2244/2244/2244
f 2233/2233/2233 2245/2245/2245 2244/2244/2244
f 2233/2233/2233 2246/2246/2246 2245/2245/2245
f 2246/2246/2246 2247/2247/2247 2245/2245/2245
f 2246/2246/2246 2248/2248/2248 2247/2247/2247
f 2248/2248/2248 2249/2249/2249 2247/2247/2247
f 2248/2248/2248 2250/2250/2250 2249/2249/2249
f 2251/2251/2251 2250/2250/2250 2248/2248/2248
f 2251/2251/2251 2248/2248/2248 2246/2246/2246
f 2250/2250/2250 2252/2252/2252 2249/2249/2249
f 2250/2250/2250 2253/2253/2253 2252/2252/2252
f 2253/2253/2253 2254/2254/2254 2252/2252/2252
f 2251/2251/2251 2246/2246/2246 2255/2255/2255
f 2255/2255/2255 2253/2253/2253 2250/2250/2250
f 2251/2251/2251 2255/2255/2255 2250/2250/2250
f 2246/2246/2246 2233/2233/2233 2255/2255/2255
f 2244/2244/2244 2245/2245/2245 2256/2256/2256
f 2245/2245/2245 2247/2247/2247 2256/2256/2256
f 2256/2256/2256 2247/2247/2247 2249/2249/2249
f 2244/2244/2244 2256/2256/2256 2257/2257/2257
f 2232/2232/2232 2244/2244/2244 2257/2257/2257
f 2236/2236/2236 2232/2232/2232 2257/2257/2257
f 2236/2236/2236 2257/2257/2257 2258/2258/2258
f 2238/2238/2238 2236/2236/2236 2258/2258/2258
f 2238/2238/2238 2258/2258/2258 2240/2240/2240
f 2258/2258/2258 2259/2259/2259 2240/2240/2240
f 2240/2240/2240 2259/2259/2259 2260/2260/2260
f 2261/2261/2261 2240/2240/2240 2260/2260/2260
f 2261/2261/2261 2260/2260/2260 2262/2262/2262
f 2261/2261/2261 2262/2262/2262 2263/2263/2263
f 2264/2264/2264 2261/2261/2261 2263/2263/2263
f 2240/2240/2240 2261/2261/2261 2264/2264/2264
f 2264/2264/2264 2263/2263/2263 2265/2265/2265
f 2260/2260/2260 2266/2266/2266 2262/2262/2262
f 2267/2267/2267 2240/2240/2240 2264/2264/2264
f 2262/2262/2262 2266/2266/2266 2268/2268/2268
f 2269/2269/2269 2262/2262/2262 2268/2268/2268
f 2269/2269/2269 2268/2268/2268 2270/2270/2270
f 2269/2269/2269 2270/2270/2270 2271/2271/2271
f 2272/2272/2272 2269/2269/2269 2271/2271/2271
f 2262/2262/2262 2269/2269/2269 2272/2272/2272
f 2263/2263/2263 2262/2262/2262 2272/2272/2272
f 2265/2265/2265 2263/2263/2263 2272/2272/2272
f 2272/2272/2272 2271/2271/2271 2273/2273/2273
f 2265/2265/2265 2272/2272/2272 2273/2273/2273
f 2273/2273/2273 2267/2267/2267 2264/2264/2264
f 2265/2265/2265 2273/2273/2273 2264/2264/2264
f 2268/2268/2268 2274/2274/2274 2270/2270/2270
f 2274/2274/2274 2268/2268/2268 2275/2275/2275
f 2275/2275/2275 2268/2268/2268 2266/2266/2266
f 2276/2276/2276 2274/2274/2274 2275/2275/2275
f 2274/2274/2274 2276/2276/2276 2270/2270/2270
f 2275/2275/2275 2266/2266/2266 2277/2277/2277
f 2277/2277/2277 2266/2266/2266 2260/2260/2260
f 2277/2277/2277 2260/2260/2260 2259/2259/2259
f 2258/2258/2258 2277/2277/2277 2259/2259/2259
f 2258/2258/2258 2257/2257/2257 2277/2277/2277
f 2257/2257/2257 2256/2256/2256 2277/2277/2277
f 2273/2273/2273 2278/2278/2278 2267/2267/2267
f 2279/2279/2279 2278/2278/2278 2273/2273/2273
f 2271/2271/2271 2279/2279/2279 2273/2273/2273
f 2271/2271/2271 2270/2270/2270 2280/2280/2280
f 2279/2279/2279 2271/2271/2271 2280/2280/2280
f 2276/2276/2276 2280/2280/2280 2270/2270/2270
f 2256/2256/2256 2249/2249/2249 2281/2281/2281
f 2281/2281/2281 2249/2249/2249 2252/2252/2252
f 2281/2281/2281 2252/2252/2252 2282/2282/2282
f 2252/2252/2252 2254/2254/2254 2282/2282/2282
f 2283/2283/2283 2282/2282/2282 2254/2254/2254
f 2253/2253/2253 2283/2283/2283 2254/2254/2254
f 2284/2284/2284 2283/2283/2283 2253/2253/2253
f 2255/2255/2255 2284/2284/2284 2253/2253/2253
f 2285/2285/2285 2284/2284/2284 2255/2255/2255
f 2233/2233/2233 2285/2285/2285 2255/2255/2255
f 2285/2285/2285 2233/2233/2233 2286/2286/2286
f 2233/2233/2233 2234/2234/2234 2286/2286/2286
f 2287/2287/2287 2286/2286/2286 2234/2234/2234
f 2243/2243/2243 2287/2287/2287 2234/2234/2234
f 2288/2288/2288 2287/2287/2287 2243/2243/2243
f 2241/2241/2241 2288/2288/2288 2243/2243/2243
f 2288/2288/2288 2241/2241/2241 2240/2240/2240
f 2289/2289/2289 2288/2288/2288 2240/2240/2240
f 2289/2289/2289 2240/2240/2240 2290/2290/2290
f 2240/2240/2240 2267/2267/2267 2290/2290/2290
f 2278/2278/2278 2290/2290/2290 2267/2267/2267
f 2293/2293/2293 2292/2292/2292 2291/2291/2291
f 2294/2294/2294 2291/2291/2291 2292/2292/2292
f 2295/2295/2295 2294/2294/2294 2292/2292/2292
f 2296/2296/2296 2295/2295/2295 2292/2292/2292
f 2295/2295/2295 2296/2296/2296 2297/2297/2297
f 2298/2298/2298 2295/2295/2295 2297/2297/2297
f 2294/2294/2294 2295/2295/2295 2298/2298/2298
f 2297/2297/2297 2299/2299/2299 2298/2298/2298
f 2300/2300/2300 2296/2296/2296 2292/2292/2292
f 2300/2300/2300 2292/2292/2292 2293/2293/2293
f 2301/2301/2301 2296/2296/2296 2300/2300/2300
f 2301/2301/2301 2302/2302/2302 2296/2296/2296
f 2302/2302/2302 2303/2303/2303 2296/2296/2296
f 2303/2303/2303 2302/2302/2302 2304/2304/2304
f 2305/2305/2305 2301/2301/2301 2300/2300/2300
f 2305/2305/2305 2300/2300/2300 2293/2293/2293
f 2302/2302/2302 2306/2306/2306 2304/2304/2304
f 2306/2306/2306 2302/2302/2302 2301/2301/2301
f 2307/2307/2307 2306/2306/2306 2301/2301/2301
f 2307/2307/2307 2301/2301/2301 2305/2305/2305
f 2308/2308/2308 2307/2307/2307 2305/2305/2305
f 2309/2309/2309 2307/2307/2307 2308/2308/2308
f 2310/2310/2310 2309/2309/2309 2308/2308/2308
f 2311/2311/2311 2309/2309/2309 2310/2310/2310
f 2309/2309/2309 2311/2311/2311 2312/2312/2312
f 2307/2307/2307 2309/2309/2309 2312/2312/2312
f 2313/2313/2313 2311/2311/2311 2310/2310/2310
f 2310/2310/2310 2308/2308/2308 2314/2314/2314
f 2313/2313/2313 2310/2310/2310 2314/2314/2314
f 2308/2308/2308 2305/2305/2305 2314/2314/2314
f 2314/2314/2314 2305/2305/2305 2293/2293/2293
f 2315/2315/2315 2294/2294/2294 2298/2298/2298
f 2299/2299/2299 2315/2315/2315 2298/2298/2298
f 2318/2318/2318 2317/2317/2317 2316/2316/2316
f 2319/2319/2319 2318/2318/2318 2316/2316/2316
f 2317/2317/2317 2318/2318/2318 2320/2320/2320
f 2317/2317/2317 2320/2320/2320 2321/2321/2321
f 2321/2321/2321 2320/2320/2320 2322/2322/2322
f 2321/2321/2321 2322/2322/2322 2323/2323/2323
f 2324/2324/2324 2321/2321/2321 2323/2323/2323
f 2317/2317/2317 2321/2321/2321 2324/2324/2324
f 2316/2316/2316 2317/2317/2317 2324/2324/2324
f 2318/2318/2318 2325/2325/2325 2320/2320/2320
f 2323/2323/2323 2322/2322/2322 2326/2326/2326
f 2322/2322/2322 2327/2327/2327 2326/2326/2326
f 2320/2320/2320 2325/2325/2325 2327/2327/2327
f 2322/2322/2322 2320/2320/2320 2327/2327/2327
f 2326/2326/2326 2327/2327/2327 2328/2328/2328
f 2327/2327/2327 2329/2329/2329 2328/2328/2328
f 2327/2327/2327 2330/2330/2330 2329/2329/2329
f 2330/2330/2330 2331/2331/2331 2329/2329/2329
f 2329/2329/2329 2331/2331/2331 2332/2332/2332
f 2331/2331/2331 2333/2333/2333 2332/2332/2332
f 2332/2332/2332 2333/2333/2333 2334/2334/2334
f 2332/2332/2332 2334/2334/2334 2335/2335/2335
f 2336/2336/2336 2332/2332/2332 2335/2335/2335
f 2329/2329/2329 2332/2332/2332 2336/2336/2336
f 2328/2328/2328 2329/2329/2329 2336/2336/2336
f 2333/2333/2333 2337/2337/2337 2334/2334/2334
f 2331/2331/2331 2338/2338/2338 2333/2333/2333
f 2333/2333/2333 2338/2338/2338 2337/2337/2337
f 2331/2331/2331 2330/2330/2330 2338/2338/2338
f 2334/2334/2334 2337/2337/2337 2339/2339/2339
f 2337/2337/2337 2340/2340/2340 2339/2339/2339
f 2334/2334/2334 2339/2339/2339 2341/2341/2341
f 2335/2335/2335 2334/2334/2334 2341/2341/2341
f 2342/2342/2342 2340/2340/2340 2337/2337/2337
f 2338/2338/2338 2342/2342/2342 2337/2337/2337
f 2330/2330/2330 2342/2342/2342 2338/2338/2338
f 2341/2341/2341 2339/2339/2339 2343/2343/2343
f 2344/2344/2344 2341/2341/2341 2343/2343/2343
f 2344/2344/2344 2343/2343/2343 2345/2345/2345
f 2343/2343/2343 2346/2346/2346 2345/2345/2345
f 2346/2346/2346 2343/2343/2343 2347/2347/2347
f 2343/2343/2343 2348/2348/2348 2347/2347/2347
f 2343/2343/2343 2339/2339/2339 2348/2348/2348
f 2348/2348/2348 2349/2349/2349 2347/2347/2347
f 2339/2339/2339 2350/2350/2350 2348/2348/2348
f 2348/2348/2348 2350/2350/2350 2349/2349/2349
f 2350/2350/2350 2351/2351/2351 2349/2349/2349
f 2349/2349/2349 2351/2351/2351 2352/2352/2352
f 2353/2353/2353 2349/2349/2349 2352/2352/2352
f 2346/2346/2346 2347/2347/2347 2353/2353/2353
f 2353/2353/2353 2347/2347/2347 2349/2349/2349
f 2354/2354/2354 2353/2353/2353 2352/2352/2352
f 2345/2345/2345 2346/2346/2346 2354/2354/2354
f 2354/2354/2354 2346/2346/2346 2353/2353/2353
f 2355/2355/2355 2354/2354/2354 2352/2352/2352
f 2354/2354/2354 2355/2355/2355 2356/2356/2356
f 2357/2357/2357 2354/2354/2354 2356/2356/2356
f 2357/2357/2357 2345/2345/2345 2354/2354/2354
f 2357/2357/2357 2356/2356/2356 2358/2358/2358
f 2357/2357/2357 2358/2358/2358 2345/2345/2345
f 2356/2356/2356 2359/2359/2359 2358/2358/2358
f 2345/2345/2345 2360/2360/2360 2344/2344/2344
f 2345/2345/2345 2358/2358/2358 2360/2360/2360
f 2361/2361/2361 2351/2351/2351 2350/2350/2350
f 2351/2351/2351 2361/2361/2361 2352/2352/2352
f 2362/2362/2362 2361/2361/2361 2350/2350/2350
f 2350/2350/2350 2339/2339/2339 2362/2362/2362
f 2339/2339/2339 2363/2363/2363 2362/2362/2362
f 2364/2364/2364 2363/2363/2363 2339/2339/2339
f 2340/2340/2340 2364/2364/2364 2339/2339/2339
f 2365/2365/2365 2364/2364/2364 2340/2340/2340
f 2342/2342/2342 2365/2365/2365 2340/2340/2340
f 2365/2365/2365 2342/2342/2342 2330/2330/2330
f 2366/2366/2366 2365/2365/2365 2330/2330/2330
f 2330/2330/2330 2327/2327/2327 2366/2366/2366
f 2327/2327/2327 2367/2367/2367 2366/2366/2366
f 2368/2368/2368 2367/2367/2367 2327/2327/2327
f 2325/2325/2325 2368/2368/2368 2327/2327/2327
f 2368/2368/2368 2325/2325/2325 2318/2318/2318
f 2369/2369/2369 2368/2368/2368 2318/2318/2318
f 2370/2370/2370 2369/2369/2369 2318/2318/2318
f 2319/2319/2319 2370/2370/2370 2318/2318/2318
f 2319/2319/2319 2316/2316/2316 2370/2370/2370
f 2316/2316/2316 2371/2371/2371 2370/2370/2370
f 2324/2324/2324 2371/2371/2371 2316/2316/2316
f 2324/2324/2324 2372/2372/2372 2371/2371/2371
f 2323/2323/2323 2372/2372/2372 2324/2324/2324
f 2323/2323/2323 2326/2326/2326 2372/2372/2372
f 2326/2326/2326 2328/2328/2328 2372/2372/2372
f 2372/2372/2372 2328/2328/2328 2336/2336/2336
f 2372/2372/2372 2336/2336/2336 2360/2360/2360
f 2336/2336/2336 2335/2335/2335 2360/2360/2360
f 2360/2360/2360 2335/2335/2335 2341/2341/2341
f 2344/2344/2344 2360/2360/2360 2341/2341/2341
f 2375/2375/2375 2374/2374/2374 2373/2373/2373
f 2373/2373/2373 2376/2376/2376 2375/2375/2375
f 2376/2376/2376 2377/2377/2377 2375/2375/2375
f 2377/2377/2377 2378/2378/2378 2375/2375/2375
f 2378/2378/2378 2377/2377/2377 2379/2379/2379
f 2377/2377/2377 2380/2380/2380 2379/2379/2379
f 2377/2377/2377 2376/2376/2376 2380/2380/2380
f 2379/2379/2379 2380/2380/2380 2381/2381/2381
f 2378/2378/2378 2382/2382/2382 2375/2375/2375
f 2375/2375/2375 2382/2382/2382 2374/2374/2374
f 2378/2378/2378 2383/2383/2383 2382/2382/2382
f 2384/2384/2384 2383/2383/2383 2378/2378/2378
f 2385/2385/2385 2384/2384/2384 2378/2378/2378
f 2386/2386/2386 2384/2384/2384 2385/2385/2385
f 2383/2383/2383 2387/2387/2387 2382/2382/2382
f 2382/2382/2382 2387/2387/2387 2374/2374/2374
f 2386/2386/2386 2388/2388/2388 2384/2384/2384
f 2384/2384/2384 2388/2388/2388 2383/2383/2383
f 2388/2388/2388 2389/2389/2389 2383/2383/2383
f 2383/2383/2383 2389/2389/2389 2387/2387/2387
f 2389/2389/2389 2390/2390/2390 2387/2387/2387
f 2389/2389/2389 2391/2391/2391 2390/2390/2390
f 2389/2389/2389 2392/2392/2392 2391/2391/2391
f 2392/2392/2392 2393/2393/2393 2391/2391/2391
f 2391/2391/2391 2393/2393/2393 2394/2394/2394
f 2391/2391/2391 2394/2394/2394 2390/2390/2390
f 2393/2393/2393 2395/2395/2395 2394/2394/2394
f 2390/2390/2390 2394/2394/2394 2396/2396/2396
f 2394/2394/2394 2395/2395/2395 2396/2396/2396
f 2387/2387/2387 2390/2390/2390 2396/2396/2396
f 2387/2387/2387 2396/2396/2396 2374/2374/2374
f 2376/2376/2376 2397/2397/2397 2380/2380/2380
f 2380/2380/2380 2397/2397/2397 2381/2381/2381
f 2361/2361/2361 2398/2398/2398 2352/2352/2352
f 2352/2352/2352 2398/2398/2398 2399/2399/2399
f 2355/2355/2355 2352/2352/2352 2399/2399/2399
f 2355/2355/2355 2399/2399/2399 2356/2356/2356
f 2399/2399/2399 2359/2359/2359 2356/2356/2356
f 2402/2402/2402 2401/2401/2401 2400/2400/2400
f 2402/2402/2402 2403/2403/2403 2401/2401/2401
f 2401/2401/2401 2404/2404/2404 2400/2400/2400
f 2401/2401/2401 2403/2403/2403 2404/2404/2404
f 2407/2407/2407 2406/2406/2406 2405/2405/2405
f 2408/2408/2408 2407/2407/2407 2405/2405/2405
f 2408/2408/2408 2405/2405/2405 2409/2409/2409
f 2410/2410/2410 2408/2408/2408 2409/2409/2409
f 2410/2410/2410 2409/2409/2409 2411/2411/2411
f 2412/2412/2412 2410/2410/2410 2411/2411/2411
f 2412/2412/2412 2411/2411/2411 2413/2413/2413
f 2414/2414/2414 2412/2412/2412 2413/2413/2413
f 2405/2405/2405 2406/2406/2406 2415/2415/2415
f 2406/2406/2406 2416/2416/2416 2415/2415/2415
f 2405/2405/2405 2415/2415/2415 2417/2417/2417
f 2409/2409/2409 2405/2405/2405 2417/2417/2417
f 2409/2409/2409 2417/2417/2417 2418/2418/2418
f 2411/2411/2411 2409/2409/2409 2418/2418/2418
f 2411/2411/2411 2418/2418/2418 2419/2419/2419
f 2413/2413/2413 2411/2411/2411 2419/2419/2419
f 2420/2420/2420 2407/2407/2407 2408/2408/2408
f 2421/2421/2421 2420/2420/2420 2408/2408/2408
f 2421/2421/2421 2408/2408/2408 2410/2410/2410
f 2422/2422/2422 2420/2420/2420 2421/2421/2421
f 2423/2423/2423 2422/2422/2422 2421/2421/2421
f 2423/2423/2423 2421/2421/2421 2424/2424/2424
f 2424/2424/2424 2421/2421/2421 2425/2425/2425
f 2425/2425/2425 2421/2421/2421 2410/2410/2410
f 2425/2425/2425 2410/2410/2410 2412/2412/2412
f 2426/2426/2426 2424/2424/2424 2425/2425/2425
f 2426/2426/2426 2425/2425/2425 2427/2427/2427
f 2427/2427/2427 2425/2425/2425 2412/2412/2412
f 2427/2427/2427 2412/2412/2412 2414/2414/2414
f 2428/2428/2428 2426/2426/2426 2427/2427/2427
f 2429/2429/2429 2428/2428/2428 2427/2427/2427
f 2429/2429/2429 2427/2427/2427 2430/2430/2430
f 2431/2431/2431 2429/2429/2429 2430/2430/2430
f 2432/2432/2432 2423/2423/2423 2424/2424/2424
f 2433/2433/2433 2426/2426/2426 2428/2428/2428
f 2434/2434/2434 2428/2428/2428 2429/2429/2429
f 2435/2435/2435 2429/2429/2429 2431/2431/2431
f 2436/2436/2436 2435/2435/2435 2431/2431/2431
f 2434/2434/2434 2437/2437/2437 2428/2428/2428
f 2437/2437/2437 2433/2433/2433 2428/2428/2428
f 2423/2423/2423 2438/2438/2438 2422/2422/2422
f 2438/2438/2438 2423/2423/2423 2432/2432/2432
f 2439/2439/2439 2437/2437/2437 2434/2434/2434
f 2433/2433/2433 2437/2437/2437 2439/2439/2439
f 2440/2440/2440 2435/2435/2435 2436/2436/2436
f 2438/2438/2438 2432/2432/2432 2441/2441/2441
f 2432/2432/2432 2442/2442/2442 2441/2441/2441
f 2442/2442/2442 2432/2432/2432 2424/2424/2424
f 2443/2443/2443 2442/2442/2442 2424/2424/2424
f 2444/2444/2444 2443/2443/2443 2433/2433/2433
f 2442/2442/2442 2443/2443/2443 2444/2444/2444
f 2426/2426/2426 2443/2443/2443 2424/2424/2424
f 2433/2433/2433 2443/2443/2443 2426/2426/2426
f 2446/2446/2446 2445/2445/2445 2438/2438/2438
f 2445/2445/2445 2447/2447/2447 2438/2438/2438
f 2447/2447/2447 2422/2422/2422 2438/2438/2438
f 2447/2447/2447 2420/2420/2420 2422/2422/2422
f 2449/2449/2449 2448/2448/2448 2435/2435/2435
f 2434/2434/2434 2448/2448/2448 2449/2449/2449
f 2435/2435/2435 2448/2448/2448 2429/2429/2429
f 2448/2448/2448 2434/2434/2434 2429/2429/2429
f 2430/2430/2430 2427/2427/2427 2414/2414/2414
f 2452/2452/2452 2451/2451/2451 2450/2450/2450
f 2450/2450/2450 2451/2451/2451 2453/2453/2453
f 2451/2451/2451 2454/2454/2454 2453/2453/2453
f 2455/2455/2455 2454/2454/2454 2451/2451/2451
f 2454/2454/2454 2456/2456/2456 2453/2453/2453
f 2457/2457/2457 2456/2456/2456 2454/2454/2454
f 2456/2456/2456 2458/2458/2458 2453/2453/2453
f 2459/2459/2459 2458/2458/2458 2456/2456/2456
f 2453/2453/2453 2458/2458/2458 2460/2460/2460
f 2461/2461/2461 2450/2450/2450 2453/2453/2453
f 2462/2462/2462 2450/2450/2450 2461/2461/2461
f 2460/2460/2460 2458/2458/2458 2463/2463/2463
f 2451/2451/2451 2452/2452/2452 2464/2464/2464
f 2452/2452/2452 2465/2465/2465 2464/2464/2464
f 2452/2452/2452 2450/2450/2450 2465/2465/2465
f 2450/2450/2450 2466/2466/2466 2465/2465/2465
f 2450/2450/2450 2462/2462/2462 2466/2466/2466
f 2456/2456/2456 2457/2457/2457 2467/2467/2467
f 2457/2457/2457 2468/2468/2468 2467/2467/2467
f 2457/2457/2457 2454/2454/2454 2468/2468/2468
f 2454/2454/2454 2469/2469/2469 2468/2468/2468
f 2462/2462/2462 2470/2470/2470 2466/2466/2466
f 2454/2454/2454 2455/2455/2455 2469/2469/2469
f 2455/2455/2455 2471/2471/2471 2469/2469/2469
f 2451/2451/2451 2464/2464/2464 2471/2471/2471
f 2455/2455/2455 2451/2451/2451 2471/2471/2471
f 2456/2456/2456 2467/2467/2467 2472/2472/2472
f 2459/2459/2459 2456/2456/2456 2472/2472/2472
f 2459/2459/2459 2472/2472/2472 2473/2473/2473
f 2458/2458/2458 2459/2459/2459 2473/2473/2473
f 2458/2458/2458 2473/2473/2473 2474/2474/2474
f 2463/2463/2463 2458/2458/2458 2474/2474/2474
f 2477/2477/2477 2476/2476/2476 2475/2475/2475
f 2477/2477/2477 2478/2478/2478 2476/2476/2476
f 2477/2477/2477 2475/2475/2475 2479/2479/2479
f 2477/2477/2477 2479/2479/2479 2480/2480/2480
f 2480/2480/2480 2479/2479/2479 2481/2481/2481
f 2482/2482/2482 2480/2480/2480 2481/2481/2481
f 2482/2482/2482 2481/2481/2481 2483/2483/2483
f 2484/2484/2484 2482/2482/2482 2483/2483/2483
f 2484/2484/2484 2483/2483/2483 2485/2485/2485
f 2486/2486/2486 2484/2484/2484 2485/2485/2485
f 2486/2486/2486 2485/2485/2485 2487/2487/2487
f 2488/2488/2488 2486/2486/2486 2487/2487/2487
f 2487/2487/2487 2485/2485/2485 2489/2489/2489
f 2485/2485/2485 2483/2483/2483 2489/2489/2489
f 2490/2490/2490 2487/2487/2487 2489/2489/2489
f 2491/2491/2491 2490/2490/2490 2489/2489/2489
f 2489/2489/2489 2492/2492/2492 2491/2491/2491
f 2492/2492/2492 2493/2493/2493 2491/2491/2491
f 2493/2493/2493 2492/2492/2492 2494/2494/2494
f 2494/2494/2494 2492/2492/2492 2495/2495/2495
f 2496/2496/2496 2494/2494/2494 2495/2495/2495
f 2497/2497/2497 2494/2494/2494 2496/2496/2496
f 2498/2498/2498 2497/2497/2497 2496/2496/2496
f 2499/2499/2499 2493/2493/2493 2494/2494/2494
f 2492/2492/2492 2489/2489/2489 2500/2500/2500
f 2495/2495/2495 2492/2492/2492 2500/2500/2500
f 2500/2500/2500 2489/2489/2489 2501/2501/2501
f 2489/2489/2489 2502/2502/2502 2501/2501/2501
f 2501/2501/2501 2502/2502/2502 2503/2503/2503
f 2502/2502/2502 2504/2504/2504 2503/2503/2503
f 2503/2503/2503 2504/2504/2504 2505/2505/2505
f 2504/2504/2504 2506/2506/2506 2505/2505/2505
f 2505/2505/2505 2506/2506/2506 2507/2507/2507
f 2506/2506/2506 2475/2475/2475 2507/2507/2507
f 2507/2507/2507 2475/2475/2475 2508/2508/2508
f 2509/2509/2509 2507/2507/2507 2508/2508/2508
f 2481/2481/2481 2504/2504/2504 2502/2502/2502
f 2483/2483/2483 2481/2481/2481 2502/2502/2502
f 2483/2483/2483 2502/2502/2502 2489/2489/2489
f 2479/2479/2479 2506/2506/2506 2504/2504/2504
f 2481/2481/2481 2479/2479/2479 2504/2504/2504
f 2479/2479/2479 2475/2475/2475 2506/2506/2506
f 2510/2510/2510 2503/2503/2503 2505/2505/2505
f 2505/2505/2505 2507/2507/2507 2510/2510/2510
f 2511/2511/2511 2501/2501/2501 2503/2503/2503
f 2510/2510/2510 2511/2511/2511 2503/2503/2503
f 2512/2512/2512 2511/2511/2511 2510/2510/2510
f 2513/2513/2513 2512/2512/2512 2510/2510/2510
f 2512/2512/2512 2514/2514/2514 2511/2511/2511
f 2514/2514/2514 2515/2515/2515 2511/2511/2511
f 2516/2516/2516 2515/2515/2515 2514/2514/2514
f 2517/2517/2517 2516/2516/2516 2514/2514/2514
f 2511/2511/2511 2515/2515/2515 2500/2500/2500
f 2511/2511/2511 2500/2500/2500 2501/2501/2501
f 2515/2515/2515 2495/2495/2495 2500/2500/2500
f 2515/2515/2515 2516/2516/2516 2495/2495/2495
f 2516/2516/2516 2496/2496/2496 2495/2495/2495
f 2516/2516/2516 2518/2518/2518 2496/2496/2496
f 2518/2518/2518 2516/2516/2516 2517/2517/2517
f 2518/2518/2518 2498/2498/2498 2496/2496/2496
f 2510/2510/2510 2519/2519/2519 2513/2513/2513
f 2507/2507/2507 2519/2519/2519 2510/2510/2510
f 2519/2519/2519 2507/2507/2507 2520/2520/2520
f 2521/2521/2521 2519/2519/2519 2520/2520/2520
f 2519/2519/2519 2522/2522/2522 2513/2513/2513
f 2522/2522/2522 2519/2519/2519 2521/2521/2521
f 2523/2523/2523 2522/2522/2522 2521/2521/2521
f 2524/2524/2524 2520/2520/2520 2507/2507/2507
f 2509/2509/2509 2524/2524/2524 2507/2507/2507
f 2527/2527/2527 2526/2526/2526 2525/2525/2525
f 2525/2525/2525 2526/2526/2526 2528/2528/2528
f 2529/2529/2529 2525/2525/2525 2528/2528/2528
f 2530/2530/2530 2528/2528/2528 2526/2526/2526
f 2531/2531/2531 2530/2530/2530 2526/2526/2526
f 2531/2531/2531 2526/2526/2526 2527/2527/2527
f 2527/2527/2527 2532/2532/2532 2531/2531/2531
f 2531/2531/2531 2532/2532/2532 2530/2530/2530
f 2532/2532/2532 2533/2533/2533 2530/2530/2530
f 2534/2534/2534 2533/2533/2533 2532/2532/2532
f 2535/2535/2535 2534/2534/2534 2532/2532/2532
f 2535/2535/2535 2532/2532/2532 2527/2527/2527
f 2536/2536/2536 2528/2528/2528 2530/2530/2530
f 2529/2529/2529 2528/2528/2528 2536/2536/2536
f 2537/2537/2537 2536/2536/2536 2530/2530/2530
f 2530/2530/2530 2533/2533/2533 2537/2537/2537
f 2533/2533/2533 2538/2538/2538 2537/2537/2537
f 2538/2538/2538 2533/2533/2533 2534/2534/2534
f 2537/2537/2537 2538/2538/2538 2539/2539/2539
f 2536/2536/2536 2537/2537/2537 2539/2539/2539
f 2540/2540/2540 2538/2538/2538 2534/2534/2534
f 2538/2538/2538 2540/2540/2540 2539/2539/2539
f 2540/2540/2540 2534/2534/2534 2541/2541/2541
f 2541/2541/2541 2534/2534/2534 2535/2535/2535
f 2542/2542/2542 2540/2540/2540 2541/2541/2541
f 2543/2543/2543 2529/2529/2529 2536/2536/2536
f 2543/2543/2543 2536/2536/2536 2539/2539/2539
f 2542/2542/2542 2541/2541/2541 2544/2544/2544
f 2541/2541/2541 2545/2545/2545 2544/2544/2544
f 2544/2544/2544 2545/2545/2545 2546/2546/2546
f 2547/2547/2547 2544/2544/2544 2546/2546/2546
f 2545/2545/2545 2548/2548/2548 2546/2546/2546
f 2548/2548/2548 2545/2545/2545 2541/2541/2541
f 2535/2535/2535 2548/2548/2548 2541/2541/2541
f 2535/2535/2535 2527/2527/2527 2548/2548/2548
f 2548/2548/2548 2527/2527/2527 2549/2549/2549
f 2548/2548/2548 2549/2549/2549 2546/2546/2546
f 2552/2552/2552 2551/2551/2551 2550/2550/2550
f 2553/2553/2553 2551/2551/2551 2552/2552/2552
f 2553/2553/2553 2554/2554/2554 2551/2551/2551
f 2554/2554/2554 2553/2553/2553 2555/2555/2555
f 2553/2553/2553 2556/2556/2556 2555/2555/2555
f 2556/2556/2556 2478/2478/2478 2555/2555/2555
f 2555/2555/2555 2478/2478/2478 2557/2557/2557
f 2558/2558/2558 2557/2557/2557 2478/2478/2478
f 2558/2558/2558 2478/2478/2478 2477/2477/2477
f 2477/2477/2477 2559/2559/2559 2558/2558/2558
f 2558/2558/2558 2559/2559/2559 2560/2560/2560
f 2561/2561/2561 2558/2558/2558 2560/2560/2560
f 2561/2561/2561 2560/2560/2560 2562/2562/2562
f 2563/2563/2563 2561/2561/2561 2562/2562/2562
f 2563/2563/2563 2562/2562/2562 2564/2564/2564
f 2565/2565/2565 2563/2563/2563 2564/2564/2564
f 2565/2565/2565 2564/2564/2564 2566/2566/2566
f 2564/2564/2564 2567/2567/2567 2566/2566/2566
f 2566/2566/2566 2567/2567/2567 2568/2568/2568
f 2567/2567/2567 2569/2569/2569 2568/2568/2568
f 2488/2488/2488 2569/2569/2569 2567/2567/2567
f 2570/2570/2570 2488/2488/2488 2567/2567/2567
f 2564/2564/2564 2562/2562/2562 2570/2570/2570
f 2567/2567/2567 2564/2564/2564 2570/2570/2570
f 2562/2562/2562 2560/2560/2560 2570/2570/2570
f 2488/2488/2488 2487/2487/2487 2569/2569/2569
f 2487/2487/2487 2490/2490/2490 2569/2569/2569
f 2569/2569/2569 2490/2490/2490 2571/2571/2571
f 2568/2568/2568 2569/2569/2569 2571/2571/2571
f 2571/2571/2571 2490/2490/2490 2491/2491/2491
f 2572/2572/2572 2571/2571/2571 2491/2491/2491
f 2572/2572/2572 2491/2491/2491 2573/2573/2573
f 2491/2491/2491 2493/2493/2493 2573/2573/2573
f 2573/2573/2573 2493/2493/2493 2574/2574/2574
f 2493/2493/2493 2499/2499/2499 2574/2574/2574
f 2574/2574/2574 2499/2499/2499 2494/2494/2494
f 2497/2497/2497 2574/2574/2574 2494/2494/2494
f 2560/2560/2560 2575/2575/2575 2570/2570/2570
f 2560/2560/2560 2559/2559/2559 2575/2575/2575
f 2559/2559/2559 2576/2576/2576 2575/2575/2575
f 2576/2576/2576 2559/2559/2559 2480/2480/2480
f 2559/2559/2559 2477/2477/2477 2480/2480/2480
f 2579/2579/2579 2578/2578/2578 2577/2577/2577
f 2580/2580/2580 2579/2579/2579 2577/2577/2577
f 2581/2581/2581 2580/2580/2580 2577/2577/2577
f 2578/2578/2578 2579/2579/2579 2582/2582/2582
f 2579/2579/2579 2583/2583/2583 2582/2582/2582
f 2584/2584/2584 2583/2583/2583 2579/2579/2579
f 2583/2583/2583 2584/2584/2584 2585/2585/2585
f 2582/2582/2582 2583/2583/2583 2585/2585/2585
f 2586/2586/2586 2584/2584/2584 2579/2579/2579
f 2586/2586/2586 2579/2579/2579 2580/2580/2580
f 2584/2584/2584 2586/2586/2586 2587/2587/2587
f 2584/2584/2584 2587/2587/2587 2585/2585/2585
f 2586/2586/2586 2588/2588/2588 2587/2587/2587
f 2588/2588/2588 2586/2586/2586 2589/2589/2589
f 2589/2589/2589 2586/2586/2586 2580/2580/2580
f 2589/2589/2589 2580/2580/2580 2581/2581/2581
f 2590/2590/2590 2588/2588/2588 2589/2589/2589
f 2590/2590/2590 2589/2589/2589 2581/2581/2581
f 2585/2585/2585 2587/2587/2587 2591/2591/2591
f 2587/2587/2587 2588/2588/2588 2592/2592/2592
f 2591/2591/2591 2587/2587/2587 2592/2592/2592
f 2592/2592/2592 2588/2588/2588 2590/2590/2590
f 2593/2593/2593 2592/2592/2592 2590/2590/2590
f 2593/2593/2593 2590/2590/2590 2581/2581/2581
f 2593/2593/2593 2581/2581/2581 2594/2594/2594
f 2594/2594/2594 2581/2581/2581 2595/2595/2595
f 2594/2594/2594 2595/2595/2595 2596/2596/2596
f 2597/2597/2597 2594/2594/2594 2596/2596/2596
f 2593/2593/2593 2594/2594/2594 2597/2597/2597
f 2592/2592/2592 2593/2593/2593 2597/2597/2597
f 2591/2591/2591 2592/2592/2592 2597/2597/2597
f 2598/2598/2598 2591/2591/2591 2597/2597/2597
f 2598/2598/2598 2597/2597/2597 2596/2596/2596
f 2599/2599/2599 2598/2598/2598 2596/2596/2596
f 2554/2554/2554 2601/2601/2601 2600/2600/2600
f 2602/2602/2602 2554/2554/2554 2600/2600/2600
f 2603/2603/2603 2602/2602/2602 2600/2600/2600
f 2604/2604/2604 2603/2603/2603 2600/2600/2600
f 2603/2603/2603 2604/2604/2604 2605/2605/2605
f 2606/2606/2606 2603/2603/2603 2605/2605/2605
f 2606/2606/2606 2605/2605/2605 2607/2607/2607
f 2603/2603/2603 2606/2606/2606 2608/2608/2608
f 2603/2603/2603 2608/2608/2608 2609/2609/2609
f 2602/2602/2602 2603/2603/2603 2609/2609/2609
f 2602/2602/2602 2609/2609/2609 2554/2554/2554
f 2609/2609/2609 2610/2610/2610 2554/2554/2554
f 2554/2554/2554 2610/2610/2610 2551/2551/2551
f 2601/2601/2601 2554/2554/2554 2555/2555/2555
f 2613/2613/2613 2612/2612/2612 2611/2611/2611
f 2614/2614/2614 2613/2613/2613 2611/2611/2611
f 2611/2611/2611 2612/2612/2612 2615/2615/2615
f 2615/2615/2615 2612/2612/2612 2616/2616/2616
f 2613/2613/2613 2614/2614/2614 2617/2617/2617
f 2614/2614/2614 2618/2618/2618 2617/2617/2617
f 2617/2617/2617 2618/2618/2618 2619/2619/2619
f 2618/2618/2618 2620/2620/2620 2619/2619/2619
f 2621/2621/2621 2619/2619/2619 2620/2620/2620
f 2622/2622/2622 2621/2621/2621 2620/2620/2620
f 2623/2623/2623 2621/2621/2621 2622/2622/2622
f 2626/2626/2626 2625/2625/2625 2624/2624/2624
f 2624/2624/2624 2476/2476/2476 2626/2626/2626
f 2476/2476/2476 2478/2478/2478 2626/2626/2626
f 2476/2476/2476 2624/2624/2624 2508/2508/2508
f 2508/2508/2508 2624/2624/2624 2625/2625/2625
f 2475/2475/2475 2476/2476/2476 2508/2508/2508
f 2626/2626/2626 2478/2478/2478 2627/2627/2627
f 2627/2627/2627 2628/2628/2628 2626/2626/2626
f 2629/2629/2629 2628/2628/2628 2627/2627/2627
f 2630/2630/2630 2628/2628/2628 2629/2629/2629
f 2631/2631/2631 2629/2629/2629 2627/2627/2627
f 2631/2631/2631 2627/2627/2627 2556/2556/2556
f 2627/2627/2627 2478/2478/2478 2556/2556/2556
f 2631/2631/2631 2556/2556/2556 2632/2632/2632
f 2632/2632/2632 2556/2556/2556 2553/2553/2553
f 2633/2633/2633 2632/2632/2632 2553/2553/2553
f 2636/2636/2636 2635/2635/2635 2634/2634/2634
f 2636/2636/2636 2634/2634/2634 2637/2637/2637
f 2638/2638/2638 2636/2636/2636 2637/2637/2637
f 2638/2638/2638 2637/2637/2637 2639/2639/2639
f 2640/2640/2640 2638/2638/2638 2639/2639/2639
f 2640/2640/2640 2639/2639/2639 2641/2641/2641
f 2644/2644/2644 2643/2643/2643 2642/2642/2642
f 2645/2645/2645 2643/2643/2643 2644/2644/2644
f 2646/2646/2646 2645/2645/2645 2644/2644/2644
f 2647/2647/2647 2646/2646/2646 2644/2644/2644
f 2644/2644/2644 2648/2648/2648 2647/2647/2647
f 2649/2649/2649 2648/2648/2648 2644/2644/2644
f 2645/2645/2645 2646/2646/2646 2650/2650/2650
f 2646/2646/2646 2651/2651/2651 2650/2650/2650
f 2646/2646/2646 2647/2647/2647 2651/2651/2651
f 2652/2652/2652 2650/2650/2650 2651/2651/2651
f 2652/2652/2652 2653/2653/2653 2650/2650/2650
f 2653/2653/2653 2654/2654/2654 2650/2650/2650
f 2645/2645/2645 2650/2650/2650 2654/2654/2654
f 2643/2643/2643 2645/2645/2645 2654/2654/2654
f 2653/2653/2653 2655/2655/2655 2654/2654/2654
f 2655/2655/2655 2656/2656/2656 2654/2654/2654
f 2643/2643/2643 2654/2654/2654 2656/2656/2656
f 2642/2642/2642 2643/2643/2643 2656/2656/2656
f 2657/2657/2657 2652/2652/2652 2651/2651/2651
f 2657/2657/2657 2651/2651/2651 2658/2658/2658
f 2647/2647/2647 2658/2658/2658 2651/2651/2651
f 2647/2647/2647 2648/2648/2648 2658/2658/2658
f 2659/2659/2659 2657/2657/2657 2658/2658/2658
f 2659/2659/2659 2658/2658/2658 2660/2660/2660
f 2648/2648/2648 2660/2660/2660 2658/2658/2658
f 2648/2648/2648 2649/2649/2649 2660/2660/2660
f 2661/2661/2661 2659/2659/2659 2660/2660/2660
f 2661/2661/2661 2660/2660/2660 2662/2662/2662
f 2649/2649/2649 2662/2662/2662 2660/2660/2660
f 2663/2663/2663 2661/2661/2661 2662/2662/2662
f 2664/2664/2664 2653/2653/2653 2652/2652/2652
f 2665/2665/2665 2664/2664/2664 2652/2652/2652
f 2665/2665/2665 2652/2652/2652 2657/2657/2657
f 2664/2664/2664 2665/2665/2665 2666/2666/2666
f 2667/2667/2667 2664/2664/2664 2666/2666/2666
f 2667/2667/2667 2655/2655/2655 2653/2653/2653
f 2664/2664/2664 2667/2667/2667 2653/2653/2653
f 2668/2668/2668 2667/2667/2667 2666/2666/2666
f 2665/2665/2665 2669/2669/2669 2666/2666/2666
f 2669/2669/2669 2670/2670/2670 2666/2666/2666
f 2670/2670/2670 2671/2671/2671 2666/2666/2666
f 2666/2666/2666 2671/2671/2671 2672/2672/2672
f 2668/2668/2668 2666/2666/2666 2672/2672/2672
f 2671/2671/2671 2673/2673/2673 2672/2672/2672
f 2671/2671/2671 2670/2670/2670 2674/2674/2674
f 2673/2673/2673 2671/2671/2671 2674/2674/2674
f 2669/2669/2669 2665/2665/2665 2675/2675/2675
f 2676/2676/2676 2669/2669/2669 2675/2675/2675
f 2677/2677/2677 2676/2676/2676 2675/2675/2675
f 2677/2677/2677 2678/2678/2678 2676/2676/2676
f 2679/2679/2679 2678/2678/2678 2674/2674/2674
f 2678/2678/2678 2679/2679/2679 2676/2676/2676
f 2679/2679/2679 2670/2670/2670 2669/2669/2669
f 2676/2676/2676 2679/2679/2679 2669/2669/2669
f 2670/2670/2670 2679/2679/2679 2674/2674/2674
f 2680/2680/2680 2677/2677/2677 2675/2675/2675
f 2680/2680/2680 2681/2681/2681 2677/2677/2677
f 2681/2681/2681 2682/2682/2682 2677/2677/2677
f 2678/2678/2678 2677/2677/2677 2682/2682/2682
f 2681/2681/2681 2683/2683/2683 2682/2682/2682
f 2683/2683/2683 2684/2684/2684 2682/2682/2682
f 2685/2685/2685 2678/2678/2678 2682/2682/2682
f 2682/2682/2682 2684/2684/2684 2686/2686/2686
f 2685/2685/2685 2682/2682/2682 2686/2686/2686
f 2683/2683/2683 2681/2681/2681 2663/2663/2663
f 2681/2681/2681 2661/2661/2661 2663/2663/2663
f 2681/2681/2681 2680/2680/2680 2661/2661/2661
f 2680/2680/2680 2659/2659/2659 2661/2661/2661
f 2680/2680/2680 2675/2675/2675 2659/2659/2659
f 2675/2675/2675 2657/2657/2657 2659/2659/2659
f 2675/2675/2675 2665/2665/2665 2657/2657/2657
f 2689/2689/2689 2688/2688/2688 2687/2687/2687
f 2690/2690/2690 2689/2689/2689 2687/2687/2687
f 2688/2688/2688 2691/2691/2691 2687/2687/2687
f 2691/2691/2691 2692/2692/2692 2687/2687/2687
f 2692/2692/2692 2691/2691/2691 2693/2693/2693
f 2694/2694/2694 2692/2692/2692 2693/2693/2693
f 2688/2688/2688 2695/2695/2695 2691/2691/2691
f 2695/2695/2695 2688/2688/2688 2689/2689/2689
f 2695/2695/2695 2696/2696/2696 2691/2691/2691
f 2693/2693/2693 2691/2691/2691 2696/2696/2696
f 2697/2697/2697 2695/2695/2695 2689/2689/2689
f 2698/2698/2698 2693/2693/2693 2696/2696/2696
f 2699/2699/2699 2697/2697/2697 2689/2689/2689
f 2699/2699/2699 2700/2700/2700 2697/2697/2697
f 2700/2700/2700 2699/2699/2699 2701/2701/2701
f 2701/2701/2701 2699/2699/2699 2702/2702/2702
f 2699/2699/2699 2703/2703/2703 2702/2702/2702
f 2703/2703/2703 2699/2699/2699 2689/2689/2689
f 2702/2702/2702 2703/2703/2703 2704/2704/2704
f 2689/2689/2689 2690/2690/2690 2704/2704/2704
f 2703/2703/2703 2689/2689/2689 2704/2704/2704
f 2705/2705/2705 2702/2702/2702 2704/2704/2704
f 2706/2706/2706 2702/2702/2702 2705/2705/2705
f 2701/2701/2701 2702/2702/2702 2706/2706/2706
f 2707/2707/2707 2701/2701/2701 2706/2706/2706
f 2707/2707/2707 2700/2700/2700 2701/2701/2701
f 2700/2700/2700 2708/2708/2708 2697/2697/2697
f 2693/2693/2693 2698/2698/2698 2709/2709/2709
f 2694/2694/2694 2693/2693/2693 2709/2709/2709
f 2712/2712/2712 2711/2711/2711 2710/2710/2710
f 2711/2711/2711 2712/2712/2712 2713/2713/2713
f 2714/2714/2714 2711/2711/2711 2713/2713/2713
f 2713/2713/2713 2712/2712/2712 2715/2715/2715
f 2712/2712/2712 2716/2716/2716 2715/2715/2715
f 2716/2716/2716 2712/2712/2712 2710/2710/2710
f 2715/2715/2715 2716/2716/2716 2717/2717/2717
f 2716/2716/2716 2718/2718/2718 2717/2717/2717
f 2710/2710/2710 2718/2718/2718 2716/2716/2716
f 2719/2719/2719 2718/2718/2718 2710/2710/2710
f 2720/2720/2720 2719/2719/2719 2710/2710/2710
f 2721/2721/2721 2720/2720/2720 2710/2710/2710
f 2721/2721/2721 2722/2722/2722 2720/2720/2720
f 2722/2722/2722 2723/2723/2723 2720/2720/2720
f 2720/2720/2720 2723/2723/2723 2719/2719/2719
f 2723/2723/2723 2724/2724/2724 2719/2719/2719
f 2718/2718/2718 2719/2719/2719 2724/2724/2724
f 2717/2717/2717 2718/2718/2718 2724/2724/2724
f 2725/2725/2725 2715/2715/2715 2717/2717/2717
f 2726/2726/2726 2725/2725/2725 2717/2717/2717
f 2726/2726/2726 2717/2717/2717 2724/2724/2724
f 2725/2725/2725 2726/2726/2726 2727/2727/2727
f 2726/2726/2726 2728/2728/2728 2727/2727/2727
f 2725/2725/2725 2727/2727/2727 2729/2729/2729
f 2725/2725/2725 2729/2729/2729 2715/2715/2715
f 2727/2727/2727 2730/2730/2730 2729/2729/2729
f 2727/2727/2727 2731/2731/2731 2730/2730/2730
f 2727/2727/2727 2728/2728/2728 2731/2731/2731
f 2731/2731/2731 2728/2728/2728 2732/2732/2732
f 2728/2728/2728 2726/2726/2726 2732/2732/2732
f 2726/2726/2726 2733/2733/2733 2732/2732/2732
f 2733/2733/2733 2726/2726/2726 2724/2724/2724
f 2733/2733/2733 2724/2724/2724 2723/2723/2723
f 2729/2729/2729 2730/2730/2730 2734/2734/2734
f 2730/2730/2730 2735/2735/2735 2734/2734/2734
f 2731/2731/2731 2735/2735/2735 2730/2730/2730
f 2736/2736/2736 2733/2733/2733 2723/2723/2723
f 2736/2736/2736 2723/2723/2723 2722/2722/2722
f 2737/2737/2737 2733/2733/2733 2736/2736/2736
f 2738/2738/2738 2737/2737/2737 2736/2736/2736
f 2738/2738/2738 2736/2736/2736 2739/2739/2739
f 2739/2739/2739 2736/2736/2736 2722/2722/2722
f 2729/2729/2729 2734/2734/2734 2713/2713/2713
f 2734/2734/2734 2714/2714/2714 2713/2713/2713
f 2729/2729/2729 2713/2713/2713 2715/2715/2715
f 2742/2742/2742 2741/2741/2741 2740/2740/2740
f 2742/2742/2742 2740/2740/2740 2743/2743/2743
f 2744/2744/2744 2742/2742/2742 2743/2743/2743
f 2744/2744/2744 2743/2743/2743 2745/2745/2745
f 2746/2746/2746 2744/2744/2744 2745/2745/2745
f 2746/2746/2746 2745/2745/2745 2747/2747/2747
f 2748/2748/2748 2746/2746/2746 2747/2747/2747
f 2745/2745/2745 2743/2743/2743 2749/2749/2749
f 2750/2750/2750 2745/2745/2745 2749/2749/2749
f 2750/2750/2750 2749/2749/2749 2751/2751/2751
f 2752/2752/2752 2750/2750/2750 2751/2751/2751
f 2745/2745/2745 2750/2750/2750 2752/2752/2752
f 2747/2747/2747 2745/2745/2745 2752/2752/2752
f 2753/2753/2753 2742/2742/2742 2744/2744/2744
f 2753/2753/2753 2741/2741/2741 2742/2742/2742
f 2741/2741/2741 2753/2753/2753 2754/2754/2754
f 2754/2754/2754 2753/2753/2753 2755/2755/2755
f 2755/2755/2755 2753/2753/2753 2756/2756/2756
f 2756/2756/2756 2753/2753/2753 2757/2757/2757
f 2757/2757/2757 2753/2753/2753 2744/2744/2744
f 2757/2757/2757 2744/2744/2744 2746/2746/2746
f 2758/2758/2758 2756/2756/2756 2757/2757/2757
f 2759/2759/2759 2758/2758/2758 2757/2757/2757
f 2759/2759/2759 2757/2757/2757 2746/2746/2746
f 2759/2759/2759 2746/2746/2746 2748/2748/2748
f 2758/2758/2758 2759/2759/2759 2760/2760/2760
f 2760/2760/2760 2759/2759/2759 2748/2748/2748
f 2761/2761/2761 2758/2758/2758 2760/2760/2760
f 2756/2756/2756 2758/2758/2758 2762/2762/2762
f 2762/2762/2762 2758/2758/2758 2761/2761/2761
f 2763/2763/2763 2756/2756/2756 2762/2762/2762
f 2755/2755/2755 2756/2756/2756 2763/2763/2763
f 2764/2764/2764 2762/2762/2762 2761/2761/2761
f 2765/2765/2765 2754/2754/2754 2755/2755/2755
f 2765/2765/2765 2766/2766/2766 2754/2754/2754
f 2765/2765/2765 2755/2755/2755 2767/2767/2767
f 2768/2768/2768 2755/2755/2755 2763/2763/2763
f 2755/2755/2755 2768/2768/2768 2767/2767/2767
f 2767/2767/2767 2768/2768/2768 2769/2769/2769
f 2770/2770/2770 2741/2741/2741 2754/2754/2754
f 2773/2773/2773 2772/2772/2772 2771/2771/2771
f 2772/2772/2772 2774/2774/2774 2771/2771/2771
f 2772/2772/2772 2775/2775/2775 2774/2774/2774
f 2418/2418/2418 2772/2772/2772 2773/2773/2773
f 2418/2418/2418 2417/2417/2417 2772/2772/2772
f 2417/2417/2417 2776/2776/2776 2772/2772/2772
f 2772/2772/2772 2776/2776/2776 2775/2775/2775
f 2417/2417/2417 2415/2415/2415 2776/2776/2776
f 2415/2415/2415 2777/2777/2777 2776/2776/2776
f 2776/2776/2776 2777/2777/2777 2778/2778/2778
f 2776/2776/2776 2778/2778/2778 2775/2775/2775
f 2419/2419/2419 2418/2418/2418 2773/2773/2773
f 2415/2415/2415 2416/2416/2416 2777/2777/2777
f 2416/2416/2416 2779/2779/2779 2777/2777/2777
f 2777/2777/2777 2779/2779/2779 2780/2780/2780
f 2777/2777/2777 2780/2780/2780 2778/2778/2778
f 2778/2778/2778 2780/2780/2780 2781/2781/2781
f 2782/2782/2782 2778/2778/2778 2781/2781/2781
f 2775/2775/2775 2778/2778/2778 2782/2782/2782
f 2780/2780/2780 2783/2783/2783 2781/2781/2781
f 2773/2773/2773 2771/2771/2771 2784/2784/2784
f 2787/2787/2787 2786/2786/2786 2785/2785/2785
f 2788/2788/2788 2787/2787/2787 2785/2785/2785
f 2785/2785/2785 2786/2786/2786 2789/2789/2789
f 2786/2786/2786 2790/2790/2790 2789/2789/2789
f 2789/2789/2789 2790/2790/2790 2791/2791/2791
f 2790/2790/2790 2792/2792/2792 2791/2791/2791
f 2791/2791/2791 2792/2792/2792 2793/2793/2793
f 2792/2792/2792 2794/2794/2794 2793/2793/2793
f 2788/2788/2788 2785/2785/2785 2795/2795/2795
f 2796/2796/2796 2788/2788/2788 2795/2795/2795
f 2785/2785/2785 2789/2789/2789 2797/2797/2797
f 2795/2795/2795 2785/2785/2785 2797/2797/2797
f 2789/2789/2789 2791/2791/2791 2798/2798/2798
f 2797/2797/2797 2789/2789/2789 2798/2798/2798
f 2791/2791/2791 2793/2793/2793 2799/2799/2799
f 2798/2798/2798 2791/2791/2791 2799/2799/2799
f 2787/2787/2787 2800/2800/2800 2786/2786/2786
f 2800/2800/2800 2801/2801/2801 2786/2786/2786
f 2786/2786/2786 2801/2801/2801 2790/2790/2790
f 2800/2800/2800 2802/2802/2802 2801/2801/2801
f 2802/2802/2802 2803/2803/2803 2801/2801/2801
f 2801/2801/2801 2803/2803/2803 2804/2804/2804
f 2801/2801/2801 2804/2804/2804 2805/2805/2805
f 2801/2801/2801 2805/2805/2805 2790/2790/2790
f 2790/2790/2790 2805/2805/2805 2792/2792/2792
f 2804/2804/2804 2806/2806/2806 2805/2805/2805
f 2805/2805/2805 2806/2806/2806 2807/2807/2807
f 2805/2805/2805 2807/2807/2807 2792/2792/2792
f 2792/2792/2792 2807/2807/2807 2794/2794/2794
f 2806/2806/2806 2808/2808/2808 2807/2807/2807
f 2808/2808/2808 2809/2809/2809 2807/2807/2807
f 2807/2807/2807 2809/2809/2809 2810/2810/2810
f 2809/2809/2809 2811/2811/2811 2810/2810/2810
f 2803/2803/2803 2812/2812/2812 2804/2804/2804
f 2806/2806/2806 2813/2813/2813 2808/2808/2808
f 2808/2808/2808 2814/2814/2814 2809/2809/2809
f 2809/2809/2809 2815/2815/2815 2811/2811/2811
f 2815/2815/2815 2816/2816/2816 2811/2811/2811
f 2817/2817/2817 2814/2814/2814 2808/2808/2808
f 2813/2813/2813 2817/2817/2817 2808/2808/2808
f 2818/2818/2818 2803/2803/2803 2802/2802/2802
f 2803/2803/2803 2818/2818/2818 2812/2812/2812
f 2817/2817/2817 2819/2819/2819 2814/2814/2814
f 2817/2817/2817 2813/2813/2813 2819/2819/2819
f 2815/2815/2815 2820/2820/2820 2816/2816/2816
f 2812/2812/2812 2818/2818/2818 2821/2821/2821
f 2822/2822/2822 2812/2812/2812 2821/2821/2821
f 2812/2812/2812 2822/2822/2822 2804/2804/2804
f 2822/2822/2822 2823/2823/2823 2804/2804/2804
f 2823/2823/2823 2824/2824/2824 2813/2813/2813
f 2823/2823/2823 2822/2822/2822 2824/2824/2824
f 2823/2823/2823 2806/2806/2806 2804/2804/2804
f 2823/2823/2823 2813/2813/2813 2806/2806/2806
f 2826/2826/2826 2825/2825/2825 2818/2818/2818
f 2827/2827/2827 2826/2826/2826 2818/2818/2818
f 2802/2802/2802 2827/2827/2827 2818/2818/2818
f 2800/2800/2800 2827/2827/2827 2802/2802/2802
f 2829/2829/2829 2828/2828/2828 2815/2815/2815
f 2829/2829/2829 2814/2814/2814 2828/2828/2828
f 2829/2829/2829 2815/2815/2815 2809/2809/2809
f 2814/2814/2814 2829/2829/2829 2809/2809/2809
f 2807/2807/2807 2810/2810/2810 2794/2794/2794
f 2832/2832/2832 2831/2831/2831 2830/2830/2830
f 2832/2832/2832 2830/2830/2830 2833/2833/2833
f 2834/2834/2834 2832/2832/2832 2833/2833/2833
f 2834/2834/2834 2835/2835/2835 2832/2832/2832
f 2836/2836/2836 2834/2834/2834 2833/2833/2833
f 2836/2836/2836 2837/2837/2837 2834/2834/2834
f 2838/2838/2838 2836/2836/2836 2833/2833/2833
f 2838/2838/2838 2839/2839/2839 2836/2836/2836
f 2838/2838/2838 2833/2833/2833 2840/2840/2840
f 2830/2830/2830 2841/2841/2841 2833/2833/2833
f 2830/2830/2830 2842/2842/2842 2841/2841/2841
f 2838/2838/2838 2840/2840/2840 2843/2843/2843
f 2831/2831/2831 2832/2832/2832 2844/2844/2844
f 2845/2845/2845 2831/2831/2831 2844/2844/2844
f 2830/2830/2830 2831/2831/2831 2845/2845/2845
f 2846/2846/2846 2830/2830/2830 2845/2845/2845
f 2837/2837/2837 2836/2836/2836 2847/2847/2847
f 2848/2848/2848 2837/2837/2837 2847/2847/2847
f 2834/2834/2834 2837/2837/2837 2848/2848/2848
f 2849/2849/2849 2834/2834/2834 2848/2848/2848
f 2835/2835/2835 2834/2834/2834 2849/2849/2849
f 2842/2842/2842 2830/2830/2830 2846/2846/2846
f 2850/2850/2850 2842/2842/2842 2846/2846/2846
f 2839/2839/2839 2838/2838/2838 2851/2851/2851
f 2852/2852/2852 2839/2839/2839 2851/2851/2851
f 2836/2836/2836 2839/2839/2839 2852/2852/2852
f 2847/2847/2847 2836/2836/2836 2852/2852/2852
f 2853/2853/2853 2835/2835/2835 2849/2849/2849
f 2832/2832/2832 2835/2835/2835 2853/2853/2853
f 2844/2844/2844 2832/2832/2832 2853/2853/2853
f 2838/2838/2838 2843/2843/2843 2854/2854/2854
f 2851/2851/2851 2838/2838/2838 2854/2854/2854
f 2857/2857/2857 2856/2856/2856 2855/2855/2855
f 2855/2855/2855 2856/2856/2856 2858/2858/2858
f 2858/2858/2858 2856/2856/2856 2859/2859/2859
f 2858/2858/2858 2859/2859/2859 2860/2860/2860
f 2859/2859/2859 2861/2861/2861 2860/2860/2860
f 2860/2860/2860 2861/2861/2861 2862/2862/2862
f 2861/2861/2861 2863/2863/2863 2862/2862/2862
f 2862/2862/2862 2863/2863/2863 2864/2864/2864
f 2863/2863/2863 2865/2865/2865 2864/2864/2864
f 2864/2864/2864 2865/2865/2865 2866/2866/2866
f 2865/2865/2865 2867/2867/2867 2866/2866/2866
f 2864/2864/2864 2866/2866/2866 2868/2868/2868
f 2862/2862/2862 2864/2864/2864 2868/2868/2868
f 2866/2866/2866 2869/2869/2869 2868/2868/2868
f 2869/2869/2869 2870/2870/2870 2868/2868/2868
f 2871/2871/2871 2868/2868/2868 2870/2870/2870
f 2872/2872/2872 2871/2871/2871 2870/2870/2870
f 2871/2871/2871 2872/2872/2872 2873/2873/2873
f 2871/2871/2871 2873/2873/2873 2874/2874/2874
f 2873/2873/2873 2875/2875/2875 2874/2874/2874
f 2873/2873/2873 2876/2876/2876 2875/2875/2875
f 2876/2876/2876 2877/2877/2877 2875/2875/2875
f 2872/2872/2872 2878/2878/2878 2873/2873/2873
f 2871/2871/2871 2874/2874/2874 2879/2879/2879
f 2868/2868/2868 2871/2871/2871 2879/2879/2879
f 2868/2868/2868 2879/2879/2879 2880/2880/2880
f 2881/2881/2881 2868/2868/2868 2880/2880/2880
f 2881/2881/2881 2880/2880/2880 2882/2882/2882
f 2883/2883/2883 2881/2881/2881 2882/2882/2882
f 2883/2883/2883 2882/2882/2882 2884/2884/2884
f 2885/2885/2885 2883/2883/2883 2884/2884/2884
f 2885/2885/2885 2884/2884/2884 2886/2886/2886
f 2855/2855/2855 2885/2885/2885 2886/2886/2886
f 2855/2855/2855 2886/2886/2886 2887/2887/2887
f 2886/2886/2886 2888/2888/2888 2887/2887/2887
f 2883/2883/2883 2860/2860/2860 2881/2881/2881
f 2860/2860/2860 2862/2862/2862 2881/2881/2881
f 2881/2881/2881 2862/2862/2862 2868/2868/2868
f 2858/2858/2858 2860/2860/2860 2883/2883/2883
f 2885/2885/2885 2858/2858/2858 2883/2883/2883
f 2855/2855/2855 2858/2858/2858 2885/2885/2885
f 2882/2882/2882 2889/2889/2889 2884/2884/2884
f 2886/2886/2886 2884/2884/2884 2889/2889/2889
f 2890/2890/2890 2889/2889/2889 2882/2882/2882
f 2880/2880/2880 2890/2890/2890 2882/2882/2882
f 2890/2890/2890 2891/2891/2891 2889/2889/2889
f 2891/2891/2891 2892/2892/2892 2889/2889/2889
f 2893/2893/2893 2891/2891/2891 2890/2890/2890
f 2894/2894/2894 2893/2893/2893 2890/2890/2890
f 2894/2894/2894 2895/2895/2895 2893/2893/2893
f 2895/2895/2895 2896/2896/2896 2893/2893/2893
f 2894/2894/2894 2890/2890/2890 2879/2879/2879
f 2879/2879/2879 2890/2890/2890 2880/2880/2880
f 2874/2874/2874 2894/2894/2894 2879/2879/2879
f 2895/2895/2895 2894/2894/2894 2874/2874/2874
f 2875/2875/2875 2895/2895/2895 2874/2874/2874
f 2897/2897/2897 2895/2895/2895 2875/2875/2875
f 2895/2895/2895 2897/2897/2897 2896/2896/2896
f 2877/2877/2877 2897/2897/2897 2875/2875/2875
f 2898/2898/2898 2889/2889/2889 2892/2892/2892
f 2898/2898/2898 2886/2886/2886 2889/2889/2889
f 2886/2886/2886 2898/2898/2898 2899/2899/2899
f 2898/2898/2898 2900/2900/2900 2899/2899/2899
f 2901/2901/2901 2898/2898/2898 2892/2892/2892
f 2898/2898/2898 2901/2901/2901 2900/2900/2900
f 2901/2901/2901 2902/2902/2902 2900/2900/2900
f 2899/2899/2899 2903/2903/2903 2886/2886/2886
f 2903/2903/2903 2888/2888/2888 2886/2886/2886
f 2906/2906/2906 2905/2905/2905 2904/2904/2904
f 2906/2906/2906 2904/2904/2904 2907/2907/2907
f 2904/2904/2904 2908/2908/2908 2907/2907/2907
f 2907/2907/2907 2909/2909/2909 2906/2906/2906
f 2909/2909/2909 2910/2910/2910 2906/2906/2906
f 2906/2906/2906 2910/2910/2910 2905/2905/2905
f 2911/2911/2911 2905/2905/2905 2910/2910/2910
f 2911/2911/2911 2910/2910/2910 2909/2909/2909
f 2912/2912/2912 2911/2911/2911 2909/2909/2909
f 2912/2912/2912 2913/2913/2913 2911/2911/2911
f 2913/2913/2913 2914/2914/2914 2911/2911/2911
f 2911/2911/2911 2914/2914/2914 2905/2905/2905
f 2907/2907/2907 2915/2915/2915 2909/2909/2909
f 2907/2907/2907 2908/2908/2908 2915/2915/2915
f 2915/2915/2915 2916/2916/2916 2909/2909/2909
f 2912/2912/2912 2909/2909/2909 2916/2916/2916
f 2917/2917/2917 2912/2912/2912 2916/2916/2916
f 2912/2912/2912 2917/2917/2917 2913/2913/2913
f 2917/2917/2917 2916/2916/2916 2918/2918/2918
f 2916/2916/2916 2915/2915/2915 2918/2918/2918
f 2917/2917/2917 2919/2919/2919 2913/2913/2913
f 2919/2919/2919 2917/2917/2917 2918/2918/2918
f 2913/2913/2913 2919/2919/2919 2920/2920/2920
f 2913/2913/2913 2920/2920/2920 2914/2914/2914
f 2919/2919/2919 2921/2921/2921 2920/2920/2920
f 2908/2908/2908 2922/2922/2922 2915/2915/2915
f 2915/2915/2915 2922/2922/2922 2918/2918/2918
f 2920/2920/2920 2921/2921/2921 2923/2923/2923
f 2924/2924/2924 2920/2920/2920 2923/2923/2923
f 2924/2924/2924 2923/2923/2923 2925/2925/2925
f 2923/2923/2923 2926/2926/2926 2925/2925/2925
f 2927/2927/2927 2924/2924/2924 2925/2925/2925
f 2927/2927/2927 2914/2914/2914 2920/2920/2920
f 2924/2924/2924 2927/2927/2927 2920/2920/2920
f 2905/2905/2905 2914/2914/2914 2927/2927/2927
f 2905/2905/2905 2927/2927/2927 2928/2928/2928
f 2928/2928/2928 2927/2927/2927 2925/2925/2925
f 2931/2931/2931 2930/2930/2930 2929/2929/2929
f 2931/2931/2931 2932/2932/2932 2930/2930/2930
f 2933/2933/2933 2932/2932/2932 2931/2931/2931
f 2934/2934/2934 2933/2933/2933 2931/2931/2931
f 2935/2935/2935 2933/2933/2933 2934/2934/2934
f 2933/2933/2933 2935/2935/2935 2936/2936/2936
f 2937/2937/2937 2933/2933/2933 2936/2936/2936
f 2938/2938/2938 2935/2935/2935 2934/2934/2934
f 2935/2935/2935 2939/2939/2939 2936/2936/2936
f 2939/2939/2939 2935/2935/2935 2938/2938/2938
f 2939/2939/2939 2940/2940/2940 2936/2936/2936
f 2940/2940/2940 2939/2939/2939 2941/2941/2941
f 2939/2939/2939 2942/2942/2942 2941/2941/2941
f 2943/2943/2943 2941/2941/2941 2942/2942/2942
f 2944/2944/2944 2939/2939/2939 2938/2938/2938
f 2942/2942/2942 2939/2939/2939 2944/2944/2944
f 2932/2932/2932 2933/2933/2933 2945/2945/2945
f 2933/2933/2933 2937/2937/2937 2945/2945/2945
f 2946/2946/2946 2932/2932/2932 2945/2945/2945
f 2947/2947/2947 2946/2946/2946 2945/2945/2945
f 2947/2947/2947 2945/2945/2945 2948/2948/2948
f 2948/2948/2948 2949/2949/2949 2947/2947/2947
f 2947/2947/2947 2949/2949/2949 2856/2856/2856
f 2950/2950/2950 2856/2856/2856 2949/2949/2949
f 2950/2950/2950 2949/2949/2949 2951/2951/2951
f 2949/2949/2949 2952/2952/2952 2951/2951/2951
f 2951/2951/2951 2952/2952/2952 2953/2953/2953
f 2952/2952/2952 2954/2954/2954 2953/2953/2953
f 2953/2953/2953 2954/2954/2954 2955/2955/2955
f 2954/2954/2954 2956/2956/2956 2955/2955/2955
f 2955/2955/2955 2956/2956/2956 2957/2957/2957
f 2958/2958/2958 2955/2955/2955 2957/2957/2957
f 2958/2958/2958 2957/2957/2957 2959/2959/2959
f 2960/2960/2960 2958/2958/2958 2959/2959/2959
f 2960/2960/2960 2867/2867/2867 2958/2958/2958
f 2867/2867/2867 2961/2961/2961 2958/2958/2958
f 2955/2955/2955 2958/2958/2958 2961/2961/2961
f 2953/2953/2953 2955/2955/2955 2961/2961/2961
f 2951/2951/2951 2953/2953/2953 2961/2961/2961
f 2866/2866/2866 2867/2867/2867 2960/2960/2960
f 2869/2869/2869 2866/2866/2866 2960/2960/2960
f 2960/2960/2960 2959/2959/2959 2962/2962/2962
f 2869/2869/2869 2960/2960/2960 2962/2962/2962
f 2869/2869/2869 2962/2962/2962 2870/2870/2870
f 2962/2962/2962 2963/2963/2963 2870/2870/2870
f 2870/2870/2870 2963/2963/2963 2964/2964/2964
f 2872/2872/2872 2870/2870/2870 2964/2964/2964
f 2872/2872/2872 2964/2964/2964 2965/2965/2965
f 2878/2878/2878 2872/2872/2872 2965/2965/2965
f 2878/2878/2878 2965/2965/2965 2873/2873/2873
f 2965/2965/2965 2876/2876/2876 2873/2873/2873
f 2966/2966/2966 2951/2951/2951 2961/2961/2961
f 2950/2950/2950 2951/2951/2951 2966/2966/2966
f 2967/2967/2967 2950/2950/2950 2966/2966/2966
f 2950/2950/2950 2967/2967/2967 2859/2859/2859
f 2856/2856/2856 2950/2950/2950 2859/2859/2859
f 2857/2857/2857 2947/2947/2947 2856/2856/2856
f 2947/2947/2947 2857/2857/2857 2968/2968/2968
f 2857/2857/2857 2969/2969/2969 2968/2968/2968
f 2970/2970/2970 2968/2968/2968 2969/2969/2969
f 2969/2969/2969 2857/2857/2857 2887/2887/2887
f 2969/2969/2969 2887/2887/2887 2970/2970/2970
f 2857/2857/2857 2855/2855/2855 2887/2887/2887
f 2947/2947/2947 2968/2968/2968 2971/2971/2971
f 2972/2972/2972 2971/2971/2971 2968/2968/2968
f 2972/2972/2972 2973/2973/2973 2971/2971/2971
f 2972/2972/2972 2974/2974/2974 2973/2973/2973
f 2973/2973/2973 2975/2975/2975 2971/2971/2971
f 2971/2971/2971 2975/2975/2975 2946/2946/2946
f 2947/2947/2947 2971/2971/2971 2946/2946/2946
f 2946/2946/2946 2975/2975/2975 2976/2976/2976
f 2946/2946/2946 2976/2976/2976 2932/2932/2932
f 2976/2976/2976 2977/2977/2977 2932/2932/2932
f 2980/2980/2980 2979/2979/2979 2978/2978/2978
f 2981/2981/2981 2980/2980/2980 2978/2978/2978
f 2979/2979/2979 2982/2982/2982 2978/2978/2978
f 2980/2980/2980 2981/2981/2981 2983/2983/2983
f 2984/2984/2984 2980/2980/2980 2983/2983/2983
f 2984/2984/2984 2985/2985/2985 2980/2980/2980
f 2985/2985/2985 2984/2984/2984 2986/2986/2986
f 2984/2984/2984 2983/2983/2983 2986/2986/2986
f 2985/2985/2985 2987/2987/2987 2980/2980/2980
f 2980/2980/2980 2987/2987/2987 2979/2979/2979
f 2987/2987/2987 2985/2985/2985 2988/2988/2988
f 2988/2988/2988 2985/2985/2985 2986/2986/2986
f 2989/2989/2989 2987/2987/2987 2988/2988/2988
f 2987/2987/2987 2989/2989/2989 2990/2990/2990
f 2987/2987/2987 2990/2990/2990 2979/2979/2979
f 2979/2979/2979 2990/2990/2990 2982/2982/2982
f 2989/2989/2989 2991/2991/2991 2990/2990/2990
f 2990/2990/2990 2991/2991/2991 2982/2982/2982
f 2988/2988/2988 2986/2986/2986 2992/2992/2992
f 2988/2988/2988 2992/2992/2992 2993/2993/2993
f 2989/2989/2989 2988/2988/2988 2993/2993/2993
f 2989/2989/2989 2993/2993/2993 2991/2991/2991
f 2993/2993/2993 2994/2994/2994 2991/2991/2991
f 2991/2991/2991 2994/2994/2994 2982/2982/2982
f 2982/2982/2982 2994/2994/2994 2995/2995/2995
f 2982/2982/2982 2995/2995/2995 2996/2996/2996
f 2996/2996/2996 2995/2995/2995 2997/2997/2997
f 2995/2995/2995 2998/2998/2998 2997/2997/2997
f 2994/2994/2994 2993/2993/2993 2998/2998/2998
f 2995/2995/2995 2994/2994/2994 2998/2998/2998
f 2993/2993/2993 2992/2992/2992 2998/2998/2998
f 2992/2992/2992 2999/2999/2999 2998/2998/2998
f 2998/2998/2998 2999/2999/2999 2997/2997/2997
f 2999/2999/2999 3000/3000/3000 2997/2997/2997
f 3003/3003/3003 3002/3002/3002 3001/3001/3001
f 3004/3004/3004 3003/3003/3003 3001/3001/3001
f 3005/3005/3005 3003/3003/3003 3004/3004/3004
f 3006/3006/3006 3005/3005/3005 3004/3004/3004
f 3001/3001/3001 3002/3002/3002 3007/3007/3007
f 3008/3008/3008 3005/3005/3005 3006/3006/3006
f 3011/3011/3011 3010/3010/3010 3009/3009/3009
f 3012/3012/3012 3011/3011/3011 3009/3009/3009
f 3012/3012/3012 3009/3009/3009 3013/3013/3013
f 3012/3012/3012 3013/3013/3013 3014/3014/3014
f 3010/3010/3010 3011/3011/3011 3015/3015/3015
f 3016/3016/3016 3010/3010/3010 3015/3015/3015
f 3016/3016/3016 3015/3015/3015 3017/3017/3017
f 3018/3018/3018 3016/3016/3016 3017/3017/3017
f 3017/3017/3017 3019/3019/3019 3018/3018/3018
f 3019/3019/3019 3020/3020/3020 3018/3018/3018
f 3019/3019/3019 3021/3021/3021 3020/3020/3020
f 3024/3024/3024 3023/3023/3023 3022/3022/3022
f 3024/3024/3024 3022/3022/3022 3025/3025/3025
f 3026/3026/3026 3024/3024/3024 3025/3025/3025
f 3025/3025/3025 3027/3027/3027 3026/3026/3026
f 3027/3027/3027 3028/3028/3028 3026/3026/3026
f 3027/3027/3027 3029/3029/3029 3028/3028/3028
f 3029/3029/3029 3030/3030/3030 3028/3028/3028
f 3029/3029/3029 3031/3031/3031 3030/3030/3030
f 3031/3031/3031 3032/3032/3032 3030/3030/3030
f 3032/3032/3032 3033/3033/3033 3030/3030/3030
f 3034/3034/3034 3033/3033/3033 3032/3032/3032
f 3035/3035/3035 3034/3034/3034 3032/3032/3032
f 3035/3035/3035 3032/3032/3032 3036/3036/3036
f 3032/3032/3032 3031/3031/3031 3036/3036/3036
f 3037/3037/3037 3035/3035/3035 3036/3036/3036
f 3034/3034/3034 3035/3035/3035 3038/3038/3038
f 3035/3035/3035 3037/3037/3037 3038/3038/3038
f 3033/3033/3033 3039/3039/3039 3030/3030/3030
f 3030/3030/3030 3039/3039/3039 3040/3040/3040
f 3028/3028/3028 3030/3030/3030 3040/3040/3040
f 3040/3040/3040 3039/3039/3039 3041/3041/3041
f 3039/3039/3039 3042/3042/3042 3041/3041/3041
f 3041/3041/3041 3042/3042/3042 3043/3043/3043
f 3041/3041/3041 3043/3043/3043 3044/3044/3044
f 3045/3045/3045 3041/3041/3041 3044/3044/3044
f 3040/3040/3040 3041/3041/3041 3045/3045/3045
f 3042/3042/3042 3046/3046/3046 3043/3043/3043
f 3046/3046/3046 3042/3042/3042 3047/3047/3047
f 3039/3039/3039 3033/3033/3033 3047/3047/3047
f 3042/3042/3042 3039/3039/3039 3047/3047/3047
f 3048/3048/3048 3046/3046/3046 3047/3047/3047
f 3049/3049/3049 3048/3048/3048 3047/3047/3047
f 3049/3049/3049 3050/3050/3050 3038/3038/3038
f 3050/3050/3050 3049/3049/3049 3047/3047/3047
f 3050/3050/3050 3047/3047/3047 3033/3033/3033
f 3034/3034/3034 3050/3050/3050 3033/3033/3033
f 3050/3050/3050 3034/3034/3034 3038/3038/3038
f 3048/3048/3048 3051/3051/3051 3046/3046/3046
f 3048/3048/3048 3049/3049/3049 3051/3051/3051
f 3051/3051/3051 3052/3052/3052 3046/3046/3046
f 3046/3046/3046 3052/3052/3052 3053/3053/3053
f 3043/3043/3043 3046/3046/3046 3053/3053/3053
f 3043/3043/3043 3053/3053/3053 3054/3054/3054
f 3044/3044/3044 3043/3043/3043 3054/3054/3054
f 3051/3051/3051 3055/3055/3055 3052/3052/3052
f 3055/3055/3055 3056/3056/3056 3052/3052/3052
f 3052/3052/3052 3056/3056/3056 3057/3057/3057
f 3053/3053/3053 3052/3052/3052 3057/3057/3057
f 3053/3053/3053 3057/3057/3057 3058/3058/3058
f 3054/3054/3054 3053/3053/3053 3058/3058/3058
f 3049/3049/3049 3059/3059/3059 3051/3051/3051
f 3051/3051/3051 3059/3059/3059 3060/3060/3060
f 3055/3055/3055 3051/3051/3051 3060/3060/3060
f 3058/3058/3058 3061/3061/3061 3054/3054/3054
f 3061/3061/3061 3062/3062/3062 3054/3054/3054
f 3062/3062/3062 3061/3061/3061 3023/3023/3023
f 3062/3062/3062 3023/3023/3023 3063/3063/3063
f 3062/3062/3062 3063/3063/3063 3044/3044/3044
f 3054/3054/3054 3062/3062/3062 3044/3044/3044
f 3044/3044/3044 3063/3063/3063 3045/3045/3045
f 3063/3063/3063 3064/3064/3064 3045/3045/3045
f 3064/3064/3064 3063/3063/3063 3023/3023/3023
f 3065/3065/3065 3064/3064/3064 3023/3023/3023
f 3064/3064/3064 3065/3065/3065 3066/3066/3066
f 3045/3045/3045 3064/3064/3064 3066/3066/3066
f 3066/3066/3066 3040/3040/3040 3045/3045/3045
f 3028/3028/3028 3040/3040/3040 3066/3066/3066
f 3026/3026/3026 3028/3028/3028 3066/3066/3066
f 3066/3066/3066 3065/3065/3065 3026/3026/3026
f 3065/3065/3065 3024/3024/3024 3026/3026/3026
f 3024/3024/3024 3065/3065/3065 3023/3023/3023
f 3069/3069/3069 3068/3068/3068 3067/3067/3067
f 3070/3070/3070 3069/3069/3069 3067/3067/3067
f 3069/3069/3069 3070/3070/3070 3071/3071/3071
f 3072/3072/3072 3069/3069/3069 3071/3071/3071
f 3068/3068/3068 3073/3073/3073 3067/3067/3067
f 3073/3073/3073 3074/3074/3074 3067/3067/3067
f 3073/3073/3073 3075/3075/3075 3074/3074/3074
f 3076/3076/3076 3072/3072/3072 3071/3071/3071
f 3077/3077/3077 3076/3076/3076 3071/3071/3071
f 3076/3076/3076 3077/3077/3077 3078/3078/3078
f 3077/3077/3077 3079/3079/3079 3078/3078/3078
f 3080/3080/3080 3072/3072/3072 3076/3076/3076
f 3072/3072/3072 3080/3080/3080 3069/3069/3069
f 3081/3081/3081 3080/3080/3080 3076/3076/3076
f 3076/3076/3076 3078/3078/3078 3081/3081/3081
f 3080/3080/3080 3082/3082/3082 3069/3069/3069
f 3083/3083/3083 3068/3068/3068 3069/3069/3069
f 3082/3082/3082 3083/3083/3083 3069/3069/3069
f 3068/3068/3068 3083/3083/3083 3073/3073/3073
f 3083/3083/3083 3084/3084/3084 3073/3073/3073
f 3073/3073/3073 3084/3084/3084 3075/3075/3075
f 3078/3078/3078 3085/3085/3085 3081/3081/3081
f 3084/3084/3084 3086/3086/3086 3075/3075/3075
f 3087/3087/3087 3086/3086/3086 3084/3084/3084
f 3083/3083/3083 3087/3087/3087 3084/3084/3084
f 3087/3087/3087 3083/3083/3083 3082/3082/3082
f 3088/3088/3088 3087/3087/3087 3082/3082/3082
f 3085/3085/3085 3078/3078/3078 3089/3089/3089
f 3078/3078/3078 3079/3079/3079 3089/3089/3089
f 3092/3092/3092 3091/3091/3091 3090/3090/3090
f 3091/3091/3091 3092/3092/3092 3093/3093/3093
f 3092/3092/3092 3094/3094/3094 3093/3093/3093
f 3094/3094/3094 3095/3095/3095 3093/3093/3093
f 3095/3095/3095 3096/3096/3096 3093/3093/3093
f 3093/3093/3093 3096/3096/3096 3097/3097/3097
f 3091/3091/3091 3093/3093/3093 3097/3097/3097
f 3096/3096/3096 3098/3098/3098 3097/3097/3097
f 3097/3097/3097 3098/3098/3098 3099/3099/3099
f 3098/3098/3098 3100/3100/3100 3099/3099/3099
f 3100/3100/3100 3098/3098/3098 3101/3101/3101
f 3101/3101/3101 3098/3098/3098 3096/3096/3096
f 3102/3102/3102 3100/3100/3100 3101/3101/3101
f 3103/3103/3103 3097/3097/3097 3099/3099/3099
f 3103/3103/3103 3091/3091/3091 3097/3097/3097
f 3091/3091/3091 3103/3103/3103 3090/3090/3090
f 3104/3104/3104 3103/3103/3103 3099/3099/3099
f 3104/3104/3104 3090/3090/3090 3103/3103/3103
f 3104/3104/3104 3105/3105/3105 3090/3090/3090
f 3105/3105/3105 3106/3106/3106 3090/3090/3090
f 3107/3107/3107 3106/3106/3106 3105/3105/3105
f 3107/3107/3107 3108/3108/3108 3106/3106/3106
f 3108/3108/3108 3109/3109/3109 3106/3106/3106
f 3106/3106/3106 3109/3109/3109 3090/3090/3090
f 3107/3107/3107 3110/3110/3110 3108/3108/3108
f 3110/3110/3110 3111/3111/3111 3108/3108/3108
f 3112/3112/3112 3107/3107/3107 3105/3105/3105
f 3099/3099/3099 3100/3100/3100 3112/3112/3112
f 3104/3104/3104 3099/3099/3099 3112/3112/3112
f 3105/3105/3105 3104/3104/3104 3112/3112/3112
f 3113/3113/3113 3110/3110/3110 3107/3107/3107
f 3112/3112/3112 3113/3113/3113 3107/3107/3107
f 3100/3100/3100 3113/3113/3113 3112/3112/3112
f 3100/3100/3100 3102/3102/3102 3114/3114/3114
f 3113/3113/3113 3100/3100/3100 3114/3114/3114
f 3102/3102/3102 3115/3115/3115 3114/3114/3114
f 3102/3102/3102 3101/3101/3101 3115/3115/3115
f 3115/3115/3115 3101/3101/3101 3116/3116/3116
f 3116/3116/3116 3101/3101/3101 3096/3096/3096
f 3116/3116/3116 3096/3096/3096 3095/3095/3095
f 3117/3117/3117 3116/3116/3116 3095/3095/3095
f 3117/3117/3117 3115/3115/3115 3116/3116/3116
f 3113/3113/3113 3118/3118/3118 3110/3110/3110
f 3118/3118/3118 3119/3119/3119 3110/3110/3110
f 3110/3110/3110 3119/3119/3119 3111/3111/3111
f 3122/3122/3122 3121/3121/3121 3120/3120/3120
f 3120/3120/3120 3121/3121/3121 3123/3123/3123
f 3121/3121/3121 3124/3124/3124 3123/3123/3123
f 3123/3123/3123 3124/3124/3124 3125/3125/3125
f 3124/3124/3124 3126/3126/3126 3125/3125/3125
f 3125/3125/3125 3126/3126/3126 3127/3127/3127
f 3126/3126/3126 3128/3128/3128 3127/3127/3127
f 3123/3123/3123 3125/3125/3125 3129/3129/3129
f 3125/3125/3125 3130/3130/3130 3129/3129/3129
f 3129/3129/3129 3130/3130/3130 3131/3131/3131
f 3130/3130/3130 3132/3132/3132 3131/3131/3131
f 3125/3125/3125 3127/3127/3127 3132/3132/3132
f 3130/3130/3130 3125/3125/3125 3132/3132/3132
f 3121/3121/3121 3133/3133/3133 3124/3124/3124
f 3122/3122/3122 3133/3133/3133 3121/3121/3121
f 3133/3133/3133 3122/3122/3122 3134/3134/3134
f 3133/3133/3133 3134/3134/3134 3135/3135/3135
f 3133/3133/3133 3135/3135/3135 3136/3136/3136
f 3133/3133/3133 3136/3136/3136 3137/3137/3137
f 3133/3133/3133 3137/3137/3137 3124/3124/3124
f 3124/3124/3124 3137/3137/3137 3126/3126/3126
f 3136/3136/3136 3138/3138/3138 3137/3137/3137
f 3138/3138/3138 3139/3139/3139 3137/3137/3137
f 3137/3137/3137 3139/3139/3139 3126/3126/3126
f 3126/3126/3126 3139/3139/3139 3128/3128/3128
f 3139/3139/3139 3138/3138/3138 3140/3140/3140
f 3139/3139/3139 3140/3140/3140 3128/3128/3128
f 3138/3138/3138 3141/3141/3141 3140/3140/3140
f 3138/3138/3138 3136/3136/3136 3142/3142/3142
f 3138/3138/3138 3142/3142/3142 3141/3141/3141
f 3136/3136/3136 3143/3143/3143 3142/3142/3142
f 3136/3136/3136 3135/3135/3135 3143/3143/3143
f 3142/3142/3142 3144/3144/3144 3141/3141/3141
f 3134/3134/3134 3145/3145/3145 3135/3135/3135
f 3146/3146/3146 3145/3145/3145 3134/3134/3134
f 3135/3135/3135 3145/3145/3145 3147/3147/3147
f 3135/3135/3135 3148/3148/3148 3143/3143/3143
f 3148/3148/3148 3135/3135/3135 3147/3147/3147
f 3148/3148/3148 3147/3147/3147 3149/3149/3149
f 3122/3122/3122 3150/3150/3150 3134/3134/3134
f 3153/3153/3153 3152/3152/3152 3151/3151/3151
f 3153/3153/3153 3154/3154/3154 3152/3152/3152
f 3155/3155/3155 3154/3154/3154 3153/3153/3153
f 3156/3156/3156 3154/3154/3154 3155/3155/3155
f 3154/3154/3154 2798/2798/2798 3152/3152/3152
f 2797/2797/2797 2798/2798/2798 3154/3154/3154
f 3157/3157/3157 2797/2797/2797 3154/3154/3154
f 3156/3156/3156 3157/3157/3157 3154/3154/3154
f 3158/3158/3158 3157/3157/3157 3156/3156/3156
f 2795/2795/2795 2797/2797/2797 3157/3157/3157
f 3159/3159/3159 2795/2795/2795 3157/3157/3157
f 3158/3158/3158 3159/3159/3159 3157/3157/3157
f 3160/3160/3160 3159/3159/3159 3158/3158/3158
f 2798/2798/2798 2799/2799/2799 3152/3152/3152
f 2796/2796/2796 2795/2795/2795 3159/3159/3159
f 3161/3161/3161 2796/2796/2796 3159/3159/3159
f 3160/3160/3160 3161/3161/3161 3159/3159/3159
f 3160/3160/3160 3158/3158/3158 3162/3162/3162
f 3158/3158/3158 3163/3163/3163 3162/3162/3162
f 3158/3158/3158 3156/3156/3156 3163/3163/3163
f 3164/3164/3164 3160/3160/3160 3162/3162/3162
g Body_1
f 3167/3167/3167 3166/3166/3166 3165/3165/3165
f 3167/3167/3167 3168/3168/3168 3166/3166/3166
f 3167/3167/3167 3165/3165/3165 3169/3169/3169
f 3170/3170/3170 3167/3167/3167 3169/3169/3169
f 3170/3170/3170 3169/3169/3169 3171/3171/3171
f 3172/3172/3172 3170/3170/3170 3171/3171/3171
f 3172/3172/3172 3171/3171/3171 3173/3173/3173
f 3171/3171/3171 3174/3174/3174 3173/3173/3173
f 3173/3173/3173 3174/3174/3174 3175/3175/3175
f 3176/3176/3176 3173/3173/3173 3175/3175/3175
f 3176/3176/3176 3175/3175/3175 3177/3177/3177
f 3176/3176/3176 3177/3177/3177 3178/3178/3178
f 3179/3179/3179 3173/3173/3173 3176/3176/3176
f 3178/3178/3178 3179/3179/3179 3176/3176/3176
f 3172/3172/3172 3173/3173/3173 3179/3179/3179
f 3180/3180/3180 3172/3172/3172 3179/3179/3179
f 3172/3172/3172 3180/3180/3180 3170/3170/3170
f 3180/3180/3180 3181/3181/3181 3170/3170/3170
f 3181/3181/3181 3168/3168/3168 3167/3167/3167
f 3170/3170/3170 3181/3181/3181 3167/3167/3167
f 3184/3184/3184 3183/3183/3183 3182/3182/3182
f 3184/3184/3184 3185/3185/3185 3183/3183/3183
f 3185/3185/3185 3184/3184/3184 3186/3186/3186
f 3187/3187/3187 3185/3185/3185 3186/3186/3186
f 3187/3187/3187 3186/3186/3186 3188/3188/3188
f 3189/3189/3189 3187/3187/3187 3188/3188/3188
f 3188/3188/3188 3190/3190/3190 3189/3189/3189
f 3188/3188/3188 3191/3191/3191 3190/3190/3190
f 3188/3188/3188 3186/3186/3186 3191/3191/3191
f 3184/3184/3184 3182/3182/3182 3192/3192/3192
f 3186/3186/3186 3184/3184/3184 3192/3192/3192
f 3186/3186/3186 3192/3192/3192 3191/3191/3191
f 3195/3195/3195 3194/3194/3194 3193/3193/3193
f 3195/3195/3195 3196/3196/3196 3194/3194/3194
f 3195/3195/3195 3197/3197/3197 3196/3196/3196
f 3195/3195/3195 3193/3193/3193 3197/3197/3197
f 3200/3200/3200 3199/3199/3199 3198/3198/3198
f 3200/3200/3200 3201/3201/3201 3199/3199/3199
f 3201/3201/3201 3200/3200/3200 3202/3202/3202
f 3203/3203/3203 3201/3201/3201 3202/3202/3202
f 3203/3203/3203 3202/3202/3202 3204/3204/3204
f 3205/3205/3205 3203/3203/3203 3204/3204/3204
f 3204/3204/3204 3206/3206/3206 3205/3205/3205
f 3204/3204/3204 3207/3207/3207 3206/3206/3206
f 3204/3204/3204 3202/3202/3202 3207/3207/3207
f 3200/3200/3200 3198/3198/3198 3208/3208/3208
f 3202/3202/3202 3200/3200/3200 3208/3208/3208
f 3202/3202/3202 3208/3208/3208 3207/3207/3207
f 3211/3211/3211 3210/3210/3210 3209/3209/3209
f 3211/3211/3211 3212/3212/3212 3210/3210/3210
f 3210/3210/3210 3212/3212/3212 3213/3213/3213
f 3212/3212/3212 3214/3214/3214 3213/3213/3213
f 3213/3213/3213 3214/3214/3214 3215/3215/3215
f 3214/3214/3214 3216/3216/3216 3215/3215/3215
f 3215/3215/3215 3216/3216/3216 3217/3217/3217
f 3218/3218/3218 3215/3215/3215 3217/3217/3217
f 3218/3218/3218 3217/3217/3217 3219/3219/3219
f 3217/3217/3217 3220/3220/3220 3219/3219/3219
f 3219/3219/3219 3220/3220/3220 3221/3221/3221
f 3219/3219/3219 3221/3221/3221 3222/3222/3222
f 3218/3218/3218 3219/3219/3219 3222/3222/3222
f 3223/3223/3223 3218/3218/3218 3222/3222/3222
f 3218/3218/3218 3223/3223/3223 3215/3215/3215
f 3223/3223/3223 3224/3224/3224 3215/3215/3215
f 3213/3213/3213 3215/3215/3215 3224/3224/3224
f 3225/3225/3225 3213/3213/3213 3224/3224/3224
f 3210/3210/3210 3213/3213/3213 3225/3225/3225
f 3209/3209/3209 3210/3210/3210 3225/3225/3225
f 3228/3228/3228 3227/3227/3227 3226/3226/3226
f 3228/3228/3228 3229/3229/3229 3227/3227/3227
f 3226/3226/3226 3227/3227/3227 3230/3230/3230
f 3227/3227/3227 3231/3231/3231 3230/3230/3230
f 3227/3227/3227 3229/3229/3229 3231/3231/3231
f 3230/3230/3230 3231/3231/3231 3232/3232/3232
f 3231/3231/3231 3233/3233/3233 3232/3232/3232
f 3233/3233/3233 3234/3234/3234 3232/3232/3232
f 3233/3233/3233 3235/3235/3235 3234/3234/3234
f 3229/3229/3229 3236/3236/3236 3231/3231/3231
f 3236/3236/3236 3235/3235/3235 3233/3233/3233
f 3231/3231/3231 3236/3236/3236 3233/3233/3233
f 3239/3239/3239 3238/3238/3238 3237/3237/3237
f 3239/3239/3239 3240/3240/3240 3238/3238/3238
f 3238/3238/3238 3241/3241/3241 3237/3237/3237
f 3238/3238/3238 3240/3240/3240 3241/3241/3241
f 3244/3244/3244 3243/3243/3243 3242/3242/3242
f 3244/3244/3244 3245/3245/3245 3243/3243/3243
f 3242/3242/3242 3243/3243/3243 3246/3246/3246
f 3243/3243/3243 3247/3247/3247 3246/3246/3246
f 3243/3243/3243 3245/3245/3245 3247/3247/3247
f 3246/3246/3246 3247/3247/3247 3248/3248/3248
f 3247/3247/3247 3249/3249/3249 3248/3248/3248
f 3249/3249/3249 3250/3250/3250 3248/3248/3248
f 3249/3249/3249 3251/3251/3251 3250/3250/3250
f 3245/3245/3245 3252/3252/3252 3247/3247/3247
f 3252/3252/3252 3251/3251/3251 3249/3249/3249
f 3247/3247/3247 3252/3252/3252 3249/3249/3249
f 3255/3255/3255 3254/3254/3254 3253/3253/3253
f 3255/3255/3255 3256/3256/3256 3254/3254/3254
f 3254/3254/3254 3256/3256/3256 3257/3257/3257
f 3256/3256/3256 3258/3258/3258 3257/3257/3257
f 3257/3257/3257 3258/3258/3258 3259/3259/3259
f 3258/3258/3258 3260/3260/3260 3259/3259/3259
f 3259/3259/3259 3260/3260/3260 3261/3261/3261
f 3262/3262/3262 3259/3259/3259 3261/3261/3261
f 3262/3262/3262 3261/3261/3261 3263/3263/3263
f 3261/3261/3261 3264/3264/3264 3263/3263/3263
f 3263/3263/3263 3264/3264/3264 3265/3265/3265
f 3263/3263/3263 3265/3265/3265 3266/3266/3266
f 3262/3262/3262 3263/3263/3263 3266/3266/3266
f 3267/3267/3267 3262/3262/3262 3266/3266/3266
f 3262/3262/3262 3267/3267/3267 3259/3259/3259
f 3267/3267/3267 3268/3268/3268 3259/3259/3259
f 3257/3257/3257 3259/3259/3259 3268/3268/3268
f 3269/3269/3269 3257/3257/3257 3268/3268/3268
f 3254/3254/3254 3257/3257/3257 3269/3269/3269
f 3253/3253/3253 3254/3254/3254 3269/3269/3269
f 3272/3272/3272 3271/3271/3271 3270/3270/3270
f 3272/3272/3272 3273/3273/3273 3271/3271/3271
f 3270/3270/3270 3271/3271/3271 3274/3274/3274
f 3271/3271/3271 3275/3275/3275 3274/3274/3274
f 3271/3271/3271 3273/3273/3273 3275/3275/3275
f 3274/3274/3274 3275/3275/3275 3276/3276/3276
f 3275/3275/3275 3277/3277/3277 3276/3276/3276
f 3277/3277/3277 3278/3278/3278 3276/3276/3276
f 3277/3277/3277 3279/3279/3279 3278/3278/3278
f 3273/3273/3273 3280/3280/3280 3275/3275/3275
f 3280/3280/3280 3279/3279/3279 3277/3277/3277
f 3275/3275/3275 3280/3280/3280 3277/3277/3277
f 3283/3283/3283 3282/3282/3282 3281/3281/3281
f 3283/3283/3283 3284/3284/3284 3282/3282/3282
f 3282/3282/3282 3285/3285/3285 3281/3281/3281
f 3282/3282/3282 3284/3284/3284 3285/3285/3285
f 3288/3288/3288 3287/3287/3287 3286/3286/3286
f 3288/3288/3288 3289/3289/3289 3287/3287/3287
f 3286/3286/3286 3287/3287/3287 3290/3290/3290
f 3287/3287/3287 3291/3291/3291 3290/3290/3290
f 3287/3287/3287 3289/3289/3289 3291/3291/3291
f 3290/3290/3290 3291/3291/3291 3292/3292/3292
f 3291/3291/3291 3293/3293/3293 3292/3292/3292
f 3293/3293/3293 3294/3294/3294 3292/3292/3292
f 3293/3293/3293 3295/3295/3295 3294/3294/3294
f 3289/3289/3289 3296/3296/3296 3291/3291/3291
f 3296/3296/3296 3295/3295/3295 3293/3293/3293
f 3291/3291/3291 3296/3296/3296 3293/3293/3293
f 3299/3299/3299 3298/3298/3298 3297/3297/3297
f 3299/3299/3299 3300/3300/3300 3298/3298/3298
f 3299/3299/3299 3297/3297/3297 3301/3301/3301
f 3297/3297/3297 3302/3302/3302 3301/3301/3301
f 3301/3301/3301 3302/3302/3302 3303/3303/3303
f 3304/3304/3304 3301/3301/3301 3303/3303/3303
f 3303/3303/3303 3305/3305/3305 3304/3304/3304
f 3305/3305/3305 3306/3306/3306 3304/3304/3304
f 3306/3306/3306 3307/3307/3307 3304/3304/3304
f 3307/3307/3307 3308/3308/3308 3304/3304/3304
f 3308/3308/3308 3309/3309/3309 3304/3304/3304
f 3304/3304/3304 3309/3309/3309 3301/3301/3301
f 3309/3309/3309 3310/3310/3310 3301/3301/3301
f 3299/3299/3299 3301/3301/3301 3310/3310/3310
f 3300/3300/3300 3299/3299/3299 3310/3310/3310
f 3305/3305/3305 3311/3311/3311 3306/3306/3306
f 3312/3312/3312 3311/3311/3311 3305/3305/3305
f 3313/3313/3313 3311/3311/3311 3312/3312/3312
f 3311/3311/3311 3313/3313/3313 3314/3314/3314
f 3306/3306/3306 3311/3311/3311 3314/3314/3314
f 3306/3306/3306 3314/3314/3314 3315/3315/3315
f 3315/3315/3315 3307/3307/3307 3306/3306/3306
f 3315/3315/3315 3316/3316/3316 3307/3307/3307
f 3317/3317/3317 3316/3316/3316 3315/3315/3315
f 3317/3317/3317 3315/3315/3315 3314/3314/3314
f 3320/3320/3320 3319/3319/3319 3318/3318/3318
f 3321/3321/3321 3320/3320/3320 3318/3318/3318
f 3319/3319/3319 3322/3322/3322 3318/3318/3318
f 3322/3322/3322 3323/3323/3323 3318/3318/3318
f 3322/3322/3322 3324/3324/3324 3323/3323/3323
f 3324/3324/3324 3325/3325/3325 3323/3323/3323
f 3325/3325/3325 3324/3324/3324 3326/3326/3326
f 3326/3326/3326 3324/3324/3324 3327/3327/3327
f 3328/3328/3328 3320/3320/3320 3321/3321/3321
f 3329/3329/3329 3320/3320/3320 3328/3328/3328
f 3320/3320/3320 3329/3329/3329 3319/3319/3319
f 3329/3329/3329 3330/3330/3330 3319/3319/3319
f 3319/3319/3319 3330/3330/3330 3322/3322/3322
f 3330/3330/3330 3331/3331/3331 3322/3322/3322
f 3331/3331/3331 3327/3327/3327 3324/3324/3324
f 3322/3322/3322 3331/3331/3331 3324/3324/3324
f 3334/3334/3334 3333/3333/3333 3332/3332/3332
f 3333/3333/3333 3334/3334/3334 3335/3335/3335
f 3334/3334/3334 3336/3336/3336 3335/3335/3335
f 3336/3336/3336 3337/3337/3337 3335/3335/3335
f 3337/3337/3337 3336/3336/3336 3338/3338/3338
f 3339/3339/3339 3337/3337/3337 3338/3338/3338
f 3339/3339/3339 3338/3338/3338 3340/3340/3340
f 3341/3341/3341 3339/3339/3339 3340/3340/3340
f 3342/3342/3342 3341/3341/3341 3340/3340/3340
f 3343/3343/3343 3342/3342/3342 3340/3340/3340
f 3343/3343/3343 3344/3344/3344 3342/3342/3342
f 3344/3344/3344 3345/3345/3345 3342/3342/3342
f 3344/3344/3344 3346/3346/3346 3345/3345/3345
f 3346/3346/3346 3344/3344/3344 3347/3347/3347
f 3347/3347/3347 3344/3344/3344 3348/3348/3348
f 3349/3349/3349 3336/3336/3336 3334/3334/3334
f 3332/3332/3332 3349/3349/3349 3334/3334/3334
f 3336/3336/3336 3349/3349/3349 3350/3350/3350
f 3338/3338/3338 3336/3336/3336 3350/3350/3350
f 3338/3338/3338 3350/3350/3350 3351/3351/3351
f 3340/3340/3340 3338/3338/3338 3351/3351/3351
f 3343/3343/3343 3340/3340/3340 3351/3351/3351
f 3352/3352/3352 3343/3343/3343 3351/3351/3351
f 3352/3352/3352 3348/3348/3348 3344/3344/3344
f 3343/3343/3343 3352/3352/3352 3344/3344/3344
f 3355/3355/3355 3354/3354/3354 3353/3353/3353
f 3355/3355/3355 3356/3356/3356 3354/3354/3354
f 3357/3357/3357 3356/3356/3356 3355/3355/3355
f 3358/3358/3358 3357/3357/3357 3355/3355/3355
f 3358/3358/3358 3355/3355/3355 3353/3353/3353
f 3359/3359/3359 3357/3357/3357 3358/3358/3358
f 3360/3360/3360 3359/3359/3359 3358/3358/3358
f 3360/3360/3360 3361/3361/3361 3359/3359/3359
f 3361/3361/3361 3362/3362/3362 3359/3359/3359
f 3362/3362/3362 3361/3361/3361 3363/3363/3363
f 3363/3363/3363 3361/3361/3361 3364/3364/3364
f 3365/3365/3365 3358/3358/3358 3353/3353/3353
f 3360/3360/3360 3358/3358/3358 3365/3365/3365
f 3366/3366/3366 3360/3360/3360 3365/3365/3365
f 3366/3366/3366 3364/3364/3364 3361/3361/3361
f 3360/3360/3360 3366/3366/3366 3361/3361/3361
f 3369/3369/3369 3368/3368/3368 3367/3367/3367
f 3370/3370/3370 3368/3368/3368 3369/3369/3369
f 3368/3368/3368 3370/3370/3370 3371/3371/3371
f 3372/3372/3372 3368/3368/3368 3371/3371/3371
f 3372/3372/3372 3371/3371/3371 3373/3373/3373
f 3374/3374/3374 3372/3372/3372 3373/3373/3373
f 3374/3374/3374 3373/3373/3373 3375/3375/3375
f 3373/3373/3373 3376/3376/3376 3375/3375/3375
f 3376/3376/3376 3377/3377/3377 3375/3375/3375
f 3377/3377/3377 3378/3378/3378 3375/3375/3375
f 3378/3378/3378 3377/3377/3377 3379/3379/3379
f 3377/3377/3377 3380/3380/3380 3379/3379/3379
f 3379/3379/3379 3380/3380/3380 3381/3381/3381
f 3380/3380/3380 3382/3382/3382 3381/3381/3381
f 3383/3383/3383 3381/3381/3381 3382/3382/3382
f 3384/3384/3384 3381/3381/3381 3383/3383/3383
f 3379/3379/3379 3381/3381/3381 3384/3384/3384
f 3385/3385/3385 3379/3379/3379 3384/3384/3384
f 3378/3378/3378 3379/3379/3379 3385/3385/3385
f 3386/3386/3386 3378/3378/3378 3385/3385/3385
f 3378/3378/3378 3386/3386/3386 3387/3387/3387
f 3375/3375/3375 3378/3378/3378 3387/3387/3387
f 3374/3374/3374 3375/3375/3375 3387/3387/3387
f 3388/3388/3388 3374/3374/3374 3387/3387/3387
f 3374/3374/3374 3388/3388/3388 3372/3372/3372
f 3388/3388/3388 3389/3389/3389 3372/3372/3372
f 3372/3372/3372 3389/3389/3389 3368/3368/3368
f 3389/3389/3389 3367/3367/3367 3368/3368/3368
f 3392/3392/3392 3391/3391/3391 3390/3390/3390
f 3393/3393/3393 3392/3392/3392 3390/3390/3390
f 3394/3394/3394 3391/3391/3391 3392/3392/3392
f 3395/3395/3395 3394/3394/3394 3392/3392/3392
f 3394/3394/3394 3395/3395/3395 3396/3396/3396
f 3397/3397/3397 3394/3394/3394 3396/3396/3396
f 3397/3397/3397 3396/3396/3396 3398/3398/3398
f 3398/3398/3398 3396/3396/3396 3399/3399/3399
f 3396/3396/3396 3395/3395/3395 3399/3399/3399
f 3393/3393/3393 3390/3390/3390 3400/3400/3400
f 3393/3393/3393 3400/3400/3400 3401/3401/3401
f 3402/3402/3402 3392/3392/3392 3393/3393/3393
f 3401/3401/3401 3402/3402/3402 3393/3393/3393
f 3395/3395/3395 3392/3392/3392 3402/3402/3402
f 3403/3403/3403 3395/3395/3395 3402/3402/3402
f 3395/3395/3395 3403/3403/3403 3399/3399/3399
f 3406/3406/3406 3405/3405/3405 3404/3404/3404
f 3407/3407/3407 3405/3405/3405 3406/3406/3406
f 3405/3405/3405 3407/3407/3407 3408/3408/3408
f 3409/3409/3409 3405/3405/3405 3408/3408/3408
f 3409/3409/3409 3408/3408/3408 3410/3410/3410
f 3408/3408/3408 3411/3411/3411 3410/3410/3410
f 3411/3411/3411 3412/3412/3412 3410/3410/3410
f 3409/3409/3409 3410/3410/3410 3413/3413/3413
f 3414/3414/3414 3409/3409/3409 3413/3413/3413
f 3414/3414/3414 3404/3404/3404 3405/3405/3405
f 3409/3409/3409 3414/3414/3414 3405/3405/3405
f 3417/3417/3417 3416/3416/3416 3415/3415/3415
f 3418/3418/3418 3417/3417/3417 3415/3415/3415
f 3419/3419/3419 3418/3418/3418 3415/3415/3415
f 3420/3420/3420 3419/3419/3419 3415/3415/3415
f 3421/3421/3421 3419/3419/3419 3420/3420/3420
f 3422/3422/3422 3421/3421/3421 3420/3420/3420
f 3422/3422/3422 3423/3423/3423 3421/3421/3421
f 3424/3424/3424 3423/3423/3423 3422/3422/3422
f 3417/3417/3417 3425/3425/3425 3416/3416/3416
f 3416/3416/3416 3425/3425/3425 3426/3426/3426
f 3416/3416/3416 3426/3426/3426 3427/3427/3427
f 3415/3415/3415 3416/3416/3416 3427/3427/3427
f 3420/3420/3420 3415/3415/3415 3427/3427/3427
f 3428/3428/3428 3420/3420/3420 3427/3427/3427
f 3422/3422/3422 3420/3420/3420 3428/3428/3428
f 3424/3424/3424 3422/3422/3422 3428/3428/3428
f 3431/3431/3431 3430/3430/3430 3429/3429/3429
f 3432/3432/3432 3430/3430/3430 3431/3431/3431
f 3432/3432/3432 3431/3431/3431 3433/3433/3433
f 3431/3431/3431 3429/3429/3429 3434/3434/3434
f 3433/3433/3433 3431/3431/3431 3434/3434/3434
f 3434/3434/3434 3429/3429/3429 3435/3435/3435
f 3429/3429/3429 3436/3436/3436 3435/3435/3435
f 3434/3434/3434 3435/3435/3435 3437/3437/3437
f 3438/3438/3438 3434/3434/3434 3437/3437/3437
f 3433/3433/3433 3434/3434/3434 3439/3439/3439
f 3439/3439/3439 3434/3434/3434 3438/3438/3438
f 3440/3440/3440 3439/3439/3439 3438/3438/3438
f 3441/3441/3441 3439/3439/3439 3440/3440/3440
f 3439/3439/3439 3441/3441/3441 3433/3433/3433
f 3444/3444/3444 3443/3443/3443 3442/3442/3442
f 3443/3443/3443 3444/3444/3444 3445/3445/3445
f 3446/3446/3446 3442/3442/3442 3443/3443/3443
f 3447/3447/3447 3446/3446/3446 3443/3443/3443
f 3447/3447/3447 3443/3443/3443 3445/3445/3445
f 3446/3446/3446 3447/3447/3447 3448/3448/3448
f 3447/3447/3447 3449/3449/3449 3448/3448/3448
f 3448/3448/3448 3449/3449/3449 3450/3450/3450
f 3449/3449/3449 3451/3451/3451 3450/3450/3450
f 3451/3451/3451 3452/3452/3452 3450/3450/3450
f 3452/3452/3452 3453/3453/3453 3450/3450/3450
f 3454/3454/3454 3453/3453/3453 3452/3452/3452
f 3455/3455/3455 3454/3454/3454 3452/3452/3452
f 3456/3456/3456 3454/3454/3454 3455/3455/3455
f 3456/3456/3456 3455/3455/3455 3457/3457/3457
f 3457/3457/3457 3455/3455/3455 3458/3458/3458
f 3459/3459/3459 3447/3447/3447 3445/3445/3445
f 3447/3447/3447 3459/3459/3459 3449/3449/3449
f 3459/3459/3459 3460/3460/3460 3449/3449/3449
f 3449/3449/3449 3460/3460/3460 3451/3451/3451
f 3460/3460/3460 3461/3461/3461 3451/3451/3451
f 3451/3451/3451 3461/3461/3461 3452/3452/3452
f 3461/3461/3461 3462/3462/3462 3452/3452/3452
f 3455/3455/3455 3452/3452/3452 3462/3462/3462
f 3458/3458/3458 3455/3455/3455 3462/3462/3462
f 3465/3465/3465 3464/3464/3464 3463/3463/3463
f 3466/3466/3466 3464/3464/3464 3465/3465/3465
f 3464/3464/3464 3467/3467/3467 3463/3463/3463
f 3467/3467/3467 3468/3468/3468 3463/3463/3463
f 3467/3467/3467 3469/3469/3469 3468/3468/3468
f 3469/3469/3469 3470/3470/3470 3468/3468/3468
f 3471/3471/3471 3470/3470/3470 3469/3469/3469
f 3472/3472/3472 3471/3471/3471 3469/3469/3469
f 3472/3472/3472 3473/3473/3473 3471/3471/3471
f 3472/3472/3472 3474/3474/3474 3473/3473/3473
f 3475/3475/3475 3467/3467/3467 3464/3464/3464
f 3466/3466/3466 3475/3475/3475 3464/3464/3464
f 3467/3467/3467 3475/3475/3475 3469/3469/3469
f 3475/3475/3475 3476/3476/3476 3469/3469/3469
f 3472/3472/3472 3469/3469/3469 3476/3476/3476
f 3474/3474/3474 3472/3472/3472 3476/3476/3476
f 3479/3479/3479 3478/3478/3478 3477/3477/3477
f 3479/3479/3479 3480/3480/3480 3478/3478/3478
f 3479/3479/3479 3477/3477/3477 3481/3481/3481
f 3477/3477/3477 3482/3482/3482 3481/3481/3481
f 3481/3481/3481 3482/3482/3482 3483/3483/3483
f 3482/3482/3482 3484/3484/3484 3483/3483/3483
f 3483/3483/3483 3484/3484/3484 3485/3485/3485
f 3486/3486/3486 3483/3483/3483 3485/3485/3485
f 3487/3487/3487 3486/3486/3486 3485/3485/3485
f 3488/3488/3488 3487/3487/3487 3485/3485/3485
f 3487/3487/3487 3488/3488/3488 3489/3489/3489
f 3490/3490/3490 3487/3487/3487 3489/3489/3489
f 3490/3490/3490 3489/3489/3489 3491/3491/3491
f 3492/3492/3492 3490/3490/3490 3491/3491/3491
f 3492/3492/3492 3491/3491/3491 3493/3493/3493
f 3492/3492/3492 3493/3493/3493 3494/3494/3494
f 3495/3495/3495 3490/3490/3490 3492/3492/3492
f 3494/3494/3494 3495/3495/3495 3492/3492/3492
f 3490/3490/3490 3495/3495/3495 3487/3487/3487
f 3495/3495/3495 3496/3496/3496 3487/3487/3487
f 3487/3487/3487 3496/3496/3496 3486/3486/3486
f 3496/3496/3496 3497/3497/3497 3486/3486/3486
f 3486/3486/3486 3497/3497/3497 3483/3483/3483
f 3497/3497/3497 3498/3498/3498 3483/3483/3483
f 3481/3481/3481 3483/3483/3483 3498/3498/3498
f 3499/3499/3499 3481/3481/3481 3498/3498/3498
f 3479/3479/3479 3481/3481/3481 3499/3499/3499
f 3480/3480/3480 3479/3479/3479 3499/3499/3499
f 3502/3502/3502 3501/3501/3501 3500/3500/3500
f 3503/3503/3503 3502/3502/3502 3500/3500/3500
f 3503/3503/3503 3504/3504/3504 3502/3502/3502
f 3504/3504/3504 3505/3505/3505 3502/3502/3502
f 3505/3505/3505 3504/3504/3504 3506/3506/3506
f 3504/3504/3504 3507/3507/3507 3506/3506/3506
f 3507/3507/3507 3508/3508/3508 3506/3506/3506
f 3507/3507/3507 3509/3509/3509 3508/3508/3508
f 3510/3510/3510 3500/3500/3500 3501/3501/3501
f 3511/3511/3511 3500/3500/3500 3510/3510/3510
f 3503/3503/3503 3500/3500/3500 3511/3511/3511
f 3512/3512/3512 3503/3503/3503 3511/3511/3511
f 3503/3503/3503 3512/3512/3512 3504/3504/3504
f 3512/3512/3512 3513/3513/3513 3504/3504/3504
f 3513/3513/3513 3509/3509/3509 3507/3507/3507
f 3504/3504/3504 3513/3513/3513 3507/3507/3507
f 3516/3516/3516 3515/3515/3515 3514/3514/3514
f 3516/3516/3516 3517/3517/3517 3515/3515/3515
f 3514/3514/3514 3518/3518/3518 3516/3516/3516
f 3518/3518/3518 3519/3519/3519 3516/3516/3516
f 3516/3516/3516 3519/3519/3519 3517/3517/3517
f 3520/3520/3520 3519/3519/3519 3518/3518/3518
f 3521/3521/3521 3520/3520/3520 3518/3518/3518
f 3520/3520/3520 3521/3521/3521 3522/3522/3522
f 3521/3521/3521 3523/3523/3523 3522/3522/3522
f 3524/3524/3524 3522/3522/3522 3523/3523/3523
f 3525/3525/3525 3524/3524/3524 3523/3523/3523
f 3524/3524/3524 3525/3525/3525 3526/3526/3526
f 3525/3525/3525 3527/3527/3527 3526/3526/3526
f 3528/3528/3528 3526/3526/3526 3527/3527/3527
f 3529/3529/3529 3528/3528/3528 3527/3527/3527
f 3529/3529/3529 3530/3530/3530 3528/3528/3528
f 3528/3528/3528 3530/3530/3530 3531/3531/3531
f 3528/3528/3528 3531/3531/3531 3526/3526/3526
f 3531/3531/3531 3532/3532/3532 3526/3526/3526
f 3524/3524/3524 3526/3526/3526 3532/3532/3532
f 3533/3533/3533 3524/3524/3524 3532/3532/3532
f 3524/3524/3524 3533/3533/3533 3522/3522/3522
f 3533/3533/3533 3534/3534/3534 3522/3522/3522
f 3520/3520/3520 3522/3522/3522 3534/3534/3534
f 3535/3535/3535 3520/3520/3520 3534/3534/3534
f 3520/3520/3520 3535/3535/3535 3519/3519/3519
f 3535/3535/3535 3536/3536/3536 3519/3519/3519
f 3519/3519/3519 3536/3536/3536 3517/3517/3517
f 3539/3539/3539 3538/3538/3538 3537/3537/3537
f 3539/3539/3539 3540/3540/3540 3538/3538/3538
f 3541/3541/3541 3540/3540/3540 3539/3539/3539
f 3542/3542/3542 3541/3541/3541 3539/3539/3539
f 3539/3539/3539 3543/3543/3543 3542/3542/3542
f 3544/3544/3544 3542/3542/3542 3543/3543/3543
f 3545/3545/3545 3544/3544/3544 3543/3543/3543
f 3545/3545/3545 3546/3546/3546 3544/3544/3544
f 3546/3546/3546 3547/3547/3547 3544/3544/3544
f 3548/3548/3548 3547/3547/3547 3546/3546/3546
f 3549/3549/3549 3548/3548/3548 3546/3546/3546
f 3549/3549/3549 3550/3550/3550 3548/3548/3548
f 3550/3550/3550 3551/3551/3551 3548/3548/3548
f 3552/3552/3552 3551/3551/3551 3550/3550/3550
f 3553/3553/3553 3552/3552/3552 3550/3550/3550
f 3553/3553/3553 3554/3554/3554 3552/3552/3552
f 3554/3554/3554 3555/3555/3555 3552/3552/3552
f 3555/3555/3555 3554/3554/3554 3556/3556/3556
f 3555/3555/3555 3556/3556/3556 3557/3557/3557
f 3555/3555/3555 3557/3557/3557 3558/3558/3558
f 3552/3552/3552 3555/3555/3555 3558/3558/3558
f 3552/3552/3552 3558/3558/3558 3551/3551/3551
f 3558/3558/3558 3559/3559/3559 3551/3551/3551
f 3551/3551/3551 3559/3559/3559 3560/3560/3560
f 3548/3548/3548 3551/3551/3551 3560/3560/3560
f 3548/3548/3548 3560/3560/3560 3547/3547/3547
f 3560/3560/3560 3561/3561/3561 3547/3547/3547
f 3547/3547/3547 3561/3561/3561 3562/3562/3562
f 3544/3544/3544 3547/3547/3547 3562/3562/3562
f 3544/3544/3544 3562/3562/3562 3542/3542/3542
f 3562/3562/3562 3563/3563/3563 3542/3542/3542
f 3564/3564/3564 3542/3542/3542 3563/3563/3563
f 3563/3563/3563 3565/3565/3565 3564/3564/3564
f 3566/3566/3566 3564/3564/3564 3565/3565/3565
f 3564/3564/3564 3566/3566/3566 3567/3567/3567
f 3567/3567/3567 3542/3542/3542 3564/3564/3564
f 3541/3541/3541 3542/3542/3542 3567/3567/3567
f 3570/3570/3570 3569/3569/3569 3568/3568/3568
f 3571/3571/3571 3569/3569/3569 3570/3570/3570
f 3570/3570/3570 3568/3568/3568 3572/3572/3572
f 3573/3573/3573 3570/3570/3570 3572/3572/3572
f 3573/3573/3573 3572/3572/3572 3574/3574/3574
f 3575/3575/3575 3573/3573/3573 3574/3574/3574
f 3576/3576/3576 3575/3575/3575 3574/3574/3574
f 3577/3577/3577 3576/3576/3576 3574/3574/3574
f 3577/3577/3577 3578/3578/3578 3576/3576/3576
f 3576/3576/3576 3578/3578/3578 3579/3579/3579
f 3576/3576/3576 3579/3579/3579 3575/3575/3575
f 3579/3579/3579 3580/3580/3580 3575/3575/3575
f 3575/3575/3575 3580/3580/3580 3573/3573/3573
f 3580/3580/3580 3581/3581/3581 3573/3573/3573
f 3581/3581/3581 3571/3571/3571 3570/3570/3570
f 3573/3573/3573 3581/3581/3581 3570/3570/3570
f 3584/3584/3584 3583/3583/3583 3582/3582/3582
f 3583/3583/3583 3584/3584/3584 3585/3585/3585
f 3586/3586/3586 3583/3583/3583 3585/3585/3585
f 3587/3587/3587 3586/3586/3586 3585/3585/3585
f 3586/3586/3586 3587/3587/3587 3588/3588/3588
f 3589/3589/3589 3586/3586/3586 3588/3588/3588
f 3590/3590/3590 3589/3589/3589 3588/3588/3588
f 3591/3591/3591 3590/3590/3590 3588/3588/3588
f 3592/3592/3592 3590/3590/3590 3591/3591/3591
f 3590/3590/3590 3592/3592/3592 3593/3593/3593
f 3590/3590/3590 3593/3593/3593 3589/3589/3589
f 3593/3593/3593 3594/3594/3594 3589/3589/3589
f 3589/3589/3589 3594/3594/3594 3586/3586/3586
f 3594/3594/3594 3595/3595/3595 3586/3586/3586
f 3595/3595/3595 3582/3582/3582 3583/3583/3583
f 3586/3586/3586 3595/3595/3595 3583/3583/3583
f 3598/3598/3598 3597/3597/3597 3596/3596/3596
f 3599/3599/3599 3598/3598/3598 3596/3596/3596
f 3598/3598/3598 3600/3600/3600 3597/3597/3597
f 3600/3600/3600 3601/3601/3601 3597/3597/3597
f 3600/3600/3600 3602/3602/3602 3601/3601/3601
f 3602/3602/3602 3603/3603/3603 3601/3601/3601
f 3602/3602/3602 3604/3604/3604 3603/3603/3603
f 3604/3604/3604 3605/3605/3605 3603/3603/3603
f 3604/3604/3604 3606/3606/3606 3605/3605/3605
f 3606/3606/3606 3607/3607/3607 3605/3605/3605
f 3608/3608/3608 3607/3607/3607 3606/3606/3606
f 3607/3607/3607 3608/3608/3608 3609/3609/3609
f 3608/3608/3608 3610/3610/3610 3609/3609/3609
f 3608/3608/3608 3611/3611/3611 3610/3610/3610
f 3606/3606/3606 3611/3611/3611 3608/3608/3608
f 3607/3607/3607 3609/3609/3609 3612/3612/3612
f 3609/3609/3609 3613/3613/3613 3612/3612/3612
f 3614/3614/3614 3612/3612/3612 3613/3613/3613
f 3612/3612/3612 3614/3614/3614 3615/3615/3615
f 3612/3612/3612 3615/3615/3615 3616/3616/3616
f 3612/3612/3612 3616/3616/3616 3607/3607/3607
f 3616/3616/3616 3617/3617/3617 3607/3607/3607
f 3607/3607/3607 3617/3617/3617 3618/3618/3618
f 3605/3605/3605 3607/3607/3607 3618/3618/3618
f 3605/3605/3605 3618/3618/3618 3619/3619/3619
f 3603/3603/3603 3605/3605/3605 3619/3619/3619
f 3603/3603/3603 3619/3619/3619 3620/3620/3620
f 3601/3601/3601 3603/3603/3603 3620/3620/3620
f 3601/3601/3601 3620/3620/3620 3621/3621/3621
f 3597/3597/3597 3601/3601/3601 3621/3621/3621
f 3597/3597/3597 3621/3621/3621 3622/3622/3622
f 3596/3596/3596 3597/3597/3597 3622/3622/3622
f 3596/3596/3596 3622/3622/3622 3623/3623/3623
f 3596/3596/3596 3623/3623/3623 3599/3599/3599
f 3626/3626/3626 3625/3625/3625 3624/3624/3624
f 3627/3627/3627 3626/3626/3626 3624/3624/3624
f 3628/3628/3628 3625/3625/3625 3626/3626/3626
f 3629/3629/3629 3628/3628/3628 3626/3626/3626
f 3630/3630/3630 3628/3628/3628 3629/3629/3629
f 3631/3631/3631 3630/3630/3630 3629/3629/3629
f 3631/3631/3631 3632/3632/3632 3630/3630/3630
f 3632/3632/3632 3633/3633/3633 3630/3630/3630
f 3632/3632/3632 3634/3634/3634 3633/3633/3633
f 3634/3634/3634 3635/3635/3635 3633/3633/3633
f 3634/3634/3634 3636/3636/3636 3635/3635/3635
f 3636/3636/3636 3637/3637/3637 3635/3635/3635
f 3636/3636/3636 3638/3638/3638 3637/3637/3637
f 3638/3638/3638 3639/3639/3639 3637/3637/3637
f 3624/3624/3624 3640/3640/3640 3627/3627/3627
f 3624/3624/3624 3641/3641/3641 3640/3640/3640
f 3638/3638/3638 3642/3642/3642 3639/3639/3639
f 3642/3642/3642 3643/3643/3643 3639/3639/3639
f 3642/3642/3642 3644/3644/3644 3643/3643/3643
f 3644/3644/3644 3645/3645/3645 3643/3643/3643
f 3646/3646/3646 3645/3645/3645 3644/3644/3644
f 3645/3645/3645 3646/3646/3646 3647/3647/3647
f 3645/3645/3645 3647/3647/3647 3648/3648/3648
f 3643/3643/3643 3645/3645/3645 3648/3648/3648
f 3643/3643/3643 3648/3648/3648 3649/3649/3649
f 3639/3639/3639 3643/3643/3643 3649/3649/3649
f 3639/3639/3639 3649/3649/3649 3650/3650/3650
f 3637/3637/3637 3639/3639/3639 3650/3650/3650
f 3637/3637/3637 3650/3650/3650 3651/3651/3651
f 3635/3635/3635 3637/3637/3637 3651/3651/3651
f 3635/3635/3635 3651/3651/3651 3652/3652/3652
f 3633/3633/3633 3635/3635/3635 3652/3652/3652
f 3633/3633/3633 3652/3652/3652 3653/3653/3653
f 3630/3630/3630 3633/3633/3633 3653/3653/3653
f 3630/3630/3630 3653/3653/3653 3628/3628/3628
f 3653/3653/3653 3654/3654/3654 3628/3628/3628
f 3628/3628/3628 3654/3654/3654 3625/3625/3625
f 3654/3654/3654 3655/3655/3655 3625/3625/3625
f 3625/3625/3625 3655/3655/3655 3641/3641/3641
f 3624/3624/3624 3625/3625/3625 3641/3641/3641
f 3658/3658/3658 3657/3657/3657 3656/3656/3656
f 3659/3659/3659 3657/3657/3657 3658/3658/3658
f 3660/3660/3660 3656/3656/3656 3657/3657/3657
f 3661/3661/3661 3660/3660/3660 3657/3657/3657
f 3661/3661/3661 3657/3657/3657 3659/3659/3659
f 3661/3661/3661 3662/3662/3662 3660/3660/3660
f 3662/3662/3662 3663/3663/3663 3660/3660/3660
f 3664/3664/3664 3663/3663/3663 3662/3662/3662
f 3665/3665/3665 3664/3664/3664 3662/3662/3662
f 3664/3664/3664 3665/3665/3665 3666/3666/3666
f 3665/3665/3665 3667/3667/3667 3666/3666/3666
f 3668/3668/3668 3666/3666/3666 3667/3667/3667
f 3669/3669/3669 3668/3668/3668 3667/3667/3667
f 3668/3668/3668 3669/3669/3669 3670/3670/3670
f 3669/3669/3669 3671/3671/3671 3670/3670/3670
f 3670/3670/3670 3671/3671/3671 3672/3672/3672
f 3672/3672/3672 3671/3671/3671 3673/3673/3673
f 3674/3674/3674 3661/3661/3661 3659/3659/3659
f 3661/3661/3661 3674/3674/3674 3662/3662/3662
f 3674/3674/3674 3675/3675/3675 3662/3662/3662
f 3665/3665/3665 3662/3662/3662 3675/3675/3675
f 3676/3676/3676 3665/3665/3665 3675/3675/3675
f 3665/3665/3665 3676/3676/3676 3667/3667/3667
f 3676/3676/3676 3677/3677/3677 3667/3667/3667
f 3669/3669/3669 3667/3667/3667 3677/3677/3677
f 3678/3678/3678 3669/3669/3669 3677/3677/3677
f 3678/3678/3678 3673/3673/3673 3671/3671/3671
f 3669/3669/3669 3678/3678/3678 3671/3671/3671
f 3681/3681/3681 3680/3680/3680 3679/3679/3679
f 3682/3682/3682 3679/3679/3679 3680/3680/3680
f 3680/3680/3680 3683/3683/3683 3682/3682/3682
f 3683/3683/3683 3684/3684/3684 3682/3682/3682
f 3684/3684/3684 3685/3685/3685 3682/3682/3682
f 3686/3686/3686 3685/3685/3685 3684/3684/3684
f 3687/3687/3687 3686/3686/3686 3684/3684/3684
f 3687/3687/3687 3688/3688/3688 3686/3686/3686
f 3689/3689/3689 3688/3688/3688 3687/3687/3687
f 3690/3690/3690 3689/3689/3689 3687/3687/3687
f 3688/3688/3688 3691/3691/3691 3686/3686/3686
f 3692/3692/3692 3691/3691/3691 3688/3688/3688
f 3693/3693/3693 3692/3692/3692 3688/3688/3688
f 3693/3693/3693 3688/3688/3688 3689/3689/3689
f 3693/3693/3693 3694/3694/3694 3692/3692/3692
f 3694/3694/3694 3695/3695/3695 3692/3692/3692
f 3696/3696/3696 3695/3695/3695 3694/3694/3694
f 3697/3697/3697 3696/3696/3696 3694/3694/3694
f 3696/3696/3696 3697/3697/3697 3698/3698/3698
f 3698/3698/3698 3697/3697/3697 3699/3699/3699
f 3700/3700/3700 3693/3693/3693 3689/3689/3689
f 3693/3693/3693 3700/3700/3700 3694/3694/3694
f 3700/3700/3700 3701/3701/3701 3694/3694/3694
f 3697/3697/3697 3694/3694/3694 3701/3701/3701
f 3699/3699/3699 3697/3697/3697 3701/3701/3701
f 3690/3690/3690 3687/3687/3687 3702/3702/3702
f 3687/3687/3687 3684/3684/3684 3702/3702/3702
f 3703/3703/3703 3702/3702/3702 3684/3684/3684
f 3683/3683/3683 3703/3703/3703 3684/3684/3684
f 3683/3683/3683 3704/3704/3704 3703/3703/3703
f 3703/3703/3703 3704/3704/3704 3705/3705/3705
f 3704/3704/3704 3706/3706/3706 3705/3705/3705
f 3706/3706/3706 3704/3704/3704 3707/3707/3707
f 3683/3683/3683 3707/3707/3707 3704/3704/3704
f 3708/3708/3708 3707/3707/3707 3683/3683/3683
f 3708/3708/3708 3683/3683/3683 3680/3680/3680
f 3709/3709/3709 3708/3708/3708 3680/3680/3680
f 3680/3680/3680 3710/3710/3710 3709/3709/3709
f 3680/3680/3680 3681/3681/3681 3710/3710/3710
f 3713/3713/3713 3712/3712/3712 3711/3711/3711
f 3714/3714/3714 3713/3713/3713 3711/3711/3711
f 3711/3711/3711 3712/3712/3712 3715/3715/3715
f 3712/3712/3712 3716/3716/3716 3715/3715/3715
f 3715/3715/3715 3716/3716/3716 3717/3717/3717
f 3716/3716/3716 3718/3718/3718 3717/3717/3717
f 3717/3717/3717 3718/3718/3718 3719/3719/3719
f 3718/3718/3718 3720/3720/3720 3719/3719/3719
f 3719/3719/3719 3720/3720/3720 3721/3721/3721
f 3720/3720/3720 3722/3722/3722 3721/3721/3721
f 3721/3721/3721 3722/3722/3722 3723/3723/3723
f 3723/3723/3723 3722/3722/3722 3724/3724/3724
f 3713/3713/3713 3714/3714/3714 3725/3725/3725
f 3714/3714/3714 3726/3726/3726 3725/3725/3725
f 3727/3727/3727 3725/3725/3725 3726/3726/3726
f 3728/3728/3728 3725/3725/3725 3727/3727/3727
f 3725/3725/3725 3728/3728/3728 3729/3729/3729
f 3729/3729/3729 3730/3730/3730 3725/3725/3725
f 3730/3730/3730 3713/3713/3713 3725/3725/3725
f 3731/3731/3731 3713/3713/3713 3730/3730/3730
f 3732/3732/3732 3731/3731/3731 3730/3730/3730
f 3732/3732/3732 3733/3733/3733 3731/3731/3731
f 3734/3734/3734 3731/3731/3731 3733/3733/3733
f 3713/3713/3713 3731/3731/3731 3734/3734/3734
f 3713/3713/3713 3734/3734/3734 3712/3712/3712
f 3734/3734/3734 3735/3735/3735 3712/3712/3712
f 3712/3712/3712 3735/3735/3735 3716/3716/3716
f 3735/3735/3735 3736/3736/3736 3716/3716/3716
f 3716/3716/3716 3736/3736/3736 3718/3718/3718
f 3736/3736/3736 3737/3737/3737 3718/3718/3718
f 3718/3718/3718 3737/3737/3737 3720/3720/3720
f 3737/3737/3737 3738/3738/3738 3720/3720/3720
f 3720/3720/3720 3738/3738/3738 3722/3722/3722
f 3738/3738/3738 3724/3724/3724 3722/3722/3722
f 3741/3741/3741 3740/3740/3740 3739/3739/3739
f 3742/3742/3742 3740/3740/3740 3741/3741/3741
f 3740/3740/3740 3742/3742/3742 3743/3743/3743
f 3742/3742/3742 3744/3744/3744 3743/3743/3743
f 3743/3743/3743 3744/3744/3744 3745/3745/3745
f 3744/3744/3744 3746/3746/3746 3745/3745/3745
f 3746/3746/3746 3747/3747/3747 3745/3745/3745
f 3747/3747/3747 3748/3748/3748 3745/3745/3745
f 3749/3749/3749 3748/3748/3748 3747/3747/3747
f 3750/3750/3750 3748/3748/3748 3749/3749/3749
f 3748/3748/3748 3750/3750/3750 3751/3751/3751
f 3745/3745/3745 3748/3748/3748 3751/3751/3751
f 3743/3743/3743 3745/3745/3745 3751/3751/3751
f 3752/3752/3752 3743/3743/3743 3751/3751/3751
f 3740/3740/3740 3743/3743/3743 3752/3752/3752
f 3739/3739/3739 3740/3740/3740 3752/3752/3752
f 3755/3755/3755 3754/3754/3754 3753/3753/3753
f 3754/3754/3754 3755/3755/3755 3756/3756/3756
f 3753/3753/3753 3757/3757/3757 3755/3755/3755
f 3757/3757/3757 3758/3758/3758 3755/3755/3755
f 3755/3755/3755 3758/3758/3758 3756/3756/3756
f 3758/3758/3758 3757/3757/3757 3759/3759/3759
f 3757/3757/3757 3760/3760/3760 3759/3759/3759
f 3760/3760/3760 3761/3761/3761 3759/3759/3759
f 3761/3761/3761 3762/3762/3762 3759/3759/3759
f 3763/3763/3763 3762/3762/3762 3761/3761/3761
f 3762/3762/3762 3763/3763/3763 3764/3764/3764
f 3762/3762/3762 3764/3764/3764 3765/3765/3765
f 3759/3759/3759 3762/3762/3762 3765/3765/3765
f 3758/3758/3758 3759/3759/3759 3765/3765/3765
f 3766/3766/3766 3758/3758/3758 3765/3765/3765
f 3758/3758/3758 3766/3766/3766 3756/3756/3756
f 3769/3769/3769 3768/3768/3768 3767/3767/3767
f 3770/3770/3770 3769/3769/3769 3767/3767/3767
f 3770/3770/3770 3771/3771/3771 3769/3769/3769
f 3771/3771/3771 3772/3772/3772 3769/3769/3769
f 3771/3771/3771 3773/3773/3773 3772/3772/3772
f 3773/3773/3773 3774/3774/3774 3772/3772/3772
f 3775/3775/3775 3774/3774/3774 3773/3773/3773
f 3776/3776/3776 3775/3775/3775 3773/3773/3773
f 3777/3777/3777 3775/3775/3775 3776/3776/3776
f 3778/3778/3778 3777/3777/3777 3776/3776/3776
f 3779/3779/3779 3777/3777/3777 3778/3778/3778
f 3780/3780/3780 3779/3779/3779 3778/3778/3778
f 3781/3781/3781 3779/3779/3779 3780/3780/3780
f 3782/3782/3782 3781/3781/3781 3780/3780/3780
f 3767/3767/3767 3768/3768/3768 3783/3783/3783
f 3784/3784/3784 3781/3781/3781 3782/3782/3782
f 3785/3785/3785 3784/3784/3784 3782/3782/3782
f 3786/3786/3786 3784/3784/3784 3785/3785/3785
f 3787/3787/3787 3786/3786/3786 3785/3785/3785
f 3788/3788/3788 3786/3786/3786 3787/3787/3787
f 3786/3786/3786 3788/3788/3788 3789/3789/3789
f 3786/3786/3786 3789/3789/3789 3784/3784/3784
f 3789/3789/3789 3790/3790/3790 3784/3784/3784
f 3784/3784/3784 3790/3790/3790 3781/3781/3781
f 3790/3790/3790 3791/3791/3791 3781/3781/3781
f 3781/3781/3781 3791/3791/3791 3779/3779/3779
f 3791/3791/3791 3792/3792/3792 3779/3779/3779
f 3779/3779/3779 3792/3792/3792 3777/3777/3777
f 3792/3792/3792 3793/3793/3793 3777/3777/3777
f 3777/3777/3777 3793/3793/3793 3775/3775/3775
f 3793/3793/3793 3794/3794/3794 3775/3775/3775
f 3775/3775/3775 3794/3794/3794 3774/3774/3774
f 3794/3794/3794 3795/3795/3795 3774/3774/3774
f 3774/3774/3774 3795/3795/3795 3796/3796/3796
f 3772/3772/3772 3774/3774/3774 3796/3796/3796
f 3772/3772/3772 3796/3796/3796 3797/3797/3797
f 3769/3769/3769 3772/3772/3772 3797/3797/3797
f 3769/3769/3769 3797/3797/3797 3768/3768/3768
f 3797/3797/3797 3798/3798/3798 3768/3768/3768
f 3783/3783/3783 3768/3768/3768 3798/3798/3798
f 3801/3801/3801 3800/3800/3800 3799/3799/3799
f 3799/3799/3799 3800/3800/3800 3802/3802/3802
f 3800/3800/3800 3803/3803/3803 3802/3802/3802
f 3802/3802/3802 3803/3803/3803 3804/3804/3804
f 3803/3803/3803 3805/3805/3805 3804/3804/3804
f 3804/3804/3804 3805/3805/3805 3806/3806/3806
f 3807/3807/3807 3804/3804/3804 3806/3806/3806
f 3807/3807/3807 3806/3806/3806 3808/3808/3808
f 3806/3806/3806 3809/3809/3809 3808/3808/3808
f 3808/3808/3808 3809/3809/3809 3810/3810/3810
f 3813/3813/3813 3812/3812/3812 3811/3811/3811
f 3811/3811/3811 3812/3812/3812 3814/3814/3814
f 3812/3812/3812 3815/3815/3815 3814/3814/3814
f 3814/3814/3814 3815/3815/3815 3816/3816/3816
f 3815/3815/3815 3817/3817/3817 3816/3816/3816
f 3816/3816/3816 3817/3817/3817 3818/3818/3818
f 3821/3821/3821 3820/3820/3820 3819/3819/3819
f 3819/3819/3819 3820/3820/3820 3822/3822/3822
f 3825/3825/3825 3824/3824/3824 3823/3823/3823
f 3823/3823/3823 3824/3824/3824 3826/3826/3826
f 3824/3824/3824 3827/3827/3827 3826/3826/3826
f 3826/3826/3826 3827/3827/3827 3828/3828/3828
f 3827/3827/3827 3829/3829/3829 3828/3828/3828
f 3828/3828/3828 3829/3829/3829 3830/3830/3830
f 3833/3833/3833 3832/3832/3832 3831/3831/3831
f 3833/3833/3833 3831/3831/3831 3834/3834/3834
f 3835/3835/3835 3833/3833/3833 3834/3834/3834
f 3835/3835/3835 3834/3834/3834 3836/3836/3836
f 3837/3837/3837 3835/3835/3835 3836/3836/3836
f 3837/3837/3837 3836/3836/3836 3838/3838/3838
f 3836/3836/3836 3839/3839/3839 3838/3838/3838
f 3838/3838/3838 3839/3839/3839 3840/3840/3840
f 3841/3841/3841 3838/3838/3838 3840/3840/3840
f 3841/3841/3841 3840/3840/3840 3842/3842/3842
f 3845/3845/3845 3844/3844/3844 3843/3843/3843
f 3845/3845/3845 3843/3843/3843 3846/3846/3846
f 3847/3847/3847 3845/3845/3845 3846/3846/3846
f 3847/3847/3847 3846/3846/3846 3848/3848/3848
f 3849/3849/3849 3847/3847/3847 3848/3848/3848
f 3849/3849/3849 3848/3848/3848 3850/3850/3850
f 3853/3853/3853 3852/3852/3852 3851/3851/3851
f 3853/3853/3853 3851/3851/3851 3854/3854/3854
f 3857/3857/3857 3856/3856/3856 3855/3855/3855
f 3857/3857/3857 3855/3855/3855 3858/3858/3858
f 3859/3859/3859 3857/3857/3857 3858/3858/3858
f 3859/3859/3859 3858/3858/3858 3860/3860/3860
f 3861/3861/3861 3859/3859/3859 3860/3860/3860
f 3861/3861/3861 3860/3860/3860 3862/3862/3862
f 3865/3865/3865 3864/3864/3864 3863/3863/3863
f 3865/3865/3865 3863/3863/3863 3866/3866/3866
f 3867/3867/3867 3865/3865/3865 3866/3866/3866
f 3867/3867/3867 3866/3866/3866 3868/3868/3868
f 3869/3869/3869 3867/3867/3867 3868/3868/3868
f 3869/3869/3869 3868/3868/3868 3870/3870/3870
f 3868/3868/3868 3871/3871/3871 3870/3870/3870
f 3870/3870/3870 3871/3871/3871 3872/3872/3872
f 3873/3873/3873 3870/3870/3870 3872/3872/3872
f 3873/3873/3873 3872/3872/3872 3874/3874/3874
f 3877/3877/3877 3876/3876/3876 3875/3875/3875
f 3877/3877/3877 3875/3875/3875 3878/3878/3878
f 3879/3879/3879 3877/3877/3877 3878/3878/3878
f 3879/3879/3879 3878/3878/3878 3880/3880/3880
f 3881/3881/3881 3879/3879/3879 3880/3880/3880
f 3881/3881/3881 3880/3880/3880 3882/3882/3882
f 3885/3885/3885 3884/3884/3884 3883/3883/3883
f 3885/3885/3885 3883/3883/3883 3886/3886/3886
f 3889/3889/3889 3888/3888/3888 3887/3887/3887
f 3889/3889/3889 3887/3887/3887 3890/3890/3890
f 3891/3891/3891 3889/3889/3889 3890/3890/3890
f 3891/3891/3891 3890/3890/3890 3892/3892/3892
f 3893/3893/3893 3891/3891/3891 3892/3892/3892
f 3893/3893/3893 3892/3892/3892 3894/3894/3894
f 3897/3897/3897 3896/3896/3896 3895/3895/3895
f 3896/3896/3896 3897/3897/3897 3898/3898/3898
f 3899/3899/3899 3896/3896/3896 3898/3898/3898
f 3899/3899/3899 3898/3898/3898 3900/3900/3900
f 3898/3898/3898 3901/3901/3901 3900/3900/3900
f 3901/3901/3901 3902/3902/3902 3900/3900/3900
f 3903/3903/3903 3900/3900/3900 3902/3902/3902
f 3904/3904/3904 3903/3903/3903 3902/3902/3902
f 3904/3904/3904 3905/3905/3905 3903/3903/3903
f 3905/3905/3905 3906/3906/3906 3903/3903/3903
f 3906/3906/3906 3907/3907/3907 3903/3903/3903
f 3908/3908/3908 3905/3905/3905 3904/3904/3904
f 3909/3909/3909 3908/3908/3908 3904/3904/3904
f 3912/3912/3912 3911/3911/3911 3910/3910/3910
f 3913/3913/3913 3912/3912/3912 3910/3910/3910
f 3914/3914/3914 3913/3913/3913 3910/3910/3910
f 3915/3915/3915 3914/3914/3914 3910/3910/3910
f 3916/3916/3916 3914/3914/3914 3915/3915/3915
f 3917/3917/3917 3916/3916/3916 3915/3915/3915
f 3917/3917/3917 3918/3918/3918 3916/3916/3916
f 3912/3912/3912 3919/3919/3919 3911/3911/3911
f 3922/3922/3922 3921/3921/3921 3920/3920/3920
f 3923/3923/3923 3922/3922/3922 3920/3920/3920
f 3924/3924/3924 3923/3923/3923 3920/3920/3920
f 3923/3923/3923 3924/3924/3924 3925/3925/3925
f 3924/3924/3924 3926/3926/3926 3925/3925/3925
f 3925/3925/3925 3926/3926/3926 3927/3927/3927
f 3926/3926/3926 3928/3928/3928 3927/3927/3927
f 3928/3928/3928 3929/3929/3929 3927/3927/3927
f 3929/3929/3929 3930/3930/3930 3927/3927/3927
f 3931/3931/3931 3930/3930/3930 3929/3929/3929
f 3932/3932/3932 3931/3931/3931 3929/3929/3929
f 3933/3933/3933 3931/3931/3931 3932/3932/3932
f 3934/3934/3934 3933/3933/3933 3932/3932/3932
f 3937/3937/3937 3936/3936/3936 3935/3935/3935
f 3937/3937/3937 3938/3938/3938 3936/3936/3936
f 3938/3938/3938 3939/3939/3939 3936/3936/3936
f 3938/3938/3938 3940/3940/3940 3939/3939/3939
f 3940/3940/3940 3941/3941/3941 3939/3939/3939
f 3942/3942/3942 3941/3941/3941 3940/3940/3940
f 3943/3943/3943 3942/3942/3942 3940/3940/3940
f 3942/3942/3942 3943/3943/3943 3944/3944/3944
f 3947/3947/3947 3946/3946/3946 3945/3945/3945
f 3946/3946/3946 3947/3947/3947 3948/3948/3948
f 3947/3947/3947 3949/3949/3949 3948/3948/3948
f 3948/3948/3948 3949/3949/3949 3950/3950/3950
f 3949/3949/3949 3951/3951/3951 3950/3950/3950
f 3950/3950/3950 3951/3951/3951 3952/3952/3952
f 3953/3953/3953 3950/3950/3950 3952/3952/3952
f 3954/3954/3954 3953/3953/3953 3952/3952/3952
f 3955/3955/3955 3954/3954/3954 3952/3952/3952
f 3954/3954/3954 3955/3955/3955 3956/3956/3956
f 3957/3957/3957 3954/3954/3954 3956/3956/3956
f 3957/3957/3957 3956/3956/3956 3958/3958/3958
f 3959/3959/3959 3957/3957/3957 3958/3958/3958
f 3959/3959/3959 3958/3958/3958 3960/3960/3960
f 3963/3963/3963 3962/3962/3962 3961/3961/3961
f 3964/3964/3964 3963/3963/3963 3961/3961/3961
f 3964/3964/3964 3965/3965/3965 3963/3963/3963
f 3965/3965/3965 3966/3966/3966 3963/3963/3963
f 3966/3966/3966 3965/3965/3965 3967/3967/3967
f 3965/3965/3965 3968/3968/3968 3967/3967/3967
f 3967/3967/3967 3968/3968/3968 3969/3969/3969
f 3961/3961/3961 3962/3962/3962 3970/3970/3970
f 3973/3973/3973 3972/3972/3972 3971/3971/3971
f 3972/3972/3972 3973/3973/3973 3974/3974/3974
f 3973/3973/3973 3975/3975/3975 3974/3974/3974
f 3974/3974/3974 3975/3975/3975 3976/3976/3976
f 3977/3977/3977 3974/3974/3974 3976/3976/3976
f 3978/3978/3978 3977/3977/3977 3976/3976/3976
f 3976/3976/3976 3979/3979/3979 3978/3978/3978
f 3979/3979/3979 3980/3980/3980 3978/3978/3978
f 3981/3981/3981 3980/3980/3980 3979/3979/3979
f 3982/3982/3982 3981/3981/3981 3979/3979/3979
f 3983/3983/3983 3982/3982/3982 3979/3979/3979
f 3981/3981/3981 3984/3984/3984 3980/3980/3980
f 3984/3984/3984 3985/3985/3985 3980/3980/3980
f 3988/3988/3988 3987/3987/3987 3986/3986/3986
f 3989/3989/3989 3988/3988/3988 3986/3986/3986
f 3987/3987/3987 3990/3990/3990 3986/3986/3986
f 3990/3990/3990 3991/3991/3991 3986/3986/3986
f 3990/3990/3990 3992/3992/3992 3991/3991/3991
f 3992/3992/3992 3993/3993/3993 3991/3991/3991
f 3994/3994/3994 3993/3993/3993 3992/3992/3992
f 3995/3995/3995 3988/3988/3988 3989/3989/3989
f 3998/3998/3998 3997/3997/3997 3996/3996/3996
f 3997/3997/3997 3999/3999/3999 3996/3996/3996
f 3999/3999/3999 4000/4000/4000 3996/3996/3996
f 4000/4000/4000 3999/3999/3999 4001/4001/4001
f 4002/4002/4002 4000/4000/4000 4001/4001/4001
f 4002/4002/4002 4001/4001/4001 4003/4003/4003
f 4004/4004/4004 4002/4002/4002 4003/4003/4003
f 4005/4005/4005 4004/4004/4004 4003/4003/4003
f 4006/4006/4006 4005/4005/4005 4003/4003/4003
f 4006/4006/4006 4007/4007/4007 4005/4005/4005
f 4007/4007/4007 4008/4008/4008 4005/4005/4005
f 4007/4007/4007 4009/4009/4009 4008/4008/4008
f 4009/4009/4009 4010/4010/4010 4008/4008/4008
f 4013/4013/4013 4012/4012/4012 4011/4011/4011
f 4014/4014/4014 4012/4012/4012 4013/4013/4013
f 4015/4015/4015 4014/4014/4014 4013/4013/4013
f 4016/4016/4016 4014/4014/4014 4015/4015/4015
f 4017/4017/4017 4016/4016/4016 4015/4015/4015
f 4017/4017/4017 4018/4018/4018 4016/4016/4016
f 4018/4018/4018 4019/4019/4019 4016/4016/4016
f 4019/4019/4019 4018/4018/4018 4020/4020/4020
f 4023/4023/4023 4022/4022/4022 4021/4021/4021
f 4022/4022/4022 4023/4023/4023 4024/4024/4024
f 4025/4025/4025 4022/4022/4022 4024/4024/4024
f 4025/4025/4025 4024/4024/4024 4026/4026/4026
f 4027/4027/4027 4025/4025/4025 4026/4026/4026
f 4027/4027/4027 4026/4026/4026 4028/4028/4028
f 4026/4026/4026 4029/4029/4029 4028/4028/4028
f 4029/4029/4029 4030/4030/4030 4028/4028/4028
f 4030/4030/4030 4031/4031/4031 4028/4028/4028
f 4031/4031/4031 4030/4030/4030 4032/4032/4032
f 4030/4030/4030 4033/4033/4033 4032/4032/4032
f 4032/4032/4032 4033/4033/4033 4034/4034/4034
f 4033/4033/4033 4035/4035/4035 4034/4034/4034
f 4034/4034/4034 4035/4035/4035 4036/4036/4036
f 4039/4039/4039 4038/4038/4038 4037/4037/4037
f 4040/4040/4040 4039/4039/4039 4037/4037/4037
f 4041/4041/4041 4038/4038/4038 4039/4039/4039
f 4042/4042/4042 4041/4041/4041 4039/4039/4039
f 4041/4041/4041 4042/4042/4042 4043/4043/4043
f 4044/4044/4044 4041/4041/4041 4043/4043/4043
f 4044/4044/4044 4043/4043/4043 4045/4045/4045
f 4040/4040/4040 4037/4037/4037 4046/4046/4046
f 4049/4049/4049 4048/4048/4048 4047/4047/4047
f 4050/4050/4050 4048/4048/4048 4049/4049/4049
f 4051/4051/4051 4050/4050/4050 4049/4049/4049
f 4051/4051/4051 4052/4052/4052 4050/4050/4050
f 4052/4052/4052 4053/4053/4053 4050/4050/4050
f 4053/4053/4053 4052/4052/4052 4054/4054/4054
f 4055/4055/4055 4053/4053/4053 4054/4054/4054
f 4054/4054/4054 4056/4056/4056 4055/4055/4055
f 4056/4056/4056 4057/4057/4057 4055/4055/4055
f 4057/4057/4057 4056/4056/4056 4058/4058/4058
f 4059/4059/4059 4057/4057/4057 4058/4058/4058
f 4058/4058/4058 4060/4060/4060 4059/4059/4059
f 4060/4060/4060 4061/4061/4061 4059/4059/4059
f 4062/4062/4062 4061/4061/4061 4060/4060/4060
f 4065/4065/4065 4064/4064/4064 4063/4063/4063
f 4066/4066/4066 4065/4065/4065 4063/4063/4063
f 4063/4063/4063 4064/4064/4064 4067/4067/4067
f 4064/4064/4064 4068/4068/4068 4067/4067/4067
f 4067/4067/4067 4068/4068/4068 4069/4069/4069
f 4070/4070/4070 4067/4067/4067 4069/4069/4069
f 4070/4070/4070 4071/4071/4071 4067/4067/4067
f 4071/4071/4071 4072/4072/4072 4067/4067/4067
f 4073/4073/4073 4072/4072/4072 4071/4071/4071
f 4074/4074/4074 4073/4073/4073 4071/4071/4071
f 4069/4069/4069 4075/4075/4075 4070/4070/4070
f 4069/4069/4069 4076/4076/4076 4075/4075/4075
f 4074/4074/4074 4077/4077/4077 4073/4073/4073
f 4077/4077/4077 4078/4078/4078 4073/4073/4073
f 4079/4079/4079 4078/4078/4078 4077/4077/4077
f 4080/4080/4080 4079/4079/4079 4077/4077/4077
f 4080/4080/4080 4081/4081/4081 4079/4079/4079
f 4081/4081/4081 4082/4082/4082 4079/4079/4079
f 4083/4083/4083 4082/4082/4082 4081/4081/4081
f 4084/4084/4084 4083/4083/4083 4081/4081/4081
f 4083/4083/4083 4084/4084/4084 4085/4085/4085
f 4088/4088/4088 4087/4087/4087 4086/4086/4086
f 4086/4086/4086 4087/4087/4087 4089/4089/4089
f 4087/4087/4087 4090/4090/4090 4089/4089/4089
f 4089/4089/4089 4090/4090/4090 4091/4091/4091
f 4090/4090/4090 4092/4092/4092 4091/4091/4091
f 4092/4092/4092 4093/4093/4093 4091/4091/4091
f 4093/4093/4093 4094/4094/4094 4091/4091/4091
f 4095/4095/4095 4094/4094/4094 4093/4093/4093
f 4098/4098/4098 4097/4097/4097 4096/4096/4096
f 4097/4097/4097 4099/4099/4099 4096/4096/4096
f 4099/4099/4099 4100/4100/4100 4096/4096/4096
f 4100/4100/4100 4099/4099/4099 4101/4101/4101
f 4099/4099/4099 4102/4102/4102 4101/4101/4101
f 4102/4102/4102 4103/4103/4103 4101/4101/4101
f 4103/4103/4103 4104/4104/4104 4101/4101/4101
f 4105/4105/4105 4104/4104/4104 4103/4103/4103
f 4108/4108/4108 4107/4107/4107 4106/4106/4106
f 4109/4109/4109 4108/4108/4108 4106/4106/4106
f 4110/4110/4110 4108/4108/4108 4109/4109/4109
f 4111/4111/4111 4110/4110/4110 4109/4109/4109
f 4112/4112/4112 4110/4110/4110 4111/4111/4111
f 4113/4113/4113 4112/4112/4112 4111/4111/4111
f 4114/4114/4114 4112/4112/4112 4113/4113/4113
f 4115/4115/4115 4114/4114/4114 4113/4113/4113
f 4116/4116/4116 4114/4114/4114 4115/4115/4115
f 4117/4117/4117 4116/4116/4116 4115/4115/4115
f 4116/4116/4116 4117/4117/4117 4118/4118/4118
f 4117/4117/4117 4119/4119/4119 4118/4118/4118
f 4106/4106/4106 4107/4107/4107 4120/4120/4120
f 4121/4121/4121 4118/4118/4118 4119/4119/4119
f 4122/4122/4122 4121/4121/4121 4119/4119/4119
f 4123/4123/4123 4121/4121/4121 4122/4122/4122
f 4124/4124/4124 4116/4116/4116 4118/4118/4118
f 4124/4124/4124 4118/4118/4118 4125/4125/4125
f 4128/4128/4128 4127/4127/4127 4126/4126/4126
f 4129/4129/4129 4128/4128/4128 4126/4126/4126
f 4129/4129/4129 4130/4130/4130 4128/4128/4128
f 4130/4130/4130 4131/4131/4131 4128/4128/4128
f 4130/4130/4130 4132/4132/4132 4131/4131/4131
f 4132/4132/4132 4133/4133/4133 4131/4131/4131
f 4134/4134/4134 4133/4133/4133 4132/4132/4132
f 4135/4135/4135 4134/4134/4134 4132/4132/4132
f 4136/4136/4136 4134/4134/4134 4135/4135/4135
f 4137/4137/4137 4136/4136/4136 4135/4135/4135
f 4138/4138/4138 4136/4136/4136 4137/4137/4137
f 4139/4139/4139 4138/4138/4138 4137/4137/4137
f 4140/4140/4140 4138/4138/4138 4139/4139/4139
f 4141/4141/4141 4140/4140/4140 4139/4139/4139
f 4126/4126/4126 4127/4127/4127 4142/4142/4142
f 4143/4143/4143 4140/4140/4140 4141/4141/4141
f 4144/4144/4144 4143/4143/4143 4141/4141/4141
f 4145/4145/4145 4143/4143/4143 4144/4144/4144
f 4146/4146/4146 4145/4145/4145 4144/4144/4144
f 4146/4146/4146 4147/4147/4147 4145/4145/4145
f 4150/4150/4150 4149/4149/4149 4148/4148/4148
f 4150/4150/4150 4151/4151/4151 4149/4149/4149
f 4151/4151/4151 4152/4152/4152 4149/4149/4149
f 4153/4153/4153 4152/4152/4152 4151/4151/4151
f 4154/4154/4154 4153/4153/4153 4151/4151/4151
f 4154/4154/4154 4155/4155/4155 4153/4153/4153
f 4155/4155/4155 4156/4156/4156 4153/4153/4153
f 4156/4156/4156 4155/4155/4155 4157/4157/4157
f 4158/4158/4158 4156/4156/4156 4157/4157/4157
f 4157/4157/4157 4159/4159/4159 4158/4158/4158
f 4159/4159/4159 4160/4160/4160 4158/4158/4158
f 4160/4160/4160 4159/4159/4159 4161/4161/4161
f 4162/4162/4162 4160/4160/4160 4161/4161/4161
f 4161/4161/4161 4163/4163/4163 4162/4162/4162
f 4166/4166/4166 4165/4165/4165 4164/4164/4164
f 4167/4167/4167 4166/4166/4166 4164/4164/4164
f 4167/4167/4167 4164/4164/4164 4168/4168/4168
f 4169/4169/4169 4167/4167/4167 4168/4168/4168
f 4169/4169/4169 4168/4168/4168 4170/4170/4170
f 4168/4168/4168 4171/4171/4171 4170/4170/4170
f 4172/4172/4172 4170/4170/4170 4171/4171/4171
f 4173/4173/4173 4170/4170/4170 4172/4172/4172
f 4174/4174/4174 4171/4171/4171 4168/4168/4168
f 4175/4175/4175 4174/4174/4174 4168/4168/4168
f 4175/4175/4175 4176/4176/4176 4174/4174/4174
f 4176/4176/4176 4177/4177/4177 4174/4174/4174
f 4178/4178/4178 4177/4177/4177 4176/4176/4176
f 4179/4179/4179 4178/4178/4178 4176/4176/4176
f 4179/4179/4179 4180/4180/4180 4178/4178/4178
f 4180/4180/4180 4181/4181/4181 4178/4178/4178
f 4182/4182/4182 4181/4181/4181 4180/4180/4180
f 4183/4183/4183 4182/4182/4182 4180/4180/4180
f 4183/4183/4183 4184/4184/4184 4182/4182/4182
f 4184/4184/4184 4185/4185/4185 4182/4182/4182
f 4185/4185/4185 4184/4184/4184 4186/4186/4186
f 4189/4189/4189 4188/4188/4188 4187/4187/4187
f 4190/4190/4190 4189/4189/4189 4187/4187/4187
f 4190/4190/4190 4187/4187/4187 4191/4191/4191
f 4192/4192/4192 4190/4190/4190 4191/4191/4191
f 4192/4192/4192 4191/4191/4191 4193/4193/4193
f 4194/4194/4194 4192/4192/4192 4193/4193/4193
f 4194/4194/4194 4193/4193/4193 4195/4195/4195
f 4196/4196/4196 4194/4194/4194 4195/4195/4195
f 4196/4196/4196 4195/4195/4195 4197/4197/4197
f 4198/4198/4198 4196/4196/4196 4197/4197/4197
f 4198/4198/4198 4197/4197/4197 4199/4199/4199
f 4188/4188/4188 4189/4189/4189 4200/4200/4200
f 4201/4201/4201 4188/4188/4188 4200/4200/4200
f 4200/4200/4200 4202/4202/4202 4201/4201/4201
f 4202/4202/4202 4203/4203/4203 4201/4201/4201
f 4202/4202/4202 4204/4204/4204 4203/4203/4203
f 4189/4189/4189 4205/4205/4205 4200/4200/4200
f 4205/4205/4205 4206/4206/4206 4200/4200/4200
f 4209/4209/4209 4208/4208/4208 4207/4207/4207
f 4209/4209/4209 4207/4207/4207 4210/4210/4210
f 4211/4211/4211 4209/4209/4209 4210/4210/4210
f 4211/4211/4211 4210/4210/4210 4212/4212/4212
f 4213/4213/4213 4211/4211/4211 4212/4212/4212
f 4214/4214/4214 4213/4213/4213 4212/4212/4212
f 4215/4215/4215 4214/4214/4214 4212/4212/4212
f 4215/4215/4215 4216/4216/4216 4214/4214/4214
f 4219/4219/4219 4218/4218/4218 4217/4217/4217
f 4220/4220/4220 4219/4219/4219 4217/4217/4217
f 4221/4221/4221 4220/4220/4220 4217/4217/4217
f 4220/4220/4220 4221/4221/4221 4222/4222/4222
f 4223/4223/4223 4220/4220/4220 4222/4222/4222
f 4224/4224/4224 4223/4223/4223 4222/4222/4222
f 4225/4225/4225 4224/4224/4224 4222/4222/4222
f 4225/4225/4225 4226/4226/4226 4224/4224/4224
f 4229/4229/4229 4228/4228/4228 4227/4227/4227
f 4230/4230/4230 4229/4229/4229 4227/4227/4227
f 4231/4231/4231 4228/4228/4228 4229/4229/4229
f 4232/4232/4232 4231/4231/4231 4229/4229/4229
f 4233/4233/4233 4231/4231/4231 4232/4232/4232
f 4234/4234/4234 4233/4233/4233 4232/4232/4232
f 4234/4234/4234 4235/4235/4235 4233/4233/4233
f 4235/4235/4235 4236/4236/4236 4233/4233/4233
f 4235/4235/4235 4237/4237/4237 4236/4236/4236
f 4237/4237/4237 4238/4238/4238 4236/4236/4236
f 4237/4237/4237 4239/4239/4239 4238/4238/4238
f 4239/4239/4239 4240/4240/4240 4238/4238/4238
f 4239/4239/4239 4241/4241/4241 4240/4240/4240
f 4241/4241/4241 4242/4242/4242 4240/4240/4240
f 4230/4230/4230 4227/4227/4227 4243/4243/4243
f 4241/4241/4241 4244/4244/4244 4242/4242/4242
f 4244/4244/4244 4245/4245/4245 4242/4242/4242
f 4244/4244/4244 4246/4246/4246 4245/4245/4245
f 4246/4246/4246 4247/4247/4247 4245/4245/4245
f 4248/4248/4248 4247/4247/4247 4246/4246/4246
f 3539/3539/3539 3537/3537/3537 4249/4249/4249
f 3539/3539/3539 4249/4249/4249 3543/3543/3543
