g Body
v 0.265905589 0.0572451539 0.299369603
v 0.258937061 0.135425001 0.338237971
v 0.299765706 0.146593496 0.299765706
v 0.283813357 0.0619869605 0.283813357
v 0.251056045 0.043799866 0.312929958
v 0.224668935 0.103644118 0.371215284
v 0.241525412 0.023698017 0.322430074
v 0.202178299 0.0560891852 0.393677056
v 0.194889203 0 0.402203709
v 0.238764644 0 0.326423556
v 0.24856025 0.18809177 0.31994763
v 0.229579955 0.185859561 0.307966024
v 0.270293117 0.193749711 0.270293117
v 0.285767972 0.194672689 0.285767972
v 0.220135033 0.171198115 0.346954972
v 0.206665188 0.172472805 0.330822825
v 0.198118836 0.17454496 0.334986985
v 0.206340685 0.175015241 0.353316158
v 0.17430377 0.208075225 0.354022831
v 0.174067721 0.198862359 0.335266829
v 0.171435177 0.22034508 0.348196894
v 0.172050744 0.20742999 0.331203848
v 0.187547952 0.248531833 0.31990689
v 0.186359227 0.231899336 0.306447744
v 0.194750741 0.285822392 0.285012007
v 0.193373695 0.2719495 0.268670261
v 0.188005283 0.321822762 0.25002411
v 0.185924888 0.310249031 0.231749535
v 0.171701014 0.34920603 0.222022593
v 0.172366694 0.333113164 0.20832324
v 0.174843237 0.355862349 0.209384784
v 0.174516097 0.337666452 0.199678153
v 0.192448333 0.357509047 0.192448333
v 0.187340662 0.338865936 0.187340662
v 0.285767972 0.194672689 0.285767972
v 0.299765706 0.146593496 0.299765706
v 0.258937061 0.135425001 0.338237971
v 0.24856025 0.18809177 0.31994763
v 0.220135033 0.171198115 0.346954972
v 0.197963938 0.153065369 0.367811203
v 0.224668935 0.103644118 0.371215284
v 0.202178299 0.0560891852 0.393677056
v 0.138882741 0.142722234 0.400403976
v 0.169611394 0.0707402006 0.409478068
v 0.206340685 0.175015241 0.353316158
v 0.17430377 0.208075225 0.354022831
v 0.15140067 0.202953652 0.370808333
v 0.171435177 0.22034508 0.348196894
v 0.134241745 0.259699315 0.338603288
v 0.102803677 0.226302251 0.372237533
v 0.0556926578 0.204014584 0.395014524
v 0.0832588375 0.139703825 0.418570161
v 0.17172657 0 0.414584458
v -0 0 0.448743135
v -0 0.139703944 0.426770538
v -0 0.196191102 0.403505743
v 0.187547952 0.248531833 0.31990689
v 0.145274699 0.29917872 0.299174458
v 0.194750741 0.285822392 0.285012007
v 0.188005283 0.321822762 0.25002411
v 0.134241804 0.338797867 0.259886056
v 0.171701014 0.34920603 0.222022593
v 0.151586905 0.371905744 0.199847564
v 0.102803774 0.372593135 0.226651892
v 0.113150805 0.401177764 0.16934292
v 0.140296996 0.403311342 0.140296996
v 0.0980167538 0.42757377 0.0980167538
v 0.0530460328 0.427572012 0.128065139
v 0.0556927808 0.395477593 0.204474524
v 0.174843237 0.355862349 0.209384784
v 0.176397115 0.373363256 0.176397115
v 0.192448333 0.357509047 0.192448333
v -0 0.42757079 0.138616458
v -0 0.404006571 0.196692124
v 0.0496140458 0.443234384 0.0496140458
v -0 0.443229824 0.0701646879
v -0 0.447681099 -3.88578051E-24
v 0.152197048 0.36697948 0.18451044
v 0.16901508 0.36845237 0.16901508
v 0.145349771 0.388084799 0.145349771
v 0.288363904 0 0.288363904
v 0.265905589 0.0572451539 0.299369603
v 0.283813357 0.0619869605 0.283813357
v 0.251056045 0.043799866 0.312929958
v 0.241525412 0.023698017 0.322430074
v 0.238764644 0 0.326423556
v 0.241525412 -0.023698017 0.322430074
v 0.251056045 -0.043799866 0.312929958
v 0.265905589 -0.0572451539 0.299369603
v 0.283813357 -0.0619869605 0.283813357
v 0.299369603 -0.0572451539 0.265905589
v 0.283813357 -0.0619869605 0.283813357
v 0.312929958 -0.043799866 0.251056045
v 0.322430074 -0.023698017 0.241525412
v 0.326423556 0 0.238764644
v 0.322430074 0.023698017 0.241525412
v 0.312929958 0.043799866 0.251056045
v 0.299369603 0.0572451539 0.265905589
v 0.283813357 0.0619869605 0.283813357
v 0.225881115 0.222873837 0.283167809
v 0.270293117 0.193749711 0.270293117
v 0.229579955 0.185859561 0.307966024
v 0.208370551 0.205213428 0.309281111
v 0.235881969 0.232592732 0.268993855
v 0.257450253 0.224917561 0.257450253
v 0.206665188 0.172472805 0.330822825
v 0.198118836 0.17454496 0.334986985
v 0.213365629 0.235528365 0.283233255
v 0.174067721 0.198862359 0.335266829
v 0.195822909 0.21783416 0.30931443
v 0.21901989 0.251627654 0.265723616
v 0.172050744 0.20742999 0.331203848
v 0.193373695 0.2719495 0.268670261
v 0.216371506 0.271289736 0.249483421
v 0.186359227 0.231899336 0.306447744
v 0.185924888 0.310249031 0.231749535
v 0.214270592 0.293786079 0.226851538
v 0.229430154 0.280492634 0.229430154
v 0.220931962 0.294175059 0.220931962
v 0.196505517 0.319499552 0.209086448
v 0.172366694 0.333113164 0.20832324
v 0.174516097 0.337666452 0.199678153
v 0.187340662 0.338865936 0.187340662
v 0.20312725 0.319846869 0.20312725
v 0.245202348 0.226602286 0.245202348
v 0.257450253 0.224917561 0.257450253
v 0.235881969 0.232592732 0.268993855
v 0.231315717 0.232291386 0.253464431
v 0.21901989 0.251627654 0.265723616
v 0.220338091 0.245306313 0.251574904
v 0.218448535 0.258321255 0.240597293
v 0.216371506 0.271289736 0.249483421
v 0.226710662 0.2640104 0.226710662
v 0.229430154 0.280492634 0.229430154
v 0.245202348 0.226602286 0.245202348
v 0.231315717 0.232291386 0.253464431
v 0.235956505 0.245306388 0.235956505
v 0.220338091 0.245306313 0.251574904
v 0.218448535 0.258321255 0.240597293
v 0.226710662 0.2640104 0.226710662
v 0.220931962 0.294175059 0.220931962
v 0.214270592 0.293786079 0.226851538
v 0.213287041 0.293578982 0.221851617
v 0.217926174 0.293988228 0.217926174
v 0.20312725 0.319846869 0.20312725
v 0.202931195 0.315600991 0.202931195
v 0.198330224 0.315235525 0.2068948
v 0.196505517 0.319499552 0.209086448
v 0.213287041 0.293578982 0.221851617
v 0.198330224 0.315235525 0.2068948
v 0.202931195 0.315600991 0.202931195
v 0.217926174 0.293988228 0.217926174
v 0.225881115 0.222873837 0.283167809
v 0.208370551 0.205213428 0.309281111
v 0.206118464 0.207011715 0.305047691
v 0.220869288 0.221888885 0.283043444
v 0.206118464 0.207011715 0.305047691
v 0.208370551 0.205213428 0.309281111
v 0.195822909 0.21783416 0.30931443
v 0.197570801 0.215599969 0.305064201
v 0.225881115 0.222873837 0.283167809
v 0.220869288 0.221888885 0.283043444
v 0.212352633 0.230509326 0.283094138
v 0.213365629 0.235528365 0.283233255
v 0.220869288 0.221888885 0.283043444
v 0.206118464 0.207011715 0.305047691
v 0.197570801 0.215599969 0.305064201
v 0.212352633 0.230509326 0.283094138
v 0.134241804 0.338797867 0.259886056
v 0.0567665957 0.300061107 0.266608328
v 0.0434719399 0.314468086 0.252669007
v 0.102803774 0.372593135 0.226651892
v 0.0235499442 0.324317008 0.243464291
v 0.0556927808 0.395477593 0.204474524
v -0 0.404006571 0.196692124
v -0 0.328125 0.240380019
v 0.145274699 0.29917872 0.299174458
v 0.0614323094 0.283265114 0.283183575
v 0.0556926578 0.204014584 0.395014524
v 0.0235499982 0.243347868 0.324043036
v 0.0434719846 0.252600074 0.314238727
v 0.102803677 0.226302251 0.372237533
v 0.056766618 0.266608894 0.29989928
v 0.134241745 0.259699315 0.338603288
v -0 0.196191102 0.403505743
v -0 0.240245208 0.327836096
v 0.0614323094 0.283265114 0.283183575
v 0.145274699 0.29917872 0.299174458
v 0.194889203 0 0.402203709
v 0.212352633 0.230509326 0.283094138
v 0.197570801 0.215599969 0.305064201
v 0.195822909 0.21783416 0.30931443
v 0.213365629 0.235528365 0.283233255
v 0.198330224 0.315235525 0.2068948
v 0.213287041 0.293578982 0.221851617
v 0.214270592 0.293786079 0.226851538
v 0.196505517 0.319499552 0.209086448
v 0.0235499442 0.324317008 0.243464291
v -0 0.289522856 0.289471596
v -0 0.328125 0.240380019
v 0.0434719399 0.314468086 0.252669007
v 0.0567665957 0.300061107 0.266608328
v 0.0614323094 0.283265114 0.283183575
v 0.056766618 0.266608894 0.29989928
v 0.0434719846 0.252600074 0.314238727
v 0.0235499982 0.243347868 0.324043036
v -0 0.240245208 0.327836096
v -0.0235499442 0.324317008 0.243464291
v -0.0434719399 0.314468086 0.252669007
v -0.0567665957 0.300061107 0.266608328
v -0.0235499982 0.243347868 0.324043036
v -0.0434719846 0.252600074 0.314238727
v -0.056766618 0.266608894 0.29989928
v -0.0614323094 0.283265114 0.283183575
v 0.182407528 0.154263645 0.363653034
v 0.142869636 0.147341922 0.385464519
v 0.151246846 0.187649548 0.36565879
v 0.250372231 -0.0149178309 0.44099471
v 0.347156584 -0.0105504328 0.409082323
v 0.260315329 0.000947055931 0.433538049
v 0.347156584 0.0105503732 0.409082294
v 0.274872214 0.0149205085 0.435442656
v 0.42144388 -0.0105503816 0.37764743
v 0.421443939 0.0105504105 0.37764743
v 0.488727987 -0.0105503965 0.34086886
v 0.488727987 0.0105503928 0.34086886
v 0.548369288 -0.0105504524 0.299360484
v 0.548369229 0.0105503295 0.299360454
v 0.599886715 -0.0105503751 0.253582269
v 0.599886775 0.0105504133 0.253582269
v 0.642815053 -0.0105504096 0.20376879
v 0.642815053 0.0105503798 0.20376876
v 0.676493347 -0.0105504375 0.149972096
v 0.676493287 0.01055035 0.149972096
v 0.699905753 -0.0105503891 0.0922895521
v 0.699905813 0.0105504263 0.0922895595
v 0.711655438 0.010550403 0
v 0.711655438 -0.010550403 0
v 0.499548852 0.0211007893 0.355594397
v 0.430297703 0.021100793 0.393633187
v 0.56116432 0.0211007837 0.312407225
v 0.614567578 0.0211007874 0.264463753
v 0.659145057 0.0211007893 0.21197027
v 0.694052815 0.0211007874 0.155031353
v 0.718108296 0.0211008154 0.093903549
v 0.729929209 0.0211008098 0
v 0.659145057 -0.0211007949 0.211970285
v 0.614567518 -0.021100793 0.264463753
v 0.561164379 -0.0211007874 0.312407315
v 0.499548852 -0.0211007949 0.355594367
v 0.430297703 -0.0211007968 0.393633097
v 0.354100347 -0.0211008117 0.425985515
v 0.254213125 -0.0210981071 0.455395579
v 0.211522102 -0.0210934747 0.465078115
v 0.208323658 -0.0149132079 0.450524062
v 0.201646551 0.00146034209 0.445734888
v 0.243624493 0.0104898792 0.439619124
v 0.239956662 0.0477311797 0.439619124
v 0.254590362 0.0506423078 0.433438867
v 0.201837435 0.0162622873 0.452059925
v 0.269224197 0.053553436 0.439619124
v 0.280806601 0.0196365919 0.453759998
v 0.275285721 0.0547592714 0.454539716
v 0.190385208 -0.0108560156 0.454141676
v 0.236319497 0.0219095629 0.454539716
v 0.209407434 0.0226113964 0.464165449
v 0.242831677 0.0185392704 0.46946013
v 0.206090242 0.0185387991 0.480995327
v 0.189524055 -0.0166879706 0.469369948
v 0.174885213 -0.0062940917 0.471126169
v 0.178759992 -0.00130101584 0.455768943
v 0.188980639 0.0148986876 0.448769182
v 0.169132724 0.00877128821 0.47063309
v 0.174482316 0.0124488752 0.455560297
v 0.186268806 0.0370519906 0.449159086
v 0.200902551 0.0399631113 0.455339342
v 0.206964076 0.0411689468 0.470259845
v 0.200902551 0.0399631262 0.485180348
v 0.175461099 0.0726803094 0.449159086
v 0.161676466 0.0669701844 0.455339342
v 0.145504564 0.0972258896 0.455339342
v 0.140365943 0.0937921852 0.470259845
v 0.155966699 0.0646049753 0.470259845
v 0.157910317 0.105515584 0.449159086
v 0.189245716 0.0783904567 0.455339342
v 0.170316041 0.113805294 0.455339342
v 0.194955513 0.0807556808 0.470259845
v 0.175454721 0.117239013 0.470259845
v 0.18924576 0.0783904716 0.485180348
v 0.17031607 0.113805331 0.485180348
v 0.11937084 0.119375035 0.470259845
v 0.123740844 0.123745307 0.455339342
v 0.0937881768 0.140370399 0.470259845
v 0.0972215906 0.145509228 0.455339342
v 0.134290963 0.134296 0.449159086
v 0.105510652 0.157915384 0.449159086
v 0.113799706 0.170321599 0.455339342
v 0.146242335 0.146247819 0.459134191
v 0.0646010861 0.155971393 0.470259845
v 0.0669659972 0.161681309 0.455339342
v 0.0329311974 0.165578574 0.470259845
v 0.0341367275 0.171640128 0.455339342
v 0.0726754293 0.175466225 0.449159086
v 0.0370471291 0.186274007 0.449159086
v 0.0783848539 0.189251214 0.455339342
v 0.0399575271 0.200907931 0.455339342
v 0.0807497799 0.194961131 0.470259845
v 0.0411630571 0.206969485 0.470259845
v -0 0.168822616 0.470259845
v -0 0.175002888 0.455339342
v -0 0.189923376 0.449159086
v -0 0.204843938 0.455339342
v -0 0.21102421 0.470259845
v 0.117233142 0.175460398 0.470259845
v 0.138565198 0.155229598 0.464011818
v 0.159980163 0.175919607 0.457860082
v 0.168513298 0.168519035 0.452423632
v 0.13592191 0.203431085 0.439619124
v 0.183547601 0.183554441 0.433438867
v 0.14421095 0.21583724 0.433438867
v 0.194097713 0.194105104 0.439619124
v 0.152500004 0.22824344 0.439619124
v 0.132488474 0.19829227 0.454539716
v 0.198467702 0.198475361 0.454539716
v 0.15593344 0.233382255 0.454539716
v 0.203424558 0.135928005 0.439619124
v 0.215830296 0.144217685 0.433438867
v 0.239818528 0.0993387699 0.433438867
v 0.226033926 0.09362863 0.439619124
v 0.198285937 0.132494301 0.454539716
v 0.220324129 0.0912634283 0.454539716
v 0.203424558 0.135928005 0.469460219
v 0.226033926 0.0936286449 0.469460219
v 0.25360319 0.105048895 0.439619124
v 0.228236079 0.152507409 0.439619124
v 0.259312958 0.107414126 0.454539716
v 0.2333747 0.155941114 0.454539716
v 0.176082015 0.159899324 0.458018333
v 0.181714699 0.159281209 0.46829161
v 0.233895108 0.0465253666 0.454539716
v 0.239956662 0.0477311984 0.469460219
v 0.354100347 0.0211008061 0.425985485
v 0.354100347 0.0211008061 0.425985485
v 0.430297703 0.021100793 0.393633187
v 0.439151496 0.0105503686 0.409618855
v 0.361044079 0.0105504198 0.442888677
v 0.510369718 0.0105503835 0.370319903
v 0.499548852 0.0211007893 0.355594397
v 0.57395941 0.0105504394 0.325454026
v 0.56116432 0.0211007837 0.312407225
v 0.629248381 0.0105503621 0.275345266
v 0.614567578 0.0211007874 0.264463753
v 0.675475001 0.0105503965 0.22017175
v 0.659145057 0.0211007893 0.21197027
v 0.711612284 0.0105504245 0.160090595
v 0.694052815 0.0211007874 0.155031353
v 0.73631072 0.010550376 0.095517531
v 0.718108296 0.0211008154 0.093903549
v 0.748203099 0.010550403 0
v 0.729929209 0.0211008098 0
v 0.361044079 -0.0105503863 0.442888677
v 0.510369718 -0.0105504058 0.370319903
v 0.439151436 -0.0105504226 0.409618855
v 0.629248321 -0.0105504245 0.275345266
v 0.57395947 -0.0105503425 0.325454056
v 0.711612403 -0.010550363 0.160090595
v 0.675475001 -0.0105503928 0.220171764
v 0.430297703 -0.0211007968 0.393633097
v 0.354100347 -0.0211008117 0.425985515
v 0.258054078 -0.0149178263 0.469796658
v 0.259568363 9.967199E-05 0.475640386
v 0.272949964 0.0157249402 0.469460219
v 0.254213125 -0.0210981071 0.455395579
v 0.614567518 -0.021100793 0.264463753
v 0.561164379 -0.0211007874 0.312407315
v 0.694052875 -0.021100793 0.155031338
v 0.659145057 -0.0211007949 0.211970285
v 0.280806601 0.0196365919 0.453759998
v 0.275285721 0.0547592714 0.454539716
v 0.269224197 0.0535534471 0.469460219
v 0.208869874 0.00128349999 0.487184405
v 0.206090242 0.0185387991 0.480995327
v 0.242831677 0.0185392704 0.46946013
v 0.19071582 0.0132946642 0.490946501
v 0.194271058 -0.0111661954 0.483724594
v 0.214664683 -0.0149131799 0.479645073
v 0.211522102 -0.0210934747 0.465078115
v 0.189524055 -0.0166879706 0.469369948
v 0.180594891 -0.00224939617 0.485594153
v 0.174885213 -0.0062940917 0.471126169
v 0.200902551 0.0399631262 0.485180348
v 0.186268806 0.0370519981 0.491360605
v 0.17509681 0.0111139715 0.485407472
v 0.169132724 0.00877128821 0.47063309
v 0.18924576 0.0783904716 0.485180348
v 0.175461113 0.0726803392 0.491360605
v 0.17031607 0.113805331 0.485180348
v 0.157910317 0.105515599 0.491360605
v 0.161676466 0.0669701919 0.485180348
v 0.145504564 0.0972258896 0.485180348
v 0.155966699 0.0646049753 0.470259845
v 0.140365943 0.0937921852 0.470259845
v 0.134290963 0.13429594 0.491360605
v 0.123740807 0.12374527 0.485180348
v 0.10551066 0.157915398 0.491360605
v 0.0972216204 0.145509228 0.485180348
v 0.11937084 0.119375035 0.470259845
v 0.0937881768 0.140370399 0.470259845
v 0.0726754367 0.175466269 0.491360605
v 0.0669660047 0.161681309 0.485180348
v 0.0370471478 0.186274052 0.491360605
v 0.0341367386 0.171640128 0.485180348
v 0.0646010861 0.155971393 0.470259845
v 0.0329311974 0.165578574 0.470259845
v 0.0399575308 0.200907946 0.485180348
v 0.0783848539 0.189251214 0.485180348
v 0.0411630571 0.206969485 0.470259845
v 0.0807497799 0.194961131 0.470259845
v -0 0.189923376 0.491360605
v -0 0.175002858 0.485180348
v -0 0.168822616 0.470259845
v -0 0.21102421 0.470259845
v -0 0.204843894 0.485180348
v 0.113799706 0.170321599 0.485180348
v 0.117233142 0.175460398 0.470259845
v 0.138565198 0.155229598 0.464011818
v 0.136118829 0.158616811 0.475350171
v 0.135656014 0.152063027 0.486480623
v 0.169783205 0.185711995 0.475204468
v 0.194097713 0.194105104 0.469460219
v 0.152500004 0.228243485 0.469460219
v 0.144210964 0.215837285 0.475640386
v 0.13592191 0.203431085 0.469460219
v 0.159157544 0.181757823 0.468167335
v 0.132488474 0.19829227 0.454539716
v 0.159980163 0.175919607 0.457860082
v 0.15593344 0.233382255 0.454539716
v 0.198467702 0.198475361 0.454539716
v 0.228236079 0.152507409 0.469460219
v 0.18559663 0.169814438 0.475178361
v 0.215830296 0.144217715 0.475640386
v 0.239818528 0.0993387774 0.475640386
v 0.226033926 0.0936286449 0.469460219
v 0.203424558 0.135928005 0.469460219
v 0.25360319 0.10504891 0.469460219
v 0.2333747 0.155941114 0.454539716
v 0.259312958 0.107414126 0.454539716
v 0.181714699 0.159281209 0.46829161
v 0.239956662 0.0477311984 0.469460219
v 0.254590362 0.0506423265 0.475640386
v 0.151853308 0.13563022 0.486554563
v 0.158695415 0.135931522 0.475489199
v 0.736310661 -0.0105504394 0.0955175161
v 0.748203099 -0.010550403 0
v 0.718108177 -0.021100821 0.0939035267
v 0.729929209 -0.0211008098 0
v 0.499548852 -0.0211007949 0.355594367
v 0.694052875 -0.021100793 0.155031338
v 0.718108177 -0.021100821 0.0939035267
v 0.729929209 -0.0211008098 0
v 0.171635032 0.0341408812 0.485180348
v 0.165573493 0.0329350568 0.470259845
v 0.171635032 0.0341408737 0.455339342
v 0.165573493 0.0329350568 0.470259845
v 0.0934941396 0.219135359 0.454539716
v 0.0958590508 0.224845275 0.439619124
v 0.0958590508 0.224845305 0.469460219
v 0.107277907 0.25241518 0.469460219
v 0.101576135 0.238626137 0.475640386
v 0.107277907 0.25241515 0.439619124
v 0.101576127 0.238626093 0.433438867
v 0.109642826 0.258125067 0.454539716
v 0.0958590508 0.224845305 0.469460219
v 0.101576135 0.238626137 0.475640386
v 0.0934941396 0.219135359 0.454539716
v 0.107277907 0.25241518 0.469460219
v 0.109642826 0.258125067 0.454539716
v 0.0958590508 0.224845275 0.439619124
v 0.0934941396 0.219135359 0.454539716
v 0.101576127 0.238626093 0.433438867
v 0.107277907 0.25241515 0.439619124
v 0.109642826 0.258125067 0.454539716
v 0.158695415 0.135931522 0.475489199
v 0.154948458 0.139203951 0.464469433
v 0.105820216 0.061095275 0.527125299
v 0.0610953607 0.105820164 0.527125299
v 0.069346644 0.120111533 0.426770478
v 0.120111719 0.0693463236 0.426770478
v 7.11132273E-08 0.13869296 0.426770478
v 6.3152541E-08 0.122190632 0.527125299
v 0.13869296 -1.75014534E-07 0.426770478
v 0.122190632 -3.54403298E-08 0.527125299
v 0.105820179 -0.0610953383 0.527125299
v 0.120111547 -0.0693466291 0.426770478
v 0.0610952973 -0.105820194 0.527125299
v 0.0693463534 -0.120111711 0.426770478
v -7.72811859E-09 -0.122190632 0.527125299
v -1.3402294E-07 -0.138692975 0.426770478
v 6.3152541E-08 0.122190632 0.527125299
v -0.0610953495 0.105820164 0.527125299
v -0.069346413 0.120111667 0.426770478
v 7.11132273E-08 0.13869296 0.426770478
v -0.120111585 0.0693465471 0.426770478
v -0.105820209 0.0610952899 0.527125299
v -0.13869296 9.30313391E-08 0.426770478
v -0.122190632 -1.99840908E-08 0.527125299
v -0.120111682 -0.0693463907 0.426770478
v -0.105820186 -0.0610953271 0.527125299
v -0.0693465918 -0.120111577 0.426770478
v -0.0610953122 -0.105820194 0.527125299
v -1.3402294E-07 -0.138692975 0.426770478
v -7.72811859E-09 -0.122190632 0.527125299
v 0.0601090528 -7.25014644E-08 0.573486745
v 0.0520559289 -0.0300545823 0.573486745
v 0.0520559996 0.0300544593 0.573486745
v 0.0300545953 0.0520559251 0.573486745
v 0.0300544705 -0.0520559959 0.573486745
v 3.16041913E-08 0.0601090528 0.573486745
v -5.88690341E-08 -0.0601090528 0.573486745
v -0.0300544947 0.052055981 0.573486745
v -0.0300545711 -0.05205594 0.573486745
v -0.0520559438 0.0300545618 0.573486745
v -0.0520559885 -0.0300544836 0.573486745
v -0.0601090528 4.52366145E-08 0.573486745
v 0.0646968111 0.0373526849 0.640957654
v 0.0373527408 0.0646967813 0.640957654
v 0.0527501702 0.0913656875 0.628624499
v 0.0913658291 0.0527499281 0.628624499
v 5.52690729E-08 0.105500095 0.628624499
v 3.94989144E-08 0.0747054219 0.640957654
v 0.0747054294 -2.73244716E-08 0.640957654
v 0.105500095 -1.27049731E-07 0.628624499
v 0.0646967888 -0.0373527333 0.640957654
v 0.091365695 -0.0527501479 0.628624499
v 0.0373527035 -0.0646968037 0.640957654
v 0.0527499467 -0.0913658142 0.628624499
v -5.6132925E-09 -0.0747054294 0.640957654
v -1.03122836E-07 -0.105500095 0.628624499
v 3.94989144E-08 0.0747054219 0.640957654
v -0.0373527333 0.0646967813 0.640957654
v -0.0527499914 0.0913657919 0.628624499
v 5.52690729E-08 0.105500095 0.628624499
v -0.0913657248 0.0527501106 0.628624499
v -0.0646968037 0.0373526961 0.640957654
v -0.105500095 7.91959565E-08 0.628624499
v -0.0747054294 -1.60978875E-08 0.640957654
v -0.0913657993 -0.0527499728 0.628624499
v -0.0646967888 -0.0373527221 0.640957654
v -0.0527501293 -0.0913657099 0.628624499
v -0.0373527147 -0.0646968037 0.640957654
v -1.03122836E-07 -0.105500095 0.628624499
v -5.6132925E-09 -0.0747054294 0.640957654
v 0.0300545953 0.0520559251 0.573486745
v 0.0373527408 0.0646967813 0.640957654
v 0.0646968111 0.0373526849 0.640957654
v 0.0520559996 0.0300544593 0.573486745
v 3.16041913E-08 0.0601090528 0.573486745
v 3.94989144E-08 0.0747054219 0.640957654
v 0.0747054294 -2.73244716E-08 0.640957654
v 0.0601090528 -7.25014644E-08 0.573486745
v 0.0646967888 -0.0373527333 0.640957654
v 0.0520559289 -0.0300545823 0.573486745
v 0.0373527035 -0.0646968037 0.640957654
v 0.0300544705 -0.0520559959 0.573486745
v -5.6132925E-09 -0.0747054294 0.640957654
v -5.88690341E-08 -0.0601090528 0.573486745
v -0.0300544947 0.052055981 0.573486745
v -0.0373527333 0.0646967813 0.640957654
v 3.94989144E-08 0.0747054219 0.640957654
v 3.16041913E-08 0.0601090528 0.573486745
v -0.0520559438 0.0300545618 0.573486745
v -0.0646968037 0.0373526961 0.640957654
v -0.0601090528 4.52366145E-08 0.573486745
v -0.0747054294 -1.60978875E-08 0.640957654
v -0.0520559885 -0.0300544836 0.573486745
v -0.0646967888 -0.0373527221 0.640957654
v -0.0300545711 -0.05205594 0.573486745
v -0.0373527147 -0.0646968037 0.640957654
v -5.88690341E-08 -0.0601090528 0.573486745
v -5.6132925E-09 -0.0747054294 0.640957654
v 0.0527501702 0.0913656875 0.628624499
v 0.0588344559 0.101903945 0.554624617
v 0.101904102 0.0588341802 0.554624617
v 0.0913658291 0.0527499281 0.628624499
v 5.92275349E-08 0.117668629 0.554624617
v 5.52690729E-08 0.105500095 0.628624499
v 0.105500095 -1.27049731E-07 0.628624499
v 0.117668636 -1.48824213E-07 0.554624617
v 0.091365695 -0.0527501479 0.628624499
v 0.10190396 -0.058834441 0.554624617
v 0.0527499467 -0.0913658142 0.628624499
v 0.0588342138 -0.101904094 0.554624617
v -1.03122836E-07 -0.105500095 0.628624499
v -1.12600823E-07 -0.117668644 0.554624617
v -1.12600823E-07 -0.117668644 0.554624617
v -0.0588344075 -0.10190399 0.554624617
v -0.0527501293 -0.0913657099 0.628624499
v -1.03122836E-07 -0.105500095 0.628624499
v -0.0913657993 -0.0527499728 0.628624499
v -0.101904072 -0.0588342473 0.554624617
v -0.105500095 7.91959565E-08 0.628624499
v -0.117668636 7.63774324E-08 0.554624617
v -0.0913657248 0.0527501106 0.628624499
v -0.10190399 0.058834374 0.554624617
v -0.0527499914 0.0913657919 0.628624499
v -0.0588342622 0.101904057 0.554624617
v 5.52690729E-08 0.105500095 0.628624499
v 5.92275349E-08 0.117668629 0.554624617
v 0.0966740698 0.0558147579 0.540874958
v 0.0558148324 0.0966740325 0.540874958
v 0.0610953607 0.105820164 0.527125299
v 0.105820216 0.061095275 0.527125299
v 5.5294322E-08 0.111629575 0.540874958
v 6.3152541E-08 0.122190632 0.527125299
v 0.0588344559 0.101903945 0.554624617
v 0.101904102 0.0588341802 0.554624617
v 5.92275349E-08 0.117668629 0.554624617
v 0.111629575 -2.99773042E-08 0.540874958
v 0.117668636 -1.48824213E-07 0.554624617
v 0.10190396 -0.058834441 0.554624617
v 0.09667404 -0.0558148101 0.540874958
v 0.105820179 -0.0610953383 0.527125299
v 0.122190632 -3.54403298E-08 0.527125299
v 0.0558147803 -0.0966740623 0.540874958
v 0.0588342138 -0.101904094 0.554624617
v 0.0610952973 -0.105820194 0.527125299
v -4.66028505E-09 -0.111629575 0.540874958
v -1.12600823E-07 -0.117668644 0.554624617
v -7.72811859E-09 -0.122190632 0.527125299
v -0.0610953122 -0.105820194 0.527125299
v -0.055814784 -0.0966740623 0.540874958
v -4.66028505E-09 -0.111629575 0.540874958
v -7.72811859E-09 -0.122190632 0.527125299
v -0.0588344075 -0.10190399 0.554624617
v -1.12600823E-07 -0.117668644 0.554624617
v -0.0966740474 -0.0558147989 0.540874958
v -0.101904072 -0.0588342473 0.554624617
v -0.105820186 -0.0610953271 0.527125299
v -0.111629575 -2.0656735E-08 0.540874958
v -0.117668636 7.63774324E-08 0.554624617
v -0.10190399 0.058834374 0.554624617
v -0.0966740698 0.0558147654 0.540874958
v -0.105820209 0.0610952899 0.527125299
v -0.122190632 -1.99840908E-08 0.527125299
v -0.0558148213 0.0966740325 0.540874958
v -0.0588342622 0.101904057 0.554624617
v -0.0610953495 0.105820164 0.527125299
v 5.5294322E-08 0.111629575 0.540874958
v 5.92275349E-08 0.117668629 0.554624617
v 6.3152541E-08 0.122190632 0.527125299
v 0.527125299 0.061095275 -0.105820216
v 0.527125299 0.105820164 -0.0610953607
v 0.426770478 0.120111533 -0.069346644
v 0.426770478 0.0693463236 -0.120111719
v 0.426770478 0.13869296 -7.11132273E-08
v 0.527125299 0.122190632 -6.3152541E-08
v 0.426770478 -1.75014534E-07 -0.13869296
v 0.527125299 -3.54403298E-08 -0.122190632
v 0.527125299 -0.0610953383 -0.105820179
v 0.426770478 -0.0693466291 -0.120111547
v 0.527125299 -0.105820194 -0.0610952973
v 0.426770478 -0.120111711 -0.0693463534
v 0.527125299 -0.122190632 7.72811859E-09
v 0.426770478 -0.138692975 1.3402294E-07
v 0.527125299 0.122190632 -6.3152541E-08
v 0.527125299 0.105820164 0.0610953495
v 0.426770478 0.120111667 0.069346413
v 0.426770478 0.13869296 -7.11132273E-08
v 0.426770478 0.0693465471 0.120111585
v 0.527125299 0.0610952899 0.105820209
v 0.426770478 9.30313391E-08 0.13869296
v 0.527125299 -1.99840908E-08 0.122190632
v 0.426770478 -0.0693463907 0.120111682
v 0.527125299 -0.0610953271 0.105820186
v 0.426770478 -0.120111577 0.0693465918
v 0.527125299 -0.105820194 0.0610953122
v 0.426770478 -0.138692975 1.3402294E-07
v 0.527125299 -0.122190632 7.72811859E-09
v 0.573486745 -7.25014644E-08 -0.0601090528
v 0.573486745 -0.0300545823 -0.0520559289
v 0.573486745 0.0300544593 -0.0520559996
v 0.573486745 0.0520559251 -0.0300545953
v 0.573486745 -0.0520559959 -0.0300544705
v 0.573486745 0.0601090528 -3.16041913E-08
v 0.573486745 -0.0601090528 5.88690341E-08
v 0.573486745 0.052055981 0.0300544947
v 0.573486745 -0.05205594 0.0300545711
v 0.573486745 0.0300545618 0.0520559438
v 0.573486745 -0.0300544836 0.0520559885
v 0.573486745 4.52366145E-08 0.0601090528
v 0.640957654 0.0373526849 -0.0646968111
v 0.640957654 0.0646967813 -0.0373527408
v 0.628624499 0.0913656875 -0.0527501702
v 0.628624499 0.0527499281 -0.0913658291
v 0.628624499 0.105500095 -5.52690729E-08
v 0.640957654 0.0747054219 -3.94989144E-08
v 0.640957654 -2.73244716E-08 -0.0747054294
v 0.628624499 -1.27049731E-07 -0.105500095
v 0.640957654 -0.0373527333 -0.0646967888
v 0.628624499 -0.0527501479 -0.091365695
v 0.640957654 -0.0646968037 -0.0373527035
v 0.628624499 -0.0913658142 -0.0527499467
v 0.640957654 -0.0747054294 5.6132925E-09
v 0.628624499 -0.105500095 1.03122836E-07
v 0.640957654 0.0747054219 -3.94989144E-08
v 0.640957654 0.0646967813 0.0373527333
v 0.628624499 0.0913657919 0.0527499914
v 0.628624499 0.105500095 -5.52690729E-08
v 0.628624499 0.0527501106 0.0913657248
v 0.640957654 0.0373526961 0.0646968037
v 0.628624499 7.91959565E-08 0.105500095
v 0.640957654 -1.60978875E-08 0.0747054294
v 0.628624499 -0.0527499728 0.0913657993
v 0.640957654 -0.0373527221 0.0646967888
v 0.628624499 -0.0913657099 0.0527501293
v 0.640957654 -0.0646968037 0.0373527147
v 0.628624499 -0.105500095 1.03122836E-07
v 0.640957654 -0.0747054294 5.6132925E-09
v 0.573486745 0.0520559251 -0.0300545953
v 0.640957654 0.0646967813 -0.0373527408
v 0.640957654 0.0373526849 -0.0646968111
v 0.573486745 0.0300544593 -0.0520559996
v 0.573486745 0.0601090528 -3.16041913E-08
v 0.640957654 0.0747054219 -3.94989144E-08
v 0.640957654 -2.73244716E-08 -0.0747054294
v 0.573486745 -7.25014644E-08 -0.0601090528
v 0.640957654 -0.0373527333 -0.0646967888
v 0.573486745 -0.0300545823 -0.0520559289
v 0.640957654 -0.0646968037 -0.0373527035
v 0.573486745 -0.0520559959 -0.0300544705
v 0.640957654 -0.0747054294 5.6132925E-09
v 0.573486745 -0.0601090528 5.88690341E-08
v 0.573486745 0.052055981 0.0300544947
v 0.640957654 0.0646967813 0.0373527333
v 0.640957654 0.0747054219 -3.94989144E-08
v 0.573486745 0.0601090528 -3.16041913E-08
v 0.573486745 0.0300545618 0.0520559438
v 0.640957654 0.0373526961 0.0646968037
v 0.573486745 4.52366145E-08 0.0601090528
v 0.640957654 -1.60978875E-08 0.0747054294
v 0.573486745 -0.0300544836 0.0520559885
v 0.640957654 -0.0373527221 0.0646967888
v 0.573486745 -0.05205594 0.0300545711
v 0.640957654 -0.0646968037 0.0373527147
v 0.573486745 -0.0601090528 5.88690341E-08
v 0.640957654 -0.0747054294 5.6132925E-09
v 0.628624499 0.0913656875 -0.0527501702
v 0.554624617 0.101903945 -0.0588344559
v 0.554624617 0.0588341802 -0.101904102
v 0.628624499 0.0527499281 -0.0913658291
v 0.554624617 0.117668629 -5.92275349E-08
v 0.628624499 0.105500095 -5.52690729E-08
v 0.628624499 -1.27049731E-07 -0.105500095
v 0.554624617 -1.48824213E-07 -0.117668636
v 0.628624499 -0.0527501479 -0.091365695
v 0.554624617 -0.058834441 -0.10190396
v 0.628624499 -0.0913658142 -0.0527499467
v 0.554624617 -0.101904094 -0.0588342138
v 0.628624499 -0.105500095 1.03122836E-07
v 0.554624617 -0.117668644 1.12600823E-07
v 0.554624617 -0.117668644 1.12600823E-07
v 0.554624617 -0.10190399 0.0588344075
v 0.628624499 -0.0913657099 0.0527501293
v 0.628624499 -0.105500095 1.03122836E-07
v 0.628624499 -0.0527499728 0.0913657993
v 0.554624617 -0.0588342473 0.101904072
v 0.628624499 7.91959565E-08 0.105500095
v 0.554624617 7.63774324E-08 0.117668636
v 0.628624499 0.0527501106 0.0913657248
v 0.554624617 0.058834374 0.10190399
v 0.628624499 0.0913657919 0.0527499914
v 0.554624617 0.101904057 0.0588342622
v 0.628624499 0.105500095 -5.52690729E-08
v 0.554624617 0.117668629 -5.92275349E-08
v 0.540874958 0.0558147579 -0.0966740698
v 0.540874958 0.0966740325 -0.0558148324
v 0.527125299 0.105820164 -0.0610953607
v 0.527125299 0.061095275 -0.105820216
v 0.540874958 0.111629575 -5.5294322E-08
v 0.527125299 0.122190632 -6.3152541E-08
v 0.554624617 0.101903945 -0.0588344559
v 0.554624617 0.0588341802 -0.101904102
v 0.554624617 0.117668629 -5.92275349E-08
v 0.540874958 -2.99773042E-08 -0.111629575
v 0.554624617 -1.48824213E-07 -0.117668636
v 0.554624617 -0.058834441 -0.10190396
v 0.540874958 -0.0558148101 -0.09667404
v 0.527125299 -0.0610953383 -0.105820179
v 0.527125299 -3.54403298E-08 -0.122190632
v 0.540874958 -0.0966740623 -0.0558147803
v 0.554624617 -0.101904094 -0.0588342138
v 0.527125299 -0.105820194 -0.0610952973
v 0.540874958 -0.111629575 4.66028505E-09
v 0.554624617 -0.117668644 1.12600823E-07
v 0.527125299 -0.122190632 7.72811859E-09
v 0.527125299 -0.105820194 0.0610953122
v 0.540874958 -0.0966740623 0.055814784
v 0.540874958 -0.111629575 4.66028505E-09
v 0.527125299 -0.122190632 7.72811859E-09
v 0.554624617 -0.10190399 0.0588344075
v 0.554624617 -0.117668644 1.12600823E-07
v 0.540874958 -0.0558147989 0.0966740474
v 0.554624617 -0.0588342473 0.101904072
v 0.527125299 -0.0610953271 0.105820186
v 0.540874958 -2.0656735E-08 0.111629575
v 0.554624617 7.63774324E-08 0.117668636
v 0.554624617 0.058834374 0.10190399
v 0.540874958 0.0558147654 0.0966740698
v 0.527125299 0.0610952899 0.105820209
v 0.527125299 -1.99840908E-08 0.122190632
v 0.540874958 0.0966740325 0.0558148213
v 0.554624617 0.101904057 0.0588342622
v 0.527125299 0.105820164 0.0610953495
v 0.540874958 0.111629575 -5.5294322E-08
v 0.554624617 0.117668629 -5.92275349E-08
v 0.527125299 0.122190632 -6.3152541E-08
v -0.105820216 0.061095275 -0.527125299
v -0.0610953607 0.105820164 -0.527125299
v -0.069346644 0.120111533 -0.426770478
v -0.120111719 0.0693463236 -0.426770478
v -7.11132273E-08 0.13869296 -0.426770478
v -6.3152541E-08 0.122190632 -0.527125299
v -0.13869296 -1.75014534E-07 -0.426770478
v -0.122190632 -3.54403298E-08 -0.527125299
v -0.105820179 -0.0610953383 -0.527125299
v -0.120111547 -0.0693466291 -0.426770478
v -0.0610952973 -0.105820194 -0.527125299
v -0.0693463534 -0.120111711 -0.426770478
v 7.72811859E-09 -0.122190632 -0.527125299
v 1.3402294E-07 -0.138692975 -0.426770478
v -6.3152541E-08 0.122190632 -0.527125299
v 0.0610953495 0.105820164 -0.527125299
v 0.069346413 0.120111667 -0.426770478
v -7.11132273E-08 0.13869296 -0.426770478
v 0.120111585 0.0693465471 -0.426770478
v 0.105820209 0.0610952899 -0.527125299
v 0.13869296 9.30313391E-08 -0.426770478
v 0.122190632 -1.99840908E-08 -0.527125299
v 0.120111682 -0.0693463907 -0.426770478
v 0.105820186 -0.0610953271 -0.527125299
v 0.0693465918 -0.120111577 -0.426770478
v 0.0610953122 -0.105820194 -0.527125299
v 1.3402294E-07 -0.138692975 -0.426770478
v 7.72811859E-09 -0.122190632 -0.527125299
v -0.0601090528 -7.25014644E-08 -0.573486745
v -0.0520559289 -0.0300545823 -0.573486745
v -0.0520559996 0.0300544593 -0.573486745
v -0.0300545953 0.0520559251 -0.573486745
v -0.0300544705 -0.0520559959 -0.573486745
v -3.16041913E-08 0.0601090528 -0.573486745
v 5.88690341E-08 -0.0601090528 -0.573486745
v 0.0300544947 0.052055981 -0.573486745
v 0.0300545711 -0.05205594 -0.573486745
v 0.0520559438 0.0300545618 -0.573486745
v 0.0520559885 -0.0300544836 -0.573486745
v 0.0601090528 4.52366145E-08 -0.573486745
v -0.0646968111 0.0373526849 -0.640957654
v -0.0373527408 0.0646967813 -0.640957654
v -0.0527501702 0.0913656875 -0.628624499
v -0.0913658291 0.0527499281 -0.628624499
v -5.52690729E-08 0.105500095 -0.628624499
v -3.94989144E-08 0.0747054219 -0.640957654
v -0.0747054294 -2.73244716E-08 -0.640957654
v -0.105500095 -1.27049731E-07 -0.628624499
v -0.0646967888 -0.0373527333 -0.640957654
v -0.091365695 -0.0527501479 -0.628624499
v -0.0373527035 -0.0646968037 -0.640957654
v -0.0527499467 -0.0913658142 -0.628624499
v 5.61329339E-09 -0.0747054294 -0.640957654
v 1.03122836E-07 -0.105500095 -0.628624499
v -3.94989144E-08 0.0747054219 -0.640957654
v 0.0373527333 0.0646967813 -0.640957654
v 0.0527499914 0.0913657919 -0.628624499
v -5.52690729E-08 0.105500095 -0.628624499
v 0.0913657248 0.0527501106 -0.628624499
v 0.0646968037 0.0373526961 -0.640957654
v 0.105500095 7.91959565E-08 -0.628624499
v 0.0747054294 -1.60978875E-08 -0.640957654
v 0.0913657993 -0.0527499728 -0.628624499
v 0.0646967888 -0.0373527221 -0.640957654
v 0.0527501293 -0.0913657099 -0.628624499
v 0.0373527147 -0.0646968037 -0.640957654
v 1.03122836E-07 -0.105500095 -0.628624499
v 5.61329339E-09 -0.0747054294 -0.640957654
v -0.0300545953 0.0520559251 -0.573486745
v -0.0373527408 0.0646967813 -0.640957654
v -0.0646968111 0.0373526849 -0.640957654
v -0.0520559996 0.0300544593 -0.573486745
v -3.16041913E-08 0.0601090528 -0.573486745
v -3.94989144E-08 0.0747054219 -0.640957654
v -0.0747054294 -2.73244716E-08 -0.640957654
v -0.0601090528 -7.25014644E-08 -0.573486745
v -0.0646967888 -0.0373527333 -0.640957654
v -0.0520559289 -0.0300545823 -0.573486745
v -0.0373527035 -0.0646968037 -0.640957654
v -0.0300544705 -0.0520559959 -0.573486745
v 5.61329339E-09 -0.0747054294 -0.640957654
v 5.88690341E-08 -0.0601090528 -0.573486745
v 0.0300544947 0.052055981 -0.573486745
v 0.0373527333 0.0646967813 -0.640957654
v -3.94989144E-08 0.0747054219 -0.640957654
v -3.16041913E-08 0.0601090528 -0.573486745
v 0.0520559438 0.0300545618 -0.573486745
v 0.0646968037 0.0373526961 -0.640957654
v 0.0601090528 4.52366145E-08 -0.573486745
v 0.0747054294 -1.60978875E-08 -0.640957654
v 0.0520559885 -0.0300544836 -0.573486745
v 0.0646967888 -0.0373527221 -0.640957654
v 0.0300545711 -0.05205594 -0.573486745
v 0.0373527147 -0.0646968037 -0.640957654
v 5.88690341E-08 -0.0601090528 -0.573486745
v 5.61329339E-09 -0.0747054294 -0.640957654
v -0.0527501702 0.0913656875 -0.628624499
v -0.0588344559 0.101903945 -0.554624617
v -0.101904102 0.0588341802 -0.554624617
v -0.0913658291 0.0527499281 -0.628624499
v -5.92275349E-08 0.117668629 -0.554624617
v -5.52690729E-08 0.105500095 -0.628624499
v -0.105500095 -1.27049731E-07 -0.628624499
v -0.117668636 -1.48824213E-07 -0.554624617
v -0.091365695 -0.0527501479 -0.628624499
v -0.10190396 -0.058834441 -0.554624617
v -0.0527499467 -0.0913658142 -0.628624499
v -0.0588342138 -0.101904094 -0.554624617
v 1.03122836E-07 -0.105500095 -0.628624499
v 1.12600823E-07 -0.117668644 -0.554624617
v 1.12600823E-07 -0.117668644 -0.554624617
v 0.0588344075 -0.10190399 -0.554624617
v 0.0527501293 -0.0913657099 -0.628624499
v 1.03122836E-07 -0.105500095 -0.628624499
v 0.0913657993 -0.0527499728 -0.628624499
v 0.101904072 -0.0588342473 -0.554624617
v 0.105500095 7.91959565E-08 -0.628624499
v 0.117668636 7.63774324E-08 -0.554624617
v 0.0913657248 0.0527501106 -0.628624499
v 0.10190399 0.058834374 -0.554624617
v 0.0527499914 0.0913657919 -0.628624499
v 0.0588342622 0.101904057 -0.554624617
v -5.52690729E-08 0.105500095 -0.628624499
v -5.92275349E-08 0.117668629 -0.554624617
v -0.0966740698 0.0558147579 -0.540874958
v -0.0558148324 0.0966740325 -0.540874958
v -0.0610953607 0.105820164 -0.527125299
v -0.105820216 0.061095275 -0.527125299
v -5.5294322E-08 0.111629575 -0.540874958
v -6.3152541E-08 0.122190632 -0.527125299
v -0.0588344559 0.101903945 -0.554624617
v -0.101904102 0.0588341802 -0.554624617
v -5.92275349E-08 0.117668629 -0.554624617
v -0.111629575 -2.99773042E-08 -0.540874958
v -0.117668636 -1.48824213E-07 -0.554624617
v -0.10190396 -0.058834441 -0.554624617
v -0.09667404 -0.0558148101 -0.540874958
v -0.105820179 -0.0610953383 -0.527125299
v -0.122190632 -3.54403298E-08 -0.527125299
v -0.0558147803 -0.0966740623 -0.540874958
v -0.0588342138 -0.101904094 -0.554624617
v -0.0610952973 -0.105820194 -0.527125299
v 4.66028505E-09 -0.111629575 -0.540874958
v 1.12600823E-07 -0.117668644 -0.554624617
v 7.72811859E-09 -0.122190632 -0.527125299
v 0.0610953122 -0.105820194 -0.527125299
v 0.055814784 -0.0966740623 -0.540874958
v 4.66028505E-09 -0.111629575 -0.540874958
v 7.72811859E-09 -0.122190632 -0.527125299
v 0.0588344075 -0.10190399 -0.554624617
v 1.12600823E-07 -0.117668644 -0.554624617
v 0.0966740474 -0.0558147989 -0.540874958
v 0.101904072 -0.0588342473 -0.554624617
v 0.105820186 -0.0610953271 -0.527125299
v 0.111629575 -2.0656735E-08 -0.540874958
v 0.117668636 7.63774324E-08 -0.554624617
v 0.10190399 0.058834374 -0.554624617
v 0.0966740698 0.0558147654 -0.540874958
v 0.105820209 0.0610952899 -0.527125299
v 0.122190632 -1.99840908E-08 -0.527125299
v 0.0558148213 0.0966740325 -0.540874958
v 0.0588342622 0.101904057 -0.554624617
v 0.0610953495 0.105820164 -0.527125299
v -5.5294322E-08 0.111629575 -0.540874958
v -5.92275349E-08 0.117668629 -0.554624617
v -6.3152541E-08 0.122190632 -0.527125299
v -0.527125299 0.061095275 0.105820216
v -0.527125299 0.105820164 0.0610953607
v -0.426770478 0.120111533 0.069346644
v -0.426770478 0.0693463236 0.120111719
v -0.426770478 0.13869296 7.11132273E-08
v -0.527125299 0.122190632 6.3152541E-08
v -0.426770478 -1.75014534E-07 0.13869296
v -0.527125299 -3.54403298E-08 0.122190632
v -0.527125299 -0.0610953383 0.105820179
v -0.426770478 -0.0693466291 0.120111547
v -0.527125299 -0.105820194 0.0610952973
v -0.426770478 -0.120111711 0.0693463534
v -0.527125299 -0.122190632 -7.7281177E-09
v -0.426770478 -0.138692975 -1.3402294E-07
v -0.527125299 0.122190632 6.3152541E-08
v -0.527125299 0.105820164 -0.0610953495
v -0.426770478 0.120111667 -0.069346413
v -0.426770478 0.13869296 7.11132273E-08
v -0.426770478 0.0693465471 -0.120111585
v -0.527125299 0.0610952899 -0.105820209
v -0.426770478 9.30313391E-08 -0.13869296
v -0.527125299 -1.99840908E-08 -0.122190632
v -0.426770478 -0.0693463907 -0.120111682
v -0.527125299 -0.0610953271 -0.105820186
v -0.426770478 -0.120111577 -0.0693465918
v -0.527125299 -0.105820194 -0.0610953122
v -0.426770478 -0.138692975 -1.3402294E-07
v -0.527125299 -0.122190632 -7.7281177E-09
v -0.573486745 -7.25014644E-08 0.0601090528
v -0.573486745 -0.0300545823 0.0520559289
v -0.573486745 0.0300544593 0.0520559996
v -0.573486745 0.0520559251 0.0300545953
v -0.573486745 -0.0520559959 0.0300544705
v -0.573486745 0.0601090528 3.16041913E-08
v -0.573486745 -0.0601090528 -5.88690341E-08
v -0.573486745 0.052055981 -0.0300544947
v -0.573486745 -0.05205594 -0.0300545711
v -0.573486745 0.0300545618 -0.0520559438
v -0.573486745 -0.0300544836 -0.0520559885
v -0.573486745 4.52366145E-08 -0.0601090528
v -0.640957654 0.0373526849 0.0646968111
v -0.640957654 0.0646967813 0.0373527408
v -0.628624499 0.0913656875 0.0527501702
v -0.628624499 0.0527499281 0.0913658291
v -0.628624499 0.105500095 5.52690729E-08
v -0.640957654 0.0747054219 3.94989144E-08
v -0.640957654 -2.73244716E-08 0.0747054294
v -0.628624499 -1.27049731E-07 0.105500095
v -0.640957654 -0.0373527333 0.0646967888
v -0.628624499 -0.0527501479 0.091365695
v -0.640957654 -0.0646968037 0.0373527035
v -0.628624499 -0.0913658142 0.0527499467
v -0.640957654 -0.0747054294 -5.61329205E-09
v -0.628624499 -0.105500095 -1.03122836E-07
v -0.640957654 0.0747054219 3.94989144E-08
v -0.640957654 0.0646967813 -0.0373527333
v -0.628624499 0.0913657919 -0.0527499914
v -0.628624499 0.105500095 5.52690729E-08
v -0.628624499 0.0527501106 -0.0913657248
v -0.640957654 0.0373526961 -0.0646968037
v -0.628624499 7.91959565E-08 -0.105500095
v -0.640957654 -1.60978875E-08 -0.0747054294
v -0.628624499 -0.0527499728 -0.0913657993
v -0.640957654 -0.0373527221 -0.0646967888
v -0.628624499 -0.0913657099 -0.0527501293
v -0.640957654 -0.0646968037 -0.0373527147
v -0.628624499 -0.105500095 -1.03122836E-07
v -0.640957654 -0.0747054294 -5.61329205E-09
v -0.573486745 0.0520559251 0.0300545953
v -0.640957654 0.0646967813 0.0373527408
v -0.640957654 0.0373526849 0.0646968111
v -0.573486745 0.0300544593 0.0520559996
v -0.573486745 0.0601090528 3.16041913E-08
v -0.640957654 0.0747054219 3.94989144E-08
v -0.640957654 -2.73244716E-08 0.0747054294
v -0.573486745 -7.25014644E-08 0.0601090528
v -0.640957654 -0.0373527333 0.0646967888
v -0.573486745 -0.0300545823 0.0520559289
v -0.640957654 -0.0646968037 0.0373527035
v -0.573486745 -0.0520559959 0.0300544705
v -0.640957654 -0.0747054294 -5.61329205E-09
v -0.573486745 -0.0601090528 -5.88690341E-08
v -0.573486745 0.052055981 -0.0300544947
v -0.640957654 0.0646967813 -0.0373527333
v -0.640957654 0.0747054219 3.94989144E-08
v -0.573486745 0.0601090528 3.16041913E-08
v -0.573486745 0.0300545618 -0.0520559438
v -0.640957654 0.0373526961 -0.0646968037
v -0.573486745 4.52366145E-08 -0.0601090528
v -0.640957654 -1.60978875E-08 -0.0747054294
v -0.573486745 -0.0300544836 -0.0520559885
v -0.640957654 -0.0373527221 -0.0646967888
v -0.573486745 -0.05205594 -0.0300545711
v -0.640957654 -0.0646968037 -0.0373527147
v -0.573486745 -0.0601090528 -5.88690341E-08
v -0.640957654 -0.0747054294 -5.61329205E-09
v -0.628624499 0.0913656875 0.0527501702
v -0.554624617 0.101903945 0.0588344559
v -0.554624617 0.0588341802 0.101904102
v -0.628624499 0.0527499281 0.0913658291
v -0.554624617 0.117668629 5.92275349E-08
v -0.628624499 0.105500095 5.52690729E-08
v -0.628624499 -1.27049731E-07 0.105500095
v -0.554624617 -1.48824213E-07 0.117668636
v -0.628624499 -0.0527501479 0.091365695
v -0.554624617 -0.058834441 0.10190396
v -0.628624499 -0.0913658142 0.0527499467
v -0.554624617 -0.101904094 0.0588342138
v -0.628624499 -0.105500095 -1.03122836E-07
v -0.554624617 -0.117668644 -1.12600823E-07
v -0.554624617 -0.117668644 -1.12600823E-07
v -0.554624617 -0.10190399 -0.0588344075
v -0.628624499 -0.0913657099 -0.0527501293
v -0.628624499 -0.105500095 -1.03122836E-07
v -0.628624499 -0.0527499728 -0.0913657993
v -0.554624617 -0.0588342473 -0.101904072
v -0.628624499 7.91959565E-08 -0.105500095
v -0.554624617 7.63774324E-08 -0.117668636
v -0.628624499 0.0527501106 -0.0913657248
v -0.554624617 0.058834374 -0.10190399
v -0.628624499 0.0913657919 -0.0527499914
v -0.554624617 0.101904057 -0.0588342622
v -0.628624499 0.105500095 5.52690729E-08
v -0.554624617 0.117668629 5.92275349E-08
v -0.540874958 0.0558147579 0.0966740698
v -0.540874958 0.0966740325 0.0558148324
v -0.527125299 0.105820164 0.0610953607
v -0.527125299 0.061095275 0.105820216
v -0.540874958 0.111629575 5.5294322E-08
v -0.527125299 0.122190632 6.3152541E-08
v -0.554624617 0.101903945 0.0588344559
v -0.554624617 0.0588341802 0.101904102
v -0.554624617 0.117668629 5.92275349E-08
v -0.540874958 -2.99773042E-08 0.111629575
v -0.554624617 -1.48824213E-07 0.117668636
v -0.554624617 -0.058834441 0.10190396
v -0.540874958 -0.0558148101 0.09667404
v -0.527125299 -0.0610953383 0.105820179
v -0.527125299 -3.54403298E-08 0.122190632
v -0.540874958 -0.0966740623 0.0558147803
v -0.554624617 -0.101904094 0.0588342138
v -0.527125299 -0.105820194 0.0610952973
v -0.540874958 -0.111629575 -4.6602846E-09
v -0.554624617 -0.117668644 -1.12600823E-07
v -0.527125299 -0.122190632 -7.7281177E-09
v -0.527125299 -0.105820194 -0.0610953122
v -0.540874958 -0.0966740623 -0.055814784
v -0.540874958 -0.111629575 -4.6602846E-09
v -0.527125299 -0.122190632 -7.7281177E-09
v -0.554624617 -0.10190399 -0.0588344075
v -0.554624617 -0.117668644 -1.12600823E-07
v -0.540874958 -0.0558147989 -0.0966740474
v -0.554624617 -0.0588342473 -0.101904072
v -0.527125299 -0.0610953271 -0.105820186
v -0.540874958 -2.0656735E-08 -0.111629575
v -0.554624617 7.63774324E-08 -0.117668636
v -0.554624617 0.058834374 -0.10190399
v -0.540874958 0.0558147654 -0.0966740698
v -0.527125299 0.0610952899 -0.105820209
v -0.527125299 -1.99840908E-08 -0.122190632
v -0.540874958 0.0966740325 -0.0558148213
v -0.554624617 0.101904057 -0.0588342622
v -0.527125299 0.105820164 -0.0610953495
v -0.540874958 0.111629575 5.5294322E-08
v -0.554624617 0.117668629 5.92275349E-08
v -0.527125299 0.122190632 6.3152541E-08
v -0.265905589 0.0572451539 0.299369603
v -0.283813357 0.0619869605 0.283813357
v -0.299765706 0.146593496 0.299765706
v -0.258937061 0.135425001 0.338237971
v -0.251056045 0.043799866 0.312929958
v -0.224668935 0.103644118 0.371215284
v -0.241525412 0.023698017 0.322430074
v -0.202178299 0.0560891852 0.393677056
v -0.194889203 0 0.402203709
v -0.238764644 0 0.326423556
v -0.24856025 0.18809177 0.31994763
v -0.285767972 0.194672689 0.285767972
v -0.270293117 0.193749711 0.270293117
v -0.229579955 0.185859561 0.307966024
v -0.220135033 0.171198115 0.346954972
v -0.206665188 0.172472805 0.330822825
v -0.198118836 0.17454496 0.334986985
v -0.206340685 0.175015241 0.353316158
v -0.17430377 0.208075225 0.354022831
v -0.174067721 0.198862359 0.335266829
v -0.171435177 0.22034508 0.348196894
v -0.172050744 0.20742999 0.331203848
v -0.187547952 0.248531833 0.31990689
v -0.186359227 0.231899336 0.306447744
v -0.194750741 0.285822392 0.285012007
v -0.193373695 0.2719495 0.268670261
v -0.188005283 0.321822762 0.25002411
v -0.185924888 0.310249031 0.231749535
v -0.171701014 0.34920603 0.222022593
v -0.172366694 0.333113164 0.20832324
v -0.174843237 0.355862349 0.209384784
v -0.174516097 0.337666452 0.199678153
v -0.192448333 0.357509047 0.192448333
v -0.187340662 0.338865936 0.187340662
v -0.285767972 0.194672689 0.285767972
v -0.24856025 0.18809177 0.31994763
v -0.258937061 0.135425001 0.338237971
v -0.299765706 0.146593496 0.299765706
v -0.220135033 0.171198115 0.346954972
v -0.197963938 0.153065369 0.367811203
v -0.224668935 0.103644118 0.371215284
v -0.202178299 0.0560891852 0.393677056
v -0.138882741 0.142722234 0.400403976
v -0.169611394 0.0707402006 0.409478068
v -0.206340685 0.175015241 0.353316158
v -0.17430377 0.208075225 0.354022831
v -0.15140067 0.202953652 0.370808333
v -0.171435177 0.22034508 0.348196894
v -0.134241745 0.259699315 0.338603288
v -0.102803677 0.226302251 0.372237533
v -0.0556926578 0.204014584 0.395014524
v -0.0832588375 0.139703825 0.418570161
v -0.17172657 0 0.414584458
v -0 0 0.448743135
v -0 0.139703944 0.426770538
v -0 0.196191102 0.403505743
v -0.187547952 0.248531833 0.31990689
v -0.145274699 0.29917872 0.299174458
v -0.194750741 0.285822392 0.285012007
v -0.188005283 0.321822762 0.25002411
v -0.134241804 0.338797867 0.259886056
v -0.171701014 0.34920603 0.222022593
v -0.151586905 0.371905744 0.199847564
v -0.102803774 0.372593135 0.226651892
v -0.113150805 0.401177764 0.16934292
v -0.140296996 0.403311342 0.140296996
v -0.0980167538 0.42757377 0.0980167538
v -0.0530460328 0.427572012 0.128065139
v -0.0556927808 0.395477593 0.204474524
v -0.174843237 0.355862349 0.209384784
v -0.176397115 0.373363256 0.176397115
v -0.192448333 0.357509047 0.192448333
v -0 0.42757079 0.138616458
v -0 0.404006571 0.196692124
v -0.0496140458 0.443234384 0.0496140458
v -0 0.443229824 0.0701646879
v -0 0.447681099 -3.88578051E-24
v -0.152197048 0.36697948 0.18451044
v -0.16901508 0.36845237 0.16901508
v -0.145349771 0.388084799 0.145349771
v -0.288363904 0 0.288363904
v -0.283813357 0.0619869605 0.283813357
v -0.265905589 0.0572451539 0.299369603
v -0.251056045 0.043799866 0.312929958
v -0.241525412 0.023698017 0.322430074
v -0.238764644 0 0.326423556
v -0.241525412 -0.023698017 0.322430074
v -0.251056045 -0.043799866 0.312929958
v -0.265905589 -0.0572451539 0.299369603
v -0.283813357 -0.0619869605 0.283813357
v -0.283813357 -0.0619869605 0.283813357
v -0.299369603 -0.0572451539 0.265905589
v -0.312929958 -0.043799866 0.251056045
v -0.322430074 -0.023698017 0.241525412
v -0.326423556 0 0.238764644
v -0.322430074 0.023698017 0.241525412
v -0.312929958 0.043799866 0.251056045
v -0.299369603 0.0572451539 0.265905589
v -0.283813357 0.0619869605 0.283813357
v -0.225881115 0.222873837 0.283167809
v -0.229579955 0.185859561 0.307966024
v -0.270293117 0.193749711 0.270293117
v -0.208370551 0.205213428 0.309281111
v -0.235881969 0.232592732 0.268993855
v -0.257450253 0.224917561 0.257450253
v -0.206665188 0.172472805 0.330822825
v -0.198118836 0.17454496 0.334986985
v -0.213365629 0.235528365 0.283233255
v -0.174067721 0.198862359 0.335266829
v -0.195822909 0.21783416 0.30931443
v -0.21901989 0.251627654 0.265723616
v -0.172050744 0.20742999 0.331203848
v -0.193373695 0.2719495 0.268670261
v -0.216371506 0.271289736 0.249483421
v -0.186359227 0.231899336 0.306447744
v -0.185924888 0.310249031 0.231749535
v -0.214270592 0.293786079 0.226851538
v -0.229430154 0.280492634 0.229430154
v -0.220931962 0.294175059 0.220931962
v -0.196505517 0.319499552 0.209086448
v -0.172366694 0.333113164 0.20832324
v -0.174516097 0.337666452 0.199678153
v -0.187340662 0.338865936 0.187340662
v -0.20312725 0.319846869 0.20312725
v -0.245202348 0.226602286 0.245202348
v -0.231315717 0.232291386 0.253464431
v -0.235881969 0.232592732 0.268993855
v -0.257450253 0.224917561 0.257450253
v -0.21901989 0.251627654 0.265723616
v -0.220338091 0.245306313 0.251574904
v -0.218448535 0.258321255 0.240597293
v -0.216371506 0.271289736 0.249483421
v -0.226710662 0.2640104 0.226710662
v -0.229430154 0.280492634 0.229430154
v -0.235956505 0.245306388 0.235956505
v -0.245202348 0.226602286 0.245202348
v -0.218448535 0.258321255 0.240597293
v -0.226710662 0.2640104 0.226710662
v -0.220931962 0.294175059 0.220931962
v -0.217926174 0.293988228 0.217926174
v -0.213287041 0.293578982 0.221851617
v -0.214270592 0.293786079 0.226851538
v -0.20312725 0.319846869 0.20312725
v -0.196505517 0.319499552 0.209086448
v -0.198330224 0.315235525 0.2068948
v -0.202931195 0.315600991 0.202931195
v -0.213287041 0.293578982 0.221851617
v -0.217926174 0.293988228 0.217926174
v -0.202931195 0.315600991 0.202931195
v -0.198330224 0.315235525 0.2068948
v -0.225881115 0.222873837 0.283167809
v -0.220869288 0.221888885 0.283043444
v -0.206118464 0.207011715 0.305047691
v -0.208370551 0.205213428 0.309281111
v -0.206118464 0.207011715 0.305047691
v -0.197570801 0.215599969 0.305064201
v -0.195822909 0.21783416 0.30931443
v -0.208370551 0.205213428 0.309281111
v -0.225881115 0.222873837 0.283167809
v -0.213365629 0.235528365 0.283233255
v -0.212352633 0.230509326 0.283094138
v -0.220869288 0.221888885 0.283043444
v -0.220869288 0.221888885 0.283043444
v -0.212352633 0.230509326 0.283094138
v -0.197570801 0.215599969 0.305064201
v -0.206118464 0.207011715 0.305047691
v -0.134241804 0.338797867 0.259886056
v -0.102803774 0.372593135 0.226651892
v -0.0434719399 0.314468086 0.252669007
v -0.0567665957 0.300061107 0.266608328
v -0.0235499442 0.324317008 0.243464291
v -0.0556927808 0.395477593 0.204474524
v -0 0.404006571 0.196692124
v -0 0.328125 0.240380019
v -0.145274699 0.29917872 0.299174458
v -0.0614323094 0.283265114 0.283183575
v -0.0556926578 0.204014584 0.395014524
v -0.102803677 0.226302251 0.372237533
v -0.0434719846 0.252600074 0.314238727
v -0.0235499982 0.243347868 0.324043036
v -0.056766618 0.266608894 0.29989928
v -0.134241745 0.259699315 0.338603288
v -0 0.196191102 0.403505743
v -0 0.240245208 0.327836096
v -0.0614323094 0.283265114 0.283183575
v -0.145274699 0.29917872 0.299174458
v -0.194889203 0 0.402203709
v -0.212352633 0.230509326 0.283094138
v -0.213365629 0.235528365 0.283233255
v -0.195822909 0.21783416 0.30931443
v -0.197570801 0.215599969 0.305064201
v -0.198330224 0.315235525 0.2068948
v -0.196505517 0.319499552 0.209086448
v -0.214270592 0.293786079 0.226851538
v -0.213287041 0.293578982 0.221851617
v -0.182407528 0.154263645 0.363653034
v -0.151246846 0.187649548 0.36565879
v -0.142869636 0.147341922 0.385464519
v -0.265905589 -0.0572451539 0.299369603
v -0.258937061 -0.135425001 0.338237971
v -0.299765706 -0.146593496 0.299765706
v -0.283813357 -0.0619869605 0.283813357
v -0.251056045 -0.043799866 0.312929958
v -0.224668935 -0.103644118 0.371215284
v -0.241525412 -0.023698017 0.322430074
v -0.202178299 -0.0560891852 0.393677056
v -0.194889203 0 0.402203709
v -0.238764644 0 0.326423556
v -0.24856025 -0.18809177 0.31994763
v -0.229579955 -0.185859561 0.307966024
v -0.270293117 -0.193749711 0.270293117
v -0.285767972 -0.194672689 0.285767972
v -0.220135033 -0.171198115 0.346954972
v -0.206665188 -0.172472805 0.330822825
v -0.198118836 -0.17454496 0.334986985
v -0.206340685 -0.175015241 0.353316158
v -0.17430377 -0.208075225 0.354022831
v -0.174067721 -0.198862359 0.335266829
v -0.171435177 -0.22034508 0.348196894
v -0.172050744 -0.20742999 0.331203848
v -0.187547952 -0.248531833 0.31990689
v -0.186359227 -0.231899336 0.306447744
v -0.194750741 -0.285822392 0.285012007
v -0.193373695 -0.2719495 0.268670261
v -0.188005283 -0.321822762 0.25002411
v -0.185924888 -0.310249031 0.231749535
v -0.171701014 -0.34920603 0.222022593
v -0.172366694 -0.333113164 0.20832324
v -0.174843237 -0.355862349 0.209384784
v -0.174516097 -0.337666452 0.199678153
v -0.192448333 -0.357509047 0.192448333
v -0.187340662 -0.338865936 0.187340662
v -0.285767972 -0.194672689 0.285767972
v -0.299765706 -0.146593496 0.299765706
v -0.258937061 -0.135425001 0.338237971
v -0.24856025 -0.18809177 0.31994763
v -0.220135033 -0.171198115 0.346954972
v -0.197963938 -0.153065369 0.367811203
v -0.224668935 -0.103644118 0.371215284
v -0.202178299 -0.0560891852 0.393677056
v -0.138882741 -0.142722234 0.400403976
v -0.169611394 -0.0707402006 0.409478068
v -0.206340685 -0.175015241 0.353316158
v -0.17430377 -0.208075225 0.354022831
v -0.15140067 -0.202953652 0.370808333
v -0.171435177 -0.22034508 0.348196894
v -0.134241745 -0.259699315 0.338603288
v -0.102803677 -0.226302251 0.372237533
v -0.0556926578 -0.204014584 0.395014524
v -0.0832588375 -0.139703825 0.418570161
v -0.17172657 0 0.414584458
v -0 0 0.448743135
v -0 -0.139703944 0.426770538
v -0 -0.196191102 0.403505743
v -0.187547952 -0.248531833 0.31990689
v -0.145274699 -0.29917872 0.299174458
v -0.194750741 -0.285822392 0.285012007
v -0.188005283 -0.321822762 0.25002411
v -0.134241804 -0.338797867 0.259886056
v -0.171701014 -0.34920603 0.222022593
v -0.151586905 -0.371905744 0.199847564
v -0.102803774 -0.372593135 0.226651892
v -0.113150805 -0.401177764 0.16934292
v -0.140296996 -0.403311342 0.140296996
v -0.0980167538 -0.42757377 0.0980167538
v -0.0530460328 -0.427572012 0.128065139
v -0.0556927808 -0.395477593 0.204474524
v -0.174843237 -0.355862349 0.209384784
v -0.176397115 -0.373363256 0.176397115
v -0.192448333 -0.357509047 0.192448333
v -0 -0.42757079 0.138616458
v -0 -0.404006571 0.196692124
v -0.0496140458 -0.443234384 0.0496140458
v -0 -0.443229824 0.0701646879
v -0 -0.447681099 -3.88578051E-24
v -0.152197048 -0.36697948 0.18451044
v -0.16901508 -0.36845237 0.16901508
v -0.145349771 -0.388084799 0.145349771
v -0.225881115 -0.222873837 0.283167809
v -0.270293117 -0.193749711 0.270293117
v -0.229579955 -0.185859561 0.307966024
v -0.208370551 -0.205213428 0.309281111
v -0.235881969 -0.232592732 0.268993855
v -0.257450253 -0.224917561 0.257450253
v -0.206665188 -0.172472805 0.330822825
v -0.198118836 -0.17454496 0.334986985
v -0.213365629 -0.235528365 0.283233255
v -0.174067721 -0.198862359 0.335266829
v -0.195822909 -0.21783416 0.30931443
v -0.21901989 -0.251627654 0.265723616
v -0.172050744 -0.20742999 0.331203848
v -0.193373695 -0.2719495 0.268670261
v -0.216371506 -0.271289736 0.249483421
v -0.186359227 -0.231899336 0.306447744
v -0.185924888 -0.310249031 0.231749535
v -0.214270592 -0.293786079 0.226851538
v -0.229430154 -0.280492634 0.229430154
v -0.220931962 -0.294175059 0.220931962
v -0.196505517 -0.319499552 0.209086448
v -0.172366694 -0.333113164 0.20832324
v -0.174516097 -0.337666452 0.199678153
v -0.187340662 -0.338865936 0.187340662
v -0.20312725 -0.319846869 0.20312725
v -0.245202348 -0.226602286 0.245202348
v -0.257450253 -0.224917561 0.257450253
v -0.235881969 -0.232592732 0.268993855
v -0.231315717 -0.232291386 0.253464431
v -0.21901989 -0.251627654 0.265723616
v -0.220338091 -0.245306313 0.251574904
v -0.218448535 -0.258321255 0.240597293
v -0.216371506 -0.271289736 0.249483421
v -0.226710662 -0.2640104 0.226710662
v -0.229430154 -0.280492634 0.229430154
v -0.235956505 -0.245306388 0.235956505
v -0.245202348 -0.226602286 0.245202348
v -0.218448535 -0.258321255 0.240597293
v -0.226710662 -0.2640104 0.226710662
v -0.220931962 -0.294175059 0.220931962
v -0.214270592 -0.293786079 0.226851538
v -0.213287041 -0.293578982 0.221851617
v -0.217926174 -0.293988228 0.217926174
v -0.20312725 -0.319846869 0.20312725
v -0.202931195 -0.315600991 0.202931195
v -0.198330224 -0.315235525 0.2068948
v -0.196505517 -0.319499552 0.209086448
v -0.213287041 -0.293578982 0.221851617
v -0.198330224 -0.315235525 0.2068948
v -0.202931195 -0.315600991 0.202931195
v -0.217926174 -0.293988228 0.217926174
v -0.225881115 -0.222873837 0.283167809
v -0.208370551 -0.205213428 0.309281111
v -0.206118464 -0.207011715 0.305047691
v -0.220869288 -0.221888885 0.283043444
v -0.206118464 -0.207011715 0.305047691
v -0.208370551 -0.205213428 0.309281111
v -0.195822909 -0.21783416 0.30931443
v -0.197570801 -0.215599969 0.305064201
v -0.225881115 -0.222873837 0.283167809
v -0.220869288 -0.221888885 0.283043444
v -0.212352633 -0.230509326 0.283094138
v -0.213365629 -0.235528365 0.283233255
v -0.220869288 -0.221888885 0.283043444
v -0.206118464 -0.207011715 0.305047691
v -0.197570801 -0.215599969 0.305064201
v -0.212352633 -0.230509326 0.283094138
v -0.134241804 -0.338797867 0.259886056
v -0.0567665957 -0.300061107 0.266608328
v -0.0434719399 -0.314468086 0.252669007
v -0.102803774 -0.372593135 0.226651892
v -0.0235499442 -0.324317008 0.243464291
v -0.0556927808 -0.395477593 0.204474524
v -0 -0.404006571 0.196692124
v -0 -0.328125 0.240380019
v -0.145274699 -0.29917872 0.299174458
v -0.0614323094 -0.283265114 0.283183575
v -0.0556926578 -0.204014584 0.395014524
v -0.0235499982 -0.243347868 0.324043036
v -0.0434719846 -0.252600074 0.314238727
v -0.102803677 -0.226302251 0.372237533
v -0.056766618 -0.266608894 0.29989928
v -0.134241745 -0.259699315 0.338603288
v -0 -0.196191102 0.403505743
v -0 -0.240245208 0.327836096
v -0.0614323094 -0.283265114 0.283183575
v -0.145274699 -0.29917872 0.299174458
v -0.194889203 0 0.402203709
v -0.212352633 -0.230509326 0.283094138
v -0.197570801 -0.215599969 0.305064201
v -0.195822909 -0.21783416 0.30931443
v -0.213365629 -0.235528365 0.283233255
v -0.198330224 -0.315235525 0.2068948
v -0.213287041 -0.293578982 0.221851617
v -0.214270592 -0.293786079 0.226851538
v -0.196505517 -0.319499552 0.209086448
v -0.0235499442 -0.324317008 0.243464291
v -0 -0.289522856 0.289471596
v -0 -0.328125 0.240380019
v -0.0434719399 -0.314468086 0.252669007
v -0.0567665957 -0.300061107 0.266608328
v -0.0614323094 -0.283265114 0.283183575
v -0.056766618 -0.266608894 0.29989928
v -0.0434719846 -0.252600074 0.314238727
v -0.0235499982 -0.243347868 0.324043036
v -0 -0.240245208 0.327836096
v 0.0235499442 -0.324317008 0.243464291
v 0.0434719399 -0.314468086 0.252669007
v 0.0567665957 -0.300061107 0.266608328
v 0.0235499982 -0.243347868 0.324043036
v 0.0434719846 -0.252600074 0.314238727
v 0.056766618 -0.266608894 0.29989928
v 0.0614323094 -0.283265114 0.283183575
v -0.182407528 -0.154263645 0.363653034
v -0.142869636 -0.147341922 0.385464519
v -0.151246846 -0.187649548 0.36565879
v 0.265905589 -0.0572451539 0.299369603
v 0.283813357 -0.0619869605 0.283813357
v 0.299765706 -0.146593496 0.299765706
v 0.258937061 -0.135425001 0.338237971
v 0.251056045 -0.043799866 0.312929958
v 0.224668935 -0.103644118 0.371215284
v 0.241525412 -0.023698017 0.322430074
v 0.202178299 -0.0560891852 0.393677056
v 0.194889203 0 0.402203709
v 0.238764644 0 0.326423556
v 0.24856025 -0.18809177 0.31994763
v 0.285767972 -0.194672689 0.285767972
v 0.270293117 -0.193749711 0.270293117
v 0.229579955 -0.185859561 0.307966024
v 0.220135033 -0.171198115 0.346954972
v 0.206665188 -0.172472805 0.330822825
v 0.198118836 -0.17454496 0.334986985
v 0.206340685 -0.175015241 0.353316158
v 0.17430377 -0.208075225 0.354022831
v 0.174067721 -0.198862359 0.335266829
v 0.171435177 -0.22034508 0.348196894
v 0.172050744 -0.20742999 0.331203848
v 0.187547952 -0.248531833 0.31990689
v 0.186359227 -0.231899336 0.306447744
v 0.194750741 -0.285822392 0.285012007
v 0.193373695 -0.2719495 0.268670261
v 0.188005283 -0.321822762 0.25002411
v 0.185924888 -0.310249031 0.231749535
v 0.171701014 -0.34920603 0.222022593
v 0.172366694 -0.333113164 0.20832324
v 0.174843237 -0.355862349 0.209384784
v 0.174516097 -0.337666452 0.199678153
v 0.192448333 -0.357509047 0.192448333
v 0.187340662 -0.338865936 0.187340662
v 0.285767972 -0.194672689 0.285767972
v 0.24856025 -0.18809177 0.31994763
v 0.258937061 -0.135425001 0.338237971
v 0.299765706 -0.146593496 0.299765706
v 0.220135033 -0.171198115 0.346954972
v 0.197963938 -0.153065369 0.367811203
v 0.224668935 -0.103644118 0.371215284
v 0.202178299 -0.0560891852 0.393677056
v 0.138882741 -0.142722234 0.400403976
v 0.169611394 -0.0707402006 0.409478068
v 0.206340685 -0.175015241 0.353316158
v 0.17430377 -0.208075225 0.354022831
v 0.15140067 -0.202953652 0.370808333
v 0.171435177 -0.22034508 0.348196894
v 0.134241745 -0.259699315 0.338603288
v 0.102803677 -0.226302251 0.372237533
v 0.0556926578 -0.204014584 0.395014524
v 0.0832588375 -0.139703825 0.418570161
v 0.17172657 0 0.414584458
v -0 0 0.448743135
v -0 -0.139703944 0.426770538
v -0 -0.196191102 0.403505743
v 0.187547952 -0.248531833 0.31990689
v 0.145274699 -0.29917872 0.299174458
v 0.194750741 -0.285822392 0.285012007
v 0.188005283 -0.321822762 0.25002411
v 0.134241804 -0.338797867 0.259886056
v 0.171701014 -0.34920603 0.222022593
v 0.151586905 -0.371905744 0.199847564
v 0.102803774 -0.372593135 0.226651892
v 0.113150805 -0.401177764 0.16934292
v 0.140296996 -0.403311342 0.140296996
v 0.0980167538 -0.42757377 0.0980167538
v 0.0530460328 -0.427572012 0.128065139
v 0.0556927808 -0.395477593 0.204474524
v 0.174843237 -0.355862349 0.209384784
v 0.176397115 -0.373363256 0.176397115
v 0.192448333 -0.357509047 0.192448333
v -0 -0.42757079 0.138616458
v -0 -0.404006571 0.196692124
v 0.0496140458 -0.443234384 0.0496140458
v -0 -0.443229824 0.0701646879
v -0 -0.447681099 -3.88578051E-24
v 0.152197048 -0.36697948 0.18451044
v 0.16901508 -0.36845237 0.16901508
v 0.145349771 -0.388084799 0.145349771
v 0.225881115 -0.222873837 0.283167809
v 0.229579955 -0.185859561 0.307966024
v 0.270293117 -0.193749711 0.270293117
v 0.208370551 -0.205213428 0.309281111
v 0.235881969 -0.232592732 0.268993855
v 0.257450253 -0.224917561 0.257450253
v 0.206665188 -0.172472805 0.330822825
v 0.198118836 -0.17454496 0.334986985
v 0.213365629 -0.235528365 0.283233255
v 0.174067721 -0.198862359 0.335266829
v 0.195822909 -0.21783416 0.30931443
v 0.21901989 -0.251627654 0.265723616
v 0.172050744 -0.20742999 0.331203848
v 0.193373695 -0.2719495 0.268670261
v 0.216371506 -0.271289736 0.249483421
v 0.186359227 -0.231899336 0.306447744
v 0.185924888 -0.310249031 0.231749535
v 0.214270592 -0.293786079 0.226851538
v 0.229430154 -0.280492634 0.229430154
v 0.220931962 -0.294175059 0.220931962
v 0.196505517 -0.319499552 0.209086448
v 0.172366694 -0.333113164 0.20832324
v 0.174516097 -0.337666452 0.199678153
v 0.187340662 -0.338865936 0.187340662
v 0.20312725 -0.319846869 0.20312725
v 0.245202348 -0.226602286 0.245202348
v 0.231315717 -0.232291386 0.253464431
v 0.235881969 -0.232592732 0.268993855
v 0.257450253 -0.224917561 0.257450253
v 0.21901989 -0.251627654 0.265723616
v 0.220338091 -0.245306313 0.251574904
v 0.218448535 -0.258321255 0.240597293
v 0.216371506 -0.271289736 0.249483421
v 0.226710662 -0.2640104 0.226710662
v 0.229430154 -0.280492634 0.229430154
v 0.235956505 -0.245306388 0.235956505
v 0.245202348 -0.226602286 0.245202348
v 0.218448535 -0.258321255 0.240597293
v 0.226710662 -0.2640104 0.226710662
v 0.220931962 -0.294175059 0.220931962
v 0.217926174 -0.293988228 0.217926174
v 0.213287041 -0.293578982 0.221851617
v 0.214270592 -0.293786079 0.226851538
v 0.20312725 -0.319846869 0.20312725
v 0.196505517 -0.319499552 0.209086448
v 0.198330224 -0.315235525 0.2068948
v 0.202931195 -0.315600991 0.202931195
v 0.213287041 -0.293578982 0.221851617
v 0.217926174 -0.293988228 0.217926174
v 0.202931195 -0.315600991 0.202931195
v 0.198330224 -0.315235525 0.2068948
v 0.225881115 -0.222873837 0.283167809
v 0.220869288 -0.221888885 0.283043444
v 0.206118464 -0.207011715 0.305047691
v 0.208370551 -0.205213428 0.309281111
v 0.206118464 -0.207011715 0.305047691
v 0.197570801 -0.215599969 0.305064201
v 0.195822909 -0.21783416 0.30931443
v 0.208370551 -0.205213428 0.309281111
v 0.225881115 -0.222873837 0.283167809
v 0.213365629 -0.235528365 0.283233255
v 0.212352633 -0.230509326 0.283094138
v 0.220869288 -0.221888885 0.283043444
v 0.220869288 -0.221888885 0.283043444
v 0.212352633 -0.230509326 0.283094138
v 0.197570801 -0.215599969 0.305064201
v 0.206118464 -0.207011715 0.305047691
v 0.134241804 -0.338797867 0.259886056
v 0.102803774 -0.372593135 0.226651892
v 0.0434719399 -0.314468086 0.252669007
v 0.0567665957 -0.300061107 0.266608328
v 0.0235499442 -0.324317008 0.243464291
v 0.0556927808 -0.395477593 0.204474524
v -0 -0.404006571 0.196692124
v -0 -0.328125 0.240380019
v 0.145274699 -0.29917872 0.299174458
v 0.0614323094 -0.283265114 0.283183575
v 0.0556926578 -0.204014584 0.395014524
v 0.102803677 -0.226302251 0.372237533
v 0.0434719846 -0.252600074 0.314238727
v 0.0235499982 -0.243347868 0.324043036
v 0.056766618 -0.266608894 0.29989928
v 0.134241745 -0.259699315 0.338603288
v -0 -0.196191102 0.403505743
v -0 -0.240245208 0.327836096
v 0.0614323094 -0.283265114 0.283183575
v 0.145274699 -0.29917872 0.299174458
v 0.194889203 0 0.402203709
v 0.212352633 -0.230509326 0.283094138
v 0.213365629 -0.235528365 0.283233255
v 0.195822909 -0.21783416 0.30931443
v 0.197570801 -0.215599969 0.305064201
v 0.198330224 -0.315235525 0.2068948
v 0.196505517 -0.319499552 0.209086448
v 0.214270592 -0.293786079 0.226851538
v 0.213287041 -0.293578982 0.221851617
v 0.182407528 -0.154263645 0.363653034
v 0.151246846 -0.187649548 0.36565879
v 0.142869636 -0.147341922 0.385464519
v 0.299369603 -0.0572451539 0.265905589
v 0.338237971 -0.135425001 0.258937061
v 0.299765706 -0.146593496 0.299765706
v 0.283813357 -0.0619869605 0.283813357
v 0.312929958 -0.043799866 0.251056045
v 0.371215284 -0.103644118 0.224668935
v 0.322430074 -0.023698017 0.241525412
v 0.393677056 -0.0560891852 0.202178299
v 0.402203709 0 0.194889203
v 0.326423556 0 0.238764644
v 0.31994763 -0.18809177 0.24856025
v 0.307966024 -0.185859561 0.229579955
v 0.270293117 -0.193749711 0.270293117
v 0.285767972 -0.194672689 0.285767972
v 0.346954972 -0.171198115 0.220135033
v 0.330822825 -0.172472805 0.206665188
v 0.334986985 -0.17454496 0.198118836
v 0.353316158 -0.175015241 0.206340685
v 0.354022831 -0.208075225 0.17430377
v 0.335266829 -0.198862359 0.174067721
v 0.348196894 -0.22034508 0.171435177
v 0.331203848 -0.20742999 0.172050744
v 0.31990689 -0.248531833 0.187547952
v 0.306447744 -0.231899336 0.186359227
v 0.285012007 -0.285822392 0.194750741
v 0.268670261 -0.2719495 0.193373695
v 0.25002411 -0.321822762 0.188005283
v 0.231749535 -0.310249031 0.185924888
v 0.222022593 -0.34920603 0.171701014
v 0.20832324 -0.333113164 0.172366694
v 0.209384784 -0.355862349 0.174843237
v 0.199678153 -0.337666452 0.174516097
v 0.192448333 -0.357509047 0.192448333
v 0.187340662 -0.338865936 0.187340662
v 0.285767972 -0.194672689 0.285767972
v 0.299765706 -0.146593496 0.299765706
v 0.338237971 -0.135425001 0.258937061
v 0.31994763 -0.18809177 0.24856025
v 0.346954972 -0.171198115 0.220135033
v 0.367811203 -0.153065369 0.197963938
v 0.371215284 -0.103644118 0.224668935
v 0.393677056 -0.0560891852 0.202178299
v 0.400403976 -0.142722234 0.138882741
v 0.409478068 -0.0707402006 0.169611394
v 0.353316158 -0.175015241 0.206340685
v 0.354022831 -0.208075225 0.17430377
v 0.370808333 -0.202953652 0.15140067
v 0.348196894 -0.22034508 0.171435177
v 0.338603288 -0.259699315 0.134241745
v 0.372237533 -0.226302251 0.102803677
v 0.395014524 -0.204014584 0.0556926578
v 0.418570161 -0.139703825 0.0832588375
v 0.414584458 0 0.17172657
v 0.448743135 0 9.96409921E-17
v 0.426770538 -0.139703944 9.47620955E-17
v 0.403505743 -0.196191102 8.95962732E-17
v 0.31990689 -0.248531833 0.187547952
v 0.299174458 -0.29917872 0.145274699
v 0.285012007 -0.285822392 0.194750741
v 0.25002411 -0.321822762 0.188005283
v 0.259886056 -0.338797867 0.134241804
v 0.222022593 -0.34920603 0.171701014
v 0.199847564 -0.371905744 0.151586905
v 0.226651892 -0.372593135 0.102803774
v 0.16934292 -0.401177764 0.113150805
v 0.140296996 -0.403311342 0.140296996
v 0.0980167538 -0.42757377 0.0980167538
v 0.128065139 -0.427572012 0.0530460328
v 0.204474524 -0.395477593 0.0556927808
v 0.209384784 -0.355862349 0.174843237
v 0.176397115 -0.373363256 0.176397115
v 0.192448333 -0.357509047 0.192448333
v 0.138616458 -0.42757079 3.07790366E-17
v 0.196692124 -0.404006571 0
v 0.0496140458 -0.443234384 0.0496140458
v 0.0701646879 -0.443229824 1.55796904E-17
v -0 -0.447681099 -3.88578051E-24
v 0.18451044 -0.36697948 0.152197048
v 0.16901508 -0.36845237 0.16901508
v 0.145349771 -0.388084799 0.145349771
v 0.283167809 -0.222873837 0.225881115
v 0.270293117 -0.193749711 0.270293117
v 0.307966024 -0.185859561 0.229579955
v 0.309281111 -0.205213428 0.208370551
v 0.268993855 -0.232592732 0.235881969
v 0.257450253 -0.224917561 0.257450253
v 0.330822825 -0.172472805 0.206665188
v 0.334986985 -0.17454496 0.198118836
v 0.283233255 -0.235528365 0.213365629
v 0.335266829 -0.198862359 0.174067721
v 0.30931443 -0.21783416 0.195822909
v 0.265723616 -0.251627654 0.21901989
v 0.331203848 -0.20742999 0.172050744
v 0.268670261 -0.2719495 0.193373695
v 0.249483421 -0.271289736 0.216371506
v 0.306447744 -0.231899336 0.186359227
v 0.231749535 -0.310249031 0.185924888
v 0.226851538 -0.293786079 0.214270592
v 0.229430154 -0.280492634 0.229430154
v 0.220931962 -0.294175059 0.220931962
v 0.209086448 -0.319499552 0.196505517
v 0.20832324 -0.333113164 0.172366694
v 0.199678153 -0.337666452 0.174516097
v 0.187340662 -0.338865936 0.187340662
v 0.20312725 -0.319846869 0.20312725
v 0.245202348 -0.226602286 0.245202348
v 0.257450253 -0.224917561 0.257450253
v 0.268993855 -0.232592732 0.235881969
v 0.253464431 -0.232291386 0.231315717
v 0.265723616 -0.251627654 0.21901989
v 0.251574904 -0.245306313 0.220338091
v 0.240597293 -0.258321255 0.218448535
v 0.249483421 -0.271289736 0.216371506
v 0.226710662 -0.2640104 0.226710662
v 0.229430154 -0.280492634 0.229430154
v 0.235956505 -0.245306388 0.235956505
v 0.245202348 -0.226602286 0.245202348
v 0.240597293 -0.258321255 0.218448535
v 0.226710662 -0.2640104 0.226710662
v 0.220931962 -0.294175059 0.220931962
v 0.226851538 -0.293786079 0.214270592
v 0.221851617 -0.293578982 0.213287041
v 0.217926174 -0.293988228 0.217926174
v 0.20312725 -0.319846869 0.20312725
v 0.202931195 -0.315600991 0.202931195
v 0.2068948 -0.315235525 0.198330224
v 0.209086448 -0.319499552 0.196505517
v 0.221851617 -0.293578982 0.213287041
v 0.2068948 -0.315235525 0.198330224
v 0.202931195 -0.315600991 0.202931195
v 0.217926174 -0.293988228 0.217926174
v 0.283167809 -0.222873837 0.225881115
v 0.309281111 -0.205213428 0.208370551
v 0.305047691 -0.207011715 0.206118464
v 0.283043444 -0.221888885 0.220869288
v 0.305047691 -0.207011715 0.206118464
v 0.309281111 -0.205213428 0.208370551
v 0.30931443 -0.21783416 0.195822909
v 0.305064201 -0.215599969 0.197570801
v 0.283167809 -0.222873837 0.225881115
v 0.283043444 -0.221888885 0.220869288
v 0.283094138 -0.230509326 0.212352633
v 0.283233255 -0.235528365 0.213365629
v 0.283043444 -0.221888885 0.220869288
v 0.305047691 -0.207011715 0.206118464
v 0.305064201 -0.215599969 0.197570801
v 0.283094138 -0.230509326 0.212352633
v 0.259886056 -0.338797867 0.134241804
v 0.266608328 -0.300061107 0.0567665957
v 0.252669007 -0.314468086 0.0434719399
v 0.226651892 -0.372593135 0.102803774
v 0.243464291 -0.324317008 0.0235499442
v 0.204474524 -0.395477593 0.0556927808
v 0.196692124 -0.404006571 0
v 0.240380019 -0.328125 5.33750863E-17
v 0.299174458 -0.29917872 0.145274699
v 0.283183575 -0.283265114 0.0614323094
v 0.395014524 -0.204014584 0.0556926578
v 0.324043036 -0.243347868 0.0235499982
v 0.314238727 -0.252600074 0.0434719846
v 0.372237533 -0.226302251 0.102803677
v 0.29989928 -0.266608894 0.056766618
v 0.338603288 -0.259699315 0.134241745
v 0.403505743 -0.196191102 8.95962732E-17
v 0.327836096 -0.240245208 0
v 0.283183575 -0.283265114 0.0614323094
v 0.299174458 -0.29917872 0.145274699
v 0.402203709 0 0.194889203
v 0.283094138 -0.230509326 0.212352633
v 0.305064201 -0.215599969 0.197570801
v 0.30931443 -0.21783416 0.195822909
v 0.283233255 -0.235528365 0.213365629
v 0.2068948 -0.315235525 0.198330224
v 0.221851617 -0.293578982 0.213287041
v 0.226851538 -0.293786079 0.214270592
v 0.209086448 -0.319499552 0.196505517
v 0.243464291 -0.324317008 0.0235499442
v 0.289471596 -0.289522856 6.42756063E-17
v 0.240380019 -0.328125 5.33750863E-17
v 0.252669007 -0.314468086 0.0434719399
v 0.266608328 -0.300061107 0.0567665957
v 0.283183575 -0.283265114 0.0614323094
v 0.29989928 -0.266608894 0.056766618
v 0.314238727 -0.252600074 0.0434719846
v 0.324043036 -0.243347868 0.0235499982
v 0.327836096 -0.240245208 0
v 0.243464291 -0.324317008 -0.0235499442
v 0.252669007 -0.314468086 -0.0434719399
v 0.266608328 -0.300061107 -0.0567665957
v 0.324043036 -0.243347868 -0.0235499982
v 0.314238727 -0.252600074 -0.0434719846
v 0.29989928 -0.266608894 -0.056766618
v 0.283183575 -0.283265114 -0.0614323094
v 0.363653034 -0.154263645 0.182407528
v 0.385464519 -0.147341922 0.142869636
v 0.36565879 -0.187649548 0.151246846
v 0.299369603 -0.0572451539 -0.265905589
v 0.283813357 -0.0619869605 -0.283813357
v 0.299765706 -0.146593496 -0.299765706
v 0.338237971 -0.135425001 -0.258937061
v 0.312929958 -0.043799866 -0.251056045
v 0.371215284 -0.103644118 -0.224668935
v 0.322430074 -0.023698017 -0.241525412
v 0.393677056 -0.0560891852 -0.202178299
v 0.402203709 0 -0.194889203
v 0.326423556 0 -0.238764644
v 0.31994763 -0.18809177 -0.24856025
v 0.285767972 -0.194672689 -0.285767972
v 0.270293117 -0.193749711 -0.270293117
v 0.307966024 -0.185859561 -0.229579955
v 0.346954972 -0.171198115 -0.220135033
v 0.330822825 -0.172472805 -0.206665188
v 0.334986985 -0.17454496 -0.198118836
v 0.353316158 -0.175015241 -0.206340685
v 0.354022831 -0.208075225 -0.17430377
v 0.335266829 -0.198862359 -0.174067721
v 0.348196894 -0.22034508 -0.171435177
v 0.331203848 -0.20742999 -0.172050744
v 0.31990689 -0.248531833 -0.187547952
v 0.306447744 -0.231899336 -0.186359227
v 0.285012007 -0.285822392 -0.194750741
v 0.268670261 -0.2719495 -0.193373695
v 0.25002411 -0.321822762 -0.188005283
v 0.231749535 -0.310249031 -0.185924888
v 0.222022593 -0.34920603 -0.171701014
v 0.20832324 -0.333113164 -0.172366694
v 0.209384784 -0.355862349 -0.174843237
v 0.199678153 -0.337666452 -0.174516097
v 0.192448333 -0.357509047 -0.192448333
v 0.187340662 -0.338865936 -0.187340662
v 0.285767972 -0.194672689 -0.285767972
v 0.31994763 -0.18809177 -0.24856025
v 0.338237971 -0.135425001 -0.258937061
v 0.299765706 -0.146593496 -0.299765706
v 0.346954972 -0.171198115 -0.220135033
v 0.367811203 -0.153065369 -0.197963938
v 0.371215284 -0.103644118 -0.224668935
v 0.393677056 -0.0560891852 -0.202178299
v 0.400403976 -0.142722234 -0.138882741
v 0.409478068 -0.0707402006 -0.169611394
v 0.353316158 -0.175015241 -0.206340685
v 0.354022831 -0.208075225 -0.17430377
v 0.370808333 -0.202953652 -0.15140067
v 0.348196894 -0.22034508 -0.171435177
v 0.338603288 -0.259699315 -0.134241745
v 0.372237533 -0.226302251 -0.102803677
v 0.395014524 -0.204014584 -0.0556926578
v 0.418570161 -0.139703825 -0.0832588375
v 0.414584458 0 -0.17172657
v 0.448743135 0 9.96409921E-17
v 0.426770538 -0.139703944 9.47620955E-17
v 0.403505743 -0.196191102 8.95962732E-17
v 0.31990689 -0.248531833 -0.187547952
v 0.299174458 -0.29917872 -0.145274699
v 0.285012007 -0.285822392 -0.194750741
v 0.25002411 -0.321822762 -0.188005283
v 0.259886056 -0.338797867 -0.134241804
v 0.222022593 -0.34920603 -0.171701014
v 0.199847564 -0.371905744 -0.151586905
v 0.226651892 -0.372593135 -0.102803774
v 0.16934292 -0.401177764 -0.113150805
v 0.140296996 -0.403311342 -0.140296996
v 0.0980167538 -0.42757377 -0.0980167538
v 0.128065139 -0.427572012 -0.0530460328
v 0.204474524 -0.395477593 -0.0556927808
v 0.209384784 -0.355862349 -0.174843237
v 0.176397115 -0.373363256 -0.176397115
v 0.192448333 -0.357509047 -0.192448333
v 0.138616458 -0.42757079 3.07790366E-17
v 0.196692124 -0.404006571 0
v 0.0496140458 -0.443234384 -0.0496140458
v 0.0701646879 -0.443229824 1.55796904E-17
v -0 -0.447681099 -3.88578051E-24
v 0.18451044 -0.36697948 -0.152197048
v 0.16901508 -0.36845237 -0.16901508
v 0.145349771 -0.388084799 -0.145349771
v 0.288363904 0 -0.288363904
v 0.283813357 -0.0619869605 -0.283813357
v 0.299369603 -0.0572451539 -0.265905589
v 0.312929958 -0.043799866 -0.251056045
v 0.322430074 -0.023698017 -0.241525412
v 0.326423556 0 -0.238764644
v 0.322430074 0.023698017 -0.241525412
v 0.312929958 0.043799866 -0.251056045
v 0.299369603 0.0572451539 -0.265905589
v 0.283813357 0.0619869605 -0.283813357
v 0.265905589 -0.0572451539 -0.299369603
v 0.283813357 -0.0619869605 -0.283813357
v 0.251056045 -0.043799866 -0.312929958
v 0.241525412 -0.023698017 -0.322430074
v 0.238764644 0 -0.326423556
v 0.241525412 0.023698017 -0.322430074
v 0.251056045 0.043799866 -0.312929958
v 0.265905589 0.0572451539 -0.299369603
v 0.283813357 0.0619869605 -0.283813357
v 0.283167809 -0.222873837 -0.225881115
v 0.307966024 -0.185859561 -0.229579955
v 0.270293117 -0.193749711 -0.270293117
v 0.309281111 -0.205213428 -0.208370551
v 0.268993855 -0.232592732 -0.235881969
v 0.257450253 -0.224917561 -0.257450253
v 0.330822825 -0.172472805 -0.206665188
v 0.334986985 -0.17454496 -0.198118836
v 0.283233255 -0.235528365 -0.213365629
v 0.335266829 -0.198862359 -0.174067721
v 0.30931443 -0.21783416 -0.195822909
v 0.265723616 -0.251627654 -0.21901989
v 0.331203848 -0.20742999 -0.172050744
v 0.268670261 -0.2719495 -0.193373695
v 0.249483421 -0.271289736 -0.216371506
v 0.306447744 -0.231899336 -0.186359227
v 0.231749535 -0.310249031 -0.185924888
v 0.226851538 -0.293786079 -0.214270592
v 0.229430154 -0.280492634 -0.229430154
v 0.220931962 -0.294175059 -0.220931962
v 0.209086448 -0.319499552 -0.196505517
v 0.20832324 -0.333113164 -0.172366694
v 0.199678153 -0.337666452 -0.174516097
v 0.187340662 -0.338865936 -0.187340662
v 0.20312725 -0.319846869 -0.20312725
v 0.245202348 -0.226602286 -0.245202348
v 0.253464431 -0.232291386 -0.231315717
v 0.268993855 -0.232592732 -0.235881969
v 0.257450253 -0.224917561 -0.257450253
v 0.265723616 -0.251627654 -0.21901989
v 0.251574904 -0.245306313 -0.220338091
v 0.240597293 -0.258321255 -0.218448535
v 0.249483421 -0.271289736 -0.216371506
v 0.226710662 -0.2640104 -0.226710662
v 0.229430154 -0.280492634 -0.229430154
v 0.235956505 -0.245306388 -0.235956505
v 0.245202348 -0.226602286 -0.245202348
v 0.240597293 -0.258321255 -0.218448535
v 0.226710662 -0.2640104 -0.226710662
v 0.220931962 -0.294175059 -0.220931962
v 0.217926174 -0.293988228 -0.217926174
v 0.221851617 -0.293578982 -0.213287041
v 0.226851538 -0.293786079 -0.214270592
v 0.20312725 -0.319846869 -0.20312725
v 0.209086448 -0.319499552 -0.196505517
v 0.2068948 -0.315235525 -0.198330224
v 0.202931195 -0.315600991 -0.202931195
v 0.221851617 -0.293578982 -0.213287041
v 0.217926174 -0.293988228 -0.217926174
v 0.202931195 -0.315600991 -0.202931195
v 0.2068948 -0.315235525 -0.198330224
v 0.283167809 -0.222873837 -0.225881115
v 0.283043444 -0.221888885 -0.220869288
v 0.305047691 -0.207011715 -0.206118464
v 0.309281111 -0.205213428 -0.208370551
v 0.305047691 -0.207011715 -0.206118464
v 0.305064201 -0.215599969 -0.197570801
v 0.30931443 -0.21783416 -0.195822909
v 0.309281111 -0.205213428 -0.208370551
v 0.283167809 -0.222873837 -0.225881115
v 0.283233255 -0.235528365 -0.213365629
v 0.283094138 -0.230509326 -0.212352633
v 0.283043444 -0.221888885 -0.220869288
v 0.283043444 -0.221888885 -0.220869288
v 0.283094138 -0.230509326 -0.212352633
v 0.305064201 -0.215599969 -0.197570801
v 0.305047691 -0.207011715 -0.206118464
v 0.259886056 -0.338797867 -0.134241804
v 0.226651892 -0.372593135 -0.102803774
v 0.252669007 -0.314468086 -0.0434719399
v 0.266608328 -0.300061107 -0.0567665957
v 0.243464291 -0.324317008 -0.0235499442
v 0.204474524 -0.395477593 -0.0556927808
v 0.196692124 -0.404006571 0
v 0.240380019 -0.328125 5.33750863E-17
v 0.299174458 -0.29917872 -0.145274699
v 0.283183575 -0.283265114 -0.0614323094
v 0.395014524 -0.204014584 -0.0556926578
v 0.372237533 -0.226302251 -0.102803677
v 0.314238727 -0.252600074 -0.0434719846
v 0.324043036 -0.243347868 -0.0235499982
v 0.29989928 -0.266608894 -0.056766618
v 0.338603288 -0.259699315 -0.134241745
v 0.403505743 -0.196191102 8.95962732E-17
v 0.327836096 -0.240245208 0
v 0.283183575 -0.283265114 -0.0614323094
v 0.299174458 -0.29917872 -0.145274699
v 0.402203709 0 -0.194889203
v 0.283094138 -0.230509326 -0.212352633
v 0.283233255 -0.235528365 -0.213365629
v 0.30931443 -0.21783416 -0.195822909
v 0.305064201 -0.215599969 -0.197570801
v 0.2068948 -0.315235525 -0.198330224
v 0.209086448 -0.319499552 -0.196505517
v 0.226851538 -0.293786079 -0.214270592
v 0.221851617 -0.293578982 -0.213287041
v 0.363653034 -0.154263645 -0.182407528
v 0.36565879 -0.187649548 -0.151246846
v 0.385464519 -0.147341922 -0.142869636
v 0.299369603 0.0572451539 -0.265905589
v 0.338237971 0.135425001 -0.258937061
v 0.299765706 0.146593496 -0.299765706
v 0.283813357 0.0619869605 -0.283813357
v 0.312929958 0.043799866 -0.251056045
v 0.371215284 0.103644118 -0.224668935
v 0.322430074 0.023698017 -0.241525412
v 0.393677056 0.0560891852 -0.202178299
v 0.402203709 0 -0.194889203
v 0.326423556 0 -0.238764644
v 0.31994763 0.18809177 -0.24856025
v 0.307966024 0.185859561 -0.229579955
v 0.270293117 0.193749711 -0.270293117
v 0.285767972 0.194672689 -0.285767972
v 0.346954972 0.171198115 -0.220135033
v 0.330822825 0.172472805 -0.206665188
v 0.334986985 0.17454496 -0.198118836
v 0.353316158 0.175015241 -0.206340685
v 0.354022831 0.208075225 -0.17430377
v 0.335266829 0.198862359 -0.174067721
v 0.348196894 0.22034508 -0.171435177
v 0.331203848 0.20742999 -0.172050744
v 0.31990689 0.248531833 -0.187547952
v 0.306447744 0.231899336 -0.186359227
v 0.285012007 0.285822392 -0.194750741
v 0.268670261 0.2719495 -0.193373695
v 0.25002411 0.321822762 -0.188005283
v 0.231749535 0.310249031 -0.185924888
v 0.222022593 0.34920603 -0.171701014
v 0.20832324 0.333113164 -0.172366694
v 0.209384784 0.355862349 -0.174843237
v 0.199678153 0.337666452 -0.174516097
v 0.192448333 0.357509047 -0.192448333
v 0.187340662 0.338865936 -0.187340662
v 0.285767972 0.194672689 -0.285767972
v 0.299765706 0.146593496 -0.299765706
v 0.338237971 0.135425001 -0.258937061
v 0.31994763 0.18809177 -0.24856025
v 0.346954972 0.171198115 -0.220135033
v 0.367811203 0.153065369 -0.197963938
v 0.371215284 0.103644118 -0.224668935
v 0.393677056 0.0560891852 -0.202178299
v 0.400403976 0.142722234 -0.138882741
v 0.409478068 0.0707402006 -0.169611394
v 0.353316158 0.175015241 -0.206340685
v 0.354022831 0.208075225 -0.17430377
v 0.370808333 0.202953652 -0.15140067
v 0.348196894 0.22034508 -0.171435177
v 0.338603288 0.259699315 -0.134241745
v 0.372237533 0.226302251 -0.102803677
v 0.395014524 0.204014584 -0.0556926578
v 0.418570161 0.139703825 -0.0832588375
v 0.414584458 0 -0.17172657
v 0.448743135 0 9.96409921E-17
v 0.426770538 0.139703944 9.47620955E-17
v 0.403505743 0.196191102 8.95962732E-17
v 0.31990689 0.248531833 -0.187547952
v 0.299174458 0.29917872 -0.145274699
v 0.285012007 0.285822392 -0.194750741
v 0.25002411 0.321822762 -0.188005283
v 0.259886056 0.338797867 -0.134241804
v 0.222022593 0.34920603 -0.171701014
v 0.199847564 0.371905744 -0.151586905
v 0.226651892 0.372593135 -0.102803774
v 0.16934292 0.401177764 -0.113150805
v 0.140296996 0.403311342 -0.140296996
v 0.0980167538 0.42757377 -0.0980167538
v 0.128065139 0.427572012 -0.0530460328
v 0.204474524 0.395477593 -0.0556927808
v 0.209384784 0.355862349 -0.174843237
v 0.176397115 0.373363256 -0.176397115
v 0.192448333 0.357509047 -0.192448333
v 0.138616458 0.42757079 3.07790366E-17
v 0.196692124 0.404006571 0
v 0.0496140458 0.443234384 -0.0496140458
v 0.0701646879 0.443229824 1.55796904E-17
v -0 0.447681099 -3.88578051E-24
v 0.18451044 0.36697948 -0.152197048
v 0.16901508 0.36845237 -0.16901508
v 0.145349771 0.388084799 -0.145349771
v 0.283167809 0.222873837 -0.225881115
v 0.270293117 0.193749711 -0.270293117
v 0.307966024 0.185859561 -0.229579955
v 0.309281111 0.205213428 -0.208370551
v 0.268993855 0.232592732 -0.235881969
v 0.257450253 0.224917561 -0.257450253
v 0.330822825 0.172472805 -0.206665188
v 0.334986985 0.17454496 -0.198118836
v 0.283233255 0.235528365 -0.213365629
v 0.335266829 0.198862359 -0.174067721
v 0.30931443 0.21783416 -0.195822909
v 0.265723616 0.251627654 -0.21901989
v 0.331203848 0.20742999 -0.172050744
v 0.268670261 0.2719495 -0.193373695
v 0.249483421 0.271289736 -0.216371506
v 0.306447744 0.231899336 -0.186359227
v 0.231749535 0.310249031 -0.185924888
v 0.226851538 0.293786079 -0.214270592
v 0.229430154 0.280492634 -0.229430154
v 0.220931962 0.294175059 -0.220931962
v 0.209086448 0.319499552 -0.196505517
v 0.20832324 0.333113164 -0.172366694
v 0.199678153 0.337666452 -0.174516097
v 0.187340662 0.338865936 -0.187340662
v 0.20312725 0.319846869 -0.20312725
v 0.245202348 0.226602286 -0.245202348
v 0.257450253 0.224917561 -0.257450253
v 0.268993855 0.232592732 -0.235881969
v 0.253464431 0.232291386 -0.231315717
v 0.265723616 0.251627654 -0.21901989
v 0.251574904 0.245306313 -0.220338091
v 0.240597293 0.258321255 -0.218448535
v 0.249483421 0.271289736 -0.216371506
v 0.226710662 0.2640104 -0.226710662
v 0.229430154 0.280492634 -0.229430154
v 0.235956505 0.245306388 -0.235956505
v 0.245202348 0.226602286 -0.245202348
v 0.240597293 0.258321255 -0.218448535
v 0.226710662 0.2640104 -0.226710662
v 0.220931962 0.294175059 -0.220931962
v 0.226851538 0.293786079 -0.214270592
v 0.221851617 0.293578982 -0.213287041
v 0.217926174 0.293988228 -0.217926174
v 0.20312725 0.319846869 -0.20312725
v 0.202931195 0.315600991 -0.202931195
v 0.2068948 0.315235525 -0.198330224
v 0.209086448 0.319499552 -0.196505517
v 0.221851617 0.293578982 -0.213287041
v 0.2068948 0.315235525 -0.198330224
v 0.202931195 0.315600991 -0.202931195
v 0.217926174 0.293988228 -0.217926174
v 0.283167809 0.222873837 -0.225881115
v 0.309281111 0.205213428 -0.208370551
v 0.305047691 0.207011715 -0.206118464
v 0.283043444 0.221888885 -0.220869288
v 0.305047691 0.207011715 -0.206118464
v 0.309281111 0.205213428 -0.208370551
v 0.30931443 0.21783416 -0.195822909
v 0.305064201 0.215599969 -0.197570801
v 0.283167809 0.222873837 -0.225881115
v 0.283043444 0.221888885 -0.220869288
v 0.283094138 0.230509326 -0.212352633
v 0.283233255 0.235528365 -0.213365629
v 0.283043444 0.221888885 -0.220869288
v 0.305047691 0.207011715 -0.206118464
v 0.305064201 0.215599969 -0.197570801
v 0.283094138 0.230509326 -0.212352633
v 0.259886056 0.338797867 -0.134241804
v 0.266608328 0.300061107 -0.0567665957
v 0.252669007 0.314468086 -0.0434719399
v 0.226651892 0.372593135 -0.102803774
v 0.243464291 0.324317008 -0.0235499442
v 0.204474524 0.395477593 -0.0556927808
v 0.196692124 0.404006571 0
v 0.240380019 0.328125 5.33750863E-17
v 0.299174458 0.29917872 -0.145274699
v 0.283183575 0.283265114 -0.0614323094
v 0.395014524 0.204014584 -0.0556926578
v 0.324043036 0.243347868 -0.0235499982
v 0.314238727 0.252600074 -0.0434719846
v 0.372237533 0.226302251 -0.102803677
v 0.29989928 0.266608894 -0.056766618
v 0.338603288 0.259699315 -0.134241745
v 0.403505743 0.196191102 8.95962732E-17
v 0.327836096 0.240245208 0
v 0.283183575 0.283265114 -0.0614323094
v 0.299174458 0.29917872 -0.145274699
v 0.402203709 0 -0.194889203
v 0.283094138 0.230509326 -0.212352633
v 0.305064201 0.215599969 -0.197570801
v 0.30931443 0.21783416 -0.195822909
v 0.283233255 0.235528365 -0.213365629
v 0.2068948 0.315235525 -0.198330224
v 0.221851617 0.293578982 -0.213287041
v 0.226851538 0.293786079 -0.214270592
v 0.209086448 0.319499552 -0.196505517
v 0.243464291 0.324317008 -0.0235499442
v 0.289471596 0.289522856 6.42756063E-17
v 0.240380019 0.328125 5.33750863E-17
v 0.252669007 0.314468086 -0.0434719399
v 0.266608328 0.300061107 -0.0567665957
v 0.283183575 0.283265114 -0.0614323094
v 0.29989928 0.266608894 -0.056766618
v 0.314238727 0.252600074 -0.0434719846
v 0.324043036 0.243347868 -0.0235499982
v 0.327836096 0.240245208 0
v 0.243464291 0.324317008 0.0235499442
v 0.252669007 0.314468086 0.0434719399
v 0.266608328 0.300061107 0.0567665957
v 0.324043036 0.243347868 0.0235499982
v 0.314238727 0.252600074 0.0434719846
v 0.29989928 0.266608894 0.056766618
v 0.283183575 0.283265114 0.0614323094
v 0.363653034 0.154263645 -0.182407528
v 0.385464519 0.147341922 -0.142869636
v 0.36565879 0.187649548 -0.151246846
v 0.299369603 0.0572451539 0.265905589
v 0.283813357 0.0619869605 0.283813357
v 0.299765706 0.146593496 0.299765706
v 0.338237971 0.135425001 0.258937061
v 0.312929958 0.043799866 0.251056045
v 0.371215284 0.103644118 0.224668935
v 0.322430074 0.023698017 0.241525412
v 0.393677056 0.0560891852 0.202178299
v 0.402203709 0 0.194889203
v 0.326423556 0 0.238764644
v 0.31994763 0.18809177 0.24856025
v 0.285767972 0.194672689 0.285767972
v 0.270293117 0.193749711 0.270293117
v 0.307966024 0.185859561 0.229579955
v 0.346954972 0.171198115 0.220135033
v 0.330822825 0.172472805 0.206665188
v 0.334986985 0.17454496 0.198118836
v 0.353316158 0.175015241 0.206340685
v 0.354022831 0.208075225 0.17430377
v 0.335266829 0.198862359 0.174067721
v 0.348196894 0.22034508 0.171435177
v 0.331203848 0.20742999 0.172050744
v 0.31990689 0.248531833 0.187547952
v 0.306447744 0.231899336 0.186359227
v 0.285012007 0.285822392 0.194750741
v 0.268670261 0.2719495 0.193373695
v 0.25002411 0.321822762 0.188005283
v 0.231749535 0.310249031 0.185924888
v 0.222022593 0.34920603 0.171701014
v 0.20832324 0.333113164 0.172366694
v 0.209384784 0.355862349 0.174843237
v 0.199678153 0.337666452 0.174516097
v 0.192448333 0.357509047 0.192448333
v 0.187340662 0.338865936 0.187340662
v 0.285767972 0.194672689 0.285767972
v 0.31994763 0.18809177 0.24856025
v 0.338237971 0.135425001 0.258937061
v 0.299765706 0.146593496 0.299765706
v 0.346954972 0.171198115 0.220135033
v 0.367811203 0.153065369 0.197963938
v 0.371215284 0.103644118 0.224668935
v 0.393677056 0.0560891852 0.202178299
v 0.400403976 0.142722234 0.138882741
v 0.409478068 0.0707402006 0.169611394
v 0.353316158 0.175015241 0.206340685
v 0.354022831 0.208075225 0.17430377
v 0.370808333 0.202953652 0.15140067
v 0.348196894 0.22034508 0.171435177
v 0.338603288 0.259699315 0.134241745
v 0.372237533 0.226302251 0.102803677
v 0.395014524 0.204014584 0.0556926578
v 0.418570161 0.139703825 0.0832588375
v 0.414584458 0 0.17172657
v 0.448743135 0 9.96409921E-17
v 0.426770538 0.139703944 9.47620955E-17
v 0.403505743 0.196191102 8.95962732E-17
v 0.31990689 0.248531833 0.187547952
v 0.299174458 0.29917872 0.145274699
v 0.285012007 0.285822392 0.194750741
v 0.25002411 0.321822762 0.188005283
v 0.259886056 0.338797867 0.134241804
v 0.222022593 0.34920603 0.171701014
v 0.199847564 0.371905744 0.151586905
v 0.226651892 0.372593135 0.102803774
v 0.16934292 0.401177764 0.113150805
v 0.140296996 0.403311342 0.140296996
v 0.0980167538 0.42757377 0.0980167538
v 0.128065139 0.427572012 0.0530460328
v 0.204474524 0.395477593 0.0556927808
v 0.209384784 0.355862349 0.174843237
v 0.176397115 0.373363256 0.176397115
v 0.192448333 0.357509047 0.192448333
v 0.138616458 0.42757079 3.07790366E-17
v 0.196692124 0.404006571 0
v 0.0496140458 0.443234384 0.0496140458
v 0.0701646879 0.443229824 1.55796904E-17
v -0 0.447681099 -3.88578051E-24
v 0.18451044 0.36697948 0.152197048
v 0.16901508 0.36845237 0.16901508
v 0.145349771 0.388084799 0.145349771
v 0.283167809 0.222873837 0.225881115
v 0.307966024 0.185859561 0.229579955
v 0.270293117 0.193749711 0.270293117
v 0.309281111 0.205213428 0.208370551
v 0.268993855 0.232592732 0.235881969
v 0.257450253 0.224917561 0.257450253
v 0.330822825 0.172472805 0.206665188
v 0.334986985 0.17454496 0.198118836
v 0.283233255 0.235528365 0.213365629
v 0.335266829 0.198862359 0.174067721
v 0.30931443 0.21783416 0.195822909
v 0.265723616 0.251627654 0.21901989
v 0.331203848 0.20742999 0.172050744
v 0.268670261 0.2719495 0.193373695
v 0.249483421 0.271289736 0.216371506
v 0.306447744 0.231899336 0.186359227
v 0.231749535 0.310249031 0.185924888
v 0.226851538 0.293786079 0.214270592
v 0.229430154 0.280492634 0.229430154
v 0.220931962 0.294175059 0.220931962
v 0.209086448 0.319499552 0.196505517
v 0.20832324 0.333113164 0.172366694
v 0.199678153 0.337666452 0.174516097
v 0.187340662 0.338865936 0.187340662
v 0.20312725 0.319846869 0.20312725
v 0.245202348 0.226602286 0.245202348
v 0.253464431 0.232291386 0.231315717
v 0.268993855 0.232592732 0.235881969
v 0.257450253 0.224917561 0.257450253
v 0.265723616 0.251627654 0.21901989
v 0.251574904 0.245306313 0.220338091
v 0.240597293 0.258321255 0.218448535
v 0.249483421 0.271289736 0.216371506
v 0.226710662 0.2640104 0.226710662
v 0.229430154 0.280492634 0.229430154
v 0.235956505 0.245306388 0.235956505
v 0.245202348 0.226602286 0.245202348
v 0.240597293 0.258321255 0.218448535
v 0.226710662 0.2640104 0.226710662
v 0.220931962 0.294175059 0.220931962
v 0.217926174 0.293988228 0.217926174
v 0.221851617 0.293578982 0.213287041
v 0.226851538 0.293786079 0.214270592
v 0.20312725 0.319846869 0.20312725
v 0.209086448 0.319499552 0.196505517
v 0.2068948 0.315235525 0.198330224
v 0.202931195 0.315600991 0.202931195
v 0.221851617 0.293578982 0.213287041
v 0.217926174 0.293988228 0.217926174
v 0.202931195 0.315600991 0.202931195
v 0.2068948 0.315235525 0.198330224
v 0.283167809 0.222873837 0.225881115
v 0.283043444 0.221888885 0.220869288
v 0.305047691 0.207011715 0.206118464
v 0.309281111 0.205213428 0.208370551
v 0.305047691 0.207011715 0.206118464
v 0.305064201 0.215599969 0.197570801
v 0.30931443 0.21783416 0.195822909
v 0.309281111 0.205213428 0.208370551
v 0.283167809 0.222873837 0.225881115
v 0.283233255 0.235528365 0.213365629
v 0.283094138 0.230509326 0.212352633
v 0.283043444 0.221888885 0.220869288
v 0.283043444 0.221888885 0.220869288
v 0.283094138 0.230509326 0.212352633
v 0.305064201 0.215599969 0.197570801
v 0.305047691 0.207011715 0.206118464
v 0.259886056 0.338797867 0.134241804
v 0.226651892 0.372593135 0.102803774
v 0.252669007 0.314468086 0.0434719399
v 0.266608328 0.300061107 0.0567665957
v 0.243464291 0.324317008 0.0235499442
v 0.204474524 0.395477593 0.0556927808
v 0.196692124 0.404006571 0
v 0.240380019 0.328125 5.33750863E-17
v 0.299174458 0.29917872 0.145274699
v 0.283183575 0.283265114 0.0614323094
v 0.395014524 0.204014584 0.0556926578
v 0.372237533 0.226302251 0.102803677
v 0.314238727 0.252600074 0.0434719846
v 0.324043036 0.243347868 0.0235499982
v 0.29989928 0.266608894 0.056766618
v 0.338603288 0.259699315 0.134241745
v 0.403505743 0.196191102 8.95962732E-17
v 0.327836096 0.240245208 0
v 0.283183575 0.283265114 0.0614323094
v 0.299174458 0.29917872 0.145274699
v 0.402203709 0 0.194889203
v 0.283094138 0.230509326 0.212352633
v 0.283233255 0.235528365 0.213365629
v 0.30931443 0.21783416 0.195822909
v 0.305064201 0.215599969 0.197570801
v 0.2068948 0.315235525 0.198330224
v 0.209086448 0.319499552 0.196505517
v 0.226851538 0.293786079 0.214270592
v 0.221851617 0.293578982 0.213287041
v 0.363653034 0.154263645 0.182407528
v 0.36565879 0.187649548 0.151246846
v 0.385464519 0.147341922 0.142869636
v 0.265905589 -0.0572451539 -0.299369603
v 0.258937061 -0.135425001 -0.338237971
v 0.299765706 -0.146593496 -0.299765706
v 0.283813357 -0.0619869605 -0.283813357
v 0.251056045 -0.043799866 -0.312929958
v 0.224668935 -0.103644118 -0.371215284
v 0.241525412 -0.023698017 -0.322430074
v 0.202178299 -0.0560891852 -0.393677056
v 0.194889203 0 -0.402203709
v 0.238764644 0 -0.326423556
v 0.24856025 -0.18809177 -0.31994763
v 0.229579955 -0.185859561 -0.307966024
v 0.270293117 -0.193749711 -0.270293117
v 0.285767972 -0.194672689 -0.285767972
v 0.220135033 -0.171198115 -0.346954972
v 0.206665188 -0.172472805 -0.330822825
v 0.198118836 -0.17454496 -0.334986985
v 0.206340685 -0.175015241 -0.353316158
v 0.17430377 -0.208075225 -0.354022831
v 0.174067721 -0.198862359 -0.335266829
v 0.171435177 -0.22034508 -0.348196894
v 0.172050744 -0.20742999 -0.331203848
v 0.187547952 -0.248531833 -0.31990689
v 0.186359227 -0.231899336 -0.306447744
v 0.194750741 -0.285822392 -0.285012007
v 0.193373695 -0.2719495 -0.268670261
v 0.188005283 -0.321822762 -0.25002411
v 0.185924888 -0.310249031 -0.231749535
v 0.171701014 -0.34920603 -0.222022593
v 0.172366694 -0.333113164 -0.20832324
v 0.174843237 -0.355862349 -0.209384784
v 0.174516097 -0.337666452 -0.199678153
v 0.192448333 -0.357509047 -0.192448333
v 0.187340662 -0.338865936 -0.187340662
v 0.285767972 -0.194672689 -0.285767972
v 0.299765706 -0.146593496 -0.299765706
v 0.258937061 -0.135425001 -0.338237971
v 0.24856025 -0.18809177 -0.31994763
v 0.220135033 -0.171198115 -0.346954972
v 0.197963938 -0.153065369 -0.367811203
v 0.224668935 -0.103644118 -0.371215284
v 0.202178299 -0.0560891852 -0.393677056
v 0.138882741 -0.142722234 -0.400403976
v 0.169611394 -0.0707402006 -0.409478068
v 0.206340685 -0.175015241 -0.353316158
v 0.17430377 -0.208075225 -0.354022831
v 0.15140067 -0.202953652 -0.370808333
v 0.171435177 -0.22034508 -0.348196894
v 0.134241745 -0.259699315 -0.338603288
v 0.102803677 -0.226302251 -0.372237533
v 0.0556926578 -0.204014584 -0.395014524
v 0.0832588375 -0.139703825 -0.418570161
v 0.17172657 0 -0.414584458
v 2.54237151E-16 0 -0.448743135
v 2.41788493E-16 -0.139703944 -0.426770538
v 2.28607734E-16 -0.196191102 -0.403505743
v 0.187547952 -0.248531833 -0.31990689
v 0.145274699 -0.29917872 -0.299174458
v 0.194750741 -0.285822392 -0.285012007
v 0.188005283 -0.321822762 -0.25002411
v 0.134241804 -0.338797867 -0.259886056
v 0.171701014 -0.34920603 -0.222022593
v 0.151586905 -0.371905744 -0.199847564
v 0.102803774 -0.372593135 -0.226651892
v 0.113150805 -0.401177764 -0.16934292
v 0.140296996 -0.403311342 -0.140296996
v 0.0980167538 -0.42757377 -0.0980167538
v 0.0530460328 -0.427572012 -0.128065139
v 0.0556927808 -0.395477593 -0.204474524
v 0.174843237 -0.355862349 -0.209384784
v 0.176397115 -0.373363256 -0.176397115
v 0.192448333 -0.357509047 -0.192448333
v 7.8533692E-17 -0.42757079 -0.138616458
v -0 -0.404006571 -0.196692124
v 0.0496140458 -0.443234384 -0.0496140458
v 3.97520768E-17 -0.443229824 -0.0701646879
v -0 -0.447681099 -3.88578051E-24
v 0.152197048 -0.36697948 -0.18451044
v 0.16901508 -0.36845237 -0.16901508
v 0.145349771 -0.388084799 -0.145349771
v 0.225881115 -0.222873837 -0.283167809
v 0.270293117 -0.193749711 -0.270293117
v 0.229579955 -0.185859561 -0.307966024
v 0.208370551 -0.205213428 -0.309281111
v 0.235881969 -0.232592732 -0.268993855
v 0.257450253 -0.224917561 -0.257450253
v 0.206665188 -0.172472805 -0.330822825
v 0.198118836 -0.17454496 -0.334986985
v 0.213365629 -0.235528365 -0.283233255
v 0.174067721 -0.198862359 -0.335266829
v 0.195822909 -0.21783416 -0.30931443
v 0.21901989 -0.251627654 -0.265723616
v 0.172050744 -0.20742999 -0.331203848
v 0.193373695 -0.2719495 -0.268670261
v 0.216371506 -0.271289736 -0.249483421
v 0.186359227 -0.231899336 -0.306447744
v 0.185924888 -0.310249031 -0.231749535
v 0.214270592 -0.293786079 -0.226851538
v 0.229430154 -0.280492634 -0.229430154
v 0.220931962 -0.294175059 -0.220931962
v 0.196505517 -0.319499552 -0.209086448
v 0.172366694 -0.333113164 -0.20832324
v 0.174516097 -0.337666452 -0.199678153
v 0.187340662 -0.338865936 -0.187340662
v 0.20312725 -0.319846869 -0.20312725
v 0.245202348 -0.226602286 -0.245202348
v 0.257450253 -0.224917561 -0.257450253
v 0.235881969 -0.232592732 -0.268993855
v 0.231315717 -0.232291386 -0.253464431
v 0.21901989 -0.251627654 -0.265723616
v 0.220338091 -0.245306313 -0.251574904
v 0.218448535 -0.258321255 -0.240597293
v 0.216371506 -0.271289736 -0.249483421
v 0.226710662 -0.2640104 -0.226710662
v 0.229430154 -0.280492634 -0.229430154
v 0.235956505 -0.245306388 -0.235956505
v 0.245202348 -0.226602286 -0.245202348
v 0.218448535 -0.258321255 -0.240597293
v 0.226710662 -0.2640104 -0.226710662
v 0.220931962 -0.294175059 -0.220931962
v 0.214270592 -0.293786079 -0.226851538
v 0.213287041 -0.293578982 -0.221851617
v 0.217926174 -0.293988228 -0.217926174
v 0.20312725 -0.319846869 -0.20312725
v 0.202931195 -0.315600991 -0.202931195
v 0.198330224 -0.315235525 -0.2068948
v 0.196505517 -0.319499552 -0.209086448
v 0.213287041 -0.293578982 -0.221851617
v 0.198330224 -0.315235525 -0.2068948
v 0.202931195 -0.315600991 -0.202931195
v 0.217926174 -0.293988228 -0.217926174
v 0.225881115 -0.222873837 -0.283167809
v 0.208370551 -0.205213428 -0.309281111
v 0.206118464 -0.207011715 -0.305047691
v 0.220869288 -0.221888885 -0.283043444
v 0.206118464 -0.207011715 -0.305047691
v 0.208370551 -0.205213428 -0.309281111
v 0.195822909 -0.21783416 -0.30931443
v 0.197570801 -0.215599969 -0.305064201
v 0.225881115 -0.222873837 -0.283167809
v 0.220869288 -0.221888885 -0.283043444
v 0.212352633 -0.230509326 -0.283094138
v 0.213365629 -0.235528365 -0.283233255
v 0.220869288 -0.221888885 -0.283043444
v 0.206118464 -0.207011715 -0.305047691
v 0.197570801 -0.215599969 -0.305064201
v 0.212352633 -0.230509326 -0.283094138
v 0.134241804 -0.338797867 -0.259886056
v 0.0567665957 -0.300061107 -0.266608328
v 0.0434719399 -0.314468086 -0.252669007
v 0.102803774 -0.372593135 -0.226651892
v 0.0235499442 -0.324317008 -0.243464291
v 0.0556927808 -0.395477593 -0.204474524
v -0 -0.404006571 -0.196692124
v 1.3618822E-16 -0.328125 -0.240380019
v 0.145274699 -0.29917872 -0.299174458
v 0.0614323094 -0.283265114 -0.283183575
v 0.0556926578 -0.204014584 -0.395014524
v 0.0235499982 -0.243347868 -0.324043036
v 0.0434719846 -0.252600074 -0.314238727
v 0.102803677 -0.226302251 -0.372237533
v 0.056766618 -0.266608894 -0.29989928
v 0.134241745 -0.259699315 -0.338603288
v 2.28607734E-16 -0.196191102 -0.403505743
v -0 -0.240245208 -0.327836096
v 0.0614323094 -0.283265114 -0.283183575
v 0.145274699 -0.29917872 -0.299174458
v 0.194889203 0 -0.402203709
v 0.212352633 -0.230509326 -0.283094138
v 0.197570801 -0.215599969 -0.305064201
v 0.195822909 -0.21783416 -0.30931443
v 0.213365629 -0.235528365 -0.283233255
v 0.198330224 -0.315235525 -0.2068948
v 0.213287041 -0.293578982 -0.221851617
v 0.214270592 -0.293786079 -0.226851538
v 0.196505517 -0.319499552 -0.209086448
v 0.0235499442 -0.324317008 -0.243464291
v 1.64001249E-16 -0.289522856 -0.289471596
v 1.3618822E-16 -0.328125 -0.240380019
v 0.0434719399 -0.314468086 -0.252669007
v 0.0567665957 -0.300061107 -0.266608328
v 0.0614323094 -0.283265114 -0.283183575
v 0.056766618 -0.266608894 -0.29989928
v 0.0434719846 -0.252600074 -0.314238727
v 0.0235499982 -0.243347868 -0.324043036
v -0 -0.240245208 -0.327836096
v -0.0235499442 -0.324317008 -0.243464291
v -0.0434719399 -0.314468086 -0.252669007
v -0.0567665957 -0.300061107 -0.266608328
v -0.0235499982 -0.243347868 -0.324043036
v -0.0434719846 -0.252600074 -0.314238727
v -0.056766618 -0.266608894 -0.29989928
v -0.0614323094 -0.283265114 -0.283183575
v 0.182407528 -0.154263645 -0.363653034
v 0.142869636 -0.147341922 -0.385464519
v 0.151246846 -0.187649548 -0.36565879
v -0.265905589 -0.0572451539 -0.299369603
v -0.283813357 -0.0619869605 -0.283813357
v -0.299765706 -0.146593496 -0.299765706
v -0.258937061 -0.135425001 -0.338237971
v -0.251056045 -0.043799866 -0.312929958
v -0.224668935 -0.103644118 -0.371215284
v -0.241525412 -0.023698017 -0.322430074
v -0.202178299 -0.0560891852 -0.393677056
v -0.194889203 0 -0.402203709
v -0.238764644 0 -0.326423556
v -0.24856025 -0.18809177 -0.31994763
v -0.285767972 -0.194672689 -0.285767972
v -0.270293117 -0.193749711 -0.270293117
v -0.229579955 -0.185859561 -0.307966024
v -0.220135033 -0.171198115 -0.346954972
v -0.206665188 -0.172472805 -0.330822825
v -0.198118836 -0.17454496 -0.334986985
v -0.206340685 -0.175015241 -0.353316158
v -0.17430377 -0.208075225 -0.354022831
v -0.174067721 -0.198862359 -0.335266829
v -0.171435177 -0.22034508 -0.348196894
v -0.172050744 -0.20742999 -0.331203848
v -0.187547952 -0.248531833 -0.31990689
v -0.186359227 -0.231899336 -0.306447744
v -0.194750741 -0.285822392 -0.285012007
v -0.193373695 -0.2719495 -0.268670261
v -0.188005283 -0.321822762 -0.25002411
v -0.185924888 -0.310249031 -0.231749535
v -0.171701014 -0.34920603 -0.222022593
v -0.172366694 -0.333113164 -0.20832324
v -0.174843237 -0.355862349 -0.209384784
v -0.174516097 -0.337666452 -0.199678153
v -0.192448333 -0.357509047 -0.192448333
v -0.187340662 -0.338865936 -0.187340662
v -0.285767972 -0.194672689 -0.285767972
v -0.24856025 -0.18809177 -0.31994763
v -0.258937061 -0.135425001 -0.338237971
v -0.299765706 -0.146593496 -0.299765706
v -0.220135033 -0.171198115 -0.346954972
v -0.197963938 -0.153065369 -0.367811203
v -0.224668935 -0.103644118 -0.371215284
v -0.202178299 -0.0560891852 -0.393677056
v -0.138882741 -0.142722234 -0.400403976
v -0.169611394 -0.0707402006 -0.409478068
v -0.206340685 -0.175015241 -0.353316158
v -0.17430377 -0.208075225 -0.354022831
v -0.15140067 -0.202953652 -0.370808333
v -0.171435177 -0.22034508 -0.348196894
v -0.134241745 -0.259699315 -0.338603288
v -0.102803677 -0.226302251 -0.372237533
v -0.0556926578 -0.204014584 -0.395014524
v -0.0832588375 -0.139703825 -0.418570161
v -0.17172657 0 -0.414584458
v 2.54237151E-16 0 -0.448743135
v 2.41788493E-16 -0.139703944 -0.426770538
v 2.28607734E-16 -0.196191102 -0.403505743
v -0.187547952 -0.248531833 -0.31990689
v -0.145274699 -0.29917872 -0.299174458
v -0.194750741 -0.285822392 -0.285012007
v -0.188005283 -0.321822762 -0.25002411
v -0.134241804 -0.338797867 -0.259886056
v -0.171701014 -0.34920603 -0.222022593
v -0.151586905 -0.371905744 -0.199847564
v -0.102803774 -0.372593135 -0.226651892
v -0.113150805 -0.401177764 -0.16934292
v -0.140296996 -0.403311342 -0.140296996
v -0.0980167538 -0.42757377 -0.0980167538
v -0.0530460328 -0.427572012 -0.128065139
v -0.0556927808 -0.395477593 -0.204474524
v -0.174843237 -0.355862349 -0.209384784
v -0.176397115 -0.373363256 -0.176397115
v -0.192448333 -0.357509047 -0.192448333
v 7.8533692E-17 -0.42757079 -0.138616458
v -0 -0.404006571 -0.196692124
v -0.0496140458 -0.443234384 -0.0496140458
v 3.97520768E-17 -0.443229824 -0.0701646879
v -0 -0.447681099 -3.88578051E-24
v -0.152197048 -0.36697948 -0.18451044
v -0.16901508 -0.36845237 -0.16901508
v -0.145349771 -0.388084799 -0.145349771
v -0.288363904 0 -0.288363904
v -0.283813357 -0.0619869605 -0.283813357
v -0.265905589 -0.0572451539 -0.299369603
v -0.251056045 -0.043799866 -0.312929958
v -0.241525412 -0.023698017 -0.322430074
v -0.238764644 0 -0.326423556
v -0.241525412 0.023698017 -0.322430074
v -0.251056045 0.043799866 -0.312929958
v -0.265905589 0.0572451539 -0.299369603
v -0.283813357 0.0619869605 -0.283813357
v -0.299369603 -0.0572451539 -0.265905589
v -0.283813357 -0.0619869605 -0.283813357
v -0.312929958 -0.043799866 -0.251056045
v -0.322430074 -0.023698017 -0.241525412
v -0.326423556 0 -0.238764644
v -0.322430074 0.023698017 -0.241525412
v -0.312929958 0.043799866 -0.251056045
v -0.299369603 0.0572451539 -0.265905589
v -0.283813357 0.0619869605 -0.283813357
v -0.225881115 -0.222873837 -0.283167809
v -0.229579955 -0.185859561 -0.307966024
v -0.270293117 -0.193749711 -0.270293117
v -0.208370551 -0.205213428 -0.309281111
v -0.235881969 -0.232592732 -0.268993855
v -0.257450253 -0.224917561 -0.257450253
v -0.206665188 -0.172472805 -0.330822825
v -0.198118836 -0.17454496 -0.334986985
v -0.213365629 -0.235528365 -0.283233255
v -0.174067721 -0.198862359 -0.335266829
v -0.195822909 -0.21783416 -0.30931443
v -0.21901989 -0.251627654 -0.265723616
v -0.172050744 -0.20742999 -0.331203848
v -0.193373695 -0.2719495 -0.268670261
v -0.216371506 -0.271289736 -0.249483421
v -0.186359227 -0.231899336 -0.306447744
v -0.185924888 -0.310249031 -0.231749535
v -0.214270592 -0.293786079 -0.226851538
v -0.229430154 -0.280492634 -0.229430154
v -0.220931962 -0.294175059 -0.220931962
v -0.196505517 -0.319499552 -0.209086448
v -0.172366694 -0.333113164 -0.20832324
v -0.174516097 -0.337666452 -0.199678153
v -0.187340662 -0.338865936 -0.187340662
v -0.20312725 -0.319846869 -0.20312725
v -0.245202348 -0.226602286 -0.245202348
v -0.231315717 -0.232291386 -0.253464431
v -0.235881969 -0.232592732 -0.268993855
v -0.257450253 -0.224917561 -0.257450253
v -0.21901989 -0.251627654 -0.265723616
v -0.220338091 -0.245306313 -0.251574904
v -0.218448535 -0.258321255 -0.240597293
v -0.216371506 -0.271289736 -0.249483421
v -0.226710662 -0.2640104 -0.226710662
v -0.229430154 -0.280492634 -0.229430154
v -0.235956505 -0.245306388 -0.235956505
v -0.245202348 -0.226602286 -0.245202348
v -0.218448535 -0.258321255 -0.240597293
v -0.226710662 -0.2640104 -0.226710662
v -0.220931962 -0.294175059 -0.220931962
v -0.217926174 -0.293988228 -0.217926174
v -0.213287041 -0.293578982 -0.221851617
v -0.214270592 -0.293786079 -0.226851538
v -0.20312725 -0.319846869 -0.20312725
v -0.196505517 -0.319499552 -0.209086448
v -0.198330224 -0.315235525 -0.2068948
v -0.202931195 -0.315600991 -0.202931195
v -0.213287041 -0.293578982 -0.221851617
v -0.217926174 -0.293988228 -0.217926174
v -0.202931195 -0.315600991 -0.202931195
v -0.198330224 -0.315235525 -0.2068948
v -0.225881115 -0.222873837 -0.283167809
v -0.220869288 -0.221888885 -0.283043444
v -0.206118464 -0.207011715 -0.305047691
v -0.208370551 -0.205213428 -0.309281111
v -0.206118464 -0.207011715 -0.305047691
v -0.197570801 -0.215599969 -0.305064201
v -0.195822909 -0.21783416 -0.30931443
v -0.208370551 -0.205213428 -0.309281111
v -0.225881115 -0.222873837 -0.283167809
v -0.213365629 -0.235528365 -0.283233255
v -0.212352633 -0.230509326 -0.283094138
v -0.220869288 -0.221888885 -0.283043444
v -0.220869288 -0.221888885 -0.283043444
v -0.212352633 -0.230509326 -0.283094138
v -0.197570801 -0.215599969 -0.305064201
v -0.206118464 -0.207011715 -0.305047691
v -0.134241804 -0.338797867 -0.259886056
v -0.102803774 -0.372593135 -0.226651892
v -0.0434719399 -0.314468086 -0.252669007
v -0.0567665957 -0.300061107 -0.266608328
v -0.0235499442 -0.324317008 -0.243464291
v -0.0556927808 -0.395477593 -0.204474524
v -0 -0.404006571 -0.196692124
v 1.3618822E-16 -0.328125 -0.240380019
v -0.145274699 -0.29917872 -0.299174458
v -0.0614323094 -0.283265114 -0.283183575
v -0.0556926578 -0.204014584 -0.395014524
v -0.102803677 -0.226302251 -0.372237533
v -0.0434719846 -0.252600074 -0.314238727
v -0.0235499982 -0.243347868 -0.324043036
v -0.056766618 -0.266608894 -0.29989928
v -0.134241745 -0.259699315 -0.338603288
v 2.28607734E-16 -0.196191102 -0.403505743
v -0 -0.240245208 -0.327836096
v -0.0614323094 -0.283265114 -0.283183575
v -0.145274699 -0.29917872 -0.299174458
v -0.194889203 0 -0.402203709
v -0.212352633 -0.230509326 -0.283094138
v -0.213365629 -0.235528365 -0.283233255
v -0.195822909 -0.21783416 -0.30931443
v -0.197570801 -0.215599969 -0.305064201
v -0.198330224 -0.315235525 -0.2068948
v -0.196505517 -0.319499552 -0.209086448
v -0.214270592 -0.293786079 -0.226851538
v -0.213287041 -0.293578982 -0.221851617
v -0.182407528 -0.154263645 -0.363653034
v -0.151246846 -0.187649548 -0.36565879
v -0.142869636 -0.147341922 -0.385464519
v -0.265905589 0.0572451539 -0.299369603
v -0.258937061 0.135425001 -0.338237971
v -0.299765706 0.146593496 -0.299765706
v -0.283813357 0.0619869605 -0.283813357
v -0.251056045 0.043799866 -0.312929958
v -0.224668935 0.103644118 -0.371215284
v -0.241525412 0.023698017 -0.322430074
v -0.202178299 0.0560891852 -0.393677056
v -0.194889203 0 -0.402203709
v -0.238764644 0 -0.326423556
v -0.24856025 0.18809177 -0.31994763
v -0.229579955 0.185859561 -0.307966024
v -0.270293117 0.193749711 -0.270293117
v -0.285767972 0.194672689 -0.285767972
v -0.220135033 0.171198115 -0.346954972
v -0.206665188 0.172472805 -0.330822825
v -0.198118836 0.17454496 -0.334986985
v -0.206340685 0.175015241 -0.353316158
v -0.17430377 0.208075225 -0.354022831
v -0.174067721 0.198862359 -0.335266829
v -0.171435177 0.22034508 -0.348196894
v -0.172050744 0.20742999 -0.331203848
v -0.187547952 0.248531833 -0.31990689
v -0.186359227 0.231899336 -0.306447744
v -0.194750741 0.285822392 -0.285012007
v -0.193373695 0.2719495 -0.268670261
v -0.188005283 0.321822762 -0.25002411
v -0.185924888 0.310249031 -0.231749535
v -0.171701014 0.34920603 -0.222022593
v -0.172366694 0.333113164 -0.20832324
v -0.174843237 0.355862349 -0.209384784
v -0.174516097 0.337666452 -0.199678153
v -0.192448333 0.357509047 -0.192448333
v -0.187340662 0.338865936 -0.187340662
v -0.285767972 0.194672689 -0.285767972
v -0.299765706 0.146593496 -0.299765706
v -0.258937061 0.135425001 -0.338237971
v -0.24856025 0.18809177 -0.31994763
v -0.220135033 0.171198115 -0.346954972
v -0.197963938 0.153065369 -0.367811203
v -0.224668935 0.103644118 -0.371215284
v -0.202178299 0.0560891852 -0.393677056
v -0.138882741 0.142722234 -0.400403976
v -0.169611394 0.0707402006 -0.409478068
v -0.206340685 0.175015241 -0.353316158
v -0.17430377 0.208075225 -0.354022831
v -0.15140067 0.202953652 -0.370808333
v -0.171435177 0.22034508 -0.348196894
v -0.134241745 0.259699315 -0.338603288
v -0.102803677 0.226302251 -0.372237533
v -0.0556926578 0.204014584 -0.395014524
v -0.0832588375 0.139703825 -0.418570161
v -0.17172657 0 -0.414584458
v 2.54237151E-16 0 -0.448743135
v 2.41788493E-16 0.139703944 -0.426770538
v 2.28607734E-16 0.196191102 -0.403505743
v -0.187547952 0.248531833 -0.31990689
v -0.145274699 0.29917872 -0.299174458
v -0.194750741 0.285822392 -0.285012007
v -0.188005283 0.321822762 -0.25002411
v -0.134241804 0.338797867 -0.259886056
v -0.171701014 0.34920603 -0.222022593
v -0.151586905 0.371905744 -0.199847564
v -0.102803774 0.372593135 -0.226651892
v -0.113150805 0.401177764 -0.16934292
v -0.140296996 0.403311342 -0.140296996
v -0.0980167538 0.42757377 -0.0980167538
v -0.0530460328 0.427572012 -0.128065139
v -0.0556927808 0.395477593 -0.204474524
v -0.174843237 0.355862349 -0.209384784
v -0.176397115 0.373363256 -0.176397115
v -0.192448333 0.357509047 -0.192448333
v 7.8533692E-17 0.42757079 -0.138616458
v -0 0.404006571 -0.196692124
v -0.0496140458 0.443234384 -0.0496140458
v 3.97520768E-17 0.443229824 -0.0701646879
v -0 0.447681099 -3.88578051E-24
v -0.152197048 0.36697948 -0.18451044
v -0.16901508 0.36845237 -0.16901508
v -0.145349771 0.388084799 -0.145349771
v -0.225881115 0.222873837 -0.283167809
v -0.270293117 0.193749711 -0.270293117
v -0.229579955 0.185859561 -0.307966024
v -0.208370551 0.205213428 -0.309281111
v -0.235881969 0.232592732 -0.268993855
v -0.257450253 0.224917561 -0.257450253
v -0.206665188 0.172472805 -0.330822825
v -0.198118836 0.17454496 -0.334986985
v -0.213365629 0.235528365 -0.283233255
v -0.174067721 0.198862359 -0.335266829
v -0.195822909 0.21783416 -0.30931443
v -0.21901989 0.251627654 -0.265723616
v -0.172050744 0.20742999 -0.331203848
v -0.193373695 0.2719495 -0.268670261
v -0.216371506 0.271289736 -0.249483421
v -0.186359227 0.231899336 -0.306447744
v -0.185924888 0.310249031 -0.231749535
v -0.214270592 0.293786079 -0.226851538
v -0.229430154 0.280492634 -0.229430154
v -0.220931962 0.294175059 -0.220931962
v -0.196505517 0.319499552 -0.209086448
v -0.172366694 0.333113164 -0.20832324
v -0.174516097 0.337666452 -0.199678153
v -0.187340662 0.338865936 -0.187340662
v -0.20312725 0.319846869 -0.20312725
v -0.245202348 0.226602286 -0.245202348
v -0.257450253 0.224917561 -0.257450253
v -0.235881969 0.232592732 -0.268993855
v -0.231315717 0.232291386 -0.253464431
v -0.21901989 0.251627654 -0.265723616
v -0.220338091 0.245306313 -0.251574904
v -0.218448535 0.258321255 -0.240597293
v -0.216371506 0.271289736 -0.249483421
v -0.226710662 0.2640104 -0.226710662
v -0.229430154 0.280492634 -0.229430154
v -0.235956505 0.245306388 -0.235956505
v -0.245202348 0.226602286 -0.245202348
v -0.218448535 0.258321255 -0.240597293
v -0.226710662 0.2640104 -0.226710662
v -0.220931962 0.294175059 -0.220931962
v -0.214270592 0.293786079 -0.226851538
v -0.213287041 0.293578982 -0.221851617
v -0.217926174 0.293988228 -0.217926174
v -0.20312725 0.319846869 -0.20312725
v -0.202931195 0.315600991 -0.202931195
v -0.198330224 0.315235525 -0.2068948
v -0.196505517 0.319499552 -0.209086448
v -0.213287041 0.293578982 -0.221851617
v -0.198330224 0.315235525 -0.2068948
v -0.202931195 0.315600991 -0.202931195
v -0.217926174 0.293988228 -0.217926174
v -0.225881115 0.222873837 -0.283167809
v -0.208370551 0.205213428 -0.309281111
v -0.206118464 0.207011715 -0.305047691
v -0.220869288 0.221888885 -0.283043444
v -0.206118464 0.207011715 -0.305047691
v -0.208370551 0.205213428 -0.309281111
v -0.195822909 0.21783416 -0.30931443
v -0.197570801 0.215599969 -0.305064201
v -0.225881115 0.222873837 -0.283167809
v -0.220869288 0.221888885 -0.283043444
v -0.212352633 0.230509326 -0.283094138
v -0.213365629 0.235528365 -0.283233255
v -0.220869288 0.221888885 -0.283043444
v -0.206118464 0.207011715 -0.305047691
v -0.197570801 0.215599969 -0.305064201
v -0.212352633 0.230509326 -0.283094138
v -0.134241804 0.338797867 -0.259886056
v -0.0567665957 0.300061107 -0.266608328
v -0.0434719399 0.314468086 -0.252669007
v -0.102803774 0.372593135 -0.226651892
v -0.0235499442 0.324317008 -0.243464291
v -0.0556927808 0.395477593 -0.204474524
v -0 0.404006571 -0.196692124
v 1.3618822E-16 0.328125 -0.240380019
v -0.145274699 0.29917872 -0.299174458
v -0.0614323094 0.283265114 -0.283183575
v -0.0556926578 0.204014584 -0.395014524
v -0.0235499982 0.243347868 -0.324043036
v -0.0434719846 0.252600074 -0.314238727
v -0.102803677 0.226302251 -0.372237533
v -0.056766618 0.266608894 -0.29989928
v -0.134241745 0.259699315 -0.338603288
v 2.28607734E-16 0.196191102 -0.403505743
v -0 0.240245208 -0.327836096
v -0.0614323094 0.283265114 -0.283183575
v -0.145274699 0.29917872 -0.299174458
v -0.194889203 0 -0.402203709
v -0.212352633 0.230509326 -0.283094138
v -0.197570801 0.215599969 -0.305064201
v -0.195822909 0.21783416 -0.30931443
v -0.213365629 0.235528365 -0.283233255
v -0.198330224 0.315235525 -0.2068948
v -0.213287041 0.293578982 -0.221851617
v -0.214270592 0.293786079 -0.226851538
v -0.196505517 0.319499552 -0.209086448
v -0.0235499442 0.324317008 -0.243464291
v 1.64001249E-16 0.289522856 -0.289471596
v 1.3618822E-16 0.328125 -0.240380019
v -0.0434719399 0.314468086 -0.252669007
v -0.0567665957 0.300061107 -0.266608328
v -0.0614323094 0.283265114 -0.283183575
v -0.056766618 0.266608894 -0.29989928
v -0.0434719846 0.252600074 -0.314238727
v -0.0235499982 0.243347868 -0.324043036
v -0 0.240245208 -0.327836096
v 0.0235499442 0.324317008 -0.243464291
v 0.0434719399 0.314468086 -0.252669007
v 0.0567665957 0.300061107 -0.266608328
v 0.0235499982 0.243347868 -0.324043036
v 0.0434719846 0.252600074 -0.314238727
v 0.056766618 0.266608894 -0.29989928
v 0.0614323094 0.283265114 -0.283183575
v -0.182407528 0.154263645 -0.363653034
v -0.142869636 0.147341922 -0.385464519
v -0.151246846 0.187649548 -0.36565879
v 0.265905589 0.0572451539 -0.299369603
v 0.283813357 0.0619869605 -0.283813357
v 0.299765706 0.146593496 -0.299765706
v 0.258937061 0.135425001 -0.338237971
v 0.251056045 0.043799866 -0.312929958
v 0.224668935 0.103644118 -0.371215284
v 0.241525412 0.023698017 -0.322430074
v 0.202178299 0.0560891852 -0.393677056
v 0.194889203 0 -0.402203709
v 0.238764644 0 -0.326423556
v 0.24856025 0.18809177 -0.31994763
v 0.285767972 0.194672689 -0.285767972
v 0.270293117 0.193749711 -0.270293117
v 0.229579955 0.185859561 -0.307966024
v 0.220135033 0.171198115 -0.346954972
v 0.206665188 0.172472805 -0.330822825
v 0.198118836 0.17454496 -0.334986985
v 0.206340685 0.175015241 -0.353316158
v 0.17430377 0.208075225 -0.354022831
v 0.174067721 0.198862359 -0.335266829
v 0.171435177 0.22034508 -0.348196894
v 0.172050744 0.20742999 -0.331203848
v 0.187547952 0.248531833 -0.31990689
v 0.186359227 0.231899336 -0.306447744
v 0.194750741 0.285822392 -0.285012007
v 0.193373695 0.2719495 -0.268670261
v 0.188005283 0.321822762 -0.25002411
v 0.185924888 0.310249031 -0.231749535
v 0.171701014 0.34920603 -0.222022593
v 0.172366694 0.333113164 -0.20832324
v 0.174843237 0.355862349 -0.209384784
v 0.174516097 0.337666452 -0.199678153
v 0.192448333 0.357509047 -0.192448333
v 0.187340662 0.338865936 -0.187340662
v 0.285767972 0.194672689 -0.285767972
v 0.24856025 0.18809177 -0.31994763
v 0.258937061 0.135425001 -0.338237971
v 0.299765706 0.146593496 -0.299765706
v 0.220135033 0.171198115 -0.346954972
v 0.197963938 0.153065369 -0.367811203
v 0.224668935 0.103644118 -0.371215284
v 0.202178299 0.0560891852 -0.393677056
v 0.138882741 0.142722234 -0.400403976
v 0.169611394 0.0707402006 -0.409478068
v 0.206340685 0.175015241 -0.353316158
v 0.17430377 0.208075225 -0.354022831
v 0.15140067 0.202953652 -0.370808333
v 0.171435177 0.22034508 -0.348196894
v 0.134241745 0.259699315 -0.338603288
v 0.102803677 0.226302251 -0.372237533
v 0.0556926578 0.204014584 -0.395014524
v 0.0832588375 0.139703825 -0.418570161
v 0.17172657 0 -0.414584458
v 2.54237151E-16 0 -0.448743135
v 2.41788493E-16 0.139703944 -0.426770538
v 2.28607734E-16 0.196191102 -0.403505743
v 0.187547952 0.248531833 -0.31990689
v 0.145274699 0.29917872 -0.299174458
v 0.194750741 0.285822392 -0.285012007
v 0.188005283 0.321822762 -0.25002411
v 0.134241804 0.338797867 -0.259886056
v 0.171701014 0.34920603 -0.222022593
v 0.151586905 0.371905744 -0.199847564
v 0.102803774 0.372593135 -0.226651892
v 0.113150805 0.401177764 -0.16934292
v 0.140296996 0.403311342 -0.140296996
v 0.0980167538 0.42757377 -0.0980167538
v 0.0530460328 0.427572012 -0.128065139
v 0.0556927808 0.395477593 -0.204474524
v 0.174843237 0.355862349 -0.209384784
v 0.176397115 0.373363256 -0.176397115
v 0.192448333 0.357509047 -0.192448333
v 7.8533692E-17 0.42757079 -0.138616458
v -0 0.404006571 -0.196692124
v 0.0496140458 0.443234384 -0.0496140458
v 3.97520768E-17 0.443229824 -0.0701646879
v -0 0.447681099 -3.88578051E-24
v 0.152197048 0.36697948 -0.18451044
v 0.16901508 0.36845237 -0.16901508
v 0.145349771 0.388084799 -0.145349771
v 0.225881115 0.222873837 -0.283167809
v 0.229579955 0.185859561 -0.307966024
v 0.270293117 0.193749711 -0.270293117
v 0.208370551 0.205213428 -0.309281111
v 0.235881969 0.232592732 -0.268993855
v 0.257450253 0.224917561 -0.257450253
v 0.206665188 0.172472805 -0.330822825
v 0.198118836 0.17454496 -0.334986985
v 0.213365629 0.235528365 -0.283233255
v 0.174067721 0.198862359 -0.335266829
v 0.195822909 0.21783416 -0.30931443
v 0.21901989 0.251627654 -0.265723616
v 0.172050744 0.20742999 -0.331203848
v 0.193373695 0.2719495 -0.268670261
v 0.216371506 0.271289736 -0.249483421
v 0.186359227 0.231899336 -0.306447744
v 0.185924888 0.310249031 -0.231749535
v 0.214270592 0.293786079 -0.226851538
v 0.229430154 0.280492634 -0.229430154
v 0.220931962 0.294175059 -0.220931962
v 0.196505517 0.319499552 -0.209086448
v 0.172366694 0.333113164 -0.20832324
v 0.174516097 0.337666452 -0.199678153
v 0.187340662 0.338865936 -0.187340662
v 0.20312725 0.319846869 -0.20312725
v 0.245202348 0.226602286 -0.245202348
v 0.231315717 0.232291386 -0.253464431
v 0.235881969 0.232592732 -0.268993855
v 0.257450253 0.224917561 -0.257450253
v 0.21901989 0.251627654 -0.265723616
v 0.220338091 0.245306313 -0.251574904
v 0.218448535 0.258321255 -0.240597293
v 0.216371506 0.271289736 -0.249483421
v 0.226710662 0.2640104 -0.226710662
v 0.229430154 0.280492634 -0.229430154
v 0.235956505 0.245306388 -0.235956505
v 0.245202348 0.226602286 -0.245202348
v 0.218448535 0.258321255 -0.240597293
v 0.226710662 0.2640104 -0.226710662
v 0.220931962 0.294175059 -0.220931962
v 0.217926174 0.293988228 -0.217926174
v 0.213287041 0.293578982 -0.221851617
v 0.214270592 0.293786079 -0.226851538
v 0.20312725 0.319846869 -0.20312725
v 0.196505517 0.319499552 -0.209086448
v 0.198330224 0.315235525 -0.2068948
v 0.202931195 0.315600991 -0.202931195
v 0.213287041 0.293578982 -0.221851617
v 0.217926174 0.293988228 -0.217926174
v 0.202931195 0.315600991 -0.202931195
v 0.198330224 0.315235525 -0.2068948
v 0.225881115 0.222873837 -0.283167809
v 0.220869288 0.221888885 -0.283043444
v 0.206118464 0.207011715 -0.305047691
v 0.208370551 0.205213428 -0.309281111
v 0.206118464 0.207011715 -0.305047691
v 0.197570801 0.215599969 -0.305064201
v 0.195822909 0.21783416 -0.30931443
v 0.208370551 0.205213428 -0.309281111
v 0.225881115 0.222873837 -0.283167809
v 0.213365629 0.235528365 -0.283233255
v 0.212352633 0.230509326 -0.283094138
v 0.220869288 0.221888885 -0.283043444
v 0.220869288 0.221888885 -0.283043444
v 0.212352633 0.230509326 -0.283094138
v 0.197570801 0.215599969 -0.305064201
v 0.206118464 0.207011715 -0.305047691
v 0.134241804 0.338797867 -0.259886056
v 0.102803774 0.372593135 -0.226651892
v 0.0434719399 0.314468086 -0.252669007
v 0.0567665957 0.300061107 -0.266608328
v 0.0235499442 0.324317008 -0.243464291
v 0.0556927808 0.395477593 -0.204474524
v -0 0.404006571 -0.196692124
v 1.3618822E-16 0.328125 -0.240380019
v 0.145274699 0.29917872 -0.299174458
v 0.0614323094 0.283265114 -0.283183575
v 0.0556926578 0.204014584 -0.395014524
v 0.102803677 0.226302251 -0.372237533
v 0.0434719846 0.252600074 -0.314238727
v 0.0235499982 0.243347868 -0.324043036
v 0.056766618 0.266608894 -0.29989928
v 0.134241745 0.259699315 -0.338603288
v 2.28607734E-16 0.196191102 -0.403505743
v -0 0.240245208 -0.327836096
v 0.0614323094 0.283265114 -0.283183575
v 0.145274699 0.29917872 -0.299174458
v 0.194889203 0 -0.402203709
v 0.212352633 0.230509326 -0.283094138
v 0.213365629 0.235528365 -0.283233255
v 0.195822909 0.21783416 -0.30931443
v 0.197570801 0.215599969 -0.305064201
v 0.198330224 0.315235525 -0.2068948
v 0.196505517 0.319499552 -0.209086448
v 0.214270592 0.293786079 -0.226851538
v 0.213287041 0.293578982 -0.221851617
v 0.182407528 0.154263645 -0.363653034
v 0.151246846 0.187649548 -0.36565879
v 0.142869636 0.147341922 -0.385464519
v -0.299369603 -0.0572451539 -0.265905589
v -0.338237971 -0.135425001 -0.258937061
v -0.299765706 -0.146593496 -0.299765706
v -0.283813357 -0.0619869605 -0.283813357
v -0.312929958 -0.043799866 -0.251056045
v -0.371215284 -0.103644118 -0.224668935
v -0.322430074 -0.023698017 -0.241525412
v -0.393677056 -0.0560891852 -0.202178299
v -0.402203709 0 -0.194889203
v -0.326423556 0 -0.238764644
v -0.31994763 -0.18809177 -0.24856025
v -0.307966024 -0.185859561 -0.229579955
v -0.270293117 -0.193749711 -0.270293117
v -0.285767972 -0.194672689 -0.285767972
v -0.346954972 -0.171198115 -0.220135033
v -0.330822825 -0.172472805 -0.206665188
v -0.334986985 -0.17454496 -0.198118836
v -0.353316158 -0.175015241 -0.206340685
v -0.354022831 -0.208075225 -0.17430377
v -0.335266829 -0.198862359 -0.174067721
v -0.348196894 -0.22034508 -0.171435177
v -0.331203848 -0.20742999 -0.172050744
v -0.31990689 -0.248531833 -0.187547952
v -0.306447744 -0.231899336 -0.186359227
v -0.285012007 -0.285822392 -0.194750741
v -0.268670261 -0.2719495 -0.193373695
v -0.25002411 -0.321822762 -0.188005283
v -0.231749535 -0.310249031 -0.185924888
v -0.222022593 -0.34920603 -0.171701014
v -0.20832324 -0.333113164 -0.172366694
v -0.209384784 -0.355862349 -0.174843237
v -0.199678153 -0.337666452 -0.174516097
v -0.192448333 -0.357509047 -0.192448333
v -0.187340662 -0.338865936 -0.187340662
v -0.285767972 -0.194672689 -0.285767972
v -0.299765706 -0.146593496 -0.299765706
v -0.338237971 -0.135425001 -0.258937061
v -0.31994763 -0.18809177 -0.24856025
v -0.346954972 -0.171198115 -0.220135033
v -0.367811203 -0.153065369 -0.197963938
v -0.371215284 -0.103644118 -0.224668935
v -0.393677056 -0.0560891852 -0.202178299
v -0.400403976 -0.142722234 -0.138882741
v -0.409478068 -0.0707402006 -0.169611394
v -0.353316158 -0.175015241 -0.206340685
v -0.354022831 -0.208075225 -0.17430377
v -0.370808333 -0.202953652 -0.15140067
v -0.348196894 -0.22034508 -0.171435177
v -0.338603288 -0.259699315 -0.134241745
v -0.372237533 -0.226302251 -0.102803677
v -0.395014524 -0.204014584 -0.0556926578
v -0.418570161 -0.139703825 -0.0832588375
v -0.414584458 0 -0.17172657
v -0.448743135 0 3.48743449E-16
v -0.426770538 -0.139703944 3.31667318E-16
v -0.403505743 -0.196191102 3.1358695E-16
v -0.31990689 -0.248531833 -0.187547952
v -0.299174458 -0.29917872 -0.145274699
v -0.285012007 -0.285822392 -0.194750741
v -0.25002411 -0.321822762 -0.188005283
v -0.259886056 -0.338797867 -0.134241804
v -0.222022593 -0.34920603 -0.171701014
v -0.199847564 -0.371905744 -0.151586905
v -0.226651892 -0.372593135 -0.102803774
v -0.16934292 -0.401177764 -0.113150805
v -0.140296996 -0.403311342 -0.140296996
v -0.0980167538 -0.42757377 -0.0980167538
v -0.128065139 -0.427572012 -0.0530460328
v -0.204474524 -0.395477593 -0.0556927808
v -0.209384784 -0.355862349 -0.174843237
v -0.176397115 -0.373363256 -0.176397115
v -0.192448333 -0.357509047 -0.192448333
v -0.138616458 -0.42757079 1.0772663E-16
v -0.196692124 -0.404006571 0
v -0.0496140458 -0.443234384 -0.0496140458
v -0.0701646879 -0.443229824 5.45289173E-17
v -0 -0.447681099 -3.88578051E-24
v -0.18451044 -0.36697948 -0.152197048
v -0.16901508 -0.36845237 -0.16901508
v -0.145349771 -0.388084799 -0.145349771
v -0.283167809 -0.222873837 -0.225881115
v -0.270293117 -0.193749711 -0.270293117
v -0.307966024 -0.185859561 -0.229579955
v -0.309281111 -0.205213428 -0.208370551
v -0.268993855 -0.232592732 -0.235881969
v -0.257450253 -0.224917561 -0.257450253
v -0.330822825 -0.172472805 -0.206665188
v -0.334986985 -0.17454496 -0.198118836
v -0.283233255 -0.235528365 -0.213365629
v -0.335266829 -0.198862359 -0.174067721
v -0.30931443 -0.21783416 -0.195822909
v -0.265723616 -0.251627654 -0.21901989
v -0.331203848 -0.20742999 -0.172050744
v -0.268670261 -0.2719495 -0.193373695
v -0.249483421 -0.271289736 -0.216371506
v -0.306447744 -0.231899336 -0.186359227
v -0.231749535 -0.310249031 -0.185924888
v -0.226851538 -0.293786079 -0.214270592
v -0.229430154 -0.280492634 -0.229430154
v -0.220931962 -0.294175059 -0.220931962
v -0.209086448 -0.319499552 -0.196505517
v -0.20832324 -0.333113164 -0.172366694
v -0.199678153 -0.337666452 -0.174516097
v -0.187340662 -0.338865936 -0.187340662
v -0.20312725 -0.319846869 -0.20312725
v -0.245202348 -0.226602286 -0.245202348
v -0.257450253 -0.224917561 -0.257450253
v -0.268993855 -0.232592732 -0.235881969
v -0.253464431 -0.232291386 -0.231315717
v -0.265723616 -0.251627654 -0.21901989
v -0.251574904 -0.245306313 -0.220338091
v -0.240597293 -0.258321255 -0.218448535
v -0.249483421 -0.271289736 -0.216371506
v -0.226710662 -0.2640104 -0.226710662
v -0.229430154 -0.280492634 -0.229430154
v -0.235956505 -0.245306388 -0.235956505
v -0.245202348 -0.226602286 -0.245202348
v -0.240597293 -0.258321255 -0.218448535
v -0.226710662 -0.2640104 -0.226710662
v -0.220931962 -0.294175059 -0.220931962
v -0.226851538 -0.293786079 -0.214270592
v -0.221851617 -0.293578982 -0.213287041
v -0.217926174 -0.293988228 -0.217926174
v -0.20312725 -0.319846869 -0.20312725
v -0.202931195 -0.315600991 -0.202931195
v -0.2068948 -0.315235525 -0.198330224
v -0.209086448 -0.319499552 -0.196505517
v -0.221851617 -0.293578982 -0.213287041
v -0.2068948 -0.315235525 -0.198330224
v -0.202931195 -0.315600991 -0.202931195
v -0.217926174 -0.293988228 -0.217926174
v -0.283167809 -0.222873837 -0.225881115
v -0.309281111 -0.205213428 -0.208370551
v -0.305047691 -0.207011715 -0.206118464
v -0.283043444 -0.221888885 -0.220869288
v -0.305047691 -0.207011715 -0.206118464
v -0.309281111 -0.205213428 -0.208370551
v -0.30931443 -0.21783416 -0.195822909
v -0.305064201 -0.215599969 -0.197570801
v -0.283167809 -0.222873837 -0.225881115
v -0.283043444 -0.221888885 -0.220869288
v -0.283094138 -0.230509326 -0.212352633
v -0.283233255 -0.235528365 -0.213365629
v -0.283043444 -0.221888885 -0.220869288
v -0.305047691 -0.207011715 -0.206118464
v -0.305064201 -0.215599969 -0.197570801
v -0.283094138 -0.230509326 -0.212352633
v -0.259886056 -0.338797867 -0.134241804
v -0.266608328 -0.300061107 -0.0567665957
v -0.252669007 -0.314468086 -0.0434719399
v -0.226651892 -0.372593135 -0.102803774
v -0.243464291 -0.324317008 -0.0235499442
v -0.204474524 -0.395477593 -0.0556927808
v -0.196692124 -0.404006571 0
v -0.240380019 -0.328125 1.86812812E-16
v -0.299174458 -0.29917872 -0.145274699
v -0.283183575 -0.283265114 -0.0614323094
v -0.395014524 -0.204014584 -0.0556926578
v -0.324043036 -0.243347868 -0.0235499982
v -0.314238727 -0.252600074 -0.0434719846
v -0.372237533 -0.226302251 -0.102803677
v -0.29989928 -0.266608894 -0.056766618
v -0.338603288 -0.259699315 -0.134241745
v -0.403505743 -0.196191102 3.1358695E-16
v -0.327836096 -0.240245208 0
v -0.283183575 -0.283265114 -0.0614323094
v -0.299174458 -0.29917872 -0.145274699
v -0.402203709 0 -0.194889203
v -0.283094138 -0.230509326 -0.212352633
v -0.305064201 -0.215599969 -0.197570801
v -0.30931443 -0.21783416 -0.195822909
v -0.283233255 -0.235528365 -0.213365629
v -0.2068948 -0.315235525 -0.198330224
v -0.221851617 -0.293578982 -0.213287041
v -0.226851538 -0.293786079 -0.214270592
v -0.209086448 -0.319499552 -0.196505517
v -0.243464291 -0.324317008 -0.0235499442
v -0.289471596 -0.289522856 2.24964619E-16
v -0.240380019 -0.328125 1.86812812E-16
v -0.252669007 -0.314468086 -0.0434719399
v -0.266608328 -0.300061107 -0.0567665957
v -0.283183575 -0.283265114 -0.0614323094
v -0.29989928 -0.266608894 -0.056766618
v -0.314238727 -0.252600074 -0.0434719846
v -0.324043036 -0.243347868 -0.0235499982
v -0.327836096 -0.240245208 0
v -0.243464291 -0.324317008 0.0235499442
v -0.252669007 -0.314468086 0.0434719399
v -0.266608328 -0.300061107 0.0567665957
v -0.324043036 -0.243347868 0.0235499982
v -0.314238727 -0.252600074 0.0434719846
v -0.29989928 -0.266608894 0.056766618
v -0.283183575 -0.283265114 0.0614323094
v -0.363653034 -0.154263645 -0.182407528
v -0.385464519 -0.147341922 -0.142869636
v -0.36565879 -0.187649548 -0.151246846
v -0.299369603 -0.0572451539 0.265905589
v -0.283813357 -0.0619869605 0.283813357
v -0.299765706 -0.146593496 0.299765706
v -0.338237971 -0.135425001 0.258937061
v -0.312929958 -0.043799866 0.251056045
v -0.371215284 -0.103644118 0.224668935
v -0.322430074 -0.023698017 0.241525412
v -0.393677056 -0.0560891852 0.202178299
v -0.402203709 0 0.194889203
v -0.326423556 0 0.238764644
v -0.31994763 -0.18809177 0.24856025
v -0.285767972 -0.194672689 0.285767972
v -0.270293117 -0.193749711 0.270293117
v -0.307966024 -0.185859561 0.229579955
v -0.346954972 -0.171198115 0.220135033
v -0.330822825 -0.172472805 0.206665188
v -0.334986985 -0.17454496 0.198118836
v -0.353316158 -0.175015241 0.206340685
v -0.354022831 -0.208075225 0.17430377
v -0.335266829 -0.198862359 0.174067721
v -0.348196894 -0.22034508 0.171435177
v -0.331203848 -0.20742999 0.172050744
v -0.31990689 -0.248531833 0.187547952
v -0.306447744 -0.231899336 0.186359227
v -0.285012007 -0.285822392 0.194750741
v -0.268670261 -0.2719495 0.193373695
v -0.25002411 -0.321822762 0.188005283
v -0.231749535 -0.310249031 0.185924888
v -0.222022593 -0.34920603 0.171701014
v -0.20832324 -0.333113164 0.172366694
v -0.209384784 -0.355862349 0.174843237
v -0.199678153 -0.337666452 0.174516097
v -0.192448333 -0.357509047 0.192448333
v -0.187340662 -0.338865936 0.187340662
v -0.285767972 -0.194672689 0.285767972
v -0.31994763 -0.18809177 0.24856025
v -0.338237971 -0.135425001 0.258937061
v -0.299765706 -0.146593496 0.299765706
v -0.346954972 -0.171198115 0.220135033
v -0.367811203 -0.153065369 0.197963938
v -0.371215284 -0.103644118 0.224668935
v -0.393677056 -0.0560891852 0.202178299
v -0.400403976 -0.142722234 0.138882741
v -0.409478068 -0.0707402006 0.169611394
v -0.353316158 -0.175015241 0.206340685
v -0.354022831 -0.208075225 0.17430377
v -0.370808333 -0.202953652 0.15140067
v -0.348196894 -0.22034508 0.171435177
v -0.338603288 -0.259699315 0.134241745
v -0.372237533 -0.226302251 0.102803677
v -0.395014524 -0.204014584 0.0556926578
v -0.418570161 -0.139703825 0.0832588375
v -0.414584458 0 0.17172657
v -0.448743135 0 3.48743449E-16
v -0.426770538 -0.139703944 3.31667318E-16
v -0.403505743 -0.196191102 3.1358695E-16
v -0.31990689 -0.248531833 0.187547952
v -0.299174458 -0.29917872 0.145274699
v -0.285012007 -0.285822392 0.194750741
v -0.25002411 -0.321822762 0.188005283
v -0.259886056 -0.338797867 0.134241804
v -0.222022593 -0.34920603 0.171701014
v -0.199847564 -0.371905744 0.151586905
v -0.226651892 -0.372593135 0.102803774
v -0.16934292 -0.401177764 0.113150805
v -0.140296996 -0.403311342 0.140296996
v -0.0980167538 -0.42757377 0.0980167538
v -0.128065139 -0.427572012 0.0530460328
v -0.204474524 -0.395477593 0.0556927808
v -0.209384784 -0.355862349 0.174843237
v -0.176397115 -0.373363256 0.176397115
v -0.192448333 -0.357509047 0.192448333
v -0.138616458 -0.42757079 1.0772663E-16
v -0.196692124 -0.404006571 0
v -0.0496140458 -0.443234384 0.0496140458
v -0.0701646879 -0.443229824 5.45289173E-17
v -0 -0.447681099 -3.88578051E-24
v -0.18451044 -0.36697948 0.152197048
v -0.16901508 -0.36845237 0.16901508
v -0.145349771 -0.388084799 0.145349771
v -0.283167809 -0.222873837 0.225881115
v -0.307966024 -0.185859561 0.229579955
v -0.270293117 -0.193749711 0.270293117
v -0.309281111 -0.205213428 0.208370551
v -0.268993855 -0.232592732 0.235881969
v -0.257450253 -0.224917561 0.257450253
v -0.330822825 -0.172472805 0.206665188
v -0.334986985 -0.17454496 0.198118836
v -0.283233255 -0.235528365 0.213365629
v -0.335266829 -0.198862359 0.174067721
v -0.30931443 -0.21783416 0.195822909
v -0.265723616 -0.251627654 0.21901989
v -0.331203848 -0.20742999 0.172050744
v -0.268670261 -0.2719495 0.193373695
v -0.249483421 -0.271289736 0.216371506
v -0.306447744 -0.231899336 0.186359227
v -0.231749535 -0.310249031 0.185924888
v -0.226851538 -0.293786079 0.214270592
v -0.229430154 -0.280492634 0.229430154
v -0.220931962 -0.294175059 0.220931962
v -0.209086448 -0.319499552 0.196505517
v -0.20832324 -0.333113164 0.172366694
v -0.199678153 -0.337666452 0.174516097
v -0.187340662 -0.338865936 0.187340662
v -0.20312725 -0.319846869 0.20312725
v -0.245202348 -0.226602286 0.245202348
v -0.253464431 -0.232291386 0.231315717
v -0.268993855 -0.232592732 0.235881969
v -0.257450253 -0.224917561 0.257450253
v -0.265723616 -0.251627654 0.21901989
v -0.251574904 -0.245306313 0.220338091
v -0.240597293 -0.258321255 0.218448535
v -0.249483421 -0.271289736 0.216371506
v -0.226710662 -0.2640104 0.226710662
v -0.229430154 -0.280492634 0.229430154
v -0.235956505 -0.245306388 0.235956505
v -0.245202348 -0.226602286 0.245202348
v -0.240597293 -0.258321255 0.218448535
v -0.226710662 -0.2640104 0.226710662
v -0.220931962 -0.294175059 0.220931962
v -0.217926174 -0.293988228 0.217926174
v -0.221851617 -0.293578982 0.213287041
v -0.226851538 -0.293786079 0.214270592
v -0.20312725 -0.319846869 0.20312725
v -0.209086448 -0.319499552 0.196505517
v -0.2068948 -0.315235525 0.198330224
v -0.202931195 -0.315600991 0.202931195
v -0.221851617 -0.293578982 0.213287041
v -0.217926174 -0.293988228 0.217926174
v -0.202931195 -0.315600991 0.202931195
v -0.2068948 -0.315235525 0.198330224
v -0.283167809 -0.222873837 0.225881115
v -0.283043444 -0.221888885 0.220869288
v -0.305047691 -0.207011715 0.206118464
v -0.309281111 -0.205213428 0.208370551
v -0.305047691 -0.207011715 0.206118464
v -0.305064201 -0.215599969 0.197570801
v -0.30931443 -0.21783416 0.195822909
v -0.309281111 -0.205213428 0.208370551
v -0.283167809 -0.222873837 0.225881115
v -0.283233255 -0.235528365 0.213365629
v -0.283094138 -0.230509326 0.212352633
v -0.283043444 -0.221888885 0.220869288
v -0.283043444 -0.221888885 0.220869288
v -0.283094138 -0.230509326 0.212352633
v -0.305064201 -0.215599969 0.197570801
v -0.305047691 -0.207011715 0.206118464
v -0.259886056 -0.338797867 0.134241804
v -0.226651892 -0.372593135 0.102803774
v -0.252669007 -0.314468086 0.0434719399
v -0.266608328 -0.300061107 0.0567665957
v -0.243464291 -0.324317008 0.0235499442
v -0.204474524 -0.395477593 0.0556927808
v -0.196692124 -0.404006571 0
v -0.240380019 -0.328125 1.86812812E-16
v -0.299174458 -0.29917872 0.145274699
v -0.283183575 -0.283265114 0.0614323094
v -0.395014524 -0.204014584 0.0556926578
v -0.372237533 -0.226302251 0.102803677
v -0.314238727 -0.252600074 0.0434719846
v -0.324043036 -0.243347868 0.0235499982
v -0.29989928 -0.266608894 0.056766618
v -0.338603288 -0.259699315 0.134241745
v -0.403505743 -0.196191102 3.1358695E-16
v -0.327836096 -0.240245208 0
v -0.283183575 -0.283265114 0.0614323094
v -0.299174458 -0.29917872 0.145274699
v -0.402203709 0 0.194889203
v -0.283094138 -0.230509326 0.212352633
v -0.283233255 -0.235528365 0.213365629
v -0.30931443 -0.21783416 0.195822909
v -0.305064201 -0.215599969 0.197570801
v -0.2068948 -0.315235525 0.198330224
v -0.209086448 -0.319499552 0.196505517
v -0.226851538 -0.293786079 0.214270592
v -0.221851617 -0.293578982 0.213287041
v -0.363653034 -0.154263645 0.182407528
v -0.36565879 -0.187649548 0.151246846
v -0.385464519 -0.147341922 0.142869636
v -0.299369603 0.0572451539 0.265905589
v -0.338237971 0.135425001 0.258937061
v -0.299765706 0.146593496 0.299765706
v -0.283813357 0.0619869605 0.283813357
v -0.312929958 0.043799866 0.251056045
v -0.371215284 0.103644118 0.224668935
v -0.322430074 0.023698017 0.241525412
v -0.393677056 0.0560891852 0.202178299
v -0.402203709 0 0.194889203
v -0.326423556 0 0.238764644
v -0.31994763 0.18809177 0.24856025
v -0.307966024 0.185859561 0.229579955
v -0.270293117 0.193749711 0.270293117
v -0.285767972 0.194672689 0.285767972
v -0.346954972 0.171198115 0.220135033
v -0.330822825 0.172472805 0.206665188
v -0.334986985 0.17454496 0.198118836
v -0.353316158 0.175015241 0.206340685
v -0.354022831 0.208075225 0.17430377
v -0.335266829 0.198862359 0.174067721
v -0.348196894 0.22034508 0.171435177
v -0.331203848 0.20742999 0.172050744
v -0.31990689 0.248531833 0.187547952
v -0.306447744 0.231899336 0.186359227
v -0.285012007 0.285822392 0.194750741
v -0.268670261 0.2719495 0.193373695
v -0.25002411 0.321822762 0.188005283
v -0.231749535 0.310249031 0.185924888
v -0.222022593 0.34920603 0.171701014
v -0.20832324 0.333113164 0.172366694
v -0.209384784 0.355862349 0.174843237
v -0.199678153 0.337666452 0.174516097
v -0.192448333 0.357509047 0.192448333
v -0.187340662 0.338865936 0.187340662
v -0.285767972 0.194672689 0.285767972
v -0.299765706 0.146593496 0.299765706
v -0.338237971 0.135425001 0.258937061
v -0.31994763 0.18809177 0.24856025
v -0.346954972 0.171198115 0.220135033
v -0.367811203 0.153065369 0.197963938
v -0.371215284 0.103644118 0.224668935
v -0.393677056 0.0560891852 0.202178299
v -0.400403976 0.142722234 0.138882741
v -0.409478068 0.0707402006 0.169611394
v -0.353316158 0.175015241 0.206340685
v -0.354022831 0.208075225 0.17430377
v -0.370808333 0.202953652 0.15140067
v -0.348196894 0.22034508 0.171435177
v -0.338603288 0.259699315 0.134241745
v -0.372237533 0.226302251 0.102803677
v -0.395014524 0.204014584 0.0556926578
v -0.418570161 0.139703825 0.0832588375
v -0.414584458 0 0.17172657
v -0.448743135 0 3.48743449E-16
v -0.426770538 0.139703944 3.31667318E-16
v -0.403505743 0.196191102 3.1358695E-16
v -0.31990689 0.248531833 0.187547952
v -0.299174458 0.29917872 0.145274699
v -0.285012007 0.285822392 0.194750741
v -0.25002411 0.321822762 0.188005283
v -0.259886056 0.338797867 0.134241804
v -0.222022593 0.34920603 0.171701014
v -0.199847564 0.371905744 0.151586905
v -0.226651892 0.372593135 0.102803774
v -0.16934292 0.401177764 0.113150805
v -0.140296996 0.403311342 0.140296996
v -0.0980167538 0.42757377 0.0980167538
v -0.128065139 0.427572012 0.0530460328
v -0.204474524 0.395477593 0.0556927808
v -0.209384784 0.355862349 0.174843237
v -0.176397115 0.373363256 0.176397115
v -0.192448333 0.357509047 0.192448333
v -0.138616458 0.42757079 1.0772663E-16
v -0.196692124 0.404006571 0
v -0.0496140458 0.443234384 0.0496140458
v -0.0701646879 0.443229824 5.45289173E-17
v -0 0.447681099 -3.88578051E-24
v -0.18451044 0.36697948 0.152197048
v -0.16901508 0.36845237 0.16901508
v -0.145349771 0.388084799 0.145349771
v -0.283167809 0.222873837 0.225881115
v -0.270293117 0.193749711 0.270293117
v -0.307966024 0.185859561 0.229579955
v -0.309281111 0.205213428 0.208370551
v -0.268993855 0.232592732 0.235881969
v -0.257450253 0.224917561 0.257450253
v -0.330822825 0.172472805 0.206665188
v -0.334986985 0.17454496 0.198118836
v -0.283233255 0.235528365 0.213365629
v -0.335266829 0.198862359 0.174067721
v -0.30931443 0.21783416 0.195822909
v -0.265723616 0.251627654 0.21901989
v -0.331203848 0.20742999 0.172050744
v -0.268670261 0.2719495 0.193373695
v -0.249483421 0.271289736 0.216371506
v -0.306447744 0.231899336 0.186359227
v -0.231749535 0.310249031 0.185924888
v -0.226851538 0.293786079 0.214270592
v -0.229430154 0.280492634 0.229430154
v -0.220931962 0.294175059 0.220931962
v -0.209086448 0.319499552 0.196505517
v -0.20832324 0.333113164 0.172366694
v -0.199678153 0.337666452 0.174516097
v -0.187340662 0.338865936 0.187340662
v -0.20312725 0.319846869 0.20312725
v -0.245202348 0.226602286 0.245202348
v -0.257450253 0.224917561 0.257450253
v -0.268993855 0.232592732 0.235881969
v -0.253464431 0.232291386 0.231315717
v -0.265723616 0.251627654 0.21901989
v -0.251574904 0.245306313 0.220338091
v -0.240597293 0.258321255 0.218448535
v -0.249483421 0.271289736 0.216371506
v -0.226710662 0.2640104 0.226710662
v -0.229430154 0.280492634 0.229430154
v -0.235956505 0.245306388 0.235956505
v -0.245202348 0.226602286 0.245202348
v -0.240597293 0.258321255 0.218448535
v -0.226710662 0.2640104 0.226710662
v -0.220931962 0.294175059 0.220931962
v -0.226851538 0.293786079 0.214270592
v -0.221851617 0.293578982 0.213287041
v -0.217926174 0.293988228 0.217926174
v -0.20312725 0.319846869 0.20312725
v -0.202931195 0.315600991 0.202931195
v -0.2068948 0.315235525 0.198330224
v -0.209086448 0.319499552 0.196505517
v -0.221851617 0.293578982 0.213287041
v -0.2068948 0.315235525 0.198330224
v -0.202931195 0.315600991 0.202931195
v -0.217926174 0.293988228 0.217926174
v -0.283167809 0.222873837 0.225881115
v -0.309281111 0.205213428 0.208370551
v -0.305047691 0.207011715 0.206118464
v -0.283043444 0.221888885 0.220869288
v -0.305047691 0.207011715 0.206118464
v -0.309281111 0.205213428 0.208370551
v -0.30931443 0.21783416 0.195822909
v -0.305064201 0.215599969 0.197570801
v -0.283167809 0.222873837 0.225881115
v -0.283043444 0.221888885 0.220869288
v -0.283094138 0.230509326 0.212352633
v -0.283233255 0.235528365 0.213365629
v -0.283043444 0.221888885 0.220869288
v -0.305047691 0.207011715 0.206118464
v -0.305064201 0.215599969 0.197570801
v -0.283094138 0.230509326 0.212352633
v -0.259886056 0.338797867 0.134241804
v -0.266608328 0.300061107 0.0567665957
v -0.252669007 0.314468086 0.0434719399
v -0.226651892 0.372593135 0.102803774
v -0.243464291 0.324317008 0.0235499442
v -0.204474524 0.395477593 0.0556927808
v -0.196692124 0.404006571 0
v -0.240380019 0.328125 1.86812812E-16
v -0.299174458 0.29917872 0.145274699
v -0.283183575 0.283265114 0.0614323094
v -0.395014524 0.204014584 0.0556926578
v -0.324043036 0.243347868 0.0235499982
v -0.314238727 0.252600074 0.0434719846
v -0.372237533 0.226302251 0.102803677
v -0.29989928 0.266608894 0.056766618
v -0.338603288 0.259699315 0.134241745
v -0.403505743 0.196191102 3.1358695E-16
v -0.327836096 0.240245208 0
v -0.283183575 0.283265114 0.0614323094
v -0.299174458 0.29917872 0.145274699
v -0.402203709 0 0.194889203
v -0.283094138 0.230509326 0.212352633
v -0.305064201 0.215599969 0.197570801
v -0.30931443 0.21783416 0.195822909
v -0.283233255 0.235528365 0.213365629
v -0.2068948 0.315235525 0.198330224
v -0.221851617 0.293578982 0.213287041
v -0.226851538 0.293786079 0.214270592
v -0.209086448 0.319499552 0.196505517
v -0.243464291 0.324317008 0.0235499442
v -0.289471596 0.289522856 2.24964619E-16
v -0.240380019 0.328125 1.86812812E-16
v -0.252669007 0.314468086 0.0434719399
v -0.266608328 0.300061107 0.0567665957
v -0.283183575 0.283265114 0.0614323094
v -0.29989928 0.266608894 0.056766618
v -0.314238727 0.252600074 0.0434719846
v -0.324043036 0.243347868 0.0235499982
v -0.327836096 0.240245208 0
v -0.243464291 0.324317008 -0.0235499442
v -0.252669007 0.314468086 -0.0434719399
v -0.266608328 0.300061107 -0.0567665957
v -0.324043036 0.243347868 -0.0235499982
v -0.314238727 0.252600074 -0.0434719846
v -0.29989928 0.266608894 -0.056766618
v -0.283183575 0.283265114 -0.0614323094
v -0.363653034 0.154263645 0.182407528
v -0.385464519 0.147341922 0.142869636
v -0.36565879 0.187649548 0.151246846
v -0.299369603 0.0572451539 -0.265905589
v -0.283813357 0.0619869605 -0.283813357
v -0.299765706 0.146593496 -0.299765706
v -0.338237971 0.135425001 -0.258937061
v -0.312929958 0.043799866 -0.251056045
v -0.371215284 0.103644118 -0.224668935
v -0.322430074 0.023698017 -0.241525412
v -0.393677056 0.0560891852 -0.202178299
v -0.402203709 0 -0.194889203
v -0.326423556 0 -0.238764644
v -0.31994763 0.18809177 -0.24856025
v -0.285767972 0.194672689 -0.285767972
v -0.270293117 0.193749711 -0.270293117
v -0.307966024 0.185859561 -0.229579955
v -0.346954972 0.171198115 -0.220135033
v -0.330822825 0.172472805 -0.206665188
v -0.334986985 0.17454496 -0.198118836
v -0.353316158 0.175015241 -0.206340685
v -0.354022831 0.208075225 -0.17430377
v -0.335266829 0.198862359 -0.174067721
v -0.348196894 0.22034508 -0.171435177
v -0.331203848 0.20742999 -0.172050744
v -0.31990689 0.248531833 -0.187547952
v -0.306447744 0.231899336 -0.186359227
v -0.285012007 0.285822392 -0.194750741
v -0.268670261 0.2719495 -0.193373695
v -0.25002411 0.321822762 -0.188005283
v -0.231749535 0.310249031 -0.185924888
v -0.222022593 0.34920603 -0.171701014
v -0.20832324 0.333113164 -0.172366694
v -0.209384784 0.355862349 -0.174843237
v -0.199678153 0.337666452 -0.174516097
v -0.192448333 0.357509047 -0.192448333
v -0.187340662 0.338865936 -0.187340662
v -0.285767972 0.194672689 -0.285767972
v -0.31994763 0.18809177 -0.24856025
v -0.338237971 0.135425001 -0.258937061
v -0.299765706 0.146593496 -0.299765706
v -0.346954972 0.171198115 -0.220135033
v -0.367811203 0.153065369 -0.197963938
v -0.371215284 0.103644118 -0.224668935
v -0.393677056 0.0560891852 -0.202178299
v -0.400403976 0.142722234 -0.138882741
v -0.409478068 0.0707402006 -0.169611394
v -0.353316158 0.175015241 -0.206340685
v -0.354022831 0.208075225 -0.17430377
v -0.370808333 0.202953652 -0.15140067
v -0.348196894 0.22034508 -0.171435177
v -0.338603288 0.259699315 -0.134241745
v -0.372237533 0.226302251 -0.102803677
v -0.395014524 0.204014584 -0.0556926578
v -0.418570161 0.139703825 -0.0832588375
v -0.414584458 0 -0.17172657
v -0.448743135 0 3.48743449E-16
v -0.426770538 0.139703944 3.31667318E-16
v -0.403505743 0.196191102 3.1358695E-16
v -0.31990689 0.248531833 -0.187547952
v -0.299174458 0.29917872 -0.145274699
v -0.285012007 0.285822392 -0.194750741
v -0.25002411 0.321822762 -0.188005283
v -0.259886056 0.338797867 -0.134241804
v -0.222022593 0.34920603 -0.171701014
v -0.199847564 0.371905744 -0.151586905
v -0.226651892 0.372593135 -0.102803774
v -0.16934292 0.401177764 -0.113150805
v -0.140296996 0.403311342 -0.140296996
v -0.0980167538 0.42757377 -0.0980167538
v -0.128065139 0.427572012 -0.0530460328
v -0.204474524 0.395477593 -0.0556927808
v -0.209384784 0.355862349 -0.174843237
v -0.176397115 0.373363256 -0.176397115
v -0.192448333 0.357509047 -0.192448333
v -0.138616458 0.42757079 1.0772663E-16
v -0.196692124 0.404006571 0
v -0.0496140458 0.443234384 -0.0496140458
v -0.0701646879 0.443229824 5.45289173E-17
v -0 0.447681099 -3.88578051E-24
v -0.18451044 0.36697948 -0.152197048
v -0.16901508 0.36845237 -0.16901508
v -0.145349771 0.388084799 -0.145349771
v -0.283167809 0.222873837 -0.225881115
v -0.307966024 0.185859561 -0.229579955
v -0.270293117 0.193749711 -0.270293117
v -0.309281111 0.205213428 -0.208370551
v -0.268993855 0.232592732 -0.235881969
v -0.257450253 0.224917561 -0.257450253
v -0.330822825 0.172472805 -0.206665188
v -0.334986985 0.17454496 -0.198118836
v -0.283233255 0.235528365 -0.213365629
v -0.335266829 0.198862359 -0.174067721
v -0.30931443 0.21783416 -0.195822909
v -0.265723616 0.251627654 -0.21901989
v -0.331203848 0.20742999 -0.172050744
v -0.268670261 0.2719495 -0.193373695
v -0.249483421 0.271289736 -0.216371506
v -0.306447744 0.231899336 -0.186359227
v -0.231749535 0.310249031 -0.185924888
v -0.226851538 0.293786079 -0.214270592
v -0.229430154 0.280492634 -0.229430154
v -0.220931962 0.294175059 -0.220931962
v -0.209086448 0.319499552 -0.196505517
v -0.20832324 0.333113164 -0.172366694
v -0.199678153 0.337666452 -0.174516097
v -0.187340662 0.338865936 -0.187340662
v -0.20312725 0.319846869 -0.20312725
v -0.245202348 0.226602286 -0.245202348
v -0.253464431 0.232291386 -0.231315717
v -0.268993855 0.232592732 -0.235881969
v -0.257450253 0.224917561 -0.257450253
v -0.265723616 0.251627654 -0.21901989
v -0.251574904 0.245306313 -0.220338091
v -0.240597293 0.258321255 -0.218448535
v -0.249483421 0.271289736 -0.216371506
v -0.226710662 0.2640104 -0.226710662
v -0.229430154 0.280492634 -0.229430154
v -0.235956505 0.245306388 -0.235956505
v -0.245202348 0.226602286 -0.245202348
v -0.240597293 0.258321255 -0.218448535
v -0.226710662 0.2640104 -0.226710662
v -0.220931962 0.294175059 -0.220931962
v -0.217926174 0.293988228 -0.217926174
v -0.221851617 0.293578982 -0.213287041
v -0.226851538 0.293786079 -0.214270592
v -0.20312725 0.319846869 -0.20312725
v -0.209086448 0.319499552 -0.196505517
v -0.2068948 0.315235525 -0.198330224
v -0.202931195 0.315600991 -0.202931195
v -0.221851617 0.293578982 -0.213287041
v -0.217926174 0.293988228 -0.217926174
v -0.202931195 0.315600991 -0.202931195
v -0.2068948 0.315235525 -0.198330224
v -0.283167809 0.222873837 -0.225881115
v -0.283043444 0.221888885 -0.220869288
v -0.305047691 0.207011715 -0.206118464
v -0.309281111 0.205213428 -0.208370551
v -0.305047691 0.207011715 -0.206118464
v -0.305064201 0.215599969 -0.197570801
v -0.30931443 0.21783416 -0.195822909
v -0.309281111 0.205213428 -0.208370551
v -0.283167809 0.222873837 -0.225881115
v -0.283233255 0.235528365 -0.213365629
v -0.283094138 0.230509326 -0.212352633
v -0.283043444 0.221888885 -0.220869288
v -0.283043444 0.221888885 -0.220869288
v -0.283094138 0.230509326 -0.212352633
v -0.305064201 0.215599969 -0.197570801
v -0.305047691 0.207011715 -0.206118464
v -0.259886056 0.338797867 -0.134241804
v -0.226651892 0.372593135 -0.102803774
v -0.252669007 0.314468086 -0.0434719399
v -0.266608328 0.300061107 -0.0567665957
v -0.243464291 0.324317008 -0.0235499442
v -0.204474524 0.395477593 -0.0556927808
v -0.196692124 0.404006571 0
v -0.240380019 0.328125 1.86812812E-16
v -0.299174458 0.29917872 -0.145274699
v -0.283183575 0.283265114 -0.0614323094
v -0.395014524 0.204014584 -0.0556926578
v -0.372237533 0.226302251 -0.102803677
v -0.314238727 0.252600074 -0.0434719846
v -0.324043036 0.243347868 -0.0235499982
v -0.29989928 0.266608894 -0.056766618
v -0.338603288 0.259699315 -0.134241745
v -0.403505743 0.196191102 3.1358695E-16
v -0.327836096 0.240245208 0
v -0.283183575 0.283265114 -0.0614323094
v -0.299174458 0.29917872 -0.145274699
v -0.402203709 0 -0.194889203
v -0.283094138 0.230509326 -0.212352633
v -0.283233255 0.235528365 -0.213365629
v -0.30931443 0.21783416 -0.195822909
v -0.305064201 0.215599969 -0.197570801
v -0.2068948 0.315235525 -0.198330224
v -0.209086448 0.319499552 -0.196505517
v -0.226851538 0.293786079 -0.214270592
v -0.221851617 0.293578982 -0.213287041
v -0.363653034 0.154263645 -0.182407528
v -0.36565879 0.187649548 -0.151246846
v -0.385464519 0.147341922 -0.142869636
v -0.250372231 -0.0149178309 0.44099471
v -0.260315329 0.000947055931 0.433538049
v -0.347156584 -0.0105504328 0.409082323
v -0.347156584 0.0105503732 0.409082294
v -0.274872214 0.0149205085 0.435442656
v -0.42144388 -0.0105503816 0.37764743
v -0.421443939 0.0105504105 0.37764743
v -0.488727987 -0.0105503965 0.34086886
v -0.488727987 0.0105503928 0.34086886
v -0.548369288 -0.0105504524 0.299360484
v -0.548369229 0.0105503295 0.299360454
v -0.599886715 -0.0105503751 0.253582269
v -0.599886775 0.0105504133 0.253582269
v -0.642815053 -0.0105504096 0.20376879
v -0.642815053 0.0105503798 0.20376876
v -0.676493347 -0.0105504375 0.149972096
v -0.676493287 0.01055035 0.149972096
v -0.699905753 -0.0105503891 0.0922895521
v -0.699905813 0.0105504263 0.0922895595
v -0.711655438 0.010550403 0
v -0.711655438 -0.010550403 0
v -0.499548852 0.0211007893 0.355594397
v -0.430297703 0.021100793 0.393633187
v -0.56116432 0.0211007837 0.312407225
v -0.614567578 0.0211007874 0.264463753
v -0.659145057 0.0211007893 0.21197027
v -0.694052815 0.0211007874 0.155031353
v -0.718108296 0.0211008154 0.093903549
v -0.729929209 0.0211008098 0
v -0.659145057 -0.0211007949 0.211970285
v -0.614567518 -0.021100793 0.264463753
v -0.561164379 -0.0211007874 0.312407315
v -0.499548852 -0.0211007949 0.355594367
v -0.430297703 -0.0211007968 0.393633097
v -0.354100347 -0.0211008117 0.425985515
v -0.254213125 -0.0210981071 0.455395579
v -0.211522102 -0.0210934747 0.465078115
v -0.208323658 -0.0149132079 0.450524062
v -0.201646551 0.00146034209 0.445734888
v -0.243624493 0.0104898792 0.439619124
v -0.239956662 0.0477311797 0.439619124
v -0.254590362 0.0506423078 0.433438867
v -0.201837435 0.0162622873 0.452059925
v -0.269224197 0.053553436 0.439619124
v -0.280806601 0.0196365919 0.453759998
v -0.275285721 0.0547592714 0.454539716
v -0.190385208 -0.0108560156 0.454141676
v -0.236319497 0.0219095629 0.454539716
v -0.209407434 0.0226113964 0.464165449
v -0.242831677 0.0185392704 0.46946013
v -0.206090242 0.0185387991 0.480995327
v -0.189524055 -0.0166879706 0.469369948
v -0.174885213 -0.0062940917 0.471126169
v -0.178759992 -0.00130101584 0.455768943
v -0.188980639 0.0148986876 0.448769182
v -0.169132724 0.00877128821 0.47063309
v -0.174482316 0.0124488752 0.455560297
v -0.186268806 0.0370519906 0.449159086
v -0.200902551 0.0399631113 0.455339342
v -0.206964076 0.0411689468 0.470259845
v -0.200902551 0.0399631262 0.485180348
v -0.175461099 0.0726803094 0.449159086
v -0.161676466 0.0669701844 0.455339342
v -0.145504564 0.0972258896 0.455339342
v -0.140365943 0.0937921852 0.470259845
v -0.155966699 0.0646049753 0.470259845
v -0.157910317 0.105515584 0.449159086
v -0.189245716 0.0783904567 0.455339342
v -0.170316041 0.113805294 0.455339342
v -0.194955513 0.0807556808 0.470259845
v -0.175454721 0.117239013 0.470259845
v -0.18924576 0.0783904716 0.485180348
v -0.17031607 0.113805331 0.485180348
v -0.11937084 0.119375035 0.470259845
v -0.123740844 0.123745307 0.455339342
v -0.0937881768 0.140370399 0.470259845
v -0.0972215906 0.145509228 0.455339342
v -0.134290963 0.134296 0.449159086
v -0.105510652 0.157915384 0.449159086
v -0.113799706 0.170321599 0.455339342
v -0.146242335 0.146247819 0.459134191
v -0.0646010861 0.155971393 0.470259845
v -0.0669659972 0.161681309 0.455339342
v -0.0329311974 0.165578574 0.470259845
v -0.0341367275 0.171640128 0.455339342
v -0.0726754293 0.175466225 0.449159086
v -0.0370471291 0.186274007 0.449159086
v -0.0783848539 0.189251214 0.455339342
v -0.0399575271 0.200907931 0.455339342
v -0.0807497799 0.194961131 0.470259845
v -0.0411630571 0.206969485 0.470259845
v -0 0.168822616 0.470259845
v -0 0.175002888 0.455339342
v -0 0.189923376 0.449159086
v -0 0.204843938 0.455339342
v -0 0.21102421 0.470259845
v -0.117233142 0.175460398 0.470259845
v -0.138565198 0.155229598 0.464011818
v -0.159980163 0.175919607 0.457860082
v -0.168513298 0.168519035 0.452423632
v -0.13592191 0.203431085 0.439619124
v -0.183547601 0.183554441 0.433438867
v -0.14421095 0.21583724 0.433438867
v -0.194097713 0.194105104 0.439619124
v -0.152500004 0.22824344 0.439619124
v -0.132488474 0.19829227 0.454539716
v -0.198467702 0.198475361 0.454539716
v -0.15593344 0.233382255 0.454539716
v -0.203424558 0.135928005 0.439619124
v -0.215830296 0.144217685 0.433438867
v -0.239818528 0.0993387699 0.433438867
v -0.226033926 0.09362863 0.439619124
v -0.198285937 0.132494301 0.454539716
v -0.220324129 0.0912634283 0.454539716
v -0.203424558 0.135928005 0.469460219
v -0.226033926 0.0936286449 0.469460219
v -0.25360319 0.105048895 0.439619124
v -0.228236079 0.152507409 0.439619124
v -0.259312958 0.107414126 0.454539716
v -0.2333747 0.155941114 0.454539716
v -0.176082015 0.159899324 0.458018333
v -0.181714699 0.159281209 0.46829161
v -0.233895108 0.0465253666 0.454539716
v -0.239956662 0.0477311984 0.469460219
v -0.354100347 0.0211008061 0.425985485
v -0.354100347 0.0211008061 0.425985485
v -0.361044079 0.0105504198 0.442888677
v -0.439151496 0.0105503686 0.409618855
v -0.430297703 0.021100793 0.393633187
v -0.510369718 0.0105503835 0.370319903
v -0.499548852 0.0211007893 0.355594397
v -0.57395941 0.0105504394 0.325454026
v -0.56116432 0.0211007837 0.312407225
v -0.629248381 0.0105503621 0.275345266
v -0.614567578 0.0211007874 0.264463753
v -0.675475001 0.0105503965 0.22017175
v -0.659145057 0.0211007893 0.21197027
v -0.711612284 0.0105504245 0.160090595
v -0.694052815 0.0211007874 0.155031353
v -0.73631072 0.010550376 0.095517531
v -0.718108296 0.0211008154 0.093903549
v -0.748203099 0.010550403 0
v -0.729929209 0.0211008098 0
v -0.439151436 -0.0105504226 0.409618855
v -0.510369718 -0.0105504058 0.370319903
v -0.57395947 -0.0105503425 0.325454056
v -0.629248321 -0.0105504245 0.275345266
v -0.675475001 -0.0105503928 0.220171764
v -0.711612403 -0.010550363 0.160090595
v -0.736310661 -0.0105504394 0.0955175161
v -0.748203099 -0.010550403 0
v -0.499548852 -0.0211007949 0.355594367
v -0.430297703 -0.0211007968 0.393633097
v -0.361044079 -0.0105503863 0.442888677
v -0.259568363 9.967199E-05 0.475640386
v -0.258054078 -0.0149178263 0.469796658
v -0.272949964 0.0157249402 0.469460219
v -0.354100347 -0.0211008117 0.425985515
v -0.254213125 -0.0210981071 0.455395579
v -0.614567518 -0.021100793 0.264463753
v -0.659145057 -0.0211007949 0.211970285
v -0.694052875 -0.021100793 0.155031338
v -0.718108177 -0.021100821 0.0939035267
v -0.729929209 -0.0211008098 0
v -0.280806601 0.0196365919 0.453759998
v -0.275285721 0.0547592714 0.454539716
v -0.561164379 -0.0211007874 0.312407315
v -0.269224197 0.0535534471 0.469460219
v -0.259312958 0.107414126 0.454539716
v -0.25360319 0.10504891 0.469460219
v -0.2333747 0.155941114 0.454539716
v -0.228236079 0.152507409 0.469460219
v -0.239818528 0.0993387774 0.475640386
v -0.215830296 0.144217715 0.475640386
v -0.226033926 0.0936286449 0.469460219
v -0.203424558 0.135928005 0.469460219
v -0.18559663 0.169814438 0.475178361
v -0.194097713 0.194105104 0.469460219
v -0.181714699 0.159281209 0.46829161
v -0.198467702 0.198475361 0.454539716
v -0.15593344 0.233382255 0.454539716
v -0.152500004 0.228243485 0.469460219
v -0.169783205 0.185711995 0.475204468
v -0.144210964 0.215837285 0.475640386
v -0.13592191 0.203431085 0.469460219
v -0.159157544 0.181757823 0.468167335
v -0.132488474 0.19829227 0.454539716
v -0.159980163 0.175919607 0.457860082
v -0.239956662 0.0477311984 0.469460219
v -0.254590362 0.0506423265 0.475640386
v -0.101576135 0.238626137 0.475640386
v -0.0958590508 0.224845305 0.469460219
v -0.0934941396 0.219135359 0.454539716
v -0.109642826 0.258125067 0.454539716
v -0.107277907 0.25241518 0.469460219
v -0.138565198 0.155229598 0.464011818
v -0.136118829 0.158616811 0.475350171
v -0.113799706 0.170321599 0.485180348
v -0.117233142 0.175460398 0.470259845
v -0.0807497799 0.194961131 0.470259845
v -0.0783848539 0.189251214 0.485180348
v -0.0411630571 0.206969485 0.470259845
v -0.0399575308 0.200907946 0.485180348
v -0.0726754367 0.175466269 0.491360605
v -0.0370471478 0.186274052 0.491360605
v -0.0669660047 0.161681309 0.485180348
v -0.0341367386 0.171640128 0.485180348
v -0.0646010861 0.155971393 0.470259845
v -0.0329311974 0.165578574 0.470259845
v -0 0.189923376 0.491360605
v -0 0.175002858 0.485180348
v -0 0.168822616 0.470259845
v -0 0.21102421 0.470259845
v -0 0.204843894 0.485180348
v -0.0972216204 0.145509228 0.485180348
v -0.10551066 0.157915398 0.491360605
v -0.123740807 0.12374527 0.485180348
v -0.11937084 0.119375035 0.470259845
v -0.0937881768 0.140370399 0.470259845
v -0.134290963 0.13429594 0.491360605
v -0.145504564 0.0972258896 0.485180348
v -0.157910317 0.105515599 0.491360605
v -0.161676466 0.0669701919 0.485180348
v -0.175461113 0.0726803392 0.491360605
v -0.155966699 0.0646049753 0.470259845
v -0.140365943 0.0937921852 0.470259845
v -0.17031607 0.113805331 0.485180348
v -0.18924576 0.0783904716 0.485180348
v -0.171635032 0.0341408812 0.485180348
v -0.186268806 0.0370519981 0.491360605
v -0.165573493 0.0329350568 0.470259845
v -0.200902551 0.0399631262 0.485180348
v -0.19071582 0.0132946642 0.490946501
v -0.206090242 0.0185387991 0.480995327
v -0.208869874 0.00128349999 0.487184405
v -0.242831677 0.0185392704 0.46946013
v -0.194271058 -0.0111661954 0.483724594
v -0.214664683 -0.0149131799 0.479645073
v -0.211522102 -0.0210934747 0.465078115
v -0.189524055 -0.0166879706 0.469369948
v -0.180594891 -0.00224939617 0.485594153
v -0.174885213 -0.0062940917 0.471126169
v -0.17509681 0.0111139715 0.485407472
v -0.169132724 0.00877128821 0.47063309
v -0.694052875 -0.021100793 0.155031338
v -0.718108177 -0.021100821 0.0939035267
v -0.729929209 -0.0211008098 0
v -0.135656014 0.152063027 0.486480623
v -0.151853308 0.13563022 0.486554563
v -0.158695415 0.135931522 0.475489199
v -0.171635032 0.0341408737 0.455339342
v -0.165573493 0.0329350568 0.470259845
v -0.0934941396 0.219135359 0.454539716
v -0.0958590508 0.224845305 0.469460219
v -0.0958590508 0.224845275 0.439619124
v -0.107277907 0.25241518 0.469460219
v -0.101576135 0.238626137 0.475640386
v -0.107277907 0.25241515 0.439619124
v -0.101576127 0.238626093 0.433438867
v -0.109642826 0.258125067 0.454539716
v -0.0934941396 0.219135359 0.454539716
v -0.0958590508 0.224845275 0.439619124
v -0.101576127 0.238626093 0.433438867
v -0.107277907 0.25241515 0.439619124
v -0.109642826 0.258125067 0.454539716
v -0.154948458 0.139203951 0.464469433
v -0.158695415 0.135931522 0.475489199
v -0.250372231 0.0149178309 -0.44099471
v -0.260315329 -0.000947055931 -0.433538049
v -0.347156584 0.0105504328 -0.409082323
v -0.347156584 -0.0105503732 -0.409082294
v -0.274872214 -0.0149205085 -0.435442656
v -0.42144388 0.0105503816 -0.37764743
v -0.421443939 -0.0105504105 -0.37764743
v -0.488727987 0.0105503965 -0.34086886
v -0.488727987 -0.0105503928 -0.34086886
v -0.548369288 0.0105504524 -0.299360484
v -0.548369229 -0.0105503295 -0.299360454
v -0.599886715 0.0105503751 -0.253582269
v -0.599886775 -0.0105504133 -0.253582269
v -0.642815053 0.0105504096 -0.20376879
v -0.642815053 -0.0105503798 -0.20376876
v -0.676493347 0.0105504375 -0.149972096
v -0.676493287 -0.01055035 -0.149972096
v -0.699905753 0.0105503891 -0.0922895521
v -0.699905813 -0.0105504263 -0.0922895595
v -0.711655438 -0.010550403 0
v -0.711655438 0.010550403 0
v -0.499548852 -0.0211007893 -0.355594397
v -0.430297703 -0.021100793 -0.393633187
v -0.56116432 -0.0211007837 -0.312407225
v -0.614567578 -0.0211007874 -0.264463753
v -0.659145057 -0.0211007893 -0.21197027
v -0.694052815 -0.0211007874 -0.155031353
v -0.718108296 -0.0211008154 -0.093903549
v -0.729929209 -0.0211008098 0
v -0.659145057 0.0211007949 -0.211970285
v -0.614567518 0.021100793 -0.264463753
v -0.561164379 0.0211007874 -0.312407315
v -0.499548852 0.0211007949 -0.355594367
v -0.430297703 0.0211007968 -0.393633097
v -0.354100347 0.0211008117 -0.425985515
v -0.254213125 0.0210981071 -0.455395579
v -0.211522102 0.0210934747 -0.465078115
v -0.208323658 0.0149132079 -0.450524062
v -0.201646551 -0.00146034209 -0.445734888
v -0.243624493 -0.0104898792 -0.439619124
v -0.239956662 -0.0477311797 -0.439619124
v -0.254590362 -0.0506423078 -0.433438867
v -0.201837435 -0.0162622873 -0.452059925
v -0.269224197 -0.053553436 -0.439619124
v -0.280806601 -0.0196365919 -0.453759998
v -0.275285721 -0.0547592714 -0.454539716
v -0.190385208 0.0108560156 -0.454141676
v -0.236319497 -0.0219095629 -0.454539716
v -0.209407434 -0.0226113964 -0.464165449
v -0.242831677 -0.0185392704 -0.46946013
v -0.206090242 -0.0185387991 -0.480995327
v -0.189524055 0.0166879706 -0.469369948
v -0.174885213 0.0062940917 -0.471126169
v -0.178759992 0.00130101584 -0.455768943
v -0.188980639 -0.0148986876 -0.448769182
v -0.169132724 -0.00877128821 -0.47063309
v -0.174482316 -0.0124488752 -0.455560297
v -0.186268806 -0.0370519906 -0.449159086
v -0.200902551 -0.0399631113 -0.455339342
v -0.206964076 -0.0411689468 -0.470259845
v -0.200902551 -0.0399631262 -0.485180348
v -0.175461099 -0.0726803094 -0.449159086
v -0.161676466 -0.0669701844 -0.455339342
v -0.145504564 -0.0972258896 -0.455339342
v -0.140365943 -0.0937921852 -0.470259845
v -0.155966699 -0.0646049753 -0.470259845
v -0.157910317 -0.105515584 -0.449159086
v -0.189245716 -0.0783904567 -0.455339342
v -0.170316041 -0.113805294 -0.455339342
v -0.194955513 -0.0807556808 -0.470259845
v -0.175454721 -0.117239013 -0.470259845
v -0.18924576 -0.0783904716 -0.485180348
v -0.17031607 -0.113805331 -0.485180348
v -0.11937084 -0.119375035 -0.470259845
v -0.123740844 -0.123745307 -0.455339342
v -0.0937881768 -0.140370399 -0.470259845
v -0.0972215906 -0.145509228 -0.455339342
v -0.134290963 -0.134296 -0.449159086
v -0.105510652 -0.157915384 -0.449159086
v -0.113799706 -0.170321599 -0.455339342
v -0.146242335 -0.146247819 -0.459134191
v -0.0646010861 -0.155971393 -0.470259845
v -0.0669659972 -0.161681309 -0.455339342
v -0.0329311974 -0.165578574 -0.470259845
v -0.0341367275 -0.171640128 -0.455339342
v -0.0726754293 -0.175466225 -0.449159086
v -0.0370471291 -0.186274007 -0.449159086
v -0.0783848539 -0.189251214 -0.455339342
v -0.0399575271 -0.200907931 -0.455339342
v -0.0807497799 -0.194961131 -0.470259845
v -0.0411630571 -0.206969485 -0.470259845
v -0 -0.168822616 -0.470259845
v -0 -0.175002888 -0.455339342
v -0 -0.189923376 -0.449159086
v -0 -0.204843938 -0.455339342
v -0 -0.21102421 -0.470259845
v -0.117233142 -0.175460398 -0.470259845
v -0.138565198 -0.155229598 -0.464011818
v -0.159980163 -0.175919607 -0.457860082
v -0.168513298 -0.168519035 -0.452423632
v -0.13592191 -0.203431085 -0.439619124
v -0.183547601 -0.183554441 -0.433438867
v -0.14421095 -0.21583724 -0.433438867
v -0.194097713 -0.194105104 -0.439619124
v -0.152500004 -0.22824344 -0.439619124
v -0.132488474 -0.19829227 -0.454539716
v -0.198467702 -0.198475361 -0.454539716
v -0.15593344 -0.233382255 -0.454539716
v -0.203424558 -0.135928005 -0.439619124
v -0.215830296 -0.144217685 -0.433438867
v -0.239818528 -0.0993387699 -0.433438867
v -0.226033926 -0.09362863 -0.439619124
v -0.198285937 -0.132494301 -0.454539716
v -0.220324129 -0.0912634283 -0.454539716
v -0.203424558 -0.135928005 -0.469460219
v -0.226033926 -0.0936286449 -0.469460219
v -0.25360319 -0.105048895 -0.439619124
v -0.228236079 -0.152507409 -0.439619124
v -0.259312958 -0.107414126 -0.454539716
v -0.2333747 -0.155941114 -0.454539716
v -0.176082015 -0.159899324 -0.458018333
v -0.181714699 -0.159281209 -0.46829161
v -0.233895108 -0.0465253666 -0.454539716
v -0.239956662 -0.0477311984 -0.469460219
v -0.354100347 -0.0211008061 -0.425985485
v -0.354100347 -0.0211008061 -0.425985485
v -0.361044079 -0.0105504198 -0.442888677
v -0.439151496 -0.0105503686 -0.409618855
v -0.430297703 -0.021100793 -0.393633187
v -0.510369718 -0.0105503835 -0.370319903
v -0.499548852 -0.0211007893 -0.355594397
v -0.57395941 -0.0105504394 -0.325454026
v -0.56116432 -0.0211007837 -0.312407225
v -0.629248381 -0.0105503621 -0.275345266
v -0.614567578 -0.0211007874 -0.264463753
v -0.675475001 -0.0105503965 -0.22017175
v -0.659145057 -0.0211007893 -0.21197027
v -0.711612284 -0.0105504245 -0.160090595
v -0.694052815 -0.0211007874 -0.155031353
v -0.73631072 -0.010550376 -0.095517531
v -0.718108296 -0.0211008154 -0.093903549
v -0.748203099 -0.010550403 0
v -0.729929209 -0.0211008098 0
v -0.439151436 0.0105504226 -0.409618855
v -0.510369718 0.0105504058 -0.370319903
v -0.57395947 0.0105503425 -0.325454056
v -0.629248321 0.0105504245 -0.275345266
v -0.675475001 0.0105503928 -0.220171764
v -0.711612403 0.010550363 -0.160090595
v -0.736310661 0.0105504394 -0.0955175161
v -0.748203099 0.010550403 0
v -0.499548852 0.0211007949 -0.355594367
v -0.430297703 0.0211007968 -0.393633097
v -0.361044079 0.0105503863 -0.442888677
v -0.259568363 -9.967199E-05 -0.475640386
v -0.258054078 0.0149178263 -0.469796658
v -0.272949964 -0.0157249402 -0.469460219
v -0.354100347 0.0211008117 -0.425985515
v -0.254213125 0.0210981071 -0.455395579
v -0.614567518 0.021100793 -0.264463753
v -0.659145057 0.0211007949 -0.211970285
v -0.694052875 0.021100793 -0.155031338
v -0.718108177 0.021100821 -0.0939035267
v -0.729929209 0.0211008098 0
v -0.280806601 -0.0196365919 -0.453759998
v -0.275285721 -0.0547592714 -0.454539716
v -0.561164379 0.0211007874 -0.312407315
v -0.269224197 -0.0535534471 -0.469460219
v -0.259312958 -0.107414126 -0.454539716
v -0.25360319 -0.10504891 -0.469460219
v -0.2333747 -0.155941114 -0.454539716
v -0.228236079 -0.152507409 -0.469460219
v -0.239818528 -0.0993387774 -0.475640386
v -0.215830296 -0.144217715 -0.475640386
v -0.226033926 -0.0936286449 -0.469460219
v -0.203424558 -0.135928005 -0.469460219
v -0.18559663 -0.169814438 -0.475178361
v -0.194097713 -0.194105104 -0.469460219
v -0.181714699 -0.159281209 -0.46829161
v -0.198467702 -0.198475361 -0.454539716
v -0.15593344 -0.233382255 -0.454539716
v -0.152500004 -0.228243485 -0.469460219
v -0.169783205 -0.185711995 -0.475204468
v -0.144210964 -0.215837285 -0.475640386
v -0.13592191 -0.203431085 -0.469460219
v -0.159157544 -0.181757823 -0.468167335
v -0.132488474 -0.19829227 -0.454539716
v -0.159980163 -0.175919607 -0.457860082
v -0.239956662 -0.0477311984 -0.469460219
v -0.254590362 -0.0506423265 -0.475640386
v -0.101576135 -0.238626137 -0.475640386
v -0.0958590508 -0.224845305 -0.469460219
v -0.0934941396 -0.219135359 -0.454539716
v -0.109642826 -0.258125067 -0.454539716
v -0.107277907 -0.25241518 -0.469460219
v -0.138565198 -0.155229598 -0.464011818
v -0.136118829 -0.158616811 -0.475350171
v -0.113799706 -0.170321599 -0.485180348
v -0.117233142 -0.175460398 -0.470259845
v -0.0807497799 -0.194961131 -0.470259845
v -0.0783848539 -0.189251214 -0.485180348
v -0.0411630571 -0.206969485 -0.470259845
v -0.0399575308 -0.200907946 -0.485180348
v -0.0726754367 -0.175466269 -0.491360605
v -0.0370471478 -0.186274052 -0.491360605
v -0.0669660047 -0.161681309 -0.485180348
v -0.0341367386 -0.171640128 -0.485180348
v -0.0646010861 -0.155971393 -0.470259845
v -0.0329311974 -0.165578574 -0.470259845
v -0 -0.189923376 -0.491360605
v -0 -0.175002858 -0.485180348
v -0 -0.168822616 -0.470259845
v -0 -0.21102421 -0.470259845
v -0 -0.204843894 -0.485180348
v -0.0972216204 -0.145509228 -0.485180348
v -0.10551066 -0.157915398 -0.491360605
v -0.123740807 -0.12374527 -0.485180348
v -0.11937084 -0.119375035 -0.470259845
v -0.0937881768 -0.140370399 -0.470259845
v -0.134290963 -0.13429594 -0.491360605
v -0.145504564 -0.0972258896 -0.485180348
v -0.157910317 -0.105515599 -0.491360605
v -0.161676466 -0.0669701919 -0.485180348
v -0.175461113 -0.0726803392 -0.491360605
v -0.155966699 -0.0646049753 -0.470259845
v -0.140365943 -0.0937921852 -0.470259845
v -0.17031607 -0.113805331 -0.485180348
v -0.18924576 -0.0783904716 -0.485180348
v -0.171635032 -0.0341408812 -0.485180348
v -0.186268806 -0.0370519981 -0.491360605
v -0.165573493 -0.0329350568 -0.470259845
v -0.200902551 -0.0399631262 -0.485180348
v -0.19071582 -0.0132946642 -0.490946501
v -0.206090242 -0.0185387991 -0.480995327
v -0.208869874 -0.00128349999 -0.487184405
v -0.242831677 -0.0185392704 -0.46946013
v -0.194271058 0.0111661954 -0.483724594
v -0.214664683 0.0149131799 -0.479645073
v -0.211522102 0.0210934747 -0.465078115
v -0.189524055 0.0166879706 -0.469369948
v -0.180594891 0.00224939617 -0.485594153
v -0.174885213 0.0062940917 -0.471126169
v -0.17509681 -0.0111139715 -0.485407472
v -0.169132724 -0.00877128821 -0.47063309
v -0.694052875 0.021100793 -0.155031338
v -0.718108177 0.021100821 -0.0939035267
v -0.729929209 0.0211008098 0
v -0.135656014 -0.152063027 -0.486480623
v -0.151853308 -0.13563022 -0.486554563
v -0.158695415 -0.135931522 -0.475489199
v -0.171635032 -0.0341408737 -0.455339342
v -0.165573493 -0.0329350568 -0.470259845
v -0.0934941396 -0.219135359 -0.454539716
v -0.0958590508 -0.224845305 -0.469460219
v -0.0958590508 -0.224845275 -0.439619124
v -0.107277907 -0.25241518 -0.469460219
v -0.101576135 -0.238626137 -0.475640386
v -0.107277907 -0.25241515 -0.439619124
v -0.101576127 -0.238626093 -0.433438867
v -0.109642826 -0.258125067 -0.454539716
v -0.0934941396 -0.219135359 -0.454539716
v -0.0958590508 -0.224845275 -0.439619124
v -0.101576127 -0.238626093 -0.433438867
v -0.107277907 -0.25241515 -0.439619124
v -0.109642826 -0.258125067 -0.454539716
v -0.154948458 -0.139203951 -0.464469433
v -0.158695415 -0.135931522 -0.475489199
v 0.250372231 0.0149178309 -0.44099471
v 0.347156584 0.0105504328 -0.409082323
v 0.260315329 -0.000947055931 -0.433538049
v 0.347156584 -0.0105503732 -0.409082294
v 0.274872214 -0.0149205085 -0.435442656
v 0.42144388 0.0105503816 -0.37764743
v 0.421443939 -0.0105504105 -0.37764743
v 0.488727987 0.0105503965 -0.34086886
v 0.488727987 -0.0105503928 -0.34086886
v 0.548369288 0.0105504524 -0.299360484
v 0.548369229 -0.0105503295 -0.299360454
v 0.599886715 0.0105503751 -0.253582269
v 0.599886775 -0.0105504133 -0.253582269
v 0.642815053 0.0105504096 -0.20376879
v 0.642815053 -0.0105503798 -0.20376876
v 0.676493347 0.0105504375 -0.149972096
v 0.676493287 -0.01055035 -0.149972096
v 0.699905753 0.0105503891 -0.0922895521
v 0.699905813 -0.0105504263 -0.0922895595
v 0.711655438 -0.010550403 0
v 0.711655438 0.010550403 0
v 0.499548852 -0.0211007893 -0.355594397
v 0.430297703 -0.021100793 -0.393633187
v 0.56116432 -0.0211007837 -0.312407225
v 0.614567578 -0.0211007874 -0.264463753
v 0.659145057 -0.0211007893 -0.21197027
v 0.694052815 -0.0211007874 -0.155031353
v 0.718108296 -0.0211008154 -0.093903549
v 0.729929209 -0.0211008098 0
v 0.659145057 0.0211007949 -0.211970285
v 0.614567518 0.021100793 -0.264463753
v 0.561164379 0.0211007874 -0.312407315
v 0.499548852 0.0211007949 -0.355594367
v 0.430297703 0.0211007968 -0.393633097
v 0.354100347 0.0211008117 -0.425985515
v 0.254213125 0.0210981071 -0.455395579
v 0.211522102 0.0210934747 -0.465078115
v 0.208323658 0.0149132079 -0.450524062
v 0.201646551 -0.00146034209 -0.445734888
v 0.243624493 -0.0104898792 -0.439619124
v 0.239956662 -0.0477311797 -0.439619124
v 0.254590362 -0.0506423078 -0.433438867
v 0.201837435 -0.0162622873 -0.452059925
v 0.269224197 -0.053553436 -0.439619124
v 0.280806601 -0.0196365919 -0.453759998
v 0.275285721 -0.0547592714 -0.454539716
v 0.190385208 0.0108560156 -0.454141676
v 0.236319497 -0.0219095629 -0.454539716
v 0.209407434 -0.0226113964 -0.464165449
v 0.242831677 -0.0185392704 -0.46946013
v 0.206090242 -0.0185387991 -0.480995327
v 0.189524055 0.0166879706 -0.469369948
v 0.174885213 0.0062940917 -0.471126169
v 0.178759992 0.00130101584 -0.455768943
v 0.188980639 -0.0148986876 -0.448769182
v 0.169132724 -0.00877128821 -0.47063309
v 0.174482316 -0.0124488752 -0.455560297
v 0.186268806 -0.0370519906 -0.449159086
v 0.200902551 -0.0399631113 -0.455339342
v 0.206964076 -0.0411689468 -0.470259845
v 0.200902551 -0.0399631262 -0.485180348
v 0.175461099 -0.0726803094 -0.449159086
v 0.161676466 -0.0669701844 -0.455339342
v 0.145504564 -0.0972258896 -0.455339342
v 0.140365943 -0.0937921852 -0.470259845
v 0.155966699 -0.0646049753 -0.470259845
v 0.157910317 -0.105515584 -0.449159086
v 0.189245716 -0.0783904567 -0.455339342
v 0.170316041 -0.113805294 -0.455339342
v 0.194955513 -0.0807556808 -0.470259845
v 0.175454721 -0.117239013 -0.470259845
v 0.18924576 -0.0783904716 -0.485180348
v 0.17031607 -0.113805331 -0.485180348
v 0.11937084 -0.119375035 -0.470259845
v 0.123740844 -0.123745307 -0.455339342
v 0.0937881768 -0.140370399 -0.470259845
v 0.0972215906 -0.145509228 -0.455339342
v 0.134290963 -0.134296 -0.449159086
v 0.105510652 -0.157915384 -0.449159086
v 0.113799706 -0.170321599 -0.455339342
v 0.146242335 -0.146247819 -0.459134191
v 0.0646010861 -0.155971393 -0.470259845
v 0.0669659972 -0.161681309 -0.455339342
v 0.0329311974 -0.165578574 -0.470259845
v 0.0341367275 -0.171640128 -0.455339342
v 0.0726754293 -0.175466225 -0.449159086
v 0.0370471291 -0.186274007 -0.449159086
v 0.0783848539 -0.189251214 -0.455339342
v 0.0399575271 -0.200907931 -0.455339342
v 0.0807497799 -0.194961131 -0.470259845
v 0.0411630571 -0.206969485 -0.470259845
v -0 -0.168822616 -0.470259845
v -0 -0.175002888 -0.455339342
v -0 -0.189923376 -0.449159086
v -0 -0.204843938 -0.455339342
v -0 -0.21102421 -0.470259845
v 0.117233142 -0.175460398 -0.470259845
v 0.138565198 -0.155229598 -0.464011818
v 0.159980163 -0.175919607 -0.457860082
v 0.168513298 -0.168519035 -0.452423632
v 0.13592191 -0.203431085 -0.439619124
v 0.183547601 -0.183554441 -0.433438867
v 0.14421095 -0.21583724 -0.433438867
v 0.194097713 -0.194105104 -0.439619124
v 0.152500004 -0.22824344 -0.439619124
v 0.132488474 -0.19829227 -0.454539716
v 0.198467702 -0.198475361 -0.454539716
v 0.15593344 -0.233382255 -0.454539716
v 0.203424558 -0.135928005 -0.439619124
v 0.215830296 -0.144217685 -0.433438867
v 0.239818528 -0.0993387699 -0.433438867
v 0.226033926 -0.09362863 -0.439619124
v 0.198285937 -0.132494301 -0.454539716
v 0.220324129 -0.0912634283 -0.454539716
v 0.203424558 -0.135928005 -0.469460219
v 0.226033926 -0.0936286449 -0.469460219
v 0.25360319 -0.105048895 -0.439619124
v 0.228236079 -0.152507409 -0.439619124
v 0.259312958 -0.107414126 -0.454539716
v 0.2333747 -0.155941114 -0.454539716
v 0.176082015 -0.159899324 -0.458018333
v 0.181714699 -0.159281209 -0.46829161
v 0.233895108 -0.0465253666 -0.454539716
v 0.239956662 -0.0477311984 -0.469460219
v 0.354100347 -0.0211008061 -0.425985485
v 0.354100347 -0.0211008061 -0.425985485
v 0.430297703 -0.021100793 -0.393633187
v 0.439151496 -0.0105503686 -0.409618855
v 0.361044079 -0.0105504198 -0.442888677
v 0.510369718 -0.0105503835 -0.370319903
v 0.499548852 -0.0211007893 -0.355594397
v 0.57395941 -0.0105504394 -0.325454026
v 0.56116432 -0.0211007837 -0.312407225
v 0.629248381 -0.0105503621 -0.275345266
v 0.614567578 -0.0211007874 -0.264463753
v 0.675475001 -0.0105503965 -0.22017175
v 0.659145057 -0.0211007893 -0.21197027
v 0.711612284 -0.0105504245 -0.160090595
v 0.694052815 -0.0211007874 -0.155031353
v 0.73631072 -0.010550376 -0.095517531
v 0.718108296 -0.0211008154 -0.093903549
v 0.748203099 -0.010550403 0
v 0.729929209 -0.0211008098 0
v 0.361044079 0.0105503863 -0.442888677
v 0.510369718 0.0105504058 -0.370319903
v 0.439151436 0.0105504226 -0.409618855
v 0.629248321 0.0105504245 -0.275345266
v 0.57395947 0.0105503425 -0.325454056
v 0.711612403 0.010550363 -0.160090595
v 0.675475001 0.0105503928 -0.220171764
v 0.430297703 0.0211007968 -0.393633097
v 0.354100347 0.0211008117 -0.425985515
v 0.258054078 0.0149178263 -0.469796658
v 0.259568363 -9.967199E-05 -0.475640386
v 0.272949964 -0.0157249402 -0.469460219
v 0.254213125 0.0210981071 -0.455395579
v 0.614567518 0.021100793 -0.264463753
v 0.561164379 0.0211007874 -0.312407315
v 0.694052875 0.021100793 -0.155031338
v 0.659145057 0.0211007949 -0.211970285
v 0.280806601 -0.0196365919 -0.453759998
v 0.275285721 -0.0547592714 -0.454539716
v 0.269224197 -0.0535534471 -0.469460219
v 0.208869874 -0.00128349999 -0.487184405
v 0.206090242 -0.0185387991 -0.480995327
v 0.242831677 -0.0185392704 -0.46946013
v 0.19071582 -0.0132946642 -0.490946501
v 0.194271058 0.0111661954 -0.483724594
v 0.214664683 0.0149131799 -0.479645073
v 0.211522102 0.0210934747 -0.465078115
v 0.189524055 0.0166879706 -0.469369948
v 0.180594891 0.00224939617 -0.485594153
v 0.174885213 0.0062940917 -0.471126169
v 0.200902551 -0.0399631262 -0.485180348
v 0.186268806 -0.0370519981 -0.491360605
v 0.17509681 -0.0111139715 -0.485407472
v 0.169132724 -0.00877128821 -0.47063309
v 0.18924576 -0.0783904716 -0.485180348
v 0.175461113 -0.0726803392 -0.491360605
v 0.17031607 -0.113805331 -0.485180348
v 0.157910317 -0.105515599 -0.491360605
v 0.161676466 -0.0669701919 -0.485180348
v 0.145504564 -0.0972258896 -0.485180348
v 0.155966699 -0.0646049753 -0.470259845
v 0.140365943 -0.0937921852 -0.470259845
v 0.134290963 -0.13429594 -0.491360605
v 0.123740807 -0.12374527 -0.485180348
v 0.10551066 -0.157915398 -0.491360605
v 0.0972216204 -0.145509228 -0.485180348
v 0.11937084 -0.119375035 -0.470259845
v 0.0937881768 -0.140370399 -0.470259845
v 0.0726754367 -0.175466269 -0.491360605
v 0.0669660047 -0.161681309 -0.485180348
v 0.0370471478 -0.186274052 -0.491360605
v 0.0341367386 -0.171640128 -0.485180348
v 0.0646010861 -0.155971393 -0.470259845
v 0.0329311974 -0.165578574 -0.470259845
v 0.0399575308 -0.200907946 -0.485180348
v 0.0783848539 -0.189251214 -0.485180348
v 0.0411630571 -0.206969485 -0.470259845
v 0.0807497799 -0.194961131 -0.470259845
v -0 -0.189923376 -0.491360605
v -0 -0.175002858 -0.485180348
v -0 -0.168822616 -0.470259845
v -0 -0.21102421 -0.470259845
v -0 -0.204843894 -0.485180348
v 0.113799706 -0.170321599 -0.485180348
v 0.117233142 -0.175460398 -0.470259845
v 0.138565198 -0.155229598 -0.464011818
v 0.136118829 -0.158616811 -0.475350171
v 0.135656014 -0.152063027 -0.486480623
v 0.169783205 -0.185711995 -0.475204468
v 0.194097713 -0.194105104 -0.469460219
v 0.152500004 -0.228243485 -0.469460219
v 0.144210964 -0.215837285 -0.475640386
v 0.13592191 -0.203431085 -0.469460219
v 0.159157544 -0.181757823 -0.468167335
v 0.132488474 -0.19829227 -0.454539716
v 0.159980163 -0.175919607 -0.457860082
v 0.15593344 -0.233382255 -0.454539716
v 0.198467702 -0.198475361 -0.454539716
v 0.228236079 -0.152507409 -0.469460219
v 0.18559663 -0.169814438 -0.475178361
v 0.215830296 -0.144217715 -0.475640386
v 0.239818528 -0.0993387774 -0.475640386
v 0.226033926 -0.0936286449 -0.469460219
v 0.203424558 -0.135928005 -0.469460219
v 0.25360319 -0.10504891 -0.469460219
v 0.2333747 -0.155941114 -0.454539716
v 0.259312958 -0.107414126 -0.454539716
v 0.181714699 -0.159281209 -0.46829161
v 0.239956662 -0.0477311984 -0.469460219
v 0.254590362 -0.0506423265 -0.475640386
v 0.151853308 -0.13563022 -0.486554563
v 0.158695415 -0.135931522 -0.475489199
v 0.736310661 0.0105504394 -0.0955175161
v 0.748203099 0.010550403 0
v 0.718108177 0.021100821 -0.0939035267
v 0.729929209 0.0211008098 0
v 0.499548852 0.0211007949 -0.355594367
v 0.694052875 0.021100793 -0.155031338
v 0.718108177 0.021100821 -0.0939035267
v 0.729929209 0.0211008098 0
v 0.171635032 -0.0341408812 -0.485180348
v 0.165573493 -0.0329350568 -0.470259845
v 0.171635032 -0.0341408737 -0.455339342
v 0.165573493 -0.0329350568 -0.470259845
v 0.0934941396 -0.219135359 -0.454539716
v 0.0958590508 -0.224845275 -0.439619124
v 0.0958590508 -0.224845305 -0.469460219
v 0.107277907 -0.25241518 -0.469460219
v 0.101576135 -0.238626137 -0.475640386
v 0.107277907 -0.25241515 -0.439619124
v 0.101576127 -0.238626093 -0.433438867
v 0.109642826 -0.258125067 -0.454539716
v 0.0958590508 -0.224845305 -0.469460219
v 0.101576135 -0.238626137 -0.475640386
v 0.0934941396 -0.219135359 -0.454539716
v 0.107277907 -0.25241518 -0.469460219
v 0.109642826 -0.258125067 -0.454539716
v 0.0958590508 -0.224845275 -0.439619124
v 0.0934941396 -0.219135359 -0.454539716
v 0.101576127 -0.238626093 -0.433438867
v 0.107277907 -0.25241515 -0.439619124
v 0.109642826 -0.258125067 -0.454539716
v 0.158695415 -0.135931522 -0.475489199
v 0.154948458 -0.139203951 -0.464469433
vt 0.874786019 0.942847013
vt 0.711187482 0.875045002
vt 0.685162008 0.992420971
vt 0.863789022 0.992420971
vt 0.902141988 0.899945021
vt 0.775839984 0.77364397
vt 0.945073485 0.872570515
vt 0.87725246 0.708979487
vt 0.99466002 0.682923973
vt 0.99466002 0.861555994
vt 0.0834570006 0.256756008
vt 0.0934249982 0.286229014
vt 0.00761999981 0.288906991
vt 0.00761999981 0.257705986
vt 0.143333003 0.243500993
vt 0.139651 0.272395015
vt 0.150380999 0.276910007
vt 0.166905001 0.254765987
vt 0.201369002 0.316778988
vt 0.172460005 0.316875994
vt 0.198027998 0.339839011
vt 0.170717001 0.328379005
vt 0.154409006 0.383870989
vt 0.132234007 0.363137007
vt 0.113003999 0.442891002
vt 0.0851820037 0.428833008
vt 0.0837109983 0.506470025
vt 0.0534599982 0.499653012
vt 0.0677559972 0.564580977
vt 0.042493999 0.546729028
vt 0.0486879982 0.579434991
vt 0.0329300016 0.554431975
vt 0.00761999981 0.58910501
vt 0.00761999981 0.56014502
vt 0.00761999981 0.257705986
vt 0.00761999981 0.188016996
vt 0.0973295048 0.177175999
vt 0.0834570006 0.256756008
vt 0.143333003 0.243500993
vt 0.191174999 0.224316001
vt 0.175622001 0.144789994
vt 0.231384993 0.0847304985
vt 0.29243499 0.227879003
vt 0.279141009 0.116172001
vt 0.166905001 0.254765987
vt 0.201369002 0.316778988
vt 0.241809994 0.314907998
vt 0.198027998 0.339839011
vt 0.230808005 0.41228801
vt 0.299010992 0.364383012
vt 0.379538 0.348039985
vt 0.374334991 0.242017001
vt 0.300877005 0.0177229997
vt 0.545441985 0.0794249997
vt 0.488541991 0.274850011
vt 0.460465014 0.358002007
vt 0.154409006 0.383870989
vt 0.178038001 0.478664011
vt 0.113003999 0.442891002
vt 0.0837109983 0.506470025
vt 0.146676511 0.557775497
vt 0.0677559972 0.564580977
vt 0.0646909997 0.619650006
vt 0.137842 0.643067002
vt 0.0661740005 0.707005024
vt 0.00761999981 0.716354012
vt 0.00761999981 0.802841008
vt 0.0845310017 0.815352023
vt 0.161497995 0.723527551
vt 0.0486879982 0.579434991
vt 0.00761999981 0.626330018
vt 0.00761999981 0.58910501
vt 0.149458006 0.857057989
vt 0.210041001 0.788676977
vt 0.00761999981 0.896956027
vt 0.0780560002 0.927425981
vt 0.00761999981 0.991186023
vt 0.0446100011 0.628750026
vt 0.00761999981 0.641793013
vt 0.00761999981 0.693801999
vt 0.59887135 0.809675217
vt 0.55635035 0.9124946
vt 0.59887141 0.921927035
vt 0.519551992 0.889030635
vt 0.496072322 0.852207065
vt 0.486624628 0.809675217
vt 0.496072114 0.767143607
vt 0.519551873 0.730319977
vt 0.556350291 0.706855953
vt 0.59887135 0.697423518
vt 0.64139235 0.706855834
vt 0.598871291 0.697423458
vt 0.678190708 0.730319798
vt 0.701670468 0.767143369
vt 0.711118042 0.809675217
vt 0.701670527 0.852207065
vt 0.678190649 0.889030516
vt 0.64139235 0.912494659
vt 0.598871171 0.921927094
vt 0.0689290017 0.342938006
vt 0.00761999981 0.288906991
vt 0.0934249982 0.286229014
vt 0.113803998 0.318845987
vt 0.0441239998 0.356483519
vt 0.00761999981 0.337256014
vt 0.139651 0.272395015
vt 0.150380999 0.276910007
vt 0.0816569999 0.36619699
vt 0.172460005 0.316875994
vt 0.126055002 0.340662986
vt 0.0593339987 0.391501993
vt 0.170717001 0.328379005
vt 0.0851820037 0.428833008
vt 0.0426975004 0.42552948
vt 0.132234007 0.363137007
vt 0.0534599982 0.499653012
vt 0.0212069992 0.46884799
vt 0.00761999981 0.444438994
vt 0.00761999981 0.46884799
vt 0.0212069992 0.520835996
vt 0.042493999 0.546729028
vt 0.0329300016 0.554431975
vt 0.00761999981 0.56014502
vt 0.00761999981 0.520835996
vt 0.00761999981 0.360581011
vt 0.00761999981 0.337256014
vt 0.0441239998 0.356483519
vt 0.0288359988 0.370636493
vt 0.0593339987 0.391501993
vt 0.0379679985 0.390897989
vt 0.0278420001 0.410844505
vt 0.0426975004 0.42552948
vt 0.00761999981 0.421754986
vt 0.00761999981 0.444438994
vt 0.00761999981 0.360581011
vt 0.0288359988 0.370636493
vt 0.00761999981 0.391167998
vt 0.0379679985 0.390897989
vt 0.0278420001 0.410844505
vt 0.00761999981 0.421754986
vt 0.00761999981 0.46884799
vt 0.0212069992 0.46884799
vt 0.0158070009 0.474550992
vt 0.00761999981 0.474550992
vt 0.00761999981 0.520835996
vt 0.00761999981 0.515133023
vt 0.0158070009 0.515133023
vt 0.0212069992 0.520835996
vt 0.0158070009 0.474550992
vt 0.0158070009 0.515133023
vt 0.00761999981 0.515133023
vt 0.00761999981 0.474550992
vt 0.0689290017 0.342938006
vt 0.113803998 0.318845987
vt 0.112090997 0.325367987
vt 0.0754910037 0.345288992
vt 0.112090997 0.325367987
vt 0.113803998 0.318845987
vt 0.126055002 0.340662986
vt 0.119505003 0.33871901
vt 0.0689290017 0.342938006
vt 0.0754910037 0.345288992
vt 0.0831580013 0.359434992
vt 0.0816569999 0.36619699
vt 0.0754910037 0.345288992
vt 0.112090997 0.325367987
vt 0.119505003 0.33871901
vt 0.0831580013 0.359434992
vt 0.877427459 0.709229946
vt 0.945008993 0.872662544
vt 0.902167976 0.899969995
vt 0.776116014 0.773805976
vt 0.874866486 0.942809999
vt 0.711545467 0.875120521
vt 0.685577989 0.992420971
vt 0.863885999 0.992420971
vt 0.994729996 0.683251977
vt 0.994614005 0.861676991
vt 0.711398005 0.875120521
vt 0.874948025 0.942810535
vt 0.902253985 0.899969995
vt 0.775972009 0.773805976
vt 0.945098519 0.872662544
vt 0.877286494 0.709229946
vt 0.685424984 0.992420971
vt 0.863963008 0.992420971
vt 0.994614005 0.861676991
vt 0.994589984 0.683251977
vt 0.263954014 0.0102319997
vt 0.0831580013 0.359434992
vt 0.119505003 0.33871901
vt 0.126055002 0.340662986
vt 0.0816569999 0.36619699
vt 0.0158070009 0.515133023
vt 0.0158070009 0.474550992
vt 0.0212069992 0.46884799
vt 0.0212069992 0.520835996
vt 0.641424179 0.912425697
vt 0.598871291 0.809675217
vt 0.598871171 0.921843827
vt 0.67816931 0.889008403
vt 0.701591611 0.852262378
vt 0.711014271 0.809635997
vt 0.70159173 0.767165005
vt 0.678169549 0.730416
vt 0.641423821 0.706994832
vt 0.59887135 0.697572768
vt 0.556318462 0.912425697
vt 0.51957339 0.889008343
vt 0.496151239 0.852262437
vt 0.556318879 0.706994653
vt 0.51957345 0.73041594
vt 0.496151239 0.767164767
vt 0.486728579 0.809635937
vt 0.211099997 0.236450002
vt 0.272379011 0.238911003
vt 0.241749004 0.291880012
vt 0.430141985 0.603515983
vt 0.516430974 0.605152011
vt 0.439298004 0.590622008
vt 0.516430974 0.582597971
vt 0.452015996 0.580305994
vt 0.582521975 0.605152011
vt 0.582521975 0.582597971
vt 0.645395994 0.605152011
vt 0.645395994 0.582597971
vt 0.705031991 0.605152011
vt 0.705033004 0.582597971
vt 0.761654019 0.605152011
vt 0.761655986 0.582597971
vt 0.815738976 0.605152011
vt 0.815741003 0.582597971
vt 0.86798799 0.605152011
vt 0.867990017 0.582597971
vt 0.919263005 0.605152011
vt 0.919265985 0.582597971
vt 0.995368004 0.582597971
vt 0.995365024 0.605152011
vt 0.644554019 0.571713984
vt 0.581984997 0.571713984
vt 0.704138994 0.571713984
vt 0.76097101 0.571713984
vt 0.815506995 0.571713984
vt 0.868396997 0.571713984
vt 0.920417011 0.571713984
vt 0.995365977 0.571713984
vt 0.815509021 0.616391003
vt 0.760972023 0.616391003
vt 0.704140007 0.616391003
vt 0.644554019 0.616391003
vt 0.581984997 0.616391003
vt 0.516430974 0.616391003
vt 0.431196988 0.61509198
vt 0.394881994 0.617412984
vt 0.394407988 0.605904996
vt 0.388711512 0.59434104
vt 0.42634201 0.584128022
vt 0.430299997 0.55261302
vt 0.440218002 0.550773025
vt 0.385660499 0.583626509
vt 0.450475991 0.548708975
vt 0.459059 0.56941402
vt 0.461369008 0.546820998
vt 0.379496008 0.603947997
vt 0.417591006 0.574917972
vt 0.391306669 0.57597971
vt 0.414339989 0.571754992
vt 0.394843996 0.57082355
vt 0.375093997 0.614422977
vt 0.361543 0.606171012
vt 0.369468004 0.598038018
vt 0.375481009 0.585847497
vt 0.354375988 0.594503999
vt 0.364291996 0.588883996
vt 0.367953986 0.570658982
vt 0.37669301 0.567148983
vt 0.383933008 0.562900007
vt 0.390547007 0.558295012
vt 0.356792986 0.546675026
vt 0.347487986 0.551073015
vt 0.336975992 0.52917397
vt 0.327715993 0.535004973
vt 0.337554991 0.555595994
vt 0.345889986 0.523383021
vt 0.365514994 0.542396009
vt 0.354499012 0.518136024
vt 0.373816013 0.538200974
vt 0.36252901 0.514041007
vt 0.382286996 0.534018993
vt 0.370646 0.510617018
vt 0.316812009 0.516236007
vt 0.325094998 0.508562028
vt 0.301201999 0.502241015
vt 0.307525992 0.493086994
vt 0.333882987 0.500409007
vt 0.314029992 0.483709008
vt 0.320434988 0.474391997
vt 0.34623301 0.489475012
vt 0.282380015 0.491982996
vt 0.286697 0.481754988
vt 0.261615008 0.485621989
vt 0.263929009 0.474730998
vt 0.291101992 0.471365005
vt 0.266274989 0.46370101
vt 0.295435995 0.461073995
vt 0.268579006 0.452784002
vt 0.299791992 0.450605005
vt 0.270900011 0.441734999
vt 0.239298001 0.483159989
vt 0.240200996 0.472045988
vt 0.240491003 0.46085301
vt 0.240765005 0.449624985
vt 0.241628006 0.438423991
vt 0.326539993 0.464787006
vt 0.34148401 0.481727004
vt 0.362709999 0.465941995
vt 0.370413005 0.469473988
vt 0.353691995 0.440145999
vt 0.387892991 0.453770995
vt 0.360190004 0.430837989
vt 0.396079987 0.445825011
vt 0.366519988 0.421638012
vt 0.347337991 0.449389994
vt 0.404148996 0.437586993
vt 0.372907996 0.412270993
vt 0.406082988 0.48634401
vt 0.414784014 0.480376005
vt 0.432648987 0.513419986
vt 0.422926009 0.517279029
vt 0.398021996 0.492168009
vt 0.413477987 0.52097702
vt 0.390345007 0.497536004
vt 0.404359013 0.52451998
vt 0.442584991 0.509437025
vt 0.423709989 0.474323004
vt 0.453209996 0.505329013
vt 0.433093011 0.467824996
vt 0.374280006 0.477097005
vt 0.376139998 0.483069986
vt 0.421070009 0.553623974
vt 0.412638992 0.554004014
vt 0.516430974 0.571713984
vt 0.516430974 0.674950004
vt 0.581983984 0.674951017
vt 0.579091012 0.664601982
vt 0.51643002 0.664601982
vt 0.64172399 0.664601982
vt 0.644553006 0.674951017
vt 0.70244801 0.664586008
vt 0.704137981 0.674950004
vt 0.758951008 0.664601982
vt 0.760969996 0.674951017
vt 0.814447999 0.664601028
vt 0.815505028 0.674951017
vt 0.867636979 0.664597988
vt 0.868394017 0.674951017
vt 0.919951975 0.664574027
vt 0.920413971 0.674950004
vt 0.995362997 0.664601982
vt 0.995362997 0.674951017
vt 0.516430974 0.639769971
vt 0.64172399 0.639769971
vt 0.579092026 0.639769971
vt 0.758952022 0.639769971
vt 0.70244801 0.639723003
vt 0.867636979 0.639757991
vt 0.814447999 0.639766991
vt 0.579603016 0.627240002
vt 0.51643002 0.627240002
vt 0.430768996 0.642183006
vt 0.431284994 0.655134976
vt 0.442851007 0.667882025
vt 0.429996997 0.629606009
vt 0.759607017 0.627240002
vt 0.70244801 0.627240002
vt 0.867636979 0.627240002
vt 0.814447999 0.627240002
vt 0.454663008 0.674919009
vt 0.451429009 0.70074302
vt 0.439307004 0.698092997
vt 0.39012 0.655798495
vt 0.389316499 0.66990304
vt 0.418287009 0.67049998
vt 0.375896513 0.665428996
vt 0.379097998 0.646332979
vt 0.395033985 0.64231199
vt 0.39358601 0.630298972
vt 0.373712987 0.635137975
vt 0.368735999 0.653002977
vt 0.36045 0.644991994
vt 0.383215994 0.686264992
vt 0.371266007 0.683278978
vt 0.363696992 0.662585974
vt 0.352665007 0.657181025
vt 0.373457998 0.715351999
vt 0.362020999 0.710361004
vt 0.359149009 0.742061973
vt 0.348318011 0.735614002
vt 0.35057199 0.705330014
vt 0.337790012 0.728860974
vt 0.339107007 0.700281024
vt 0.327399999 0.721948981
vt 0.329230011 0.759194016
vt 0.32040301 0.750066996
vt 0.304641008 0.776643991
vt 0.29824701 0.766174972
vt 0.311688006 0.741073012
vt 0.291577995 0.755735993
vt 0.278982013 0.790064991
vt 0.274260014 0.778605998
vt 0.25169301 0.799037993
vt 0.248885006 0.786882997
vt 0.269427001 0.767157972
vt 0.245997995 0.774784029
vt 0.254496992 0.811164021
vt 0.283721 0.801541984
vt 0.257328004 0.823253989
vt 0.288610995 0.81300199
vt 0.223247007 0.803071976
vt 0.222645998 0.790688992
vt 0.221240997 0.778446019
vt 0.225149006 0.827883005
vt 0.223876998 0.815539002
vt 0.310528994 0.787138999
vt 0.316621989 0.797747016
vt 0.332457006 0.791245997
vt 0.329932988 0.784509003
vt 0.329854012 0.774053991
vt 0.359212011 0.802040994
vt 0.379581004 0.808268011
vt 0.347939014 0.83822602
vt 0.340470999 0.828485012
vt 0.332922012 0.819031
vt 0.348517001 0.800916016
vt 0.325794995 0.809074998
vt 0.34345001 0.798515022
vt 0.355277985 0.848188996
vt 0.388505995 0.816995025
vt 0.407730997 0.775035024
vt 0.372530997 0.788124025
vt 0.397628009 0.767886996
vt 0.416161001 0.733124018
vt 0.404727012 0.728303015
vt 0.387502015 0.760622025
vt 0.42762199 0.737893999
vt 0.417975992 0.782051027
vt 0.439159006 0.742582023
vt 0.371360004 0.777894974
vt 0.415569007 0.692924023
vt 0.427504003 0.695514977
vt 0.343753994 0.760060012
vt 0.353228986 0.760502994
vt 0.919951975 0.639684975
vt 0.995362997 0.639769971
vt 0.919951975 0.627240002
vt 0.995362997 0.627240002
vt 0.642526984 0.627240002
vt 0.868398011 0.616391003
vt 0.920418978 0.616391003
vt 0.995368004 0.616391003
vt 0.359216988 0.68007499
vt 0.347182989 0.676393986
vt 0.358006001 0.573798001
vt 0.347422004 0.57723701
vt 0.197124004 0.739452004
vt 0.205335006 0.759054005
vt 0.205157995 0.719784021
vt 0.244375005 0.719627023
vt 0.224729002 0.711571991
vt 0.244552001 0.758897007
vt 0.224979997 0.767108977
vt 0.252584994 0.739229023
vt 0.302906007 0.83634299
vt 0.308263987 0.847559988
vt 0.297093004 0.825423002
vt 0.313632011 0.858741999
vt 0.319501996 0.869650006
vt 0.326090008 0.424892992
vt 0.321031004 0.434882998
vt 0.330639005 0.414622009
vt 0.335159004 0.404332995
vt 0.340209991 0.394282013
vt 0.360289991 0.496991992
vt 0.353258014 0.49466601
vt 0.851831019 0.283336937
vt 0.851831019 0.352724433
vt 0.994566023 0.352724373
vt 0.994566023 0.283336878
vt 0.994566023 0.422111988
vt 0.851831019 0.422111928
vt 0.994566023 0.213949382
vt 0.851831019 0.213949457
vt 0.851831019 0.144561976
vt 0.994566023 0.144561887
vt 0.851831019 0.0751744881
vt 0.994566023 0.0751743987
vt 0.851831019 0.00578700006
vt 0.994566023 0.00578691158
vt 0.851831019 0.422111988
vt 0.851831019 0.352724373
vt 0.994566023 0.352724463
vt 0.994566023 0.422111958
vt 0.994566023 0.283336967
vt 0.851831019 0.283336878
vt 0.994566023 0.213949472
vt 0.851831019 0.213949397
vt 0.994566023 0.144561976
vt 0.851831019 0.144561902
vt 0.994566023 0.0751744881
vt 0.851831019 0.0751744136
vt 0.994566023 0.00578700006
vt 0.851831019 0.00578692788
vt 0.71174401 0.810083985
vt 0.690921545 0.748590469
vt 0.690921545 0.871577024
vt 0.660383999 0.902114987
vt 0.660383523 0.718052506
vt 0.598890007 0.922936976
vt 0.598890007 0.697229981
vt 0.537397027 0.902114987
vt 0.537397027 0.718052506
vt 0.506859004 0.871577024
vt 0.506859004 0.748590469
vt 0.486036986 0.810083985
vt 0.650341988 0.283336967
vt 0.650341988 0.352724463
vt 0.697403014 0.352724373
vt 0.697403014 0.283336878
vt 0.697403014 0.422111988
vt 0.650341988 0.422111958
vt 0.650341988 0.213949472
vt 0.697403014 0.213949397
vt 0.650341988 0.144561976
vt 0.697403014 0.144561917
vt 0.650341988 0.0751744881
vt 0.697403014 0.0751744285
vt 0.650341988 0.00578700006
vt 0.697403014 0.00578694185
vt 0.650341988 0.422111988
vt 0.650341988 0.352724373
vt 0.697403014 0.352724463
vt 0.697403014 0.422111958
vt 0.697403014 0.283336967
vt 0.650341988 0.283336878
vt 0.697403014 0.213949472
vt 0.650341988 0.213949382
vt 0.697403014 0.144561976
vt 0.650341988 0.144561887
vt 0.697403014 0.0751744881
vt 0.650341988 0.0751744062
vt 0.697403014 0.00578700006
vt 0.650341988 0.00578691717
vt 0.553435981 0.352724433
vt 0.650341988 0.352724463
vt 0.650341988 0.283336967
vt 0.553435981 0.283336937
vt 0.553435981 0.422112048
vt 0.650341988 0.422111958
vt 0.650341988 0.213949472
vt 0.553435981 0.213949457
vt 0.650341988 0.144561976
vt 0.553435981 0.144561976
vt 0.650341988 0.0751744881
vt 0.553435981 0.0751744881
vt 0.650341988 0.00578700006
vt 0.553435981 0.00578700006
vt 0.553435981 0.352724493
vt 0.650341988 0.352724373
vt 0.650341988 0.422111988
vt 0.553435981 0.422111988
vt 0.553435981 0.283336997
vt 0.650341988 0.283336878
vt 0.553435981 0.213949502
vt 0.650341988 0.213949382
vt 0.553435981 0.144562006
vt 0.650341988 0.144561887
vt 0.553435981 0.0751745179
vt 0.650341988 0.0751744062
vt 0.553435981 0.00578703312
vt 0.650341988 0.00578691717
vt 0.697403014 0.352724373
vt 0.802653015 0.352724373
vt 0.802653015 0.283336878
vt 0.697403014 0.283336878
vt 0.802653015 0.422111988
vt 0.697403014 0.422111988
vt 0.697403014 0.213949397
vt 0.802653015 0.213949397
vt 0.697403014 0.144561917
vt 0.802653015 0.144561902
vt 0.697403014 0.0751744285
vt 0.802653015 0.0751744211
vt 0.697403014 0.00578694185
vt 0.802653015 0.00578693207
vt 0.802653015 0.00578700006
vt 0.802653015 0.0751744881
vt 0.697403014 0.0751744881
vt 0.697403014 0.00578700006
vt 0.697403014 0.144561976
vt 0.802653015 0.144561976
vt 0.697403014 0.213949472
vt 0.802653015 0.213949472
vt 0.697403014 0.283336967
vt 0.802653015 0.283336967
vt 0.697403014 0.352724463
vt 0.802653015 0.352724463
vt 0.697403014 0.422111958
vt 0.802653015 0.422111958
vt 0.825607538 0.283336967
vt 0.825607538 0.352724463
vt 0.851831019 0.352724433
vt 0.851831019 0.283336937
vt 0.825607538 0.422111958
vt 0.851831019 0.422111928
vt 0.802653015 0.352724373
vt 0.802653015 0.283336878
vt 0.802653015 0.422111988
vt 0.825607538 0.213949472
vt 0.802653015 0.213949397
vt 0.802653015 0.144561902
vt 0.825607538 0.144561976
vt 0.851831019 0.144561976
vt 0.851831019 0.213949457
vt 0.825607538 0.0751744881
vt 0.802653015 0.0751744211
vt 0.851831019 0.0751744881
vt 0.825607538 0.00578700006
vt 0.802653015 0.00578693207
vt 0.851831019 0.00578700006
vt 0.851831019 0.0751744136
vt 0.825607538 0.0751744062
vt 0.825607538 0.00578692183
vt 0.851831019 0.00578692788
vt 0.802653015 0.0751744881
vt 0.802653015 0.00578700006
vt 0.825607538 0.144561902
vt 0.802653015 0.144561976
vt 0.851831019 0.144561902
vt 0.825607538 0.213949382
vt 0.802653015 0.213949472
vt 0.802653015 0.283336967
vt 0.825607538 0.283336878
vt 0.851831019 0.283336878
vt 0.851831019 0.213949397
vt 0.825607538 0.352724373
vt 0.802653015 0.352724463
vt 0.851831019 0.352724373
vt 0.825607538 0.422111988
vt 0.802653015 0.422111958
vt 0.851831019 0.422111988
vt 0.851831019 0.283336937
vt 0.851831019 0.352724433
vt 0.994566023 0.352724373
vt 0.994566023 0.283336878
vt 0.994566023 0.422111988
vt 0.851831019 0.422111928
vt 0.994566023 0.213949382
vt 0.851831019 0.213949457
vt 0.851831019 0.144561976
vt 0.994566023 0.144561887
vt 0.851831019 0.0751744881
vt 0.994566023 0.0751743987
vt 0.851831019 0.00578700006
vt 0.994566023 0.00578691158
vt 0.851831019 0.422111988
vt 0.851831019 0.352724373
vt 0.994566023 0.352724463
vt 0.994566023 0.422111958
vt 0.994566023 0.283336967
vt 0.851831019 0.283336878
vt 0.994566023 0.213949472
vt 0.851831019 0.213949397
vt 0.994566023 0.144561976
vt 0.851831019 0.144561902
vt 0.994566023 0.0751744881
vt 0.851831019 0.0751744136
vt 0.994566023 0.00578700006
vt 0.851831019 0.00578692788
vt 0.71174401 0.810083985
vt 0.690921545 0.748590469
vt 0.690921545 0.871577024
vt 0.660383999 0.902114987
vt 0.660383523 0.718052506
vt 0.598890007 0.922936976
vt 0.598890007 0.697229981
vt 0.537397027 0.902114987
vt 0.537397027 0.718052506
vt 0.506859004 0.871577024
vt 0.506859004 0.748590469
vt 0.486036986 0.810083985
vt 0.650341988 0.283336967
vt 0.650341988 0.352724463
vt 0.697403014 0.352724373
vt 0.697403014 0.283336878
vt 0.697403014 0.422111988
vt 0.650341988 0.422111958
vt 0.650341988 0.213949472
vt 0.697403014 0.213949397
vt 0.650341988 0.144561976
vt 0.697403014 0.144561917
vt 0.650341988 0.0751744881
vt 0.697403014 0.0751744285
vt 0.650341988 0.00578700006
vt 0.697403014 0.00578694185
vt 0.650341988 0.422111988
vt 0.650341988 0.352724373
vt 0.697403014 0.352724463
vt 0.697403014 0.422111958
vt 0.697403014 0.283336967
vt 0.650341988 0.283336878
vt 0.697403014 0.213949472
vt 0.650341988 0.213949382
vt 0.697403014 0.144561976
vt 0.650341988 0.144561887
vt 0.697403014 0.0751744881
vt 0.650341988 0.0751744062
vt 0.697403014 0.00578700006
vt 0.650341988 0.00578691717
vt 0.553435981 0.352724433
vt 0.650341988 0.352724463
vt 0.650341988 0.283336967
vt 0.553435981 0.283336937
vt 0.553435981 0.422112048
vt 0.650341988 0.422111958
vt 0.650341988 0.213949472
vt 0.553435981 0.213949457
vt 0.650341988 0.144561976
vt 0.553435981 0.144561976
vt 0.650341988 0.0751744881
vt 0.553435981 0.0751744881
vt 0.650341988 0.00578700006
vt 0.553435981 0.00578700006
vt 0.553435981 0.352724493
vt 0.650341988 0.352724373
vt 0.650341988 0.422111988
vt 0.553435981 0.422111988
vt 0.553435981 0.283336997
vt 0.650341988 0.283336878
vt 0.553435981 0.213949502
vt 0.650341988 0.213949382
vt 0.553435981 0.144562006
vt 0.650341988 0.144561887
vt 0.553435981 0.0751745179
vt 0.650341988 0.0751744062
vt 0.553435981 0.00578703312
vt 0.650341988 0.00578691717
vt 0.697403014 0.352724373
vt 0.802653015 0.352724373
vt 0.802653015 0.283336878
vt 0.697403014 0.283336878
vt 0.802653015 0.422111988
vt 0.697403014 0.422111988
vt 0.697403014 0.213949397
vt 0.802653015 0.213949397
vt 0.697403014 0.144561917
vt 0.802653015 0.144561902
vt 0.697403014 0.0751744285
vt 0.802653015 0.0751744211
vt 0.697403014 0.00578694185
vt 0.802653015 0.00578693207
vt 0.802653015 0.00578700006
vt 0.802653015 0.0751744881
vt 0.697403014 0.0751744881
vt 0.697403014 0.00578700006
vt 0.697403014 0.144561976
vt 0.802653015 0.144561976
vt 0.697403014 0.213949472
vt 0.802653015 0.213949472
vt 0.697403014 0.283336967
vt 0.802653015 0.283336967
vt 0.697403014 0.352724463
vt 0.802653015 0.352724463
vt 0.697403014 0.422111958
vt 0.802653015 0.422111958
vt 0.825607538 0.283336967
vt 0.825607538 0.352724463
vt 0.851831019 0.352724433
vt 0.851831019 0.283336937
vt 0.825607538 0.422111958
vt 0.851831019 0.422111928
vt 0.802653015 0.352724373
vt 0.802653015 0.283336878
vt 0.802653015 0.422111988
vt 0.825607538 0.213949472
vt 0.802653015 0.213949397
vt 0.802653015 0.144561902
vt 0.825607538 0.144561976
vt 0.851831019 0.144561976
vt 0.851831019 0.213949457
vt 0.825607538 0.0751744881
vt 0.802653015 0.0751744211
vt 0.851831019 0.0751744881
vt 0.825607538 0.00578700006
vt 0.802653015 0.00578693207
vt 0.851831019 0.00578700006
vt 0.851831019 0.0751744136
vt 0.825607538 0.0751744062
vt 0.825607538 0.00578692183
vt 0.851831019 0.00578692788
vt 0.802653015 0.0751744881
vt 0.802653015 0.00578700006
vt 0.825607538 0.144561902
vt 0.802653015 0.144561976
vt 0.851831019 0.144561902
vt 0.825607538 0.213949382
vt 0.802653015 0.213949472
vt 0.802653015 0.283336967
vt 0.825607538 0.283336878
vt 0.851831019 0.283336878
vt 0.851831019 0.213949397
vt 0.825607538 0.352724373
vt 0.802653015 0.352724463
vt 0.851831019 0.352724373
vt 0.825607538 0.422111988
vt 0.802653015 0.422111958
vt 0.851831019 0.422111988
vt 0.851831019 0.283336937
vt 0.851831019 0.352724433
vt 0.994566023 0.352724373
vt 0.994566023 0.283336878
vt 0.994566023 0.422111988
vt 0.851831019 0.422111928
vt 0.994566023 0.213949382
vt 0.851831019 0.213949457
vt 0.851831019 0.144561976
vt 0.994566023 0.144561887
vt 0.851831019 0.0751744881
vt 0.994566023 0.0751743987
vt 0.851831019 0.00578700006
vt 0.994566023 0.00578691158
vt 0.851831019 0.422111988
vt 0.851831019 0.352724373
vt 0.994566023 0.352724463
vt 0.994566023 0.422111958
vt 0.994566023 0.283336967
vt 0.851831019 0.283336878
vt 0.994566023 0.213949472
vt 0.851831019 0.213949397
vt 0.994566023 0.144561976
vt 0.851831019 0.144561902
vt 0.994566023 0.0751744881
vt 0.851831019 0.0751744136
vt 0.994566023 0.00578700006
vt 0.851831019 0.00578692788
vt 0.71174401 0.810083985
vt 0.690921545 0.748590469
vt 0.690921545 0.871577024
vt 0.660383999 0.902114987
vt 0.660383523 0.718052506
vt 0.598890007 0.922936976
vt 0.598890007 0.697229981
vt 0.537397027 0.902114987
vt 0.537397027 0.718052506
vt 0.506859004 0.871577024
vt 0.506859004 0.748590469
vt 0.486036986 0.810083985
vt 0.650341988 0.283336967
vt 0.650341988 0.352724463
vt 0.697403014 0.352724373
vt 0.697403014 0.283336878
vt 0.697403014 0.422111988
vt 0.650341988 0.422111958
vt 0.650341988 0.213949472
vt 0.697403014 0.213949397
vt 0.650341988 0.144561976
vt 0.697403014 0.144561917
vt 0.650341988 0.0751744881
vt 0.697403014 0.0751744285
vt 0.650341988 0.00578700006
vt 0.697403014 0.00578694185
vt 0.650341988 0.422111988
vt 0.650341988 0.352724373
vt 0.697403014 0.352724463
vt 0.697403014 0.422111958
vt 0.697403014 0.283336967
vt 0.650341988 0.283336878
vt 0.697403014 0.213949472
vt 0.650341988 0.213949382
vt 0.697403014 0.144561976
vt 0.650341988 0.144561887
vt 0.697403014 0.0751744881
vt 0.650341988 0.0751744062
vt 0.697403014 0.00578700006
vt 0.650341988 0.00578691717
vt 0.553435981 0.352724433
vt 0.650341988 0.352724463
vt 0.650341988 0.283336967
vt 0.553435981 0.283336937
vt 0.553435981 0.422112048
vt 0.650341988 0.422111958
vt 0.650341988 0.213949472
vt 0.553435981 0.213949457
vt 0.650341988 0.144561976
vt 0.553435981 0.144561976
vt 0.650341988 0.0751744881
vt 0.553435981 0.0751744881
vt 0.650341988 0.00578700006
vt 0.553435981 0.00578700006
vt 0.553435981 0.352724493
vt 0.650341988 0.352724373
vt 0.650341988 0.422111988
vt 0.553435981 0.422111988
vt 0.553435981 0.283336997
vt 0.650341988 0.283336878
vt 0.553435981 0.213949502
vt 0.650341988 0.213949382
vt 0.553435981 0.144562006
vt 0.650341988 0.144561887
vt 0.553435981 0.0751745179
vt 0.650341988 0.0751744062
vt 0.553435981 0.00578703312
vt 0.650341988 0.00578691717
vt 0.697403014 0.352724373
vt 0.802653015 0.352724373
vt 0.802653015 0.283336878
vt 0.697403014 0.283336878
vt 0.802653015 0.422111988
vt 0.697403014 0.422111988
vt 0.697403014 0.213949397
vt 0.802653015 0.213949397
vt 0.697403014 0.144561917
vt 0.802653015 0.144561902
vt 0.697403014 0.0751744285
vt 0.802653015 0.0751744211
vt 0.697403014 0.00578694185
vt 0.802653015 0.00578693207
vt 0.802653015 0.00578700006
vt 0.802653015 0.0751744881
vt 0.697403014 0.0751744881
vt 0.697403014 0.00578700006
vt 0.697403014 0.144561976
vt 0.802653015 0.144561976
vt 0.697403014 0.213949472
vt 0.802653015 0.213949472
vt 0.697403014 0.283336967
vt 0.802653015 0.283336967
vt 0.697403014 0.352724463
vt 0.802653015 0.352724463
vt 0.697403014 0.422111958
vt 0.802653015 0.422111958
vt 0.825607538 0.283336967
vt 0.825607538 0.352724463
vt 0.851831019 0.352724433
vt 0.851831019 0.283336937
vt 0.825607538 0.422111958
vt 0.851831019 0.422111928
vt 0.802653015 0.352724373
vt 0.802653015 0.283336878
vt 0.802653015 0.422111988
vt 0.825607538 0.213949472
vt 0.802653015 0.213949397
vt 0.802653015 0.144561902
vt 0.825607538 0.144561976
vt 0.851831019 0.144561976
vt 0.851831019 0.213949457
vt 0.825607538 0.0751744881
vt 0.802653015 0.0751744211
vt 0.851831019 0.0751744881
vt 0.825607538 0.00578700006
vt 0.802653015 0.00578693207
vt 0.851831019 0.00578700006
vt 0.851831019 0.0751744136
vt 0.825607538 0.0751744062
vt 0.825607538 0.00578692183
vt 0.851831019 0.00578692788
vt 0.802653015 0.0751744881
vt 0.802653015 0.00578700006
vt 0.825607538 0.144561902
vt 0.802653015 0.144561976
vt 0.851831019 0.144561902
vt 0.825607538 0.213949382
vt 0.802653015 0.213949472
vt 0.802653015 0.283336967
vt 0.825607538 0.283336878
vt 0.851831019 0.283336878
vt 0.851831019 0.213949397
vt 0.825607538 0.352724373
vt 0.802653015 0.352724463
vt 0.851831019 0.352724373
vt 0.825607538 0.422111988
vt 0.802653015 0.422111958
vt 0.851831019 0.422111988
vt 0.851831019 0.283336937
vt 0.851831019 0.352724433
vt 0.994566023 0.352724373
vt 0.994566023 0.283336878
vt 0.994566023 0.422111988
vt 0.851831019 0.422111928
vt 0.994566023 0.213949382
vt 0.851831019 0.213949457
vt 0.851831019 0.144561976
vt 0.994566023 0.144561887
vt 0.851831019 0.0751744881
vt 0.994566023 0.0751743987
vt 0.851831019 0.00578700006
vt 0.994566023 0.00578691158
vt 0.851831019 0.422111988
vt 0.851831019 0.352724373
vt 0.994566023 0.352724463
vt 0.994566023 0.422111958
vt 0.994566023 0.283336967
vt 0.851831019 0.283336878
vt 0.994566023 0.213949472
vt 0.851831019 0.213949397
vt 0.994566023 0.144561976
vt 0.851831019 0.144561902
vt 0.994566023 0.0751744881
vt 0.851831019 0.0751744136
vt 0.994566023 0.00578700006
vt 0.851831019 0.00578692788
vt 0.71174401 0.810083985
vt 0.690921545 0.748590469
vt 0.690921545 0.871577024
vt 0.660383999 0.902114987
vt 0.660383523 0.718052506
vt 0.598890007 0.922936976
vt 0.598890007 0.697229981
vt 0.537397027 0.902114987
vt 0.537397027 0.718052506
vt 0.506859004 0.871577024
vt 0.506859004 0.748590469
vt 0.486036986 0.810083985
vt 0.650341988 0.283336967
vt 0.650341988 0.352724463
vt 0.697403014 0.352724373
vt 0.697403014 0.283336878
vt 0.697403014 0.422111988
vt 0.650341988 0.422111958
vt 0.650341988 0.213949472
vt 0.697403014 0.213949397
vt 0.650341988 0.144561976
vt 0.697403014 0.144561917
vt 0.650341988 0.0751744881
vt 0.697403014 0.0751744285
vt 0.650341988 0.00578700006
vt 0.697403014 0.00578694185
vt 0.650341988 0.422111988
vt 0.650341988 0.352724373
vt 0.697403014 0.352724463
vt 0.697403014 0.422111958
vt 0.697403014 0.283336967
vt 0.650341988 0.283336878
vt 0.697403014 0.213949472
vt 0.650341988 0.213949382
vt 0.697403014 0.144561976
vt 0.650341988 0.144561887
vt 0.697403014 0.0751744881
vt 0.650341988 0.0751744062
vt 0.697403014 0.00578700006
vt 0.650341988 0.00578691717
vt 0.553435981 0.352724433
vt 0.650341988 0.352724463
vt 0.650341988 0.283336967
vt 0.553435981 0.283336937
vt 0.553435981 0.422112048
vt 0.650341988 0.422111958
vt 0.650341988 0.213949472
vt 0.553435981 0.213949457
vt 0.650341988 0.144561976
vt 0.553435981 0.144561976
vt 0.650341988 0.0751744881
vt 0.553435981 0.0751744881
vt 0.650341988 0.00578700006
vt 0.553435981 0.00578700006
vt 0.553435981 0.352724493
vt 0.650341988 0.352724373
vt 0.650341988 0.422111988
vt 0.553435981 0.422111988
vt 0.553435981 0.283336997
vt 0.650341988 0.283336878
vt 0.553435981 0.213949502
vt 0.650341988 0.213949382
vt 0.553435981 0.144562006
vt 0.650341988 0.144561887
vt 0.553435981 0.0751745179
vt 0.650341988 0.0751744062
vt 0.553435981 0.00578703312
vt 0.650341988 0.00578691717
vt 0.697403014 0.352724373
vt 0.802653015 0.352724373
vt 0.802653015 0.283336878
vt 0.697403014 0.283336878
vt 0.802653015 0.422111988
vt 0.697403014 0.422111988
vt 0.697403014 0.213949397
vt 0.802653015 0.213949397
vt 0.697403014 0.144561917
vt 0.802653015 0.144561902
vt 0.697403014 0.0751744285
vt 0.802653015 0.0751744211
vt 0.697403014 0.00578694185
vt 0.802653015 0.00578693207
vt 0.802653015 0.00578700006
vt 0.802653015 0.0751744881
vt 0.697403014 0.0751744881
vt 0.697403014 0.00578700006
vt 0.697403014 0.144561976
vt 0.802653015 0.144561976
vt 0.697403014 0.213949472
vt 0.802653015 0.213949472
vt 0.697403014 0.283336967
vt 0.802653015 0.283336967
vt 0.697403014 0.352724463
vt 0.802653015 0.352724463
vt 0.697403014 0.422111958
vt 0.802653015 0.422111958
vt 0.825607538 0.283336967
vt 0.825607538 0.352724463
vt 0.851831019 0.352724433
vt 0.851831019 0.283336937
vt 0.825607538 0.422111958
vt 0.851831019 0.422111928
vt 0.802653015 0.352724373
vt 0.802653015 0.283336878
vt 0.802653015 0.422111988
vt 0.825607538 0.213949472
vt 0.802653015 0.213949397
vt 0.802653015 0.144561902
vt 0.825607538 0.144561976
vt 0.851831019 0.144561976
vt 0.851831019 0.213949457
vt 0.825607538 0.0751744881
vt 0.802653015 0.0751744211
vt 0.851831019 0.0751744881
vt 0.825607538 0.00578700006
vt 0.802653015 0.00578693207
vt 0.851831019 0.00578700006
vt 0.851831019 0.0751744136
vt 0.825607538 0.0751744062
vt 0.825607538 0.00578692183
vt 0.851831019 0.00578692788
vt 0.802653015 0.0751744881
vt 0.802653015 0.00578700006
vt 0.825607538 0.144561902
vt 0.802653015 0.144561976
vt 0.851831019 0.144561902
vt 0.825607538 0.213949382
vt 0.802653015 0.213949472
vt 0.802653015 0.283336967
vt 0.825607538 0.283336878
vt 0.851831019 0.283336878
vt 0.851831019 0.213949397
vt 0.825607538 0.352724373
vt 0.802653015 0.352724463
vt 0.851831019 0.352724373
vt 0.825607538 0.422111988
vt 0.802653015 0.422111958
vt 0.851831019 0.422111988
vt 0.874786019 0.942847013
vt 0.863789022 0.992420971
vt 0.685162008 0.992420971
vt 0.711187482 0.875045002
vt 0.902141988 0.899945021
vt 0.775839984 0.77364397
vt 0.945073485 0.872570515
vt 0.87725246 0.708979487
vt 0.99466002 0.682923973
vt 0.99466002 0.861555994
vt 0.0834570006 0.256756008
vt 0.00761999981 0.257705986
vt 0.00761999981 0.288906991
vt 0.0934249982 0.286229014
vt 0.143333003 0.243500993
vt 0.139651 0.272395015
vt 0.150380999 0.276910007
vt 0.166905001 0.254765987
vt 0.201369002 0.316778988
vt 0.172460005 0.316875994
vt 0.198027998 0.339839011
vt 0.170717001 0.328379005
vt 0.154409006 0.383870989
vt 0.132234007 0.363137007
vt 0.113003999 0.442891002
vt 0.0851820037 0.428833008
vt 0.0837109983 0.506470025
vt 0.0534599982 0.499653012
vt 0.0677559972 0.564580977
vt 0.042493999 0.546729028
vt 0.0486879982 0.579434991
vt 0.0329300016 0.554431975
vt 0.00761999981 0.58910501
vt 0.00761999981 0.56014502
vt 0.00761999981 0.257705986
vt 0.0834570006 0.256756008
vt 0.0973295048 0.177175999
vt 0.00761999981 0.188016996
vt 0.143333003 0.243500993
vt 0.191174999 0.224316001
vt 0.175622001 0.144789994
vt 0.231384993 0.0847304985
vt 0.29243499 0.227879003
vt 0.279141009 0.116172001
vt 0.166905001 0.254765987
vt 0.201369002 0.316778988
vt 0.241809994 0.314907998
vt 0.198027998 0.339839011
vt 0.230808005 0.41228801
vt 0.299010992 0.364383012
vt 0.379538 0.348039985
vt 0.374334991 0.242017001
vt 0.300877005 0.0177229997
vt 0.545441985 0.0794249997
vt 0.488541991 0.274850011
vt 0.460465014 0.358002007
vt 0.154409006 0.383870989
vt 0.178038001 0.478664011
vt 0.113003999 0.442891002
vt 0.0837109983 0.506470025
vt 0.146676511 0.557775497
vt 0.0677559972 0.564580977
vt 0.0646909997 0.619650006
vt 0.137842 0.643067002
vt 0.0661740005 0.707005024
vt 0.00761999981 0.716354012
vt 0.00761999981 0.802841008
vt 0.0845310017 0.815352023
vt 0.161497995 0.723527551
vt 0.0486879982 0.579434991
vt 0.00761999981 0.626330018
vt 0.00761999981 0.58910501
vt 0.149458006 0.857057989
vt 0.210041001 0.788676977
vt 0.00761999981 0.896956027
vt 0.0780560002 0.927425981
vt 0.00761999981 0.991186023
vt 0.0446100011 0.628750026
vt 0.00761999981 0.641793013
vt 0.00761999981 0.693801999
vt 0.598871291 0.809675217
vt 0.598871171 0.921927094
vt 0.64139235 0.912494659
vt 0.678190649 0.889030516
vt 0.701670527 0.852207065
vt 0.711118102 0.809675217
vt 0.701670468 0.767143369
vt 0.678190708 0.730319798
vt 0.64139235 0.706855834
vt 0.598871291 0.697423458
vt 0.59887135 0.697423518
vt 0.556350291 0.706855953
vt 0.519551873 0.730319977
vt 0.496072114 0.767143607
vt 0.486624479 0.809675276
vt 0.496072322 0.852207065
vt 0.519551992 0.889030635
vt 0.55635035 0.9124946
vt 0.59887141 0.921927035
vt 0.0689290017 0.342938006
vt 0.0934249982 0.286229014
vt 0.00761999981 0.288906991
vt 0.113803998 0.318845987
vt 0.0441239998 0.356483519
vt 0.00761999981 0.337256014
vt 0.139651 0.272395015
vt 0.150380999 0.276910007
vt 0.0816569999 0.36619699
vt 0.172460005 0.316875994
vt 0.126055002 0.340662986
vt 0.0593339987 0.391501993
vt 0.170717001 0.328379005
vt 0.0851820037 0.428833008
vt 0.0426975004 0.42552948
vt 0.132234007 0.363137007
vt 0.0534599982 0.499653012
vt 0.0212069992 0.46884799
vt 0.00761999981 0.444438994
vt 0.00761999981 0.46884799
vt 0.0212069992 0.520835996
vt 0.042493999 0.546729028
vt 0.0329300016 0.554431975
vt 0.00761999981 0.56014502
vt 0.00761999981 0.520835996
vt 0.00761999981 0.360581011
vt 0.0288359988 0.370636493
vt 0.0441239998 0.356483519
vt 0.00761999981 0.337256014
vt 0.0593339987 0.391501993
vt 0.0379679985 0.390897989
vt 0.0278420001 0.410844505
vt 0.0426975004 0.42552948
vt 0.00761999981 0.421754986
vt 0.00761999981 0.444438994
vt 0.00761999981 0.391167998
vt 0.00761999981 0.360581011
vt 0.0278420001 0.410844505
vt 0.00761999981 0.421754986
vt 0.00761999981 0.46884799
vt 0.00761999981 0.474550992
vt 0.0158070009 0.474550992
vt 0.0212069992 0.46884799
vt 0.00761999981 0.520835996
vt 0.0212069992 0.520835996
vt 0.0158070009 0.515133023
vt 0.00761999981 0.515133023
vt 0.0158070009 0.474550992
vt 0.00761999981 0.474550992
vt 0.00761999981 0.515133023
vt 0.0158070009 0.515133023
vt 0.0689290017 0.342938006
vt 0.0754910037 0.345288992
vt 0.112090997 0.325367987
vt 0.113803998 0.318845987
vt 0.112090997 0.325367987
vt 0.119505003 0.33871901
vt 0.126055002 0.340662986
vt 0.113803998 0.318845987
vt 0.0689290017 0.342938006
vt 0.0816569999 0.36619699
vt 0.0831580013 0.359434992
vt 0.0754910037 0.345288992
vt 0.0754910037 0.345288992
vt 0.0831580013 0.359434992
vt 0.119505003 0.33871901
vt 0.112090997 0.325367987
vt 0.877427459 0.709229946
vt 0.776116014 0.773805976
vt 0.902167976 0.899969995
vt 0.945008993 0.872662544
vt 0.874866486 0.942809999
vt 0.711545467 0.875120521
vt 0.685577989 0.992420971
vt 0.863885999 0.992420971
vt 0.994729996 0.683251977
vt 0.994614005 0.861676991
vt 0.711398005 0.875120521
vt 0.775972009 0.773805976
vt 0.902253985 0.899969995
vt 0.874948025 0.942810535
vt 0.945098519 0.872662544
vt 0.877286494 0.709229946
vt 0.685424984 0.992420971
vt 0.863963008 0.992420971
vt 0.994614005 0.861676991
vt 0.994589984 0.683251977
vt 0.263954014 0.0102319997
vt 0.0831580013 0.359434992
vt 0.0816569999 0.36619699
vt 0.126055002 0.340662986
vt 0.119505003 0.33871901
vt 0.0158070009 0.515133023
vt 0.0212069992 0.520835996
vt 0.0212069992 0.46884799
vt 0.0158070009 0.474550992
vt 0.211099997 0.236450002
vt 0.241749004 0.291880012
vt 0.272379011 0.238911003
vt 0.874786019 0.942847013
vt 0.711187482 0.875045002
vt 0.685162008 0.992420971
vt 0.863789022 0.992420971
vt 0.902141988 0.899945021
vt 0.775839984 0.77364397
vt 0.945073485 0.872570515
vt 0.87725246 0.708979487
vt 0.99466002 0.682923973
vt 0.99466002 0.861555994
vt 0.0834570006 0.256756008
vt 0.0934249982 0.286229014
vt 0.00761999981 0.288906991
vt 0.00761999981 0.257705986
vt 0.143333003 0.243500993
vt 0.139651 0.272395015
vt 0.150380999 0.276910007
vt 0.166905001 0.254765987
vt 0.201369002 0.316778988
vt 0.172460005 0.316875994
vt 0.198027998 0.339839011
vt 0.170717001 0.328379005
vt 0.154409006 0.383870989
vt 0.132234007 0.363137007
vt 0.113003999 0.442891002
vt 0.0851820037 0.428833008
vt 0.0837109983 0.506470025
vt 0.0534599982 0.499653012
vt 0.0677559972 0.564580977
vt 0.042493999 0.546729028
vt 0.0486879982 0.579434991
vt 0.0329300016 0.554431975
vt 0.00761999981 0.58910501
vt 0.00761999981 0.56014502
vt 0.00761999981 0.257705986
vt 0.00761999981 0.188016996
vt 0.0973295048 0.177175999
vt 0.0834570006 0.256756008
vt 0.143333003 0.243500993
vt 0.191174999 0.224316001
vt 0.175622001 0.144789994
vt 0.231384993 0.0847304985
vt 0.29243499 0.227879003
vt 0.279141009 0.116172001
vt 0.166905001 0.254765987
vt 0.201369002 0.316778988
vt 0.241809994 0.314907998
vt 0.198027998 0.339839011
vt 0.230808005 0.41228801
vt 0.299010992 0.364383012
vt 0.379538 0.348039985
vt 0.374334991 0.242017001
vt 0.300877005 0.0177229997
vt 0.545441985 0.0794249997
vt 0.488541991 0.274850011
vt 0.460465014 0.358002007
vt 0.154409006 0.383870989
vt 0.178038001 0.478664011
vt 0.113003999 0.442891002
vt 0.0837109983 0.506470025
vt 0.146676511 0.557775497
vt 0.0677559972 0.564580977
vt 0.0646909997 0.619650006
vt 0.137842 0.643067002
vt 0.0661740005 0.707005024
vt 0.00761999981 0.716354012
vt 0.00761999981 0.802841008
vt 0.0845310017 0.815352023
vt 0.161497995 0.723527551
vt 0.0486879982 0.579434991
vt 0.00761999981 0.626330018
vt 0.00761999981 0.58910501
vt 0.149458006 0.857057989
vt 0.210041001 0.788676977
vt 0.00761999981 0.896956027
vt 0.0780560002 0.927425981
vt 0.00761999981 0.991186023
vt 0.0446100011 0.628750026
vt 0.00761999981 0.641793013
vt 0.00761999981 0.693801999
vt 0.0689290017 0.342938006
vt 0.00761999981 0.288906991
vt 0.0934249982 0.286229014
vt 0.113803998 0.318845987
vt 0.0441239998 0.356483519
vt 0.00761999981 0.337256014
vt 0.139651 0.272395015
vt 0.150380999 0.276910007
vt 0.0816569999 0.36619699
vt 0.172460005 0.316875994
vt 0.126055002 0.340662986
vt 0.0593339987 0.391501993
vt 0.170717001 0.328379005
vt 0.0851820037 0.428833008
vt 0.0426975004 0.42552948
vt 0.132234007 0.363137007
vt 0.0534599982 0.499653012
vt 0.0212069992 0.46884799
vt 0.00761999981 0.444438994
vt 0.00761999981 0.46884799
vt 0.0212069992 0.520835996
vt 0.042493999 0.546729028
vt 0.0329300016 0.554431975
vt 0.00761999981 0.56014502
vt 0.00761999981 0.520835996
vt 0.00761999981 0.360581011
vt 0.00761999981 0.337256014
vt 0.0441239998 0.356483519
vt 0.0288359988 0.370636493
vt 0.0593339987 0.391501993
vt 0.0379679985 0.390897989
vt 0.0278420001 0.410844505
vt 0.0426975004 0.42552948
vt 0.00761999981 0.421754986
vt 0.00761999981 0.444438994
vt 0.00761999981 0.391167998
vt 0.00761999981 0.360581011
vt 0.0278420001 0.410844505
vt 0.00761999981 0.421754986
vt 0.00761999981 0.46884799
vt 0.0212069992 0.46884799
vt 0.0158070009 0.474550992
vt 0.00761999981 0.474550992
vt 0.00761999981 0.520835996
vt 0.00761999981 0.515133023
vt 0.0158070009 0.515133023
vt 0.0212069992 0.520835996
vt 0.0158070009 0.474550992
vt 0.0158070009 0.515133023
vt 0.00761999981 0.515133023
vt 0.00761999981 0.474550992
vt 0.0689290017 0.342938006
vt 0.113803998 0.318845987
vt 0.112090997 0.325367987
vt 0.0754910037 0.345288992
vt 0.112090997 0.325367987
vt 0.113803998 0.318845987
vt 0.126055002 0.340662986
vt 0.119505003 0.33871901
vt 0.0689290017 0.342938006
vt 0.0754910037 0.345288992
vt 0.0831580013 0.359434992
vt 0.0816569999 0.36619699
vt 0.0754910037 0.345288992
vt 0.112090997 0.325367987
vt 0.119505003 0.33871901
vt 0.0831580013 0.359434992
vt 0.877427459 0.709229946
vt 0.945008993 0.872662544
vt 0.902167976 0.899969995
vt 0.776116014 0.773805976
vt 0.874866486 0.942809999
vt 0.711545467 0.875120521
vt 0.685577989 0.992420971
vt 0.863885999 0.992420971
vt 0.994729996 0.683251977
vt 0.994614005 0.861676991
vt 0.711398005 0.875120521
vt 0.874948025 0.942810535
vt 0.902253985 0.899969995
vt 0.775972009 0.773805976
vt 0.945098519 0.872662544
vt 0.877286494 0.709229946
vt 0.685424984 0.992420971
vt 0.863963008 0.992420971
vt 0.994614005 0.861676991
vt 0.994589984 0.683251977
vt 0.263954014 0.0102319997
vt 0.0831580013 0.359434992
vt 0.119505003 0.33871901
vt 0.126055002 0.340662986
vt 0.0816569999 0.36619699
vt 0.0158070009 0.515133023
vt 0.0158070009 0.474550992
vt 0.0212069992 0.46884799
vt 0.0212069992 0.520835996
vt 0.556318343 0.706924617
vt 0.59887135 0.809675217
vt 0.59887135 0.697506428
vt 0.519573331 0.730341971
vt 0.496151358 0.767087996
vt 0.486728579 0.809714615
vt 0.496151239 0.852185607
vt 0.51957345 0.888934553
vt 0.556318998 0.912355721
vt 0.59887141 0.921777844
vt 0.641424417 0.706924856
vt 0.678169429 0.73034215
vt 0.701591909 0.767088294
vt 0.641423643 0.912355721
vt 0.67816931 0.888934553
vt 0.701591611 0.852185547
vt 0.711014092 0.809714615
vt 0.211099997 0.236450002
vt 0.272379011 0.238911003
vt 0.241749004 0.291880012
vt 0.874786019 0.942847013
vt 0.863789022 0.992420971
vt 0.685162008 0.992420971
vt 0.711187482 0.875045002
vt 0.902141988 0.899945021
vt 0.775839984 0.77364397
vt 0.945073485 0.872570515
vt 0.87725246 0.708979487
vt 0.99466002 0.682923973
vt 0.99466002 0.861555994
vt 0.0834570006 0.256756008
vt 0.00761999981 0.257705986
vt 0.00761999981 0.288906991
vt 0.0934249982 0.286229014
vt 0.143333003 0.243500993
vt 0.139651 0.272395015
vt 0.150380999 0.276910007
vt 0.166905001 0.254765987
vt 0.201369002 0.316778988
vt 0.172460005 0.316875994
vt 0.198027998 0.339839011
vt 0.170717001 0.328379005
vt 0.154409006 0.383870989
vt 0.132234007 0.363137007
vt 0.113003999 0.442891002
vt 0.0851820037 0.428833008
vt 0.0837109983 0.506470025
vt 0.0534599982 0.499653012
vt 0.0677559972 0.564580977
vt 0.042493999 0.546729028
vt 0.0486879982 0.579434991
vt 0.0329300016 0.554431975
vt 0.00761999981 0.58910501
vt 0.00761999981 0.56014502
vt 0.00761999981 0.257705986
vt 0.0834570006 0.256756008
vt 0.0973295048 0.177175999
vt 0.00761999981 0.188016996
vt 0.143333003 0.243500993
vt 0.191174999 0.224316001
vt 0.175622001 0.144789994
vt 0.231384993 0.0847304985
vt 0.29243499 0.227879003
vt 0.279141009 0.116172001
vt 0.166905001 0.254765987
vt 0.201369002 0.316778988
vt 0.241809994 0.314907998
vt 0.198027998 0.339839011
vt 0.230808005 0.41228801
vt 0.299010992 0.364383012
vt 0.379538 0.348039985
vt 0.374334991 0.242017001
vt 0.300877005 0.0177229997
vt 0.545441985 0.0794249997
vt 0.488541991 0.274850011
vt 0.460465014 0.358002007
vt 0.154409006 0.383870989
vt 0.178038001 0.478664011
vt 0.113003999 0.442891002
vt 0.0837109983 0.506470025
vt 0.146676511 0.557775497
vt 0.0677559972 0.564580977
vt 0.0646909997 0.619650006
vt 0.137842 0.643067002
vt 0.0661740005 0.707005024
vt 0.00761999981 0.716354012
vt 0.00761999981 0.802841008
vt 0.0845310017 0.815352023
vt 0.161497995 0.723527551
vt 0.0486879982 0.579434991
vt 0.00761999981 0.626330018
vt 0.00761999981 0.58910501
vt 0.149458006 0.857057989
vt 0.210041001 0.788676977
vt 0.00761999981 0.896956027
vt 0.0780560002 0.927425981
vt 0.00761999981 0.991186023
vt 0.0446100011 0.628750026
vt 0.00761999981 0.641793013
vt 0.00761999981 0.693801999
vt 0.0689290017 0.342938006
vt 0.0934249982 0.286229014
vt 0.00761999981 0.288906991
vt 0.113803998 0.318845987
vt 0.0441239998 0.356483519
vt 0.00761999981 0.337256014
vt 0.139651 0.272395015
vt 0.150380999 0.276910007
vt 0.0816569999 0.36619699
vt 0.172460005 0.316875994
vt 0.126055002 0.340662986
vt 0.0593339987 0.391501993
vt 0.170717001 0.328379005
vt 0.0851820037 0.428833008
vt 0.0426975004 0.42552948
vt 0.132234007 0.363137007
vt 0.0534599982 0.499653012
vt 0.0212069992 0.46884799
vt 0.00761999981 0.444438994
vt 0.00761999981 0.46884799
vt 0.0212069992 0.520835996
vt 0.042493999 0.546729028
vt 0.0329300016 0.554431975
vt 0.00761999981 0.56014502
vt 0.00761999981 0.520835996
vt 0.00761999981 0.360581011
vt 0.0288359988 0.370636493
vt 0.0441239998 0.356483519
vt 0.00761999981 0.337256014
vt 0.0593339987 0.391501993
vt 0.0379679985 0.390897989
vt 0.0278420001 0.410844505
vt 0.0426975004 0.42552948
vt 0.00761999981 0.421754986
vt 0.00761999981 0.444438994
vt 0.00761999981 0.391167998
vt 0.00761999981 0.360581011
vt 0.0278420001 0.410844505
vt 0.00761999981 0.421754986
vt 0.00761999981 0.46884799
vt 0.00761999981 0.474550992
vt 0.0158070009 0.474550992
vt 0.0212069992 0.46884799
vt 0.00761999981 0.520835996
vt 0.0212069992 0.520835996
vt 0.0158070009 0.515133023
vt 0.00761999981 0.515133023
vt 0.0158070009 0.474550992
vt 0.00761999981 0.474550992
vt 0.00761999981 0.515133023
vt 0.0158070009 0.515133023
vt 0.0689290017 0.342938006
vt 0.0754910037 0.345288992
vt 0.112090997 0.325367987
vt 0.113803998 0.318845987
vt 0.112090997 0.325367987
vt 0.119505003 0.33871901
vt 0.126055002 0.340662986
vt 0.113803998 0.318845987
vt 0.0689290017 0.342938006
vt 0.0816569999 0.36619699
vt 0.0831580013 0.359434992
vt 0.0754910037 0.345288992
vt 0.0754910037 0.345288992
vt 0.0831580013 0.359434992
vt 0.119505003 0.33871901
vt 0.112090997 0.325367987
vt 0.877427459 0.709229946
vt 0.776116014 0.773805976
vt 0.902167976 0.899969995
vt 0.945008993 0.872662544
vt 0.874866486 0.942809999
vt 0.711545467 0.875120521
vt 0.685577989 0.992420971
vt 0.863885999 0.992420971
vt 0.994729996 0.683251977
vt 0.994614005 0.861676991
vt 0.711398005 0.875120521
vt 0.775972009 0.773805976
vt 0.902253985 0.899969995
vt 0.874948025 0.942810535
vt 0.945098519 0.872662544
vt 0.877286494 0.709229946
vt 0.685424984 0.992420971
vt 0.863963008 0.992420971
vt 0.994614005 0.861676991
vt 0.994589984 0.683251977
vt 0.263954014 0.0102319997
vt 0.0831580013 0.359434992
vt 0.0816569999 0.36619699
vt 0.126055002 0.340662986
vt 0.119505003 0.33871901
vt 0.0158070009 0.515133023
vt 0.0212069992 0.520835996
vt 0.0212069992 0.46884799
vt 0.0158070009 0.474550992
vt 0.211099997 0.236450002
vt 0.241749004 0.291880012
vt 0.272379011 0.238911003
vt 0.874786019 0.942847013
vt 0.711187482 0.875045002
vt 0.685162008 0.992420971
vt 0.863789022 0.992420971
vt 0.902141988 0.899945021
vt 0.775839984 0.77364397
vt 0.945073485 0.872570515
vt 0.87725246 0.708979487
vt 0.99466002 0.682923973
vt 0.99466002 0.861555994
vt 0.0834570006 0.256756008
vt 0.0934249982 0.286229014
vt 0.00761999981 0.288906991
vt 0.00761999981 0.257705986
vt 0.143333003 0.243500993
vt 0.139651 0.272395015
vt 0.150380999 0.276910007
vt 0.166905001 0.254765987
vt 0.201369002 0.316778988
vt 0.172460005 0.316875994
vt 0.198027998 0.339839011
vt 0.170717001 0.328379005
vt 0.154409006 0.383870989
vt 0.132234007 0.363137007
vt 0.113003999 0.442891002
vt 0.0851820037 0.428833008
vt 0.0837109983 0.506470025
vt 0.0534599982 0.499653012
vt 0.0677559972 0.564580977
vt 0.042493999 0.546729028
vt 0.0486879982 0.579434991
vt 0.0329300016 0.554431975
vt 0.00761999981 0.58910501
vt 0.00761999981 0.56014502
vt 0.00761999981 0.257705986
vt 0.00761999981 0.188016996
vt 0.0973295048 0.177175999
vt 0.0834570006 0.256756008
vt 0.143333003 0.243500993
vt 0.191174999 0.224316001
vt 0.175622001 0.144789994
vt 0.231384993 0.0847304985
vt 0.29243499 0.227879003
vt 0.279141009 0.116172001
vt 0.166905001 0.254765987
vt 0.201369002 0.316778988
vt 0.241809994 0.314907998
vt 0.198027998 0.339839011
vt 0.230808005 0.41228801
vt 0.299010992 0.364383012
vt 0.379538 0.348039985
vt 0.374334991 0.242017001
vt 0.300877005 0.0177229997
vt 0.545441985 0.0794249997
vt 0.488541991 0.274850011
vt 0.460465014 0.358002007
vt 0.154409006 0.383870989
vt 0.178038001 0.478664011
vt 0.113003999 0.442891002
vt 0.0837109983 0.506470025
vt 0.146676511 0.557775497
vt 0.0677559972 0.564580977
vt 0.0646909997 0.619650006
vt 0.137842 0.643067002
vt 0.0661740005 0.707005024
vt 0.00761999981 0.716354012
vt 0.00761999981 0.802841008
vt 0.0845310017 0.815352023
vt 0.161497995 0.723527551
vt 0.0486879982 0.579434991
vt 0.00761999981 0.626330018
vt 0.00761999981 0.58910501
vt 0.149458006 0.857057989
vt 0.210041001 0.788676977
vt 0.00761999981 0.896956027
vt 0.0780560002 0.927425981
vt 0.00761999981 0.991186023
vt 0.0446100011 0.628750026
vt 0.00761999981 0.641793013
vt 0.00761999981 0.693801999
vt 0.0689290017 0.342938006
vt 0.00761999981 0.288906991
vt 0.0934249982 0.286229014
vt 0.113803998 0.318845987
vt 0.0441239998 0.356483519
vt 0.00761999981 0.337256014
vt 0.139651 0.272395015
vt 0.150380999 0.276910007
vt 0.0816569999 0.36619699
vt 0.172460005 0.316875994
vt 0.126055002 0.340662986
vt 0.0593339987 0.391501993
vt 0.170717001 0.328379005
vt 0.0851820037 0.428833008
vt 0.0426975004 0.42552948
vt 0.132234007 0.363137007
vt 0.0534599982 0.499653012
vt 0.0212069992 0.46884799
vt 0.00761999981 0.444438994
vt 0.00761999981 0.46884799
vt 0.0212069992 0.520835996
vt 0.042493999 0.546729028
vt 0.0329300016 0.554431975
vt 0.00761999981 0.56014502
vt 0.00761999981 0.520835996
vt 0.00761999981 0.360581011
vt 0.00761999981 0.337256014
vt 0.0441239998 0.356483519
vt 0.0288359988 0.370636493
vt 0.0593339987 0.391501993
vt 0.0379679985 0.390897989
vt 0.0278420001 0.410844505
vt 0.0426975004 0.42552948
vt 0.00761999981 0.421754986
vt 0.00761999981 0.444438994
vt 0.00761999981 0.391167998
vt 0.00761999981 0.360581011
vt 0.0278420001 0.410844505
vt 0.00761999981 0.421754986
vt 0.00761999981 0.46884799
vt 0.0212069992 0.46884799
vt 0.0158070009 0.474550992
vt 0.00761999981 0.474550992
vt 0.00761999981 0.520835996
vt 0.00761999981 0.515133023
vt 0.0158070009 0.515133023
vt 0.0212069992 0.520835996
vt 0.0158070009 0.474550992
vt 0.0158070009 0.515133023
vt 0.00761999981 0.515133023
vt 0.00761999981 0.474550992
vt 0.0689290017 0.342938006
vt 0.113803998 0.318845987
vt 0.112090997 0.325367987
vt 0.0754910037 0.345288992
vt 0.112090997 0.325367987
vt 0.113803998 0.318845987
vt 0.126055002 0.340662986
vt 0.119505003 0.33871901
vt 0.0689290017 0.342938006
vt 0.0754910037 0.345288992
vt 0.0831580013 0.359434992
vt 0.0816569999 0.36619699
vt 0.0754910037 0.345288992
vt 0.112090997 0.325367987
vt 0.119505003 0.33871901
vt 0.0831580013 0.359434992
vt 0.877427459 0.709229946
vt 0.945008993 0.872662544
vt 0.902167976 0.899969995
vt 0.776116014 0.773805976
vt 0.874866486 0.942809999
vt 0.711545467 0.875120521
vt 0.685577989 0.992420971
vt 0.863885999 0.992420971
vt 0.994729996 0.683251977
vt 0.994614005 0.861676991
vt 0.711398005 0.875120521
vt 0.874948025 0.942810535
vt 0.902253985 0.899969995
vt 0.775972009 0.773805976
vt 0.945098519 0.872662544
vt 0.877286494 0.709229946
vt 0.685424984 0.992420971
vt 0.863963008 0.992420971
vt 0.994614005 0.861676991
vt 0.994589984 0.683251977
vt 0.263954014 0.0102319997
vt 0.0831580013 0.359434992
vt 0.119505003 0.33871901
vt 0.126055002 0.340662986
vt 0.0816569999 0.36619699
vt 0.0158070009 0.515133023
vt 0.0158070009 0.474550992
vt 0.0212069992 0.46884799
vt 0.0212069992 0.520835996
vt 0.556318343 0.706924617
vt 0.59887135 0.809675217
vt 0.59887135 0.697506428
vt 0.519573331 0.730341971
vt 0.496151358 0.767087996
vt 0.486728579 0.809714615
vt 0.496151239 0.852185607
vt 0.51957345 0.888934553
vt 0.556318998 0.912355721
vt 0.59887141 0.921777844
vt 0.641424417 0.706924856
vt 0.678169429 0.73034215
vt 0.701591909 0.767088294
vt 0.641423643 0.912355721
vt 0.67816931 0.888934553
vt 0.701591611 0.852185547
vt 0.711014092 0.809714615
vt 0.211099997 0.236450002
vt 0.272379011 0.238911003
vt 0.241749004 0.291880012
vt 0.874786019 0.942847013
vt 0.863789022 0.992420971
vt 0.685162008 0.992420971
vt 0.711187482 0.875045002
vt 0.902141988 0.899945021
vt 0.775839984 0.77364397
vt 0.945073485 0.872570515
vt 0.87725246 0.708979487
vt 0.99466002 0.682923973
vt 0.99466002 0.861555994
vt 0.0834570006 0.256756008
vt 0.00761999981 0.257705986
vt 0.00761999981 0.288906991
vt 0.0934249982 0.286229014
vt 0.143333003 0.243500993
vt 0.139651 0.272395015
vt 0.150380999 0.276910007
vt 0.166905001 0.254765987
vt 0.201369002 0.316778988
vt 0.172460005 0.316875994
vt 0.198027998 0.339839011
vt 0.170717001 0.328379005
vt 0.154409006 0.383870989
vt 0.132234007 0.363137007
vt 0.113003999 0.442891002
vt 0.0851820037 0.428833008
vt 0.0837109983 0.506470025
vt 0.0534599982 0.499653012
vt 0.0677559972 0.564580977
vt 0.042493999 0.546729028
vt 0.0486879982 0.579434991
vt 0.0329300016 0.554431975
vt 0.00761999981 0.58910501
vt 0.00761999981 0.56014502
vt 0.00761999981 0.257705986
vt 0.0834570006 0.256756008
vt 0.0973295048 0.177175999
vt 0.00761999981 0.188016996
vt 0.143333003 0.243500993
vt 0.191174999 0.224316001
vt 0.175622001 0.144789994
vt 0.231384993 0.0847304985
vt 0.29243499 0.227879003
vt 0.279141009 0.116172001
vt 0.166905001 0.254765987
vt 0.201369002 0.316778988
vt 0.241809994 0.314907998
vt 0.198027998 0.339839011
vt 0.230808005 0.41228801
vt 0.299010992 0.364383012
vt 0.379538 0.348039985
vt 0.374334991 0.242017001
vt 0.300877005 0.0177229997
vt 0.545441985 0.0794249997
vt 0.488541991 0.274850011
vt 0.460465014 0.358002007
vt 0.154409006 0.383870989
vt 0.178038001 0.478664011
vt 0.113003999 0.442891002
vt 0.0837109983 0.506470025
vt 0.146676511 0.557775497
vt 0.0677559972 0.564580977
vt 0.0646909997 0.619650006
vt 0.137842 0.643067002
vt 0.0661740005 0.707005024
vt 0.00761999981 0.716354012
vt 0.00761999981 0.802841008
vt 0.0845310017 0.815352023
vt 0.161497995 0.723527551
vt 0.0486879982 0.579434991
vt 0.00761999981 0.626330018
vt 0.00761999981 0.58910501
vt 0.149458006 0.857057989
vt 0.210041001 0.788676977
vt 0.00761999981 0.896956027
vt 0.0780560002 0.927425981
vt 0.00761999981 0.991186023
vt 0.0446100011 0.628750026
vt 0.00761999981 0.641793013
vt 0.00761999981 0.693801999
vt 0.598871231 0.809675217
vt 0.59887135 0.697423518
vt 0.556350291 0.706855953
vt 0.519551873 0.730319977
vt 0.496072114 0.767143607
vt 0.486624479 0.809675276
vt 0.496072322 0.852207065
vt 0.519551992 0.889030635
vt 0.55635035 0.9124946
vt 0.59887141 0.921927035
vt 0.64139235 0.706855834
vt 0.598871291 0.697423458
vt 0.678190708 0.730319798
vt 0.701670468 0.767143369
vt 0.711118042 0.809675217
vt 0.701670527 0.852207065
vt 0.678190649 0.889030516
vt 0.64139235 0.912494659
vt 0.598871171 0.921927094
vt 0.0689290017 0.342938006
vt 0.0934249982 0.286229014
vt 0.00761999981 0.288906991
vt 0.113803998 0.318845987
vt 0.0441239998 0.356483519
vt 0.00761999981 0.337256014
vt 0.139651 0.272395015
vt 0.150380999 0.276910007
vt 0.0816569999 0.36619699
vt 0.172460005 0.316875994
vt 0.126055002 0.340662986
vt 0.0593339987 0.391501993
vt 0.170717001 0.328379005
vt 0.0851820037 0.428833008
vt 0.0426975004 0.42552948
vt 0.132234007 0.363137007
vt 0.0534599982 0.499653012
vt 0.0212069992 0.46884799
vt 0.00761999981 0.444438994
vt 0.00761999981 0.46884799
vt 0.0212069992 0.520835996
vt 0.042493999 0.546729028
vt 0.0329300016 0.554431975
vt 0.00761999981 0.56014502
vt 0.00761999981 0.520835996
vt 0.00761999981 0.360581011
vt 0.0288359988 0.370636493
vt 0.0441239998 0.356483519
vt 0.00761999981 0.337256014
vt 0.0593339987 0.391501993
vt 0.0379679985 0.390897989
vt 0.0278420001 0.410844505
vt 0.0426975004 0.42552948
vt 0.00761999981 0.421754986
vt 0.00761999981 0.444438994
vt 0.00761999981 0.391167998
vt 0.00761999981 0.360581011
vt 0.0278420001 0.410844505
vt 0.00761999981 0.421754986
vt 0.00761999981 0.46884799
vt 0.00761999981 0.474550992
vt 0.0158070009 0.474550992
vt 0.0212069992 0.46884799
vt 0.00761999981 0.520835996
vt 0.0212069992 0.520835996
vt 0.0158070009 0.515133023
vt 0.00761999981 0.515133023
vt 0.0158070009 0.474550992
vt 0.00761999981 0.474550992
vt 0.00761999981 0.515133023
vt 0.0158070009 0.515133023
vt 0.0689290017 0.342938006
vt 0.0754910037 0.345288992
vt 0.112090997 0.325367987
vt 0.113803998 0.318845987
vt 0.112090997 0.325367987
vt 0.119505003 0.33871901
vt 0.126055002 0.340662986
vt 0.113803998 0.318845987
vt 0.0689290017 0.342938006
vt 0.0816569999 0.36619699
vt 0.0831580013 0.359434992
vt 0.0754910037 0.345288992
vt 0.0754910037 0.345288992
vt 0.0831580013 0.359434992
vt 0.119505003 0.33871901
vt 0.112090997 0.325367987
vt 0.877427459 0.709229946
vt 0.776116014 0.773805976
vt 0.902167976 0.899969995
vt 0.945008993 0.872662544
vt 0.874866486 0.942809999
vt 0.711545467 0.875120521
vt 0.685577989 0.992420971
vt 0.863885999 0.992420971
vt 0.994729996 0.683251977
vt 0.994614005 0.861676991
vt 0.711398005 0.875120521
vt 0.775972009 0.773805976
vt 0.902253985 0.899969995
vt 0.874948025 0.942810535
vt 0.945098519 0.872662544
vt 0.877286494 0.709229946
vt 0.685424984 0.992420971
vt 0.863963008 0.992420971
vt 0.994614005 0.861676991
vt 0.994589984 0.683251977
vt 0.263954014 0.0102319997
vt 0.0831580013 0.359434992
vt 0.0816569999 0.36619699
vt 0.126055002 0.340662986
vt 0.119505003 0.33871901
vt 0.0158070009 0.515133023
vt 0.0212069992 0.520835996
vt 0.0212069992 0.46884799
vt 0.0158070009 0.474550992
vt 0.211099997 0.236450002
vt 0.241749004 0.291880012
vt 0.272379011 0.238911003
vt 0.874786019 0.942847013
vt 0.711187482 0.875045002
vt 0.685162008 0.992420971
vt 0.863789022 0.992420971
vt 0.902141988 0.899945021
vt 0.775839984 0.77364397
vt 0.945073485 0.872570515
vt 0.87725246 0.708979487
vt 0.99466002 0.682923973
vt 0.99466002 0.861555994
vt 0.0834570006 0.256756008
vt 0.0934249982 0.286229014
vt 0.00761999981 0.288906991
vt 0.00761999981 0.257705986
vt 0.143333003 0.243500993
vt 0.139651 0.272395015
vt 0.150380999 0.276910007
vt 0.166905001 0.254765987
vt 0.201369002 0.316778988
vt 0.172460005 0.316875994
vt 0.198027998 0.339839011
vt 0.170717001 0.328379005
vt 0.154409006 0.383870989
vt 0.132234007 0.363137007
vt 0.113003999 0.442891002
vt 0.0851820037 0.428833008
vt 0.0837109983 0.506470025
vt 0.0534599982 0.499653012
vt 0.0677559972 0.564580977
vt 0.042493999 0.546729028
vt 0.0486879982 0.579434991
vt 0.0329300016 0.554431975
vt 0.00761999981 0.58910501
vt 0.00761999981 0.56014502
vt 0.00761999981 0.257705986
vt 0.00761999981 0.188016996
vt 0.0973295048 0.177175999
vt 0.0834570006 0.256756008
vt 0.143333003 0.243500993
vt 0.191174999 0.224316001
vt 0.175622001 0.144789994
vt 0.231384993 0.0847304985
vt 0.29243499 0.227879003
vt 0.279141009 0.116172001
vt 0.166905001 0.254765987
vt 0.201369002 0.316778988
vt 0.241809994 0.314907998
vt 0.198027998 0.339839011
vt 0.230808005 0.41228801
vt 0.299010992 0.364383012
vt 0.379538 0.348039985
vt 0.374334991 0.242017001
vt 0.300877005 0.0177229997
vt 0.545441985 0.0794249997
vt 0.488541991 0.274850011
vt 0.460465014 0.358002007
vt 0.154409006 0.383870989
vt 0.178038001 0.478664011
vt 0.113003999 0.442891002
vt 0.0837109983 0.506470025
vt 0.146676511 0.557775497
vt 0.0677559972 0.564580977
vt 0.0646909997 0.619650006
vt 0.137842 0.643067002
vt 0.0661740005 0.707005024
vt 0.00761999981 0.716354012
vt 0.00761999981 0.802841008
vt 0.0845310017 0.815352023
vt 0.161497995 0.723527551
vt 0.0486879982 0.579434991
vt 0.00761999981 0.626330018
vt 0.00761999981 0.58910501
vt 0.149458006 0.857057989
vt 0.210041001 0.788676977
vt 0.00761999981 0.896956027
vt 0.0780560002 0.927425981
vt 0.00761999981 0.991186023
vt 0.0446100011 0.628750026
vt 0.00761999981 0.641793013
vt 0.00761999981 0.693801999
vt 0.0689290017 0.342938006
vt 0.00761999981 0.288906991
vt 0.0934249982 0.286229014
vt 0.113803998 0.318845987
vt 0.0441239998 0.356483519
vt 0.00761999981 0.337256014
vt 0.139651 0.272395015
vt 0.150380999 0.276910007
vt 0.0816569999 0.36619699
vt 0.172460005 0.316875994
vt 0.126055002 0.340662986
vt 0.0593339987 0.391501993
vt 0.170717001 0.328379005
vt 0.0851820037 0.428833008
vt 0.0426975004 0.42552948
vt 0.132234007 0.363137007
vt 0.0534599982 0.499653012
vt 0.0212069992 0.46884799
vt 0.00761999981 0.444438994
vt 0.00761999981 0.46884799
vt 0.0212069992 0.520835996
vt 0.042493999 0.546729028
vt 0.0329300016 0.554431975
vt 0.00761999981 0.56014502
vt 0.00761999981 0.520835996
vt 0.00761999981 0.360581011
vt 0.00761999981 0.337256014
vt 0.0441239998 0.356483519
vt 0.0288359988 0.370636493
vt 0.0593339987 0.391501993
vt 0.0379679985 0.390897989
vt 0.0278420001 0.410844505
vt 0.0426975004 0.42552948
vt 0.00761999981 0.421754986
vt 0.00761999981 0.444438994
vt 0.00761999981 0.391167998
vt 0.00761999981 0.360581011
vt 0.0278420001 0.410844505
vt 0.00761999981 0.421754986
vt 0.00761999981 0.46884799
vt 0.0212069992 0.46884799
vt 0.0158070009 0.474550992
vt 0.00761999981 0.474550992
vt 0.00761999981 0.520835996
vt 0.00761999981 0.515133023
vt 0.0158070009 0.515133023
vt 0.0212069992 0.520835996
vt 0.0158070009 0.474550992
vt 0.0158070009 0.515133023
vt 0.00761999981 0.515133023
vt 0.00761999981 0.474550992
vt 0.0689290017 0.342938006
vt 0.113803998 0.318845987
vt 0.112090997 0.325367987
vt 0.0754910037 0.345288992
vt 0.112090997 0.325367987
vt 0.113803998 0.318845987
vt 0.126055002 0.340662986
vt 0.119505003 0.33871901
vt 0.0689290017 0.342938006
vt 0.0754910037 0.345288992
vt 0.0831580013 0.359434992
vt 0.0816569999 0.36619699
vt 0.0754910037 0.345288992
vt 0.112090997 0.325367987
vt 0.119505003 0.33871901
vt 0.0831580013 0.359434992
vt 0.877427459 0.709229946
vt 0.945008993 0.872662544
vt 0.902167976 0.899969995
vt 0.776116014 0.773805976
vt 0.874866486 0.942809999
vt 0.711545467 0.875120521
vt 0.685577989 0.992420971
vt 0.863885999 0.992420971
vt 0.994729996 0.683251977
vt 0.994614005 0.861676991
vt 0.711398005 0.875120521
vt 0.874948025 0.942810535
vt 0.902253985 0.899969995
vt 0.775972009 0.773805976
vt 0.945098519 0.872662544
vt 0.877286494 0.709229946
vt 0.685424984 0.992420971
vt 0.863963008 0.992420971
vt 0.994614005 0.861676991
vt 0.994589984 0.683251977
vt 0.263954014 0.0102319997
vt 0.0831580013 0.359434992
vt 0.119505003 0.33871901
vt 0.126055002 0.340662986
vt 0.0816569999 0.36619699
vt 0.0158070009 0.515133023
vt 0.0158070009 0.474550992
vt 0.0212069992 0.46884799
vt 0.0212069992 0.520835996
vt 0.641424179 0.912425697
vt 0.598871291 0.809675217
vt 0.598871171 0.921843827
vt 0.67816931 0.889008403
vt 0.701591611 0.852262378
vt 0.711014271 0.809635997
vt 0.70159173 0.767165005
vt 0.678169549 0.730416
vt 0.641423821 0.706994832
vt 0.59887135 0.697572768
vt 0.556318462 0.912425697
vt 0.51957339 0.889008343
vt 0.496151239 0.852262437
vt 0.556318879 0.706994653
vt 0.51957345 0.73041594
vt 0.496151239 0.767164767
vt 0.486728579 0.809635937
vt 0.211099997 0.236450002
vt 0.272379011 0.238911003
vt 0.241749004 0.291880012
vt 0.874786019 0.942847013
vt 0.863789022 0.992420971
vt 0.685162008 0.992420971
vt 0.711187482 0.875045002
vt 0.902141988 0.899945021
vt 0.775839984 0.77364397
vt 0.945073485 0.872570515
vt 0.87725246 0.708979487
vt 0.99466002 0.682923973
vt 0.99466002 0.861555994
vt 0.0834570006 0.256756008
vt 0.00761999981 0.257705986
vt 0.00761999981 0.288906991
vt 0.0934249982 0.286229014
vt 0.143333003 0.243500993
vt 0.139651 0.272395015
vt 0.150380999 0.276910007
vt 0.166905001 0.254765987
vt 0.201369002 0.316778988
vt 0.172460005 0.316875994
vt 0.198027998 0.339839011
vt 0.170717001 0.328379005
vt 0.154409006 0.383870989
vt 0.132234007 0.363137007
vt 0.113003999 0.442891002
vt 0.0851820037 0.428833008
vt 0.0837109983 0.506470025
vt 0.0534599982 0.499653012
vt 0.0677559972 0.564580977
vt 0.042493999 0.546729028
vt 0.0486879982 0.579434991
vt 0.0329300016 0.554431975
vt 0.00761999981 0.58910501
vt 0.00761999981 0.56014502
vt 0.00761999981 0.257705986
vt 0.0834570006 0.256756008
vt 0.0973295048 0.177175999
vt 0.00761999981 0.188016996
vt 0.143333003 0.243500993
vt 0.191174999 0.224316001
vt 0.175622001 0.144789994
vt 0.231384993 0.0847304985
vt 0.29243499 0.227879003
vt 0.279141009 0.116172001
vt 0.166905001 0.254765987
vt 0.201369002 0.316778988
vt 0.241809994 0.314907998
vt 0.198027998 0.339839011
vt 0.230808005 0.41228801
vt 0.299010992 0.364383012
vt 0.379538 0.348039985
vt 0.374334991 0.242017001
vt 0.300877005 0.0177229997
vt 0.545441985 0.0794249997
vt 0.488541991 0.274850011
vt 0.460465014 0.358002007
vt 0.154409006 0.383870989
vt 0.178038001 0.478664011
vt 0.113003999 0.442891002
vt 0.0837109983 0.506470025
vt 0.146676511 0.557775497
vt 0.0677559972 0.564580977
vt 0.0646909997 0.619650006
vt 0.137842 0.643067002
vt 0.0661740005 0.707005024
vt 0.00761999981 0.716354012
vt 0.00761999981 0.802841008
vt 0.0845310017 0.815352023
vt 0.161497995 0.723527551
vt 0.0486879982 0.579434991
vt 0.00761999981 0.626330018
vt 0.00761999981 0.58910501
vt 0.149458006 0.857057989
vt 0.210041001 0.788676977
vt 0.00761999981 0.896956027
vt 0.0780560002 0.927425981
vt 0.00761999981 0.991186023
vt 0.0446100011 0.628750026
vt 0.00761999981 0.641793013
vt 0.00761999981 0.693801999
vt 0.0689290017 0.342938006
vt 0.0934249982 0.286229014
vt 0.00761999981 0.288906991
vt 0.113803998 0.318845987
vt 0.0441239998 0.356483519
vt 0.00761999981 0.337256014
vt 0.139651 0.272395015
vt 0.150380999 0.276910007
vt 0.0816569999 0.36619699
vt 0.172460005 0.316875994
vt 0.126055002 0.340662986
vt 0.0593339987 0.391501993
vt 0.170717001 0.328379005
vt 0.0851820037 0.428833008
vt 0.0426975004 0.42552948
vt 0.132234007 0.363137007
vt 0.0534599982 0.499653012
vt 0.0212069992 0.46884799
vt 0.00761999981 0.444438994
vt 0.00761999981 0.46884799
vt 0.0212069992 0.520835996
vt 0.042493999 0.546729028
vt 0.0329300016 0.554431975
vt 0.00761999981 0.56014502
vt 0.00761999981 0.520835996
vt 0.00761999981 0.360581011
vt 0.0288359988 0.370636493
vt 0.0441239998 0.356483519
vt 0.00761999981 0.337256014
vt 0.0593339987 0.391501993
vt 0.0379679985 0.390897989
vt 0.0278420001 0.410844505
vt 0.0426975004 0.42552948
vt 0.00761999981 0.421754986
vt 0.00761999981 0.444438994
vt 0.00761999981 0.391167998
vt 0.00761999981 0.360581011
vt 0.0278420001 0.410844505
vt 0.00761999981 0.421754986
vt 0.00761999981 0.46884799
vt 0.00761999981 0.474550992
vt 0.0158070009 0.474550992
vt 0.0212069992 0.46884799
vt 0.00761999981 0.520835996
vt 0.0212069992 0.520835996
vt 0.0158070009 0.515133023
vt 0.00761999981 0.515133023
vt 0.0158070009 0.474550992
vt 0.00761999981 0.474550992
vt 0.00761999981 0.515133023
vt 0.0158070009 0.515133023
vt 0.0689290017 0.342938006
vt 0.0754910037 0.345288992
vt 0.112090997 0.325367987
vt 0.113803998 0.318845987
vt 0.112090997 0.325367987
vt 0.119505003 0.33871901
vt 0.126055002 0.340662986
vt 0.113803998 0.318845987
vt 0.0689290017 0.342938006
vt 0.0816569999 0.36619699
vt 0.0831580013 0.359434992
vt 0.0754910037 0.345288992
vt 0.0754910037 0.345288992
vt 0.0831580013 0.359434992
vt 0.119505003 0.33871901
vt 0.112090997 0.325367987
vt 0.877427459 0.709229946
vt 0.776116014 0.773805976
vt 0.902167976 0.899969995
vt 0.945008993 0.872662544
vt 0.874866486 0.942809999
vt 0.711545467 0.875120521
vt 0.685577989 0.992420971
vt 0.863885999 0.992420971
vt 0.994729996 0.683251977
vt 0.994614005 0.861676991
vt 0.711398005 0.875120521
vt 0.775972009 0.773805976
vt 0.902253985 0.899969995
vt 0.874948025 0.942810535
vt 0.945098519 0.872662544
vt 0.877286494 0.709229946
vt 0.685424984 0.992420971
vt 0.863963008 0.992420971
vt 0.994614005 0.861676991
vt 0.994589984 0.683251977
vt 0.263954014 0.0102319997
vt 0.0831580013 0.359434992
vt 0.0816569999 0.36619699
vt 0.126055002 0.340662986
vt 0.119505003 0.33871901
vt 0.0158070009 0.515133023
vt 0.0212069992 0.520835996
vt 0.0212069992 0.46884799
vt 0.0158070009 0.474550992
vt 0.211099997 0.236450002
vt 0.241749004 0.291880012
vt 0.272379011 0.238911003
vt 0.874786019 0.942847013
vt 0.711187482 0.875045002
vt 0.685162008 0.992420971
vt 0.863789022 0.992420971
vt 0.902141988 0.899945021
vt 0.775839984 0.77364397
vt 0.945073485 0.872570515
vt 0.87725246 0.708979487
vt 0.99466002 0.682923973
vt 0.99466002 0.861555994
vt 0.0834570006 0.256756008
vt 0.0934249982 0.286229014
vt 0.00761999981 0.288906991
vt 0.00761999981 0.257705986
vt 0.143333003 0.243500993
vt 0.139651 0.272395015
vt 0.150380999 0.276910007
vt 0.166905001 0.254765987
vt 0.201369002 0.316778988
vt 0.172460005 0.316875994
vt 0.198027998 0.339839011
vt 0.170717001 0.328379005
vt 0.154409006 0.383870989
vt 0.132234007 0.363137007
vt 0.113003999 0.442891002
vt 0.0851820037 0.428833008
vt 0.0837109983 0.506470025
vt 0.0534599982 0.499653012
vt 0.0677559972 0.564580977
vt 0.042493999 0.546729028
vt 0.0486879982 0.579434991
vt 0.0329300016 0.554431975
vt 0.00761999981 0.58910501
vt 0.00761999981 0.56014502
vt 0.00761999981 0.257705986
vt 0.00761999981 0.188016996
vt 0.0973295048 0.177175999
vt 0.0834570006 0.256756008
vt 0.143333003 0.243500993
vt 0.191174999 0.224316001
vt 0.175622001 0.144789994
vt 0.231384993 0.0847304985
vt 0.29243499 0.227879003
vt 0.279141009 0.116172001
vt 0.166905001 0.254765987
vt 0.201369002 0.316778988
vt 0.241809994 0.314907998
vt 0.198027998 0.339839011
vt 0.230808005 0.41228801
vt 0.299010992 0.364383012
vt 0.379538 0.348039985
vt 0.374334991 0.242017001
vt 0.300877005 0.0177229997
vt 0.545441985 0.0794249997
vt 0.488541991 0.274850011
vt 0.460465014 0.358002007
vt 0.154409006 0.383870989
vt 0.178038001 0.478664011
vt 0.113003999 0.442891002
vt 0.0837109983 0.506470025
vt 0.146676511 0.557775497
vt 0.0677559972 0.564580977
vt 0.0646909997 0.619650006
vt 0.137842 0.643067002
vt 0.0661740005 0.707005024
vt 0.00761999981 0.716354012
vt 0.00761999981 0.802841008
vt 0.0845310017 0.815352023
vt 0.161497995 0.723527551
vt 0.0486879982 0.579434991
vt 0.00761999981 0.626330018
vt 0.00761999981 0.58910501
vt 0.149458006 0.857057989
vt 0.210041001 0.788676977
vt 0.00761999981 0.896956027
vt 0.0780560002 0.927425981
vt 0.00761999981 0.991186023
vt 0.0446100011 0.628750026
vt 0.00761999981 0.641793013
vt 0.00761999981 0.693801999
vt 0.0689290017 0.342938006
vt 0.00761999981 0.288906991
vt 0.0934249982 0.286229014
vt 0.113803998 0.318845987
vt 0.0441239998 0.356483519
vt 0.00761999981 0.337256014
vt 0.139651 0.272395015
vt 0.150380999 0.276910007
vt 0.0816569999 0.36619699
vt 0.172460005 0.316875994
vt 0.126055002 0.340662986
vt 0.0593339987 0.391501993
vt 0.170717001 0.328379005
vt 0.0851820037 0.428833008
vt 0.0426975004 0.42552948
vt 0.132234007 0.363137007
vt 0.0534599982 0.499653012
vt 0.0212069992 0.46884799
vt 0.00761999981 0.444438994
vt 0.00761999981 0.46884799
vt 0.0212069992 0.520835996
vt 0.042493999 0.546729028
vt 0.0329300016 0.554431975
vt 0.00761999981 0.56014502
vt 0.00761999981 0.520835996
vt 0.00761999981 0.360581011
vt 0.00761999981 0.337256014
vt 0.0441239998 0.356483519
vt 0.0288359988 0.370636493
vt 0.0593339987 0.391501993
vt 0.0379679985 0.390897989
vt 0.0278420001 0.410844505
vt 0.0426975004 0.42552948
vt 0.00761999981 0.421754986
vt 0.00761999981 0.444438994
vt 0.00761999981 0.391167998
vt 0.00761999981 0.360581011
vt 0.0278420001 0.410844505
vt 0.00761999981 0.421754986
vt 0.00761999981 0.46884799
vt 0.0212069992 0.46884799
vt 0.0158070009 0.474550992
vt 0.00761999981 0.474550992
vt 0.00761999981 0.520835996
vt 0.00761999981 0.515133023
vt 0.0158070009 0.515133023
vt 0.0212069992 0.520835996
vt 0.0158070009 0.474550992
vt 0.0158070009 0.515133023
vt 0.00761999981 0.515133023
vt 0.00761999981 0.474550992
vt 0.0689290017 0.342938006
vt 0.113803998 0.318845987
vt 0.112090997 0.325367987
vt 0.0754910037 0.345288992
vt 0.112090997 0.325367987
vt 0.113803998 0.318845987
vt 0.126055002 0.340662986
vt 0.119505003 0.33871901
vt 0.0689290017 0.342938006
vt 0.0754910037 0.345288992
vt 0.0831580013 0.359434992
vt 0.0816569999 0.36619699
vt 0.0754910037 0.345288992
vt 0.112090997 0.325367987
vt 0.119505003 0.33871901
vt 0.0831580013 0.359434992
vt 0.877427459 0.709229946
vt 0.945008993 0.872662544
vt 0.902167976 0.899969995
vt 0.776116014 0.773805976
vt 0.874866486 0.942809999
vt 0.711545467 0.875120521
vt 0.685577989 0.992420971
vt 0.863885999 0.992420971
vt 0.994729996 0.683251977
vt 0.994614005 0.861676991
vt 0.711398005 0.875120521
vt 0.874948025 0.942810535
vt 0.902253985 0.899969995
vt 0.775972009 0.773805976
vt 0.945098519 0.872662544
vt 0.877286494 0.709229946
vt 0.685424984 0.992420971
vt 0.863963008 0.992420971
vt 0.994614005 0.861676991
vt 0.994589984 0.683251977
vt 0.263954014 0.0102319997
vt 0.0831580013 0.359434992
vt 0.119505003 0.33871901
vt 0.126055002 0.340662986
vt 0.0816569999 0.36619699
vt 0.0158070009 0.515133023
vt 0.0158070009 0.474550992
vt 0.0212069992 0.46884799
vt 0.0212069992 0.520835996
vt 0.556318343 0.706924617
vt 0.59887135 0.809675217
vt 0.59887135 0.697506428
vt 0.519573331 0.730341971
vt 0.496151358 0.767087996
vt 0.486728579 0.809714615
vt 0.496151239 0.852185607
vt 0.51957345 0.888934553
vt 0.556318998 0.912355721
vt 0.59887141 0.921777844
vt 0.641424417 0.706924856
vt 0.678169429 0.73034215
vt 0.701591909 0.767088294
vt 0.641423643 0.912355721
vt 0.67816931 0.888934553
vt 0.701591611 0.852185547
vt 0.711014092 0.809714615
vt 0.211099997 0.236450002
vt 0.272379011 0.238911003
vt 0.241749004 0.291880012
vt 0.874786019 0.942847013
vt 0.863789022 0.992420971
vt 0.685162008 0.992420971
vt 0.711187482 0.875045002
vt 0.902141988 0.899945021
vt 0.775839984 0.77364397
vt 0.945073485 0.872570515
vt 0.87725246 0.708979487
vt 0.99466002 0.682923973
vt 0.99466002 0.861555994
vt 0.0834570006 0.256756008
vt 0.00761999981 0.257705986
vt 0.00761999981 0.288906991
vt 0.0934249982 0.286229014
vt 0.143333003 0.243500993
vt 0.139651 0.272395015
vt 0.150380999 0.276910007
vt 0.166905001 0.254765987
vt 0.201369002 0.316778988
vt 0.172460005 0.316875994
vt 0.198027998 0.339839011
vt 0.170717001 0.328379005
vt 0.154409006 0.383870989
vt 0.132234007 0.363137007
vt 0.113003999 0.442891002
vt 0.0851820037 0.428833008
vt 0.0837109983 0.506470025
vt 0.0534599982 0.499653012
vt 0.0677559972 0.564580977
vt 0.042493999 0.546729028
vt 0.0486879982 0.579434991
vt 0.0329300016 0.554431975
vt 0.00761999981 0.58910501
vt 0.00761999981 0.56014502
vt 0.00761999981 0.257705986
vt 0.0834570006 0.256756008
vt 0.0973295048 0.177175999
vt 0.00761999981 0.188016996
vt 0.143333003 0.243500993
vt 0.191174999 0.224316001
vt 0.175622001 0.144789994
vt 0.231384993 0.0847304985
vt 0.29243499 0.227879003
vt 0.279141009 0.116172001
vt 0.166905001 0.254765987
vt 0.201369002 0.316778988
vt 0.241809994 0.314907998
vt 0.198027998 0.339839011
vt 0.230808005 0.41228801
vt 0.299010992 0.364383012
vt 0.379538 0.348039985
vt 0.374334991 0.242017001
vt 0.300877005 0.0177229997
vt 0.545441985 0.0794249997
vt 0.488541991 0.274850011
vt 0.460465014 0.358002007
vt 0.154409006 0.383870989
vt 0.178038001 0.478664011
vt 0.113003999 0.442891002
vt 0.0837109983 0.506470025
vt 0.146676511 0.557775497
vt 0.0677559972 0.564580977
vt 0.0646909997 0.619650006
vt 0.137842 0.643067002
vt 0.0661740005 0.707005024
vt 0.00761999981 0.716354012
vt 0.00761999981 0.802841008
vt 0.0845310017 0.815352023
vt 0.161497995 0.723527551
vt 0.0486879982 0.579434991
vt 0.00761999981 0.626330018
vt 0.00761999981 0.58910501
vt 0.149458006 0.857057989
vt 0.210041001 0.788676977
vt 0.00761999981 0.896956027
vt 0.0780560002 0.927425981
vt 0.00761999981 0.991186023
vt 0.0446100011 0.628750026
vt 0.00761999981 0.641793013
vt 0.00761999981 0.693801999
vt 0.598871231 0.809675217
vt 0.59887135 0.697423518
vt 0.556350291 0.706855953
vt 0.519551873 0.730319977
vt 0.496072114 0.767143607
vt 0.486624479 0.809675276
vt 0.496072322 0.852207065
vt 0.519551992 0.889030635
vt 0.55635035 0.9124946
vt 0.59887141 0.921927035
vt 0.64139235 0.706855834
vt 0.598871291 0.697423458
vt 0.678190708 0.730319798
vt 0.701670468 0.767143369
vt 0.711118042 0.809675217
vt 0.701670527 0.852207065
vt 0.678190649 0.889030516
vt 0.64139235 0.912494659
vt 0.598871171 0.921927094
vt 0.0689290017 0.342938006
vt 0.0934249982 0.286229014
vt 0.00761999981 0.288906991
vt 0.113803998 0.318845987
vt 0.0441239998 0.356483519
vt 0.00761999981 0.337256014
vt 0.139651 0.272395015
vt 0.150380999 0.276910007
vt 0.0816569999 0.36619699
vt 0.172460005 0.316875994
vt 0.126055002 0.340662986
vt 0.0593339987 0.391501993
vt 0.170717001 0.328379005
vt 0.0851820037 0.428833008
vt 0.0426975004 0.42552948
vt 0.132234007 0.363137007
vt 0.0534599982 0.499653012
vt 0.0212069992 0.46884799
vt 0.00761999981 0.444438994
vt 0.00761999981 0.46884799
vt 0.0212069992 0.520835996
vt 0.042493999 0.546729028
vt 0.0329300016 0.554431975
vt 0.00761999981 0.56014502
vt 0.00761999981 0.520835996
vt 0.00761999981 0.360581011
vt 0.0288359988 0.370636493
vt 0.0441239998 0.356483519
vt 0.00761999981 0.337256014
vt 0.0593339987 0.391501993
vt 0.0379679985 0.390897989
vt 0.0278420001 0.410844505
vt 0.0426975004 0.42552948
vt 0.00761999981 0.421754986
vt 0.00761999981 0.444438994
vt 0.00761999981 0.391167998
vt 0.00761999981 0.360581011
vt 0.0278420001 0.410844505
vt 0.00761999981 0.421754986
vt 0.00761999981 0.46884799
vt 0.00761999981 0.474550992
vt 0.0158070009 0.474550992
vt 0.0212069992 0.46884799
vt 0.00761999981 0.520835996
vt 0.0212069992 0.520835996
vt 0.0158070009 0.515133023
vt 0.00761999981 0.515133023
vt 0.0158070009 0.474550992
vt 0.00761999981 0.474550992
vt 0.00761999981 0.515133023
vt 0.0158070009 0.515133023
vt 0.0689290017 0.342938006
vt 0.0754910037 0.345288992
vt 0.112090997 0.325367987
vt 0.113803998 0.318845987
vt 0.112090997 0.325367987
vt 0.119505003 0.33871901
vt 0.126055002 0.340662986
vt 0.113803998 0.318845987
vt 0.0689290017 0.342938006
vt 0.0816569999 0.36619699
vt 0.0831580013 0.359434992
vt 0.0754910037 0.345288992
vt 0.0754910037 0.345288992
vt 0.0831580013 0.359434992
vt 0.119505003 0.33871901
vt 0.112090997 0.325367987
vt 0.877427459 0.709229946
vt 0.776116014 0.773805976
vt 0.902167976 0.899969995
vt 0.945008993 0.872662544
vt 0.874866486 0.942809999
vt 0.711545467 0.875120521
vt 0.685577989 0.992420971
vt 0.863885999 0.992420971
vt 0.994729996 0.683251977
vt 0.994614005 0.861676991
vt 0.711398005 0.875120521
vt 0.775972009 0.773805976
vt 0.902253985 0.899969995
vt 0.874948025 0.942810535
vt 0.945098519 0.872662544
vt 0.877286494 0.709229946
vt 0.685424984 0.992420971
vt 0.863963008 0.992420971
vt 0.994614005 0.861676991
vt 0.994589984 0.683251977
vt 0.263954014 0.0102319997
vt 0.0831580013 0.359434992
vt 0.0816569999 0.36619699
vt 0.126055002 0.340662986
vt 0.119505003 0.33871901
vt 0.0158070009 0.515133023
vt 0.0212069992 0.520835996
vt 0.0212069992 0.46884799
vt 0.0158070009 0.474550992
vt 0.211099997 0.236450002
vt 0.241749004 0.291880012
vt 0.272379011 0.238911003
vt 0.874786019 0.942847013
vt 0.711187482 0.875045002
vt 0.685162008 0.992420971
vt 0.863789022 0.992420971
vt 0.902141988 0.899945021
vt 0.775839984 0.77364397
vt 0.945073485 0.872570515
vt 0.87725246 0.708979487
vt 0.99466002 0.682923973
vt 0.99466002 0.861555994
vt 0.0834570006 0.256756008
vt 0.0934249982 0.286229014
vt 0.00761999981 0.288906991
vt 0.00761999981 0.257705986
vt 0.143333003 0.243500993
vt 0.139651 0.272395015
vt 0.150380999 0.276910007
vt 0.166905001 0.254765987
vt 0.201369002 0.316778988
vt 0.172460005 0.316875994
vt 0.198027998 0.339839011
vt 0.170717001 0.328379005
vt 0.154409006 0.383870989
vt 0.132234007 0.363137007
vt 0.113003999 0.442891002
vt 0.0851820037 0.428833008
vt 0.0837109983 0.506470025
vt 0.0534599982 0.499653012
vt 0.0677559972 0.564580977
vt 0.042493999 0.546729028
vt 0.0486879982 0.579434991
vt 0.0329300016 0.554431975
vt 0.00761999981 0.58910501
vt 0.00761999981 0.56014502
vt 0.00761999981 0.257705986
vt 0.00761999981 0.188016996
vt 0.0973295048 0.177175999
vt 0.0834570006 0.256756008
vt 0.143333003 0.243500993
vt 0.191174999 0.224316001
vt 0.175622001 0.144789994
vt 0.231384993 0.0847304985
vt 0.29243499 0.227879003
vt 0.279141009 0.116172001
vt 0.166905001 0.254765987
vt 0.201369002 0.316778988
vt 0.241809994 0.314907998
vt 0.198027998 0.339839011
vt 0.230808005 0.41228801
vt 0.299010992 0.364383012
vt 0.379538 0.348039985
vt 0.374334991 0.242017001
vt 0.300877005 0.0177229997
vt 0.545441985 0.0794249997
vt 0.488541991 0.274850011
vt 0.460465014 0.358002007
vt 0.154409006 0.383870989
vt 0.178038001 0.478664011
vt 0.113003999 0.442891002
vt 0.0837109983 0.506470025
vt 0.146676511 0.557775497
vt 0.0677559972 0.564580977
vt 0.0646909997 0.619650006
vt 0.137842 0.643067002
vt 0.0661740005 0.707005024
vt 0.00761999981 0.716354012
vt 0.00761999981 0.802841008
vt 0.0845310017 0.815352023
vt 0.161497995 0.723527551
vt 0.0486879982 0.579434991
vt 0.00761999981 0.626330018
vt 0.00761999981 0.58910501
vt 0.149458006 0.857057989
vt 0.210041001 0.788676977
vt 0.00761999981 0.896956027
vt 0.0780560002 0.927425981
vt 0.00761999981 0.991186023
vt 0.0446100011 0.628750026
vt 0.00761999981 0.641793013
vt 0.00761999981 0.693801999
vt 0.0689290017 0.342938006
vt 0.00761999981 0.288906991
vt 0.0934249982 0.286229014
vt 0.113803998 0.318845987
vt 0.0441239998 0.356483519
vt 0.00761999981 0.337256014
vt 0.139651 0.272395015
vt 0.150380999 0.276910007
vt 0.0816569999 0.36619699
vt 0.172460005 0.316875994
vt 0.126055002 0.340662986
vt 0.0593339987 0.391501993
vt 0.170717001 0.328379005
vt 0.0851820037 0.428833008
vt 0.0426975004 0.42552948
vt 0.132234007 0.363137007
vt 0.0534599982 0.499653012
vt 0.0212069992 0.46884799
vt 0.00761999981 0.444438994
vt 0.00761999981 0.46884799
vt 0.0212069992 0.520835996
vt 0.042493999 0.546729028
vt 0.0329300016 0.554431975
vt 0.00761999981 0.56014502
vt 0.00761999981 0.520835996
vt 0.00761999981 0.360581011
vt 0.00761999981 0.337256014
vt 0.0441239998 0.356483519
vt 0.0288359988 0.370636493
vt 0.0593339987 0.391501993
vt 0.0379679985 0.390897989
vt 0.0278420001 0.410844505
vt 0.0426975004 0.42552948
vt 0.00761999981 0.421754986
vt 0.00761999981 0.444438994
vt 0.00761999981 0.391167998
vt 0.00761999981 0.360581011
vt 0.0278420001 0.410844505
vt 0.00761999981 0.421754986
vt 0.00761999981 0.46884799
vt 0.0212069992 0.46884799
vt 0.0158070009 0.474550992
vt 0.00761999981 0.474550992
vt 0.00761999981 0.520835996
vt 0.00761999981 0.515133023
vt 0.0158070009 0.515133023
vt 0.0212069992 0.520835996
vt 0.0158070009 0.474550992
vt 0.0158070009 0.515133023
vt 0.00761999981 0.515133023
vt 0.00761999981 0.474550992
vt 0.0689290017 0.342938006
vt 0.113803998 0.318845987
vt 0.112090997 0.325367987
vt 0.0754910037 0.345288992
vt 0.112090997 0.325367987
vt 0.113803998 0.318845987
vt 0.126055002 0.340662986
vt 0.119505003 0.33871901
vt 0.0689290017 0.342938006
vt 0.0754910037 0.345288992
vt 0.0831580013 0.359434992
vt 0.0816569999 0.36619699
vt 0.0754910037 0.345288992
vt 0.112090997 0.325367987
vt 0.119505003 0.33871901
vt 0.0831580013 0.359434992
vt 0.877427459 0.709229946
vt 0.945008993 0.872662544
vt 0.902167976 0.899969995
vt 0.776116014 0.773805976
vt 0.874866486 0.942809999
vt 0.711545467 0.875120521
vt 0.685577989 0.992420971
vt 0.863885999 0.992420971
vt 0.994729996 0.683251977
vt 0.994614005 0.861676991
vt 0.711398005 0.875120521
vt 0.874948025 0.942810535
vt 0.902253985 0.899969995
vt 0.775972009 0.773805976
vt 0.945098519 0.872662544
vt 0.877286494 0.709229946
vt 0.685424984 0.992420971
vt 0.863963008 0.992420971
vt 0.994614005 0.861676991
vt 0.994589984 0.683251977
vt 0.263954014 0.0102319997
vt 0.0831580013 0.359434992
vt 0.119505003 0.33871901
vt 0.126055002 0.340662986
vt 0.0816569999 0.36619699
vt 0.0158070009 0.515133023
vt 0.0158070009 0.474550992
vt 0.0212069992 0.46884799
vt 0.0212069992 0.520835996
vt 0.641424179 0.912425697
vt 0.598871291 0.809675217
vt 0.598871171 0.921843827
vt 0.67816931 0.889008403
vt 0.701591611 0.852262378
vt 0.711014211 0.809636056
vt 0.70159173 0.767165005
vt 0.678169549 0.730416
vt 0.641423821 0.706994891
vt 0.598871291 0.697572827
vt 0.556318462 0.912425697
vt 0.51957339 0.889008343
vt 0.496151239 0.852262437
vt 0.556318879 0.706994653
vt 0.51957345 0.73041594
vt 0.496151239 0.767164767
vt 0.486728579 0.809635937
vt 0.211099997 0.236450002
vt 0.272379011 0.238911003
vt 0.241749004 0.291880012
vt 0.874786019 0.942847013
vt 0.863789022 0.992420971
vt 0.685162008 0.992420971
vt 0.711187482 0.875045002
vt 0.902141988 0.899945021
vt 0.775839984 0.77364397
vt 0.945073485 0.872570515
vt 0.87725246 0.708979487
vt 0.99466002 0.682923973
vt 0.99466002 0.861555994
vt 0.0834570006 0.256756008
vt 0.00761999981 0.257705986
vt 0.00761999981 0.288906991
vt 0.0934249982 0.286229014
vt 0.143333003 0.243500993
vt 0.139651 0.272395015
vt 0.150380999 0.276910007
vt 0.166905001 0.254765987
vt 0.201369002 0.316778988
vt 0.172460005 0.316875994
vt 0.198027998 0.339839011
vt 0.170717001 0.328379005
vt 0.154409006 0.383870989
vt 0.132234007 0.363137007
vt 0.113003999 0.442891002
vt 0.0851820037 0.428833008
vt 0.0837109983 0.506470025
vt 0.0534599982 0.499653012
vt 0.0677559972 0.564580977
vt 0.042493999 0.546729028
vt 0.0486879982 0.579434991
vt 0.0329300016 0.554431975
vt 0.00761999981 0.58910501
vt 0.00761999981 0.56014502
vt 0.00761999981 0.257705986
vt 0.0834570006 0.256756008
vt 0.0973295048 0.177175999
vt 0.00761999981 0.188016996
vt 0.143333003 0.243500993
vt 0.191174999 0.224316001
vt 0.175622001 0.144789994
vt 0.231384993 0.0847304985
vt 0.29243499 0.227879003
vt 0.279141009 0.116172001
vt 0.166905001 0.254765987
vt 0.201369002 0.316778988
vt 0.241809994 0.314907998
vt 0.198027998 0.339839011
vt 0.230808005 0.41228801
vt 0.299010992 0.364383012
vt 0.379538 0.348039985
vt 0.374334991 0.242017001
vt 0.300877005 0.0177229997
vt 0.545441985 0.0794249997
vt 0.488541991 0.274850011
vt 0.460465014 0.358002007
vt 0.154409006 0.383870989
vt 0.178038001 0.478664011
vt 0.113003999 0.442891002
vt 0.0837109983 0.506470025
vt 0.146676511 0.557775497
vt 0.0677559972 0.564580977
vt 0.0646909997 0.619650006
vt 0.137842 0.643067002
vt 0.0661740005 0.707005024
vt 0.00761999981 0.716354012
vt 0.00761999981 0.802841008
vt 0.0845310017 0.815352023
vt 0.161497995 0.723527551
vt 0.0486879982 0.579434991
vt 0.00761999981 0.626330018
vt 0.00761999981 0.58910501
vt 0.149458006 0.857057989
vt 0.210041001 0.788676977
vt 0.00761999981 0.896956027
vt 0.0780560002 0.927425981
vt 0.00761999981 0.991186023
vt 0.0446100011 0.628750026
vt 0.00761999981 0.641793013
vt 0.00761999981 0.693801999
vt 0.0689290017 0.342938006
vt 0.0934249982 0.286229014
vt 0.00761999981 0.288906991
vt 0.113803998 0.318845987
vt 0.0441239998 0.356483519
vt 0.00761999981 0.337256014
vt 0.139651 0.272395015
vt 0.150380999 0.276910007
vt 0.0816569999 0.36619699
vt 0.172460005 0.316875994
vt 0.126055002 0.340662986
vt 0.0593339987 0.391501993
vt 0.170717001 0.328379005
vt 0.0851820037 0.428833008
vt 0.0426975004 0.42552948
vt 0.132234007 0.363137007
vt 0.0534599982 0.499653012
vt 0.0212069992 0.46884799
vt 0.00761999981 0.444438994
vt 0.00761999981 0.46884799
vt 0.0212069992 0.520835996
vt 0.042493999 0.546729028
vt 0.0329300016 0.554431975
vt 0.00761999981 0.56014502
vt 0.00761999981 0.520835996
vt 0.00761999981 0.360581011
vt 0.0288359988 0.370636493
vt 0.0441239998 0.356483519
vt 0.00761999981 0.337256014
vt 0.0593339987 0.391501993
vt 0.0379679985 0.390897989
vt 0.0278420001 0.410844505
vt 0.0426975004 0.42552948
vt 0.00761999981 0.421754986
vt 0.00761999981 0.444438994
vt 0.00761999981 0.391167998
vt 0.00761999981 0.360581011
vt 0.0278420001 0.410844505
vt 0.00761999981 0.421754986
vt 0.00761999981 0.46884799
vt 0.00761999981 0.474550992
vt 0.0158070009 0.474550992
vt 0.0212069992 0.46884799
vt 0.00761999981 0.520835996
vt 0.0212069992 0.520835996
vt 0.0158070009 0.515133023
vt 0.00761999981 0.515133023
vt 0.0158070009 0.474550992
vt 0.00761999981 0.474550992
vt 0.00761999981 0.515133023
vt 0.0158070009 0.515133023
vt 0.0689290017 0.342938006
vt 0.0754910037 0.345288992
vt 0.112090997 0.325367987
vt 0.113803998 0.318845987
vt 0.112090997 0.325367987
vt 0.119505003 0.33871901
vt 0.126055002 0.340662986
vt 0.113803998 0.318845987
vt 0.0689290017 0.342938006
vt 0.0816569999 0.36619699
vt 0.0831580013 0.359434992
vt 0.0754910037 0.345288992
vt 0.0754910037 0.345288992
vt 0.0831580013 0.359434992
vt 0.119505003 0.33871901
vt 0.112090997 0.325367987
vt 0.877427459 0.709229946
vt 0.776116014 0.773805976
vt 0.902167976 0.899969995
vt 0.945008993 0.872662544
vt 0.874866486 0.942809999
vt 0.711545467 0.875120521
vt 0.685577989 0.992420971
vt 0.863885999 0.992420971
vt 0.994729996 0.683251977
vt 0.994614005 0.861676991
vt 0.711398005 0.875120521
vt 0.775972009 0.773805976
vt 0.902253985 0.899969995
vt 0.874948025 0.942810535
vt 0.945098519 0.872662544
vt 0.877286494 0.709229946
vt 0.685424984 0.992420971
vt 0.863963008 0.992420971
vt 0.994614005 0.861676991
vt 0.994589984 0.683251977
vt 0.263954014 0.0102319997
vt 0.0831580013 0.359434992
vt 0.0816569999 0.36619699
vt 0.126055002 0.340662986
vt 0.119505003 0.33871901
vt 0.0158070009 0.515133023
vt 0.0212069992 0.520835996
vt 0.0212069992 0.46884799
vt 0.0158070009 0.474550992
vt 0.211099997 0.236450002
vt 0.241749004 0.291880012
vt 0.272379011 0.238911003
vt 0.874786019 0.942847013
vt 0.711187482 0.875045002
vt 0.685162008 0.992420971
vt 0.863789022 0.992420971
vt 0.902141988 0.899945021
vt 0.775839984 0.77364397
vt 0.945073485 0.872570515
vt 0.87725246 0.708979487
vt 0.99466002 0.682923973
vt 0.99466002 0.861555994
vt 0.0834570006 0.256756008
vt 0.0934249982 0.286229014
vt 0.00761999981 0.288906991
vt 0.00761999981 0.257705986
vt 0.143333003 0.243500993
vt 0.139651 0.272395015
vt 0.150380999 0.276910007
vt 0.166905001 0.254765987
vt 0.201369002 0.316778988
vt 0.172460005 0.316875994
vt 0.198027998 0.339839011
vt 0.170717001 0.328379005
vt 0.154409006 0.383870989
vt 0.132234007 0.363137007
vt 0.113003999 0.442891002
vt 0.0851820037 0.428833008
vt 0.0837109983 0.506470025
vt 0.0534599982 0.499653012
vt 0.0677559972 0.564580977
vt 0.042493999 0.546729028
vt 0.0486879982 0.579434991
vt 0.0329300016 0.554431975
vt 0.00761999981 0.58910501
vt 0.00761999981 0.56014502
vt 0.00761999981 0.257705986
vt 0.00761999981 0.188016996
vt 0.0973295048 0.177175999
vt 0.0834570006 0.256756008
vt 0.143333003 0.243500993
vt 0.191174999 0.224316001
vt 0.175622001 0.144789994
vt 0.231384993 0.0847304985
vt 0.29243499 0.227879003
vt 0.279141009 0.116172001
vt 0.166905001 0.254765987
vt 0.201369002 0.316778988
vt 0.241809994 0.314907998
vt 0.198027998 0.339839011
vt 0.230808005 0.41228801
vt 0.299010992 0.364383012
vt 0.379538 0.348039985
vt 0.374334991 0.242017001
vt 0.300877005 0.0177229997
vt 0.545441985 0.0794249997
vt 0.488541991 0.274850011
vt 0.460465014 0.358002007
vt 0.154409006 0.383870989
vt 0.178038001 0.478664011
vt 0.113003999 0.442891002
vt 0.0837109983 0.506470025
vt 0.146676511 0.557775497
vt 0.0677559972 0.564580977
vt 0.0646909997 0.619650006
vt 0.137842 0.643067002
vt 0.0661740005 0.707005024
vt 0.00761999981 0.716354012
vt 0.00761999981 0.802841008
vt 0.0845310017 0.815352023
vt 0.161497995 0.723527551
vt 0.0486879982 0.579434991
vt 0.00761999981 0.626330018
vt 0.00761999981 0.58910501
vt 0.149458006 0.857057989
vt 0.210041001 0.788676977
vt 0.00761999981 0.896956027
vt 0.0780560002 0.927425981
vt 0.00761999981 0.991186023
vt 0.0446100011 0.628750026
vt 0.00761999981 0.641793013
vt 0.00761999981 0.693801999
vt 0.0689290017 0.342938006
vt 0.00761999981 0.288906991
vt 0.0934249982 0.286229014
vt 0.113803998 0.318845987
vt 0.0441239998 0.356483519
vt 0.00761999981 0.337256014
vt 0.139651 0.272395015
vt 0.150380999 0.276910007
vt 0.0816569999 0.36619699
vt 0.172460005 0.316875994
vt 0.126055002 0.340662986
vt 0.0593339987 0.391501993
vt 0.170717001 0.328379005
vt 0.0851820037 0.428833008
vt 0.0426975004 0.42552948
vt 0.132234007 0.363137007
vt 0.0534599982 0.499653012
vt 0.0212069992 0.46884799
vt 0.00761999981 0.444438994
vt 0.00761999981 0.46884799
vt 0.0212069992 0.520835996
vt 0.042493999 0.546729028
vt 0.0329300016 0.554431975
vt 0.00761999981 0.56014502
vt 0.00761999981 0.520835996
vt 0.00761999981 0.360581011
vt 0.00761999981 0.337256014
vt 0.0441239998 0.356483519
vt 0.0288359988 0.370636493
vt 0.0593339987 0.391501993
vt 0.0379679985 0.390897989
vt 0.0278420001 0.410844505
vt 0.0426975004 0.42552948
vt 0.00761999981 0.421754986
vt 0.00761999981 0.444438994
vt 0.00761999981 0.391167998
vt 0.00761999981 0.360581011
vt 0.0278420001 0.410844505
vt 0.00761999981 0.421754986
vt 0.00761999981 0.46884799
vt 0.0212069992 0.46884799
vt 0.0158070009 0.474550992
vt 0.00761999981 0.474550992
vt 0.00761999981 0.520835996
vt 0.00761999981 0.515133023
vt 0.0158070009 0.515133023
vt 0.0212069992 0.520835996
vt 0.0158070009 0.474550992
vt 0.0158070009 0.515133023
vt 0.00761999981 0.515133023
vt 0.00761999981 0.474550992
vt 0.0689290017 0.342938006
vt 0.113803998 0.318845987
vt 0.112090997 0.325367987
vt 0.0754910037 0.345288992
vt 0.112090997 0.325367987
vt 0.113803998 0.318845987
vt 0.126055002 0.340662986
vt 0.119505003 0.33871901
vt 0.0689290017 0.342938006
vt 0.0754910037 0.345288992
vt 0.0831580013 0.359434992
vt 0.0816569999 0.36619699
vt 0.0754910037 0.345288992
vt 0.112090997 0.325367987
vt 0.119505003 0.33871901
vt 0.0831580013 0.359434992
vt 0.877427459 0.709229946
vt 0.945008993 0.872662544
vt 0.902167976 0.899969995
vt 0.776116014 0.773805976
vt 0.874866486 0.942809999
vt 0.711545467 0.875120521
vt 0.685577989 0.992420971
vt 0.863885999 0.992420971
vt 0.994729996 0.683251977
vt 0.994614005 0.861676991
vt 0.711398005 0.875120521
vt 0.874948025 0.942810535
vt 0.902253985 0.899969995
vt 0.775972009 0.773805976
vt 0.945098519 0.872662544
vt 0.877286494 0.709229946
vt 0.685424984 0.992420971
vt 0.863963008 0.992420971
vt 0.994614005 0.861676991
vt 0.994589984 0.683251977
vt 0.263954014 0.0102319997
vt 0.0831580013 0.359434992
vt 0.119505003 0.33871901
vt 0.126055002 0.340662986
vt 0.0816569999 0.36619699
vt 0.0158070009 0.515133023
vt 0.0158070009 0.474550992
vt 0.0212069992 0.46884799
vt 0.0212069992 0.520835996
vt 0.556318343 0.706924617
vt 0.59887135 0.809675217
vt 0.59887135 0.697506428
vt 0.519573331 0.730341971
vt 0.496151358 0.767087996
vt 0.486728579 0.809714615
vt 0.496151239 0.852185607
vt 0.51957345 0.888934553
vt 0.556318998 0.912355721
vt 0.59887141 0.921777844
vt 0.641424417 0.706924856
vt 0.678169429 0.73034215
vt 0.701591909 0.767088294
vt 0.641423643 0.912355721
vt 0.67816931 0.888934553
vt 0.701591611 0.852185547
vt 0.711014092 0.809714615
vt 0.211099997 0.236450002
vt 0.272379011 0.238911003
vt 0.241749004 0.291880012
vt 0.874786019 0.942847013
vt 0.863789022 0.992420971
vt 0.685162008 0.992420971
vt 0.711187482 0.875045002
vt 0.902141988 0.899945021
vt 0.775839984 0.77364397
vt 0.945073485 0.872570515
vt 0.87725246 0.708979487
vt 0.99466002 0.682923973
vt 0.99466002 0.861555994
vt 0.0834570006 0.256756008
vt 0.00761999981 0.257705986
vt 0.00761999981 0.288906991
vt 0.0934249982 0.286229014
vt 0.143333003 0.243500993
vt 0.139651 0.272395015
vt 0.150380999 0.276910007
vt 0.166905001 0.254765987
vt 0.201369002 0.316778988
vt 0.172460005 0.316875994
vt 0.198027998 0.339839011
vt 0.170717001 0.328379005
vt 0.154409006 0.383870989
vt 0.132234007 0.363137007
vt 0.113003999 0.442891002
vt 0.0851820037 0.428833008
vt 0.0837109983 0.506470025
vt 0.0534599982 0.499653012
vt 0.0677559972 0.564580977
vt 0.042493999 0.546729028
vt 0.0486879982 0.579434991
vt 0.0329300016 0.554431975
vt 0.00761999981 0.58910501
vt 0.00761999981 0.56014502
vt 0.00761999981 0.257705986
vt 0.0834570006 0.256756008
vt 0.0973295048 0.177175999
vt 0.00761999981 0.188016996
vt 0.143333003 0.243500993
vt 0.191174999 0.224316001
vt 0.175622001 0.144789994
vt 0.231384993 0.0847304985
vt 0.29243499 0.227879003
vt 0.279141009 0.116172001
vt 0.166905001 0.254765987
vt 0.201369002 0.316778988
vt 0.241809994 0.314907998
vt 0.198027998 0.339839011
vt 0.230808005 0.41228801
vt 0.299010992 0.364383012
vt 0.379538 0.348039985
vt 0.374334991 0.242017001
vt 0.300877005 0.0177229997
vt 0.545441985 0.0794249997
vt 0.488541991 0.274850011
vt 0.460465014 0.358002007
vt 0.154409006 0.383870989
vt 0.178038001 0.478664011
vt 0.113003999 0.442891002
vt 0.0837109983 0.506470025
vt 0.146676511 0.557775497
vt 0.0677559972 0.564580977
vt 0.0646909997 0.619650006
vt 0.137842 0.643067002
vt 0.0661740005 0.707005024
vt 0.00761999981 0.716354012
vt 0.00761999981 0.802841008
vt 0.0845310017 0.815352023
vt 0.161497995 0.723527551
vt 0.0486879982 0.579434991
vt 0.00761999981 0.626330018
vt 0.00761999981 0.58910501
vt 0.149458006 0.857057989
vt 0.210041001 0.788676977
vt 0.00761999981 0.896956027
vt 0.0780560002 0.927425981
vt 0.00761999981 0.991186023
vt 0.0446100011 0.628750026
vt 0.00761999981 0.641793013
vt 0.00761999981 0.693801999
vt 0.0689290017 0.342938006
vt 0.0934249982 0.286229014
vt 0.00761999981 0.288906991
vt 0.113803998 0.318845987
vt 0.0441239998 0.356483519
vt 0.00761999981 0.337256014
vt 0.139651 0.272395015
vt 0.150380999 0.276910007
vt 0.0816569999 0.36619699
vt 0.172460005 0.316875994
vt 0.126055002 0.340662986
vt 0.0593339987 0.391501993
vt 0.170717001 0.328379005
vt 0.0851820037 0.428833008
vt 0.0426975004 0.42552948
vt 0.132234007 0.363137007
vt 0.0534599982 0.499653012
vt 0.0212069992 0.46884799
vt 0.00761999981 0.444438994
vt 0.00761999981 0.46884799
vt 0.0212069992 0.520835996
vt 0.042493999 0.546729028
vt 0.0329300016 0.554431975
vt 0.00761999981 0.56014502
vt 0.00761999981 0.520835996
vt 0.00761999981 0.360581011
vt 0.0288359988 0.370636493
vt 0.0441239998 0.356483519
vt 0.00761999981 0.337256014
vt 0.0593339987 0.391501993
vt 0.0379679985 0.390897989
vt 0.0278420001 0.410844505
vt 0.0426975004 0.42552948
vt 0.00761999981 0.421754986
vt 0.00761999981 0.444438994
vt 0.00761999981 0.391167998
vt 0.00761999981 0.360581011
vt 0.0278420001 0.410844505
vt 0.00761999981 0.421754986
vt 0.00761999981 0.46884799
vt 0.00761999981 0.474550992
vt 0.0158070009 0.474550992
vt 0.0212069992 0.46884799
vt 0.00761999981 0.520835996
vt 0.0212069992 0.520835996
vt 0.0158070009 0.515133023
vt 0.00761999981 0.515133023
vt 0.0158070009 0.474550992
vt 0.00761999981 0.474550992
vt 0.00761999981 0.515133023
vt 0.0158070009 0.515133023
vt 0.0689290017 0.342938006
vt 0.0754910037 0.345288992
vt 0.112090997 0.325367987
vt 0.113803998 0.318845987
vt 0.112090997 0.325367987
vt 0.119505003 0.33871901
vt 0.126055002 0.340662986
vt 0.113803998 0.318845987
vt 0.0689290017 0.342938006
vt 0.0816569999 0.36619699
vt 0.0831580013 0.359434992
vt 0.0754910037 0.345288992
vt 0.0754910037 0.345288992
vt 0.0831580013 0.359434992
vt 0.119505003 0.33871901
vt 0.112090997 0.325367987
vt 0.877427459 0.709229946
vt 0.776116014 0.773805976
vt 0.902167976 0.899969995
vt 0.945008993 0.872662544
vt 0.874866486 0.942809999
vt 0.711545467 0.875120521
vt 0.685577989 0.992420971
vt 0.863885999 0.992420971
vt 0.994729996 0.683251977
vt 0.994614005 0.861676991
vt 0.711398005 0.875120521
vt 0.775972009 0.773805976
vt 0.902253985 0.899969995
vt 0.874948025 0.942810535
vt 0.945098519 0.872662544
vt 0.877286494 0.709229946
vt 0.685424984 0.992420971
vt 0.863963008 0.992420971
vt 0.994614005 0.861676991
vt 0.994589984 0.683251977
vt 0.263954014 0.0102319997
vt 0.0831580013 0.359434992
vt 0.0816569999 0.36619699
vt 0.126055002 0.340662986
vt 0.119505003 0.33871901
vt 0.0158070009 0.515133023
vt 0.0212069992 0.520835996
vt 0.0212069992 0.46884799
vt 0.0158070009 0.474550992
vt 0.211099997 0.236450002
vt 0.241749004 0.291880012
vt 0.272379011 0.238911003
vt 0.874786019 0.942847013
vt 0.711187482 0.875045002
vt 0.685162008 0.992420971
vt 0.863789022 0.992420971
vt 0.902141988 0.899945021
vt 0.775839984 0.77364397
vt 0.945073485 0.872570515
vt 0.87725246 0.708979487
vt 0.99466002 0.682923973
vt 0.99466002 0.861555994
vt 0.0834570006 0.256756008
vt 0.0934249982 0.286229014
vt 0.00761999981 0.288906991
vt 0.00761999981 0.257705986
vt 0.143333003 0.243500993
vt 0.139651 0.272395015
vt 0.150380999 0.276910007
vt 0.166905001 0.254765987
vt 0.201369002 0.316778988
vt 0.172460005 0.316875994
vt 0.198027998 0.339839011
vt 0.170717001 0.328379005
vt 0.154409006 0.383870989
vt 0.132234007 0.363137007
vt 0.113003999 0.442891002
vt 0.0851820037 0.428833008
vt 0.0837109983 0.506470025
vt 0.0534599982 0.499653012
vt 0.0677559972 0.564580977
vt 0.042493999 0.546729028
vt 0.0486879982 0.579434991
vt 0.0329300016 0.554431975
vt 0.00761999981 0.58910501
vt 0.00761999981 0.56014502
vt 0.00761999981 0.257705986
vt 0.00761999981 0.188016996
vt 0.0973295048 0.177175999
vt 0.0834570006 0.256756008
vt 0.143333003 0.243500993
vt 0.191174999 0.224316001
vt 0.175622001 0.144789994
vt 0.231384993 0.0847304985
vt 0.29243499 0.227879003
vt 0.279141009 0.116172001
vt 0.166905001 0.254765987
vt 0.201369002 0.316778988
vt 0.241809994 0.314907998
vt 0.198027998 0.339839011
vt 0.230808005 0.41228801
vt 0.299010992 0.364383012
vt 0.379538 0.348039985
vt 0.374334991 0.242017001
vt 0.300877005 0.0177229997
vt 0.545441985 0.0794249997
vt 0.488541991 0.274850011
vt 0.460465014 0.358002007
vt 0.154409006 0.383870989
vt 0.178038001 0.478664011
vt 0.113003999 0.442891002
vt 0.0837109983 0.506470025
vt 0.146676511 0.557775497
vt 0.0677559972 0.564580977
vt 0.0646909997 0.619650006
vt 0.137842 0.643067002
vt 0.0661740005 0.707005024
vt 0.00761999981 0.716354012
vt 0.00761999981 0.802841008
vt 0.0845310017 0.815352023
vt 0.161497995 0.723527551
vt 0.0486879982 0.579434991
vt 0.00761999981 0.626330018
vt 0.00761999981 0.58910501
vt 0.149458006 0.857057989
vt 0.210041001 0.788676977
vt 0.00761999981 0.896956027
vt 0.0780560002 0.927425981
vt 0.00761999981 0.991186023
vt 0.0446100011 0.628750026
vt 0.00761999981 0.641793013
vt 0.00761999981 0.693801999
vt 0.0689290017 0.342938006
vt 0.00761999981 0.288906991
vt 0.0934249982 0.286229014
vt 0.113803998 0.318845987
vt 0.0441239998 0.356483519
vt 0.00761999981 0.337256014
vt 0.139651 0.272395015
vt 0.150380999 0.276910007
vt 0.0816569999 0.36619699
vt 0.172460005 0.316875994
vt 0.126055002 0.340662986
vt 0.0593339987 0.391501993
vt 0.170717001 0.328379005
vt 0.0851820037 0.428833008
vt 0.0426975004 0.42552948
vt 0.132234007 0.363137007
vt 0.0534599982 0.499653012
vt 0.0212069992 0.46884799
vt 0.00761999981 0.444438994
vt 0.00761999981 0.46884799
vt 0.0212069992 0.520835996
vt 0.042493999 0.546729028
vt 0.0329300016 0.554431975
vt 0.00761999981 0.56014502
vt 0.00761999981 0.520835996
vt 0.00761999981 0.360581011
vt 0.00761999981 0.337256014
vt 0.0441239998 0.356483519
vt 0.0288359988 0.370636493
vt 0.0593339987 0.391501993
vt 0.0379679985 0.390897989
vt 0.0278420001 0.410844505
vt 0.0426975004 0.42552948
vt 0.00761999981 0.421754986
vt 0.00761999981 0.444438994
vt 0.00761999981 0.391167998
vt 0.00761999981 0.360581011
vt 0.0278420001 0.410844505
vt 0.00761999981 0.421754986
vt 0.00761999981 0.46884799
vt 0.0212069992 0.46884799
vt 0.0158070009 0.474550992
vt 0.00761999981 0.474550992
vt 0.00761999981 0.520835996
vt 0.00761999981 0.515133023
vt 0.0158070009 0.515133023
vt 0.0212069992 0.520835996
vt 0.0158070009 0.474550992
vt 0.0158070009 0.515133023
vt 0.00761999981 0.515133023
vt 0.00761999981 0.474550992
vt 0.0689290017 0.342938006
vt 0.113803998 0.318845987
vt 0.112090997 0.325367987
vt 0.0754910037 0.345288992
vt 0.112090997 0.325367987
vt 0.113803998 0.318845987
vt 0.126055002 0.340662986
vt 0.119505003 0.33871901
vt 0.0689290017 0.342938006
vt 0.0754910037 0.345288992
vt 0.0831580013 0.359434992
vt 0.0816569999 0.36619699
vt 0.0754910037 0.345288992
vt 0.112090997 0.325367987
vt 0.119505003 0.33871901
vt 0.0831580013 0.359434992
vt 0.877427459 0.709229946
vt 0.945008993 0.872662544
vt 0.902167976 0.899969995
vt 0.776116014 0.773805976
vt 0.874866486 0.942809999
vt 0.711545467 0.875120521
vt 0.685577989 0.992420971
vt 0.863885999 0.992420971
vt 0.994729996 0.683251977
vt 0.994614005 0.861676991
vt 0.711398005 0.875120521
vt 0.874948025 0.942810535
vt 0.902253985 0.899969995
vt 0.775972009 0.773805976
vt 0.945098519 0.872662544
vt 0.877286494 0.709229946
vt 0.685424984 0.992420971
vt 0.863963008 0.992420971
vt 0.994614005 0.861676991
vt 0.994589984 0.683251977
vt 0.263954014 0.0102319997
vt 0.0831580013 0.359434992
vt 0.119505003 0.33871901
vt 0.126055002 0.340662986
vt 0.0816569999 0.36619699
vt 0.0158070009 0.515133023
vt 0.0158070009 0.474550992
vt 0.0212069992 0.46884799
vt 0.0212069992 0.520835996
vt 0.641424179 0.912425697
vt 0.598871291 0.809675217
vt 0.598871171 0.921843827
vt 0.67816931 0.889008403
vt 0.701591611 0.852262378
vt 0.711014092 0.809635997
vt 0.701591671 0.767165065
vt 0.678169429 0.730416
vt 0.641423643 0.706994832
vt 0.598871231 0.697572768
vt 0.556318462 0.912425697
vt 0.51957339 0.889008343
vt 0.496151239 0.852262437
vt 0.556318879 0.706994653
vt 0.51957345 0.73041594
vt 0.496151239 0.767164767
vt 0.486728579 0.809635937
vt 0.211099997 0.236450002
vt 0.272379011 0.238911003
vt 0.241749004 0.291880012
vt 0.874786019 0.942847013
vt 0.863789022 0.992420971
vt 0.685162008 0.992420971
vt 0.711187482 0.875045002
vt 0.902141988 0.899945021
vt 0.775839984 0.77364397
vt 0.945073485 0.872570515
vt 0.87725246 0.708979487
vt 0.99466002 0.682923973
vt 0.99466002 0.861555994
vt 0.0834570006 0.256756008
vt 0.00761999981 0.257705986
vt 0.00761999981 0.288906991
vt 0.0934249982 0.286229014
vt 0.143333003 0.243500993
vt 0.139651 0.272395015
vt 0.150380999 0.276910007
vt 0.166905001 0.254765987
vt 0.201369002 0.316778988
vt 0.172460005 0.316875994
vt 0.198027998 0.339839011
vt 0.170717001 0.328379005
vt 0.154409006 0.383870989
vt 0.132234007 0.363137007
vt 0.113003999 0.442891002
vt 0.0851820037 0.428833008
vt 0.0837109983 0.506470025
vt 0.0534599982 0.499653012
vt 0.0677559972 0.564580977
vt 0.042493999 0.546729028
vt 0.0486879982 0.579434991
vt 0.0329300016 0.554431975
vt 0.00761999981 0.58910501
vt 0.00761999981 0.56014502
vt 0.00761999981 0.257705986
vt 0.0834570006 0.256756008
vt 0.0973295048 0.177175999
vt 0.00761999981 0.188016996
vt 0.143333003 0.243500993
vt 0.191174999 0.224316001
vt 0.175622001 0.144789994
vt 0.231384993 0.0847304985
vt 0.29243499 0.227879003
vt 0.279141009 0.116172001
vt 0.166905001 0.254765987
vt 0.201369002 0.316778988
vt 0.241809994 0.314907998
vt 0.198027998 0.339839011
vt 0.230808005 0.41228801
vt 0.299010992 0.364383012
vt 0.379538 0.348039985
vt 0.374334991 0.242017001
vt 0.300877005 0.0177229997
vt 0.545441985 0.0794249997
vt 0.488541991 0.274850011
vt 0.460465014 0.358002007
vt 0.154409006 0.383870989
vt 0.178038001 0.478664011
vt 0.113003999 0.442891002
vt 0.0837109983 0.506470025
vt 0.146676511 0.557775497
vt 0.0677559972 0.564580977
vt 0.0646909997 0.619650006
vt 0.137842 0.643067002
vt 0.0661740005 0.707005024
vt 0.00761999981 0.716354012
vt 0.00761999981 0.802841008
vt 0.0845310017 0.815352023
vt 0.161497995 0.723527551
vt 0.0486879982 0.579434991
vt 0.00761999981 0.626330018
vt 0.00761999981 0.58910501
vt 0.149458006 0.857057989
vt 0.210041001 0.788676977
vt 0.00761999981 0.896956027
vt 0.0780560002 0.927425981
vt 0.00761999981 0.991186023
vt 0.0446100011 0.628750026
vt 0.00761999981 0.641793013
vt 0.00761999981 0.693801999
vt 0.0689290017 0.342938006
vt 0.0934249982 0.286229014
vt 0.00761999981 0.288906991
vt 0.113803998 0.318845987
vt 0.0441239998 0.356483519
vt 0.00761999981 0.337256014
vt 0.139651 0.272395015
vt 0.150380999 0.276910007
vt 0.0816569999 0.36619699
vt 0.172460005 0.316875994
vt 0.126055002 0.340662986
vt 0.0593339987 0.391501993
vt 0.170717001 0.328379005
vt 0.0851820037 0.428833008
vt 0.0426975004 0.42552948
vt 0.132234007 0.363137007
vt 0.0534599982 0.499653012
vt 0.0212069992 0.46884799
vt 0.00761999981 0.444438994
vt 0.00761999981 0.46884799
vt 0.0212069992 0.520835996
vt 0.042493999 0.546729028
vt 0.0329300016 0.554431975
vt 0.00761999981 0.56014502
vt 0.00761999981 0.520835996
vt 0.00761999981 0.360581011
vt 0.0288359988 0.370636493
vt 0.0441239998 0.356483519
vt 0.00761999981 0.337256014
vt 0.0593339987 0.391501993
vt 0.0379679985 0.390897989
vt 0.0278420001 0.410844505
vt 0.0426975004 0.42552948
vt 0.00761999981 0.421754986
vt 0.00761999981 0.444438994
vt 0.00761999981 0.391167998
vt 0.00761999981 0.360581011
vt 0.0278420001 0.410844505
vt 0.00761999981 0.421754986
vt 0.00761999981 0.46884799
vt 0.00761999981 0.474550992
vt 0.0158070009 0.474550992
vt 0.0212069992 0.46884799
vt 0.00761999981 0.520835996
vt 0.0212069992 0.520835996
vt 0.0158070009 0.515133023
vt 0.00761999981 0.515133023
vt 0.0158070009 0.474550992
vt 0.00761999981 0.474550992
vt 0.00761999981 0.515133023
vt 0.0158070009 0.515133023
vt 0.0689290017 0.342938006
vt 0.0754910037 0.345288992
vt 0.112090997 0.325367987
vt 0.113803998 0.318845987
vt 0.112090997 0.325367987
vt 0.119505003 0.33871901
vt 0.126055002 0.340662986
vt 0.113803998 0.318845987
vt 0.0689290017 0.342938006
vt 0.0816569999 0.36619699
vt 0.0831580013 0.359434992
vt 0.0754910037 0.345288992
vt 0.0754910037 0.345288992
vt 0.0831580013 0.359434992
vt 0.119505003 0.33871901
vt 0.112090997 0.325367987
vt 0.877427459 0.709229946
vt 0.776116014 0.773805976
vt 0.902167976 0.899969995
vt 0.945008993 0.872662544
vt 0.874866486 0.942809999
vt 0.711545467 0.875120521
vt 0.685577989 0.992420971
vt 0.863885999 0.992420971
vt 0.994729996 0.683251977
vt 0.994614005 0.861676991
vt 0.711398005 0.875120521
vt 0.775972009 0.773805976
vt 0.902253985 0.899969995
vt 0.874948025 0.942810535
vt 0.945098519 0.872662544
vt 0.877286494 0.709229946
vt 0.685424984 0.992420971
vt 0.863963008 0.992420971
vt 0.994614005 0.861676991
vt 0.994589984 0.683251977
vt 0.263954014 0.0102319997
vt 0.0831580013 0.359434992
vt 0.0816569999 0.36619699
vt 0.126055002 0.340662986
vt 0.119505003 0.33871901
vt 0.0158070009 0.515133023
vt 0.0212069992 0.520835996
vt 0.0212069992 0.46884799
vt 0.0158070009 0.474550992
vt 0.211099997 0.236450002
vt 0.241749004 0.291880012
vt 0.272379011 0.238911003
vt 0.430141985 0.603515983
vt 0.439298004 0.590622008
vt 0.516430974 0.605152011
vt 0.516430974 0.582597971
vt 0.452015996 0.580305994
vt 0.582521975 0.605152011
vt 0.582521975 0.582597971
vt 0.645395994 0.605152011
vt 0.645395994 0.582597971
vt 0.705031991 0.605152011
vt 0.705033004 0.582597971
vt 0.761654019 0.605152011
vt 0.761655986 0.582597971
vt 0.815738976 0.605152011
vt 0.815741003 0.582597971
vt 0.86798799 0.605152011
vt 0.867990017 0.582597971
vt 0.919263005 0.605152011
vt 0.919265985 0.582597971
vt 0.995368004 0.582597971
vt 0.995365024 0.605152011
vt 0.644554019 0.571713984
vt 0.581984997 0.571713984
vt 0.704138994 0.571713984
vt 0.76097101 0.571713984
vt 0.815506995 0.571713984
vt 0.868396997 0.571713984
vt 0.920417011 0.571713984
vt 0.995365977 0.571713984
vt 0.815509021 0.616391003
vt 0.760972023 0.616391003
vt 0.704140007 0.616391003
vt 0.644554019 0.616391003
vt 0.581984997 0.616391003
vt 0.516430974 0.616391003
vt 0.431196988 0.61509198
vt 0.394881994 0.617412984
vt 0.394407988 0.605904996
vt 0.388711512 0.59434104
vt 0.42634201 0.584128022
vt 0.430299997 0.55261302
vt 0.440218002 0.550773025
vt 0.385660499 0.583626509
vt 0.450475991 0.548708975
vt 0.459059 0.56941402
vt 0.461369008 0.546820998
vt 0.379496008 0.603947997
vt 0.417591006 0.574917972
vt 0.391306669 0.57597971
vt 0.414339989 0.571754992
vt 0.394843996 0.57082355
vt 0.375093997 0.614422977
vt 0.361543 0.606171012
vt 0.369468004 0.598038018
vt 0.375481009 0.585847497
vt 0.354375988 0.594503999
vt 0.364291996 0.588883996
vt 0.367953986 0.570658982
vt 0.37669301 0.567148983
vt 0.383933008 0.562900007
vt 0.390547007 0.558295012
vt 0.356792986 0.546675026
vt 0.347487986 0.551073015
vt 0.336975992 0.52917397
vt 0.327715993 0.535004973
vt 0.337554991 0.555595994
vt 0.345889986 0.523383021
vt 0.365514994 0.542396009
vt 0.354499012 0.518136024
vt 0.373816013 0.538200974
vt 0.36252901 0.514041007
vt 0.382286996 0.534018993
vt 0.370646 0.510617018
vt 0.316812009 0.516236007
vt 0.325094998 0.508562028
vt 0.301201999 0.502241015
vt 0.307525992 0.493086994
vt 0.333882987 0.500409007
vt 0.314029992 0.483709008
vt 0.320434988 0.474391997
vt 0.34623301 0.489475012
vt 0.282380015 0.491982996
vt 0.286697 0.481754988
vt 0.261615008 0.485621989
vt 0.263929009 0.474730998
vt 0.291101992 0.471365005
vt 0.266274989 0.46370101
vt 0.295435995 0.461073995
vt 0.268579006 0.452784002
vt 0.299791992 0.450605005
vt 0.270900011 0.441734999
vt 0.239298001 0.483159989
vt 0.240200996 0.472045988
vt 0.240491003 0.46085301
vt 0.240765005 0.449624985
vt 0.241628006 0.438423991
vt 0.326539993 0.464787006
vt 0.34148401 0.481727004
vt 0.362709999 0.465941995
vt 0.370413005 0.469473988
vt 0.353691995 0.440145999
vt 0.387892991 0.453770995
vt 0.360190004 0.430837989
vt 0.396079987 0.445825011
vt 0.366519988 0.421638012
vt 0.347337991 0.449389994
vt 0.404148996 0.437586993
vt 0.372907996 0.412270993
vt 0.406082988 0.48634401
vt 0.414784014 0.480376005
vt 0.432648987 0.513419986
vt 0.422926009 0.517279029
vt 0.398021996 0.492168009
vt 0.413477987 0.52097702
vt 0.390345007 0.497536004
vt 0.404359013 0.52451998
vt 0.442584991 0.509437025
vt 0.423709989 0.474323004
vt 0.453209996 0.505329013
vt 0.433093011 0.467824996
vt 0.374280006 0.477097005
vt 0.376139998 0.483069986
vt 0.421070009 0.553623974
vt 0.412638992 0.554004014
vt 0.516430974 0.571713984
vt 0.516430974 0.674950004
vt 0.51643002 0.664601982
vt 0.579091012 0.664601982
vt 0.581983984 0.674951017
vt 0.64172399 0.664601982
vt 0.644553006 0.674951017
vt 0.70244801 0.664586008
vt 0.704137981 0.674950004
vt 0.758951008 0.664601982
vt 0.760969996 0.674951017
vt 0.814447999 0.664601028
vt 0.815505028 0.674951017
vt 0.867636979 0.664597988
vt 0.868394017 0.674951017
vt 0.919951975 0.664574027
vt 0.920413971 0.674950004
vt 0.995362997 0.664601982
vt 0.995362997 0.674951017
vt 0.579092026 0.639769971
vt 0.64172399 0.639769971
vt 0.70244801 0.639723003
vt 0.758952022 0.639769971
vt 0.814447999 0.639766991
vt 0.867636979 0.639757991
vt 0.919951975 0.639684975
vt 0.995362997 0.639769971
vt 0.642526984 0.627240002
vt 0.579603016 0.627240002
vt 0.516430974 0.639769971
vt 0.431284994 0.655134976
vt 0.430768996 0.642183006
vt 0.442851007 0.667882025
vt 0.51643002 0.627240002
vt 0.429996997 0.629606009
vt 0.759607017 0.627240002
vt 0.814447999 0.627240002
vt 0.867636979 0.627240002
vt 0.919951975 0.627240002
vt 0.995362997 0.627240002
vt 0.454663008 0.674919009
vt 0.451429009 0.70074302
vt 0.70244801 0.627240002
vt 0.439307004 0.698092997
vt 0.439159006 0.742582023
vt 0.42762199 0.737893999
vt 0.417975992 0.782051027
vt 0.407730997 0.775035024
vt 0.416161001 0.733124018
vt 0.397628009 0.767886996
vt 0.404727012 0.728303015
vt 0.387502015 0.760622025
vt 0.372530997 0.788124025
vt 0.379581004 0.808268011
vt 0.371360004 0.777894974
vt 0.388505995 0.816995025
vt 0.355277985 0.848188996
vt 0.347939014 0.83822602
vt 0.359212011 0.802040994
vt 0.340470999 0.828485012
vt 0.332922012 0.819031
vt 0.348517001 0.800916016
vt 0.325794995 0.809074998
vt 0.34345001 0.798515022
vt 0.415569007 0.692924023
vt 0.427504003 0.695514977
vt 0.308263987 0.847559988
vt 0.302906007 0.83634299
vt 0.297093004 0.825423002
vt 0.319501996 0.869650006
vt 0.313632011 0.858741999
vt 0.332457006 0.791245997
vt 0.329932988 0.784509003
vt 0.310528994 0.787138999
vt 0.316621989 0.797747016
vt 0.288610995 0.81300199
vt 0.283721 0.801541984
vt 0.257328004 0.823253989
vt 0.254496992 0.811164021
vt 0.278982013 0.790064991
vt 0.25169301 0.799037993
vt 0.274260014 0.778605998
vt 0.248885006 0.786882997
vt 0.269427001 0.767157972
vt 0.245997995 0.774784029
vt 0.223247007 0.803071976
vt 0.222645998 0.790688992
vt 0.221240997 0.778446019
vt 0.225149006 0.827883005
vt 0.223876998 0.815539002
vt 0.29824701 0.766174972
vt 0.304641008 0.776643991
vt 0.32040301 0.750066996
vt 0.311688006 0.741073012
vt 0.291577995 0.755735993
vt 0.329230011 0.759194016
vt 0.337790012 0.728860974
vt 0.348318011 0.735614002
vt 0.35057199 0.705330014
vt 0.362020999 0.710361004
vt 0.339107007 0.700281024
vt 0.327399999 0.721948981
vt 0.359149009 0.742061973
vt 0.373457998 0.715351999
vt 0.359216988 0.68007499
vt 0.371266007 0.683278978
vt 0.347182989 0.676393986
vt 0.383215994 0.686264992
vt 0.375896513 0.665428996
vt 0.389316499 0.66990304
vt 0.39012 0.655798495
vt 0.418287009 0.67049998
vt 0.379097998 0.646332979
vt 0.395033985 0.64231199
vt 0.39358601 0.630298972
vt 0.373712987 0.635137975
vt 0.368735999 0.653002977
vt 0.36045 0.644991994
vt 0.363696992 0.662585974
vt 0.352665007 0.657181025
vt 0.868398011 0.616391003
vt 0.920418978 0.616391003
vt 0.995368004 0.616391003
vt 0.329854012 0.774053991
vt 0.343753994 0.760060012
vt 0.353228986 0.760502994
vt 0.358006001 0.573798001
vt 0.347422004 0.57723701
vt 0.197124004 0.739452004
vt 0.205157995 0.719784021
vt 0.205335006 0.759054005
vt 0.244375005 0.719627023
vt 0.224729002 0.711571991
vt 0.244552001 0.758897007
vt 0.224979997 0.767108977
vt 0.252584994 0.739229023
vt 0.321031004 0.434882998
vt 0.326090008 0.424892992
vt 0.330639005 0.414622009
vt 0.335159004 0.404332995
vt 0.340209991 0.394282013
vt 0.353258014 0.49466601
vt 0.360289991 0.496991992
vt 0.430141985 0.603515983
vt 0.439298004 0.590622008
vt 0.516430974 0.605152011
vt 0.516430974 0.582597971
vt 0.452015996 0.580305994
vt 0.582521975 0.605152011
vt 0.582521975 0.582597971
vt 0.645395994 0.605152011
vt 0.645395994 0.582597971
vt 0.705031991 0.605152011
vt 0.705033004 0.582597971
vt 0.761654019 0.605152011
vt 0.761655986 0.582597971
vt 0.815738976 0.605152011
vt 0.815741003 0.582597971
vt 0.86798799 0.605152011
vt 0.867990017 0.582597971
vt 0.919263005 0.605152011
vt 0.919265985 0.582597971
vt 0.995368004 0.582597971
vt 0.995365024 0.605152011
vt 0.644554019 0.571713984
vt 0.581984997 0.571713984
vt 0.704138994 0.571713984
vt 0.76097101 0.571713984
vt 0.815506995 0.571713984
vt 0.868396997 0.571713984
vt 0.920417011 0.571713984
vt 0.995365977 0.571713984
vt 0.815509021 0.616391003
vt 0.760972023 0.616391003
vt 0.704140007 0.616391003
vt 0.644554019 0.616391003
vt 0.581984997 0.616391003
vt 0.516430974 0.616391003
vt 0.431196988 0.61509198
vt 0.394881994 0.617412984
vt 0.394407988 0.605904996
vt 0.388711512 0.59434104
vt 0.42634201 0.584128022
vt 0.430299997 0.55261302
vt 0.440218002 0.550773025
vt 0.385660499 0.583626509
vt 0.450475991 0.548708975
vt 0.459059 0.56941402
vt 0.461369008 0.546820998
vt 0.379496008 0.603947997
vt 0.417591006 0.574917972
vt 0.391306669 0.57597971
vt 0.414339989 0.571754992
vt 0.394843996 0.57082355
vt 0.375093997 0.614422977
vt 0.361543 0.606171012
vt 0.369468004 0.598038018
vt 0.375481009 0.585847497
vt 0.354375988 0.594503999
vt 0.364291996 0.588883996
vt 0.367953986 0.570658982
vt 0.37669301 0.567148983
vt 0.383933008 0.562900007
vt 0.390547007 0.558295012
vt 0.356792986 0.546675026
vt 0.347487986 0.551073015
vt 0.336975992 0.52917397
vt 0.327715993 0.535004973
vt 0.337554991 0.555595994
vt 0.345889986 0.523383021
vt 0.365514994 0.542396009
vt 0.354499012 0.518136024
vt 0.373816013 0.538200974
vt 0.36252901 0.514041007
vt 0.382286996 0.534018993
vt 0.370646 0.510617018
vt 0.316812009 0.516236007
vt 0.325094998 0.508562028
vt 0.301201999 0.502241015
vt 0.307525992 0.493086994
vt 0.333882987 0.500409007
vt 0.314029992 0.483709008
vt 0.320434988 0.474391997
vt 0.34623301 0.489475012
vt 0.282380015 0.491982996
vt 0.286697 0.481754988
vt 0.261615008 0.485621989
vt 0.263929009 0.474730998
vt 0.291101992 0.471365005
vt 0.266274989 0.46370101
vt 0.295435995 0.461073995
vt 0.268579006 0.452784002
vt 0.299791992 0.450605005
vt 0.270900011 0.441734999
vt 0.239298001 0.483159989
vt 0.240200996 0.472045988
vt 0.240491003 0.46085301
vt 0.240765005 0.449624985
vt 0.241628006 0.438423991
vt 0.326539993 0.464787006
vt 0.34148401 0.481727004
vt 0.362709999 0.465941995
vt 0.370413005 0.469473988
vt 0.353691995 0.440145999
vt 0.387892991 0.453770995
vt 0.360190004 0.430837989
vt 0.396079987 0.445825011
vt 0.366519988 0.421638012
vt 0.347337991 0.449389994
vt 0.404148996 0.437586993
vt 0.372907996 0.412270993
vt 0.406082988 0.48634401
vt 0.414784014 0.480376005
vt 0.432648987 0.513419986
vt 0.422926009 0.517279029
vt 0.398021996 0.492168009
vt 0.413477987 0.52097702
vt 0.390345007 0.497536004
vt 0.404359013 0.52451998
vt 0.442584991 0.509437025
vt 0.423709989 0.474323004
vt 0.453209996 0.505329013
vt 0.433093011 0.467824996
vt 0.374280006 0.477097005
vt 0.376139998 0.483069986
vt 0.421070009 0.553623974
vt 0.412638992 0.554004014
vt 0.516430974 0.571713984
vt 0.516430974 0.674950004
vt 0.51643002 0.664601982
vt 0.579091012 0.664601982
vt 0.581983984 0.674951017
vt 0.64172399 0.664601982
vt 0.644553006 0.674951017
vt 0.70244801 0.664586008
vt 0.704137981 0.674950004
vt 0.758951008 0.664601982
vt 0.760969996 0.674951017
vt 0.814447999 0.664601028
vt 0.815505028 0.674951017
vt 0.867636979 0.664597988
vt 0.868394017 0.674951017
vt 0.919951975 0.664574027
vt 0.920413971 0.674950004
vt 0.995362997 0.664601982
vt 0.995362997 0.674951017
vt 0.579092026 0.639769971
vt 0.64172399 0.639769971
vt 0.70244801 0.639723003
vt 0.758952022 0.639769971
vt 0.814447999 0.639766991
vt 0.867636979 0.639757991
vt 0.919951975 0.639684975
vt 0.995362997 0.639769971
vt 0.642526984 0.627240002
vt 0.579603016 0.627240002
vt 0.516430974 0.639769971
vt 0.431284994 0.655134976
vt 0.430768996 0.642183006
vt 0.442851007 0.667882025
vt 0.51643002 0.627240002
vt 0.429996997 0.629606009
vt 0.759607017 0.627240002
vt 0.814447999 0.627240002
vt 0.867636979 0.627240002
vt 0.919951975 0.627240002
vt 0.995362997 0.627240002
vt 0.454663008 0.674919009
vt 0.451429009 0.70074302
vt 0.70244801 0.627240002
vt 0.439307004 0.698092997
vt 0.439159006 0.742582023
vt 0.42762199 0.737893999
vt 0.417975992 0.782051027
vt 0.407730997 0.775035024
vt 0.416161001 0.733124018
vt 0.397628009 0.767886996
vt 0.404727012 0.728303015
vt 0.387502015 0.760622025
vt 0.372530997 0.788124025
vt 0.379581004 0.808268011
vt 0.371360004 0.777894974
vt 0.388505995 0.816995025
vt 0.355277985 0.848188996
vt 0.347939014 0.83822602
vt 0.359212011 0.802040994
vt 0.340470999 0.828485012
vt 0.332922012 0.819031
vt 0.348517001 0.800916016
vt 0.325794995 0.809074998
vt 0.34345001 0.798515022
vt 0.415569007 0.692924023
vt 0.427504003 0.695514977
vt 0.308263987 0.847559988
vt 0.302906007 0.83634299
vt 0.297093004 0.825423002
vt 0.319501996 0.869650006
vt 0.313632011 0.858741999
vt 0.332457006 0.791245997
vt 0.329932988 0.784509003
vt 0.310528994 0.787138999
vt 0.316621989 0.797747016
vt 0.288610995 0.81300199
vt 0.283721 0.801541984
vt 0.257328004 0.823253989
vt 0.254496992 0.811164021
vt 0.278982013 0.790064991
vt 0.25169301 0.799037993
vt 0.274260014 0.778605998
vt 0.248885006 0.786882997
vt 0.269427001 0.767157972
vt 0.245997995 0.774784029
vt 0.223247007 0.803071976
vt 0.222645998 0.790688992
vt 0.221240997 0.778446019
vt 0.225149006 0.827883005
vt 0.223876998 0.815539002
vt 0.29824701 0.766174972
vt 0.304641008 0.776643991
vt 0.32040301 0.750066996
vt 0.311688006 0.741073012
vt 0.291577995 0.755735993
vt 0.329230011 0.759194016
vt 0.337790012 0.728860974
vt 0.348318011 0.735614002
vt 0.35057199 0.705330014
vt 0.362020999 0.710361004
vt 0.339107007 0.700281024
vt 0.327399999 0.721948981
vt 0.359149009 0.742061973
vt 0.373457998 0.715351999
vt 0.359216988 0.68007499
vt 0.371266007 0.683278978
vt 0.347182989 0.676393986
vt 0.383215994 0.686264992
vt 0.375896513 0.665428996
vt 0.389316499 0.66990304
vt 0.39012 0.655798495
vt 0.418287009 0.67049998
vt 0.379097998 0.646332979
vt 0.395033985 0.64231199
vt 0.39358601 0.630298972
vt 0.373712987 0.635137975
vt 0.368735999 0.653002977
vt 0.36045 0.644991994
vt 0.363696992 0.662585974
vt 0.352665007 0.657181025
vt 0.868398011 0.616391003
vt 0.920418978 0.616391003
vt 0.995368004 0.616391003
vt 0.329854012 0.774053991
vt 0.343753994 0.760060012
vt 0.353228986 0.760502994
vt 0.358006001 0.573798001
vt 0.347422004 0.57723701
vt 0.197124004 0.739452004
vt 0.205157995 0.719784021
vt 0.205335006 0.759054005
vt 0.244375005 0.719627023
vt 0.224729002 0.711571991
vt 0.244552001 0.758897007
vt 0.224979997 0.767108977
vt 0.252584994 0.739229023
vt 0.321031004 0.434882998
vt 0.326090008 0.424892992
vt 0.330639005 0.414622009
vt 0.335159004 0.404332995
vt 0.340209991 0.394282013
vt 0.353258014 0.49466601
vt 0.360289991 0.496991992
vt 0.430141985 0.603515983
vt 0.516430974 0.605152011
vt 0.439298004 0.590622008
vt 0.516430974 0.582597971
vt 0.452015996 0.580305994
vt 0.582521975 0.605152011
vt 0.582521975 0.582597971
vt 0.645395994 0.605152011
vt 0.645395994 0.582597971
vt 0.705031991 0.605152011
vt 0.705033004 0.582597971
vt 0.761654019 0.605152011
vt 0.761655986 0.582597971
vt 0.815738976 0.605152011
vt 0.815741003 0.582597971
vt 0.86798799 0.605152011
vt 0.867990017 0.582597971
vt 0.919263005 0.605152011
vt 0.919265985 0.582597971
vt 0.995368004 0.582597971
vt 0.995365024 0.605152011
vt 0.644554019 0.571713984
vt 0.581984997 0.571713984
vt 0.704138994 0.571713984
vt 0.76097101 0.571713984
vt 0.815506995 0.571713984
vt 0.868396997 0.571713984
vt 0.920417011 0.571713984
vt 0.995365977 0.571713984
vt 0.815509021 0.616391003
vt 0.760972023 0.616391003
vt 0.704140007 0.616391003
vt 0.644554019 0.616391003
vt 0.581984997 0.616391003
vt 0.516430974 0.616391003
vt 0.431196988 0.61509198
vt 0.394881994 0.617412984
vt 0.394407988 0.605904996
vt 0.388711512 0.59434104
vt 0.42634201 0.584128022
vt 0.430299997 0.55261302
vt 0.440218002 0.550773025
vt 0.385660499 0.583626509
vt 0.450475991 0.548708975
vt 0.459059 0.56941402
vt 0.461369008 0.546820998
vt 0.379496008 0.603947997
vt 0.417591006 0.574917972
vt 0.391306669 0.57597971
vt 0.414339989 0.571754992
vt 0.394843996 0.57082355
vt 0.375093997 0.614422977
vt 0.361543 0.606171012
vt 0.369468004 0.598038018
vt 0.375481009 0.585847497
vt 0.354375988 0.594503999
vt 0.364291996 0.588883996
vt 0.367953986 0.570658982
vt 0.37669301 0.567148983
vt 0.383933008 0.562900007
vt 0.390547007 0.558295012
vt 0.356792986 0.546675026
vt 0.347487986 0.551073015
vt 0.336975992 0.52917397
vt 0.327715993 0.535004973
vt 0.337554991 0.555595994
vt 0.345889986 0.523383021
vt 0.365514994 0.542396009
vt 0.354499012 0.518136024
vt 0.373816013 0.538200974
vt 0.36252901 0.514041007
vt 0.382286996 0.534018993
vt 0.370646 0.510617018
vt 0.316812009 0.516236007
vt 0.325094998 0.508562028
vt 0.301201999 0.502241015
vt 0.307525992 0.493086994
vt 0.333882987 0.500409007
vt 0.314029992 0.483709008
vt 0.320434988 0.474391997
vt 0.34623301 0.489475012
vt 0.282380015 0.491982996
vt 0.286697 0.481754988
vt 0.261615008 0.485621989
vt 0.263929009 0.474730998
vt 0.291101992 0.471365005
vt 0.266274989 0.46370101
vt 0.295435995 0.461073995
vt 0.268579006 0.452784002
vt 0.299791992 0.450605005
vt 0.270900011 0.441734999
vt 0.239298001 0.483159989
vt 0.240200996 0.472045988
vt 0.240491003 0.46085301
vt 0.240765005 0.449624985
vt 0.241628006 0.438423991
vt 0.326539993 0.464787006
vt 0.34148401 0.481727004
vt 0.362709999 0.465941995
vt 0.370413005 0.469473988
vt 0.353691995 0.440145999
vt 0.387892991 0.453770995
vt 0.360190004 0.430837989
vt 0.396079987 0.445825011
vt 0.366519988 0.421638012
vt 0.347337991 0.449389994
vt 0.404148996 0.437586993
vt 0.372907996 0.412270993
vt 0.406082988 0.48634401
vt 0.414784014 0.480376005
vt 0.432648987 0.513419986
vt 0.422926009 0.517279029
vt 0.398021996 0.492168009
vt 0.413477987 0.52097702
vt 0.390345007 0.497536004
vt 0.404359013 0.52451998
vt 0.442584991 0.509437025
vt 0.423709989 0.474323004
vt 0.453209996 0.505329013
vt 0.433093011 0.467824996
vt 0.374280006 0.477097005
vt 0.376139998 0.483069986
vt 0.421070009 0.553623974
vt 0.412638992 0.554004014
vt 0.516430974 0.571713984
vt 0.516430974 0.674950004
vt 0.581983984 0.674951017
vt 0.579091012 0.664601982
vt 0.51643002 0.664601982
vt 0.64172399 0.664601982
vt 0.644553006 0.674951017
vt 0.70244801 0.664586008
vt 0.704137981 0.674950004
vt 0.758951008 0.664601982
vt 0.760969996 0.674951017
vt 0.814447999 0.664601028
vt 0.815505028 0.674951017
vt 0.867636979 0.664597988
vt 0.868394017 0.674951017
vt 0.919951975 0.664574027
vt 0.920413971 0.674950004
vt 0.995362997 0.664601982
vt 0.995362997 0.674951017
vt 0.516430974 0.639769971
vt 0.64172399 0.639769971
vt 0.579092026 0.639769971
vt 0.758952022 0.639769971
vt 0.70244801 0.639723003
vt 0.867636979 0.639757991
vt 0.814447999 0.639766991
vt 0.579603016 0.627240002
vt 0.51643002 0.627240002
vt 0.430768996 0.642183006
vt 0.431284994 0.655134976
vt 0.442851007 0.667882025
vt 0.429996997 0.629606009
vt 0.759607017 0.627240002
vt 0.70244801 0.627240002
vt 0.867636979 0.627240002
vt 0.814447999 0.627240002
vt 0.454663008 0.674919009
vt 0.451429009 0.70074302
vt 0.439307004 0.698092997
vt 0.39012 0.655798495
vt 0.389316499 0.66990304
vt 0.418287009 0.67049998
vt 0.375896513 0.665428996
vt 0.379097998 0.646332979
vt 0.395033985 0.64231199
vt 0.39358601 0.630298972
vt 0.373712987 0.635137975
vt 0.368735999 0.653002977
vt 0.36045 0.644991994
vt 0.383215994 0.686264992
vt 0.371266007 0.683278978
vt 0.363696992 0.662585974
vt 0.352665007 0.657181025
vt 0.373457998 0.715351999
vt 0.362020999 0.710361004
vt 0.359149009 0.742061973
vt 0.348318011 0.735614002
vt 0.35057199 0.705330014
vt 0.337790012 0.728860974
vt 0.339107007 0.700281024
vt 0.327399999 0.721948981
vt 0.329230011 0.759194016
vt 0.32040301 0.750066996
vt 0.304641008 0.776643991
vt 0.29824701 0.766174972
vt 0.311688006 0.741073012
vt 0.291577995 0.755735993
vt 0.278982013 0.790064991
vt 0.274260014 0.778605998
vt 0.25169301 0.799037993
vt 0.248885006 0.786882997
vt 0.269427001 0.767157972
vt 0.245997995 0.774784029
vt 0.254496992 0.811164021
vt 0.283721 0.801541984
vt 0.257328004 0.823253989
vt 0.288610995 0.81300199
vt 0.223247007 0.803071976
vt 0.222645998 0.790688992
vt 0.221240997 0.778446019
vt 0.225149006 0.827883005
vt 0.223876998 0.815539002
vt 0.310528994 0.787138999
vt 0.316621989 0.797747016
vt 0.332457006 0.791245997
vt 0.329932988 0.784509003
vt 0.329854012 0.774053991
vt 0.359212011 0.802040994
vt 0.379581004 0.808268011
vt 0.347939014 0.83822602
vt 0.340470999 0.828485012
vt 0.332922012 0.819031
vt 0.348517001 0.800916016
vt 0.325794995 0.809074998
vt 0.34345001 0.798515022
vt 0.355277985 0.848188996
vt 0.388505995 0.816995025
vt 0.407730997 0.775035024
vt 0.372530997 0.788124025
vt 0.397628009 0.767886996
vt 0.416161001 0.733124018
vt 0.404727012 0.728303015
vt 0.387502015 0.760622025
vt 0.42762199 0.737893999
vt 0.417975992 0.782051027
vt 0.439159006 0.742582023
vt 0.371360004 0.777894974
vt 0.415569007 0.692924023
vt 0.427504003 0.695514977
vt 0.343753994 0.760060012
vt 0.353228986 0.760502994
vt 0.919951975 0.639684975
vt 0.995362997 0.639769971
vt 0.919951975 0.627240002
vt 0.995362997 0.627240002
vt 0.642526984 0.627240002
vt 0.868398011 0.616391003
vt 0.920418978 0.616391003
vt 0.995368004 0.616391003
vt 0.359216988 0.68007499
vt 0.347182989 0.676393986
vt 0.358006001 0.573798001
vt 0.347422004 0.57723701
vt 0.197124004 0.739452004
vt 0.205335006 0.759054005
vt 0.205157995 0.719784021
vt 0.244375005 0.719627023
vt 0.224729002 0.711571991
vt 0.244552001 0.758897007
vt 0.224979997 0.767108977
vt 0.252584994 0.739229023
vt 0.302906007 0.83634299
vt 0.308263987 0.847559988
vt 0.297093004 0.825423002
vt 0.313632011 0.858741999
vt 0.319501996 0.869650006
vt 0.326090008 0.424892992
vt 0.321031004 0.434882998
vt 0.330639005 0.414622009
vt 0.335159004 0.404332995
vt 0.340209991 0.394282013
vt 0.360289991 0.496991992
vt 0.353258014 0.49466601
vn 0.733297348 -0.2476345 0.633207858
vn 0.732778072 -0.24785547 0.633722246
vn 0.681873262 -0.264759332 0.681873441
vn 0.681873262 -0.264759332 0.681873441
vn 0.806016505 -0.188281253 0.561148465
vn 0.805884182 -0.188455135 0.561280072
vn 0.853139222 -0.0890190154 0.514032185
vn 0.853219569 -0.0887170061 0.513951063
vn 0.867301881 1.06431749E-07 0.497782469
vn 0.867301881 1.06715582E-07 0.497782528
vn -0.181089863 0.974675238 0.131204665
vn -0.203881532 0.964328766 0.168826476
vn -0.0401601084 0.998385906 -0.0401598141
vn -0.0401601158 0.998385906 -0.0401598141
vn -0.17485176 0.963012934 0.205019504
vn -0.156476483 0.969169378 0.190330565
vn 0.58809334 0.756120086 -0.287103981
vn 0.563899279 0.778437912 -0.275775373
vn 0.790918648 0.547488332 -0.273320735
vn 0.759407222 0.582625926 -0.289564788
vn 0.965439558 -0.185903534 0.182664394
vn 0.967746079 -0.178931773 0.177344173
vn 0.972650051 -0.191743776 0.131095856
vn 0.967883945 -0.20359759 0.147474334
vn 0.998232484 -0.0445785597 -0.0393029936
vn 0.998217046 -0.0376546867 -0.0463117398
vn 0.973422945 0.131097421 -0.187779576
vn 0.964618444 0.162519768 -0.207602069
vn 0.965026438 0.191018298 -0.179544032
vn 0.970202625 0.178207263 -0.164161503
vn 0.834501386 -0.270945698 0.47978726
vn 0.805612266 -0.290054649 0.516582191
vn 0.659345746 -0.36128372 0.659346163
vn 0.659345806 -0.36128366 0.659346044
vn 0.655756831 0.374119848 0.65575701
vn 0.655756891 0.374119878 0.65575695
vn 0.536686122 0.351985872 0.766859829
vn 0.572544575 0.372192323 0.730524242
vn 0.493076384 0.335373729 0.802745342
vn 0.415202349 0.303075224 0.857760131
vn 0.431461215 0.269707501 0.860871077
vn 0.437931716 0.21462141 0.873014033
vn 0.333387375 0.332104504 0.88236016
vn 0.256443173 0.127144247 0.958160341
vn 0.457072765 0.390799671 0.798974395
vn 0.455047935 0.403305411 0.793899298
vn 0.302007705 0.416508794 0.857503235
vn 0.338471532 0.537177384 0.772578478
vn 0.349863589 0.568062723 0.74491626
vn 0.252139926 0.434184968 0.864817202
vn 0.177168563 0.394502342 0.901653588
vn 0.171684995 0.201375246 0.9643507
vn 0.232201025 0 0.972667813
vn -0 0 1
vn -0 0.219350263 0.975646198
vn -2.79362837E-07 0.380825162 0.924647093
vn 0.371480048 0.588086843 0.718440235
vn 0.361032903 0.648994207 0.669672906
vn 0.360943615 0.649439692 0.669289052
vn 0.348986387 0.710197926 0.611414313
vn 0.330184758 0.748523831 0.575056612
vn 0.314393699 0.787275612 0.530427933
vn 0.315661907 0.830525458 0.458895475
vn 0.257007778 0.834299028 0.487741888
vn 0.225144848 0.886474788 0.404317081
vn 0.344744354 0.873099566 0.344743997
vn 0.211512566 0.954214215 0.211512789
vn 0.113745905 0.948516846 0.295597166
vn 0.159930348 0.895353556 0.415649354
vn 0.362831026 0.810219228 0.460324258
vn 0.229375198 0.945925295 0.229373947
vn 0.409358919 0.815383911 0.409358412
vn -0 0.948552191 0.316620737
vn -0 0.926627994 0.375979513
vn 0.109366514 0.987966537 0.109366514
vn -0 0.987959683 0.154711753
vn -0 1 0
vn 0.66358006 0.747267842 -0.0353867561
vn 0.0701670051 0.995064497 0.0701657385
vn 0.616908193 0.488719195 0.616909981
vn 0.707106769 0 0.707106829
vn 0.629801154 0.098963514 0.770426333
vn 0.703326583 0.103264488 0.703326523
vn 0.617859781 0.0880491808 0.781342804
vn 0.610189736 0.0718394369 0.788991451
vn 0.608769298 0 0.793347359
vn 0.610189855 -0.0718392357 0.788991332
vn 0.617859781 -0.0880489126 0.781342804
vn 0.629801095 -0.0989634618 0.770426452
vn 0.703326583 -0.103264354 0.703326523
vn 0.770426214 -0.0989637896 0.629801273
vn 0.703326583 -0.103264354 0.703326523
vn 0.781342685 -0.0880492106 0.61785996
vn 0.788991451 -0.0718399659 0.610189736
vn 0.79334718 -4.4941487E-07 0.608769476
vn 0.788991392 0.0718396604 0.610189795
vn 0.781342447 0.0880491361 0.617860258
vn 0.770426095 0.0989637375 0.629801393
vn 0.703326583 0.103264488 0.703326523
vn 0.523144603 0.502351761 0.688449323
vn 0.609624505 0.506671667 0.609624207
vn 0.51128453 0.498537272 0.700034797
vn 0.484971613 0.478138536 0.732247233
vn 0.519687474 0.502872348 0.690683901
vn 0.610943019 0.503484666 0.610943258
vn 0.474259019 0.466529667 0.746611357
vn 0.47729364 0.466633737 0.744609773
vn 0.508637786 0.54494375 0.666576266
vn 0.477743059 0.466682613 0.744290888
vn 0.485327244 0.472345799 0.735762835
vn 0.516653895 0.561687171 0.646201432
vn 0.479290992 0.467553109 0.742747784
vn 0.509080768 0.592255592 0.624556005
vn 0.501556396 0.617449045 0.605968535
vn 0.504443765 0.514995217 0.693048656
vn 0.476827502 0.688839614 0.546017885
vn 0.477960676 0.656527042 0.583545864
vn 0.535177946 0.653581738 0.535177946
vn 0.535178006 0.653581738 0.535178006
vn 0.434440553 0.744617164 0.506760955
vn 0.412544191 0.759680688 0.502685308
vn 0.412544847 0.759679973 0.502685845
vn 0.458548278 0.76122719 0.458548337
vn 0.458548278 0.76122719 0.458548278
vn 0.0839935616 0.992920101 0.0839924589
vn 0.083993569 0.992920101 0.0839924589
vn 0.527421474 0.830732942 -0.178071216
vn 0.538655996 0.822996676 -0.180350274
vn 0.907844126 0.40539673 -0.107109934
vn 0.908605039 0.403891981 -0.106339909
vn 0.967538297 -0.0269396883 0.25128457
vn 0.965039611 -0.0338600539 0.259907782
vn 0.691643596 -0.207985356 0.691643894
vn 0.691643596 -0.207985356 0.691643894
vn 0.579535365 0.572952926 0.579537511
vn 0.579534292 0.57295388 0.57953757
vn 0.579535604 0.572955072 0.579535186
vn 0.579534173 0.57295531 0.579536438
vn 0.579534829 0.57295543 0.579535544
vn 0.579535067 0.572955728 0.579535067
vn -0.0443695374 0.998029411 -0.0443693995
vn -0.0788957328 0.996835291 -0.00973637402
vn -0.0788957402 0.996835291 -0.00973637588
vn -0.0443695411 0.998029411 -0.044369407
vn 0.704726338 -0.0820036083 0.704724193
vn 0.704726398 -0.0820036083 0.704724193
vn 0.663078964 -0.0818680823 0.744059086
vn 0.663078845 -0.0818680748 0.744059205
vn 0.431595802 0.695995927 0.573859513
vn 0.431595773 0.695995867 0.573859513
vn 0.505291581 0.699543715 0.505291104
vn 0.505291581 0.699543655 0.505291045
vn -0.181558073 0.866808474 0.464413285
vn -0.181558087 0.866808474 0.464413285
vn -0.181558073 0.866808474 0.464413285
vn -0.181558073 0.866808534 0.464413255
vn 0.706743479 0.703142464 -0.0781301036
vn 0.706743479 0.703142464 -0.0781301036
vn 0.706743419 0.703142524 -0.0781301036
vn 0.706743479 0.703142464 -0.0781301036
vn -0.0192830227 -0.024516644 0.999513447
vn -0.0192830227 -0.024516644 0.999513447
vn -0.0192830209 -0.0245166421 0.999513447
vn -0.0192830227 -0.0245166421 0.999513447
vn 0.515176475 0.508158207 0.690194488
vn 0.515176415 0.508158207 0.690194488
vn 0.515176475 0.508158207 0.690194547
vn 0.515176475 0.508158207 0.690194547
vn -0.237979546 0.60830307 0.757187665
vn -0.238110647 0.608516514 0.756974936
vn -0.17825751 0.548181415 0.817142129
vn -0.177820027 0.547891498 0.817431927
vn -0.0908309519 0.509919643 0.855413198
vn -0.0901096389 0.509733737 0.855600238
vn -0 0.497007161 0.867746472
vn -0 0.497007161 0.867746472
vn -0.259402663 0.681250036 0.684550047
vn -0.259402663 0.681249917 0.684550107
vn -0.0901095197 0.853127062 0.513862312
vn -0.0908309743 0.852939188 0.514047205
vn -0.178257853 0.814483404 0.552124023
vn -0.177820191 0.814774632 0.551835358
vn -0.23811084 0.754025161 0.612167656
vn -0.23797968 0.754239082 0.611955166
vn -0 0.86533469 0.501194417
vn -0 0.865334749 0.501194358
vn -0.259402663 0.681249917 0.684550107
vn -0.259402663 0.681250036 0.684550047
vn 0.471400976 -1.31452097E-07 0.881919026
vn 0.869311154 -0.188440949 0.456933469
vn 0.869311035 -0.188440949 0.456933528
vn 0.869311094 -0.188440934 0.456933498
vn 0.869311094 -0.188440964 0.456933439
vn 0.864148796 0.466431618 -0.188913792
vn 0.864148855 0.466431588 -0.188913763
vn 0.864148796 0.466431618 -0.188913748
vn 0.864148796 0.466431618 -0.188913763
vn 0.0681747571 0.778637052 0.623759985
vn -0 0.705396116 0.70881331
vn -0 0.786083639 0.618120134
vn 0.107403837 0.759453535 0.641634464
vn 0.133681998 0.731194556 0.668942213
vn 0.142923713 0.698154867 0.701535821
vn 0.133682042 0.665401399 0.734418154
vn 0.10740377 0.637956619 0.762545526
vn 0.0681755245 0.619989574 0.781642497
vn 2.57210615E-07 0.614314139 0.789061487
vn -0.068174921 0.778636873 0.623760283
vn -0.107403778 0.759453118 0.641634941
vn -0.133681893 0.731194556 0.668942213
vn -0.0681750178 0.619989634 0.781642497
vn -0.107403494 0.6379565 0.762545764
vn -0.133681998 0.665401101 0.734418511
vn -0.142923698 0.698154867 0.70153594
vn -0.0109050497 0.442803085 0.896552622
vn 0.630022705 0.555426478 0.542745709
vn 0.493797928 -0.0978822857 0.86405015
vn -0.166029036 -0.729700565 -0.663303435
vn -0.272141695 -0.595637023 -0.755748272
vn -0.221287668 -0.0821983069 -0.971738279
vn -0.284203023 0.588141561 -0.75717777
vn 0.0856954679 0.627891004 -0.773569107
vn -0.373321831 -0.509575009 -0.775218725
vn -0.373321623 0.509575844 -0.775218308
vn -0.451330096 -0.510039091 -0.732230365
vn -0.451330274 0.510038614 -0.732230544
vn -0.530804574 -0.510396898 -0.676565945
vn -0.530805707 0.510393977 -0.676567256
vn -0.611262858 -0.510626197 -0.604664087
vn -0.611262858 0.510626495 -0.604663908
vn -0.690788925 -0.510864556 -0.511691391
vn -0.690788865 0.510864675 -0.511691213
vn -0.764384031 -0.511393785 -0.392674655
vn -0.764384627 0.511392713 -0.392675042
vn -0.833860576 -0.515101671 -0.198360205
vn -0.833860099 0.515102446 -0.1983601
vn -0.853997171 0.520277679 1.21055876E-07
vn -0.853997171 -0.520277679 -1.21055876E-07
vn 0.0138798226 0.999629617 0.0234087314
vn 0.0102875112 0.999702156 0.0221296065
vn 0.0184611063 0.999527752 0.0245670695
vn 0.0241775382 0.999390781 0.0251688045
vn 0.0309037119 0.999222338 0.0244866293
vn 0.0379694849 0.999046087 0.0215681922
vn 0.0372445732 0.99920547 0.0141893262
vn 0.044564303 0.99900651 1.11093456E-07
vn 0.0309042744 -0.999222338 0.0244868882
vn 0.0241774544 -0.999390781 0.0251687933
vn 0.0184632149 -0.999527633 0.0245695412
vn 0.0138801141 -0.999629557 0.0234090015
vn 0.0102868732 -0.999702215 0.0221286528
vn 0.0138482815 -0.999707341 0.0198357441
vn 0.0122780418 -0.999882638 0.00916346908
vn -0.0594500042 -0.998072028 0.0178298913
vn -0.192882285 -0.671406507 -0.715548515
vn -0.237947732 -0.055772569 -0.969675362
vn -0.363700211 0.229504198 -0.902801156
vn -0.650753677 -0.141355976 -0.746014893
vn -0.0113795875 0.0149340387 -0.999823749
vn 0.101129189 0.472122312 -0.87571305
vn 0.678753912 0.177847147 -0.712505102
vn 0.375449657 0.922389448 0.0907480344
vn 0.972896755 0.230904624 0.0124471523
vn -0.422627836 -0.650814235 -0.63073498
vn -0.701888978 0.671723187 -0.236938283
vn 0.447181314 0.872925282 -0.195013762
vn -0.160806894 0.381388843 0.910320699
vn 0.445777684 0.452837467 0.772153139
vn -0.371344775 -0.9269467 0.0535988137
vn -0.777715385 -0.626275837 0.0541977026
vn -0.642020047 -0.422363788 -0.639858723
vn -0.151803166 -0.0250124019 -0.988094211
vn -0.972906649 -0.230229914 0.0211403407
vn -0.752133489 -0.155524701 -0.640396178
vn 0.00889580324 0.0183900259 -0.999791324
vn 0.681866944 0.191095591 -0.706073642
vn 0.970561743 0.240851745 0.000624587643
vn 0.708076775 0.153208151 0.689314485
vn 0.0370109864 0.0153298834 -0.999197245
vn -0.634123683 -0.262661219 -0.727252483
vn -0.570697367 -0.381325215 -0.727252066
vn -0.83147192 -0.555566788 -6.66538028E-07
vn -0.923880994 -0.382679939 -3.03645152E-07
vn 0.052810777 0.0517064631 -0.997264981
vn 0.67127496 0.278051674 -0.687078655
vn 0.561948419 0.36696586 -0.741316438
vn 0.923878789 0.382685155 -9.18439127E-07
vn 0.851808012 0.523850083 -0.00204269961
vn 0.671275139 0.278052002 0.687078357
vn 0.599374294 0.370702952 0.709457457
vn -0.707109928 -0.70710361 -5.99884345E-07
vn -0.485338986 -0.485335261 -0.727252185
vn -0.555574119 -0.831467032 2.22179281E-07
vn -0.381328791 -0.570695341 -0.727251768
vn 0.075595662 0.0755961537 -0.994268835
vn 0.0517078564 0.0528113022 -0.997264922
vn 0.366304517 0.561409831 -0.742051244
vn 0.189365298 0.182278723 -0.964839518
vn -0.382688642 -0.923877358 4.96200414E-07
vn -0.262664944 -0.634123147 -0.727251709
vn -0.195109114 -0.980781555 0
vn -0.133916244 -0.673181117 -0.727250755
vn 0.0153302774 0.0370101742 -0.999197304
vn 0.00781574473 0.039287895 -0.999197364
vn 0.278050512 0.671275735 -0.687078476
vn 0.141757622 0.712619126 -0.687079787
vn 0.382681429 0.923880339 1.60566302E-07
vn 0.195100963 0.980783165 0
vn -0 -1 -4.96264931E-07
vn -0 -0.686368227 -0.727254272
vn -0 0.0400625691 -0.999197185
vn -0 0.726583362 -0.687078357
vn -0 1 0
vn 0.524124622 0.85163945 -0.00192655239
vn -0.168186724 0.757006705 -0.631390631
vn -0.878528953 -0.190961063 -0.437859297
vn -0.373962611 -0.379220098 -0.846371114
vn -0.340824693 -0.57074666 -0.747052014
vn -0.101061977 -0.101063617 -0.989733577
vn -0.0237580538 -0.0599263646 -0.997920036
vn 0.51243645 0.512436807 -0.689069986
vn 0.404128134 0.601720214 -0.688921869
vn -0.530201316 -0.847589076 0.0218963921
vn 0.707105577 0.707107961 -2.30922666E-07
vn 0.557521701 0.830162406 -7.38845756E-07
vn -0.572063446 -0.340399802 -0.746238172
vn -0.0580082722 -0.0229288246 -0.998052776
vn 0.0330132842 0.0136746019 -0.999361336
vn -0.636450171 -0.26362446 -0.724867761
vn -0.849335194 -0.527442515 0.0208366215
vn -0.923880756 -0.382680476 1.15947202E-07
vn -0.578588307 -0.3878479 0.717502356
vn -0.636447072 -0.263623416 0.72487092
vn 0.669529915 0.2773287 -0.689070761
vn 0.602561295 0.402618945 -0.689070344
vn 0.923879027 0.382684618 -1.34704848E-07
vn 0.831468523 0.555571914 0
vn -0.200463563 -0.883322775 -0.423739523
vn 0.0277307779 -0.790143132 0.612294734
vn -0.97585398 -0.218148857 -0.0109576294
vn -0.651886702 -0.144017234 0.744515121
vn 0.0114133852 0.999866605 0.0116819795
vn 0.0114133852 0.999866605 0.0116819795
vn 0.0102875112 0.999702156 0.0221296065
vn 0.381567329 0.488512665 0.784704924
vn 0.310362101 0.530024827 0.789144516
vn 0.462900847 0.4866274 0.740889013
vn 0.0138798226 0.999629617 0.0234087314
vn 0.546492517 0.484097123 0.683371007
vn 0.0184611063 0.999527752 0.0245670695
vn 0.631546557 0.480984032 0.6081146
vn 0.0241775382 0.999390781 0.0251688045
vn 0.71528393 0.477680266 0.510088742
vn 0.0309037119 0.999222338 0.0244866293
vn 0.791389525 0.474944621 0.384876907
vn 0.0379694849 0.999046087 0.0215681922
vn 0.855003536 0.481491089 0.192705184
vn 0.0372445732 0.99920547 0.0141893262
vn 0.876494169 0.4814125 0
vn 0.044564303 0.99900651 1.11093456E-07
vn 0.293987811 -0.563454926 0.772068501
vn 0.462900847 -0.486627489 0.740888953
vn 0.381566793 -0.488514155 0.784704208
vn 0.631546795 -0.480983317 0.608114958
vn 0.546493351 -0.484094679 0.68337214
vn 0.791389763 -0.474944204 0.384876907
vn 0.715284288 -0.477679461 0.510088921
vn 0.0102868732 -0.999702215 0.0221286528
vn 0.0138482815 -0.999707341 0.0198357441
vn 0.174742341 -0.745699286 0.642960012
vn 0.218931749 -0.10311234 0.970276654
vn 0.441445678 0.310690165 0.841782272
vn 0.0122780418 -0.999882638 0.00916346908
vn 0.0241774544 -0.999390781 0.0251687933
vn 0.0184632149 -0.999527633 0.0245695412
vn 0.0379712246 -0.999046028 0.0215690657
vn 0.0309042744 -0.999222338 0.0244868882
vn 0.375449657 0.922389448 0.0907480344
vn 0.972896755 0.230904624 0.0124471523
vn 0.689576268 0.152798101 0.707910478
vn 0.206612498 0.0487409085 0.977208078
vn 0.445777684 0.452837467 0.772153139
vn -0.160806894 0.381388843 0.910320699
vn 0.0507184938 -0.0786966681 0.995607555
vn -0.155861661 -0.671842515 0.724109709
vn 0.119775906 -0.693800986 0.710136473
vn -0.0594500042 -0.998072028 0.0178298913
vn -0.371344775 -0.9269467 0.0535988137
vn -0.442714632 -0.483624578 0.755056918
vn -0.777715385 -0.626275837 0.0541977026
vn 0.708076775 0.153208151 0.689314485
vn 0.0543238893 -0.00382331922 0.998516083
vn -0.712540507 -0.16210252 0.68264848
vn -0.972906649 -0.230229914 0.0211403407
vn 0.671275139 0.278052002 0.687078357
vn 0.0370117277 0.0153299244 0.999197245
vn 0.599374294 0.370702952 0.709457457
vn 0.0136361606 0.000125389095 0.999907017
vn -0.634123862 -0.262660682 0.727252543
vn -0.570697367 -0.381325275 0.727252007
vn -0.923880994 -0.382679939 -3.03645152E-07
vn -0.83147192 -0.555566788 -6.66538028E-07
vn -0.00929124746 -0.00939565431 0.999912679
vn -0.485339493 -0.485335708 0.727251589
vn 0.000473594293 0.014043415 0.999901235
vn -0.381329596 -0.570694447 0.727252066
vn -0.707109928 -0.70710361 -5.99884345E-07
vn -0.555574119 -0.831467032 2.22179281E-07
vn 0.0153298285 0.0370101631 0.999197304
vn -0.262666076 -0.634122312 0.727251947
vn 0.00781585369 0.0392879285 0.999197364
vn -0.133916408 -0.673180461 0.727251291
vn -0.382688642 -0.923877358 4.96200414E-07
vn -0.195109114 -0.980781555 0
vn 0.14175804 0.712619722 0.687079191
vn 0.278050512 0.671275735 0.687078357
vn 0.195100963 0.980783165 0
vn 0.382681429 0.923880339 1.60566302E-07
vn -0 0.040062096 0.999197185
vn 1.3544944E-07 -0.686367691 0.727254748
vn -0 -1 -4.96264931E-07
vn -0 1 0
vn -0 0.726583779 0.68707788
vn 0.371421993 0.599867702 0.708663821
vn 0.524124622 0.85163945 -0.00192655239
vn -0.168186724 0.757006705 -0.631390631
vn -0.155086368 0.956482947 0.247160971
vn 0.103681542 0.345193565 0.932786942
vn 0.00681955367 0.188157722 0.982115149
vn 0.509891272 0.509889424 0.692837417
vn 0.423179507 0.631248236 0.649957478
vn -0.000433051115 -0.00251639751 0.999996722
vn -0.389846295 -0.577513576 0.717285097
vn -0.793479264 0.0275451485 0.607973635
vn -0.530201316 -0.847589076 0.0218963921
vn -0.878528953 -0.190961063 -0.437859297
vn 0.557521701 0.830162406 -7.38845756E-07
vn 0.707105577 0.707107961 -2.30922666E-07
vn 0.631224155 0.420933932 0.651437461
vn 0.188543066 0.00746253831 0.982036591
vn -0.000924480148 0.000715461094 0.999999344
vn 0.033014439 0.0136744035 0.999361336
vn -0.636447072 -0.263623416 0.72487092
vn -0.578588307 -0.3878479 0.717502356
vn 0.669528067 0.277327895 0.689072907
vn 0.831468523 0.555571914 0
vn 0.923879027 0.382684618 -1.34704848E-07
vn 0.0277307779 -0.790143132 0.612294734
vn -0.651886702 -0.144017234 0.744515121
vn 0.0391942039 0.00770374853 0.999201894
vn 0.344241261 0.103928335 0.93311137
vn 0.955701113 -0.138325974 0.259810179
vn 0.855002999 -0.481492072 0.192705095
vn 0.876494169 -0.4814125 0
vn 0.0372434445 -0.99920547 0.0141890347
vn 0.0445643067 -0.99900651 -1.09993536E-07
vn 0.0138801141 -0.999629557 0.0234090015
vn 0.0379712246 -0.999046028 0.0215690657
vn 0.0372434445 -0.99920547 0.0141890347
vn 0.0445643067 -0.99900651 -1.09993536E-07
vn -0.668440759 -0.161424235 0.726036549
vn -0.973015547 -0.230704218 0.00403741095
vn -0.679722011 -0.159628868 -0.715888619
vn -0.973015547 -0.230704218 0.00403741095
vn -0.556428015 -0.830895841 6.77079527E-07
vn -0.602147102 -0.437198907 -0.668038964
vn -0.602146745 -0.437195271 0.668041587
vn 0.0367172509 0.744432092 0.666687906
vn -0.0712276548 0.0686761066 0.995093048
vn 0.0367198028 0.744433105 -0.666686594
vn -0.0712276176 0.0686765835 -0.995093048
vn 0.388700813 0.921364009 -9.68825816E-07
vn -0.602146745 -0.437195271 0.668041587
vn -0.0712276548 0.0686761066 0.995093048
vn -0.556428015 -0.830895841 6.77079527E-07
vn 0.0367172509 0.744432092 0.666687906
vn 0.388700813 0.921364009 -9.68825816E-07
vn -0.602147102 -0.437198907 -0.668038964
vn -0.556428015 -0.830895841 6.77079527E-07
vn -0.0712276176 0.0686765835 -0.995093048
vn 0.0367198028 0.744433105 -0.666686594
vn 0.388700813 0.921364009 -9.68825816E-07
vn 0.955701113 -0.138325974 0.259810179
vn 0.744777262 -0.189035267 -0.639978528
vn 0.85454917 0.493373305 0.162260607
vn 0.493374497 0.854548454 0.162260532
vn 0.493374884 0.854548275 0.162260532
vn 0.854549348 0.493372977 0.162260592
vn 5.83076314E-07 0.986747921 0.162260607
vn 5.7944527E-07 0.986747921 0.162260622
vn 0.986747921 -8.65210268E-07 0.162260592
vn 0.986747921 -4.72470902E-07 0.162260592
vn 0.854548633 -0.493374228 0.162260711
vn 0.854548395 -0.493374616 0.162260711
vn 0.493373632 -0.854548991 0.162260711
vn 0.493373215 -0.85454917 0.162260726
vn -3.83325613E-07 -0.986747921 0.162260726
vn -7.33548177E-07 -0.986747921 0.162260741
vn 5.7944527E-07 0.986747921 0.162260622
vn -0.493373871 0.854548872 0.162260726
vn -0.493373513 0.854548991 0.162260711
vn 5.83076314E-07 0.986747921 0.162260607
vn -0.854548633 0.493374228 0.162260622
vn -0.854548752 0.49337393 0.162260637
vn -0.986747921 4.89031947E-07 0.162260592
vn -0.986747921 1.42632771E-07 0.162260592
vn -0.85454917 -0.493373305 0.162260577
vn -0.854548991 -0.493373632 0.162260577
vn -0.493374646 -0.854548395 0.162260711
vn -0.493374377 -0.854548514 0.162260696
vn -7.33548177E-07 -0.986747921 0.162260741
vn -3.83325613E-07 -0.986747921 0.162260726
vn -6.30446084E-06 0 1
vn -0 0 1
vn -0 0 1
vn 5.52147299E-07 0 1
vn 5.52147355E-07 0 1
vn 3.39479811E-07 0 1
vn 3.3947984E-07 0 1
vn -2.36634719E-07 0 1
vn -2.36634691E-07 0 1
vn -1.06342952E-06 0 1
vn -1.06342873E-06 0 1
vn 1.26089199E-05 0 1
vn 0.321977288 0.185893714 0.928317904
vn 0.185893133 0.321977556 0.928317904
vn 0.185893446 0.321977437 0.928317904
vn 0.321977437 0.185893446 0.928317904
vn -5.34519756E-07 0.371787637 0.928317845
vn -5.23440633E-07 0.371787667 0.928317785
vn 0.371788561 -1.6714921E-07 0.928317428
vn 0.371788532 -4.50438222E-07 0.928317428
vn 0.321978837 -0.185893923 0.928317368
vn 0.321978748 -0.185894191 0.928317308
vn 0.185893983 -0.321977586 0.928317726
vn 0.1858937 -0.321977735 0.928317726
vn 6.55401095E-07 -0.371787667 0.928317785
vn 3.54344849E-07 -0.371787667 0.928317785
vn -5.23440633E-07 0.371787667 0.928317785
vn -0.185893849 0.321977556 0.928317845
vn -0.185893595 0.321977705 0.928317845
vn -5.34519756E-07 0.371787637 0.928317845
vn -0.321978152 0.185893983 0.928317547
vn -0.321978331 0.185893714 0.928317547
vn -0.371788085 3.03295053E-07 0.928317666
vn -0.371788085 0 0.928317666
vn -0.321977526 -0.185893625 0.928317845
vn -0.321977347 -0.185893923 0.928317904
vn -0.185893551 -0.321977556 0.928317904
vn -0.185893267 -0.321977735 0.928317845
vn 3.54344849E-07 -0.371787667 0.928317785
vn 6.55401095E-07 -0.371787667 0.928317785
vn -0.488695621 -0.84644419 0.211444646
vn -0.488695443 -0.846444309 0.211444661
vn -0.846444845 -0.488694489 0.211444601
vn -0.846445024 -0.488694191 0.211444616
vn -4.91710239E-07 -0.977389991 0.211444616
vn -5.00190083E-07 -0.977389991 0.211444601
vn -0.977389932 6.21858419E-07 0.211444676
vn -0.977389932 8.95165499E-07 0.211444646
vn -0.846444249 0.488695502 0.211444721
vn -0.84644407 0.488695771 0.211444736
vn -0.488694549 0.846444786 0.21144475
vn -0.48869434 0.846444905 0.21144475
vn 3.51485227E-07 0.977389932 0.211444765
vn 6.43006274E-07 0.977389932 0.211444765
vn 0.48869437 -0.846444905 0.211444587
vn 0.488694668 -0.846444786 0.211444587
vn -5.00190083E-07 -0.977389991 0.211444601
vn -4.91710239E-07 -0.977389991 0.211444616
vn 0.846444368 -0.488695294 0.211444631
vn 0.846444488 -0.488695055 0.211444631
vn 0.977389932 -3.65630967E-07 0.211444661
vn 0.977389932 0 0.211444661
vn 0.846444666 0.488694698 0.211444691
vn 0.846444488 0.488695055 0.211444721
vn 0.488695383 0.846444309 0.211444765
vn 0.488695115 0.846444428 0.211444765
vn 6.43006274E-07 0.977389932 0.211444765
vn 3.51485227E-07 0.977389932 0.211444765
vn 0.493374735 0.854548275 0.162260786
vn 0.493374795 0.854548275 0.162260786
vn 0.854549348 0.493372977 0.16226083
vn 0.854549289 0.493372977 0.16226083
vn 9.98916789E-07 0.986747921 0.162260786
vn 1.03167474E-06 0.986747921 0.162260771
vn 0.986747861 -1.22953145E-06 0.162260935
vn 0.986747861 -1.26728401E-06 0.162260965
vn 0.854548097 -0.493375003 0.162261069
vn 0.854548097 -0.493375033 0.162261084
vn 0.493373036 -0.854549229 0.162261099
vn 0.493373036 -0.854549229 0.162261099
vn -9.18615058E-07 -0.986747861 0.162261099
vn -9.09462358E-07 -0.986747861 0.162261084
vn -9.09462358E-07 -0.986747861 0.162261084
vn -0.493374735 -0.854548275 0.162261069
vn -0.493374765 -0.854548216 0.162261054
vn -9.18615058E-07 -0.986747861 0.162261099
vn -0.85454917 -0.493373156 0.162260979
vn -0.85454917 -0.493373156 0.162260979
vn -0.986747861 7.20759488E-07 0.16226092
vn -0.986747921 6.70914687E-07 0.16226089
vn -0.854548454 0.493374437 0.162260726
vn -0.854548514 0.493374377 0.162260726
vn -0.493373513 0.854548991 0.162260711
vn -0.493373513 0.854548991 0.162260711
vn 1.03167474E-06 0.986747921 0.162260771
vn 9.98916789E-07 0.986747921 0.162260786
vn 0.852340102 0.492098838 0.177073479
vn 0.49209854 0.852340281 0.177073732
vn 0.396529287 0.686809003 0.609145284
vn 0.686808646 0.396529436 0.609145641
vn -0 0.984197557 0.177073762
vn -1.4156916E-07 0.793058693 0.609145164
vn 0.457791418 0.79291451 -0.402136177
vn 0.792916834 0.457787663 -0.402136028
vn 3.87139323E-07 0.915579796 -0.402136356
vn 0.984197617 1.16891343E-07 0.177073449
vn 0.915579855 -1.8979249E-06 -0.402136147
vn 0.792914331 -0.457791269 -0.402136803
vn 0.852340043 -0.492098987 0.1770733
vn 0.686808467 -0.396530032 0.609145403
vn 0.793058217 -1.8320749E-07 0.60914588
vn 0.492099047 -0.852340102 0.177073047
vn 0.457788289 -0.792915761 -0.402137399
vn 0.396529287 -0.686809123 0.609145045
vn 3.42015397E-07 -0.984197736 0.177072838
vn -1.75629123E-06 -0.915579379 -0.402137369
vn 1.66552098E-07 -0.793058872 0.609144926
vn -0.396529287 -0.686809242 0.609144866
vn -0.492098719 -0.852340281 0.177073047
vn 3.42015397E-07 -0.984197736 0.177072838
vn 1.66552098E-07 -0.793058872 0.609144926
vn -0.457791716 -0.792914093 -0.402136773
vn -1.75629123E-06 -0.915579379 -0.402137369
vn -0.852340102 -0.492098868 0.177073568
vn -0.792916536 -0.45778811 -0.402136087
vn -0.686808646 -0.396529675 0.609145343
vn -0.984197557 -2.94393374E-07 0.177073702
vn -0.915579617 1.61465698E-06 -0.402136624
vn -0.792914093 0.457791656 -0.402136862
vn -0.852340102 0.492098838 0.177073643
vn -0.686809123 0.396529377 0.609145045
vn -0.793058455 -1.41569444E-07 0.609145522
vn -0.492098898 0.852340043 0.177073717
vn -0.45778811 0.792916298 -0.402136415
vn -0.396529615 0.686809123 0.609144986
vn -0 0.984197557 0.177073762
vn 3.87139323E-07 0.915579796 -0.402136356
vn -1.4156916E-07 0.793058693 0.609145164
vn 0.162260681 0.493373454 -0.85454905
vn 0.162260503 0.854548693 -0.493374258
vn 0.162260488 0.854548454 -0.493374646
vn 0.162260681 0.493373156 -0.854549229
vn 0.162260503 0.98674798 -5.07840582E-07
vn 0.162260547 0.98674798 -5.17043475E-07
vn 0.162260562 -1.01568207E-06 -0.986747921
vn 0.162260547 -6.15103886E-07 -0.986747921
vn 0.162260607 -0.493374497 -0.854548454
vn 0.162260607 -0.493374884 -0.854548275
vn 0.162260696 -0.85454905 -0.493373454
vn 0.162260711 -0.854549229 -0.493373156
vn 0.162260696 -0.986747921 3.29838258E-07
vn 0.162260756 -0.986747921 7.05334685E-07
vn 0.162260547 0.98674798 -5.17043475E-07
vn 0.162260681 0.854548872 0.493373871
vn 0.162260666 0.85454905 0.493373543
vn 0.162260503 0.98674798 -5.07840582E-07
vn 0.162260592 0.493374288 0.854548573
vn 0.162260622 0.49337393 0.854548752
vn 0.162260696 3.94987524E-07 0.986747921
vn 0.162260696 0 0.986747921
vn 0.162260696 -0.493373543 0.85454905
vn 0.162260726 -0.493373871 0.854548872
vn 0.162260711 -0.854548395 0.493374616
vn 0.162260711 -0.854548573 0.493374288
vn 0.162260756 -0.986747921 7.05334685E-07
vn 0.162260696 -0.986747921 3.29838258E-07
vn 1 0 0
vn 1 0 0
vn 1 0 0
vn 1 0 0
vn 1 0 0
vn 1 0 0
vn 1 0 0
vn 1 0 0
vn 1 0 0
vn 1 0 0
vn 1 0 0
vn 1 0 0
vn 0.928317785 0.185893729 -0.321977705
vn 0.928317666 0.321977824 -0.185893938
vn 0.928317666 0.321977615 -0.185894191
vn 0.928317785 0.185893446 -0.321977884
vn 0.928317904 0.371787399 -1.98192694E-07
vn 0.928317904 0.371787369 -2.06736999E-07
vn 0.928317845 4.22271768E-07 -0.371787637
vn 0.928317845 1.38134396E-07 -0.371787637
vn 0.928317904 -0.185893238 -0.321977526
vn 0.928317904 -0.185893491 -0.321977407
vn 0.928318024 -0.32197696 -0.185893849
vn 0.928318024 -0.321977139 -0.185893565
vn 0.928317785 -0.371787757 0
vn 0.928317785 -0.371787667 3.36327304E-07
vn 0.928317904 0.371787369 -2.06736999E-07
vn 0.928317904 0.321977168 0.185893804
vn 0.928317904 0.321977347 0.185893551
vn 0.928317904 0.371787399 -1.98192694E-07
vn 0.928317904 0.185893506 0.321977496
vn 0.928317904 0.185893208 0.321977645
vn 0.928317845 -3.63353593E-07 0.371787578
vn 0.928317845 -6.90590412E-07 0.371787608
vn 0.928317785 -0.18589367 0.321977675
vn 0.928317785 -0.185893968 0.321977526
vn 0.928317547 -0.321978211 0.185894117
vn 0.928317487 -0.32197839 0.185893863
vn 0.928317785 -0.371787667 3.36327304E-07
vn 0.928317785 -0.371787757 0
vn 0.21144478 -0.84644407 0.488695771
vn 0.211444765 -0.84644419 0.488695532
vn 0.211444661 -0.48869437 0.846444905
vn 0.211444661 -0.488694131 0.846445024
vn 0.211444601 -0.977389991 5.0431828E-07
vn 0.211444616 -0.977389991 5.13708926E-07
vn 0.211444646 5.27227712E-07 0.977389932
vn 0.211444616 8.06909725E-07 0.977389991
vn 0.211444676 0.488695353 0.846444309
vn 0.211444691 0.488695621 0.84644419
vn 0.211444691 0.846444726 0.488694668
vn 0.211444676 0.846444845 0.4886944
vn 0.211444676 0.977389932 -3.9204113E-07
vn 0.211444661 0.977389932 -6.80829999E-07
vn 0.211444467 -0.846444845 -0.488694489
vn 0.211444497 -0.846444786 -0.488694698
vn 0.211444616 -0.977389991 5.13708926E-07
vn 0.211444601 -0.977389991 5.0431828E-07
vn 0.211444601 -0.488695353 -0.846444309
vn 0.211444631 -0.488695085 -0.846444488
vn 0.211444676 -6.30398233E-07 -0.977389932
vn 0.211444676 -3.10929209E-07 -0.977389932
vn 0.211444691 0.488694668 -0.846444726
vn 0.211444661 0.488694936 -0.846444547
vn 0.211444616 0.846444368 -0.488695323
vn 0.211444601 0.846444488 -0.488695055
vn 0.211444661 0.977389932 -6.80829999E-07
vn 0.211444676 0.977389932 -3.9204113E-07
vn 0.162260875 0.854548216 -0.493374854
vn 0.162260875 0.854548275 -0.493374854
vn 0.162260965 0.493372977 -0.854549289
vn 0.162260965 0.493373036 -0.854549289
vn 0.162260801 0.986747921 -1.01382636E-06
vn 0.162260801 0.986747921 -1.03167497E-06
vn 0.162260935 -1.10233839E-06 -0.986747861
vn 0.16226092 -1.11819134E-06 -0.986747861
vn 0.162260935 -0.493374974 -0.854548156
vn 0.162260935 -0.493375033 -0.854548156
vn 0.162261009 -0.854549229 -0.493373096
vn 0.162261009 -0.85454917 -0.493373126
vn 0.162261099 -0.986747861 1.03167577E-06
vn 0.162261114 -0.986747861 1.02873662E-06
vn 0.162261114 -0.986747861 1.02873662E-06
vn 0.162261099 -0.854548216 0.493374765
vn 0.162261099 -0.854548216 0.493374765
vn 0.162261099 -0.986747861 1.03167577E-06
vn 0.162260979 -0.493373215 0.85454917
vn 0.162260994 -0.493373245 0.85454911
vn 0.16226092 6.50096808E-07 0.986747861
vn 0.16226092 6.11277812E-07 0.986747861
vn 0.16226092 0.493374497 0.854548454
vn 0.162260875 0.493374497 0.854548454
vn 0.162260771 0.85454917 0.493373156
vn 0.162260786 0.85454917 0.493373305
vn 0.162260801 0.986747921 -1.03167497E-06
vn 0.162260801 0.986747921 -1.01382636E-06
vn 0.177073658 0.49209857 -0.852340281
vn 0.177073821 0.852340341 -0.492098361
vn 0.609145463 0.686808467 -0.396529913
vn 0.609145343 0.39652884 -0.686809123
vn 0.177073702 0.984197557 -3.16039177E-07
vn 0.609145164 0.793058753 -1.24914038E-07
vn -0.402134836 0.792915761 -0.457790583
vn -0.402136892 0.457787663 -0.792916358
vn -0.402135521 0.915580213 -5.57102567E-07
vn 0.177073702 0 -0.984197557
vn -0.402136743 -2.10566191E-06 -0.915579617
vn -0.402136445 -0.457791954 -0.792914093
vn 0.177073509 -0.492098987 -0.852340043
vn 0.609145105 -0.396529585 -0.686808884
vn 0.609145403 -2.08190059E-07 -0.793058515
vn 0.177073166 -0.852340162 -0.492098957
vn -0.402136266 -0.792916715 -0.457787603
vn 0.609145463 -0.686808527 -0.396529645
vn 0.177073315 -0.984197617 -5.32505169E-07
vn -0.402136534 -0.915579736 1.28416866E-06
vn 0.609146178 -0.793057978 -1.08259002E-07
vn 0.609145343 -0.686808765 0.396529555
vn 0.177073598 -0.852340162 0.492098749
vn 0.177073315 -0.984197617 -5.32505169E-07
vn 0.609146178 -0.793057978 -1.08259002E-07
vn -0.402136922 -0.792914212 0.457791269
vn -0.402136534 -0.915579736 1.28416866E-06
vn 0.177073747 -0.492098749 0.852340162
vn -0.402136505 -0.457788318 0.792916179
vn 0.609145224 -0.396529227 0.686809003
vn 0.177073404 0 0.984197617
vn -0.402136624 1.39747942E-06 0.915579677
vn -0.402136356 0.457791537 0.79291445
vn 0.177073255 0.492098689 0.852340281
vn 0.609144986 0.396529287 0.686809242
vn 0.609145164 5.49621973E-07 0.793058753
vn 0.177073449 0.852339864 0.492099315
vn -0.402136862 0.792915463 0.457789242
vn 0.609144807 0.686809421 0.396529347
vn 0.177073702 0.984197557 -3.16039177E-07
vn -0.402135521 0.915580213 -5.57102567E-07
vn 0.609145164 0.793058753 -1.24914038E-07
vn -0.85454917 0.493373305 -0.162260607
vn -0.493374497 0.854548454 -0.162260532
vn -0.493374884 0.854548275 -0.162260532
vn -0.854549348 0.493372977 -0.162260592
vn -5.83076314E-07 0.986747921 -0.162260607
vn -5.7944527E-07 0.986747921 -0.162260622
vn -0.986747921 -8.65210268E-07 -0.162260592
vn -0.986747921 -4.72470902E-07 -0.162260592
vn -0.854548633 -0.493374228 -0.162260711
vn -0.854548395 -0.493374616 -0.162260711
vn -0.493373632 -0.854548991 -0.162260711
vn -0.493373215 -0.85454917 -0.162260726
vn 3.83325613E-07 -0.986747921 -0.162260726
vn 7.33548177E-07 -0.986747921 -0.162260741
vn -5.7944527E-07 0.986747921 -0.162260622
vn 0.493373871 0.854548872 -0.162260726
vn 0.493373513 0.854548991 -0.162260711
vn -5.83076314E-07 0.986747921 -0.162260607
vn 0.854548633 0.493374228 -0.162260622
vn 0.854548752 0.49337393 -0.162260637
vn 0.986747921 4.89031947E-07 -0.162260592
vn 0.986747921 1.42632771E-07 -0.162260592
vn 0.85454917 -0.493373305 -0.162260577
vn 0.854548991 -0.493373632 -0.162260577
vn 0.493374646 -0.854548395 -0.162260711
vn 0.493374377 -0.854548514 -0.162260696
vn 7.33548177E-07 -0.986747921 -0.162260741
vn 3.83325613E-07 -0.986747921 -0.162260726
vn 6.30446084E-06 0 -1
vn -0 0 -1
vn -0 0 -1
vn -5.52147299E-07 0 -1
vn -5.52147355E-07 0 -1
vn -3.39479811E-07 0 -1
vn -3.3947984E-07 0 -1
vn 2.36634719E-07 0 -1
vn 2.36634691E-07 0 -1
vn 1.06342952E-06 0 -1
vn 1.06342873E-06 0 -1
vn -1.26089199E-05 0 -1
vn -0.321977288 0.185893714 -0.928317904
vn -0.185893133 0.321977556 -0.928317904
vn -0.185893446 0.321977437 -0.928317904
vn -0.321977437 0.185893446 -0.928317904
vn 5.34519756E-07 0.371787637 -0.928317845
vn 5.23440633E-07 0.371787667 -0.928317785
vn -0.371788561 -1.6714921E-07 -0.928317428
vn -0.371788532 -4.50438222E-07 -0.928317428
vn -0.321978837 -0.185893923 -0.928317368
vn -0.321978748 -0.185894191 -0.928317308
vn -0.185893983 -0.321977586 -0.928317726
vn -0.1858937 -0.321977735 -0.928317726
vn -6.55401095E-07 -0.371787667 -0.928317785
vn -3.54344849E-07 -0.371787667 -0.928317785
vn 5.23440633E-07 0.371787667 -0.928317785
vn 0.185893849 0.321977556 -0.928317845
vn 0.185893595 0.321977705 -0.928317845
vn 5.34519756E-07 0.371787637 -0.928317845
vn 0.321978152 0.185893983 -0.928317547
vn 0.321978331 0.185893714 -0.928317547
vn 0.371788085 3.03295053E-07 -0.928317666
vn 0.371788085 0 -0.928317666
vn 0.321977526 -0.185893625 -0.928317845
vn 0.321977347 -0.185893923 -0.928317904
vn 0.185893551 -0.321977556 -0.928317904
vn 0.185893267 -0.321977735 -0.928317845
vn -3.54344849E-07 -0.371787667 -0.928317785
vn -6.55401095E-07 -0.371787667 -0.928317785
vn 0.488695621 -0.84644419 -0.211444646
vn 0.488695443 -0.846444309 -0.211444661
vn 0.846444845 -0.488694489 -0.211444601
vn 0.846445024 -0.488694191 -0.211444616
vn 4.91710239E-07 -0.977389991 -0.211444616
vn 5.00190083E-07 -0.977389991 -0.211444601
vn 0.977389932 6.21858419E-07 -0.211444676
vn 0.977389932 8.95165499E-07 -0.211444646
vn 0.846444249 0.488695502 -0.211444721
vn 0.84644407 0.488695771 -0.211444736
vn 0.488694549 0.846444786 -0.21144475
vn 0.48869434 0.846444905 -0.21144475
vn -3.51485227E-07 0.977389932 -0.211444765
vn -6.43006274E-07 0.977389932 -0.211444765
vn -0.48869437 -0.846444905 -0.211444587
vn -0.488694668 -0.846444786 -0.211444587
vn 5.00190083E-07 -0.977389991 -0.211444601
vn 4.91710239E-07 -0.977389991 -0.211444616
vn -0.846444368 -0.488695294 -0.211444631
vn -0.846444488 -0.488695055 -0.211444631
vn -0.977389932 -3.65630967E-07 -0.211444661
vn -0.977389932 0 -0.211444661
vn -0.846444666 0.488694698 -0.211444691
vn -0.846444488 0.488695055 -0.211444721
vn -0.488695383 0.846444309 -0.211444765
vn -0.488695115 0.846444428 -0.211444765
vn -6.43006274E-07 0.977389932 -0.211444765
vn -3.51485227E-07 0.977389932 -0.211444765
vn -0.493374735 0.854548275 -0.162260786
vn -0.493374795 0.854548275 -0.162260786
vn -0.854549348 0.493372977 -0.16226083
vn -0.854549289 0.493372977 -0.16226083
vn -9.98916789E-07 0.986747921 -0.162260786
vn -1.03167474E-06 0.986747921 -0.162260771
vn -0.986747861 -1.22953145E-06 -0.162260935
vn -0.986747861 -1.26728401E-06 -0.162260965
vn -0.854548097 -0.493375003 -0.162261069
vn -0.854548097 -0.493375033 -0.162261084
vn -0.493373036 -0.854549229 -0.162261099
vn -0.493373036 -0.854549229 -0.162261099
vn 9.18615058E-07 -0.986747861 -0.162261099
vn 9.09462358E-07 -0.986747861 -0.162261084
vn 9.09462358E-07 -0.986747861 -0.162261084
vn 0.493374735 -0.854548275 -0.162261069
vn 0.493374765 -0.854548216 -0.162261054
vn 9.18615058E-07 -0.986747861 -0.162261099
vn 0.85454917 -0.493373156 -0.162260979
vn 0.85454917 -0.493373156 -0.162260979
vn 0.986747861 7.20759488E-07 -0.16226092
vn 0.986747921 6.70914687E-07 -0.16226089
vn 0.854548454 0.493374437 -0.162260726
vn 0.854548514 0.493374377 -0.162260726
vn 0.493373513 0.854548991 -0.162260711
vn 0.493373513 0.854548991 -0.162260711
vn -1.03167474E-06 0.986747921 -0.162260771
vn -9.98916789E-07 0.986747921 -0.162260786
vn -0.852340102 0.492098838 -0.177073479
vn -0.49209854 0.852340281 -0.177073732
vn -0.396529287 0.686809003 -0.609145284
vn -0.686808646 0.396529436 -0.609145641
vn -0 0.984197557 -0.177073762
vn 1.4156916E-07 0.793058693 -0.609145164
vn -0.457791418 0.79291451 0.402136177
vn -0.792916834 0.457787663 0.402136028
vn -3.87139323E-07 0.915579796 0.402136356
vn -0.984197617 1.16891343E-07 -0.177073449
vn -0.915579855 -1.8979249E-06 0.402136147
vn -0.792914331 -0.457791269 0.402136803
vn -0.852340043 -0.492098987 -0.1770733
vn -0.686808467 -0.396530032 -0.609145403
vn -0.793058217 -1.8320749E-07 -0.60914588
vn -0.492099047 -0.852340102 -0.177073047
vn -0.457788289 -0.792915761 0.402137399
vn -0.396529287 -0.686809123 -0.609145045
vn -3.42015397E-07 -0.984197736 -0.177072838
vn 1.75629123E-06 -0.915579379 0.402137369
vn -1.66552098E-07 -0.793058872 -0.609144926
vn 0.396529287 -0.686809242 -0.609144866
vn 0.492098719 -0.852340281 -0.177073047
vn -3.42015397E-07 -0.984197736 -0.177072838
vn -1.66552098E-07 -0.793058872 -0.609144926
vn 0.457791716 -0.792914093 0.402136773
vn 1.75629123E-06 -0.915579379 0.402137369
vn 0.852340102 -0.492098868 -0.177073568
vn 0.792916536 -0.45778811 0.402136087
vn 0.686808646 -0.396529675 -0.609145343
vn 0.984197557 -2.94393374E-07 -0.177073702
vn 0.915579617 1.61465698E-06 0.402136624
vn 0.792914093 0.457791656 0.402136862
vn 0.852340102 0.492098838 -0.177073643
vn 0.686809123 0.396529377 -0.609145045
vn 0.793058455 -1.41569444E-07 -0.609145522
vn 0.492098898 0.852340043 -0.177073717
vn 0.45778811 0.792916298 0.402136415
vn 0.396529615 0.686809123 -0.609144986
vn -0 0.984197557 -0.177073762
vn -3.87139323E-07 0.915579796 0.402136356
vn 1.4156916E-07 0.793058693 -0.609145164
vn -0.162260681 0.493373454 0.85454905
vn -0.162260503 0.854548693 0.493374258
vn -0.162260488 0.854548454 0.493374646
vn -0.162260681 0.493373156 0.854549229
vn -0.162260503 0.98674798 5.07840582E-07
vn -0.162260547 0.98674798 5.17043475E-07
vn -0.162260562 -1.01568207E-06 0.986747921
vn -0.162260547 -6.15103886E-07 0.986747921
vn -0.162260607 -0.493374497 0.854548454
vn -0.162260607 -0.493374884 0.854548275
vn -0.162260696 -0.85454905 0.493373454
vn -0.162260711 -0.854549229 0.493373156
vn -0.162260696 -0.986747921 -3.29838258E-07
vn -0.162260756 -0.986747921 -7.05334685E-07
vn -0.162260547 0.98674798 5.17043475E-07
vn -0.162260681 0.854548872 -0.493373871
vn -0.162260666 0.85454905 -0.493373543
vn -0.162260503 0.98674798 5.07840582E-07
vn -0.162260592 0.493374288 -0.854548573
vn -0.162260622 0.49337393 -0.854548752
vn -0.162260696 3.94987524E-07 -0.986747921
vn -0.162260696 0 -0.986747921
vn -0.162260696 -0.493373543 -0.85454905
vn -0.162260726 -0.493373871 -0.854548872
vn -0.162260711 -0.854548395 -0.493374616
vn -0.162260711 -0.854548573 -0.493374288
vn -0.162260756 -0.986747921 -7.05334685E-07
vn -0.162260696 -0.986747921 -3.29838258E-07
vn -1 0 0
vn -1 0 0
vn -1 0 0
vn -1 0 0
vn -1 0 0
vn -1 0 0
vn -1 0 0
vn -1 0 0
vn -1 0 0
vn -1 0 0
vn -1 0 0
vn -1 0 0
vn -0.928317785 0.185893729 0.321977705
vn -0.928317666 0.321977824 0.185893938
vn -0.928317666 0.321977615 0.185894191
vn -0.928317785 0.185893446 0.321977884
vn -0.928317904 0.371787399 1.98192694E-07
vn -0.928317904 0.371787369 2.06736999E-07
vn -0.928317845 4.22271768E-07 0.371787637
vn -0.928317845 1.38134396E-07 0.371787637
vn -0.928317904 -0.185893238 0.321977526
vn -0.928317904 -0.185893491 0.321977407
vn -0.928318024 -0.32197696 0.185893849
vn -0.928318024 -0.321977139 0.185893565
vn -0.928317785 -0.371787757 0
vn -0.928317785 -0.371787667 -3.36327304E-07
vn -0.928317904 0.371787369 2.06736999E-07
vn -0.928317904 0.321977168 -0.185893804
vn -0.928317904 0.321977347 -0.185893551
vn -0.928317904 0.371787399 1.98192694E-07
vn -0.928317904 0.185893506 -0.321977496
vn -0.928317904 0.185893208 -0.321977645
vn -0.928317845 -3.63353593E-07 -0.371787578
vn -0.928317845 -6.90590412E-07 -0.371787608
vn -0.928317785 -0.18589367 -0.321977675
vn -0.928317785 -0.185893968 -0.321977526
vn -0.928317547 -0.321978211 -0.185894117
vn -0.928317487 -0.32197839 -0.185893863
vn -0.928317785 -0.371787667 -3.36327304E-07
vn -0.928317785 -0.371787757 0
vn -0.21144478 -0.84644407 -0.488695771
vn -0.211444765 -0.84644419 -0.488695532
vn -0.211444661 -0.48869437 -0.846444905
vn -0.211444661 -0.488694131 -0.846445024
vn -0.211444601 -0.977389991 -5.0431828E-07
vn -0.211444616 -0.977389991 -5.13708926E-07
vn -0.211444646 5.27227712E-07 -0.977389932
vn -0.211444616 8.06909725E-07 -0.977389991
vn -0.211444676 0.488695353 -0.846444309
vn -0.211444691 0.488695621 -0.84644419
vn -0.211444691 0.846444726 -0.488694668
vn -0.211444676 0.846444845 -0.4886944
vn -0.211444676 0.977389932 3.9204113E-07
vn -0.211444661 0.977389932 6.80829999E-07
vn -0.211444467 -0.846444845 0.488694489
vn -0.211444497 -0.846444786 0.488694698
vn -0.211444616 -0.977389991 -5.13708926E-07
vn -0.211444601 -0.977389991 -5.0431828E-07
vn -0.211444601 -0.488695353 0.846444309
vn -0.211444631 -0.488695085 0.846444488
vn -0.211444676 -6.30398233E-07 0.977389932
vn -0.211444676 -3.10929209E-07 0.977389932
vn -0.211444691 0.488694668 0.846444726
vn -0.211444661 0.488694936 0.846444547
vn -0.211444616 0.846444368 0.488695323
vn -0.211444601 0.846444488 0.488695055
vn -0.211444661 0.977389932 6.80829999E-07
vn -0.211444676 0.977389932 3.9204113E-07
vn -0.162260875 0.854548216 0.493374854
vn -0.162260875 0.854548275 0.493374854
vn -0.162260965 0.493372977 0.854549289
vn -0.162260965 0.493373036 0.854549289
vn -0.162260801 0.986747921 1.01382636E-06
vn -0.162260801 0.986747921 1.03167497E-06
vn -0.162260935 -1.10233839E-06 0.986747861
vn -0.16226092 -1.11819134E-06 0.986747861
vn -0.162260935 -0.493374974 0.854548156
vn -0.162260935 -0.493375033 0.854548156
vn -0.162261009 -0.854549229 0.493373096
vn -0.162261009 -0.85454917 0.493373126
vn -0.162261099 -0.986747861 -1.03167577E-06
vn -0.162261114 -0.986747861 -1.02873662E-06
vn -0.162261114 -0.986747861 -1.02873662E-06
vn -0.162261099 -0.854548216 -0.493374765
vn -0.162261099 -0.854548216 -0.493374765
vn -0.162261099 -0.986747861 -1.03167577E-06
vn -0.162260979 -0.493373215 -0.85454917
vn -0.162260994 -0.493373245 -0.85454911
vn -0.16226092 6.50096808E-07 -0.986747861
vn -0.16226092 6.11277812E-07 -0.986747861
vn -0.16226092 0.493374497 -0.854548454
vn -0.162260875 0.493374497 -0.854548454
vn -0.162260771 0.85454917 -0.493373156
vn -0.162260786 0.85454917 -0.493373305
vn -0.162260801 0.986747921 1.03167497E-06
vn -0.162260801 0.986747921 1.01382636E-06
vn -0.177073658 0.49209857 0.852340281
vn -0.177073821 0.852340341 0.492098361
vn -0.609145463 0.686808467 0.396529913
vn -0.609145343 0.39652884 0.686809123
vn -0.177073702 0.984197557 3.16039177E-07
vn -0.609145164 0.793058753 1.24914038E-07
vn 0.402134836 0.792915761 0.457790583
vn 0.402136892 0.457787663 0.792916358
vn 0.402135521 0.915580213 5.57102567E-07
vn -0.177073702 0 0.984197557
vn 0.402136743 -2.10566191E-06 0.915579617
vn 0.402136445 -0.457791954 0.792914093
vn -0.177073509 -0.492098987 0.852340043
vn -0.609145105 -0.396529585 0.686808884
vn -0.609145403 -2.08190059E-07 0.793058515
vn -0.177073166 -0.852340162 0.492098957
vn 0.402136266 -0.792916715 0.457787603
vn -0.609145463 -0.686808527 0.396529645
vn -0.177073315 -0.984197617 5.32505169E-07
vn 0.402136534 -0.915579736 -1.28416866E-06
vn -0.609146178 -0.793057978 1.08259002E-07
vn -0.609145343 -0.686808765 -0.396529555
vn -0.177073598 -0.852340162 -0.492098749
vn -0.177073315 -0.984197617 5.32505169E-07
vn -0.609146178 -0.793057978 1.08259002E-07
vn 0.402136922 -0.792914212 -0.457791269
vn 0.402136534 -0.915579736 -1.28416866E-06
vn -0.177073747 -0.492098749 -0.852340162
vn 0.402136505 -0.457788318 -0.792916179
vn -0.609145224 -0.396529227 -0.686809003
vn -0.177073404 0 -0.984197617
vn 0.402136624 1.39747942E-06 -0.915579677
vn 0.402136356 0.457791537 -0.79291445
vn -0.177073255 0.492098689 -0.852340281
vn -0.609144986 0.396529287 -0.686809242
vn -0.609145164 5.49621973E-07 -0.793058753
vn -0.177073449 0.852339864 -0.492099315
vn 0.402136862 0.792915463 -0.457789242
vn -0.609144807 0.686809421 -0.396529347
vn -0.177073702 0.984197557 3.16039177E-07
vn 0.402135521 0.915580213 5.57102567E-07
vn -0.609145164 0.793058753 1.24914038E-07
vn -0.733297288 -0.247634649 0.633207798
vn -0.681873322 -0.264759392 0.681873381
vn -0.681873322 -0.264759421 0.681873381
vn -0.732778013 -0.247855604 0.633722305
vn -0.806016564 -0.188281298 0.561148345
vn -0.805884182 -0.188455194 0.561280072
vn -0.853139281 -0.0890190601 0.514032066
vn -0.853219628 -0.0887170658 0.513950944
vn -0.867301881 -1.06431749E-07 0.497782469
vn -0.867301881 -1.06715582E-07 0.497782528
vn 0.181090027 0.974675179 0.131204709
vn 0.0401600711 0.998385906 -0.0401598513
vn 0.0401600674 0.998385906 -0.0401598439
vn 0.203881651 0.964328706 0.168826476
vn 0.174851865 0.963012815 0.205019876
vn 0.156476632 0.969169378 0.190331012
vn -0.588093519 0.756120026 -0.287103653
vn -0.563899398 0.778437912 -0.275775015
vn -0.790919006 0.547487915 -0.273320645
vn -0.759407461 0.582625568 -0.289564729
vn -0.965439558 -0.185903832 0.182664216
vn -0.967746079 -0.178932071 0.177343979
vn -0.972650051 -0.191743985 0.131095812
vn -0.967883885 -0.203597799 0.147474274
vn -0.998232484 -0.0445787571 -0.0393029153
vn -0.998217046 -0.0376548842 -0.0463116467
vn -0.973423004 0.131097406 -0.187779561
vn -0.964618385 0.162519872 -0.207602084
vn -0.965026319 0.191018686 -0.179544196
vn -0.970202506 0.178207636 -0.164161593
vn -0.834501445 -0.27094534 0.479787499
vn -0.805612266 -0.290054172 0.516582429
vn -0.659345865 -0.361283451 0.659346163
vn -0.659345865 -0.361283451 0.659346104
vn -0.655756891 0.374119937 0.655756891
vn -0.572544396 0.372192502 0.730524182
vn -0.536686122 0.351985991 0.76685971
vn -0.655756891 0.374119937 0.655756891
vn -0.493076533 0.3353737 0.802745342
vn -0.41520226 0.303075254 0.857760131
vn -0.431461245 0.26970765 0.860871017
vn -0.437931716 0.21462144 0.873013973
vn -0.333387524 0.332104504 0.882360101
vn -0.256443292 0.127144232 0.958160281
vn -0.457072496 0.390799731 0.798974574
vn -0.455047488 0.403305471 0.793899536
vn -0.302007556 0.416508764 0.857503235
vn -0.338471591 0.537177384 0.772578478
vn -0.349863678 0.568062723 0.744916201
vn -0.252139896 0.434185028 0.864817202
vn -0.177168638 0.394502372 0.901653588
vn -0.171685055 0.201375261 0.9643507
vn -0.232201025 0 0.972667813
vn -0 0 1
vn -0 0.219350263 0.975646198
vn -2.79362837E-07 0.380825162 0.924647093
vn -0.371480256 0.588086843 0.718440175
vn -0.361032873 0.648994207 0.669672787
vn -0.360943675 0.649439692 0.669288993
vn -0.348986179 0.710198104 0.611414135
vn -0.330184668 0.748523951 0.575056553
vn -0.31439358 0.787275672 0.530427814
vn -0.315661848 0.830525398 0.458895475
vn -0.257007778 0.834299028 0.487741888
vn -0.225144848 0.886474788 0.404317081
vn -0.344744354 0.873099566 0.344744056
vn -0.211512581 0.954214275 0.211512744
vn -0.113745898 0.948516846 0.295597166
vn -0.159930333 0.895353556 0.415649354
vn -0.362830937 0.810219288 0.460324287
vn -0.229375109 0.945925236 0.229374096
vn -0.409358919 0.815383852 0.40935865
vn -0 0.948552191 0.316620737
vn -0 0.926627994 0.375979513
vn -0.109366521 0.987966537 0.109366283
vn -0 0.987959683 0.154711753
vn -0 1 0
vn -0.66358012 0.747267902 -0.0353865623
vn -0.0701668561 0.995064497 0.0701659247
vn -0.616908014 0.488719046 0.61691016
vn -0.707106709 0 0.707106888
vn -0.703326583 0.103264354 0.703326523
vn -0.629801095 0.0989634618 0.770426452
vn -0.617859781 0.0880489126 0.781342804
vn -0.610189855 0.0718392357 0.788991332
vn -0.608769298 0 0.793347359
vn -0.610189736 -0.0718394369 0.788991451
vn -0.617859781 -0.0880491808 0.781342804
vn -0.629801154 -0.098963514 0.770426333
vn -0.703326583 -0.103264488 0.703326523
vn -0.703326583 -0.103264488 0.703326523
vn -0.770426095 -0.0989637375 0.629801393
vn -0.781342447 -0.0880491361 0.617860258
vn -0.788991392 -0.0718396604 0.610189795
vn -0.79334718 4.4941487E-07 0.608769476
vn -0.788991451 0.0718399659 0.610189736
vn -0.781342685 0.0880492106 0.61785996
vn -0.770426214 0.0989637896 0.629801273
vn -0.703326583 0.103264354 0.703326523
vn -0.52314502 0.502351701 0.688448966
vn -0.51128453 0.498537391 0.700034738
vn -0.609624445 0.506671846 0.609624326
vn -0.484971613 0.478138596 0.732247293
vn -0.51968801 0.502872229 0.690683603
vn -0.610942781 0.503484547 0.610943735
vn -0.474259198 0.46652934 0.746611416
vn -0.47729367 0.466633707 0.744609833
vn -0.508637846 0.544943869 0.666576147
vn -0.477743059 0.466682523 0.744290888
vn -0.485327303 0.472345769 0.735762835
vn -0.516653836 0.56168741 0.646201253
vn -0.479291856 0.467552453 0.742747664
vn -0.509080648 0.592255712 0.624555945
vn -0.501556337 0.617449164 0.605968475
vn -0.504443765 0.514995277 0.693048656
vn -0.476827443 0.688839614 0.546017945
vn -0.477960706 0.6565274 0.583545506
vn -0.535178185 0.653581858 0.535177648
vn -0.535178185 0.653581858 0.535177648
vn -0.434440225 0.744617045 0.506761432
vn -0.412543893 0.759681046 0.50268507
vn -0.41254437 0.759680092 0.502686083
vn -0.458548069 0.761226833 0.458549261
vn -0.458548069 0.761226833 0.458549261
vn -0.0839935914 0.992920041 0.0839929357
vn -0.587063193 0.809282124 0.0204741843
vn -0.527421534 0.830733001 -0.178071067
vn -0.0839935914 0.992920041 0.0839929283
vn -0.907844245 0.405396461 -0.107110135
vn -0.874423087 0.478264242 0.0815324038
vn -0.967538178 -0.0269394554 0.251284957
vn -0.965039551 -0.0338598117 0.25990817
vn -0.691643417 -0.20798488 0.691644132
vn -0.691643417 -0.20798488 0.691644132
vn -0.579535544 0.572954834 0.579535425
vn -0.579535902 0.572952271 0.579537511
vn -0.579534531 0.572955966 0.579535365
vn -0.579534173 0.572956443 0.579535246
vn 0.0443693958 0.998029351 -0.0443707816
vn 0.0443693958 0.998029351 -0.0443707816
vn 0.0788956285 0.996835351 -0.00973636098
vn 0.0788956285 0.996835351 -0.00973636098
vn -0.704726338 -0.0820019618 0.704724371
vn -0.66307956 -0.0818663761 0.744058728
vn -0.66307956 -0.0818663687 0.744058728
vn -0.704726279 -0.0820019469 0.704724371
vn -0.431596696 0.695995212 0.573859751
vn -0.505292118 0.699543536 0.505290568
vn -0.505292177 0.699543595 0.505290568
vn -0.431596696 0.695995212 0.573859751
vn 0.181558818 0.866808891 0.464412332
vn 0.181558818 0.866808832 0.464412332
vn 0.181558818 0.866808891 0.464412332
vn 0.181558818 0.866808891 0.464412332
vn -0.706743181 0.703142941 -0.0781287402
vn -0.706743181 0.703142941 -0.0781287402
vn -0.706743181 0.703142941 -0.0781287402
vn -0.706743181 0.703142941 -0.0781287402
vn 0.0192819256 -0.0245166812 0.999513447
vn 0.0192819256 -0.0245166793 0.999513447
vn 0.0192819238 -0.0245166793 0.999513447
vn 0.0192819256 -0.0245166775 0.999513447
vn -0.515176296 0.508158505 0.690194428
vn -0.515176356 0.508158565 0.690194309
vn -0.515176356 0.508158565 0.690194309
vn -0.515176296 0.508158565 0.690194368
vn 0.237979472 0.608303249 0.757187545
vn 0.177819982 0.547891676 0.817431808
vn 0.178257495 0.548181593 0.817142069
vn 0.238110542 0.608516574 0.756974816
vn 0.0908309445 0.509919643 0.855413198
vn 0.090109624 0.509733856 0.855600178
vn -0 0.497007161 0.867746472
vn -0 0.497007161 0.867746472
vn 0.259402633 0.681249917 0.684550107
vn 0.259402633 0.681249738 0.684550226
vn 0.0901094228 0.853127003 0.513862431
vn 0.177819997 0.814774632 0.551835418
vn 0.178257629 0.814483404 0.552124143
vn 0.0908308923 0.852939129 0.514047265
vn 0.238110662 0.754025161 0.612167835
vn 0.237979516 0.754239023 0.611955285
vn -0 0.86533469 0.501194417
vn -0 0.865334749 0.501194358
vn 0.259402633 0.681249738 0.684550226
vn 0.259402633 0.681249917 0.684550107
vn -0.471400976 1.31452097E-07 0.881919026
vn -0.869310737 -0.188440129 0.456934512
vn -0.869310737 -0.188440144 0.456934512
vn -0.869310737 -0.188440129 0.456934452
vn -0.869310737 -0.188440129 0.456934452
vn -0.864148855 0.46643132 -0.188914075
vn -0.864148855 0.46643129 -0.188914075
vn -0.864148855 0.46643132 -0.188914075
vn -0.864148855 0.46643132 -0.188914046
vn 0.0109045925 0.442803264 0.896552444
vn -0.493798226 -0.0978823155 0.864049971
vn -0.630022824 0.555426419 0.542745531
vn -0.733297348 0.2476345 0.633207858
vn -0.732778072 0.24785547 0.633722246
vn -0.681873262 0.264759332 0.681873441
vn -0.681873262 0.264759332 0.681873441
vn -0.806016505 0.188281253 0.561148465
vn -0.805884182 0.188455135 0.561280072
vn -0.853139222 0.0890190154 0.514032185
vn -0.853219569 0.0887170061 0.513951063
vn -0.867301881 -1.06431749E-07 0.497782469
vn -0.867301881 -1.06715582E-07 0.497782528
vn 0.181089863 -0.974675238 0.131204665
vn 0.203881532 -0.964328766 0.168826476
vn 0.0401601084 -0.998385906 -0.0401598141
vn 0.0401601158 -0.998385906 -0.0401598141
vn 0.17485176 -0.963012934 0.205019504
vn 0.156476483 -0.969169378 0.190330565
vn -0.58809334 -0.756120086 -0.287103981
vn -0.563899279 -0.778437912 -0.275775373
vn -0.790918648 -0.547488332 -0.273320735
vn -0.759407222 -0.582625926 -0.289564788
vn -0.965439558 0.185903534 0.182664394
vn -0.967746079 0.178931773 0.177344173
vn -0.972650051 0.191743776 0.131095856
vn -0.967883945 0.20359759 0.147474334
vn -0.998232484 0.0445785597 -0.0393029936
vn -0.998217046 0.0376546867 -0.0463117398
vn -0.973422945 -0.131097421 -0.187779576
vn -0.964618444 -0.162519768 -0.207602069
vn -0.965026438 -0.191018298 -0.179544032
vn -0.970202625 -0.178207263 -0.164161503
vn -0.834501386 0.270945698 0.47978726
vn -0.805612266 0.290054649 0.516582191
vn -0.659345746 0.36128372 0.659346163
vn -0.659345806 0.36128366 0.659346044
vn -0.655756831 -0.374119848 0.65575701
vn -0.655756891 -0.374119878 0.65575695
vn -0.536686122 -0.351985872 0.766859829
vn -0.572544575 -0.372192323 0.730524242
vn -0.493076384 -0.335373729 0.802745342
vn -0.415202349 -0.303075224 0.857760131
vn -0.431461215 -0.269707501 0.860871077
vn -0.437931716 -0.21462141 0.873014033
vn -0.333387375 -0.332104504 0.88236016
vn -0.256443173 -0.127144247 0.958160341
vn -0.457072765 -0.390799671 0.798974395
vn -0.455047935 -0.403305411 0.793899298
vn -0.302007705 -0.416508794 0.857503235
vn -0.338471532 -0.537177384 0.772578478
vn -0.349863589 -0.568062723 0.74491626
vn -0.252139926 -0.434184968 0.864817202
vn -0.177168563 -0.394502342 0.901653588
vn -0.171684995 -0.201375246 0.9643507
vn -0.232201025 0 0.972667813
vn -0 0 1
vn -0 -0.219350263 0.975646198
vn 2.79362837E-07 -0.380825162 0.924647093
vn -0.371480048 -0.588086843 0.718440235
vn -0.361032903 -0.648994207 0.669672906
vn -0.360943615 -0.649439692 0.669289052
vn -0.348986387 -0.710197926 0.611414313
vn -0.330184758 -0.748523831 0.575056612
vn -0.314393699 -0.787275612 0.530427933
vn -0.315661907 -0.830525458 0.458895475
vn -0.257007778 -0.834299028 0.487741888
vn -0.225144848 -0.886474788 0.404317081
vn -0.344744354 -0.873099566 0.344743997
vn -0.211512566 -0.954214215 0.211512789
vn -0.113745905 -0.948516846 0.295597166
vn -0.159930348 -0.895353556 0.415649354
vn -0.362831026 -0.810219228 0.460324258
vn -0.229375198 -0.945925295 0.229373947
vn -0.409358919 -0.815383911 0.409358412
vn -0 -0.948552191 0.316620737
vn -0 -0.926627994 0.375979513
vn -0.109366514 -0.987966537 0.109366514
vn -0 -0.987959683 0.154711753
vn -0 -1 0
vn -0.66358006 -0.747267842 -0.0353867561
vn -0.0701670051 -0.995064497 0.0701657385
vn -0.616908193 -0.488719195 0.616909981
vn -0.523144603 -0.502351761 0.688449323
vn -0.609624505 -0.506671667 0.609624207
vn -0.51128453 -0.498537272 0.700034797
vn -0.484971613 -0.478138536 0.732247233
vn -0.519687474 -0.502872348 0.690683901
vn -0.610943019 -0.503484666 0.610943258
vn -0.474259019 -0.466529667 0.746611357
vn -0.47729364 -0.466633737 0.744609773
vn -0.508637786 -0.54494375 0.666576266
vn -0.477743059 -0.466682613 0.744290888
vn -0.485327244 -0.472345799 0.735762835
vn -0.516653895 -0.561687171 0.646201432
vn -0.479290992 -0.467553109 0.742747784
vn -0.509080768 -0.592255592 0.624556005
vn -0.501556396 -0.617449045 0.605968535
vn -0.504443765 -0.514995217 0.693048656
vn -0.476827502 -0.688839614 0.546017885
vn -0.477960676 -0.656527042 0.583545864
vn -0.535177946 -0.653581738 0.535177946
vn -0.535178006 -0.653581738 0.535178006
vn -0.434440553 -0.744617164 0.506760955
vn -0.412544191 -0.759680688 0.502685308
vn -0.412544847 -0.759679973 0.502685845
vn -0.458548278 -0.76122719 0.458548337
vn -0.458548278 -0.76122719 0.458548278
vn -0.0839935616 -0.992920101 0.0839924589
vn -0.083993569 -0.992920101 0.0839924589
vn -0.527421474 -0.830732942 -0.178071216
vn -0.587063015 -0.809282303 0.0204740893
vn -0.907844126 -0.40539673 -0.107109934
vn -0.874422967 -0.478264481 0.0815325528
vn -0.967538297 0.0269396883 0.25128457
vn -0.965039611 0.0338600539 0.259907782
vn -0.691643596 0.207985356 0.691643894
vn -0.691643596 0.207985356 0.691643894
vn -0.579535604 -0.572955072 0.579535186
vn -0.579535365 -0.572952926 0.579537511
vn -0.579534829 -0.57295543 0.579535544
vn -0.579535067 -0.572955728 0.579535067
vn 0.0443695374 -0.998029411 -0.0443693995
vn 0.0788957328 -0.996835291 -0.00973637402
vn 0.0788957402 -0.996835291 -0.00973637588
vn 0.0443695411 -0.998029411 -0.044369407
vn -0.704726338 0.0820036083 0.704724193
vn -0.704726398 0.0820036083 0.704724193
vn -0.663078964 0.0818680823 0.744059086
vn -0.663078845 0.0818680748 0.744059205
vn -0.431595802 -0.695995927 0.573859513
vn -0.431595773 -0.695995867 0.573859513
vn -0.505291581 -0.699543715 0.505291104
vn -0.505291581 -0.699543655 0.505291045
vn 0.181558073 -0.866808474 0.464413285
vn 0.181558087 -0.866808474 0.464413285
vn 0.181558073 -0.866808474 0.464413285
vn 0.181558073 -0.866808534 0.464413255
vn -0.706743479 -0.703142464 -0.0781301036
vn -0.706743479 -0.703142464 -0.0781301036
vn -0.706743419 -0.703142524 -0.0781301036
vn -0.706743479 -0.703142464 -0.0781301036
vn 0.0192830227 0.024516644 0.999513447
vn 0.0192830227 0.024516644 0.999513447
vn 0.0192830209 0.0245166421 0.999513447
vn 0.0192830227 0.0245166421 0.999513447
vn -0.515176475 -0.508158207 0.690194488
vn -0.515176415 -0.508158207 0.690194488
vn -0.515176475 -0.508158207 0.690194547
vn -0.515176475 -0.508158207 0.690194547
vn 0.237979546 -0.60830307 0.757187665
vn 0.238110647 -0.608516514 0.756974936
vn 0.17825751 -0.548181415 0.817142129
vn 0.177820027 -0.547891498 0.817431927
vn 0.0908309519 -0.509919643 0.855413198
vn 0.0901096389 -0.509733737 0.855600238
vn -0 -0.497007161 0.867746472
vn -0 -0.497007161 0.867746472
vn 0.259402663 -0.681250036 0.684550047
vn 0.259402663 -0.681249917 0.684550107
vn 0.0901095197 -0.853127062 0.513862312
vn 0.0908309743 -0.852939188 0.514047205
vn 0.178257853 -0.814483404 0.552124023
vn 0.177820191 -0.814774632 0.551835358
vn 0.23811084 -0.754025161 0.612167656
vn 0.23797968 -0.754239082 0.611955166
vn -0 -0.86533469 0.501194417
vn -0 -0.865334749 0.501194358
vn 0.259402663 -0.681249917 0.684550107
vn 0.259402663 -0.681250036 0.684550047
vn -0.471400976 1.31452097E-07 0.881919026
vn -0.869311154 0.188440949 0.456933469
vn -0.869311035 0.188440949 0.456933528
vn -0.869311094 0.188440934 0.456933498
vn -0.869311094 0.188440964 0.456933439
vn -0.864148796 -0.466431618 -0.188913792
vn -0.864148855 -0.466431588 -0.188913763
vn -0.864148796 -0.466431618 -0.188913748
vn -0.864148796 -0.466431618 -0.188913763
vn -0.0681747571 -0.778637052 0.623759985
vn -0 -0.705396116 0.70881331
vn -0 -0.786083639 0.618120134
vn -0.107403837 -0.759453535 0.641634464
vn -0.133681998 -0.731194556 0.668942213
vn -0.142923713 -0.698154867 0.701535821
vn -0.133682042 -0.665401399 0.734418154
vn -0.10740377 -0.637956619 0.762545526
vn -0.0681755245 -0.619989574 0.781642497
vn -2.57210615E-07 -0.614314139 0.789061487
vn 0.068174921 -0.778636873 0.623760283
vn 0.107403778 -0.759453118 0.641634941
vn 0.133681893 -0.731194556 0.668942213
vn 0.0681750178 -0.619989634 0.781642497
vn 0.107403494 -0.6379565 0.762545764
vn 0.133681998 -0.665401101 0.734418511
vn 0.142923698 -0.698154867 0.70153594
vn 0.0109050497 -0.442803085 0.896552622
vn -0.630022705 -0.555426478 0.542745709
vn -0.493797928 0.0978822857 0.86405015
vn 0.733297288 0.247634649 0.633207798
vn 0.681873322 0.264759392 0.681873381
vn 0.681873322 0.264759421 0.681873381
vn 0.732778013 0.247855604 0.633722305
vn 0.806016564 0.188281298 0.561148345
vn 0.805884182 0.188455194 0.561280072
vn 0.853139281 0.0890190601 0.514032066
vn 0.853219628 0.0887170658 0.513950944
vn 0.867301881 1.06431749E-07 0.497782469
vn 0.867301881 1.06715582E-07 0.497782528
vn -0.181090027 -0.974675179 0.131204709
vn -0.0401600711 -0.998385906 -0.0401598513
vn -0.0401600674 -0.998385906 -0.0401598439
vn -0.203881651 -0.964328706 0.168826476
vn -0.174851865 -0.963012815 0.205019876
vn -0.156476632 -0.969169378 0.190331012
vn 0.588093519 -0.756120026 -0.287103653
vn 0.563899398 -0.778437912 -0.275775015
vn 0.790919006 -0.547487915 -0.273320645
vn 0.759407461 -0.582625568 -0.289564729
vn 0.965439558 0.185903832 0.182664216
vn 0.967746079 0.178932071 0.177343979
vn 0.972650051 0.191743985 0.131095812
vn 0.967883885 0.203597799 0.147474274
vn 0.998232484 0.0445787571 -0.0393029153
vn 0.998217046 0.0376548842 -0.0463116467
vn 0.973423004 -0.131097406 -0.187779561
vn 0.964618385 -0.162519872 -0.207602084
vn 0.965026319 -0.191018686 -0.179544196
vn 0.970202506 -0.178207636 -0.164161593
vn 0.834501445 0.27094534 0.479787499
vn 0.805612266 0.290054172 0.516582429
vn 0.659345865 0.361283451 0.659346163
vn 0.659345865 0.361283451 0.659346104
vn 0.655756891 -0.374119937 0.655756891
vn 0.572544396 -0.372192502 0.730524182
vn 0.536686122 -0.351985991 0.76685971
vn 0.655756891 -0.374119937 0.655756891
vn 0.493076533 -0.3353737 0.802745342
vn 0.41520226 -0.303075254 0.857760131
vn 0.431461245 -0.26970765 0.860871017
vn 0.437931716 -0.21462144 0.873013973
vn 0.333387524 -0.332104504 0.882360101
vn 0.256443292 -0.127144232 0.958160281
vn 0.457072496 -0.390799731 0.798974574
vn 0.455047488 -0.403305471 0.793899536
vn 0.302007556 -0.416508764 0.857503235
vn 0.338471591 -0.537177384 0.772578478
vn 0.349863678 -0.568062723 0.744916201
vn 0.252139896 -0.434185028 0.864817202
vn 0.177168638 -0.394502372 0.901653588
vn 0.171685055 -0.201375261 0.9643507
vn 0.232201025 0 0.972667813
vn -0 0 1
vn -0 -0.219350263 0.975646198
vn 2.79362837E-07 -0.380825162 0.924647093
vn 0.371480256 -0.588086843 0.718440175
vn 0.361032873 -0.648994207 0.669672787
vn 0.360943675 -0.649439692 0.669288993
vn 0.348986179 -0.710198104 0.611414135
vn 0.330184668 -0.748523951 0.575056553
vn 0.31439358 -0.787275672 0.530427814
vn 0.315661848 -0.830525398 0.458895475
vn 0.257007778 -0.834299028 0.487741888
vn 0.225144848 -0.886474788 0.404317081
vn 0.344744354 -0.873099566 0.344744056
vn 0.211512581 -0.954214275 0.211512744
vn 0.113745898 -0.948516846 0.295597166
vn 0.159930333 -0.895353556 0.415649354
vn 0.362830937 -0.810219288 0.460324287
vn 0.229375109 -0.945925236 0.229374096
vn 0.409358919 -0.815383852 0.40935865
vn -0 -0.948552191 0.316620737
vn -0 -0.926627994 0.375979513
vn 0.109366521 -0.987966537 0.109366283
vn -0 -0.987959683 0.154711753
vn -0 -1 0
vn 0.66358012 -0.747267902 -0.0353865623
vn 0.0701668561 -0.995064497 0.0701659247
vn 0.616908014 -0.488719046 0.61691016
vn 0.52314502 -0.502351701 0.688448966
vn 0.51128453 -0.498537391 0.700034738
vn 0.609624445 -0.506671846 0.609624326
vn 0.484971613 -0.478138596 0.732247293
vn 0.51968801 -0.502872229 0.690683603
vn 0.610942781 -0.503484547 0.610943735
vn 0.474259198 -0.46652934 0.746611416
vn 0.47729367 -0.466633707 0.744609833
vn 0.508637846 -0.544943869 0.666576147
vn 0.477743059 -0.466682523 0.744290888
vn 0.485327303 -0.472345769 0.735762835
vn 0.516653836 -0.56168741 0.646201253
vn 0.479291856 -0.467552453 0.742747664
vn 0.509080648 -0.592255712 0.624555945
vn 0.501556337 -0.617449164 0.605968475
vn 0.504443765 -0.514995277 0.693048656
vn 0.476827443 -0.688839614 0.546017945
vn 0.477960706 -0.6565274 0.583545506
vn 0.535178185 -0.653581858 0.535177648
vn 0.535178185 -0.653581858 0.535177648
vn 0.434440225 -0.744617045 0.506761432
vn 0.412543893 -0.759681046 0.50268507
vn 0.41254437 -0.759680092 0.502686083
vn 0.458548069 -0.761226833 0.458549261
vn 0.458548069 -0.761226833 0.458549261
vn 0.0839935914 -0.992920041 0.0839929357
vn 0.587063193 -0.809282124 0.0204741843
vn 0.527421534 -0.830733001 -0.178071067
vn 0.0839935914 -0.992920041 0.0839929283
vn 0.907844245 -0.405396461 -0.107110135
vn 0.874423087 -0.478264242 0.0815324038
vn 0.967538178 0.0269394554 0.251284957
vn 0.965039551 0.0338598117 0.25990817
vn 0.691643417 0.20798488 0.691644132
vn 0.691643417 0.20798488 0.691644132
vn 0.579535544 -0.572954834 0.579535425
vn 0.579535902 -0.572952271 0.579537511
vn 0.579534531 -0.572955966 0.579535365
vn 0.579534173 -0.572956443 0.579535246
vn -0.0443693958 -0.998029351 -0.0443707816
vn -0.0443693958 -0.998029351 -0.0443707816
vn -0.0788956285 -0.996835351 -0.00973636098
vn -0.0788956285 -0.996835351 -0.00973636098
vn 0.704726338 0.0820019618 0.704724371
vn 0.66307956 0.0818663761 0.744058728
vn 0.66307956 0.0818663687 0.744058728
vn 0.704726279 0.0820019469 0.704724371
vn 0.431596696 -0.695995212 0.573859751
vn 0.505292118 -0.699543536 0.505290568
vn 0.505292177 -0.699543595 0.505290568
vn 0.431596696 -0.695995212 0.573859751
vn -0.181558818 -0.866808891 0.464412332
vn -0.181558818 -0.866808832 0.464412332
vn -0.181558818 -0.866808891 0.464412332
vn -0.181558818 -0.866808891 0.464412332
vn 0.706743181 -0.703142941 -0.0781287402
vn 0.706743181 -0.703142941 -0.0781287402
vn 0.706743181 -0.703142941 -0.0781287402
vn 0.706743181 -0.703142941 -0.0781287402
vn -0.0192819256 0.0245166812 0.999513447
vn -0.0192819256 0.0245166793 0.999513447
vn -0.0192819238 0.0245166793 0.999513447
vn -0.0192819256 0.0245166775 0.999513447
vn 0.515176296 -0.508158505 0.690194428
vn 0.515176356 -0.508158565 0.690194309
vn 0.515176356 -0.508158565 0.690194309
vn 0.515176296 -0.508158565 0.690194368
vn -0.237979472 -0.608303249 0.757187545
vn -0.177819982 -0.547891676 0.817431808
vn -0.178257495 -0.548181593 0.817142069
vn -0.238110542 -0.608516574 0.756974816
vn -0.0908309445 -0.509919643 0.855413198
vn -0.090109624 -0.509733856 0.855600178
vn -0 -0.497007161 0.867746472
vn -0 -0.497007161 0.867746472
vn -0.259402633 -0.681249917 0.684550107
vn -0.259402633 -0.681249738 0.684550226
vn -0.0901094228 -0.853127003 0.513862431
vn -0.177819997 -0.814774632 0.551835418
vn -0.178257629 -0.814483404 0.552124143
vn -0.0908308923 -0.852939129 0.514047265
vn -0.238110662 -0.754025161 0.612167835
vn -0.237979516 -0.754239023 0.611955285
vn -0 -0.86533469 0.501194417
vn -0 -0.865334749 0.501194358
vn -0.259402633 -0.681249738 0.684550226
vn -0.259402633 -0.681249917 0.684550107
vn 0.471400976 -1.31452097E-07 0.881919026
vn 0.869310737 0.188440129 0.456934512
vn 0.869310737 0.188440144 0.456934512
vn 0.869310737 0.188440129 0.456934452
vn 0.869310737 0.188440129 0.456934452
vn 0.864148855 -0.46643132 -0.188914075
vn 0.864148855 -0.46643129 -0.188914075
vn 0.864148855 -0.46643132 -0.188914075
vn 0.864148855 -0.46643132 -0.188914046
vn -0.0109045925 -0.442803264 0.896552444
vn 0.493798226 0.0978823155 0.864049971
vn 0.630022824 -0.555426419 0.542745531
vn 0.633208156 0.247634441 0.73329711
vn 0.633722603 0.247855365 0.732777834
vn 0.681873322 0.264759421 0.681873381
vn 0.681873322 0.264759392 0.681873381
vn 0.561148703 0.188281178 0.806016326
vn 0.56128031 0.188455045 0.805884063
vn 0.514031947 0.0890193358 0.853139341
vn 0.513950765 0.0887173265 0.853219688
vn 0.49778229 0 0.867302001
vn 0.49778229 0 0.867302001
vn 0.131204307 -0.974675298 -0.181089997
vn 0.168826148 -0.964328825 -0.203881547
vn -0.0401600674 -0.998385906 -0.0401598439
vn -0.0401600711 -0.998385906 -0.0401598513
vn 0.205019668 -0.963012874 -0.174851626
vn 0.190330759 -0.969169378 -0.156476364
vn -0.287103325 -0.756120563 0.588093042
vn -0.275774658 -0.77843833 0.563898981
vn -0.273319989 -0.547488868 0.790918529
vn -0.289564162 -0.582626462 0.759406984
vn 0.182663977 0.18590346 0.965439677
vn 0.177343801 0.178931668 0.967746139
vn 0.131096005 0.191743955 0.972649992
vn 0.147474378 0.203597739 0.967883885
vn -0.0393028222 0.0445785038 0.998232484
vn -0.0463116057 0.0376545973 0.998217106
vn -0.187780112 -0.1310976 0.973422825
vn -0.207602665 -0.162519991 0.964618266
vn -0.179544523 -0.19101873 0.9650262
vn -0.164161906 -0.17820771 0.970202506
vn 0.479786605 0.270945221 0.834501982
vn 0.516581476 0.290054411 0.805612862
vn 0.659345865 0.361283451 0.659346163
vn 0.659345865 0.361283451 0.659346104
vn 0.655756891 -0.374119937 0.655756891
vn 0.655756891 -0.374119937 0.655756891
vn 0.766859829 -0.351985753 0.536686122
vn 0.730524242 -0.372192323 0.572544515
vn 0.802745402 -0.33537367 0.493076414
vn 0.857760012 -0.303075105 0.415202737
vn 0.860870957 -0.269707561 0.431461573
vn 0.873013675 -0.214621544 0.437932342
vn 0.882360101 -0.332104594 0.333387494
vn 0.958160281 -0.127144873 0.256443113
vn 0.798974276 -0.390798897 0.457073689
vn 0.793899834 -0.403304249 0.455048084
vn 0.857503057 -0.416509122 0.302007824
vn 0.77257812 -0.537177682 0.338471919
vn 0.744916081 -0.568062663 0.349864095
vn 0.864816964 -0.434185624 0.252139807
vn 0.901653588 -0.394502342 0.177168548
vn 0.9643507 -0.201375172 0.171685129
vn 0.972667813 -2.02931602E-07 0.232200831
vn 1 0 0
vn 0.975646198 -0.219350263 0
vn 0.924646735 -0.380825907 0
vn 0.718440413 -0.588086665 0.371480167
vn 0.669673026 -0.648994088 0.361032933
vn 0.669289172 -0.649439514 0.360943645
vn 0.611414254 -0.710198045 0.348986
vn 0.575056732 -0.748523712 0.330184847
vn 0.530428112 -0.787275314 0.314393938
vn 0.458895445 -0.830525339 0.315662265
vn 0.48774159 -0.834299028 0.257008463
vn 0.404316783 -0.886474967 0.22514455
vn 0.344744354 -0.873099566 0.344744056
vn 0.211512581 -0.954214275 0.211512744
vn 0.295597225 -0.948516786 0.113746084
vn 0.415648937 -0.895353675 0.159930363
vn 0.460324407 -0.810219228 0.362830937
vn 0.229375109 -0.945925236 0.229374096
vn 0.409358919 -0.815383852 0.40935865
vn 0.316620588 -0.948552251 1.85071059E-07
vn 0.375979573 -0.926627994 2.64656592E-07
vn 0.109366521 -0.987966537 0.109366283
vn 0.154711798 -0.987959683 -1.56270843E-07
vn -0 -1 0
vn -0.0353867561 -0.747267425 0.663580596
vn 0.0701668561 -0.995064497 0.0701659247
vn 0.616908014 -0.488719046 0.61691016
vn 0.688448966 -0.502352297 0.523144364
vn 0.609624445 -0.506671846 0.609624326
vn 0.700034976 -0.498537362 0.511284232
vn 0.732247412 -0.478138387 0.484971613
vn 0.690683305 -0.502873302 0.519687474
vn 0.610942781 -0.503484547 0.610943735
vn 0.74661082 -0.466530561 0.474258929
vn 0.744609654 -0.466633797 0.477293789
vn 0.666576326 -0.544943929 0.508637488
vn 0.744291008 -0.466682553 0.477742821
vn 0.735763192 -0.472345173 0.485327214
vn 0.646200836 -0.561688483 0.516653299
vn 0.742747545 -0.467554867 0.479289621
vn 0.624555826 -0.592255831 0.509080589
vn 0.605968475 -0.617449284 0.501556218
vn 0.693049252 -0.514994502 0.504443765
vn 0.546017885 -0.688839614 0.476827443
vn 0.583546042 -0.656526983 0.477960646
vn 0.535178185 -0.653581858 0.535177648
vn 0.535178185 -0.653581858 0.535177648
vn 0.506761134 -0.744616866 0.434440911
vn 0.502687216 -0.759679377 0.41254428
vn 0.502686918 -0.759678781 0.412545741
vn 0.458548069 -0.761226833 0.458549261
vn 0.458548069 -0.761226833 0.458549261
vn 0.0839935914 -0.992920041 0.0839929357
vn 0.0839935914 -0.992920041 0.0839929283
vn -0.178070396 -0.830732942 0.527421713
vn 0.020474473 -0.809282064 0.587063372
vn -0.107109264 -0.405395746 0.907844603
vn 0.0815331563 -0.478263885 0.874423206
vn 0.251285255 0.026939122 0.967538059
vn 0.259908527 0.0338594355 0.965039432
vn 0.691643417 0.20798488 0.691644132
vn 0.691643417 0.20798488 0.691644132
vn 0.579535544 -0.572954834 0.579535425
vn 0.579535902 -0.572952271 0.579537511
vn 0.579534948 -0.57295686 0.579533994
vn 0.579534173 -0.572956443 0.579535246
vn -0.0443693958 -0.998029351 -0.0443707816
vn -0.00973707624 -0.996835053 -0.0788989663
vn -0.00973707624 -0.996835053 -0.0788989663
vn -0.0443693958 -0.998029351 -0.0443707816
vn 0.704726338 0.0820019618 0.704724371
vn 0.704726279 0.0820019469 0.704724371
vn 0.744060576 0.0818684474 0.663077176
vn 0.744060576 0.0818684474 0.663077176
vn 0.573861361 -0.695994914 0.431595057
vn 0.573861301 -0.695994914 0.431595057
vn 0.505292177 -0.699543595 0.505290568
vn 0.505292118 -0.699543536 0.505290568
vn 0.464414507 -0.866808534 -0.181554839
vn 0.464414567 -0.866808534 -0.181554839
vn 0.464414567 -0.866808534 -0.181554854
vn 0.464414507 -0.866808534 -0.181554839
vn -0.0781292766 -0.703141749 0.706744254
vn -0.0781292766 -0.703141749 0.706744254
vn -0.0781292766 -0.703141749 0.706744254
vn -0.0781292841 -0.703141809 0.706744254
vn 0.999513507 0.0245159343 -0.0192795023
vn 0.999513507 0.0245159306 -0.0192795023
vn 0.999513507 0.0245159324 -0.0192795042
vn 0.999513507 0.0245159362 -0.0192795061
vn 0.690194726 -0.508158088 0.515176356
vn 0.690194726 -0.508158088 0.515176296
vn 0.690194666 -0.508158088 0.515176296
vn 0.690194666 -0.508158207 0.515176356
vn 0.757187366 -0.608303308 -0.237979755
vn 0.756974578 -0.608516812 -0.238110825
vn 0.817142129 -0.548181415 -0.178257793
vn 0.817431927 -0.547891438 -0.17782028
vn 0.855413318 -0.509919405 -0.0908309147
vn 0.855600357 -0.509733617 -0.0901096016
vn 0.867746472 -0.497007191 0
vn 0.867746472 -0.497007161 0
vn 0.684549868 -0.681250036 -0.259402692
vn 0.684549928 -0.681249976 -0.259402692
vn 0.513862371 -0.853127062 -0.0901092961
vn 0.514047325 -0.852939069 -0.0908307657
vn 0.552123904 -0.814483464 -0.178257942
vn 0.551835239 -0.814774692 -0.177820295
vn 0.612167597 -0.75402528 -0.238110721
vn 0.611955047 -0.754239142 -0.237979576
vn 0.501194715 -0.865334511 0
vn 0.501194715 -0.86533457 0
vn 0.684549928 -0.681249976 -0.259402692
vn 0.684549868 -0.681250036 -0.259402692
vn 0.881920159 0 0.471398771
vn 0.45693472 0.188437656 0.869311154
vn 0.45693478 0.18843767 0.869311154
vn 0.45693478 0.1884377 0.869311154
vn 0.45693478 0.188437656 0.869311154
vn -0.188918427 -0.466431141 0.864148021
vn -0.188918397 -0.466431022 0.86414808
vn -0.188918427 -0.466431081 0.86414808
vn -0.188918427 -0.466431111 0.86414808
vn 0.623760462 -0.778636754 0.0681742281
vn 0.708813488 -0.705395937 0
vn 0.618120551 -0.786083281 -3.88773856E-07
vn 0.641634047 -0.759453773 0.107404858
vn 0.668941855 -0.731194735 0.133682281
vn 0.701536715 -0.698154032 0.14292331
vn 0.73441869 -0.665400743 0.133682325
vn 0.762545526 -0.637956619 0.107403763
vn 0.781642318 -0.619989932 0.0681740269
vn 0.789061725 -0.6143139 -1.28605379E-07
vn 0.623760462 -0.778636694 -0.0681744888
vn 0.641634166 -0.759453595 -0.107404754
vn 0.668942332 -0.731194377 -0.133682355
vn 0.781642437 -0.619989872 -0.0681740344
vn 0.762545466 -0.637956738 -0.107403368
vn 0.734418631 -0.665400863 -0.133682176
vn 0.701536894 -0.698153973 -0.142923474
vn 0.896552384 -0.442803413 -0.0109053999
vn 0.542745411 -0.555426478 0.630022883
vn 0.864049971 0.097881861 0.493798316
vn 0.633208096 0.24763453 -0.733297169
vn 0.681873262 0.264759332 -0.681873441
vn 0.681873262 0.264759332 -0.681873441
vn 0.633722484 0.247855455 -0.732777894
vn 0.561148643 0.188281253 -0.806016326
vn 0.56128031 0.188455135 -0.805884063
vn 0.514031947 0.0890193433 -0.853139341
vn 0.513950765 0.0887173265 -0.853219628
vn 0.49778229 0 -0.867302001
vn 0.49778229 0 -0.867302001
vn 0.131204247 -0.974675298 0.181089923
vn -0.0401601158 -0.998385906 0.0401598141
vn -0.0401601084 -0.998385906 0.0401598141
vn 0.168826118 -0.964328825 0.203881428
vn 0.205019683 -0.963012934 0.174851507
vn 0.190330759 -0.969169378 0.156476259
vn -0.287103474 -0.756120563 -0.588092923
vn -0.275774807 -0.77843833 -0.563898861
vn -0.27331987 -0.547488868 -0.790918589
vn -0.289564103 -0.582626522 -0.759407043
vn 0.182664007 0.185903326 -0.965439677
vn 0.177343816 0.178931475 -0.967746198
vn 0.131095916 0.191743881 -0.972650051
vn 0.147474289 0.203597665 -0.967883945
vn -0.0393026508 0.0445784926 -0.998232484
vn -0.0463114269 0.0376545899 -0.998217106
vn -0.187780038 -0.131097659 -0.973422825
vn -0.207602739 -0.162520051 -0.964618206
vn -0.179544851 -0.191018865 -0.96502614
vn -0.164162204 -0.178207874 -0.970202446
vn 0.479786694 0.270945221 -0.834501863
vn 0.516581655 0.29005444 -0.805612743
vn 0.659345746 0.36128372 -0.659346163
vn 0.659345806 0.36128366 -0.659346044
vn 0.655756831 -0.374119848 -0.65575701
vn 0.730524182 -0.372192472 -0.572544515
vn 0.766859829 -0.351985753 -0.536686242
vn 0.655756891 -0.374119878 -0.65575695
vn 0.802745402 -0.335373461 -0.493076473
vn 0.857760072 -0.303075045 -0.415202618
vn 0.860870957 -0.269707561 -0.431461513
vn 0.873013675 -0.21462144 -0.437932312
vn 0.882360101 -0.332104534 -0.333387494
vn 0.958160341 -0.127144501 -0.256443113
vn 0.798974276 -0.390798897 -0.457073659
vn 0.793899894 -0.403304189 -0.455048025
vn 0.857503057 -0.416509032 -0.302007765
vn 0.772578061 -0.537177801 -0.33847174
vn 0.744916022 -0.568062723 -0.349863976
vn 0.864817023 -0.434185505 -0.252139807
vn 0.901653528 -0.394502401 -0.177168533
vn 0.9643507 -0.201375097 -0.171685144
vn 0.972667813 2.05090458E-07 -0.232200831
vn 1 0 0
vn 0.975646198 -0.219350263 0
vn 0.924646735 -0.380825907 0
vn 0.718440294 -0.588086724 -0.371480107
vn 0.669672966 -0.648994148 -0.361032993
vn 0.669289112 -0.649439573 -0.360943764
vn 0.611414254 -0.710197985 -0.348986268
vn 0.575056672 -0.748523712 -0.330184937
vn 0.530428112 -0.787275314 -0.314393967
vn 0.458895445 -0.830525339 -0.315662086
vn 0.487741619 -0.834299088 -0.257008165
vn 0.404316813 -0.886474967 -0.225144431
vn 0.344744354 -0.873099566 -0.344743967
vn 0.211512566 -0.954214215 -0.211512789
vn 0.295597196 -0.948516786 -0.113746099
vn 0.415649056 -0.895353675 -0.159930021
vn 0.460324496 -0.810219228 -0.362830848
vn 0.229375198 -0.945925295 -0.229373947
vn 0.409358919 -0.815383911 -0.409358412
vn 0.316620588 -0.948552251 1.85071059E-07
vn 0.375979573 -0.926627994 2.64656592E-07
vn 0.109366521 -0.987966537 -0.109366499
vn 0.154711798 -0.987959683 -1.56270843E-07
vn -0 -1 0
vn -0.0353866331 -0.747267663 -0.663580298
vn 0.0701669902 -0.995064497 -0.070165731
vn 0.616908252 -0.488719165 -0.616909981
vn 0.707106829 0 -0.707106769
vn 0.703326583 -0.103264488 -0.703326523
vn 0.770426095 -0.0989637375 -0.629801393
vn 0.781342447 -0.0880491361 -0.617860258
vn 0.788991392 -0.0718396604 -0.610189795
vn 0.79334718 4.4941487E-07 -0.608769476
vn 0.788991451 0.0718399659 -0.610189736
vn 0.781342685 0.0880492106 -0.61785996
vn 0.770426214 0.0989637896 -0.629801273
vn 0.703326583 0.103264354 -0.703326523
vn 0.629801154 -0.098963514 -0.770426333
vn 0.703326583 -0.103264488 -0.703326523
vn 0.617859781 -0.0880491808 -0.781342804
vn 0.610189736 -0.0718394369 -0.788991451
vn 0.608769298 0 -0.793347359
vn 0.610189855 0.0718392357 -0.788991332
vn 0.617859781 0.0880489126 -0.781342804
vn 0.629801095 0.0989634618 -0.770426452
vn 0.703326583 0.103264354 -0.703326523
vn 0.688449264 -0.502352118 -0.523144305
vn 0.700035155 -0.498537064 -0.511284292
vn 0.609624565 -0.506671667 -0.609624267
vn 0.732247412 -0.478138 -0.484971821
vn 0.690683305 -0.502873242 -0.519687414
vn 0.610943019 -0.503484666 -0.610943258
vn 0.746610403 -0.46653071 -0.474259436
vn 0.744609773 -0.466633439 -0.477293998
vn 0.666576326 -0.544943929 -0.508637547
vn 0.744291186 -0.466681957 -0.477743119
vn 0.735763311 -0.472344697 -0.485327482
vn 0.646200836 -0.561688304 -0.516653359
vn 0.742747486 -0.467553943 -0.479290605
vn 0.624555767 -0.59225595 -0.509080529
vn 0.605968177 -0.617449403 -0.501556218
vn 0.693049133 -0.514994323 -0.504443944
vn 0.546017766 -0.688839614 -0.476827592
vn 0.583545804 -0.656527162 -0.477960646
vn 0.535177946 -0.653581738 -0.535177946
vn 0.535178006 -0.653581738 -0.535178006
vn 0.506761134 -0.744616926 -0.434440821
vn 0.502687097 -0.759679198 -0.412544817
vn 0.502686918 -0.759679139 -0.412545145
vn 0.458548278 -0.76122719 -0.458548337
vn 0.458548278 -0.76122719 -0.458548278
vn 0.0839935616 -0.992920101 -0.0839924589
vn 0.0204746891 -0.809282422 -0.587062776
vn -0.178070143 -0.830733359 -0.527421176
vn 0.083993569 -0.992920101 -0.0839924589
vn -0.107109033 -0.405395895 -0.907844603
vn 0.081533514 -0.478264213 -0.874423027
vn 0.251285195 0.0269393045 -0.967538118
vn 0.259908378 0.033859618 -0.965039492
vn 0.691643596 0.207985356 -0.691643894
vn 0.691643596 0.207985356 -0.691643894
vn 0.579535604 -0.572955012 -0.579535127
vn 0.579535365 -0.572952926 -0.579537511
vn 0.579535544 -0.572957098 -0.579533279
vn 0.579535067 -0.572955728 -0.579535067
vn -0.0443695374 -0.998029411 0.0443693995
vn -0.0443695411 -0.998029411 0.044369407
vn -0.00973727554 -0.996835291 0.0788961723
vn -0.00973727554 -0.996835291 0.0788961649
vn 0.704726338 0.0820036083 -0.704724193
vn 0.744061351 0.0818700194 -0.663076162
vn 0.74406141 0.0818700269 -0.663076162
vn 0.704726398 0.0820036083 -0.704724193
vn 0.573861003 -0.695994496 -0.43159616
vn 0.505291581 -0.699543655 -0.505291045
vn 0.505291581 -0.699543715 -0.505291104
vn 0.573861003 -0.695994437 -0.43159619
vn 0.464416176 -0.866807342 0.18155618
vn 0.464416236 -0.866807342 0.181556165
vn 0.464416176 -0.866807342 0.18155618
vn 0.464416176 -0.866807342 0.18155618
vn -0.0781285167 -0.70314163 -0.706744492
vn -0.0781285167 -0.70314163 -0.706744492
vn -0.0781285241 -0.70314163 -0.706744492
vn -0.0781285241 -0.70314163 -0.706744492
vn 0.999513566 0.0245144088 0.0192794595
vn 0.999513566 0.0245144106 0.0192794614
vn 0.999513566 0.0245144069 0.0192794595
vn 0.999513566 0.0245144088 0.0192794576
vn 0.690194905 -0.50815779 -0.515176296
vn 0.690194905 -0.50815779 -0.515176356
vn 0.690194964 -0.50815773 -0.515176356
vn 0.690194905 -0.50815779 -0.515176356
vn 0.757187486 -0.60830313 0.23797971
vn 0.817431927 -0.547891378 0.177820235
vn 0.817142129 -0.548181415 0.178257778
vn 0.756974697 -0.608516693 0.238110825
vn 0.855413258 -0.509919524 0.0908308327
vn 0.855600238 -0.509733677 0.0901095048
vn 0.867746472 -0.497007191 0
vn 0.867746472 -0.497007161 0
vn 0.684549928 -0.681250095 0.259402633
vn 0.684550047 -0.681250036 0.259402722
vn 0.513862371 -0.853127062 0.0901092738
vn 0.551835239 -0.814774692 0.177820235
vn 0.552123904 -0.814483523 0.178257912
vn 0.514047325 -0.852939069 0.0908307508
vn 0.612167716 -0.754025221 0.238110751
vn 0.611955106 -0.754239142 0.237979576
vn 0.501194715 -0.865334511 0
vn 0.501194715 -0.86533457 0
vn 0.684550047 -0.681250036 0.259402722
vn 0.684549928 -0.681250095 0.259402633
vn 0.881920159 0 -0.471398771
vn 0.456935942 0.188437626 -0.869310498
vn 0.456935912 0.188437626 -0.869310558
vn 0.456935912 0.188437626 -0.869310558
vn 0.456935912 0.188437626 -0.869310558
vn -0.18891786 -0.466431558 -0.864147961
vn -0.18891786 -0.466431558 -0.864147961
vn -0.18891786 -0.466431558 -0.864147961
vn -0.188917905 -0.466431558 -0.864147961
vn 0.896552444 -0.442803323 0.0109052388
vn 0.864049971 0.0978820994 -0.493798316
vn 0.542745471 -0.555426657 -0.630022705
vn 0.633208156 -0.247634441 -0.73329711
vn 0.633722603 -0.247855365 -0.732777834
vn 0.681873322 -0.264759421 -0.681873381
vn 0.681873322 -0.264759392 -0.681873381
vn 0.561148703 -0.188281178 -0.806016326
vn 0.56128031 -0.188455045 -0.805884063
vn 0.514031947 -0.0890193358 -0.853139341
vn 0.513950765 -0.0887173265 -0.853219688
vn 0.49778229 0 -0.867302001
vn 0.49778229 0 -0.867302001
vn 0.131204307 0.974675298 0.181089997
vn 0.168826148 0.964328825 0.203881547
vn -0.0401600674 0.998385906 0.0401598439
vn -0.0401600711 0.998385906 0.0401598513
vn 0.205019668 0.963012874 0.174851626
vn 0.190330759 0.969169378 0.156476364
vn -0.287103325 0.756120563 -0.588093042
vn -0.275774658 0.77843833 -0.563898981
vn -0.273319989 0.547488868 -0.790918529
vn -0.289564162 0.582626462 -0.759406984
vn 0.182663977 -0.18590346 -0.965439677
vn 0.177343801 -0.178931668 -0.967746139
vn 0.131096005 -0.191743955 -0.972649992
vn 0.147474378 -0.203597739 -0.967883885
vn -0.0393028222 -0.0445785038 -0.998232484
vn -0.0463116057 -0.0376545973 -0.998217106
vn -0.187780112 0.1310976 -0.973422825
vn -0.207602665 0.162519991 -0.964618266
vn -0.179544523 0.19101873 -0.9650262
vn -0.164161906 0.17820771 -0.970202506
vn 0.479786605 -0.270945221 -0.834501982
vn 0.516581476 -0.290054411 -0.805612862
vn 0.659345865 -0.361283451 -0.659346163
vn 0.659345865 -0.361283451 -0.659346104
vn 0.655756891 0.374119937 -0.655756891
vn 0.655756891 0.374119937 -0.655756891
vn 0.766859829 0.351985753 -0.536686122
vn 0.730524242 0.372192323 -0.572544515
vn 0.802745402 0.33537367 -0.493076414
vn 0.857760012 0.303075105 -0.415202737
vn 0.860870957 0.269707561 -0.431461573
vn 0.873013675 0.214621544 -0.437932342
vn 0.882360101 0.332104594 -0.333387494
vn 0.958160281 0.127144873 -0.256443113
vn 0.798974276 0.390798897 -0.457073689
vn 0.793899834 0.403304249 -0.455048084
vn 0.857503057 0.416509122 -0.302007824
vn 0.77257812 0.537177682 -0.338471919
vn 0.744916081 0.568062663 -0.349864095
vn 0.864816964 0.434185624 -0.252139807
vn 0.901653588 0.394502342 -0.177168548
vn 0.9643507 0.201375172 -0.171685129
vn 0.972667813 2.05090458E-07 -0.232200831
vn 1 0 0
vn 0.975646198 0.219350263 0
vn 0.924646735 0.380825907 0
vn 0.718440413 0.588086665 -0.371480167
vn 0.669673026 0.648994088 -0.361032933
vn 0.669289172 0.649439514 -0.360943645
vn 0.611414254 0.710198045 -0.348986
vn 0.575056732 0.748523712 -0.330184847
vn 0.530428112 0.787275314 -0.314393938
vn 0.458895445 0.830525339 -0.315662265
vn 0.48774159 0.834299028 -0.257008463
vn 0.404316783 0.886474967 -0.22514455
vn 0.344744354 0.873099566 -0.344744056
vn 0.211512566 0.954214215 -0.211512744
vn 0.295597225 0.948516786 -0.113746084
vn 0.415648937 0.895353675 -0.159930363
vn 0.460324407 0.810219228 -0.362830937
vn 0.229375094 0.945925295 -0.229374081
vn 0.409358919 0.815383852 -0.40935865
vn 0.316620588 0.948552251 -1.85071059E-07
vn 0.375979573 0.926627994 -2.64656592E-07
vn 0.109366521 0.987966537 -0.109366283
vn 0.154711798 0.987959683 1.56270843E-07
vn -0 1 0
vn -0.0353867561 0.747267425 -0.663580596
vn 0.0701668561 0.995064497 -0.0701659247
vn 0.616908014 0.488719046 -0.61691016
vn 0.688448966 0.502352297 -0.523144364
vn 0.609624445 0.506671786 -0.609624326
vn 0.700034976 0.498537362 -0.511284232
vn 0.732247412 0.478138387 -0.484971613
vn 0.690683305 0.502873302 -0.519687474
vn 0.610942781 0.503484547 -0.610943735
vn 0.74661082 0.466530561 -0.474258929
vn 0.744609654 0.466633797 -0.477293789
vn 0.666576326 0.544943929 -0.508637488
vn 0.744291008 0.466682553 -0.477742821
vn 0.735763192 0.472345173 -0.485327214
vn 0.646200836 0.561688483 -0.516653299
vn 0.742747545 0.467554867 -0.479289621
vn 0.624555826 0.592255831 -0.509080589
vn 0.605968475 0.617449284 -0.501556218
vn 0.693049252 0.514994502 -0.504443765
vn 0.546017885 0.688839614 -0.476827443
vn 0.583546042 0.656526983 -0.477960646
vn 0.535178185 0.653581858 -0.535177648
vn 0.535178185 0.653581858 -0.535177648
vn 0.506761134 0.744616866 -0.434440911
vn 0.502687216 0.759679377 -0.41254428
vn 0.502686918 0.759678781 -0.412545741
vn 0.458548069 0.761226833 -0.458549261
vn 0.458548069 0.761226833 -0.458549261
vn 0.0839935914 0.992920041 -0.0839929357
vn 0.0839935914 0.992920041 -0.0839929283
vn -0.178070396 0.830732942 -0.527421713
vn 0.020474473 0.809282064 -0.587063372
vn -0.107109264 0.405395746 -0.907844603
vn 0.0815331563 0.478263885 -0.874423206
vn 0.251285255 -0.026939122 -0.967538059
vn 0.259908527 -0.0338594355 -0.965039432
vn 0.691643417 -0.20798488 -0.691644132
vn 0.691643417 -0.20798488 -0.691644132
vn 0.579535544 0.572954774 -0.579535425
vn 0.579535902 0.572952271 -0.579537511
vn 0.579534948 0.57295686 -0.579533994
vn 0.579534173 0.572956443 -0.579535246
vn -0.0443693958 0.998029351 0.0443707816
vn -0.00973707624 0.996835053 0.0788989663
vn -0.00973707624 0.996835053 0.0788989663
vn -0.0443693958 0.998029351 0.0443707816
vn 0.704726338 -0.0820019618 -0.704724371
vn 0.704726279 -0.0820019469 -0.704724371
vn 0.744060576 -0.0818684474 -0.663077176
vn 0.744060576 -0.0818684474 -0.663077176
vn 0.573861361 0.695994914 -0.431595057
vn 0.573861301 0.695994914 -0.431595057
vn 0.505292177 0.699543595 -0.505290568
vn 0.505292118 0.699543536 -0.505290568
vn 0.464414507 0.866808534 0.181554839
vn 0.464414567 0.866808534 0.181554839
vn 0.464414567 0.866808534 0.181554854
vn 0.464414507 0.866808534 0.181554839
vn -0.0781292766 0.703141749 -0.706744254
vn -0.0781292766 0.703141749 -0.706744254
vn -0.0781292766 0.703141749 -0.706744254
vn -0.0781292841 0.703141809 -0.706744254
vn 0.999513507 -0.0245159343 0.0192795023
vn 0.999513507 -0.0245159306 0.0192795023
vn 0.999513507 -0.0245159324 0.0192795042
vn 0.999513507 -0.0245159362 0.0192795061
vn 0.690194726 0.508158088 -0.515176356
vn 0.690194726 0.508158088 -0.515176296
vn 0.690194666 0.508158088 -0.515176296
vn 0.690194666 0.508158207 -0.515176356
vn 0.757187366 0.608303308 0.237979755
vn 0.756974578 0.608516812 0.238110825
vn 0.817142129 0.548181415 0.178257793
vn 0.817431927 0.547891438 0.17782028
vn 0.855413318 0.509919405 0.0908309147
vn 0.855600357 0.509733617 0.0901096016
vn 0.867746472 0.497007191 0
vn 0.867746472 0.497007161 0
vn 0.684549868 0.681250036 0.259402692
vn 0.684549928 0.681249976 0.259402692
vn 0.513862371 0.853127062 0.0901092961
vn 0.514047325 0.852939069 0.0908307657
vn 0.552123904 0.814483464 0.178257942
vn 0.551835239 0.814774692 0.177820295
vn 0.612167597 0.75402528 0.238110721
vn 0.611955047 0.754239142 0.237979576
vn 0.501194715 0.865334511 0
vn 0.501194715 0.86533457 0
vn 0.684549928 0.681249976 0.259402692
vn 0.684549868 0.681250036 0.259402692
vn 0.881920159 0 -0.471398771
vn 0.45693472 -0.188437656 -0.869311154
vn 0.45693478 -0.18843767 -0.869311154
vn 0.45693478 -0.1884377 -0.869311154
vn 0.45693478 -0.188437656 -0.869311154
vn -0.188918427 0.466431141 -0.864148021
vn -0.188918397 0.466431022 -0.86414808
vn -0.188918427 0.466431081 -0.86414808
vn -0.188918427 0.466431111 -0.86414808
vn 0.623760462 0.778636754 -0.0681742281
vn 0.708813488 0.705395937 0
vn 0.618120551 0.786083281 3.88773856E-07
vn 0.641634047 0.759453773 -0.107404858
vn 0.668941855 0.731194735 -0.133682281
vn 0.701536715 0.698154032 -0.14292331
vn 0.73441869 0.665400743 -0.133682325
vn 0.762545526 0.637956619 -0.107403763
vn 0.781642318 0.619989932 -0.0681740269
vn 0.789061725 0.6143139 1.28605379E-07
vn 0.623760462 0.778636694 0.0681744888
vn 0.641634166 0.759453595 0.107404754
vn 0.668942332 0.731194377 0.133682355
vn 0.781642437 0.619989872 0.0681740344
vn 0.762545466 0.637956738 0.107403368
vn 0.734418631 0.665400863 0.133682176
vn 0.701536894 0.698153973 0.142923474
vn 0.896552384 0.442803413 0.0109053999
vn 0.542745411 0.555426478 -0.630022883
vn 0.864049971 -0.097881861 -0.493798316
vn 0.633208096 -0.24763453 0.733297169
vn 0.681873262 -0.264759332 0.681873441
vn 0.681873262 -0.264759332 0.681873441
vn 0.633722484 -0.247855455 0.732777894
vn 0.561148643 -0.188281253 0.806016326
vn 0.56128031 -0.188455135 0.805884063
vn 0.514031947 -0.0890193433 0.853139341
vn 0.513950765 -0.0887173265 0.853219628
vn 0.49778229 0 0.867302001
vn 0.49778229 0 0.867302001
vn 0.131204247 0.974675298 -0.181089923
vn -0.0401601158 0.998385906 -0.0401598141
vn -0.0401601084 0.998385906 -0.0401598141
vn 0.168826118 0.964328825 -0.203881428
vn 0.205019683 0.963012934 -0.174851507
vn 0.190330759 0.969169378 -0.156476259
vn -0.287103474 0.756120563 0.588092923
vn -0.275774807 0.77843833 0.563898861
vn -0.27331987 0.547488868 0.790918589
vn -0.289564103 0.582626522 0.759407043
vn 0.182664007 -0.185903326 0.965439677
vn 0.177343816 -0.178931475 0.967746198
vn 0.131095916 -0.191743881 0.972650051
vn 0.147474289 -0.203597665 0.967883945
vn -0.0393026508 -0.0445784926 0.998232484
vn -0.0463114269 -0.0376545899 0.998217106
vn -0.187780038 0.131097659 0.973422825
vn -0.207602739 0.162520051 0.964618206
vn -0.179544851 0.191018865 0.96502614
vn -0.164162204 0.178207874 0.970202446
vn 0.479786694 -0.270945221 0.834501863
vn 0.516581655 -0.29005444 0.805612743
vn 0.659345746 -0.36128372 0.659346163
vn 0.659345806 -0.36128366 0.659346044
vn 0.655756831 0.374119848 0.65575701
vn 0.730524182 0.372192472 0.572544515
vn 0.766859829 0.351985753 0.536686242
vn 0.655756891 0.374119878 0.65575695
vn 0.802745402 0.335373461 0.493076473
vn 0.857760072 0.303075045 0.415202618
vn 0.860870957 0.269707561 0.431461513
vn 0.873013675 0.21462144 0.437932312
vn 0.882360101 0.332104534 0.333387494
vn 0.958160341 0.127144501 0.256443113
vn 0.798974276 0.390798897 0.457073659
vn 0.793899894 0.403304189 0.455048025
vn 0.857503057 0.416509032 0.302007765
vn 0.772578061 0.537177801 0.33847174
vn 0.744916022 0.568062723 0.349863976
vn 0.864817023 0.434185505 0.252139807
vn 0.901653528 0.394502401 0.177168533
vn 0.9643507 0.201375097 0.171685144
vn 0.972667813 -2.02931602E-07 0.232200831
vn 1 0 0
vn 0.975646198 0.219350263 0
vn 0.924646735 0.380825907 0
vn 0.718440294 0.588086724 0.371480107
vn 0.669672966 0.648994148 0.361032993
vn 0.669289112 0.649439573 0.360943764
vn 0.611414254 0.710197985 0.348986268
vn 0.575056672 0.748523712 0.330184937
vn 0.530428112 0.787275314 0.314393967
vn 0.458895445 0.830525339 0.315662086
vn 0.487741619 0.834299088 0.257008165
vn 0.404316813 0.886474967 0.225144431
vn 0.344744354 0.873099566 0.344743997
vn 0.211512566 0.954214215 0.211512789
vn 0.295597196 0.948516786 0.113746099
vn 0.415649056 0.895353675 0.159930021
vn 0.460324496 0.810219228 0.362830848
vn 0.229375198 0.945925295 0.229373947
vn 0.409358919 0.815383911 0.409358412
vn 0.316620588 0.948552251 -1.85071059E-07
vn 0.375979573 0.926627994 -2.64656592E-07
vn 0.109366514 0.987966537 0.109366514
vn 0.154711798 0.987959683 1.56270843E-07
vn -0 1 0
vn -0.0353866331 0.747267663 0.663580298
vn 0.0701670051 0.995064497 0.0701657385
vn 0.616908193 0.488719195 0.616909981
vn 0.688449264 0.502352118 0.523144305
vn 0.700035155 0.498537064 0.511284292
vn 0.609624505 0.506671667 0.609624207
vn 0.732247412 0.478138 0.484971821
vn 0.690683305 0.502873242 0.519687414
vn 0.610943019 0.503484666 0.610943258
vn 0.746610403 0.46653071 0.474259436
vn 0.744609773 0.466633439 0.477293998
vn 0.666576326 0.544943929 0.508637547
vn 0.744291186 0.466681957 0.477743119
vn 0.735763311 0.472344697 0.485327482
vn 0.646200836 0.561688304 0.516653359
vn 0.742747486 0.467553943 0.479290605
vn 0.624555767 0.59225595 0.509080529
vn 0.605968177 0.617449403 0.501556218
vn 0.693049133 0.514994323 0.504443944
vn 0.546017766 0.688839614 0.476827592
vn 0.583545804 0.656527162 0.477960646
vn 0.535177946 0.653581738 0.535177946
vn 0.535178006 0.653581738 0.535178006
vn 0.506761134 0.744616926 0.434440821
vn 0.502687097 0.759679198 0.412544817
vn 0.502686918 0.759679139 0.412545145
vn 0.458548278 0.76122719 0.458548337
vn 0.458548278 0.76122719 0.458548278
vn 0.0839935616 0.992920101 0.0839924589
vn 0.0204746891 0.809282422 0.587062776
vn -0.178070143 0.830733359 0.527421176
vn 0.083993569 0.992920101 0.0839924589
vn -0.107109033 0.405395895 0.907844603
vn 0.081533514 0.478264213 0.874423027
vn 0.251285195 -0.0269393045 0.967538118
vn 0.259908378 -0.033859618 0.965039492
vn 0.691643596 -0.207985356 0.691643894
vn 0.691643596 -0.207985356 0.691643894
vn 0.579535604 0.572955072 0.579535186
vn 0.579535365 0.572952926 0.579537511
vn 0.579535544 0.572957098 0.579533279
vn 0.579535067 0.572955728 0.579535067
vn -0.0443695374 0.998029411 -0.0443693995
vn -0.0443695411 0.998029411 -0.044369407
vn -0.00973727554 0.996835291 -0.0788961723
vn -0.00973727554 0.996835291 -0.0788961649
vn 0.704726338 -0.0820036083 0.704724193
vn 0.744061351 -0.0818700194 0.663076162
vn 0.74406141 -0.0818700269 0.663076162
vn 0.704726398 -0.0820036083 0.704724193
vn 0.573861003 0.695994496 0.43159616
vn 0.505291581 0.699543655 0.505291045
vn 0.505291581 0.699543715 0.505291104
vn 0.573861003 0.695994437 0.43159619
vn 0.464416176 0.866807342 -0.18155618
vn 0.464416236 0.866807342 -0.181556165
vn 0.464416176 0.866807342 -0.18155618
vn 0.464416176 0.866807342 -0.18155618
vn -0.0781285167 0.70314163 0.706744492
vn -0.0781285167 0.70314163 0.706744492
vn -0.0781285241 0.70314163 0.706744492
vn -0.0781285241 0.70314163 0.706744492
vn 0.999513566 -0.0245144088 -0.0192794595
vn 0.999513566 -0.0245144106 -0.0192794614
vn 0.999513566 -0.0245144069 -0.0192794595
vn 0.999513566 -0.0245144088 -0.0192794576
vn 0.690194905 0.50815779 0.515176296
vn 0.690194905 0.50815779 0.515176356
vn 0.690194964 0.50815773 0.515176356
vn 0.690194905 0.50815779 0.515176356
vn 0.757187486 0.60830313 -0.23797971
vn 0.817431927 0.547891378 -0.177820235
vn 0.817142129 0.548181415 -0.178257778
vn 0.756974697 0.608516693 -0.238110825
vn 0.855413258 0.509919524 -0.0908308327
vn 0.855600238 0.509733677 -0.0901095048
vn 0.867746472 0.497007191 0
vn 0.867746472 0.497007161 0
vn 0.684549928 0.681250095 -0.259402633
vn 0.684550047 0.681250036 -0.259402722
vn 0.513862371 0.853127062 -0.0901092738
vn 0.551835239 0.814774692 -0.177820235
vn 0.552123904 0.814483523 -0.178257912
vn 0.514047325 0.852939069 -0.0908307508
vn 0.612167716 0.754025221 -0.238110751
vn 0.611955106 0.754239142 -0.237979576
vn 0.501194715 0.865334511 0
vn 0.501194715 0.86533457 0
vn 0.684550047 0.681250036 -0.259402722
vn 0.684549928 0.681250095 -0.259402633
vn 0.881920159 0 0.471398771
vn 0.456935942 -0.188437626 0.869310498
vn 0.456935912 -0.188437626 0.869310558
vn 0.456935912 -0.188437626 0.869310558
vn 0.456935912 -0.188437626 0.869310558
vn -0.18891786 0.466431558 0.864147961
vn -0.18891786 0.466431558 0.864147961
vn -0.18891786 0.466431558 0.864147961
vn -0.188917905 0.466431558 0.864147961
vn 0.896552444 0.442803323 -0.0109052388
vn 0.864049971 -0.0978820994 0.493798316
vn 0.542745471 0.555426657 0.630022705
vn 0.733297348 0.2476345 -0.633207858
vn 0.732778072 0.24785547 -0.633722246
vn 0.681873262 0.264759332 -0.681873441
vn 0.681873262 0.264759332 -0.681873441
vn 0.806016505 0.188281253 -0.561148465
vn 0.805884182 0.188455135 -0.561280072
vn 0.853139222 0.0890190154 -0.514032185
vn 0.853219569 0.0887170061 -0.513951063
vn 0.867301881 -1.06431749E-07 -0.497782469
vn 0.867301881 -1.06715582E-07 -0.497782528
vn -0.181089863 -0.974675238 -0.131204665
vn -0.203881532 -0.964328766 -0.168826476
vn -0.0401601084 -0.998385906 0.0401598141
vn -0.0401601158 -0.998385906 0.0401598141
vn -0.17485176 -0.963012934 -0.205019504
vn -0.156476483 -0.969169378 -0.190330565
vn 0.58809334 -0.756120086 0.287103981
vn 0.563899279 -0.778437912 0.275775373
vn 0.790918648 -0.547488332 0.273320735
vn 0.759407222 -0.582625926 0.289564788
vn 0.965439558 0.185903534 -0.182664394
vn 0.967746079 0.178931773 -0.177344173
vn 0.972650051 0.191743776 -0.131095856
vn 0.967883945 0.20359759 -0.147474334
vn 0.998232484 0.0445785597 0.0393029936
vn 0.998217046 0.0376546867 0.0463117398
vn 0.973422945 -0.131097421 0.187779576
vn 0.964618444 -0.162519768 0.207602069
vn 0.965026438 -0.191018298 0.179544032
vn 0.970202625 -0.178207263 0.164161503
vn 0.834501386 0.270945698 -0.47978726
vn 0.805612266 0.290054649 -0.516582191
vn 0.659345746 0.36128372 -0.659346163
vn 0.659345806 0.36128366 -0.659346044
vn 0.655756831 -0.374119848 -0.65575701
vn 0.655756891 -0.374119878 -0.65575695
vn 0.536686122 -0.351985872 -0.766859829
vn 0.572544575 -0.372192323 -0.730524242
vn 0.493076384 -0.335373729 -0.802745342
vn 0.415202349 -0.303075224 -0.857760131
vn 0.431461215 -0.269707501 -0.860871077
vn 0.437931716 -0.21462141 -0.873014033
vn 0.333387375 -0.332104504 -0.88236016
vn 0.256443173 -0.127144247 -0.958160341
vn 0.457072765 -0.390799671 -0.798974395
vn 0.455047935 -0.403305411 -0.793899298
vn 0.302007705 -0.416508794 -0.857503235
vn 0.338471532 -0.537177384 -0.772578478
vn 0.349863589 -0.568062723 -0.74491626
vn 0.252139926 -0.434184968 -0.864817202
vn 0.177168563 -0.394502342 -0.901653588
vn 0.171684995 -0.201375246 -0.9643507
vn 0.232201025 0 -0.972667813
vn -0 0 -1
vn -0 -0.219350263 -0.975646198
vn -2.79362837E-07 -0.380825162 -0.924647093
vn 0.371480048 -0.588086843 -0.718440235
vn 0.361032903 -0.648994207 -0.669672906
vn 0.360943615 -0.649439692 -0.669289052
vn 0.348986387 -0.710197926 -0.611414313
vn 0.330184758 -0.748523831 -0.575056612
vn 0.314393699 -0.787275612 -0.530427933
vn 0.315661907 -0.830525458 -0.458895475
vn 0.257007778 -0.834299028 -0.487741888
vn 0.225144848 -0.886474788 -0.404317081
vn 0.344744354 -0.873099566 -0.344743967
vn 0.211512566 -0.954214215 -0.211512789
vn 0.113745905 -0.948516846 -0.295597166
vn 0.159930348 -0.895353556 -0.415649354
vn 0.362831026 -0.810219228 -0.460324258
vn 0.229375198 -0.945925295 -0.229373947
vn 0.409358919 -0.815383911 -0.409358412
vn -0 -0.948552191 -0.316620737
vn -0 -0.926627994 -0.375979513
vn 0.109366521 -0.987966537 -0.109366499
vn -0 -0.987959683 -0.154711753
vn -0 -1 0
vn 0.66358006 -0.747267842 0.0353867561
vn 0.0701669902 -0.995064497 -0.070165731
vn 0.616908252 -0.488719165 -0.616909981
vn 0.523144603 -0.502351761 -0.688449323
vn 0.609624565 -0.506671667 -0.609624267
vn 0.51128453 -0.498537272 -0.700034797
vn 0.484971613 -0.478138536 -0.732247233
vn 0.519687474 -0.502872348 -0.690683901
vn 0.610943019 -0.503484666 -0.610943258
vn 0.474259019 -0.466529667 -0.746611357
vn 0.47729364 -0.466633737 -0.744609773
vn 0.508637786 -0.54494375 -0.666576266
vn 0.477743059 -0.466682613 -0.744290888
vn 0.485327244 -0.472345799 -0.735762835
vn 0.516653895 -0.561687171 -0.646201432
vn 0.479290992 -0.467553109 -0.742747784
vn 0.509080768 -0.592255592 -0.624556005
vn 0.501556396 -0.617449045 -0.605968535
vn 0.504443765 -0.514995217 -0.693048656
vn 0.476827502 -0.688839614 -0.546017885
vn 0.477960676 -0.656527042 -0.583545864
vn 0.535177946 -0.653581738 -0.535177946
vn 0.535178006 -0.653581738 -0.535178006
vn 0.434440553 -0.744617164 -0.506760955
vn 0.412544191 -0.759680688 -0.502685308
vn 0.412544847 -0.759679973 -0.502685845
vn 0.458548278 -0.76122719 -0.458548337
vn 0.458548278 -0.76122719 -0.458548278
vn 0.0839935616 -0.992920101 -0.0839924589
vn 0.083993569 -0.992920101 -0.0839924589
vn 0.527421474 -0.830732942 0.178071216
vn 0.587063015 -0.809282303 -0.0204740893
vn 0.907844126 -0.40539673 0.107109934
vn 0.874422967 -0.478264481 -0.0815325528
vn 0.967538297 0.0269396883 -0.25128457
vn 0.965039611 0.0338600539 -0.259907782
vn 0.691643596 0.207985356 -0.691643894
vn 0.691643596 0.207985356 -0.691643894
vn 0.579535604 -0.572955012 -0.579535127
vn 0.579535365 -0.572952926 -0.579537511
vn 0.579534829 -0.57295543 -0.579535544
vn 0.579535067 -0.572955728 -0.579535067
vn -0.0443695374 -0.998029411 0.0443693995
vn -0.0788957328 -0.996835291 0.00973637402
vn -0.0788957402 -0.996835291 0.00973637588
vn -0.0443695411 -0.998029411 0.044369407
vn 0.704726338 0.0820036083 -0.704724193
vn 0.704726398 0.0820036083 -0.704724193
vn 0.663078964 0.0818680823 -0.744059086
vn 0.663078845 0.0818680748 -0.744059205
vn 0.431595802 -0.695995927 -0.573859513
vn 0.431595773 -0.695995867 -0.573859513
vn 0.505291581 -0.699543715 -0.505291104
vn 0.505291581 -0.699543655 -0.505291045
vn -0.181558073 -0.866808474 -0.464413285
vn -0.181558087 -0.866808474 -0.464413285
vn -0.181558073 -0.866808474 -0.464413285
vn -0.181558073 -0.866808534 -0.464413255
vn 0.706743479 -0.703142464 0.0781301036
vn 0.706743479 -0.703142464 0.0781301036
vn 0.706743419 -0.703142524 0.0781301036
vn 0.706743479 -0.703142464 0.0781301036
vn -0.0192830227 0.024516644 -0.999513447
vn -0.0192830227 0.024516644 -0.999513447
vn -0.0192830209 0.0245166421 -0.999513447
vn -0.0192830227 0.0245166421 -0.999513447
vn 0.515176475 -0.508158207 -0.690194488
vn 0.515176415 -0.508158207 -0.690194488
vn 0.515176475 -0.508158207 -0.690194547
vn 0.515176475 -0.508158207 -0.690194547
vn -0.237979546 -0.60830307 -0.757187665
vn -0.238110647 -0.608516514 -0.756974936
vn -0.17825751 -0.548181415 -0.817142129
vn -0.177820027 -0.547891498 -0.817431927
vn -0.0908309519 -0.509919643 -0.855413198
vn -0.0901096389 -0.509733737 -0.855600238
vn -0 -0.497007161 -0.867746472
vn -0 -0.497007161 -0.867746472
vn -0.259402663 -0.681250036 -0.684550047
vn -0.259402663 -0.681249917 -0.684550107
vn -0.0901095197 -0.853127062 -0.513862312
vn -0.0908309743 -0.852939188 -0.514047205
vn -0.178257853 -0.814483404 -0.552124023
vn -0.177820191 -0.814774632 -0.551835358
vn -0.23811084 -0.754025161 -0.612167656
vn -0.23797968 -0.754239082 -0.611955166
vn -0 -0.86533469 -0.501194417
vn -0 -0.865334749 -0.501194358
vn -0.259402663 -0.681249917 -0.684550107
vn -0.259402663 -0.681250036 -0.684550047
vn 0.471400976 1.31452097E-07 -0.881919026
vn 0.869311154 0.188440949 -0.456933469
vn 0.869311035 0.188440949 -0.456933528
vn 0.869311094 0.188440934 -0.456933498
vn 0.869311094 0.188440964 -0.456933439
vn 0.864148796 -0.466431618 0.188913792
vn 0.864148855 -0.466431588 0.188913763
vn 0.864148796 -0.466431618 0.188913748
vn 0.864148796 -0.466431618 0.188913763
vn 0.0681747571 -0.778637052 -0.623759985
vn -0 -0.705396116 -0.70881331
vn -0 -0.786083639 -0.618120134
vn 0.107403837 -0.759453535 -0.641634464
vn 0.133681998 -0.731194556 -0.668942213
vn 0.142923713 -0.698154867 -0.701535821
vn 0.133682042 -0.665401399 -0.734418154
vn 0.10740377 -0.637956619 -0.762545526
vn 0.0681755245 -0.619989574 -0.781642497
vn 2.57210615E-07 -0.614314139 -0.789061487
vn -0.068174921 -0.778636873 -0.623760283
vn -0.107403778 -0.759453118 -0.641634941
vn -0.133681893 -0.731194556 -0.668942213
vn -0.0681750178 -0.619989634 -0.781642497
vn -0.107403494 -0.6379565 -0.762545764
vn -0.133681998 -0.665401101 -0.734418511
vn -0.142923698 -0.698154867 -0.70153594
vn -0.0109050497 -0.442803085 -0.896552622
vn 0.630022705 -0.555426478 -0.542745709
vn 0.493797928 0.0978822857 -0.86405015
vn -0.733297288 0.247634649 -0.633207798
vn -0.681873322 0.264759392 -0.681873381
vn -0.681873322 0.264759421 -0.681873381
vn -0.732778013 0.247855604 -0.633722305
vn -0.806016564 0.188281298 -0.561148345
vn -0.805884182 0.188455194 -0.561280072
vn -0.853139281 0.0890190601 -0.514032066
vn -0.853219628 0.0887170658 -0.513950944
vn -0.867301881 1.06431749E-07 -0.497782469
vn -0.867301881 1.06715582E-07 -0.497782528
vn 0.181090027 -0.974675179 -0.131204709
vn 0.0401600711 -0.998385906 0.0401598513
vn 0.0401600674 -0.998385906 0.0401598439
vn 0.203881651 -0.964328706 -0.168826476
vn 0.174851865 -0.963012815 -0.205019876
vn 0.156476632 -0.969169378 -0.190331012
vn -0.588093519 -0.756120026 0.287103653
vn -0.563899398 -0.778437912 0.275775015
vn -0.790919006 -0.547487915 0.273320645
vn -0.759407461 -0.582625568 0.289564729
vn -0.965439558 0.185903832 -0.182664216
vn -0.967746079 0.178932071 -0.177343979
vn -0.972650051 0.191743985 -0.131095812
vn -0.967883885 0.203597799 -0.147474274
vn -0.998232484 0.0445787571 0.0393029153
vn -0.998217046 0.0376548842 0.0463116467
vn -0.973423004 -0.131097406 0.187779561
vn -0.964618385 -0.162519872 0.207602084
vn -0.965026319 -0.191018686 0.179544196
vn -0.970202506 -0.178207636 0.164161593
vn -0.834501445 0.27094534 -0.479787499
vn -0.805612266 0.290054172 -0.516582429
vn -0.659345865 0.361283451 -0.659346163
vn -0.659345865 0.361283451 -0.659346104
vn -0.655756891 -0.374119937 -0.655756891
vn -0.572544396 -0.372192502 -0.730524182
vn -0.536686122 -0.351985991 -0.76685971
vn -0.655756891 -0.374119937 -0.655756891
vn -0.493076533 -0.3353737 -0.802745342
vn -0.41520226 -0.303075254 -0.857760131
vn -0.431461245 -0.26970765 -0.860871017
vn -0.437931716 -0.21462144 -0.873013973
vn -0.333387524 -0.332104504 -0.882360101
vn -0.256443292 -0.127144232 -0.958160281
vn -0.457072496 -0.390799731 -0.798974574
vn -0.455047488 -0.403305471 -0.793899536
vn -0.302007556 -0.416508764 -0.857503235
vn -0.338471591 -0.537177384 -0.772578478
vn -0.349863678 -0.568062723 -0.744916201
vn -0.252139896 -0.434185028 -0.864817202
vn -0.177168638 -0.394502372 -0.901653588
vn -0.171685055 -0.201375261 -0.9643507
vn -0.232201025 0 -0.972667813
vn -0 0 -1
vn -0 -0.219350263 -0.975646198
vn -2.79362837E-07 -0.380825162 -0.924647093
vn -0.371480256 -0.588086843 -0.718440175
vn -0.361032873 -0.648994207 -0.669672787
vn -0.360943675 -0.649439692 -0.669288993
vn -0.348986179 -0.710198104 -0.611414135
vn -0.330184668 -0.748523951 -0.575056553
vn -0.31439358 -0.787275672 -0.530427814
vn -0.315661848 -0.830525398 -0.458895475
vn -0.257007778 -0.834299028 -0.487741888
vn -0.225144848 -0.886474788 -0.404317081
vn -0.344744354 -0.873099566 -0.344744056
vn -0.211512581 -0.954214275 -0.211512744
vn -0.113745898 -0.948516846 -0.295597166
vn -0.159930333 -0.895353556 -0.415649354
vn -0.362830937 -0.810219288 -0.460324287
vn -0.229375109 -0.945925236 -0.229374096
vn -0.409358919 -0.815383852 -0.40935865
vn -0 -0.948552191 -0.316620737
vn -0 -0.926627994 -0.375979513
vn -0.109366521 -0.987966537 -0.109366283
vn -0 -0.987959683 -0.154711753
vn -0 -1 0
vn -0.66358012 -0.747267902 0.0353865623
vn -0.0701668561 -0.995064497 -0.0701659247
vn -0.616908014 -0.488719046 -0.61691016
vn -0.707106769 0 -0.707106829
vn -0.703326583 -0.103264354 -0.703326523
vn -0.629801095 -0.0989634618 -0.770426452
vn -0.617859781 -0.0880489126 -0.781342804
vn -0.610189855 -0.0718392357 -0.788991332
vn -0.608769298 0 -0.793347359
vn -0.610189736 0.0718394369 -0.788991451
vn -0.617859781 0.0880491808 -0.781342804
vn -0.629801154 0.098963514 -0.770426333
vn -0.703326583 0.103264488 -0.703326523
vn -0.770426214 -0.0989637896 -0.629801273
vn -0.703326583 -0.103264354 -0.703326523
vn -0.781342685 -0.0880492106 -0.61785996
vn -0.788991451 -0.0718399659 -0.610189736
vn -0.79334718 -4.4941487E-07 -0.608769476
vn -0.788991392 0.0718396604 -0.610189795
vn -0.781342447 0.0880491361 -0.617860258
vn -0.770426095 0.0989637375 -0.629801393
vn -0.703326583 0.103264488 -0.703326523
vn -0.52314502 -0.502351701 -0.688448966
vn -0.51128453 -0.498537391 -0.700034738
vn -0.609624445 -0.506671846 -0.609624326
vn -0.484971613 -0.478138596 -0.732247293
vn -0.51968801 -0.502872229 -0.690683603
vn -0.610942781 -0.503484547 -0.610943735
vn -0.474259198 -0.46652934 -0.746611416
vn -0.47729367 -0.466633707 -0.744609833
vn -0.508637846 -0.544943869 -0.666576147
vn -0.477743059 -0.466682523 -0.744290888
vn -0.485327303 -0.472345769 -0.735762835
vn -0.516653836 -0.56168741 -0.646201253
vn -0.479291856 -0.467552453 -0.742747664
vn -0.509080648 -0.592255712 -0.624555945
vn -0.501556337 -0.617449164 -0.605968475
vn -0.504443765 -0.514995277 -0.693048656
vn -0.476827443 -0.688839614 -0.546017945
vn -0.477960706 -0.6565274 -0.583545506
vn -0.535178185 -0.653581858 -0.535177648
vn -0.535178185 -0.653581858 -0.535177648
vn -0.434440225 -0.744617045 -0.506761432
vn -0.412543893 -0.759681046 -0.50268507
vn -0.41254437 -0.759680092 -0.502686083
vn -0.458548069 -0.761226833 -0.458549261
vn -0.458548069 -0.761226833 -0.458549261
vn -0.0839935914 -0.992920041 -0.0839929357
vn -0.587063193 -0.809282124 -0.0204741843
vn -0.527421534 -0.830733001 0.178071067
vn -0.0839935914 -0.992920041 -0.0839929283
vn -0.907844245 -0.405396461 0.107110135
vn -0.874423087 -0.478264242 -0.0815324038
vn -0.967538178 0.0269394554 -0.251284957
vn -0.965039551 0.0338598117 -0.25990817
vn -0.691643417 0.20798488 -0.691644132
vn -0.691643417 0.20798488 -0.691644132
vn -0.579535544 -0.572954834 -0.579535425
vn -0.579535902 -0.572952271 -0.579537511
vn -0.579534531 -0.572955966 -0.579535365
vn -0.579534173 -0.572956443 -0.579535246
vn 0.0443693958 -0.998029351 0.0443707816
vn 0.0443693958 -0.998029351 0.0443707816
vn 0.0788956285 -0.996835351 0.00973636098
vn 0.0788956285 -0.996835351 0.00973636098
vn -0.704726338 0.0820019618 -0.704724371
vn -0.66307956 0.0818663761 -0.744058728
vn -0.66307956 0.0818663687 -0.744058728
vn -0.704726279 0.0820019469 -0.704724371
vn -0.431596696 -0.695995212 -0.573859751
vn -0.505292118 -0.699543536 -0.505290568
vn -0.505292177 -0.699543595 -0.505290568
vn -0.431596696 -0.695995212 -0.573859751
vn 0.181558818 -0.866808891 -0.464412332
vn 0.181558818 -0.866808832 -0.464412332
vn 0.181558818 -0.866808891 -0.464412332
vn 0.181558818 -0.866808891 -0.464412332
vn -0.706743181 -0.703142941 0.0781287402
vn -0.706743181 -0.703142941 0.0781287402
vn -0.706743181 -0.703142941 0.0781287402
vn -0.706743181 -0.703142941 0.0781287402
vn 0.0192819256 0.0245166812 -0.999513447
vn 0.0192819256 0.0245166793 -0.999513447
vn 0.0192819238 0.0245166793 -0.999513447
vn 0.0192819256 0.0245166775 -0.999513447
vn -0.515176296 -0.508158505 -0.690194428
vn -0.515176356 -0.508158565 -0.690194309
vn -0.515176356 -0.508158565 -0.690194309
vn -0.515176296 -0.508158565 -0.690194368
vn 0.237979472 -0.608303249 -0.757187545
vn 0.177819982 -0.547891676 -0.817431808
vn 0.178257495 -0.548181593 -0.817142069
vn 0.238110542 -0.608516574 -0.756974816
vn 0.0908309445 -0.509919643 -0.855413198
vn 0.090109624 -0.509733856 -0.855600178
vn -0 -0.497007161 -0.867746472
vn -0 -0.497007161 -0.867746472
vn 0.259402633 -0.681249917 -0.684550107
vn 0.259402633 -0.681249738 -0.684550226
vn 0.0901094228 -0.853127003 -0.513862431
vn 0.177819997 -0.814774632 -0.551835418
vn 0.178257629 -0.814483404 -0.552124143
vn 0.0908308923 -0.852939129 -0.514047265
vn 0.238110662 -0.754025161 -0.612167835
vn 0.237979516 -0.754239023 -0.611955285
vn -0 -0.86533469 -0.501194417
vn -0 -0.865334749 -0.501194358
vn 0.259402633 -0.681249738 -0.684550226
vn 0.259402633 -0.681249917 -0.684550107
vn -0.471400976 -1.31452097E-07 -0.881919026
vn -0.869310737 0.188440129 -0.456934512
vn -0.869310737 0.188440144 -0.456934512
vn -0.869310737 0.188440129 -0.456934452
vn -0.869310737 0.188440129 -0.456934452
vn -0.864148855 -0.46643132 0.188914075
vn -0.864148855 -0.46643129 0.188914075
vn -0.864148855 -0.46643132 0.188914075
vn -0.864148855 -0.46643132 0.188914046
vn 0.0109045925 -0.442803264 -0.896552444
vn -0.493798226 0.0978823155 -0.864049971
vn -0.630022824 -0.555426419 -0.542745531
vn -0.733297348 -0.2476345 -0.633207858
vn -0.732778072 -0.24785547 -0.633722246
vn -0.681873262 -0.264759332 -0.681873441
vn -0.681873262 -0.264759332 -0.681873441
vn -0.806016505 -0.188281253 -0.561148465
vn -0.805884182 -0.188455135 -0.561280072
vn -0.853139222 -0.0890190154 -0.514032185
vn -0.853219569 -0.0887170061 -0.513951063
vn -0.867301881 1.06431749E-07 -0.497782469
vn -0.867301881 1.06715582E-07 -0.497782528
vn 0.181089863 0.974675238 -0.131204665
vn 0.203881532 0.964328766 -0.168826476
vn 0.0401601084 0.998385906 0.0401598141
vn 0.0401601158 0.998385906 0.0401598141
vn 0.17485176 0.963012934 -0.205019504
vn 0.156476483 0.969169378 -0.190330565
vn -0.58809334 0.756120086 0.287103981
vn -0.563899279 0.778437912 0.275775373
vn -0.790918648 0.547488332 0.273320735
vn -0.759407222 0.582625926 0.289564788
vn -0.965439558 -0.185903534 -0.182664394
vn -0.967746079 -0.178931773 -0.177344173
vn -0.972650051 -0.191743776 -0.131095856
vn -0.967883945 -0.20359759 -0.147474334
vn -0.998232484 -0.0445785597 0.0393029936
vn -0.998217046 -0.0376546867 0.0463117398
vn -0.973422945 0.131097421 0.187779576
vn -0.964618444 0.162519768 0.207602069
vn -0.965026438 0.191018298 0.179544032
vn -0.970202625 0.178207263 0.164161503
vn -0.834501386 -0.270945698 -0.47978726
vn -0.805612266 -0.290054649 -0.516582191
vn -0.659345746 -0.36128372 -0.659346163
vn -0.659345806 -0.36128366 -0.659346044
vn -0.655756831 0.374119848 -0.65575701
vn -0.655756891 0.374119878 -0.65575695
vn -0.536686122 0.351985872 -0.766859829
vn -0.572544575 0.372192323 -0.730524242
vn -0.493076384 0.335373729 -0.802745342
vn -0.415202349 0.303075224 -0.857760131
vn -0.431461215 0.269707501 -0.860871077
vn -0.437931716 0.21462141 -0.873014033
vn -0.333387375 0.332104504 -0.88236016
vn -0.256443173 0.127144247 -0.958160341
vn -0.457072765 0.390799671 -0.798974395
vn -0.455047935 0.403305411 -0.793899298
vn -0.302007705 0.416508794 -0.857503235
vn -0.338471532 0.537177384 -0.772578478
vn -0.349863589 0.568062723 -0.74491626
vn -0.252139926 0.434184968 -0.864817202
vn -0.177168563 0.394502342 -0.901653588
vn -0.171684995 0.201375246 -0.9643507
vn -0.232201025 0 -0.972667813
vn -0 0 -1
vn -0 0.219350263 -0.975646198
vn 2.79362837E-07 0.380825162 -0.924647093
vn -0.371480048 0.588086843 -0.718440235
vn -0.361032903 0.648994207 -0.669672906
vn -0.360943615 0.649439692 -0.669289052
vn -0.348986387 0.710197926 -0.611414313
vn -0.330184758 0.748523831 -0.575056612
vn -0.314393699 0.787275612 -0.530427933
vn -0.315661907 0.830525458 -0.458895475
vn -0.257007778 0.834299028 -0.487741888
vn -0.225144848 0.886474788 -0.404317081
vn -0.344744354 0.873099566 -0.344743997
vn -0.211512566 0.954214215 -0.211512789
vn -0.113745905 0.948516846 -0.295597166
vn -0.159930348 0.895353556 -0.415649354
vn -0.362831026 0.810219228 -0.460324258
vn -0.229375198 0.945925295 -0.229373947
vn -0.409358919 0.815383911 -0.409358412
vn -0 0.948552191 -0.316620737
vn -0 0.926627994 -0.375979513
vn -0.109366514 0.987966537 -0.109366514
vn -0 0.987959683 -0.154711753
vn -0 1 0
vn -0.66358006 0.747267842 0.0353867561
vn -0.0701670051 0.995064497 -0.0701657385
vn -0.616908193 0.488719195 -0.616909981
vn -0.523144603 0.502351761 -0.688449323
vn -0.609624505 0.506671667 -0.609624207
vn -0.51128453 0.498537272 -0.700034797
vn -0.484971613 0.478138536 -0.732247233
vn -0.519687474 0.502872348 -0.690683901
vn -0.610943019 0.503484666 -0.610943258
vn -0.474259019 0.466529667 -0.746611357
vn -0.47729364 0.466633737 -0.744609773
vn -0.508637786 0.54494375 -0.666576266
vn -0.477743059 0.466682613 -0.744290888
vn -0.485327244 0.472345799 -0.735762835
vn -0.516653895 0.561687171 -0.646201432
vn -0.479290992 0.467553109 -0.742747784
vn -0.509080768 0.592255592 -0.624556005
vn -0.501556396 0.617449045 -0.605968535
vn -0.504443765 0.514995217 -0.693048656
vn -0.476827502 0.688839614 -0.546017885
vn -0.477960676 0.656527042 -0.583545864
vn -0.535177946 0.653581738 -0.535177946
vn -0.535178006 0.653581738 -0.535178006
vn -0.434440553 0.744617164 -0.506760955
vn -0.412544191 0.759680688 -0.502685308
vn -0.412544847 0.759679973 -0.502685845
vn -0.458548278 0.76122719 -0.458548337
vn -0.458548278 0.76122719 -0.458548278
vn -0.0839935616 0.992920101 -0.0839924589
vn -0.083993569 0.992920101 -0.0839924589
vn -0.527421474 0.830732942 0.178071216
vn -0.587063015 0.809282303 -0.0204740893
vn -0.907844126 0.40539673 0.107109934
vn -0.874422967 0.478264481 -0.0815325528
vn -0.967538297 -0.0269396883 -0.25128457
vn -0.965039611 -0.0338600539 -0.259907782
vn -0.691643596 -0.207985356 -0.691643894
vn -0.691643596 -0.207985356 -0.691643894
vn -0.579535604 0.572955072 -0.579535186
vn -0.579535365 0.572952926 -0.579537511
vn -0.579534829 0.57295543 -0.579535544
vn -0.579535067 0.572955728 -0.579535067
vn 0.0443695374 0.998029411 0.0443693995
vn 0.0788957328 0.996835291 0.00973637402
vn 0.0788957402 0.996835291 0.00973637588
vn 0.0443695411 0.998029411 0.044369407
vn -0.704726338 -0.0820036083 -0.704724193
vn -0.704726398 -0.0820036083 -0.704724193
vn -0.663078964 -0.0818680823 -0.744059086
vn -0.663078845 -0.0818680748 -0.744059205
vn -0.431595802 0.695995927 -0.573859513
vn -0.431595773 0.695995867 -0.573859513
vn -0.505291581 0.699543715 -0.505291104
vn -0.505291581 0.699543655 -0.505291045
vn 0.181558073 0.866808474 -0.464413285
vn 0.181558087 0.866808474 -0.464413285
vn 0.181558073 0.866808474 -0.464413285
vn 0.181558073 0.866808534 -0.464413255
vn -0.706743479 0.703142464 0.0781301036
vn -0.706743479 0.703142464 0.0781301036
vn -0.706743419 0.703142524 0.0781301036
vn -0.706743479 0.703142464 0.0781301036
vn 0.0192830227 -0.024516644 -0.999513447
vn 0.0192830227 -0.024516644 -0.999513447
vn 0.0192830209 -0.0245166421 -0.999513447
vn 0.0192830227 -0.0245166421 -0.999513447
vn -0.515176475 0.508158207 -0.690194488
vn -0.515176415 0.508158207 -0.690194488
vn -0.515176475 0.508158207 -0.690194547
vn -0.515176475 0.508158207 -0.690194547
vn 0.237979546 0.60830307 -0.757187665
vn 0.238110647 0.608516514 -0.756974936
vn 0.17825751 0.548181415 -0.817142129
vn 0.177820027 0.547891498 -0.817431927
vn 0.0908309519 0.509919643 -0.855413198
vn 0.0901096389 0.509733737 -0.855600238
vn -0 0.497007161 -0.867746472
vn -0 0.497007161 -0.867746472
vn 0.259402663 0.681250036 -0.684550047
vn 0.259402663 0.681249917 -0.684550107
vn 0.0901095197 0.853127062 -0.513862312
vn 0.0908309743 0.852939188 -0.514047205
vn 0.178257853 0.814483404 -0.552124023
vn 0.177820191 0.814774632 -0.551835358
vn 0.23811084 0.754025161 -0.612167656
vn 0.23797968 0.754239082 -0.611955166
vn -0 0.86533469 -0.501194417
vn -0 0.865334749 -0.501194358
vn 0.259402663 0.681249917 -0.684550107
vn 0.259402663 0.681250036 -0.684550047
vn -0.471400976 -1.31452097E-07 -0.881919026
vn -0.869311154 -0.188440949 -0.456933469
vn -0.869311035 -0.188440949 -0.456933528
vn -0.869311094 -0.188440934 -0.456933498
vn -0.869311094 -0.188440964 -0.456933439
vn -0.864148796 0.466431618 0.188913792
vn -0.864148855 0.466431588 0.188913763
vn -0.864148796 0.466431618 0.188913748
vn -0.864148796 0.466431618 0.188913763
vn -0.0681747571 0.778637052 -0.623759985
vn -0 0.705396116 -0.70881331
vn -0 0.786083639 -0.618120134
vn -0.107403837 0.759453535 -0.641634464
vn -0.133681998 0.731194556 -0.668942213
vn -0.142923713 0.698154867 -0.701535821
vn -0.133682042 0.665401399 -0.734418154
vn -0.10740377 0.637956619 -0.762545526
vn -0.0681755245 0.619989574 -0.781642497
vn -2.57210615E-07 0.614314139 -0.789061487
vn 0.068174921 0.778636873 -0.623760283
vn 0.107403778 0.759453118 -0.641634941
vn 0.133681893 0.731194556 -0.668942213
vn 0.0681750178 0.619989634 -0.781642497
vn 0.107403494 0.6379565 -0.762545764
vn 0.133681998 0.665401101 -0.734418511
vn 0.142923698 0.698154867 -0.70153594
vn 0.0109050497 0.442803085 -0.896552622
vn -0.630022705 0.555426478 -0.542745709
vn -0.493797928 -0.0978822857 -0.86405015
vn 0.733297288 -0.247634649 -0.633207798
vn 0.681873322 -0.264759392 -0.681873381
vn 0.681873322 -0.264759421 -0.681873381
vn 0.732778013 -0.247855604 -0.633722305
vn 0.806016564 -0.188281298 -0.561148345
vn 0.805884182 -0.188455194 -0.561280072
vn 0.853139281 -0.0890190601 -0.514032066
vn 0.853219628 -0.0887170658 -0.513950944
vn 0.867301881 -1.06431749E-07 -0.497782469
vn 0.867301881 -1.06715582E-07 -0.497782528
vn -0.181090027 0.974675179 -0.131204709
vn -0.0401600711 0.998385906 0.0401598513
vn -0.0401600674 0.998385906 0.0401598439
vn -0.203881651 0.964328706 -0.168826476
vn -0.174851865 0.963012815 -0.205019876
vn -0.156476632 0.969169378 -0.190331012
vn 0.588093519 0.756120026 0.287103653
vn 0.563899398 0.778437912 0.275775015
vn 0.790919006 0.547487915 0.273320645
vn 0.759407461 0.582625568 0.289564729
vn 0.965439558 -0.185903832 -0.182664216
vn 0.967746079 -0.178932071 -0.177343979
vn 0.972650051 -0.191743985 -0.131095812
vn 0.967883885 -0.203597799 -0.147474274
vn 0.998232484 -0.0445787571 0.0393029153
vn 0.998217046 -0.0376548842 0.0463116467
vn 0.973423004 0.131097406 0.187779561
vn 0.964618385 0.162519872 0.207602084
vn 0.965026319 0.191018686 0.179544196
vn 0.970202506 0.178207636 0.164161593
vn 0.834501445 -0.27094534 -0.479787499
vn 0.805612266 -0.290054172 -0.516582429
vn 0.659345865 -0.361283451 -0.659346163
vn 0.659345865 -0.361283451 -0.659346104
vn 0.655756891 0.374119937 -0.655756891
vn 0.572544396 0.372192502 -0.730524182
vn 0.536686122 0.351985991 -0.76685971
vn 0.655756891 0.374119937 -0.655756891
vn 0.493076533 0.3353737 -0.802745342
vn 0.41520226 0.303075254 -0.857760131
vn 0.431461245 0.26970765 -0.860871017
vn 0.437931716 0.21462144 -0.873013973
vn 0.333387524 0.332104504 -0.882360101
vn 0.256443292 0.127144232 -0.958160281
vn 0.457072496 0.390799731 -0.798974574
vn 0.455047488 0.403305471 -0.793899536
vn 0.302007556 0.416508764 -0.857503235
vn 0.338471591 0.537177384 -0.772578478
vn 0.349863678 0.568062723 -0.744916201
vn 0.252139896 0.434185028 -0.864817202
vn 0.177168638 0.394502372 -0.901653588
vn 0.171685055 0.201375261 -0.9643507
vn 0.232201025 0 -0.972667813
vn -0 0 -1
vn -0 0.219350263 -0.975646198
vn 2.79362837E-07 0.380825162 -0.924647093
vn 0.371480256 0.588086843 -0.718440175
vn 0.361032873 0.648994207 -0.669672787
vn 0.360943675 0.649439692 -0.669288993
vn 0.348986179 0.710198104 -0.611414135
vn 0.330184668 0.748523951 -0.575056553
vn 0.31439358 0.787275672 -0.530427814
vn 0.315661848 0.830525398 -0.458895475
vn 0.257007778 0.834299028 -0.487741888
vn 0.225144848 0.886474788 -0.404317081
vn 0.344744354 0.873099566 -0.344744056
vn 0.211512566 0.954214215 -0.211512744
vn 0.113745898 0.948516846 -0.295597166
vn 0.159930333 0.895353556 -0.415649354
vn 0.362830937 0.810219288 -0.460324287
vn 0.229375094 0.945925295 -0.229374081
vn 0.409358919 0.815383852 -0.40935865
vn -0 0.948552191 -0.316620737
vn -0 0.926627994 -0.375979513
vn 0.109366521 0.987966537 -0.109366283
vn -0 0.987959683 -0.154711753
vn -0 1 0
vn 0.66358012 0.747267902 0.0353865623
vn 0.0701668561 0.995064497 -0.0701659247
vn 0.616908014 0.488719046 -0.61691016
vn 0.52314502 0.502351701 -0.688448966
vn 0.51128453 0.498537391 -0.700034738
vn 0.609624445 0.506671786 -0.609624326
vn 0.484971613 0.478138596 -0.732247293
vn 0.51968801 0.502872229 -0.690683603
vn 0.610942781 0.503484547 -0.610943735
vn 0.474259198 0.46652934 -0.746611416
vn 0.47729367 0.466633707 -0.744609833
vn 0.508637846 0.544943869 -0.666576147
vn 0.477743059 0.466682523 -0.744290888
vn 0.485327303 0.472345769 -0.735762835
vn 0.516653836 0.56168741 -0.646201253
vn 0.479291856 0.467552453 -0.742747664
vn 0.509080648 0.592255712 -0.624555945
vn 0.501556337 0.617449164 -0.605968475
vn 0.504443765 0.514995277 -0.693048656
vn 0.476827443 0.688839614 -0.546017945
vn 0.477960706 0.6565274 -0.583545506
vn 0.535178185 0.653581858 -0.535177648
vn 0.535178185 0.653581858 -0.535177648
vn 0.434440225 0.744617045 -0.506761432
vn 0.412543893 0.759681046 -0.50268507
vn 0.41254437 0.759680092 -0.502686083
vn 0.458548069 0.761226833 -0.458549261
vn 0.458548069 0.761226833 -0.458549261
vn 0.0839935914 0.992920041 -0.0839929357
vn 0.587063193 0.809282124 -0.0204741843
vn 0.527421534 0.830733001 0.178071067
vn 0.0839935914 0.992920041 -0.0839929283
vn 0.907844245 0.405396461 0.107110135
vn 0.874423087 0.478264242 -0.0815324038
vn 0.967538178 -0.0269394554 -0.251284957
vn 0.965039551 -0.0338598117 -0.25990817
vn 0.691643417 -0.20798488 -0.691644132
vn 0.691643417 -0.20798488 -0.691644132
vn 0.579535544 0.572954774 -0.579535425
vn 0.579535902 0.572952271 -0.579537511
vn 0.579534531 0.572955966 -0.579535365
vn 0.579534173 0.572956443 -0.579535246
vn -0.0443693958 0.998029351 0.0443707816
vn -0.0443693958 0.998029351 0.0443707816
vn -0.0788956285 0.996835351 0.00973636098
vn -0.0788956285 0.996835351 0.00973636098
vn 0.704726338 -0.0820019618 -0.704724371
vn 0.66307956 -0.0818663761 -0.744058728
vn 0.66307956 -0.0818663687 -0.744058728
vn 0.704726279 -0.0820019469 -0.704724371
vn 0.431596696 0.695995212 -0.573859751
vn 0.505292118 0.699543536 -0.505290568
vn 0.505292177 0.699543595 -0.505290568
vn 0.431596696 0.695995212 -0.573859751
vn -0.181558818 0.866808891 -0.464412332
vn -0.181558818 0.866808832 -0.464412332
vn -0.181558818 0.866808891 -0.464412332
vn -0.181558818 0.866808891 -0.464412332
vn 0.706743181 0.703142941 0.0781287402
vn 0.706743181 0.703142941 0.0781287402
vn 0.706743181 0.703142941 0.0781287402
vn 0.706743181 0.703142941 0.0781287402
vn -0.0192819256 -0.0245166812 -0.999513447
vn -0.0192819256 -0.0245166793 -0.999513447
vn -0.0192819238 -0.0245166793 -0.999513447
vn -0.0192819256 -0.0245166775 -0.999513447
vn 0.515176296 0.508158505 -0.690194428
vn 0.515176356 0.508158565 -0.690194309
vn 0.515176356 0.508158565 -0.690194309
vn 0.515176296 0.508158565 -0.690194368
vn -0.237979472 0.608303249 -0.757187545
vn -0.177819982 0.547891676 -0.817431808
vn -0.178257495 0.548181593 -0.817142069
vn -0.238110542 0.608516574 -0.756974816
vn -0.0908309445 0.509919643 -0.855413198
vn -0.090109624 0.509733856 -0.855600178
vn -0 0.497007161 -0.867746472
vn -0 0.497007161 -0.867746472
vn -0.259402633 0.681249917 -0.684550107
vn -0.259402633 0.681249738 -0.684550226
vn -0.0901094228 0.853127003 -0.513862431
vn -0.177819997 0.814774632 -0.551835418
vn -0.178257629 0.814483404 -0.552124143
vn -0.0908308923 0.852939129 -0.514047265
vn -0.238110662 0.754025161 -0.612167835
vn -0.237979516 0.754239023 -0.611955285
vn -0 0.86533469 -0.501194417
vn -0 0.865334749 -0.501194358
vn -0.259402633 0.681249738 -0.684550226
vn -0.259402633 0.681249917 -0.684550107
vn 0.471400976 1.31452097E-07 -0.881919026
vn 0.869310737 -0.188440129 -0.456934512
vn 0.869310737 -0.188440144 -0.456934512
vn 0.869310737 -0.188440129 -0.456934452
vn 0.869310737 -0.188440129 -0.456934452
vn 0.864148855 0.46643132 0.188914075
vn 0.864148855 0.46643129 0.188914075
vn 0.864148855 0.46643132 0.188914075
vn 0.864148855 0.46643132 0.188914046
vn -0.0109045925 0.442803264 -0.896552444
vn 0.493798226 -0.0978823155 -0.864049971
vn 0.630022824 0.555426419 -0.542745531
vn -0.633208156 0.247634441 -0.73329711
vn -0.633722603 0.247855365 -0.732777834
vn -0.681873322 0.264759421 -0.681873381
vn -0.681873322 0.264759392 -0.681873381
vn -0.561148703 0.188281178 -0.806016326
vn -0.56128031 0.188455045 -0.805884063
vn -0.514031947 0.0890193358 -0.853139341
vn -0.513950765 0.0887173265 -0.853219688
vn -0.49778229 0 -0.867302001
vn -0.49778229 0 -0.867302001
vn -0.131204307 -0.974675298 0.181089997
vn -0.168826148 -0.964328825 0.203881547
vn 0.0401600674 -0.998385906 0.0401598439
vn 0.0401600711 -0.998385906 0.0401598513
vn -0.205019668 -0.963012874 0.174851626
vn -0.190330759 -0.969169378 0.156476364
vn 0.287103325 -0.756120563 -0.588093042
vn 0.275774658 -0.77843833 -0.563898981
vn 0.273319989 -0.547488868 -0.790918529
vn 0.289564162 -0.582626462 -0.759406984
vn -0.182663977 0.18590346 -0.965439677
vn -0.177343801 0.178931668 -0.967746139
vn -0.131096005 0.191743955 -0.972649992
vn -0.147474378 0.203597739 -0.967883885
vn 0.0393028222 0.0445785038 -0.998232484
vn 0.0463116057 0.0376545973 -0.998217106
vn 0.187780112 -0.1310976 -0.973422825
vn 0.207602665 -0.162519991 -0.964618266
vn 0.179544523 -0.19101873 -0.9650262
vn 0.164161906 -0.17820771 -0.970202506
vn -0.479786605 0.270945221 -0.834501982
vn -0.516581476 0.290054411 -0.805612862
vn -0.659345865 0.361283451 -0.659346163
vn -0.659345865 0.361283451 -0.659346104
vn -0.655756891 -0.374119937 -0.655756891
vn -0.655756891 -0.374119937 -0.655756891
vn -0.766859829 -0.351985753 -0.536686122
vn -0.730524242 -0.372192323 -0.572544515
vn -0.802745402 -0.33537367 -0.493076414
vn -0.857760012 -0.303075105 -0.415202737
vn -0.860870957 -0.269707561 -0.431461573
vn -0.873013675 -0.214621544 -0.437932342
vn -0.882360101 -0.332104594 -0.333387494
vn -0.958160281 -0.127144873 -0.256443113
vn -0.798974276 -0.390798897 -0.457073689
vn -0.793899834 -0.403304249 -0.455048084
vn -0.857503057 -0.416509122 -0.302007824
vn -0.77257812 -0.537177682 -0.338471919
vn -0.744916081 -0.568062663 -0.349864095
vn -0.864816964 -0.434185624 -0.252139807
vn -0.901653588 -0.394502342 -0.177168548
vn -0.9643507 -0.201375172 -0.171685129
vn -0.972667813 -2.02931602E-07 -0.232200831
vn -1 0 0
vn -0.975646198 -0.219350263 0
vn -0.924646735 -0.380825907 0
vn -0.718440413 -0.588086665 -0.371480167
vn -0.669673026 -0.648994088 -0.361032933
vn -0.669289172 -0.649439514 -0.360943645
vn -0.611414254 -0.710198045 -0.348986
vn -0.575056732 -0.748523712 -0.330184847
vn -0.530428112 -0.787275314 -0.314393938
vn -0.458895445 -0.830525339 -0.315662265
vn -0.48774159 -0.834299028 -0.257008463
vn -0.404316783 -0.886474967 -0.22514455
vn -0.344744354 -0.873099566 -0.344744056
vn -0.211512581 -0.954214275 -0.211512744
vn -0.295597225 -0.948516786 -0.113746084
vn -0.415648937 -0.895353675 -0.159930363
vn -0.460324407 -0.810219228 -0.362830937
vn -0.229375109 -0.945925236 -0.229374096
vn -0.409358919 -0.815383852 -0.40935865
vn -0.316620588 -0.948552251 -1.85071059E-07
vn -0.375979573 -0.926627994 -2.64656592E-07
vn -0.109366521 -0.987966537 -0.109366283
vn -0.154711798 -0.987959683 1.56270843E-07
vn -0 -1 0
vn 0.0353867561 -0.747267425 -0.663580596
vn -0.0701668561 -0.995064497 -0.0701659247
vn -0.616908014 -0.488719046 -0.61691016
vn -0.688448966 -0.502352297 -0.523144364
vn -0.609624445 -0.506671846 -0.609624326
vn -0.700034976 -0.498537362 -0.511284232
vn -0.732247412 -0.478138387 -0.484971613
vn -0.690683305 -0.502873302 -0.519687474
vn -0.610942781 -0.503484547 -0.610943735
vn -0.74661082 -0.466530561 -0.474258929
vn -0.744609654 -0.466633797 -0.477293789
vn -0.666576326 -0.544943929 -0.508637488
vn -0.744291008 -0.466682553 -0.477742821
vn -0.735763192 -0.472345173 -0.485327214
vn -0.646200836 -0.561688483 -0.516653299
vn -0.742747545 -0.467554867 -0.479289621
vn -0.624555826 -0.592255831 -0.509080589
vn -0.605968475 -0.617449284 -0.501556218
vn -0.693049252 -0.514994502 -0.504443765
vn -0.546017885 -0.688839614 -0.476827443
vn -0.583546042 -0.656526983 -0.477960646
vn -0.535178185 -0.653581858 -0.535177648
vn -0.535178185 -0.653581858 -0.535177648
vn -0.506761134 -0.744616866 -0.434440911
vn -0.502687216 -0.759679377 -0.41254428
vn -0.502686918 -0.759678781 -0.412545741
vn -0.458548069 -0.761226833 -0.458549261
vn -0.458548069 -0.761226833 -0.458549261
vn -0.0839935914 -0.992920041 -0.0839929357
vn -0.0839935914 -0.992920041 -0.0839929283
vn 0.178070396 -0.830732942 -0.527421713
vn -0.020474473 -0.809282064 -0.587063372
vn 0.107109264 -0.405395746 -0.907844603
vn -0.0815331563 -0.478263885 -0.874423206
vn -0.251285255 0.026939122 -0.967538059
vn -0.259908527 0.0338594355 -0.965039432
vn -0.691643417 0.20798488 -0.691644132
vn -0.691643417 0.20798488 -0.691644132
vn -0.579535544 -0.572954834 -0.579535425
vn -0.579535902 -0.572952271 -0.579537511
vn -0.579534948 -0.57295686 -0.579533994
vn -0.579534173 -0.572956443 -0.579535246
vn 0.0443693958 -0.998029351 0.0443707816
vn 0.00973707624 -0.996835053 0.0788989663
vn 0.00973707624 -0.996835053 0.0788989663
vn 0.0443693958 -0.998029351 0.0443707816
vn -0.704726338 0.0820019618 -0.704724371
vn -0.704726279 0.0820019469 -0.704724371
vn -0.744060576 0.0818684474 -0.663077176
vn -0.744060576 0.0818684474 -0.663077176
vn -0.573861361 -0.695994914 -0.431595057
vn -0.573861301 -0.695994914 -0.431595057
vn -0.505292177 -0.699543595 -0.505290568
vn -0.505292118 -0.699543536 -0.505290568
vn -0.464414507 -0.866808534 0.181554839
vn -0.464414567 -0.866808534 0.181554839
vn -0.464414567 -0.866808534 0.181554854
vn -0.464414507 -0.866808534 0.181554839
vn 0.0781292766 -0.703141749 -0.706744254
vn 0.0781292766 -0.703141749 -0.706744254
vn 0.0781292766 -0.703141749 -0.706744254
vn 0.0781292841 -0.703141809 -0.706744254
vn -0.999513507 0.0245159343 0.0192795023
vn -0.999513507 0.0245159306 0.0192795023
vn -0.999513507 0.0245159324 0.0192795042
vn -0.999513507 0.0245159362 0.0192795061
vn -0.690194726 -0.508158088 -0.515176356
vn -0.690194726 -0.508158088 -0.515176296
vn -0.690194666 -0.508158088 -0.515176296
vn -0.690194666 -0.508158207 -0.515176356
vn -0.757187366 -0.608303308 0.237979755
vn -0.756974578 -0.608516812 0.238110825
vn -0.817142129 -0.548181415 0.178257793
vn -0.817431927 -0.547891438 0.17782028
vn -0.855413318 -0.509919405 0.0908309147
vn -0.855600357 -0.509733617 0.0901096016
vn -0.867746472 -0.497007191 0
vn -0.867746472 -0.497007161 0
vn -0.684549868 -0.681250036 0.259402692
vn -0.684549928 -0.681249976 0.259402692
vn -0.513862371 -0.853127062 0.0901092961
vn -0.514047325 -0.852939069 0.0908307657
vn -0.552123904 -0.814483464 0.178257942
vn -0.551835239 -0.814774692 0.177820295
vn -0.612167597 -0.75402528 0.238110721
vn -0.611955047 -0.754239142 0.237979576
vn -0.501194715 -0.865334511 0
vn -0.501194715 -0.86533457 0
vn -0.684549928 -0.681249976 0.259402692
vn -0.684549868 -0.681250036 0.259402692
vn -0.881920159 0 -0.471398771
vn -0.45693472 0.188437656 -0.869311154
vn -0.45693478 0.18843767 -0.869311154
vn -0.45693478 0.1884377 -0.869311154
vn -0.45693478 0.188437656 -0.869311154
vn 0.188918427 -0.466431141 -0.864148021
vn 0.188918397 -0.466431022 -0.86414808
vn 0.188918427 -0.466431081 -0.86414808
vn 0.188918427 -0.466431111 -0.86414808
vn -0.623760462 -0.778636754 -0.0681742281
vn -0.708813488 -0.705395937 0
vn -0.618120551 -0.786083281 3.88773856E-07
vn -0.641634047 -0.759453773 -0.107404858
vn -0.668941855 -0.731194735 -0.133682281
vn -0.701536715 -0.698154032 -0.14292331
vn -0.73441869 -0.665400743 -0.133682325
vn -0.762545526 -0.637956619 -0.107403763
vn -0.781642318 -0.619989932 -0.0681740269
vn -0.789061725 -0.6143139 1.28605379E-07
vn -0.623760462 -0.778636694 0.0681744888
vn -0.641634166 -0.759453595 0.107404754
vn -0.668942332 -0.731194377 0.133682355
vn -0.781642437 -0.619989872 0.0681740344
vn -0.762545466 -0.637956738 0.107403368
vn -0.734418631 -0.665400863 0.133682176
vn -0.701536894 -0.698153973 0.142923474
vn -0.896552384 -0.442803413 0.0109053999
vn -0.542745411 -0.555426478 -0.630022883
vn -0.864049971 0.097881861 -0.493798316
vn -0.633208096 0.24763453 0.733297169
vn -0.681873262 0.264759332 0.681873441
vn -0.681873262 0.264759332 0.681873441
vn -0.633722484 0.247855455 0.732777894
vn -0.561148643 0.188281253 0.806016326
vn -0.56128031 0.188455135 0.805884063
vn -0.514031947 0.0890193433 0.853139341
vn -0.513950765 0.0887173265 0.853219628
vn -0.49778229 0 0.867302001
vn -0.49778229 0 0.867302001
vn -0.131204247 -0.974675298 -0.181089923
vn 0.0401601158 -0.998385906 -0.0401598141
vn 0.0401601084 -0.998385906 -0.0401598141
vn -0.168826118 -0.964328825 -0.203881428
vn -0.205019683 -0.963012934 -0.174851507
vn -0.190330759 -0.969169378 -0.156476259
vn 0.287103474 -0.756120563 0.588092923
vn 0.275774807 -0.77843833 0.563898861
vn 0.27331987 -0.547488868 0.790918589
vn 0.289564103 -0.582626522 0.759407043
vn -0.182664007 0.185903326 0.965439677
vn -0.177343816 0.178931475 0.967746198
vn -0.131095916 0.191743881 0.972650051
vn -0.147474289 0.203597665 0.967883945
vn 0.0393026508 0.0445784926 0.998232484
vn 0.0463114269 0.0376545899 0.998217106
vn 0.187780038 -0.131097659 0.973422825
vn 0.207602739 -0.162520051 0.964618206
vn 0.179544851 -0.191018865 0.96502614
vn 0.164162204 -0.178207874 0.970202446
vn -0.479786694 0.270945221 0.834501863
vn -0.516581655 0.29005444 0.805612743
vn -0.659345746 0.36128372 0.659346163
vn -0.659345806 0.36128366 0.659346044
vn -0.655756831 -0.374119848 0.65575701
vn -0.730524182 -0.372192472 0.572544515
vn -0.766859829 -0.351985753 0.536686242
vn -0.655756891 -0.374119878 0.65575695
vn -0.802745402 -0.335373461 0.493076473
vn -0.857760072 -0.303075045 0.415202618
vn -0.860870957 -0.269707561 0.431461513
vn -0.873013675 -0.21462144 0.437932312
vn -0.882360101 -0.332104534 0.333387494
vn -0.958160341 -0.127144501 0.256443113
vn -0.798974276 -0.390798897 0.457073659
vn -0.793899894 -0.403304189 0.455048025
vn -0.857503057 -0.416509032 0.302007765
vn -0.772578061 -0.537177801 0.33847174
vn -0.744916022 -0.568062723 0.349863976
vn -0.864817023 -0.434185505 0.252139807
vn -0.901653528 -0.394502401 0.177168533
vn -0.9643507 -0.201375097 0.171685144
vn -0.972667813 2.05090458E-07 0.232200831
vn -1 0 0
vn -0.975646198 -0.219350263 0
vn -0.924646735 -0.380825907 0
vn -0.718440294 -0.588086724 0.371480107
vn -0.669672966 -0.648994148 0.361032993
vn -0.669289112 -0.649439573 0.360943764
vn -0.611414254 -0.710197985 0.348986268
vn -0.575056672 -0.748523712 0.330184937
vn -0.530428112 -0.787275314 0.314393967
vn -0.458895445 -0.830525339 0.315662086
vn -0.487741619 -0.834299088 0.257008165
vn -0.404316813 -0.886474967 0.225144431
vn -0.344744354 -0.873099566 0.344743997
vn -0.211512566 -0.954214215 0.211512789
vn -0.295597196 -0.948516786 0.113746099
vn -0.415649056 -0.895353675 0.159930021
vn -0.460324496 -0.810219228 0.362830848
vn -0.229375198 -0.945925295 0.229373947
vn -0.409358919 -0.815383911 0.409358412
vn -0.316620588 -0.948552251 -1.85071059E-07
vn -0.375979573 -0.926627994 -2.64656592E-07
vn -0.109366514 -0.987966537 0.109366514
vn -0.154711798 -0.987959683 1.56270843E-07
vn -0 -1 0
vn 0.0353866331 -0.747267663 0.663580298
vn -0.0701670051 -0.995064497 0.0701657385
vn -0.616908193 -0.488719195 0.616909981
vn -0.688449264 -0.502352118 0.523144305
vn -0.700035155 -0.498537064 0.511284292
vn -0.609624505 -0.506671667 0.609624207
vn -0.732247412 -0.478138 0.484971821
vn -0.690683305 -0.502873242 0.519687414
vn -0.610943019 -0.503484666 0.610943258
vn -0.746610403 -0.46653071 0.474259436
vn -0.744609773 -0.466633439 0.477293998
vn -0.666576326 -0.544943929 0.508637547
vn -0.744291186 -0.466681957 0.477743119
vn -0.735763311 -0.472344697 0.485327482
vn -0.646200836 -0.561688304 0.516653359
vn -0.742747486 -0.467553943 0.479290605
vn -0.624555767 -0.59225595 0.509080529
vn -0.605968177 -0.617449403 0.501556218
vn -0.693049133 -0.514994323 0.504443944
vn -0.546017766 -0.688839614 0.476827592
vn -0.583545804 -0.656527162 0.477960646
vn -0.535177946 -0.653581738 0.535177946
vn -0.535178006 -0.653581738 0.535178006
vn -0.506761134 -0.744616926 0.434440821
vn -0.502687097 -0.759679198 0.412544817
vn -0.502686918 -0.759679139 0.412545145
vn -0.458548278 -0.76122719 0.458548337
vn -0.458548278 -0.76122719 0.458548278
vn -0.0839935616 -0.992920101 0.0839924589
vn -0.0204746891 -0.809282422 0.587062776
vn 0.178070143 -0.830733359 0.527421176
vn -0.083993569 -0.992920101 0.0839924589
vn 0.107109033 -0.405395895 0.907844603
vn -0.081533514 -0.478264213 0.874423027
vn -0.251285195 0.0269393045 0.967538118
vn -0.259908378 0.033859618 0.965039492
vn -0.691643596 0.207985356 0.691643894
vn -0.691643596 0.207985356 0.691643894
vn -0.579535604 -0.572955072 0.579535186
vn -0.579535365 -0.572952926 0.579537511
vn -0.579535544 -0.572957098 0.579533279
vn -0.579535067 -0.572955728 0.579535067
vn 0.0443695374 -0.998029411 -0.0443693995
vn 0.0443695411 -0.998029411 -0.044369407
vn 0.00973727554 -0.996835291 -0.0788961723
vn 0.00973727554 -0.996835291 -0.0788961649
vn -0.704726338 0.0820036083 0.704724193
vn -0.744061351 0.0818700194 0.663076162
vn -0.74406141 0.0818700269 0.663076162
vn -0.704726398 0.0820036083 0.704724193
vn -0.573861003 -0.695994496 0.43159616
vn -0.505291581 -0.699543655 0.505291045
vn -0.505291581 -0.699543715 0.505291104
vn -0.573861003 -0.695994437 0.43159619
vn -0.464416176 -0.866807342 -0.18155618
vn -0.464416236 -0.866807342 -0.181556165
vn -0.464416176 -0.866807342 -0.18155618
vn -0.464416176 -0.866807342 -0.18155618
vn 0.0781285167 -0.70314163 0.706744492
vn 0.0781285167 -0.70314163 0.706744492
vn 0.0781285241 -0.70314163 0.706744492
vn 0.0781285241 -0.70314163 0.706744492
vn -0.999513566 0.0245144088 -0.0192794595
vn -0.999513566 0.0245144106 -0.0192794614
vn -0.999513566 0.0245144069 -0.0192794595
vn -0.999513566 0.0245144088 -0.0192794576
vn -0.690194905 -0.50815779 0.515176296
vn -0.690194905 -0.50815779 0.515176356
vn -0.690194964 -0.50815773 0.515176356
vn -0.690194905 -0.50815779 0.515176356
vn -0.757187486 -0.60830313 -0.23797971
vn -0.817431927 -0.547891378 -0.177820235
vn -0.817142129 -0.548181415 -0.178257778
vn -0.756974697 -0.608516693 -0.238110825
vn -0.855413258 -0.509919524 -0.0908308327
vn -0.855600238 -0.509733677 -0.0901095048
vn -0.867746472 -0.497007191 0
vn -0.867746472 -0.497007161 0
vn -0.684549928 -0.681250095 -0.259402633
vn -0.684550047 -0.681250036 -0.259402722
vn -0.513862371 -0.853127062 -0.0901092738
vn -0.551835239 -0.814774692 -0.177820235
vn -0.552123904 -0.814483523 -0.178257912
vn -0.514047325 -0.852939069 -0.0908307508
vn -0.612167716 -0.754025221 -0.238110751
vn -0.611955106 -0.754239142 -0.237979576
vn -0.501194715 -0.865334511 0
vn -0.501194715 -0.86533457 0
vn -0.684550047 -0.681250036 -0.259402722
vn -0.684549928 -0.681250095 -0.259402633
vn -0.881920159 0 0.471398771
vn -0.456935942 0.188437626 0.869310498
vn -0.456935912 0.188437626 0.869310558
vn -0.456935912 0.188437626 0.869310558
vn -0.456935912 0.188437626 0.869310558
vn 0.18891786 -0.466431558 0.864147961
vn 0.18891786 -0.466431558 0.864147961
vn 0.18891786 -0.466431558 0.864147961
vn 0.188917905 -0.466431558 0.864147961
vn -0.896552444 -0.442803323 -0.0109052388
vn -0.864049971 0.0978820994 0.493798316
vn -0.542745471 -0.555426657 0.630022705
vn -0.633208156 -0.247634441 0.73329711
vn -0.633722603 -0.247855365 0.732777834
vn -0.681873322 -0.264759421 0.681873381
vn -0.681873322 -0.264759392 0.681873381
vn -0.561148703 -0.188281178 0.806016326
vn -0.56128031 -0.188455045 0.805884063
vn -0.514031947 -0.0890193358 0.853139341
vn -0.513950765 -0.0887173265 0.853219688
vn -0.49778229 0 0.867302001
vn -0.49778229 0 0.867302001
vn -0.131204307 0.974675298 -0.181089997
vn -0.168826148 0.964328825 -0.203881547
vn 0.0401600674 0.998385906 -0.0401598439
vn 0.0401600711 0.998385906 -0.0401598513
vn -0.205019668 0.963012874 -0.174851626
vn -0.190330759 0.969169378 -0.156476364
vn 0.287103325 0.756120563 0.588093042
vn 0.275774658 0.77843833 0.563898981
vn 0.273319989 0.547488868 0.790918529
vn 0.289564162 0.582626462 0.759406984
vn -0.182663977 -0.18590346 0.965439677
vn -0.177343801 -0.178931668 0.967746139
vn -0.131096005 -0.191743955 0.972649992
vn -0.147474378 -0.203597739 0.967883885
vn 0.0393028222 -0.0445785038 0.998232484
vn 0.0463116057 -0.0376545973 0.998217106
vn 0.187780112 0.1310976 0.973422825
vn 0.207602665 0.162519991 0.964618266
vn 0.179544523 0.19101873 0.9650262
vn 0.164161906 0.17820771 0.970202506
vn -0.479786605 -0.270945221 0.834501982
vn -0.516581476 -0.290054411 0.805612862
vn -0.659345865 -0.361283451 0.659346163
vn -0.659345865 -0.361283451 0.659346104
vn -0.655756891 0.374119937 0.655756891
vn -0.655756891 0.374119937 0.655756891
vn -0.766859829 0.351985753 0.536686122
vn -0.730524242 0.372192323 0.572544515
vn -0.802745402 0.33537367 0.493076414
vn -0.857760012 0.303075105 0.415202737
vn -0.860870957 0.269707561 0.431461573
vn -0.873013675 0.214621544 0.437932342
vn -0.882360101 0.332104594 0.333387494
vn -0.958160281 0.127144873 0.256443113
vn -0.798974276 0.390798897 0.457073689
vn -0.793899834 0.403304249 0.455048084
vn -0.857503057 0.416509122 0.302007824
vn -0.77257812 0.537177682 0.338471919
vn -0.744916081 0.568062663 0.349864095
vn -0.864816964 0.434185624 0.252139807
vn -0.901653588 0.394502342 0.177168548
vn -0.9643507 0.201375172 0.171685129
vn -0.972667813 2.05090458E-07 0.232200831
vn -1 0 0
vn -0.975646198 0.219350263 0
vn -0.924646735 0.380825907 0
vn -0.718440413 0.588086665 0.371480167
vn -0.669673026 0.648994088 0.361032933
vn -0.669289172 0.649439514 0.360943645
vn -0.611414254 0.710198045 0.348986
vn -0.575056732 0.748523712 0.330184847
vn -0.530428112 0.787275314 0.314393938
vn -0.458895445 0.830525339 0.315662265
vn -0.48774159 0.834299028 0.257008463
vn -0.404316783 0.886474967 0.22514455
vn -0.344744354 0.873099566 0.344744056
vn -0.211512581 0.954214275 0.211512744
vn -0.295597225 0.948516786 0.113746084
vn -0.415648937 0.895353675 0.159930363
vn -0.460324407 0.810219228 0.362830937
vn -0.229375109 0.945925236 0.229374096
vn -0.409358919 0.815383852 0.40935865
vn -0.316620588 0.948552251 1.85071059E-07
vn -0.375979573 0.926627994 2.64656592E-07
vn -0.109366521 0.987966537 0.109366283
vn -0.154711798 0.987959683 -1.56270843E-07
vn -0 1 0
vn 0.0353867561 0.747267425 0.663580596
vn -0.0701668561 0.995064497 0.0701659247
vn -0.616908014 0.488719046 0.61691016
vn -0.688448966 0.502352297 0.523144364
vn -0.609624445 0.506671846 0.609624326
vn -0.700034976 0.498537362 0.511284232
vn -0.732247412 0.478138387 0.484971613
vn -0.690683305 0.502873302 0.519687474
vn -0.610942781 0.503484547 0.610943735
vn -0.74661082 0.466530561 0.474258929
vn -0.744609654 0.466633797 0.477293789
vn -0.666576326 0.544943929 0.508637488
vn -0.744291008 0.466682553 0.477742821
vn -0.735763192 0.472345173 0.485327214
vn -0.646200836 0.561688483 0.516653299
vn -0.742747545 0.467554867 0.479289621
vn -0.624555826 0.592255831 0.509080589
vn -0.605968475 0.617449284 0.501556218
vn -0.693049252 0.514994502 0.504443765
vn -0.546017885 0.688839614 0.476827443
vn -0.583546042 0.656526983 0.477960646
vn -0.535178185 0.653581858 0.535177648
vn -0.535178185 0.653581858 0.535177648
vn -0.506761134 0.744616866 0.434440911
vn -0.502687216 0.759679377 0.41254428
vn -0.502686918 0.759678781 0.412545741
vn -0.458548069 0.761226833 0.458549261
vn -0.458548069 0.761226833 0.458549261
vn -0.0839935914 0.992920041 0.0839929357
vn -0.0839935914 0.992920041 0.0839929283
vn 0.178070396 0.830732942 0.527421713
vn -0.020474473 0.809282064 0.587063372
vn 0.107109264 0.405395746 0.907844603
vn -0.0815331563 0.478263885 0.874423206
vn -0.251285255 -0.026939122 0.967538059
vn -0.259908527 -0.0338594355 0.965039432
vn -0.691643417 -0.20798488 0.691644132
vn -0.691643417 -0.20798488 0.691644132
vn -0.579535544 0.572954834 0.579535425
vn -0.579535902 0.572952271 0.579537511
vn -0.579534948 0.57295686 0.579533994
vn -0.579534173 0.572956443 0.579535246
vn 0.0443693958 0.998029351 -0.0443707816
vn 0.00973707624 0.996835053 -0.0788989663
vn 0.00973707624 0.996835053 -0.0788989663
vn 0.0443693958 0.998029351 -0.0443707816
vn -0.704726338 -0.0820019618 0.704724371
vn -0.704726279 -0.0820019469 0.704724371
vn -0.744060576 -0.0818684474 0.663077176
vn -0.744060576 -0.0818684474 0.663077176
vn -0.573861361 0.695994914 0.431595057
vn -0.573861301 0.695994914 0.431595057
vn -0.505292177 0.699543595 0.505290568
vn -0.505292118 0.699543536 0.505290568
vn -0.464414507 0.866808534 -0.181554839
vn -0.464414567 0.866808534 -0.181554839
vn -0.464414567 0.866808534 -0.181554854
vn -0.464414507 0.866808534 -0.181554839
vn 0.0781292766 0.703141749 0.706744254
vn 0.0781292766 0.703141749 0.706744254
vn 0.0781292766 0.703141749 0.706744254
vn 0.0781292841 0.703141809 0.706744254
vn -0.999513507 -0.0245159343 -0.0192795023
vn -0.999513507 -0.0245159306 -0.0192795023
vn -0.999513507 -0.0245159324 -0.0192795042
vn -0.999513507 -0.0245159362 -0.0192795061
vn -0.690194726 0.508158088 0.515176356
vn -0.690194726 0.508158088 0.515176296
vn -0.690194666 0.508158088 0.515176296
vn -0.690194666 0.508158207 0.515176356
vn -0.757187366 0.608303308 -0.237979755
vn -0.756974578 0.608516812 -0.238110825
vn -0.817142129 0.548181415 -0.178257793
vn -0.817431927 0.547891438 -0.17782028
vn -0.855413318 0.509919405 -0.0908309147
vn -0.855600357 0.509733617 -0.0901096016
vn -0.867746472 0.497007191 0
vn -0.867746472 0.497007161 0
vn -0.684549868 0.681250036 -0.259402692
vn -0.684549928 0.681249976 -0.259402692
vn -0.513862371 0.853127062 -0.0901092961
vn -0.514047325 0.852939069 -0.0908307657
vn -0.552123904 0.814483464 -0.178257942
vn -0.551835239 0.814774692 -0.177820295
vn -0.612167597 0.75402528 -0.238110721
vn -0.611955047 0.754239142 -0.237979576
vn -0.501194715 0.865334511 0
vn -0.501194715 0.86533457 0
vn -0.684549928 0.681249976 -0.259402692
vn -0.684549868 0.681250036 -0.259402692
vn -0.881920159 0 0.471398771
vn -0.45693472 -0.188437656 0.869311154
vn -0.45693478 -0.18843767 0.869311154
vn -0.45693478 -0.1884377 0.869311154
vn -0.45693478 -0.188437656 0.869311154
vn 0.188918427 0.466431141 0.864148021
vn 0.188918397 0.466431022 0.86414808
vn 0.188918427 0.466431081 0.86414808
vn 0.188918427 0.466431111 0.86414808
vn -0.623760462 0.778636754 0.0681742281
vn -0.708813488 0.705395937 0
vn -0.618120551 0.786083281 -3.88773856E-07
vn -0.641634047 0.759453773 0.107404858
vn -0.668941855 0.731194735 0.133682281
vn -0.701536715 0.698154032 0.14292331
vn -0.73441869 0.665400743 0.133682325
vn -0.762545526 0.637956619 0.107403763
vn -0.781642318 0.619989932 0.0681740269
vn -0.789061725 0.6143139 -1.28605379E-07
vn -0.623760462 0.778636694 -0.0681744888
vn -0.641634166 0.759453595 -0.107404754
vn -0.668942332 0.731194377 -0.133682355
vn -0.781642437 0.619989872 -0.0681740344
vn -0.762545466 0.637956738 -0.107403368
vn -0.734418631 0.665400863 -0.133682176
vn -0.701536894 0.698153973 -0.142923474
vn -0.896552384 0.442803413 -0.0109053999
vn -0.542745411 0.555426478 0.630022883
vn -0.864049971 -0.097881861 0.493798316
vn -0.633208096 -0.24763453 -0.733297169
vn -0.681873262 -0.264759332 -0.681873441
vn -0.681873262 -0.264759332 -0.681873441
vn -0.633722484 -0.247855455 -0.732777894
vn -0.561148643 -0.188281253 -0.806016326
vn -0.56128031 -0.188455135 -0.805884063
vn -0.514031947 -0.0890193433 -0.853139341
vn -0.513950765 -0.0887173265 -0.853219628
vn -0.49778229 0 -0.867302001
vn -0.49778229 0 -0.867302001
vn -0.131204247 0.974675298 0.181089923
vn 0.0401601158 0.998385906 0.0401598141
vn 0.0401601084 0.998385906 0.0401598141
vn -0.168826118 0.964328825 0.203881428
vn -0.205019683 0.963012934 0.174851507
vn -0.190330759 0.969169378 0.156476259
vn 0.287103474 0.756120563 -0.588092923
vn 0.275774807 0.77843833 -0.563898861
vn 0.27331987 0.547488868 -0.790918589
vn 0.289564103 0.582626522 -0.759407043
vn -0.182664007 -0.185903326 -0.965439677
vn -0.177343816 -0.178931475 -0.967746198
vn -0.131095916 -0.191743881 -0.972650051
vn -0.147474289 -0.203597665 -0.967883945
vn 0.0393026508 -0.0445784926 -0.998232484
vn 0.0463114269 -0.0376545899 -0.998217106
vn 0.187780038 0.131097659 -0.973422825
vn 0.207602739 0.162520051 -0.964618206
vn 0.179544851 0.191018865 -0.96502614
vn 0.164162204 0.178207874 -0.970202446
vn -0.479786694 -0.270945221 -0.834501863
vn -0.516581655 -0.29005444 -0.805612743
vn -0.659345746 -0.36128372 -0.659346163
vn -0.659345806 -0.36128366 -0.659346044
vn -0.655756831 0.374119848 -0.65575701
vn -0.730524182 0.372192472 -0.572544515
vn -0.766859829 0.351985753 -0.536686242
vn -0.655756891 0.374119878 -0.65575695
vn -0.802745402 0.335373461 -0.493076473
vn -0.857760072 0.303075045 -0.415202618
vn -0.860870957 0.269707561 -0.431461513
vn -0.873013675 0.21462144 -0.437932312
vn -0.882360101 0.332104534 -0.333387494
vn -0.958160341 0.127144501 -0.256443113
vn -0.798974276 0.390798897 -0.457073659
vn -0.793899894 0.403304189 -0.455048025
vn -0.857503057 0.416509032 -0.302007765
vn -0.772578061 0.537177801 -0.33847174
vn -0.744916022 0.568062723 -0.349863976
vn -0.864817023 0.434185505 -0.252139807
vn -0.901653528 0.394502401 -0.177168533
vn -0.9643507 0.201375097 -0.171685144
vn -0.972667813 -2.02931602E-07 -0.232200831
vn -1 0 0
vn -0.975646198 0.219350263 0
vn -0.924646735 0.380825907 0
vn -0.718440294 0.588086724 -0.371480107
vn -0.669672966 0.648994148 -0.361032993
vn -0.669289112 0.649439573 -0.360943764
vn -0.611414254 0.710197985 -0.348986268
vn -0.575056672 0.748523712 -0.330184937
vn -0.530428112 0.787275314 -0.314393967
vn -0.458895445 0.830525339 -0.315662086
vn -0.487741619 0.834299088 -0.257008165
vn -0.404316813 0.886474967 -0.225144431
vn -0.344744354 0.873099566 -0.344743997
vn -0.211512566 0.954214215 -0.211512789
vn -0.295597196 0.948516786 -0.113746099
vn -0.415649056 0.895353675 -0.159930021
vn -0.460324496 0.810219228 -0.362830848
vn -0.229375198 0.945925295 -0.229373947
vn -0.409358919 0.815383911 -0.409358412
vn -0.316620588 0.948552251 1.85071059E-07
vn -0.375979573 0.926627994 2.64656592E-07
vn -0.109366514 0.987966537 -0.109366514
vn -0.154711798 0.987959683 -1.56270843E-07
vn -0 1 0
vn 0.0353866331 0.747267663 -0.663580298
vn -0.0701670051 0.995064497 -0.0701657385
vn -0.616908193 0.488719195 -0.616909981
vn -0.688449264 0.502352118 -0.523144305
vn -0.700035155 0.498537064 -0.511284292
vn -0.609624505 0.506671667 -0.609624207
vn -0.732247412 0.478138 -0.484971821
vn -0.690683305 0.502873242 -0.519687414
vn -0.610943019 0.503484666 -0.610943258
vn -0.746610403 0.46653071 -0.474259436
vn -0.744609773 0.466633439 -0.477293998
vn -0.666576326 0.544943929 -0.508637547
vn -0.744291186 0.466681957 -0.477743119
vn -0.735763311 0.472344697 -0.485327482
vn -0.646200836 0.561688304 -0.516653359
vn -0.742747486 0.467553943 -0.479290605
vn -0.624555767 0.59225595 -0.509080529
vn -0.605968177 0.617449403 -0.501556218
vn -0.693049133 0.514994323 -0.504443944
vn -0.546017766 0.688839614 -0.476827592
vn -0.583545804 0.656527162 -0.477960646
vn -0.535177946 0.653581738 -0.535177946
vn -0.535178006 0.653581738 -0.535178006
vn -0.506761134 0.744616926 -0.434440821
vn -0.502687097 0.759679198 -0.412544817
vn -0.502686918 0.759679139 -0.412545145
vn -0.458548278 0.76122719 -0.458548337
vn -0.458548278 0.76122719 -0.458548278
vn -0.0839935616 0.992920101 -0.0839924589
vn -0.0204746891 0.809282422 -0.587062776
vn 0.178070143 0.830733359 -0.527421176
vn -0.083993569 0.992920101 -0.0839924589
vn 0.107109033 0.405395895 -0.907844603
vn -0.081533514 0.478264213 -0.874423027
vn -0.251285195 -0.0269393045 -0.967538118
vn -0.259908378 -0.033859618 -0.965039492
vn -0.691643596 -0.207985356 -0.691643894
vn -0.691643596 -0.207985356 -0.691643894
vn -0.579535604 0.572955072 -0.579535186
vn -0.579535365 0.572952926 -0.579537511
vn -0.579535544 0.572957098 -0.579533279
vn -0.579535067 0.572955728 -0.579535067
vn 0.0443695374 0.998029411 0.0443693995
vn 0.0443695411 0.998029411 0.044369407
vn 0.00973727554 0.996835291 0.0788961723
vn 0.00973727554 0.996835291 0.0788961649
vn -0.704726338 -0.0820036083 -0.704724193
vn -0.744061351 -0.0818700194 -0.663076162
vn -0.74406141 -0.0818700269 -0.663076162
vn -0.704726398 -0.0820036083 -0.704724193
vn -0.573861003 0.695994496 -0.43159616
vn -0.505291581 0.699543655 -0.505291045
vn -0.505291581 0.699543715 -0.505291104
vn -0.573861003 0.695994437 -0.43159619
vn -0.464416176 0.866807342 0.18155618
vn -0.464416236 0.866807342 0.181556165
vn -0.464416176 0.866807342 0.18155618
vn -0.464416176 0.866807342 0.18155618
vn 0.0781285167 0.70314163 -0.706744492
vn 0.0781285167 0.70314163 -0.706744492
vn 0.0781285241 0.70314163 -0.706744492
vn 0.0781285241 0.70314163 -0.706744492
vn -0.999513566 -0.0245144088 0.0192794595
vn -0.999513566 -0.0245144106 0.0192794614
vn -0.999513566 -0.0245144069 0.0192794595
vn -0.999513566 -0.0245144088 0.0192794576
vn -0.690194905 0.50815779 -0.515176296
vn -0.690194905 0.50815779 -0.515176356
vn -0.690194964 0.50815773 -0.515176356
vn -0.690194905 0.50815779 -0.515176356
vn -0.757187486 0.60830313 0.23797971
vn -0.817431927 0.547891378 0.177820235
vn -0.817142129 0.548181415 0.178257778
vn -0.756974697 0.608516693 0.238110825
vn -0.855413258 0.509919524 0.0908308327
vn -0.855600238 0.509733677 0.0901095048
vn -0.867746472 0.497007191 0
vn -0.867746472 0.497007161 0
vn -0.684549928 0.681250095 0.259402633
vn -0.684550047 0.681250036 0.259402722
vn -0.513862371 0.853127062 0.0901092738
vn -0.551835239 0.814774692 0.177820235
vn -0.552123904 0.814483523 0.178257912
vn -0.514047325 0.852939069 0.0908307508
vn -0.612167716 0.754025221 0.238110751
vn -0.611955106 0.754239142 0.237979576
vn -0.501194715 0.865334511 0
vn -0.501194715 0.86533457 0
vn -0.684550047 0.681250036 0.259402722
vn -0.684549928 0.681250095 0.259402633
vn -0.881920159 0 -0.471398771
vn -0.456935942 -0.188437626 -0.869310498
vn -0.456935912 -0.188437626 -0.869310558
vn -0.456935912 -0.188437626 -0.869310558
vn -0.456935912 -0.188437626 -0.869310558
vn 0.18891786 0.466431558 -0.864147961
vn 0.18891786 0.466431558 -0.864147961
vn 0.18891786 0.466431558 -0.864147961
vn 0.188917905 0.466431558 -0.864147961
vn -0.896552444 0.442803323 0.0109052388
vn -0.864049971 -0.0978820994 -0.493798316
vn -0.542745471 0.555426657 -0.630022705
vn 0.166029066 -0.729700446 -0.663303494
vn 0.221287474 -0.0821982399 -0.971738279
vn 0.272141606 -0.595636904 -0.755748451
vn 0.284202963 0.588141501 -0.75717783
vn -0.0856957883 0.627890885 -0.773569167
vn 0.373321861 -0.50957495 -0.775218785
vn 0.373321593 0.509575844 -0.775218308
vn 0.451330125 -0.510039032 -0.732230425
vn 0.451330274 0.510038555 -0.732230604
vn 0.530804515 -0.510396957 -0.676565945
vn 0.530805767 0.510393739 -0.676567376
vn 0.611262619 -0.510626495 -0.604664028
vn 0.611262858 0.510626316 -0.604663968
vn 0.690788686 -0.510864973 -0.511691332
vn 0.690788865 0.510864556 -0.511691391
vn 0.764383793 -0.511394322 -0.392674446
vn 0.764384568 0.511392713 -0.392675072
vn 0.833860397 -0.515102029 -0.19836013
vn 0.833860099 0.515102565 -0.198360056
vn 0.853997171 0.520277739 1.08085615E-07
vn 0.853997171 -0.520277739 -1.10247321E-07
vn -0.0138798691 0.999629617 0.0234087612
vn -0.0102875307 0.999702156 0.0221295729
vn -0.0184613746 0.999527752 0.0245673023
vn -0.0241776574 0.999390781 0.0251689125
vn -0.0309038777 0.999222338 0.0244867243
vn -0.037969593 0.999046087 0.0215682536
vn -0.0372445919 0.99920547 0.0141892834
vn -0.0445646457 0.99900651 0
vn -0.0309047196 -0.999222338 0.0244871769
vn -0.0241774414 -0.999390781 0.0251688212
vn -0.0184629709 -0.999527633 0.0245691836
vn -0.0138798952 -0.999629617 0.0234086402
vn -0.0102868266 -0.999702215 0.0221286304
vn -0.013848233 -0.999707341 0.0198357794
vn -0.0122780446 -0.999882638 0.00916351378
vn 0.0594497845 -0.998072088 0.0178298764
vn 0.192882389 -0.671406507 -0.715548575
vn 0.237947732 -0.0557722896 -0.969675422
vn 0.363700151 0.229504272 -0.902801156
vn 0.650753558 -0.141356036 -0.746014953
vn 0.0113789951 0.0149340136 -0.999823749
vn -0.101129167 0.472122252 -0.87571311
vn -0.67875421 0.177847043 -0.712504804
vn -0.375449598 0.922389507 0.0907480344
vn -0.972896755 0.230904669 0.0124471607
vn 0.422627985 -0.650813937 -0.630735219
vn 0.701889396 0.671722829 -0.236938193
vn -0.447181255 0.872925282 -0.195013821
vn 0.16080676 0.381388664 0.910320759
vn -0.445777029 0.452837646 0.772153497
vn 0.371345103 -0.92694664 0.0535985902
vn 0.777715683 -0.62627548 0.054197602
vn 0.642019928 -0.422363549 -0.639858902
vn 0.151803076 -0.0250122454 -0.98809427
vn 0.97290659 -0.230229959 0.0211404022
vn 0.752133429 -0.155524656 -0.640396297
vn -0.00889622699 0.018390039 -0.999791324
vn -0.681867242 0.191095486 -0.706073403
vn -0.970561743 0.240851671 0.000624646957
vn -0.708076537 0.153208226 0.689314783
vn -0.0370112583 0.0153299309 -0.999197245
vn 0.634123921 -0.26266107 -0.727252305
vn 0.570697486 -0.381325126 -0.727252066
vn 0.831472039 -0.555566609 -3.92516739E-07
vn 0.923880994 -0.382679909 2.07367393E-07
vn -0.0528112128 0.0517064445 -0.997264981
vn -0.671275258 0.278051585 -0.687078476
vn -0.561948657 0.36696589 -0.741316199
vn -0.923878968 0.382684767 -1.0468915E-06
vn -0.85180825 0.523849666 -0.00204282091
vn -0.671275675 0.278051794 0.687077999
vn -0.59937489 0.370702624 0.70945704
vn 0.707110167 -0.707103372 -6.88756188E-07
vn 0.485338897 -0.48533538 -0.727252185
vn 0.555574179 -0.831466973 1.62931499E-07
vn 0.381328881 -0.570695281 -0.727251828
vn -0.0755962655 0.0755960941 -0.994268775
vn -0.0517083295 0.0528111979 -0.997264862
vn -0.366304845 0.561409533 -0.742051244
vn -0.189364716 0.182278648 -0.964839637
vn 0.382688642 -0.923877418 3.33268957E-07
vn 0.262664884 -0.634122968 -0.727251828
vn 0.195109114 -0.980781555 -2.22194132E-07
vn 0.133916363 -0.673180997 -0.727250874
vn -0.0153305279 0.0370099694 -0.999197304
vn -0.00781571772 0.039287746 -0.999197364
vn -0.27805078 0.671275496 -0.687078536
vn -0.141757786 0.712619245 -0.687079728
vn -0.382681757 0.923880219 0
vn -0.195101067 0.980783105 1.22038429E-07
vn -0 -1 -4.96264931E-07
vn -0 -0.686368227 -0.727254272
vn -0 0.0400625691 -0.999197185
vn -0 0.726583362 -0.687078357
vn -0 1 0
vn -0.524124861 0.851639271 -0.00192688545
vn 0.168186501 0.757006824 -0.631390452
vn 0.878529191 -0.190960899 -0.437858939
vn 0.373963952 -0.379219919 -0.846370578
vn 0.34082514 -0.570746601 -0.747051895
vn 0.101062223 -0.101063587 -0.989733577
vn 0.0237582512 -0.0599262193 -0.997920036
vn -0.512436628 0.512436688 -0.689069927
vn -0.404127985 0.601720393 -0.68892175
vn 0.530201435 -0.847588956 0.0218964089
vn -0.707105398 0.70710808 -2.50166352E-07
vn -0.557521224 0.830162704 -7.58548367E-07
vn 0.572063744 -0.340399653 -0.746237934
vn 0.0580082238 -0.0229288284 -0.998052776
vn -0.0330138989 0.0136745824 -0.999361336
vn 0.636449873 -0.263624519 -0.724868059
vn 0.849335074 -0.527442575 0.0208366774
vn 0.923880696 -0.382680625 1.3702855E-07
vn 0.578588188 -0.38784799 0.717502356
vn 0.636447072 -0.263623536 0.724870861
vn -0.669530272 0.277328551 -0.689070404
vn -0.602561712 0.402618647 -0.689070106
vn -0.923879147 0.382684439 0
vn -0.831468642 0.555571675 0
vn 0.200465366 -0.883322418 -0.423739374
vn -0.0277302079 -0.790143132 0.612294734
vn 0.97585398 -0.218148902 -0.0109576294
vn 0.651886642 -0.14401719 0.74451524
vn -0.0114133758 0.999866605 0.0116820233
vn -0.0114133758 0.999866605 0.0116820233
vn -0.31036222 0.530024827 0.789144456
vn -0.381567419 0.488512635 0.784704864
vn -0.0102875307 0.999702156 0.0221295729
vn -0.462900937 0.486627221 0.740889072
vn -0.0138798691 0.999629617 0.0234087612
vn -0.546492577 0.484096736 0.683371186
vn -0.0184613746 0.999527752 0.0245673023
vn -0.631546736 0.480983853 0.608114541
vn -0.0241776574 0.999390781 0.0251689125
vn -0.71528393 0.477680266 0.510088623
vn -0.0309038777 0.999222338 0.0244867243
vn -0.791389346 0.474944949 0.384876877
vn -0.037969593 0.999046087 0.0215682536
vn -0.855003536 0.481491148 0.192705125
vn -0.0372445919 0.99920547 0.0141892834
vn -0.876494229 0.481412321 0
vn -0.0445646457 0.99900651 0
vn -0.381566823 -0.488514304 0.784704089
vn -0.462900728 -0.486627877 0.740888834
vn -0.546493232 -0.484094918 0.683371961
vn -0.631546736 -0.480983526 0.608114779
vn -0.715284169 -0.477679729 0.510088801
vn -0.791389704 -0.474944323 0.384876877
vn -0.855003059 -0.481491894 0.19270511
vn -0.876494229 -0.481412321 0
vn -0.0138798952 -0.999629617 0.0234086402
vn -0.0102868266 -0.999702215 0.0221286304
vn -0.29398787 -0.563454986 0.772068441
vn -0.218931973 -0.10311234 0.970276594
vn -0.174742386 -0.745699227 0.642960191
vn -0.441445887 0.310690105 0.841782093
vn -0.013848233 -0.999707341 0.0198357794
vn -0.0122780446 -0.999882638 0.00916351378
vn -0.0241774414 -0.999390781 0.0251688212
vn -0.0309047196 -0.999222338 0.0244871769
vn -0.037971586 -0.999046028 0.0215692706
vn -0.0372437835 -0.99920547 0.0141890962
vn -0.0445646457 -0.99900651 0
vn -0.375449598 0.922389507 0.0907480344
vn -0.972896755 0.230904669 0.0124471607
vn -0.0184629709 -0.999527633 0.0245691836
vn -0.689575911 0.15279825 0.707910895
vn -0.923879147 0.382684439 0
vn -0.66952765 0.277327925 0.689073205
vn -0.831468642 0.555571675 0
vn -0.631223977 0.420933872 0.651437581
vn -0.0330139659 0.0136744445 0.999361336
vn 0.000924514316 0.000715515867 0.999999344
vn 0.636447072 -0.263623536 0.724870861
vn 0.578588188 -0.38784799 0.717502356
vn -0.188542157 0.00746267103 0.98203671
vn -0.509890914 0.509889543 0.692837596
vn -0.0277302079 -0.790143132 0.612294734
vn -0.707105398 0.70710808 -2.50166352E-07
vn -0.557521224 0.830162704 -7.58548367E-07
vn -0.42317906 0.631248534 0.649957538
vn -0.00681944471 0.188157618 0.982115149
vn 0.000433398818 -0.00251641101 0.999996722
vn 0.389846176 -0.577513576 0.717285216
vn 0.793479264 0.027544843 0.607973635
vn 0.530201435 -0.847588956 0.0218964089
vn 0.878529191 -0.190960899 -0.437858939
vn 0.651886642 -0.14401719 0.74451524
vn -0.0391939692 0.00770377694 0.999201894
vn 0.0712277517 0.0686760247 0.995093048
vn 0.602146447 -0.437195361 0.668041825
vn 0.556428134 -0.830895722 6.98920701E-07
vn -0.388700396 0.921364188 -9.89009209E-07
vn -0.0367167518 0.744432271 0.666687727
vn 0.168186501 0.757006824 -0.631390452
vn 0.155086219 0.956482947 0.24716112
vn -0.371422797 0.599867463 0.708663583
vn -0.524124861 0.851639271 -0.00192688545
vn -0.382681757 0.923880219 0
vn -0.278050601 0.671275735 0.687078416
vn -0.195101067 0.980783105 1.22038429E-07
vn -0.141757756 0.712619662 0.687079251
vn -0.0153296925 0.0370103046 0.999197304
vn -0.00781558827 0.0392879471 0.999197364
vn 0.262665838 -0.634122491 0.727251887
vn 0.133916169 -0.673180461 0.727251351
vn 0.382688642 -0.923877418 3.33268957E-07
vn 0.195109114 -0.980781555 -2.22194132E-07
vn -0 0.040062096 0.999197185
vn 1.3544944E-07 -0.686367691 0.727254748
vn -0 -1 -4.96264931E-07
vn -0 1 0
vn -0 0.726583779 0.68707788
vn 0.381329417 -0.570694685 0.727252007
vn -0.000474342611 0.0140434094 0.999901235
vn 0.485339075 -0.485335737 0.727251828
vn 0.707110167 -0.707103372 -6.88756188E-07
vn 0.555574179 -0.831466973 1.62931499E-07
vn 0.00929074548 -0.00939566642 0.999912679
vn 0.570697546 -0.381325275 0.727252007
vn -0.0136361355 0.000125335355 0.999907017
vn 0.634124219 -0.262660861 0.727252185
vn -0.0370113626 0.015329903 0.999197245
vn 0.923880994 -0.382679909 2.07367393E-07
vn 0.831472039 -0.555566609 -3.92516739E-07
vn -0.59937489 0.370702624 0.70945704
vn -0.671275675 0.278051794 0.687077999
vn 0.668440878 -0.161424235 0.726036549
vn -0.0543235689 -0.00382323796 0.998516083
vn 0.973015606 -0.230704099 0.00403751712
vn -0.708076537 0.153208226 0.689314783
vn -0.0507183746 -0.0786964819 0.995607615
vn -0.445777029 0.452837646 0.772153497
vn -0.206612527 0.0487408824 0.977208078
vn 0.16080676 0.381388664 0.910320759
vn 0.15586105 -0.671842456 0.724109828
vn -0.119776018 -0.693801045 0.710136533
vn 0.0594497845 -0.998072088 0.0178298764
vn 0.371345103 -0.92694664 0.0535985902
vn 0.442714572 -0.483624518 0.755057037
vn 0.777715683 -0.62627548 0.054197602
vn 0.71254015 -0.162102669 0.682648718
vn 0.97290659 -0.230229959 0.0211404022
vn -0.037971586 -0.999046028 0.0215692706
vn -0.0372437835 -0.99920547 0.0141890962
vn -0.0445646457 -0.99900651 0
vn -0.103681967 0.345193505 0.932786942
vn -0.344240457 0.103928439 0.933111668
vn -0.955700994 -0.138326347 0.259810448
vn 0.679722071 -0.159628749 -0.715888619
vn 0.973015606 -0.230704099 0.00403751712
vn 0.556428134 -0.830895722 6.98920701E-07
vn 0.602146447 -0.437195361 0.668041825
vn 0.602147222 -0.437198728 -0.668038964
vn -0.0367167518 0.744432271 0.666687727
vn 0.0712277517 0.0686760247 0.995093048
vn -0.0367195569 0.744433224 -0.666686475
vn 0.0712278113 0.0686767772 -0.995092988
vn -0.388700396 0.921364188 -9.89009209E-07
vn 0.556428134 -0.830895722 6.98920701E-07
vn 0.602147222 -0.437198728 -0.668038964
vn 0.0712278113 0.0686767772 -0.995092988
vn -0.0367195569 0.744433224 -0.666686475
vn -0.388700396 0.921364188 -9.89009209E-07
vn -0.744776189 -0.189035714 -0.639979601
vn -0.955700994 -0.138326347 0.259810448
vn 0.166029066 0.729700446 0.663303494
vn 0.221287474 0.0821982399 0.971738279
vn 0.272141606 0.595636904 0.755748451
vn 0.284202963 -0.588141501 0.75717783
vn -0.0856957883 -0.627890885 0.773569167
vn 0.373321861 0.50957495 0.775218785
vn 0.373321593 -0.509575844 0.775218308
vn 0.451330125 0.510039032 0.732230425
vn 0.451330274 -0.510038555 0.732230604
vn 0.530804515 0.510396957 0.676565945
vn 0.530805767 -0.510393739 0.676567376
vn 0.611262619 0.510626495 0.604664028
vn 0.611262858 -0.510626316 0.604663968
vn 0.690788686 0.510864973 0.511691332
vn 0.690788865 -0.510864556 0.511691391
vn 0.764383793 0.511394322 0.392674446
vn 0.764384568 -0.511392713 0.392675072
vn 0.833860397 0.515102029 0.19836013
vn 0.833860099 -0.515102565 0.198360056
vn 0.853997171 -0.520277739 -1.10247321E-07
vn 0.853997171 0.520277739 1.08085615E-07
vn -0.0138798691 -0.999629617 -0.0234087612
vn -0.0102875307 -0.999702156 -0.0221295729
vn -0.0184613746 -0.999527752 -0.0245673023
vn -0.0241776574 -0.999390781 -0.0251689125
vn -0.0309038777 -0.999222338 -0.0244867243
vn -0.037969593 -0.999046087 -0.0215682536
vn -0.0372445919 -0.99920547 -0.0141892834
vn -0.0445646457 -0.99900651 0
vn -0.0309047196 0.999222338 -0.0244871769
vn -0.0241774414 0.999390781 -0.0251688212
vn -0.0184629709 0.999527633 -0.0245691836
vn -0.0138798952 0.999629617 -0.0234086402
vn -0.0102868266 0.999702215 -0.0221286304
vn -0.013848233 0.999707341 -0.0198357794
vn -0.0122780446 0.999882638 -0.00916351378
vn 0.0594497845 0.998072088 -0.0178298764
vn 0.192882389 0.671406507 0.715548575
vn 0.237947732 0.0557722896 0.969675422
vn 0.363700151 -0.229504272 0.902801156
vn 0.650753558 0.141356036 0.746014953
vn 0.0113789951 -0.0149340136 0.999823749
vn -0.101129167 -0.472122252 0.87571311
vn -0.67875421 -0.177847043 0.712504804
vn -0.375449598 -0.922389507 -0.0907480344
vn -0.972896755 -0.230904669 -0.0124471607
vn 0.422627985 0.650813937 0.630735219
vn 0.701889396 -0.671722829 0.236938193
vn -0.447181255 -0.872925282 0.195013821
vn 0.16080676 -0.381388664 -0.910320759
vn -0.445777029 -0.452837646 -0.772153497
vn 0.371345103 0.92694664 -0.0535985902
vn 0.777715683 0.62627548 -0.054197602
vn 0.642019928 0.422363549 0.639858902
vn 0.151803076 0.0250122454 0.98809427
vn 0.97290659 0.230229959 -0.0211404022
vn 0.752133429 0.155524656 0.640396297
vn -0.00889622699 -0.018390039 0.999791324
vn -0.681867242 -0.191095486 0.706073403
vn -0.970561743 -0.240851671 -0.000624646957
vn -0.708076537 -0.153208226 -0.689314783
vn -0.0370112583 -0.0153299309 0.999197245
vn 0.634123921 0.26266107 0.727252305
vn 0.570697486 0.381325126 0.727252066
vn 0.831472039 0.555566609 3.92516739E-07
vn 0.923880994 0.382679909 -2.07367393E-07
vn -0.0528112128 -0.0517064445 0.997264981
vn -0.671275258 -0.278051585 0.687078476
vn -0.561948657 -0.36696589 0.741316199
vn -0.923878968 -0.382684767 1.0468915E-06
vn -0.85180825 -0.523849666 0.00204282091
vn -0.671275675 -0.278051794 -0.687077999
vn -0.59937489 -0.370702624 -0.70945704
vn 0.707110167 0.707103372 6.88756188E-07
vn 0.485338897 0.48533538 0.727252185
vn 0.555574179 0.831466973 -1.62931499E-07
vn 0.381328881 0.570695281 0.727251828
vn -0.0755962655 -0.0755960941 0.994268775
vn -0.0517083295 -0.0528111979 0.997264862
vn -0.366304845 -0.561409533 0.742051244
vn -0.189364716 -0.182278648 0.964839637
vn 0.382688642 0.923877418 -3.33268957E-07
vn 0.262664884 0.634122968 0.727251828
vn 0.195109114 0.980781555 2.22194132E-07
vn 0.133916363 0.673180997 0.727250874
vn -0.0153305279 -0.0370099694 0.999197304
vn -0.00781571772 -0.039287746 0.999197364
vn -0.27805078 -0.671275496 0.687078536
vn -0.141757786 -0.712619245 0.687079728
vn -0.382681757 -0.923880219 0
vn -0.195101067 -0.980783105 -1.22038429E-07
vn -0 1 4.96264988E-07
vn -0 0.686368108 0.727254272
vn -0 -0.0400625691 0.999197185
vn -0 -0.726583362 0.687078357
vn -0 -1 0
vn -0.524124861 -0.851639271 0.00192688545
vn 0.168186501 -0.757006824 0.631390452
vn 0.878529191 0.190960899 0.437858939
vn 0.373963952 0.379219919 0.846370578
vn 0.34082514 0.570746601 0.747051895
vn 0.101062223 0.101063587 0.989733577
vn 0.0237582512 0.0599262193 0.997920036
vn -0.512436628 -0.512436688 0.689069927
vn -0.404127985 -0.601720393 0.68892175
vn 0.530201435 0.847588956 -0.0218964089
vn -0.707105398 -0.70710808 2.50166352E-07
vn -0.557521224 -0.830162704 7.58548367E-07
vn 0.572063744 0.340399653 0.746237934
vn 0.0580082238 0.0229288284 0.998052776
vn -0.0330138989 -0.0136745824 0.999361336
vn 0.636449873 0.263624519 0.724868059
vn 0.849335074 0.527442575 -0.0208366774
vn 0.923880696 0.382680625 -1.3702855E-07
vn 0.578588188 0.38784799 -0.717502356
vn 0.636447072 0.263623536 -0.724870861
vn -0.669530272 -0.277328551 0.689070404
vn -0.602561712 -0.402618647 0.689070106
vn -0.923879147 -0.382684439 0
vn -0.831468642 -0.555571675 0
vn 0.200465366 0.883322418 0.423739374
vn -0.0277302079 0.790143132 -0.612294734
vn 0.97585398 0.218148902 0.0109576294
vn 0.651886642 0.14401719 -0.74451524
vn -0.0114133758 -0.999866605 -0.0116820233
vn -0.0114133758 -0.999866605 -0.0116820233
vn -0.31036222 -0.530024827 -0.789144456
vn -0.381567419 -0.488512635 -0.784704864
vn -0.0102875307 -0.999702156 -0.0221295729
vn -0.462900937 -0.486627221 -0.740889072
vn -0.0138798691 -0.999629617 -0.0234087612
vn -0.546492577 -0.484096736 -0.683371186
vn -0.0184613746 -0.999527752 -0.0245673023
vn -0.631546736 -0.480983853 -0.608114541
vn -0.0241776574 -0.999390781 -0.0251689125
vn -0.71528393 -0.477680266 -0.510088623
vn -0.0309038777 -0.999222338 -0.0244867243
vn -0.791389346 -0.474944949 -0.384876877
vn -0.037969593 -0.999046087 -0.0215682536
vn -0.855003536 -0.481491148 -0.192705125
vn -0.0372445919 -0.99920547 -0.0141892834
vn -0.876494229 -0.481412321 0
vn -0.0445646457 -0.99900651 0
vn -0.381566823 0.488514304 -0.784704089
vn -0.462900728 0.486627877 -0.740888834
vn -0.546493232 0.484094918 -0.683371961
vn -0.631546736 0.480983526 -0.608114779
vn -0.715284169 0.477679729 -0.510088801
vn -0.791389704 0.474944323 -0.384876877
vn -0.855003059 0.481491894 -0.19270511
vn -0.876494229 0.481412321 0
vn -0.0138798952 0.999629617 -0.0234086402
vn -0.0102868266 0.999702215 -0.0221286304
vn -0.29398787 0.563454986 -0.772068441
vn -0.218931973 0.10311234 -0.970276594
vn -0.174742386 0.745699227 -0.642960191
vn -0.441445887 -0.310690105 -0.841782093
vn -0.013848233 0.999707341 -0.0198357794
vn -0.0122780446 0.999882638 -0.00916351378
vn -0.0241774414 0.999390781 -0.0251688212
vn -0.0309047196 0.999222338 -0.0244871769
vn -0.037971586 0.999046028 -0.0215692706
vn -0.0372437835 0.99920547 -0.0141890962
vn -0.0445646457 0.99900651 0
vn -0.375449598 -0.922389507 -0.0907480344
vn -0.972896755 -0.230904669 -0.0124471607
vn -0.0184629709 0.999527633 -0.0245691836
vn -0.689575911 -0.15279825 -0.707910895
vn -0.923879147 -0.382684439 0
vn -0.66952765 -0.277327925 -0.689073205
vn -0.831468642 -0.555571675 0
vn -0.631223977 -0.420933872 -0.651437581
vn -0.0330139659 -0.0136744445 -0.999361336
vn 0.000924514316 -0.000715515867 -0.999999344
vn 0.636447072 0.263623536 -0.724870861
vn 0.578588188 0.38784799 -0.717502356
vn -0.188542157 -0.00746267103 -0.98203671
vn -0.509890914 -0.509889543 -0.692837596
vn -0.0277302079 0.790143132 -0.612294734
vn -0.707105398 -0.70710808 2.50166352E-07
vn -0.557521224 -0.830162704 7.58548367E-07
vn -0.42317906 -0.631248534 -0.649957538
vn -0.00681944471 -0.188157618 -0.982115149
vn 0.000433398818 0.00251641101 -0.999996722
vn 0.389846176 0.577513576 -0.717285216
vn 0.793479264 -0.027544843 -0.607973635
vn 0.530201435 0.847588956 -0.0218964089
vn 0.878529191 0.190960899 0.437858939
vn 0.651886642 0.14401719 -0.74451524
vn -0.0391939692 -0.00770377694 -0.999201894
vn 0.0712277517 -0.0686760247 -0.995093048
vn 0.602146447 0.437195361 -0.668041825
vn 0.556428134 0.830895722 -6.98920701E-07
vn -0.388700396 -0.921364188 9.89009209E-07
vn -0.0367167518 -0.744432271 -0.666687727
vn 0.168186501 -0.757006824 0.631390452
vn 0.155086219 -0.956482947 -0.24716112
vn -0.371422797 -0.599867463 -0.708663583
vn -0.524124861 -0.851639271 0.00192688545
vn -0.382681757 -0.923880219 0
vn -0.278050601 -0.671275735 -0.687078416
vn -0.195101067 -0.980783105 -1.22038429E-07
vn -0.141757756 -0.712619662 -0.687079251
vn -0.0153296925 -0.0370103046 -0.999197304
vn -0.00781558827 -0.0392879471 -0.999197364
vn 0.262665838 0.634122491 -0.727251887
vn 0.133916169 0.673180461 -0.727251351
vn 0.382688642 0.923877418 -3.33268957E-07
vn 0.195109114 0.980781555 2.22194132E-07
vn -0 -0.040062096 -0.999197185
vn 1.33643454E-07 0.68636781 -0.727254689
vn -0 1 4.96264988E-07
vn -0 -1 0
vn -0 -0.726583719 -0.68707788
vn 0.381329417 0.570694685 -0.727252007
vn -0.000474342611 -0.0140434094 -0.999901235
vn 0.485339075 0.485335737 -0.727251828
vn 0.707110167 0.707103372 6.88756188E-07
vn 0.555574179 0.831466973 -1.62931499E-07
vn 0.00929074548 0.00939566642 -0.999912679
vn 0.570697546 0.381325275 -0.727252007
vn -0.0136361355 -0.000125335355 -0.999907017
vn 0.634124219 0.262660861 -0.727252185
vn -0.0370113626 -0.015329903 -0.999197245
vn 0.923880994 0.382679909 -2.07367393E-07
vn 0.831472039 0.555566609 3.92516739E-07
vn -0.59937489 -0.370702624 -0.70945704
vn -0.671275675 -0.278051794 -0.687077999
vn 0.668440878 0.161424235 -0.726036549
vn -0.0543235689 0.00382323796 -0.998516083
vn 0.973015606 0.230704099 -0.00403751712
vn -0.708076537 -0.153208226 -0.689314783
vn -0.0507183746 0.0786964819 -0.995607615
vn -0.445777029 -0.452837646 -0.772153497
vn -0.206612527 -0.0487408824 -0.977208078
vn 0.16080676 -0.381388664 -0.910320759
vn 0.15586105 0.671842456 -0.724109828
vn -0.119776018 0.693801045 -0.710136533
vn 0.0594497845 0.998072088 -0.0178298764
vn 0.371345103 0.92694664 -0.0535985902
vn 0.442714572 0.483624518 -0.755057037
vn 0.777715683 0.62627548 -0.054197602
vn 0.71254015 0.162102669 -0.682648718
vn 0.97290659 0.230229959 -0.0211404022
vn -0.037971586 0.999046028 -0.0215692706
vn -0.0372437835 0.99920547 -0.0141890962
vn -0.0445646457 0.99900651 0
vn -0.103681967 -0.345193505 -0.932786942
vn -0.344240457 -0.103928439 -0.933111668
vn -0.955700994 0.138326347 -0.259810448
vn 0.679722071 0.159628749 0.715888619
vn 0.973015606 0.230704099 -0.00403751712
vn 0.556428134 0.830895722 -6.98920701E-07
vn 0.602146447 0.437195361 -0.668041825
vn 0.602147222 0.437198728 0.668038964
vn -0.0367167518 -0.744432271 -0.666687727
vn 0.0712277517 -0.0686760247 -0.995093048
vn -0.0367195569 -0.744433224 0.666686475
vn 0.0712278113 -0.0686767772 0.995092988
vn -0.388700396 -0.921364188 9.89009209E-07
vn 0.556428134 0.830895722 -6.98920701E-07
vn 0.602147222 0.437198728 0.668038964
vn 0.0712278113 -0.0686767772 0.995092988
vn -0.0367195569 -0.744433224 0.666686475
vn -0.388700396 -0.921364188 9.89009209E-07
vn -0.744776189 0.189035714 0.639979601
vn -0.955700994 0.138326347 -0.259810448
vn -0.166029036 0.729700565 0.663303435
vn -0.272141695 0.595637023 0.755748272
vn -0.221287668 0.0821983069 0.971738279
vn -0.284203023 -0.588141561 0.75717777
vn 0.0856954679 -0.627891004 0.773569107
vn -0.373321831 0.509575009 0.775218725
vn -0.373321623 -0.509575844 0.775218308
vn -0.451330096 0.510039091 0.732230365
vn -0.451330274 -0.510038614 0.732230544
vn -0.530804574 0.510396898 0.676565945
vn -0.530805707 -0.510393977 0.676567256
vn -0.611262858 0.510626197 0.604664087
vn -0.611262858 -0.510626495 0.604663908
vn -0.690788925 0.510864556 0.511691391
vn -0.690788865 -0.510864675 0.511691213
vn -0.764384031 0.511393785 0.392674655
vn -0.764384627 -0.511392713 0.392675042
vn -0.833860576 0.515101671 0.198360205
vn -0.833860099 -0.515102446 0.1983601
vn -0.853997171 -0.520277679 -1.21055876E-07
vn -0.853997171 0.520277679 1.21055876E-07
vn 0.0138798226 -0.999629617 -0.0234087314
vn 0.0102875112 -0.999702156 -0.0221296065
vn 0.0184611063 -0.999527752 -0.0245670695
vn 0.0241775382 -0.999390781 -0.0251688045
vn 0.0309037119 -0.999222338 -0.0244866293
vn 0.0379694849 -0.999046087 -0.0215681922
vn 0.0372445732 -0.99920547 -0.0141893262
vn 0.0445643067 -0.99900651 -1.09993536E-07
vn 0.0309042744 0.999222338 -0.0244868882
vn 0.0241774544 0.999390781 -0.0251687933
vn 0.0184632149 0.999527633 -0.0245695412
vn 0.0138801141 0.999629557 -0.0234090015
vn 0.0102868732 0.999702215 -0.0221286528
vn 0.0138482815 0.999707341 -0.0198357441
vn 0.0122780418 0.999882638 -0.00916346908
vn -0.0594500042 0.998072028 -0.0178298913
vn -0.192882285 0.671406507 0.715548515
vn -0.237947732 0.055772569 0.969675362
vn -0.363700211 -0.229504198 0.902801156
vn -0.650753677 0.141355976 0.746014893
vn -0.0113795875 -0.0149340387 0.999823749
vn 0.101129189 -0.472122312 0.87571305
vn 0.678753912 -0.177847147 0.712505102
vn 0.375449657 -0.922389448 -0.0907480344
vn 0.972896755 -0.230904624 -0.0124471523
vn -0.422627836 0.650814235 0.63073498
vn -0.701888978 -0.671723187 0.236938283
vn 0.447181314 -0.872925282 0.195013762
vn -0.160806894 -0.381388843 -0.910320699
vn 0.445777684 -0.452837467 -0.772153139
vn -0.371344775 0.9269467 -0.0535988137
vn -0.777715385 0.626275837 -0.0541977026
vn -0.642020047 0.422363788 0.639858723
vn -0.151803166 0.0250124019 0.988094211
vn -0.972906649 0.230229914 -0.0211403407
vn -0.752133489 0.155524701 0.640396178
vn 0.00889580324 -0.0183900259 0.999791324
vn 0.681866944 -0.191095591 0.706073642
vn 0.970561743 -0.240851745 -0.000624587643
vn 0.708076775 -0.153208151 -0.689314485
vn 0.0370109864 -0.0153298834 0.999197245
vn -0.634123683 0.262661219 0.727252483
vn -0.570697367 0.381325215 0.727252066
vn -0.83147192 0.555566788 6.66538028E-07
vn -0.923880994 0.382679939 3.03645152E-07
vn 0.052810777 -0.0517064631 0.997264981
vn 0.67127496 -0.278051674 0.687078655
vn 0.561948419 -0.36696586 0.741316438
vn 0.923878789 -0.382685155 9.18439127E-07
vn 0.851808012 -0.523850083 0.00204269961
vn 0.671275139 -0.278052002 -0.687078357
vn 0.599374294 -0.370702952 -0.709457457
vn -0.707109928 0.70710361 5.99884345E-07
vn -0.485338986 0.485335261 0.727252185
vn -0.555574119 0.831467032 -2.22179281E-07
vn -0.381328791 0.570695341 0.727251768
vn 0.075595662 -0.0755961537 0.994268835
vn 0.0517078564 -0.0528113022 0.997264922
vn 0.366304517 -0.561409831 0.742051244
vn 0.189365298 -0.182278723 0.964839518
vn -0.382688642 0.923877358 -4.96200414E-07
vn -0.262664944 0.634123147 0.727251709
vn -0.195109114 0.980781555 0
vn -0.133916244 0.673181117 0.727250755
vn 0.0153302774 -0.0370101742 0.999197304
vn 0.00781574473 -0.039287895 0.999197364
vn 0.278050512 -0.671275735 0.687078476
vn 0.141757622 -0.712619126 0.687079787
vn 0.382681429 -0.923880339 -1.60566302E-07
vn 0.195100963 -0.980783165 0
vn -0 1 4.96264988E-07
vn -0 0.686368108 0.727254272
vn -0 -0.0400625691 0.999197185
vn -0 -0.726583362 0.687078357
vn -0 -1 0
vn 0.524124622 -0.85163945 0.00192655239
vn -0.168186724 -0.757006705 0.631390631
vn -0.878528953 0.190961063 0.437859297
vn -0.373962611 0.379220098 0.846371114
vn -0.340824693 0.57074666 0.747052014
vn -0.101061977 0.101063617 0.989733577
vn -0.0237580538 0.0599263646 0.997920036
vn 0.51243645 -0.512436807 0.689069986
vn 0.404128134 -0.601720214 0.688921869
vn -0.530201316 0.847589076 -0.0218963921
vn 0.707105577 -0.707107961 2.30922666E-07
vn 0.557521701 -0.830162406 7.38845756E-07
vn -0.572063446 0.340399802 0.746238172
vn -0.0580082722 0.0229288246 0.998052776
vn 0.0330132842 -0.0136746019 0.999361336
vn -0.636450171 0.26362446 0.724867761
vn -0.849335194 0.527442515 -0.0208366215
vn -0.923880756 0.382680476 -1.15947202E-07
vn -0.578588307 0.3878479 -0.717502356
vn -0.636447072 0.263623416 -0.72487092
vn 0.669529915 -0.2773287 0.689070761
vn 0.602561295 -0.402618945 0.689070344
vn 0.923879027 -0.382684618 1.34704848E-07
vn 0.831468523 -0.555571914 0
vn -0.200463563 0.883322775 0.423739523
vn 0.0277307779 0.790143132 -0.612294734
vn -0.97585398 0.218148857 0.0109576294
vn -0.651886702 0.144017234 -0.744515121
vn 0.0114133852 -0.999866605 -0.0116819795
vn 0.0114133852 -0.999866605 -0.0116819795
vn 0.0102875112 -0.999702156 -0.0221296065
vn 0.381567329 -0.488512665 -0.784704924
vn 0.310362101 -0.530024827 -0.789144516
vn 0.462900847 -0.4866274 -0.740889013
vn 0.0138798226 -0.999629617 -0.0234087314
vn 0.546492517 -0.484097123 -0.683371007
vn 0.0184611063 -0.999527752 -0.0245670695
vn 0.631546557 -0.480984032 -0.6081146
vn 0.0241775382 -0.999390781 -0.0251688045
vn 0.71528393 -0.477680266 -0.510088742
vn 0.0309037119 -0.999222338 -0.0244866293
vn 0.791389525 -0.474944621 -0.384876907
vn 0.0379694849 -0.999046087 -0.0215681922
vn 0.855003536 -0.481491089 -0.192705184
vn 0.0372445732 -0.99920547 -0.0141893262
vn 0.876494169 -0.4814125 0
vn 0.0445643067 -0.99900651 -1.09993536E-07
vn 0.293987811 0.563454926 -0.772068501
vn 0.462900847 0.486627489 -0.740888953
vn 0.381566793 0.488514155 -0.784704208
vn 0.631546795 0.480983317 -0.608114958
vn 0.546493351 0.484094679 -0.68337214
vn 0.791389763 0.474944204 -0.384876907
vn 0.715284288 0.477679461 -0.510088921
vn 0.0102868732 0.999702215 -0.0221286528
vn 0.0138482815 0.999707341 -0.0198357441
vn 0.174742341 0.745699286 -0.642960012
vn 0.218931749 0.10311234 -0.970276654
vn 0.441445678 -0.310690165 -0.841782272
vn 0.0122780418 0.999882638 -0.00916346908
vn 0.0241774544 0.999390781 -0.0251687933
vn 0.0184632149 0.999527633 -0.0245695412
vn 0.0379712246 0.999046028 -0.0215690657
vn 0.0309042744 0.999222338 -0.0244868882
vn 0.375449657 -0.922389448 -0.0907480344
vn 0.972896755 -0.230904624 -0.0124471523
vn 0.689576268 -0.152798101 -0.707910478
vn 0.206612498 -0.0487409085 -0.977208078
vn 0.445777684 -0.452837467 -0.772153139
vn -0.160806894 -0.381388843 -0.910320699
vn 0.0507184938 0.0786966681 -0.995607555
vn -0.155861661 0.671842515 -0.724109709
vn 0.119775906 0.693800986 -0.710136473
vn -0.0594500042 0.998072028 -0.0178298913
vn -0.371344775 0.9269467 -0.0535988137
vn -0.442714632 0.483624578 -0.755056918
vn -0.777715385 0.626275837 -0.0541977026
vn 0.708076775 -0.153208151 -0.689314485
vn 0.0543238893 0.00382331922 -0.998516083
vn -0.712540507 0.16210252 -0.68264848
vn -0.972906649 0.230229914 -0.0211403407
vn 0.671275139 -0.278052002 -0.687078357
vn 0.0370117277 -0.0153299244 -0.999197245
vn 0.599374294 -0.370702952 -0.709457457
vn 0.0136361606 -0.000125389095 -0.999907017
vn -0.634123862 0.262660682 -0.727252543
vn -0.570697367 0.381325275 -0.727252007
vn -0.923880994 0.382679939 3.03645152E-07
vn -0.83147192 0.555566788 6.66538028E-07
vn -0.00929124746 0.00939565431 -0.999912679
vn -0.485339493 0.485335708 -0.727251589
vn 0.000473594293 -0.014043415 -0.999901235
vn -0.381329596 0.570694447 -0.727252066
vn -0.707109928 0.70710361 5.99884345E-07
vn -0.555574119 0.831467032 -2.22179281E-07
vn 0.0153298285 -0.0370101631 -0.999197304
vn -0.262666076 0.634122312 -0.727251947
vn 0.00781585369 -0.0392879285 -0.999197364
vn -0.133916408 0.673180461 -0.727251291
vn -0.382688642 0.923877358 -4.96200414E-07
vn -0.195109114 0.980781555 0
vn 0.14175804 -0.712619722 -0.687079191
vn 0.278050512 -0.671275735 -0.687078357
vn 0.195100963 -0.980783165 0
vn 0.382681429 -0.923880339 -1.60566302E-07
vn -0 -0.040062096 -0.999197185
vn 1.33643454E-07 0.68636781 -0.727254689
vn -0 1 4.96264988E-07
vn -0 -1 0
vn -0 -0.726583719 -0.68707788
vn 0.371421993 -0.599867702 -0.708663821
vn 0.524124622 -0.85163945 0.00192655239
vn -0.168186724 -0.757006705 0.631390631
vn -0.155086368 -0.956482947 -0.247160971
vn 0.103681542 -0.345193565 -0.932786942
vn 0.00681955367 -0.188157722 -0.982115149
vn 0.509891272 -0.509889424 -0.692837417
vn 0.423179507 -0.631248236 -0.649957478
vn -0.000433051115 0.00251639751 -0.999996722
vn -0.389846295 0.577513576 -0.717285097
vn -0.793479264 -0.0275451485 -0.607973635
vn -0.530201316 0.847589076 -0.0218963921
vn -0.878528953 0.190961063 0.437859297
vn 0.557521701 -0.830162406 7.38845756E-07
vn 0.707105577 -0.707107961 2.30922666E-07
vn 0.631224155 -0.420933932 -0.651437461
vn 0.188543066 -0.00746253831 -0.982036591
vn -0.000924480148 -0.000715461094 -0.999999344
vn 0.033014439 -0.0136744035 -0.999361336
vn -0.636447072 0.263623416 -0.72487092
vn -0.578588307 0.3878479 -0.717502356
vn 0.669528067 -0.277327895 -0.689072907
vn 0.831468523 -0.555571914 0
vn 0.923879027 -0.382684618 1.34704848E-07
vn 0.0277307779 0.790143132 -0.612294734
vn -0.651886702 0.144017234 -0.744515121
vn 0.0391942039 -0.00770374853 -0.999201894
vn 0.344241261 -0.103928335 -0.93311137
vn 0.955701113 0.138325974 -0.259810179
vn 0.855002999 0.481492072 -0.192705095
vn 0.876494169 0.4814125 0
vn 0.0372434445 0.99920547 -0.0141890347
vn 0.044564303 0.99900651 1.11093456E-07
vn 0.0138801141 0.999629557 -0.0234090015
vn 0.0379712246 0.999046028 -0.0215690657
vn 0.0372434445 0.99920547 -0.0141890347
vn 0.044564303 0.99900651 1.11093456E-07
vn -0.668440759 0.161424235 -0.726036549
vn -0.973015547 0.230704218 -0.00403741095
vn -0.679722011 0.159628868 0.715888619
vn -0.973015547 0.230704218 -0.00403741095
vn -0.556428015 0.830895841 -6.77079527E-07
vn -0.602147102 0.437198907 0.668038964
vn -0.602146745 0.437195271 -0.668041587
vn 0.0367172509 -0.744432092 -0.666687906
vn -0.0712276548 -0.0686761066 -0.995093048
vn 0.0367198028 -0.744433105 0.666686594
vn -0.0712276176 -0.0686765835 0.995093048
vn 0.388700813 -0.921364009 9.68825816E-07
vn -0.602146745 0.437195271 -0.668041587
vn -0.0712276548 -0.0686761066 -0.995093048
vn -0.556428015 0.830895841 -6.77079527E-07
vn 0.0367172509 -0.744432092 -0.666687906
vn 0.388700813 -0.921364009 9.68825816E-07
vn -0.602147102 0.437198907 0.668038964
vn -0.556428015 0.830895841 -6.77079527E-07
vn -0.0712276176 -0.0686765835 0.995093048
vn 0.0367198028 -0.744433105 0.666686594
vn 0.388700813 -0.921364009 9.68825816E-07
vn 0.955701113 0.138325974 -0.259810179
vn 0.744777262 0.189035267 0.639978528
g Body_0
f 3/3/3 2/2/2 1/1/1
f 4/4/4 3/3/3 1/1/1
f 1/1/1 2/2/2 5/5/5
f 2/2/2 6/6/6 5/5/5
f 5/5/5 6/6/6 7/7/7
f 6/6/6 8/8/8 7/7/7
f 7/7/7 8/8/8 9/9/9
f 10/10/10 7/7/7 9/9/9
f 13/13/13 12/12/12 11/11/11
f 14/14/14 13/13/13 11/11/11
f 11/11/11 12/12/12 15/15/15
f 12/12/12 16/16/16 15/15/15
f 16/16/16 17/17/17 15/15/15
f 17/17/17 18/18/18 15/15/15
f 19/19/19 18/18/18 17/17/17
f 20/20/20 19/19/19 17/17/17
f 21/21/21 19/19/19 20/20/20
f 22/22/22 21/21/21 20/20/20
f 23/23/23 21/21/21 22/22/22
f 24/24/24 23/23/23 22/22/22
f 25/25/25 23/23/23 24/24/24
f 26/26/26 25/25/25 24/24/24
f 27/27/27 25/25/25 26/26/26
f 28/28/28 27/27/27 26/26/26
f 29/29/29 27/27/27 28/28/28
f 30/30/30 29/29/29 28/28/28
f 31/31/31 29/29/29 30/30/30
f 32/32/32 31/31/31 30/30/30
f 33/33/33 31/31/31 32/32/32
f 34/34/34 33/33/33 32/32/32
f 37/37/37 36/36/36 35/35/35
f 38/38/38 37/37/37 35/35/35
f 37/37/37 38/38/38 39/39/39
f 37/37/37 39/39/39 40/40/40
f 41/41/41 37/37/37 40/40/40
f 42/42/42 41/41/41 40/40/40
f 43/43/43 42/42/42 40/40/40
f 43/43/43 44/44/44 42/42/42
f 45/45/45 40/40/40 39/39/39
f 40/40/40 45/45/45 46/46/46
f 47/47/47 40/40/40 46/46/46
f 47/47/47 46/46/46 48/48/48
f 48/48/48 49/49/49 47/47/47
f 49/49/49 50/50/50 47/47/47
f 51/51/51 43/43/43 47/47/47
f 50/50/50 51/51/51 47/47/47
f 51/51/51 52/52/52 43/43/43
f 52/52/52 44/44/44 43/43/43
f 44/44/44 53/53/53 42/42/42
f 44/44/44 54/54/54 53/53/53
f 52/52/52 54/54/54 44/44/44
f 55/55/55 54/54/54 52/52/52
f 51/51/51 55/55/55 52/52/52
f 56/56/56 55/55/55 51/51/51
f 57/57/57 49/49/49 48/48/48
f 58/58/58 49/49/49 57/57/57
f 59/59/59 58/58/58 57/57/57
f 59/59/59 60/60/60 58/58/58
f 60/60/60 61/61/61 58/58/58
f 61/61/61 60/60/60 62/62/62
f 61/61/61 62/62/62 63/63/63
f 64/64/64 61/61/61 63/63/63
f 63/63/63 65/65/65 64/64/64
f 65/65/65 63/63/63 66/66/66
f 66/66/66 67/67/67 65/65/65
f 68/68/68 65/65/65 67/67/67
f 68/68/68 69/69/69 65/65/65
f 65/65/65 69/69/69 64/64/64
f 63/63/63 62/62/62 70/70/70
f 71/71/71 63/63/63 70/70/70
f 72/72/72 71/71/71 70/70/70
f 73/73/73 69/69/69 68/68/68
f 73/73/73 74/74/74 69/69/69
f 75/75/75 68/68/68 67/67/67
f 76/76/76 68/68/68 75/75/75
f 76/76/76 73/73/73 68/68/68
f 77/77/77 76/76/76 75/75/75
f 78/78/78 63/63/63 71/71/71
f 79/79/79 78/78/78 71/71/71
f 80/80/80 78/78/78 79/79/79
f 80/80/80 66/66/66 63/63/63
f 78/78/78 80/80/80 63/63/63
f 83/83/83 82/82/82 81/81/81
f 84/84/84 81/81/81 82/82/82
f 85/85/85 81/81/81 84/84/84
f 86/86/86 81/81/81 85/85/85
f 81/81/81 86/86/86 87/87/87
f 81/81/81 87/87/87 88/88/88
f 81/81/81 88/88/88 89/89/89
f 89/89/89 90/90/90 81/81/81
f 92/92/92 91/91/91 81/81/81
f 93/93/93 81/81/81 91/91/91
f 94/94/94 81/81/81 93/93/93
f 95/95/95 81/81/81 94/94/94
f 81/81/81 95/95/95 96/96/96
f 81/81/81 96/96/96 97/97/97
f 81/81/81 97/97/97 98/98/98
f 98/98/98 99/99/99 81/81/81
f 102/102/102 101/101/101 100/100/100
f 102/102/102 100/100/100 103/103/103
f 104/104/104 100/100/100 101/101/101
f 101/101/101 105/105/105 104/104/104
f 102/102/102 103/103/103 106/106/106
f 103/103/103 107/107/107 106/106/106
f 108/108/108 100/100/100 104/104/104
f 109/109/109 107/107/107 103/103/103
f 110/110/110 109/109/109 103/103/103
f 108/108/108 104/104/104 111/111/111
f 110/110/110 112/112/112 109/109/109
f 113/113/113 108/108/108 111/111/111
f 114/114/114 113/113/113 111/111/111
f 110/110/110 115/115/115 112/112/112
f 115/115/115 108/108/108 113/113/113
f 115/115/115 110/110/110 108/108/108
f 116/116/116 113/113/113 114/114/114
f 117/117/117 116/116/116 114/114/114
f 114/114/114 118/118/118 117/117/117
f 118/118/118 119/119/119 117/117/117
f 120/120/120 116/116/116 117/117/117
f 121/121/121 116/116/116 120/120/120
f 120/120/120 122/122/122 121/121/121
f 122/122/122 120/120/120 123/123/123
f 120/120/120 124/124/124 123/123/123
f 127/127/127 126/126/126 125/125/125
f 128/128/128 127/127/127 125/125/125
f 129/129/129 127/127/127 128/128/128
f 130/130/130 129/129/129 128/128/128
f 129/129/129 130/130/130 131/131/131
f 132/132/132 129/129/129 131/131/131
f 131/131/131 133/133/133 132/132/132
f 133/133/133 134/134/134 132/132/132
f 137/137/137 136/136/136 135/135/135
f 137/137/137 138/138/138 136/136/136
f 137/137/137 139/139/139 138/138/138
f 139/139/139 137/137/137 140/140/140
f 143/143/143 142/142/142 141/141/141
f 144/144/144 143/143/143 141/141/141
f 147/147/147 146/146/146 145/145/145
f 148/148/148 147/147/147 145/145/145
f 151/151/151 150/150/150 149/149/149
f 152/152/152 151/151/151 149/149/149
f 155/155/155 154/154/154 153/153/153
f 156/156/156 155/155/155 153/153/153
f 159/159/159 158/158/158 157/157/157
f 160/160/160 159/159/159 157/157/157
f 163/163/163 162/162/162 161/161/161
f 164/164/164 163/163/163 161/161/161
f 167/167/167 166/166/166 165/165/165
f 168/168/168 167/167/167 165/165/165
f 171/171/171 170/170/170 169/169/169
f 172/172/172 171/171/171 169/169/169
f 173/173/173 171/171/171 172/172/172
f 174/174/174 173/173/173 172/172/172
f 174/174/174 175/175/175 173/173/173
f 175/175/175 176/176/176 173/173/173
f 169/169/169 170/170/170 177/177/177
f 170/170/170 178/178/178 177/177/177
f 181/181/181 180/180/180 179/179/179
f 182/182/182 181/181/181 179/179/179
f 183/183/183 181/181/181 182/182/182
f 184/184/184 183/183/183 182/182/182
f 179/179/179 180/180/180 185/185/185
f 180/180/180 186/186/186 185/185/185
f 187/187/187 183/183/183 184/184/184
f 188/188/188 187/187/187 184/184/184
f 189/189/189 42/42/42 53/53/53
f 192/192/192 191/191/191 190/190/190
f 193/193/193 192/192/192 190/190/190
f 196/196/196 195/195/195 194/194/194
f 197/197/197 196/196/196 194/194/194
f 200/200/200 199/199/199 198/198/198
f 198/198/198 199/199/199 201/201/201
f 201/201/201 199/199/199 202/202/202
f 202/202/202 199/199/199 203/203/203
f 203/203/203 199/199/199 204/204/204
f 204/204/204 199/199/199 205/205/205
f 205/205/205 199/199/199 206/206/206
f 206/206/206 199/199/199 207/207/207
f 199/199/199 200/200/200 208/208/208
f 199/199/199 208/208/208 209/209/209
f 199/199/199 209/209/209 210/210/210
f 199/199/199 211/211/211 207/207/207
f 199/199/199 212/212/212 211/211/211
f 199/199/199 213/213/213 212/212/212
f 199/199/199 214/214/214 213/213/213
f 199/199/199 210/210/210 214/214/214
f 217/217/217 216/216/216 215/215/215
f 215/215/215 216/216/216 40/40/40
f 216/216/216 43/43/43 40/40/40
f 216/216/216 217/217/217 43/43/43
f 217/217/217 47/47/47 43/43/43
f 215/215/215 40/40/40 47/47/47
f 217/217/217 215/215/215 47/47/47
f 220/220/220 219/219/219 218/218/218
f 220/220/220 221/221/221 219/219/219
f 220/220/220 222/222/222 221/221/221
f 219/219/219 221/221/221 223/223/223
f 221/221/221 224/224/224 223/223/223
f 223/223/223 224/224/224 225/225/225
f 224/224/224 226/226/226 225/225/225
f 225/225/225 226/226/226 227/227/227
f 226/226/226 228/228/228 227/227/227
f 227/227/227 228/228/228 229/229/229
f 228/228/228 230/230/230 229/229/229
f 229/229/229 230/230/230 231/231/231
f 230/230/230 232/232/232 231/231/231
f 231/231/231 232/232/232 233/233/233
f 232/232/232 234/234/234 233/233/233
f 233/233/233 234/234/234 235/235/235
f 234/234/234 236/236/236 235/235/235
f 235/235/235 236/236/236 237/237/237
f 238/238/238 235/235/235 237/237/237
f 239/239/239 226/226/226 224/224/224
f 240/240/240 239/239/239 224/224/224
f 241/241/241 228/228/228 226/226/226
f 239/239/239 241/241/241 226/226/226
f 242/242/242 230/230/230 228/228/228
f 241/241/241 242/242/242 228/228/228
f 243/243/243 232/232/232 230/230/230
f 242/242/242 243/243/243 230/230/230
f 244/244/244 234/234/234 232/232/232
f 243/243/243 244/244/244 232/232/232
f 245/245/245 236/236/236 234/234/234
f 244/244/244 245/245/245 234/234/234
f 246/246/246 237/237/237 236/236/236
f 245/245/245 246/246/246 236/236/236
f 231/231/231 233/233/233 247/247/247
f 231/231/231 247/247/247 248/248/248
f 229/229/229 231/231/231 248/248/248
f 229/229/229 248/248/248 249/249/249
f 227/227/227 229/229/229 249/249/249
f 227/227/227 249/249/249 250/250/250
f 225/225/225 227/227/227 250/250/250
f 225/225/225 250/250/250 251/251/251
f 223/223/223 225/225/225 251/251/251
f 223/223/223 251/251/251 252/252/252
f 219/219/219 223/223/223 252/252/252
f 252/252/252 253/253/253 219/219/219
f 253/253/253 218/218/218 219/219/219
f 218/218/218 253/253/253 254/254/254
f 255/255/255 218/218/218 254/254/254
f 218/218/218 255/255/255 220/220/220
f 255/255/255 256/256/256 220/220/220
f 220/220/220 256/256/256 257/257/257
f 257/257/257 258/258/258 220/220/220
f 258/258/258 259/259/259 220/220/220
f 256/256/256 260/260/260 257/257/257
f 220/220/220 259/259/259 222/222/222
f 259/259/259 261/261/261 222/222/222
f 222/222/222 261/261/261 262/262/262
f 261/261/261 263/263/263 262/262/262
f 256/256/256 255/255/255 264/264/264
f 265/265/265 257/257/257 260/260/260
f 266/266/266 265/265/265 260/260/260
f 267/267/267 265/265/265 266/266/266
f 268/268/268 267/267/267 266/266/266
f 264/264/264 255/255/255 269/269/269
f 255/255/255 254/254/254 269/269/269
f 269/269/269 270/270/270 264/264/264
f 270/270/270 271/271/271 264/264/264
f 264/264/264 271/271/271 256/256/256
f 271/271/271 272/272/272 256/256/256
f 256/256/256 272/272/272 260/260/260
f 270/270/270 273/273/273 271/271/271
f 273/273/273 274/274/274 271/271/271
f 271/271/271 274/274/274 272/272/272
f 272/272/272 275/275/275 260/260/260
f 275/275/275 276/276/276 260/260/260
f 260/260/260 276/276/276 266/266/266
f 276/276/276 277/277/277 266/266/266
f 266/266/266 277/277/277 268/268/268
f 277/277/277 278/278/278 268/268/268
f 275/275/275 279/279/279 276/276/276
f 280/280/280 279/279/279 275/275/275
f 280/280/280 281/281/281 279/279/279
f 282/282/282 281/281/281 280/280/280
f 283/283/283 282/282/282 280/280/280
f 281/281/281 284/284/284 279/279/279
f 279/279/279 284/284/284 285/285/285
f 279/279/279 285/285/285 276/276/276
f 276/276/276 285/285/285 277/277/277
f 284/284/284 286/286/286 285/285/285
f 285/285/285 286/286/286 287/287/287
f 285/285/285 287/287/287 277/277/277
f 277/277/277 287/287/287 278/278/278
f 286/286/286 288/288/288 287/287/287
f 287/287/287 288/288/288 289/289/289
f 287/287/287 289/289/289 278/278/278
f 288/288/288 290/290/290 289/289/289
f 282/282/282 291/291/291 281/281/281
f 291/291/291 292/292/292 281/281/281
f 281/281/281 292/292/292 284/284/284
f 291/291/291 293/293/293 292/292/292
f 293/293/293 294/294/294 292/292/292
f 292/292/292 294/294/294 295/295/295
f 292/292/292 295/295/295 284/284/284
f 284/284/284 295/295/295 286/286/286
f 294/294/294 296/296/296 295/295/295
f 296/296/296 297/297/297 295/295/295
f 297/297/297 298/298/298 295/295/295
f 295/295/295 298/298/298 286/286/286
f 293/293/293 299/299/299 294/294/294
f 299/299/299 300/300/300 294/294/294
f 294/294/294 300/300/300 296/296/296
f 299/299/299 301/301/301 300/300/300
f 301/301/301 302/302/302 300/300/300
f 300/300/300 302/302/302 303/303/303
f 300/300/300 303/303/303 296/296/296
f 296/296/296 303/303/303 297/297/297
f 302/302/302 304/304/304 303/303/303
f 303/303/303 304/304/304 305/305/305
f 303/303/303 305/305/305 297/297/297
f 304/304/304 306/306/306 305/305/305
f 305/305/305 306/306/306 307/307/307
f 306/306/306 308/308/308 307/307/307
f 301/301/301 309/309/309 302/302/302
f 309/309/309 310/310/310 302/302/302
f 302/302/302 310/310/310 304/304/304
f 310/310/310 311/311/311 304/304/304
f 304/304/304 311/311/311 306/306/306
f 311/311/311 312/312/312 306/306/306
f 306/306/306 312/312/312 308/308/308
f 312/312/312 313/313/313 308/308/308
f 305/305/305 307/307/307 314/314/314
f 297/297/297 305/305/305 314/314/314
f 314/314/314 315/315/315 297/297/297
f 297/297/297 315/315/315 298/298/298
f 298/298/298 315/315/315 316/316/316
f 317/317/317 298/298/298 316/316/316
f 316/316/316 318/318/318 317/317/317
f 319/319/319 317/317/317 318/318/318
f 320/320/320 319/319/319 318/318/318
f 319/319/319 320/320/320 321/321/321
f 320/320/320 322/322/322 321/321/321
f 316/316/316 323/323/323 318/318/318
f 321/321/321 322/322/322 324/324/324
f 322/322/322 325/325/325 324/324/324
f 317/317/317 319/319/319 326/326/326
f 319/319/319 327/327/327 326/326/326
f 326/326/326 327/327/327 328/328/328
f 329/329/329 326/326/326 328/328/328
f 330/330/330 326/326/326 329/329/329
f 331/331/331 330/330/330 329/329/329
f 332/332/332 330/330/330 331/331/331
f 333/333/333 332/332/332 331/331/331
f 328/328/328 327/327/327 334/334/334
f 327/327/327 335/335/335 334/334/334
f 334/334/334 335/335/335 336/336/336
f 335/335/335 337/337/337 336/336/336
f 338/338/338 330/330/330 332/332/332
f 330/330/330 338/338/338 326/326/326
f 339/339/339 338/338/338 332/332/332
f 326/326/326 338/338/338 317/317/317
f 327/327/327 319/319/319 335/335/335
f 319/319/319 321/321/321 335/335/335
f 335/335/335 321/321/321 337/337/337
f 321/321/321 324/324/324 337/337/337
f 333/333/333 331/331/331 340/340/340
f 341/341/341 333/333/333 340/340/340
f 340/340/340 331/331/331 258/258/258
f 331/331/331 329/329/329 258/258/258
f 258/258/258 329/329/329 259/259/259
f 329/329/329 328/328/328 259/259/259
f 259/259/259 328/328/328 261/261/261
f 328/328/328 334/334/334 261/261/261
f 261/261/261 334/334/334 263/263/263
f 334/334/334 336/336/336 263/263/263
f 341/341/341 340/340/340 265/265/265
f 267/267/267 341/341/341 265/265/265
f 340/340/340 258/258/258 257/257/257
f 265/265/265 340/340/340 257/257/257
f 240/240/240 224/224/224 221/221/221
f 342/342/342 240/240/240 221/221/221
f 342/342/342 221/221/221 222/222/222
f 262/262/262 342/342/342 222/222/222
f 345/345/345 344/344/344 343/343/343
f 346/346/346 345/345/345 343/343/343
f 345/345/345 347/347/347 344/344/344
f 347/347/347 348/348/348 344/344/344
f 347/347/347 349/349/349 348/348/348
f 349/349/349 350/350/350 348/348/348
f 349/349/349 351/351/351 350/350/350
f 351/351/351 352/352/352 350/350/350
f 351/351/351 353/353/353 352/352/352
f 353/353/353 354/354/354 352/352/352
f 353/353/353 355/355/355 354/354/354
f 355/355/355 356/356/356 354/354/354
f 355/355/355 357/357/357 356/356/356
f 357/357/357 358/358/358 356/356/356
f 357/357/357 359/359/359 358/358/358
f 359/359/359 360/360/360 358/358/358
f 346/346/346 361/361/361 345/345/345
f 347/347/347 362/362/362 349/349/349
f 363/363/363 362/362/362 347/347/347
f 361/361/361 363/363/363 345/345/345
f 345/345/345 363/363/363 347/347/347
f 351/351/351 364/364/364 353/353/353
f 365/365/365 364/364/364 351/351/351
f 362/362/362 365/365/365 349/349/349
f 349/349/349 365/365/365 351/351/351
f 355/355/355 366/366/366 357/357/357
f 367/367/367 366/366/366 355/355/355
f 364/364/364 367/367/367 353/353/353
f 353/353/353 367/367/367 355/355/355
f 368/368/368 363/363/363 361/361/361
f 369/369/369 368/368/368 361/361/361
f 361/361/361 370/370/370 369/369/369
f 361/361/361 371/371/371 370/370/370
f 346/346/346 371/371/371 361/361/361
f 346/346/346 372/372/372 371/371/371
f 370/370/370 373/373/373 369/369/369
f 374/374/374 364/364/364 365/365/365
f 375/375/375 374/374/374 365/365/365
f 376/376/376 366/366/366 367/367/367
f 377/377/377 376/376/376 367/367/367
f 377/377/377 367/367/367 364/364/364
f 374/374/374 377/377/377 364/364/364
f 372/372/372 346/346/346 378/378/378
f 346/346/346 343/343/343 378/378/378
f 378/378/378 379/379/379 372/372/372
f 379/379/379 380/380/380 372/372/372
f 372/372/372 380/380/380 371/371/371
f 370/370/370 371/371/371 381/381/381
f 381/381/381 371/371/371 382/382/382
f 371/371/371 383/383/383 382/382/382
f 382/382/382 384/384/384 381/381/381
f 381/381/381 384/384/384 385/385/385
f 385/385/385 386/386/386 381/381/381
f 387/387/387 386/386/386 385/385/385
f 388/388/388 387/387/387 385/385/385
f 384/384/384 389/389/389 385/385/385
f 385/385/385 389/389/389 388/388/388
f 389/389/389 390/390/390 388/388/388
f 386/386/386 370/370/370 381/381/381
f 373/373/373 370/370/370 386/386/386
f 387/387/387 373/373/373 386/386/386
f 382/382/382 391/391/391 384/384/384
f 391/391/391 392/392/392 384/384/384
f 384/384/384 393/393/393 389/389/389
f 389/389/389 393/393/393 390/390/390
f 384/384/384 392/392/392 393/393/393
f 393/393/393 394/394/394 390/390/390
f 391/391/391 395/395/395 392/392/392
f 395/395/395 396/396/396 392/392/392
f 395/395/395 397/397/397 396/396/396
f 397/397/397 398/398/398 396/396/396
f 396/396/396 398/398/398 399/399/399
f 398/398/398 400/400/400 399/399/399
f 399/399/399 400/400/400 401/401/401
f 400/400/400 402/402/402 401/401/401
f 398/398/398 403/403/403 400/400/400
f 398/398/398 397/397/397 403/403/403
f 403/403/403 404/404/404 400/400/400
f 400/400/400 404/404/404 402/402/402
f 403/403/403 405/405/405 404/404/404
f 405/405/405 406/406/406 404/404/404
f 404/404/404 406/406/406 407/407/407
f 404/404/404 407/407/407 402/402/402
f 406/406/406 408/408/408 407/407/407
f 405/405/405 409/409/409 406/406/406
f 409/409/409 410/410/410 406/406/406
f 406/406/406 410/410/410 408/408/408
f 409/409/409 411/411/411 410/410/410
f 411/411/411 412/412/412 410/410/410
f 410/410/410 412/412/412 413/413/413
f 410/410/410 413/413/413 408/408/408
f 412/412/412 414/414/414 413/413/413
f 415/415/415 411/411/411 409/409/409
f 416/416/416 415/415/415 409/409/409
f 416/416/416 409/409/409 405/405/405
f 417/417/417 415/415/415 416/416/416
f 418/418/418 417/417/417 416/416/416
f 411/411/411 419/419/419 412/412/412
f 419/419/419 420/420/420 412/412/412
f 412/412/412 420/420/420 414/414/414
f 420/420/420 421/421/421 414/414/414
f 417/417/417 422/422/422 415/415/415
f 422/422/422 423/423/423 415/415/415
f 423/423/423 419/419/419 411/411/411
f 415/415/415 423/423/423 411/411/411
f 418/418/418 416/416/416 424/424/424
f 425/425/425 418/418/418 424/424/424
f 424/424/424 416/416/416 405/405/405
f 426/426/426 425/425/425 424/424/424
f 427/427/427 426/426/426 424/424/424
f 424/424/424 405/405/405 403/403/403
f 428/428/428 424/424/424 403/403/403
f 428/428/428 427/427/427 424/424/424
f 428/428/428 403/403/403 429/429/429
f 427/427/427 428/428/428 429/429/429
f 403/403/403 430/430/430 429/429/429
f 430/430/430 431/431/431 429/429/429
f 429/429/429 431/431/431 432/432/432
f 429/429/429 432/432/432 433/433/433
f 434/434/434 429/429/429 433/433/433
f 434/434/434 427/427/427 429/429/429
f 426/426/426 427/427/427 434/434/434
f 434/434/434 433/433/433 435/435/435
f 436/436/436 434/434/434 435/435/435
f 436/436/436 426/426/426 434/434/434
f 437/437/437 431/431/431 430/430/430
f 438/438/438 437/437/437 430/430/430
f 438/438/438 430/430/430 439/439/439
f 430/430/430 440/440/440 439/439/439
f 440/440/440 430/430/430 403/403/403
f 441/441/441 439/439/439 440/440/440
f 439/439/439 441/441/441 442/442/442
f 442/442/442 441/441/441 443/443/443
f 441/441/441 444/444/444 443/443/443
f 441/441/441 440/440/440 444/444/444
f 445/445/445 439/439/439 442/442/442
f 446/446/446 439/439/439 445/445/445
f 446/446/446 438/438/438 439/439/439
f 447/447/447 446/446/446 445/445/445
f 440/440/440 448/448/448 444/444/444
f 442/442/442 443/443/443 449/449/449
f 450/450/450 442/442/442 449/449/449
f 445/445/445 442/442/442 450/450/450
f 447/447/447 445/445/445 380/380/380
f 380/380/380 445/445/445 450/450/450
f 379/379/379 447/447/447 380/380/380
f 440/440/440 451/451/451 448/448/448
f 451/451/451 440/440/440 403/403/403
f 397/397/397 451/451/451 403/403/403
f 452/452/452 451/451/451 397/397/397
f 451/451/451 452/452/452 448/448/448
f 380/380/380 450/450/450 371/371/371
f 450/450/450 449/449/449 383/383/383
f 371/371/371 450/450/450 383/383/383
f 366/366/366 453/453/453 357/357/357
f 357/357/357 453/453/453 454/454/454
f 359/359/359 357/357/357 454/454/454
f 455/455/455 453/453/453 366/366/366
f 376/376/376 455/455/455 366/366/366
f 456/456/456 454/454/454 453/453/453
f 455/455/455 456/456/456 453/453/453
f 457/457/457 362/362/362 363/363/363
f 368/368/368 457/457/457 363/363/363
f 457/457/457 375/375/375 362/362/362
f 375/375/375 365/365/365 362/362/362
f 233/233/233 458/458/458 247/247/247
f 233/233/233 235/235/235 458/458/458
f 235/235/235 459/459/459 458/458/458
f 235/235/235 238/238/238 459/459/459
f 238/238/238 460/460/460 459/459/459
f 396/396/396 399/399/399 461/461/461
f 392/392/392 396/396/396 461/461/461
f 461/461/461 399/399/399 462/462/462
f 399/399/399 401/401/401 462/462/462
f 461/461/461 462/462/462 394/394/394
f 393/393/393 461/461/461 394/394/394
f 392/392/392 461/461/461 393/393/393
f 283/283/283 280/280/280 463/463/463
f 464/464/464 283/283/283 463/463/463
f 463/463/463 280/280/280 275/275/275
f 463/463/463 275/275/275 272/272/272
f 274/274/274 463/463/463 272/272/272
f 464/464/464 463/463/463 274/274/274
f 273/273/273 464/464/464 274/274/274
f 467/467/467 466/466/466 465/465/465
f 467/467/467 468/468/468 466/466/466
f 468/468/468 467/467/467 469/469/469
f 466/466/466 468/468/468 470/470/470
f 466/466/466 470/470/470 471/471/471
f 470/470/470 468/468/468 472/472/472
f 474/474/474 473/473/473 433/433/433
f 432/432/432 474/474/474 433/433/433
f 433/433/433 473/473/473 435/435/435
f 473/473/473 475/475/475 435/435/435
f 476/476/476 474/474/474 432/432/432
f 431/431/431 476/476/476 432/432/432
f 477/477/477 476/476/476 431/431/431
f 437/437/437 477/477/477 431/431/431
f 479/479/479 478/478/478 318/318/318
f 323/323/323 479/479/479 318/318/318
f 318/318/318 478/478/478 320/320/320
f 478/478/478 480/480/480 320/320/320
f 320/320/320 480/480/480 322/322/322
f 480/480/480 481/481/481 322/322/322
f 322/322/322 481/481/481 325/325/325
f 481/481/481 482/482/482 325/325/325
f 484/484/484 483/483/483 290/290/290
f 288/288/288 484/484/484 290/290/290
f 484/484/484 288/288/288 286/286/286
f 484/484/484 286/286/286 298/298/298
f 484/484/484 298/298/298 317/317/317
f 338/338/338 484/484/484 317/317/317
f 483/483/483 484/484/484 338/338/338
f 339/339/339 483/483/483 338/338/338
f 487/487/487 486/486/486 485/485/485
f 488/488/488 487/487/487 485/485/485
f 487/487/487 489/489/489 486/486/486
f 489/489/489 490/490/490 486/486/486
f 488/488/488 485/485/485 491/491/491
f 485/485/485 492/492/492 491/491/491
f 491/491/491 492/492/492 493/493/493
f 494/494/494 491/491/491 493/493/493
f 494/494/494 493/493/493 495/495/495
f 496/496/496 494/494/494 495/495/495
f 496/496/496 495/495/495 497/497/497
f 498/498/498 496/496/496 497/497/497
f 501/501/501 500/500/500 499/499/499
f 502/502/502 501/501/501 499/499/499
f 501/501/501 503/503/503 500/500/500
f 503/503/503 504/504/504 500/500/500
f 503/503/503 505/505/505 504/504/504
f 505/505/505 506/506/506 504/504/504
f 505/505/505 507/507/507 506/506/506
f 507/507/507 508/508/508 506/506/506
f 507/507/507 509/509/509 508/508/508
f 509/509/509 510/510/510 508/508/508
f 509/509/509 511/511/511 510/510/510
f 511/511/511 512/512/512 510/510/510
f 515/515/515 514/514/514 513/513/513
f 515/515/515 516/516/516 514/514/514
f 516/516/516 517/517/517 514/514/514
f 516/516/516 518/518/518 517/517/517
f 518/518/518 519/519/519 517/517/517
f 518/518/518 520/520/520 519/519/519
f 520/520/520 521/521/521 519/519/519
f 520/520/520 522/522/522 521/521/521
f 522/522/522 523/523/523 521/521/521
f 522/522/522 524/524/524 523/523/523
f 527/527/527 526/526/526 525/525/525
f 528/528/528 527/527/527 525/525/525
f 527/527/527 529/529/529 526/526/526
f 529/529/529 530/530/530 526/526/526
f 525/525/525 531/531/531 528/528/528
f 531/531/531 532/532/532 528/528/528
f 532/532/532 531/531/531 533/533/533
f 534/534/534 532/532/532 533/533/533
f 534/534/534 533/533/533 535/535/535
f 536/536/536 534/534/534 535/535/535
f 536/536/536 535/535/535 537/537/537
f 538/538/538 536/536/536 537/537/537
f 541/541/541 540/540/540 539/539/539
f 542/542/542 541/541/541 539/539/539
f 541/541/541 543/543/543 540/540/540
f 543/543/543 544/544/544 540/540/540
f 543/543/543 545/545/545 544/544/544
f 545/545/545 546/546/546 544/544/544
f 545/545/545 547/547/547 546/546/546
f 547/547/547 548/548/548 546/546/546
f 547/547/547 549/549/549 548/548/548
f 549/549/549 550/550/550 548/548/548
f 549/549/549 551/551/551 550/550/550
f 551/551/551 552/552/552 550/550/550
f 555/555/555 554/554/554 553/553/553
f 556/556/556 555/555/555 553/553/553
f 553/553/553 554/554/554 557/557/557
f 554/554/554 558/558/558 557/557/557
f 555/555/555 556/556/556 559/559/559
f 556/556/556 560/560/560 559/559/559
f 561/561/561 559/559/559 560/560/560
f 562/562/562 561/561/561 560/560/560
f 563/563/563 561/561/561 562/562/562
f 564/564/564 563/563/563 562/562/562
f 565/565/565 563/563/563 564/564/564
f 566/566/566 565/565/565 564/564/564
f 569/569/569 568/568/568 567/567/567
f 570/570/570 569/569/569 567/567/567
f 567/567/567 568/568/568 571/571/571
f 568/568/568 572/572/572 571/571/571
f 571/571/571 572/572/572 573/573/573
f 572/572/572 574/574/574 573/573/573
f 573/573/573 574/574/574 575/575/575
f 574/574/574 576/576/576 575/575/575
f 575/575/575 576/576/576 577/577/577
f 576/576/576 578/578/578 577/577/577
f 577/577/577 578/578/578 579/579/579
f 578/578/578 580/580/580 579/579/579
f 583/583/583 582/582/582 581/581/581
f 584/584/584 583/583/583 581/581/581
f 581/581/581 582/582/582 585/585/585
f 586/586/586 581/581/581 585/585/585
f 584/584/584 587/587/587 583/583/583
f 587/587/587 588/588/588 583/583/583
f 587/587/587 589/589/589 588/588/588
f 589/589/589 590/590/590 588/588/588
f 589/589/589 591/591/591 590/590/590
f 591/591/591 592/592/592 590/590/590
f 591/591/591 593/593/593 592/592/592
f 593/593/593 594/594/594 592/592/592
f 597/597/597 596/596/596 595/595/595
f 598/598/598 597/597/597 595/595/595
f 597/597/597 599/599/599 596/596/596
f 599/599/599 600/600/600 596/596/596
f 599/599/599 601/601/601 600/600/600
f 601/601/601 602/602/602 600/600/600
f 601/601/601 603/603/603 602/602/602
f 603/603/603 604/604/604 602/602/602
f 603/603/603 605/605/605 604/604/604
f 605/605/605 606/606/606 604/604/604
f 605/605/605 607/607/607 606/606/606
f 607/607/607 608/608/608 606/606/606
f 611/611/611 610/610/610 609/609/609
f 612/612/612 611/611/611 609/609/609
f 613/613/613 610/610/610 611/611/611
f 614/614/614 613/613/613 611/611/611
f 609/609/609 610/610/610 615/615/615
f 615/615/615 610/610/610 613/613/613
f 616/616/616 609/609/609 615/615/615
f 617/617/617 615/615/615 613/613/613
f 609/609/609 616/616/616 618/618/618
f 616/616/616 619/619/619 618/618/618
f 619/619/619 620/620/620 618/618/618
f 620/620/620 621/621/621 618/618/618
f 618/618/618 621/621/621 622/622/622
f 623/623/623 618/618/618 622/622/622
f 609/609/609 618/618/618 623/623/623
f 612/612/612 609/609/609 623/623/623
f 621/621/621 620/620/620 624/624/624
f 620/620/620 625/625/625 624/624/624
f 621/621/621 624/624/624 626/626/626
f 622/622/622 621/621/621 626/626/626
f 624/624/624 625/625/625 627/627/627
f 625/625/625 628/628/628 627/627/627
f 624/624/624 627/627/627 629/629/629
f 626/626/626 624/624/624 629/629/629
f 632/632/632 631/631/631 630/630/630
f 633/633/633 632/632/632 630/630/630
f 634/634/634 631/631/631 632/632/632
f 635/635/635 634/634/634 632/632/632
f 631/631/631 634/634/634 636/636/636
f 634/634/634 637/637/637 636/636/636
f 631/631/631 636/636/636 638/638/638
f 630/630/630 631/631/631 638/638/638
f 636/636/636 637/637/637 639/639/639
f 637/637/637 640/640/640 639/639/639
f 640/640/640 641/641/641 639/639/639
f 641/641/641 642/642/642 639/639/639
f 639/639/639 642/642/642 643/643/643
f 644/644/644 639/639/639 643/643/643
f 636/636/636 639/639/639 644/644/644
f 638/638/638 636/636/636 644/644/644
f 642/642/642 641/641/641 645/645/645
f 641/641/641 646/646/646 645/645/645
f 642/642/642 645/645/645 647/647/647
f 643/643/643 642/642/642 647/647/647
f 645/645/645 646/646/646 648/648/648
f 646/646/646 649/649/649 648/648/648
f 645/645/645 648/648/648 650/650/650
f 647/647/647 645/645/645 650/650/650
f 653/653/653 652/652/652 651/651/651
f 654/654/654 653/653/653 651/651/651
f 653/653/653 655/655/655 652/652/652
f 655/655/655 656/656/656 652/652/652
f 654/654/654 651/651/651 657/657/657
f 651/651/651 658/658/658 657/657/657
f 657/657/657 658/658/658 659/659/659
f 660/660/660 657/657/657 659/659/659
f 660/660/660 659/659/659 661/661/661
f 662/662/662 660/660/660 661/661/661
f 662/662/662 661/661/661 663/663/663
f 664/664/664 662/662/662 663/663/663
f 667/667/667 666/666/666 665/665/665
f 668/668/668 667/667/667 665/665/665
f 667/667/667 669/669/669 666/666/666
f 669/669/669 670/670/670 666/666/666
f 669/669/669 671/671/671 670/670/670
f 671/671/671 672/672/672 670/670/670
f 671/671/671 673/673/673 672/672/672
f 673/673/673 674/674/674 672/672/672
f 673/673/673 675/675/675 674/674/674
f 675/675/675 676/676/676 674/674/674
f 675/675/675 677/677/677 676/676/676
f 677/677/677 678/678/678 676/676/676
f 681/681/681 680/680/680 679/679/679
f 681/681/681 682/682/682 680/680/680
f 682/682/682 683/683/683 680/680/680
f 682/682/682 684/684/684 683/683/683
f 684/684/684 685/685/685 683/683/683
f 684/684/684 686/686/686 685/685/685
f 686/686/686 687/687/687 685/685/685
f 686/686/686 688/688/688 687/687/687
f 688/688/688 689/689/689 687/687/687
f 688/688/688 690/690/690 689/689/689
f 693/693/693 692/692/692 691/691/691
f 694/694/694 693/693/693 691/691/691
f 693/693/693 695/695/695 692/692/692
f 695/695/695 696/696/696 692/692/692
f 691/691/691 697/697/697 694/694/694
f 697/697/697 698/698/698 694/694/694
f 698/698/698 697/697/697 699/699/699
f 700/700/700 698/698/698 699/699/699
f 700/700/700 699/699/699 701/701/701
f 702/702/702 700/700/700 701/701/701
f 702/702/702 701/701/701 703/703/703
f 704/704/704 702/702/702 703/703/703
f 707/707/707 706/706/706 705/705/705
f 708/708/708 707/707/707 705/705/705
f 707/707/707 709/709/709 706/706/706
f 709/709/709 710/710/710 706/706/706
f 709/709/709 711/711/711 710/710/710
f 711/711/711 712/712/712 710/710/710
f 711/711/711 713/713/713 712/712/712
f 713/713/713 714/714/714 712/712/712
f 713/713/713 715/715/715 714/714/714
f 715/715/715 716/716/716 714/714/714
f 715/715/715 717/717/717 716/716/716
f 717/717/717 718/718/718 716/716/716
f 721/721/721 720/720/720 719/719/719
f 722/722/722 721/721/721 719/719/719
f 719/719/719 720/720/720 723/723/723
f 720/720/720 724/724/724 723/723/723
f 721/721/721 722/722/722 725/725/725
f 722/722/722 726/726/726 725/725/725
f 727/727/727 725/725/725 726/726/726
f 728/728/728 727/727/727 726/726/726
f 729/729/729 727/727/727 728/728/728
f 730/730/730 729/729/729 728/728/728
f 731/731/731 729/729/729 730/730/730
f 732/732/732 731/731/731 730/730/730
f 735/735/735 734/734/734 733/733/733
f 736/736/736 735/735/735 733/733/733
f 733/733/733 734/734/734 737/737/737
f 734/734/734 738/738/738 737/737/737
f 737/737/737 738/738/738 739/739/739
f 738/738/738 740/740/740 739/739/739
f 739/739/739 740/740/740 741/741/741
f 740/740/740 742/742/742 741/741/741
f 741/741/741 742/742/742 743/743/743
f 742/742/742 744/744/744 743/743/743
f 743/743/743 744/744/744 745/745/745
f 744/744/744 746/746/746 745/745/745
f 749/749/749 748/748/748 747/747/747
f 750/750/750 749/749/749 747/747/747
f 747/747/747 748/748/748 751/751/751
f 752/752/752 747/747/747 751/751/751
f 750/750/750 753/753/753 749/749/749
f 753/753/753 754/754/754 749/749/749
f 753/753/753 755/755/755 754/754/754
f 755/755/755 756/756/756 754/754/754
f 755/755/755 757/757/757 756/756/756
f 757/757/757 758/758/758 756/756/756
f 757/757/757 759/759/759 758/758/758
f 759/759/759 760/760/760 758/758/758
f 763/763/763 762/762/762 761/761/761
f 764/764/764 763/763/763 761/761/761
f 763/763/763 765/765/765 762/762/762
f 765/765/765 766/766/766 762/762/762
f 765/765/765 767/767/767 766/766/766
f 767/767/767 768/768/768 766/766/766
f 767/767/767 769/769/769 768/768/768
f 769/769/769 770/770/770 768/768/768
f 769/769/769 771/771/771 770/770/770
f 771/771/771 772/772/772 770/770/770
f 771/771/771 773/773/773 772/772/772
f 773/773/773 774/774/774 772/772/772
f 777/777/777 776/776/776 775/775/775
f 778/778/778 777/777/777 775/775/775
f 779/779/779 776/776/776 777/777/777
f 780/780/780 779/779/779 777/777/777
f 775/775/775 776/776/776 781/781/781
f 781/781/781 776/776/776 779/779/779
f 782/782/782 775/775/775 781/781/781
f 783/783/783 781/781/781 779/779/779
f 775/775/775 782/782/782 784/784/784
f 782/782/782 785/785/785 784/784/784
f 785/785/785 786/786/786 784/784/784
f 786/786/786 787/787/787 784/784/784
f 784/784/784 787/787/787 788/788/788
f 789/789/789 784/784/784 788/788/788
f 775/775/775 784/784/784 789/789/789
f 778/778/778 775/775/775 789/789/789
f 787/787/787 786/786/786 790/790/790
f 786/786/786 791/791/791 790/790/790
f 787/787/787 790/790/790 792/792/792
f 788/788/788 787/787/787 792/792/792
f 790/790/790 791/791/791 793/793/793
f 791/791/791 794/794/794 793/793/793
f 790/790/790 793/793/793 795/795/795
f 792/792/792 790/790/790 795/795/795
f 798/798/798 797/797/797 796/796/796
f 799/799/799 798/798/798 796/796/796
f 800/800/800 797/797/797 798/798/798
f 801/801/801 800/800/800 798/798/798
f 797/797/797 800/800/800 802/802/802
f 800/800/800 803/803/803 802/802/802
f 797/797/797 802/802/802 804/804/804
f 796/796/796 797/797/797 804/804/804
f 802/802/802 803/803/803 805/805/805
f 803/803/803 806/806/806 805/805/805
f 806/806/806 807/807/807 805/805/805
f 807/807/807 808/808/808 805/805/805
f 805/805/805 808/808/808 809/809/809
f 810/810/810 805/805/805 809/809/809
f 802/802/802 805/805/805 810/810/810
f 804/804/804 802/802/802 810/810/810
f 808/808/808 807/807/807 811/811/811
f 807/807/807 812/812/812 811/811/811
f 808/808/808 811/811/811 813/813/813
f 809/809/809 808/808/808 813/813/813
f 811/811/811 812/812/812 814/814/814
f 812/812/812 815/815/815 814/814/814
f 811/811/811 814/814/814 816/816/816
f 813/813/813 811/811/811 816/816/816
f 819/819/819 818/818/818 817/817/817
f 820/820/820 819/819/819 817/817/817
f 819/819/819 821/821/821 818/818/818
f 821/821/821 822/822/822 818/818/818
f 820/820/820 817/817/817 823/823/823
f 817/817/817 824/824/824 823/823/823
f 823/823/823 824/824/824 825/825/825
f 826/826/826 823/823/823 825/825/825
f 826/826/826 825/825/825 827/827/827
f 828/828/828 826/826/826 827/827/827
f 828/828/828 827/827/827 829/829/829
f 830/830/830 828/828/828 829/829/829
f 833/833/833 832/832/832 831/831/831
f 834/834/834 833/833/833 831/831/831
f 833/833/833 835/835/835 832/832/832
f 835/835/835 836/836/836 832/832/832
f 835/835/835 837/837/837 836/836/836
f 837/837/837 838/838/838 836/836/836
f 837/837/837 839/839/839 838/838/838
f 839/839/839 840/840/840 838/838/838
f 839/839/839 841/841/841 840/840/840
f 841/841/841 842/842/842 840/840/840
f 841/841/841 843/843/843 842/842/842
f 843/843/843 844/844/844 842/842/842
f 847/847/847 846/846/846 845/845/845
f 847/847/847 848/848/848 846/846/846
f 848/848/848 849/849/849 846/846/846
f 848/848/848 850/850/850 849/849/849
f 850/850/850 851/851/851 849/849/849
f 850/850/850 852/852/852 851/851/851
f 852/852/852 853/853/853 851/851/851
f 852/852/852 854/854/854 853/853/853
f 854/854/854 855/855/855 853/853/853
f 854/854/854 856/856/856 855/855/855
f 859/859/859 858/858/858 857/857/857
f 860/860/860 859/859/859 857/857/857
f 859/859/859 861/861/861 858/858/858
f 861/861/861 862/862/862 858/858/858
f 857/857/857 863/863/863 860/860/860
f 863/863/863 864/864/864 860/860/860
f 864/864/864 863/863/863 865/865/865
f 866/866/866 864/864/864 865/865/865
f 866/866/866 865/865/865 867/867/867
f 868/868/868 866/866/866 867/867/867
f 868/868/868 867/867/867 869/869/869
f 870/870/870 868/868/868 869/869/869
f 873/873/873 872/872/872 871/871/871
f 874/874/874 873/873/873 871/871/871
f 873/873/873 875/875/875 872/872/872
f 875/875/875 876/876/876 872/872/872
f 875/875/875 877/877/877 876/876/876
f 877/877/877 878/878/878 876/876/876
f 877/877/877 879/879/879 878/878/878
f 879/879/879 880/880/880 878/878/878
f 879/879/879 881/881/881 880/880/880
f 881/881/881 882/882/882 880/880/880
f 881/881/881 883/883/883 882/882/882
f 883/883/883 884/884/884 882/882/882
f 887/887/887 886/886/886 885/885/885
f 888/888/888 887/887/887 885/885/885
f 885/885/885 886/886/886 889/889/889
f 886/886/886 890/890/890 889/889/889
f 887/887/887 888/888/888 891/891/891
f 888/888/888 892/892/892 891/891/891
f 893/893/893 891/891/891 892/892/892
f 894/894/894 893/893/893 892/892/892
f 895/895/895 893/893/893 894/894/894
f 896/896/896 895/895/895 894/894/894
f 897/897/897 895/895/895 896/896/896
f 898/898/898 897/897/897 896/896/896
f 901/901/901 900/900/900 899/899/899
f 902/902/902 901/901/901 899/899/899
f 899/899/899 900/900/900 903/903/903
f 900/900/900 904/904/904 903/903/903
f 903/903/903 904/904/904 905/905/905
f 904/904/904 906/906/906 905/905/905
f 905/905/905 906/906/906 907/907/907
f 906/906/906 908/908/908 907/907/907
f 907/907/907 908/908/908 909/909/909
f 908/908/908 910/910/910 909/909/909
f 909/909/909 910/910/910 911/911/911
f 910/910/910 912/912/912 911/911/911
f 915/915/915 914/914/914 913/913/913
f 916/916/916 915/915/915 913/913/913
f 913/913/913 914/914/914 917/917/917
f 918/918/918 913/913/913 917/917/917
f 916/916/916 919/919/919 915/915/915
f 919/919/919 920/920/920 915/915/915
f 919/919/919 921/921/921 920/920/920
f 921/921/921 922/922/922 920/920/920
f 921/921/921 923/923/923 922/922/922
f 923/923/923 924/924/924 922/922/922
f 923/923/923 925/925/925 924/924/924
f 925/925/925 926/926/926 924/924/924
f 929/929/929 928/928/928 927/927/927
f 930/930/930 929/929/929 927/927/927
f 929/929/929 931/931/931 928/928/928
f 931/931/931 932/932/932 928/928/928
f 931/931/931 933/933/933 932/932/932
f 933/933/933 934/934/934 932/932/932
f 933/933/933 935/935/935 934/934/934
f 935/935/935 936/936/936 934/934/934
f 935/935/935 937/937/937 936/936/936
f 937/937/937 938/938/938 936/936/936
f 937/937/937 939/939/939 938/938/938
f 939/939/939 940/940/940 938/938/938
f 943/943/943 942/942/942 941/941/941
f 944/944/944 943/943/943 941/941/941
f 945/945/945 942/942/942 943/943/943
f 946/946/946 945/945/945 943/943/943
f 941/941/941 942/942/942 947/947/947
f 947/947/947 942/942/942 945/945/945
f 948/948/948 941/941/941 947/947/947
f 949/949/949 947/947/947 945/945/945
f 941/941/941 948/948/948 950/950/950
f 948/948/948 951/951/951 950/950/950
f 951/951/951 952/952/952 950/950/950
f 952/952/952 953/953/953 950/950/950
f 950/950/950 953/953/953 954/954/954
f 955/955/955 950/950/950 954/954/954
f 941/941/941 950/950/950 955/955/955
f 944/944/944 941/941/941 955/955/955
f 953/953/953 952/952/952 956/956/956
f 952/952/952 957/957/957 956/956/956
f 953/953/953 956/956/956 958/958/958
f 954/954/954 953/953/953 958/958/958
f 956/956/956 957/957/957 959/959/959
f 957/957/957 960/960/960 959/959/959
f 956/956/956 959/959/959 961/961/961
f 958/958/958 956/956/956 961/961/961
f 964/964/964 963/963/963 962/962/962
f 965/965/965 964/964/964 962/962/962
f 966/966/966 963/963/963 964/964/964
f 967/967/967 966/966/966 964/964/964
f 963/963/963 966/966/966 968/968/968
f 966/966/966 969/969/969 968/968/968
f 963/963/963 968/968/968 970/970/970
f 962/962/962 963/963/963 970/970/970
f 968/968/968 969/969/969 971/971/971
f 969/969/969 972/972/972 971/971/971
f 972/972/972 973/973/973 971/971/971
f 973/973/973 974/974/974 971/971/971
f 971/971/971 974/974/974 975/975/975
f 976/976/976 971/971/971 975/975/975
f 968/968/968 971/971/971 976/976/976
f 970/970/970 968/968/968 976/976/976
f 974/974/974 973/973/973 977/977/977
f 973/973/973 978/978/978 977/977/977
f 974/974/974 977/977/977 979/979/979
f 975/975/975 974/974/974 979/979/979
f 977/977/977 978/978/978 980/980/980
f 978/978/978 981/981/981 980/980/980
f 977/977/977 980/980/980 982/982/982
f 979/979/979 977/977/977 982/982/982
f 985/985/985 984/984/984 983/983/983
f 986/986/986 985/985/985 983/983/983
f 985/985/985 987/987/987 984/984/984
f 987/987/987 988/988/988 984/984/984
f 986/986/986 983/983/983 989/989/989
f 983/983/983 990/990/990 989/989/989
f 989/989/989 990/990/990 991/991/991
f 992/992/992 989/989/989 991/991/991
f 992/992/992 991/991/991 993/993/993
f 994/994/994 992/992/992 993/993/993
f 994/994/994 993/993/993 995/995/995
f 996/996/996 994/994/994 995/995/995
f 999/999/999 998/998/998 997/997/997
f 1000/1000/1000 999/999/999 997/997/997
f 999/999/999 1001/1001/1001 998/998/998
f 1001/1001/1001 1002/1002/1002 998/998/998
f 1001/1001/1001 1003/1003/1003 1002/1002/1002
f 1003/1003/1003 1004/1004/1004 1002/1002/1002
f 1003/1003/1003 1005/1005/1005 1004/1004/1004
f 1005/1005/1005 1006/1006/1006 1004/1004/1004
f 1005/1005/1005 1007/1007/1007 1006/1006/1006
f 1007/1007/1007 1008/1008/1008 1006/1006/1006
f 1007/1007/1007 1009/1009/1009 1008/1008/1008
f 1009/1009/1009 1010/1010/1010 1008/1008/1008
f 1013/1013/1013 1012/1012/1012 1011/1011/1011
f 1013/1013/1013 1014/1014/1014 1012/1012/1012
f 1014/1014/1014 1015/1015/1015 1012/1012/1012
f 1014/1014/1014 1016/1016/1016 1015/1015/1015
f 1016/1016/1016 1017/1017/1017 1015/1015/1015
f 1016/1016/1016 1018/1018/1018 1017/1017/1017
f 1018/1018/1018 1019/1019/1019 1017/1017/1017
f 1018/1018/1018 1020/1020/1020 1019/1019/1019
f 1020/1020/1020 1021/1021/1021 1019/1019/1019
f 1020/1020/1020 1022/1022/1022 1021/1021/1021
f 1025/1025/1025 1024/1024/1024 1023/1023/1023
f 1026/1026/1026 1025/1025/1025 1023/1023/1023
f 1025/1025/1025 1027/1027/1027 1024/1024/1024
f 1027/1027/1027 1028/1028/1028 1024/1024/1024
f 1023/1023/1023 1029/1029/1029 1026/1026/1026
f 1029/1029/1029 1030/1030/1030 1026/1026/1026
f 1030/1030/1030 1029/1029/1029 1031/1031/1031
f 1032/1032/1032 1030/1030/1030 1031/1031/1031
f 1032/1032/1032 1031/1031/1031 1033/1033/1033
f 1034/1034/1034 1032/1032/1032 1033/1033/1033
f 1034/1034/1034 1033/1033/1033 1035/1035/1035
f 1036/1036/1036 1034/1034/1034 1035/1035/1035
f 1039/1039/1039 1038/1038/1038 1037/1037/1037
f 1040/1040/1040 1039/1039/1039 1037/1037/1037
f 1039/1039/1039 1041/1041/1041 1038/1038/1038
f 1041/1041/1041 1042/1042/1042 1038/1038/1038
f 1041/1041/1041 1043/1043/1043 1042/1042/1042
f 1043/1043/1043 1044/1044/1044 1042/1042/1042
f 1043/1043/1043 1045/1045/1045 1044/1044/1044
f 1045/1045/1045 1046/1046/1046 1044/1044/1044
f 1045/1045/1045 1047/1047/1047 1046/1046/1046
f 1047/1047/1047 1048/1048/1048 1046/1046/1046
f 1047/1047/1047 1049/1049/1049 1048/1048/1048
f 1049/1049/1049 1050/1050/1050 1048/1048/1048
f 1053/1053/1053 1052/1052/1052 1051/1051/1051
f 1054/1054/1054 1053/1053/1053 1051/1051/1051
f 1051/1051/1051 1052/1052/1052 1055/1055/1055
f 1052/1052/1052 1056/1056/1056 1055/1055/1055
f 1053/1053/1053 1054/1054/1054 1057/1057/1057
f 1054/1054/1054 1058/1058/1058 1057/1057/1057
f 1059/1059/1059 1057/1057/1057 1058/1058/1058
f 1060/1060/1060 1059/1059/1059 1058/1058/1058
f 1061/1061/1061 1059/1059/1059 1060/1060/1060
f 1062/1062/1062 1061/1061/1061 1060/1060/1060
f 1063/1063/1063 1061/1061/1061 1062/1062/1062
f 1064/1064/1064 1063/1063/1063 1062/1062/1062
f 1067/1067/1067 1066/1066/1066 1065/1065/1065
f 1068/1068/1068 1067/1067/1067 1065/1065/1065
f 1065/1065/1065 1066/1066/1066 1069/1069/1069
f 1066/1066/1066 1070/1070/1070 1069/1069/1069
f 1069/1069/1069 1070/1070/1070 1071/1071/1071
f 1070/1070/1070 1072/1072/1072 1071/1071/1071
f 1071/1071/1071 1072/1072/1072 1073/1073/1073
f 1072/1072/1072 1074/1074/1074 1073/1073/1073
f 1073/1073/1073 1074/1074/1074 1075/1075/1075
f 1074/1074/1074 1076/1076/1076 1075/1075/1075
f 1075/1075/1075 1076/1076/1076 1077/1077/1077
f 1076/1076/1076 1078/1078/1078 1077/1077/1077
f 1081/1081/1081 1080/1080/1080 1079/1079/1079
f 1082/1082/1082 1081/1081/1081 1079/1079/1079
f 1079/1079/1079 1080/1080/1080 1083/1083/1083
f 1084/1084/1084 1079/1079/1079 1083/1083/1083
f 1082/1082/1082 1085/1085/1085 1081/1081/1081
f 1085/1085/1085 1086/1086/1086 1081/1081/1081
f 1085/1085/1085 1087/1087/1087 1086/1086/1086
f 1087/1087/1087 1088/1088/1088 1086/1086/1086
f 1087/1087/1087 1089/1089/1089 1088/1088/1088
f 1089/1089/1089 1090/1090/1090 1088/1088/1088
f 1089/1089/1089 1091/1091/1091 1090/1090/1090
f 1091/1091/1091 1092/1092/1092 1090/1090/1090
f 1095/1095/1095 1094/1094/1094 1093/1093/1093
f 1096/1096/1096 1095/1095/1095 1093/1093/1093
f 1095/1095/1095 1097/1097/1097 1094/1094/1094
f 1097/1097/1097 1098/1098/1098 1094/1094/1094
f 1097/1097/1097 1099/1099/1099 1098/1098/1098
f 1099/1099/1099 1100/1100/1100 1098/1098/1098
f 1099/1099/1099 1101/1101/1101 1100/1100/1100
f 1101/1101/1101 1102/1102/1102 1100/1100/1100
f 1101/1101/1101 1103/1103/1103 1102/1102/1102
f 1103/1103/1103 1104/1104/1104 1102/1102/1102
f 1103/1103/1103 1105/1105/1105 1104/1104/1104
f 1105/1105/1105 1106/1106/1106 1104/1104/1104
f 1109/1109/1109 1108/1108/1108 1107/1107/1107
f 1110/1110/1110 1109/1109/1109 1107/1107/1107
f 1111/1111/1111 1108/1108/1108 1109/1109/1109
f 1112/1112/1112 1111/1111/1111 1109/1109/1109
f 1107/1107/1107 1108/1108/1108 1113/1113/1113
f 1113/1113/1113 1108/1108/1108 1111/1111/1111
f 1114/1114/1114 1107/1107/1107 1113/1113/1113
f 1115/1115/1115 1113/1113/1113 1111/1111/1111
f 1107/1107/1107 1114/1114/1114 1116/1116/1116
f 1114/1114/1114 1117/1117/1117 1116/1116/1116
f 1117/1117/1117 1118/1118/1118 1116/1116/1116
f 1118/1118/1118 1119/1119/1119 1116/1116/1116
f 1116/1116/1116 1119/1119/1119 1120/1120/1120
f 1121/1121/1121 1116/1116/1116 1120/1120/1120
f 1107/1107/1107 1116/1116/1116 1121/1121/1121
f 1110/1110/1110 1107/1107/1107 1121/1121/1121
f 1119/1119/1119 1118/1118/1118 1122/1122/1122
f 1118/1118/1118 1123/1123/1123 1122/1122/1122
f 1119/1119/1119 1122/1122/1122 1124/1124/1124
f 1120/1120/1120 1119/1119/1119 1124/1124/1124
f 1122/1122/1122 1123/1123/1123 1125/1125/1125
f 1123/1123/1123 1126/1126/1126 1125/1125/1125
f 1122/1122/1122 1125/1125/1125 1127/1127/1127
f 1124/1124/1124 1122/1122/1122 1127/1127/1127
f 1130/1130/1130 1129/1129/1129 1128/1128/1128
f 1131/1131/1131 1130/1130/1130 1128/1128/1128
f 1132/1132/1132 1129/1129/1129 1130/1130/1130
f 1133/1133/1133 1132/1132/1132 1130/1130/1130
f 1129/1129/1129 1132/1132/1132 1134/1134/1134
f 1132/1132/1132 1135/1135/1135 1134/1134/1134
f 1129/1129/1129 1134/1134/1134 1136/1136/1136
f 1128/1128/1128 1129/1129/1129 1136/1136/1136
f 1134/1134/1134 1135/1135/1135 1137/1137/1137
f 1135/1135/1135 1138/1138/1138 1137/1137/1137
f 1138/1138/1138 1139/1139/1139 1137/1137/1137
f 1139/1139/1139 1140/1140/1140 1137/1137/1137
f 1137/1137/1137 1140/1140/1140 1141/1141/1141
f 1142/1142/1142 1137/1137/1137 1141/1141/1141
f 1134/1134/1134 1137/1137/1137 1142/1142/1142
f 1136/1136/1136 1134/1134/1134 1142/1142/1142
f 1140/1140/1140 1139/1139/1139 1143/1143/1143
f 1139/1139/1139 1144/1144/1144 1143/1143/1143
f 1140/1140/1140 1143/1143/1143 1145/1145/1145
f 1141/1141/1141 1140/1140/1140 1145/1145/1145
f 1143/1143/1143 1144/1144/1144 1146/1146/1146
f 1144/1144/1144 1147/1147/1147 1146/1146/1146
f 1143/1143/1143 1146/1146/1146 1148/1148/1148
f 1145/1145/1145 1143/1143/1143 1148/1148/1148
f 1151/1151/1151 1150/1150/1150 1149/1149/1149
f 1152/1152/1152 1151/1151/1151 1149/1149/1149
f 1152/1152/1152 1149/1149/1149 1153/1153/1153
f 1154/1154/1154 1152/1152/1152 1153/1153/1153
f 1154/1154/1154 1153/1153/1153 1155/1155/1155
f 1156/1156/1156 1154/1154/1154 1155/1155/1155
f 1156/1156/1156 1155/1155/1155 1157/1157/1157
f 1155/1155/1155 1158/1158/1158 1157/1157/1157
f 1161/1161/1161 1160/1160/1160 1159/1159/1159
f 1162/1162/1162 1161/1161/1161 1159/1159/1159
f 1162/1162/1162 1159/1159/1159 1163/1163/1163
f 1164/1164/1164 1162/1162/1162 1163/1163/1163
f 1165/1165/1165 1164/1164/1164 1163/1163/1163
f 1166/1166/1166 1165/1165/1165 1163/1163/1163
f 1166/1166/1166 1167/1167/1167 1165/1165/1165
f 1167/1167/1167 1168/1168/1168 1165/1165/1165
f 1167/1167/1167 1169/1169/1169 1168/1168/1168
f 1169/1169/1169 1170/1170/1170 1168/1168/1168
f 1169/1169/1169 1171/1171/1171 1170/1170/1170
f 1171/1171/1171 1172/1172/1172 1170/1170/1170
f 1171/1171/1171 1173/1173/1173 1172/1172/1172
f 1173/1173/1173 1174/1174/1174 1172/1172/1172
f 1173/1173/1173 1175/1175/1175 1174/1174/1174
f 1175/1175/1175 1176/1176/1176 1174/1174/1174
f 1175/1175/1175 1177/1177/1177 1176/1176/1176
f 1177/1177/1177 1178/1178/1178 1176/1176/1176
f 1177/1177/1177 1179/1179/1179 1178/1178/1178
f 1179/1179/1179 1180/1180/1180 1178/1178/1178
f 1179/1179/1179 1181/1181/1181 1180/1180/1180
f 1181/1181/1181 1182/1182/1182 1180/1180/1180
f 1185/1185/1185 1184/1184/1184 1183/1183/1183
f 1186/1186/1186 1185/1185/1185 1183/1183/1183
f 1184/1184/1184 1185/1185/1185 1187/1187/1187
f 1187/1187/1187 1185/1185/1185 1188/1188/1188
f 1185/1185/1185 1189/1189/1189 1188/1188/1188
f 1189/1189/1189 1190/1190/1190 1188/1188/1188
f 1190/1190/1190 1191/1191/1191 1188/1188/1188
f 1192/1192/1192 1191/1191/1191 1190/1190/1190
f 1188/1188/1188 1193/1193/1193 1187/1187/1187
f 1193/1193/1193 1188/1188/1188 1194/1194/1194
f 1188/1188/1188 1195/1195/1195 1194/1194/1194
f 1194/1194/1194 1195/1195/1195 1196/1196/1196
f 1197/1197/1197 1196/1196/1196 1195/1195/1195
f 1198/1198/1198 1197/1197/1197 1195/1195/1195
f 1199/1199/1199 1198/1198/1198 1195/1195/1195
f 1191/1191/1191 1199/1199/1199 1195/1195/1195
f 1200/1200/1200 1199/1199/1199 1191/1191/1191
f 1192/1192/1192 1200/1200/1200 1191/1191/1191
f 1201/1201/1201 1192/1192/1192 1190/1190/1190
f 1202/1202/1202 1192/1192/1192 1201/1201/1201
f 1202/1202/1202 1200/1200/1200 1192/1192/1192
f 1202/1202/1202 1203/1203/1203 1200/1200/1200
f 1203/1203/1203 1199/1199/1199 1200/1200/1200
f 1203/1203/1203 1204/1204/1204 1199/1199/1199
f 1197/1197/1197 1205/1205/1205 1196/1196/1196
f 1197/1197/1197 1206/1206/1206 1205/1205/1205
f 1206/1206/1206 1207/1207/1207 1205/1205/1205
f 1208/1208/1208 1207/1207/1207 1206/1206/1206
f 1209/1209/1209 1208/1208/1208 1206/1206/1206
f 1208/1208/1208 1209/1209/1209 1210/1210/1210
f 1210/1210/1210 1209/1209/1209 1211/1211/1211
f 1209/1209/1209 1212/1212/1212 1211/1211/1211
f 1213/1213/1213 1211/1211/1211 1212/1212/1212
f 1211/1211/1211 1213/1213/1213 1214/1214/1214
f 1215/1215/1215 1214/1214/1214 1213/1213/1213
f 1213/1213/1213 1216/1216/1216 1215/1215/1215
f 1217/1217/1217 1216/1216/1216 1213/1213/1213
f 1217/1217/1217 1213/1213/1213 1212/1212/1212
f 1210/1210/1210 1211/1211/1211 1218/1218/1218
f 1211/1211/1211 1219/1219/1219 1218/1218/1218
f 1219/1219/1219 1220/1220/1220 1218/1218/1218
f 1217/1217/1217 1221/1221/1221 1216/1216/1216
f 1222/1222/1222 1221/1221/1221 1217/1217/1217
f 1216/1216/1216 1223/1223/1223 1215/1215/1215
f 1216/1216/1216 1224/1224/1224 1223/1223/1223
f 1221/1221/1221 1224/1224/1224 1216/1216/1216
f 1224/1224/1224 1225/1225/1225 1223/1223/1223
f 1211/1211/1211 1226/1226/1226 1219/1219/1219
f 1226/1226/1226 1227/1227/1227 1219/1219/1219
f 1226/1226/1226 1228/1228/1228 1227/1227/1227
f 1228/1228/1228 1226/1226/1226 1211/1211/1211
f 1214/1214/1214 1228/1228/1228 1211/1211/1211
f 1231/1231/1231 1230/1230/1230 1229/1229/1229
f 1229/1229/1229 1232/1232/1232 1231/1231/1231
f 1229/1229/1229 1233/1233/1233 1232/1232/1232
f 1229/1229/1229 1234/1234/1234 1233/1233/1233
f 1234/1234/1234 1229/1229/1229 1235/1235/1235
f 1235/1235/1235 1229/1229/1229 1236/1236/1236
f 1236/1236/1236 1229/1229/1229 1237/1237/1237
f 1238/1238/1238 1237/1237/1237 1229/1229/1229
f 1240/1240/1240 1239/1239/1239 1229/1229/1229
f 1229/1229/1229 1241/1241/1241 1240/1240/1240
f 1229/1229/1229 1242/1242/1242 1241/1241/1241
f 1229/1229/1229 1243/1243/1243 1242/1242/1242
f 1243/1243/1243 1229/1229/1229 1244/1244/1244
f 1244/1244/1244 1229/1229/1229 1245/1245/1245
f 1245/1245/1245 1229/1229/1229 1246/1246/1246
f 1247/1247/1247 1246/1246/1246 1229/1229/1229
f 1250/1250/1250 1249/1249/1249 1248/1248/1248
f 1248/1248/1248 1249/1249/1249 1251/1251/1251
f 1248/1248/1248 1252/1252/1252 1250/1250/1250
f 1253/1253/1253 1250/1250/1250 1252/1252/1252
f 1251/1251/1251 1249/1249/1249 1254/1254/1254
f 1255/1255/1255 1251/1251/1251 1254/1254/1254
f 1248/1248/1248 1256/1256/1256 1252/1252/1252
f 1255/1255/1255 1257/1257/1257 1251/1251/1251
f 1257/1257/1257 1258/1258/1258 1251/1251/1251
f 1252/1252/1252 1256/1256/1256 1259/1259/1259
f 1260/1260/1260 1258/1258/1258 1257/1257/1257
f 1256/1256/1256 1261/1261/1261 1259/1259/1259
f 1261/1261/1261 1262/1262/1262 1259/1259/1259
f 1263/1263/1263 1258/1258/1258 1260/1260/1260
f 1256/1256/1256 1263/1263/1263 1261/1261/1261
f 1258/1258/1258 1263/1263/1263 1256/1256/1256
f 1261/1261/1261 1264/1264/1264 1262/1262/1262
f 1264/1264/1264 1265/1265/1265 1262/1262/1262
f 1266/1266/1266 1262/1262/1262 1265/1265/1265
f 1267/1267/1267 1266/1266/1266 1265/1265/1265
f 1264/1264/1264 1268/1268/1268 1265/1265/1265
f 1264/1264/1264 1269/1269/1269 1268/1268/1268
f 1270/1270/1270 1268/1268/1268 1269/1269/1269
f 1268/1268/1268 1270/1270/1270 1271/1271/1271
f 1272/1272/1272 1268/1268/1268 1271/1271/1271
f 1275/1275/1275 1274/1274/1274 1273/1273/1273
f 1276/1276/1276 1275/1275/1275 1273/1273/1273
f 1275/1275/1275 1277/1277/1277 1274/1274/1274
f 1277/1277/1277 1278/1278/1278 1274/1274/1274
f 1278/1278/1278 1277/1277/1277 1279/1279/1279
f 1277/1277/1277 1280/1280/1280 1279/1279/1279
f 1281/1281/1281 1279/1279/1279 1280/1280/1280
f 1282/1282/1282 1281/1281/1281 1280/1280/1280
f 1278/1278/1278 1283/1283/1283 1274/1274/1274
f 1274/1274/1274 1283/1283/1283 1284/1284/1284
f 1285/1285/1285 1283/1283/1283 1278/1278/1278
f 1283/1283/1283 1285/1285/1285 1286/1286/1286
f 1289/1289/1289 1288/1288/1288 1287/1287/1287
f 1290/1290/1290 1289/1289/1289 1287/1287/1287
f 1293/1293/1293 1292/1292/1292 1291/1291/1291
f 1294/1294/1294 1293/1293/1293 1291/1291/1291
f 1297/1297/1297 1296/1296/1296 1295/1295/1295
f 1298/1298/1298 1297/1297/1297 1295/1295/1295
f 1301/1301/1301 1300/1300/1300 1299/1299/1299
f 1302/1302/1302 1301/1301/1301 1299/1299/1299
f 1305/1305/1305 1304/1304/1304 1303/1303/1303
f 1306/1306/1306 1305/1305/1305 1303/1303/1303
f 1309/1309/1309 1308/1308/1308 1307/1307/1307
f 1310/1310/1310 1309/1309/1309 1307/1307/1307
f 1313/1313/1313 1312/1312/1312 1311/1311/1311
f 1314/1314/1314 1313/1313/1313 1311/1311/1311
f 1317/1317/1317 1316/1316/1316 1315/1315/1315
f 1318/1318/1318 1317/1317/1317 1315/1315/1315
f 1317/1317/1317 1319/1319/1319 1316/1316/1316
f 1319/1319/1319 1320/1320/1320 1316/1316/1316
f 1321/1321/1321 1320/1320/1320 1319/1319/1319
f 1322/1322/1322 1321/1321/1321 1319/1319/1319
f 1318/1318/1318 1315/1315/1315 1323/1323/1323
f 1324/1324/1324 1318/1318/1318 1323/1323/1323
f 1327/1327/1327 1326/1326/1326 1325/1325/1325
f 1328/1328/1328 1327/1327/1327 1325/1325/1325
f 1327/1327/1327 1329/1329/1329 1326/1326/1326
f 1329/1329/1329 1330/1330/1330 1326/1326/1326
f 1328/1328/1328 1325/1325/1325 1331/1331/1331
f 1332/1332/1332 1328/1328/1328 1331/1331/1331
f 1329/1329/1329 1333/1333/1333 1330/1330/1330
f 1333/1333/1333 1334/1334/1334 1330/1330/1330
f 1190/1190/1190 1335/1335/1335 1201/1201/1201
f 1338/1338/1338 1337/1337/1337 1336/1336/1336
f 1339/1339/1339 1338/1338/1338 1336/1336/1336
f 1342/1342/1342 1341/1341/1341 1340/1340/1340
f 1343/1343/1343 1342/1342/1342 1340/1340/1340
f 1346/1346/1346 1345/1345/1345 1344/1344/1344
f 1346/1346/1346 1344/1344/1344 1188/1188/1188
f 1191/1191/1191 1346/1346/1346 1188/1188/1188
f 1345/1345/1345 1346/1346/1346 1191/1191/1191
f 1195/1195/1195 1345/1345/1345 1191/1191/1191
f 1344/1344/1344 1345/1345/1345 1195/1195/1195
f 1188/1188/1188 1344/1344/1344 1195/1195/1195
f 1349/1349/1349 1348/1348/1348 1347/1347/1347
f 1350/1350/1350 1349/1349/1349 1347/1347/1347
f 1347/1347/1347 1348/1348/1348 1351/1351/1351
f 1348/1348/1348 1352/1352/1352 1351/1351/1351
f 1351/1351/1351 1352/1352/1352 1353/1353/1353
f 1352/1352/1352 1354/1354/1354 1353/1353/1353
f 1353/1353/1353 1354/1354/1354 1355/1355/1355
f 1356/1356/1356 1353/1353/1353 1355/1355/1355
f 1359/1359/1359 1358/1358/1358 1357/1357/1357
f 1360/1360/1360 1359/1359/1359 1357/1357/1357
f 1357/1357/1357 1358/1358/1358 1361/1361/1361
f 1358/1358/1358 1362/1362/1362 1361/1361/1361
f 1362/1362/1362 1363/1363/1363 1361/1361/1361
f 1363/1363/1363 1364/1364/1364 1361/1361/1361
f 1365/1365/1365 1364/1364/1364 1363/1363/1363
f 1366/1366/1366 1365/1365/1365 1363/1363/1363
f 1367/1367/1367 1365/1365/1365 1366/1366/1366
f 1368/1368/1368 1367/1367/1367 1366/1366/1366
f 1369/1369/1369 1367/1367/1367 1368/1368/1368
f 1370/1370/1370 1369/1369/1369 1368/1368/1368
f 1371/1371/1371 1369/1369/1369 1370/1370/1370
f 1372/1372/1372 1371/1371/1371 1370/1370/1370
f 1373/1373/1373 1371/1371/1371 1372/1372/1372
f 1374/1374/1374 1373/1373/1373 1372/1372/1372
f 1375/1375/1375 1373/1373/1373 1374/1374/1374
f 1376/1376/1376 1375/1375/1375 1374/1374/1374
f 1377/1377/1377 1375/1375/1375 1376/1376/1376
f 1378/1378/1378 1377/1377/1377 1376/1376/1376
f 1379/1379/1379 1377/1377/1377 1378/1378/1378
f 1380/1380/1380 1379/1379/1379 1378/1378/1378
f 1383/1383/1383 1382/1382/1382 1381/1381/1381
f 1384/1384/1384 1383/1383/1383 1381/1381/1381
f 1383/1383/1383 1384/1384/1384 1385/1385/1385
f 1383/1383/1383 1385/1385/1385 1386/1386/1386
f 1387/1387/1387 1383/1383/1383 1386/1386/1386
f 1388/1388/1388 1387/1387/1387 1386/1386/1386
f 1389/1389/1389 1388/1388/1388 1386/1386/1386
f 1389/1389/1389 1390/1390/1390 1388/1388/1388
f 1391/1391/1391 1386/1386/1386 1385/1385/1385
f 1386/1386/1386 1391/1391/1391 1392/1392/1392
f 1393/1393/1393 1386/1386/1386 1392/1392/1392
f 1393/1393/1393 1392/1392/1392 1394/1394/1394
f 1394/1394/1394 1395/1395/1395 1393/1393/1393
f 1395/1395/1395 1396/1396/1396 1393/1393/1393
f 1397/1397/1397 1389/1389/1389 1393/1393/1393
f 1396/1396/1396 1397/1397/1397 1393/1393/1393
f 1397/1397/1397 1398/1398/1398 1389/1389/1389
f 1398/1398/1398 1390/1390/1390 1389/1389/1389
f 1390/1390/1390 1399/1399/1399 1388/1388/1388
f 1390/1390/1390 1400/1400/1400 1399/1399/1399
f 1398/1398/1398 1400/1400/1400 1390/1390/1390
f 1401/1401/1401 1400/1400/1400 1398/1398/1398
f 1397/1397/1397 1401/1401/1401 1398/1398/1398
f 1402/1402/1402 1401/1401/1401 1397/1397/1397
f 1403/1403/1403 1395/1395/1395 1394/1394/1394
f 1404/1404/1404 1395/1395/1395 1403/1403/1403
f 1405/1405/1405 1404/1404/1404 1403/1403/1403
f 1405/1405/1405 1406/1406/1406 1404/1404/1404
f 1406/1406/1406 1407/1407/1407 1404/1404/1404
f 1407/1407/1407 1406/1406/1406 1408/1408/1408
f 1407/1407/1407 1408/1408/1408 1409/1409/1409
f 1410/1410/1410 1407/1407/1407 1409/1409/1409
f 1409/1409/1409 1411/1411/1411 1410/1410/1410
f 1411/1411/1411 1409/1409/1409 1412/1412/1412
f 1412/1412/1412 1413/1413/1413 1411/1411/1411
f 1414/1414/1414 1411/1411/1411 1413/1413/1413
f 1414/1414/1414 1415/1415/1415 1411/1411/1411
f 1411/1411/1411 1415/1415/1415 1410/1410/1410
f 1409/1409/1409 1408/1408/1408 1416/1416/1416
f 1417/1417/1417 1409/1409/1409 1416/1416/1416
f 1418/1418/1418 1417/1417/1417 1416/1416/1416
f 1419/1419/1419 1415/1415/1415 1414/1414/1414
f 1419/1419/1419 1420/1420/1420 1415/1415/1415
f 1421/1421/1421 1414/1414/1414 1413/1413/1413
f 1422/1422/1422 1414/1414/1414 1421/1421/1421
f 1422/1422/1422 1419/1419/1419 1414/1414/1414
f 1423/1423/1423 1422/1422/1422 1421/1421/1421
f 1424/1424/1424 1409/1409/1409 1417/1417/1417
f 1425/1425/1425 1424/1424/1424 1417/1417/1417
f 1426/1426/1426 1424/1424/1424 1425/1425/1425
f 1426/1426/1426 1412/1412/1412 1409/1409/1409
f 1424/1424/1424 1426/1426/1426 1409/1409/1409
f 1429/1429/1429 1428/1428/1428 1427/1427/1427
f 1429/1429/1429 1427/1427/1427 1430/1430/1430
f 1431/1431/1431 1427/1427/1427 1428/1428/1428
f 1428/1428/1428 1432/1432/1432 1431/1431/1431
f 1429/1429/1429 1430/1430/1430 1433/1433/1433
f 1430/1430/1430 1434/1434/1434 1433/1433/1433
f 1435/1435/1435 1427/1427/1427 1431/1431/1431
f 1436/1436/1436 1434/1434/1434 1430/1430/1430
f 1437/1437/1437 1436/1436/1436 1430/1430/1430
f 1435/1435/1435 1431/1431/1431 1438/1438/1438
f 1437/1437/1437 1439/1439/1439 1436/1436/1436
f 1440/1440/1440 1435/1435/1435 1438/1438/1438
f 1441/1441/1441 1440/1440/1440 1438/1438/1438
f 1437/1437/1437 1442/1442/1442 1439/1439/1439
f 1442/1442/1442 1435/1435/1435 1440/1440/1440
f 1442/1442/1442 1437/1437/1437 1435/1435/1435
f 1443/1443/1443 1440/1440/1440 1441/1441/1441
f 1444/1444/1444 1443/1443/1443 1441/1441/1441
f 1441/1441/1441 1445/1445/1445 1444/1444/1444
f 1445/1445/1445 1446/1446/1446 1444/1444/1444
f 1447/1447/1447 1443/1443/1443 1444/1444/1444
f 1448/1448/1448 1443/1443/1443 1447/1447/1447
f 1447/1447/1447 1449/1449/1449 1448/1448/1448
f 1449/1449/1449 1447/1447/1447 1450/1450/1450
f 1447/1447/1447 1451/1451/1451 1450/1450/1450
f 1454/1454/1454 1453/1453/1453 1452/1452/1452
f 1455/1455/1455 1454/1454/1454 1452/1452/1452
f 1456/1456/1456 1454/1454/1454 1455/1455/1455
f 1457/1457/1457 1456/1456/1456 1455/1455/1455
f 1456/1456/1456 1457/1457/1457 1458/1458/1458
f 1459/1459/1459 1456/1456/1456 1458/1458/1458
f 1458/1458/1458 1460/1460/1460 1459/1459/1459
f 1460/1460/1460 1461/1461/1461 1459/1459/1459
f 1462/1462/1462 1457/1457/1457 1455/1455/1455
f 1462/1462/1462 1455/1455/1455 1463/1463/1463
f 1462/1462/1462 1464/1464/1464 1457/1457/1457
f 1464/1464/1464 1462/1462/1462 1465/1465/1465
f 1468/1468/1468 1467/1467/1467 1466/1466/1466
f 1469/1469/1469 1468/1468/1468 1466/1466/1466
f 1472/1472/1472 1471/1471/1471 1470/1470/1470
f 1473/1473/1473 1472/1472/1472 1470/1470/1470
f 1476/1476/1476 1475/1475/1475 1474/1474/1474
f 1477/1477/1477 1476/1476/1476 1474/1474/1474
f 1480/1480/1480 1479/1479/1479 1478/1478/1478
f 1481/1481/1481 1480/1480/1480 1478/1478/1478
f 1484/1484/1484 1483/1483/1483 1482/1482/1482
f 1485/1485/1485 1484/1484/1484 1482/1482/1482
f 1488/1488/1488 1487/1487/1487 1486/1486/1486
f 1489/1489/1489 1488/1488/1488 1486/1486/1486
f 1492/1492/1492 1491/1491/1491 1490/1490/1490
f 1493/1493/1493 1492/1492/1492 1490/1490/1490
f 1496/1496/1496 1495/1495/1495 1494/1494/1494
f 1497/1497/1497 1496/1496/1496 1494/1494/1494
f 1498/1498/1498 1496/1496/1496 1497/1497/1497
f 1499/1499/1499 1498/1498/1498 1497/1497/1497
f 1499/1499/1499 1500/1500/1500 1498/1498/1498
f 1500/1500/1500 1501/1501/1501 1498/1498/1498
f 1494/1494/1494 1495/1495/1495 1502/1502/1502
f 1495/1495/1495 1503/1503/1503 1502/1502/1502
f 1506/1506/1506 1505/1505/1505 1504/1504/1504
f 1507/1507/1507 1506/1506/1506 1504/1504/1504
f 1508/1508/1508 1506/1506/1506 1507/1507/1507
f 1509/1509/1509 1508/1508/1508 1507/1507/1507
f 1504/1504/1504 1505/1505/1505 1510/1510/1510
f 1505/1505/1505 1511/1511/1511 1510/1510/1510
f 1512/1512/1512 1508/1508/1508 1509/1509/1509
f 1513/1513/1513 1512/1512/1512 1509/1509/1509
f 1514/1514/1514 1388/1388/1388 1399/1399/1399
f 1517/1517/1517 1516/1516/1516 1515/1515/1515
f 1518/1518/1518 1517/1517/1517 1515/1515/1515
f 1521/1521/1521 1520/1520/1520 1519/1519/1519
f 1522/1522/1522 1521/1521/1521 1519/1519/1519
f 1525/1525/1525 1524/1524/1524 1523/1523/1523
f 1523/1523/1523 1524/1524/1524 1526/1526/1526
f 1526/1526/1526 1524/1524/1524 1527/1527/1527
f 1527/1527/1527 1524/1524/1524 1528/1528/1528
f 1528/1528/1528 1524/1524/1524 1529/1529/1529
f 1529/1529/1529 1524/1524/1524 1530/1530/1530
f 1530/1530/1530 1524/1524/1524 1531/1531/1531
f 1531/1531/1531 1524/1524/1524 1532/1532/1532
f 1524/1524/1524 1525/1525/1525 1533/1533/1533
f 1524/1524/1524 1533/1533/1533 1534/1534/1534
f 1524/1524/1524 1534/1534/1534 1535/1535/1535
f 1524/1524/1524 1536/1536/1536 1532/1532/1532
f 1524/1524/1524 1537/1537/1537 1536/1536/1536
f 1524/1524/1524 1538/1538/1538 1537/1537/1537
f 1524/1524/1524 1539/1539/1539 1538/1538/1538
f 1524/1524/1524 1535/1535/1535 1539/1539/1539
f 1542/1542/1542 1541/1541/1541 1540/1540/1540
f 1540/1540/1540 1541/1541/1541 1386/1386/1386
f 1541/1541/1541 1389/1389/1389 1386/1386/1386
f 1541/1541/1541 1542/1542/1542 1389/1389/1389
f 1542/1542/1542 1393/1393/1393 1389/1389/1389
f 1540/1540/1540 1386/1386/1386 1393/1393/1393
f 1542/1542/1542 1540/1540/1540 1393/1393/1393
f 1545/1545/1545 1544/1544/1544 1543/1543/1543
f 1546/1546/1546 1545/1545/1545 1543/1543/1543
f 1546/1546/1546 1543/1543/1543 1547/1547/1547
f 1548/1548/1548 1546/1546/1546 1547/1547/1547
f 1548/1548/1548 1547/1547/1547 1549/1549/1549
f 1550/1550/1550 1548/1548/1548 1549/1549/1549
f 1550/1550/1550 1549/1549/1549 1551/1551/1551
f 1549/1549/1549 1552/1552/1552 1551/1551/1551
f 1555/1555/1555 1554/1554/1554 1553/1553/1553
f 1556/1556/1556 1555/1555/1555 1553/1553/1553
f 1556/1556/1556 1553/1553/1553 1557/1557/1557
f 1558/1558/1558 1556/1556/1556 1557/1557/1557
f 1559/1559/1559 1558/1558/1558 1557/1557/1557
f 1560/1560/1560 1559/1559/1559 1557/1557/1557
f 1560/1560/1560 1561/1561/1561 1559/1559/1559
f 1561/1561/1561 1562/1562/1562 1559/1559/1559
f 1561/1561/1561 1563/1563/1563 1562/1562/1562
f 1563/1563/1563 1564/1564/1564 1562/1562/1562
f 1563/1563/1563 1565/1565/1565 1564/1564/1564
f 1565/1565/1565 1566/1566/1566 1564/1564/1564
f 1565/1565/1565 1567/1567/1567 1566/1566/1566
f 1567/1567/1567 1568/1568/1568 1566/1566/1566
f 1567/1567/1567 1569/1569/1569 1568/1568/1568
f 1569/1569/1569 1570/1570/1570 1568/1568/1568
f 1569/1569/1569 1571/1571/1571 1570/1570/1570
f 1571/1571/1571 1572/1572/1572 1570/1570/1570
f 1571/1571/1571 1573/1573/1573 1572/1572/1572
f 1573/1573/1573 1574/1574/1574 1572/1572/1572
f 1573/1573/1573 1575/1575/1575 1574/1574/1574
f 1575/1575/1575 1576/1576/1576 1574/1574/1574
f 1579/1579/1579 1578/1578/1578 1577/1577/1577
f 1580/1580/1580 1579/1579/1579 1577/1577/1577
f 1578/1578/1578 1579/1579/1579 1581/1581/1581
f 1581/1581/1581 1579/1579/1579 1582/1582/1582
f 1579/1579/1579 1583/1583/1583 1582/1582/1582
f 1583/1583/1583 1584/1584/1584 1582/1582/1582
f 1584/1584/1584 1585/1585/1585 1582/1582/1582
f 1586/1586/1586 1585/1585/1585 1584/1584/1584
f 1582/1582/1582 1587/1587/1587 1581/1581/1581
f 1587/1587/1587 1582/1582/1582 1588/1588/1588
f 1582/1582/1582 1589/1589/1589 1588/1588/1588
f 1588/1588/1588 1589/1589/1589 1590/1590/1590
f 1591/1591/1591 1590/1590/1590 1589/1589/1589
f 1592/1592/1592 1591/1591/1591 1589/1589/1589
f 1593/1593/1593 1592/1592/1592 1589/1589/1589
f 1585/1585/1585 1593/1593/1593 1589/1589/1589
f 1594/1594/1594 1593/1593/1593 1585/1585/1585
f 1586/1586/1586 1594/1594/1594 1585/1585/1585
f 1595/1595/1595 1586/1586/1586 1584/1584/1584
f 1596/1596/1596 1586/1586/1586 1595/1595/1595
f 1596/1596/1596 1594/1594/1594 1586/1586/1586
f 1596/1596/1596 1597/1597/1597 1594/1594/1594
f 1597/1597/1597 1593/1593/1593 1594/1594/1594
f 1597/1597/1597 1598/1598/1598 1593/1593/1593
f 1591/1591/1591 1599/1599/1599 1590/1590/1590
f 1591/1591/1591 1600/1600/1600 1599/1599/1599
f 1600/1600/1600 1601/1601/1601 1599/1599/1599
f 1602/1602/1602 1601/1601/1601 1600/1600/1600
f 1603/1603/1603 1602/1602/1602 1600/1600/1600
f 1602/1602/1602 1603/1603/1603 1604/1604/1604
f 1604/1604/1604 1603/1603/1603 1605/1605/1605
f 1603/1603/1603 1606/1606/1606 1605/1605/1605
f 1607/1607/1607 1605/1605/1605 1606/1606/1606
f 1605/1605/1605 1607/1607/1607 1608/1608/1608
f 1609/1609/1609 1608/1608/1608 1607/1607/1607
f 1607/1607/1607 1610/1610/1610 1609/1609/1609
f 1611/1611/1611 1610/1610/1610 1607/1607/1607
f 1611/1611/1611 1607/1607/1607 1606/1606/1606
f 1604/1604/1604 1605/1605/1605 1612/1612/1612
f 1605/1605/1605 1613/1613/1613 1612/1612/1612
f 1613/1613/1613 1614/1614/1614 1612/1612/1612
f 1611/1611/1611 1615/1615/1615 1610/1610/1610
f 1616/1616/1616 1615/1615/1615 1611/1611/1611
f 1610/1610/1610 1617/1617/1617 1609/1609/1609
f 1610/1610/1610 1618/1618/1618 1617/1617/1617
f 1615/1615/1615 1618/1618/1618 1610/1610/1610
f 1618/1618/1618 1619/1619/1619 1617/1617/1617
f 1605/1605/1605 1620/1620/1620 1613/1613/1613
f 1620/1620/1620 1621/1621/1621 1613/1613/1613
f 1620/1620/1620 1622/1622/1622 1621/1621/1621
f 1622/1622/1622 1620/1620/1620 1605/1605/1605
f 1608/1608/1608 1622/1622/1622 1605/1605/1605
f 1625/1625/1625 1624/1624/1624 1623/1623/1623
f 1623/1623/1623 1624/1624/1624 1626/1626/1626
f 1623/1623/1623 1627/1627/1627 1625/1625/1625
f 1628/1628/1628 1625/1625/1625 1627/1627/1627
f 1626/1626/1626 1624/1624/1624 1629/1629/1629
f 1630/1630/1630 1626/1626/1626 1629/1629/1629
f 1623/1623/1623 1631/1631/1631 1627/1627/1627
f 1630/1630/1630 1632/1632/1632 1626/1626/1626
f 1632/1632/1632 1633/1633/1633 1626/1626/1626
f 1627/1627/1627 1631/1631/1631 1634/1634/1634
f 1635/1635/1635 1633/1633/1633 1632/1632/1632
f 1631/1631/1631 1636/1636/1636 1634/1634/1634
f 1636/1636/1636 1637/1637/1637 1634/1634/1634
f 1638/1638/1638 1633/1633/1633 1635/1635/1635
f 1631/1631/1631 1638/1638/1638 1636/1636/1636
f 1633/1633/1633 1638/1638/1638 1631/1631/1631
f 1636/1636/1636 1639/1639/1639 1637/1637/1637
f 1639/1639/1639 1640/1640/1640 1637/1637/1637
f 1641/1641/1641 1637/1637/1637 1640/1640/1640
f 1642/1642/1642 1641/1641/1641 1640/1640/1640
f 1639/1639/1639 1643/1643/1643 1640/1640/1640
f 1639/1639/1639 1644/1644/1644 1643/1643/1643
f 1645/1645/1645 1643/1643/1643 1644/1644/1644
f 1643/1643/1643 1645/1645/1645 1646/1646/1646
f 1647/1647/1647 1643/1643/1643 1646/1646/1646
f 1650/1650/1650 1649/1649/1649 1648/1648/1648
f 1651/1651/1651 1650/1650/1650 1648/1648/1648
f 1650/1650/1650 1652/1652/1652 1649/1649/1649
f 1652/1652/1652 1653/1653/1653 1649/1649/1649
f 1653/1653/1653 1652/1652/1652 1654/1654/1654
f 1652/1652/1652 1655/1655/1655 1654/1654/1654
f 1656/1656/1656 1654/1654/1654 1655/1655/1655
f 1657/1657/1657 1656/1656/1656 1655/1655/1655
f 1653/1653/1653 1658/1658/1658 1649/1649/1649
f 1649/1649/1649 1658/1658/1658 1659/1659/1659
f 1660/1660/1660 1658/1658/1658 1653/1653/1653
f 1658/1658/1658 1660/1660/1660 1661/1661/1661
f 1664/1664/1664 1663/1663/1663 1662/1662/1662
f 1665/1665/1665 1664/1664/1664 1662/1662/1662
f 1668/1668/1668 1667/1667/1667 1666/1666/1666
f 1669/1669/1669 1668/1668/1668 1666/1666/1666
f 1672/1672/1672 1671/1671/1671 1670/1670/1670
f 1673/1673/1673 1672/1672/1672 1670/1670/1670
f 1676/1676/1676 1675/1675/1675 1674/1674/1674
f 1677/1677/1677 1676/1676/1676 1674/1674/1674
f 1680/1680/1680 1679/1679/1679 1678/1678/1678
f 1681/1681/1681 1680/1680/1680 1678/1678/1678
f 1684/1684/1684 1683/1683/1683 1682/1682/1682
f 1685/1685/1685 1684/1684/1684 1682/1682/1682
f 1688/1688/1688 1687/1687/1687 1686/1686/1686
f 1689/1689/1689 1688/1688/1688 1686/1686/1686
f 1692/1692/1692 1691/1691/1691 1690/1690/1690
f 1693/1693/1693 1692/1692/1692 1690/1690/1690
f 1692/1692/1692 1694/1694/1694 1691/1691/1691
f 1694/1694/1694 1695/1695/1695 1691/1691/1691
f 1696/1696/1696 1695/1695/1695 1694/1694/1694
f 1697/1697/1697 1696/1696/1696 1694/1694/1694
f 1693/1693/1693 1690/1690/1690 1698/1698/1698
f 1699/1699/1699 1693/1693/1693 1698/1698/1698
f 1702/1702/1702 1701/1701/1701 1700/1700/1700
f 1703/1703/1703 1702/1702/1702 1700/1700/1700
f 1702/1702/1702 1704/1704/1704 1701/1701/1701
f 1704/1704/1704 1705/1705/1705 1701/1701/1701
f 1703/1703/1703 1700/1700/1700 1706/1706/1706
f 1707/1707/1707 1703/1703/1703 1706/1706/1706
f 1704/1704/1704 1708/1708/1708 1705/1705/1705
f 1708/1708/1708 1709/1709/1709 1705/1705/1705
f 1584/1584/1584 1710/1710/1710 1595/1595/1595
f 1713/1713/1713 1712/1712/1712 1711/1711/1711
f 1714/1714/1714 1713/1713/1713 1711/1711/1711
f 1717/1717/1717 1716/1716/1716 1715/1715/1715
f 1718/1718/1718 1717/1717/1717 1715/1715/1715
f 1721/1721/1721 1720/1720/1720 1719/1719/1719
f 1721/1721/1721 1719/1719/1719 1582/1582/1582
f 1585/1585/1585 1721/1721/1721 1582/1582/1582
f 1720/1720/1720 1721/1721/1721 1585/1585/1585
f 1589/1589/1589 1720/1720/1720 1585/1585/1585
f 1719/1719/1719 1720/1720/1720 1589/1589/1589
f 1582/1582/1582 1719/1719/1719 1589/1589/1589
f 1724/1724/1724 1723/1723/1723 1722/1722/1722
f 1725/1725/1725 1724/1724/1724 1722/1722/1722
f 1722/1722/1722 1723/1723/1723 1726/1726/1726
f 1723/1723/1723 1727/1727/1727 1726/1726/1726
f 1726/1726/1726 1727/1727/1727 1728/1728/1728
f 1727/1727/1727 1729/1729/1729 1728/1728/1728
f 1728/1728/1728 1729/1729/1729 1730/1730/1730
f 1731/1731/1731 1728/1728/1728 1730/1730/1730
f 1734/1734/1734 1733/1733/1733 1732/1732/1732
f 1735/1735/1735 1734/1734/1734 1732/1732/1732
f 1732/1732/1732 1733/1733/1733 1736/1736/1736
f 1733/1733/1733 1737/1737/1737 1736/1736/1736
f 1737/1737/1737 1738/1738/1738 1736/1736/1736
f 1738/1738/1738 1739/1739/1739 1736/1736/1736
f 1740/1740/1740 1739/1739/1739 1738/1738/1738
f 1741/1741/1741 1740/1740/1740 1738/1738/1738
f 1742/1742/1742 1740/1740/1740 1741/1741/1741
f 1743/1743/1743 1742/1742/1742 1741/1741/1741
f 1744/1744/1744 1742/1742/1742 1743/1743/1743
f 1745/1745/1745 1744/1744/1744 1743/1743/1743
f 1746/1746/1746 1744/1744/1744 1745/1745/1745
f 1747/1747/1747 1746/1746/1746 1745/1745/1745
f 1748/1748/1748 1746/1746/1746 1747/1747/1747
f 1749/1749/1749 1748/1748/1748 1747/1747/1747
f 1750/1750/1750 1748/1748/1748 1749/1749/1749
f 1751/1751/1751 1750/1750/1750 1749/1749/1749
f 1752/1752/1752 1750/1750/1750 1751/1751/1751
f 1753/1753/1753 1752/1752/1752 1751/1751/1751
f 1754/1754/1754 1752/1752/1752 1753/1753/1753
f 1755/1755/1755 1754/1754/1754 1753/1753/1753
f 1758/1758/1758 1757/1757/1757 1756/1756/1756
f 1759/1759/1759 1758/1758/1758 1756/1756/1756
f 1758/1758/1758 1759/1759/1759 1760/1760/1760
f 1758/1758/1758 1760/1760/1760 1761/1761/1761
f 1762/1762/1762 1758/1758/1758 1761/1761/1761
f 1763/1763/1763 1762/1762/1762 1761/1761/1761
f 1764/1764/1764 1763/1763/1763 1761/1761/1761
f 1764/1764/1764 1765/1765/1765 1763/1763/1763
f 1766/1766/1766 1761/1761/1761 1760/1760/1760
f 1761/1761/1761 1766/1766/1766 1767/1767/1767
f 1768/1768/1768 1761/1761/1761 1767/1767/1767
f 1768/1768/1768 1767/1767/1767 1769/1769/1769
f 1769/1769/1769 1770/1770/1770 1768/1768/1768
f 1770/1770/1770 1771/1771/1771 1768/1768/1768
f 1772/1772/1772 1764/1764/1764 1768/1768/1768
f 1771/1771/1771 1772/1772/1772 1768/1768/1768
f 1772/1772/1772 1773/1773/1773 1764/1764/1764
f 1773/1773/1773 1765/1765/1765 1764/1764/1764
f 1765/1765/1765 1774/1774/1774 1763/1763/1763
f 1765/1765/1765 1775/1775/1775 1774/1774/1774
f 1773/1773/1773 1775/1775/1775 1765/1765/1765
f 1776/1776/1776 1775/1775/1775 1773/1773/1773
f 1772/1772/1772 1776/1776/1776 1773/1773/1773
f 1777/1777/1777 1776/1776/1776 1772/1772/1772
f 1778/1778/1778 1770/1770/1770 1769/1769/1769
f 1779/1779/1779 1770/1770/1770 1778/1778/1778
f 1780/1780/1780 1779/1779/1779 1778/1778/1778
f 1780/1780/1780 1781/1781/1781 1779/1779/1779
f 1781/1781/1781 1782/1782/1782 1779/1779/1779
f 1782/1782/1782 1781/1781/1781 1783/1783/1783
f 1782/1782/1782 1783/1783/1783 1784/1784/1784
f 1785/1785/1785 1782/1782/1782 1784/1784/1784
f 1784/1784/1784 1786/1786/1786 1785/1785/1785
f 1786/1786/1786 1784/1784/1784 1787/1787/1787
f 1787/1787/1787 1788/1788/1788 1786/1786/1786
f 1789/1789/1789 1786/1786/1786 1788/1788/1788
f 1789/1789/1789 1790/1790/1790 1786/1786/1786
f 1786/1786/1786 1790/1790/1790 1785/1785/1785
f 1784/1784/1784 1783/1783/1783 1791/1791/1791
f 1792/1792/1792 1784/1784/1784 1791/1791/1791
f 1793/1793/1793 1792/1792/1792 1791/1791/1791
f 1794/1794/1794 1790/1790/1790 1789/1789/1789
f 1794/1794/1794 1795/1795/1795 1790/1790/1790
f 1796/1796/1796 1789/1789/1789 1788/1788/1788
f 1797/1797/1797 1789/1789/1789 1796/1796/1796
f 1797/1797/1797 1794/1794/1794 1789/1789/1789
f 1798/1798/1798 1797/1797/1797 1796/1796/1796
f 1799/1799/1799 1784/1784/1784 1792/1792/1792
f 1800/1800/1800 1799/1799/1799 1792/1792/1792
f 1801/1801/1801 1799/1799/1799 1800/1800/1800
f 1801/1801/1801 1787/1787/1787 1784/1784/1784
f 1799/1799/1799 1801/1801/1801 1784/1784/1784
f 1804/1804/1804 1803/1803/1803 1802/1802/1802
f 1804/1804/1804 1802/1802/1802 1805/1805/1805
f 1806/1806/1806 1802/1802/1802 1803/1803/1803
f 1803/1803/1803 1807/1807/1807 1806/1806/1806
f 1804/1804/1804 1805/1805/1805 1808/1808/1808
f 1805/1805/1805 1809/1809/1809 1808/1808/1808
f 1810/1810/1810 1802/1802/1802 1806/1806/1806
f 1811/1811/1811 1809/1809/1809 1805/1805/1805
f 1812/1812/1812 1811/1811/1811 1805/1805/1805
f 1810/1810/1810 1806/1806/1806 1813/1813/1813
f 1812/1812/1812 1814/1814/1814 1811/1811/1811
f 1815/1815/1815 1810/1810/1810 1813/1813/1813
f 1816/1816/1816 1815/1815/1815 1813/1813/1813
f 1812/1812/1812 1817/1817/1817 1814/1814/1814
f 1817/1817/1817 1810/1810/1810 1815/1815/1815
f 1817/1817/1817 1812/1812/1812 1810/1810/1810
f 1818/1818/1818 1815/1815/1815 1816/1816/1816
f 1819/1819/1819 1818/1818/1818 1816/1816/1816
f 1816/1816/1816 1820/1820/1820 1819/1819/1819
f 1820/1820/1820 1821/1821/1821 1819/1819/1819
f 1822/1822/1822 1818/1818/1818 1819/1819/1819
f 1823/1823/1823 1818/1818/1818 1822/1822/1822
f 1822/1822/1822 1824/1824/1824 1823/1823/1823
f 1824/1824/1824 1822/1822/1822 1825/1825/1825
f 1822/1822/1822 1826/1826/1826 1825/1825/1825
f 1829/1829/1829 1828/1828/1828 1827/1827/1827
f 1830/1830/1830 1829/1829/1829 1827/1827/1827
f 1831/1831/1831 1829/1829/1829 1830/1830/1830
f 1832/1832/1832 1831/1831/1831 1830/1830/1830
f 1831/1831/1831 1832/1832/1832 1833/1833/1833
f 1834/1834/1834 1831/1831/1831 1833/1833/1833
f 1833/1833/1833 1835/1835/1835 1834/1834/1834
f 1835/1835/1835 1836/1836/1836 1834/1834/1834
f 1837/1837/1837 1832/1832/1832 1830/1830/1830
f 1837/1837/1837 1830/1830/1830 1838/1838/1838
f 1837/1837/1837 1839/1839/1839 1832/1832/1832
f 1839/1839/1839 1837/1837/1837 1840/1840/1840
f 1843/1843/1843 1842/1842/1842 1841/1841/1841
f 1844/1844/1844 1843/1843/1843 1841/1841/1841
f 1847/1847/1847 1846/1846/1846 1845/1845/1845
f 1848/1848/1848 1847/1847/1847 1845/1845/1845
f 1851/1851/1851 1850/1850/1850 1849/1849/1849
f 1852/1852/1852 1851/1851/1851 1849/1849/1849
f 1855/1855/1855 1854/1854/1854 1853/1853/1853
f 1856/1856/1856 1855/1855/1855 1853/1853/1853
f 1859/1859/1859 1858/1858/1858 1857/1857/1857
f 1860/1860/1860 1859/1859/1859 1857/1857/1857
f 1863/1863/1863 1862/1862/1862 1861/1861/1861
f 1864/1864/1864 1863/1863/1863 1861/1861/1861
f 1867/1867/1867 1866/1866/1866 1865/1865/1865
f 1868/1868/1868 1867/1867/1867 1865/1865/1865
f 1871/1871/1871 1870/1870/1870 1869/1869/1869
f 1872/1872/1872 1871/1871/1871 1869/1869/1869
f 1873/1873/1873 1871/1871/1871 1872/1872/1872
f 1874/1874/1874 1873/1873/1873 1872/1872/1872
f 1874/1874/1874 1875/1875/1875 1873/1873/1873
f 1875/1875/1875 1876/1876/1876 1873/1873/1873
f 1869/1869/1869 1870/1870/1870 1877/1877/1877
f 1870/1870/1870 1878/1878/1878 1877/1877/1877
f 1881/1881/1881 1880/1880/1880 1879/1879/1879
f 1882/1882/1882 1881/1881/1881 1879/1879/1879
f 1883/1883/1883 1881/1881/1881 1882/1882/1882
f 1884/1884/1884 1883/1883/1883 1882/1882/1882
f 1879/1879/1879 1880/1880/1880 1885/1885/1885
f 1880/1880/1880 1886/1886/1886 1885/1885/1885
f 1887/1887/1887 1883/1883/1883 1884/1884/1884
f 1888/1888/1888 1887/1887/1887 1884/1884/1884
f 1889/1889/1889 1763/1763/1763 1774/1774/1774
f 1892/1892/1892 1891/1891/1891 1890/1890/1890
f 1893/1893/1893 1892/1892/1892 1890/1890/1890
f 1896/1896/1896 1895/1895/1895 1894/1894/1894
f 1897/1897/1897 1896/1896/1896 1894/1894/1894
f 1900/1900/1900 1899/1899/1899 1898/1898/1898
f 1898/1898/1898 1899/1899/1899 1901/1901/1901
f 1901/1901/1901 1899/1899/1899 1902/1902/1902
f 1902/1902/1902 1899/1899/1899 1903/1903/1903
f 1903/1903/1903 1899/1899/1899 1904/1904/1904
f 1904/1904/1904 1899/1899/1899 1905/1905/1905
f 1905/1905/1905 1899/1899/1899 1906/1906/1906
f 1906/1906/1906 1899/1899/1899 1907/1907/1907
f 1899/1899/1899 1900/1900/1900 1908/1908/1908
f 1899/1899/1899 1908/1908/1908 1909/1909/1909
f 1899/1899/1899 1909/1909/1909 1910/1910/1910
f 1899/1899/1899 1911/1911/1911 1907/1907/1907
f 1899/1899/1899 1912/1912/1912 1911/1911/1911
f 1899/1899/1899 1913/1913/1913 1912/1912/1912
f 1899/1899/1899 1914/1914/1914 1913/1913/1913
f 1899/1899/1899 1910/1910/1910 1914/1914/1914
f 1917/1917/1917 1916/1916/1916 1915/1915/1915
f 1915/1915/1915 1916/1916/1916 1761/1761/1761
f 1916/1916/1916 1764/1764/1764 1761/1761/1761
f 1916/1916/1916 1917/1917/1917 1764/1764/1764
f 1917/1917/1917 1768/1768/1768 1764/1764/1764
f 1915/1915/1915 1761/1761/1761 1768/1768/1768
f 1917/1917/1917 1915/1915/1915 1768/1768/1768
f 1920/1920/1920 1919/1919/1919 1918/1918/1918
f 1921/1921/1921 1920/1920/1920 1918/1918/1918
f 1921/1921/1921 1918/1918/1918 1922/1922/1922
f 1923/1923/1923 1921/1921/1921 1922/1922/1922
f 1923/1923/1923 1922/1922/1922 1924/1924/1924
f 1925/1925/1925 1923/1923/1923 1924/1924/1924
f 1925/1925/1925 1924/1924/1924 1926/1926/1926
f 1924/1924/1924 1927/1927/1927 1926/1926/1926
f 1930/1930/1930 1929/1929/1929 1928/1928/1928
f 1931/1931/1931 1930/1930/1930 1928/1928/1928
f 1931/1931/1931 1928/1928/1928 1932/1932/1932
f 1933/1933/1933 1931/1931/1931 1932/1932/1932
f 1934/1934/1934 1933/1933/1933 1932/1932/1932
f 1935/1935/1935 1934/1934/1934 1932/1932/1932
f 1935/1935/1935 1936/1936/1936 1934/1934/1934
f 1936/1936/1936 1937/1937/1937 1934/1934/1934
f 1936/1936/1936 1938/1938/1938 1937/1937/1937
f 1938/1938/1938 1939/1939/1939 1937/1937/1937
f 1938/1938/1938 1940/1940/1940 1939/1939/1939
f 1940/1940/1940 1941/1941/1941 1939/1939/1939
f 1940/1940/1940 1942/1942/1942 1941/1941/1941
f 1942/1942/1942 1943/1943/1943 1941/1941/1941
f 1942/1942/1942 1944/1944/1944 1943/1943/1943
f 1944/1944/1944 1945/1945/1945 1943/1943/1943
f 1944/1944/1944 1946/1946/1946 1945/1945/1945
f 1946/1946/1946 1947/1947/1947 1945/1945/1945
f 1946/1946/1946 1948/1948/1948 1947/1947/1947
f 1948/1948/1948 1949/1949/1949 1947/1947/1947
f 1948/1948/1948 1950/1950/1950 1949/1949/1949
f 1950/1950/1950 1951/1951/1951 1949/1949/1949
f 1954/1954/1954 1953/1953/1953 1952/1952/1952
f 1955/1955/1955 1954/1954/1954 1952/1952/1952
f 1953/1953/1953 1954/1954/1954 1956/1956/1956
f 1956/1956/1956 1954/1954/1954 1957/1957/1957
f 1954/1954/1954 1958/1958/1958 1957/1957/1957
f 1958/1958/1958 1959/1959/1959 1957/1957/1957
f 1959/1959/1959 1960/1960/1960 1957/1957/1957
f 1961/1961/1961 1960/1960/1960 1959/1959/1959
f 1957/1957/1957 1962/1962/1962 1956/1956/1956
f 1962/1962/1962 1957/1957/1957 1963/1963/1963
f 1957/1957/1957 1964/1964/1964 1963/1963/1963
f 1963/1963/1963 1964/1964/1964 1965/1965/1965
f 1966/1966/1966 1965/1965/1965 1964/1964/1964
f 1967/1967/1967 1966/1966/1966 1964/1964/1964
f 1968/1968/1968 1967/1967/1967 1964/1964/1964
f 1960/1960/1960 1968/1968/1968 1964/1964/1964
f 1969/1969/1969 1968/1968/1968 1960/1960/1960
f 1961/1961/1961 1969/1969/1969 1960/1960/1960
f 1970/1970/1970 1961/1961/1961 1959/1959/1959
f 1971/1971/1971 1961/1961/1961 1970/1970/1970
f 1971/1971/1971 1969/1969/1969 1961/1961/1961
f 1971/1971/1971 1972/1972/1972 1969/1969/1969
f 1972/1972/1972 1968/1968/1968 1969/1969/1969
f 1972/1972/1972 1973/1973/1973 1968/1968/1968
f 1966/1966/1966 1974/1974/1974 1965/1965/1965
f 1966/1966/1966 1975/1975/1975 1974/1974/1974
f 1975/1975/1975 1976/1976/1976 1974/1974/1974
f 1977/1977/1977 1976/1976/1976 1975/1975/1975
f 1978/1978/1978 1977/1977/1977 1975/1975/1975
f 1977/1977/1977 1978/1978/1978 1979/1979/1979
f 1979/1979/1979 1978/1978/1978 1980/1980/1980
f 1978/1978/1978 1981/1981/1981 1980/1980/1980
f 1982/1982/1982 1980/1980/1980 1981/1981/1981
f 1980/1980/1980 1982/1982/1982 1983/1983/1983
f 1984/1984/1984 1983/1983/1983 1982/1982/1982
f 1982/1982/1982 1985/1985/1985 1984/1984/1984
f 1986/1986/1986 1985/1985/1985 1982/1982/1982
f 1986/1986/1986 1982/1982/1982 1981/1981/1981
f 1979/1979/1979 1980/1980/1980 1987/1987/1987
f 1980/1980/1980 1988/1988/1988 1987/1987/1987
f 1988/1988/1988 1989/1989/1989 1987/1987/1987
f 1986/1986/1986 1990/1990/1990 1985/1985/1985
f 1991/1991/1991 1990/1990/1990 1986/1986/1986
f 1985/1985/1985 1992/1992/1992 1984/1984/1984
f 1985/1985/1985 1993/1993/1993 1992/1992/1992
f 1990/1990/1990 1993/1993/1993 1985/1985/1985
f 1993/1993/1993 1994/1994/1994 1992/1992/1992
f 1980/1980/1980 1995/1995/1995 1988/1988/1988
f 1995/1995/1995 1996/1996/1996 1988/1988/1988
f 1995/1995/1995 1997/1997/1997 1996/1996/1996
f 1997/1997/1997 1995/1995/1995 1980/1980/1980
f 1983/1983/1983 1997/1997/1997 1980/1980/1980
f 2000/2000/2000 1999/1999/1999 1998/1998/1998
f 1998/1998/1998 2001/2001/2001 2000/2000/2000
f 1998/1998/1998 2002/2002/2002 2001/2001/2001
f 1998/1998/1998 2003/2003/2003 2002/2002/2002
f 2003/2003/2003 1998/1998/1998 2004/2004/2004
f 2004/2004/2004 1998/1998/1998 2005/2005/2005
f 2005/2005/2005 1998/1998/1998 2006/2006/2006
f 2007/2007/2007 2006/2006/2006 1998/1998/1998
f 2009/2009/2009 2008/2008/2008 1998/1998/1998
f 2010/2010/2010 1998/1998/1998 2008/2008/2008
f 2011/2011/2011 1998/1998/1998 2010/2010/2010
f 2012/2012/2012 1998/1998/1998 2011/2011/2011
f 1998/1998/1998 2012/2012/2012 2013/2013/2013
f 1998/1998/1998 2013/2013/2013 2014/2014/2014
f 1998/1998/1998 2014/2014/2014 2015/2015/2015
f 2015/2015/2015 2016/2016/2016 1998/1998/1998
f 2019/2019/2019 2018/2018/2018 2017/2017/2017
f 2017/2017/2017 2018/2018/2018 2020/2020/2020
f 2017/2017/2017 2021/2021/2021 2019/2019/2019
f 2022/2022/2022 2019/2019/2019 2021/2021/2021
f 2020/2020/2020 2018/2018/2018 2023/2023/2023
f 2024/2024/2024 2020/2020/2020 2023/2023/2023
f 2017/2017/2017 2025/2025/2025 2021/2021/2021
f 2024/2024/2024 2026/2026/2026 2020/2020/2020
f 2026/2026/2026 2027/2027/2027 2020/2020/2020
f 2021/2021/2021 2025/2025/2025 2028/2028/2028
f 2029/2029/2029 2027/2027/2027 2026/2026/2026
f 2025/2025/2025 2030/2030/2030 2028/2028/2028
f 2030/2030/2030 2031/2031/2031 2028/2028/2028
f 2032/2032/2032 2027/2027/2027 2029/2029/2029
f 2025/2025/2025 2032/2032/2032 2030/2030/2030
f 2027/2027/2027 2032/2032/2032 2025/2025/2025
f 2030/2030/2030 2033/2033/2033 2031/2031/2031
f 2033/2033/2033 2034/2034/2034 2031/2031/2031
f 2035/2035/2035 2031/2031/2031 2034/2034/2034
f 2036/2036/2036 2035/2035/2035 2034/2034/2034
f 2033/2033/2033 2037/2037/2037 2034/2034/2034
f 2033/2033/2033 2038/2038/2038 2037/2037/2037
f 2039/2039/2039 2037/2037/2037 2038/2038/2038
f 2037/2037/2037 2039/2039/2039 2040/2040/2040
f 2041/2041/2041 2037/2037/2037 2040/2040/2040
f 2044/2044/2044 2043/2043/2043 2042/2042/2042
f 2045/2045/2045 2044/2044/2044 2042/2042/2042
f 2044/2044/2044 2046/2046/2046 2043/2043/2043
f 2046/2046/2046 2047/2047/2047 2043/2043/2043
f 2047/2047/2047 2046/2046/2046 2048/2048/2048
f 2046/2046/2046 2049/2049/2049 2048/2048/2048
f 2050/2050/2050 2048/2048/2048 2049/2049/2049
f 2051/2051/2051 2050/2050/2050 2049/2049/2049
f 2047/2047/2047 2052/2052/2052 2043/2043/2043
f 2043/2043/2043 2052/2052/2052 2053/2053/2053
f 2054/2054/2054 2052/2052/2052 2047/2047/2047
f 2052/2052/2052 2054/2054/2054 2055/2055/2055
f 2058/2058/2058 2057/2057/2057 2056/2056/2056
f 2059/2059/2059 2058/2058/2058 2056/2056/2056
f 2062/2062/2062 2061/2061/2061 2060/2060/2060
f 2063/2063/2063 2062/2062/2062 2060/2060/2060
f 2066/2066/2066 2065/2065/2065 2064/2064/2064
f 2067/2067/2067 2066/2066/2066 2064/2064/2064
f 2070/2070/2070 2069/2069/2069 2068/2068/2068
f 2071/2071/2071 2070/2070/2070 2068/2068/2068
f 2074/2074/2074 2073/2073/2073 2072/2072/2072
f 2075/2075/2075 2074/2074/2074 2072/2072/2072
f 2078/2078/2078 2077/2077/2077 2076/2076/2076
f 2079/2079/2079 2078/2078/2078 2076/2076/2076
f 2082/2082/2082 2081/2081/2081 2080/2080/2080
f 2083/2083/2083 2082/2082/2082 2080/2080/2080
f 2086/2086/2086 2085/2085/2085 2084/2084/2084
f 2087/2087/2087 2086/2086/2086 2084/2084/2084
f 2086/2086/2086 2088/2088/2088 2085/2085/2085
f 2088/2088/2088 2089/2089/2089 2085/2085/2085
f 2090/2090/2090 2089/2089/2089 2088/2088/2088
f 2091/2091/2091 2090/2090/2090 2088/2088/2088
f 2087/2087/2087 2084/2084/2084 2092/2092/2092
f 2093/2093/2093 2087/2087/2087 2092/2092/2092
f 2096/2096/2096 2095/2095/2095 2094/2094/2094
f 2097/2097/2097 2096/2096/2096 2094/2094/2094
f 2096/2096/2096 2098/2098/2098 2095/2095/2095
f 2098/2098/2098 2099/2099/2099 2095/2095/2095
f 2097/2097/2097 2094/2094/2094 2100/2100/2100
f 2101/2101/2101 2097/2097/2097 2100/2100/2100
f 2098/2098/2098 2102/2102/2102 2099/2099/2099
f 2102/2102/2102 2103/2103/2103 2099/2099/2099
f 1959/1959/1959 2104/2104/2104 1970/1970/1970
f 2107/2107/2107 2106/2106/2106 2105/2105/2105
f 2108/2108/2108 2107/2107/2107 2105/2105/2105
f 2111/2111/2111 2110/2110/2110 2109/2109/2109
f 2112/2112/2112 2111/2111/2111 2109/2109/2109
f 2115/2115/2115 2114/2114/2114 2113/2113/2113
f 2115/2115/2115 2113/2113/2113 1957/1957/1957
f 1960/1960/1960 2115/2115/2115 1957/1957/1957
f 2114/2114/2114 2115/2115/2115 1960/1960/1960
f 1964/1964/1964 2114/2114/2114 1960/1960/1960
f 2113/2113/2113 2114/2114/2114 1964/1964/1964
f 1957/1957/1957 2113/2113/2113 1964/1964/1964
f 2118/2118/2118 2117/2117/2117 2116/2116/2116
f 2119/2119/2119 2118/2118/2118 2116/2116/2116
f 2116/2116/2116 2117/2117/2117 2120/2120/2120
f 2117/2117/2117 2121/2121/2121 2120/2120/2120
f 2120/2120/2120 2121/2121/2121 2122/2122/2122
f 2121/2121/2121 2123/2123/2123 2122/2122/2122
f 2122/2122/2122 2123/2123/2123 2124/2124/2124
f 2125/2125/2125 2122/2122/2122 2124/2124/2124
f 2128/2128/2128 2127/2127/2127 2126/2126/2126
f 2129/2129/2129 2128/2128/2128 2126/2126/2126
f 2126/2126/2126 2127/2127/2127 2130/2130/2130
f 2127/2127/2127 2131/2131/2131 2130/2130/2130
f 2131/2131/2131 2132/2132/2132 2130/2130/2130
f 2132/2132/2132 2133/2133/2133 2130/2130/2130
f 2134/2134/2134 2133/2133/2133 2132/2132/2132
f 2135/2135/2135 2134/2134/2134 2132/2132/2132
f 2136/2136/2136 2134/2134/2134 2135/2135/2135
f 2137/2137/2137 2136/2136/2136 2135/2135/2135
f 2138/2138/2138 2136/2136/2136 2137/2137/2137
f 2139/2139/2139 2138/2138/2138 2137/2137/2137
f 2140/2140/2140 2138/2138/2138 2139/2139/2139
f 2141/2141/2141 2140/2140/2140 2139/2139/2139
f 2142/2142/2142 2140/2140/2140 2141/2141/2141
f 2143/2143/2143 2142/2142/2142 2141/2141/2141
f 2144/2144/2144 2142/2142/2142 2143/2143/2143
f 2145/2145/2145 2144/2144/2144 2143/2143/2143
f 2146/2146/2146 2144/2144/2144 2145/2145/2145
f 2147/2147/2147 2146/2146/2146 2145/2145/2145
f 2148/2148/2148 2146/2146/2146 2147/2147/2147
f 2149/2149/2149 2148/2148/2148 2147/2147/2147
f 2152/2152/2152 2151/2151/2151 2150/2150/2150
f 2153/2153/2153 2152/2152/2152 2150/2150/2150
f 2152/2152/2152 2153/2153/2153 2154/2154/2154
f 2152/2152/2152 2154/2154/2154 2155/2155/2155
f 2156/2156/2156 2152/2152/2152 2155/2155/2155
f 2157/2157/2157 2156/2156/2156 2155/2155/2155
f 2158/2158/2158 2157/2157/2157 2155/2155/2155
f 2158/2158/2158 2159/2159/2159 2157/2157/2157
f 2160/2160/2160 2155/2155/2155 2154/2154/2154
f 2155/2155/2155 2160/2160/2160 2161/2161/2161
f 2162/2162/2162 2155/2155/2155 2161/2161/2161
f 2162/2162/2162 2161/2161/2161 2163/2163/2163
f 2163/2163/2163 2164/2164/2164 2162/2162/2162
f 2164/2164/2164 2165/2165/2165 2162/2162/2162
f 2166/2166/2166 2158/2158/2158 2162/2162/2162
f 2165/2165/2165 2166/2166/2166 2162/2162/2162
f 2166/2166/2166 2167/2167/2167 2158/2158/2158
f 2167/2167/2167 2159/2159/2159 2158/2158/2158
f 2159/2159/2159 2168/2168/2168 2157/2157/2157
f 2159/2159/2159 2169/2169/2169 2168/2168/2168
f 2167/2167/2167 2169/2169/2169 2159/2159/2159
f 2170/2170/2170 2169/2169/2169 2167/2167/2167
f 2166/2166/2166 2170/2170/2170 2167/2167/2167
f 2171/2171/2171 2170/2170/2170 2166/2166/2166
f 2172/2172/2172 2164/2164/2164 2163/2163/2163
f 2173/2173/2173 2164/2164/2164 2172/2172/2172
f 2174/2174/2174 2173/2173/2173 2172/2172/2172
f 2174/2174/2174 2175/2175/2175 2173/2173/2173
f 2175/2175/2175 2176/2176/2176 2173/2173/2173
f 2176/2176/2176 2175/2175/2175 2177/2177/2177
f 2176/2176/2176 2177/2177/2177 2178/2178/2178
f 2179/2179/2179 2176/2176/2176 2178/2178/2178
f 2178/2178/2178 2180/2180/2180 2179/2179/2179
f 2180/2180/2180 2178/2178/2178 2181/2181/2181
f 2181/2181/2181 2182/2182/2182 2180/2180/2180
f 2183/2183/2183 2180/2180/2180 2182/2182/2182
f 2183/2183/2183 2184/2184/2184 2180/2180/2180
f 2180/2180/2180 2184/2184/2184 2179/2179/2179
f 2178/2178/2178 2177/2177/2177 2185/2185/2185
f 2186/2186/2186 2178/2178/2178 2185/2185/2185
f 2187/2187/2187 2186/2186/2186 2185/2185/2185
f 2188/2188/2188 2184/2184/2184 2183/2183/2183
f 2188/2188/2188 2189/2189/2189 2184/2184/2184
f 2190/2190/2190 2183/2183/2183 2182/2182/2182
f 2191/2191/2191 2183/2183/2183 2190/2190/2190
f 2191/2191/2191 2188/2188/2188 2183/2183/2183
f 2192/2192/2192 2191/2191/2191 2190/2190/2190
f 2193/2193/2193 2178/2178/2178 2186/2186/2186
f 2194/2194/2194 2193/2193/2193 2186/2186/2186
f 2195/2195/2195 2193/2193/2193 2194/2194/2194
f 2195/2195/2195 2181/2181/2181 2178/2178/2178
f 2193/2193/2193 2195/2195/2195 2178/2178/2178
f 2198/2198/2198 2197/2197/2197 2196/2196/2196
f 2198/2198/2198 2196/2196/2196 2199/2199/2199
f 2200/2200/2200 2196/2196/2196 2197/2197/2197
f 2197/2197/2197 2201/2201/2201 2200/2200/2200
f 2198/2198/2198 2199/2199/2199 2202/2202/2202
f 2199/2199/2199 2203/2203/2203 2202/2202/2202
f 2204/2204/2204 2196/2196/2196 2200/2200/2200
f 2205/2205/2205 2203/2203/2203 2199/2199/2199
f 2206/2206/2206 2205/2205/2205 2199/2199/2199
f 2204/2204/2204 2200/2200/2200 2207/2207/2207
f 2206/2206/2206 2208/2208/2208 2205/2205/2205
f 2209/2209/2209 2204/2204/2204 2207/2207/2207
f 2210/2210/2210 2209/2209/2209 2207/2207/2207
f 2206/2206/2206 2211/2211/2211 2208/2208/2208
f 2211/2211/2211 2204/2204/2204 2209/2209/2209
f 2211/2211/2211 2206/2206/2206 2204/2204/2204
f 2212/2212/2212 2209/2209/2209 2210/2210/2210
f 2213/2213/2213 2212/2212/2212 2210/2210/2210
f 2210/2210/2210 2214/2214/2214 2213/2213/2213
f 2214/2214/2214 2215/2215/2215 2213/2213/2213
f 2216/2216/2216 2212/2212/2212 2213/2213/2213
f 2217/2217/2217 2212/2212/2212 2216/2216/2216
f 2216/2216/2216 2218/2218/2218 2217/2217/2217
f 2218/2218/2218 2216/2216/2216 2219/2219/2219
f 2216/2216/2216 2220/2220/2220 2219/2219/2219
f 2223/2223/2223 2222/2222/2222 2221/2221/2221
f 2224/2224/2224 2223/2223/2223 2221/2221/2221
f 2225/2225/2225 2223/2223/2223 2224/2224/2224
f 2226/2226/2226 2225/2225/2225 2224/2224/2224
f 2225/2225/2225 2226/2226/2226 2227/2227/2227
f 2228/2228/2228 2225/2225/2225 2227/2227/2227
f 2227/2227/2227 2229/2229/2229 2228/2228/2228
f 2229/2229/2229 2230/2230/2230 2228/2228/2228
f 2231/2231/2231 2226/2226/2226 2224/2224/2224
f 2231/2231/2231 2224/2224/2224 2232/2232/2232
f 2231/2231/2231 2233/2233/2233 2226/2226/2226
f 2233/2233/2233 2231/2231/2231 2234/2234/2234
f 2237/2237/2237 2236/2236/2236 2235/2235/2235
f 2238/2238/2238 2237/2237/2237 2235/2235/2235
f 2241/2241/2241 2240/2240/2240 2239/2239/2239
f 2242/2242/2242 2241/2241/2241 2239/2239/2239
f 2245/2245/2245 2244/2244/2244 2243/2243/2243
f 2246/2246/2246 2245/2245/2245 2243/2243/2243
f 2249/2249/2249 2248/2248/2248 2247/2247/2247
f 2250/2250/2250 2249/2249/2249 2247/2247/2247
f 2253/2253/2253 2252/2252/2252 2251/2251/2251
f 2254/2254/2254 2253/2253/2253 2251/2251/2251
f 2257/2257/2257 2256/2256/2256 2255/2255/2255
f 2258/2258/2258 2257/2257/2257 2255/2255/2255
f 2261/2261/2261 2260/2260/2260 2259/2259/2259
f 2262/2262/2262 2261/2261/2261 2259/2259/2259
f 2265/2265/2265 2264/2264/2264 2263/2263/2263
f 2266/2266/2266 2265/2265/2265 2263/2263/2263
f 2267/2267/2267 2265/2265/2265 2266/2266/2266
f 2268/2268/2268 2267/2267/2267 2266/2266/2266
f 2268/2268/2268 2269/2269/2269 2267/2267/2267
f 2269/2269/2269 2270/2270/2270 2267/2267/2267
f 2263/2263/2263 2264/2264/2264 2271/2271/2271
f 2264/2264/2264 2272/2272/2272 2271/2271/2271
f 2275/2275/2275 2274/2274/2274 2273/2273/2273
f 2276/2276/2276 2275/2275/2275 2273/2273/2273
f 2277/2277/2277 2275/2275/2275 2276/2276/2276
f 2278/2278/2278 2277/2277/2277 2276/2276/2276
f 2273/2273/2273 2274/2274/2274 2279/2279/2279
f 2274/2274/2274 2280/2280/2280 2279/2279/2279
f 2281/2281/2281 2277/2277/2277 2278/2278/2278
f 2282/2282/2282 2281/2281/2281 2278/2278/2278
f 2283/2283/2283 2157/2157/2157 2168/2168/2168
f 2286/2286/2286 2285/2285/2285 2284/2284/2284
f 2287/2287/2287 2286/2286/2286 2284/2284/2284
f 2290/2290/2290 2289/2289/2289 2288/2288/2288
f 2291/2291/2291 2290/2290/2290 2288/2288/2288
f 2294/2294/2294 2293/2293/2293 2292/2292/2292
f 2292/2292/2292 2293/2293/2293 2295/2295/2295
f 2295/2295/2295 2293/2293/2293 2296/2296/2296
f 2296/2296/2296 2293/2293/2293 2297/2297/2297
f 2297/2297/2297 2293/2293/2293 2298/2298/2298
f 2298/2298/2298 2293/2293/2293 2299/2299/2299
f 2299/2299/2299 2293/2293/2293 2300/2300/2300
f 2300/2300/2300 2293/2293/2293 2301/2301/2301
f 2293/2293/2293 2294/2294/2294 2302/2302/2302
f 2293/2293/2293 2302/2302/2302 2303/2303/2303
f 2293/2293/2293 2303/2303/2303 2304/2304/2304
f 2293/2293/2293 2305/2305/2305 2301/2301/2301
f 2293/2293/2293 2306/2306/2306 2305/2305/2305
f 2293/2293/2293 2307/2307/2307 2306/2306/2306
f 2293/2293/2293 2308/2308/2308 2307/2307/2307
f 2293/2293/2293 2304/2304/2304 2308/2308/2308
f 2311/2311/2311 2310/2310/2310 2309/2309/2309
f 2309/2309/2309 2310/2310/2310 2155/2155/2155
f 2310/2310/2310 2158/2158/2158 2155/2155/2155
f 2310/2310/2310 2311/2311/2311 2158/2158/2158
f 2311/2311/2311 2162/2162/2162 2158/2158/2158
f 2309/2309/2309 2155/2155/2155 2162/2162/2162
f 2311/2311/2311 2309/2309/2309 2162/2162/2162
f 2314/2314/2314 2313/2313/2313 2312/2312/2312
f 2315/2315/2315 2314/2314/2314 2312/2312/2312
f 2315/2315/2315 2312/2312/2312 2316/2316/2316
f 2317/2317/2317 2315/2315/2315 2316/2316/2316
f 2317/2317/2317 2316/2316/2316 2318/2318/2318
f 2319/2319/2319 2317/2317/2317 2318/2318/2318
f 2319/2319/2319 2318/2318/2318 2320/2320/2320
f 2318/2318/2318 2321/2321/2321 2320/2320/2320
f 2324/2324/2324 2323/2323/2323 2322/2322/2322
f 2325/2325/2325 2324/2324/2324 2322/2322/2322
f 2325/2325/2325 2322/2322/2322 2326/2326/2326
f 2327/2327/2327 2325/2325/2325 2326/2326/2326
f 2328/2328/2328 2327/2327/2327 2326/2326/2326
f 2329/2329/2329 2328/2328/2328 2326/2326/2326
f 2329/2329/2329 2330/2330/2330 2328/2328/2328
f 2330/2330/2330 2331/2331/2331 2328/2328/2328
f 2330/2330/2330 2332/2332/2332 2331/2331/2331
f 2332/2332/2332 2333/2333/2333 2331/2331/2331
f 2332/2332/2332 2334/2334/2334 2333/2333/2333
f 2334/2334/2334 2335/2335/2335 2333/2333/2333
f 2334/2334/2334 2336/2336/2336 2335/2335/2335
f 2336/2336/2336 2337/2337/2337 2335/2335/2335
f 2336/2336/2336 2338/2338/2338 2337/2337/2337
f 2338/2338/2338 2339/2339/2339 2337/2337/2337
f 2338/2338/2338 2340/2340/2340 2339/2339/2339
f 2340/2340/2340 2341/2341/2341 2339/2339/2339
f 2340/2340/2340 2342/2342/2342 2341/2341/2341
f 2342/2342/2342 2343/2343/2343 2341/2341/2341
f 2342/2342/2342 2344/2344/2344 2343/2343/2343
f 2344/2344/2344 2345/2345/2345 2343/2343/2343
f 2348/2348/2348 2347/2347/2347 2346/2346/2346
f 2349/2349/2349 2348/2348/2348 2346/2346/2346
f 2347/2347/2347 2348/2348/2348 2350/2350/2350
f 2350/2350/2350 2348/2348/2348 2351/2351/2351
f 2348/2348/2348 2352/2352/2352 2351/2351/2351
f 2352/2352/2352 2353/2353/2353 2351/2351/2351
f 2353/2353/2353 2354/2354/2354 2351/2351/2351
f 2355/2355/2355 2354/2354/2354 2353/2353/2353
f 2351/2351/2351 2356/2356/2356 2350/2350/2350
f 2356/2356/2356 2351/2351/2351 2357/2357/2357
f 2351/2351/2351 2358/2358/2358 2357/2357/2357
f 2357/2357/2357 2358/2358/2358 2359/2359/2359
f 2360/2360/2360 2359/2359/2359 2358/2358/2358
f 2361/2361/2361 2360/2360/2360 2358/2358/2358
f 2362/2362/2362 2361/2361/2361 2358/2358/2358
f 2354/2354/2354 2362/2362/2362 2358/2358/2358
f 2363/2363/2363 2362/2362/2362 2354/2354/2354
f 2355/2355/2355 2363/2363/2363 2354/2354/2354
f 2364/2364/2364 2355/2355/2355 2353/2353/2353
f 2365/2365/2365 2355/2355/2355 2364/2364/2364
f 2365/2365/2365 2363/2363/2363 2355/2355/2355
f 2365/2365/2365 2366/2366/2366 2363/2363/2363
f 2366/2366/2366 2362/2362/2362 2363/2363/2363
f 2366/2366/2366 2367/2367/2367 2362/2362/2362
f 2360/2360/2360 2368/2368/2368 2359/2359/2359
f 2360/2360/2360 2369/2369/2369 2368/2368/2368
f 2369/2369/2369 2370/2370/2370 2368/2368/2368
f 2371/2371/2371 2370/2370/2370 2369/2369/2369
f 2372/2372/2372 2371/2371/2371 2369/2369/2369
f 2371/2371/2371 2372/2372/2372 2373/2373/2373
f 2373/2373/2373 2372/2372/2372 2374/2374/2374
f 2372/2372/2372 2375/2375/2375 2374/2374/2374
f 2376/2376/2376 2374/2374/2374 2375/2375/2375
f 2374/2374/2374 2376/2376/2376 2377/2377/2377
f 2378/2378/2378 2377/2377/2377 2376/2376/2376
f 2376/2376/2376 2379/2379/2379 2378/2378/2378
f 2380/2380/2380 2379/2379/2379 2376/2376/2376
f 2380/2380/2380 2376/2376/2376 2375/2375/2375
f 2373/2373/2373 2374/2374/2374 2381/2381/2381
f 2374/2374/2374 2382/2382/2382 2381/2381/2381
f 2382/2382/2382 2383/2383/2383 2381/2381/2381
f 2380/2380/2380 2384/2384/2384 2379/2379/2379
f 2385/2385/2385 2384/2384/2384 2380/2380/2380
f 2379/2379/2379 2386/2386/2386 2378/2378/2378
f 2379/2379/2379 2387/2387/2387 2386/2386/2386
f 2384/2384/2384 2387/2387/2387 2379/2379/2379
f 2387/2387/2387 2388/2388/2388 2386/2386/2386
f 2374/2374/2374 2389/2389/2389 2382/2382/2382
f 2389/2389/2389 2390/2390/2390 2382/2382/2382
f 2389/2389/2389 2391/2391/2391 2390/2390/2390
f 2391/2391/2391 2389/2389/2389 2374/2374/2374
f 2377/2377/2377 2391/2391/2391 2374/2374/2374
f 2394/2394/2394 2393/2393/2393 2392/2392/2392
f 2392/2392/2392 2393/2393/2393 2395/2395/2395
f 2392/2392/2392 2396/2396/2396 2394/2394/2394
f 2397/2397/2397 2394/2394/2394 2396/2396/2396
f 2395/2395/2395 2393/2393/2393 2398/2398/2398
f 2399/2399/2399 2395/2395/2395 2398/2398/2398
f 2392/2392/2392 2400/2400/2400 2396/2396/2396
f 2399/2399/2399 2401/2401/2401 2395/2395/2395
f 2401/2401/2401 2402/2402/2402 2395/2395/2395
f 2396/2396/2396 2400/2400/2400 2403/2403/2403
f 2404/2404/2404 2402/2402/2402 2401/2401/2401
f 2400/2400/2400 2405/2405/2405 2403/2403/2403
f 2405/2405/2405 2406/2406/2406 2403/2403/2403
f 2407/2407/2407 2402/2402/2402 2404/2404/2404
f 2400/2400/2400 2407/2407/2407 2405/2405/2405
f 2402/2402/2402 2407/2407/2407 2400/2400/2400
f 2405/2405/2405 2408/2408/2408 2406/2406/2406
f 2408/2408/2408 2409/2409/2409 2406/2406/2406
f 2410/2410/2410 2406/2406/2406 2409/2409/2409
f 2411/2411/2411 2410/2410/2410 2409/2409/2409
f 2408/2408/2408 2412/2412/2412 2409/2409/2409
f 2408/2408/2408 2413/2413/2413 2412/2412/2412
f 2414/2414/2414 2412/2412/2412 2413/2413/2413
f 2412/2412/2412 2414/2414/2414 2415/2415/2415
f 2416/2416/2416 2412/2412/2412 2415/2415/2415
f 2419/2419/2419 2418/2418/2418 2417/2417/2417
f 2420/2420/2420 2419/2419/2419 2417/2417/2417
f 2419/2419/2419 2421/2421/2421 2418/2418/2418
f 2421/2421/2421 2422/2422/2422 2418/2418/2418
f 2422/2422/2422 2421/2421/2421 2423/2423/2423
f 2421/2421/2421 2424/2424/2424 2423/2423/2423
f 2425/2425/2425 2423/2423/2423 2424/2424/2424
f 2426/2426/2426 2425/2425/2425 2424/2424/2424
f 2422/2422/2422 2427/2427/2427 2418/2418/2418
f 2418/2418/2418 2427/2427/2427 2428/2428/2428
f 2429/2429/2429 2427/2427/2427 2422/2422/2422
f 2427/2427/2427 2429/2429/2429 2430/2430/2430
f 2433/2433/2433 2432/2432/2432 2431/2431/2431
f 2434/2434/2434 2433/2433/2433 2431/2431/2431
f 2437/2437/2437 2436/2436/2436 2435/2435/2435
f 2438/2438/2438 2437/2437/2437 2435/2435/2435
f 2441/2441/2441 2440/2440/2440 2439/2439/2439
f 2442/2442/2442 2441/2441/2441 2439/2439/2439
f 2445/2445/2445 2444/2444/2444 2443/2443/2443
f 2446/2446/2446 2445/2445/2445 2443/2443/2443
f 2449/2449/2449 2448/2448/2448 2447/2447/2447
f 2450/2450/2450 2449/2449/2449 2447/2447/2447
f 2453/2453/2453 2452/2452/2452 2451/2451/2451
f 2454/2454/2454 2453/2453/2453 2451/2451/2451
f 2457/2457/2457 2456/2456/2456 2455/2455/2455
f 2458/2458/2458 2457/2457/2457 2455/2455/2455
f 2461/2461/2461 2460/2460/2460 2459/2459/2459
f 2462/2462/2462 2461/2461/2461 2459/2459/2459
f 2461/2461/2461 2463/2463/2463 2460/2460/2460
f 2463/2463/2463 2464/2464/2464 2460/2460/2460
f 2465/2465/2465 2464/2464/2464 2463/2463/2463
f 2466/2466/2466 2465/2465/2465 2463/2463/2463
f 2462/2462/2462 2459/2459/2459 2467/2467/2467
f 2468/2468/2468 2462/2462/2462 2467/2467/2467
f 2471/2471/2471 2470/2470/2470 2469/2469/2469
f 2472/2472/2472 2471/2471/2471 2469/2469/2469
f 2471/2471/2471 2473/2473/2473 2470/2470/2470
f 2473/2473/2473 2474/2474/2474 2470/2470/2470
f 2472/2472/2472 2469/2469/2469 2475/2475/2475
f 2476/2476/2476 2472/2472/2472 2475/2475/2475
f 2473/2473/2473 2477/2477/2477 2474/2474/2474
f 2477/2477/2477 2478/2478/2478 2474/2474/2474
f 2353/2353/2353 2479/2479/2479 2364/2364/2364
f 2482/2482/2482 2481/2481/2481 2480/2480/2480
f 2483/2483/2483 2482/2482/2482 2480/2480/2480
f 2486/2486/2486 2485/2485/2485 2484/2484/2484
f 2487/2487/2487 2486/2486/2486 2484/2484/2484
f 2490/2490/2490 2489/2489/2489 2488/2488/2488
f 2490/2490/2490 2488/2488/2488 2351/2351/2351
f 2354/2354/2354 2490/2490/2490 2351/2351/2351
f 2489/2489/2489 2490/2490/2490 2354/2354/2354
f 2358/2358/2358 2489/2489/2489 2354/2354/2354
f 2488/2488/2488 2489/2489/2489 2358/2358/2358
f 2351/2351/2351 2488/2488/2488 2358/2358/2358
f 2493/2493/2493 2492/2492/2492 2491/2491/2491
f 2494/2494/2494 2493/2493/2493 2491/2491/2491
f 2491/2491/2491 2492/2492/2492 2495/2495/2495
f 2492/2492/2492 2496/2496/2496 2495/2495/2495
f 2495/2495/2495 2496/2496/2496 2497/2497/2497
f 2496/2496/2496 2498/2498/2498 2497/2497/2497
f 2497/2497/2497 2498/2498/2498 2499/2499/2499
f 2500/2500/2500 2497/2497/2497 2499/2499/2499
f 2503/2503/2503 2502/2502/2502 2501/2501/2501
f 2504/2504/2504 2503/2503/2503 2501/2501/2501
f 2501/2501/2501 2502/2502/2502 2505/2505/2505
f 2502/2502/2502 2506/2506/2506 2505/2505/2505
f 2506/2506/2506 2507/2507/2507 2505/2505/2505
f 2507/2507/2507 2508/2508/2508 2505/2505/2505
f 2509/2509/2509 2508/2508/2508 2507/2507/2507
f 2510/2510/2510 2509/2509/2509 2507/2507/2507
f 2511/2511/2511 2509/2509/2509 2510/2510/2510
f 2512/2512/2512 2511/2511/2511 2510/2510/2510
f 2513/2513/2513 2511/2511/2511 2512/2512/2512
f 2514/2514/2514 2513/2513/2513 2512/2512/2512
f 2515/2515/2515 2513/2513/2513 2514/2514/2514
f 2516/2516/2516 2515/2515/2515 2514/2514/2514
f 2517/2517/2517 2515/2515/2515 2516/2516/2516
f 2518/2518/2518 2517/2517/2517 2516/2516/2516
f 2519/2519/2519 2517/2517/2517 2518/2518/2518
f 2520/2520/2520 2519/2519/2519 2518/2518/2518
f 2521/2521/2521 2519/2519/2519 2520/2520/2520
f 2522/2522/2522 2521/2521/2521 2520/2520/2520
f 2523/2523/2523 2521/2521/2521 2522/2522/2522
f 2524/2524/2524 2523/2523/2523 2522/2522/2522
f 2527/2527/2527 2526/2526/2526 2525/2525/2525
f 2528/2528/2528 2527/2527/2527 2525/2525/2525
f 2527/2527/2527 2528/2528/2528 2529/2529/2529
f 2527/2527/2527 2529/2529/2529 2530/2530/2530
f 2531/2531/2531 2527/2527/2527 2530/2530/2530
f 2532/2532/2532 2531/2531/2531 2530/2530/2530
f 2533/2533/2533 2532/2532/2532 2530/2530/2530
f 2533/2533/2533 2534/2534/2534 2532/2532/2532
f 2535/2535/2535 2530/2530/2530 2529/2529/2529
f 2530/2530/2530 2535/2535/2535 2536/2536/2536
f 2537/2537/2537 2530/2530/2530 2536/2536/2536
f 2537/2537/2537 2536/2536/2536 2538/2538/2538
f 2538/2538/2538 2539/2539/2539 2537/2537/2537
f 2539/2539/2539 2540/2540/2540 2537/2537/2537
f 2541/2541/2541 2533/2533/2533 2537/2537/2537
f 2540/2540/2540 2541/2541/2541 2537/2537/2537
f 2541/2541/2541 2542/2542/2542 2533/2533/2533
f 2542/2542/2542 2534/2534/2534 2533/2533/2533
f 2534/2534/2534 2543/2543/2543 2532/2532/2532
f 2534/2534/2534 2544/2544/2544 2543/2543/2543
f 2542/2542/2542 2544/2544/2544 2534/2534/2534
f 2545/2545/2545 2544/2544/2544 2542/2542/2542
f 2541/2541/2541 2545/2545/2545 2542/2542/2542
f 2546/2546/2546 2545/2545/2545 2541/2541/2541
f 2547/2547/2547 2539/2539/2539 2538/2538/2538
f 2548/2548/2548 2539/2539/2539 2547/2547/2547
f 2549/2549/2549 2548/2548/2548 2547/2547/2547
f 2549/2549/2549 2550/2550/2550 2548/2548/2548
f 2550/2550/2550 2551/2551/2551 2548/2548/2548
f 2551/2551/2551 2550/2550/2550 2552/2552/2552
f 2551/2551/2551 2552/2552/2552 2553/2553/2553
f 2554/2554/2554 2551/2551/2551 2553/2553/2553
f 2553/2553/2553 2555/2555/2555 2554/2554/2554
f 2555/2555/2555 2553/2553/2553 2556/2556/2556
f 2556/2556/2556 2557/2557/2557 2555/2555/2555
f 2558/2558/2558 2555/2555/2555 2557/2557/2557
f 2558/2558/2558 2559/2559/2559 2555/2555/2555
f 2555/2555/2555 2559/2559/2559 2554/2554/2554
f 2553/2553/2553 2552/2552/2552 2560/2560/2560
f 2561/2561/2561 2553/2553/2553 2560/2560/2560
f 2562/2562/2562 2561/2561/2561 2560/2560/2560
f 2563/2563/2563 2559/2559/2559 2558/2558/2558
f 2563/2563/2563 2564/2564/2564 2559/2559/2559
f 2565/2565/2565 2558/2558/2558 2557/2557/2557
f 2566/2566/2566 2558/2558/2558 2565/2565/2565
f 2566/2566/2566 2563/2563/2563 2558/2558/2558
f 2567/2567/2567 2566/2566/2566 2565/2565/2565
f 2568/2568/2568 2553/2553/2553 2561/2561/2561
f 2569/2569/2569 2568/2568/2568 2561/2561/2561
f 2570/2570/2570 2568/2568/2568 2569/2569/2569
f 2570/2570/2570 2556/2556/2556 2553/2553/2553
f 2568/2568/2568 2570/2570/2570 2553/2553/2553
f 2573/2573/2573 2572/2572/2572 2571/2571/2571
f 2573/2573/2573 2571/2571/2571 2574/2574/2574
f 2575/2575/2575 2571/2571/2571 2572/2572/2572
f 2572/2572/2572 2576/2576/2576 2575/2575/2575
f 2573/2573/2573 2574/2574/2574 2577/2577/2577
f 2574/2574/2574 2578/2578/2578 2577/2577/2577
f 2579/2579/2579 2571/2571/2571 2575/2575/2575
f 2580/2580/2580 2578/2578/2578 2574/2574/2574
f 2581/2581/2581 2580/2580/2580 2574/2574/2574
f 2579/2579/2579 2575/2575/2575 2582/2582/2582
f 2581/2581/2581 2583/2583/2583 2580/2580/2580
f 2584/2584/2584 2579/2579/2579 2582/2582/2582
f 2585/2585/2585 2584/2584/2584 2582/2582/2582
f 2581/2581/2581 2586/2586/2586 2583/2583/2583
f 2586/2586/2586 2579/2579/2579 2584/2584/2584
f 2586/2586/2586 2581/2581/2581 2579/2579/2579
f 2587/2587/2587 2584/2584/2584 2585/2585/2585
f 2588/2588/2588 2587/2587/2587 2585/2585/2585
f 2585/2585/2585 2589/2589/2589 2588/2588/2588
f 2589/2589/2589 2590/2590/2590 2588/2588/2588
f 2591/2591/2591 2587/2587/2587 2588/2588/2588
f 2592/2592/2592 2587/2587/2587 2591/2591/2591
f 2591/2591/2591 2593/2593/2593 2592/2592/2592
f 2593/2593/2593 2591/2591/2591 2594/2594/2594
f 2591/2591/2591 2595/2595/2595 2594/2594/2594
f 2598/2598/2598 2597/2597/2597 2596/2596/2596
f 2599/2599/2599 2598/2598/2598 2596/2596/2596
f 2600/2600/2600 2598/2598/2598 2599/2599/2599
f 2601/2601/2601 2600/2600/2600 2599/2599/2599
f 2600/2600/2600 2601/2601/2601 2602/2602/2602
f 2603/2603/2603 2600/2600/2600 2602/2602/2602
f 2602/2602/2602 2604/2604/2604 2603/2603/2603
f 2604/2604/2604 2605/2605/2605 2603/2603/2603
f 2606/2606/2606 2601/2601/2601 2599/2599/2599
f 2606/2606/2606 2599/2599/2599 2607/2607/2607
f 2606/2606/2606 2608/2608/2608 2601/2601/2601
f 2608/2608/2608 2606/2606/2606 2609/2609/2609
f 2612/2612/2612 2611/2611/2611 2610/2610/2610
f 2613/2613/2613 2612/2612/2612 2610/2610/2610
f 2616/2616/2616 2615/2615/2615 2614/2614/2614
f 2617/2617/2617 2616/2616/2616 2614/2614/2614
f 2620/2620/2620 2619/2619/2619 2618/2618/2618
f 2621/2621/2621 2620/2620/2620 2618/2618/2618
f 2624/2624/2624 2623/2623/2623 2622/2622/2622
f 2625/2625/2625 2624/2624/2624 2622/2622/2622
f 2628/2628/2628 2627/2627/2627 2626/2626/2626
f 2629/2629/2629 2628/2628/2628 2626/2626/2626
f 2632/2632/2632 2631/2631/2631 2630/2630/2630
f 2633/2633/2633 2632/2632/2632 2630/2630/2630
f 2636/2636/2636 2635/2635/2635 2634/2634/2634
f 2637/2637/2637 2636/2636/2636 2634/2634/2634
f 2640/2640/2640 2639/2639/2639 2638/2638/2638
f 2641/2641/2641 2640/2640/2640 2638/2638/2638
f 2642/2642/2642 2640/2640/2640 2641/2641/2641
f 2643/2643/2643 2642/2642/2642 2641/2641/2641
f 2643/2643/2643 2644/2644/2644 2642/2642/2642
f 2644/2644/2644 2645/2645/2645 2642/2642/2642
f 2638/2638/2638 2639/2639/2639 2646/2646/2646
f 2639/2639/2639 2647/2647/2647 2646/2646/2646
f 2650/2650/2650 2649/2649/2649 2648/2648/2648
f 2651/2651/2651 2650/2650/2650 2648/2648/2648
f 2652/2652/2652 2650/2650/2650 2651/2651/2651
f 2653/2653/2653 2652/2652/2652 2651/2651/2651
f 2648/2648/2648 2649/2649/2649 2654/2654/2654
f 2649/2649/2649 2655/2655/2655 2654/2654/2654
f 2656/2656/2656 2652/2652/2652 2653/2653/2653
f 2657/2657/2657 2656/2656/2656 2653/2653/2653
f 2658/2658/2658 2532/2532/2532 2543/2543/2543
f 2661/2661/2661 2660/2660/2660 2659/2659/2659
f 2662/2662/2662 2661/2661/2661 2659/2659/2659
f 2665/2665/2665 2664/2664/2664 2663/2663/2663
f 2666/2666/2666 2665/2665/2665 2663/2663/2663
f 2669/2669/2669 2668/2668/2668 2667/2667/2667
f 2667/2667/2667 2668/2668/2668 2670/2670/2670
f 2670/2670/2670 2668/2668/2668 2671/2671/2671
f 2671/2671/2671 2668/2668/2668 2672/2672/2672
f 2672/2672/2672 2668/2668/2668 2673/2673/2673
f 2673/2673/2673 2668/2668/2668 2674/2674/2674
f 2674/2674/2674 2668/2668/2668 2675/2675/2675
f 2675/2675/2675 2668/2668/2668 2676/2676/2676
f 2668/2668/2668 2669/2669/2669 2677/2677/2677
f 2668/2668/2668 2677/2677/2677 2678/2678/2678
f 2668/2668/2668 2678/2678/2678 2679/2679/2679
f 2668/2668/2668 2680/2680/2680 2676/2676/2676
f 2668/2668/2668 2681/2681/2681 2680/2680/2680
f 2668/2668/2668 2682/2682/2682 2681/2681/2681
f 2668/2668/2668 2683/2683/2683 2682/2682/2682
f 2668/2668/2668 2679/2679/2679 2683/2683/2683
f 2686/2686/2686 2685/2685/2685 2684/2684/2684
f 2684/2684/2684 2685/2685/2685 2530/2530/2530
f 2685/2685/2685 2533/2533/2533 2530/2530/2530
f 2685/2685/2685 2686/2686/2686 2533/2533/2533
f 2686/2686/2686 2537/2537/2537 2533/2533/2533
f 2684/2684/2684 2530/2530/2530 2537/2537/2537
f 2686/2686/2686 2684/2684/2684 2537/2537/2537
f 2689/2689/2689 2688/2688/2688 2687/2687/2687
f 2690/2690/2690 2689/2689/2689 2687/2687/2687
f 2690/2690/2690 2687/2687/2687 2691/2691/2691
f 2692/2692/2692 2690/2690/2690 2691/2691/2691
f 2692/2692/2692 2691/2691/2691 2693/2693/2693
f 2694/2694/2694 2692/2692/2692 2693/2693/2693
f 2694/2694/2694 2693/2693/2693 2695/2695/2695
f 2693/2693/2693 2696/2696/2696 2695/2695/2695
f 2699/2699/2699 2698/2698/2698 2697/2697/2697
f 2700/2700/2700 2699/2699/2699 2697/2697/2697
f 2700/2700/2700 2697/2697/2697 2701/2701/2701
f 2702/2702/2702 2700/2700/2700 2701/2701/2701
f 2703/2703/2703 2702/2702/2702 2701/2701/2701
f 2704/2704/2704 2703/2703/2703 2701/2701/2701
f 2704/2704/2704 2705/2705/2705 2703/2703/2703
f 2705/2705/2705 2706/2706/2706 2703/2703/2703
f 2705/2705/2705 2707/2707/2707 2706/2706/2706
f 2707/2707/2707 2708/2708/2708 2706/2706/2706
f 2707/2707/2707 2709/2709/2709 2708/2708/2708
f 2709/2709/2709 2710/2710/2710 2708/2708/2708
f 2709/2709/2709 2711/2711/2711 2710/2710/2710
f 2711/2711/2711 2712/2712/2712 2710/2710/2710
f 2711/2711/2711 2713/2713/2713 2712/2712/2712
f 2713/2713/2713 2714/2714/2714 2712/2712/2712
f 2713/2713/2713 2715/2715/2715 2714/2714/2714
f 2715/2715/2715 2716/2716/2716 2714/2714/2714
f 2715/2715/2715 2717/2717/2717 2716/2716/2716
f 2717/2717/2717 2718/2718/2718 2716/2716/2716
f 2717/2717/2717 2719/2719/2719 2718/2718/2718
f 2719/2719/2719 2720/2720/2720 2718/2718/2718
f 2723/2723/2723 2722/2722/2722 2721/2721/2721
f 2724/2724/2724 2723/2723/2723 2721/2721/2721
f 2722/2722/2722 2723/2723/2723 2725/2725/2725
f 2725/2725/2725 2723/2723/2723 2726/2726/2726
f 2723/2723/2723 2727/2727/2727 2726/2726/2726
f 2727/2727/2727 2728/2728/2728 2726/2726/2726
f 2728/2728/2728 2729/2729/2729 2726/2726/2726
f 2730/2730/2730 2729/2729/2729 2728/2728/2728
f 2726/2726/2726 2731/2731/2731 2725/2725/2725
f 2731/2731/2731 2726/2726/2726 2732/2732/2732
f 2726/2726/2726 2733/2733/2733 2732/2732/2732
f 2732/2732/2732 2733/2733/2733 2734/2734/2734
f 2735/2735/2735 2734/2734/2734 2733/2733/2733
f 2736/2736/2736 2735/2735/2735 2733/2733/2733
f 2737/2737/2737 2736/2736/2736 2733/2733/2733
f 2729/2729/2729 2737/2737/2737 2733/2733/2733
f 2738/2738/2738 2737/2737/2737 2729/2729/2729
f 2730/2730/2730 2738/2738/2738 2729/2729/2729
f 2739/2739/2739 2730/2730/2730 2728/2728/2728
f 2740/2740/2740 2730/2730/2730 2739/2739/2739
f 2740/2740/2740 2738/2738/2738 2730/2730/2730
f 2740/2740/2740 2741/2741/2741 2738/2738/2738
f 2741/2741/2741 2737/2737/2737 2738/2738/2738
f 2741/2741/2741 2742/2742/2742 2737/2737/2737
f 2735/2735/2735 2743/2743/2743 2734/2734/2734
f 2735/2735/2735 2744/2744/2744 2743/2743/2743
f 2744/2744/2744 2745/2745/2745 2743/2743/2743
f 2746/2746/2746 2745/2745/2745 2744/2744/2744
f 2747/2747/2747 2746/2746/2746 2744/2744/2744
f 2746/2746/2746 2747/2747/2747 2748/2748/2748
f 2748/2748/2748 2747/2747/2747 2749/2749/2749
f 2747/2747/2747 2750/2750/2750 2749/2749/2749
f 2751/2751/2751 2749/2749/2749 2750/2750/2750
f 2749/2749/2749 2751/2751/2751 2752/2752/2752
f 2753/2753/2753 2752/2752/2752 2751/2751/2751
f 2751/2751/2751 2754/2754/2754 2753/2753/2753
f 2755/2755/2755 2754/2754/2754 2751/2751/2751
f 2755/2755/2755 2751/2751/2751 2750/2750/2750
f 2748/2748/2748 2749/2749/2749 2756/2756/2756
f 2749/2749/2749 2757/2757/2757 2756/2756/2756
f 2757/2757/2757 2758/2758/2758 2756/2756/2756
f 2755/2755/2755 2759/2759/2759 2754/2754/2754
f 2760/2760/2760 2759/2759/2759 2755/2755/2755
f 2754/2754/2754 2761/2761/2761 2753/2753/2753
f 2754/2754/2754 2762/2762/2762 2761/2761/2761
f 2759/2759/2759 2762/2762/2762 2754/2754/2754
f 2762/2762/2762 2763/2763/2763 2761/2761/2761
f 2749/2749/2749 2764/2764/2764 2757/2757/2757
f 2764/2764/2764 2765/2765/2765 2757/2757/2757
f 2764/2764/2764 2766/2766/2766 2765/2765/2765
f 2766/2766/2766 2764/2764/2764 2749/2749/2749
f 2752/2752/2752 2766/2766/2766 2749/2749/2749
f 2769/2769/2769 2768/2768/2768 2767/2767/2767
f 2767/2767/2767 2770/2770/2770 2769/2769/2769
f 2767/2767/2767 2771/2771/2771 2770/2770/2770
f 2767/2767/2767 2772/2772/2772 2771/2771/2771
f 2772/2772/2772 2767/2767/2767 2773/2773/2773
f 2773/2773/2773 2767/2767/2767 2774/2774/2774
f 2774/2774/2774 2767/2767/2767 2775/2775/2775
f 2776/2776/2776 2775/2775/2775 2767/2767/2767
f 2778/2778/2778 2777/2777/2777 2767/2767/2767
f 2779/2779/2779 2767/2767/2767 2777/2777/2777
f 2780/2780/2780 2767/2767/2767 2779/2779/2779
f 2781/2781/2781 2767/2767/2767 2780/2780/2780
f 2767/2767/2767 2781/2781/2781 2782/2782/2782
f 2767/2767/2767 2782/2782/2782 2783/2783/2783
f 2767/2767/2767 2783/2783/2783 2784/2784/2784
f 2784/2784/2784 2785/2785/2785 2767/2767/2767
f 2788/2788/2788 2787/2787/2787 2786/2786/2786
f 2786/2786/2786 2787/2787/2787 2789/2789/2789
f 2786/2786/2786 2790/2790/2790 2788/2788/2788
f 2791/2791/2791 2788/2788/2788 2790/2790/2790
f 2789/2789/2789 2787/2787/2787 2792/2792/2792
f 2793/2793/2793 2789/2789/2789 2792/2792/2792
f 2786/2786/2786 2794/2794/2794 2790/2790/2790
f 2793/2793/2793 2795/2795/2795 2789/2789/2789
f 2795/2795/2795 2796/2796/2796 2789/2789/2789
f 2790/2790/2790 2794/2794/2794 2797/2797/2797
f 2798/2798/2798 2796/2796/2796 2795/2795/2795
f 2794/2794/2794 2799/2799/2799 2797/2797/2797
f 2799/2799/2799 2800/2800/2800 2797/2797/2797
f 2801/2801/2801 2796/2796/2796 2798/2798/2798
f 2794/2794/2794 2801/2801/2801 2799/2799/2799
f 2796/2796/2796 2801/2801/2801 2794/2794/2794
f 2799/2799/2799 2802/2802/2802 2800/2800/2800
f 2802/2802/2802 2803/2803/2803 2800/2800/2800
f 2804/2804/2804 2800/2800/2800 2803/2803/2803
f 2805/2805/2805 2804/2804/2804 2803/2803/2803
f 2802/2802/2802 2806/2806/2806 2803/2803/2803
f 2802/2802/2802 2807/2807/2807 2806/2806/2806
f 2808/2808/2808 2806/2806/2806 2807/2807/2807
f 2806/2806/2806 2808/2808/2808 2809/2809/2809
f 2810/2810/2810 2806/2806/2806 2809/2809/2809
f 2813/2813/2813 2812/2812/2812 2811/2811/2811
f 2814/2814/2814 2813/2813/2813 2811/2811/2811
f 2813/2813/2813 2815/2815/2815 2812/2812/2812
f 2815/2815/2815 2816/2816/2816 2812/2812/2812
f 2816/2816/2816 2815/2815/2815 2817/2817/2817
f 2815/2815/2815 2818/2818/2818 2817/2817/2817
f 2819/2819/2819 2817/2817/2817 2818/2818/2818
f 2820/2820/2820 2819/2819/2819 2818/2818/2818
f 2816/2816/2816 2821/2821/2821 2812/2812/2812
f 2812/2812/2812 2821/2821/2821 2822/2822/2822
f 2823/2823/2823 2821/2821/2821 2816/2816/2816
f 2821/2821/2821 2823/2823/2823 2824/2824/2824
f 2827/2827/2827 2826/2826/2826 2825/2825/2825
f 2828/2828/2828 2827/2827/2827 2825/2825/2825
f 2831/2831/2831 2830/2830/2830 2829/2829/2829
f 2832/2832/2832 2831/2831/2831 2829/2829/2829
f 2835/2835/2835 2834/2834/2834 2833/2833/2833
f 2836/2836/2836 2835/2835/2835 2833/2833/2833
f 2839/2839/2839 2838/2838/2838 2837/2837/2837
f 2840/2840/2840 2839/2839/2839 2837/2837/2837
f 2843/2843/2843 2842/2842/2842 2841/2841/2841
f 2844/2844/2844 2843/2843/2843 2841/2841/2841
f 2847/2847/2847 2846/2846/2846 2845/2845/2845
f 2848/2848/2848 2847/2847/2847 2845/2845/2845
f 2851/2851/2851 2850/2850/2850 2849/2849/2849
f 2852/2852/2852 2851/2851/2851 2849/2849/2849
f 2855/2855/2855 2854/2854/2854 2853/2853/2853
f 2856/2856/2856 2855/2855/2855 2853/2853/2853
f 2855/2855/2855 2857/2857/2857 2854/2854/2854
f 2857/2857/2857 2858/2858/2858 2854/2854/2854
f 2859/2859/2859 2858/2858/2858 2857/2857/2857
f 2860/2860/2860 2859/2859/2859 2857/2857/2857
f 2856/2856/2856 2853/2853/2853 2861/2861/2861
f 2862/2862/2862 2856/2856/2856 2861/2861/2861
f 2865/2865/2865 2864/2864/2864 2863/2863/2863
f 2866/2866/2866 2865/2865/2865 2863/2863/2863
f 2865/2865/2865 2867/2867/2867 2864/2864/2864
f 2867/2867/2867 2868/2868/2868 2864/2864/2864
f 2866/2866/2866 2863/2863/2863 2869/2869/2869
f 2870/2870/2870 2866/2866/2866 2869/2869/2869
f 2867/2867/2867 2871/2871/2871 2868/2868/2868
f 2871/2871/2871 2872/2872/2872 2868/2868/2868
f 2728/2728/2728 2873/2873/2873 2739/2739/2739
f 2876/2876/2876 2875/2875/2875 2874/2874/2874
f 2877/2877/2877 2876/2876/2876 2874/2874/2874
f 2880/2880/2880 2879/2879/2879 2878/2878/2878
f 2881/2881/2881 2880/2880/2880 2878/2878/2878
f 2884/2884/2884 2883/2883/2883 2882/2882/2882
f 2884/2884/2884 2882/2882/2882 2726/2726/2726
f 2729/2729/2729 2884/2884/2884 2726/2726/2726
f 2883/2883/2883 2884/2884/2884 2729/2729/2729
f 2733/2733/2733 2883/2883/2883 2729/2729/2729
f 2882/2882/2882 2883/2883/2883 2733/2733/2733
f 2726/2726/2726 2882/2882/2882 2733/2733/2733
f 2887/2887/2887 2886/2886/2886 2885/2885/2885
f 2888/2888/2888 2887/2887/2887 2885/2885/2885
f 2885/2885/2885 2886/2886/2886 2889/2889/2889
f 2886/2886/2886 2890/2890/2890 2889/2889/2889
f 2889/2889/2889 2890/2890/2890 2891/2891/2891
f 2890/2890/2890 2892/2892/2892 2891/2891/2891
f 2891/2891/2891 2892/2892/2892 2893/2893/2893
f 2894/2894/2894 2891/2891/2891 2893/2893/2893
f 2897/2897/2897 2896/2896/2896 2895/2895/2895
f 2898/2898/2898 2897/2897/2897 2895/2895/2895
f 2895/2895/2895 2896/2896/2896 2899/2899/2899
f 2896/2896/2896 2900/2900/2900 2899/2899/2899
f 2900/2900/2900 2901/2901/2901 2899/2899/2899
f 2901/2901/2901 2902/2902/2902 2899/2899/2899
f 2903/2903/2903 2902/2902/2902 2901/2901/2901
f 2904/2904/2904 2903/2903/2903 2901/2901/2901
f 2905/2905/2905 2903/2903/2903 2904/2904/2904
f 2906/2906/2906 2905/2905/2905 2904/2904/2904
f 2907/2907/2907 2905/2905/2905 2906/2906/2906
f 2908/2908/2908 2907/2907/2907 2906/2906/2906
f 2909/2909/2909 2907/2907/2907 2908/2908/2908
f 2910/2910/2910 2909/2909/2909 2908/2908/2908
f 2911/2911/2911 2909/2909/2909 2910/2910/2910
f 2912/2912/2912 2911/2911/2911 2910/2910/2910
f 2913/2913/2913 2911/2911/2911 2912/2912/2912
f 2914/2914/2914 2913/2913/2913 2912/2912/2912
f 2915/2915/2915 2913/2913/2913 2914/2914/2914
f 2916/2916/2916 2915/2915/2915 2914/2914/2914
f 2917/2917/2917 2915/2915/2915 2916/2916/2916
f 2918/2918/2918 2917/2917/2917 2916/2916/2916
f 2921/2921/2921 2920/2920/2920 2919/2919/2919
f 2922/2922/2922 2921/2921/2921 2919/2919/2919
f 2921/2921/2921 2922/2922/2922 2923/2923/2923
f 2921/2921/2921 2923/2923/2923 2924/2924/2924
f 2925/2925/2925 2921/2921/2921 2924/2924/2924
f 2926/2926/2926 2925/2925/2925 2924/2924/2924
f 2927/2927/2927 2926/2926/2926 2924/2924/2924
f 2927/2927/2927 2928/2928/2928 2926/2926/2926
f 2929/2929/2929 2924/2924/2924 2923/2923/2923
f 2924/2924/2924 2929/2929/2929 2930/2930/2930
f 2931/2931/2931 2924/2924/2924 2930/2930/2930
f 2931/2931/2931 2930/2930/2930 2932/2932/2932
f 2932/2932/2932 2933/2933/2933 2931/2931/2931
f 2933/2933/2933 2934/2934/2934 2931/2931/2931
f 2935/2935/2935 2927/2927/2927 2931/2931/2931
f 2934/2934/2934 2935/2935/2935 2931/2931/2931
f 2935/2935/2935 2936/2936/2936 2927/2927/2927
f 2936/2936/2936 2928/2928/2928 2927/2927/2927
f 2928/2928/2928 2937/2937/2937 2926/2926/2926
f 2928/2928/2928 2938/2938/2938 2937/2937/2937
f 2936/2936/2936 2938/2938/2938 2928/2928/2928
f 2939/2939/2939 2938/2938/2938 2936/2936/2936
f 2935/2935/2935 2939/2939/2939 2936/2936/2936
f 2940/2940/2940 2939/2939/2939 2935/2935/2935
f 2941/2941/2941 2933/2933/2933 2932/2932/2932
f 2942/2942/2942 2933/2933/2933 2941/2941/2941
f 2943/2943/2943 2942/2942/2942 2941/2941/2941
f 2943/2943/2943 2944/2944/2944 2942/2942/2942
f 2944/2944/2944 2945/2945/2945 2942/2942/2942
f 2945/2945/2945 2944/2944/2944 2946/2946/2946
f 2945/2945/2945 2946/2946/2946 2947/2947/2947
f 2948/2948/2948 2945/2945/2945 2947/2947/2947
f 2947/2947/2947 2949/2949/2949 2948/2948/2948
f 2949/2949/2949 2947/2947/2947 2950/2950/2950
f 2950/2950/2950 2951/2951/2951 2949/2949/2949
f 2952/2952/2952 2949/2949/2949 2951/2951/2951
f 2952/2952/2952 2953/2953/2953 2949/2949/2949
f 2949/2949/2949 2953/2953/2953 2948/2948/2948
f 2947/2947/2947 2946/2946/2946 2954/2954/2954
f 2955/2955/2955 2947/2947/2947 2954/2954/2954
f 2956/2956/2956 2955/2955/2955 2954/2954/2954
f 2957/2957/2957 2953/2953/2953 2952/2952/2952
f 2957/2957/2957 2958/2958/2958 2953/2953/2953
f 2959/2959/2959 2952/2952/2952 2951/2951/2951
f 2960/2960/2960 2952/2952/2952 2959/2959/2959
f 2960/2960/2960 2957/2957/2957 2952/2952/2952
f 2961/2961/2961 2960/2960/2960 2959/2959/2959
f 2962/2962/2962 2947/2947/2947 2955/2955/2955
f 2963/2963/2963 2962/2962/2962 2955/2955/2955
f 2964/2964/2964 2962/2962/2962 2963/2963/2963
f 2964/2964/2964 2950/2950/2950 2947/2947/2947
f 2962/2962/2962 2964/2964/2964 2947/2947/2947
f 2967/2967/2967 2966/2966/2966 2965/2965/2965
f 2967/2967/2967 2965/2965/2965 2968/2968/2968
f 2969/2969/2969 2965/2965/2965 2966/2966/2966
f 2966/2966/2966 2970/2970/2970 2969/2969/2969
f 2967/2967/2967 2968/2968/2968 2971/2971/2971
f 2968/2968/2968 2972/2972/2972 2971/2971/2971
f 2973/2973/2973 2965/2965/2965 2969/2969/2969
f 2974/2974/2974 2972/2972/2972 2968/2968/2968
f 2975/2975/2975 2974/2974/2974 2968/2968/2968
f 2973/2973/2973 2969/2969/2969 2976/2976/2976
f 2975/2975/2975 2977/2977/2977 2974/2974/2974
f 2978/2978/2978 2973/2973/2973 2976/2976/2976
f 2979/2979/2979 2978/2978/2978 2976/2976/2976
f 2975/2975/2975 2980/2980/2980 2977/2977/2977
f 2980/2980/2980 2973/2973/2973 2978/2978/2978
f 2980/2980/2980 2975/2975/2975 2973/2973/2973
f 2981/2981/2981 2978/2978/2978 2979/2979/2979
f 2982/2982/2982 2981/2981/2981 2979/2979/2979
f 2979/2979/2979 2983/2983/2983 2982/2982/2982
f 2983/2983/2983 2984/2984/2984 2982/2982/2982
f 2985/2985/2985 2981/2981/2981 2982/2982/2982
f 2986/2986/2986 2981/2981/2981 2985/2985/2985
f 2985/2985/2985 2987/2987/2987 2986/2986/2986
f 2987/2987/2987 2985/2985/2985 2988/2988/2988
f 2985/2985/2985 2989/2989/2989 2988/2988/2988
f 2992/2992/2992 2991/2991/2991 2990/2990/2990
f 2993/2993/2993 2992/2992/2992 2990/2990/2990
f 2994/2994/2994 2992/2992/2992 2993/2993/2993
f 2995/2995/2995 2994/2994/2994 2993/2993/2993
f 2994/2994/2994 2995/2995/2995 2996/2996/2996
f 2997/2997/2997 2994/2994/2994 2996/2996/2996
f 2996/2996/2996 2998/2998/2998 2997/2997/2997
f 2998/2998/2998 2999/2999/2999 2997/2997/2997
f 3000/3000/3000 2995/2995/2995 2993/2993/2993
f 3000/3000/3000 2993/2993/2993 3001/3001/3001
f 3000/3000/3000 3002/3002/3002 2995/2995/2995
f 3002/3002/3002 3000/3000/3000 3003/3003/3003
f 3006/3006/3006 3005/3005/3005 3004/3004/3004
f 3007/3007/3007 3006/3006/3006 3004/3004/3004
f 3010/3010/3010 3009/3009/3009 3008/3008/3008
f 3011/3011/3011 3010/3010/3010 3008/3008/3008
f 3014/3014/3014 3013/3013/3013 3012/3012/3012
f 3015/3015/3015 3014/3014/3014 3012/3012/3012
f 3018/3018/3018 3017/3017/3017 3016/3016/3016
f 3019/3019/3019 3018/3018/3018 3016/3016/3016
f 3022/3022/3022 3021/3021/3021 3020/3020/3020
f 3023/3023/3023 3022/3022/3022 3020/3020/3020
f 3026/3026/3026 3025/3025/3025 3024/3024/3024
f 3027/3027/3027 3026/3026/3026 3024/3024/3024
f 3030/3030/3030 3029/3029/3029 3028/3028/3028
f 3031/3031/3031 3030/3030/3030 3028/3028/3028
f 3034/3034/3034 3033/3033/3033 3032/3032/3032
f 3035/3035/3035 3034/3034/3034 3032/3032/3032
f 3036/3036/3036 3034/3034/3034 3035/3035/3035
f 3037/3037/3037 3036/3036/3036 3035/3035/3035
f 3037/3037/3037 3038/3038/3038 3036/3036/3036
f 3038/3038/3038 3039/3039/3039 3036/3036/3036
f 3032/3032/3032 3033/3033/3033 3040/3040/3040
f 3033/3033/3033 3041/3041/3041 3040/3040/3040
f 3044/3044/3044 3043/3043/3043 3042/3042/3042
f 3045/3045/3045 3044/3044/3044 3042/3042/3042
f 3046/3046/3046 3044/3044/3044 3045/3045/3045
f 3047/3047/3047 3046/3046/3046 3045/3045/3045
f 3042/3042/3042 3043/3043/3043 3048/3048/3048
f 3043/3043/3043 3049/3049/3049 3048/3048/3048
f 3050/3050/3050 3046/3046/3046 3047/3047/3047
f 3051/3051/3051 3050/3050/3050 3047/3047/3047
f 3052/3052/3052 2926/2926/2926 2937/2937/2937
f 3055/3055/3055 3054/3054/3054 3053/3053/3053
f 3056/3056/3056 3055/3055/3055 3053/3053/3053
f 3059/3059/3059 3058/3058/3058 3057/3057/3057
f 3060/3060/3060 3059/3059/3059 3057/3057/3057
f 3063/3063/3063 3062/3062/3062 3061/3061/3061
f 3061/3061/3061 3062/3062/3062 3064/3064/3064
f 3064/3064/3064 3062/3062/3062 3065/3065/3065
f 3065/3065/3065 3062/3062/3062 3066/3066/3066
f 3066/3066/3066 3062/3062/3062 3067/3067/3067
f 3067/3067/3067 3062/3062/3062 3068/3068/3068
f 3068/3068/3068 3062/3062/3062 3069/3069/3069
f 3069/3069/3069 3062/3062/3062 3070/3070/3070
f 3062/3062/3062 3063/3063/3063 3071/3071/3071
f 3062/3062/3062 3071/3071/3071 3072/3072/3072
f 3062/3062/3062 3072/3072/3072 3073/3073/3073
f 3062/3062/3062 3074/3074/3074 3070/3070/3070
f 3062/3062/3062 3075/3075/3075 3074/3074/3074
f 3062/3062/3062 3076/3076/3076 3075/3075/3075
f 3062/3062/3062 3077/3077/3077 3076/3076/3076
f 3062/3062/3062 3073/3073/3073 3077/3077/3077
f 3080/3080/3080 3079/3079/3079 3078/3078/3078
f 3078/3078/3078 3079/3079/3079 2924/2924/2924
f 3079/3079/3079 2927/2927/2927 2924/2924/2924
f 3079/3079/3079 3080/3080/3080 2927/2927/2927
f 3080/3080/3080 2931/2931/2931 2927/2927/2927
f 3078/3078/3078 2924/2924/2924 2931/2931/2931
f 3080/3080/3080 3078/3078/3078 2931/2931/2931
f 3083/3083/3083 3082/3082/3082 3081/3081/3081
f 3084/3084/3084 3083/3083/3083 3081/3081/3081
f 3084/3084/3084 3081/3081/3081 3085/3085/3085
f 3086/3086/3086 3084/3084/3084 3085/3085/3085
f 3086/3086/3086 3085/3085/3085 3087/3087/3087
f 3088/3088/3088 3086/3086/3086 3087/3087/3087
f 3088/3088/3088 3087/3087/3087 3089/3089/3089
f 3087/3087/3087 3090/3090/3090 3089/3089/3089
f 3093/3093/3093 3092/3092/3092 3091/3091/3091
f 3094/3094/3094 3093/3093/3093 3091/3091/3091
f 3094/3094/3094 3091/3091/3091 3095/3095/3095
f 3096/3096/3096 3094/3094/3094 3095/3095/3095
f 3097/3097/3097 3096/3096/3096 3095/3095/3095
f 3098/3098/3098 3097/3097/3097 3095/3095/3095
f 3098/3098/3098 3099/3099/3099 3097/3097/3097
f 3099/3099/3099 3100/3100/3100 3097/3097/3097
f 3099/3099/3099 3101/3101/3101 3100/3100/3100
f 3101/3101/3101 3102/3102/3102 3100/3100/3100
f 3101/3101/3101 3103/3103/3103 3102/3102/3102
f 3103/3103/3103 3104/3104/3104 3102/3102/3102
f 3103/3103/3103 3105/3105/3105 3104/3104/3104
f 3105/3105/3105 3106/3106/3106 3104/3104/3104
f 3105/3105/3105 3107/3107/3107 3106/3106/3106
f 3107/3107/3107 3108/3108/3108 3106/3106/3106
f 3107/3107/3107 3109/3109/3109 3108/3108/3108
f 3109/3109/3109 3110/3110/3110 3108/3108/3108
f 3109/3109/3109 3111/3111/3111 3110/3110/3110
f 3111/3111/3111 3112/3112/3112 3110/3110/3110
f 3111/3111/3111 3113/3113/3113 3112/3112/3112
f 3113/3113/3113 3114/3114/3114 3112/3112/3112
f 3117/3117/3117 3116/3116/3116 3115/3115/3115
f 3118/3118/3118 3117/3117/3117 3115/3115/3115
f 3116/3116/3116 3117/3117/3117 3119/3119/3119
f 3119/3119/3119 3117/3117/3117 3120/3120/3120
f 3117/3117/3117 3121/3121/3121 3120/3120/3120
f 3121/3121/3121 3122/3122/3122 3120/3120/3120
f 3122/3122/3122 3123/3123/3123 3120/3120/3120
f 3124/3124/3124 3123/3123/3123 3122/3122/3122
f 3120/3120/3120 3125/3125/3125 3119/3119/3119
f 3125/3125/3125 3120/3120/3120 3126/3126/3126
f 3120/3120/3120 3127/3127/3127 3126/3126/3126
f 3126/3126/3126 3127/3127/3127 3128/3128/3128
f 3129/3129/3129 3128/3128/3128 3127/3127/3127
f 3130/3130/3130 3129/3129/3129 3127/3127/3127
f 3131/3131/3131 3130/3130/3130 3127/3127/3127
f 3123/3123/3123 3131/3131/3131 3127/3127/3127
f 3132/3132/3132 3131/3131/3131 3123/3123/3123
f 3124/3124/3124 3132/3132/3132 3123/3123/3123
f 3133/3133/3133 3124/3124/3124 3122/3122/3122
f 3134/3134/3134 3124/3124/3124 3133/3133/3133
f 3134/3134/3134 3132/3132/3132 3124/3124/3124
f 3134/3134/3134 3135/3135/3135 3132/3132/3132
f 3135/3135/3135 3131/3131/3131 3132/3132/3132
f 3135/3135/3135 3136/3136/3136 3131/3131/3131
f 3129/3129/3129 3137/3137/3137 3128/3128/3128
f 3129/3129/3129 3138/3138/3138 3137/3137/3137
f 3138/3138/3138 3139/3139/3139 3137/3137/3137
f 3140/3140/3140 3139/3139/3139 3138/3138/3138
f 3141/3141/3141 3140/3140/3140 3138/3138/3138
f 3140/3140/3140 3141/3141/3141 3142/3142/3142
f 3142/3142/3142 3141/3141/3141 3143/3143/3143
f 3141/3141/3141 3144/3144/3144 3143/3143/3143
f 3145/3145/3145 3143/3143/3143 3144/3144/3144
f 3143/3143/3143 3145/3145/3145 3146/3146/3146
f 3147/3147/3147 3146/3146/3146 3145/3145/3145
f 3145/3145/3145 3148/3148/3148 3147/3147/3147
f 3149/3149/3149 3148/3148/3148 3145/3145/3145
f 3149/3149/3149 3145/3145/3145 3144/3144/3144
f 3142/3142/3142 3143/3143/3143 3150/3150/3150
f 3143/3143/3143 3151/3151/3151 3150/3150/3150
f 3151/3151/3151 3152/3152/3152 3150/3150/3150
f 3149/3149/3149 3153/3153/3153 3148/3148/3148
f 3154/3154/3154 3153/3153/3153 3149/3149/3149
f 3148/3148/3148 3155/3155/3155 3147/3147/3147
f 3148/3148/3148 3156/3156/3156 3155/3155/3155
f 3153/3153/3153 3156/3156/3156 3148/3148/3148
f 3156/3156/3156 3157/3157/3157 3155/3155/3155
f 3143/3143/3143 3158/3158/3158 3151/3151/3151
f 3158/3158/3158 3159/3159/3159 3151/3151/3151
f 3158/3158/3158 3160/3160/3160 3159/3159/3159
f 3160/3160/3160 3158/3158/3158 3143/3143/3143
f 3146/3146/3146 3160/3160/3160 3143/3143/3143
f 3163/3163/3163 3162/3162/3162 3161/3161/3161
f 3161/3161/3161 3162/3162/3162 3164/3164/3164
f 3161/3161/3161 3165/3165/3165 3163/3163/3163
f 3166/3166/3166 3163/3163/3163 3165/3165/3165
f 3164/3164/3164 3162/3162/3162 3167/3167/3167
f 3168/3168/3168 3164/3164/3164 3167/3167/3167
f 3161/3161/3161 3169/3169/3169 3165/3165/3165
f 3168/3168/3168 3170/3170/3170 3164/3164/3164
f 3170/3170/3170 3171/3171/3171 3164/3164/3164
f 3165/3165/3165 3169/3169/3169 3172/3172/3172
f 3173/3173/3173 3171/3171/3171 3170/3170/3170
f 3169/3169/3169 3174/3174/3174 3172/3172/3172
f 3174/3174/3174 3175/3175/3175 3172/3172/3172
f 3176/3176/3176 3171/3171/3171 3173/3173/3173
f 3169/3169/3169 3176/3176/3176 3174/3174/3174
f 3171/3171/3171 3176/3176/3176 3169/3169/3169
f 3174/3174/3174 3177/3177/3177 3175/3175/3175
f 3177/3177/3177 3178/3178/3178 3175/3175/3175
f 3179/3179/3179 3175/3175/3175 3178/3178/3178
f 3180/3180/3180 3179/3179/3179 3178/3178/3178
f 3177/3177/3177 3181/3181/3181 3178/3178/3178
f 3177/3177/3177 3182/3182/3182 3181/3181/3181
f 3183/3183/3183 3181/3181/3181 3182/3182/3182
f 3181/3181/3181 3183/3183/3183 3184/3184/3184
f 3185/3185/3185 3181/3181/3181 3184/3184/3184
f 3188/3188/3188 3187/3187/3187 3186/3186/3186
f 3189/3189/3189 3188/3188/3188 3186/3186/3186
f 3188/3188/3188 3190/3190/3190 3187/3187/3187
f 3190/3190/3190 3191/3191/3191 3187/3187/3187
f 3191/3191/3191 3190/3190/3190 3192/3192/3192
f 3190/3190/3190 3193/3193/3193 3192/3192/3192
f 3194/3194/3194 3192/3192/3192 3193/3193/3193
f 3195/3195/3195 3194/3194/3194 3193/3193/3193
f 3191/3191/3191 3196/3196/3196 3187/3187/3187
f 3187/3187/3187 3196/3196/3196 3197/3197/3197
f 3198/3198/3198 3196/3196/3196 3191/3191/3191
f 3196/3196/3196 3198/3198/3198 3199/3199/3199
f 3202/3202/3202 3201/3201/3201 3200/3200/3200
f 3203/3203/3203 3202/3202/3202 3200/3200/3200
f 3206/3206/3206 3205/3205/3205 3204/3204/3204
f 3207/3207/3207 3206/3206/3206 3204/3204/3204
f 3210/3210/3210 3209/3209/3209 3208/3208/3208
f 3211/3211/3211 3210/3210/3210 3208/3208/3208
f 3214/3214/3214 3213/3213/3213 3212/3212/3212
f 3215/3215/3215 3214/3214/3214 3212/3212/3212
f 3218/3218/3218 3217/3217/3217 3216/3216/3216
f 3219/3219/3219 3218/3218/3218 3216/3216/3216
f 3222/3222/3222 3221/3221/3221 3220/3220/3220
f 3223/3223/3223 3222/3222/3222 3220/3220/3220
f 3226/3226/3226 3225/3225/3225 3224/3224/3224
f 3227/3227/3227 3226/3226/3226 3224/3224/3224
f 3230/3230/3230 3229/3229/3229 3228/3228/3228
f 3231/3231/3231 3230/3230/3230 3228/3228/3228
f 3230/3230/3230 3232/3232/3232 3229/3229/3229
f 3232/3232/3232 3233/3233/3233 3229/3229/3229
f 3234/3234/3234 3233/3233/3233 3232/3232/3232
f 3235/3235/3235 3234/3234/3234 3232/3232/3232
f 3231/3231/3231 3228/3228/3228 3236/3236/3236
f 3237/3237/3237 3231/3231/3231 3236/3236/3236
f 3240/3240/3240 3239/3239/3239 3238/3238/3238
f 3241/3241/3241 3240/3240/3240 3238/3238/3238
f 3240/3240/3240 3242/3242/3242 3239/3239/3239
f 3242/3242/3242 3243/3243/3243 3239/3239/3239
f 3241/3241/3241 3238/3238/3238 3244/3244/3244
f 3245/3245/3245 3241/3241/3241 3244/3244/3244
f 3242/3242/3242 3246/3246/3246 3243/3243/3243
f 3246/3246/3246 3247/3247/3247 3243/3243/3243
f 3122/3122/3122 3248/3248/3248 3133/3133/3133
f 3251/3251/3251 3250/3250/3250 3249/3249/3249
f 3252/3252/3252 3251/3251/3251 3249/3249/3249
f 3255/3255/3255 3254/3254/3254 3253/3253/3253
f 3256/3256/3256 3255/3255/3255 3253/3253/3253
f 3259/3259/3259 3258/3258/3258 3257/3257/3257
f 3259/3259/3259 3257/3257/3257 3120/3120/3120
f 3123/3123/3123 3259/3259/3259 3120/3120/3120
f 3258/3258/3258 3259/3259/3259 3123/3123/3123
f 3127/3127/3127 3258/3258/3258 3123/3123/3123
f 3257/3257/3257 3258/3258/3258 3127/3127/3127
f 3120/3120/3120 3257/3257/3257 3127/3127/3127
f 3262/3262/3262 3261/3261/3261 3260/3260/3260
f 3263/3263/3263 3262/3262/3262 3260/3260/3260
f 3260/3260/3260 3261/3261/3261 3264/3264/3264
f 3261/3261/3261 3265/3265/3265 3264/3264/3264
f 3264/3264/3264 3265/3265/3265 3266/3266/3266
f 3265/3265/3265 3267/3267/3267 3266/3266/3266
f 3266/3266/3266 3267/3267/3267 3268/3268/3268
f 3269/3269/3269 3266/3266/3266 3268/3268/3268
f 3272/3272/3272 3271/3271/3271 3270/3270/3270
f 3273/3273/3273 3272/3272/3272 3270/3270/3270
f 3270/3270/3270 3271/3271/3271 3274/3274/3274
f 3271/3271/3271 3275/3275/3275 3274/3274/3274
f 3275/3275/3275 3276/3276/3276 3274/3274/3274
f 3276/3276/3276 3277/3277/3277 3274/3274/3274
f 3278/3278/3278 3277/3277/3277 3276/3276/3276
f 3279/3279/3279 3278/3278/3278 3276/3276/3276
f 3280/3280/3280 3278/3278/3278 3279/3279/3279
f 3281/3281/3281 3280/3280/3280 3279/3279/3279
f 3282/3282/3282 3280/3280/3280 3281/3281/3281
f 3283/3283/3283 3282/3282/3282 3281/3281/3281
f 3284/3284/3284 3282/3282/3282 3283/3283/3283
f 3285/3285/3285 3284/3284/3284 3283/3283/3283
f 3286/3286/3286 3284/3284/3284 3285/3285/3285
f 3287/3287/3287 3286/3286/3286 3285/3285/3285
f 3288/3288/3288 3286/3286/3286 3287/3287/3287
f 3289/3289/3289 3288/3288/3288 3287/3287/3287
f 3290/3290/3290 3288/3288/3288 3289/3289/3289
f 3291/3291/3291 3290/3290/3290 3289/3289/3289
f 3292/3292/3292 3290/3290/3290 3291/3291/3291
f 3293/3293/3293 3292/3292/3292 3291/3291/3291
f 3296/3296/3296 3295/3295/3295 3294/3294/3294
f 3297/3297/3297 3296/3296/3296 3294/3294/3294
f 3296/3296/3296 3297/3297/3297 3298/3298/3298
f 3296/3296/3296 3298/3298/3298 3299/3299/3299
f 3300/3300/3300 3296/3296/3296 3299/3299/3299
f 3301/3301/3301 3300/3300/3300 3299/3299/3299
f 3302/3302/3302 3301/3301/3301 3299/3299/3299
f 3302/3302/3302 3303/3303/3303 3301/3301/3301
f 3304/3304/3304 3299/3299/3299 3298/3298/3298
f 3299/3299/3299 3304/3304/3304 3305/3305/3305
f 3306/3306/3306 3299/3299/3299 3305/3305/3305
f 3306/3306/3306 3305/3305/3305 3307/3307/3307
f 3307/3307/3307 3308/3308/3308 3306/3306/3306
f 3308/3308/3308 3309/3309/3309 3306/3306/3306
f 3310/3310/3310 3302/3302/3302 3306/3306/3306
f 3309/3309/3309 3310/3310/3310 3306/3306/3306
f 3310/3310/3310 3311/3311/3311 3302/3302/3302
f 3311/3311/3311 3303/3303/3303 3302/3302/3302
f 3303/3303/3303 3312/3312/3312 3301/3301/3301
f 3303/3303/3303 3313/3313/3313 3312/3312/3312
f 3311/3311/3311 3313/3313/3313 3303/3303/3303
f 3314/3314/3314 3313/3313/3313 3311/3311/3311
f 3310/3310/3310 3314/3314/3314 3311/3311/3311
f 3315/3315/3315 3314/3314/3314 3310/3310/3310
f 3316/3316/3316 3308/3308/3308 3307/3307/3307
f 3317/3317/3317 3308/3308/3308 3316/3316/3316
f 3318/3318/3318 3317/3317/3317 3316/3316/3316
f 3318/3318/3318 3319/3319/3319 3317/3317/3317
f 3319/3319/3319 3320/3320/3320 3317/3317/3317
f 3320/3320/3320 3319/3319/3319 3321/3321/3321
f 3320/3320/3320 3321/3321/3321 3322/3322/3322
f 3323/3323/3323 3320/3320/3320 3322/3322/3322
f 3322/3322/3322 3324/3324/3324 3323/3323/3323
f 3324/3324/3324 3322/3322/3322 3325/3325/3325
f 3325/3325/3325 3326/3326/3326 3324/3324/3324
f 3327/3327/3327 3324/3324/3324 3326/3326/3326
f 3327/3327/3327 3328/3328/3328 3324/3324/3324
f 3324/3324/3324 3328/3328/3328 3323/3323/3323
f 3322/3322/3322 3321/3321/3321 3329/3329/3329
f 3330/3330/3330 3322/3322/3322 3329/3329/3329
f 3331/3331/3331 3330/3330/3330 3329/3329/3329
f 3332/3332/3332 3328/3328/3328 3327/3327/3327
f 3332/3332/3332 3333/3333/3333 3328/3328/3328
f 3334/3334/3334 3327/3327/3327 3326/3326/3326
f 3335/3335/3335 3327/3327/3327 3334/3334/3334
f 3335/3335/3335 3332/3332/3332 3327/3327/3327
f 3336/3336/3336 3335/3335/3335 3334/3334/3334
f 3337/3337/3337 3322/3322/3322 3330/3330/3330
f 3338/3338/3338 3337/3337/3337 3330/3330/3330
f 3339/3339/3339 3337/3337/3337 3338/3338/3338
f 3339/3339/3339 3325/3325/3325 3322/3322/3322
f 3337/3337/3337 3339/3339/3339 3322/3322/3322
f 3342/3342/3342 3341/3341/3341 3340/3340/3340
f 3342/3342/3342 3340/3340/3340 3343/3343/3343
f 3344/3344/3344 3340/3340/3340 3341/3341/3341
f 3341/3341/3341 3345/3345/3345 3344/3344/3344
f 3342/3342/3342 3343/3343/3343 3346/3346/3346
f 3343/3343/3343 3347/3347/3347 3346/3346/3346
f 3348/3348/3348 3340/3340/3340 3344/3344/3344
f 3349/3349/3349 3347/3347/3347 3343/3343/3343
f 3350/3350/3350 3349/3349/3349 3343/3343/3343
f 3348/3348/3348 3344/3344/3344 3351/3351/3351
f 3350/3350/3350 3352/3352/3352 3349/3349/3349
f 3353/3353/3353 3348/3348/3348 3351/3351/3351
f 3354/3354/3354 3353/3353/3353 3351/3351/3351
f 3350/3350/3350 3355/3355/3355 3352/3352/3352
f 3355/3355/3355 3348/3348/3348 3353/3353/3353
f 3355/3355/3355 3350/3350/3350 3348/3348/3348
f 3356/3356/3356 3353/3353/3353 3354/3354/3354
f 3357/3357/3357 3356/3356/3356 3354/3354/3354
f 3354/3354/3354 3358/3358/3358 3357/3357/3357
f 3358/3358/3358 3359/3359/3359 3357/3357/3357
f 3360/3360/3360 3356/3356/3356 3357/3357/3357
f 3361/3361/3361 3356/3356/3356 3360/3360/3360
f 3360/3360/3360 3362/3362/3362 3361/3361/3361
f 3362/3362/3362 3360/3360/3360 3363/3363/3363
f 3360/3360/3360 3364/3364/3364 3363/3363/3363
f 3367/3367/3367 3366/3366/3366 3365/3365/3365
f 3368/3368/3368 3367/3367/3367 3365/3365/3365
f 3369/3369/3369 3367/3367/3367 3368/3368/3368
f 3370/3370/3370 3369/3369/3369 3368/3368/3368
f 3369/3369/3369 3370/3370/3370 3371/3371/3371
f 3372/3372/3372 3369/3369/3369 3371/3371/3371
f 3371/3371/3371 3373/3373/3373 3372/3372/3372
f 3373/3373/3373 3374/3374/3374 3372/3372/3372
f 3375/3375/3375 3370/3370/3370 3368/3368/3368
f 3375/3375/3375 3368/3368/3368 3376/3376/3376
f 3375/3375/3375 3377/3377/3377 3370/3370/3370
f 3377/3377/3377 3375/3375/3375 3378/3378/3378
f 3381/3381/3381 3380/3380/3380 3379/3379/3379
f 3382/3382/3382 3381/3381/3381 3379/3379/3379
f 3385/3385/3385 3384/3384/3384 3383/3383/3383
f 3386/3386/3386 3385/3385/3385 3383/3383/3383
f 3389/3389/3389 3388/3388/3388 3387/3387/3387
f 3390/3390/3390 3389/3389/3389 3387/3387/3387
f 3393/3393/3393 3392/3392/3392 3391/3391/3391
f 3394/3394/3394 3393/3393/3393 3391/3391/3391
f 3397/3397/3397 3396/3396/3396 3395/3395/3395
f 3398/3398/3398 3397/3397/3397 3395/3395/3395
f 3401/3401/3401 3400/3400/3400 3399/3399/3399
f 3402/3402/3402 3401/3401/3401 3399/3399/3399
f 3405/3405/3405 3404/3404/3404 3403/3403/3403
f 3406/3406/3406 3405/3405/3405 3403/3403/3403
f 3409/3409/3409 3408/3408/3408 3407/3407/3407
f 3410/3410/3410 3409/3409/3409 3407/3407/3407
f 3411/3411/3411 3409/3409/3409 3410/3410/3410
f 3412/3412/3412 3411/3411/3411 3410/3410/3410
f 3412/3412/3412 3413/3413/3413 3411/3411/3411
f 3413/3413/3413 3414/3414/3414 3411/3411/3411
f 3407/3407/3407 3408/3408/3408 3415/3415/3415
f 3408/3408/3408 3416/3416/3416 3415/3415/3415
f 3419/3419/3419 3418/3418/3418 3417/3417/3417
f 3420/3420/3420 3419/3419/3419 3417/3417/3417
f 3421/3421/3421 3419/3419/3419 3420/3420/3420
f 3422/3422/3422 3421/3421/3421 3420/3420/3420
f 3417/3417/3417 3418/3418/3418 3423/3423/3423
f 3418/3418/3418 3424/3424/3424 3423/3423/3423
f 3425/3425/3425 3421/3421/3421 3422/3422/3422
f 3426/3426/3426 3425/3425/3425 3422/3422/3422
f 3427/3427/3427 3301/3301/3301 3312/3312/3312
f 3430/3430/3430 3429/3429/3429 3428/3428/3428
f 3431/3431/3431 3430/3430/3430 3428/3428/3428
f 3434/3434/3434 3433/3433/3433 3432/3432/3432
f 3435/3435/3435 3434/3434/3434 3432/3432/3432
f 3438/3438/3438 3437/3437/3437 3436/3436/3436
f 3436/3436/3436 3437/3437/3437 3439/3439/3439
f 3439/3439/3439 3437/3437/3437 3440/3440/3440
f 3440/3440/3440 3437/3437/3437 3441/3441/3441
f 3441/3441/3441 3437/3437/3437 3442/3442/3442
f 3442/3442/3442 3437/3437/3437 3443/3443/3443
f 3443/3443/3443 3437/3437/3437 3444/3444/3444
f 3444/3444/3444 3437/3437/3437 3445/3445/3445
f 3437/3437/3437 3438/3438/3438 3446/3446/3446
f 3437/3437/3437 3446/3446/3446 3447/3447/3447
f 3437/3437/3437 3447/3447/3447 3448/3448/3448
f 3437/3437/3437 3449/3449/3449 3445/3445/3445
f 3437/3437/3437 3450/3450/3450 3449/3449/3449
f 3437/3437/3437 3451/3451/3451 3450/3450/3450
f 3437/3437/3437 3452/3452/3452 3451/3451/3451
f 3437/3437/3437 3448/3448/3448 3452/3452/3452
f 3455/3455/3455 3454/3454/3454 3453/3453/3453
f 3453/3453/3453 3454/3454/3454 3299/3299/3299
f 3454/3454/3454 3302/3302/3302 3299/3299/3299
f 3454/3454/3454 3455/3455/3455 3302/3302/3302
f 3455/3455/3455 3306/3306/3306 3302/3302/3302
f 3453/3453/3453 3299/3299/3299 3306/3306/3306
f 3455/3455/3455 3453/3453/3453 3306/3306/3306
f 3458/3458/3458 3457/3457/3457 3456/3456/3456
f 3459/3459/3459 3458/3458/3458 3456/3456/3456
f 3459/3459/3459 3456/3456/3456 3460/3460/3460
f 3461/3461/3461 3459/3459/3459 3460/3460/3460
f 3461/3461/3461 3460/3460/3460 3462/3462/3462
f 3463/3463/3463 3461/3461/3461 3462/3462/3462
f 3463/3463/3463 3462/3462/3462 3464/3464/3464
f 3462/3462/3462 3465/3465/3465 3464/3464/3464
f 3468/3468/3468 3467/3467/3467 3466/3466/3466
f 3469/3469/3469 3468/3468/3468 3466/3466/3466
f 3469/3469/3469 3466/3466/3466 3470/3470/3470
f 3471/3471/3471 3469/3469/3469 3470/3470/3470
f 3472/3472/3472 3471/3471/3471 3470/3470/3470
f 3473/3473/3473 3472/3472/3472 3470/3470/3470
f 3473/3473/3473 3474/3474/3474 3472/3472/3472
f 3474/3474/3474 3475/3475/3475 3472/3472/3472
f 3474/3474/3474 3476/3476/3476 3475/3475/3475
f 3476/3476/3476 3477/3477/3477 3475/3475/3475
f 3476/3476/3476 3478/3478/3478 3477/3477/3477
f 3478/3478/3478 3479/3479/3479 3477/3477/3477
f 3478/3478/3478 3480/3480/3480 3479/3479/3479
f 3480/3480/3480 3481/3481/3481 3479/3479/3479
f 3480/3480/3480 3482/3482/3482 3481/3481/3481
f 3482/3482/3482 3483/3483/3483 3481/3481/3481
f 3482/3482/3482 3484/3484/3484 3483/3483/3483
f 3484/3484/3484 3485/3485/3485 3483/3483/3483
f 3484/3484/3484 3486/3486/3486 3485/3485/3485
f 3486/3486/3486 3487/3487/3487 3485/3485/3485
f 3486/3486/3486 3488/3488/3488 3487/3487/3487
f 3488/3488/3488 3489/3489/3489 3487/3487/3487
f 3492/3492/3492 3491/3491/3491 3490/3490/3490
f 3493/3493/3493 3492/3492/3492 3490/3490/3490
f 3491/3491/3491 3492/3492/3492 3494/3494/3494
f 3494/3494/3494 3492/3492/3492 3495/3495/3495
f 3492/3492/3492 3496/3496/3496 3495/3495/3495
f 3496/3496/3496 3497/3497/3497 3495/3495/3495
f 3497/3497/3497 3498/3498/3498 3495/3495/3495
f 3499/3499/3499 3498/3498/3498 3497/3497/3497
f 3495/3495/3495 3500/3500/3500 3494/3494/3494
f 3500/3500/3500 3495/3495/3495 3501/3501/3501
f 3495/3495/3495 3502/3502/3502 3501/3501/3501
f 3501/3501/3501 3502/3502/3502 3503/3503/3503
f 3504/3504/3504 3503/3503/3503 3502/3502/3502
f 3505/3505/3505 3504/3504/3504 3502/3502/3502
f 3506/3506/3506 3505/3505/3505 3502/3502/3502
f 3498/3498/3498 3506/3506/3506 3502/3502/3502
f 3507/3507/3507 3506/3506/3506 3498/3498/3498
f 3499/3499/3499 3507/3507/3507 3498/3498/3498
f 3508/3508/3508 3499/3499/3499 3497/3497/3497
f 3509/3509/3509 3499/3499/3499 3508/3508/3508
f 3509/3509/3509 3507/3507/3507 3499/3499/3499
f 3509/3509/3509 3510/3510/3510 3507/3507/3507
f 3510/3510/3510 3506/3506/3506 3507/3507/3507
f 3510/3510/3510 3511/3511/3511 3506/3506/3506
f 3504/3504/3504 3512/3512/3512 3503/3503/3503
f 3504/3504/3504 3513/3513/3513 3512/3512/3512
f 3513/3513/3513 3514/3514/3514 3512/3512/3512
f 3515/3515/3515 3514/3514/3514 3513/3513/3513
f 3516/3516/3516 3515/3515/3515 3513/3513/3513
f 3515/3515/3515 3516/3516/3516 3517/3517/3517
f 3517/3517/3517 3516/3516/3516 3518/3518/3518
f 3516/3516/3516 3519/3519/3519 3518/3518/3518
f 3520/3520/3520 3518/3518/3518 3519/3519/3519
f 3518/3518/3518 3520/3520/3520 3521/3521/3521
f 3522/3522/3522 3521/3521/3521 3520/3520/3520
f 3520/3520/3520 3523/3523/3523 3522/3522/3522
f 3524/3524/3524 3523/3523/3523 3520/3520/3520
f 3524/3524/3524 3520/3520/3520 3519/3519/3519
f 3517/3517/3517 3518/3518/3518 3525/3525/3525
f 3518/3518/3518 3526/3526/3526 3525/3525/3525
f 3526/3526/3526 3527/3527/3527 3525/3525/3525
f 3524/3524/3524 3528/3528/3528 3523/3523/3523
f 3529/3529/3529 3528/3528/3528 3524/3524/3524
f 3523/3523/3523 3530/3530/3530 3522/3522/3522
f 3523/3523/3523 3531/3531/3531 3530/3530/3530
f 3528/3528/3528 3531/3531/3531 3523/3523/3523
f 3531/3531/3531 3532/3532/3532 3530/3530/3530
f 3518/3518/3518 3533/3533/3533 3526/3526/3526
f 3533/3533/3533 3534/3534/3534 3526/3526/3526
f 3533/3533/3533 3535/3535/3535 3534/3534/3534
f 3535/3535/3535 3533/3533/3533 3518/3518/3518
f 3521/3521/3521 3535/3535/3535 3518/3518/3518
f 3538/3538/3538 3537/3537/3537 3536/3536/3536
f 3536/3536/3536 3537/3537/3537 3539/3539/3539
f 3536/3536/3536 3540/3540/3540 3538/3538/3538
f 3541/3541/3541 3538/3538/3538 3540/3540/3540
f 3539/3539/3539 3537/3537/3537 3542/3542/3542
f 3543/3543/3543 3539/3539/3539 3542/3542/3542
f 3536/3536/3536 3544/3544/3544 3540/3540/3540
f 3543/3543/3543 3545/3545/3545 3539/3539/3539
f 3545/3545/3545 3546/3546/3546 3539/3539/3539
f 3540/3540/3540 3544/3544/3544 3547/3547/3547
f 3548/3548/3548 3546/3546/3546 3545/3545/3545
f 3544/3544/3544 3549/3549/3549 3547/3547/3547
f 3549/3549/3549 3550/3550/3550 3547/3547/3547
f 3551/3551/3551 3546/3546/3546 3548/3548/3548
f 3544/3544/3544 3551/3551/3551 3549/3549/3549
f 3546/3546/3546 3551/3551/3551 3544/3544/3544
f 3549/3549/3549 3552/3552/3552 3550/3550/3550
f 3552/3552/3552 3553/3553/3553 3550/3550/3550
f 3554/3554/3554 3550/3550/3550 3553/3553/3553
f 3555/3555/3555 3554/3554/3554 3553/3553/3553
f 3552/3552/3552 3556/3556/3556 3553/3553/3553
f 3552/3552/3552 3557/3557/3557 3556/3556/3556
f 3558/3558/3558 3556/3556/3556 3557/3557/3557
f 3556/3556/3556 3558/3558/3558 3559/3559/3559
f 3560/3560/3560 3556/3556/3556 3559/3559/3559
f 3563/3563/3563 3562/3562/3562 3561/3561/3561
f 3564/3564/3564 3563/3563/3563 3561/3561/3561
f 3563/3563/3563 3565/3565/3565 3562/3562/3562
f 3565/3565/3565 3566/3566/3566 3562/3562/3562
f 3566/3566/3566 3565/3565/3565 3567/3567/3567
f 3565/3565/3565 3568/3568/3568 3567/3567/3567
f 3569/3569/3569 3567/3567/3567 3568/3568/3568
f 3570/3570/3570 3569/3569/3569 3568/3568/3568
f 3566/3566/3566 3571/3571/3571 3562/3562/3562
f 3562/3562/3562 3571/3571/3571 3572/3572/3572
f 3573/3573/3573 3571/3571/3571 3566/3566/3566
f 3571/3571/3571 3573/3573/3573 3574/3574/3574
f 3577/3577/3577 3576/3576/3576 3575/3575/3575
f 3578/3578/3578 3577/3577/3577 3575/3575/3575
f 3581/3581/3581 3580/3580/3580 3579/3579/3579
f 3582/3582/3582 3581/3581/3581 3579/3579/3579
f 3585/3585/3585 3584/3584/3584 3583/3583/3583
f 3586/3586/3586 3585/3585/3585 3583/3583/3583
f 3589/3589/3589 3588/3588/3588 3587/3587/3587
f 3590/3590/3590 3589/3589/3589 3587/3587/3587
f 3593/3593/3593 3592/3592/3592 3591/3591/3591
f 3594/3594/3594 3593/3593/3593 3591/3591/3591
f 3597/3597/3597 3596/3596/3596 3595/3595/3595
f 3598/3598/3598 3597/3597/3597 3595/3595/3595
f 3601/3601/3601 3600/3600/3600 3599/3599/3599
f 3602/3602/3602 3601/3601/3601 3599/3599/3599
f 3605/3605/3605 3604/3604/3604 3603/3603/3603
f 3606/3606/3606 3605/3605/3605 3603/3603/3603
f 3605/3605/3605 3607/3607/3607 3604/3604/3604
f 3607/3607/3607 3608/3608/3608 3604/3604/3604
f 3609/3609/3609 3608/3608/3608 3607/3607/3607
f 3610/3610/3610 3609/3609/3609 3607/3607/3607
f 3606/3606/3606 3603/3603/3603 3611/3611/3611
f 3612/3612/3612 3606/3606/3606 3611/3611/3611
f 3615/3615/3615 3614/3614/3614 3613/3613/3613
f 3616/3616/3616 3615/3615/3615 3613/3613/3613
f 3615/3615/3615 3617/3617/3617 3614/3614/3614
f 3617/3617/3617 3618/3618/3618 3614/3614/3614
f 3616/3616/3616 3613/3613/3613 3619/3619/3619
f 3620/3620/3620 3616/3616/3616 3619/3619/3619
f 3617/3617/3617 3621/3621/3621 3618/3618/3618
f 3621/3621/3621 3622/3622/3622 3618/3618/3618
f 3497/3497/3497 3623/3623/3623 3508/3508/3508
f 3626/3626/3626 3625/3625/3625 3624/3624/3624
f 3627/3627/3627 3626/3626/3626 3624/3624/3624
f 3630/3630/3630 3629/3629/3629 3628/3628/3628
f 3631/3631/3631 3630/3630/3630 3628/3628/3628
f 3634/3634/3634 3633/3633/3633 3632/3632/3632
f 3634/3634/3634 3632/3632/3632 3495/3495/3495
f 3498/3498/3498 3634/3634/3634 3495/3495/3495
f 3633/3633/3633 3634/3634/3634 3498/3498/3498
f 3502/3502/3502 3633/3633/3633 3498/3498/3498
f 3632/3632/3632 3633/3633/3633 3502/3502/3502
f 3495/3495/3495 3632/3632/3632 3502/3502/3502
f 3637/3637/3637 3636/3636/3636 3635/3635/3635
f 3638/3638/3638 3637/3637/3637 3635/3635/3635
f 3635/3635/3635 3636/3636/3636 3639/3639/3639
f 3636/3636/3636 3640/3640/3640 3639/3639/3639
f 3639/3639/3639 3640/3640/3640 3641/3641/3641
f 3640/3640/3640 3642/3642/3642 3641/3641/3641
f 3641/3641/3641 3642/3642/3642 3643/3643/3643
f 3644/3644/3644 3641/3641/3641 3643/3643/3643
f 3647/3647/3647 3646/3646/3646 3645/3645/3645
f 3648/3648/3648 3647/3647/3647 3645/3645/3645
f 3645/3645/3645 3646/3646/3646 3649/3649/3649
f 3646/3646/3646 3650/3650/3650 3649/3649/3649
f 3650/3650/3650 3651/3651/3651 3649/3649/3649
f 3651/3651/3651 3652/3652/3652 3649/3649/3649
f 3653/3653/3653 3652/3652/3652 3651/3651/3651
f 3654/3654/3654 3653/3653/3653 3651/3651/3651
f 3655/3655/3655 3653/3653/3653 3654/3654/3654
f 3656/3656/3656 3655/3655/3655 3654/3654/3654
f 3657/3657/3657 3655/3655/3655 3656/3656/3656
f 3658/3658/3658 3657/3657/3657 3656/3656/3656
f 3659/3659/3659 3657/3657/3657 3658/3658/3658
f 3660/3660/3660 3659/3659/3659 3658/3658/3658
f 3661/3661/3661 3659/3659/3659 3660/3660/3660
f 3662/3662/3662 3661/3661/3661 3660/3660/3660
f 3663/3663/3663 3661/3661/3661 3662/3662/3662
f 3664/3664/3664 3663/3663/3663 3662/3662/3662
f 3665/3665/3665 3663/3663/3663 3664/3664/3664
f 3666/3666/3666 3665/3665/3665 3664/3664/3664
f 3667/3667/3667 3665/3665/3665 3666/3666/3666
f 3668/3668/3668 3667/3667/3667 3666/3666/3666
f 3671/3671/3671 3670/3670/3670 3669/3669/3669
f 3672/3672/3672 3671/3671/3671 3669/3669/3669
f 3671/3671/3671 3672/3672/3672 3673/3673/3673
f 3671/3671/3671 3673/3673/3673 3674/3674/3674
f 3675/3675/3675 3671/3671/3671 3674/3674/3674
f 3676/3676/3676 3675/3675/3675 3674/3674/3674
f 3677/3677/3677 3676/3676/3676 3674/3674/3674
f 3677/3677/3677 3678/3678/3678 3676/3676/3676
f 3679/3679/3679 3674/3674/3674 3673/3673/3673
f 3674/3674/3674 3679/3679/3679 3680/3680/3680
f 3681/3681/3681 3674/3674/3674 3680/3680/3680
f 3681/3681/3681 3680/3680/3680 3682/3682/3682
f 3682/3682/3682 3683/3683/3683 3681/3681/3681
f 3683/3683/3683 3684/3684/3684 3681/3681/3681
f 3685/3685/3685 3677/3677/3677 3681/3681/3681
f 3684/3684/3684 3685/3685/3685 3681/3681/3681
f 3685/3685/3685 3686/3686/3686 3677/3677/3677
f 3686/3686/3686 3678/3678/3678 3677/3677/3677
f 3678/3678/3678 3687/3687/3687 3676/3676/3676
f 3678/3678/3678 3688/3688/3688 3687/3687/3687
f 3686/3686/3686 3688/3688/3688 3678/3678/3678
f 3689/3689/3689 3688/3688/3688 3686/3686/3686
f 3685/3685/3685 3689/3689/3689 3686/3686/3686
f 3690/3690/3690 3689/3689/3689 3685/3685/3685
f 3691/3691/3691 3683/3683/3683 3682/3682/3682
f 3692/3692/3692 3683/3683/3683 3691/3691/3691
f 3693/3693/3693 3692/3692/3692 3691/3691/3691
f 3693/3693/3693 3694/3694/3694 3692/3692/3692
f 3694/3694/3694 3695/3695/3695 3692/3692/3692
f 3695/3695/3695 3694/3694/3694 3696/3696/3696
f 3695/3695/3695 3696/3696/3696 3697/3697/3697
f 3698/3698/3698 3695/3695/3695 3697/3697/3697
f 3697/3697/3697 3699/3699/3699 3698/3698/3698
f 3699/3699/3699 3697/3697/3697 3700/3700/3700
f 3700/3700/3700 3701/3701/3701 3699/3699/3699
f 3702/3702/3702 3699/3699/3699 3701/3701/3701
f 3702/3702/3702 3703/3703/3703 3699/3699/3699
f 3699/3699/3699 3703/3703/3703 3698/3698/3698
f 3697/3697/3697 3696/3696/3696 3704/3704/3704
f 3705/3705/3705 3697/3697/3697 3704/3704/3704
f 3706/3706/3706 3705/3705/3705 3704/3704/3704
f 3707/3707/3707 3703/3703/3703 3702/3702/3702
f 3707/3707/3707 3708/3708/3708 3703/3703/3703
f 3709/3709/3709 3702/3702/3702 3701/3701/3701
f 3710/3710/3710 3702/3702/3702 3709/3709/3709
f 3710/3710/3710 3707/3707/3707 3702/3702/3702
f 3711/3711/3711 3710/3710/3710 3709/3709/3709
f 3712/3712/3712 3697/3697/3697 3705/3705/3705
f 3713/3713/3713 3712/3712/3712 3705/3705/3705
f 3714/3714/3714 3712/3712/3712 3713/3713/3713
f 3714/3714/3714 3700/3700/3700 3697/3697/3697
f 3712/3712/3712 3714/3714/3714 3697/3697/3697
f 3717/3717/3717 3716/3716/3716 3715/3715/3715
f 3717/3717/3717 3715/3715/3715 3718/3718/3718
f 3719/3719/3719 3715/3715/3715 3716/3716/3716
f 3716/3716/3716 3720/3720/3720 3719/3719/3719
f 3717/3717/3717 3718/3718/3718 3721/3721/3721
f 3718/3718/3718 3722/3722/3722 3721/3721/3721
f 3723/3723/3723 3715/3715/3715 3719/3719/3719
f 3724/3724/3724 3722/3722/3722 3718/3718/3718
f 3725/3725/3725 3724/3724/3724 3718/3718/3718
f 3723/3723/3723 3719/3719/3719 3726/3726/3726
f 3725/3725/3725 3727/3727/3727 3724/3724/3724
f 3728/3728/3728 3723/3723/3723 3726/3726/3726
f 3729/3729/3729 3728/3728/3728 3726/3726/3726
f 3725/3725/3725 3730/3730/3730 3727/3727/3727
f 3730/3730/3730 3723/3723/3723 3728/3728/3728
f 3730/3730/3730 3725/3725/3725 3723/3723/3723
f 3731/3731/3731 3728/3728/3728 3729/3729/3729
f 3732/3732/3732 3731/3731/3731 3729/3729/3729
f 3729/3729/3729 3733/3733/3733 3732/3732/3732
f 3733/3733/3733 3734/3734/3734 3732/3732/3732
f 3735/3735/3735 3731/3731/3731 3732/3732/3732
f 3736/3736/3736 3731/3731/3731 3735/3735/3735
f 3735/3735/3735 3737/3737/3737 3736/3736/3736
f 3737/3737/3737 3735/3735/3735 3738/3738/3738
f 3735/3735/3735 3739/3739/3739 3738/3738/3738
f 3742/3742/3742 3741/3741/3741 3740/3740/3740
f 3743/3743/3743 3742/3742/3742 3740/3740/3740
f 3744/3744/3744 3742/3742/3742 3743/3743/3743
f 3745/3745/3745 3744/3744/3744 3743/3743/3743
f 3744/3744/3744 3745/3745/3745 3746/3746/3746
f 3747/3747/3747 3744/3744/3744 3746/3746/3746
f 3746/3746/3746 3748/3748/3748 3747/3747/3747
f 3748/3748/3748 3749/3749/3749 3747/3747/3747
f 3750/3750/3750 3745/3745/3745 3743/3743/3743
f 3750/3750/3750 3743/3743/3743 3751/3751/3751
f 3750/3750/3750 3752/3752/3752 3745/3745/3745
f 3752/3752/3752 3750/3750/3750 3753/3753/3753
f 3756/3756/3756 3755/3755/3755 3754/3754/3754
f 3757/3757/3757 3756/3756/3756 3754/3754/3754
f 3760/3760/3760 3759/3759/3759 3758/3758/3758
f 3761/3761/3761 3760/3760/3760 3758/3758/3758
f 3764/3764/3764 3763/3763/3763 3762/3762/3762
f 3765/3765/3765 3764/3764/3764 3762/3762/3762
f 3768/3768/3768 3767/3767/3767 3766/3766/3766
f 3769/3769/3769 3768/3768/3768 3766/3766/3766
f 3772/3772/3772 3771/3771/3771 3770/3770/3770
f 3773/3773/3773 3772/3772/3772 3770/3770/3770
f 3776/3776/3776 3775/3775/3775 3774/3774/3774
f 3777/3777/3777 3776/3776/3776 3774/3774/3774
f 3780/3780/3780 3779/3779/3779 3778/3778/3778
f 3781/3781/3781 3780/3780/3780 3778/3778/3778
f 3784/3784/3784 3783/3783/3783 3782/3782/3782
f 3785/3785/3785 3784/3784/3784 3782/3782/3782
f 3786/3786/3786 3784/3784/3784 3785/3785/3785
f 3787/3787/3787 3786/3786/3786 3785/3785/3785
f 3787/3787/3787 3788/3788/3788 3786/3786/3786
f 3788/3788/3788 3789/3789/3789 3786/3786/3786
f 3782/3782/3782 3783/3783/3783 3790/3790/3790
f 3783/3783/3783 3791/3791/3791 3790/3790/3790
f 3794/3794/3794 3793/3793/3793 3792/3792/3792
f 3795/3795/3795 3794/3794/3794 3792/3792/3792
f 3796/3796/3796 3794/3794/3794 3795/3795/3795
f 3797/3797/3797 3796/3796/3796 3795/3795/3795
f 3792/3792/3792 3793/3793/3793 3798/3798/3798
f 3793/3793/3793 3799/3799/3799 3798/3798/3798
f 3800/3800/3800 3796/3796/3796 3797/3797/3797
f 3801/3801/3801 3800/3800/3800 3797/3797/3797
f 3802/3802/3802 3676/3676/3676 3687/3687/3687
f 3805/3805/3805 3804/3804/3804 3803/3803/3803
f 3806/3806/3806 3805/3805/3805 3803/3803/3803
f 3809/3809/3809 3808/3808/3808 3807/3807/3807
f 3810/3810/3810 3809/3809/3809 3807/3807/3807
f 3813/3813/3813 3812/3812/3812 3811/3811/3811
f 3811/3811/3811 3812/3812/3812 3814/3814/3814
f 3814/3814/3814 3812/3812/3812 3815/3815/3815
f 3815/3815/3815 3812/3812/3812 3816/3816/3816
f 3816/3816/3816 3812/3812/3812 3817/3817/3817
f 3817/3817/3817 3812/3812/3812 3818/3818/3818
f 3818/3818/3818 3812/3812/3812 3819/3819/3819
f 3819/3819/3819 3812/3812/3812 3820/3820/3820
f 3812/3812/3812 3813/3813/3813 3821/3821/3821
f 3812/3812/3812 3821/3821/3821 3822/3822/3822
f 3812/3812/3812 3822/3822/3822 3823/3823/3823
f 3812/3812/3812 3824/3824/3824 3820/3820/3820
f 3812/3812/3812 3825/3825/3825 3824/3824/3824
f 3812/3812/3812 3826/3826/3826 3825/3825/3825
f 3812/3812/3812 3827/3827/3827 3826/3826/3826
f 3812/3812/3812 3823/3823/3823 3827/3827/3827
f 3830/3830/3830 3829/3829/3829 3828/3828/3828
f 3828/3828/3828 3829/3829/3829 3674/3674/3674
f 3829/3829/3829 3677/3677/3677 3674/3674/3674
f 3829/3829/3829 3830/3830/3830 3677/3677/3677
f 3830/3830/3830 3681/3681/3681 3677/3677/3677
f 3828/3828/3828 3674/3674/3674 3681/3681/3681
f 3830/3830/3830 3828/3828/3828 3681/3681/3681
f 3833/3833/3833 3832/3832/3832 3831/3831/3831
f 3834/3834/3834 3833/3833/3833 3831/3831/3831
f 3834/3834/3834 3831/3831/3831 3835/3835/3835
f 3836/3836/3836 3834/3834/3834 3835/3835/3835
f 3836/3836/3836 3835/3835/3835 3837/3837/3837
f 3838/3838/3838 3836/3836/3836 3837/3837/3837
f 3838/3838/3838 3837/3837/3837 3839/3839/3839
f 3837/3837/3837 3840/3840/3840 3839/3839/3839
f 3843/3843/3843 3842/3842/3842 3841/3841/3841
f 3844/3844/3844 3843/3843/3843 3841/3841/3841
f 3844/3844/3844 3841/3841/3841 3845/3845/3845
f 3846/3846/3846 3844/3844/3844 3845/3845/3845
f 3847/3847/3847 3846/3846/3846 3845/3845/3845
f 3848/3848/3848 3847/3847/3847 3845/3845/3845
f 3848/3848/3848 3849/3849/3849 3847/3847/3847
f 3849/3849/3849 3850/3850/3850 3847/3847/3847
f 3849/3849/3849 3851/3851/3851 3850/3850/3850
f 3851/3851/3851 3852/3852/3852 3850/3850/3850
f 3851/3851/3851 3853/3853/3853 3852/3852/3852
f 3853/3853/3853 3854/3854/3854 3852/3852/3852
f 3853/3853/3853 3855/3855/3855 3854/3854/3854
f 3855/3855/3855 3856/3856/3856 3854/3854/3854
f 3855/3855/3855 3857/3857/3857 3856/3856/3856
f 3857/3857/3857 3858/3858/3858 3856/3856/3856
f 3857/3857/3857 3859/3859/3859 3858/3858/3858
f 3859/3859/3859 3860/3860/3860 3858/3858/3858
f 3859/3859/3859 3861/3861/3861 3860/3860/3860
f 3861/3861/3861 3862/3862/3862 3860/3860/3860
f 3861/3861/3861 3863/3863/3863 3862/3862/3862
f 3863/3863/3863 3864/3864/3864 3862/3862/3862
f 3867/3867/3867 3866/3866/3866 3865/3865/3865
f 3868/3868/3868 3867/3867/3867 3865/3865/3865
f 3866/3866/3866 3867/3867/3867 3869/3869/3869
f 3869/3869/3869 3867/3867/3867 3870/3870/3870
f 3867/3867/3867 3871/3871/3871 3870/3870/3870
f 3871/3871/3871 3872/3872/3872 3870/3870/3870
f 3872/3872/3872 3873/3873/3873 3870/3870/3870
f 3874/3874/3874 3873/3873/3873 3872/3872/3872
f 3870/3870/3870 3875/3875/3875 3869/3869/3869
f 3875/3875/3875 3870/3870/3870 3876/3876/3876
f 3870/3870/3870 3877/3877/3877 3876/3876/3876
f 3876/3876/3876 3877/3877/3877 3878/3878/3878
f 3879/3879/3879 3878/3878/3878 3877/3877/3877
f 3880/3880/3880 3879/3879/3879 3877/3877/3877
f 3881/3881/3881 3880/3880/3880 3877/3877/3877
f 3873/3873/3873 3881/3881/3881 3877/3877/3877
f 3882/3882/3882 3881/3881/3881 3873/3873/3873
f 3874/3874/3874 3882/3882/3882 3873/3873/3873
f 3883/3883/3883 3874/3874/3874 3872/3872/3872
f 3884/3884/3884 3874/3874/3874 3883/3883/3883
f 3884/3884/3884 3882/3882/3882 3874/3874/3874
f 3884/3884/3884 3885/3885/3885 3882/3882/3882
f 3885/3885/3885 3881/3881/3881 3882/3882/3882
f 3885/3885/3885 3886/3886/3886 3881/3881/3881
f 3879/3879/3879 3887/3887/3887 3878/3878/3878
f 3879/3879/3879 3888/3888/3888 3887/3887/3887
f 3888/3888/3888 3889/3889/3889 3887/3887/3887
f 3890/3890/3890 3889/3889/3889 3888/3888/3888
f 3891/3891/3891 3890/3890/3890 3888/3888/3888
f 3890/3890/3890 3891/3891/3891 3892/3892/3892
f 3892/3892/3892 3891/3891/3891 3893/3893/3893
f 3891/3891/3891 3894/3894/3894 3893/3893/3893
f 3895/3895/3895 3893/3893/3893 3894/3894/3894
f 3893/3893/3893 3895/3895/3895 3896/3896/3896
f 3897/3897/3897 3896/3896/3896 3895/3895/3895
f 3895/3895/3895 3898/3898/3898 3897/3897/3897
f 3899/3899/3899 3898/3898/3898 3895/3895/3895
f 3899/3899/3899 3895/3895/3895 3894/3894/3894
f 3892/3892/3892 3893/3893/3893 3900/3900/3900
f 3893/3893/3893 3901/3901/3901 3900/3900/3900
f 3901/3901/3901 3902/3902/3902 3900/3900/3900
f 3899/3899/3899 3903/3903/3903 3898/3898/3898
f 3904/3904/3904 3903/3903/3903 3899/3899/3899
f 3898/3898/3898 3905/3905/3905 3897/3897/3897
f 3898/3898/3898 3906/3906/3906 3905/3905/3905
f 3903/3903/3903 3906/3906/3906 3898/3898/3898
f 3906/3906/3906 3907/3907/3907 3905/3905/3905
f 3893/3893/3893 3908/3908/3908 3901/3901/3901
f 3908/3908/3908 3909/3909/3909 3901/3901/3901
f 3908/3908/3908 3910/3910/3910 3909/3909/3909
f 3910/3910/3910 3908/3908/3908 3893/3893/3893
f 3896/3896/3896 3910/3910/3910 3893/3893/3893
f 3913/3913/3913 3912/3912/3912 3911/3911/3911
f 3911/3911/3911 3912/3912/3912 3914/3914/3914
f 3911/3911/3911 3915/3915/3915 3913/3913/3913
f 3916/3916/3916 3913/3913/3913 3915/3915/3915
f 3914/3914/3914 3912/3912/3912 3917/3917/3917
f 3918/3918/3918 3914/3914/3914 3917/3917/3917
f 3911/3911/3911 3919/3919/3919 3915/3915/3915
f 3918/3918/3918 3920/3920/3920 3914/3914/3914
f 3920/3920/3920 3921/3921/3921 3914/3914/3914
f 3915/3915/3915 3919/3919/3919 3922/3922/3922
f 3923/3923/3923 3921/3921/3921 3920/3920/3920
f 3919/3919/3919 3924/3924/3924 3922/3922/3922
f 3924/3924/3924 3925/3925/3925 3922/3922/3922
f 3926/3926/3926 3921/3921/3921 3923/3923/3923
f 3919/3919/3919 3926/3926/3926 3924/3924/3924
f 3921/3921/3921 3926/3926/3926 3919/3919/3919
f 3924/3924/3924 3927/3927/3927 3925/3925/3925
f 3927/3927/3927 3928/3928/3928 3925/3925/3925
f 3929/3929/3929 3925/3925/3925 3928/3928/3928
f 3930/3930/3930 3929/3929/3929 3928/3928/3928
f 3927/3927/3927 3931/3931/3931 3928/3928/3928
f 3927/3927/3927 3932/3932/3932 3931/3931/3931
f 3933/3933/3933 3931/3931/3931 3932/3932/3932
f 3931/3931/3931 3933/3933/3933 3934/3934/3934
f 3935/3935/3935 3931/3931/3931 3934/3934/3934
f 3938/3938/3938 3937/3937/3937 3936/3936/3936
f 3939/3939/3939 3938/3938/3938 3936/3936/3936
f 3938/3938/3938 3940/3940/3940 3937/3937/3937
f 3940/3940/3940 3941/3941/3941 3937/3937/3937
f 3941/3941/3941 3940/3940/3940 3942/3942/3942
f 3940/3940/3940 3943/3943/3943 3942/3942/3942
f 3944/3944/3944 3942/3942/3942 3943/3943/3943
f 3945/3945/3945 3944/3944/3944 3943/3943/3943
f 3941/3941/3941 3946/3946/3946 3937/3937/3937
f 3937/3937/3937 3946/3946/3946 3947/3947/3947
f 3948/3948/3948 3946/3946/3946 3941/3941/3941
f 3946/3946/3946 3948/3948/3948 3949/3949/3949
f 3952/3952/3952 3951/3951/3951 3950/3950/3950
f 3953/3953/3953 3952/3952/3952 3950/3950/3950
f 3956/3956/3956 3955/3955/3955 3954/3954/3954
f 3957/3957/3957 3956/3956/3956 3954/3954/3954
f 3960/3960/3960 3959/3959/3959 3958/3958/3958
f 3961/3961/3961 3960/3960/3960 3958/3958/3958
f 3964/3964/3964 3963/3963/3963 3962/3962/3962
f 3965/3965/3965 3964/3964/3964 3962/3962/3962
f 3968/3968/3968 3967/3967/3967 3966/3966/3966
f 3969/3969/3969 3968/3968/3968 3966/3966/3966
f 3972/3972/3972 3971/3971/3971 3970/3970/3970
f 3973/3973/3973 3972/3972/3972 3970/3970/3970
f 3976/3976/3976 3975/3975/3975 3974/3974/3974
f 3977/3977/3977 3976/3976/3976 3974/3974/3974
f 3980/3980/3980 3979/3979/3979 3978/3978/3978
f 3981/3981/3981 3980/3980/3980 3978/3978/3978
f 3980/3980/3980 3982/3982/3982 3979/3979/3979
f 3982/3982/3982 3983/3983/3983 3979/3979/3979
f 3984/3984/3984 3983/3983/3983 3982/3982/3982
f 3985/3985/3985 3984/3984/3984 3982/3982/3982
f 3981/3981/3981 3978/3978/3978 3986/3986/3986
f 3987/3987/3987 3981/3981/3981 3986/3986/3986
f 3990/3990/3990 3989/3989/3989 3988/3988/3988
f 3991/3991/3991 3990/3990/3990 3988/3988/3988
f 3990/3990/3990 3992/3992/3992 3989/3989/3989
f 3992/3992/3992 3993/3993/3993 3989/3989/3989
f 3991/3991/3991 3988/3988/3988 3994/3994/3994
f 3995/3995/3995 3991/3991/3991 3994/3994/3994
f 3992/3992/3992 3996/3996/3996 3993/3993/3993
f 3996/3996/3996 3997/3997/3997 3993/3993/3993
f 3872/3872/3872 3998/3998/3998 3883/3883/3883
f 4001/4001/4001 4000/4000/4000 3999/3999/3999
f 4002/4002/4002 4001/4001/4001 3999/3999/3999
f 4005/4005/4005 4004/4004/4004 4003/4003/4003
f 4006/4006/4006 4005/4005/4005 4003/4003/4003
f 4009/4009/4009 4008/4008/4008 4007/4007/4007
f 4009/4009/4009 4007/4007/4007 3870/3870/3870
f 3873/3873/3873 4009/4009/4009 3870/3870/3870
f 4008/4008/4008 4009/4009/4009 3873/3873/3873
f 3877/3877/3877 4008/4008/4008 3873/3873/3873
f 4007/4007/4007 4008/4008/4008 3877/3877/3877
f 3870/3870/3870 4007/4007/4007 3877/3877/3877
f 4012/4012/4012 4011/4011/4011 4010/4010/4010
f 4013/4013/4013 4011/4011/4011 4012/4012/4012
f 4014/4014/4014 4011/4011/4011 4013/4013/4013
f 4013/4013/4013 4012/4012/4012 4015/4015/4015
f 4016/4016/4016 4013/4013/4013 4015/4015/4015
f 4016/4016/4016 4015/4015/4015 4017/4017/4017
f 4018/4018/4018 4016/4016/4016 4017/4017/4017
f 4018/4018/4018 4017/4017/4017 4019/4019/4019
f 4020/4020/4020 4018/4018/4018 4019/4019/4019
f 4020/4020/4020 4019/4019/4019 4021/4021/4021
f 4022/4022/4022 4020/4020/4020 4021/4021/4021
f 4022/4022/4022 4021/4021/4021 4023/4023/4023
f 4024/4024/4024 4022/4022/4022 4023/4023/4023
f 4024/4024/4024 4023/4023/4023 4025/4025/4025
f 4026/4026/4026 4024/4024/4024 4025/4025/4025
f 4026/4026/4026 4025/4025/4025 4027/4027/4027
f 4028/4028/4028 4026/4026/4026 4027/4027/4027
f 4028/4028/4028 4027/4027/4027 4029/4029/4029
f 4027/4027/4027 4030/4030/4030 4029/4029/4029
f 4018/4018/4018 4031/4031/4031 4016/4016/4016
f 4031/4031/4031 4032/4032/4032 4016/4016/4016
f 4033/4033/4033 4031/4031/4031 4018/4018/4018
f 4020/4020/4020 4033/4033/4033 4018/4018/4018
f 4034/4034/4034 4033/4033/4033 4020/4020/4020
f 4022/4022/4022 4034/4034/4034 4020/4020/4020
f 4035/4035/4035 4034/4034/4034 4022/4022/4022
f 4024/4024/4024 4035/4035/4035 4022/4022/4022
f 4036/4036/4036 4035/4035/4035 4024/4024/4024
f 4026/4026/4026 4036/4036/4036 4024/4024/4024
f 4037/4037/4037 4036/4036/4036 4026/4026/4026
f 4028/4028/4028 4037/4037/4037 4026/4026/4026
f 4038/4038/4038 4037/4037/4037 4028/4028/4028
f 4029/4029/4029 4038/4038/4038 4028/4028/4028
f 4025/4025/4025 4023/4023/4023 4039/4039/4039
f 4039/4039/4039 4023/4023/4023 4040/4040/4040
f 4023/4023/4023 4021/4021/4021 4040/4040/4040
f 4040/4040/4040 4021/4021/4021 4041/4041/4041
f 4021/4021/4021 4019/4019/4019 4041/4041/4041
f 4041/4041/4041 4019/4019/4019 4042/4042/4042
f 4019/4019/4019 4017/4017/4017 4042/4042/4042
f 4042/4042/4042 4017/4017/4017 4043/4043/4043
f 4017/4017/4017 4015/4015/4015 4043/4043/4043
f 4043/4043/4043 4015/4015/4015 4044/4044/4044
f 4015/4015/4015 4012/4012/4012 4044/4044/4044
f 4045/4045/4045 4044/4044/4044 4012/4012/4012
f 4010/4010/4010 4045/4045/4045 4012/4012/4012
f 4045/4045/4045 4010/4010/4010 4046/4046/4046
f 4010/4010/4010 4047/4047/4047 4046/4046/4046
f 4047/4047/4047 4010/4010/4010 4011/4011/4011
f 4048/4048/4048 4047/4047/4047 4011/4011/4011
f 4048/4048/4048 4011/4011/4011 4049/4049/4049
f 4050/4050/4050 4049/4049/4049 4011/4011/4011
f 4051/4051/4051 4050/4050/4050 4011/4011/4011
f 4052/4052/4052 4048/4048/4048 4049/4049/4049
f 4051/4051/4051 4011/4011/4011 4014/4014/4014
f 4053/4053/4053 4051/4051/4051 4014/4014/4014
f 4053/4053/4053 4014/4014/4014 4054/4054/4054
f 4055/4055/4055 4053/4053/4053 4054/4054/4054
f 4047/4047/4047 4048/4048/4048 4056/4056/4056
f 4049/4049/4049 4057/4057/4057 4052/4052/4052
f 4057/4057/4057 4058/4058/4058 4052/4052/4052
f 4057/4057/4057 4059/4059/4059 4058/4058/4058
f 4059/4059/4059 4060/4060/4060 4058/4058/4058
f 4047/4047/4047 4056/4056/4056 4061/4061/4061
f 4046/4046/4046 4047/4047/4047 4061/4061/4061
f 4062/4062/4062 4061/4061/4061 4056/4056/4056
f 4063/4063/4063 4062/4062/4062 4056/4056/4056
f 4063/4063/4063 4056/4056/4056 4048/4048/4048
f 4064/4064/4064 4063/4063/4063 4048/4048/4048
f 4064/4064/4064 4048/4048/4048 4052/4052/4052
f 4065/4065/4065 4062/4062/4062 4063/4063/4063
f 4066/4066/4066 4065/4065/4065 4063/4063/4063
f 4066/4066/4066 4063/4063/4063 4064/4064/4064
f 4067/4067/4067 4064/4064/4064 4052/4052/4052
f 4068/4068/4068 4067/4067/4067 4052/4052/4052
f 4068/4068/4068 4052/4052/4052 4058/4058/4058
f 4069/4069/4069 4068/4068/4068 4058/4058/4058
f 4069/4069/4069 4058/4058/4058 4060/4060/4060
f 4070/4070/4070 4069/4069/4069 4060/4060/4060
f 4071/4071/4071 4067/4067/4067 4068/4068/4068
f 4071/4071/4071 4072/4072/4072 4067/4067/4067
f 4073/4073/4073 4072/4072/4072 4071/4071/4071
f 4073/4073/4073 4074/4074/4074 4072/4072/4072
f 4074/4074/4074 4075/4075/4075 4072/4072/4072
f 4076/4076/4076 4073/4073/4073 4071/4071/4071
f 4076/4076/4076 4071/4071/4071 4077/4077/4077
f 4077/4077/4077 4071/4071/4071 4068/4068/4068
f 4077/4077/4077 4068/4068/4068 4069/4069/4069
f 4078/4078/4078 4076/4076/4076 4077/4077/4077
f 4078/4078/4078 4077/4077/4077 4079/4079/4079
f 4079/4079/4079 4077/4077/4077 4069/4069/4069
f 4079/4079/4079 4069/4069/4069 4070/4070/4070
f 4080/4080/4080 4078/4078/4078 4079/4079/4079
f 4080/4080/4080 4079/4079/4079 4081/4081/4081
f 4081/4081/4081 4079/4079/4079 4070/4070/4070
f 4082/4082/4082 4080/4080/4080 4081/4081/4081
f 4083/4083/4083 4074/4074/4074 4073/4073/4073
f 4084/4084/4084 4083/4083/4083 4073/4073/4073
f 4084/4084/4084 4073/4073/4073 4076/4076/4076
f 4085/4085/4085 4083/4083/4083 4084/4084/4084
f 4086/4086/4086 4085/4085/4085 4084/4084/4084
f 4086/4086/4086 4084/4084/4084 4087/4087/4087
f 4087/4087/4087 4084/4084/4084 4076/4076/4076
f 4087/4087/4087 4076/4076/4076 4078/4078/4078
f 4088/4088/4088 4086/4086/4086 4087/4087/4087
f 4089/4089/4089 4088/4088/4088 4087/4087/4087
f 4090/4090/4090 4089/4089/4089 4087/4087/4087
f 4090/4090/4090 4087/4087/4087 4078/4078/4078
f 4091/4091/4091 4085/4085/4085 4086/4086/4086
f 4092/4092/4092 4091/4091/4091 4086/4086/4086
f 4092/4092/4092 4086/4086/4086 4088/4088/4088
f 4093/4093/4093 4091/4091/4091 4092/4092/4092
f 4094/4094/4094 4093/4093/4093 4092/4092/4092
f 4094/4094/4094 4092/4092/4092 4095/4095/4095
f 4095/4095/4095 4092/4092/4092 4088/4088/4088
f 4095/4095/4095 4088/4088/4088 4089/4089/4089
f 4096/4096/4096 4094/4094/4094 4095/4095/4095
f 4096/4096/4096 4095/4095/4095 4097/4097/4097
f 4097/4097/4097 4095/4095/4095 4089/4089/4089
f 4098/4098/4098 4096/4096/4096 4097/4097/4097
f 4098/4098/4098 4097/4097/4097 4099/4099/4099
f 4100/4100/4100 4098/4098/4098 4099/4099/4099
f 4101/4101/4101 4093/4093/4093 4094/4094/4094
f 4102/4102/4102 4101/4101/4101 4094/4094/4094
f 4102/4102/4102 4094/4094/4094 4096/4096/4096
f 4103/4103/4103 4102/4102/4102 4096/4096/4096
f 4103/4103/4103 4096/4096/4096 4098/4098/4098
f 4104/4104/4104 4103/4103/4103 4098/4098/4098
f 4104/4104/4104 4098/4098/4098 4100/4100/4100
f 4105/4105/4105 4104/4104/4104 4100/4100/4100
f 4099/4099/4099 4097/4097/4097 4106/4106/4106
f 4097/4097/4097 4089/4089/4089 4106/4106/4106
f 4107/4107/4107 4106/4106/4106 4089/4089/4089
f 4107/4107/4107 4089/4089/4089 4090/4090/4090
f 4107/4107/4107 4090/4090/4090 4108/4108/4108
f 4090/4090/4090 4109/4109/4109 4108/4108/4108
f 4110/4110/4110 4108/4108/4108 4109/4109/4109
f 4109/4109/4109 4111/4111/4111 4110/4110/4110
f 4111/4111/4111 4112/4112/4112 4110/4110/4110
f 4112/4112/4112 4111/4111/4111 4113/4113/4113
f 4114/4114/4114 4112/4112/4112 4113/4113/4113
f 4115/4115/4115 4108/4108/4108 4110/4110/4110
f 4114/4114/4114 4113/4113/4113 4116/4116/4116
f 4117/4117/4117 4114/4114/4114 4116/4116/4116
f 4111/4111/4111 4109/4109/4109 4118/4118/4118
f 4119/4119/4119 4111/4111/4111 4118/4118/4118
f 4119/4119/4119 4118/4118/4118 4120/4120/4120
f 4118/4118/4118 4121/4121/4121 4120/4120/4120
f 4118/4118/4118 4122/4122/4122 4121/4121/4121
f 4122/4122/4122 4123/4123/4123 4121/4121/4121
f 4122/4122/4122 4124/4124/4124 4123/4123/4123
f 4124/4124/4124 4125/4125/4125 4123/4123/4123
f 4119/4119/4119 4120/4120/4120 4126/4126/4126
f 4127/4127/4127 4119/4119/4119 4126/4126/4126
f 4127/4127/4127 4126/4126/4126 4128/4128/4128
f 4129/4129/4129 4127/4127/4127 4128/4128/4128
f 4122/4122/4122 4130/4130/4130 4124/4124/4124
f 4130/4130/4130 4122/4122/4122 4118/4118/4118
f 4130/4130/4130 4131/4131/4131 4124/4124/4124
f 4130/4130/4130 4118/4118/4118 4109/4109/4109
f 4111/4111/4111 4119/4119/4119 4127/4127/4127
f 4113/4113/4113 4111/4111/4111 4127/4127/4127
f 4113/4113/4113 4127/4127/4127 4129/4129/4129
f 4116/4116/4116 4113/4113/4113 4129/4129/4129
f 4123/4123/4123 4125/4125/4125 4132/4132/4132
f 4125/4125/4125 4133/4133/4133 4132/4132/4132
f 4123/4123/4123 4132/4132/4132 4050/4050/4050
f 4121/4121/4121 4123/4123/4123 4050/4050/4050
f 4121/4121/4121 4050/4050/4050 4051/4051/4051
f 4120/4120/4120 4121/4121/4121 4051/4051/4051
f 4120/4120/4120 4051/4051/4051 4053/4053/4053
f 4126/4126/4126 4120/4120/4120 4053/4053/4053
f 4126/4126/4126 4053/4053/4053 4055/4055/4055
f 4128/4128/4128 4126/4126/4126 4055/4055/4055
f 4132/4132/4132 4133/4133/4133 4057/4057/4057
f 4133/4133/4133 4059/4059/4059 4057/4057/4057
f 4132/4132/4132 4057/4057/4057 4049/4049/4049
f 4050/4050/4050 4132/4132/4132 4049/4049/4049
f 4032/4032/4032 4134/4134/4134 4013/4013/4013
f 4016/4016/4016 4032/4032/4032 4013/4013/4013
f 4013/4013/4013 4134/4134/4134 4014/4014/4014
f 4134/4134/4134 4054/4054/4054 4014/4014/4014
f 4137/4137/4137 4136/4136/4136 4135/4135/4135
f 4138/4138/4138 4137/4137/4137 4135/4135/4135
f 4139/4139/4139 4137/4137/4137 4138/4138/4138
f 4140/4140/4140 4139/4139/4139 4138/4138/4138
f 4141/4141/4141 4139/4139/4139 4140/4140/4140
f 4142/4142/4142 4141/4141/4141 4140/4140/4140
f 4143/4143/4143 4141/4141/4141 4142/4142/4142
f 4144/4144/4144 4143/4143/4143 4142/4142/4142
f 4145/4145/4145 4143/4143/4143 4144/4144/4144
f 4146/4146/4146 4145/4145/4145 4144/4144/4144
f 4147/4147/4147 4145/4145/4145 4146/4146/4146
f 4148/4148/4148 4147/4147/4147 4146/4146/4146
f 4149/4149/4149 4147/4147/4147 4148/4148/4148
f 4150/4150/4150 4149/4149/4149 4148/4148/4148
f 4151/4151/4151 4149/4149/4149 4150/4150/4150
f 4152/4152/4152 4151/4151/4151 4150/4150/4150
f 4153/4153/4153 4137/4137/4137 4139/4139/4139
f 4154/4154/4154 4153/4153/4153 4139/4139/4139
f 4154/4154/4154 4139/4139/4139 4141/4141/4141
f 4155/4155/4155 4154/4154/4154 4141/4141/4141
f 4155/4155/4155 4141/4141/4141 4143/4143/4143
f 4156/4156/4156 4155/4155/4155 4143/4143/4143
f 4156/4156/4156 4143/4143/4143 4145/4145/4145
f 4157/4157/4157 4156/4156/4156 4145/4145/4145
f 4157/4157/4157 4145/4145/4145 4147/4147/4147
f 4158/4158/4158 4157/4157/4157 4147/4147/4147
f 4158/4158/4158 4147/4147/4147 4149/4149/4149
f 4159/4159/4159 4158/4158/4158 4149/4149/4149
f 4149/4149/4149 4151/4151/4151 4160/4160/4160
f 4159/4159/4159 4149/4149/4149 4160/4160/4160
f 4154/4154/4154 4161/4161/4161 4153/4153/4153
f 4161/4161/4161 4162/4162/4162 4153/4153/4153
f 4153/4153/4153 4162/4162/4162 4163/4163/4163
f 4153/4153/4153 4163/4163/4163 4137/4137/4137
f 4163/4163/4163 4136/4136/4136 4137/4137/4137
f 4164/4164/4164 4136/4136/4136 4163/4163/4163
f 4164/4164/4164 4163/4163/4163 4165/4165/4165
f 4166/4166/4166 4136/4136/4136 4164/4164/4164
f 4165/4165/4165 4163/4163/4163 4167/4167/4167
f 4162/4162/4162 4167/4167/4167 4163/4163/4163
f 4168/4168/4168 4165/4165/4165 4167/4167/4167
f 4156/4156/4156 4169/4169/4169 4155/4155/4155
f 4170/4170/4170 4169/4169/4169 4156/4156/4156
f 4157/4157/4157 4170/4170/4170 4156/4156/4156
f 4171/4171/4171 4170/4170/4170 4157/4157/4157
f 4158/4158/4158 4171/4171/4171 4157/4157/4157
f 4172/4172/4172 4171/4171/4171 4158/4158/4158
f 4159/4159/4159 4172/4172/4172 4158/4158/4158
f 4173/4173/4173 4172/4172/4172 4159/4159/4159
f 4160/4160/4160 4173/4173/4173 4159/4159/4159
f 4136/4136/4136 4166/4166/4166 4174/4174/4174
f 4135/4135/4135 4136/4136/4136 4174/4174/4174
f 4175/4175/4175 4174/4174/4174 4166/4166/4166
f 4169/4169/4169 4176/4176/4176 4155/4155/4155
f 4155/4155/4155 4176/4176/4176 4154/4154/4154
f 4176/4176/4176 4161/4161/4161 4154/4154/4154
f 4177/4177/4177 4175/4175/4175 4166/4166/4166
f 4178/4178/4178 4175/4175/4175 4177/4177/4177
f 4179/4179/4179 4178/4178/4178 4177/4177/4177
f 4180/4180/4180 4178/4178/4178 4179/4179/4179
f 4181/4181/4181 4180/4180/4180 4179/4179/4179
f 4181/4181/4181 4179/4179/4179 4182/4182/4182
f 4183/4183/4183 4181/4181/4181 4182/4182/4182
f 4183/4183/4183 4182/4182/4182 4184/4184/4184
f 4185/4185/4185 4183/4183/4183 4184/4184/4184
f 4181/4181/4181 4183/4183/4183 4186/4186/4186
f 4186/4186/4186 4183/4183/4183 4185/4185/4185
f 4186/4186/4186 4187/4187/4187 4181/4181/4181
f 4188/4188/4188 4186/4186/4186 4185/4185/4185
f 4189/4189/4189 4180/4180/4180 4181/4181/4181
f 4187/4187/4187 4189/4189/4189 4181/4181/4181
f 4190/4190/4190 4189/4189/4189 4187/4187/4187
f 4191/4191/4191 4190/4190/4190 4187/4187/4187
f 4191/4191/4191 4187/4187/4187 4192/4192/4192
f 4191/4191/4191 4192/4192/4192 4193/4193/4193
f 4193/4193/4193 4192/4192/4192 4194/4194/4194
f 4192/4192/4192 4195/4195/4195 4194/4194/4194
f 4194/4194/4194 4195/4195/4195 4196/4196/4196
f 4195/4195/4195 4197/4197/4197 4196/4196/4196
f 4184/4184/4184 4182/4182/4182 4198/4198/4198
f 4182/4182/4182 4199/4199/4199 4198/4198/4198
f 4182/4182/4182 4179/4179/4179 4199/4199/4199
f 4179/4179/4179 4177/4177/4177 4199/4199/4199
f 4200/4200/4200 4193/4193/4193 4194/4194/4194
f 4201/4201/4201 4200/4200/4200 4194/4194/4194
f 4201/4201/4201 4194/4194/4194 4196/4196/4196
f 4202/4202/4202 4201/4201/4201 4196/4196/4196
f 4203/4203/4203 4190/4190/4190 4191/4191/4191
f 4204/4204/4204 4203/4203/4203 4191/4191/4191
f 4200/4200/4200 4204/4204/4204 4193/4193/4193
f 4204/4204/4204 4191/4191/4191 4193/4193/4193
f 4205/4205/4205 4197/4197/4197 4195/4195/4195
f 4206/4206/4206 4205/4205/4205 4195/4195/4195
f 4205/4205/4205 4206/4206/4206 4207/4207/4207
f 4208/4208/4208 4205/4205/4205 4207/4207/4207
f 4209/4209/4209 4208/4208/4208 4207/4207/4207
f 4210/4210/4210 4209/4209/4209 4207/4207/4207
f 4211/4211/4211 4209/4209/4209 4210/4210/4210
f 4212/4212/4212 4211/4211/4211 4210/4210/4210
f 4212/4212/4212 4210/4210/4210 4213/4213/4213
f 4214/4214/4214 4212/4212/4212 4213/4213/4213
f 4214/4214/4214 4213/4213/4213 4215/4215/4215
f 4216/4216/4216 4214/4214/4214 4215/4215/4215
f 4216/4216/4216 4215/4215/4215 4217/4217/4217
f 4218/4218/4218 4216/4216/4216 4217/4217/4217
f 4219/4219/4219 4214/4214/4214 4216/4216/4216
f 4220/4220/4220 4219/4219/4219 4216/4216/4216
f 4220/4220/4220 4216/4216/4216 4218/4218/4218
f 4221/4221/4221 4220/4220/4220 4218/4218/4218
f 4222/4222/4222 4211/4211/4211 4212/4212/4212
f 4223/4223/4223 4222/4222/4222 4212/4212/4212
f 4223/4223/4223 4212/4212/4212 4214/4214/4214
f 4219/4219/4219 4223/4223/4223 4214/4214/4214
f 4215/4215/4215 4213/4213/4213 4224/4224/4224
f 4213/4213/4213 4225/4225/4225 4224/4224/4224
f 4213/4213/4213 4210/4210/4210 4225/4225/4225
f 4224/4224/4224 4225/4225/4225 4226/4226/4226
f 4224/4224/4224 4226/4226/4226 4227/4227/4227
f 4228/4228/4228 4224/4224/4224 4227/4227/4227
f 4215/4215/4215 4224/4224/4224 4228/4228/4228
f 4217/4217/4217 4215/4215/4215 4228/4228/4228
f 4225/4225/4225 4229/4229/4229 4226/4226/4226
f 4226/4226/4226 4229/4229/4229 4230/4230/4230
f 4229/4229/4229 4231/4231/4231 4230/4230/4230
f 4230/4230/4230 4231/4231/4231 4232/4232/4232
f 4231/4231/4231 4233/4233/4233 4232/4232/4232
f 4230/4230/4230 4232/4232/4232 4234/4234/4234
f 4235/4235/4235 4230/4230/4230 4234/4234/4234
f 4226/4226/4226 4230/4230/4230 4235/4235/4235
f 4227/4227/4227 4226/4226/4226 4235/4235/4235
f 4231/4231/4231 4236/4236/4236 4233/4233/4233
f 4236/4236/4236 4231/4231/4231 4229/4229/4229
f 4236/4236/4236 4237/4237/4237 4233/4233/4233
f 4232/4232/4232 4233/4233/4233 4238/4238/4238
f 4233/4233/4233 4239/4239/4239 4238/4238/4238
f 4233/4233/4233 4237/4237/4237 4239/4239/4239
f 4232/4232/4232 4238/4238/4238 4240/4240/4240
f 4234/4234/4234 4232/4232/4232 4240/4240/4240
f 4237/4237/4237 4241/4241/4241 4239/4239/4239
f 4239/4239/4239 4241/4241/4241 4242/4242/4242
f 4241/4241/4241 4243/4243/4243 4242/4242/4242
f 4242/4242/4242 4243/4243/4243 4244/4244/4244
f 4164/4164/4164 4244/4244/4244 4243/4243/4243
f 4245/4245/4245 4164/4164/4164 4243/4243/4243
f 4242/4242/4242 4244/4244/4244 4246/4246/4246
f 4247/4247/4247 4246/4246/4246 4244/4244/4244
f 4247/4247/4247 4248/4248/4248 4246/4246/4246
f 4248/4248/4248 4249/4249/4249 4246/4246/4246
f 4250/4250/4250 4242/4242/4242 4246/4246/4246
f 4250/4250/4250 4246/4246/4246 4249/4249/4249
f 4251/4251/4251 4250/4250/4250 4249/4249/4249
f 4165/4165/4165 4247/4247/4247 4244/4244/4244
f 4164/4164/4164 4165/4165/4165 4244/4244/4244
f 4168/4168/4168 4248/4248/4248 4247/4247/4247
f 4165/4165/4165 4168/4168/4168 4247/4247/4247
f 4252/4252/4252 4242/4242/4242 4250/4250/4250
f 4252/4252/4252 4250/4250/4250 4251/4251/4251
f 4253/4253/4253 4252/4252/4252 4251/4251/4251
f 4238/4238/4238 4252/4252/4252 4253/4253/4253
f 4240/4240/4240 4238/4238/4238 4253/4253/4253
f 4238/4238/4238 4239/4239/4239 4252/4252/4252
f 4239/4239/4239 4242/4242/4242 4252/4252/4252
f 4199/4199/4199 4164/4164/4164 4245/4245/4245
f 4198/4198/4198 4199/4199/4199 4245/4245/4245
f 4199/4199/4199 4177/4177/4177 4164/4164/4164
f 4177/4177/4177 4166/4166/4166 4164/4164/4164
f 4254/4254/4254 4025/4025/4025 4039/4039/4039
f 4027/4027/4027 4025/4025/4025 4254/4254/4254
f 4255/4255/4255 4027/4027/4027 4254/4254/4254
f 4030/4030/4030 4027/4027/4027 4255/4255/4255
f 4256/4256/4256 4030/4030/4030 4255/4255/4255
f 4210/4210/4210 4207/4207/4207 4225/4225/4225
f 4225/4225/4225 4207/4207/4207 4229/4229/4229
f 4207/4207/4207 4257/4257/4257 4229/4229/4229
f 4229/4229/4229 4257/4257/4257 4192/4192/4192
f 4187/4187/4187 4229/4229/4229 4192/4192/4192
f 4187/4187/4187 4186/4186/4186 4229/4229/4229
f 4186/4186/4186 4258/4258/4258 4229/4229/4229
f 4258/4258/4258 4236/4236/4236 4229/4229/4229
f 4258/4258/4258 4259/4259/4259 4236/4236/4236
f 4206/4206/4206 4257/4257/4257 4207/4207/4207
f 4257/4257/4257 4206/4206/4206 4192/4192/4192
f 4206/4206/4206 4195/4195/4195 4192/4192/4192
f 4258/4258/4258 4186/4186/4186 4188/4188/4188
f 4259/4259/4259 4258/4258/4258 4188/4188/4188
f 4075/4075/4075 4261/4261/4261 4260/4260/4260
f 4072/4072/4072 4075/4075/4075 4260/4260/4260
f 4072/4072/4072 4260/4260/4260 4067/4067/4067
f 4067/4067/4067 4260/4260/4260 4064/4064/4064
f 4260/4260/4260 4066/4066/4066 4064/4064/4064
f 4260/4260/4260 4261/4261/4261 4066/4066/4066
f 4261/4261/4261 4065/4065/4065 4066/4066/4066
f 4264/4264/4264 4263/4263/4263 4262/4262/4262
f 4265/4265/4265 4263/4263/4263 4264/4264/4264
f 4263/4263/4263 4265/4265/4265 4266/4266/4266
f 4265/4265/4265 4264/4264/4264 4267/4267/4267
f 4267/4267/4267 4264/4264/4264 4268/4268/4268
f 4265/4265/4265 4267/4267/4267 4269/4269/4269
f 4270/4270/4270 4115/4115/4115 4110/4110/4110
f 4271/4271/4271 4270/4270/4270 4110/4110/4110
f 4271/4271/4271 4110/4110/4110 4112/4112/4112
f 4272/4272/4272 4271/4271/4271 4112/4112/4112
f 4272/4272/4272 4112/4112/4112 4114/4114/4114
f 4273/4273/4273 4272/4272/4272 4114/4114/4114
f 4273/4273/4273 4114/4114/4114 4117/4117/4117
f 4274/4274/4274 4273/4273/4273 4117/4117/4117
f 4275/4275/4275 4080/4080/4080 4082/4082/4082
f 4276/4276/4276 4275/4275/4275 4082/4082/4082
f 4080/4080/4080 4275/4275/4275 4078/4078/4078
f 4078/4078/4078 4275/4275/4275 4090/4090/4090
f 4090/4090/4090 4275/4275/4275 4109/4109/4109
f 4275/4275/4275 4130/4130/4130 4109/4109/4109
f 4275/4275/4275 4276/4276/4276 4130/4130/4130
f 4276/4276/4276 4131/4131/4131 4130/4130/4130
f 4279/4279/4279 4278/4278/4278 4277/4277/4277
f 4280/4280/4280 4278/4278/4278 4279/4279/4279
f 4281/4281/4281 4278/4278/4278 4280/4280/4280
f 4280/4280/4280 4279/4279/4279 4282/4282/4282
f 4283/4283/4283 4280/4280/4280 4282/4282/4282
f 4283/4283/4283 4282/4282/4282 4284/4284/4284
f 4285/4285/4285 4283/4283/4283 4284/4284/4284
f 4285/4285/4285 4284/4284/4284 4286/4286/4286
f 4287/4287/4287 4285/4285/4285 4286/4286/4286
f 4287/4287/4287 4286/4286/4286 4288/4288/4288
f 4289/4289/4289 4287/4287/4287 4288/4288/4288
f 4289/4289/4289 4288/4288/4288 4290/4290/4290
f 4291/4291/4291 4289/4289/4289 4290/4290/4290
f 4291/4291/4291 4290/4290/4290 4292/4292/4292
f 4293/4293/4293 4291/4291/4291 4292/4292/4292
f 4293/4293/4293 4292/4292/4292 4294/4294/4294
f 4295/4295/4295 4293/4293/4293 4294/4294/4294
f 4295/4295/4295 4294/4294/4294 4296/4296/4296
f 4294/4294/4294 4297/4297/4297 4296/4296/4296
f 4285/4285/4285 4298/4298/4298 4283/4283/4283
f 4298/4298/4298 4299/4299/4299 4283/4283/4283
f 4300/4300/4300 4298/4298/4298 4285/4285/4285
f 4287/4287/4287 4300/4300/4300 4285/4285/4285
f 4301/4301/4301 4300/4300/4300 4287/4287/4287
f 4289/4289/4289 4301/4301/4301 4287/4287/4287
f 4302/4302/4302 4301/4301/4301 4289/4289/4289
f 4291/4291/4291 4302/4302/4302 4289/4289/4289
f 4303/4303/4303 4302/4302/4302 4291/4291/4291
f 4293/4293/4293 4303/4303/4303 4291/4291/4291
f 4304/4304/4304 4303/4303/4303 4293/4293/4293
f 4295/4295/4295 4304/4304/4304 4293/4293/4293
f 4305/4305/4305 4304/4304/4304 4295/4295/4295
f 4296/4296/4296 4305/4305/4305 4295/4295/4295
f 4292/4292/4292 4290/4290/4290 4306/4306/4306
f 4306/4306/4306 4290/4290/4290 4307/4307/4307
f 4290/4290/4290 4288/4288/4288 4307/4307/4307
f 4307/4307/4307 4288/4288/4288 4308/4308/4308
f 4288/4288/4288 4286/4286/4286 4308/4308/4308
f 4308/4308/4308 4286/4286/4286 4309/4309/4309
f 4286/4286/4286 4284/4284/4284 4309/4309/4309
f 4309/4309/4309 4284/4284/4284 4310/4310/4310
f 4284/4284/4284 4282/4282/4282 4310/4310/4310
f 4310/4310/4310 4282/4282/4282 4311/4311/4311
f 4282/4282/4282 4279/4279/4279 4311/4311/4311
f 4312/4312/4312 4311/4311/4311 4279/4279/4279
f 4277/4277/4277 4312/4312/4312 4279/4279/4279
f 4312/4312/4312 4277/4277/4277 4313/4313/4313
f 4277/4277/4277 4314/4314/4314 4313/4313/4313
f 4314/4314/4314 4277/4277/4277 4278/4278/4278
f 4315/4315/4315 4314/4314/4314 4278/4278/4278
f 4315/4315/4315 4278/4278/4278 4316/4316/4316
f 4317/4317/4317 4316/4316/4316 4278/4278/4278
f 4318/4318/4318 4317/4317/4317 4278/4278/4278
f 4319/4319/4319 4315/4315/4315 4316/4316/4316
f 4318/4318/4318 4278/4278/4278 4281/4281/4281
f 4320/4320/4320 4318/4318/4318 4281/4281/4281
f 4320/4320/4320 4281/4281/4281 4321/4321/4321
f 4322/4322/4322 4320/4320/4320 4321/4321/4321
f 4314/4314/4314 4315/4315/4315 4323/4323/4323
f 4316/4316/4316 4324/4324/4324 4319/4319/4319
f 4324/4324/4324 4325/4325/4325 4319/4319/4319
f 4324/4324/4324 4326/4326/4326 4325/4325/4325
f 4326/4326/4326 4327/4327/4327 4325/4325/4325
f 4314/4314/4314 4323/4323/4323 4328/4328/4328
f 4313/4313/4313 4314/4314/4314 4328/4328/4328
f 4329/4329/4329 4328/4328/4328 4323/4323/4323
f 4330/4330/4330 4329/4329/4329 4323/4323/4323
f 4330/4330/4330 4323/4323/4323 4315/4315/4315
f 4331/4331/4331 4330/4330/4330 4315/4315/4315
f 4331/4331/4331 4315/4315/4315 4319/4319/4319
f 4332/4332/4332 4329/4329/4329 4330/4330/4330
f 4333/4333/4333 4332/4332/4332 4330/4330/4330
f 4333/4333/4333 4330/4330/4330 4331/4331/4331
f 4334/4334/4334 4331/4331/4331 4319/4319/4319
f 4335/4335/4335 4334/4334/4334 4319/4319/4319
f 4335/4335/4335 4319/4319/4319 4325/4325/4325
f 4336/4336/4336 4335/4335/4335 4325/4325/4325
f 4336/4336/4336 4325/4325/4325 4327/4327/4327
f 4337/4337/4337 4336/4336/4336 4327/4327/4327
f 4338/4338/4338 4334/4334/4334 4335/4335/4335
f 4338/4338/4338 4339/4339/4339 4334/4334/4334
f 4340/4340/4340 4339/4339/4339 4338/4338/4338
f 4340/4340/4340 4341/4341/4341 4339/4339/4339
f 4341/4341/4341 4342/4342/4342 4339/4339/4339
f 4343/4343/4343 4340/4340/4340 4338/4338/4338
f 4343/4343/4343 4338/4338/4338 4344/4344/4344
f 4344/4344/4344 4338/4338/4338 4335/4335/4335
f 4344/4344/4344 4335/4335/4335 4336/4336/4336
f 4345/4345/4345 4343/4343/4343 4344/4344/4344
f 4345/4345/4345 4344/4344/4344 4346/4346/4346
f 4346/4346/4346 4344/4344/4344 4336/4336/4336
f 4346/4346/4346 4336/4336/4336 4337/4337/4337
f 4347/4347/4347 4345/4345/4345 4346/4346/4346
f 4347/4347/4347 4346/4346/4346 4348/4348/4348
f 4348/4348/4348 4346/4346/4346 4337/4337/4337
f 4349/4349/4349 4347/4347/4347 4348/4348/4348
f 4350/4350/4350 4341/4341/4341 4340/4340/4340
f 4351/4351/4351 4350/4350/4350 4340/4340/4340
f 4351/4351/4351 4340/4340/4340 4343/4343/4343
f 4352/4352/4352 4350/4350/4350 4351/4351/4351
f 4353/4353/4353 4352/4352/4352 4351/4351/4351
f 4353/4353/4353 4351/4351/4351 4354/4354/4354
f 4354/4354/4354 4351/4351/4351 4343/4343/4343
f 4354/4354/4354 4343/4343/4343 4345/4345/4345
f 4355/4355/4355 4353/4353/4353 4354/4354/4354
f 4356/4356/4356 4355/4355/4355 4354/4354/4354
f 4357/4357/4357 4356/4356/4356 4354/4354/4354
f 4357/4357/4357 4354/4354/4354 4345/4345/4345
f 4358/4358/4358 4352/4352/4352 4353/4353/4353
f 4359/4359/4359 4358/4358/4358 4353/4353/4353
f 4359/4359/4359 4353/4353/4353 4355/4355/4355
f 4360/4360/4360 4358/4358/4358 4359/4359/4359
f 4361/4361/4361 4360/4360/4360 4359/4359/4359
f 4361/4361/4361 4359/4359/4359 4362/4362/4362
f 4362/4362/4362 4359/4359/4359 4355/4355/4355
f 4362/4362/4362 4355/4355/4355 4356/4356/4356
f 4363/4363/4363 4361/4361/4361 4362/4362/4362
f 4363/4363/4363 4362/4362/4362 4364/4364/4364
f 4364/4364/4364 4362/4362/4362 4356/4356/4356
f 4365/4365/4365 4363/4363/4363 4364/4364/4364
f 4365/4365/4365 4364/4364/4364 4366/4366/4366
f 4367/4367/4367 4365/4365/4365 4366/4366/4366
f 4368/4368/4368 4360/4360/4360 4361/4361/4361
f 4369/4369/4369 4368/4368/4368 4361/4361/4361
f 4369/4369/4369 4361/4361/4361 4363/4363/4363
f 4370/4370/4370 4369/4369/4369 4363/4363/4363
f 4370/4370/4370 4363/4363/4363 4365/4365/4365
f 4371/4371/4371 4370/4370/4370 4365/4365/4365
f 4371/4371/4371 4365/4365/4365 4367/4367/4367
f 4372/4372/4372 4371/4371/4371 4367/4367/4367
f 4366/4366/4366 4364/4364/4364 4373/4373/4373
f 4364/4364/4364 4356/4356/4356 4373/4373/4373
f 4374/4374/4374 4373/4373/4373 4356/4356/4356
f 4374/4374/4374 4356/4356/4356 4357/4357/4357
f 4374/4374/4374 4357/4357/4357 4375/4375/4375
f 4357/4357/4357 4376/4376/4376 4375/4375/4375
f 4377/4377/4377 4375/4375/4375 4376/4376/4376
f 4376/4376/4376 4378/4378/4378 4377/4377/4377
f 4378/4378/4378 4379/4379/4379 4377/4377/4377
f 4379/4379/4379 4378/4378/4378 4380/4380/4380
f 4381/4381/4381 4379/4379/4379 4380/4380/4380
f 4382/4382/4382 4375/4375/4375 4377/4377/4377
f 4381/4381/4381 4380/4380/4380 4383/4383/4383
f 4384/4384/4384 4381/4381/4381 4383/4383/4383
f 4378/4378/4378 4376/4376/4376 4385/4385/4385
f 4386/4386/4386 4378/4378/4378 4385/4385/4385
f 4386/4386/4386 4385/4385/4385 4387/4387/4387
f 4385/4385/4385 4388/4388/4388 4387/4387/4387
f 4385/4385/4385 4389/4389/4389 4388/4388/4388
f 4389/4389/4389 4390/4390/4390 4388/4388/4388
f 4389/4389/4389 4391/4391/4391 4390/4390/4390
f 4391/4391/4391 4392/4392/4392 4390/4390/4390
f 4386/4386/4386 4387/4387/4387 4393/4393/4393
f 4394/4394/4394 4386/4386/4386 4393/4393/4393
f 4394/4394/4394 4393/4393/4393 4395/4395/4395
f 4396/4396/4396 4394/4394/4394 4395/4395/4395
f 4389/4389/4389 4397/4397/4397 4391/4391/4391
f 4397/4397/4397 4389/4389/4389 4385/4385/4385
f 4397/4397/4397 4398/4398/4398 4391/4391/4391
f 4397/4397/4397 4385/4385/4385 4376/4376/4376
f 4378/4378/4378 4386/4386/4386 4394/4394/4394
f 4380/4380/4380 4378/4378/4378 4394/4394/4394
f 4380/4380/4380 4394/4394/4394 4396/4396/4396
f 4383/4383/4383 4380/4380/4380 4396/4396/4396
f 4390/4390/4390 4392/4392/4392 4399/4399/4399
f 4392/4392/4392 4400/4400/4400 4399/4399/4399
f 4390/4390/4390 4399/4399/4399 4317/4317/4317
f 4388/4388/4388 4390/4390/4390 4317/4317/4317
f 4388/4388/4388 4317/4317/4317 4318/4318/4318
f 4387/4387/4387 4388/4388/4388 4318/4318/4318
f 4387/4387/4387 4318/4318/4318 4320/4320/4320
f 4393/4393/4393 4387/4387/4387 4320/4320/4320
f 4393/4393/4393 4320/4320/4320 4322/4322/4322
f 4395/4395/4395 4393/4393/4393 4322/4322/4322
f 4399/4399/4399 4400/4400/4400 4324/4324/4324
f 4400/4400/4400 4326/4326/4326 4324/4324/4324
f 4399/4399/4399 4324/4324/4324 4316/4316/4316
f 4317/4317/4317 4399/4399/4399 4316/4316/4316
f 4299/4299/4299 4401/4401/4401 4280/4280/4280
f 4283/4283/4283 4299/4299/4299 4280/4280/4280
f 4280/4280/4280 4401/4401/4401 4281/4281/4281
f 4401/4401/4401 4321/4321/4321 4281/4281/4281
f 4404/4404/4404 4403/4403/4403 4402/4402/4402
f 4405/4405/4405 4404/4404/4404 4402/4402/4402
f 4406/4406/4406 4404/4404/4404 4405/4405/4405
f 4407/4407/4407 4406/4406/4406 4405/4405/4405
f 4408/4408/4408 4406/4406/4406 4407/4407/4407
f 4409/4409/4409 4408/4408/4408 4407/4407/4407
f 4410/4410/4410 4408/4408/4408 4409/4409/4409
f 4411/4411/4411 4410/4410/4410 4409/4409/4409
f 4412/4412/4412 4410/4410/4410 4411/4411/4411
f 4413/4413/4413 4412/4412/4412 4411/4411/4411
f 4414/4414/4414 4412/4412/4412 4413/4413/4413
f 4415/4415/4415 4414/4414/4414 4413/4413/4413
f 4416/4416/4416 4414/4414/4414 4415/4415/4415
f 4417/4417/4417 4416/4416/4416 4415/4415/4415
f 4418/4418/4418 4416/4416/4416 4417/4417/4417
f 4419/4419/4419 4418/4418/4418 4417/4417/4417
f 4420/4420/4420 4404/4404/4404 4406/4406/4406
f 4421/4421/4421 4420/4420/4420 4406/4406/4406
f 4421/4421/4421 4406/4406/4406 4408/4408/4408
f 4422/4422/4422 4421/4421/4421 4408/4408/4408
f 4422/4422/4422 4408/4408/4408 4410/4410/4410
f 4423/4423/4423 4422/4422/4422 4410/4410/4410
f 4423/4423/4423 4410/4410/4410 4412/4412/4412
f 4424/4424/4424 4423/4423/4423 4412/4412/4412
f 4424/4424/4424 4412/4412/4412 4414/4414/4414
f 4425/4425/4425 4424/4424/4424 4414/4414/4414
f 4425/4425/4425 4414/4414/4414 4416/4416/4416
f 4426/4426/4426 4425/4425/4425 4416/4416/4416
f 4416/4416/4416 4418/4418/4418 4427/4427/4427
f 4426/4426/4426 4416/4416/4416 4427/4427/4427
f 4421/4421/4421 4428/4428/4428 4420/4420/4420
f 4428/4428/4428 4429/4429/4429 4420/4420/4420
f 4420/4420/4420 4429/4429/4429 4430/4430/4430
f 4420/4420/4420 4430/4430/4430 4404/4404/4404
f 4430/4430/4430 4403/4403/4403 4404/4404/4404
f 4431/4431/4431 4403/4403/4403 4430/4430/4430
f 4431/4431/4431 4430/4430/4430 4432/4432/4432
f 4433/4433/4433 4403/4403/4403 4431/4431/4431
f 4432/4432/4432 4430/4430/4430 4434/4434/4434
f 4429/4429/4429 4434/4434/4434 4430/4430/4430
f 4435/4435/4435 4432/4432/4432 4434/4434/4434
f 4423/4423/4423 4436/4436/4436 4422/4422/4422
f 4437/4437/4437 4436/4436/4436 4423/4423/4423
f 4424/4424/4424 4437/4437/4437 4423/4423/4423
f 4438/4438/4438 4437/4437/4437 4424/4424/4424
f 4425/4425/4425 4438/4438/4438 4424/4424/4424
f 4439/4439/4439 4438/4438/4438 4425/4425/4425
f 4426/4426/4426 4439/4439/4439 4425/4425/4425
f 4440/4440/4440 4439/4439/4439 4426/4426/4426
f 4427/4427/4427 4440/4440/4440 4426/4426/4426
f 4403/4403/4403 4433/4433/4433 4441/4441/4441
f 4402/4402/4402 4403/4403/4403 4441/4441/4441
f 4442/4442/4442 4441/4441/4441 4433/4433/4433
f 4436/4436/4436 4443/4443/4443 4422/4422/4422
f 4422/4422/4422 4443/4443/4443 4421/4421/4421
f 4443/4443/4443 4428/4428/4428 4421/4421/4421
f 4444/4444/4444 4442/4442/4442 4433/4433/4433
f 4445/4445/4445 4442/4442/4442 4444/4444/4444
f 4446/4446/4446 4445/4445/4445 4444/4444/4444
f 4447/4447/4447 4445/4445/4445 4446/4446/4446
f 4448/4448/4448 4447/4447/4447 4446/4446/4446
f 4448/4448/4448 4446/4446/4446 4449/4449/4449
f 4450/4450/4450 4448/4448/4448 4449/4449/4449
f 4450/4450/4450 4449/4449/4449 4451/4451/4451
f 4452/4452/4452 4450/4450/4450 4451/4451/4451
f 4448/4448/4448 4450/4450/4450 4453/4453/4453
f 4453/4453/4453 4450/4450/4450 4452/4452/4452
f 4453/4453/4453 4454/4454/4454 4448/4448/4448
f 4455/4455/4455 4453/4453/4453 4452/4452/4452
f 4456/4456/4456 4447/4447/4447 4448/4448/4448
f 4454/4454/4454 4456/4456/4456 4448/4448/4448
f 4457/4457/4457 4456/4456/4456 4454/4454/4454
f 4458/4458/4458 4457/4457/4457 4454/4454/4454
f 4458/4458/4458 4454/4454/4454 4459/4459/4459
f 4458/4458/4458 4459/4459/4459 4460/4460/4460
f 4460/4460/4460 4459/4459/4459 4461/4461/4461
f 4459/4459/4459 4462/4462/4462 4461/4461/4461
f 4461/4461/4461 4462/4462/4462 4463/4463/4463
f 4462/4462/4462 4464/4464/4464 4463/4463/4463
f 4451/4451/4451 4449/4449/4449 4465/4465/4465
f 4449/4449/4449 4466/4466/4466 4465/4465/4465
f 4449/4449/4449 4446/4446/4446 4466/4466/4466
f 4446/4446/4446 4444/4444/4444 4466/4466/4466
f 4467/4467/4467 4460/4460/4460 4461/4461/4461
f 4468/4468/4468 4467/4467/4467 4461/4461/4461
f 4468/4468/4468 4461/4461/4461 4463/4463/4463
f 4469/4469/4469 4468/4468/4468 4463/4463/4463
f 4470/4470/4470 4457/4457/4457 4458/4458/4458
f 4471/4471/4471 4470/4470/4470 4458/4458/4458
f 4467/4467/4467 4471/4471/4471 4460/4460/4460
f 4471/4471/4471 4458/4458/4458 4460/4460/4460
f 4472/4472/4472 4464/4464/4464 4462/4462/4462
f 4473/4473/4473 4472/4472/4472 4462/4462/4462
f 4472/4472/4472 4473/4473/4473 4474/4474/4474
f 4475/4475/4475 4472/4472/4472 4474/4474/4474
f 4476/4476/4476 4475/4475/4475 4474/4474/4474
f 4477/4477/4477 4476/4476/4476 4474/4474/4474
f 4478/4478/4478 4476/4476/4476 4477/4477/4477
f 4479/4479/4479 4478/4478/4478 4477/4477/4477
f 4479/4479/4479 4477/4477/4477 4480/4480/4480
f 4481/4481/4481 4479/4479/4479 4480/4480/4480
f 4481/4481/4481 4480/4480/4480 4482/4482/4482
f 4483/4483/4483 4481/4481/4481 4482/4482/4482
f 4483/4483/4483 4482/4482/4482 4484/4484/4484
f 4485/4485/4485 4483/4483/4483 4484/4484/4484
f 4486/4486/4486 4481/4481/4481 4483/4483/4483
f 4487/4487/4487 4486/4486/4486 4483/4483/4483
f 4487/4487/4487 4483/4483/4483 4485/4485/4485
f 4488/4488/4488 4487/4487/4487 4485/4485/4485
f 4489/4489/4489 4478/4478/4478 4479/4479/4479
f 4490/4490/4490 4489/4489/4489 4479/4479/4479
f 4490/4490/4490 4479/4479/4479 4481/4481/4481
f 4486/4486/4486 4490/4490/4490 4481/4481/4481
f 4482/4482/4482 4480/4480/4480 4491/4491/4491
f 4480/4480/4480 4492/4492/4492 4491/4491/4491
f 4480/4480/4480 4477/4477/4477 4492/4492/4492
f 4491/4491/4491 4492/4492/4492 4493/4493/4493
f 4491/4491/4491 4493/4493/4493 4494/4494/4494
f 4495/4495/4495 4491/4491/4491 4494/4494/4494
f 4482/4482/4482 4491/4491/4491 4495/4495/4495
f 4484/4484/4484 4482/4482/4482 4495/4495/4495
f 4492/4492/4492 4496/4496/4496 4493/4493/4493
f 4493/4493/4493 4496/4496/4496 4497/4497/4497
f 4496/4496/4496 4498/4498/4498 4497/4497/4497
f 4497/4497/4497 4498/4498/4498 4499/4499/4499
f 4498/4498/4498 4500/4500/4500 4499/4499/4499
f 4497/4497/4497 4499/4499/4499 4501/4501/4501
f 4502/4502/4502 4497/4497/4497 4501/4501/4501
f 4493/4493/4493 4497/4497/4497 4502/4502/4502
f 4494/4494/4494 4493/4493/4493 4502/4502/4502
f 4498/4498/4498 4503/4503/4503 4500/4500/4500
f 4503/4503/4503 4498/4498/4498 4496/4496/4496
f 4503/4503/4503 4504/4504/4504 4500/4500/4500
f 4499/4499/4499 4500/4500/4500 4505/4505/4505
f 4500/4500/4500 4506/4506/4506 4505/4505/4505
f 4500/4500/4500 4504/4504/4504 4506/4506/4506
f 4499/4499/4499 4505/4505/4505 4507/4507/4507
f 4501/4501/4501 4499/4499/4499 4507/4507/4507
f 4504/4504/4504 4508/4508/4508 4506/4506/4506
f 4506/4506/4506 4508/4508/4508 4509/4509/4509
f 4508/4508/4508 4510/4510/4510 4509/4509/4509
f 4509/4509/4509 4510/4510/4510 4511/4511/4511
f 4431/4431/4431 4511/4511/4511 4510/4510/4510
f 4512/4512/4512 4431/4431/4431 4510/4510/4510
f 4509/4509/4509 4511/4511/4511 4513/4513/4513
f 4514/4514/4514 4513/4513/4513 4511/4511/4511
f 4514/4514/4514 4515/4515/4515 4513/4513/4513
f 4515/4515/4515 4516/4516/4516 4513/4513/4513
f 4517/4517/4517 4509/4509/4509 4513/4513/4513
f 4517/4517/4517 4513/4513/4513 4516/4516/4516
f 4518/4518/4518 4517/4517/4517 4516/4516/4516
f 4432/4432/4432 4514/4514/4514 4511/4511/4511
f 4431/4431/4431 4432/4432/4432 4511/4511/4511
f 4435/4435/4435 4515/4515/4515 4514/4514/4514
f 4432/4432/4432 4435/4435/4435 4514/4514/4514
f 4519/4519/4519 4509/4509/4509 4517/4517/4517
f 4519/4519/4519 4517/4517/4517 4518/4518/4518
f 4520/4520/4520 4519/4519/4519 4518/4518/4518
f 4505/4505/4505 4519/4519/4519 4520/4520/4520
f 4507/4507/4507 4505/4505/4505 4520/4520/4520
f 4505/4505/4505 4506/4506/4506 4519/4519/4519
f 4506/4506/4506 4509/4509/4509 4519/4519/4519
f 4466/4466/4466 4431/4431/4431 4512/4512/4512
f 4465/4465/4465 4466/4466/4466 4512/4512/4512
f 4466/4466/4466 4444/4444/4444 4431/4431/4431
f 4444/4444/4444 4433/4433/4433 4431/4431/4431
f 4521/4521/4521 4292/4292/4292 4306/4306/4306
f 4294/4294/4294 4292/4292/4292 4521/4521/4521
f 4522/4522/4522 4294/4294/4294 4521/4521/4521
f 4297/4297/4297 4294/4294/4294 4522/4522/4522
f 4523/4523/4523 4297/4297/4297 4522/4522/4522
f 4477/4477/4477 4474/4474/4474 4492/4492/4492
f 4492/4492/4492 4474/4474/4474 4496/4496/4496
f 4474/4474/4474 4524/4524/4524 4496/4496/4496
f 4496/4496/4496 4524/4524/4524 4459/4459/4459
f 4454/4454/4454 4496/4496/4496 4459/4459/4459
f 4454/4454/4454 4453/4453/4453 4496/4496/4496
f 4453/4453/4453 4525/4525/4525 4496/4496/4496
f 4525/4525/4525 4503/4503/4503 4496/4496/4496
f 4525/4525/4525 4526/4526/4526 4503/4503/4503
f 4473/4473/4473 4524/4524/4524 4474/4474/4474
f 4524/4524/4524 4473/4473/4473 4459/4459/4459
f 4473/4473/4473 4462/4462/4462 4459/4459/4459
f 4525/4525/4525 4453/4453/4453 4455/4455/4455
f 4526/4526/4526 4525/4525/4525 4455/4455/4455
f 4342/4342/4342 4528/4528/4528 4527/4527/4527
f 4339/4339/4339 4342/4342/4342 4527/4527/4527
f 4339/4339/4339 4527/4527/4527 4334/4334/4334
f 4334/4334/4334 4527/4527/4527 4331/4331/4331
f 4527/4527/4527 4333/4333/4333 4331/4331/4331
f 4527/4527/4527 4528/4528/4528 4333/4333/4333
f 4528/4528/4528 4332/4332/4332 4333/4333/4333
f 4531/4531/4531 4530/4530/4530 4529/4529/4529
f 4532/4532/4532 4530/4530/4530 4531/4531/4531
f 4530/4530/4530 4532/4532/4532 4533/4533/4533
f 4532/4532/4532 4531/4531/4531 4534/4534/4534
f 4534/4534/4534 4531/4531/4531 4535/4535/4535
f 4532/4532/4532 4534/4534/4534 4536/4536/4536
f 4537/4537/4537 4382/4382/4382 4377/4377/4377
f 4538/4538/4538 4537/4537/4537 4377/4377/4377
f 4538/4538/4538 4377/4377/4377 4379/4379/4379
f 4539/4539/4539 4538/4538/4538 4379/4379/4379
f 4539/4539/4539 4379/4379/4379 4381/4381/4381
f 4540/4540/4540 4539/4539/4539 4381/4381/4381
f 4540/4540/4540 4381/4381/4381 4384/4384/4384
f 4541/4541/4541 4540/4540/4540 4384/4384/4384
f 4542/4542/4542 4347/4347/4347 4349/4349/4349
f 4543/4543/4543 4542/4542/4542 4349/4349/4349
f 4347/4347/4347 4542/4542/4542 4345/4345/4345
f 4345/4345/4345 4542/4542/4542 4357/4357/4357
f 4357/4357/4357 4542/4542/4542 4376/4376/4376
f 4542/4542/4542 4397/4397/4397 4376/4376/4376
f 4542/4542/4542 4543/4543/4543 4397/4397/4397
f 4543/4543/4543 4398/4398/4398 4397/4397/4397
f 4546/4546/4546 4545/4545/4545 4544/4544/4544
f 4546/4546/4546 4547/4547/4547 4545/4545/4545
f 4546/4546/4546 4548/4548/4548 4547/4547/4547
f 4545/4545/4545 4547/4547/4547 4549/4549/4549
f 4547/4547/4547 4550/4550/4550 4549/4549/4549
f 4549/4549/4549 4550/4550/4550 4551/4551/4551
f 4550/4550/4550 4552/4552/4552 4551/4551/4551
f 4551/4551/4551 4552/4552/4552 4553/4553/4553
f 4552/4552/4552 4554/4554/4554 4553/4553/4553
f 4553/4553/4553 4554/4554/4554 4555/4555/4555
f 4554/4554/4554 4556/4556/4556 4555/4555/4555
f 4555/4555/4555 4556/4556/4556 4557/4557/4557
f 4556/4556/4556 4558/4558/4558 4557/4557/4557
f 4557/4557/4557 4558/4558/4558 4559/4559/4559
f 4558/4558/4558 4560/4560/4560 4559/4559/4559
f 4559/4559/4559 4560/4560/4560 4561/4561/4561
f 4560/4560/4560 4562/4562/4562 4561/4561/4561
f 4561/4561/4561 4562/4562/4562 4563/4563/4563
f 4564/4564/4564 4561/4561/4561 4563/4563/4563
f 4565/4565/4565 4552/4552/4552 4550/4550/4550
f 4566/4566/4566 4565/4565/4565 4550/4550/4550
f 4567/4567/4567 4554/4554/4554 4552/4552/4552
f 4565/4565/4565 4567/4567/4567 4552/4552/4552
f 4568/4568/4568 4556/4556/4556 4554/4554/4554
f 4567/4567/4567 4568/4568/4568 4554/4554/4554
f 4569/4569/4569 4558/4558/4558 4556/4556/4556
f 4568/4568/4568 4569/4569/4569 4556/4556/4556
f 4570/4570/4570 4560/4560/4560 4558/4558/4558
f 4569/4569/4569 4570/4570/4570 4558/4558/4558
f 4571/4571/4571 4562/4562/4562 4560/4560/4560
f 4570/4570/4570 4571/4571/4571 4560/4560/4560
f 4572/4572/4572 4563/4563/4563 4562/4562/4562
f 4571/4571/4571 4572/4572/4572 4562/4562/4562
f 4557/4557/4557 4559/4559/4559 4573/4573/4573
f 4557/4557/4557 4573/4573/4573 4574/4574/4574
f 4555/4555/4555 4557/4557/4557 4574/4574/4574
f 4555/4555/4555 4574/4574/4574 4575/4575/4575
f 4553/4553/4553 4555/4555/4555 4575/4575/4575
f 4553/4553/4553 4575/4575/4575 4576/4576/4576
f 4551/4551/4551 4553/4553/4553 4576/4576/4576
f 4551/4551/4551 4576/4576/4576 4577/4577/4577
f 4549/4549/4549 4551/4551/4551 4577/4577/4577
f 4549/4549/4549 4577/4577/4577 4578/4578/4578
f 4545/4545/4545 4549/4549/4549 4578/4578/4578
f 4578/4578/4578 4579/4579/4579 4545/4545/4545
f 4579/4579/4579 4544/4544/4544 4545/4545/4545
f 4544/4544/4544 4579/4579/4579 4580/4580/4580
f 4581/4581/4581 4544/4544/4544 4580/4580/4580
f 4544/4544/4544 4581/4581/4581 4546/4546/4546
f 4581/4581/4581 4582/4582/4582 4546/4546/4546
f 4546/4546/4546 4582/4582/4582 4583/4583/4583
f 4583/4583/4583 4584/4584/4584 4546/4546/4546
f 4584/4584/4584 4585/4585/4585 4546/4546/4546
f 4582/4582/4582 4586/4586/4586 4583/4583/4583
f 4546/4546/4546 4585/4585/4585 4548/4548/4548
f 4585/4585/4585 4587/4587/4587 4548/4548/4548
f 4548/4548/4548 4587/4587/4587 4588/4588/4588
f 4587/4587/4587 4589/4589/4589 4588/4588/4588
f 4582/4582/4582 4581/4581/4581 4590/4590/4590
f 4591/4591/4591 4583/4583/4583 4586/4586/4586
f 4592/4592/4592 4591/4591/4591 4586/4586/4586
f 4593/4593/4593 4591/4591/4591 4592/4592/4592
f 4594/4594/4594 4593/4593/4593 4592/4592/4592
f 4590/4590/4590 4581/4581/4581 4595/4595/4595
f 4581/4581/4581 4580/4580/4580 4595/4595/4595
f 4595/4595/4595 4596/4596/4596 4590/4590/4590
f 4596/4596/4596 4597/4597/4597 4590/4590/4590
f 4590/4590/4590 4597/4597/4597 4582/4582/4582
f 4597/4597/4597 4598/4598/4598 4582/4582/4582
f 4582/4582/4582 4598/4598/4598 4586/4586/4586
f 4596/4596/4596 4599/4599/4599 4597/4597/4597
f 4599/4599/4599 4600/4600/4600 4597/4597/4597
f 4597/4597/4597 4600/4600/4600 4598/4598/4598
f 4598/4598/4598 4601/4601/4601 4586/4586/4586
f 4601/4601/4601 4602/4602/4602 4586/4586/4586
f 4586/4586/4586 4602/4602/4602 4592/4592/4592
f 4602/4602/4602 4603/4603/4603 4592/4592/4592
f 4592/4592/4592 4603/4603/4603 4594/4594/4594
f 4603/4603/4603 4604/4604/4604 4594/4594/4594
f 4601/4601/4601 4605/4605/4605 4602/4602/4602
f 4606/4606/4606 4605/4605/4605 4601/4601/4601
f 4606/4606/4606 4607/4607/4607 4605/4605/4605
f 4608/4608/4608 4607/4607/4607 4606/4606/4606
f 4609/4609/4609 4608/4608/4608 4606/4606/4606
f 4607/4607/4607 4610/4610/4610 4605/4605/4605
f 4605/4605/4605 4610/4610/4610 4611/4611/4611
f 4605/4605/4605 4611/4611/4611 4602/4602/4602
f 4602/4602/4602 4611/4611/4611 4603/4603/4603
f 4610/4610/4610 4612/4612/4612 4611/4611/4611
f 4611/4611/4611 4612/4612/4612 4613/4613/4613
f 4611/4611/4611 4613/4613/4613 4603/4603/4603
f 4603/4603/4603 4613/4613/4613 4604/4604/4604
f 4612/4612/4612 4614/4614/4614 4613/4613/4613
f 4613/4613/4613 4614/4614/4614 4615/4615/4615
f 4613/4613/4613 4615/4615/4615 4604/4604/4604
f 4614/4614/4614 4616/4616/4616 4615/4615/4615
f 4608/4608/4608 4617/4617/4617 4607/4607/4607
f 4617/4617/4617 4618/4618/4618 4607/4607/4607
f 4607/4607/4607 4618/4618/4618 4610/4610/4610
f 4617/4617/4617 4619/4619/4619 4618/4618/4618
f 4619/4619/4619 4620/4620/4620 4618/4618/4618
f 4618/4618/4618 4620/4620/4620 4621/4621/4621
f 4618/4618/4618 4621/4621/4621 4610/4610/4610
f 4610/4610/4610 4621/4621/4621 4612/4612/4612
f 4620/4620/4620 4622/4622/4622 4621/4621/4621
f 4622/4622/4622 4623/4623/4623 4621/4621/4621
f 4623/4623/4623 4624/4624/4624 4621/4621/4621
f 4621/4621/4621 4624/4624/4624 4612/4612/4612
f 4619/4619/4619 4625/4625/4625 4620/4620/4620
f 4625/4625/4625 4626/4626/4626 4620/4620/4620
f 4620/4620/4620 4626/4626/4626 4622/4622/4622
f 4625/4625/4625 4627/4627/4627 4626/4626/4626
f 4627/4627/4627 4628/4628/4628 4626/4626/4626
f 4626/4626/4626 4628/4628/4628 4629/4629/4629
f 4626/4626/4626 4629/4629/4629 4622/4622/4622
f 4622/4622/4622 4629/4629/4629 4623/4623/4623
f 4628/4628/4628 4630/4630/4630 4629/4629/4629
f 4629/4629/4629 4630/4630/4630 4631/4631/4631
f 4629/4629/4629 4631/4631/4631 4623/4623/4623
f 4630/4630/4630 4632/4632/4632 4631/4631/4631
f 4631/4631/4631 4632/4632/4632 4633/4633/4633
f 4632/4632/4632 4634/4634/4634 4633/4633/4633
f 4627/4627/4627 4635/4635/4635 4628/4628/4628
f 4635/4635/4635 4636/4636/4636 4628/4628/4628
f 4628/4628/4628 4636/4636/4636 4630/4630/4630
f 4636/4636/4636 4637/4637/4637 4630/4630/4630
f 4630/4630/4630 4637/4637/4637 4632/4632/4632
f 4637/4637/4637 4638/4638/4638 4632/4632/4632
f 4632/4632/4632 4638/4638/4638 4634/4634/4634
f 4638/4638/4638 4639/4639/4639 4634/4634/4634
f 4631/4631/4631 4633/4633/4633 4640/4640/4640
f 4623/4623/4623 4631/4631/4631 4640/4640/4640
f 4640/4640/4640 4641/4641/4641 4623/4623/4623
f 4623/4623/4623 4641/4641/4641 4624/4624/4624
f 4624/4624/4624 4641/4641/4641 4642/4642/4642
f 4643/4643/4643 4624/4624/4624 4642/4642/4642
f 4642/4642/4642 4644/4644/4644 4643/4643/4643
f 4645/4645/4645 4643/4643/4643 4644/4644/4644
f 4646/4646/4646 4645/4645/4645 4644/4644/4644
f 4645/4645/4645 4646/4646/4646 4647/4647/4647
f 4646/4646/4646 4648/4648/4648 4647/4647/4647
f 4642/4642/4642 4649/4649/4649 4644/4644/4644
f 4647/4647/4647 4648/4648/4648 4650/4650/4650
f 4648/4648/4648 4651/4651/4651 4650/4650/4650
f 4643/4643/4643 4645/4645/4645 4652/4652/4652
f 4645/4645/4645 4653/4653/4653 4652/4652/4652
f 4652/4652/4652 4653/4653/4653 4654/4654/4654
f 4655/4655/4655 4652/4652/4652 4654/4654/4654
f 4656/4656/4656 4652/4652/4652 4655/4655/4655
f 4657/4657/4657 4656/4656/4656 4655/4655/4655
f 4658/4658/4658 4656/4656/4656 4657/4657/4657
f 4659/4659/4659 4658/4658/4658 4657/4657/4657
f 4654/4654/4654 4653/4653/4653 4660/4660/4660
f 4653/4653/4653 4661/4661/4661 4660/4660/4660
f 4660/4660/4660 4661/4661/4661 4662/4662/4662
f 4661/4661/4661 4663/4663/4663 4662/4662/4662
f 4664/4664/4664 4656/4656/4656 4658/4658/4658
f 4656/4656/4656 4664/4664/4664 4652/4652/4652
f 4665/4665/4665 4664/4664/4664 4658/4658/4658
f 4652/4652/4652 4664/4664/4664 4643/4643/4643
f 4653/4653/4653 4645/4645/4645 4661/4661/4661
f 4645/4645/4645 4647/4647/4647 4661/4661/4661
f 4661/4661/4661 4647/4647/4647 4663/4663/4663
f 4647/4647/4647 4650/4650/4650 4663/4663/4663
f 4659/4659/4659 4657/4657/4657 4666/4666/4666
f 4667/4667/4667 4659/4659/4659 4666/4666/4666
f 4666/4666/4666 4657/4657/4657 4584/4584/4584
f 4657/4657/4657 4655/4655/4655 4584/4584/4584
f 4584/4584/4584 4655/4655/4655 4585/4585/4585
f 4655/4655/4655 4654/4654/4654 4585/4585/4585
f 4585/4585/4585 4654/4654/4654 4587/4587/4587
f 4654/4654/4654 4660/4660/4660 4587/4587/4587
f 4587/4587/4587 4660/4660/4660 4589/4589/4589
f 4660/4660/4660 4662/4662/4662 4589/4589/4589
f 4667/4667/4667 4666/4666/4666 4591/4591/4591
f 4593/4593/4593 4667/4667/4667 4591/4591/4591
f 4666/4666/4666 4584/4584/4584 4583/4583/4583
f 4591/4591/4591 4666/4666/4666 4583/4583/4583
f 4566/4566/4566 4550/4550/4550 4547/4547/4547
f 4668/4668/4668 4566/4566/4566 4547/4547/4547
f 4668/4668/4668 4547/4547/4547 4548/4548/4548
f 4588/4588/4588 4668/4668/4668 4548/4548/4548
f 4671/4671/4671 4670/4670/4670 4669/4669/4669
f 4672/4672/4672 4671/4671/4671 4669/4669/4669
f 4671/4671/4671 4673/4673/4673 4670/4670/4670
f 4673/4673/4673 4674/4674/4674 4670/4670/4670
f 4673/4673/4673 4675/4675/4675 4674/4674/4674
f 4675/4675/4675 4676/4676/4676 4674/4674/4674
f 4675/4675/4675 4677/4677/4677 4676/4676/4676
f 4677/4677/4677 4678/4678/4678 4676/4676/4676
f 4677/4677/4677 4679/4679/4679 4678/4678/4678
f 4679/4679/4679 4680/4680/4680 4678/4678/4678
f 4679/4679/4679 4681/4681/4681 4680/4680/4680
f 4681/4681/4681 4682/4682/4682 4680/4680/4680
f 4681/4681/4681 4683/4683/4683 4682/4682/4682
f 4683/4683/4683 4684/4684/4684 4682/4682/4682
f 4683/4683/4683 4685/4685/4685 4684/4684/4684
f 4685/4685/4685 4686/4686/4686 4684/4684/4684
f 4672/4672/4672 4687/4687/4687 4671/4671/4671
f 4673/4673/4673 4688/4688/4688 4675/4675/4675
f 4689/4689/4689 4688/4688/4688 4673/4673/4673
f 4687/4687/4687 4689/4689/4689 4671/4671/4671
f 4671/4671/4671 4689/4689/4689 4673/4673/4673
f 4677/4677/4677 4690/4690/4690 4679/4679/4679
f 4691/4691/4691 4690/4690/4690 4677/4677/4677
f 4688/4688/4688 4691/4691/4691 4675/4675/4675
f 4675/4675/4675 4691/4691/4691 4677/4677/4677
f 4681/4681/4681 4692/4692/4692 4683/4683/4683
f 4693/4693/4693 4692/4692/4692 4681/4681/4681
f 4690/4690/4690 4693/4693/4693 4679/4679/4679
f 4679/4679/4679 4693/4693/4693 4681/4681/4681
f 4694/4694/4694 4689/4689/4689 4687/4687/4687
f 4695/4695/4695 4694/4694/4694 4687/4687/4687
f 4687/4687/4687 4696/4696/4696 4695/4695/4695
f 4687/4687/4687 4697/4697/4697 4696/4696/4696
f 4672/4672/4672 4697/4697/4697 4687/4687/4687
f 4672/4672/4672 4698/4698/4698 4697/4697/4697
f 4696/4696/4696 4699/4699/4699 4695/4695/4695
f 4700/4700/4700 4690/4690/4690 4691/4691/4691
f 4701/4701/4701 4700/4700/4700 4691/4691/4691
f 4702/4702/4702 4692/4692/4692 4693/4693/4693
f 4703/4703/4703 4702/4702/4702 4693/4693/4693
f 4703/4703/4703 4693/4693/4693 4690/4690/4690
f 4700/4700/4700 4703/4703/4703 4690/4690/4690
f 4698/4698/4698 4672/4672/4672 4704/4704/4704
f 4672/4672/4672 4669/4669/4669 4704/4704/4704
f 4704/4704/4704 4705/4705/4705 4698/4698/4698
f 4705/4705/4705 4706/4706/4706 4698/4698/4698
f 4698/4698/4698 4706/4706/4706 4697/4697/4697
f 4696/4696/4696 4697/4697/4697 4707/4707/4707
f 4707/4707/4707 4697/4697/4697 4708/4708/4708
f 4697/4697/4697 4709/4709/4709 4708/4708/4708
f 4708/4708/4708 4710/4710/4710 4707/4707/4707
f 4707/4707/4707 4710/4710/4710 4711/4711/4711
f 4711/4711/4711 4712/4712/4712 4707/4707/4707
f 4713/4713/4713 4712/4712/4712 4711/4711/4711
f 4714/4714/4714 4713/4713/4713 4711/4711/4711
f 4710/4710/4710 4715/4715/4715 4711/4711/4711
f 4711/4711/4711 4715/4715/4715 4714/4714/4714
f 4715/4715/4715 4716/4716/4716 4714/4714/4714
f 4712/4712/4712 4696/4696/4696 4707/4707/4707
f 4699/4699/4699 4696/4696/4696 4712/4712/4712
f 4713/4713/4713 4699/4699/4699 4712/4712/4712
f 4708/4708/4708 4717/4717/4717 4710/4710/4710
f 4717/4717/4717 4718/4718/4718 4710/4710/4710
f 4710/4710/4710 4719/4719/4719 4715/4715/4715
f 4715/4715/4715 4719/4719/4719 4716/4716/4716
f 4710/4710/4710 4718/4718/4718 4719/4719/4719
f 4719/4719/4719 4720/4720/4720 4716/4716/4716
f 4717/4717/4717 4721/4721/4721 4718/4718/4718
f 4721/4721/4721 4722/4722/4722 4718/4718/4718
f 4721/4721/4721 4723/4723/4723 4722/4722/4722
f 4723/4723/4723 4724/4724/4724 4722/4722/4722
f 4722/4722/4722 4724/4724/4724 4725/4725/4725
f 4724/4724/4724 4726/4726/4726 4725/4725/4725
f 4725/4725/4725 4726/4726/4726 4727/4727/4727
f 4726/4726/4726 4728/4728/4728 4727/4727/4727
f 4724/4724/4724 4729/4729/4729 4726/4726/4726
f 4724/4724/4724 4723/4723/4723 4729/4729/4729
f 4729/4729/4729 4730/4730/4730 4726/4726/4726
f 4726/4726/4726 4730/4730/4730 4728/4728/4728
f 4729/4729/4729 4731/4731/4731 4730/4730/4730
f 4731/4731/4731 4732/4732/4732 4730/4730/4730
f 4730/4730/4730 4732/4732/4732 4733/4733/4733
f 4730/4730/4730 4733/4733/4733 4728/4728/4728
f 4732/4732/4732 4734/4734/4734 4733/4733/4733
f 4731/4731/4731 4735/4735/4735 4732/4732/4732
f 4735/4735/4735 4736/4736/4736 4732/4732/4732
f 4732/4732/4732 4736/4736/4736 4734/4734/4734
f 4735/4735/4735 4737/4737/4737 4736/4736/4736
f 4737/4737/4737 4738/4738/4738 4736/4736/4736
f 4736/4736/4736 4738/4738/4738 4739/4739/4739
f 4736/4736/4736 4739/4739/4739 4734/4734/4734
f 4738/4738/4738 4740/4740/4740 4739/4739/4739
f 4741/4741/4741 4737/4737/4737 4735/4735/4735
f 4742/4742/4742 4741/4741/4741 4735/4735/4735
f 4742/4742/4742 4735/4735/4735 4731/4731/4731
f 4743/4743/4743 4741/4741/4741 4742/4742/4742
f 4744/4744/4744 4743/4743/4743 4742/4742/4742
f 4737/4737/4737 4745/4745/4745 4738/4738/4738
f 4745/4745/4745 4746/4746/4746 4738/4738/4738
f 4738/4738/4738 4746/4746/4746 4740/4740/4740
f 4746/4746/4746 4747/4747/4747 4740/4740/4740
f 4743/4743/4743 4748/4748/4748 4741/4741/4741
f 4748/4748/4748 4749/4749/4749 4741/4741/4741
f 4749/4749/4749 4745/4745/4745 4737/4737/4737
f 4741/4741/4741 4749/4749/4749 4737/4737/4737
f 4744/4744/4744 4742/4742/4742 4750/4750/4750
f 4751/4751/4751 4744/4744/4744 4750/4750/4750
f 4750/4750/4750 4742/4742/4742 4731/4731/4731
f 4752/4752/4752 4751/4751/4751 4750/4750/4750
f 4753/4753/4753 4752/4752/4752 4750/4750/4750
f 4750/4750/4750 4731/4731/4731 4729/4729/4729
f 4754/4754/4754 4750/4750/4750 4729/4729/4729
f 4754/4754/4754 4753/4753/4753 4750/4750/4750
f 4754/4754/4754 4729/4729/4729 4755/4755/4755
f 4753/4753/4753 4754/4754/4754 4755/4755/4755
f 4729/4729/4729 4756/4756/4756 4755/4755/4755
f 4756/4756/4756 4757/4757/4757 4755/4755/4755
f 4755/4755/4755 4757/4757/4757 4758/4758/4758
f 4755/4755/4755 4758/4758/4758 4759/4759/4759
f 4760/4760/4760 4755/4755/4755 4759/4759/4759
f 4760/4760/4760 4753/4753/4753 4755/4755/4755
f 4752/4752/4752 4753/4753/4753 4760/4760/4760
f 4760/4760/4760 4759/4759/4759 4761/4761/4761
f 4762/4762/4762 4760/4760/4760 4761/4761/4761
f 4762/4762/4762 4752/4752/4752 4760/4760/4760
f 4763/4763/4763 4757/4757/4757 4756/4756/4756
f 4764/4764/4764 4763/4763/4763 4756/4756/4756
f 4764/4764/4764 4756/4756/4756 4765/4765/4765
f 4756/4756/4756 4766/4766/4766 4765/4765/4765
f 4766/4766/4766 4756/4756/4756 4729/4729/4729
f 4767/4767/4767 4765/4765/4765 4766/4766/4766
f 4765/4765/4765 4767/4767/4767 4768/4768/4768
f 4768/4768/4768 4767/4767/4767 4769/4769/4769
f 4767/4767/4767 4770/4770/4770 4769/4769/4769
f 4767/4767/4767 4766/4766/4766 4770/4770/4770
f 4771/4771/4771 4765/4765/4765 4768/4768/4768
f 4772/4772/4772 4765/4765/4765 4771/4771/4771
f 4772/4772/4772 4764/4764/4764 4765/4765/4765
f 4773/4773/4773 4772/4772/4772 4771/4771/4771
f 4766/4766/4766 4774/4774/4774 4770/4770/4770
f 4768/4768/4768 4769/4769/4769 4775/4775/4775
f 4776/4776/4776 4768/4768/4768 4775/4775/4775
f 4771/4771/4771 4768/4768/4768 4776/4776/4776
f 4773/4773/4773 4771/4771/4771 4706/4706/4706
f 4706/4706/4706 4771/4771/4771 4776/4776/4776
f 4705/4705/4705 4773/4773/4773 4706/4706/4706
f 4766/4766/4766 4777/4777/4777 4774/4774/4774
f 4777/4777/4777 4766/4766/4766 4729/4729/4729
f 4723/4723/4723 4777/4777/4777 4729/4729/4729
f 4778/4778/4778 4777/4777/4777 4723/4723/4723
f 4777/4777/4777 4778/4778/4778 4774/4774/4774
f 4706/4706/4706 4776/4776/4776 4697/4697/4697
f 4776/4776/4776 4775/4775/4775 4709/4709/4709
f 4697/4697/4697 4776/4776/4776 4709/4709/4709
f 4692/4692/4692 4779/4779/4779 4683/4683/4683
f 4683/4683/4683 4779/4779/4779 4780/4780/4780
f 4685/4685/4685 4683/4683/4683 4780/4780/4780
f 4781/4781/4781 4779/4779/4779 4692/4692/4692
f 4702/4702/4702 4781/4781/4781 4692/4692/4692
f 4782/4782/4782 4780/4780/4780 4779/4779/4779
f 4781/4781/4781 4782/4782/4782 4779/4779/4779
f 4783/4783/4783 4688/4688/4688 4689/4689/4689
f 4694/4694/4694 4783/4783/4783 4689/4689/4689
f 4783/4783/4783 4701/4701/4701 4688/4688/4688
f 4701/4701/4701 4691/4691/4691 4688/4688/4688
f 4559/4559/4559 4784/4784/4784 4573/4573/4573
f 4559/4559/4559 4561/4561/4561 4784/4784/4784
f 4561/4561/4561 4785/4785/4785 4784/4784/4784
f 4561/4561/4561 4564/4564/4564 4785/4785/4785
f 4564/4564/4564 4786/4786/4786 4785/4785/4785
f 4722/4722/4722 4725/4725/4725 4787/4787/4787
f 4718/4718/4718 4722/4722/4722 4787/4787/4787
f 4787/4787/4787 4725/4725/4725 4788/4788/4788
f 4725/4725/4725 4727/4727/4727 4788/4788/4788
f 4787/4787/4787 4788/4788/4788 4720/4720/4720
f 4719/4719/4719 4787/4787/4787 4720/4720/4720
f 4718/4718/4718 4787/4787/4787 4719/4719/4719
f 4609/4609/4609 4606/4606/4606 4789/4789/4789
f 4790/4790/4790 4609/4609/4609 4789/4789/4789
f 4789/4789/4789 4606/4606/4606 4601/4601/4601
f 4789/4789/4789 4601/4601/4601 4598/4598/4598
f 4600/4600/4600 4789/4789/4789 4598/4598/4598
f 4790/4790/4790 4789/4789/4789 4600/4600/4600
f 4599/4599/4599 4790/4790/4790 4600/4600/4600
f 4793/4793/4793 4792/4792/4792 4791/4791/4791
f 4793/4793/4793 4794/4794/4794 4792/4792/4792
f 4794/4794/4794 4793/4793/4793 4795/4795/4795
f 4792/4792/4792 4794/4794/4794 4796/4796/4796
f 4792/4792/4792 4796/4796/4796 4797/4797/4797
f 4796/4796/4796 4794/4794/4794 4798/4798/4798
f 4800/4800/4800 4799/4799/4799 4759/4759/4759
f 4758/4758/4758 4800/4800/4800 4759/4759/4759
f 4759/4759/4759 4799/4799/4799 4761/4761/4761
f 4799/4799/4799 4801/4801/4801 4761/4761/4761
f 4802/4802/4802 4800/4800/4800 4758/4758/4758
f 4757/4757/4757 4802/4802/4802 4758/4758/4758
f 4803/4803/4803 4802/4802/4802 4757/4757/4757
f 4763/4763/4763 4803/4803/4803 4757/4757/4757
f 4805/4805/4805 4804/4804/4804 4644/4644/4644
f 4649/4649/4649 4805/4805/4805 4644/4644/4644
f 4644/4644/4644 4804/4804/4804 4646/4646/4646
f 4804/4804/4804 4806/4806/4806 4646/4646/4646
f 4646/4646/4646 4806/4806/4806 4648/4648/4648
f 4806/4806/4806 4807/4807/4807 4648/4648/4648
f 4648/4648/4648 4807/4807/4807 4651/4651/4651
f 4807/4807/4807 4808/4808/4808 4651/4651/4651
f 4810/4810/4810 4809/4809/4809 4616/4616/4616
f 4614/4614/4614 4810/4810/4810 4616/4616/4616
f 4810/4810/4810 4614/4614/4614 4612/4612/4612
f 4810/4810/4810 4612/4612/4612 4624/4624/4624
f 4810/4810/4810 4624/4624/4624 4643/4643/4643
f 4664/4664/4664 4810/4810/4810 4643/4643/4643
f 4809/4809/4809 4810/4810/4810 4664/4664/4664
f 4665/4665/4665 4809/4809/4809 4664/4664/4664
