g Body
v 0.552961767 1.19774318 0.0257712174
v 0.570164919 1.19688904 0.02706993
v 0.555146575 1.20364821 0.000725059479
v 0.572349548 1.20279419 0.00202419283
v 0.570491374 1.20411587 0.0274928287
v 0.553289533 1.20496988 0.0261941142
v 0.572676361 1.21002007 0.00244682305
v 0.555622339 1.2141521 0.00133975979
v 0.574452519 1.20689678 -0.0231275931
v 0.572676361 1.21002007 0.00244682305
v 0.557249427 1.20775104 -0.0244264603
v 0.555622339 1.2141521 0.00133975979
v 0.572676361 1.21002007 0.00244682305
v 0.572349548 1.20279419 0.00202419283
v 0.570491374 1.20411587 0.0274928287
v 0.570164919 1.19688904 0.02706993
v 0.553289533 1.20496988 0.0261941142
v 0.552961767 1.19774318 0.0257712174
v 0.574452519 1.20689678 -0.0231275931
v 0.574125826 1.19966984 -0.0235498231
v 0.556923032 1.20052516 -0.024848938
v 0.557249427 1.20775104 -0.0244264603
v 0.536085725 1.2058233 0.0248947144
v 0.535759389 1.19859648 0.0244720075
v 0.537943304 1.20450222 -0.000574073754
v 0.538271129 1.21172953 -0.000151557921
v 0.540047526 1.20860672 -0.025725536
v 0.53971988 1.2013787 -0.0261482801
v 0.540047526 1.20860672 -0.025725536
v 0.557249427 1.20775104 -0.0244264603
v 0.538271129 1.21172953 -0.000151557921
v 0.555622339 1.2141521 0.00133975979
v 0.572349548 1.20279419 0.00202419283
v 0.574125826 1.19966984 -0.0235498231
v 0.555146575 1.20364821 0.000725059479
v 0.556923032 1.20052516 -0.024848938
v 0.536085725 1.2058233 0.0248947144
v 0.538271129 1.21172953 -0.000151557921
v 0.553289533 1.20496988 0.0261941142
v 0.555622339 1.2141521 0.00133975979
v 0.535759389 1.19859648 0.0244720075
v 0.552961767 1.19774318 0.0257712174
v 0.537943304 1.20450222 -0.000574073754
v 0.555146575 1.20364821 0.000725059479
v 0.556923032 1.20052516 -0.024848938
v 0.53971988 1.2013787 -0.0261482801
v 0.555146575 1.20364821 0.000725059479
v 0.537943304 1.20450222 -0.000574073754
v 0.557249427 1.20775104 -0.0244264603
v 0.540047526 1.20860672 -0.025725536
v 0.556923032 1.20052516 -0.024848938
v 0.53971988 1.2013787 -0.0261482801
v 0.358745992 1.11558986 0.0102244569
v 0.358745873 1.14243114 0.0431343354
v 0.45694837 1.13588214 0.00249073026
v 0.457040519 1.15578759 0.0368359759
v 0.358745724 1.12672341 -0.0317434892
v 0.456949294 1.14014876 -0.0285141747
v 0.358745992 1.18691409 0.0461740009
v 0.457122654 1.19264579 0.0459880829
v 0.358745784 1.21039176 0.0291921925
v 0.457175046 1.21484447 0.0303583909
v 0.457202286 1.22577906 0.00311630243
v 0.358746022 1.22336555 -0.00142093655
v 0.457196951 1.22216117 -0.0269527808
v 0.358746201 1.21973729 -0.0320801549
v 0.457160711 1.20505607 -0.0508254021
v 0.358746022 1.20657945 -0.0556336567
v 0.457104474 1.17985451 -0.0608622171
v 0.358745843 1.17241514 -0.0602717586
v 0.456949294 1.14014876 -0.0285141747
v 0.358745724 1.12672341 -0.0317434892
v 0.461656839 1.13555002 -0.0304378495
v 0.461783439 1.18038535 -0.0654726401
v 0.461850524 1.20759141 -0.0545371808
v 0.461888194 1.21810234 0.0335508324
v 0.461911678 1.22991753 0.00400413526
v 0.46189791 1.22603953 -0.0286088753
v 0.337213367 1.21946502 -0.0322242528
v 0.315680146 1.21893835 -0.00185197825
v 0.315680265 1.21919262 -0.0323684886
v 0.260069609 1.21789515 -0.00204675668
v 0.260022938 1.2054503 0.0246577263
v 0.315680236 1.2087121 0.0262707509
v 0.315680146 1.18459976 0.0404589064
v 0.25993824 1.17887604 0.0379153825
v 0.315680206 1.13885081 0.0382305905
v 0.264847398 1.13325107 0.0363024138
v 0.255556703 1.16513216 0.0386799984
v 0.235407114 1.12965059 0.033246249
v 0.235569477 1.15537953 0.0365731418
v 0.215455666 1.16174817 0.0363949202
v 0.203655869 1.12465417 0.0345459729
v 0.235226572 1.10406315 0.0102244569
v 0.202208206 1.09765351 0.0102244951
v 0.159767851 1.12102604 0.0453450195
v 0.159035996 1.17206085 0.0417051315
v 0.139891714 1.17243516 0.0434556752
v 0.141362995 1.12028754 0.0537333675
v 0.158715665 1.0775975 0.0102245519
v 0.139499962 1.06184316 0.0102246283
v 0.138996392 1.07022655 -0.0255461298
v 0.158270255 1.10281563 -0.0501015596
v 0.138492987 1.10051584 -0.0591241643
v 0.139822721 1.20106447 0.0248854626
v 0.159001723 1.20109475 0.024473438
v 0.210971892 1.17465889 0.0352102667
v 0.210261181 1.20163834 0.0237765685
v 0.159035742 1.21980751 -0.00238794321
v 0.13989149 1.22136545 -0.00238784775
v 0.211054832 1.21655166 -0.00302173616
v 0.158084154 1.22603023 -0.0332817063
v 0.137973711 1.22843385 -0.0324175842
v 0.211077645 1.2226702 -0.0336824618
v 0.137973115 1.20931315 -0.0592597574
v 0.158079028 1.20791423 -0.0585913844
v 0.13797304 1.16999137 -0.0688779429
v 0.158082142 1.16964531 -0.0672309101
v 0.138492987 1.10051584 -0.0591241643
v 0.158270255 1.10281563 -0.0501015596
v 0.203276724 1.11000156 -0.0418280028
v 0.211035565 1.17678499 -0.0614466369
v 0.211174354 1.20512247 -0.0591711998
v 0.216679782 1.16318119 -0.057219658
v 0.234669313 1.11424553 -0.0382140167
v 0.235773519 1.15399265 -0.0562747568
v 0.254693419 1.16504669 -0.0576089844
v 0.263614535 1.11716914 -0.0348961428
v 0.258711994 1.17671669 -0.0601269528
v 0.315680206 1.17149389 -0.059101332
v 0.315680236 1.20404029 -0.05563692
v 0.260167509 1.20385873 -0.0580242127
v 0.315680236 1.12254763 -0.0304430183
v 0.26008305 1.22079325 -0.0339173116
v 0.337213218 1.12463546 -0.0310932156
v 0.33721289 1.17195463 -0.0596864298
v 0.337213397 1.20530975 -0.0556353554
v -0.127260476 1.00378358 -0.00768976193
v -0.132554725 0.900792241 -0.0128168892
v -0.132407382 1.00303805 0.0371140651
v -0.140722498 0.897574902 0.0312679186
v -0.124747716 0.894170642 0.0721754357
v -0.116625518 1.00187671 0.0735177621
v -0.087938644 0.888882816 0.107958555
v -0.0792764053 1.00216305 0.10559833
v -0.0701469034 0.890295267 0.147222549
v -0.054379575 1.0072124 0.124700695
v -0.10854093 1.00434542 -0.0474028587
v -0.108414143 0.90188247 -0.0499163084
v -0.0785072818 0.901768446 -0.0684109405
v -0.0770393386 1.00425625 -0.071061559
v -0.0418762974 0.9006446 -0.0792832524
v -0.0390719213 1.0042733 -0.0828615949
v 3.03718139E-07 0.900180697 -0.0821399689
v 6.67572024E-08 1.00436211 -0.0854738876
v -0.127001911 0.749891281 0.110885993
v -0.169228479 0.761716068 0.0673996881
v -0.1538295 0.661153197 0.103415623
v -0.225313455 0.595514655 0.0496966317
v -0.180657119 0.572415292 0.0959452689
v -0.294451594 0.474046856 0.0515863225
v -0.31997627 0.518112719 -0.0148447221
v -0.253307313 0.618644178 -0.00611547753
v -0.303189188 0.541191816 -0.101137757
v -0.241042897 0.632000268 -0.0752637684
v -0.24049817 0.414358497 0.101209521
v -0.193260267 0.376326472 0.125492051
v -0.155150741 0.560802758 0.141058385
v -0.131532893 0.649828494 0.150230214
v -0.188763425 0.771573484 0.0160768051
v -0.113769203 0.713368535 0.153656498
v -0.0962503329 0.777023673 0.154676661
v -0.179837853 0.778187335 -0.0400649309
v -0.257885277 0.550588906 -0.181438372
v -0.201590016 0.636842549 -0.13914831
v -0.191134006 0.541294873 -0.232379109
v -0.148143366 0.628897607 -0.181478217
v -0.14787057 0.780524492 -0.0801901892
v -0.0832331628 0.613896668 -0.210492268
v -0.113635182 0.522021651 -0.267009884
v -0.106190428 0.779010355 -0.0954796374
v -2.76569025E-08 0.594880819 -0.233141109
v -0.0366229415 0.504972875 -0.288530499
v -0.0560293384 0.776349902 -0.100997113
v -3.88029342E-08 0.774253964 -0.103441894
v -0.054379575 1.0072124 0.124700695
v -0.0701469034 0.890295267 0.147222549
v -0.0836234242 1.00799358 0.113150366
v -0.104458675 0.893919349 0.127266631
v -0.0836234242 1.00799358 0.113150366
v -0.104458675 0.893919349 0.127266631
v -0.119014509 1.0087831 0.0854141563
v -0.144567922 0.899874568 0.0862601474
v -0.139745981 1.0092994 0.0451431833
v -0.164536878 0.904655159 0.0345977768
v -0.137565121 1.0085057 -0.00636182772
v -0.154981643 0.908554971 -0.0206021778
v -0.120720364 1.010023 -0.0518432222
v -0.125300601 0.909587681 -0.0667454377
v -0.0859768093 1.00906861 -0.0759718865
v -0.0886185467 0.909022033 -0.0901722535
v -0.0446064174 1.00805199 -0.0901295766
v -0.0461446568 0.907624364 -0.102979101
v -5.72204577E-08 1.00752079 -0.0932363123
v -2.9563904E-07 0.907036483 -0.106252581
v -0.134546101 0.784094632 0.131314501
v -0.176833555 0.794757903 0.0845636353
v -0.201089546 0.805607557 0.0237254705
v -0.186641783 0.767416 0.0815150812
v -0.211882249 0.780351222 0.0201784316
v -0.201284721 0.788751721 -0.047267843
v -0.222674549 0.755092144 0.0166310873
v -0.263708174 0.640065312 -0.0825311765
v -0.275070935 0.630767822 -0.000830564473
v -0.303189188 0.541191816 -0.101137757
v -0.257885277 0.550588906 -0.181438372
v -0.219953775 0.642897487 -0.156406671
v -0.191134006 0.541294873 -0.232379109
v -0.158733502 0.637228072 -0.203145474
v -0.31997627 0.518112719 -0.0148447221
v -0.246172369 0.604349613 0.0646728873
v -0.294451594 0.474046856 0.0515863225
v -0.0872561038 0.626568079 -0.232613653
v -0.113635182 0.522021651 -0.267009884
v -5.72204577E-08 0.607743561 -0.254389405
v -0.0366229415 0.504972875 -0.288530499
v -0.163686275 0.791726589 -0.0836902037
v -0.115694299 0.790178895 -0.115805149
v -0.060242556 0.787478447 -0.123054951
v -3.33786261E-08 0.785384417 -0.128178701
v -0.218464196 0.583846807 0.102591552
v -0.24049817 0.414358497 0.101209521
v -0.199700311 0.571838081 0.117626473
v -0.193260267 0.376326472 0.125492051
v -0.155150741 0.560802758 0.141058385
v -0.172846645 0.664559007 0.12586239
v -0.131532893 0.649828494 0.150230214
v -0.170516998 0.729758799 0.11423187
v -0.153635472 0.724275887 0.129543379
v -0.160695657 0.758726418 0.115435138
v -0.113769203 0.713368535 0.153656498
v -0.0962503329 0.777023673 0.154676661
v -0.458210349 1.1473664 0.0406510159
v -0.358746111 1.1424315 0.0431344323
v -0.457946688 1.11721873 0.0102244373
v -0.358745784 1.11558998 0.0102244569
v -0.358745784 1.12672365 -0.0317434259
v -0.457879156 1.12974072 -0.0335317664
v -0.358746171 1.18691409 0.0461739823
v -0.458177328 1.18946314 0.0456665419
v -0.458169997 1.21110344 0.0289630312
v -0.358745962 1.21039164 0.0291921701
v -0.45813629 1.22338259 0.00233009341
v -0.358746022 1.22336555 -0.00142094609
v -0.458416879 1.22094655 -0.0300346799
v -0.358745873 1.21973693 -0.0320802145
v -0.458732516 1.2027266 -0.0529979989
v -0.35874626 1.20657969 -0.0556338057
v -0.358746022 1.17241502 -0.0602717139
v -0.457988262 1.17215276 -0.0593453199
v -0.457879156 1.12974072 -0.0335317664
v -0.358745784 1.12672365 -0.0317434259
v -0.556904197 1.13349473 -0.031887468
v -0.556904137 1.17248726 -0.0535756946
v -0.556904078 1.19113731 0.0448990241
v -0.556904137 1.15250206 0.0371240526
v -0.556904137 1.21419001 0.0288090985
v -0.556904197 1.19896567 -0.0474251397
v -0.556904197 1.21851265 -0.0268606991
v -0.556903839 1.22469366 0.00412056921
v -0.337213218 1.17195439 -0.0596864633
v -0.337213129 1.12463558 -0.0310932919
v -0.315680236 1.17149377 -0.0591012351
v -0.315680236 1.12254763 -0.0304430295
v -0.263614655 1.11716914 -0.0298751257
v -0.258711934 1.17671657 -0.0601269379
v -0.254693508 1.16504669 -0.0576088801
v -0.234669417 1.11424541 -0.029195318
v -0.235773727 1.15399277 -0.0562748611
v -0.216679722 1.1631813 -0.057219699
v -0.203276813 1.1076709 -0.0296028797
v -0.211035758 1.17678499 -0.0614466555
v -0.158082232 1.16964519 -0.0672309026
v -0.158270225 1.1006 -0.0356866531
v -0.138493001 1.1005156 -0.0408999808
v -0.137973174 1.16999125 -0.0688779801
v -0.158078998 1.20791435 -0.0585913211
v -0.137972981 1.20931304 -0.0592597611
v -0.158084258 1.22603035 -0.0332816802
v -0.137973979 1.22843385 -0.0324174576
v -0.139891729 1.22136557 -0.00238782866
v -0.159035787 1.21980751 -0.00238788594
v -0.139822885 1.20106435 0.024885444
v -0.159001797 1.20109463 0.0244734194
v -0.159036025 1.17206085 0.0417050943
v -0.139891773 1.17243493 0.0434556566
v -0.159767911 1.12102604 0.0453449637
v -0.141362906 1.12028766 0.0537333079
v -0.158715665 1.0775975 0.0102245333
v -0.139499769 1.06184328 0.0102245901
v -0.138996392 1.07022703 -0.0255461782
v -0.158270225 1.1006 -0.0356866531
v -0.138493001 1.1005156 -0.0408999808
v -0.202208623 1.09765351 0.0102244951
v -0.203655884 1.12465417 0.0345459357
v -0.210971788 1.17465878 0.0352102481
v -0.210261375 1.20163834 0.0237765498
v -0.211054906 1.21655178 -0.0030216407
v -0.203276813 1.1076709 -0.0296028797
v -0.211077645 1.22267008 -0.0336824507
v -0.215455621 1.16174829 0.0363950133
v -0.235407218 1.12965071 0.033246249
v -0.235569492 1.15537941 0.0365730859
v -0.211174384 1.20512235 -0.0591711737
v -0.23522681 1.10406303 0.0102244755
v -0.234669417 1.11424541 -0.029195318
v -0.211035535 1.17678511 -0.0614466146
v -0.255556852 1.16513193 0.0386799984
v -0.264847338 1.13325107 0.0363024697
v -0.25993821 1.17887604 0.0379153639
v -0.263947338 1.10669076 0.0102244373
v -0.263614655 1.11716914 -0.0298751257
v -0.315680236 1.11164749 0.0102244755
v -0.315680295 1.13885069 0.0382306837
v -0.315680236 1.12254763 -0.0304430295
v -0.315680236 1.18459964 0.0404588692
v -0.260023862 1.20545053 0.024656944
v -0.315680236 1.20871198 0.0262707323
v -0.337213129 1.11361861 0.0102244373
v -0.337213129 1.12463558 -0.0310932919
v -0.315680295 1.21893847 -0.00185195915
v -0.260069638 1.21789527 -0.0020468235
v -0.315680295 1.21919262 -0.0323684216
v -0.260083228 1.22079313 -0.0339173488
v -0.315680295 1.20404017 -0.0556369573
v -0.26016745 1.20385873 -0.0580242202
v -0.337213218 1.20530999 -0.055635374
v -0.337213129 1.21946478 -0.032224346
v -0.556904256 1.12029338 0.010224361
v -0.556904197 1.13349473 -0.031887468
v -0.556904078 1.19113731 0.0448990241
v -0.556904137 1.15250206 0.0371240526
v -0.480017453 1.17335057 0.0102243135
v -0.556904256 1.12029338 0.010224361
v -0.556904197 1.13349473 -0.031887468
v -0.556904137 1.21419001 0.0288090985
v -0.556903839 1.22469366 0.00412056921
v -0.556904197 1.21851265 -0.0268606991
v -0.556904197 1.19896567 -0.0474251397
v -0.556904137 1.17248726 -0.0535756946
v -0.556904197 1.13349473 -0.031887468
v 0.461740345 1.15397525 0.0404849611
v 0.461658806 1.13111734 0.00321636186
v 0.461656839 1.13555002 -0.0304378495
v 0.461831033 1.19412434 0.0504643619
v 0.461783439 1.18038535 -0.0654726401
v 0.507634521 1.18405223 -0.0491916649
v 0.461850524 1.20759141 -0.0545371808
v 0.507615864 1.20376968 -0.0417906381
v 0.461656839 1.13555002 -0.0304378495
v 0.507730424 1.14696181 -0.0232677069
v 0.46189791 1.22603953 -0.0286088753
v 0.507600784 1.2171514 -0.0219441783
v 0.461911678 1.22991753 0.00400413526
v 0.507594645 1.21978807 0.0027997971
v 0.507597804 1.21104348 0.0249629971
v 0.461888194 1.21810234 0.0335508324
v 0.507607877 1.19339788 0.037301749
v 0.461831033 1.19412434 0.0504643619
v 0.507688344 1.16192162 0.0319967642
v 0.461740345 1.15397525 0.0404849611
v 0.507757962 1.14235103 0.00182571402
v 0.461658806 1.13111734 0.00321636186
v 0.507730424 1.14696181 -0.0232677069
v 0.461656839 1.13555002 -0.0304378495
v -0.197374508 0.740102291 0.0779912174
v -0.170516998 0.729758799 0.11423187
v -0.246172369 0.604349613 0.0646728873
v -0.218464196 0.583846807 0.102591552
v -0.186641783 0.767416 0.0815150812
v -0.160695657 0.758726418 0.115435138
v -0.275070935 0.630767822 -0.000830564473
v -0.222674549 0.755092144 0.0166310873
v -0.211882249 0.780351222 0.0201784316
v -0.113769203 0.713368535 0.153656498
v -0.131532893 0.649828494 0.150230214
v -0.153635472 0.724275887 0.129543379
v -0.172846645 0.664559007 0.12586239
v -0.0962503329 0.777023673 0.154676661
v -0.0701469034 0.890295267 0.147222549
v -0.087938644 0.888882816 0.107958555
v -0.0701469034 0.890295267 0.147222549
v -0.0962503329 0.777023673 0.154676661
v -0.104458675 0.893919349 0.127266631
v -0.134546101 0.784094632 0.131314501
v -0.0366229415 0.504972875 -0.288530499
v -2.76569025E-08 0.594880819 -0.233141109
v -5.72204577E-08 0.607743561 -0.254389405
v 0.188105509 0.55423981 0.0958687365
v 0.227207527 0.595054626 0.0499160439
v 0.127125293 0.749901474 0.11076989
v 0.169190377 0.761677146 0.0674683005
v 0.113769315 0.71336776 0.153656617
v 0.160382643 0.533541024 0.140692592
v 0.250485331 0.618492424 -0.00570654543
v 0.3199763 0.518112063 -0.014845009
v 0.294451326 0.474046648 0.0515863411
v 0.303189546 0.541191638 -0.101137668
v 0.241005152 0.631992221 -0.0754046589
v 0.188739017 0.771610022 0.016138928
v 0.240497887 0.414358169 0.10120941
v 0.0962503627 0.777022898 0.154676706
v 0.179798469 0.778222084 -0.0401323736
v 0.193260565 0.376326144 0.125492126
v 0.257885098 0.550588608 -0.181438461
v 0.201590061 0.636843264 -0.139148131
v 0.124747366 0.894170463 0.0721755028
v 0.0879386216 0.888883412 0.107958779
v 0.132554725 0.900791585 -0.0128166806
v 0.140722752 0.89757508 0.0312678814
v 0.191133916 0.541294754 -0.232379243
v 0.148143291 0.628897786 -0.181477979
v 0.147870809 0.780524731 -0.0801900923
v 0.108414583 0.901882589 -0.0499163084
v 0.0832333341 0.613896787 -0.210492313
v 0.113635369 0.522021592 -0.267009974
v 0.132407382 1.00303841 0.0371141806
v 0.116625689 1.00187671 0.0735178515
v 0.0792762563 1.00216317 0.105598412
v 0.0701470152 0.890295327 0.147222668
v 0.0543797016 1.00721216 0.124700584
v 0.127260402 1.00378382 -0.00768964738
v 0.0560296848 0.776350379 -0.100997075
v 0.10619083 0.779010057 -0.0954795033
v 0.0785071477 0.901768565 -0.068410866
v -2.76569025E-08 0.594880819 -0.233141109
v 0.0366232283 0.504972219 -0.288530469
v -3.88029342E-08 0.774253964 -0.103441894
v 0.108540751 1.00434518 -0.0474028476
v 0.0770392269 1.00425637 -0.071061492
v 0.0418764427 0.900644064 -0.0792832673
v 0.039071694 1.00427353 -0.0828616098
v 3.03718139E-07 0.900180697 -0.0821399689
v 6.67572024E-08 1.00436211 -0.0854738876
v 0.11841049 1.05159533 -0.00719989743
v 0.0859719664 1.05492067 -0.0587123185
v 0.0359778032 1.05474234 -0.0806294456
v -3.81469718E-08 1.05530989 -0.0827510729
v 0.122679606 1.04683602 0.0364426784
v 0.10983932 1.04291654 0.0672158599
v 0.0727576911 1.04125428 0.0993436426
v 0.050954625 1.04555035 0.115970224
v 0.3199763 0.518112063 -0.014845009
v 0.29378131 0.584266305 -0.00665506348
v 0.303189546 0.541191638 -0.101137668
v 0.263708323 0.64006561 -0.08253102
v 0.266547084 0.551323175 0.0602368526
v 0.294451326 0.474046648 0.0515863411
v 0.240497887 0.414358169 0.10120941
v 0.204142109 0.556923568 0.116434895
v 0.193260565 0.376326144 0.125492126
v 0.160382643 0.533541024 0.140692592
v 0.113769315 0.71336776 0.153656617
v 0.153635606 0.724275053 0.129543677
v 0.190300211 0.671941519 0.110231511
v 0.173457861 0.721167266 0.113631628
v 0.209572017 0.612449646 0.10515701
v 0.134546205 0.784094691 0.131314501
v 0.0962503627 0.777022898 0.154676706
v 0.257885098 0.550588608 -0.181438461
v 0.219953835 0.642897189 -0.156406507
v 0.218464434 0.583846629 0.102591358
v 0.161702916 0.756139457 0.115226403
v 0.191133916 0.541294754 -0.232379243
v 0.158733562 0.637228131 -0.203145191
v 0.104458556 0.893918753 0.127266645
v 0.0701470152 0.890295327 0.147222668
v 0.142251387 0.899874449 0.0862603337
v 0.173014864 0.794757962 0.0838713422
v 0.0872562751 0.626568258 -0.232613698
v 0.113635369 0.522021592 -0.267009974
v -5.72204577E-08 0.607743561 -0.254389405
v 0.0366232283 0.504972219 -0.288530469
v 0.0836238265 1.0079937 0.113150366
v 0.0543797016 1.00721216 0.124700584
v 0.119014509 1.0087831 0.0854141563
v 0.164536968 0.904655218 0.0345977023
v 0.201089621 0.805607498 0.0237258151
v 0.194127783 0.773109972 0.0613550171
v 0.21087569 0.782935858 0.0203870572
v 0.139745802 1.0092994 0.0451432616
v -3.33786261E-08 0.785384417 -0.128178701
v 0.0602427833 0.787478268 -0.123055004
v 0.20128502 0.78875196 -0.0472676456
v 0.154981956 0.908555567 -0.0206022449
v 0.137565002 1.00850594 -0.00636182772
v 0.222674862 0.75597924 0.0166308396
v 0.244403839 0.704678655 0.00922309887
v 0.266242564 0.652380824 0.00199522008
v 0.275071442 0.630768061 -0.000830516801
v 0.273478806 0.625748932 0.0185174942
v 0.260235101 0.615399301 0.0429217517
v 0.163686216 0.791727066 -0.0836901292
v 0.11569456 0.790178418 -0.115805112
v 0.0461451821 0.907623947 -0.102978922
v -2.9563904E-07 0.907036483 -0.106252581
v 0.0886186361 0.909022331 -0.0901721492
v 0.125300914 0.90958786 -0.0667453334
v 0.120720461 1.010023 -0.0518432036
v 0.0859768242 1.00906837 -0.0759718791
v 0.0446064286 1.00805175 -0.0901296437
v -5.72204577E-08 1.00752079 -0.0932363123
v 0.136063591 1.02723742 -0.0181143191
v 0.13743417 1.02601814 0.0100969691
v 0.129486665 1.05439007 0.0534760281
v 0.11060822 1.05235541 0.0843426138
v 0.107484646 1.0966053 0.0784693509
v 0.136471689 1.05384636 0.0262285993
v 0.12465284 1.11905575 0.0621769316
v 0.135365888 1.04318404 -0.00162425986
v 0.102410771 1.13740921 0.070984073
v 0.134319842 1.05579102 -0.026427269
v 0.120855808 1.05767655 -0.0562725998
v 0.0882760063 1.05731714 -0.0778378695
v 0.139499962 1.06184316 0.0102246283
v 0.141362995 1.12028754 0.0537333675
v 0.121706538 1.17350161 0.0465891622
v 0.138996392 1.07022655 -0.0255461298
v 0.138492987 1.10051584 -0.0591241643
v 0.121706627 1.09856629 -0.0649501681
v 0.0916077048 1.09618783 -0.0817774832
v 0.139891714 1.17243516 0.0434556752
v 0.100006044 1.17454314 0.0510194749
v 0.0449845679 1.0568341 -0.0932471454
v 0.121706523 1.20112777 0.0250289533
v 0.139822721 1.20106447 0.0248854626
v 0.0973793194 1.20224929 0.0259565543
v 0.0459753014 1.09626329 -0.0952956527
v 0.13797304 1.16999137 -0.0688779429
v 0.121706694 1.17291701 -0.0689442307
v 1.90734859E-08 1.0574429 -0.0955486596
v 1.90734859E-08 1.09696853 -0.0984514207
v 0.0958673432 1.17511129 -0.0780652091
v 0.0476589017 1.17582238 -0.0916685089
v 0.121706523 1.22265911 -0.00238777162
v 0.0947286412 1.2258482 -0.00248563755
v 0.13989149 1.22136545 -0.00238784775
v -1.90734859E-08 1.17523956 -0.0945714042
v 0.137973115 1.20931315 -0.0592597574
v 0.121706575 1.21034181 -0.0597120561
v 0.137973711 1.22843385 -0.0324175842
v 0.121706903 1.22951889 -0.0324176028
v 0.0864867568 1.22168624 -0.0642858595
v 0.0927604437 1.23293614 -0.0341520309
v 0.0519059747 1.23637509 -0.0728775859
v -3.81469718E-08 1.238199 -0.0795852989
v 0.028703155 1.24611425 -0.0713004693
v -1.14440915E-07 1.24879313 -0.0736163557
v 0.0608300976 1.23460472 -0.00181894295
v 0.0629883558 1.20819652 0.0292692184
v 0.0587729625 1.19400597 0.0510832407
v 0.0649895817 1.17312312 0.0594744273
v 0.0678600073 1.13481545 0.0819097906
v 0.0723010823 1.09156239 0.0954201892
v 0.0772711709 1.04896414 0.107656665
v 0.0654719025 1.01394403 0.119810447
v 0.0596510507 1.24438417 -0.0383319184
v 0.0478359982 1.2462008 -0.0588660799
v 0.0879386216 0.888883412 0.107958779
v 0.0701470152 0.890295327 0.147222668
v 0.0962503627 0.777022898 0.154676706
v 0.218464434 0.583846629 0.102591358
v 0.209572017 0.612449646 0.10515701
v 0.225017384 0.587135553 0.10987705
v 0.217169032 0.61275059 0.112548403
v 0.199389875 0.672629535 0.118529394
v 0.190300211 0.671941519 0.110231511
v 0.173457861 0.721167266 0.113631628
v 0.175871342 0.722474933 0.118300892
v 0.18437618 0.725325525 0.12401142
v 0.236658275 0.594673514 0.100487061
v 0.218464434 0.583846629 0.102591358
v 0.232110173 0.593300998 0.0864237994
v 0.246172667 0.60435015 0.0646727756
v 0.25133726 0.606936872 0.0739257783
v 0.266016066 0.61920017 0.0473645404
v 0.260235101 0.615399301 0.0429217517
v 0.244815394 0.628574252 0.0765825659
v 0.259697884 0.638824999 0.0496453829
v 0.227166012 0.685584009 0.0832340568
v 0.242069423 0.694358528 0.056233786
v 0.209570616 0.737996221 0.0885432437
v 0.224672616 0.746030807 0.0618341044
v 0.254499584 0.70382148 0.0257599261
v 0.237885505 0.753643036 0.0312442016
v 0.253570616 0.705599189 0.0138712497
v 0.271333486 0.65259254 0.00554374699
v 0.266242564 0.652380824 0.00199522008
v 0.277004629 0.632114291 0.00276544574
v 0.275071442 0.630768061 -0.000830516801
v 0.278152108 0.630933046 0.0173877515
v 0.273478806 0.625748932 0.0185174942
v 0.275071442 0.630768061 -0.000830516801
v 0.271793902 0.650908828 0.0197484959
v 0.244403839 0.704678655 0.00922309887
v 0.229361296 0.751388967 0.0180508997
v 0.222674862 0.75597924 0.0166308396
v 0.238462374 0.754685342 0.0211101342
v 0.161702916 0.756139457 0.115226403
v 0.175871342 0.722474933 0.118300892
v 0.173457861 0.721167266 0.113631628
v 0.188703001 0.728779435 0.102080002
v 0.173080042 0.761773646 0.100295179
v 0.201269984 0.735268533 0.0822936222
v 0.183603838 0.767441869 0.0808250755
v 0.213836774 0.74175781 0.0625073984
v 0.194127783 0.773109972 0.0613550171
v 0.224630892 0.748038292 0.036750488
v 0.21087569 0.782935858 0.0203870572
v 0.229361296 0.751388967 0.0180508997
v 0.222674862 0.75597924 0.0166308396
v -5.72204577E-08 0.607743561 -0.254389405
v -2.76569025E-08 0.594880819 -0.233141109
v 0.0366232283 0.504972219 -0.288530469
v 0.238462374 0.754685342 0.0211101342
v 0.237885505 0.753643036 0.0312442016
v 0.229361296 0.751388967 0.0180508997
v 0.224630892 0.748038292 0.036750488
v 0.224672616 0.746030807 0.0618341044
v 0.213836774 0.74175781 0.0625073984
v 0.209570616 0.737996221 0.0885432437
v 0.201269984 0.735268533 0.0822936222
v 0.188703001 0.728779435 0.102080002
v 0.194468528 0.729961395 0.115252189
v 0.175871342 0.722474933 0.118300892
v 0.18437618 0.725325525 0.12401142
v 0.246172667 0.60435015 0.0646727756
v 0.232110173 0.593300998 0.0864237994
v 0.183603838 0.767441869 0.0808250755
v 0.173080042 0.761773646 0.100295179
v 0.229933158 0.618323565 0.103519663
v 0.212262765 0.67680943 0.110234261
v 0.194468528 0.729961395 0.115252189
v 0.507688344 1.16192162 0.0319967642
v 0.48337394 1.18199921 -0.0045038606
v 0.507757962 1.14235103 0.00182571402
v 0.507730424 1.14696181 -0.0232677069
v 0.507634521 1.18405223 -0.0491916649
v 0.507607877 1.19339788 0.037301749
v 0.507597804 1.21104348 0.0249629971
v 0.507615864 1.20376968 -0.0417906381
v 0.507600784 1.2171514 -0.0219441783
v 0.507594645 1.21978807 0.0027997971
v 0.0533440188 1.09163463 0.0882529616
v 0.0727576911 1.04125428 0.0993436426
v 0.10983932 1.04291654 0.0672158599
v 0.0476261526 1.08813369 0.101922303
v 0.050954625 1.04555035 0.115970224
v 0.044485569 1.12746084 0.082599923
v 0.203276724 1.11000156 -0.0418280028
v 0.234669313 1.11424553 -0.0382140167
v 0.263614535 1.11716914 -0.0348961428
v 0.263947219 1.10669088 0.0102245333
v 0.315680146 1.11164737 0.0102245333
v 0.315680236 1.12254763 -0.0304430183
v 0.337213129 1.11361873 0.0102245333
v 0.337213218 1.12463546 -0.0310932156
v 0.235516593 1.17715108 0.0378831662
v 0.255556703 1.16513216 0.0386799984
v 0.235569477 1.15537953 0.0365731418
v 0.25993824 1.17887604 0.0379153825
v 0.215455666 1.16174817 0.0363949202
v 0.23514159 1.20354426 0.0242174529
v 0.210261181 1.20163834 0.0237765685
v 0.210971892 1.17465889 0.0352102667
v 0.260022938 1.2054503 0.0246577263
v 0.211054832 1.21655166 -0.00302173616
v 0.235562354 1.21722341 -0.00253416062
v 0.260069609 1.21789515 -0.00204675668
v 0.26008305 1.22079325 -0.0339173116
v 0.23558028 1.22173166 -0.0337998755
v 0.211077645 1.2226702 -0.0336824618
v 0.235671148 1.20449054 -0.0585977733
v 0.260167509 1.20385873 -0.0580242127
v 0.211174354 1.20512247 -0.0591711998
v 0.258711994 1.17671669 -0.0601269528
v 0.235797822 1.17694259 -0.0635029674
v 0.211035565 1.17678499 -0.0614466369
v 0.254693419 1.16504669 -0.0576089844
v 0.216679782 1.16318119 -0.057219658
v 0.235773519 1.15399265 -0.0562747568
v 0.0476261526 1.08813369 0.101922303
v 0.044485569 1.12746084 0.082599923
v 0.044438228 1.13034666 0.0868690088
v 0.0443057045 1.16314125 0.0638586804
v 0.0475059301 1.20266128 0.0282316394
v 0.0405019 1.2091639 0.0321750045
v 0.0577877611 1.22134638 0.00635261508
v 0.0398489386 1.24031973 -0.00499443058
v 0.0578795224 1.23943293 -0.0269270893
v 0.0386941135 1.26123071 -0.0452972315
v 0.0398489386 1.24031973 -0.00499443058
v 0.0443057045 1.16314125 0.0638586804
v 0.0405019 1.2091639 0.0321750045
v 0.0422335044 1.17097127 0.0646065921
v 0.044438228 1.13034666 0.0868690088
v 0.0578795224 1.23943293 -0.0269270893
v 0.0360310338 1.24549723 -0.0550208762
v 0.0386941135 1.26123071 -0.0452972315
v 0.0270447917 1.26339686 -0.0605715364
v -2.6702881E-07 1.24566138 -0.0700920075
v 0.0270447917 1.26339686 -0.0605715364
v -1.52587887E-07 1.26339757 -0.0662189052
v -1.14440915E-07 1.26802886 -0.0738075599
v 0.0277581401 1.26675534 -0.0668878034
v -1.52587887E-07 1.26339757 -0.0662189052
v 0.0270447917 1.26339686 -0.0605715364
v 0.0386941135 1.26123071 -0.0452972315
v 0.046206817 1.26332748 -0.0444248766
v 0.0310913455 1.24687362 -0.0796452388
v -3.81469718E-08 1.24523818 -0.0839885473
v 0.0561826304 1.24786949 -0.0637819469
v 0.0765504241 1.24534273 -0.0353052877
v 0.0506162643 1.25297999 -0.0198704526
v 0.0893137529 1.23342693 -9.35935968E-05
v 0.0566451624 1.23706126 0.00928180665
v 0.0398489386 1.24031973 -0.00499443058
v 0.0405019 1.2091639 0.0321750045
v 0.0582556911 1.21609044 0.035410326
v 0.0954829231 1.21031153 0.0298580732
v 0.0594907179 1.19588065 0.0531904772
v 0.0422335044 1.17097127 0.0646065921
v 0.0605217926 1.18113077 0.0697446987
v 0.0644605234 1.1375618 0.089916572
v 0.044438228 1.13034666 0.0868690088
v 0.0648333728 1.0937413 0.105304219
v 0.0476261526 1.08813369 0.101922303
v 0.0643406585 1.05031252 0.116995119
v 0.050954625 1.04555035 0.115970224
v 0.0543797016 1.00721216 0.124700584
v 0.0655984879 1.01433289 0.122440718
v 0.108079813 1.18382919 0.0608700924
v 0.101530075 1.14391923 0.0785924494
v 0.0965422913 1.09942818 0.0972341895
v 0.0913442522 1.05222487 0.112318039
v 0.0821571127 1.03356063 0.118366621
v 0.0596510507 1.24438417 -0.0383319184
v 0.0608300976 1.23460472 -0.00181894295
v 0.0754927993 1.24287617 -0.0351452045
v 0.0884214938 1.23089635 -0.00111341476
v 0.0629883558 1.20819652 0.0292692184
v 0.0947036147 1.20819199 0.0281510148
v 0.0547332354 1.24576735 -0.0624816306
v 0.0478359982 1.2462008 -0.0588660799
v 0.0893137529 1.23342693 -9.35935968E-05
v 0.0765504241 1.24534273 -0.0353052877
v 0.0954829231 1.21031153 0.0298580732
v 0.0594907179 1.19588065 0.0531904772
v 0.0587729625 1.19400597 0.0510832407
v 0.0963400453 1.18220139 0.058597412
v 0.108079813 1.18382919 0.0608700924
v 0.101530075 1.14391923 0.0785924494
v 0.0982159004 1.14269614 0.0760689154
v 0.0965422913 1.09942818 0.0972341895
v 0.0960013196 1.09850156 0.0945670679
v 0.0913442522 1.05222487 0.112318039
v 0.0908829197 1.05149496 0.109571151
v 0.0818461627 1.0329994 0.115564913
v 0.0821571127 1.03356063 0.118366621
v 0.0655984879 1.01433289 0.122440718
v 0.0654719025 1.01394403 0.119810447
v 0.0543797016 1.00721216 0.124700584
v 0.0772711709 1.04896414 0.107656665
v 0.0723010823 1.09156239 0.0954201892
v 0.0678600073 1.13481545 0.0819097906
v 0.0649895817 1.17312312 0.0594744273
v 0.0310913455 1.24687362 -0.0796452388
v -3.81469718E-08 1.24523818 -0.0839885473
v 0.0301260743 1.2452141 -0.077632919
v 3.81469718E-08 1.2438643 -0.0815011933
v 0.0561826304 1.24786949 -0.0637819469
v 0.028703155 1.24611425 -0.0713004693
v -1.14440915E-07 1.24879313 -0.0736163557
v -0.118410908 1.05159593 -0.00719993562
v -0.122679628 1.04683602 0.0364426412
v -0.109839708 1.04291713 0.0672158971
v -0.0727576986 1.04125428 0.0993436798
v -0.0509546064 1.04555023 0.115970112
v -0.0825852007 1.05484879 -0.061340984
v -0.0359777622 1.05474269 -0.0806294009
v -3.81469718E-08 1.05530989 -0.0827510729
v -0.110608324 1.05235553 0.0843424797
v -0.129486576 1.05439007 0.0534759909
v -0.107484549 1.09660518 0.0784693509
v -0.124652743 1.11905587 0.0621769316
v -0.137434199 1.02601826 0.0100969309
v -0.136471853 1.05384648 0.0262285043
v -0.136063918 1.02723742 -0.0181142706
v -0.13536568 1.04318392 -0.00162429805
v -0.134319991 1.05579102 -0.0264272485
v -0.120856054 1.05767655 -0.0562726483
v -0.139499769 1.06184328 0.0102245901
v -0.0882758275 1.05731702 -0.0778378621
v -0.141362906 1.12028766 0.0537333079
v -0.138996392 1.07022703 -0.0255461782
v -0.138493001 1.1005156 -0.0408999808
v -0.121706769 1.09856582 -0.0649501011
v -0.0916076228 1.09618807 -0.0817774534
v -0.0449846052 1.05683422 -0.0932471603
v -0.0459753014 1.09626353 -0.0952956825
v -0.137973174 1.16999125 -0.0688779801
v -0.121707037 1.17291701 -0.0689443201
v 1.90734859E-08 1.0574429 -0.0955486596
v 1.90734859E-08 1.09696853 -0.0984514207
v -0.095867537 1.17511117 -0.0780651867
v -0.0476591103 1.17582214 -0.0916686058
v -1.90734859E-08 1.17523956 -0.0945714042
v -0.12170662 1.21034181 -0.0597120039
v -0.0864869282 1.22168624 -0.0642859042
v -0.137972981 1.20931304 -0.0592597611
v -0.137973979 1.22843385 -0.0324174576
v -0.121706657 1.22951913 -0.0324176028
v -0.121706732 1.22265923 -0.00238784775
v -0.0947288498 1.22584832 -0.00248573301
v -0.097379379 1.20224929 0.0259565152
v -0.121706769 1.20112777 0.0250289906
v -0.100006104 1.17454314 0.0510194562
v -0.121706538 1.17350137 0.0465891436
v -0.139891773 1.17243493 0.0434556566
v -0.139822885 1.20106435 0.024885444
v -0.139891729 1.22136557 -0.00238782866
v -0.0927603096 1.23293626 -0.0341520868
v -0.0587732308 1.19400585 0.0510832965
v -0.0649897009 1.17312312 0.0594744086
v -0.0629884303 1.20819652 0.0292691421
v -0.060830228 1.23460472 -0.00181907648
v -0.0596509166 1.24438393 -0.0383319482
v -0.0519060902 1.23637509 -0.0728775635
v -3.81469718E-08 1.238199 -0.0795852989
v -0.028703345 1.24611413 -0.0713004991
v -1.14440915E-07 1.24879313 -0.0736163557
v -0.04783592 1.2462008 -0.0588661097
v -0.0533440001 1.09163487 0.0882528499
v -0.109839708 1.04291713 0.0672158971
v -0.0727576986 1.04125428 0.0993436798
v -0.0476259999 1.08813393 0.101922303
v -0.0509546064 1.04555023 0.115970112
v -0.0444857031 1.1274606 0.0826001316
v -0.124652743 1.11905587 0.0621769316
v -0.102410845 1.13740933 0.0709839836
v -0.107484549 1.09660518 0.0784693509
v -0.121706538 1.17350137 0.0465891436
v -0.100006104 1.17454314 0.0510194562
v -0.258711785 1.17671669 -0.0601269528
v -0.258711934 1.17671657 -0.0601269379
v -0.254693508 1.16504669 -0.0576088801
v -0.26016745 1.20385873 -0.0580242202
v -0.235516816 1.1771512 0.0378831662
v -0.235569492 1.15537941 0.0365730859
v -0.255556852 1.16513193 0.0386799984
v -0.25993821 1.17887604 0.0379153639
v -0.215455621 1.16174829 0.0363950133
v -0.235142738 1.20354462 0.0242167842
v -0.210261375 1.20163834 0.0237765498
v -0.210971788 1.17465878 0.0352102481
v -0.260023862 1.20545053 0.024656944
v -0.211054906 1.21655178 -0.0030216407
v -0.23556228 1.21722353 -0.00253422721
v -0.260069638 1.21789527 -0.0020468235
v -0.260083228 1.22079313 -0.0339173488
v -0.235580444 1.22173166 -0.0337998942
v -0.211077645 1.22267008 -0.0336824507
v -0.235670924 1.20449066 -0.0585976765
v -0.26016745 1.20385873 -0.0580242202
v -0.211174384 1.20512235 -0.0591711737
v -0.258711785 1.17671669 -0.0601269528
v -0.235797912 1.17694283 -0.0635029376
v -0.211035535 1.17678511 -0.0614466146
v -0.254693508 1.16504669 -0.0576088801
v -0.216679722 1.1631813 -0.057219699
v -0.235773727 1.15399277 -0.0562748611
v -0.216679722 1.1631813 -0.057219699
v -0.211035758 1.17678499 -0.0614466555
v -0.211035535 1.17678511 -0.0614466146
v -0.0772711709 1.04896414 0.107656702
v -0.0654721409 1.01394391 0.119810447
v -0.0723007917 1.09156227 0.0954200327
v -0.054379575 1.0072124 0.124700695
v -0.0476259999 1.08813393 0.101922303
v -0.0444380939 1.13034654 0.0868689716
v -0.0444857031 1.1274606 0.0826001316
v -0.0442950055 1.16311896 0.0636602566
v -0.04050228 1.20916414 0.03217493
v -0.0475058742 1.20266151 0.0282316767
v -0.057787817 1.22134638 0.00635263417
v -0.0398488976 1.24031961 -0.0049943924
v -0.0578794852 1.23943317 -0.02692708
v -0.0386943035 1.26123095 -0.0452972017
v -0.102410845 1.13740933 0.0709839836
v -0.0678602606 1.13481557 0.0819098055
v -0.107484549 1.09660518 0.0784693509
v -0.0723007917 1.09156227 0.0954200327
v -0.0649897009 1.17312312 0.0594744086
v -0.100006104 1.17454314 0.0510194562
v -0.0442950055 1.16311896 0.0636602566
v -0.0422337726 1.17097139 0.0646066815
v -0.04050228 1.20916414 0.03217493
v -0.0444380939 1.13034654 0.0868689716
v -0.0578794852 1.23943317 -0.02692708
v -0.0386943035 1.26123095 -0.0452972017
v -0.0360312276 1.24549699 -0.055020988
v -0.0270449817 1.26339662 -0.0605715066
v -2.6702881E-07 1.24566138 -0.0700920075
v -0.0270449817 1.26339662 -0.0605715066
v -1.52587887E-07 1.26339757 -0.0662189052
v -1.14440915E-07 1.26802886 -0.0738075599
v -1.52587887E-07 1.26339757 -0.0662189052
v -0.0277582929 1.26675534 -0.066887863
v -0.0270449817 1.26339662 -0.0605715066
v -0.0386943035 1.26123095 -0.0452972017
v -0.046206817 1.26332748 -0.044424925
v -0.0310912691 1.2468735 -0.0796452686
v -3.81469718E-08 1.24523818 -0.0839885473
v -0.0561826304 1.24786949 -0.0637819469
v -0.0765504837 1.24534273 -0.035305243
v -0.0506163016 1.25297976 -0.0198703948
v -0.0893139616 1.23342681 -9.36317447E-05
v -0.0566452779 1.23706126 0.00928178802
v -0.0398488976 1.24031961 -0.0049943924
v -0.04050228 1.20916414 0.03217493
v -0.0582556538 1.21609032 0.0354103073
v -0.0954826698 1.21031153 0.0298579391
v -0.0594909638 1.19588029 0.0531904027
v -0.0422337726 1.17097139 0.0646066815
v -0.0605216585 1.18113065 0.0697445646
v -0.0644607916 1.1375618 0.0899165124
v -0.0444380939 1.13034654 0.0868689716
v -0.0648336411 1.09374118 0.105304107
v -0.0476259999 1.08813393 0.101922303
v -0.0643406287 1.0503124 0.116994947
v -0.0509546064 1.04555023 0.115970112
v -0.054379575 1.0072124 0.124700695
v -0.0655985996 1.01433301 0.12244083
v -0.108080022 1.18382907 0.0608699769
v -0.101529956 1.14391947 0.0785924718
v -0.0965422019 1.09942842 0.0972341895
v -0.0913445279 1.05222487 0.112317957
v -0.0821569413 1.03356063 0.118366621
v -0.0884212852 1.23089647 -0.00111337658
v -0.060830228 1.23460472 -0.00181907648
v -0.0754927844 1.24287581 -0.0351452827
v -0.0596509166 1.24438393 -0.0383319482
v -0.0629884303 1.20819652 0.0292691421
v -0.0947036371 1.20819163 0.0281510148
v -0.0547333509 1.24576724 -0.062481612
v -0.04783592 1.2462008 -0.0588661097
v -0.0893139616 1.23342681 -9.36317447E-05
v -0.0765504837 1.24534273 -0.035305243
v -0.0954826698 1.21031153 0.0298579391
v -0.0594909638 1.19588029 0.0531904027
v -0.0587732308 1.19400585 0.0510832965
v -0.0963397175 1.18220115 0.0585974865
v -0.108080022 1.18382907 0.0608699769
v -0.101529956 1.14391947 0.0785924718
v -0.0982160941 1.14269638 0.0760688037
v -0.0965422019 1.09942842 0.0972341895
v -0.0960013196 1.09850168 0.0945671424
v -0.0913445279 1.05222487 0.112317957
v -0.0908830613 1.05149508 0.109571114
v -0.0818463489 1.03299963 0.115564898
v -0.0821569413 1.03356063 0.118366621
v -0.0655985996 1.01433301 0.12244083
v -0.0654721409 1.01394391 0.119810447
v -0.054379575 1.0072124 0.124700695
v -0.0772711709 1.04896414 0.107656702
v -0.0723007917 1.09156227 0.0954200327
v -0.0678602606 1.13481557 0.0819098055
v -0.0649897009 1.17312312 0.0594744086
v -0.0310912691 1.2468735 -0.0796452686
v -0.0301263798 1.24521387 -0.077632837
v -3.81469718E-08 1.24523818 -0.0839885473
v 3.81469718E-08 1.2438643 -0.0815011933
v -0.0561826304 1.24786949 -0.0637819469
v -0.028703345 1.24611413 -0.0713004991
v -1.14440915E-07 1.24879313 -0.0736163557
v -0.0677766725 0.734002411 -0.124679036
v -0.0621641353 0.797819972 -0.113763645
v -0.131481171 0.743192255 -0.084093675
v -0.120761409 0.806261122 -0.076866962
v -0.000863327936 0.7896806 -0.122144885
v -0.000697727199 0.725147069 -0.132527962
v -0.169545278 0.749539077 -0.0233969595
v -0.157064095 0.812294066 -0.0198899079
v -0.165301666 0.750273407 0.0312179551
v -0.154374406 0.813166738 0.0320509709
v -0.127456784 0.746419072 0.0753883123
v -0.115819499 0.809235811 0.0769253522
v -0.058804851 0.802317381 0.0961803421
v -0.0611168593 0.738328457 0.0960555822
v 5.81741347E-07 0.794852972 0.10438484
v 5.90896598E-05 0.730652094 0.105983503
v 0.059660852 0.787003398 0.0961955264
v 0.0625368282 0.72235471 0.0965690985
v 0.120594688 0.778661013 0.0764568299
v 0.132678434 0.712798238 0.0757598951
v 0.160570517 0.772439718 0.0315890498
v 0.172664449 0.706529081 0.028933486
v 0.164462119 0.770664573 -0.0225361064
v 0.177724421 0.704554379 -0.0272456929
v 0.137432083 0.708282769 -0.0902507678
v 0.126058668 0.774232328 -0.0820276812
v 0.0673740357 0.716434777 -0.12876384
v 0.0626943186 0.78157413 -0.118166648
v -0.000697727199 0.725147069 -0.132527962
v -0.000863327936 0.7896806 -0.122144885
v -0.0747219846 0.645433962 -0.133973986
v -0.0710478649 0.684785664 -0.131368771
v -0.145724788 0.666522384 -0.103305072
v -0.137431845 0.708282232 -0.0902507678
v -0.0673737526 0.716433942 -0.128763542
v -0.18509151 0.690185905 -0.0320306085
v -0.169545278 0.749539077 -0.0233969595
v -0.131481171 0.743192255 -0.084093675
v -0.000110167486 0.684785724 -0.133544609
v -0.000697727199 0.725147069 -0.132527962
v 0.0747221932 0.645433307 -0.133974001
v 0.0710480958 0.684785664 -0.13136889
v 0.0673740357 0.716434777 -0.12876384
v 0.137432083 0.708282769 -0.0902507678
v 0.14157854 0.687402546 -0.096777834
v 0.185092077 0.690185368 -0.0320305452
v 0.145725012 0.666522384 -0.103304915
v 0.177724421 0.704554379 -0.0272456929
v 0.179925755 0.689651608 0.0269976221
v -0.0677766725 0.734002411 -0.124679036
v 0.172664449 0.706529081 0.028933486
v 0.132678434 0.712798238 0.0757598951
v 0.14270103 0.666656911 0.0825799927
v 0.101436421 0.655314624 0.10331399
v 0.0625368282 0.72235471 0.0965690985
v 0.0373114571 0.643643856 0.107273206
v 5.90896598E-05 0.730652094 0.105983503
v -0.0373109914 0.643643498 0.107273169
v -0.0611168593 0.738328457 0.0960555822
v -0.10143625 0.655314565 0.103313647
v -0.127456784 0.746419072 0.0753883123
v -0.142701477 0.666657269 0.0825799927
v -0.179925948 0.689651847 0.0269975085
v -0.165301666 0.750273407 0.0312179551
v -0.169545278 0.749539077 -0.0233969595
v -0.18509151 0.690185905 -0.0320306085
v -0.0428947248 1.00717711 -0.0789499357
v -5.72204577E-08 1.00748003 -0.0813068599
v -0.0359777622 1.05474269 -0.0806294009
v -3.81469718E-08 1.05530989 -0.0827510729
v -0.0825852007 1.05484879 -0.061340984
v -0.090016894 1.00666273 -0.0593507551
v -0.118410908 1.05159593 -0.00719993562
v -0.120917507 1.00370133 -0.0112400623
v -1.43051139E-07 0.9201141 -0.0887037814
v -0.0509934984 0.91943264 -0.0845844224
v 6.19888283E-08 0.863194466 -0.100570105
v -0.0559853725 0.864722788 -0.0960204005
v -0.104322545 0.9189412 -0.0615919493
v -0.111344852 0.866292536 -0.0695826486
v -0.134875327 0.91982007 -0.0141482251
v -0.146192014 0.864822268 -0.0164693631
v -0.12021327 0.809755087 -0.076443173
v -0.157064095 0.812294066 -0.0198899079
v -0.0610617585 0.809755385 -0.110597894
v -0.000103614344 0.80975312 -0.119362712
v -0.0621641353 0.797819972 -0.113763645
v -0.000863327936 0.7896806 -0.122144885
v -0.120761409 0.806261122 -0.076866962
v 2.64374552E-23 1.16565669 0.0592582896
v -0.0323963165 1.17259479 0.0541448183
v -1.52587887E-07 1.1828022 0.0469750576
v -0.0383945778 1.1954658 0.0348227657
v -0.0442950055 1.16311896 0.0636602566
v -0.0475058742 1.20266151 0.0282316767
v 7.62939436E-08 1.12527919 0.0825742334
v -0.0444857031 1.1274606 0.0826001316
v 2.09808348E-07 1.0896647 0.0914667845
v -0.0533440001 1.09163487 0.0882528499
v -0.0518852621 1.00684285 0.0962571874
v 5.72204577E-08 1.00795734 0.09959995
v -0.109839708 1.04291713 0.0672158971
v -0.102107637 0.998772025 0.0759639367
v -0.127142861 1.00082278 0.0352712832
v -0.122679628 1.04683602 0.0364426412
v -0.120917507 1.00370133 -0.0112400623
v -0.118410908 1.05159593 -0.00719993562
v -0.134875327 0.91982007 -0.0141482251
v -0.133806124 0.916000962 0.0332496837
v -0.146192014 0.864822268 -0.0164693631
v -0.14560917 0.861063302 0.0323535167
v -0.108299747 0.856976986 0.077983737
v -0.102805629 0.911180258 0.0780951306
v -0.0552129075 0.90761137 0.0973098725
v -0.0575255379 0.852043569 0.0965449661
v -3.31401822E-07 0.851747632 0.104319036
v -1.0490416E-07 0.90840435 0.10361141
v 0.0552130118 0.907611609 0.0973097235
v 0.0575257614 0.852044344 0.0965449512
v 0.108299844 0.856975853 0.077983737
v 0.102806076 0.911180019 0.0780952051
v 0.13380599 0.916001618 0.0332502946
v 0.14560923 0.861063242 0.0323536284
v 0.146192685 0.864822268 -0.0164694395
v 0.134875417 0.919820368 -0.0141482539
v 0.127143204 1.00082231 0.0352715477
v 0.120918021 1.00370181 -0.0112399673
v 0.122679606 1.04683602 0.0364426784
v 0.10983932 1.04291654 0.0672158599
v 0.102108032 0.998772323 0.0759640709
v 0.11841049 1.05159533 -0.00719989743
v 0.0518853851 1.00684309 0.0962570906
v 0.0533440188 1.09163463 0.0882529616
v 0.154771626 0.809754372 0.0321556479
v 0.157573044 0.809753656 -0.0201548953
v 0.160570517 0.772439718 0.0315890498
v 0.120594688 0.778661013 0.0764568299
v 0.115220986 0.809753418 0.077186048
v 0.059660852 0.787003398 0.0961955264
v 0.0589669868 0.809754312 0.0962840617
v 0.164462119 0.770664573 -0.0225361064
v 5.81741347E-07 0.794852972 0.10438484
v -0.058804851 0.802317381 0.0961803421
v -0.115819499 0.809235811 0.0769253522
v -0.154374406 0.813166738 0.0320509709
v -0.157064095 0.812294066 -0.0198899079
v -3.81469718E-08 1.05530989 -0.0827510729
v -5.72204577E-08 1.00748003 -0.0813068599
v 0.0359778032 1.05474234 -0.0806294456
v 0.0428946763 1.00717664 -0.078949973
v 0.0859719664 1.05492067 -0.0587123185
v 0.0900170878 1.00666249 -0.0593507178
v 0.11841049 1.05159533 -0.00719989743
v 0.120918021 1.00370181 -0.0112399673
v -1.43051139E-07 0.9201141 -0.0887037814
v 0.0509935208 0.919433415 -0.0845843479
v 6.19888283E-08 0.863194466 -0.100570105
v 0.0559857935 0.864723325 -0.0960204676
v 0.104322545 0.918941259 -0.0615919568
v 0.111345105 0.866291761 -0.069582887
v 0.134875417 0.919820368 -0.0141482539
v 0.146192685 0.864822268 -0.0164694395
v -0.000103614344 0.80975312 -0.119362712
v 0.0607883073 0.80975312 -0.11455404
v -0.000863327936 0.7896806 -0.122144885
v 0.0626943186 0.78157413 -0.118166648
v 0.120456576 0.809752584 -0.0776969045
v 0.126058668 0.774232328 -0.0820276812
v 0.157573044 0.809753656 -0.0201548953
v 0.164462119 0.770664573 -0.0225361064
v 0.0323966965 1.1725949 0.0541450679
v 0.0383945815 1.1954658 0.034822762
v 0.0443057045 1.16314125 0.0638586804
v 0.0475059301 1.20266128 0.0282316394
v 0.044485569 1.12746084 0.082599923
v -0.0747219846 0.645433962 -0.133973986
v -0.145724788 0.666522384 -0.103305072
v 1.81198118E-07 0.704544961 -0.013503666
v -0.18509151 0.690185905 -0.0320306085
v 0.0747221932 0.645433307 -0.133974001
v -0.179925948 0.689651847 0.0269975085
v -0.142701477 0.666657269 0.0825799927
v -0.10143625 0.655314565 0.103313647
v -0.0373109914 0.643643498 0.107273169
v 0.0373114571 0.643643856 0.107273206
v 1.81198118E-07 0.704544961 -0.013503666
v 0.145725012 0.666522384 -0.103304915
v 0.0747221932 0.645433307 -0.133974001
v 0.185092077 0.690185368 -0.0320305452
v 0.179925755 0.689651608 0.0269976221
v 0.14270103 0.666656911 0.0825799927
v 0.101436421 0.655314624 0.10331399
v 0.0373114571 0.643643856 0.107273206
v -0.0245118849 0.699360013 0.112541921
v -0.0893830582 0.710637748 0.0792938769
v -0.0433825925 0.701942801 0.150237575
v -0.108253755 0.713220179 0.116989322
v -0.154254094 0.721915424 0.0460458547
v -0.173124954 0.724497914 0.0837411657
v -0.154254094 0.721915424 0.0460458547
v -0.136803716 0.826851428 0.0475924872
v -0.173124954 0.724497914 0.0837411657
v -0.157767668 0.816845834 0.0851021558
v -0.131559163 0.85838902 0.0480571911
v -0.157767668 0.816845834 0.0851021558
v -0.150429726 0.860971808 0.085752368
v -0.0719326958 0.815573275 0.0808406845
v -0.0893830582 0.710637748 0.0792938769
v -0.00706165051 0.804294825 0.114088818
v -0.0245118849 0.699360013 0.112541921
v -0.154254094 0.721915424 0.0460458547
v -0.136803716 0.826851428 0.0475924872
v -0.020687947 0.838414848 0.152248606
v -0.00181705831 0.835832357 0.114553526
v -0.0280257761 0.79428941 0.151598424
v -0.00706165051 0.804294825 0.114088818
v -0.00706165051 0.804294825 0.114088818
v -0.0245118849 0.699360013 0.112541921
v -0.0280257761 0.79428941 0.151598424
v -0.0433825925 0.701942801 0.150237575
v -0.0855971128 0.84969312 0.119432278
v -0.0667263418 0.847110748 0.0817371383
v -0.020687947 0.838414848 0.152248606
v -0.00181705831 0.835832357 0.114553526
v -0.150429726 0.860971808 0.085752368
v -0.131559163 0.85838902 0.0480571911
v -0.0928968042 0.805567622 0.11835029
v -0.0855971128 0.84969312 0.119432278
v -0.0280257761 0.79428941 0.151598424
v -0.020687947 0.838414848 0.152248606
v -0.150429726 0.860971808 0.085752368
v -0.157767668 0.816845834 0.0851021558
v -0.00181705831 0.835832357 0.114553526
v -0.0667263418 0.847110748 0.0817371383
v -0.00706165051 0.804294825 0.114088818
v -0.0719326958 0.815573275 0.0808406845
v -0.131559163 0.85838902 0.0480571911
v -0.136803716 0.826851428 0.0475924872
v -0.158614606 0.722480297 0.0977185816
v -0.156067505 0.737030625 0.0978483185
v -0.162687242 0.723181963 0.099059768
v -0.160139158 0.737732291 0.0991898105
v -0.162687242 0.723181963 0.099059768
v -0.160139158 0.737732291 0.0991898105
v -0.161371604 0.722915351 0.103191525
v -0.158824399 0.737463951 0.103321895
v -0.161371604 0.722915351 0.103191525
v -0.158824399 0.737463951 0.103321895
v -0.157299817 0.722214043 0.101850241
v -0.154752225 0.736764073 0.101980284
v -0.157299817 0.722214043 0.101850241
v -0.154752225 0.736764073 0.101980284
v -0.158614606 0.722480297 0.0977185816
v -0.156067505 0.737030625 0.0978483185
v -0.161371604 0.722915351 0.103191525
v -0.157299817 0.722214043 0.101850241
v -0.162687242 0.723181963 0.099059768
v -0.158614606 0.722480297 0.0977185816
v -0.159998685 0.73432523 0.104473189
v -0.154161975 0.733336389 0.102460995
v -0.162038684 0.734310806 0.0985631719
v -0.156202078 0.733323395 0.0965507478
v -0.142496407 0.811786354 0.0969425216
v -0.140424669 0.811262131 0.10365589
v -0.148236364 0.812779069 0.0989268497
v -0.146554187 0.812325895 0.105603442
v -0.14044866 0.787935615 0.105953768
v -0.152520478 0.790002108 0.109192275
v -0.140424669 0.811262131 0.10365589
v -0.146554187 0.812325895 0.105603442
v -0.156084806 0.790970147 0.0965844691
v -0.148236364 0.812779069 0.0989268497
v -0.142496407 0.811786354 0.0969425216
v -0.144013077 0.788903236 0.0933459848
v -0.144013077 0.788903236 0.0933459848
v -0.142496407 0.811786354 0.0969425216
v -0.161723644 0.757301986 0.0968118459
v -0.150410175 0.754900753 0.0929861814
v -0.162038684 0.734310806 0.0985631719
v -0.159998685 0.73432523 0.104473189
v -0.157923862 0.756784678 0.10837429
v -0.14661032 0.754382908 0.104548834
v -0.154161975 0.733336389 0.102460995
v -0.156202078 0.733323395 0.0965507478
v -0.150410175 0.754900753 0.0929861814
v -0.156202078 0.733323395 0.0965507478
v -0.131690457 0.709080637 0.119829096
v -0.126922354 0.708260775 0.118258454
v -0.133230418 0.709394276 0.114990994
v -0.126922354 0.708260775 0.118258454
v -0.128462046 0.708573461 0.113420404
v -0.133230418 0.709394276 0.114990994
v -0.106697626 0.796299934 0.121469341
v -0.118517056 0.798334479 0.125362739
v -0.110514231 0.797075927 0.109476529
v -0.118517056 0.798334479 0.125362739
v -0.122333944 0.799110711 0.11336977
v -0.110514231 0.797075927 0.109476529
v -0.131557837 0.723849177 0.124696426
v -0.131690457 0.709080637 0.119829096
v -0.135374784 0.724625409 0.112703837
v -0.133230418 0.709394276 0.114990994
v -0.123555332 0.722590923 0.108810328
v -0.128462046 0.708573461 0.113420404
v -0.126922354 0.708260775 0.118258454
v -0.119738154 0.721813858 0.120803259
v -0.128462046 0.708573461 0.113420404
v -0.123555332 0.722590923 0.108810328
v -0.108394757 0.786607027 0.121382825
v -0.106697626 0.796299934 0.121469341
v -0.112211369 0.787381947 0.10938976
v -0.110514231 0.797075927 0.109476529
v -0.120214403 0.788642049 0.12527597
v -0.118517056 0.798334479 0.125362739
v -0.108394757 0.786607027 0.121382825
v -0.106697626 0.796299934 0.121469341
v -0.124031045 0.789417267 0.11328321
v -0.122333944 0.799110711 0.11336977
v -0.120214403 0.788642049 0.12527597
v -0.118517056 0.798334479 0.125362739
v -0.112211369 0.787381947 0.10938976
v -0.110514231 0.797075927 0.109476529
v -0.124031045 0.789417267 0.11328321
v -0.122333944 0.799110711 0.11336977
v -0.123555332 0.722590923 0.108810328
v -0.112829119 0.783853412 0.109358229
v -0.135374784 0.724625409 0.112703837
v -0.124648653 0.785888672 0.113251723
v -0.131557837 0.723849177 0.124696426
v -0.120831877 0.7851125 0.125244334
v -0.119738154 0.721813858 0.120803259
v -0.109012447 0.78307873 0.121351123
v -0.123555332 0.722590923 0.108810328
v -0.112829119 0.783853412 0.109358229
v -0.108394757 0.786607027 0.121382825
v -0.112211369 0.787381947 0.10938976
v -0.120214403 0.788642049 0.12527597
v -0.124031045 0.789417267 0.11328321
v -0.124648653 0.785888672 0.113251723
v -0.112829119 0.783853412 0.109358229
v -0.120831877 0.7851125 0.125244334
v -0.112829119 0.783853412 0.109358229
v -0.109012447 0.78307873 0.121351123
v -0.120831877 0.7851125 0.125244334
v -0.116540655 0.802199543 0.122888029
v -0.119150728 0.802730918 0.114686295
v -0.113196388 0.805240631 0.117486954
v -0.112575985 0.777284384 0.120014988
v -0.108457476 0.800809205 0.120225482
v -0.115186237 0.777814627 0.111813731
v -0.111067481 0.801339686 0.11202392
v -0.116540655 0.802199543 0.122888029
v -0.120659262 0.778675735 0.122677684
v -0.119150728 0.802730918 0.114686295
v -0.123269521 0.779206395 0.114476085
v -0.111067481 0.801339686 0.11202392
v -0.115186237 0.777814627 0.111813731
v -0.108457476 0.800809205 0.120225482
v -0.113196388 0.805240631 0.117486954
v -0.111067481 0.801339686 0.11202392
v -0.113196388 0.805240631 0.117486954
v -0.119150728 0.802730918 0.114686295
v -0.111067481 0.801339686 0.11202392
v -0.108457476 0.800809205 0.120225482
v -0.116540655 0.802199543 0.122888029
v -0.113196388 0.805240631 0.117486954
v -0.0843438432 0.7646299 0.123438105
v -0.0821774751 0.777004659 0.123548813
v -0.0982806757 0.767028332 0.128029063
v -0.0961140394 0.779403746 0.128139764
v -0.0982806757 0.767028332 0.128029063
v -0.0961140394 0.779403746 0.128139764
v -0.0937801227 0.76611495 0.142169908
v -0.0916133896 0.778489411 0.142280653
v -0.0937801227 0.76611495 0.142169908
v -0.0916133896 0.778489411 0.142280653
v -0.0798432678 0.763715625 0.137579188
v -0.0776765868 0.776089907 0.137689963
v -0.0798432678 0.763715625 0.137579188
v -0.0776765868 0.776089907 0.137689963
v -0.0843438432 0.7646299 0.123438105
v -0.0821774751 0.777004659 0.123548813
v -0.0961140394 0.779403746 0.128139764
v -0.0821774751 0.777004659 0.123548813
v -0.0916133896 0.778489411 0.142280653
v -0.0776765868 0.776089907 0.137689963
v -0.0982806757 0.767028332 0.128029063
v -0.0937801227 0.76611495 0.142169908
v -0.0843438432 0.7646299 0.123438105
v -0.0798432678 0.763715625 0.137579188
v -0.0811455697 0.782897174 0.123601831
v -0.0800279006 0.789279401 0.123658523
v -0.0950824246 0.785297453 0.128192365
v -0.0939653069 0.791678846 0.128249362
v -0.0905818045 0.784382105 0.142333597
v -0.0894645602 0.790765226 0.142390549
v -0.0766451657 0.781984091 0.137742803
v -0.075527221 0.788365483 0.137799755
v -0.0811455697 0.782897174 0.123601831
v -0.0800279006 0.789279401 0.123658523
v -0.0939653069 0.791678846 0.128249362
v -0.0800279006 0.789279401 0.123658523
v -0.0894645602 0.790765226 0.142390549
v -0.075527221 0.788365483 0.137799755
v -0.0950824246 0.785297453 0.128192365
v -0.0905818045 0.784382105 0.142333597
v -0.0811455697 0.782897174 0.123601831
v -0.0766451657 0.781984091 0.137742803
v -0.0928392783 0.720313072 0.124463841
v -0.0828638747 0.777292252 0.12497326
v -0.104658999 0.722347498 0.128357127
v -0.0946830288 0.779326737 0.128866732
v -0.100841768 0.721572697 0.14034985
v -0.0908661932 0.778551161 0.140859604
v -0.0890224427 0.719537854 0.13645637
v -0.0790463984 0.776516318 0.136966243
v -0.0928392783 0.720313072 0.124463841
v -0.0828638747 0.777292252 0.12497326
v -0.100011982 0.71230942 0.135533556
v -0.0952402875 0.711488426 0.13396202
v -0.101552755 0.712622583 0.130692288
v -0.0967814326 0.711800754 0.129120633
v -0.100841768 0.721572697 0.14034985
v -0.100011982 0.71230942 0.135533556
v -0.104658999 0.722347498 0.128357127
v -0.101552755 0.712622583 0.130692288
v -0.0928392783 0.720313072 0.124463841
v -0.0967814326 0.711800754 0.129120633
v -0.0952402875 0.711488426 0.13396202
v -0.0890224427 0.719537854 0.13645637
v -0.0967814326 0.711800754 0.129120633
v -0.0928392783 0.720313072 0.124463841
v -0.0828638747 0.777292252 0.12497326
v -0.0790463984 0.776516318 0.136966243
v -0.0821543708 0.787644029 0.12719585
v -0.0793617591 0.787076473 0.135970533
v -0.0908661932 0.778551161 0.140859604
v -0.0880093053 0.78856498 0.138819113
v -0.0946830288 0.779326737 0.128866732
v -0.0908021554 0.78913337 0.130044669
v -0.0828638747 0.777292252 0.12497326
v -0.0821543708 0.787644029 0.12719585
v -0.061080873 0.722822607 0.140815273
v -0.0521836169 0.7736395 0.141269758
v -0.0722478256 0.724744558 0.144493818
v -0.0633507445 0.775562286 0.144948155
v -0.0686414614 0.724012375 0.155825078
v -0.0597443804 0.774829865 0.156279713
v -0.0574737266 0.722090423 0.152146608
v -0.0485765338 0.772906423 0.152601123
v -0.061080873 0.722822607 0.140815273
v -0.0521836169 0.7736395 0.141269758
v -0.0686414614 0.724012375 0.155825078
v -0.0574737266 0.722090423 0.152146608
v -0.0722478256 0.724744558 0.144493818
v -0.061080873 0.722822607 0.140815273
v -0.0678005666 0.699881673 0.145829618
v -0.064928636 0.716284573 0.145976335
v -0.0711957887 0.700465381 0.146948129
v -0.0683241934 0.716868103 0.147094756
v -0.0700990036 0.70024389 0.150393024
v -0.0672278255 0.716645658 0.15053989
v -0.0667043403 0.699658215 0.149274781
v -0.0638323575 0.716061592 0.149421453
v -0.0678005666 0.699881673 0.145829618
v -0.064928636 0.716284573 0.145976335
v -0.0700990036 0.70024389 0.150393024
v -0.0667043403 0.699658215 0.149274781
v -0.0711957887 0.700465381 0.146948129
v -0.0678005666 0.699881673 0.145829618
v -0.0511223115 0.771906972 0.13861984
v -0.0501361415 0.777539134 0.138670459
v -0.0662124455 0.774503469 0.143590689
v -0.0652260035 0.780136526 0.143641129
v -0.0613389574 0.77351445 0.158902511
v -0.0603532493 0.779146969 0.158952713
v -0.0462489128 0.770916879 0.153931722
v -0.0452625267 0.776548624 0.153982162
v -0.0511223115 0.771906972 0.13861984
v -0.0501361415 0.777539134 0.138670459
v -0.0613389574 0.77351445 0.158902511
v -0.0462489128 0.770916879 0.153931722
v -0.0662124455 0.774503469 0.143590689
v -0.0511223115 0.771906972 0.13861984
v -0.0452625267 0.776548624 0.153982162
v -0.0603532493 0.779146969 0.158952713
v -0.0501361415 0.777539134 0.138670459
v -0.0652260035 0.780136526 0.143641129
v -0.0496605337 0.782636404 0.13951984
v -0.0484119914 0.789765596 0.139583886
v -0.0635533258 0.78502816 0.144096255
v -0.0623051152 0.792157114 0.144159958
v -0.0590668954 0.784116447 0.158193201
v -0.057818491 0.791246116 0.158257142
v -0.0451736264 0.781724393 0.153616861
v -0.043925073 0.788854361 0.153680533
v -0.0496605337 0.782636404 0.13951984
v -0.0484119914 0.789765596 0.139583886
v -0.0590668954 0.784116447 0.158193201
v -0.0451736264 0.781724393 0.153616861
v -0.0635533258 0.78502816 0.144096255
v -0.0496605337 0.782636404 0.13951984
v -0.043925073 0.788854361 0.153680533
v -0.057818491 0.791246116 0.158257142
v -0.0484119914 0.789765596 0.139583886
v -0.0623051152 0.792157114 0.144159958
v -0.0612807162 0.716262162 0.138926193
v -0.0605005622 0.720719278 0.138965905
v -0.0751739889 0.71865356 0.143502504
v -0.0743936822 0.723111689 0.143542364
v -0.0706872419 0.717741966 0.157599598
v -0.0699071363 0.722199023 0.157639086
v -0.0567940027 0.715351105 0.153023258
v -0.0560136922 0.719807446 0.153063089
v -0.0612807162 0.716262162 0.138926193
v -0.0605005622 0.720719278 0.138965905
v -0.0706872419 0.717741966 0.157599598
v -0.0567940027 0.715351105 0.153023258
v -0.0751739889 0.71865356 0.143502504
v -0.0612807162 0.716262162 0.138926193
v -0.0560136922 0.719807446 0.153063089
v -0.0699071363 0.722199023 0.157639086
v -0.0605005622 0.720719278 0.138965905
v -0.0743936822 0.723111689 0.143542364
v -0.0640887991 0.713191152 0.143281206
v -0.0516772158 0.784081638 0.143915176
v -0.0714559555 0.7144593 0.145708159
v -0.0590444505 0.785350144 0.146342039
v -0.0690770298 0.713974893 0.153183207
v -0.0566652752 0.784866869 0.1538174
v -0.0617095456 0.712707877 0.150756568
v -0.0492976829 0.7835989 0.151390791
v -0.0640887991 0.713191152 0.143281206
v -0.0516772158 0.784081638 0.143915176
v -0.0690770298 0.713974893 0.153183207
v -0.0617095456 0.712707877 0.150756568
v -0.0714559555 0.7144593 0.145708159
v -0.0640887991 0.713191152 0.143281206
v -0.0577959865 0.731077433 0.157221109
v -0.0509769619 0.766813099 0.156468347
v -0.0438086502 0.728776515 0.147891045
v -0.03760783 0.764602363 0.148349613
v -0.062320862 0.768739522 0.159376755
v -0.0685215667 0.732911944 0.158918411
v -0.074323006 0.734048665 0.148685038
v -0.0676716194 0.769809186 0.14810802
v -0.0762613788 0.734542072 0.136307642
v -0.0700604543 0.770368576 0.13676624
v -0.117891841 0.741875589 0.126238421
v -0.111078851 0.777609766 0.125702366
v -0.106623411 0.739998639 0.120580673
v -0.100422427 0.775824726 0.121039234
v -0.123044625 0.779652476 0.127922758
v -0.129245892 0.743825674 0.127464116
v -0.134456351 0.744852602 0.117658228
v -0.127823591 0.780618191 0.117028654
v -0.136985242 0.745455205 0.104853608
v -0.130784571 0.781280935 0.105312116
v -0.148581743 0.747393727 0.110220008
v -0.14181143 0.783133626 0.109704323
v -0.136985242 0.745455205 0.104853608
v -0.130784571 0.781280935 0.105312116
v -0.153406754 0.785108268 0.112195812
v -0.159607247 0.749281228 0.111737214
v -0.164530143 0.750258923 0.101934433
v -0.157722086 0.785996675 0.10117542
v -0.165256158 0.750602603 0.0849827379
v -0.159055367 0.786428869 0.0854412466
v -0.0874474496 0.736405015 0.142007828
v -0.0806357712 0.77213788 0.141470939
v -0.0762613788 0.734542072 0.136307642
v -0.0700604543 0.770368576 0.13676624
v -0.0926827863 0.774194598 0.143650055
v -0.0988837034 0.738368452 0.143191218
v -0.104565121 0.73948139 0.133141324
v -0.0979264155 0.775246263 0.132515103
v -0.106623411 0.739998639 0.120580673
v -0.100422427 0.775824726 0.121039234
v -0.108253755 0.713220179 0.116989322
v -0.173124954 0.724497914 0.0837411657
v -0.0928968042 0.805567622 0.11835029
v -0.157767668 0.816845834 0.0851021558
v -0.0433825925 0.701942801 0.150237575
v -0.108253755 0.713220179 0.116989322
v -0.0280257761 0.79428941 0.151598424
v -0.0928968042 0.805567622 0.11835029
v -0.0216733497 0.734283149 0.118897051
v -0.0107618794 0.799816549 0.119869381
v 0.00377120962 0.730251729 0.122497521
v 0.0146806352 0.795773089 0.123469502
v 0.0146806352 0.795773089 0.123469502
v -0.0107618794 0.799816549 0.119869381
v 0.0195956137 0.798347294 0.0937608853
v -0.00882605277 0.803192973 0.0898571387
v -0.0210732836 0.73044318 0.0887166411
v -0.00882605277 0.803192973 0.0898571387
v -0.0216733497 0.734283149 0.118897051
v -0.0107618794 0.799816549 0.119869381
v -0.0210732836 0.73044318 0.0887166411
v -0.0216733497 0.734283149 0.118897051
v 0.00734863244 0.725597441 0.0926205814
v 0.00377120962 0.730251729 0.122497521
v 0.0146806352 0.795773089 0.123469502
v 0.0195956137 0.798347294 0.0937608853
v 0.00377120962 0.730251729 0.122497521
v 0.00734863244 0.725597441 0.0926205814
v -0.0190880299 0.640696108 -0.103863597
v -0.0319453143 0.669321954 -0.114735842
v -0.036601942 0.640520155 -0.100417688
v -0.0968965814 0.683642805 -0.105205774
v -0.0984276906 0.643312037 -0.100197159
v -0.148623034 0.66735363 -0.0634088293
v -0.165683076 0.49907133 -0.0609012172
v -0.104049243 0.497226655 -0.0957447886
v -0.196511805 0.494501561 -0.00725520123
v -0.173644677 0.682530642 -0.0078933984
v -0.171366617 0.444588125 -0.0636525825
v -0.202114671 0.437629163 -0.0082863709
v -0.107114352 0.448136121 -0.100089803
v -0.0515773557 0.492932677 -0.0849364847
v -0.0498927496 0.437623501 -0.0860262066
v -0.00866836496 0.486231387 -0.054657869
v -0.00866840314 0.430354685 -0.0502091311
v -0.00418888079 0.480574936 -0.00265188213
v -0.00270528789 0.579465985 -0.000138053889
v -0.0112214088 0.588990986 -0.058732193
v -0.00298618316 0.592083395 -9.24491833E-05
v -0.00385438907 0.601083994 -0.0554902256
v -0.0399944857 0.606149197 -0.0913567618
v -0.00842945091 0.616354823 -0.0864833519
v -0.00509593962 0.42329672 -0.00274276733
v -0.00574966427 0.397232533 -0.00420885067
v -0.013988723 0.375586569 -0.0536831543
v -0.00640331255 0.371168286 -0.00567485811
v -0.0432988331 0.379507601 -0.0962862149
v -0.111576363 0.380373597 -0.105697438
v -0.181373388 0.377659678 -0.0762099177
v -0.204942733 0.408922791 -0.00947532617
v -0.207765043 0.371628284 -0.0106710149
v -0.183227167 0.365912467 0.051434841
v -0.17754066 0.397216916 0.0534242801
v -0.17185396 0.427327484 0.0551328659
v -0.165592209 0.486031324 0.0581472181
v -0.149942026 0.673300683 0.0494894981
v -0.104421422 0.658838153 0.0761981159
v -0.118473105 0.481609762 0.0779359043
v -0.0405513197 0.636524856 0.081363
v -0.0568445176 0.477558821 0.0763614997
v -0.0101997945 0.589498103 0.045246277
v -0.0161511414 0.477904171 0.0344313607
v -0.00579175958 0.611376643 0.0469972044
v -0.00298618316 0.592083395 -9.24491833E-05
v -0.00270528789 0.579465985 -0.000138053889
v -0.00418888079 0.480574936 -0.00265188213
v -0.00509593962 0.42329672 -0.00274276733
v -0.0183145907 0.418602586 0.0368707255
v -0.00574966427 0.397232533 -0.00420885067
v -0.0195286945 0.387185514 0.0380293839
v -0.00640331255 0.371168286 -0.00567485811
v -0.0207432546 0.367071688 0.038837947
v -0.0606277436 0.363689691 0.075587213
v -0.0597548857 0.403567255 0.0766778141
v -0.124068312 0.40349102 0.0773817599
v -0.12651889 0.363708168 0.0753852651
v -0.121613041 0.434163362 0.0787350833
v -0.0596400052 0.430118769 0.0779136419
v -0.160644904 0.751805961 -0.0174594969
v -0.10970667 0.74739027 -0.0869895145
v -0.139985904 0.798142135 -0.014186468
v -0.100837514 0.801138461 -0.0776659101
v -0.138413534 0.776529968 0.0442114249
v -0.142900944 0.737555981 0.0462101921
v -0.068899475 0.750213623 0.0812797546
v -0.0695553496 0.710019827 0.0810225084
v -0.145048648 0.701980174 -0.062328171
v -0.169284686 0.70895946 -0.00786457025
v -0.147388324 0.698581994 0.048208978
v -0.102444157 0.682787597 0.0758572966
v -0.0379785635 0.656864822 0.0856733695
v -0.0379140452 0.735400677 -0.114872254
v -0.0390135571 0.797810674 -0.105490156
v -0.0101587577 0.705753148 0.0892170295
v -0.0695553496 0.710019827 0.0810225084
v -0.0103856176 0.742163062 0.0910574868
v -0.068899475 0.750213623 0.0812797546
v 0.0101589393 0.705752611 0.0892170519
v 0.0103855794 0.74216193 0.0910574719
v 0.0695557222 0.710019886 0.0810226053
v 0.0688996837 0.750213325 0.0812798291
v -0.0379785635 0.656864822 0.0856733695
v -0.0099319648 0.669343233 0.0873765573
v -0.00927495025 0.641080618 0.069259204
v -0.00579175958 0.611376643 0.0469972044
v 0.00571845984 0.611379743 0.0470318608
v 0.00927509274 0.641080618 0.0692591444
v 0.0379788205 0.656865537 0.0856733471
v 0.00993240345 0.669343174 0.0873766467
v 0.00298675522 0.592083097 -9.25636268E-05
v -0.00298618316 0.592083395 -9.24491833E-05
v 0.00385477068 0.601083875 -0.0554901697
v -0.00385438907 0.601083994 -0.0554902256
v 0.00255641923 0.616656005 -0.0861445516
v -0.00255622854 0.616656005 -0.0861445963
v 0.00431795092 0.640717149 -0.104275264
v -0.00431753136 0.640717149 -0.104275338
v 0.0059313965 0.669129252 -0.115436621
v -0.00593083352 0.669129252 -0.115436666
v 0.00997692998 0.735678256 -0.117215596
v -0.00997671112 0.735678077 -0.117215581
v 0.010842504 0.797431231 -0.10866534
v -0.010842449 0.797430992 -0.10866528
v 0.0379142463 0.735400736 -0.11487224
v 0.0390136056 0.797811091 -0.105490252
v 0.0190884005 0.64069593 -0.103863485
v 0.0319457985 0.669321597 -0.114735782
v 0.00842964184 0.616354942 -0.0864832848
v -0.00842945091 0.616354823 -0.0864833519
v -0.0190880299 0.640696108 -0.103863597
v -0.0319453143 0.669321954 -0.114735842
v -0.0379140452 0.735400677 -0.114872254
v -0.0390135571 0.797810674 -0.105490156
v 0.0190884005 0.64069593 -0.103863485
v 0.0366022103 0.640520155 -0.100417919
v 0.0319457985 0.669321597 -0.114735782
v 0.0968968198 0.683642924 -0.105205908
v 0.0984280556 0.643312156 -0.100197218
v 0.039994698 0.606149077 -0.0913567841
v 0.104049839 0.497226983 -0.0957448632
v 0.16568324 0.499071389 -0.0609013699
v 0.107114367 0.448136687 -0.100089557
v 0.0515772775 0.492932796 -0.0849361792
v 0.049892921 0.437623441 -0.0860263556
v 0.171366572 0.444588602 -0.0636525154
v 0.148623049 0.667353988 -0.0634087995
v 0.0112218279 0.58899045 -0.0587322228
v 0.00866828859 0.48623094 -0.0546577722
v 0.0027050972 0.579466045 -0.000138072966
v 0.00418876624 0.480575323 -0.00265172962
v 0.00842964184 0.616354942 -0.0864832848
v 0.00385477068 0.601083875 -0.0554901697
v 0.00866832677 0.430355072 -0.0502090901
v 0.00509601599 0.423296809 -0.00274303439
v 0.196511909 0.494501799 -0.00725525059
v 0.200772732 0.436593175 -0.00434244145
v 0.0432988741 0.379507452 -0.096286349
v 0.0139887612 0.37558654 -0.0536830239
v 0.00574993109 0.397232503 -0.00420911796
v 0.0064037703 0.371168286 -0.00567514403
v 0.16559276 0.48603037 0.058147449
v 0.149942219 0.673300385 0.0494894162
v 0.173644841 0.682531059 -0.00789321121
v 0.104421794 0.658838093 0.0761982873
v 0.118473276 0.481609553 0.0779360533
v 0.0405510068 0.636524856 0.0813629925
v 0.0568448231 0.477558762 0.0763616338
v 0.0101996418 0.589497566 0.0452463701
v 0.00571845984 0.611379743 0.0470318608
v 0.0379788205 0.656865537 0.0856733471
v 0.00298675522 0.592083097 -9.25636268E-05
v 0.0027050972 0.579466045 -0.000138072966
v 0.0161508936 0.477904111 0.0344313234
v 0.00418876624 0.480575323 -0.00265172962
v 0.00509601599 0.423296809 -0.00274303439
v 0.0183144752 0.418602884 0.0368708037
v 0.00574993109 0.397232503 -0.00420911796
v 0.0195291135 0.387185216 0.0380294584
v 0.0064037703 0.371168286 -0.00567514403
v 0.0207435228 0.367071629 0.0388380438
v 0.121613421 0.434163451 0.0787350833
v 0.0596403889 0.430117548 0.0779134929
v 0.0597553998 0.403566569 0.0766777396
v 0.0606282428 0.363689691 0.0755874813
v 0.124068335 0.403491378 0.0773819685
v 0.12651886 0.363708258 0.0753849745
v 0.177492514 0.397210538 0.0534286499
v 0.183227733 0.365912497 0.0514346287
v 0.171757355 0.427315563 0.0551415235
v 0.204047203 0.407752097 -0.00556808477
v 0.181373402 0.377659857 -0.0762098283
v 0.111576267 0.380373567 -0.105697475
v 0.207318947 0.371274441 -0.00682758307
v 0.160645097 0.75180608 -0.0174595248
v 0.139986187 0.798142076 -0.0141865918
v 0.109706782 0.747390211 -0.0869895518
v 0.100837626 0.801138759 -0.077666074
v 0.138414204 0.776530147 0.0442114994
v 0.142901361 0.737555802 0.0462101735
v 0.0688996837 0.750213325 0.0812798291
v 0.0695557222 0.710019886 0.0810226053
v 0.102444649 0.682787597 0.0758574307
v 0.147388622 0.698581696 0.0482089221
v 0.169284925 0.708959937 -0.00786432251
v 0.14504835 0.701980293 -0.0623281449
v 0.0379142463 0.735400736 -0.11487224
v 0.0390136056 0.797811091 -0.105490252
v 0.200772732 0.436593175 -0.00434244145
v 0.204047203 0.407752097 -0.00556808477
v 0.171757355 0.427315563 0.0551415235
v 0.177492514 0.397210538 0.0534286499
v 0.183227733 0.365912497 0.0514346287
v 0.207318947 0.371274441 -0.00682758307
v -0.207765043 0.371628284 -0.0106710149
v -0.00640331255 0.371168286 -0.00567485811
v -0.181373388 0.377659678 -0.0762099177
v -0.013988723 0.375586569 -0.0536831543
v -0.111576363 0.380373597 -0.105697438
v -0.0432988331 0.379507601 -0.0962862149
v -0.00640331255 0.371168286 -0.00567485811
v -0.183227167 0.365912467 0.051434841
v -0.0207432546 0.367071688 0.038837947
v -0.0606277436 0.363689691 0.075587213
v -0.12651889 0.363708168 0.0753852651
v 0.0064037703 0.371168286 -0.00567514403
v 0.207318947 0.371274441 -0.00682758307
v 0.0139887612 0.37558654 -0.0536830239
v 0.181373402 0.377659857 -0.0762098283
v 0.0432988741 0.379507452 -0.096286349
v 0.111576267 0.380373567 -0.105697475
v 0.0064037703 0.371168286 -0.00567514403
v 0.0207435228 0.367071629 0.0388380438
v 0.183227733 0.365912497 0.0514346287
v 0.12651886 0.363708258 0.0753849745
v 0.0606282428 0.363689691 0.0755874813
v 0.00298675522 0.592083097 -9.25636268E-05
v -0.0843385309 1.36569643 0.0804047957
v -0.0843386054 1.39805543 0.0838431567
v -0.0890791267 1.38181543 0.056149058
v -0.0880715922 1.40056574 0.0583214983
v -0.0911275446 1.40029216 0.0195070058
v -0.0921653733 1.38984704 0.0185043588
v -0.0849137828 1.36717033 0.0814075842
v -0.0849140882 1.39653015 0.0845045298
v -0.0936552435 1.40052974 0.0583173372
v -0.0894181803 1.3980186 0.0842056647
v -0.093654938 1.38177752 0.0561446622
v -0.0894182548 1.36565697 0.0807668492
v -0.0967258438 1.40029228 0.0195070077
v -0.0967258438 1.38984704 0.0185043644
v -0.0885886326 1.36714256 0.0816726089
v -0.0885874927 1.39650452 0.084769398
v -0.0849137828 1.36717033 0.0814075842
v -0.0849140882 1.39653015 0.0845045298
v -0.0843386054 1.39805543 0.0838431567
v -0.0894181803 1.3980186 0.0842056647
v -0.0880715922 1.40056574 0.0583214983
v -0.0936552435 1.40052974 0.0583173372
v -0.0911275446 1.40029216 0.0195070058
v -0.0967258438 1.40029228 0.0195070077
v -0.0843385309 1.36569643 0.0804047957
v -0.0890791267 1.38181543 0.056149058
v -0.0894182548 1.36565697 0.0807668492
v -0.093654938 1.38177752 0.0561446622
v -0.0921653733 1.38984704 0.0185043588
v -0.0967258438 1.38984704 0.0185043644
v -0.0977325439 1.38236213 -0.0192543436
v -0.0944320634 1.38236201 -0.0192543473
v -0.097732313 1.38987148 -0.022009261
v -0.0933926404 1.38980675 -0.0220092647
v -0.0894182548 1.36565697 0.0807668492
v -0.0885886326 1.36714256 0.0816726089
v -0.0843385309 1.36569643 0.0804047957
v -0.0849137828 1.36717033 0.0814075842
v -0.0894181803 1.3980186 0.0842056647
v -0.0843386054 1.39805543 0.0838431567
v -0.0885874927 1.39650452 0.084769398
v -0.0849140882 1.39653015 0.0845045298
v -0.0940568522 1.38958204 0.000783705269
v -0.0921653733 1.38984704 0.0185043588
v -0.093018949 1.39689994 0.000783712021
v -0.0911275446 1.40029216 0.0195070058
v -0.0933926404 1.38980675 -0.0220092647
v -0.0944320634 1.38236201 -0.0192543473
v -0.0911275446 1.40029216 0.0195070058
v -0.0967258438 1.40029228 0.0195070077
v -0.093018949 1.39689994 0.000783712021
v -0.0973572508 1.39686275 0.000783715688
v -0.0967258438 1.38984704 0.0185043644
v -0.0973577127 1.38954628 0.000783708878
v -0.0933926404 1.38980675 -0.0220092647
v -0.097732313 1.38987148 -0.022009261
v -0.0977325439 1.38236213 -0.0192543436
v -0.0973577127 1.38954628 0.000783708878
v -0.0967258438 1.38984704 0.0185043644
v -0.0940568522 1.38958204 0.000783705269
v -0.0921653733 1.38984704 0.0185043588
v -0.0944320634 1.38236201 -0.0192543473
v -0.0977325439 1.38236213 -0.0192543436
v 0.0843384564 1.36569476 0.0804048702
v 0.0890793204 1.38181531 0.0561490431
v 0.0843382627 1.398054 0.0838434547
v 0.0880717412 1.4005661 0.0583215356
v 0.0923851356 1.40029216 0.0195070058
v 0.0934233069 1.38984704 0.0185043588
v 0.0849138275 1.36717129 0.0814072564
v 0.0849142075 1.39653099 0.0845043957
v 0.093655467 1.40052795 0.0583171211
v 0.0936550871 1.38177681 0.0561445877
v 0.08991611 1.39801681 0.084205851
v 0.0899159238 1.36565626 0.0807670206
v 0.0979832411 1.40029228 0.0195070095
v 0.097984314 1.38984704 0.0185043626
v 0.0885881782 1.36714232 0.0816726685
v 0.0885885954 1.39650416 0.0847694725
v 0.0849142075 1.39653099 0.0845043957
v 0.0849138275 1.36717129 0.0814072564
v 0.0936550871 1.38177681 0.0561445877
v 0.0890793204 1.38181531 0.0561490431
v 0.0899159238 1.36565626 0.0807670206
v 0.0843384564 1.36569476 0.0804048702
v 0.0934233069 1.38984704 0.0185043588
v 0.097984314 1.38984704 0.0185043626
v 0.0843382627 1.398054 0.0838434547
v 0.0880717412 1.4005661 0.0583215356
v 0.08991611 1.39801681 0.084205851
v 0.093655467 1.40052795 0.0583171211
v 0.0923851356 1.40029216 0.0195070058
v 0.0979832411 1.40029228 0.0195070095
v 0.0957912058 1.38980603 -0.0220092628
v 0.0968300626 1.38236201 -0.0192543473
v 0.100130692 1.38987184 -0.022009261
v 0.100130044 1.38236201 -0.0192543436
v 0.0849138275 1.36717129 0.0814072564
v 0.0885881782 1.36714232 0.0816726685
v 0.0843384564 1.36569476 0.0804048702
v 0.0899159238 1.36565626 0.0807670206
v 0.08991611 1.39801681 0.084205851
v 0.0885885954 1.39650416 0.0847694725
v 0.0843382627 1.398054 0.0838434547
v 0.0849142075 1.39653099 0.0845043957
v 0.0923851356 1.40029216 0.0195070058
v 0.0947765335 1.3968997 0.000783712079
v 0.0979832411 1.40029228 0.0195070095
v 0.0991159007 1.39686334 0.000783715688
v 0.097984314 1.38984704 0.0185043626
v 0.0991155952 1.38954675 0.000783708878
v 0.100130692 1.38987184 -0.022009261
v 0.100130044 1.38236201 -0.0192543436
v 0.0957912058 1.38980603 -0.0220092628
v 0.0934233069 1.38984704 0.0185043588
v 0.097984314 1.38984704 0.0185043626
v 0.0958144367 1.38958299 0.000783705269
v 0.0991155952 1.38954675 0.000783708878
v 0.0968300626 1.38236201 -0.0192543473
v 0.100130044 1.38236201 -0.0192543436
v 0.0958144367 1.38958299 0.000783705269
v 0.0947765335 1.3968997 0.000783712079
v 0.0934233069 1.38984704 0.0185043588
v 0.0923851356 1.40029216 0.0195070058
v 0.0957912058 1.38980603 -0.0220092628
v 0.0968300626 1.38236201 -0.0192543473
v 0.0965926722 1.0193373 0.12252529
v 0.105469398 1.0120424 0.122777745
v 0.0985240564 1.02153802 0.118195266
v 0.107400194 1.01424158 0.11844822
v 0.10816925 1.01542878 0.12570262
v 0.0992929041 1.02272379 0.12545009
v 0.101224251 1.02492464 0.121120296
v 0.110100269 1.01762927 0.121372789
v 0.0992929041 1.02272379 0.12545009
v 0.10816925 1.01542878 0.12570262
v 0.107400194 1.01424158 0.11844822
v 0.105469398 1.0120424 0.122777745
v 0.110100269 1.01762927 0.121372789
v 0.10816925 1.01542878 0.12570262
v 0.0667536408 1.05152261 0.11595878
v 0.0627656057 1.04671347 0.117168538
v 0.067407079 1.0506357 0.113515697
v 0.0631642044 1.04551828 0.114802741
v 0.0901484638 1.02025187 0.131656945
v 0.0673925355 1.04115474 0.120965876
v 0.0956487656 1.02688682 0.129988134
v 0.0706546307 1.04509008 0.119976349
v 0.0944652185 1.01628196 0.132743031
v 0.101148851 1.03352213 0.128319249
v 0.0956487656 1.02688682 0.129988134
v 0.0739168227 1.04902542 0.118986927
v 0.0706546307 1.04509008 0.119976349
v 0.106095143 1.03031099 0.129214585
v 0.0944652185 1.01628196 0.132743031
v 0.0733374581 1.04812968 0.113523327
v 0.0892296359 1.03852654 0.1166526
v 0.0739168227 1.04902542 0.118986927
v 0.104849495 1.02510977 0.113852002
v 0.0944906399 1.03442776 0.116751552
v 0.105189115 1.025635 0.117056154
v 0.101148851 1.03352213 0.128319249
v 0.105471283 1.02934766 0.123330303
v 0.106095143 1.03031099 0.129214585
v 0.0733374581 1.04812968 0.113523327
v 0.0668132007 1.0402602 0.115502968
v 0.104849495 1.02510977 0.113852002
v 0.0954634324 1.01378751 0.116699867
v 0.0800689012 1.02747667 0.119431987
v 0.0668132007 1.0402602 0.115502968
v 0.0673925355 1.04115474 0.120965876
v 0.0954634324 1.01378751 0.116699867
v 0.0851049125 1.02310514 0.119599223
v 0.0958032012 1.01431358 0.119903482
v 0.0901484638 1.02025187 0.131656945
v 0.0938414633 1.01531899 0.126858935
v 0.0944652185 1.01628196 0.132743031
v 0.067407079 1.0506357 0.113515697
v 0.0631642044 1.04551828 0.114802741
v 0.0733374581 1.04812968 0.113523327
v 0.0668132007 1.0402602 0.115502968
v 0.0667536408 1.05152261 0.11595878
v 0.067407079 1.0506357 0.113515697
v 0.0675791502 1.05134118 0.118164137
v 0.0733374581 1.04812968 0.113523327
v 0.0739168227 1.04902542 0.118986927
v 0.0739168227 1.04902542 0.118986927
v 0.0706546307 1.04509008 0.119976349
v 0.0675791502 1.05134118 0.118164137
v 0.0633362085 1.04622376 0.119451292
v 0.0673925355 1.04115474 0.120965876
v 0.0627656057 1.04671347 0.117168538
v 0.0667536408 1.05152261 0.11595878
v 0.0627656057 1.04671347 0.117168538
v 0.0633362085 1.04622376 0.119451292
v 0.0631642044 1.04551828 0.114802741
v 0.0668132007 1.0402602 0.115502968
v 0.0673925355 1.04115474 0.120965876
v 0.106095143 1.03031099 0.129214585
v 0.105471283 1.02934766 0.123330303
v 0.104746796 1.02861571 0.127613604
v 0.104329146 1.02797151 0.123676755
v 0.0954004675 1.01734173 0.130449057
v 0.0944652185 1.01628196 0.132743031
v 0.0938414633 1.01531899 0.126858935
v 0.0949831158 1.01669753 0.126512378
v 0.0938414633 1.01531899 0.126858935
v 0.0949831158 1.01669753 0.126512378
v 0.0851049125 1.02310514 0.119599223
v 0.0860848427 1.02456796 0.118421324
v 0.0930356607 1.03295207 0.11631275
v 0.104329146 1.02797151 0.123676755
v 0.0944906399 1.03442776 0.116751552
v 0.105471283 1.02934766 0.123330303
v 0.104746796 1.02861571 0.127613604
v 0.104329146 1.02797151 0.123676755
v 0.0930356607 1.03295207 0.11631275
v 0.0860848427 1.02456796 0.118421324
v 0.0954004675 1.01734173 0.130449057
v 0.0949831158 1.01669753 0.126512378
v 0.0969350785 1.0156492 0.118730158
v 0.103886679 1.02403462 0.116621241
v 0.0860848427 1.02456796 0.118421324
v 0.0969350785 1.0156492 0.118730158
v 0.0851049125 1.02310514 0.119599223
v 0.0958032012 1.01431358 0.119903482
v 0.0930356607 1.03295207 0.11631275
v 0.0944906399 1.03442776 0.116751552
v 0.103886679 1.02403462 0.116621241
v 0.105189115 1.025635 0.117056154
v 0.0969350785 1.0156492 0.118730158
v 0.0954634324 1.01378751 0.116699867
v 0.0958032012 1.01431358 0.119903482
v 0.104849495 1.02510977 0.113852002
v 0.103886679 1.02403462 0.116621241
v 0.105189115 1.025635 0.117056154
v 0.0920807123 1.03385925 0.120627709
v 0.0885632709 1.02944875 0.11681816
v 0.103706338 1.02430439 0.120958209
v 0.100189716 1.01989365 0.117148705
v 0.101191506 1.02143931 0.126597822
v 0.0895655528 1.03099358 0.12626709
v 0.0860484466 1.02658355 0.122457691
v 0.0976747647 1.01702881 0.122788236
v 0.0895655528 1.03099358 0.12626709
v 0.101191506 1.02143931 0.126597822
v 0.101191506 1.02143931 0.126597822
v 0.103706338 1.02430439 0.120958209
v 0.0976747647 1.01702881 0.122788236
v 0.100189716 1.01989365 0.117148705
v 0.117037579 1.00198424 0.119949684
v 0.114053391 1.00170755 0.123559989
v 0.118892431 0.994704187 0.120943524
v 0.115909576 0.994421661 0.124554552
v 0.119556069 0.995729625 0.127202496
v 0.117701344 1.00300729 0.126209632
v 0.122538641 0.996011794 0.123591766
v 0.120685302 1.00328434 0.122598797
v 0.117701344 1.00300729 0.126209632
v 0.119556069 0.995729625 0.127202496
v 0.121207133 0.991584659 0.131887898
v 0.126460239 0.99185425 0.123855472
v 0.124392182 0.977889061 0.131646693
v 0.128130391 0.978080332 0.125930443
v 0.123311669 0.976221442 0.121457212
v 0.119689636 0.98924017 0.11756973
v 0.114436463 0.988971829 0.125601962
v 0.119573258 0.976029396 0.127173185
v 0.124392182 0.977889061 0.131646693
v 0.121207133 0.991584659 0.131887898
v 0.122538641 0.996011794 0.123591766
v 0.126460239 0.99185425 0.123855472
v 0.119556069 0.995729625 0.127202496
v 0.121207133 0.991584659 0.131887898
v 0.118892431 0.994704187 0.120943524
v 0.119689636 0.98924017 0.11756973
v 0.114436463 0.988971829 0.125601962
v 0.115909576 0.994421661 0.124554552
v 0.119556069 0.995729625 0.127202496
v 0.121207133 0.991584659 0.131887898
v 0.123311669 0.976221442 0.121457212
v 0.119573258 0.976029396 0.127173185
v 0.128130391 0.978080332 0.125930443
v 0.124392182 0.977889061 0.131646693
v 0.120685302 1.00328434 0.122598797
v 0.117701344 1.00300729 0.126209632
v 0.117037579 1.00198424 0.119949684
v 0.114053391 1.00170755 0.123559989
v 0.104059123 1.01526988 0.12239933
v 0.110747986 1.00907469 0.122699775
v 0.105139636 1.01650012 0.11997623
v 0.11209859 1.00993967 0.120308071
v 0.105570167 1.01716352 0.124036215
v 0.112528883 1.0106045 0.124368019
v 0.106650777 1.0183953 0.121613115
v 0.113878988 1.01146865 0.12197616
v 0.112528883 1.0106045 0.124368019
v 0.105570167 1.01716352 0.124036215
v 0.118045166 1.0019474 0.125073537
v 0.119758442 1.00207365 0.122764319
v 0.120844923 0.997147799 0.123585276
v 0.119068995 0.997003078 0.125904381
v 0.117615007 1.00128281 0.121013753
v 0.118638419 0.996338069 0.121844783
v 0.115901485 1.00115585 0.123323247
v 0.116862036 0.99619323 0.124163851
v 0.119068995 0.997003078 0.125904381
v 0.118045166 1.0019474 0.125073537
v 0.11050497 1.04206157 0.117380023
v 0.120846085 1.03705561 0.11765068
v 0.11168012 1.04424107 0.11278183
v 0.122021161 1.039235 0.113051981
v 0.122799657 1.04122341 0.120123938
v 0.11245884 1.04623103 0.119853742
v 0.123975024 1.04340279 0.115521885
v 0.113634601 1.04840958 0.115251578
v 0.122021161 1.039235 0.113051981
v 0.11168012 1.04424107 0.11278183
v 0.122021161 1.039235 0.113051981
v 0.120846085 1.03705561 0.11765068
v 0.123975024 1.04340279 0.115521885
v 0.122799657 1.04122341 0.120123938
v 0.0737049431 1.0657953 0.110178679
v 0.0710097998 1.06032777 0.112011716
v 0.0744967163 1.06504333 0.108397178
v 0.0716295242 1.05922711 0.11034748
v 0.104420871 1.04229975 0.126797363
v 0.0769680291 1.05635142 0.115938798
v 0.108137809 1.04984021 0.124268837
v 0.0791724399 1.06082296 0.11443916
v 0.109589823 1.03954506 0.127920106
v 0.111854896 1.0573808 0.121740341
v 0.108137809 1.04984021 0.124268837
v 0.0813768357 1.06529438 0.112939529
v 0.0791724399 1.06082296 0.11443916
v 0.117448211 1.05548835 0.122574233
v 0.109589823 1.03954506 0.127920106
v 0.0807903931 1.06379688 0.107610583
v 0.0986083671 1.05842781 0.110485457
v 0.0813768357 1.06529438 0.112939529
v 0.116802461 1.04875994 0.107777975
v 0.104682699 1.055673 0.110577427
v 0.117146201 1.04963768 0.110902898
v 0.111854896 1.0573808 0.121740341
v 0.116817512 1.0538739 0.116835132
v 0.117448211 1.05548835 0.122574233
v 0.116802461 1.04875994 0.107777975
v 0.0807903931 1.06379688 0.107610583
v 0.110460185 1.03589284 0.112092741
v 0.076381959 1.0548526 0.110610045
v 0.0924181789 1.04586923 0.114696883
v 0.076381959 1.0548526 0.110610045
v 0.0769680291 1.05635142 0.115938798
v 0.110460185 1.03589284 0.112092741
v 0.0983400792 1.0428071 0.114892006
v 0.110804051 1.03677189 0.115217969
v 0.104420871 1.04229975 0.126797363
v 0.108958662 1.0379324 0.122181088
v 0.109589823 1.03954506 0.127920106
v 0.0744967163 1.06504333 0.108397178
v 0.0716295242 1.05922711 0.11034748
v 0.0807903931 1.06379688 0.107610583
v 0.076381959 1.0548526 0.110610045
v 0.0737049431 1.0657953 0.110178679
v 0.0744967163 1.06504333 0.108397178
v 0.0746557191 1.06621051 0.112110786
v 0.0807903931 1.06379688 0.107610583
v 0.0813768357 1.06529438 0.112939529
v 0.0813768357 1.06529438 0.112939529
v 0.0791724399 1.06082296 0.11443916
v 0.0746557191 1.06621051 0.112110786
v 0.0717885271 1.06039453 0.114060968
v 0.0769680291 1.05635142 0.115938798
v 0.0737049431 1.0657953 0.110178679
v 0.0710097998 1.06032777 0.112011716
v 0.0710097998 1.06032777 0.112011716
v 0.0717885271 1.06039453 0.114060968
v 0.0716295242 1.05922711 0.11034748
v 0.076381959 1.0548526 0.110610045
v 0.0769680291 1.05635142 0.115938798
v 0.117448211 1.05548835 0.122574233
v 0.116817512 1.0538739 0.116835132
v 0.116468161 1.05338824 0.121200062
v 0.116046138 1.05230904 0.117359959
v 0.110152736 1.04057705 0.125496477
v 0.109589823 1.03954506 0.127920106
v 0.108958662 1.0379324 0.122181088
v 0.109730452 1.03949761 0.121656455
v 0.108958662 1.0379324 0.122181088
v 0.109730452 1.03949761 0.121656455
v 0.0983400792 1.0428071 0.114892006
v 0.0988995507 1.04434037 0.11354351
v 0.103596725 1.05386925 0.110347971
v 0.116046138 1.05230904 0.117359959
v 0.104682699 1.055673 0.110577427
v 0.116817512 1.0538739 0.116835132
v 0.103596725 1.05386925 0.110347971
v 0.0988995507 1.04434037 0.11354351
v 0.116468161 1.05338824 0.121200062
v 0.110152736 1.04057705 0.125496477
v 0.109730452 1.03949761 0.121656455
v 0.116046138 1.05230904 0.117359959
v 0.111540064 1.03822017 0.113874011
v 0.116237484 1.04774904 0.110678636
v 0.0988995507 1.04434037 0.11354351
v 0.111540064 1.03822017 0.113874011
v 0.0983400792 1.0428071 0.114892006
v 0.110804051 1.03677189 0.115217969
v 0.103596725 1.05386925 0.110347971
v 0.104682699 1.055673 0.110577427
v 0.116237484 1.04774904 0.110678636
v 0.117146201 1.04963768 0.110902898
v 0.111540064 1.03822017 0.113874011
v 0.110460185 1.03589284 0.112092741
v 0.110804051 1.03677189 0.115217969
v 0.116802461 1.04875994 0.107777975
v 0.116237484 1.04774904 0.110678636
v 0.117146201 1.04963768 0.110902898
v 0.102640115 1.0549227 0.114629932
v 0.100094974 1.0494926 0.111408114
v 0.116184577 1.04836547 0.114983633
v 0.113639466 1.04293466 0.111761928
v 0.114652961 1.04552567 0.120978087
v 0.101108976 1.05208445 0.120623969
v 0.112108193 1.04009676 0.117756538
v 0.098563619 1.04665363 0.117402494
v 0.113639466 1.04293466 0.111761928
v 0.100094974 1.0494926 0.111408114
v 0.114652961 1.04552567 0.120978087
v 0.116184577 1.04836547 0.114983633
v 0.112108193 1.04009676 0.117756538
v 0.113639466 1.04293466 0.111761928
v 0.175901353 0.766443312 0.105053596
v 0.178604499 0.767702401 0.10433834
v 0.176659986 0.766645491 0.108012117
v 0.179363474 0.767904401 0.107296824
v 0.182614535 0.756636262 0.103473701
v 0.183373079 0.756838381 0.106431499
v 0.178604499 0.767702401 0.10433834
v 0.179363474 0.767904401 0.107296824
v 0.179911748 0.755377591 0.104189143
v 0.182614535 0.756636262 0.103473701
v 0.175901353 0.766443312 0.105053596
v 0.178604499 0.767702401 0.10433834
v 0.180670887 0.755578279 0.107146911
v 0.176659986 0.766645491 0.108012117
v 0.183373079 0.756838381 0.106431499
v 0.179363474 0.767904401 0.107296824
v 0.179911748 0.755377591 0.104189143
v 0.175901353 0.766443312 0.105053596
v 0.180670887 0.755578279 0.107146911
v 0.176659986 0.766645491 0.108012117
v 0.214880705 0.687966883 0.0777455121
v 0.199518964 0.680408537 0.106419981
v 0.23204124 0.636716962 0.0737895593
v 0.216618076 0.629086614 0.102597766
v 0.182455093 0.731613457 0.110238113
v 0.197663233 0.739354968 0.0817280188
v 0.23817794 0.618378758 0.0723798722
v 0.222748831 0.610611022 0.101263009
v 0.189742848 0.763246298 0.0834419206
v 0.175246105 0.753215909 0.111863405
v 0.175570592 0.756032109 0.110009916
v 0.254601896 0.626650095 0.0416331105
v 0.248500779 0.644860208 0.0430450067
v 0.268239945 0.633575499 0.0160750765
v 0.262160987 0.651630521 0.01752262
v 0.231289893 0.696041226 0.0471157432
v 0.244875789 0.702726126 0.0217568781
v 0.213929132 0.747635186 0.0512337498
v 0.227367505 0.754475832 0.0260420032
v 0.205883637 0.771462619 0.0531840511
v 0.220047548 0.776021481 0.0278787985
v 0.218203887 0.777734041 0.0300889388
v 0.21890682 0.689634979 0.0803419128
v 0.236066967 0.638383925 0.0763867199
v 0.203544766 0.682075083 0.109017104
v 0.220643803 0.630754292 0.105194315
v 0.186632529 0.732842445 0.112796858
v 0.201841116 0.740584254 0.084286876
v 0.24220401 0.620046377 0.0749766156
v 0.226774558 0.612278998 0.103859439
v 0.193845138 0.764438331 0.0861274675
v 0.179424003 0.754445016 0.114422493
v 0.179748431 0.757261157 0.112568773
v 0.235315621 0.697709382 0.0497122556
v 0.218107492 0.748864591 0.0537923053
v 0.248901099 0.704394281 0.0243533328
v 0.266186833 0.65329957 0.0201192852
v 0.252526611 0.646527648 0.0456417836
v 0.231545016 0.75570488 0.0286011118
v 0.272265017 0.635242164 0.0186717976
v 0.258627802 0.628317893 0.044229582
v 0.210061371 0.772691786 0.055743102
v 0.224225312 0.777250648 0.0304379649
v 0.222382084 0.778963387 0.0326474383
v 0.203544766 0.682075083 0.109017104
v 0.220643803 0.630754292 0.105194315
v 0.199518964 0.680408537 0.106419981
v 0.216618076 0.629086614 0.102597766
v 0.182455093 0.731613457 0.110238113
v 0.186632529 0.732842445 0.112796858
v 0.226774558 0.612278998 0.103859439
v 0.222748831 0.610611022 0.101263009
v 0.24220401 0.620046377 0.0749766156
v 0.23817794 0.618378758 0.0723798722
v 0.175246105 0.753215909 0.111863405
v 0.179424003 0.754445016 0.114422493
v 0.258627802 0.628317893 0.044229582
v 0.254601896 0.626650095 0.0416331105
v 0.272265017 0.635242164 0.0186717976
v 0.268239945 0.633575499 0.0160750765
v 0.189742848 0.763246298 0.0834419206
v 0.193845138 0.764438331 0.0861274675
v 0.175570592 0.756032109 0.110009916
v 0.179748431 0.757261157 0.112568773
v 0.210061371 0.772691786 0.055743102
v 0.205883637 0.771462619 0.0531840511
v 0.218203887 0.777734041 0.0300889388
v 0.222382084 0.778963387 0.0326474383
v 0.262160987 0.651630521 0.01752262
v 0.266186833 0.65329957 0.0201192852
v 0.244875789 0.702726126 0.0217568781
v 0.248901099 0.704394281 0.0243533328
v 0.227367505 0.754475832 0.0260420032
v 0.231545016 0.75570488 0.0286011118
v 0.272265017 0.635242164 0.0186717976
v 0.268239945 0.633575499 0.0160750765
v 0.220047548 0.776021481 0.0278787985
v 0.224225312 0.777250648 0.0304379649
v 0.179748431 0.757261157 0.112568773
v 0.179424003 0.754445016 0.114422493
v 0.175570592 0.756032109 0.110009916
v 0.175246105 0.753215909 0.111863405
v 0.222382084 0.778963387 0.0326474383
v 0.218203887 0.777734041 0.0300889388
v 0.224225312 0.777250648 0.0304379649
v 0.220047548 0.776021481 0.0278787985
v 0.120336518 1.22729039 -0.104822174
v 0.129353747 1.2241528 -0.104534417
v 0.120640159 1.22830176 -0.0898122936
v 0.129620746 1.22516465 -0.0895244405
v 0.111950278 1.22516489 -0.0895246491
v 0.11172647 1.22415304 -0.104534604
v 0.12074367 1.22090864 -0.104236871
v 0.120929524 1.22192037 -0.0892269909
v 0.129353747 1.2241528 -0.104534417
v 0.129620746 1.22516465 -0.0895244405
v 0.152325958 1.22177327 -0.0811395124
v 0.14357242 1.22122514 -0.0871176496
v 0.128970519 1.22331154 -0.0643732026
v 0.121320896 1.22284019 -0.069509469
v 0.152326211 1.22047961 -0.0952440053
v 0.0917154476 1.22047961 -0.0952449366
v 0.0996426195 1.22122514 -0.0871183872
v 0.113725714 1.22331131 -0.0643734187
v 0.0917153135 1.22177362 -0.0811405033
v 0.121321291 1.22377825 -0.0592819676
v 0.100081325 1.22540081 -0.0432866849
v 0.0917148218 1.22486472 -0.0483135581
v 0.144011155 1.22540069 -0.0432861522
v 0.152325436 1.22486484 -0.0483127385
v 0.152325213 1.22620368 -0.0357580185
v 0.0917145908 1.22620356 -0.0357589126
v 0.152326077 1.22835946 -0.0959665403
v 0.152326047 1.22965336 -0.0818622559
v 0.143572271 1.229105 -0.0878402665
v 0.0917154476 1.2283597 -0.0959673896
v 0.099642694 1.22910476 -0.0878408402
v 0.0917153135 1.22965336 -0.0818630904
v 0.128949195 1.23119152 -0.065095894
v 0.121320933 1.23071969 -0.0702320784
v 0.113703437 1.23119152 -0.065095976
v 0.121321142 1.23165822 -0.0600045472
v 0.10005632 1.23328114 -0.0439088419
v 0.091714859 1.23274505 -0.0489357375
v 0.0917145535 1.23408401 -0.0363810137
v 0.143985987 1.23328114 -0.0439082533
v 0.152325392 1.23408389 -0.0363801569
v 0.152325511 1.23274493 -0.0489348583
v 0.143572271 1.229105 -0.0878402665
v 0.14357242 1.22122514 -0.0871176496
v 0.099642694 1.22910476 -0.0878408402
v 0.0996426195 1.22122514 -0.0871183872
v 0.152326077 1.22835946 -0.0959665403
v 0.152326211 1.22047961 -0.0952440053
v 0.152326047 1.22965336 -0.0818622559
v 0.152325958 1.22177327 -0.0811395124
v 0.0917153135 1.22965336 -0.0818630904
v 0.0917153135 1.22177362 -0.0811405033
v 0.0917154476 1.2283597 -0.0959673896
v 0.0917154476 1.22047961 -0.0952449366
v 0.128949195 1.23119152 -0.065095894
v 0.152326047 1.22965336 -0.0818622559
v 0.128970519 1.22331154 -0.0643732026
v 0.152325958 1.22177327 -0.0811395124
v 0.121320933 1.23071969 -0.0702320784
v 0.121320896 1.22284019 -0.069509469
v 0.143572271 1.229105 -0.0878402665
v 0.14357242 1.22122514 -0.0871176496
v 0.099642694 1.22910476 -0.0878408402
v 0.0996426195 1.22122514 -0.0871183872
v 0.121320933 1.23071969 -0.0702320784
v 0.121320896 1.22284019 -0.069509469
v 0.0917153135 1.22965336 -0.0818630904
v 0.113703437 1.23119152 -0.065095976
v 0.0917153135 1.22177362 -0.0811405033
v 0.113725714 1.22331131 -0.0643734187
v 0.10005632 1.23328114 -0.0439088419
v 0.100081325 1.22540081 -0.0432866849
v 0.143985987 1.23328114 -0.0439082533
v 0.144011155 1.22540069 -0.0432861522
v 0.152325392 1.23408389 -0.0363801569
v 0.152325213 1.22620368 -0.0357580185
v 0.0917145535 1.23408401 -0.0363810137
v 0.0917145908 1.22620356 -0.0357589126
v 0.0917145535 1.23408401 -0.0363810137
v 0.0917145908 1.22620356 -0.0357589126
v 0.091714859 1.23274505 -0.0489357375
v 0.0917148218 1.22486472 -0.0483135581
v 0.152325392 1.23408389 -0.0363801569
v 0.152325511 1.23274493 -0.0489348583
v 0.152325213 1.22620368 -0.0357580185
v 0.152325436 1.22486484 -0.0483127385
v 0.091714859 1.23274505 -0.0489357375
v 0.0917148218 1.22486472 -0.0483135581
v 0.113703437 1.23119152 -0.065095976
v 0.113725714 1.22331131 -0.0643734187
v 0.10005632 1.23328114 -0.0439088419
v 0.121321142 1.23165822 -0.0600045472
v 0.100081325 1.22540081 -0.0432866849
v 0.121321291 1.22377825 -0.0592819676
v 0.143985987 1.23328114 -0.0439082533
v 0.144011155 1.22540069 -0.0432861522
v 0.121321142 1.23165822 -0.0600045472
v 0.121321291 1.22377825 -0.0592819676
v 0.152325511 1.23274493 -0.0489348583
v 0.128949195 1.23119152 -0.065095894
v 0.152325436 1.22486484 -0.0483127385
v 0.128970519 1.22331154 -0.0643732026
v 0.0917154476 1.22047961 -0.0952449366
v 0.152326211 1.22047961 -0.0952440053
v 0.0917154476 1.2283597 -0.0959673896
v 0.152326077 1.22835946 -0.0959665403
v 0.145329416 1.23601508 -0.0423950776
v 0.100453049 1.23601556 -0.0423958376
v 0.143455938 1.23449624 -0.0456432328
v 0.101899415 1.23449612 -0.0456438251
v 0.100765623 1.23652399 -0.0349559784
v 0.145642161 1.23652387 -0.0349551775
v 0.101020962 1.23617196 -0.0291278064
v 0.145897478 1.23607266 -0.0291203484
v 0.101206034 1.23541796 -0.0224514771
v 0.146082163 1.23536789 -0.0224472992
v 0.101314768 1.23421037 -0.0196819492
v 0.14619112 1.23421049 -0.0196813587
v 0.101899415 1.23449612 -0.0456438251
v 0.101934105 1.22336113 -0.0447667763
v 0.143455938 1.23449624 -0.0456432328
v 0.143490881 1.22333026 -0.0447635837
v 0.101205938 1.22926474 -0.0220308676
v 0.101314634 1.23007882 -0.0193996616
v 0.146082267 1.2292645 -0.0220301822
v 0.146191105 1.23007905 -0.0193990897
v 0.145897597 1.22799706 -0.0285683442
v 0.101020984 1.22799683 -0.0285689738
v 0.145680189 1.22427988 -0.0339917541
v 0.10080383 1.22427988 -0.0339924619
v 0.145369753 1.2231313 -0.0413794145
v 0.100493334 1.22316897 -0.0413830765
v 0.143490881 1.22333026 -0.0447635837
v 0.101934105 1.22336113 -0.0447667763
v 0.100453049 1.23601556 -0.0423958376
v 0.100493334 1.22316897 -0.0413830765
v 0.101899415 1.23449612 -0.0456438251
v 0.101934105 1.22336113 -0.0447667763
v 0.10080383 1.22427988 -0.0339924619
v 0.100765623 1.23652399 -0.0349559784
v 0.101020984 1.22799683 -0.0285689738
v 0.101020962 1.23617196 -0.0291278064
v 0.101206034 1.23541796 -0.0224514771
v 0.101205938 1.22926474 -0.0220308676
v 0.101314768 1.23421037 -0.0196819492
v 0.101314634 1.23007882 -0.0193996616
v 0.145329416 1.23601508 -0.0423950776
v 0.143455938 1.23449624 -0.0456432328
v 0.145369753 1.2231313 -0.0413794145
v 0.143490881 1.22333026 -0.0447635837
v 0.145680189 1.22427988 -0.0339917541
v 0.145642161 1.23652387 -0.0349551775
v 0.145897597 1.22799706 -0.0285683442
v 0.145897478 1.23607266 -0.0291203484
v 0.146082163 1.23536789 -0.0224472992
v 0.146082267 1.2292645 -0.0220301822
v 0.14619112 1.23421049 -0.0196813587
v 0.146191105 1.23007905 -0.0193990897
v -0.131287649 1.22416759 -0.104037367
v -0.12227039 1.22730446 -0.104324833
v -0.129622489 1.22516477 -0.0895283595
v -0.120641746 1.22830188 -0.0898159072
v -0.113660388 1.22416747 -0.104037061
v -0.111952052 1.22516465 -0.0895280018
v -0.120931357 1.22192013 -0.0892305896
v -0.122677535 1.22092295 -0.103739724
v -0.122677535 1.22092295 -0.103739724
v -0.120931357 1.22192013 -0.0892305896
v -0.121323161 1.22284043 -0.0695131943
v -0.143574178 1.2212249 -0.087122038
v -0.128973007 1.22331154 -0.0643770695
v -0.15232791 1.22177351 -0.0811441466
v -0.152327731 1.22047961 -0.09524858
v -0.0917171091 1.22047973 -0.0952477083
v -0.0996445045 1.22122526 -0.0871213228
v -0.11372833 1.22331131 -0.0643769652
v -0.0917172953 1.22177339 -0.0811433047
v -0.121323735 1.22377825 -0.0592857301
v -0.100084454 1.22540092 -0.0432897173
v -0.09171772 1.22486472 -0.0483163744
v -0.144014359 1.22540081 -0.0432904698
v -0.152328417 1.2248646 -0.0483173057
v -0.15232864 1.22620356 -0.0357626416
v -0.0917180628 1.2262038 -0.0357617848
v -0.152327761 1.2283597 -0.095971182
v -0.143574029 1.22910476 -0.087844573
v -0.15232791 1.22965312 -0.0818668455
v -0.0917171091 1.22835946 -0.0959702283
v -0.0996443555 1.22910488 -0.0878438577
v -0.0917171836 1.22965324 -0.0818658993
v -0.128951564 1.2311914 -0.0650996417
v -0.121323198 1.23071969 -0.0702357441
v -0.113705672 1.23119128 -0.0650994033
v -0.121323772 1.23165822 -0.0600082204
v -0.100059278 1.23328137 -0.0439118743
v -0.0917178318 1.23274541 -0.0489385389
v -0.0917181 1.23408401 -0.0363838077
v -0.143988833 1.23328125 -0.0439125337
v -0.152328596 1.23408377 -0.0363847725
v -0.152328342 1.23274493 -0.0489395149
v -0.143574029 1.22910476 -0.087844573
v -0.0996443555 1.22910488 -0.0878438577
v -0.143574178 1.2212249 -0.087122038
v -0.0996445045 1.22122526 -0.0871213228
v -0.152327761 1.2283597 -0.095971182
v -0.15232791 1.22965312 -0.0818668455
v -0.152327731 1.22047961 -0.09524858
v -0.15232791 1.22177351 -0.0811441466
v -0.0917171836 1.22965324 -0.0818658993
v -0.0917171091 1.22835946 -0.0959702283
v -0.0917172953 1.22177339 -0.0811433047
v -0.0917171091 1.22047973 -0.0952477083
v -0.15232791 1.22177351 -0.0811441466
v -0.15232791 1.22965312 -0.0818668455
v -0.128973007 1.22331154 -0.0643770695
v -0.128951564 1.2311914 -0.0650996417
v -0.121323198 1.23071969 -0.0702357441
v -0.143574029 1.22910476 -0.087844573
v -0.121323161 1.22284043 -0.0695131943
v -0.143574178 1.2212249 -0.087122038
v -0.0996443555 1.22910488 -0.0878438577
v -0.121323198 1.23071969 -0.0702357441
v -0.0996445045 1.22122526 -0.0871213228
v -0.121323161 1.22284043 -0.0695131943
v -0.11372833 1.22331131 -0.0643769652
v -0.113705672 1.23119128 -0.0650994033
v -0.0917172953 1.22177339 -0.0811433047
v -0.0917171836 1.22965324 -0.0818658993
v -0.100059278 1.23328137 -0.0439118743
v -0.143988833 1.23328125 -0.0439125337
v -0.100084454 1.22540092 -0.0432897173
v -0.144014359 1.22540081 -0.0432904698
v -0.152328596 1.23408377 -0.0363847725
v -0.0917181 1.23408401 -0.0363838077
v -0.15232864 1.22620356 -0.0357626416
v -0.0917180628 1.2262038 -0.0357617848
v -0.0917181 1.23408401 -0.0363838077
v -0.0917178318 1.23274541 -0.0489385389
v -0.0917180628 1.2262038 -0.0357617848
v -0.09171772 1.22486472 -0.0483163744
v -0.152328417 1.2248646 -0.0483173057
v -0.152328342 1.23274493 -0.0489395149
v -0.15232864 1.22620356 -0.0357626416
v -0.152328596 1.23408377 -0.0363847725
v -0.0917178318 1.23274541 -0.0489385389
v -0.113705672 1.23119128 -0.0650994033
v -0.09171772 1.22486472 -0.0483163744
v -0.11372833 1.22331131 -0.0643769652
v -0.121323735 1.22377825 -0.0592857301
v -0.121323772 1.23165822 -0.0600082204
v -0.100084454 1.22540092 -0.0432897173
v -0.100059278 1.23328137 -0.0439118743
v -0.143988833 1.23328125 -0.0439125337
v -0.121323772 1.23165822 -0.0600082204
v -0.144014359 1.22540081 -0.0432904698
v -0.121323735 1.22377825 -0.0592857301
v -0.128973007 1.22331154 -0.0643770695
v -0.128951564 1.2311914 -0.0650996417
v -0.152328417 1.2248646 -0.0483173057
v -0.152328342 1.23274493 -0.0489395149
v -0.0917171091 1.22047973 -0.0952477083
v -0.0917171091 1.22835946 -0.0959702283
v -0.152327731 1.22047961 -0.09524858
v -0.152327761 1.2283597 -0.095971182
v -0.145332336 1.23601544 -0.0423994064
v -0.143458903 1.23449624 -0.0456475802
v -0.100456044 1.2360152 -0.0423988923
v -0.101902157 1.23449647 -0.0456468463
v -0.100768924 1.23652375 -0.0349590965
v -0.145645484 1.23652387 -0.0349596217
v -0.10102497 1.23617184 -0.0291309264
v -0.14590095 1.23607302 -0.0291247647
v -0.101209983 1.23541832 -0.0224545188
v -0.146085843 1.23536789 -0.0224516764
v -0.101318628 1.23421037 -0.0196851157
v -0.14619495 1.23421049 -0.0196857452
v -0.101902157 1.23449647 -0.0456468463
v -0.143458903 1.23449624 -0.0456475802
v -0.101936832 1.22336102 -0.0447697453
v -0.143493876 1.22333026 -0.0447679423
v -0.146194801 1.23007905 -0.0194034185
v -0.10131824 1.23007858 -0.0194027238
v -0.146086201 1.22926462 -0.0220346544
v -0.101209559 1.2292645 -0.0220339298
v -0.14590092 1.22799706 -0.0285727978
v -0.101024628 1.22799671 -0.0285720527
v -0.145683587 1.22428012 -0.0339960195
v -0.100807033 1.22427976 -0.033995416
v -0.145372689 1.22313094 -0.0413838178
v -0.100496292 1.22316897 -0.0413860492
v -0.143493876 1.22333026 -0.0447679423
v -0.101936832 1.22336102 -0.0447697453
v -0.101936832 1.22336102 -0.0447697453
v -0.100496292 1.22316897 -0.0413860492
v -0.101902157 1.23449647 -0.0456468463
v -0.100456044 1.2360152 -0.0423988923
v -0.100807033 1.22427976 -0.033995416
v -0.100768924 1.23652375 -0.0349590965
v -0.101024628 1.22799671 -0.0285720527
v -0.10102497 1.23617184 -0.0291309264
v -0.101209983 1.23541832 -0.0224545188
v -0.101209559 1.2292645 -0.0220339298
v -0.101318628 1.23421037 -0.0196851157
v -0.10131824 1.23007858 -0.0194027238
v -0.143493876 1.22333026 -0.0447679423
v -0.143458903 1.23449624 -0.0456475802
v -0.145372689 1.22313094 -0.0413838178
v -0.145332336 1.23601544 -0.0423994064
v -0.145683587 1.22428012 -0.0339960195
v -0.145645484 1.23652387 -0.0349596217
v -0.14590092 1.22799706 -0.0285727978
v -0.14590095 1.23607302 -0.0291247647
v -0.146085843 1.23536789 -0.0224516764
v -0.146086201 1.22926462 -0.0220346544
v -0.14619495 1.23421049 -0.0196857452
v -0.146194801 1.23007905 -0.0194034185
v 0.162602246 1.251984 -0.199049339
v 0.167908281 1.25198424 -0.193820059
v 0.162602186 1.37338436 -0.199048579
v 0.167908296 1.37338424 -0.19381927
v 0.157295898 1.37338424 -0.193819404
v 0.157295942 1.25198424 -0.193820208
v 0.162602097 1.37338471 -0.188590214
v 0.162602141 1.25198412 -0.188590959
v 0.167908296 1.37338424 -0.19381927
v 0.167908281 1.25198424 -0.193820059
v 0.162602082 1.37901628 -0.19381915
v 0.162602082 1.37901628 -0.19381915
v 0.162602082 1.37901628 -0.19381915
v 0.162602082 1.37901628 -0.19381915
v 0.162602276 1.23395884 -0.202996954
v 0.171832114 1.23395884 -0.193820223
v 0.16260235 1.26403153 -0.201674834
v 0.170502603 1.26403153 -0.19382
v 0.162602037 1.23395872 -0.18464376
v 0.162602171 1.26403153 -0.185965091
v 0.153372228 1.23395884 -0.193820491
v 0.154701725 1.26403165 -0.193820149
v 0.154701725 1.26403165 -0.193820149
v 0.153372228 1.23395884 -0.193820491
v 0.16260235 1.26403153 -0.201674834
v 0.170502603 1.26403153 -0.19382
v 0.154701725 1.26403165 -0.193820149
v 0.170502603 1.26403153 -0.19382
v 0.162602171 1.26403153 -0.185965091
v 0.154701725 1.26403165 -0.193820149
v 0.176579356 1.23207033 -0.207487404
v 0.176556692 1.20092118 -0.207420453
v 0.176552504 1.23203468 -0.136051148
v 0.176580429 1.20088756 -0.135968238
v 0.148020357 1.18583322 -0.120525569
v 0.148020282 1.2465899 -0.120532207
v 0.176580429 1.20088756 -0.135968238
v 0.176552504 1.23203468 -0.136051148
v 0.148020282 1.2465899 -0.120532207
v 0.148022175 1.24659073 -0.22292988
v 0.176552504 1.23203468 -0.136051148
v 0.176579356 1.23207033 -0.207487404
v 0.148021892 1.18583429 -0.222937584
v 0.176556692 1.20092118 -0.207420453
v 0.148022175 1.24659073 -0.22292988
v 0.176579356 1.23207033 -0.207487404
v 0.148021892 1.18583429 -0.222937584
v 0.148020357 1.18583322 -0.120525569
v 0.176556692 1.20092118 -0.207420453
v 0.176580429 1.20088756 -0.135968238
v -0.153920785 0.778367996 -0.103270136
v -0.154000551 1.19957638 -0.103265896
v -5.96046448E-07 0.778367817 -0.103267759
v -6.10351549E-07 1.19957662 -0.103263445
v -0.153920785 0.778367996 -0.103270136
v -5.96046448E-07 0.778367817 -0.103267759
v -0.154000178 0.778368056 -0.129283816
v -0.153997958 0.778368354 -0.265005171
v 1.81674955E-06 0.778368115 -0.265002996
v -0.154000551 1.19957638 -0.103265896
v -0.153920785 0.778367996 -0.103270136
v -0.15399833 1.08293104 -0.259002209
v -0.153998256 0.856074333 -0.259004593
v -0.154000178 0.778368056 -0.129283816
v -0.153997958 0.778368354 -0.265005171
v -0.153998256 0.856074333 -0.259004593
v -0.154000178 0.778368056 -0.129283816
v -0.15399833 1.08293104 -0.259002209
v -0.1539983 1.16632104 -0.265001267
v -0.154000551 1.19957638 -0.103265896
v -0.153997913 1.19958138 -0.284066468
v -0.1540007 1.22783005 -0.103372991
v -0.153997958 1.23881125 -0.284065932
v -0.144960672 1.26427746 -0.261736393
v -0.141950488 1.26773572 -0.120219991
v -0.187589005 0.832237601 -0.112345293
v -0.187589109 1.1095047 -0.113015361
v -0.151437789 0.832237661 -0.112344809
v -0.151437789 1.10950458 -0.113014832
v -0.187589109 1.1095047 -0.113015361
v -0.1875875 1.04335773 -0.205612317
v -0.151437789 1.10950458 -0.113014832
v -0.151436269 1.04335773 -0.205611676
v -0.1875875 1.04335773 -0.205612317
v -0.187587604 0.838971019 -0.204671249
v -0.151436269 1.04335773 -0.205611676
v -0.151436299 0.838971257 -0.204670653
v -0.187587604 0.838971019 -0.204671249
v -0.187589005 0.832237601 -0.112345293
v -0.151436299 0.838971257 -0.204670653
v -0.151437789 0.832237661 -0.112344809
v -0.187589109 1.1095047 -0.113015361
v -0.187587604 0.838971019 -0.204671249
v -0.1875875 1.04335773 -0.205612317
v -0.187589005 0.832237601 -0.112345293
v -0.133886024 1.16632116 -0.265000939
v -0.1539983 1.16632104 -0.265001267
v -0.133886009 0.797792494 -0.265004784
v -0.153997958 0.778368354 -0.265005171
v -0.133886009 0.797792494 -0.265004784
v 1.77860261E-06 0.797792435 -0.265002787
v -0.133887887 0.797791302 -0.136356562
v -5.72204577E-08 0.797790885 -0.136354536
v -0.154000551 1.19957638 -0.103265896
v -0.133888438 1.22782993 -0.103372611
v -6.10351549E-07 1.19957662 -0.103263445
v -0.1540007 1.22783005 -0.103372991
v -6.48498542E-07 1.22782981 -0.103370599
v -0.133888319 1.26773608 -0.120220095
v -0.141950488 1.26773572 -0.120219991
v -0.133885995 1.26427734 -0.261736095
v -0.144960672 1.26427746 -0.261736393
v -0.133885995 1.26427734 -0.261736095
v -0.144960672 1.26427746 -0.261736393
v -0.133885801 1.23881125 -0.284065843
v -0.153997958 1.23881125 -0.284065932
v -0.133885607 1.19958138 -0.284066051
v -0.133885801 1.23881125 -0.284065843
v -0.153997913 1.19958138 -0.284066468
v -0.153997958 1.23881125 -0.284065932
v -0.1539983 1.16632104 -0.265001267
v -0.133886024 1.16632116 -0.265000939
v -0.133885801 1.23881125 -0.284065843
v -0.133885607 1.19958138 -0.284066051
v -0.133887857 1.22782993 -0.136352196
v -0.133886024 1.16632116 -0.265000939
v -0.133887887 0.797791302 -0.136356562
v -0.133886009 0.797792494 -0.265004784
v -1.90734852E-07 1.22782981 -0.13635011
v -0.133887857 1.22782993 -0.136352196
v -5.72204577E-08 0.797790885 -0.136354536
v -0.133887887 0.797791302 -0.136356562
v -0.153997958 0.778368354 -0.265005171
v 1.81674955E-06 0.778368115 -0.265002996
v -0.133886009 0.797792494 -0.265004784
v 1.77860261E-06 0.797792435 -0.265002787
v 0.153919354 0.778367877 -0.103265487
v -5.96046448E-07 0.778367817 -0.103267759
v 0.153999358 1.1995765 -0.10326124
v -6.10351549E-07 1.19957662 -0.103263445
v 0.153919354 0.778367877 -0.103265487
v 0.153999835 0.778368115 -0.129279062
v -5.96046448E-07 0.778367817 -0.103267759
v 0.154001981 0.778368235 -0.265000731
v 1.81674955E-06 0.778368115 -0.265002996
v 0.153919354 0.778367877 -0.103265487
v 0.154001802 1.08293068 -0.258997619
v 0.154001787 0.856074274 -0.258999914
v 0.153999358 1.1995765 -0.10326124
v 0.153999835 0.778368115 -0.129279062
v 0.154001981 0.778368235 -0.265000731
v 0.153999835 0.778368115 -0.129279062
v 0.154001787 0.856074274 -0.258999914
v 0.154001802 1.08293068 -0.258997619
v 0.154001668 1.16632128 -0.264996618
v 0.153999358 1.1995765 -0.10326124
v 0.154001921 1.19958138 -0.28406173
v 0.153999358 1.22783005 -0.103368394
v 0.154002085 1.23881125 -0.284061402
v 0.144964233 1.26427734 -0.261731893
v 0.141949654 1.2677356 -0.120215632
v 0.187588215 0.832237601 -0.112339668
v 0.151436701 0.832237661 -0.112340197
v 0.187588185 1.10950422 -0.113009736
v 0.151436567 1.10950458 -0.113010198
v 0.187588185 1.10950422 -0.113009736
v 0.151436567 1.10950458 -0.113010198
v 0.187589511 1.04335737 -0.20560649
v 0.151438162 1.04335749 -0.205607101
v 0.187589511 1.04335737 -0.20560649
v 0.151438162 1.04335749 -0.205607101
v 0.187589437 0.8389709 -0.204665527
v 0.151438057 0.838971078 -0.204666093
v 0.187589437 0.8389709 -0.204665527
v 0.151438057 0.838971078 -0.204666093
v 0.187588215 0.832237601 -0.112339668
v 0.151436701 0.832237661 -0.112340197
v 0.187588185 1.10950422 -0.113009736
v 0.187589511 1.04335737 -0.20560649
v 0.187589437 0.8389709 -0.204665527
v 0.187588215 0.832237601 -0.112339668
v 0.154001981 0.778368235 -0.265000731
v 0.154001668 1.16632128 -0.264996618
v 0.13388969 0.797792554 -0.265000671
v 0.133889347 1.1663214 -0.264997005
v 0.133889809 1.19958162 -0.284062028
v 0.154001921 1.19958138 -0.28406173
v 0.133890033 1.23881125 -0.284061819
v 0.154002085 1.23881125 -0.284061402
v 1.81674955E-06 0.778368115 -0.265002996
v 1.77860261E-06 0.797792435 -0.265002787
v 0.133887619 0.797790945 -0.136352524
v 0.133887574 1.22783005 -0.136348099
v -5.72204577E-08 0.797790885 -0.136354536
v -1.90734852E-07 1.22782981 -0.13635011
v 0.133889809 1.19958162 -0.284062028
v 0.133887574 1.22783005 -0.136348099
v 0.133889347 1.1663214 -0.264997005
v 0.133887619 0.797790945 -0.136352524
v 0.13388969 0.797792554 -0.265000671
v 0.133890033 1.23881125 -0.284061819
v 0.13388969 0.797792554 -0.265000671
v 0.133887619 0.797790945 -0.136352524
v 1.77860261E-06 0.797792435 -0.265002787
v -5.72204577E-08 0.797790885 -0.136354536
v -6.10351549E-07 1.19957662 -0.103263445
v 0.133886963 1.22783005 -0.103368625
v 0.153999358 1.1995765 -0.10326124
v 0.153999358 1.22783005 -0.103368394
v -6.48498542E-07 1.22782981 -0.103370599
v 0.144964233 1.26427734 -0.261731893
v 0.141949654 1.2677356 -0.120215632
v 0.133889392 1.26427746 -0.261732012
v 0.133887425 1.2677356 -0.120215908
v 0.133889392 1.26427746 -0.261732012
v 0.133890033 1.23881125 -0.284061819
v 0.144964233 1.26427734 -0.261731893
v 0.154002085 1.23881125 -0.284061402
v 0.133890033 1.23881125 -0.284061819
v 0.133889392 1.26427746 -0.261732012
v 0.133887574 1.22783005 -0.136348099
v 0.133887425 1.2677356 -0.120215908
v 0.133886963 1.22783005 -0.103368625
v 0.133887574 1.22783005 -0.136348099
v 0.133886963 1.22783005 -0.103368625
v -1.90734852E-07 1.22782981 -0.13635011
v -6.48498542E-07 1.22782981 -0.103370599
v -1.90734852E-07 1.22782981 -0.13635011
v -6.48498542E-07 1.22782981 -0.103370599
v -0.133887857 1.22782993 -0.136352196
v -0.133888438 1.22782993 -0.103372611
v -0.133888319 1.26773608 -0.120220095
v -0.133888438 1.22782993 -0.103372611
v -0.141950488 1.26773572 -0.120219991
v -0.1540007 1.22783005 -0.103372991
v 0.133887425 1.2677356 -0.120215908
v 0.141949654 1.2677356 -0.120215632
v 0.133886963 1.22783005 -0.103368625
v 0.153999358 1.22783005 -0.103368394
v -0.133885801 1.23881125 -0.284065843
v -0.133887857 1.22782993 -0.136352196
v -0.133885995 1.26427734 -0.261736095
v -0.133888319 1.26773608 -0.120220095
v -0.133888438 1.22782993 -0.103372611
v 0.0578781888 1.27849329 -0.163038254
v -0.0578776523 1.2784934 -0.163040012
v 0.0578799248 1.26490033 -0.285432816
v -0.0578758605 1.26490033 -0.285452634
v -0.057875365 1.235654 -0.30871737
v 0.0578803606 1.23565412 -0.308715671
v -0.0791864395 1.28170013 -0.123738036
v -0.0578777678 1.28170085 -0.163040027
v 0.0791857913 1.28170025 -0.123735666
v 0.0578781478 1.28170061 -0.163038209
v 0.133980781 1.28170013 -0.123734802
v 0.133982897 1.27812409 -0.272610784
v 0.0578798652 1.27812421 -0.272611886
v 0.133983344 1.2607044 -0.304218024
v 0.0578802489 1.26070464 -0.305550784
v 0.0791852325 1.2541275 -0.101256408
v 0.133980289 1.25412774 -0.101188689
v 0.0791853517 1.22813272 -0.0968062058
v 0.133980289 1.22813272 -0.0968053117
v 0.133983701 1.23417127 -0.319673449
v 0.0578804947 1.23417163 -0.319674551
v -0.0578758605 1.26490033 -0.285452634
v -0.0578776523 1.2784934 -0.163040012
v -0.0578760915 1.27812409 -0.272613704
v -0.0578777678 1.28170085 -0.163040027
v -0.0578755923 1.26070464 -0.305552334
v -0.057875365 1.235654 -0.30871737
v -0.0578753278 1.23417115 -0.31967631
v 0.0578781478 1.28170061 -0.163038209
v 0.0578781888 1.27849329 -0.163038254
v 0.0578799248 1.26490033 -0.285432816
v 0.0578802489 1.26070464 -0.305550784
v 0.0578798652 1.27812421 -0.272611886
v 0.0578803606 1.23565412 -0.308715671
v 0.0578804947 1.23417163 -0.319674551
v 0.0578781888 1.27849329 -0.163038254
v 0.0578781478 1.28170061 -0.163038209
v -0.13397865 1.26070452 -0.304222137
v -0.133978426 1.23417127 -0.319677502
v -0.0578755923 1.26070464 -0.305552334
v -0.0578753278 1.23417115 -0.31967631
v -0.0578760915 1.27812409 -0.272613704
v -0.133979142 1.27812409 -0.272614837
v -0.0578777678 1.28170085 -0.163040027
v -0.133981436 1.28170013 -0.12373887
v -0.0791864395 1.28170013 -0.123738036
v -0.0791870505 1.2541275 -0.101359338
v -0.133981735 1.2541275 -0.10119275
v -0.133981854 1.22813261 -0.0968094543
v -0.0791869313 1.22813225 -0.0968086049
v -0.133981735 1.2541275 -0.10119275
v -0.133981854 1.22813261 -0.0968094543
v -0.133981556 1.23996973 -0.109767042
v -0.13398163 1.22813261 -0.109767109
v -0.13397865 1.26070452 -0.304222137
v -0.133979142 1.27812409 -0.272614837
v -0.133981436 1.28170013 -0.12373887
v -0.133978799 1.23997164 -0.300333858
v -0.133978426 1.23417127 -0.319677502
v 0.133980289 1.25412774 -0.101188689
v 0.133980557 1.23996997 -0.109762982
v 0.133980289 1.22813272 -0.0968053117
v 0.133980438 1.22813272 -0.109763108
v 0.133983344 1.2607044 -0.304218024
v 0.133983329 1.23997164 -0.300329864
v 0.133983701 1.23417127 -0.319673449
v 0.133982897 1.27812409 -0.272610784
v 0.133980781 1.28170013 -0.123734802
v -0.0791870505 1.2541275 -0.101359338
v 0.0791852325 1.2541275 -0.101256408
v -0.0791869313 1.22813225 -0.0968086049
v 0.0791853517 1.22813272 -0.0968062058
v 0.0791857913 1.28170025 -0.123735666
v -0.0791864395 1.28170013 -0.123738036
v 0.0578803606 1.23565412 -0.308715671
v 0.133983701 1.23417127 -0.319673449
v 0.0578804947 1.23417163 -0.319674551
v -0.0578753278 1.23417115 -0.31967631
v -0.133978426 1.23417127 -0.319677502
v -0.057875365 1.235654 -0.30871737
v 0.133983329 1.23997164 -0.300329864
v 0.133983701 1.23417127 -0.319673449
v 0.105369948 1.23997164 -0.300330281
v 0.0578803606 1.23565412 -0.308715671
v -0.105365142 1.23997164 -0.300333321
v -0.057875365 1.235654 -0.30871737
v -0.133978426 1.23417127 -0.319677502
v -0.133978799 1.23997164 -0.300333858
v 0.133980557 1.23996997 -0.109762982
v 0.105367064 1.23996961 -0.109763324
v 0.133980438 1.22813272 -0.109763108
v 0.0791892633 1.22813249 -0.109763876
v -0.10536819 1.23996949 -0.109766595
v -0.0791905597 1.22813249 -0.109766275
v -0.13398163 1.22813261 -0.109767109
v -0.133981556 1.23996973 -0.109767042
v -0.133981854 1.22813261 -0.0968094543
v -0.0791869313 1.22813225 -0.0968086049
v -0.13398163 1.22813261 -0.109767109
v -0.0791905597 1.22813249 -0.109766275
v 0.133980438 1.22813272 -0.109763108
v 0.0791892633 1.22813249 -0.109763876
v 0.0791853517 1.22813272 -0.0968062058
v 0.133980289 1.22813272 -0.0968053117
v -0.0791869313 1.22813225 -0.0968086049
v 0.0791853517 1.22813272 -0.0968062058
v -0.0791905597 1.22813249 -0.109766275
v 0.0791892633 1.22813249 -0.109763876
v -0.105365142 1.23997164 -0.300333321
v -0.105366975 1.26385069 -0.196368888
v 0.105369948 1.23997164 -0.300330281
v 0.105368383 1.26385033 -0.196365699
v 0.105367064 1.23996961 -0.109763324
v 0.105368383 1.26385033 -0.196365699
v -0.10536819 1.23996949 -0.109766595
v -0.105366975 1.26385069 -0.196368888
v -0.10536819 1.23996949 -0.109766595
v -0.105366975 1.26385069 -0.196368888
v -0.105365142 1.23997164 -0.300333321
v 0.105368383 1.26385033 -0.196365699
v 0.105367064 1.23996961 -0.109763324
v 0.105369948 1.23997164 -0.300330281
v -0.0521615222 0.853290081 -0.308288038
v -0.0521613732 0.787621319 -0.3082892
v -0.0521613099 0.853289902 -0.309232295
v -0.0521609932 0.769350708 -0.324803501
v -0.0521631613 0.769349575 -0.213401213
v -0.0521629974 0.787620544 -0.213401064
v -0.0521615222 0.853290081 -0.308288038
v -0.0521613099 0.853289902 -0.309232295
v 2.52075483E-06 0.853290021 -0.308287293
v 2.74837021E-06 0.853290081 -0.309231579
v -0.0521609932 0.769350708 -0.324803501
v 2.6321411E-06 0.769350708 -0.324802786
v -0.0521613099 0.853289902 -0.309232295
v 2.74837021E-06 0.853290081 -0.309231579
v 9.48905949E-07 0.769349575 -0.213400498
v 2.6321411E-06 0.769350708 -0.324802786
v -0.0521631613 0.769349575 -0.213401213
v -0.0521609932 0.769350708 -0.324803501
v -0.0521629974 0.787620544 -0.213401064
v 1.11579902E-06 0.787620425 -0.213400319
v -0.0521631613 0.769349575 -0.213401213
v 9.48905949E-07 0.769349575 -0.213400498
v 0.052165173 0.787620246 -0.213399574
v 0.0521662608 0.7876212 -0.308287531
v 0.0521649346 0.769349635 -0.213399619
v 0.0521666333 0.769350827 -0.324801981
v 0.05216676 0.853289902 -0.309230745
v 0.0521664508 0.853289902 -0.308286428
v 0.0521664508 0.853289902 -0.308286428
v 2.52075483E-06 0.853290021 -0.308287293
v 0.05216676 0.853289902 -0.309230745
v 2.74837021E-06 0.853290081 -0.309231579
v 0.0521666333 0.769350827 -0.324801981
v 0.05216676 0.853289902 -0.309230745
v 2.6321411E-06 0.769350708 -0.324802786
v 2.74837021E-06 0.853290081 -0.309231579
v 9.48905949E-07 0.769349575 -0.213400498
v 0.0521649346 0.769349635 -0.213399619
v 2.6321411E-06 0.769350708 -0.324802786
v 0.0521666333 0.769350827 -0.324801981
v 0.052165173 0.787620246 -0.213399574
v 0.0521649346 0.769349635 -0.213399619
v 1.11579902E-06 0.787620425 -0.213400319
v 9.48905949E-07 0.769349575 -0.213400498
v 0.0521662608 0.7876212 -0.308287531
v 1.11579902E-06 0.787620425 -0.213400319
v -0.0521613732 0.787621319 -0.3082892
v -0.0521629974 0.787620544 -0.213401064
v 0.052165173 0.787620246 -0.213399574
v -0.127799496 1.14587343 -0.326930165
v -0.163319856 1.14587331 -0.326930761
v -0.127799675 1.16411841 -0.326930046
v -0.163320035 1.16411853 -0.326930642
v -0.127799675 1.16411841 -0.326930046
v -0.163320035 1.16411853 -0.326930642
v -0.127799258 1.16411877 -0.355990142
v -0.163319319 1.16411889 -0.355990529
v -0.127799258 1.16411877 -0.355990142
v -0.163319319 1.16411889 -0.355990529
v -0.127798915 1.14587367 -0.355990201
v -0.163319439 1.14587402 -0.355990738
v -0.127798915 1.14587367 -0.355990201
v -0.163319439 1.14587402 -0.355990738
v -0.127799496 1.14587343 -0.326930165
v -0.163319856 1.14587331 -0.326930761
v -0.163319856 1.14587331 -0.326930761
v -0.163319439 1.14587402 -0.355990738
v -0.163320035 1.16411853 -0.326930642
v -0.163319319 1.16411889 -0.355990529
v -0.127798915 1.14587367 -0.355990201
v -0.127799496 1.14587343 -0.326930165
v -0.127799258 1.16411877 -0.355990142
v -0.127799675 1.16411841 -0.326930046
v -0.127800092 1.17298782 -0.326929927
v -0.163319737 1.17298782 -0.326930583
v -0.127799794 1.19123292 -0.326929808
v -0.163319737 1.19123292 -0.326930434
v -0.127799794 1.19123292 -0.326929808
v -0.163319737 1.19123292 -0.326930434
v -0.127799138 1.19123292 -0.355989784
v -0.16331917 1.19123352 -0.35599035
v -0.127799138 1.19123292 -0.355989784
v -0.16331917 1.19123352 -0.35599035
v -0.127799377 1.1729883 -0.355989993
v -0.163319543 1.1729883 -0.355990678
v -0.127799377 1.1729883 -0.355989993
v -0.163319543 1.1729883 -0.355990678
v -0.127800092 1.17298782 -0.326929927
v -0.163319737 1.17298782 -0.326930583
v -0.163319737 1.17298782 -0.326930583
v -0.163319543 1.1729883 -0.355990678
v -0.163319737 1.19123292 -0.326930434
v -0.16331917 1.19123352 -0.35599035
v -0.127799377 1.1729883 -0.355989993
v -0.127800092 1.17298782 -0.326929927
v -0.127799138 1.19123292 -0.355989784
v -0.127799794 1.19123292 -0.326929808
v -0.0605903231 1.1694268 -0.369447917
v -0.0910032243 1.11757874 -0.369448781
v -0.0470724478 1.16149724 -0.369447857
v -0.0774858445 1.10964942 -0.369448781
v -0.0605903231 1.1694268 -0.369447917
v -0.0595442578 1.17676342 -0.356914192
v -0.0910032243 1.11757874 -0.369448781
v -0.0982080847 1.11085021 -0.356915593
v -0.0411797687 1.16599047 -0.356914133
v -0.0595442578 1.17676342 -0.356914192
v -0.0470724478 1.16149724 -0.369447857
v -0.0605903231 1.1694268 -0.369447917
v -0.0982080847 1.11085021 -0.356915593
v -0.0798432156 1.10007727 -0.356915325
v -0.0910032243 1.11757874 -0.369448781
v -0.0774858445 1.10964942 -0.369448781
v -0.0798432156 1.10007727 -0.356915325
v -0.0411797687 1.16599047 -0.356914133
v -0.0774858445 1.10964942 -0.369448781
v -0.0470724478 1.16149724 -0.369447857
v -0.0152052874 1.13734686 -0.337646395
v -0.0420139693 1.18487978 -0.337646335
v -0.0259135813 1.13745511 -0.361003548
v -0.0474616624 1.17565978 -0.361003548
v -0.0965827554 1.18542874 -0.33764717
v -0.0913218632 1.17610109 -0.361004204
v -0.0482259728 1.09969139 -0.361004412
v -0.0429651067 1.0903635 -0.337647319
v -0.0920862556 1.10013306 -0.361005038
v -0.0975338742 1.09091234 -0.337648243
v -0.113633916 1.13833725 -0.361004889
v -0.124342956 1.13844514 -0.337647915
v -0.0913218632 1.17610109 -0.361004204
v -0.0965827554 1.18542874 -0.33764717
v -0.0482259728 1.09969139 -0.361004412
v -0.113633916 1.13833725 -0.361004889
v -0.0920862556 1.10013306 -0.361005038
v -0.0913218632 1.17610109 -0.361004204
v -0.0259135813 1.13745511 -0.361003548
v -0.0913218632 1.17610109 -0.361004204
v -0.0259135813 1.13745511 -0.361003548
v -0.0474616624 1.17565978 -0.361003548
v -0.14313674 1.24075162 -0.307834595
v -0.125095174 1.24075162 -0.307834297
v -0.143136784 1.20812821 -0.306269556
v -0.058427617 1.2407515 -0.306268007
v 2.37464906E-06 0.789553761 -0.306271732
v 2.28881822E-06 1.24615371 -0.306267053
v -0.14313674 0.813452482 -0.306273639
v -0.11729908 0.789553881 -0.30627346
v -0.143068507 1.25810623 -0.221330911
v -0.133699954 1.25810623 -0.221330747
v -0.0567817688 1.24615371 -0.306993157
v -0.1431382 1.2101512 -0.269690752
v -0.14313674 1.24075162 -0.307834595
v -0.143136784 1.20812821 -0.306269556
v -0.143137395 1.1663475 -0.265001297
v -0.14313674 0.813452482 -0.306273639
v -0.143137574 0.813452125 -0.265004903
v -0.11729908 0.789553881 -0.30627346
v -0.117299944 0.789553225 -0.265004694
v 1.64985659E-06 0.789553344 -0.265002847
v 2.37464906E-06 0.789553761 -0.306271732
v -0.154998094 1.21888399 -0.283479869
v -0.154998094 1.16632044 -0.277768135
v -0.154997021 1.19961512 -0.343514353
v -0.154997021 1.16632104 -0.347770572
v -0.154997364 1.23050165 -0.332849532
v -0.154997632 1.26491618 -0.303314745
v -0.154998854 1.2390852 -0.230745807
v -0.154998973 1.27091324 -0.218630403
v -0.154997066 1.08195925 -0.347771585
v -0.154997513 1.02089584 -0.309464455
v -0.154998094 0.809748352 -0.278844029
v -0.154997498 0.80974859 -0.309466571
v -0.143068507 1.25810623 -0.221330911
v -0.14313674 1.24075162 -0.307834595
v -0.143102944 1.23908532 -0.230745867
v -0.143137932 1.22006404 -0.240160644
v -0.1431382 1.2101512 -0.269690752
v -0.143068507 1.25810623 -0.221330911
v -0.154998973 1.27091324 -0.218630403
v -0.133699954 1.25810623 -0.221330747
v -0.133700028 1.27091324 -0.218630016
v -0.154998854 1.2390852 -0.230745807
v -0.143102944 1.23908532 -0.230745867
v -0.1431382 1.2101512 -0.269690752
v -0.154998586 1.22006404 -0.240160495
v -0.143137932 1.22006404 -0.240160644
v -0.154998854 1.2390852 -0.230745807
v -0.143102944 1.23908532 -0.230745867
v -0.154998124 1.2101512 -0.269690961
v 2.67028804E-06 1.23050165 -0.332847059
v 2.40325926E-06 1.24615371 -0.322381437
v -0.042906113 1.23050153 -0.332847804
v 2.86102295E-06 1.19993067 -0.343258023
v -0.0429055765 1.19977272 -0.343385637
v 2.72750844E-06 1.16632128 -0.347768247
v 0.0429112986 1.23050165 -0.332846493
v 0.0429116413 1.19977272 -0.343384385
v -0.0584273897 1.2407558 -0.325848192
v -0.042906113 1.23050153 -0.332847804
v -0.127537459 1.2407558 -0.325849175
v -0.154997364 1.23050165 -0.332849532
v -0.154997632 1.26491618 -0.303314745
v -0.133698806 1.26491618 -0.303314447
v -0.133700028 1.27091324 -0.218630016
v -0.154998973 1.27091324 -0.218630403
v -0.0584274642 1.24615371 -0.32238251
v -0.0429055765 1.19977272 -0.343385637
v -0.154997021 1.19961512 -0.343514353
v -0.154998094 1.16632044 -0.277768135
v -0.154998392 1.16632056 -0.265001416
v -0.154998094 0.809748352 -0.278844029
v -0.154998124 0.809748054 -0.265005171
v -0.154998124 1.2101512 -0.269690961
v -0.154998094 1.21888399 -0.283479869
v -0.154998586 1.22006404 -0.240160495
v -0.154998854 1.2390852 -0.230745807
v -0.154998124 0.809748054 -0.265005171
v -0.143137574 0.813452125 -0.265004903
v -0.119894981 0.778371274 -0.265004903
v -0.117299944 0.789553225 -0.265004694
v 1.65939332E-06 0.778371096 -0.265002966
v 1.64985659E-06 0.789553344 -0.265002847
v 0.117303275 0.789553225 -0.265000999
v 0.119898491 0.778371155 -0.265001267
v 0.143140808 0.813452005 -0.265000612
v 0.155001834 0.809748054 -0.265000373
v 0.143140778 1.1663475 -0.264996886
v 0.1550017 1.16632044 -0.264996558
v 0.155001789 1.2101512 -0.269686282
v 0.143141851 1.21015131 -0.26968649
v -0.143137395 1.1663475 -0.265001297
v -0.154998392 1.16632056 -0.265001416
v -0.154998124 1.2101512 -0.269690961
v -0.1431382 1.2101512 -0.269690752
v -0.154997498 0.80974859 -0.309466571
v -0.154998094 0.809748352 -0.278844029
v -0.119894281 0.778371572 -0.309466392
v -0.119894892 0.778371394 -0.27884379
v -0.154998094 0.809748352 -0.278844029
v -0.154998124 0.809748054 -0.265005171
v -0.119894892 0.778371394 -0.27884379
v -0.119894981 0.778371274 -0.265004903
v -0.154997513 1.02089584 -0.309464455
v -0.154997498 0.80974859 -0.309466571
v -0.119894281 0.778371572 -0.309466392
v 2.40325926E-06 1.02192914 -0.30946213
v 2.50816333E-06 0.778371632 -0.309464544
v 1.98841099E-06 0.778371274 -0.278842151
v -0.119894892 0.778371394 -0.27884379
v 1.65939332E-06 0.778371096 -0.265002966
v -0.119894981 0.778371274 -0.265004903
v 0.119898602 0.778371274 -0.278840125
v 0.119898491 0.778371155 -0.265001267
v -0.127537459 1.2407558 -0.325849175
v -0.0584273897 1.2407558 -0.325848192
v -0.125095174 1.24075162 -0.307834297
v -0.058427617 1.2407515 -0.306268007
v -0.08971975 0.817701101 -0.318864346
v -0.084580116 0.812560499 -0.307397574
v -0.0865449309 0.825364769 -0.318864077
v -0.0792763084 0.825364649 -0.307397306
v -0.0973844379 0.807255983 -0.307397872
v -0.0973844677 0.814525425 -0.318864316
v -0.0897197053 0.833028316 -0.318864197
v -0.0845799968 0.838168681 -0.307397306
v -0.0973290056 0.836221755 -0.318864137
v -0.0973846391 0.843473017 -0.307397455
v -0.105092503 0.833005726 -0.318864346
v -0.110189073 0.838168621 -0.307397842
v -0.115493082 0.825364649 -0.307397962
v -0.108224131 0.825364649 -0.318864554
v -0.105049387 0.817700863 -0.318864465
v -0.110189117 0.812560499 -0.307397991
v -0.0973844677 0.814525425 -0.318864316
v -0.0973844379 0.807255983 -0.307397872
v -0.0865449309 0.825364769 -0.318864077
v -0.105049387 0.817700863 -0.318864465
v -0.08971975 0.817701101 -0.318864346
v -0.0973844677 0.814525425 -0.318864316
v -0.108224131 0.825364649 -0.318864554
v -0.0897197053 0.833028316 -0.318864197
v -0.105092503 0.833005726 -0.318864346
v -0.0865449309 0.825364769 -0.318864077
v -0.0973290056 0.836221755 -0.318864137
v -0.108224131 0.825364649 -0.318864554
v 2.72750844E-06 1.16632128 -0.347768247
v -0.0429055765 1.19977272 -0.343385637
v -0.154997021 1.16632104 -0.347770572
v -0.154997021 1.19961512 -0.343514353
v -0.154997066 1.08195925 -0.347771585
v 0.155002937 1.08195925 -0.347766787
v 0.155002996 1.16632104 -0.347765833
v 0.0429116413 1.19977272 -0.343384385
v 0.155002952 1.199615 -0.343509525
v -0.154997513 1.02089584 -0.309464455
v 2.40325926E-06 1.02192914 -0.30946213
v -0.154997066 1.08195925 -0.347771585
v 0.155002937 1.08195925 -0.347766787
v 0.155002385 1.02089572 -0.309459686
v -0.125095174 1.24075162 -0.307834297
v -0.133699954 1.25810623 -0.221330747
v -0.133698806 1.26491618 -0.303314447
v -0.133700028 1.27091324 -0.218630016
v -0.127537459 1.2407558 -0.325849175
v -0.0584274642 1.24615371 -0.32238251
v 2.40325926E-06 1.24615371 -0.322381437
v -0.0567817688 1.24615371 -0.306993157
v 2.28881822E-06 1.24615371 -0.306267053
v 0.143141851 1.21015131 -0.26968649
v 0.143140778 1.1663475 -0.264996886
v 0.143141463 1.20812821 -0.306265295
v 0.143141538 1.24075162 -0.306548417
v 0.143141538 0.813452721 -0.306269228
v 0.143140808 0.813452005 -0.265000612
v 0.143140659 1.22006428 -0.240156397
v 0.143105656 1.23908532 -0.230741426
v 0.143070459 1.25810599 -0.22132656
v 0.117303886 0.789553642 -0.306269825
v 0.117303275 0.789553225 -0.265000999
v 1.64985659E-06 0.789553344 -0.265002847
v 2.37464906E-06 0.789553761 -0.306271732
v 0.143141463 1.20812821 -0.306265295
v 0.125100151 1.24075174 -0.307830453
v 0.143141538 1.24075162 -0.306548417
v 0.133701965 1.25810623 -0.221326634
v 0.143070459 1.25810599 -0.22132656
v 0.0584323294 1.2407558 -0.306266218
v 2.37464906E-06 0.789553761 -0.306271732
v 0.143141538 0.813452721 -0.306269228
v 2.28881822E-06 1.24615371 -0.306267053
v 0.0567865372 1.24615383 -0.306991488
v 0.117303886 0.789553642 -0.306269825
v 0.155002996 1.16632104 -0.347765833
v 0.155001909 1.16632056 -0.277763218
v 0.155002952 1.199615 -0.343509525
v 0.155001968 1.21888423 -0.28347519
v 0.155002728 1.23050189 -0.332844883
v 0.155002207 1.2649163 -0.303310126
v 0.155002937 1.08195925 -0.347766787
v 0.155002385 1.02089572 -0.309459686
v 0.155001968 0.809748411 -0.27883929
v 0.155002341 0.80974859 -0.309461892
v 0.155001253 1.2390852 -0.230741069
v 0.155001029 1.27091324 -0.218625605
v 0.143141851 1.21015131 -0.26968649
v 0.143140659 1.22006428 -0.240156397
v 0.155001372 1.22006416 -0.240155861
v 0.155001253 1.2390852 -0.230741069
v 0.143105656 1.23908532 -0.230741426
v 0.155001789 1.2101512 -0.269686282
v 0.143070459 1.25810599 -0.22132656
v 0.133701965 1.25810623 -0.221326634
v 0.155001029 1.27091324 -0.218625605
v 0.133701891 1.27091336 -0.218625963
v 0.155001253 1.2390852 -0.230741069
v 0.143105656 1.23908532 -0.230741426
v 0.133701891 1.27091336 -0.218625963
v 0.133703217 1.2649163 -0.303310364
v 0.155001029 1.27091324 -0.218625605
v 0.155002207 1.2649163 -0.303310126
v 0.127542719 1.24075592 -0.325845331
v 0.155002728 1.23050189 -0.332844883
v 0.0429112986 1.23050165 -0.332846493
v 0.0584325604 1.24075592 -0.325846374
v 2.40325926E-06 1.24615371 -0.322381437
v 0.0584323853 1.24615359 -0.322380722
v 0.155002952 1.199615 -0.343509525
v 0.0429116413 1.19977272 -0.343384385
v 0.119898602 0.778371274 -0.278840125
v 0.155001968 0.809748411 -0.27883929
v 0.119899079 0.778371572 -0.309462667
v 0.155002341 0.80974859 -0.309461892
v 0.119898491 0.778371155 -0.265001267
v 0.155001834 0.809748054 -0.265000373
v 0.119898602 0.778371274 -0.278840125
v 0.155001968 0.809748411 -0.27883929
v 0.119899079 0.778371572 -0.309462667
v 0.155002385 1.02089572 -0.309459686
v 2.40325926E-06 1.02192914 -0.30946213
v 0.155002341 0.80974859 -0.309461892
v 2.50816333E-06 0.778371632 -0.309464544
v 0.0584323294 1.2407558 -0.306266218
v 0.0584325604 1.24075592 -0.325846374
v 0.125100151 1.24075174 -0.307830453
v 0.127542719 1.24075592 -0.325845331
v 0.0897250026 0.817700922 -0.318861544
v 0.0865498707 0.82536453 -0.318861425
v 0.0845849812 0.81256038 -0.30739516
v 0.0792811736 0.825364649 -0.307394981
v 0.0973895267 0.807256162 -0.307394803
v 0.0973897129 0.814525604 -0.318861425
v 0.0897248313 0.833028316 -0.318861425
v 0.0845850259 0.838168681 -0.307394713
v 0.0973338261 0.836221814 -0.318861216
v 0.0973894894 0.843472958 -0.307394445
v 0.105097465 0.833005488 -0.318861127
v 0.110194221 0.8381688 -0.307394326
v 0.115497909 0.825364649 -0.307394475
v 0.108229443 0.82536459 -0.318861127
v 0.105054565 0.817700803 -0.318861276
v 0.110194072 0.81256038 -0.307394683
v 0.0973897129 0.814525604 -0.318861425
v 0.0973895267 0.807256162 -0.307394803
v 0.105054565 0.817700803 -0.318861276
v 0.0897250026 0.817700922 -0.318861544
v 0.0973897129 0.814525604 -0.318861425
v 0.108229443 0.82536459 -0.318861127
v 0.0865498707 0.82536453 -0.318861425
v 0.0897248313 0.833028316 -0.318861425
v 0.108229443 0.82536459 -0.318861127
v 0.105097465 0.833005488 -0.318861127
v 0.0865498707 0.82536453 -0.318861425
v 0.0973338261 0.836221814 -0.318861216
v 0.125100151 1.24075174 -0.307830453
v 0.133703217 1.2649163 -0.303310364
v 0.133701965 1.25810623 -0.221326634
v 0.133701891 1.27091336 -0.218625963
v 0.127542719 1.24075592 -0.325845331
v 0.0584325604 1.24075592 -0.325846374
v 0.0584323294 1.2407558 -0.306266218
v 0.0584323853 1.24615359 -0.322380722
v 0.0567865372 1.24615383 -0.306991488
v 0.0584323853 1.24615359 -0.322380722
v 0.0567865372 1.24615383 -0.306991488
v 2.40325926E-06 1.24615371 -0.322381437
v 2.28881822E-06 1.24615371 -0.306267053
v -0.0567817688 1.24615371 -0.306993157
v -0.058427617 1.2407515 -0.306268007
v -0.0584274642 1.24615371 -0.32238251
v -0.0584273897 1.2407558 -0.325848192
v 0.155001372 1.22006416 -0.240155861
v 0.155001253 1.2390852 -0.230741069
v 0.155001968 1.21888423 -0.28347519
v 0.155001789 1.2101512 -0.269686282
v 0.1550017 1.16632044 -0.264996558
v 0.155001909 1.16632056 -0.277763218
v 0.155001834 0.809748054 -0.265000373
v 0.155001968 0.809748411 -0.27883929
v 2.50816333E-06 0.778371632 -0.309464544
v -0.119894281 0.778371572 -0.309466392
v 1.98841099E-06 0.778371274 -0.278842151
v -0.119894892 0.778371394 -0.27884379
v 2.50816333E-06 0.778371632 -0.309464544
v 1.98841099E-06 0.778371274 -0.278842151
v 0.119899079 0.778371572 -0.309462667
v 0.119898602 0.778371274 -0.278840125
v -0.151594654 1.19580507 0.0425304398
v -0.152646974 1.17656052 0.0554394908
v -0.150446042 1.18962157 0.0371025093
v -0.151229471 1.17221344 0.0481606647
v -0.15346843 1.16630137 0.0600546449
v -0.151924476 1.16288781 0.0522769541
v -0.151213259 1.16184258 0.0616632625
v -0.149596408 1.15872395 0.0537014008
v -0.149814337 1.20496464 0.0233369432
v -0.150607944 1.21256673 0.0267569162
v -0.149228901 1.21776676 0.00636655791
v -0.149547532 1.22623217 0.00775665278
v -0.148960143 1.22533715 -0.0123972362
v -0.14878799 1.23446286 -0.0123609537
v -0.147681609 1.22692001 -0.0284992792
v -0.147681504 1.23746753 -0.0292201415
v -0.105199046 1.13710344 0.0743295252
v -0.103455506 1.13494682 0.0655879229
v -0.109587058 1.10634243 0.0794906244
v -0.107843623 1.10418642 0.0707490519
v -0.161587104 1.14304757 0.0664585084
v -0.165975377 1.1122874 0.0716195256
v -0.15984416 1.14089155 0.0577165969
v -0.164232105 1.11013091 0.0628778264
v -0.14692314 1.1043092 0.0660330728
v -0.164232105 1.11013091 0.0628778264
v -0.157856598 1.10546196 0.0645069107
v -0.15984416 1.14089155 0.0577165969
v -0.152279928 1.14230847 0.0583628267
v -0.109962575 1.13784683 0.064270094
v -0.12562412 1.10206354 0.0690059289
v -0.107843623 1.10418642 0.0707490519
v -0.103455506 1.13494682 0.0655879229
v -0.1152412 1.10096908 0.0704555884
v -0.147750854 1.09740555 0.067190893
v -0.126583442 1.09515953 0.0701643378
v -0.111801185 1.14001393 0.0729987323
v -0.109962575 1.13784683 0.064270094
v -0.105199046 1.13710344 0.0743295252
v -0.103455506 1.13494682 0.0655879229
v -0.11708492 1.10313654 0.0791831762
v -0.109587058 1.10634243 0.0794906244
v -0.1152412 1.10096908 0.0704555884
v -0.107843623 1.10418642 0.0707490519
v -0.152279928 1.14230847 0.0583628267
v -0.154118538 1.1444751 0.0670912713
v -0.15984416 1.14089155 0.0577165969
v -0.161587104 1.14304757 0.0664585084
v -0.157856598 1.10546196 0.0645069107
v -0.164232105 1.11013091 0.0628778264
v -0.159600258 1.10761857 0.073248595
v -0.165975377 1.1122874 0.0716195256
v -0.109587058 1.10634243 0.0794906244
v -0.11708492 1.10313654 0.0791831762
v -0.12736766 1.10421991 0.0777478591
v -0.111801185 1.14001393 0.0729987323
v -0.14866665 1.10646617 0.0747747794
v -0.154118538 1.1444751 0.0670912713
v -0.161587104 1.14304757 0.0664585084
v -0.165975377 1.1122874 0.0716195256
v -0.159600258 1.10761857 0.073248595
v -0.105199046 1.13710344 0.0743295252
v -0.150446042 1.18962157 0.0371025093
v -0.151229471 1.17221344 0.0481606647
v -0.101491503 1.18759024 0.0415399335
v -0.102370337 1.16896451 0.0540503114
v -0.151924476 1.16288781 0.0522769541
v -0.103160739 1.15902078 0.0585362427
v -0.107193753 1.15470874 0.0592373088
v -0.149596408 1.15872395 0.0537014008
v -0.10084831 1.20388818 0.026243113
v -0.149814337 1.20496464 0.0233369432
v -0.100341715 1.21732724 0.00781959482
v -0.149228901 1.21776676 0.00636655791
v -0.10009338 1.22514176 -0.0119065857
v -0.148960143 1.22533715 -0.0123972362
v -0.147681609 1.22692001 -0.0284992792
v -0.0988197327 1.22692013 -0.0284984019
v -0.103786774 1.17329955 0.0613574982
v -0.152646974 1.17656052 0.0554394908
v -0.102624282 1.19378102 0.0470248796
v -0.151594654 1.19580507 0.0425304398
v -0.15346843 1.16630137 0.0600546449
v -0.104705386 1.16243386 0.0663488731
v -0.108812638 1.15782702 0.0672645569
v -0.151213259 1.16184258 0.0616632625
v -0.10162773 1.21151721 0.0297263525
v -0.150607944 1.21256673 0.0267569162
v -0.10066776 1.22584748 0.00924922898
v -0.149547532 1.22623217 0.00775665278
v -0.14878799 1.23446286 -0.0123609537
v -0.0999615043 1.23436236 -0.0118590929
v -0.147681504 1.23746753 -0.0292201415
v -0.0988194644 1.23746765 -0.0292193219
v -0.149596855 1.09956205 0.0759332851
v -0.14866665 1.10646617 0.0747747794
v -0.128352314 1.09731734 0.0789063647
v -0.12736766 1.10421991 0.0777478591
v -0.14692314 1.1043092 0.0660330728
v -0.157856598 1.10546196 0.0645069107
v -0.147750854 1.09740555 0.067190893
v -0.156463355 1.09412551 0.0666964874
v -0.119178995 1.09014404 0.0719674081
v -0.126583442 1.09515953 0.0701643378
v -0.1152412 1.10096908 0.0704555884
v -0.12562412 1.10206354 0.0690059289
v -0.153632924 1.06356156 0.0663325861
v -0.125472754 1.05774069 0.0730648786
v -0.153914675 1.02282107 0.0578205474
v -0.134158671 1.01302445 0.0685085058
v -0.157635763 0.982035339 0.044356212
v -0.145908549 0.967685759 0.0585541315
v -0.164340362 0.941863358 0.026437778
v -0.160380453 0.922645032 0.0406833068
v -0.173781142 0.904604912 0.00375267025
v -0.175950959 0.881573617 0.0137867546
v -0.184791178 0.872259438 -0.0214637648
v -0.19147332 0.847629368 -0.0193624962
v -0.190160215 0.856936336 -0.041808147
v -0.198838711 0.832231283 -0.0454585366
v -0.11708492 1.10313654 0.0791831762
v -0.1152412 1.10096908 0.0704555884
v -0.121098824 1.09231317 0.0806935877
v -0.119178995 1.09014404 0.0719674081
v -0.126830637 1.05904102 0.0803968385
v -0.125472754 1.05774069 0.0730648786
v -0.137397006 1.0141952 0.0737330988
v -0.134158671 1.01302445 0.0685085058
v -0.151406899 0.969147921 0.0612080768
v -0.145908549 0.967685759 0.0585541315
v -0.167214066 0.924467266 0.0412966907
v -0.160380453 0.922645032 0.0406833068
v -0.175950959 0.881573617 0.0137867546
v -0.182797328 0.883352041 0.0135030365
v -0.19147332 0.847629368 -0.0193624962
v -0.196739227 0.848980844 -0.019512672
v -0.198838711 0.832231283 -0.0454585366
v -0.159600258 1.10761857 0.073248595
v -0.158455536 1.09628201 0.0754383653
v -0.157856598 1.10546196 0.0645069107
v -0.156463355 1.09412551 0.0666964874
v -0.159839049 1.06536126 0.0718116164
v -0.153632924 1.06356156 0.0663325861
v -0.161375538 1.02451396 0.0609474182
v -0.153914675 1.02282107 0.0578205474
v -0.165097773 0.983711243 0.0457308777
v -0.157635763 0.982035339 0.044356212
v -0.17187728 0.943628073 0.0264325514
v -0.164340362 0.941863358 0.026437778
v -0.173781142 0.904604912 0.00375267025
v -0.181078538 0.906345606 0.00317083346
v -0.184791178 0.872259438 -0.0214637648
v -0.190758631 0.873764396 -0.0216300096
v -0.190160215 0.856936336 -0.041808147
v -0.12736766 1.10421991 0.0777478591
v -0.11708492 1.10313654 0.0791831762
v -0.128352314 1.09731734 0.0789063647
v -0.121098824 1.09231317 0.0806935877
v -0.149596855 1.09956205 0.0759332851
v -0.158455536 1.09628201 0.0754383653
v -0.159600258 1.10761857 0.073248595
v -0.14866665 1.10646617 0.0747747794
v -0.159839049 1.06536126 0.0718116164
v -0.126830637 1.05904102 0.0803968385
v -0.161375538 1.02451396 0.0609474182
v -0.137397006 1.0141952 0.0737330988
v -0.165097773 0.983711243 0.0457308777
v -0.151406899 0.969147921 0.0612080768
v -0.17187728 0.943628073 0.0264325514
v -0.167214066 0.924467266 0.0412966907
v -0.181078538 0.906345606 0.00317083346
v -0.182797328 0.883352041 0.0135030365
v -0.190758631 0.873764396 -0.0216300096
v -0.196739227 0.848980844 -0.019512672
v -0.198846102 0.845863104 -0.0431292132
v -0.198838711 0.832231283 -0.0454585366
v -0.190160215 0.856936336 -0.041808147
v -0.102370337 1.16896451 0.0540503114
v -0.103786774 1.17329955 0.0613574982
v -0.101491503 1.18759024 0.0415399335
v -0.102624282 1.19378102 0.0470248796
v -0.104705386 1.16243386 0.0663488731
v -0.103160739 1.15902078 0.0585362427
v -0.108812638 1.15782702 0.0672645569
v -0.107193753 1.15470874 0.0592373088
v -0.10084831 1.20388818 0.026243113
v -0.10162773 1.21151721 0.0297263525
v -0.100341715 1.21732724 0.00781959482
v -0.10066776 1.22584748 0.00924922898
v -0.10009338 1.22514176 -0.0119065857
v -0.0999615043 1.23436236 -0.0118590929
v -0.0988197327 1.22692013 -0.0284984019
v -0.0988194644 1.23746765 -0.0292193219
v -0.190160215 0.856936336 -0.041808147
v -0.198846102 0.845863104 -0.0431292132
v -0.174439266 0.843531072 -0.0803041607
v -0.198838711 0.832231283 -0.0454585366
v -0.174439266 0.843531072 -0.0803041607
v -0.16751188 0.863849342 -0.0667968914
v -0.150388613 0.862783194 -0.0899209753
v -0.153058022 0.83579725 -0.108819045
v -0.158982202 0.80983758 -0.0920915902
v -0.180404425 0.815346181 -0.065772526
v -0.198838711 0.832231283 -0.0454585366
v -0.144838959 0.806292713 -0.108819261
v -0.135806665 0.86194241 -0.108818583
v -0.154118538 1.1444751 0.0670912713
v -0.151213259 1.16184258 0.0616632625
v -0.111801185 1.14001393 0.0729987323
v -0.108812638 1.15782702 0.0672645569
v -0.154118538 1.1444751 0.0670912713
v -0.152279928 1.14230847 0.0583628267
v -0.151213259 1.16184258 0.0616632625
v -0.149596408 1.15872395 0.0537014008
v -0.152279928 1.14230847 0.0583628267
v -0.109962575 1.13784683 0.064270094
v -0.149596408 1.15872395 0.0537014008
v -0.107193753 1.15470874 0.0592373088
v -0.111801185 1.14001393 0.0729987323
v -0.108812638 1.15782702 0.0672645569
v -0.109962575 1.13784683 0.064270094
v -0.107193753 1.15470874 0.0592373088
v -0.0988197327 1.22692013 -0.0284984019
v -0.0988194644 1.23746765 -0.0292193219
v -0.147681609 1.22692001 -0.0284992792
v -0.147681504 1.23746753 -0.0292201415
v -0.198838711 0.832231283 -0.0454585366
v -0.190160215 0.856936336 -0.041808147
v -0.180404425 0.815346181 -0.065772526
v -0.16751188 0.863849342 -0.0667968914
v -0.150388613 0.862783194 -0.0899209753
v -0.158982202 0.80983758 -0.0920915902
v -0.135806665 0.86194241 -0.108818583
v -0.144838959 0.806292713 -0.108819261
v 0.151588842 1.19580507 0.0425350554
v 0.150440663 1.18962157 0.0371070653
v 0.152640909 1.17656028 0.0554441996
v 0.151223838 1.17221344 0.04816534
v 0.153462365 1.16630149 0.0600593165
v 0.151918486 1.16288769 0.0522815883
v 0.151206926 1.16184258 0.061667785
v 0.149590313 1.15872383 0.0537059195
v 0.149809301 1.20496476 0.0233414453
v 0.150602624 1.21256685 0.0267615505
v 0.149224237 1.21776688 0.00637109764
v 0.149542823 1.22623229 0.00776119204
v 0.14895618 1.22533655 -0.0123927686
v 0.148784027 1.23446286 -0.0123564722
v 0.147678092 1.22692001 -0.0284948535
v 0.147678062 1.23746753 -0.0292156972
v 0.1078372 1.10418642 0.0707523525
v 0.103449181 1.1349467 0.0655909702
v 0.109580293 1.10634255 0.0794939026
v 0.105192363 1.1371032 0.0743327513
v 0.161580637 1.14304757 0.0664635077
v 0.159837872 1.14089155 0.0577213652
v 0.165968552 1.1122874 0.0716246814
v 0.164225772 1.11013091 0.0628827661
v 0.146916896 1.10430944 0.0660375804
v 0.15785028 1.10546207 0.0645116791
v 0.164225772 1.11013091 0.0628827661
v 0.159837872 1.14089155 0.0577213652
v 0.152273715 1.14230835 0.0583675168
v 0.10995625 1.13784683 0.0642733946
v 0.125617638 1.10206366 0.0690098181
v 0.1078372 1.10418642 0.0707523525
v 0.103449181 1.1349467 0.0655909702
v 0.115234561 1.1009692 0.070459038
v 0.147744581 1.09740579 0.0671953931
v 0.126577124 1.09515977 0.0701681525
v 0.103449181 1.1349467 0.0655909702
v 0.10995625 1.13784683 0.0642733946
v 0.105192363 1.1371032 0.0743327513
v 0.111794502 1.14001393 0.0730020329
v 0.11707814 1.10313642 0.079186663
v 0.115234561 1.1009692 0.070459038
v 0.109580293 1.10634255 0.0794939026
v 0.1078372 1.10418642 0.0707523525
v 0.161580637 1.14304757 0.0664635077
v 0.154112235 1.14447498 0.0670958683
v 0.159837872 1.14089155 0.0577213652
v 0.152273715 1.14230835 0.0583675168
v 0.15785028 1.10546207 0.0645116791
v 0.159593508 1.10761857 0.0732533634
v 0.164225772 1.11013091 0.0628827661
v 0.165968552 1.1122874 0.0716246814
v 0.109580293 1.10634255 0.0794939026
v 0.127360836 1.10422015 0.0777517706
v 0.11707814 1.10313642 0.079186663
v 0.111794502 1.14001393 0.0730020329
v 0.148659796 1.10646617 0.0747793168
v 0.154112235 1.14447498 0.0670958683
v 0.161580637 1.14304757 0.0664635077
v 0.165968552 1.1122874 0.0716246814
v 0.159593508 1.10761857 0.0732533634
v 0.105192363 1.1371032 0.0743327513
v 0.102364212 1.16896451 0.0540534593
v 0.151223838 1.17221344 0.04816534
v 0.101485647 1.18759012 0.0415430255
v 0.150440663 1.18962157 0.0371070653
v 0.151918486 1.16288769 0.0522815883
v 0.103154466 1.15902078 0.0585394278
v 0.10718742 1.15470874 0.0592405498
v 0.149590313 1.15872383 0.0537059195
v 0.100843139 1.20388794 0.0262461845
v 0.149809301 1.20496476 0.0233414453
v 0.100337029 1.21732712 0.00782264676
v 0.149224237 1.21776688 0.00637109764
v 0.100089416 1.22514176 -0.0119034955
v 0.14895618 1.22533655 -0.0123927686
v 0.147678092 1.22692001 -0.0284948535
v 0.0988161266 1.22692001 -0.0284954067
v 0.103780359 1.17329955 0.0613606647
v 0.102618366 1.1937809 0.0470279865
v 0.152640909 1.17656028 0.0554441996
v 0.151588842 1.19580507 0.0425350554
v 0.153462365 1.16630149 0.0600593165
v 0.104699016 1.16243362 0.0663521215
v 0.108806185 1.15782702 0.0672677979
v 0.151206926 1.16184258 0.061667785
v 0.101622485 1.2115171 0.0297293663
v 0.150602624 1.21256685 0.0267615505
v 0.100663014 1.22584736 0.00925231911
v 0.149542823 1.22623229 0.00776119204
v 0.148784027 1.23446286 -0.0123564722
v 0.0999574438 1.23436236 -0.0118559832
v 0.147678062 1.23746753 -0.0292156972
v 0.0988158584 1.23746753 -0.0292162895
v 0.14959003 1.09956193 0.0759378448
v 0.128345415 1.09731746 0.0789101794
v 0.148659796 1.10646617 0.0747793168
v 0.127360836 1.10422015 0.0777517706
v 0.156456977 1.09412563 0.0667012408
v 0.15785028 1.10546207 0.0645116791
v 0.147744581 1.09740579 0.0671953931
v 0.146916896 1.10430944 0.0660375804
v 0.119172305 1.09014404 0.0719709918
v 0.126577124 1.09515977 0.0701681525
v 0.115234561 1.1009692 0.070459038
v 0.125617638 1.10206366 0.0690098181
v 0.153626531 1.06356156 0.0663373545
v 0.125466138 1.05774057 0.0730687305
v 0.153908461 1.02282107 0.0578252599
v 0.134152159 1.01302433 0.0685126707
v 0.157630116 0.982035398 0.0443610735
v 0.145902425 0.967685878 0.0585585572
v 0.164335281 0.941863596 0.0264426805
v 0.16037479 0.922644913 0.0406881906
v 0.173776582 0.904605091 0.00375802978
v 0.175946265 0.881573856 0.0137921143
v 0.184787422 0.872259438 -0.0214582626
v 0.191469416 0.847629547 -0.0193566512
v 0.190157101 0.856936336 -0.0418023877
v 0.198835745 0.832231343 -0.0454524979
v 0.119172305 1.09014404 0.0719709918
v 0.115234561 1.1009692 0.070459038
v 0.121092148 1.09231305 0.0806972459
v 0.11707814 1.10313642 0.079186663
v 0.126823768 1.05904114 0.0804007351
v 0.125466138 1.05774057 0.0730687305
v 0.13739042 1.01419508 0.0737373307
v 0.134152159 1.01302433 0.0685126707
v 0.15140067 0.96914798 0.0612126514
v 0.145902425 0.967685878 0.0585585572
v 0.167208403 0.924467146 0.0413018204
v 0.16037479 0.922644913 0.0406881906
v 0.175946265 0.881573856 0.0137921143
v 0.182792544 0.883352041 0.013508644
v 0.191469416 0.847629547 -0.0193566512
v 0.196735412 0.848980784 -0.0195067208
v 0.198835745 0.832231343 -0.0454524979
v 0.159593508 1.10761857 0.0732533634
v 0.15785028 1.10546207 0.0645116791
v 0.158448666 1.09628212 0.0754430369
v 0.156456977 1.09412563 0.0667012408
v 0.159832343 1.06536114 0.0718164444
v 0.153626531 1.06356156 0.0663373545
v 0.161369145 1.02451384 0.0609522611
v 0.153908461 1.02282107 0.0578252599
v 0.165091962 0.983711302 0.0457359701
v 0.157630116 0.982035398 0.0443610735
v 0.17187202 0.943627894 0.0264377203
v 0.164335281 0.941863596 0.0264426805
v 0.173776582 0.904605091 0.00375802978
v 0.181073979 0.906345606 0.00317638391
v 0.184787422 0.872259438 -0.0214582626
v 0.190754831 0.873764396 -0.0216241833
v 0.190157101 0.856936336 -0.0418023877
v 0.121092148 1.09231305 0.0806972459
v 0.11707814 1.10313642 0.079186663
v 0.128345415 1.09731746 0.0789101794
v 0.127360836 1.10422015 0.0777517706
v 0.14959003 1.09956193 0.0759378448
v 0.158448666 1.09628212 0.0754430369
v 0.159593508 1.10761857 0.0732533634
v 0.148659796 1.10646617 0.0747793168
v 0.159832343 1.06536114 0.0718164444
v 0.126823768 1.05904114 0.0804007351
v 0.161369145 1.02451384 0.0609522611
v 0.13739042 1.01419508 0.0737373307
v 0.165091962 0.983711302 0.0457359701
v 0.15140067 0.96914798 0.0612126514
v 0.17187202 0.943627894 0.0264377203
v 0.167208403 0.924467146 0.0413018204
v 0.181073979 0.906345606 0.00317638391
v 0.182792544 0.883352041 0.013508644
v 0.190754831 0.873764396 -0.0216241833
v 0.196735412 0.848980784 -0.0195067208
v 0.198842928 0.845863163 -0.0431231298
v 0.198835745 0.832231343 -0.0454524979
v 0.190157101 0.856936336 -0.0418023877
v 0.102364212 1.16896451 0.0540534593
v 0.101485647 1.18759012 0.0415430255
v 0.103780359 1.17329955 0.0613606647
v 0.102618366 1.1937809 0.0470279865
v 0.104699016 1.16243362 0.0663521215
v 0.103154466 1.15902078 0.0585394278
v 0.108806185 1.15782702 0.0672677979
v 0.10718742 1.15470874 0.0592405498
v 0.100843139 1.20388794 0.0262461845
v 0.101622485 1.2115171 0.0297293663
v 0.100337029 1.21732712 0.00782264676
v 0.100663014 1.22584736 0.00925231911
v 0.100089416 1.22514176 -0.0119034955
v 0.0999574438 1.23436236 -0.0118559832
v 0.0988161266 1.22692001 -0.0284954067
v 0.0988158584 1.23746753 -0.0292162895
v 0.190157101 0.856936336 -0.0418023877
v 0.174437359 0.843531072 -0.0802988783
v 0.198842928 0.845863163 -0.0431231298
v 0.198835745 0.832231343 -0.0454524979
v 0.167509452 0.863849223 -0.0667918697
v 0.174437359 0.843531072 -0.0802988783
v 0.1503869 0.862783134 -0.0899163783
v 0.153056964 0.835797191 -0.108814374
v 0.158980593 0.809837699 -0.0920867324
v 0.180402115 0.815346062 -0.0657670945
v 0.198835745 0.832231343 -0.0454524979
v 0.144837841 0.806292713 -0.108814791
v 0.135805428 0.86194241 -0.108814478
v 0.154112235 1.14447498 0.0670958683
v 0.111794502 1.14001393 0.0730020329
v 0.151206926 1.16184258 0.061667785
v 0.108806185 1.15782702 0.0672677979
v 0.149590313 1.15872383 0.0537059195
v 0.152273715 1.14230835 0.0583675168
v 0.151206926 1.16184258 0.061667785
v 0.154112235 1.14447498 0.0670958683
v 0.10718742 1.15470874 0.0592405498
v 0.10995625 1.13784683 0.0642733946
v 0.149590313 1.15872383 0.0537059195
v 0.152273715 1.14230835 0.0583675168
v 0.111794502 1.14001393 0.0730020329
v 0.10995625 1.13784683 0.0642733946
v 0.108806185 1.15782702 0.0672677979
v 0.10718742 1.15470874 0.0592405498
v 0.0988161266 1.22692001 -0.0284954067
v 0.147678092 1.22692001 -0.0284948535
v 0.0988158584 1.23746753 -0.0292162895
v 0.147678062 1.23746753 -0.0292156972
v 0.167509452 0.863849223 -0.0667918697
v 0.190157101 0.856936336 -0.0418023877
v 0.180402115 0.815346062 -0.0657670945
v 0.198835745 0.832231343 -0.0454524979
v 0.1503869 0.862783134 -0.0899163783
v 0.158980593 0.809837699 -0.0920867324
v 0.135805428 0.86194241 -0.108814478
v 0.144837841 0.806292713 -0.108814791
v -0.142728195 0.966572225 -0.220143348
v -0.14272818 0.894748211 -0.220143944
v -0.169872522 0.966572225 -0.220143557
v -0.169872344 0.894748271 -0.220144361
v -0.16987215 0.884571075 -0.236703202
v -0.169871956 0.959332883 -0.236702368
v -0.169872344 0.894748271 -0.220144361
v -0.169872522 0.966572225 -0.220143557
v -0.169871956 0.959332883 -0.236702368
v -0.142727882 0.959333003 -0.23670207
v -0.169872522 0.966572225 -0.220143557
v -0.142728195 0.966572225 -0.220143348
v -0.14272809 0.884571075 -0.23670274
v -0.16987215 0.884571075 -0.236703202
v -0.14272818 0.894748211 -0.220143944
v -0.169872344 0.894748271 -0.220144361
v -0.168053553 1.00103486 -0.229288042
v -0.168052867 1.01548445 -0.265003115
v -0.143138736 1.00103486 -0.229287669
v -0.143138275 1.01548457 -0.265002728
v -0.168052912 0.813977182 -0.265005261
v -0.168053448 0.828425527 -0.229289755
v -0.143138111 0.813976884 -0.265004814
v -0.143138781 0.828425646 -0.229289412
v -0.168053553 1.00103486 -0.229288042
v -0.143138736 1.00103486 -0.229287669
v -0.168053448 0.828425527 -0.229289755
v -0.143138781 0.828425646 -0.229289412
v -0.168053448 0.828425527 -0.229289755
v -0.168052912 0.813977182 -0.265005261
v -0.168053553 1.00103486 -0.229288042
v -0.168052867 1.01548445 -0.265003115
v -0.143138111 0.813976884 -0.265004814
v -0.143138275 1.01548457 -0.265002728
v -0.168052912 0.813977182 -0.265005261
v -0.168052867 1.01548445 -0.265003115
v 0.142730534 0.966572165 -0.220139086
v 0.169874743 0.966572225 -0.220138475
v 0.14273046 0.894747972 -0.220139608
v 0.169874534 0.89474839 -0.220139235
v 0.169874743 0.966572225 -0.220138475
v 0.169874758 0.959332943 -0.236697301
v 0.169874534 0.89474839 -0.220139235
v 0.169874951 0.884570956 -0.236698091
v 0.169874758 0.959332943 -0.236697301
v 0.169874743 0.966572225 -0.220138475
v 0.142730653 0.959333003 -0.236697748
v 0.142730534 0.966572165 -0.220139086
v 0.142730772 0.884571135 -0.236698389
v 0.14273046 0.894747972 -0.220139608
v 0.169874951 0.884570956 -0.236698091
v 0.169874534 0.89474839 -0.220139235
v 0.168056071 1.00103486 -0.22928296
v 0.143141314 1.00103498 -0.229283363
v 0.168056354 1.01548457 -0.264997929
v 0.143141851 1.01548433 -0.264998466
v 0.168056339 0.813977122 -0.265000135
v 0.143141732 0.813976943 -0.265000403
v 0.168055907 0.828425407 -0.229284599
v 0.143141404 0.828425586 -0.229285076
v 0.168056071 1.00103486 -0.22928296
v 0.168055907 0.828425407 -0.229284599
v 0.143141314 1.00103498 -0.229283363
v 0.143141404 0.828425586 -0.229285076
v 0.168055907 0.828425407 -0.229284599
v 0.168056071 1.00103486 -0.22928296
v 0.168056339 0.813977122 -0.265000135
v 0.168056354 1.01548457 -0.264997929
v 0.143141732 0.813976943 -0.265000403
v 0.168056339 0.813977122 -0.265000135
v 0.143141851 1.01548433 -0.264998466
v 0.168056354 1.01548457 -0.264997929
v -0.157437325 0.15408279 -0.00212833402
v -0.167373806 0.170484543 -0.0223492514
v -0.159761623 0.169590011 0.000487060548
v -0.16339694 0.189286873 0.000250549318
v -0.163564533 0.154083014 -0.0476879887
v -0.167870522 0.160891086 -0.0491115637
v -0.160388187 0.15788272 -0.0649136752
v -0.150078967 0.154082596 -0.0774177685
v -0.159126997 0.169184685 -0.0808244124
v -0.125616565 0.169243053 -0.0941517502
v -0.116567075 0.154082909 -0.0874380544
v -0.133874476 0.174664021 -0.0941633806
v -0.121702991 0.17430073 -0.0989504904
v -0.151426271 0.16958937 0.0210540202
v -0.166671336 0.229932547 0.0151397511
v -0.170505449 0.230526537 0.00229930878
v -0.172218889 0.206698909 -0.00893032085
v -0.176810265 0.210711375 -0.0235184096
v -0.175520241 0.219040453 -0.0242849253
v -0.177295268 0.205717295 -0.038428124
v -0.17640312 0.207474872 -0.048817683
v -0.177549288 0.194887444 -0.0517188758
v -0.174542725 0.219442979 -0.0654343441
v -0.164346308 0.196489409 -0.0828618258
v -0.163781434 0.217101365 -0.0826566964
v -0.136507913 0.211649597 -0.0975270644
v -0.134091407 0.197161019 -0.0991589054
v -0.105547868 0.206083938 -0.102797426
v -0.105520129 0.197161332 -0.104585633
v -0.162657499 0.185338899 -0.0830496177
v -0.169141263 0.181994334 -0.0693117008
v -0.16587761 0.217002288 -0.0456361957
v -0.163336217 0.225540772 -0.0243647285
v -0.16514954 0.224454239 -0.0586714558
v -0.160921708 0.23849079 -5.0487517E-05
v -0.15622814 0.233342007 0.0186246876
v -0.139174923 0.169590026 0.0265420713
v -0.147087738 0.15378958 0.0188580882
v -0.131289095 0.15185459 0.0351670831
v -0.151247934 0.112380043 0.0429700278
v -0.161965907 0.111902922 9.32693456E-06
v -0.16853413 0.0755636543 0.00077398296
v -0.163529277 0.110922351 -0.0500909798
v -0.168670505 0.0293061063 -0.0504473299
v -0.16997093 0.0289172735 0.000798301655
v -0.169089809 0.0748040527 0.0368502401
v -0.171399832 0.029656142 0.0367498584
v -0.182711333 0.0554389544 0.107633077
v -0.167783692 0.0738851503 0.0800914019
v -0.187453613 0.0320800021 0.109337725
v -0.177112609 0.035562668 0.145303056
v -0.16674225 0.0628133342 0.133512154
v -0.134736165 0.0700977296 0.167256802
v -0.140069038 0.0412225723 0.190473214
v -0.105548173 0.0725407377 0.176470563
v -0.105548173 0.0437397361 0.204371721
v -0.130873442 0.0849160776 0.128060415
v -0.150002748 0.0822514892 0.112495691
v -0.105547905 0.085187532 0.131900549
v -0.130483091 0.0924448371 0.107382238
v -0.105548173 0.0924226716 0.109005295
v -0.155561104 0.0920875371 0.0650791377
v -0.130753443 0.102944031 0.0877857953
v -0.131105646 0.116757274 0.0711528212
v -0.105548128 0.116398849 0.0727217495
v -0.105547979 0.100523606 0.0902013555
v -0.153404504 0.102233753 0.054024525
v -0.131509781 0.132604957 0.0520700812
v -0.105548054 0.15188159 0.0399294086
v -0.10554821 0.132274047 0.055242233
v -0.0531275943 0.191488102 -0.0819439515
v -0.0492021926 0.18194221 -0.0726752207
v -0.0406624228 0.219442636 -0.0654344186
v -0.047952611 0.169590145 -0.0488178544
v -0.0388022587 0.207474977 -0.0488177203
v -0.0514233001 0.217101589 -0.0826569051
v -0.0786968991 0.211649314 -0.0975270793
v -0.0797972456 0.197217181 -0.0975041687
v -0.105547868 0.206083938 -0.102797426
v -0.105520129 0.197161332 -0.104585633
v -0.0528895184 0.169059783 -0.0728042573
v -0.0516403951 0.154082909 -0.0476880334
v -0.0651258454 0.154082835 -0.0774178952
v -0.0559392162 0.169197008 -0.08053644
v -0.0839716718 0.169589683 -0.0930912867
v -0.0943854153 0.154083014 -0.0873414427
v -0.082034491 0.173087314 -0.0936540291
v -0.0887082294 0.173293218 -0.0981723666
v -0.0581264868 0.154082984 -0.00212871539
v -0.0558479279 0.169589847 0.000486850739
v -0.06377922 0.16958946 0.0210541151
v -0.0485339351 0.229932621 0.0151399039
v -0.0446997806 0.230526686 0.00229938491
v -0.0518685132 0.225540727 -0.0181174465
v -0.0493270867 0.217002258 -0.0456364416
v -0.0542834476 0.238490894 -5.0487517E-05
v -0.0589771159 0.233342484 0.0186245609
v -0.0500556566 0.224454224 -0.0586716458
v -0.0760301203 0.169589952 0.0265417863
v -0.0726099014 0.222063094 -0.0799412206
v -0.105548091 0.211463109 -0.0902848393
v -0.0666111335 0.15401645 0.018660754
v -0.0805490091 0.151908368 0.0351710133
v -0.0589070506 0.112378307 0.0429673567
v -0.0492164977 0.111744232 -0.000841751054
v -0.0486380756 0.111270748 -0.0496176332
v -0.0474727638 0.0291127767 0.000729885069
v -0.0429147333 0.0292921439 -0.0495376401
v -0.0482304357 0.0741588175 0.0369248018
v -0.0537178777 0.0298202895 0.0364636406
v -0.0396858193 0.0542258807 0.0868823975
v -0.0362574756 0.0320096575 0.0896708667
v -0.0490970612 0.0617573522 0.132120237
v -0.0423457325 0.0356024168 0.144401625
v -0.0766558796 0.0698665977 0.166543111
v -0.0682905167 0.041513443 0.191997364
v -0.105548173 0.0725407377 0.176470563
v -0.105548173 0.0437397361 0.204371721
v -0.060934484 0.0815800056 0.110874839
v -0.045247037 0.0740731433 0.0764943883
v -0.081581153 0.0842012763 0.127424046
v -0.105547905 0.085187532 0.131900549
v -0.0555402748 0.0920878947 0.0650788844
v -0.081444703 0.102002978 0.0858180225
v -0.0816429108 0.0912536979 0.1048669
v -0.105548173 0.0924226716 0.109005295
v -0.0812008679 0.116001166 0.0695987716
v -0.105548128 0.116398849 0.0727217495
v -0.105547979 0.100523606 0.0902013555
v -0.0572237 0.102233082 0.0540231504
v -0.10554821 0.132274047 0.055242233
v -0.0809212103 0.132061005 0.0509906001
v -0.105548054 0.15188159 0.0399294086
v -0.134091407 0.197161019 -0.0991589054
v -0.133874476 0.174664021 -0.0941633806
v -0.121702991 0.17430073 -0.0989504904
v -0.162657499 0.185338899 -0.0830496177
v -0.159126997 0.169184685 -0.0808244124
v -0.115896337 0.171951249 -0.110981256
v -0.125616565 0.169243053 -0.0941517502
v -0.110853687 0.185613826 -0.110981293
v -0.169141263 0.181994334 -0.0693117008
v -0.105520129 0.197161332 -0.104585633
v -0.100143433 0.185613856 -0.11098133
v -0.0797972456 0.197217181 -0.0975041687
v -0.166728467 0.168548688 -0.0673765093
v -0.108360939 0.160705864 -0.110981256
v -0.116567075 0.154082909 -0.0874380544
v -0.105547786 0.147444755 -0.089038834
v -0.160388187 0.15788272 -0.0649136752
v -0.167870522 0.160891086 -0.0491115637
v -0.172611773 0.176354483 -0.051675953
v -0.102635995 0.160705671 -0.110981159
v -0.177549288 0.194887444 -0.0517188758
v -0.173085704 0.194262773 -0.0231371876
v -0.167373806 0.170484543 -0.0223492514
v -0.0943854153 0.154083014 -0.0873414427
v -0.0839716718 0.169589683 -0.0930912867
v -0.0951006711 0.171950981 -0.110981539
v -0.177295268 0.205717295 -0.038428124
v -0.0887082294 0.173293218 -0.0981723666
v -0.082034491 0.173087314 -0.0936540291
v -0.0531275943 0.191488102 -0.0819439515
v -0.0559392162 0.169197008 -0.08053644
v -0.16339694 0.189286873 0.000250549318
v -0.172218889 0.206698909 -0.00893032085
v -0.176810265 0.210711375 -0.0235184096
v -0.0492021926 0.18194221 -0.0726752207
v -0.0528895184 0.169059783 -0.0728042573
v -0.0951006711 0.171950981 -0.110981539
v -0.115896337 0.171951249 -0.110981256
v -0.102635995 0.160705671 -0.110981159
v -0.108360939 0.160705864 -0.110981256
v -0.100143433 0.185613856 -0.11098133
v -0.110853687 0.185613826 -0.110981293
v -0.116576724 0.220024645 0.0340689458
v -0.10554821 0.223853827 0.0375266075
v -0.112826005 0.216003418 0.0499075875
v -0.105547979 0.219235703 0.0499077775
v -0.115840718 0.208199739 0.0499077402
v -0.121537432 0.208199456 0.0327080339
v -0.116566844 0.196384862 0.0341158286
v -0.112826079 0.200395763 0.0499076247
v -0.105548054 0.192430586 0.0371545404
v -0.10554821 0.197163671 0.0499075502
v -0.0944448858 0.220104858 0.0337029435
v -0.098270148 0.216003567 0.0499075875
v -0.10554821 0.223853827 0.0375266075
v -0.105547979 0.219235703 0.0499077775
v -0.0952554718 0.208199799 0.0499076061
v -0.0894845203 0.208199471 0.0324492641
v -0.0945278183 0.196383566 0.0341083333
v -0.0982701853 0.200395942 0.0499076061
v -0.105548054 0.192430586 0.0371545404
v -0.10554821 0.197163671 0.0499075502
v -0.115840718 0.208199739 0.0499077402
v -0.112826005 0.216003418 0.0499075875
v -0.0952554718 0.208199799 0.0499076061
v -0.098270148 0.216003567 0.0499075875
v -0.105547979 0.219235703 0.0499077775
v -0.112826079 0.200395763 0.0499076247
v -0.0982701853 0.200395942 0.0499076061
v -0.10554821 0.197163671 0.0499075502
v -0.121537432 0.208199456 0.0327080339
v -0.15622814 0.233342007 0.0186246876
v -0.116576724 0.220024645 0.0340689458
v -0.105548017 0.238487959 0.0389434993
v -0.10554821 0.223853827 0.0375266075
v -0.160921708 0.23849079 -5.0487517E-05
v -0.105548054 0.2418309 0.029384803
v -0.157999411 0.248044774 -0.00980060548
v -0.163336217 0.225540772 -0.0243647285
v -0.139174923 0.169590026 0.0265420713
v -0.116566844 0.196384862 0.0341158286
v -0.105548128 0.167773828 0.0355614871
v -0.105548054 0.192430586 0.0371545404
v -0.131289095 0.15185459 0.0351670831
v -0.105548054 0.15188159 0.0399294086
v -0.0945278183 0.196383566 0.0341083333
v -0.105548128 0.167773828 0.0355614871
v -0.105548054 0.192430586 0.0371545404
v -0.0760301203 0.169589952 0.0265417863
v -0.0894845203 0.208199471 0.0324492641
v -0.0589771159 0.233342484 0.0186245609
v -0.0944448858 0.220104858 0.0337029435
v -0.105548017 0.238487959 0.0389434993
v -0.0542834476 0.238490894 -5.0487517E-05
v -0.10554821 0.223853827 0.0375266075
v -0.105548054 0.2418309 0.029384803
v -0.0596979111 0.248044759 -0.00980056729
v -0.0518685132 0.225540727 -0.0181174465
v -0.0805490091 0.151908368 0.0351710133
v -0.105548054 0.15188159 0.0399294086
v -0.142595485 0.222063169 -0.0799411759
v -0.105548091 0.211463109 -0.0902848393
v -0.0600096099 0.000369834888 0.0373792648
v -0.166098014 0.000368347159 0.0374062732
v -0.0387914255 0.000700798002 0.0899233818
v -0.186709061 0.000722427329 0.109513491
v -0.0423458852 0.00348857883 0.148152545
v -0.177112505 0.00342014316 0.148965254
v -0.138109088 0.0106292339 0.195891649
v -0.0703513324 0.010921821 0.197233275
v -0.105547786 0.0138632962 0.209624171
v -0.164461166 -0.000108108521 0.000834693899
v -0.0567107387 -0.000107383727 0.000869693758
v -0.164167434 0.000580787659 -0.0494691916
v -0.0488770269 0.000594291661 -0.0489359275
v -0.140747711 0.00157756801 -0.0884799585
v -0.0684229285 0.00160778046 -0.0888682231
v -0.105548091 0.00326774595 -0.0994427726
v -0.0362574756 0.0320096575 0.0896708667
v -0.0387914255 0.000700798002 0.0899233818
v -0.0423457325 0.0356024168 0.144401625
v -0.0423458852 0.00348857883 0.148152545
v -0.0682905167 0.041513443 0.191997364
v -0.0703513324 0.010921821 0.197233275
v -0.105548173 0.0437397361 0.204371721
v -0.105547786 0.0138632962 0.209624171
v -0.0537178777 0.0298202895 0.0364636406
v -0.0600096099 0.000369834888 0.0373792648
v -0.0567107387 -0.000107383727 0.000869693758
v -0.0474727638 0.0291127767 0.000729885069
v -0.0488770269 0.000594291661 -0.0489359275
v -0.0429147333 0.0292921439 -0.0495376401
v -0.0650041923 0.0296548828 -0.0885403007
v -0.0684229285 0.00160778046 -0.0888682231
v -0.105548091 0.0307112504 -0.10229174
v -0.105548091 0.00326774595 -0.0994427726
v -0.138109088 0.0106292339 0.195891649
v -0.177112505 0.00342014316 0.148965254
v -0.140069038 0.0412225723 0.190473214
v -0.177112609 0.035562668 0.145303056
v -0.105548173 0.0437397361 0.204371721
v -0.105547786 0.0138632962 0.209624171
v -0.187453613 0.0320800021 0.109337725
v -0.186709061 0.000722427329 0.109513491
v -0.171399832 0.029656142 0.0367498584
v -0.166098014 0.000368347159 0.0374062732
v -0.16997093 0.0289172735 0.000798301655
v -0.164461166 -0.000108108521 0.000834693899
v -0.164167434 0.000580787659 -0.0494691916
v -0.168670505 0.0293061063 -0.0504473299
v -0.144785032 0.0296397395 -0.0885282606
v -0.140747711 0.00157756801 -0.0884799585
v -0.105548091 0.0307112504 -0.10229174
v -0.105548091 0.00326774595 -0.0994427726
v -0.0650041923 0.0296548828 -0.0885403007
v -0.0613069534 0.111176834 -0.0789170861
v -0.0776444972 0.0809302852 -0.0922175273
v -0.105548054 0.107988358 -0.0937923715
v -0.105547786 0.147444755 -0.089038834
v -0.0822179392 0.0949782133 -0.0914728642
v -0.0896195993 0.117144279 -0.10948091
v -0.105548091 0.0307112504 -0.10229174
v -0.105548128 0.0808893591 -0.0996112972
v -0.105548054 0.120501325 -0.112211041
v -0.121176757 0.117144316 -0.109480895
v -0.0896195993 0.117144279 -0.10948091
v -0.105548054 0.107988358 -0.0937923715
v -0.121176757 0.117144316 -0.109480895
v -0.128840446 0.0949015021 -0.0918139368
v -0.151283562 0.110726848 -0.0792099684
v -0.105547786 0.147444755 -0.089038834
v -0.144785032 0.0296397395 -0.0885282606
v -0.133136824 0.0808532313 -0.0926166624
v -0.105548091 0.0307112504 -0.10229174
v -0.105548128 0.0808893591 -0.0996112972
v -0.105547905 0.177176505 -0.0252211764
v -0.0518685132 0.225540727 -0.0181174465
v -0.0596979111 0.248044759 -0.00980056729
v -0.0493270867 0.217002258 -0.0456364416
v -0.0500556566 0.224454224 -0.0586716458
v -0.0726099014 0.222063094 -0.0799412206
v -0.105548091 0.211463109 -0.0902848393
v -0.105548054 0.2418309 0.029384803
v -0.105548054 0.2418309 0.029384803
v -0.157999411 0.248044774 -0.00980060548
v -0.105547905 0.177176505 -0.0252211764
v -0.163336217 0.225540772 -0.0243647285
v -0.16587761 0.217002288 -0.0456361957
v -0.16514954 0.224454239 -0.0586714558
v -0.142595485 0.222063169 -0.0799411759
v -0.105548091 0.211463109 -0.0902848393
v -0.103665881 0.238804698 -0.0682803541
v -0.144960016 0.236837193 -0.0302466005
v -0.103397518 0.147088811 -0.0596254729
v -0.137585327 0.147084609 -0.0295451451
v -0.0731531531 0.147086412 -0.0290109254
v -0.06359905 0.237133667 -0.028870305
v -0.103397518 0.147088811 -0.0596254729
v -0.103665881 0.238804698 -0.0682803541
v -0.103065714 0.236468971 0.0168371387
v -0.06359905 0.237133667 -0.028870305
v -0.103643909 0.147085905 -0.00237339013
v -0.0731531531 0.147086412 -0.0290109254
v -0.137585327 0.147084609 -0.0295451451
v -0.144960016 0.236837193 -0.0302466005
v -0.103643909 0.147085905 -0.00237339013
v -0.103065714 0.236468971 0.0168371387
v -0.102623992 0.396477968 0.0393649265
v -0.0559185408 0.399282366 -0.0125610158
v -0.102680206 0.29607293 0.0296474826
v -0.0572279729 0.297180504 -0.0297363177
v -0.154849693 0.399010837 -0.019855747
v -0.149307102 0.295977682 -0.0306085106
v -0.105358712 0.401436687 -0.0688397586
v -0.10327404 0.299254239 -0.0755259097
v -0.0572279729 0.297180504 -0.0297363177
v -0.0559185408 0.399282366 -0.0125610158
v -0.103665881 0.238804698 -0.0682803541
v -0.144960016 0.236837193 -0.0302466005
v -0.103065714 0.236468971 0.0168371387
v -0.06359905 0.237133667 -0.028870305
v -0.06359905 0.237133667 -0.028870305
v -0.0553686693 0.435464233 -0.0110519445
v -0.102766417 0.435464025 0.0414767638
v -0.105654806 0.435464054 -0.0682159662
v -0.0553686693 0.435464233 -0.0110519445
v -0.15572916 0.435464084 -0.018516358
v 0.15743728 0.154082835 -0.00212835311
v 0.159761652 0.169589952 0.000487098674
v 0.167373881 0.170484543 -0.0223492999
v 0.16339691 0.189286917 0.000250606536
v 0.163564533 0.154083014 -0.047688026
v 0.167870402 0.160891026 -0.0491115376
v 0.160388187 0.157882646 -0.0649136454
v 0.150078878 0.154082641 -0.0774177462
v 0.159126967 0.169184685 -0.0808243528
v 0.125616536 0.169243053 -0.0941517651
v 0.116567075 0.154082939 -0.0874380469
v 0.133874506 0.174663991 -0.0941633806
v 0.121702954 0.17430073 -0.0989504904
v 0.151426315 0.169589311 0.0210540202
v 0.166671216 0.229932472 0.0151397511
v 0.170505524 0.230526537 0.00229936605
v 0.172218859 0.206698865 -0.00893030129
v 0.17681022 0.210711405 -0.023518391
v 0.175520316 0.219040453 -0.0242849346
v 0.177295297 0.20571731 -0.0384281538
v 0.17640312 0.207474738 -0.0488177277
v 0.177549288 0.194887429 -0.0517188236
v 0.174542695 0.219442904 -0.0654344261
v 0.164346308 0.196489438 -0.0828618482
v 0.16378136 0.217101395 -0.0826566964
v 0.136507794 0.211649626 -0.0975270942
v 0.134091333 0.197161138 -0.0991589352
v 0.105547868 0.206083909 -0.102797449
v 0.105520129 0.197161332 -0.104585648
v 0.16265747 0.185338855 -0.0830496326
v 0.169141233 0.181994364 -0.0693116859
v 0.16587764 0.217002258 -0.0456362143
v 0.163336217 0.225540772 -0.0243646801
v 0.165149495 0.224454224 -0.0586714633
v 0.160921708 0.23849079 -5.04493692E-05
v 0.156228259 0.233342096 0.0186247341
v 0.139174953 0.169589952 0.0265421104
v 0.147087708 0.153789625 0.0188580696
v 0.131289065 0.15185447 0.0351670831
v 0.151247934 0.112379991 0.0429700464
v 0.161965787 0.111902885 9.30786155E-06
v 0.16853416 0.075563699 0.000774002052
v 0.163529202 0.110922389 -0.0500909425
v 0.168670505 0.0293060299 -0.0504473671
v 0.16997093 0.0289172363 0.000798320747
v 0.169089884 0.0748040378 0.0368502401
v 0.171399921 0.0296562184 0.0367498957
v 0.182711408 0.0554388799 0.107633129
v 0.167783737 0.0738850757 0.0800913572
v 0.187453687 0.0320799239 0.109337687
v 0.177112505 0.035562668 0.145303071
v 0.166742399 0.0628132969 0.133512184
v 0.134736091 0.0700977668 0.167256773
v 0.140069038 0.0412226096 0.190473139
v 0.105548173 0.0725408122 0.176470518
v 0.105548173 0.0437398143 0.20437175
v 0.130873412 0.0849160403 0.128060371
v 0.150002748 0.0822515488 0.112495646
v 0.105547942 0.0851874501 0.131900594
v 0.130483165 0.0924447626 0.107382238
v 0.105548173 0.0924226344 0.109005317
v 0.155561134 0.092087552 0.0650791153
v 0.130753472 0.102944069 0.0877857208
v 0.153404608 0.102233768 0.0540245622
v 0.131105721 0.116757125 0.0711528361
v 0.105548017 0.116398849 0.0727217868
v 0.105547942 0.100523606 0.0902013779
v 0.131509781 0.132604942 0.0520701222
v 0.105548017 0.151881561 0.03992939
v 0.105548322 0.132273972 0.055242233
v 0.0531275943 0.191488072 -0.0819440037
v 0.0406625345 0.219442666 -0.0654344484
v 0.0492021926 0.181942254 -0.0726752281
v 0.047952652 0.169590101 -0.0488179214
v 0.0388022587 0.207474932 -0.0488177389
v 0.0514233373 0.217101589 -0.0826568976
v 0.0786970481 0.211649314 -0.0975270569
v 0.0797972828 0.197217092 -0.097504124
v 0.105547868 0.206083909 -0.102797449
v 0.105520129 0.197161332 -0.104585648
v 0.0528895557 0.169059753 -0.0728042796
v 0.0516404696 0.154082939 -0.0476880744
v 0.0651258081 0.154082865 -0.077417925
v 0.0559391789 0.169196934 -0.0805364996
v 0.083971709 0.169589683 -0.0930912495
v 0.0943854526 0.154083058 -0.0873414204
v 0.0820343792 0.173087224 -0.0936540216
v 0.0887081921 0.173293218 -0.0981724113
v 0.0581264496 0.154082984 -0.00212875358
v 0.0558479279 0.169589758 0.000486831646
v 0.06377922 0.169589534 0.0210540965
v 0.0485338978 0.229932666 0.0151399225
v 0.0446997806 0.23052673 0.00229936605
v 0.0518685132 0.225540772 -0.0181174465
v 0.0493270867 0.217002213 -0.0456364416
v 0.0542834476 0.238490939 -5.0487517E-05
v 0.0589770861 0.23334235 0.0186245721
v 0.0500556938 0.224454299 -0.0586716458
v 0.0760301203 0.169589952 0.0265417863
v 0.0726098642 0.222063094 -0.0799411982
v 0.105548091 0.211463124 -0.090284802
v 0.0666111708 0.154016525 0.018660754
v 0.0805490091 0.151908487 0.0351710506
v 0.0589070879 0.112378307 0.042967394
v 0.0492164604 0.111744195 -0.000841789239
v 0.0486381538 0.111270867 -0.049617596
v 0.0474727638 0.0291127395 0.000729866035
v 0.0429147333 0.0292922202 -0.0495375916
v 0.0482305139 0.0741587803 0.0369248204
v 0.0537178777 0.0298204031 0.0364636593
v 0.0396858975 0.0542258807 0.0868823826
v 0.0362575538 0.0320096575 0.0896707922
v 0.0490971357 0.061757315 0.132120207
v 0.0423457325 0.0356023796 0.14440158
v 0.0766558796 0.0698665231 0.166543156
v 0.0682906359 0.0415134802 0.191997334
v 0.105548173 0.0725408122 0.176470518
v 0.105548173 0.0437398143 0.20437175
v 0.060934674 0.0815800056 0.110874861
v 0.0452469625 0.0740731433 0.0764944404
v 0.0815810412 0.0842012763 0.127424121
v 0.105547942 0.0851874501 0.131900594
v 0.0555403121 0.0920878947 0.0650788322
v 0.0814446211 0.102002978 0.0858180597
v 0.0816428363 0.0912536979 0.104866944
v 0.105548173 0.0924226344 0.109005317
v 0.0812008679 0.116001129 0.0695988089
v 0.105548017 0.116398849 0.0727217868
v 0.105547942 0.100523606 0.0902013779
v 0.0572236627 0.102233082 0.0540231131
v 0.105548322 0.132273972 0.055242233
v 0.0809211731 0.132061034 0.0509905815
v 0.105548017 0.151881561 0.03992939
v 0.134091333 0.197161138 -0.0991589352
v 0.121702954 0.17430073 -0.0989504904
v 0.133874506 0.174663991 -0.0941633806
v 0.16265747 0.185338855 -0.0830496326
v 0.159126967 0.169184685 -0.0808243528
v 0.115896299 0.171951294 -0.110981241
v 0.125616536 0.169243053 -0.0941517651
v 0.110853724 0.185613856 -0.110981278
v 0.169141233 0.181994364 -0.0693116859
v 0.105520129 0.197161332 -0.104585648
v 0.100143582 0.185613826 -0.110981278
v 0.0797972828 0.197217092 -0.097504124
v 0.166728511 0.168548733 -0.0673765615
v 0.108360901 0.160705835 -0.110981271
v 0.116567075 0.154082939 -0.0874380469
v 0.105547786 0.1474448 -0.0890388489
v 0.160388187 0.157882646 -0.0649136454
v 0.167870402 0.160891026 -0.0491115376
v 0.172611684 0.176354557 -0.0516759306
v 0.102636032 0.160705641 -0.110981159
v 0.177549288 0.194887429 -0.0517188236
v 0.173085704 0.194262803 -0.0231372062
v 0.167373881 0.170484543 -0.0223492999
v 0.0943854526 0.154083058 -0.0873414204
v 0.083971709 0.169589683 -0.0930912495
v 0.0951006263 0.171950981 -0.110981554
v 0.177295297 0.20571731 -0.0384281538
v 0.0887081921 0.173293218 -0.0981724113
v 0.0820343792 0.173087224 -0.0936540216
v 0.0531275943 0.191488072 -0.0819440037
v 0.0559391789 0.169196934 -0.0805364996
v 0.16339691 0.189286917 0.000250606536
v 0.172218859 0.206698865 -0.00893030129
v 0.17681022 0.210711405 -0.023518391
v 0.0492021926 0.181942254 -0.0726752281
v 0.0528895557 0.169059753 -0.0728042796
v 0.0951006263 0.171950981 -0.110981554
v 0.102636032 0.160705641 -0.110981159
v 0.115896299 0.171951294 -0.110981241
v 0.108360901 0.160705835 -0.110981271
v 0.100143582 0.185613826 -0.110981278
v 0.110853724 0.185613856 -0.110981278
v 0.105547979 0.219235688 0.0499077402
v 0.105548248 0.223853871 0.0375266634
v 0.112826079 0.216003418 0.0499076247
v 0.116576687 0.220024556 0.034068983
v 0.115840681 0.208199799 0.0499077775
v 0.121537469 0.208199427 0.0327080525
v 0.116566919 0.196384802 0.0341158658
v 0.112826079 0.200395763 0.0499075688
v 0.105548091 0.192430601 0.0371544845
v 0.105548285 0.197163612 0.0499075316
v 0.0944449604 0.220104858 0.0337029435
v 0.105548248 0.223853871 0.0375266634
v 0.0982701108 0.216003567 0.0499076247
v 0.105547979 0.219235688 0.0499077402
v 0.095255509 0.208199769 0.0499076657
v 0.0894845575 0.208199501 0.0324492827
v 0.0945278183 0.196383581 0.0341083147
v 0.0982701108 0.200395882 0.0499077216
v 0.105548091 0.192430601 0.0371544845
v 0.105548285 0.197163612 0.0499075316
v 0.115840681 0.208199799 0.0499077775
v 0.095255509 0.208199769 0.0499076657
v 0.112826079 0.216003418 0.0499076247
v 0.0982701108 0.216003567 0.0499076247
v 0.105547979 0.219235688 0.0499077402
v 0.112826079 0.200395763 0.0499075688
v 0.0982701108 0.200395882 0.0499077216
v 0.105548285 0.197163612 0.0499075316
v 0.121537469 0.208199427 0.0327080525
v 0.116576687 0.220024556 0.034068983
v 0.156228259 0.233342096 0.0186247341
v 0.105548173 0.238487959 0.0389435366
v 0.105548248 0.223853871 0.0375266634
v 0.160921708 0.23849079 -5.04493692E-05
v 0.105548091 0.2418309 0.0293848217
v 0.157999411 0.248044699 -0.00980062503
v 0.163336217 0.225540772 -0.0243646801
v 0.139174953 0.169589952 0.0265421104
v 0.116566919 0.196384802 0.0341158658
v 0.105548248 0.167773858 0.0355614498
v 0.105548091 0.192430601 0.0371544845
v 0.131289065 0.15185447 0.0351670831
v 0.105548017 0.151881561 0.03992939
v 0.0945278183 0.196383581 0.0341083147
v 0.105548091 0.192430601 0.0371544845
v 0.105548248 0.167773858 0.0355614498
v 0.0760301203 0.169589952 0.0265417863
v 0.0894845575 0.208199501 0.0324492827
v 0.0589770861 0.23334235 0.0186245721
v 0.0944449604 0.220104858 0.0337029435
v 0.105548173 0.238487959 0.0389435366
v 0.0542834476 0.238490939 -5.0487517E-05
v 0.105548248 0.223853871 0.0375266634
v 0.105548091 0.2418309 0.0293848217
v 0.0596979111 0.248044729 -0.00980051048
v 0.0518685132 0.225540772 -0.0181174465
v 0.0805490091 0.151908487 0.0351710506
v 0.105548017 0.151881561 0.03992939
v 0.142595515 0.222063094 -0.0799412057
v 0.105548091 0.211463124 -0.090284802
v 0.0600096881 0.000369682297 0.0373793021
v 0.0387915038 0.000700836186 0.0899233967
v 0.166098014 0.000368270878 0.0374062732
v 0.186709136 0.000722427329 0.109513506
v 0.0423458852 0.00348861679 0.14815262
v 0.177112579 0.00342010497 0.148965299
v 0.138109133 0.0106292721 0.195891649
v 0.0703513324 0.010921821 0.19723323
v 0.105547868 0.0138632199 0.209624171
v 0.164461136 -0.000108108521 0.000834693899
v 0.0567107387 -0.000107345579 0.000869731884
v 0.164167404 0.000580825785 -0.0494691841
v 0.0488771051 0.000594329846 -0.048935879
v 0.140747756 0.00157768244 -0.0884799063
v 0.0684229285 0.0016078949 -0.0888681933
v 0.105548173 0.00326774595 -0.0994427502
v 0.0362575538 0.0320096575 0.0896707922
v 0.0423457325 0.0356023796 0.14440158
v 0.0387915038 0.000700836186 0.0899233967
v 0.0423458852 0.00348861679 0.14815262
v 0.0682906359 0.0415134802 0.191997334
v 0.0703513324 0.010921821 0.19723323
v 0.105548173 0.0437398143 0.20437175
v 0.105547868 0.0138632199 0.209624171
v 0.0537178777 0.0298204031 0.0364636593
v 0.0600096881 0.000369682297 0.0373793021
v 0.0567107387 -0.000107345579 0.000869731884
v 0.0474727638 0.0291127395 0.000729866035
v 0.0488771051 0.000594329846 -0.048935879
v 0.0429147333 0.0292922202 -0.0495375916
v 0.0650042072 0.0296549257 -0.0885402933
v 0.0684229285 0.0016078949 -0.0888681933
v 0.105548091 0.0307112113 -0.102291793
v 0.105548173 0.00326774595 -0.0994427502
v 0.138109133 0.0106292721 0.195891649
v 0.140069038 0.0412226096 0.190473139
v 0.177112579 0.00342010497 0.148965299
v 0.177112505 0.035562668 0.145303071
v 0.105548173 0.0437398143 0.20437175
v 0.105547868 0.0138632199 0.209624171
v 0.187453687 0.0320799239 0.109337687
v 0.186709136 0.000722427329 0.109513506
v 0.171399921 0.0296562184 0.0367498957
v 0.166098014 0.000368270878 0.0374062732
v 0.16997093 0.0289172363 0.000798320747
v 0.164461136 -0.000108108521 0.000834693899
v 0.164167404 0.000580825785 -0.0494691841
v 0.168670505 0.0293060299 -0.0504473671
v 0.144785076 0.0296396632 -0.088528268
v 0.140747756 0.00157768244 -0.0884799063
v 0.105548091 0.0307112113 -0.102291793
v 0.105548173 0.00326774595 -0.0994427502
v 0.0650042072 0.0296549257 -0.0885402933
v 0.0776444972 0.0809302106 -0.0922175199
v 0.0613069907 0.111176796 -0.0789171234
v 0.105548017 0.107988358 -0.0937923491
v 0.105547786 0.1474448 -0.0890388489
v 0.0822180137 0.0949781761 -0.0914728492
v 0.0896195993 0.117144279 -0.10948094
v 0.105548091 0.0307112113 -0.102291793
v 0.105548091 0.0808893219 -0.0996112972
v 0.105548017 0.120501287 -0.112211019
v 0.121176757 0.117144279 -0.109480895
v 0.105548017 0.107988358 -0.0937923491
v 0.0896195993 0.117144279 -0.10948094
v 0.121176757 0.117144279 -0.109480895
v 0.128840402 0.0949014276 -0.0918139443
v 0.151283562 0.110726774 -0.0792099684
v 0.105547786 0.1474448 -0.0890388489
v 0.144785076 0.0296396632 -0.088528268
v 0.133136824 0.0808533058 -0.0926166996
v 0.105548091 0.0307112113 -0.102291793
v 0.105548091 0.0808893219 -0.0996112972
v 0.105547868 0.17717655 -0.0252212323
v 0.0596979111 0.248044729 -0.00980051048
v 0.0518685132 0.225540772 -0.0181174465
v 0.0493270867 0.217002213 -0.0456364416
v 0.0500556938 0.224454299 -0.0586716458
v 0.0726098642 0.222063094 -0.0799411982
v 0.105548091 0.211463124 -0.090284802
v 0.105548091 0.2418309 0.0293848217
v 0.105548091 0.2418309 0.0293848217
v 0.105547868 0.17717655 -0.0252212323
v 0.157999411 0.248044699 -0.00980062503
v 0.163336217 0.225540772 -0.0243646801
v 0.16587764 0.217002258 -0.0456362143
v 0.165149495 0.224454224 -0.0586714633
v 0.142595515 0.222063094 -0.0799412057
v 0.105548091 0.211463124 -0.090284802
v 0.154849738 0.399010807 -0.0198557284
v 0.10535869 0.401436657 -0.0688397735
v 0.149307013 0.295977652 -0.0306085013
v 0.10327404 0.299254298 -0.0755258948
v 0.0572278947 0.297180504 -0.029736327
v 0.0559185408 0.399282396 -0.0125610726
v 0.10268005 0.29607287 0.029647503
v 0.102623977 0.396477908 0.0393648893
v 0.0559185408 0.399282396 -0.0125610726
v 0.0572278947 0.297180504 -0.029736327
v 0.103665918 0.238804698 -0.0682803243
v 0.144959942 0.236837149 -0.0302466191
v 0.103065677 0.236468956 0.0168371778
v 0.0635990873 0.237133667 -0.0288702957
v 0.0635990873 0.237133667 -0.0288702957
v 0.0553686135 0.435464025 -0.0110519594
v 0.102766417 0.435464054 0.0414767265
v 0.105654754 0.435464084 -0.0682159439
v 0.0553686135 0.435464025 -0.0110519594
v 0.155729249 0.435464323 -0.018516399
v 0.103665918 0.238804698 -0.0682803243
v 0.103397593 0.147088811 -0.0596254542
v 0.144959942 0.236837149 -0.0302466191
v 0.137585372 0.147084609 -0.0295451544
v 0.103665918 0.238804698 -0.0682803243
v 0.0635990873 0.237133667 -0.0288702957
v 0.103397593 0.147088811 -0.0596254542
v 0.0731530711 0.147086412 -0.0290109441
v 0.103065677 0.236468956 0.0168371778
v 0.103643946 0.147085905 -0.00237348559
v 0.0635990873 0.237133667 -0.0288702957
v 0.0731530711 0.147086412 -0.0290109441
v 0.103065677 0.236468956 0.0168371778
v 0.144959942 0.236837149 -0.0302466191
v 0.103643946 0.147085905 -0.00237348559
v 0.137585372 0.147084609 -0.0295451544
v -0.572721899 1.15933418 0.000101022721
v -0.561324477 1.15876961 -5.08499143E-05
v -0.572719812 1.16364372 -0.0203832723
v -0.561324358 1.16271198 -0.0213110726
v -0.572706044 1.16701412 0.0229023453
v -0.561324358 1.16767287 0.023087997
v -0.572701097 1.18853378 0.0238246713
v -0.561324358 1.18981183 0.0236997399
v -0.572719872 1.20315409 0.00260740286
v -0.561324477 1.20383036 0.00154880516
v -0.572720766 1.19800246 -0.0217186939
v -0.561324358 1.19823349 -0.0233181491
v -0.572686672 1.18085599 -0.0332393795
v -0.561324298 1.18068445 -0.0347755849
v -0.561324358 1.16271198 -0.0213110726
v -0.572719812 1.16364372 -0.0203832723
v -0.599870205 1.16748214 0.0422901325
v -0.596776009 1.14738798 0.0366837978
v -0.627233803 1.14857423 0.0480689406
v -0.614358425 1.1375705 0.0418486968
v -0.572706044 1.16701412 0.0229023453
v -0.572701097 1.18853378 0.0238246713
v -0.603339553 1.18963623 0.0282804389
v -0.605663002 1.20309651 0.0033340978
v -0.572719872 1.20315409 0.00260740286
v -0.60798645 1.19615781 -0.0328838192
v -0.572720766 1.19800246 -0.0217186939
v -0.609729052 1.17796373 -0.0458943024
v -0.572686672 1.18085599 -0.0332393795
v -0.662908912 1.19297934 0.00297864433
v -0.66141057 1.18395364 0.0369198136
v -0.652940333 1.1881038 -0.0338007212
v -0.633199573 1.173226 0.0428915396
v -0.677696347 1.17619741 -0.0169513524
v -0.668005824 1.17135561 -0.0453571416
v -0.69120729 1.16047204 -0.0172458328
v -0.673957229 1.1555804 -0.0401432142
v -0.648385584 1.17267513 -0.0492418557
v -0.623581052 1.15942943 -0.0307467841
v -0.609300077 1.16000736 -0.0289417971
v -0.572719812 1.16364372 -0.0203832723
v -0.649947941 1.16070139 -0.0359448418
v -0.6288836 1.14379632 -0.0284062475
v -0.655579984 1.1413151 -0.0310879052
v -0.673957229 1.1555804 -0.0401432142
v -0.684168756 1.17711031 0.0123317903
v -0.683164001 1.17343247 0.0344780907
v -0.670511603 1.14290702 0.0347681306
v -0.701739967 1.16257107 0.0109075401
v -0.691844106 1.13979161 -0.0159285404
v -0.69671309 1.14023614 0.00816183072
v -0.709040046 1.11742914 0.0118897958
v -0.676604986 1.12073576 0.0114845317
v -0.66619122 1.12615287 -0.0140056321
v -0.655579984 1.1413151 -0.0310879052
v -0.63367492 1.12692511 -0.00903248321
v -0.6288836 1.14379632 -0.0284062475
v -0.632323503 1.14275026 0.0102701904
v -0.639469802 1.12152445 0.0164677333
v -0.685423017 1.115839 0.0167885926
v -0.663373172 1.10489202 0.0186825227
v -0.641687989 1.12165773 0.0334357359
v -0.666441619 1.10430121 0.0352515019
v -0.710425854 1.11675894 0.0275519416
v -0.687041104 1.11501145 0.0295759104
v -0.703559756 1.15871799 0.0320364088
v -0.687041104 1.11501145 0.0295759104
v -0.61543417 1.1373713 0.0227086917
v -0.605044305 1.14977837 0.0163576882
v -0.596776009 1.14738798 0.0366837978
v -0.614358425 1.1375705 0.0418486968
v -0.666441619 1.10430121 0.0352515019
v -0.641687989 1.12165773 0.0334357359
v -0.572721899 1.15933418 0.000101022721
v -0.572706044 1.16701412 0.0229023453
v -0.609300077 1.16000736 -0.0289417971
v -0.572719812 1.16364372 -0.0203832723
v -0.623581052 1.15942943 -0.0307467841
v -0.535574734 1.20535851 -0.000843210204
v -0.535575092 1.19875562 -0.0269318838
v -0.434583724 1.21135056 -0.0102235032
v -0.434118629 1.20080233 -0.0411038995
v -0.434858382 1.20404792 0.0223085023
v -0.535565913 1.19270599 0.0234169383
v -0.434530854 1.17500496 0.0251545906
v -0.535568237 1.16916323 0.0235080719
v -0.434808791 1.15249062 -0.00173984526
v -0.535575569 1.15749383 -0.000394067756
v -0.535574555 1.16060627 -0.0234076735
v -0.435074538 1.15234888 -0.0316293836
v -0.535559297 1.18029535 -0.0382591747
v -0.43437767 1.1787709 -0.0519051552
v -0.435074538 1.15234888 -0.0316293836
v -0.535574555 1.16060627 -0.0234076735
v -0.561324477 1.20383036 0.00154880516
v -0.561324358 1.19823349 -0.0233181491
v -0.550011337 1.20450175 0.000497856119
v -0.550011516 1.19846296 -0.0249058437
v -0.550006092 1.19108331 0.0235754866
v -0.561324358 1.18981183 0.0236997399
v -0.550007463 1.16832793 0.0232725907
v -0.561324358 1.16767287 0.023087997
v -0.550011754 1.15820885 -0.000201635354
v -0.561324477 1.15876961 -5.08499143E-05
v -0.561324358 1.16271198 -0.0213110726
v -0.550011098 1.16178691 -0.0222321693
v -0.561324298 1.18068445 -0.0347755849
v -0.550001979 1.18051338 -0.0363064669
v -0.550011098 1.16178691 -0.0222321693
v -0.561324358 1.16271198 -0.0213110726
v 0.572722018 1.15933406 0.00010105133
v 0.572719693 1.16364372 -0.0203832425
v 0.564447999 1.1589241 -9.2697137E-06
v 0.564447701 1.16296732 -0.0210567657
v 0.572705984 1.16701424 0.0229024123
v 0.564446568 1.16749215 0.0230371859
v 0.572700918 1.18853354 0.023824729
v 0.564446449 1.18946099 0.0237340163
v 0.572719812 1.20315385 0.0026073074
v 0.564447939 1.20364475 0.00183895102
v 0.572720647 1.19800258 -0.0217187107
v 0.564447582 1.19817019 -0.0228797328
v 0.572686613 1.18085599 -0.0332393274
v 0.564444482 1.18073153 -0.0343536735
v 0.564447701 1.16296732 -0.0210567657
v 0.572719693 1.16364372 -0.0203832425
v 0.535574555 1.20535827 -0.000843124348
v 0.535574973 1.19875538 -0.0269318949
v 0.535565734 1.19270587 0.0234170519
v 0.535568178 1.16916323 0.0235081483
v 0.53557539 1.15749371 -0.000393943774
v 0.535574675 1.16060627 -0.0234075915
v 0.535574675 1.16060627 -0.0234075915
v 0.535559118 1.18029535 -0.0382590666
v 0.599870324 1.16748214 0.0422901921
v 0.627233624 1.14857423 0.0480690002
v 0.596776009 1.1473881 0.036683768
v 0.614358485 1.1375705 0.0418487936
v 0.572705984 1.16701424 0.0229024123
v 0.572700918 1.18853354 0.023824729
v 0.603339612 1.18963599 0.0282803345
v 0.605662763 1.20309651 0.00333419791
v 0.572719812 1.20315385 0.0026073074
v 0.607986271 1.19615781 -0.0328837968
v 0.572720647 1.19800258 -0.0217187107
v 0.609728992 1.17796373 -0.0458943173
v 0.572686613 1.18085599 -0.0332393274
v 0.662908673 1.19297922 0.00297870627
v 0.661410511 1.18395376 0.0369198583
v 0.652940214 1.18810368 -0.0338006206
v 0.633199573 1.17322588 0.0428916141
v 0.677696049 1.17619729 -0.0169514455
v 0.668005824 1.17135561 -0.0453571677
v 0.69120717 1.16047192 -0.0172457881
v 0.673957229 1.15558052 -0.040143203
v 0.648385763 1.17267513 -0.0492417887
v 0.623581052 1.15942943 -0.0282951165
v 0.609300017 1.16000688 -0.0289418027
v 0.572719693 1.16364372 -0.0203832425
v 0.649947822 1.16070127 -0.0346035585
v 0.628883779 1.14379621 -0.0284062568
v 0.655579746 1.14131498 -0.0310878754
v 0.673957229 1.15558052 -0.040143203
v 0.684168518 1.17711043 0.012331848
v 0.68316406 1.17343271 0.0344780348
v 0.670511782 1.14290702 0.0347680673
v 0.701739848 1.16257095 0.0109075541
v 0.691844165 1.13979149 -0.0159284975
v 0.655579746 1.14131498 -0.0310878754
v 0.666191161 1.12615275 -0.0140055846
v 0.63367492 1.12692499 -0.00903247856
v 0.628883779 1.14379621 -0.0284062568
v 0.632323444 1.14275026 0.0102701569
v 0.639469802 1.12152445 0.0164677799
v 0.69671303 1.14023614 0.00816184934
v 0.709040225 1.11742914 0.0118898768
v 0.676604748 1.12073565 0.0114845652
v 0.685422897 1.115839 0.0167885963
v 0.663373232 1.10489213 0.0186825935
v 0.641687751 1.12165773 0.0334356688
v 0.666441321 1.1043011 0.0352514274
v 0.710425854 1.11675894 0.027552031
v 0.687041163 1.11501157 0.0295758434
v 0.703559697 1.15871775 0.0320364386
v 0.687041163 1.11501157 0.0295758434
v 0.61543417 1.13737118 0.0227086637
v 0.614358485 1.1375705 0.0418487936
v 0.596776009 1.1473881 0.036683768
v 0.605044186 1.14977837 0.0163577273
v 0.666441321 1.1043011 0.0352514274
v 0.641687751 1.12165773 0.0334356688
v 0.623581052 1.15942943 -0.0282951165
v 0.609300017 1.16000688 -0.0289418027
v 0.572722018 1.15933406 0.00010105133
v 0.572705984 1.16701424 0.0229024123
v 0.572719693 1.16364372 -0.0203832425
v 0.434118539 1.20080233 -0.0411038212
v 0.535574973 1.19875538 -0.0269318949
v 0.434583604 1.21135044 -0.010223465
v 0.535574555 1.20535827 -0.000843124348
v 0.434858352 1.20404816 0.0223085787
v 0.535565734 1.19270587 0.0234170519
v 0.434530795 1.17500508 0.0251545701
v 0.535568178 1.16916323 0.0235081483
v 0.43480888 1.15249074 -0.00173976889
v 0.53557539 1.15749371 -0.000393943774
v 0.535574675 1.16060627 -0.0234075915
v 0.435074329 1.152349 -0.0316293314
v 0.535559118 1.18029535 -0.0382590666
v 0.43437767 1.17877078 -0.0519051924
v 0.435074329 1.152349 -0.0316293314
v 0.535574675 1.16060627 -0.0234075915
v -0.550011337 1.20450175 0.000497856119
v -0.550011516 1.19846296 -0.0249058437
v -0.535574734 1.20535851 -0.000843210204
v -0.535575092 1.19875562 -0.0269318838
v -0.550001979 1.18051338 -0.0363064669
v -0.535559297 1.18029535 -0.0382591747
v -0.535574555 1.16060627 -0.0234076735
v -0.550011098 1.16178691 -0.0222321693
v -0.535565913 1.19270599 0.0234169383
v -0.550006092 1.19108331 0.0235754866
v -0.535568237 1.16916323 0.0235080719
v -0.550007463 1.16832793 0.0232725907
v -0.535575569 1.15749383 -0.000394067756
v -0.550011754 1.15820885 -0.000201635354
v -0.550011098 1.16178691 -0.0222321693
v -0.535574555 1.16060627 -0.0234076735
v 0.142730653 0.959333003 -0.236697748
v 0.142730772 0.884571135 -0.236698389
v 0.169874758 0.959332943 -0.236697301
v 0.169874951 0.884570956 -0.236698091
v -0.169871956 0.959332883 -0.236702368
v -0.16987215 0.884571075 -0.236703202
v -0.142727882 0.959333003 -0.23670207
v -0.14272809 0.884571075 -0.23670274
v -0.0966185555 1.49342799 0.0239043664
v -0.0915324017 1.42450941 0.0210969355
v -0.101710744 1.42669356 0.015397815
v -0.108556688 1.4415673 -0.0290253684
v -0.103802085 1.4840889 -0.0384772494
v -0.101602055 1.40385175 0.0107918084
v -0.0927675739 1.40306091 0.0165298413
v -0.105192766 1.40922773 -0.0114081539
v -0.0961157456 1.37880933 -0.00460067252
v -0.100585975 1.38052523 -0.0208597947
v -0.116689287 1.38569438 -0.0358822532
v -0.113585085 1.41480386 -0.0284761284
v -0.0946634859 1.35717356 -0.0220339075
v -0.112326115 1.36351562 -0.0422737151
v -0.0953400582 1.38770962 0.00815603603
v -0.0844057798 1.34341335 -0.00827424508
v -0.0920849368 1.38397431 -0.0208722632
v -0.101079717 1.36744332 -0.0583708286
v -0.090035446 1.38639033 -0.0232745316
v -0.103316829 1.47969341 -0.0620594025
v -0.111814603 1.44883049 -0.0306248181
v -0.12507008 1.40650129 -0.02647244
v -0.0889277905 1.38152289 -0.0235094726
v -0.0752186626 1.31955123 -0.0406321362
v -0.0857998431 1.3252902 -0.0248485599
v -0.076456137 1.29060662 -0.0496846624
v -0.0710336566 1.31183159 -0.0232596248
v -0.0857959539 1.34168923 -0.0371272713
v -0.0946634859 1.35717356 -0.0220339075
v -0.104766987 1.34598231 -0.0470871069
v -0.0860168263 1.30409622 -0.0729186609
v -0.0807655528 1.34170604 -0.0373786613
v -0.095730938 1.353526 -0.062219698
v -0.112326115 1.36351562 -0.0422737151
v -0.0844057798 1.34341335 -0.00827424508
v -0.101079717 1.36744332 -0.0583708286
v -0.0752186626 1.31955123 -0.0406321362
v -0.076456137 1.29060662 -0.0496846624
v -0.0710336566 1.31183159 -0.0232596248
v -0.0807655528 1.34170604 -0.0373786613
v -0.0844057798 1.34341335 -0.00827424508
v -0.0867147967 1.36083436 -0.031055931
v -0.095730938 1.353526 -0.062219698
v -0.0860168263 1.30409622 -0.0729186609
v -0.101079717 1.36744332 -0.0583708286
v -0.0920849368 1.38397431 -0.0208722632
v -0.0902904868 1.38153791 -0.0110524911
v -0.0953400582 1.38770962 0.00815603603
v -0.12282519 1.37215161 -0.0327174626
v -0.133636564 1.40071177 -0.0246736091
v -0.121938452 1.38193464 -0.0347563773
v -0.111479245 1.35421419 -0.0720096901
v -0.123581387 1.33975673 -0.0243994519
v -0.139023885 1.37646616 -0.0240561571
v -0.135447681 1.34253216 -0.0205115955
v -0.11852885 1.30051601 -0.0224576462
v -0.11822506 1.33737731 -0.0396966599
v -0.12507008 1.40650129 -0.02647244
v -0.0889277905 1.38152289 -0.0235094726
v -0.12507008 1.40650129 -0.02647244
v -0.0889277905 1.38152289 -0.0235094726
v -0.121938452 1.38193464 -0.0347563773
v -0.11822506 1.33737731 -0.0396966599
v -0.130700409 1.33875084 -0.0376817212
v -0.11852885 1.30051601 -0.0224576462
v -0.135447681 1.34253216 -0.0205115955
v -0.139023885 1.37646616 -0.0240561571
v -0.131316319 1.38687706 -0.0543562323
v -0.133636564 1.40071177 -0.0246736091
v -0.111479245 1.35421419 -0.0720096901
v -0.111345172 1.43682432 -0.0635669529
v -0.120963387 1.44869041 -0.0469242223
v -0.112680569 1.48072219 -0.0593942516
v -0.114153497 1.49067211 -0.0520579703
v -0.126376584 1.45932245 -0.0297057834
v -0.115552902 1.48740542 -0.0317435674
v -0.0772070363 1.53943002 -0.0389806964
v -0.168687075 1.46710455 -0.057387352
v -0.168220401 1.47375488 -0.0536121577
v -0.189007625 1.47672284 -0.0566476136
v -0.169447705 1.47050261 -0.0472237915
v -0.134402096 1.47314882 -0.0538676158
v -0.137657836 1.48637891 -0.0454965569
v -0.114153497 1.49067211 -0.0520579703
v -0.116664112 1.50437009 -0.0405845195
v -0.136602208 1.47995627 -0.0339435712
v -0.110864237 1.50330329 -0.0257027429
v -0.0772070363 1.53943002 -0.0389806964
v -0.0716245994 1.53906298 -0.00882073399
v -0.101963736 1.49573421 0.0228292309
v -0.132221252 1.46855891 -0.0094398763
v -0.0632228702 1.53716123 0.0142401215
v -0.0231458992 1.55418825 0.00710446993
v -0.0270357989 1.56150627 -0.0199915767
v -0.115552902 1.48740542 -0.0317435674
v -0.126376584 1.45932245 -0.0297057834
v -0.157255322 1.42736292 -0.0230731908
v -0.136119679 1.43565798 0.000755126472
v -0.120886751 1.46116769 0.0170650054
v -0.149498016 1.42758608 -0.0393374823
v -0.151185021 1.40462005 -0.0193468668
v -0.169590369 1.38028634 -0.0425134264
v -0.164349407 1.38333678 -0.0536195375
v -0.15662922 1.35169864 -0.0564092323
v -0.156090513 1.35366559 -0.0612282827
v -0.136514246 1.40703154 -0.0111321099
v -0.139844522 1.39937866 -0.0270058811
v -0.15895009 1.37854517 -0.0380799845
v -0.152964219 1.37808943 -0.0438033529
v -0.151819333 1.35390937 -0.0506951846
v -0.147446647 1.35694242 -0.0539922416
v -0.140768871 1.34797442 -0.0543190688
v -0.140429854 1.3531785 -0.0552145168
v -0.139318869 1.35039878 -0.05966134
v -0.131795436 1.35410392 -0.055777587
v 8.54525305E-12 1.56302452 -0.0303045474
v 0.00732759479 1.55756271 -0.0162085649
v -0.0270357989 1.56150627 -0.0199915767
v 7.45139644E-11 1.55569053 -0.106574088
v 0.046211265 1.55626798 -0.0451936461
v 0.0114179468 1.55205309 -0.11114496
v -0.0242987312 1.54771054 -0.119780406
v -0.0214389414 1.5269134 -0.13580136
v -0.0102022411 1.5311166 -0.138547421
v -7.44977482E-11 1.53100884 -0.136918679
v -0.0504366755 1.51105678 -0.137503475
v -0.0300955698 1.51307762 -0.141435251
v -0.0384207703 1.49436259 -0.150758028
v -0.0763069764 1.46670878 -0.155836806
v -0.0586140491 1.45294869 -0.161521792
v -0.0940637216 1.4165715 -0.158262104
v -0.0767538324 1.40816617 -0.161475375
v -0.0727627948 1.33141494 -0.134604126
v -0.100638062 1.42207551 -0.129231483
v -0.0873032138 1.47577584 -0.119906977
v -0.0625316501 1.51640821 -0.103179663
v -0.0139668584 1.50142193 -0.165452167
v 2.02942574E-09 1.49372542 -0.158141404
v -0.00281566498 1.46940196 -0.170664743
v -0.0179027487 1.47082579 -0.181547239
v -0.0122044897 1.44363689 -0.182096422
v -0.025789937 1.49647427 -0.157815546
v -0.0327187069 1.4675138 -0.173548728
v -0.0271055643 1.44392586 -0.191902459
v -0.0416087769 1.4454658 -0.186091498
v -0.0518849902 1.44603801 -0.195154339
v -0.0462122373 1.43733227 -0.198993266
v -0.0320857242 1.43083096 -0.188309029
v 0.0286367033 1.50146508 -0.164847478
v 0.0217908751 1.53271174 -0.139225513
v 0.0418898799 1.51374173 -0.139180332
v 0.034512911 1.53611267 -0.112360418
v 0.0450624116 1.49501967 -0.152042896
v 0.035250511 1.45758057 -0.176566228
v 0.0132232802 1.45510602 -0.173106879
v 0.0328543112 1.38456249 -0.177823216
v 0.0436314866 1.38583732 -0.177338019
v 0.0353786312 1.34688473 -0.16314058
v 0.0508535281 1.38689542 -0.169666782
v 0.048802413 1.45711112 -0.163692325
v 0.0488216877 1.51412857 -0.125087023
v 0.0544361956 1.54503226 -0.0828220695
v 0.0714748278 1.51355982 -0.119366899
v 0.057577122 1.4971621 -0.140295401
v 0.0906652212 1.47100353 -0.140457436
v 0.0708311647 1.46127832 -0.150402576
v 0.0981542468 1.39241028 -0.150338203
v 0.0835798904 1.38875139 -0.155066565
v 0.0872034356 1.34490204 -0.138333321
v 0.100829691 1.39519584 -0.133755013
v 0.0943956897 1.4718467 -0.11966379
v 0.08180435 1.51479256 -0.0984701738
v 0.0903742835 1.52161407 -0.0692978576
v 0.104556739 1.45481002 -0.0917141289
v 0.108809404 1.4587729 -0.0625518262
v 0.107992172 1.37767458 -0.0914383307
v 0.111723036 1.36746001 -0.068281889
v 0.0877239555 1.42666197 -0.128170565
v 0.090282999 1.36670423 -0.119230516
v 0.103438035 1.33297515 -0.101840839
v 0.113457456 1.33336532 -0.0884478912
v 0.0806604773 1.34772611 -0.114527479
v 0.0981807411 1.31814551 -0.0812951997
v 0.130271897 1.30411041 -0.0807866827
v 0.11919298 1.34413469 -0.0876279026
v 0.130818188 1.32316363 -0.0970949084
v 0.117913939 1.34418702 -0.0790760592
v 0.0872571096 1.46675289 -0.117352732
v 0.111077391 1.33452249 -0.0813988745
v 0.0971963108 1.51375735 -0.051180914
v -0.189007625 1.47672284 -0.0566476136
v -0.170080423 1.46487176 -0.049581375
v -0.168687075 1.46710455 -0.057387352
v -0.169447705 1.47050261 -0.0472237915
v -0.135494292 1.46870232 -0.0369634107
v -0.136602208 1.47995627 -0.0339435712
v -0.115552902 1.48740542 -0.0317435674
v -0.134402096 1.47314882 -0.0538676158
v -0.114153497 1.49067211 -0.0520579703
v -0.110864237 1.50330329 -0.0257027429
v -0.0799658597 1.25178552 -0.0105059668
v -0.117753148 1.33948314 -0.0229549538
v -0.117687777 1.34043908 0.00264748093
v -0.0961432531 1.34335923 0.0225368924
v -0.132173657 1.41351724 0.0137790674
v -0.116167717 1.43234301 0.0263163205
v -0.136514246 1.40703154 -0.0111321099
v -0.120886751 1.46116769 0.0170650054
v -0.101963736 1.49573421 0.0228292309
v -0.136119679 1.43565798 0.000755126472
v -0.111311525 1.40836656 0.0261913985
v -0.12507008 1.40650129 -0.02647244
v 0.00959242508 1.55823922 -0.00989552587
v 0.0173869971 1.55112588 0.0131250722
v 0.00732759479 1.55756271 -0.0162085649
v -0.126376584 1.45932245 -0.0297057834
v -0.149498016 1.42758608 -0.0393374823
v -0.133636564 1.40071177 -0.0246736091
v -0.139844522 1.39937866 -0.0270058811
v -0.164349407 1.38333678 -0.0536195375
v -0.152964219 1.37808943 -0.0438033529
v -0.156090513 1.35366559 -0.0612282827
v -0.147446647 1.35694242 -0.0539922416
v -0.139318869 1.35039878 -0.05966134
v -0.140429854 1.3531785 -0.0552145168
v -0.131795436 1.35410392 -0.055777587
v -0.12507008 1.40650129 -0.02647244
v -0.133636564 1.40071177 -0.0246736091
v -0.136514246 1.40703154 -0.0111321099
v -0.133636564 1.40071177 -0.0246736091
v -0.139844522 1.39937866 -0.0270058811
v -0.136514246 1.40703154 -0.0111321099
v -0.0799658597 1.25178552 -0.0105059668
v -0.0961432531 1.34335923 0.0225368924
v -0.117753148 1.33948314 -0.0229549538
v -0.111311525 1.40836656 0.0261913985
v -0.12507008 1.40650129 -0.02647244
v -0.111814603 1.44883049 -0.0306248181
v -0.103925735 1.45774639 0.0254865754
v -0.095094718 1.43619478 0.0575050339
v -0.0827864707 1.4976784 0.0431979708
v -0.0851694867 1.43813658 0.0713710189
v -0.0876978785 1.37119842 0.078027688
v -0.040938165 1.37992167 0.105168238
v -0.0436022542 1.3303206 0.0956016332
v -0.0723200515 1.32286775 0.081433028
v -0.0418708324 1.28178811 0.0680115297
v -0.0325191505 1.43893349 0.0980971903
v -0.0156176155 1.38037562 0.107159562
v 0.00900448114 1.43991256 0.102861442
v -0.0244712196 1.33486998 0.104582585
v -0.0217734519 1.48533225 0.0848188847
v 0.00796355586 1.48808014 0.0858048424
v -0.0678386316 1.49816895 0.0551674254
v -0.102486178 1.36848295 0.0461525135
v -0.0855970383 1.33711541 0.0752759576
v -0.0970942602 1.32924831 0.0474284217
v -0.0581296012 1.26550257 0.0507458858
v -0.111461371 1.35885298 0.0248442981
v -0.120955192 1.32678246 0.0138382977
v -0.111910686 1.31411099 0.0297988504
v -0.13961181 1.30870545 0.0021503882
v -0.138920069 1.31630814 -0.00370530481
v -0.155308962 1.32121539 -0.0155429477
v -0.0399465375 1.61525393 0.0174098928
v -0.0326793753 1.65349436 0.00852915738
v -0.0328590721 1.61908102 0.0239106268
v -0.0293136965 1.65461814 0.012595105
v -0.0198331196 1.6743679 -0.00219575502
v -0.019369239 1.58206904 0.023774175
v -0.0252273418 1.57341683 0.0176852942
v 0.000439310563 1.56431961 0.0171015505
v -0.00432493305 1.55621791 0.0141476868
v -0.0132000661 1.58850884 0.0142191071
v 0.0074370848 1.57009172 0.0047015571
v 0.0245051328 1.55404794 0.00913645327
v 0.0274286605 1.55680585 -0.0043322742
v -0.0263071004 1.61963844 0.0164177548
v -0.0266959704 1.65304232 0.0079390239
v 0.0173869971 1.55112588 0.0131250722
v -0.0302267522 1.65331137 0.00485167792
v -0.0339661874 1.61701906 0.00914721005
v -0.0224153865 1.5817039 0.00466781436
v -0.00278431061 1.5650456 -0.00433725258
v 0.00959242508 1.55823922 -0.00989552587
v -0.00432493305 1.55621791 0.0141476868
v 0.0173869971 1.55112588 0.0131250722
v -0.0252273418 1.57341683 0.0176852942
v -0.0399465375 1.61525393 0.0174098928
v -0.0326793753 1.65349436 0.00852915738
v 0.0290777478 1.51477921 0.0611323006
v 0.0138179157 1.52783906 0.0841405466
v 0.0349693 1.52185488 0.0489236899
v -0.00532901753 1.54631341 0.0414883718
v 0.0334601365 1.5063647 0.0786427408
v -0.0430544838 1.53645647 0.0600444414
v -0.0552807897 1.49972689 0.0996237099
v 0.00171590841 1.49659193 0.11094594
v 0.0173869971 1.55112588 0.0131250722
v -0.0933497921 1.50196886 0.0501517393
v -0.0692612529 1.44105828 0.1115015
v -0.0352118686 1.44071913 0.107112676
v -0.0418735743 1.38009584 0.109027766
v -0.0320084728 1.3793087 0.124463543
v -0.0175743438 1.44352782 0.123445354
v 0.00900448114 1.43991256 0.102861442
v 0.0314509682 1.491346 0.0814272389
v -0.0156176155 1.38037562 0.107159562
v -0.0244712196 1.33486998 0.104582585
v -0.0306594651 1.33386731 0.114708878
v -0.0283740852 1.30556703 0.10161905
v -0.034935005 1.33460236 0.105258003
v 0.0326937847 1.49871027 0.0818037763
v -0.0724772364 1.37557709 0.116239689
v -0.0436022542 1.3303206 0.0956016332
v -0.062068522 1.32597399 0.101510026
v -0.0929462388 1.37112427 0.0874735937
v -0.0723200515 1.32286775 0.081433028
v -0.0418708324 1.28178811 0.0680115297
v -0.0876978785 1.37119842 0.078027688
v -0.0855970383 1.33711541 0.0752759576
v -0.100924015 1.33108819 0.0640584379
v -0.0581296012 1.26550257 0.0507458858
v -0.11366497 1.35732102 0.0490363389
v -0.111144528 1.43567145 0.0535180122
v -0.116167717 1.43234301 0.0263163205
v -0.101963736 1.49573421 0.0228292309
v -0.111461371 1.35885298 0.0248442981
v -0.0632228702 1.53716123 0.0142401215
v -0.0231458992 1.55418825 0.00710446993
v -0.0970942602 1.32924831 0.0474284217
v -0.122969903 1.32504213 0.0293456074
v -0.111910686 1.31411099 0.0297988504
v -0.13961181 1.30870545 0.0021503882
v -0.141657561 1.31432807 0.00226591877
v -0.155308962 1.32121539 -0.0155429477
v -0.120955192 1.32678246 0.0138382977
v -0.138920069 1.31630814 -0.00370530481
v 0.0274286605 1.55680585 -0.0043322742
v 0.041383259 1.55793977 -0.0110557945
v 0.0245051328 1.55404794 0.00913645327
v 0.00732759479 1.55756271 -0.0162085649
v 8.54525305E-12 1.56302452 -0.0303045474
v 0.046211265 1.55626798 -0.0451936461
v 0.0832605138 1.54055619 -0.0321851596
v 0.0559761375 1.52386141 0.0515624471
v 0.0968489051 1.50437617 0.0362292156
v 0.117388025 1.49236023 -0.0248730127
v 0.0833902657 1.53272736 -0.0796960741
v 0.0971344635 1.53040493 -0.0682320148
v 0.00959242508 1.55823922 -0.00989552587
v 0.106408402 1.51627576 -0.0994010493
v 0.107370324 1.50181711 -0.0754903182
v 0.102282442 1.51757658 -0.0533772558
v 0.121726699 1.50886869 -0.0385484435
v 0.127368242 1.49941587 -0.0793501288
v 0.150176585 1.49011564 -0.0732192025
v 0.132718757 1.47006822 -0.0502781458
v 0.15323016 1.46939325 -0.0858218521
v 0.170442507 1.49173319 -0.116159238
v 0.150520459 1.49162269 -0.108693875
v 0.174241275 1.4986583 -0.133311063
v 0.167447761 1.48127818 -0.114098564
v 0.0953798816 1.51705217 -0.108451635
v 0.10425593 1.51287699 -0.133946002
v 0.108980231 1.50234187 -0.106384993
v 0.133514404 1.44958019 -0.0172597095
v 0.146363109 1.41787279 -0.0415262468
v 0.144095764 1.43873847 0.00313309464
v 0.124647275 1.47706175 0.0105018374
v 0.11887186 1.42176056 0.0525525026
v 0.0862112567 1.44798172 0.0825766623
v 0.0530564673 1.48402846 0.094394356
v 0.041338902 1.46741235 0.0913282409
v 0.0314509682 1.491346 0.0814272389
v 0.0709577426 1.43432796 0.0824107528
v 0.0334601365 1.5063647 0.0786427408
v 0.0290777478 1.51477921 0.0611323006
v 0.0987503231 1.41122603 0.0504316017
v 0.122197539 1.39515913 0.0119453045
v 0.140592188 1.40173256 0.0196667686
v 0.155042991 1.39449155 -0.0244523287
v 0.14047195 1.37863111 -0.0238993242
v 0.0326937847 1.49871027 0.0818037763
v 0.0349693 1.52185488 0.0489236899
v 0.151577219 1.36712945 -0.045637697
v 0.162615269 1.37645364 -0.0518662632
v 0.159545124 1.34402323 -0.0644642934
v 0.158196136 1.38199174 -0.060136769
v 0.0173869971 1.55112588 0.0131250722
v 0.177892581 1.43884325 -0.0889446065
v 0.190357029 1.4464767 -0.113574132
v 0.177070647 1.4325906 -0.0917461291
v 0.173425466 1.44206727 -0.090676792
v 0.153503776 1.45082307 -0.0682559684
v 0.157110348 1.44166589 -0.0597090535
v 0.179321766 1.42786753 -0.0894742832
v 0.18556276 1.43276846 -0.103911728
v 0.172566652 1.42410386 -0.0916500613
v 0.149553403 1.42802882 -0.0535100102
v 0.137909219 1.45954049 -0.0287613459
v 0.133437455 1.46709132 -0.0437032692
v 0.190357029 1.4464767 -0.113574132
v 0.173084021 1.433406 -0.0918199718
v 0.177070647 1.4325906 -0.0917461291
v 0.173425466 1.44206727 -0.090676792
v 0.18556276 1.43276846 -0.103911728
v 0.172566652 1.42410386 -0.0916500613
v 0.153503776 1.45082307 -0.0682559684
v 0.149553403 1.42802882 -0.0535100102
v 0.125771105 1.44946074 -0.0235130191
v 0.149553403 1.42802882 -0.0535100102
v 0.133437455 1.46709132 -0.0437032692
v 0.153503776 1.45082307 -0.0682559684
v 0.133514404 1.44958019 -0.0172597095
v 0.146363109 1.41787279 -0.0415262468
v 0.119362183 1.44713998 -0.0189565532
v 0.133332834 1.39839411 -0.0338868313
v 0.113631561 1.42105973 -0.00483280607
v 0.122197539 1.39515913 0.0119453045
v 0.14047195 1.37863111 -0.0238993242
v 0.0997593254 1.43494248 0.0146072395
v 0.105976216 1.46195924 -0.00596732507
v 0.12333677 1.45995736 -0.0328350812
v 0.103521906 1.477615 -0.0146561731
v 0.0987503231 1.41122603 0.0504316017
v 0.0688208938 1.45658708 0.0448947959
v 0.0709577426 1.43432796 0.0824107528
v 0.117388025 1.49236023 -0.0248730127
v 0.10607224 1.48753572 -0.0265576467
v 0.132718757 1.47006822 -0.0502781458
v 0.119560584 1.48501182 -0.0636961237
v 0.0967079177 1.49690437 -0.0422085151
v 0.0971963108 1.51375735 -0.051180914
v 0.127368242 1.49941587 -0.0793501288
v 0.102282442 1.51757658 -0.0533772558
v 0.11693573 1.40637147 -0.0310996287
v 0.120325193 1.45035005 -0.0387313329
v 0.116977833 1.44383872 -0.0339603685
v 0.108809404 1.4587729 -0.0625518262
v 0.0496796034 1.47511292 0.0643659458
v 0.041338902 1.46741235 0.0913282409
v 0.0314509682 1.491346 0.0814272389
v 0.159545124 1.34402323 -0.0644642934
v 0.149952993 1.37413287 -0.0569990985
v 0.151577219 1.36712945 -0.045637697
v 0.14047195 1.37863111 -0.0238993242
v 0.133332834 1.39839411 -0.0338868313
v 0.158196136 1.38199174 -0.060136769
v 0.146363109 1.41787279 -0.0415262468
v 0.150520459 1.49162269 -0.108693875
v 0.167447761 1.48127818 -0.114098564
v 0.174241275 1.4986583 -0.133311063
v 0.15323016 1.46939325 -0.0858218521
v 0.127368242 1.49941587 -0.0793501288
v 0.119560584 1.48501182 -0.0636961237
v 0.132718757 1.47006822 -0.0502781458
v 0.0939468518 1.50057566 -0.104753017
v 0.108980231 1.50234187 -0.106384993
v 0.10425593 1.51287699 -0.133946002
v 0.107370324 1.50181711 -0.0754903182
v 0.0953798816 1.51705217 -0.108451635
v 0.0971963108 1.51375735 -0.051180914
v 0.102282442 1.51757658 -0.0533772558
v 0.107370324 1.50181711 -0.0754903182
v 0.0833902657 1.53272736 -0.0796960741
v 0.0903742835 1.52161407 -0.0692978576
v 0.0939468518 1.50057566 -0.104753017
v 0.107370324 1.50181711 -0.0754903182
v 0.046211265 1.55626798 -0.0451936461
v 0.0971963108 1.51375735 -0.051180914
v 0.0953798816 1.51705217 -0.108451635
v -0.0283740852 1.30556703 0.10161905
v -0.0244712196 1.33486998 0.104582585
v -0.034935005 1.33460236 0.105258003
v -0.040938165 1.37992167 0.105168238
v -0.0418735743 1.38009584 0.109027766
v -0.040938165 1.37992167 0.105168238
v -0.0966185555 1.49342799 0.0239043664
v -0.103802085 1.4840889 -0.0384772494
v -0.111311525 1.40836656 0.0261913985
v -0.116167717 1.43234301 0.0263163205
v -0.111461371 1.35885298 0.0248442981
v -0.103802085 1.4840889 -0.0384772494
v -0.103316829 1.47969341 -0.0620594025
v -0.111814603 1.44883049 -0.0306248181
v -0.108556688 1.4415673 -0.0290253684
v 0.0688208938 1.45658708 0.0448947959
v 0.0997593254 1.43494248 0.0146072395
v 0.0842523575 1.41999876 0.025922861
v 0.098692283 1.39622021 0.00236345595
v 0.103005596 1.40076172 -0.0151339388
v 0.0931118503 1.34627581 -0.0170067381
v 0.0953400582 1.38770962 0.00815603603
v 0.0844058841 1.34341264 -0.0082739098
v 0.0940601006 1.35818219 -0.0301344059
v 0.11693573 1.40637147 -0.0310996287
v 0.108546674 1.35474801 -0.0446799546
v 0.105976216 1.46195924 -0.00596732507
v 0.10802488 1.36213803 -0.0535030067
v 0.114920557 1.40274787 -0.0470829792
v 0.116977833 1.44383872 -0.0339603685
v 0.120325193 1.45035005 -0.0387313329
v 0.103521906 1.477615 -0.0146561731
v 0.10607224 1.48753572 -0.0265576467
v 0.103723504 1.36076152 -0.0647327751
v 0.0957311019 1.35352504 -0.0622192211
v 0.111723036 1.36746001 -0.068281889
v 0.0752188116 1.31955028 -0.0406317227
v 0.0764562711 1.2906059 -0.0496842675
v 0.0806433633 1.31419051 -0.0296154246
v 0.0710337907 1.31183076 -0.02325923
v 0.0857961029 1.34168839 -0.0371268392
v 0.0931118503 1.34627581 -0.0170067381
v 0.0940601006 1.35818219 -0.0301344059
v 0.108546674 1.35474801 -0.0446799546
v 0.0860169455 1.30409539 -0.0729182288
v 0.0807656869 1.34170508 -0.0373782516
v 0.0957311019 1.35352504 -0.0622192211
v 0.0844058841 1.34341264 -0.0082739098
v 0.10802488 1.36213803 -0.0535030067
v 0.0752188116 1.31955028 -0.0406317227
v 0.0710337907 1.31183076 -0.02325923
v 0.0764562711 1.2906059 -0.0496842675
v 0.0807656869 1.34170508 -0.0373782516
v 0.0844058841 1.34341264 -0.0082739098
v 0.0867148936 1.36083376 -0.0310556721
v 0.0957311019 1.35352504 -0.0622192211
v 0.0860169455 1.30409539 -0.0729182288
v 0.103723504 1.36076152 -0.0647327751
v 0.0920849368 1.38397431 -0.0208722632
v 0.0902904868 1.38153791 -0.0110524911
v 0.0953400582 1.38770962 0.00815603603
v 0.128119424 1.40588391 -0.0277556125
v 0.134221241 1.37597072 -0.0258565713
v 0.114920557 1.40274787 -0.0470829792
v 0.111723036 1.36746001 -0.068281889
v 0.129415438 1.33628869 -0.0490842089
v 0.144954413 1.34257913 -0.0286900904
v 0.148040965 1.30051506 -0.0444188192
v 0.120325193 1.45035005 -0.0387313329
v 0.128119424 1.40588391 -0.0277556125
v 0.114920557 1.40274787 -0.0470829792
v 0.108809404 1.4587729 -0.0625518262
v 0.111723036 1.36746001 -0.068281889
v 0.130853891 1.40377653 -0.0547167845
v 0.120325193 1.45035005 -0.0387313329
v 0.128119424 1.40588391 -0.0277556125
v 0.137081176 1.37151277 -0.0465683341
v 0.134221241 1.37597072 -0.0258565713
v 0.144954413 1.34257913 -0.0286900904
v 0.146150142 1.33966255 -0.0452703461
v 0.148040965 1.30051506 -0.0444188192
v 0.129415438 1.33628869 -0.0490842089
v -0.060784623 1.30974412 -0.129412398
v -0.0425167456 1.31974697 -0.136798114
v -0.0556472354 1.32220161 -0.138602912
v -0.031819012 1.33255196 -0.142852202
v -0.0344586596 1.36017609 -0.158662245
v -0.0608535185 1.33006859 -0.133139551
v -0.0624052808 1.35395932 -0.140962556
v -0.0652956367 1.39933956 -0.15283151
v 8.60631553E-15 1.30161178 -0.150392711
v 8.57124752E-15 1.36066556 -0.167992339
v 0.0344587117 1.36017585 -0.158674553
v 0.0318190753 1.33255172 -0.142852083
v 0.0556473471 1.32220125 -0.138602674
v 0.0425168313 1.31974673 -0.136797935
v 0.0607847199 1.30974364 -0.129412174
v 0.060853634 1.33006823 -0.133139282
v 0.0624054223 1.35395885 -0.140962273
v 0.0652957261 1.39933932 -0.152831331
v -0.0339602381 1.41316605 -0.168090314
v 7.52881E-15 1.41203475 -0.174771592
v 0.0339602381 1.41316605 -0.168090314
v 0.0614048764 1.4609865 -0.154084995
v 0.0441749953 1.45782244 -0.163411543
v 0.0213288013 1.4543767 -0.166536197
v -0.00309250341 1.43307006 -0.172832519
v 0.0450624116 1.49501967 -0.152042896
v 0.031134367 1.45316827 -0.163593516
v 0.057577122 1.4971621 -0.140295401
v 2.02942574E-09 1.49372542 -0.158141404
v 0.0132232802 1.45510602 -0.173106879
v -5.96038774E-10 1.45660365 -0.16914016
v 0.0488216877 1.51412857 -0.125087023
v 0.0418898799 1.51374173 -0.139180332
v -0.0229419749 1.4326309 -0.169376999
v -0.0389182195 1.43406463 -0.167688981
v -0.0445494391 1.43470871 -0.163494617
v -0.0614353307 1.4609865 -0.150694668
v -0.0441749953 1.45782244 -0.161654189
v -0.0384207703 1.49436259 -0.150758028
v -0.0560861714 1.4960717 -0.133479312
v -0.031819012 1.33255196 -0.142852202
v 8.4980554E-15 1.32952225 -0.142555356
v 8.60631553E-15 1.30161178 -0.150392711
v 0.0318190753 1.33255172 -0.142852083
v -0.0608535185 1.33006859 -0.133139551
v -0.0528317429 1.32375979 -0.129244655
v -0.060784623 1.30974412 -0.129412398
v -0.0471205115 1.3437022 -0.136726409
v -0.0624052808 1.35395932 -0.140962556
v -0.0425167456 1.31974697 -0.136798114
v -0.031819012 1.33255196 -0.142852202
v 0.060853634 1.33006823 -0.133139282
v 0.0607847199 1.30974364 -0.129412174
v 0.0528318472 1.32375932 -0.129244447
v 0.0471206047 1.34370172 -0.13672708
v 0.0624054223 1.35395885 -0.140962273
v 0.0425168313 1.31974673 -0.136797935
v 0.0318190753 1.33255172 -0.142852083
v -0.0462122373 1.43733227 -0.198993266
v -0.0416087769 1.4454658 -0.186091498
v -0.0320857242 1.43083096 -0.188309029
v -0.0518849902 1.44603801 -0.195154339
v -0.0122044897 1.44363689 -0.182096422
v -0.0171890557 1.47071135 -0.167029709
v -0.00281566498 1.46940196 -0.170664743
v -0.0172704384 1.48790956 -0.155372575
v -0.025789937 1.49647427 -0.157815546
v -0.0327187069 1.4675138 -0.173548728
v 2.02942574E-09 1.49372542 -0.158141404
v -0.0214389414 1.5269134 -0.13580136
v 0.0353786312 1.34688473 -0.16314058
v 0.0395380259 1.3868531 -0.169400826
v 0.0508535281 1.38689542 -0.169666782
v 0.0328543112 1.38456249 -0.177823216
v 0.031134367 1.45316827 -0.163593516
v 0.0132232802 1.45510602 -0.173106879
v 0.048802413 1.45711112 -0.163692325
v 0.0450624116 1.49501967 -0.152042896
v -0.100638062 1.42207551 -0.129231483
v -0.0850735828 1.41619647 -0.142905667
v -0.0727627948 1.33141494 -0.134604126
v -0.0767538324 1.40816617 -0.161475375
v -0.0711255819 1.4638983 -0.142659262
v -0.0873032138 1.47577584 -0.119906977
v -0.0586140491 1.45294869 -0.161521792
v -0.0384207703 1.49436259 -0.150758028
v -0.0560861714 1.4960717 -0.133479312
v -0.0625316501 1.51640821 -0.103179663
v -0.0751401111 1.46330166 -0.135400623
v -0.0614353307 1.4609865 -0.150694668
v 0.0871745721 1.39185035 -0.141417325
v 0.0779659078 1.46649277 -0.132252172
v 0.100829691 1.39519584 -0.133755013
v 0.0943956897 1.4718467 -0.11966379
v 0.0709042177 1.49668062 -0.123068146
v 0.08180435 1.51479256 -0.0984701738
v 0.057577122 1.4971621 -0.140295401
v 0.0708311647 1.46127832 -0.150402576
v 0.0835798904 1.38875139 -0.155066565
v 0.0872034356 1.34490204 -0.138333321
v -0.0515483841 1.27650714 -0.0936788842
v -0.0435020924 1.31255567 -0.116214357
v -0.0543388166 1.30298793 -0.0892161801
v -0.0522086881 1.3151741 -0.105131462
v -0.0676005185 1.31021655 -0.0990910903
v -0.0801965967 1.28478813 -0.0854560137
v -0.0745940953 1.31176221 -0.0827510804
v -0.0806602836 1.34772682 -0.114527985
v -0.073485814 1.33948684 -0.1212174
v -0.0766167343 1.37251723 -0.134471506
v -0.0914480984 1.36309731 -0.117760263
v -0.087723881 1.42666245 -0.128183663
v -0.0784518644 1.42225695 -0.143480301
v -0.0624052808 1.35395932 -0.140962556
v -0.0630962849 1.33424056 -0.128407493
v -0.0471205115 1.3437022 -0.136726409
v -0.0652956367 1.39933956 -0.15283151
v -0.0511366054 1.33201718 -0.124893203
v -0.0444965586 1.33151102 -0.128612906
v -0.0614353307 1.4609865 -0.150694668
v -0.0751401111 1.46330166 -0.135400623
v -0.0872571096 1.46675289 -0.117601417
v -0.0387844369 1.33022702 -0.133868575
v -0.031819012 1.33255196 -0.142852202
v -0.0264951549 1.31232667 -0.125094712
v 8.4980554E-15 1.32952225 -0.142555356
v 8.41504448E-15 1.30999076 -0.131280169
v -0.00950012449 1.29261196 -0.0976180211
v -0.0199715905 1.27715814 -0.0997181907
v -0.0314036869 1.30419898 -0.101572931
v -0.030329179 1.29263318 -0.0930128619
v 8.50585149E-15 1.27761376 -0.100475617
v -0.030329179 1.29263318 -0.0930128619
v -0.093523331 1.3054738 -0.0846323222
v -0.098180607 1.31814635 -0.0812956393
v -0.104872957 1.29282773 -0.071913071
v -0.0832171813 1.30538332 -0.0770616531
v -0.0832702443 1.32865226 -0.104236394
v -0.0868359432 1.33569121 -0.104826763
v -0.113069035 1.32010329 -0.0924367681
v -0.113457322 1.33336616 -0.088448368
v -0.130271792 1.30411124 -0.0807871297
v -0.098180607 1.31814635 -0.0812956393
v -0.0914480984 1.36309731 -0.117760263
v -0.108626455 1.3739996 -0.0915255174
v -0.0868359432 1.33569121 -0.104826763
v -0.121631525 1.33631921 -0.0906123891
v -0.111479245 1.35421419 -0.0720096901
v -0.111345172 1.43682432 -0.0635669529
v -0.105958574 1.45569515 -0.0859119594
v -0.118164137 1.33664227 -0.0813731998
v -0.130818069 1.32316446 -0.0970953852
v -0.087723881 1.42666245 -0.128183663
v -0.0872571096 1.46675289 -0.117601417
v -0.0728267133 1.53397155 -0.0732643157
v -0.0806602836 1.34772682 -0.114527985
v -0.0751401111 1.46330166 -0.135400623
v -0.112680569 1.48072219 -0.0593942516
v -0.0772070363 1.53943002 -0.0389806964
v -0.0441749953 1.45782244 -0.161654189
v -0.0213288013 1.46425986 -0.167837948
v -0.0384207703 1.49436259 -0.150758028
v -0.0172704384 1.48790956 -0.155372575
v 2.02942574E-09 1.49372542 -0.158141404
v -5.96038774E-10 1.45660365 -0.16914016
v -0.0231046192 1.43631518 -0.177397653
v -0.0389182195 1.43406463 -0.167688981
v -0.0361900702 1.41168547 -0.171320066
v -0.0230354927 1.4110626 -0.179534599
v -0.0253475644 1.34580493 -0.160673976
v -0.0114942919 1.41110671 -0.177102998
v -0.00309250341 1.43307006 -0.172832519
v -0.0300955698 1.51307762 -0.141435251
v -0.0214389414 1.5269134 -0.13580136
v -0.0199715905 1.27715814 -0.0997181907
v -0.030329179 1.29263318 -0.0930128619
v 8.51891105E-15 1.29832435 -0.0742029771
v -0.0452932455 1.33717239 -0.0551095009
v -0.00950012449 1.29261196 -0.0976180211
v 8.50585149E-15 1.27761376 -0.100475617
v -0.0543388166 1.30298793 -0.0892161801
v -0.0515483841 1.27650714 -0.0936788842
v -0.0745940953 1.31176221 -0.0827510804
v -0.0801965967 1.28478813 -0.0854560137
v -0.0832171813 1.30538332 -0.0770616531
v -0.082403332 1.34400499 -0.0643182769
v -0.098180607 1.31814635 -0.0812956393
v -0.111077257 1.33452344 -0.0813993514
v -0.130271792 1.30411124 -0.0807871297
v -0.0979239419 1.35484588 -0.0692391843
v -0.111479245 1.35421419 -0.0720096901
v -0.118164137 1.33664227 -0.0813731998
v -0.130818069 1.32316446 -0.0970953852
v -0.113457322 1.33336616 -0.088448368
v -0.104872957 1.29282773 -0.071913071
v -0.0452932455 1.33717239 -0.0551095009
v 9.88620264E-15 1.34145522 -0.0490834638
v 8.51891105E-15 1.29832435 -0.0742029771
v -0.0979239419 1.35484588 -0.0692391843
v -0.0769720152 1.37699187 -0.0278842822
v -0.082403332 1.34400499 -0.0643182769
v -0.0541822463 1.36084425 -0.0307569541
v -0.0452932455 1.33717239 -0.0551095009
v -0.111479245 1.35421419 -0.0720096901
v 7.26020315E-15 1.35395968 -0.0252233353
v -0.0889277905 1.38152289 -0.0235094726
v 0.00950014871 1.29261196 -0.0976179838
v 0.0199716464 1.2771579 -0.0997180939
v 0.0264952518 1.31232631 -0.125094548
v 0.0314037874 1.30419874 -0.101572737
v 0.0303292703 1.2926327 -0.0930126905
v 8.41504448E-15 1.30999076 -0.131280169
v 8.4980554E-15 1.32952225 -0.142555356
v 0.0318190753 1.33255172 -0.142852083
v 0.0387845226 1.33022666 -0.133868411
v 0.0435021967 1.31255519 -0.1162166
v 0.0303292703 1.2926327 -0.0930126905
v 0.0471206047 1.34370172 -0.13672708
v 0.0444966629 1.33151078 -0.12861602
v 0.0511367209 1.33201671 -0.124892965
v 0.0522088036 1.31517363 -0.105131216
v 0.0682912022 1.33686304 -0.124811612
v 0.0676006675 1.31021583 -0.0990907252
v 0.0543389209 1.30298746 -0.08921583
v 0.0801967159 1.28478754 -0.085451141
v 0.0745942444 1.3117615 -0.0827507079
v 0.0806604773 1.34772611 -0.114527479
v 0.0935234651 1.30547297 -0.0846318826
v 0.0832173303 1.30538237 -0.077061221
v 0.104873076 1.29282677 -0.0719126388
v 0.0981807411 1.31814551 -0.0812951997
v 0.0766169503 1.37251639 -0.134470999
v 0.090282999 1.36670423 -0.119230516
v 0.0877239555 1.42666197 -0.128170565
v 0.0784519687 1.42225659 -0.143473446
v 0.0624054223 1.35395885 -0.140962273
v 0.0652957261 1.39933932 -0.152831331
v 0.0614048764 1.4609865 -0.154084995
v 0.0751401111 1.46330166 -0.135196671
v 0.0872571096 1.46675289 -0.117352732
v 0.0709042177 1.49668062 -0.123068146
v 0.08180435 1.51479256 -0.0984701738
v 0.057577122 1.4971621 -0.140295401
v 0.00950014871 1.29261196 -0.0976179838
v 8.50585149E-15 1.27761376 -0.100475617
v 8.51891105E-15 1.29832435 -0.0742029771
v 0.0199716464 1.2771579 -0.0997180939
v 0.0303292703 1.2926327 -0.0930126905
v 0.0444510728 1.33651245 -0.0554081425
v 0.0543389209 1.30298746 -0.08921583
v 0.0745942444 1.3117615 -0.0827507079
v 0.0801967159 1.28478754 -0.085451141
v 0.0515484884 1.27650666 -0.0936753601
v 0.0832173303 1.30538237 -0.077061221
v 0.0824034885 1.34400403 -0.0643178225
v 0.0981807411 1.31814551 -0.0812951997
v 0.104873076 1.29282677 -0.0719126388
v 0.111077391 1.33452249 -0.0813988745
v 0.130271897 1.30411041 -0.0807866827
v 0.0979240984 1.35484481 -0.0692387223
v 0.103723504 1.36076152 -0.0647327751
v 0.117913939 1.34418702 -0.0790760592
v 0.130818188 1.32316363 -0.0970949084
v 0.111723036 1.36746001 -0.068281889
v 0.113457456 1.33336532 -0.0884478912
v 9.88620264E-15 1.34145522 -0.0490834638
v 0.0444510728 1.33651245 -0.0554081425
v 8.51891105E-15 1.29832435 -0.0742029771
v 0.0824034885 1.34400403 -0.0643178225
v 0.0640397519 1.36813712 -0.0298430249
v 0.0979240984 1.35484481 -0.0692387223
v 0.0444510728 1.33651245 -0.0554081425
v 0.103723504 1.36076152 -0.0647327751
v 7.26020315E-15 1.35395968 -0.0252233353
v 0.0920849368 1.38397431 -0.0208722632
v -0.0237722918 1.41139448 -0.171943218
v -0.0229419749 1.4326309 -0.169376999
v -0.0114942919 1.41110671 -0.177102998
v -0.00309250341 1.43307006 -0.172832519
v -0.0253475644 1.34580493 -0.160673976
v -0.0361900702 1.41168547 -0.171320066
v -0.0389182195 1.43406463 -0.167688981
v 7.26020315E-15 1.35395968 -0.0252233353
v 0.0444510728 1.33651245 -0.0554081425
v 9.88620264E-15 1.34145522 -0.0490834638
v 7.26020315E-15 1.35395968 -0.0252233353
v 9.88620264E-15 1.34145522 -0.0490834638
v -0.0452932455 1.33717239 -0.0551095009
v 0.0496796034 1.47511292 0.0643659458
v 0.0315122083 1.49945831 0.0742704123
v 0.0314509682 1.491346 0.0814272389
v 0.00796355586 1.48808014 0.0858048424
v 0.00900448114 1.43991256 0.102861442
v 0.135167122 1.37457085 0.0285996292
v 0.13561216 1.35425103 0.0157506336
v 0.134285733 1.37379634 0.0315970257
v 0.127562046 1.40612435 0.0496568084
v 0.125755653 1.40353239 0.0554446429
v 0.100655898 1.45289087 0.0796125904
v 0.0987566188 1.44957042 0.0907356218
v 0.0575326011 1.49885798 0.0880343765
v 0.053407874 1.49519205 0.0992077515
v 0.0334601365 1.50636458 0.0786427408
v 0.0499909185 1.48758566 0.0948226526
v 0.090704374 1.444749 0.0846530199
v 0.119937077 1.40139079 0.0544924624
v 0.131834641 1.37326431 0.030224422
v 0.0326937847 1.49871027 0.0818037763
v 0.0530256554 1.49304581 0.0881011486
v 0.0935428441 1.44781816 0.0793993473
v 0.0499909185 1.48758566 0.0948226526
v 0.090704374 1.444749 0.0846530199
v 0.119937077 1.40139079 0.0544924624
v 0.122085318 1.40332484 0.0512571707
v 0.131834641 1.37326431 0.030224422
v 0.132667273 1.37391746 0.0283017848
v 0.0326937847 1.49871027 0.0818037763
v 0.0515484884 1.27650666 -0.0936753601
v 8.50585149E-15 1.27761376 -0.100475617
v -0.0950503498 1.41103053 0.0191864446
v -0.0957290456 1.38655245 0.00401543174
v -0.0960786045 1.4213264 -0.0119370418
v -0.0967805758 1.39905024 -0.0210913513
v -0.0937175751 1.36953211 -0.0214641783
v -0.0951289088 1.36613345 -0.0152267059
v -0.057158418 1.3299464 -0.0303569827
v -0.0730073601 1.3578589 -0.049906671
v -0.0459545404 1.34411144 -0.0802843422
v -0.042701643 1.31843996 -0.0538168848
v 1.27972507E-14 1.32211578 -0.0865371525
v -0.0363427363 1.30560982 -0.0474818088
v 2.26365574E-14 1.2974894 -0.0636340231
v 2.60357786E-14 1.28223598 -0.0620599352
v 1.2894397E-14 1.34399092 -0.100812241
v 0.0950503498 1.41103053 0.0191864446
v 0.0960786045 1.4213264 -0.0119370418
v 0.0957290456 1.38655245 0.00401543174
v 0.0967805758 1.39905024 -0.0210913513
v 0.0937175751 1.36953211 -0.0214641783
v 0.0951289088 1.36613345 -0.0152267059
v 0.057158418 1.3299464 -0.0303569827
v 0.0730073601 1.3578589 -0.049906671
v 0.0459545404 1.34411144 -0.0802843422
v 0.042701643 1.31843996 -0.0538168848
v 1.27972507E-14 1.32211578 -0.0865371525
v 0.0363427363 1.30560982 -0.0474818088
v 2.26365574E-14 1.2974894 -0.0636340231
v 2.60357786E-14 1.28223598 -0.0620599352
v 1.2894397E-14 1.34399092 -0.100812241
v 0.0957290456 1.38655245 0.00401543174
v 0.106469102 1.39394116 -0.00466323551
v 0.11506933 1.38384867 -0.0175741352
v 0.0894844159 1.36435366 0.002739185
v 0.115695395 1.36388361 -0.0245403927
v 0.104846895 1.35003924 -0.0188344419
v 0.0913057327 1.34293151 -0.00833877455
v 0.080852747 1.33965564 0.00216185953
v -0.0957290456 1.38655245 0.00401543174
v -0.11506933 1.38384867 -0.0175741352
v -0.106469102 1.39394116 -0.00466323551
v -0.0894844159 1.36435366 0.002739185
v -0.115695395 1.36388361 -0.0245403927
v -0.104846895 1.35003924 -0.0188344419
v -0.0913057327 1.34293151 -0.00833877455
v -0.080852747 1.33965564 0.00216185953
v 2.60357786E-14 1.28223598 -0.0620599352
v -0.0363427363 1.30560982 -0.0474818088
v -0.0339976549 1.2857455 -0.0451791137
v -0.0247078389 1.27941096 -0.0026173424
v -0.0388150141 1.30433249 -0.0235227905
v -0.057158418 1.3299464 -0.0303569827
v -0.0529902056 1.31577146 -0.0041137333
v -0.0709381551 1.33291912 -0.0107343337
v -0.0951289088 1.36613345 -0.0152267059
v -0.080852747 1.33965564 0.00216185953
v -0.0913057327 1.34293151 -0.00833877455
v -0.104846895 1.35003924 -0.0188344419
v -0.115695395 1.36388361 -0.0245403927
v -0.11506933 1.38384867 -0.0175741352
v -0.106469102 1.39394116 -0.00466323551
v -0.0744805411 1.32331872 0.00313577289
v -0.0584335737 1.30978775 0.00844337232
v -0.0355921984 1.30079341 0.00221911725
v -0.0358832031 1.29705608 0.017186109
v -0.0140390871 1.28545284 0.0305525847
v 2.47912042E-14 1.27352679 0.0239494145
v 1.23490009E-14 1.27944672 0.0350973941
v -0.0957290456 1.38655245 0.00401543174
v -0.0230517481 1.2502681 -0.00331088947
v 2.71942079E-14 1.23721576 0.0211286396
v 2.59012189E-14 1.21264184 0.0229055975
v -0.0339508057 1.2652576 -0.0452972017
v 2.69172705E-14 1.2648524 -0.0626617149
v 2.60765039E-14 1.25211239 -0.0634656325
v -0.0346709453 1.24657893 -0.0458734743
v -0.0311064254 1.23647249 -0.0145780277
v -0.0146559328 1.21701598 0.0112230033
v -0.0577877276 1.22134614 0.00635302905
v -0.0578797907 1.23943329 -0.0269270111
v -0.0360311791 1.24549699 -0.0550205112
v 2.33280937E-14 1.24566209 -0.0700919926
v 2.58426144E-14 1.19944537 0.0324067362
v -0.0223028176 1.20086181 0.0278123617
v 2.03222957E-14 1.18280292 0.0469749384
v -0.0383945778 1.1954658 0.0348227657
v -0.0475058742 1.20266151 0.0282316767
v 2.60357786E-14 1.28223598 -0.0620599352
v 0.0339976549 1.2857455 -0.0451791137
v 0.0363427363 1.30560982 -0.0474818088
v 0.0247078389 1.27941096 -0.0026173424
v 0.0388150141 1.30433249 -0.0235227905
v 0.057158418 1.3299464 -0.0303569827
v 0.0529902056 1.31577146 -0.0041137333
v 0.0709381551 1.33291912 -0.0107343337
v 0.0951289088 1.36613345 -0.0152267059
v 0.080852747 1.33965564 0.00216185953
v 0.0913057327 1.34293151 -0.00833877455
v 0.104846895 1.35003924 -0.0188344419
v 0.115695395 1.36388361 -0.0245403927
v 0.11506933 1.38384867 -0.0175741352
v 0.106469102 1.39394116 -0.00466323551
v 0.0744805411 1.32331872 0.00313577289
v 0.0584335737 1.30978775 0.00844337232
v 0.0355921984 1.30079341 0.00221911725
v 0.0358832031 1.29705608 0.017186109
v 0.0140390871 1.28545284 0.0305525847
v 2.47912042E-14 1.27352679 0.0239494145
v 1.23490009E-14 1.27944672 0.0350973941
v 0.0957290456 1.38655245 0.00401543174
v 0.0230517481 1.2502681 -0.00331088947
v 2.71942079E-14 1.23721576 0.0211286396
v 2.59012189E-14 1.21264184 0.0229055975
v 0.0339508057 1.2652576 -0.0452972017
v 2.69172705E-14 1.2648524 -0.0626617149
v 2.60765039E-14 1.25211239 -0.0634656325
v 0.0346697271 1.24657691 -0.0458734743
v 0.0311064254 1.23647356 -0.0145780277
v 0.0146559328 1.21701598 0.0112230033
v 0.0577877276 1.22134614 0.00635302765
v 0.0578797907 1.23943329 -0.0269270111
v 0.0360311829 1.24549699 -0.0550205112
v 2.33280937E-14 1.24566209 -0.0700919926
v 2.58426144E-14 1.19944537 0.0324067362
v 0.0223028176 1.20086181 0.0278123617
v 2.03222957E-14 1.18280292 0.0469749384
v 0.0383945815 1.1954658 0.034822762
v 0.0475059301 1.20266128 0.0282316394
v 0.0880460888 1.45375848 0.0511087738
v 0.0920623466 1.44637072 0.0104754586
v 0.0918145627 1.42896676 0.0326592773
v 0.0950503498 1.41103053 0.0191864446
v 0.0960786045 1.4213264 -0.0119370418
v -0.0918145627 1.42896676 0.0326592773
v -0.0950503498 1.41103053 0.0191864446
v -0.0920623466 1.44637072 0.0104754586
v -0.0960786045 1.4213264 -0.0119370418
v -0.0880460888 1.45375848 0.0511087738
v -0.0496304296 1.34100914 0.0718876794
v -0.048050385 1.33873904 0.0933024213
v -0.0263845436 1.33996522 0.0839968473
v -0.025930671 1.33867157 0.0962153599
v -0.0124140549 1.34486413 0.0885109305
v -0.0124461744 1.34388471 0.097761251
v -0.00590431178 1.36007476 0.0902407616
v -0.00577434525 1.35908008 0.0996401384
v 3.81469704E-07 1.3627106 0.0907486677
v -8.12998268E-33 1.36171889 0.100142665
v 0.00577411661 1.35908175 0.0996400639
v 0.00590457907 1.36007535 0.090240553
v 0.0124463271 1.34388435 0.0977609456
v 0.0124144359 1.34486234 0.0885110423
v 0.0259307474 1.33867157 0.0962155536
v 0.0263849255 1.33996558 0.0839970559
v 0.0480507277 1.33873713 0.0933026448
v 0.0496309288 1.34100854 0.0718874335
v 0.0742337033 1.34523034 0.0896884501
v 0.0765105039 1.34887993 0.055143699
v 0.0823071674 1.35611582 0.0884142667
v 0.085727118 1.36038148 0.0480820648
v 0.00577461207 1.39526749 0.103467479
v -0.00577457435 1.39526808 0.103467233
v -0.00583599089 1.39582026 0.0921343416
v 0.00583522767 1.39581847 0.0921343043
v 0.0259301756 1.39540184 0.102215379
v 0.0262140259 1.39623058 0.086629577
v 0.0480497368 1.39569306 0.0994454175
v 0.0493880846 1.39726162 0.075334169
v 0.0742331296 1.39615524 0.0950751081
v 0.0765109584 1.39929438 0.0581742041
v 0.0834182724 1.39642334 0.0925458148
v 0.086863704 1.40072358 0.0518836565
v -0.0259303283 1.39540184 0.102215707
v -0.0262137596 1.39623213 0.0866298079
v -0.048049584 1.39569318 0.0994455889
v -0.0493879318 1.3972621 0.0753338635
v -0.0742332414 1.39615595 0.0950751826
v -0.0765110776 1.39929414 0.0581741668
v -0.0834188089 1.39642334 0.0925457776
v -0.0868633986 1.4007231 0.0518838316
v -0.0847515836 1.36748993 0.0893274844
v -0.0857271552 1.36038172 0.0480820462
v -0.0823070854 1.35611641 0.0884140953
v -0.0765100494 1.34888196 0.0551433936
v -0.0742330924 1.3452307 0.0896884874
v 0.0847525001 1.36748838 0.0893275067
v -0.0329295434 1.47333324 0.0843769163
v -0.0612543002 1.46415842 0.0748443455
v -0.0377207138 1.50514328 0.0655710027
v -0.0678108856 1.48724926 0.058005996
v 9.07764108E-15 1.51098263 0.0755300075
v -0.0880460888 1.45375848 0.0511087738
v -0.0799150243 1.44009507 0.0609787367
v -0.0918145627 1.42896676 0.0326592773
v -0.0868617892 1.41169477 0.044989489
v -0.0547519624 1.43155158 0.086850673
v -0.0264561512 1.43498242 0.0966912135
v 9.07223617E-15 1.47619116 0.0882688686
v 9.07764108E-15 1.51098263 0.0755300075
v 9.07148315E-15 1.43621218 0.100569159
v -0.0761575773 1.42200243 0.066297546
v -0.0228220783 1.41288114 0.0995369703
v 9.07146028E-15 1.41284692 0.100933909
v -0.0726345703 1.4085927 0.0697299391
v -0.0883615837 1.39952815 0.0378776193
v -0.0522769205 1.41274393 0.0890154466
v -0.0950503498 1.41103053 0.0191864446
v -0.0957290456 1.38655245 0.00401543174
v -0.0860632658 1.3795675 0.0358111076
v -0.0894844159 1.36435366 0.002739185
v -0.083547391 1.36010599 0.0349116512
v -0.07924404 1.33927238 0.0347800665
v -0.080852747 1.33965564 0.00216185953
v -0.0133060655 1.38785517 0.0966534913
v 9.07167628E-15 1.38794482 0.0974171013
v -0.011225081 1.37189269 0.0871101543
v 9.07198375E-15 1.37266886 0.0923944637
v -0.0269122347 1.40167582 0.0946440846
v -0.0638472289 1.35059381 0.0604386888
v -0.063246496 1.33606625 0.0616688728
v -0.041955661 1.34790015 0.0724985078
v -0.0413131528 1.33681607 0.0756444559
v -0.0233367197 1.34096122 0.0838789269
v -0.0235787537 1.35326076 0.08016482
v -0.00899995863 1.3603096 0.0882000551
v 9.0720405E-15 1.36185813 0.0914670005
v -0.00705853337 1.34905422 0.095394522
v 9.07151619E-15 1.35168779 0.100024842
v -0.0240972005 1.3688637 0.0792313293
v -0.027796492 1.38901186 0.0837709978
v -0.0435227156 1.39330459 0.0818233266
v -0.0498221926 1.4049592 0.0896267518
v -0.0658249557 1.39199841 0.0692831278
v -0.0703838989 1.40209103 0.0707225874
v 0.00705853337 1.34905422 0.095394522
v 0.00899995863 1.3603096 0.0882000551
v 0.0233367197 1.34096122 0.0838789269
v 0.0235787537 1.35326076 0.08016482
v 0.041955661 1.34790015 0.0724985078
v 0.0413131528 1.33681607 0.0756444559
v 0.063246496 1.33606625 0.0616688728
v 0.0638472289 1.35059381 0.0604386888
v 0.083547391 1.36010599 0.0349116512
v 0.0860632658 1.3795675 0.0358111076
v 0.0894844159 1.36435366 0.002739185
v 0.0957290456 1.38655245 0.00401543174
v 0.0883615837 1.39952815 0.0378776193
v 0.0950503498 1.41103053 0.0191864446
v 0.0918145627 1.42896676 0.0326592773
v 0.0868617892 1.41169477 0.044989489
v 0.0799150243 1.44009507 0.0609787367
v 0.0880460888 1.45375848 0.0511087738
v 0.0612543002 1.46415842 0.0748443455
v 0.0678108856 1.48724926 0.058005996
v 0.0377207138 1.50514328 0.0655710027
v 0.0329295434 1.47333324 0.0843769163
v 9.07764108E-15 1.51098263 0.0755300075
v 0.0547519624 1.43155158 0.086850673
v 0.0264561512 1.43498242 0.0966912135
v 0.0761575773 1.42200243 0.066297546
v 0.0228220783 1.41288114 0.0995369703
v 0.0726345703 1.4085927 0.0697299391
v 0.0522769205 1.41274393 0.0890154466
v 0.0133060655 1.38785517 0.0966534913
v 0.011225081 1.37189269 0.0871101543
v 0.0269122347 1.40167582 0.0946440846
v 0.0240972005 1.3688637 0.0792313293
v 0.027796492 1.38901186 0.0837709978
v 0.0435227156 1.39330459 0.0818233266
v 0.0498221926 1.4049592 0.0896267518
v 0.0658249557 1.39199841 0.0692831278
v 0.0703838989 1.40209103 0.0707225874
v 0.080852747 1.33965564 0.00216185953
v 0.07924404 1.33927238 0.0347800665
v -0.019664593 1.32752395 0.0877879038
v -0.00901425537 1.33513522 0.0962196141
v -0.0023972753 1.34236336 0.107499138
v -0.00640226668 1.32929134 0.0952566862
v 9.07177199E-15 1.32913864 0.0958504155
v 9.07097578E-15 1.3430922 0.108843535
v -0.0379089788 1.32499993 0.0783338398
v -0.0620931089 1.31860375 0.0582942516
v -0.0703072101 1.31817472 0.0434433967
v -0.0724908784 1.31840491 0.0267607011
v -0.0744805411 1.32331872 0.00313577289
v -0.0537213609 1.30044949 0.0503984168
v -0.0489472635 1.30666411 0.0642656088
v -0.0287256539 1.28545105 0.0643855557
v -0.0258115809 1.28639305 0.0470208004
v -0.0442040339 1.29524767 0.0372466557
v -0.0108888596 1.2798028 0.0546396002
v -0.0140390871 1.28545284 0.0305525847
v 1.23490009E-14 1.27944672 0.0350973941
v 9.07405729E-15 1.2762742 0.058534231
v -0.0106346104 1.27727127 0.0740187764
v 9.07289431E-15 1.27368104 0.0775224045
v -0.0358832031 1.29705608 0.017186109
v 9.07260378E-15 1.28550458 0.0822693631
v -0.00989013258 1.28756618 0.079821825
v -0.0263025519 1.29395366 0.0738399327
v -0.0616306663 1.30562449 0.0299631823
v -0.0584335737 1.30978775 0.00844337232
v -0.0107725617 1.30907285 0.0889156163
v 9.0720278E-15 1.309268 0.0916645005
v -0.0307062101 1.31066322 0.0786931813
v 0.00640226668 1.32929134 0.0952566862
v 0.0023972753 1.34236336 0.107499138
v 0.00901425537 1.33513522 0.0962196141
v 0.019664593 1.32752395 0.0877879038
v 0.0379089788 1.32499993 0.0783338398
v 0.0620931089 1.31860375 0.0582942516
v 0.0703072101 1.31817472 0.0434433967
v 0.0724908784 1.31840491 0.0267607011
v 0.0744805411 1.32331872 0.00313577289
v 0.0537213609 1.30044949 0.0503984168
v 0.0489472635 1.30666411 0.0642656088
v 0.0287256539 1.28545105 0.0643855557
v 0.0258115809 1.28639305 0.0470208004
v 0.0442040339 1.29524767 0.0372466557
v 0.0108888596 1.2798028 0.0546396002
v 0.0140390871 1.28545284 0.0305525847
v 0.0106346104 1.27727127 0.0740187764
v 0.0358832031 1.29705608 0.017186109
v 0.00989013258 1.28756618 0.079821825
v 0.0263025519 1.29395366 0.0738399327
v 0.0616306663 1.30562449 0.0299631823
v 0.0584335737 1.30978775 0.00844337232
v 0.0107725617 1.30907285 0.0889156163
v 0.0307062101 1.31066322 0.0786931813
vt 0.229899228 0.342464447
vt 0.229899228 0.348972082
vt 0.220169783 0.342464447
vt 0.220169783 0.348972082
vt 0.284942061 0.173465267
vt 0.284958929 0.193288371
vt 0.255201817 0.173422143
vt 0.255200803 0.19328855
vt 0.284942061 0.173465267
vt 0.255201817 0.173422143
vt 0.284958929 0.193288341
vt 0.255200803 0.19328855
vt 0.238118947 0.366446257
vt 0.238118947 0.359400511
vt 0.232018828 0.366446018
vt 0.232018888 0.359400511
vt 0.227939129 0.366446495
vt 0.227939129 0.359400511
vt 0.244219184 0.366446018
vt 0.244219184 0.359400511
vt 0.248299003 0.359400511
vt 0.248299003 0.366446257
vt 0.223858953 0.366446495
vt 0.223858953 0.359400511
vt 0.217758656 0.359400511
vt 0.217758656 0.366446495
vt 0.211658716 0.366446018
vt 0.211658597 0.359400272
vt 0.284942061 0.173465297
vt 0.284958929 0.193288341
vt 0.255201817 0.173422143
vt 0.255200803 0.19328855
vt 0.220169783 0.348972082
vt 0.229899228 0.348972082
vt 0.220169783 0.342464447
vt 0.229899228 0.342464447
vt 0.284942061 0.173465297
vt 0.255201817 0.173422143
vt 0.284958929 0.193288371
vt 0.255200803 0.19328855
vt 0.229899228 0.348972082
vt 0.229899228 0.342464447
vt 0.220169783 0.348972082
vt 0.220169783 0.342464447
vt 0.229899228 0.342464447
vt 0.229899228 0.348972082
vt 0.220169783 0.342464447
vt 0.220169783 0.348972082
vt 0.248299003 0.366446257
vt 0.211658716 0.366446018
vt 0.248299003 0.359400511
vt 0.211658597 0.359400272
vt 0.11285428 0.541127682
vt 0.112854242 0.518970966
vt 0.154469371 0.544057846
vt 0.153914511 0.518031836
vt 0.112854242 0.553579092
vt 0.155434847 0.556708336
vt 0.112854183 0.496277183
vt 0.154051065 0.495943069
vt 0.112854242 0.48296988
vt 0.154118896 0.484698296
vt 0.153949618 0.466148376
vt 0.112854227 0.466268301
vt 0.153846145 0.450472355
vt 0.112854242 0.45149374
vt 0.153985262 0.436373711
vt 0.112854242 0.437866688
vt 0.154536724 0.420843124
vt 0.112854242 0.422749758
vt 0.156292558 0.383423805
vt 0.112854242 0.391567588
vt 0.159683824 0.383721828
vt 0.157730579 0.420791626
vt 0.157148004 0.436460018
vt 0.157322407 0.484667301
vt 0.157134056 0.466148376
vt 0.157022357 0.45041132
vt 0.104164124 0.45149374
vt 0.0955014527 0.466304272
vt 0.0954740122 0.45149374
vt 0.0738403276 0.4666408
vt 0.0725918338 0.481348425
vt 0.09507332 0.482071102
vt 0.0945925787 0.49553293
vt 0.0677630007 0.495282292
vt 0.0939642042 0.518941045
vt 0.0688034296 0.519495487
vt 0.0642923787 0.501136839
vt 0.0537587702 0.521752536
vt 0.0548160747 0.503275335
vt 0.0453927889 0.49974817
vt 0.0381292701 0.523275733
vt 0.0539251193 0.540323496
vt 0.0381711423 0.541602135
vt 0.0151879704 0.523670435
vt 0.0161498804 0.499237776
vt 0.00670160213 0.499348402
vt 0.005288288 0.523533583
vt 0.0141013041 0.547777593
vt 0.00289811962 0.552801609
vt 0.0125376685 0.565003932
vt 0.0278609376 0.569190741
vt 0.0221763793 0.577205181
vt 0.00688811764 0.483268023
vt 0.0163593516 0.482990712
vt 0.0418506004 0.494038939
vt 0.0360629 0.480984002
vt 0.0159859993 0.467065781
vt 0.00653337734 0.466979504
vt 0.0334899761 0.466668069
vt 0.0155435903 0.451935709
vt 0.00551808951 0.452363968
vt 0.031935785 0.453705758
vt 0.00619191909 0.43686676
vt 0.0161244906 0.436925352
vt 0.00701077888 0.417611867
vt 0.0169373285 0.417943448
vt 0.00959356595 0.38125658
vt 0.0196390729 0.380978346
vt 0.0419461727 0.384702682
vt 0.0454407223 0.43178466
vt 0.0351623334 0.441836774
vt 0.0481415465 0.422086388
vt 0.0564545393 0.387364388
vt 0.0571451001 0.415245265
vt 0.0662781447 0.419394761
vt 0.0706737638 0.389436245
vt 0.068580091 0.425414443
vt 0.0954717174 0.422749758
vt 0.095736742 0.438063145
vt 0.0719183683 0.438295573
vt 0.094830215 0.391124755
vt 0.0738343149 0.45157665
vt 0.10394796 0.391576737
vt 0.104363017 0.422749758
vt 0.104295492 0.437964916
vt 0.708575666 0.354678869
vt 0.708818495 0.353970706
vt 0.708871305 0.35484457
vt 0.70923692 0.354173094
vt 0.709573388 0.354404569
vt 0.709113896 0.355028152
vt 0.71024847 0.354813516
vt 0.709384024 0.35529685
vt 0.710145354 0.354900122
vt 0.709555745 0.355495095
vt 0.708275199 0.354553938
vt 0.708438218 0.353827178
vt 0.708120704 0.353747606
vt 0.707996666 0.354473114
vt 0.707793057 0.353688091
vt 0.707712173 0.354414701
vt 0.707449734 0.353656828
vt 0.707433522 0.354369164
vt 0.710530221 0.354178548
vt 0.710169971 0.353562117
vt 0.710927248 0.353523016
vt 0.710842252 0.352596074
vt 0.711324334 0.352867484
vt 0.711603582 0.351626754
vt 0.710957348 0.351405382
vt 0.710439384 0.352157444
vt 0.71028471 0.351164937
vt 0.709859908 0.351897568
vt 0.712297499 0.351902008
vt 0.712708235 0.352177858
vt 0.711572409 0.353230238
vt 0.711272061 0.353596449
vt 0.709743261 0.35327065
vt 0.710958481 0.353940606
vt 0.710667133 0.354293108
vt 0.70927161 0.353046
vt 0.709605813 0.350920558
vt 0.70924592 0.35169372
vt 0.708988667 0.350716352
vt 0.708695412 0.351522893
vt 0.708832502 0.352908492
vt 0.708155632 0.351300687
vt 0.708351851 0.350537539
vt 0.708410919 0.352862924
vt 0.70753485 0.351098418
vt 0.707797408 0.350402594
vt 0.707858324 0.353010774
vt 0.707271338 0.353203624
vt 0.570498586 0.321985722
vt 0.570498586 0.259971619
vt 0.551775098 0.321985722
vt 0.551775098 0.259971619
vt 0.619168997 0.301447868
vt 0.599260092 0.25942421
vt 0.640405059 0.29205513
vt 0.625878751 0.247389078
vt 0.662563324 0.283202171
vt 0.652517319 0.23692131
vt 0.688943982 0.274921656
vt 0.681314707 0.229043722
vt 0.712748528 0.270138741
vt 0.710282087 0.222859859
vt 0.736453176 0.26573658
vt 0.732455969 0.217300415
vt 0.759354591 0.262230396
vt 0.757392168 0.217300415
vt 0.782602549 0.258962154
vt 0.782602549 0.217300415
vt 0.575657845 0.219323158
vt 0.603630543 0.20511198
vt 0.633854747 0.192306519
vt 0.5979563 0.194048643
vt 0.628405094 0.180615902
vt 0.661364079 0.170888424
vt 0.622935295 0.168837547
vt 0.629304051 0.0954208374
vt 0.601026952 0.126040623
vt 0.606666923 0.0497026443
vt 0.648058414 0.0409345627
vt 0.667712569 0.0835878849
vt 0.685083866 0.0316634178
vt 0.704045832 0.0789487362
vt 0.564865112 0.0575079918
vt 0.556744456 0.122428179
vt 0.523039341 0.062841177
vt 0.741047263 0.0770306587
vt 0.722873688 0.0202112198
vt 0.782602549 0.0706248283
vt 0.76005125 0.00884580612
vt 0.68840003 0.16693303
vt 0.719568551 0.162293687
vt 0.749492168 0.163559437
vt 0.780295253 0.167020395
vt 0.537704766 0.137060642
vt 0.476494074 0.0686612129
vt 0.530079246 0.14847374
vt 0.444705367 0.0757837296
vt 0.506355286 0.159911156
vt 0.545689106 0.173017979
vt 0.523905516 0.184931755
vt 0.571359634 0.191218376
vt 0.561150312 0.196624756
vt 0.578606963 0.20277977
vt 0.54072082 0.208625317
vt 0.556473494 0.230969429
vt 0.1544476 0.517738819
vt 0.112854242 0.518970966
vt 0.155008733 0.543077946
vt 0.112854242 0.541127682
vt 0.112854242 0.553579092
vt 0.155434847 0.556708336
vt 0.112854242 0.496277183
vt 0.154571295 0.496183872
vt 0.154629141 0.484833241
vt 0.112854242 0.48296991
vt 0.15463841 0.4661479
vt 0.112854242 0.466268301
vt 0.154676378 0.450537443
vt 0.112854242 0.45149374
vt 0.154787868 0.436377048
vt 0.112854242 0.438108295
vt 0.112854242 0.422749758
vt 0.155147284 0.421721935
vt 0.156205699 0.393600464
vt 0.112854242 0.391567588
vt 0.212512851 0.398902893
vt 0.212512732 0.4236269
vt 0.21251297 0.495121956
vt 0.212512851 0.515636444
vt 0.21251297 0.484168053
vt 0.212512732 0.437894821
vt 0.21251297 0.451187611
vt 0.21251297 0.466148376
vt 0.104763113 0.422749758
vt 0.10394796 0.391576767
vt 0.0954717174 0.422749758
vt 0.094830215 0.391124725
vt 0.0706737638 0.389436245
vt 0.0685800761 0.425414413
vt 0.0662781224 0.419394791
vt 0.0564545393 0.387364388
vt 0.057145115 0.415245265
vt 0.048141513 0.422086388
vt 0.0419461727 0.384702682
vt 0.0454407632 0.431784749
vt 0.0169373378 0.417943478
vt 0.0196390729 0.380978346
vt 0.00959356595 0.38125658
vt 0.00701077981 0.417611837
vt 0.0161244459 0.436925411
vt 0.00619183527 0.43686676
vt 0.0155435996 0.451935768
vt 0.00551810814 0.452363968
vt 0.00653337734 0.466979504
vt 0.0159860086 0.467065811
vt 0.00688817445 0.483268023
vt 0.0163593758 0.482990742
vt 0.0161498822 0.499237776
vt 0.00670160213 0.499348402
vt 0.0151879704 0.523670435
vt 0.00528828613 0.523533583
vt 0.0141012669 0.547777653
vt 0.00289810915 0.552801609
vt 0.0125372447 0.565003395
vt 0.0278609376 0.569190741
vt 0.0221763793 0.577205181
vt 0.0381712914 0.541602135
vt 0.0381292701 0.523275852
vt 0.0418505445 0.494039059
vt 0.0360629298 0.480984002
vt 0.0334899873 0.466668069
vt 0.041411072 0.555139899
vt 0.0319357961 0.453705758
vt 0.045392774 0.49974817
vt 0.0537587702 0.521752596
vt 0.0548160858 0.503275394
vt 0.0351623334 0.441836774
vt 0.0539251566 0.540323496
vt 0.0553696156 0.552455664
vt 0.0454407558 0.431785107
vt 0.0642924011 0.501136839
vt 0.0688034296 0.519495487
vt 0.0677629039 0.495282322
vt 0.0683767796 0.539896965
vt 0.0692278147 0.552487373
vt 0.0931225866 0.540395498
vt 0.0939642042 0.518941164
vt 0.0938393772 0.552705288
vt 0.0945925787 0.49553299
vt 0.0725920051 0.481347889
vt 0.0950733125 0.482071161
vt 0.102500647 0.540685177
vt 0.102722928 0.55296874
vt 0.0955014527 0.466304302
vt 0.073840335 0.46664077
vt 0.0954740196 0.45149374
vt 0.0738343149 0.45157662
vt 0.095736742 0.438063145
vt 0.0719182789 0.438295603
vt 0.104934573 0.438448906
vt 0.104650833 0.45149374
vt 0.212512732 0.540412903
vt 0.212512732 0.547872543
vt 0.70265317 0.325863838
vt 0.699961543 0.324888706
vt 0.69999218 0.328441143
vt 0.696758509 0.326397896
vt 0.696296096 0.327345848
vt 0.703536987 0.327137947
vt 0.703581691 0.329795361
vt 0.702253103 0.331539154
vt 0.700380206 0.332159996
vt 0.698299408 0.331735134
vt 0.696379542 0.328598738
vt 0.157113612 0.517889977
vt 0.157803774 0.544023991
vt 0.158838153 0.556555748
vt 0.157268167 0.495826721
vt 0.157730579 0.420791626
vt 0.189960718 0.422152519
vt 0.157148004 0.436460018
vt 0.189258337 0.436975002
vt 0.159683824 0.383721828
vt 0.193432808 0.388372421
vt 0.157022357 0.45041132
vt 0.189203858 0.450240135
vt 0.157134056 0.466148376
vt 0.189182281 0.466148376
vt 0.189224482 0.484820843
vt 0.157322407 0.484667301
vt 0.189210296 0.495555878
vt 0.157268167 0.495826721
vt 0.189457595 0.516141176
vt 0.157113612 0.517889977
vt 0.191291571 0.54199934
vt 0.157803774 0.544023991
vt 0.192593694 0.551830769
vt 0.158838153 0.556555748
vt 0.828904808 0.0680240765
vt 0.855540991 0.0680240765
vt 0.828904808 0.00770764099
vt 0.851258934 0.00770764099
vt 0.828904808 0.0891921446
vt 0.856492579 0.0891921446
vt 0.794689119 0.00770764099
vt 0.79135859 0.0680240765
vt 0.791120708 0.0891921446
vt 0.568802238 0.29731369
vt 0.568802238 0.266639709
vt 0.547263503 0.29731369
vt 0.547263503 0.266639709
vt 0.710667133 0.354293108
vt 0.710145354 0.354900122
vt 0.71024847 0.354813516
vt 0.570498586 0.318039894
vt 0.568950415 0.266044617
vt 0.551775098 0.318039894
vt 0.54784584 0.266044617
vt 0.582087934 0.135227442
vt 0.631353855 0.177248731
vt 0.572142422 0.178798676
vt 0.711479723 0.352747947
vt 0.710932851 0.352467179
vt 0.710705101 0.353991866
vt 0.710162759 0.353564441
vt 0.710958481 0.353940606
vt 0.711845636 0.352967858
vt 0.710440397 0.352167606
vt 0.710957348 0.351405382
vt 0.711603582 0.351626754
vt 0.71028471 0.351164937
vt 0.709861875 0.351894915
vt 0.709743381 0.353273004
vt 0.712297499 0.351902008
vt 0.710667133 0.354293108
vt 0.709273756 0.353044808
vt 0.712708235 0.352177858
vt 0.709605813 0.350920558
vt 0.709244192 0.351698279
vt 0.709573388 0.354404688
vt 0.710248411 0.354812682
vt 0.708818495 0.353970617
vt 0.709220409 0.354164481
vt 0.70897758 0.350745678
vt 0.708698213 0.351515502
vt 0.708833337 0.352908462
vt 0.708438158 0.353827178
vt 0.708150327 0.351314783
vt 0.70835197 0.350537539
vt 0.708871305 0.35484457
vt 0.709113896 0.355028152
vt 0.709384024 0.35529685
vt 0.710145354 0.354900122
vt 0.709555745 0.355495095
vt 0.708575666 0.354678869
vt 0.707861125 0.35300383
vt 0.708410978 0.35286352
vt 0.708120704 0.353747636
vt 0.707535028 0.351098418
vt 0.707797468 0.350402594
vt 0.70727706 0.353188843
vt 0.708275199 0.354553938
vt 0.707996666 0.354473114
vt 0.707793057 0.353688091
vt 0.707712173 0.354414701
vt 0.707449734 0.353656858
vt 0.707433522 0.354369164
vt 0.708459616 0.35503149
vt 0.708058715 0.354889512
vt 0.707641363 0.354783773
vt 0.707433522 0.354746342
vt 0.708719492 0.355148554
vt 0.708921313 0.355278015
vt 0.709190428 0.355530739
vt 0.709343791 0.355702758
vt 0.564865112 0.0575079918
vt 0.581613779 0.0893337727
vt 0.606666803 0.0497026443
vt 0.629303992 0.0954210758
vt 0.543025613 0.0986528397
vt 0.523039401 0.062841177
vt 0.476494074 0.0686607361
vt 0.516905606 0.128961086
vt 0.444705486 0.0757837296
vt 0.491396099 0.139484882
vt 0.54072082 0.208625317
vt 0.561150312 0.196624756
vt 0.556436777 0.16767025
vt 0.569209337 0.187777996
vt 0.541628122 0.143071651
vt 0.575657964 0.219323158
vt 0.556473494 0.230969429
vt 0.648058414 0.0409345627
vt 0.66771251 0.0835878849
vt 0.533686757 0.130993128
vt 0.578607202 0.20277977
vt 0.685083866 0.0316634178
vt 0.704045832 0.0789487362
vt 0.599260211 0.25942421
vt 0.581508994 0.268422127
vt 0.625450134 0.247836828
vt 0.603404999 0.205796957
vt 0.741047263 0.0770306587
vt 0.722873688 0.0202112198
vt 0.782602549 0.0706248283
vt 0.760051012 0.00884532928
vt 0.619168997 0.301447868
vt 0.60471487 0.308412552
vt 0.640405059 0.29205513
vt 0.652517319 0.23692131
vt 0.633854747 0.192306519
vt 0.607940316 0.189594269
vt 0.628405094 0.180615425
vt 0.662563324 0.283202171
vt 0.78029561 0.167020634
vt 0.749492049 0.163559407
vt 0.661363959 0.170888662
vt 0.681314766 0.229043961
vt 0.688943982 0.274921656
vt 0.623043299 0.169201374
vt 0.611044407 0.145419598
vt 0.598685145 0.121362209
vt 0.593352139 0.111303806
vt 0.581335068 0.114379637
vt 0.568681836 0.118526697
vt 0.68840009 0.166933298
vt 0.719568431 0.162293553
vt 0.757392049 0.217300415
vt 0.782602549 0.217300415
vt 0.732455969 0.217300415
vt 0.710281968 0.222859859
vt 0.712748528 0.270138741
vt 0.736453176 0.26573658
vt 0.759354591 0.262230396
vt 0.782602549 0.258962154
vt 0.696436763 0.281502247
vt 0.681554556 0.28465271
vt 0.661612511 0.304064751
vt 0.643561423 0.31044054
vt 0.648664474 0.328917027
vt 0.675326228 0.298379898
vt 0.66132921 0.334393978
vt 0.688884139 0.290547848
vt 0.654797912 0.347353458
vt 0.702439547 0.29323101
vt 0.717437983 0.291488171
vt 0.738768816 0.287445545
vt 0.682297707 0.311395168
vt 0.671971381 0.332440853
vt 0.672180831 0.355916023
vt 0.6972242 0.316324234
vt 0.712150693 0.3212533
vt 0.728408575 0.315167248
vt 0.744448185 0.305214405
vt 0.679073572 0.350786686
vt 0.665542841 0.364045143
vt 0.760289311 0.284116745
vt 0.684892237 0.367236316
vt 0.68871212 0.359518528
vt 0.680369914 0.375929832
vt 0.760289311 0.302333355
vt 0.721179366 0.338405132
vt 0.728441954 0.340180397
vt 0.782602549 0.28064537
vt 0.782602549 0.299044609
vt 0.740103602 0.342411995
vt 0.760289311 0.34200573
vt 0.700499535 0.371276915
vt 0.700499535 0.38182044
vt 0.700499535 0.3646245
vt 0.782602549 0.338533878
vt 0.720196009 0.350829601
vt 0.724873424 0.35615921
vt 0.712245822 0.360884666
vt 0.715093374 0.368504167
vt 0.736598432 0.366919518
vt 0.720269322 0.378893375
vt 0.751349688 0.375187874
vt 0.782602549 0.371217728
vt 0.763403654 0.379901886
vt 0.782602549 0.376743317
vt 0.700499535 0.397279739
vt 0.674270272 0.391025543
vt 0.658823133 0.38544178
vt 0.651009798 0.374107361
vt 0.638645411 0.353477478
vt 0.629653931 0.333724976
vt 0.623695254 0.31670332
vt 0.61131227 0.308093071
vt 0.728258848 0.390082359
vt 0.746478319 0.384382248
vt 0.710248411 0.354812682
vt 0.710145354 0.354900122
vt 0.710667133 0.354293108
vt 0.790177047 0.105059147
vt 0.790144682 0.117781639
vt 0.797583759 0.105059147
vt 0.797627091 0.117781639
vt 0.797627091 0.144153595
vt 0.790144682 0.144153595
vt 0.790144682 0.169166565
vt 0.792647481 0.169166565
vt 0.797627091 0.169166565
vt 0.807279766 0.105059147
vt 0.797628462 0.100688457
vt 0.807225645 0.100688457
vt 0.819241285 0.100688457
vt 0.81891942 0.105059147
vt 0.830559075 0.105059147
vt 0.831256986 0.100688457
vt 0.81872797 0.117781639
vt 0.830167532 0.117781639
vt 0.81872797 0.144153595
vt 0.830167532 0.144153595
vt 0.81872797 0.169166565
vt 0.830167532 0.169166565
vt 0.845956564 0.144153595
vt 0.845956564 0.169166565
vt 0.851868868 0.144153595
vt 0.851868868 0.117781639
vt 0.85734129 0.117781639
vt 0.851713538 0.105059147
vt 0.857283771 0.105059147
vt 0.846363723 0.105059147
vt 0.845352948 0.100688457
vt 0.851876915 0.100688457
vt 0.845956564 0.117781639
vt 0.85734129 0.144153595
vt 0.855210543 0.169166565
vt 0.85734129 0.169166565
vt 0.851868868 0.169166565
vt 0.788823068 0.19136934
vt 0.792647481 0.174470901
vt 0.790144682 0.174470901
vt 0.799876451 0.174470901
vt 0.799876451 0.19136934
vt 0.815021992 0.174470901
vt 0.815021992 0.19136934
vt 0.830167532 0.174470901
vt 0.830167532 0.19136934
vt 0.841343641 0.174470901
vt 0.858910918 0.19136934
vt 0.855210543 0.174470901
vt 0.85734129 0.174470901
vt 0.572142422 0.178798676
vt 0.631353855 0.177248746
vt 0.582087934 0.135227442
vt 0.678748429 0.00785636902
vt 0.657590032 0.00785636902
vt 0.678748429 0.0226106644
vt 0.657590032 0.0226106644
vt 0.626892447 0.00785636902
vt 0.626892447 0.0226106644
vt 0.600800872 0.00785636902
vt 0.600800872 0.0226106644
vt 0.574709296 0.0226106644
vt 0.574709296 0.00785636902
vt 0.551538765 0.0226106644
vt 0.551538765 0.00785636902
vt 0.556675315 0.12233758
vt 0.544412315 0.127174616
vt 0.597753644 0.194133043
vt 0.587566972 0.198671818
vt 0.807288408 0.117781639
vt 0.807288408 0.144153595
vt 0.807288408 0.169166565
vt 0.703339458 0.330068111
vt 0.70433259 0.33061409
vt 0.704160213 0.329535484
vt 0.704842925 0.329661369
vt 0.705548286 0.330670357
vt 0.703195095 0.330924511
vt 0.703530788 0.331404686
vt 0.705346942 0.331206322
vt 0.704807043 0.331570625
vt 0.704133868 0.331642151
vt 0.687785268 0.340239525
vt 0.687124729 0.340693474
vt 0.687465906 0.341320038
vt 0.687631965 0.340092659
vt 0.686978459 0.340348244
vt 0.688297629 0.340025902
vt 0.041411072 0.555139899
vt 0.0561280474 0.552457452
vt 0.0691761822 0.552494168
vt 0.0683767796 0.539896905
vt 0.0931225866 0.540395498
vt 0.0938393921 0.552705288
vt 0.102500647 0.540685117
vt 0.102722928 0.55296874
vt 0.125380367 0.578784049
vt 0.134503856 0.566566288
vt 0.141868502 0.578784049
vt 0.125380367 0.562853277
vt 0.134503856 0.590351343
vt 0.108770862 0.578784049
vt 0.108770862 0.592373669
vt 0.125380367 0.592373669
vt 0.108770862 0.562853277
vt 0.0918815657 0.592373669
vt 0.0918815657 0.578784049
vt 0.0918815657 0.562853277
vt 0.0741304308 0.562853277
vt 0.0741304308 0.578784049
vt 0.0741304308 0.592373669
vt 0.0571565181 0.578784049
vt 0.0571565181 0.562853277
vt 0.0571565181 0.592373669
vt 0.0414566845 0.562853277
vt 0.0414566845 0.578784049
vt 0.0414566845 0.592373669
vt 0.0331533253 0.566566288
vt 0.0331533253 0.590351343
vt 0.0267217085 0.578784049
vt 0.687631965 0.340092659
vt 0.688297629 0.340025902
vt 0.688251019 0.339886665
vt 0.688831091 0.339858055
vt 0.689655185 0.339922905
vt 0.689642191 0.339796543
vt 0.689873099 0.340060234
vt 0.690344691 0.339855671
vt 0.69015789 0.34015274
vt 0.69099617 0.339962006
vt 0.690344691 0.339855671
vt 0.688831091 0.339858055
vt 0.689642191 0.339796543
vt 0.688819885 0.340010166
vt 0.688251019 0.339886665
vt 0.690561056 0.3402071
vt 0.6909343 0.340158939
vt 0.69099617 0.339962006
vt 0.69127667 0.339978218
vt 0.69167769 0.340259552
vt 0.69127667 0.33997798
vt 0.69167769 0.339995623
vt 0.901888847 0.311934948
vt 0.890454292 0.304893494
vt 0.903598785 0.307949543
vt 0.891577244 0.301659584
vt 0.886844635 0.2936759
vt 0.883192539 0.293324947
vt 0.883561373 0.314294338
vt 0.897192478 0.322880745
vt 0.87383604 0.302453041
vt 0.86548996 0.285501957
vt 0.881450653 0.280593395
vt 0.864245415 0.266791821
vt 0.879253387 0.264560223
vt 0.887500525 0.271572113
vt 0.888682842 0.247710705
vt 0.87927413 0.248393059
vt 0.860586643 0.247740746
vt 0.879323959 0.235232353
vt 0.889636517 0.222760677
vt 0.879512548 0.224612236
vt 0.88018012 0.201496124
vt 0.890591145 0.199916363
vt 0.882501125 0.179051399
vt 0.891152382 0.177908897
vt 0.885212421 0.157305717
vt 0.891152382 0.155900955
vt 0.891152382 0.136611938
vt 0.886560678 0.13958168
vt 0.856074333 0.225962162
vt 0.861097813 0.204530239
vt 0.866357327 0.181115627
vt 0.871767759 0.15724659
vt 0.877421856 0.148230553
vt 0.681534529 0.339354992
vt 0.682229519 0.339495182
vt 0.681699395 0.339082956
vt 0.682296991 0.339092255
vt 0.682923079 0.339517832
vt 0.68290329 0.339012384
vt 0.681143045 0.339226246
vt 0.681106091 0.339344025
vt 0.682292938 0.339046478
vt 0.681691289 0.339041233
vt 0.682917833 0.338974714
vt 0.683378816 0.339498997
vt 0.683382034 0.339539766
vt 0.683833122 0.338843822
vt 0.68381691 0.338807106
vt 0.68450737 0.339023352
vt 0.684497595 0.33907032
vt 0.685298085 0.339209318
vt 0.685287714 0.339256525
vt 0.686111927 0.33937788
vt 0.686100483 0.339422703
vt 0.686417222 0.339517593
vt 0.686434865 0.339473963
vt 0.686830282 0.339672089
vt 0.686811209 0.339714527
vt 0.687051177 0.339735031
vt 0.686128855 0.339654922
vt 0.685359955 0.339670658
vt 0.684574485 0.339652538
vt 0.683795214 0.339556694
vt 0.680696011 0.339188576
vt 0.680195093 0.339185238
vt 0.680691242 0.339231014
vt 0.680195093 0.339232922
vt 0.681138277 0.339183807
vt 0.680703282 0.339336872
vt 0.680195093 0.339386702
vt 0.708459616 0.35503149
vt 0.708719492 0.355148554
vt 0.708921313 0.355278015
vt 0.709190428 0.355530739
vt 0.709343791 0.355702758
vt 0.708058715 0.354889512
vt 0.707641363 0.354783773
vt 0.707433522 0.354746342
vt 0.643561423 0.31044054
vt 0.661612511 0.304064751
vt 0.648664474 0.328917027
vt 0.66132921 0.332873315
vt 0.681554556 0.28465271
vt 0.675326228 0.298379898
vt 0.696436763 0.281502247
vt 0.688884139 0.290547848
vt 0.702439547 0.29323101
vt 0.717437983 0.291488171
vt 0.682297707 0.311395168
vt 0.738768816 0.287445545
vt 0.671971381 0.332440853
vt 0.6972242 0.316324234
vt 0.712150693 0.3212533
vt 0.728408575 0.315167248
vt 0.744448185 0.305214405
vt 0.760289311 0.284116745
vt 0.760289311 0.302333355
vt 0.721179366 0.338405132
vt 0.728441954 0.340180397
vt 0.782602549 0.28064537
vt 0.782602549 0.299044609
vt 0.740103602 0.342411995
vt 0.760289311 0.34200573
vt 0.782602549 0.338533878
vt 0.724873424 0.35615921
vt 0.736598432 0.366919518
vt 0.720196009 0.350829601
vt 0.712245822 0.360884666
vt 0.715093374 0.368504167
vt 0.700499535 0.371276915
vt 0.700499535 0.38182044
vt 0.680369914 0.375929832
vt 0.684892237 0.367236316
vt 0.665542841 0.364045143
vt 0.672180831 0.355916023
vt 0.679073572 0.350786686
vt 0.68871212 0.359518528
vt 0.700499535 0.3646245
vt 0.720269322 0.378893375
vt 0.658823133 0.38544178
vt 0.651009798 0.374107361
vt 0.674270272 0.391025543
vt 0.700499535 0.397279739
vt 0.728258848 0.390082359
vt 0.751349688 0.375187874
vt 0.782602549 0.371217728
vt 0.763403654 0.379901886
vt 0.782602549 0.376743317
vt 0.746478319 0.384382248
vt 0.687785268 0.340239525
vt 0.687465906 0.341320038
vt 0.687124729 0.340693474
vt 0.687631965 0.340092659
vt 0.686978459 0.340348244
vt 0.688297629 0.340025902
vt 0.858758986 0.308411837
vt 0.850421846 0.321371317
vt 0.844288409 0.302934885
vt 0.869610608 0.329933882
vt 0.861166775 0.338063002
vt 0.0685804412 0.425414175
vt 0.0685800761 0.425414413
vt 0.0662781224 0.419394791
vt 0.0719182789 0.438295603
vt 0.125380367 0.578784049
vt 0.141868532 0.578784049
vt 0.134503856 0.566566288
vt 0.125380367 0.562853277
vt 0.134503856 0.590351343
vt 0.108770862 0.578784049
vt 0.108770862 0.592373669
vt 0.125380367 0.592373669
vt 0.108770862 0.562853277
vt 0.0918815657 0.592373669
vt 0.0918815657 0.578784049
vt 0.0918815657 0.562853277
vt 0.0741304308 0.562853277
vt 0.0741304308 0.578784049
vt 0.0741304308 0.592373669
vt 0.0571565181 0.578784049
vt 0.0571565181 0.562853277
vt 0.0571565181 0.592373669
vt 0.0414566845 0.562853277
vt 0.0414566845 0.578784049
vt 0.0414566845 0.592373669
vt 0.0331533253 0.566566288
vt 0.0331533253 0.590351343
vt 0.0267216768 0.578784049
vt 0.703760803 0.322637081
vt 0.704532146 0.32262516
vt 0.705269217 0.322194815
vt 0.623695254 0.31670332
vt 0.61131227 0.308093071
vt 0.629653931 0.333724976
vt 0.60471487 0.308412552
vt 0.687631965 0.340092659
vt 0.688251019 0.339886665
vt 0.688297629 0.340025902
vt 0.688831091 0.339858055
vt 0.689642191 0.339796543
vt 0.689655185 0.339922905
vt 0.689873099 0.340060234
vt 0.690344691 0.339855671
vt 0.690359473 0.34017992
vt 0.69099617 0.339962006
vt 0.703937173 0.354428768
vt 0.696214437 0.354428768
vt 0.703937173 0.346672058
vt 0.696214437 0.346672058
vt 0.696214437 0.361511707
vt 0.703937173 0.361511707
vt 0.688831091 0.339858055
vt 0.688819885 0.340010166
vt 0.689642191 0.339796543
vt 0.688251019 0.339886665
vt 0.690561056 0.3402071
vt 0.69099617 0.339962006
vt 0.6909343 0.340158939
vt 0.69127667 0.339978218
vt 0.69167769 0.340259552
vt 0.69127667 0.33997798
vt 0.69167769 0.339995623
vt 0.901888847 0.311934948
vt 0.903598785 0.307949543
vt 0.890454292 0.304893494
vt 0.891577244 0.301659584
vt 0.886844635 0.2936759
vt 0.883192539 0.293324947
vt 0.883561373 0.314294338
vt 0.897192478 0.322880745
vt 0.87383604 0.302453041
vt 0.86548996 0.285501957
vt 0.881450653 0.280592918
vt 0.864245415 0.266791821
vt 0.879253387 0.264559746
vt 0.887500525 0.271572113
vt 0.888682842 0.247710705
vt 0.87927413 0.248393059
vt 0.860586643 0.247740746
vt 0.879323959 0.235232353
vt 0.889636517 0.222760677
vt 0.879512548 0.224612236
vt 0.88018012 0.201496124
vt 0.890591145 0.199916363
vt 0.882501125 0.179051399
vt 0.891152382 0.177908897
vt 0.885212421 0.157305717
vt 0.891152382 0.155900955
vt 0.891152382 0.136611938
vt 0.886560678 0.13958168
vt 0.856074333 0.225962162
vt 0.861097813 0.204530239
vt 0.866357327 0.181115627
vt 0.871767759 0.15724659
vt 0.877421856 0.148230553
vt 0.682296991 0.339092255
vt 0.682229519 0.339495182
vt 0.681699395 0.339082956
vt 0.681534529 0.339354992
vt 0.682923079 0.339517832
vt 0.68290329 0.339012384
vt 0.681143045 0.339226246
vt 0.681106091 0.339344025
vt 0.682292938 0.339046478
vt 0.681691289 0.339041233
vt 0.682917833 0.338974714
vt 0.683378816 0.339498997
vt 0.683382034 0.339539766
vt 0.683833122 0.338843822
vt 0.68381691 0.338807106
vt 0.68450737 0.339023352
vt 0.684497595 0.33907032
vt 0.685298085 0.339209318
vt 0.685287714 0.339256525
vt 0.686111927 0.33937788
vt 0.686100483 0.339422703
vt 0.686417222 0.339517593
vt 0.686434865 0.339473963
vt 0.686830282 0.339672089
vt 0.686811209 0.339714527
vt 0.687051177 0.339735031
vt 0.686128855 0.339654922
vt 0.685359955 0.339670658
vt 0.684574485 0.339652538
vt 0.683795214 0.339556694
vt 0.680696011 0.339188576
vt 0.680691242 0.339231014
vt 0.680195093 0.339185238
vt 0.680195093 0.339232922
vt 0.681138277 0.339183807
vt 0.680703282 0.339336872
vt 0.680195093 0.339386702
vt 0.339909077 0.0154027939
vt 0.339909077 0.0517430305
vt 0.342931509 0.0154027939
vt 0.342931509 0.0517430305
vt 0.336687803 0.0517430305
vt 0.336687803 0.0154027939
vt 0.345835567 0.0154027939
vt 0.345835567 0.0517430305
vt 0.348217607 0.0154027939
vt 0.348217607 0.0517430305
vt 0.350615203 0.0154027939
vt 0.350615203 0.0517430305
vt 0.353415966 0.0517430305
vt 0.353415966 0.0154027939
vt 0.364659786 0.0517430305
vt 0.364659786 0.0154027939
vt 0.400684953 0.0517430305
vt 0.400684953 0.0154027939
vt 0.442593932 0.0517430305
vt 0.442593932 0.0154027939
vt 0.479328394 0.0517430305
vt 0.479328394 0.0154027939
vt 0.488558292 0.0517430305
vt 0.488558292 0.0154027939
vt 0.49967289 0.0154027939
vt 0.49967289 0.0517430305
vt 0.511386752 0.0154027939
vt 0.511386752 0.0517430305
vt 0.521287441 0.0154027939
vt 0.521287441 0.0517430305
vt 0.287987143 0.00991940498
vt 0.28948909 0.0288264528
vt 0.308699369 0.00991940498
vt 0.309567243 0.0363316536
vt 0.290488899 0.0450377464
vt 0.325835675 0.0145468712
vt 0.325835675 0.0729272366
vt 0.30775243 0.0714964867
vt 0.273357421 0.0338001065
vt 0.27377674 0.0573863983
vt 0.259541541 0.00991940498
vt 0.258503735 0.0317601785
vt 0.257027835 0.0526762009
vt 0.239203542 0.0499062538
vt 0.240757734 0.0299128294
vt 0.216902584 0.0258824825
vt 0.24231194 0.00991940498
vt 0.21713905 0.0527336597
vt 0.196360424 0.0135605345
vt 0.289734542 0.0666024685
vt 0.196374729 0.0268757343
vt 0.170233577 0.0358204842
vt 0.166522488 0.0102863312
vt 0.153685451 0.0139495479
vt 0.139316902 0.0473070145
vt 0.127233461 0.0102863312
vt 0.111997649 0.0533525944
vt 0.0969726741 0.0102863312
vt 0.0848482624 0.055768013
vt 0.0705470741 0.0139600188
vt 0.0548628755 0.0554411411
vt 0.0576973893 0.0102863312
vt 0.0291272812 0.0130615234
vt 0.0305058584 0.0563659668
vt 0.00697912741 0.0729260445
vt 0.00697912741 0.0150017738
vt 0.0143547533 0.246364594
vt 0.0175998453 0.246447563
vt 0.0151805552 0.251987934
vt 0.0175973997 0.252195358
vt 0.0116347857 0.251708984
vt 0.0116347857 0.246210575
vt 0.00665146392 0.250612259
vt 0.00665146392 0.246035099
vt 0.0176014304 0.236185074
vt 0.0141564766 0.236185074
vt 0.0176005736 0.227896214
vt 0.0142681012 0.227896214
vt 0.0116347857 0.236185074
vt 0.0116347857 0.227896214
vt 0.00665146392 0.236185074
vt 0.00665146392 0.227896214
vt 0.0116347857 0.225973129
vt 0.00665146392 0.225283623
vt 0.0143060638 0.225996733
vt 0.017598547 0.22535944
vt 0.014322334 0.225175381
vt 0.0175976902 0.224500179
vt 0.0116347857 0.225354433
vt 0.109787643 0.294452667
vt 0.0910041183 0.298937559
vt 0.109444231 0.306551456
vt 0.0925282165 0.310582638
vt 0.084316574 0.291179657
vt 0.0818076432 0.321539879
vt 0.110503986 0.267670155
vt 0.0848016366 0.268043995
vt 0.110999502 0.246833324
vt 0.0820515454 0.247038603
vt 0.0830489695 0.199159145
vt 0.111533582 0.200740814
vt 0.0472962633 0.216019392
vt 0.0551780947 0.192143679
vt 0.0307315364 0.189856768
vt 0.0294692852 0.212744236
vt 0.00697912741 0.190918207
vt 0.00697912741 0.212414503
vt 0.00697912741 0.143500805
vt 0.0314545259 0.144731522
vt 0.00697912741 0.117989063
vt 0.0307735354 0.115995407
vt 0.0588283055 0.11598587
vt 0.0587964132 0.144862175
vt 0.0843489319 0.145141602
vt 0.0844056532 0.11546278
vt 0.111916408 0.116235733
vt 0.111860007 0.146413803
vt 0.139403597 0.145361185
vt 0.139401361 0.115460873
vt 0.165010154 0.116250038
vt 0.165026456 0.145242691
vt 0.192515373 0.144927263
vt 0.193083555 0.116154671
vt 0.21713905 0.117989063
vt 0.21713905 0.143500805
vt 0.19384253 0.190154314
vt 0.21713905 0.190798044
vt 0.197672516 0.212846041
vt 0.176714629 0.21735549
vt 0.168613434 0.193052053
vt 0.21713905 0.211661339
vt 0.139541298 0.199722528
vt 0.139656425 0.24810648
vt 0.192834675 0.0901095867
vt 0.21713905 0.095594883
vt 0.193317175 0.0697066784
vt 0.167352274 0.0734996796
vt 0.166067377 0.0906758308
vt 0.139053211 0.0810041428
vt 0.139227465 0.0930356979
vt 0.21713905 0.0789580345
vt 0.111897103 0.0862002373
vt 0.0848244578 0.0891849995
vt 0.0576009713 0.0902314186
vt 0.0309274364 0.091480732
vt 0.00697912741 0.0956318378
vt 0.0184772499 0.252195358
vt 0.0184748042 0.246447563
vt 0.0160583705 0.251988411
vt 0.0152284177 0.24636364
vt 0.0116347857 0.251706123
vt 0.0116347857 0.246206284
vt 0.00665146392 0.250454903
vt 0.00665146392 0.246009827
vt 0.0184732191 0.236185074
vt 0.0150277046 0.236185074
vt 0.0184740759 0.227896214
vt 0.0151401861 0.227896214
vt 0.0116347857 0.236185074
vt 0.0116347857 0.227896214
vt 0.00665146392 0.236185074
vt 0.00665146392 0.227896214
vt 0.0184761025 0.22535944
vt 0.0151938358 0.225322723
vt 0.0184769593 0.224500179
vt 0.0151545173 0.224018097
vt 0.0116347857 0.225347519
vt 0.0116347857 0.223587036
vt 0.00665146392 0.225279331
vt 0.00665146392 0.223395109
vt 0.128287077 0.299936295
vt 0.12609382 0.311487198
vt 0.135441706 0.292435408
vt 0.136159971 0.32305479
vt 0.13615942 0.269227505
vt 0.0100618079 0.276672125
vt 0.0162139311 0.27438736
vt 0.0117812939 0.267697334
vt 0.0196310729 0.269077301
vt 0.0100618079 0.276672125
vt 0.019258447 0.264680386
vt 0.0161496475 0.260949612
vt 0.0119757783 0.259478897
vt 0.00896812975 0.259110212
vt 0.00896812975 0.259110212
vt 0.0117812939 0.267697334
vt 0.0162139311 0.27438736
vt 0.0100618079 0.276672125
vt 0.0196310729 0.269077301
vt 0.019258447 0.264680386
vt 0.0161496475 0.260949612
vt 0.0119756358 0.259478837
vt 0.00896812975 0.259110212
vt 0.452708781 0.136576176
vt 0.452708811 0.13292098
vt 0.450857759 0.136520147
vt 0.450857639 0.132920742
vt 0.452708811 0.129266024
vt 0.450857639 0.129322052
vt 0.395355701 0.0612902641
vt 0.396393508 0.117779016
vt 0.373071462 0.0612902641
vt 0.373071462 0.112899072
vt 0.396593451 0.131231785
vt 0.373071462 0.112899072
vt 0.373071462 0.131231785
vt 0.457892984 0.132920265
vt 0.452708811 0.13292098
vt 0.457892984 0.136611223
vt 0.452708781 0.136576176
vt 0.452708811 0.129266024
vt 0.457892984 0.129230976
vt 0.373071462 0.131231785
vt 0.396593451 0.131231785
vt 0.373071462 0.112899072
vt 0.396393508 0.117779016
vt 0.396393508 0.117779016
vt 0.395355701 0.0612902641
vt 0.373071462 0.112899072
vt 0.373071462 0.0612902641
vt 0.423364878 0.197194576
vt 0.423364878 0.176699638
vt 0.49027741 0.197194576
vt 0.49027741 0.176699638
vt 0.404660642 0.197194576
vt 0.404660642 0.176699638
vt 0.423364878 0.15379405
vt 0.423364878 0.197194576
vt 0.49027741 0.15379405
vt 0.49027741 0.197194576
vt 0.404660642 0.197194576
vt 0.404660642 0.15379405
vt 0.546961427 0.0443067551
vt 0.540993333 0.0443067551
vt 0.546961904 0.0356884003
vt 0.540993333 0.0356884003
vt 0.535024762 0.0443067551
vt 0.535024762 0.0356884003
vt 0.559631586 0.369294405
vt 0.559631586 0.37419939
vt 0.561242759 0.369294405
vt 0.561242759 0.37419939
vt 0.561242759 0.369294405
vt 0.561242759 0.37419939
vt 0.568278074 0.369294405
vt 0.568278074 0.37419939
vt 0.568278074 0.369294405
vt 0.568278074 0.37419939
vt 0.574688852 0.369294405
vt 0.574688852 0.37419939
vt 0.574688852 0.369294405
vt 0.574688852 0.37419939
vt 0.576924503 0.369294405
vt 0.576924503 0.37419939
vt 0.570200741 0.386654943
vt 0.570200741 0.380722612
vt 0.564061165 0.386654943
vt 0.564061165 0.380722612
vt 0.517823577 0.377283096
vt 0.517823577 0.366149426
vt 0.506897449 0.377283096
vt 0.506897449 0.366149426
vt 0.553427994 0.334319592
vt 0.553427994 0.329123497
vt 0.548328996 0.334319592
vt 0.548328996 0.329123497
vt 0.435606122 0.261633396
vt 0.429195404 0.261633396
vt 0.435606122 0.277765274
vt 0.429195404 0.277765274
vt 0.422160029 0.261633396
vt 0.422160029 0.277765274
vt 0.420548916 0.277765274
vt 0.420548916 0.261633396
vt 0.437841773 0.261633396
vt 0.437841773 0.277765274
vt 0.422160029 0.238635063
vt 0.420548916 0.238635063
vt 0.422160029 0.222852707
vt 0.429195404 0.222852707
vt 0.429195404 0.238635063
vt 0.435606122 0.238635063
vt 0.435606122 0.222852707
vt 0.420548916 0.222852707
vt 0.437841773 0.238635063
vt 0.437841773 0.222852707
vt 0.499635279 0.376856804
vt 0.508730948 0.376856804
vt 0.499635279 0.367760658
vt 0.508730948 0.376856804
vt 0.499635279 0.376856804
vt 0.499635279 0.367760658
vt 0.555609703 0.32745409
vt 0.555609703 0.331699133
vt 0.551365018 0.32745409
vt 0.555609703 0.331699133
vt 0.555609703 0.32745409
vt 0.551365018 0.32745409
vt 0.456692934 0.234201431
vt 0.456692934 0.223841667
vt 0.447191119 0.234201431
vt 0.447191119 0.223841667
vt 0.444889665 0.234201431
vt 0.444889665 0.223841667
vt 0.466006756 0.223841667
vt 0.466006756 0.234201431
vt 0.468038201 0.223841667
vt 0.468038201 0.234201431
vt 0.559265912 0.34964323
vt 0.559264898 0.363033772
vt 0.576769412 0.349644423
vt 0.576768756 0.36303401
vt 0.576769412 0.349644423
vt 0.576768756 0.36303401
vt 0.559265912 0.34964323
vt 0.559264898 0.363033772
vt 0.559265912 0.34964323
vt 0.559264958 0.363033772
vt 0.576769412 0.349644423
vt 0.576768756 0.36303401
vt 0.576769412 0.349644423
vt 0.576768756 0.36303401
vt 0.559265912 0.34964323
vt 0.559264958 0.363033772
vt 0.444889665 0.234201431
vt 0.444889665 0.277458191
vt 0.447191119 0.234201431
vt 0.447191119 0.277458191
vt 0.456692934 0.234201431
vt 0.456692934 0.277458191
vt 0.466006756 0.234201431
vt 0.466006756 0.277458191
vt 0.468038201 0.234201431
vt 0.468038201 0.277458191
vt 0.508730948 0.376856804
vt 0.499635279 0.376856804
vt 0.499635279 0.376856804
vt 0.499635279 0.367760658
vt 0.555609703 0.32745409
vt 0.551365018 0.32745409
vt 0.555609703 0.331699133
vt 0.551365018 0.32745409
vt 0.555609703 0.32745409
vt 0.555609703 0.331699133
vt 0.56679821 0.342364788
vt 0.561089873 0.342365503
vt 0.563944161 0.345932961
vt 0.572506487 0.335247993
vt 0.572506547 0.342365265
vt 0.578214586 0.335247993
vt 0.578214705 0.342365742
vt 0.56679821 0.342364788
vt 0.56679821 0.335247993
vt 0.561089873 0.342365503
vt 0.561089993 0.335247993
vt 0.555381596 0.342365742
vt 0.555381715 0.335247993
vt 0.572506547 0.342365265
vt 0.575360537 0.345932961
vt 0.578214705 0.342365742
vt 0.558235645 0.345932961
vt 0.561089873 0.342365503
vt 0.555381596 0.342365742
vt 0.572506547 0.342365265
vt 0.56679821 0.342364788
vt 0.569652438 0.345932961
vt 0.596834123 0.351052284
vt 0.596834123 0.36339736
vt 0.582225204 0.351052284
vt 0.582225204 0.36339736
vt 0.582225204 0.351052284
vt 0.582225204 0.36339736
vt 0.596834123 0.351052284
vt 0.596834123 0.36339736
vt 0.596834123 0.351052284
vt 0.596834123 0.36339736
vt 0.582225204 0.351052284
vt 0.582225204 0.36339736
vt 0.582225204 0.351052284
vt 0.582225204 0.36339736
vt 0.596834123 0.351052284
vt 0.596834123 0.36339736
vt 0.585521638 0.382029533
vt 0.591912746 0.382029533
vt 0.585521638 0.375544786
vt 0.591912746 0.375544786
vt 0.542700827 0.355525017
vt 0.542700827 0.34904027
vt 0.549091935 0.355525017
vt 0.549091935 0.34904027
vt 0.559004664 0.328610659
vt 0.559004664 0.330993176
vt 0.560181379 0.328610659
vt 0.560181379 0.330993176
vt 0.564803898 0.328610659
vt 0.564803898 0.330993176
vt 0.569426537 0.328610659
vt 0.569426537 0.330993176
vt 0.57060349 0.328610659
vt 0.57060349 0.330993176
vt 0.536638558 0.340602398
vt 0.545020044 0.340602398
vt 0.536638558 0.33227253
vt 0.545020044 0.33227253
vt 0.507396817 0.377596378
vt 0.507396817 0.36926651
vt 0.515778303 0.377596378
vt 0.515778303 0.36926651
vt 0.474488258 0.228123188
vt 0.474488258 0.270048857
vt 0.476814747 0.228123188
vt 0.476814747 0.270048857
vt 0.485953569 0.228123188
vt 0.485953569 0.270048857
vt 0.49509263 0.228123188
vt 0.49509263 0.270048857
vt 0.497419357 0.228123188
vt 0.497419357 0.270048857
vt 0.563721359 0.38750276
vt 0.571115196 0.387502998
vt 0.563721418 0.3801094
vt 0.571114719 0.380109161
vt 0.485953569 0.228123188
vt 0.485953569 0.220532894
vt 0.476814747 0.228123188
vt 0.476814747 0.220532894
vt 0.474488258 0.228123188
vt 0.474488258 0.220532894
vt 0.49509263 0.220532894
vt 0.49509263 0.228123188
vt 0.497419357 0.220532894
vt 0.497419357 0.228123188
vt 0.569867849 0.327413797
vt 0.568690896 0.327413797
vt 0.569867849 0.331304073
vt 0.568690896 0.331304073
vt 0.564068317 0.327413797
vt 0.564068317 0.331304073
vt 0.559445798 0.327413797
vt 0.559445798 0.331304073
vt 0.558269024 0.327413797
vt 0.558269024 0.331304073
vt 0.503431797 0.219846249
vt 0.503431797 0.263239384
vt 0.506929517 0.219846249
vt 0.506929517 0.263239384
vt 0.516950488 0.219846249
vt 0.516950488 0.263239384
vt 0.526971579 0.219846249
vt 0.526971579 0.263239384
vt 0.530469775 0.219846249
vt 0.530469775 0.263239384
vt 0.532754183 0.30007267
vt 0.543705106 0.30007267
vt 0.532754183 0.311184406
vt 0.543705106 0.311184406
vt 0.536326051 0.32383728
vt 0.536326051 0.333995104
vt 0.538535595 0.32383728
vt 0.538535595 0.333995104
vt 0.540745199 0.32383728
vt 0.540745199 0.333995104
vt 0.542954803 0.32383728
vt 0.542954803 0.333995104
vt 0.545164227 0.32383728
vt 0.545164227 0.333995104
vt 0.511912107 0.369481564
vt 0.520293593 0.369481564
vt 0.511912107 0.377811193
vt 0.520293593 0.377811193
vt 0.569056153 0.33109951
vt 0.569056153 0.328805447
vt 0.566917837 0.33109951
vt 0.566917837 0.328805447
vt 0.56097132 0.33109951
vt 0.56097132 0.328805447
vt 0.555024624 0.33109951
vt 0.555024683 0.328805447
vt 0.552886367 0.33109951
vt 0.552886367 0.328805447
vt 0.507396817 0.36926651
vt 0.515778303 0.36926651
vt 0.507396817 0.377596378
vt 0.515778303 0.377596378
vt 0.545020044 0.33227253
vt 0.536638558 0.33227253
vt 0.545020044 0.340602398
vt 0.536638558 0.340602398
vt 0.569056153 0.331385612
vt 0.569056153 0.328481436
vt 0.566917837 0.331385612
vt 0.566917837 0.328481436
vt 0.56097132 0.331385612
vt 0.56097132 0.328481436
vt 0.555024683 0.331385612
vt 0.555024683 0.328481436
vt 0.552886367 0.331385612
vt 0.552886367 0.328481436
vt 0.507396817 0.36926651
vt 0.515778303 0.36926651
vt 0.507396817 0.377596378
vt 0.515778303 0.377596378
vt 0.545020044 0.33227253
vt 0.536638558 0.33227253
vt 0.545020044 0.340602398
vt 0.536638558 0.340602398
vt 0.568778634 0.330714703
vt 0.568778634 0.328899384
vt 0.566640377 0.330714703
vt 0.566640377 0.328899384
vt 0.5606938 0.330714703
vt 0.5606938 0.328899384
vt 0.554747164 0.330714703
vt 0.554747164 0.328899384
vt 0.552608848 0.330714703
vt 0.552608848 0.328899384
vt 0.520082593 0.367976427
vt 0.528464079 0.367976427
vt 0.520082593 0.376306057
vt 0.528464079 0.376306057
vt 0.545020044 0.33227253
vt 0.536638558 0.33227253
vt 0.545020044 0.340602398
vt 0.536638558 0.340602398
vt 0.508108974 0.274008989
vt 0.508108974 0.335339785
vt 0.510235727 0.274008989
vt 0.510235727 0.335339785
vt 0.516933262 0.274008989
vt 0.516933262 0.335339785
vt 0.523630857 0.274008989
vt 0.523630857 0.335339785
vt 0.525758088 0.274008989
vt 0.525758088 0.335339785
vt 0.514062226 0.370126724
vt 0.522443712 0.370126486
vt 0.514062226 0.378456354
vt 0.522443712 0.378456354
vt 0.301314116 0.0927422047
vt 0.327010155 0.0927422047
vt 0.301314116 0.0839152336
vt 0.327010155 0.0839152336
vt 0.327010155 0.100164652
vt 0.301314116 0.100164652
vt 0.301314116 0.108586073
vt 0.327010155 0.108586073
vt 0.301314116 0.116444111
vt 0.327010155 0.116444111
vt 0.301314116 0.0927422047
vt 0.327010155 0.0927422047
vt 0.301314116 0.0828595161
vt 0.327010155 0.0828595161
vt 0.327010155 0.100164652
vt 0.301314116 0.100164652
vt 0.301314116 0.108586073
vt 0.327010155 0.108586073
vt 0.301314116 0.116444111
vt 0.327010155 0.116444111
vt 0.301314116 0.0927422047
vt 0.327010155 0.0927422047
vt 0.301314116 0.0828595161
vt 0.327010155 0.0828595161
vt 0.327010155 0.100164652
vt 0.301314116 0.100164652
vt 0.301314116 0.108586073
vt 0.327010155 0.108586073
vt 0.301314116 0.116444111
vt 0.327010155 0.116444111
vt 0.301314116 0.0927422047
vt 0.327010155 0.0927422047
vt 0.301314116 0.0828595161
vt 0.327010155 0.0828595161
vt 0.327010155 0.100164652
vt 0.301314116 0.100164652
vt 0.301314116 0.108586073
vt 0.327010155 0.108586073
vt 0.301314116 0.116444111
vt 0.327010155 0.116444111
vt 0.439032614 0.0612902641
vt 0.401292205 0.0612902641
vt 0.439032584 0.112898827
vt 0.401292205 0.112898827
vt 0.401205719 0.0612902641
vt 0.439032614 0.0612902641
vt 0.401205719 0.112898827
vt 0.439032584 0.112898827
vt 0.332976341 0.0688109398
vt 0.332976341 0.111344337
vt 0.346047372 0.0683636665
vt 0.346047372 0.111784458
vt 0.346047372 0.111784458
vt 0.332976341 0.111344337
vt 0.344778061 0.121123083
vt 0.332976341 0.121121407
vt 0.532286525 0.0372209549
vt 0.553103149 0.0372209549
vt 0.533280611 0.0421612263
vt 0.552109778 0.0421612263
vt 0.332976341 0.0590310097
vt 0.332976341 0.0688109398
vt 0.344778061 0.059032917
vt 0.344778061 0.0688099861
vt 0.346047372 0.111784458
vt 0.36508286 0.112226717
vt 0.346047372 0.0683636665
vt 0.36508286 0.067917347
vt 0.515318871 0.544881344
vt 0.525208831 0.556205273
vt 0.524379611 0.541974783
vt 0.553604245 0.553674698
vt 0.551817894 0.537511289
vt 0.579221964 0.543205976
vt 0.57774663 0.475322723
vt 0.548324823 0.477128983
vt 0.605092764 0.472430229
vt 0.605189085 0.547205985
vt 0.578282356 0.452775955
vt 0.605092764 0.449514389
vt 0.548532009 0.456606865
vt 0.52641058 0.477146626
vt 0.524947405 0.453836441
vt 0.50544405 0.474816799
vt 0.503031015 0.452157974
vt 0.484518051 0.471488476
vt 0.480921984 0.508453131
vt 0.503978729 0.517962456
vt 0.479576111 0.512845755
vt 0.499833822 0.523714542
vt 0.522769928 0.526086092
vt 0.509040296 0.534860134
vt 0.483625889 0.449594498
vt 0.483564377 0.437623978
vt 0.503107786 0.428074837
vt 0.483502865 0.425653458
vt 0.523062944 0.431755066
vt 0.548470616 0.432420969
vt 0.577259183 0.431410551
vt 0.605092764 0.437892437
vt 0.605092525 0.426190376
vt 0.631117344 0.422590733
vt 0.63180542 0.43492794
vt 0.632535219 0.447285175
vt 0.632947445 0.470945358
vt 0.629226923 0.54495883
vt 0.651497066 0.542328775
vt 0.653717279 0.471213102
vt 0.679601967 0.537449181
vt 0.678632975 0.471799135
vt 0.699549437 0.518503189
vt 0.702138424 0.472826958
vt 0.704587519 0.525549948
vt 0.718240261 0.516394138
vt 0.717573166 0.511802673
vt 0.717948914 0.473789215
vt 0.718931198 0.451291323
vt 0.702290058 0.448911905
vt 0.720047474 0.439254284
vt 0.702379227 0.436256886
vt 0.72116375 0.427217007
vt 0.70249939 0.423573971
vt 0.680827856 0.4262743
vt 0.679804564 0.441833019
vt 0.65516901 0.43990159
vt 0.655584335 0.426348448
vt 0.654266834 0.452192783
vt 0.67886591 0.452544928
vt 0.594382763 0.576062918
vt 0.568630576 0.577766418
vt 0.59606421 0.594939709
vt 0.573475838 0.600133181
vt 0.626368523 0.586305141
vt 0.627448022 0.570594311
vt 0.658307552 0.581003428
vt 0.661477149 0.565014601
vt 0.58030951 0.556706905
vt 0.605093002 0.557665825
vt 0.628527522 0.55488348
vt 0.650564313 0.551699162
vt 0.678729177 0.546352386
vt 0.542878449 0.580634594
vt 0.550887465 0.605326653
vt 0.707225263 0.590860069
vt 0.682344258 0.592822194
vt 0.707219064 0.604458034
vt 0.682663739 0.604458034
vt 0.715653121 0.59083277
vt 0.715759873 0.604458034
vt 0.740546882 0.592617333
vt 0.7403422 0.604458034
vt 0.695381165 0.570729494
vt 0.707224727 0.575639307
vt 0.707452357 0.561564803
vt 0.708524466 0.546202779
vt 0.713909984 0.546201587
vt 0.715200007 0.561530292
vt 0.727344871 0.570600927
vt 0.715541601 0.57560122
vt 0.713909984 0.541026235
vt 0.708524466 0.541027486
vt 0.713909984 0.539528668
vt 0.708524466 0.539529443
vt 0.713909984 0.538465261
vt 0.708524466 0.538466752
vt 0.713909984 0.537532091
vt 0.708524466 0.537533462
vt 0.713909984 0.536589861
vt 0.708524466 0.536591291
vt 0.713909984 0.534534633
vt 0.708524466 0.534535408
vt 0.713909984 0.532608867
vt 0.708524466 0.532611072
vt 0.718751013 0.534536362
vt 0.718964338 0.53258276
vt 0.71490103 0.537536323
vt 0.717545629 0.536584556
vt 0.714615345 0.538462639
vt 0.707552075 0.538464367
vt 0.706985056 0.537540078
vt 0.704301894 0.536590695
vt 0.703013837 0.534543633
vt 0.702719927 0.532590449
vt 0.515318871 0.544881344
vt 0.524390757 0.541957378
vt 0.525208831 0.556205273
vt 0.553604484 0.553674698
vt 0.551819384 0.537509203
vt 0.522770166 0.526086092
vt 0.548325062 0.477128983
vt 0.577746868 0.475322723
vt 0.548532248 0.456606865
vt 0.52641058 0.477146626
vt 0.524947643 0.453836441
vt 0.578282356 0.452775955
vt 0.579222023 0.543205917
vt 0.503978968 0.517962456
vt 0.50544405 0.474816799
vt 0.480922222 0.508453369
vt 0.484518051 0.471488476
vt 0.509040296 0.534860134
vt 0.499833822 0.523714542
vt 0.503031015 0.452158213
vt 0.483625889 0.449594498
vt 0.605092764 0.472429752
vt 0.606751442 0.449349403
vt 0.523063183 0.431755066
vt 0.503107786 0.428074837
vt 0.483564377 0.437623978
vt 0.483502865 0.425653458
vt 0.632947445 0.470945358
vt 0.629226923 0.544958889
vt 0.605189145 0.547205925
vt 0.651496887 0.542328775
vt 0.653717279 0.471212864
vt 0.679526746 0.532310247
vt 0.678632736 0.471798897
vt 0.699549437 0.518503189
vt 0.704587579 0.525549948
vt 0.678729236 0.546352386
vt 0.718240261 0.5163939
vt 0.717573166 0.511802673
vt 0.702138424 0.472826958
vt 0.717948914 0.473789215
vt 0.718931437 0.451291323
vt 0.702290058 0.448911905
vt 0.720047593 0.439253807
vt 0.702378988 0.436256647
vt 0.72116375 0.42721653
vt 0.70249939 0.423573971
vt 0.654266596 0.452192545
vt 0.67886591 0.452544212
vt 0.679804325 0.441833258
vt 0.680827618 0.4262743
vt 0.655168772 0.439901829
vt 0.655584216 0.426348448
vt 0.631823301 0.434927225
vt 0.631117105 0.422590733
vt 0.632569075 0.447285175
vt 0.606786489 0.437488794
vt 0.577259302 0.431410313
vt 0.548470736 0.432421207
vt 0.606809735 0.425933123
vt 0.594382763 0.576062918
vt 0.59606421 0.594939709
vt 0.568630576 0.577766418
vt 0.573475838 0.600133181
vt 0.626368523 0.586304903
vt 0.627448022 0.570594311
vt 0.658307552 0.581003189
vt 0.661477089 0.565014362
vt 0.650564194 0.551699162
vt 0.628527522 0.55488348
vt 0.605093002 0.557665348
vt 0.58030951 0.556706905
vt 0.542878449 0.580634594
vt 0.550887465 0.605326653
vt 0.639935017 0.413285255
vt 0.639935017 0.393818378
vt 0.601797104 0.413285255
vt 0.601797104 0.393818378
vt 0.601797104 0.374134064
vt 0.639935017 0.374134064
vt 0.411628246 0.246382713
vt 0.411628246 0.268893242
vt 0.411628246 0.251788616
vt 0.411628246 0.265414238
vt 0.411628246 0.257044315
vt 0.411628246 0.261705399
vt 0.411628246 0.226139307
vt 0.411628246 0.242241859
vt 0.411628246 0.229366541
vt 0.411628246 0.233194113
vt 0.411628246 0.237829208
vt 0.411628246 0.268893242
vt 0.411628246 0.246382713
vt 0.411628246 0.265414238
vt 0.411628246 0.251788616
vt 0.411628246 0.261705399
vt 0.411628246 0.257044315
vt 0.411628246 0.226139307
vt 0.411628246 0.229366779
vt 0.411628246 0.242241859
vt 0.411628246 0.237829208
vt 0.411628246 0.233194351
vt 0.479576111 0.512845755
vt 0.266215324 0.303376198
vt 0.266215324 0.309758663
vt 0.260983467 0.305505276
vt 0.260983407 0.30923295
vt 0.253501892 0.308080435
vt 0.253501832 0.306011677
vt 0.266438186 0.303703308
vt 0.266438127 0.309493542
vt 0.244891047 0.329056263
vt 0.226383269 0.330947161
vt 0.244890988 0.317761421
vt 0.226334691 0.310620308
vt 0.272158146 0.326781273
vt 0.272158146 0.321537733
vt 0.225571334 0.311736345
vt 0.22562319 0.329919815
vt 0.223900378 0.311649799
vt 0.223941803 0.330018997
vt 0.225827336 0.334597111
vt 0.225701392 0.332841873
vt 0.244890749 0.333516121
vt 0.244891047 0.331699848
vt 0.272158146 0.332167625
vt 0.272158146 0.33032608
vt 0.225752831 0.304787159
vt 0.244890392 0.312298298
vt 0.225652814 0.307487965
vt 0.244890988 0.314629078
vt 0.272158146 0.316084623
vt 0.272158146 0.31840539
vt 0.23418498 0.340334415
vt 0.235993981 0.339143753
vt 0.234096944 0.344682217
vt 0.236237764 0.346202612
vt 0.225652814 0.304988623
vt 0.224889517 0.30610466
vt 0.222902179 0.304729462
vt 0.22321856 0.306017876
vt 0.224451721 0.333669186
vt 0.22169733 0.333945036
vt 0.223691702 0.332641602
vt 0.222010314 0.332740784
vt 0.241827965 0.343817234
vt 0.237667143 0.344088078
vt 0.241983533 0.345509052
vt 0.237883687 0.34649229
vt 0.246896327 0.342950821
vt 0.245961785 0.341366053
vt 0.254994631 0.352719307
vt 0.254994631 0.349640846
vt 0.267762184 0.351998806
vt 0.267761946 0.34889555
vt 0.254994571 0.342148781
vt 0.267762423 0.34363842
vt 0.285406888 0.348810196
vt 0.283266068 0.347289562
vt 0.283354044 0.342941761
vt 0.240189373 0.349960804
vt 0.23250699 0.34906435
vt 0.240189314 0.348531723
vt 0.232507467 0.347679615
vt 0.250659347 0.348825216
vt 0.249570847 0.349541664
vt 0.266215384 0.303376198
vt 0.260983407 0.305505276
vt 0.266215384 0.309758663
vt 0.260983407 0.309233189
vt 0.253501832 0.30808115
vt 0.253501832 0.306011438
vt 0.266438186 0.303703308
vt 0.266438186 0.309493542
vt 0.244890809 0.329054832
vt 0.244890809 0.317761421
vt 0.226382971 0.330945969
vt 0.226334572 0.31062007
vt 0.272158146 0.32678318
vt 0.272158146 0.321537971
vt 0.225571096 0.311736584
vt 0.225623906 0.3299191
vt 0.223941803 0.330020428
vt 0.223900199 0.311650038
vt 0.244890809 0.314628839
vt 0.244890809 0.312298775
vt 0.225652695 0.307487726
vt 0.225752413 0.304787159
vt 0.272158146 0.316084623
vt 0.272158146 0.31840539
vt 0.22582674 0.334597588
vt 0.244890809 0.333516121
vt 0.225701094 0.332841396
vt 0.244890809 0.331699133
vt 0.272158146 0.332167864
vt 0.272158146 0.330327272
vt 0.236238062 0.346202612
vt 0.235994279 0.339143753
vt 0.234096825 0.344682217
vt 0.234185398 0.340333462
vt 0.223218322 0.306018353
vt 0.224889278 0.30610466
vt 0.22290206 0.304728746
vt 0.225652695 0.304988384
vt 0.224451423 0.333667994
vt 0.223692417 0.332640886
vt 0.221694946 0.333945274
vt 0.222010314 0.332742453
vt 0.254994631 0.352719784
vt 0.267762303 0.351998806
vt 0.254994631 0.349642754
vt 0.267762303 0.348895311
vt 0.254994631 0.342148781
vt 0.267762303 0.343638897
vt 0.283265948 0.347289562
vt 0.283354521 0.342940807
vt 0.285407186 0.348810196
vt 0.23250705 0.347679377
vt 0.23250705 0.34906435
vt 0.240189314 0.348531723
vt 0.240189314 0.349961042
vt 0.250659525 0.348825216
vt 0.249571085 0.349541187
vt 0.241827965 0.343817234
vt 0.241983533 0.345509052
vt 0.237667084 0.344088078
vt 0.237883806 0.346493244
vt 0.246896505 0.342950821
vt 0.245961905 0.341366053
vt 0.234499693 0.272037745
vt 0.234499693 0.261205673
vt 0.232572675 0.272037745
vt 0.232572675 0.261205673
vt 0.236426353 0.261205673
vt 0.236426353 0.272037745
vt 0.230645776 0.272037745
vt 0.230645776 0.261205673
vt 0.228718877 0.272037745
vt 0.228718758 0.261205673
vt 0.258120298 0.282289505
vt 0.257115602 0.280403614
vt 0.253221512 0.282289505
vt 0.254225731 0.280403614
vt 0.270431042 0.299105167
vt 0.270200491 0.299105167
vt 0.270432234 0.299172878
vt 0.27019918 0.299172878
vt 0.260825694 0.459283471
vt 0.260825694 0.521252453
vt 0.27466628 0.45928371
vt 0.27466628 0.521252453
vt 0.260825694 0.448279262
vt 0.260825753 0.45928371
vt 0.27466628 0.45928371
vt 0.260825664 0.521252453
vt 0.27466628 0.521252453
vt 0.260825723 0.4482795
vt 0.260825694 0.448279262
vt 0.227179155 0.453627706
vt 0.23369275 0.498248219
vt 0.238677844 0.453632116
vt 0.226143464 0.546399891
vt 0.23369275 0.513912261
vt 0.233698472 0.546399891
vt 0.261665463 0.528089106
vt 0.249805197 0.541873276
vt 0.26382339 0.541873276
vt 0.245031953 0.289943933
vt 0.247327983 0.289943933
vt 0.244362593 0.280385733
vt 0.247997165 0.280385494
vt 0.23369275 0.498248219
vt 0.227179155 0.453627467
vt 0.238677844 0.453632832
vt 0.226143464 0.546399891
vt 0.23369275 0.513912261
vt 0.233698472 0.546399891
vt 0.261665463 0.528089106
vt 0.249805197 0.541873276
vt 0.26382339 0.541873276
vt 0.269806743 0.299059868
vt 0.270059824 0.299058676
vt 0.269791484 0.298854589
vt 0.270077348 0.298854828
vt 0.264268398 0.293395519
vt 0.266242027 0.298041821
vt 0.266242027 0.288852692
vt 0.284384131 0.298041821
vt 0.284384131 0.288852692
vt 0.270432115 0.298853397
vt 0.270317852 0.298853278
vt 0.270418882 0.299062729
vt 0.27020824 0.299062252
vt 0.27020359 0.298853159
vt 0.270200491 0.299105167
vt 0.270431042 0.299105167
vt 0.264268398 0.293395519
vt 0.266242027 0.288852692
vt 0.266242027 0.298041821
vt 0.284384131 0.298041821
vt 0.284384131 0.288852692
vt 0.253633022 0.291036367
vt 0.254011035 0.289848328
vt 0.25332284 0.290616035
vt 0.253681421 0.289853096
vt 0.250137568 0.291004419
vt 0.249940634 0.291488171
vt 0.249282002 0.290425777
vt 0.249603271 0.29034996
vt 0.249282002 0.290425777
vt 0.249603271 0.29034996
vt 0.249798059 0.287620544
vt 0.250278234 0.287448645
vt 0.252362013 0.287186503
vt 0.253681421 0.289853096
vt 0.252859473 0.287282467
vt 0.254011035 0.289848328
vt 0.25332284 0.290616035
vt 0.253681421 0.289853096
vt 0.252362013 0.287186503
vt 0.250278234 0.287448645
vt 0.250137568 0.291004419
vt 0.249603271 0.29034996
vt 0.249799311 0.284642339
vt 0.252487361 0.284617424
vt 0.250278234 0.287448645
vt 0.249799311 0.284642339
vt 0.249798059 0.287620544
vt 0.249320984 0.284762859
vt 0.252362013 0.287186503
vt 0.252859473 0.287282467
vt 0.252487361 0.284617424
vt 0.252974629 0.284692764
vt 0.249799311 0.284642339
vt 0.249523759 0.284187317
vt 0.249320984 0.284762859
vt 0.252728581 0.284187317
vt 0.252487361 0.284617424
vt 0.252974629 0.284692764
vt 0.249535561 0.283137798
vt 0.25146246 0.283137798
vt 0.249535561 0.272305727
vt 0.25146246 0.272305727
vt 0.247608542 0.272305727
vt 0.247608542 0.283137798
vt 0.253389359 0.283137798
vt 0.253389359 0.272305727
vt 0.255316019 0.283137798
vt 0.255316019 0.272305727
vt 0.254225731 0.280403614
vt 0.253221512 0.282289505
vt 0.257115602 0.280403614
vt 0.258120298 0.282289505
vt 0.221661568 0.293842316
vt 0.224912524 0.293842316
vt 0.221661568 0.290594578
vt 0.224912524 0.290594578
vt 0.228163481 0.290594578
vt 0.228163481 0.293842316
vt 0.218410611 0.290594578
vt 0.218410611 0.293842316
vt 0.215159655 0.293842316
vt 0.215159655 0.290594578
vt 0.215159655 0.287821054
vt 0.218410611 0.287821054
vt 0.215159655 0.281792641
vt 0.218410611 0.281792641
vt 0.221661568 0.281792641
vt 0.221661568 0.287821054
vt 0.224912524 0.287821054
vt 0.224912524 0.281792641
vt 0.228163481 0.281792641
vt 0.228163481 0.287821054
vt 0.218410611 0.290594578
vt 0.218410611 0.287821054
vt 0.215159655 0.290594578
vt 0.215159655 0.287821054
vt 0.221661568 0.290594578
vt 0.221661568 0.287821054
vt 0.224912524 0.287821054
vt 0.224912524 0.290594578
vt 0.228163481 0.290594578
vt 0.228163481 0.287821054
vt 0.257771254 0.286499262
vt 0.257408142 0.284243584
vt 0.254520297 0.286499262
vt 0.254927158 0.284243584
vt 0.250696063 0.293842316
vt 0.251102924 0.295465231
vt 0.25394702 0.293842316
vt 0.253583908 0.295464993
vt 0.250192881 0.243379831
vt 0.242588818 0.243379831
vt 0.250192881 0.245666504
vt 0.242588818 0.245666504
vt 0.250192881 0.24109292
vt 0.242588818 0.24109292
vt 0.250192881 0.2479527
vt 0.242588818 0.2479527
vt 0.242588818 0.250238895
vt 0.250192881 0.250238895
vt 0.234811425 0.250238895
vt 0.234811425 0.2479527
vt 0.230230331 0.2479527
vt 0.230230331 0.250238895
vt 0.234811425 0.245666504
vt 0.230230331 0.245666504
vt 0.234811425 0.243379831
vt 0.230230331 0.243379831
vt 0.230230331 0.24109292
vt 0.234811425 0.24109292
vt 0.232452393 0.271585226
vt 0.232452393 0.261148453
vt 0.230777979 0.271585226
vt 0.230777979 0.261148453
vt 0.23412776 0.261148453
vt 0.23412776 0.271585226
vt 0.235803008 0.261148453
vt 0.235803008 0.271585226
vt 0.237477779 0.261148453
vt 0.237477779 0.271585226
vt 0.24941957 0.295465946
vt 0.24941957 0.292296886
vt 0.246251345 0.295465946
vt 0.246251345 0.292296886
vt 0.270431042 0.299105167
vt 0.270200491 0.299105167
vt 0.270431042 0.299165249
vt 0.270200491 0.299165249
vt 0.260825723 0.45928371
vt 0.260825694 0.521252453
vt 0.27466625 0.45928371
vt 0.274666309 0.521252453
vt 0.260825723 0.448278785
vt 0.260825694 0.45928371
vt 0.27466625 0.45928371
vt 0.260825723 0.521252453
vt 0.274666309 0.521252453
vt 0.260825664 0.448279023
vt 0.260825723 0.448278785
vt 0.226830587 0.45361948
vt 0.23369275 0.498248219
vt 0.238466009 0.453626037
vt 0.226143464 0.546399891
vt 0.23369275 0.513912261
vt 0.233698472 0.546399891
vt 0.261665463 0.528089106
vt 0.249805197 0.541873276
vt 0.26382339 0.541873276
vt 0.244362593 0.280385733
vt 0.245031834 0.28990984
vt 0.247997165 0.280385494
vt 0.247328103 0.28990984
vt 0.23369275 0.498248219
vt 0.226830587 0.45361948
vt 0.238465831 0.453626156
vt 0.226143464 0.546399891
vt 0.23369275 0.513912261
vt 0.233698472 0.546399891
vt 0.261665463 0.528089106
vt 0.249805197 0.541873276
vt 0.26382339 0.541873276
vt 0.269798279 0.299060822
vt 0.270065904 0.299060822
vt 0.269798279 0.298853636
vt 0.270065904 0.298853636
vt 0.264268398 0.293395519
vt 0.266242027 0.298041821
vt 0.266175985 0.28905344
vt 0.284384131 0.298041821
vt 0.284557462 0.288575888
vt 0.270436406 0.298853636
vt 0.270315409 0.298853636
vt 0.270427704 0.299060822
vt 0.270204067 0.299060822
vt 0.270194411 0.298853636
vt 0.270431042 0.299105167
vt 0.270200491 0.299105167
vt 0.264268398 0.293395519
vt 0.266175151 0.297829151
vt 0.266242027 0.288852692
vt 0.284384131 0.288852692
vt 0.284557819 0.298318386
vt 0.253346443 0.291469097
vt 0.253856182 0.290288925
vt 0.25307107 0.291006088
vt 0.253517509 0.290260315
vt 0.249762177 0.291076422
vt 0.24951005 0.291552067
vt 0.24894464 0.290393353
vt 0.249281883 0.290349483
vt 0.24894464 0.290393353
vt 0.249281883 0.290349483
vt 0.249764204 0.287570715
vt 0.25027442 0.287445188
vt 0.252439976 0.287389278
vt 0.253517509 0.290260315
vt 0.252940655 0.287538528
vt 0.253856182 0.290288925
vt 0.252439976 0.287389278
vt 0.25027442 0.287445188
vt 0.25307107 0.291006088
vt 0.249762177 0.291076422
vt 0.249281883 0.290349483
vt 0.253517509 0.290260315
vt 0.250073314 0.284524202
vt 0.252837598 0.284759164
vt 0.25027442 0.287445188
vt 0.250073314 0.284524202
vt 0.249764204 0.287570715
vt 0.249570131 0.284596443
vt 0.252439976 0.287389278
vt 0.252940655 0.287538528
vt 0.252837598 0.284759164
vt 0.253329515 0.284885406
vt 0.250073314 0.284524202
vt 0.249837279 0.284035683
vt 0.249570131 0.284596443
vt 0.253130555 0.284336567
vt 0.252837598 0.284759164
vt 0.253329515 0.284885406
vt 0.254692674 0.28268528
vt 0.256367564 0.28268528
vt 0.254692674 0.272248507
vt 0.256367564 0.272248507
vt 0.253017426 0.272248507
vt 0.253017426 0.28268528
vt 0.251342058 0.272248507
vt 0.251342058 0.28268528
vt 0.249667764 0.272248507
vt 0.249667764 0.28268528
vt 0.246251345 0.292296886
vt 0.246251345 0.295465708
vt 0.24941957 0.292296886
vt 0.24941957 0.295465708
vt 0.918232441 0.205249786
vt 0.929458857 0.205250978
vt 0.917897582 0.191186428
vt 0.930423975 0.191185713
vt 0.94391644 0.166548014
vt 0.931040108 0.166548491
vt 0.943916798 0.190567255
vt 0.930423975 0.191185713
vt 0.955638111 0.16664052
vt 0.94391644 0.166548014
vt 0.955638647 0.190658808
vt 0.943916798 0.190567255
vt 0.917218864 0.166547298
vt 0.917897582 0.191186428
vt 0.931040108 0.166548491
vt 0.930423975 0.191185713
vt 0.904271781 0.166680336
vt 0.904270768 0.19069767
vt 0.917218864 0.166547298
vt 0.917897582 0.191186428
vt 0.827303708 0.243946791
vt 0.843025923 0.243934155
vt 0.827297747 0.218306065
vt 0.843029916 0.218283415
vt 0.84301579 0.269523382
vt 0.827307701 0.269596577
vt 0.827294648 0.209178686
vt 0.843041122 0.209165335
vt 0.827245831 0.281563282
vt 0.843024433 0.280110359
vt 0.841904521 0.281652927
vt 0.810457706 0.209176064
vt 0.810449481 0.218246937
vt 0.796349108 0.209187269
vt 0.796363056 0.218229055
vt 0.810472965 0.243885994
vt 0.796476543 0.243854761
vt 0.810498774 0.269626141
vt 0.79658848 0.269630432
vt 0.810535729 0.28164959
vt 0.796664536 0.280479431
vt 0.797786653 0.281653643
vt 0.933321595 0.0753822327
vt 0.933337271 0.0219857693
vt 0.899809718 0.07543993
vt 0.899812758 0.0220370293
vt 0.899822772 0.128565311
vt 0.933406591 0.128651381
vt 0.933351159 0.00285840034
vt 0.899784982 0.00283169746
vt 0.933842897 0.152183056
vt 0.900465786 0.150919199
vt 0.904186368 0.153587818
vt 0.96886909 0.0753519535
vt 0.968882442 0.128639221
vt 0.998245299 0.075294733
vt 0.998273194 0.0219151974
vt 0.968879282 0.0219569206
vt 0.998257518 0.128618479
vt 0.998257399 0.00288009644
vt 0.96886003 0.00285506248
vt 0.96886158 0.153584003
vt 0.998263061 0.151128054
vt 0.995934486 0.153588295
vt 0.878044724 0.0478537083
vt 0.878044605 0.0344355106
vt 0.871943414 0.0478227139
vt 0.871943355 0.0344042778
vt 0.871943593 0.0611670017
vt 0.878044426 0.0611977577
vt 0.878044546 0.029607296
vt 0.871943414 0.0295758247
vt 0.87804693 0.0212712288
vt 0.871942997 0.0212593079
vt 0.871943295 0.0667631626
vt 0.878044724 0.0667943954
vt 0.878047645 0.0124006271
vt 0.871939898 0.0124008656
vt 0.878049076 0.00503110886
vt 0.871938348 0.00503134727
vt 0.871944189 0.0752975941
vt 0.877895474 0.0752649307
vt 0.871943533 0.0676317215
vt 0.878044605 0.0676450729
vt 0.878046691 0.0840263367
vt 0.871941149 0.0840258598
vt 0.871943355 0.0906934738
vt 0.878044724 0.0906801224
vt 0.871943116 0.124070883
vt 0.878044844 0.12403965
vt 0.871943653 0.110683203
vt 0.878044605 0.11065197
vt 0.871943295 0.0972216129
vt 0.878044426 0.0971906185
vt 0.87804395 0.128767252
vt 0.871944129 0.128798246
vt 0.871943355 0.0915503502
vt 0.878044486 0.0915195942
vt 0.878044605 0.0676450729
vt 0.878044724 0.0667943954
vt 0.871943533 0.0676317215
vt 0.871943295 0.0667631626
vt 0.878044724 0.0906801224
vt 0.871943355 0.0906934738
vt 0.878044486 0.0915195942
vt 0.871943355 0.0915503502
vt 0.228512645 0.400833845
vt 0.228512645 0.408295631
vt 0.236926794 0.400837183
vt 0.236926794 0.408295631
vt 0.236926794 0.393601656
vt 0.228512645 0.393651724
vt 0.228512645 0.386203289
vt 0.236926794 0.386179924
vt 0.228512645 0.379427433
vt 0.236926794 0.379427433
vt 0.309999466 0.324111462
vt 0.312464952 0.3279953
vt 0.303084373 0.334017277
vt 0.305202723 0.33717227
vt 0.315816462 0.324752808
vt 0.315816522 0.349207401
vt 0.312464893 0.346113205
vt 0.303084373 0.340304613
vt 0.309999466 0.34986949
vt 0.300984621 0.337172031
vt 0.294387579 0.345932007
vt 0.296460748 0.349775553
vt 0.294387579 0.327813983
vt 0.296460748 0.324017286
vt 0.291282833 0.324440956
vt 0.291282773 0.34889555
vt 0.316114545 0.291363478
vt 0.310297489 0.290721893
vt 0.312762976 0.29460609
vt 0.316114545 0.315817833
vt 0.312762976 0.312723875
vt 0.310297489 0.31648016
vt 0.303382397 0.300636768
vt 0.305500746 0.30378294
vt 0.303382397 0.30692482
vt 0.301282644 0.303782701
vt 0.294644177 0.312553048
vt 0.296717286 0.316396713
vt 0.291539431 0.315516472
vt 0.294644177 0.294435143
vt 0.291539431 0.291061878
vt 0.296717286 0.290638208
vt 0.366850138 0.273487926
vt 0.359931469 0.273487926
vt 0.366850138 0.279671073
vt 0.359931469 0.279671073
vt 0.366850138 0.250649452
vt 0.359931469 0.250649452
vt 0.366850138 0.252930403
vt 0.359931469 0.252930403
vt 0.366850138 0.283457994
vt 0.359931469 0.283457994
vt 0.366850138 0.241639137
vt 0.359931469 0.241639137
vt 0.366850138 0.257361412
vt 0.366850138 0.252930403
vt 0.359931469 0.257361412
vt 0.359931469 0.252930403
vt 0.366850138 0.269679546
vt 0.359931469 0.269679546
vt 0.366850138 0.273487926
vt 0.359931469 0.273487926
vt 0.366850138 0.279671073
vt 0.359931469 0.279671073
vt 0.366850138 0.283418894
vt 0.359931469 0.283418894
vt 0.366850138 0.283457994
vt 0.366850138 0.279134274
vt 0.359931469 0.283457994
vt 0.359931469 0.279134274
vt 0.366850138 0.273487926
vt 0.359931469 0.273487926
vt 0.366850138 0.279671073
vt 0.359931469 0.279671073
vt 0.366850138 0.263820887
vt 0.359931469 0.263820887
vt 0.366850138 0.272818327
vt 0.359931469 0.272818327
vt 0.366850138 0.272818327
vt 0.359931469 0.272818327
vt 0.366850138 0.274888039
vt 0.359931469 0.274888039
vt 0.366850138 0.263820887
vt 0.366850138 0.261766195
vt 0.359931469 0.263820887
vt 0.359931469 0.261766195
vt 0.366850138 0.274888039
vt 0.359931469 0.274888039
vt 0.366850138 0.279134274
vt 0.359931469 0.279134274
vt 0.366850138 0.273487926
vt 0.366850138 0.269679546
vt 0.359931469 0.273487926
vt 0.359931469 0.269679546
vt 0.366850138 0.279671073
vt 0.359931469 0.279671073
vt 0.366850138 0.283418894
vt 0.359931469 0.283418894
vt 0.366850138 0.261766195
vt 0.366850138 0.257361412
vt 0.359931469 0.261766195
vt 0.359931469 0.257361412
vt 0.359931469 0.241639137
vt 0.359931469 0.250649452
vt 0.366850138 0.241639137
vt 0.366850138 0.250649452
vt 0.192879558 0.238302469
vt 0.211642742 0.238302469
vt 0.192879558 0.236685991
vt 0.211642742 0.236685991
vt 0.211642742 0.24128437
vt 0.192879558 0.24128437
vt 0.211642742 0.243634701
vt 0.192879558 0.243634701
vt 0.211642742 0.246315956
vt 0.192879558 0.246315956
vt 0.211642742 0.247514486
vt 0.192879558 0.247514486
vt 0.211642742 0.236685991
vt 0.211642742 0.232501507
vt 0.192879558 0.236685991
vt 0.192879558 0.232473373
vt 0.213374376 0.246315956
vt 0.213374376 0.247514486
vt 0.216801047 0.246315956
vt 0.216801047 0.247514486
vt 0.216801047 0.243634701
vt 0.213374376 0.243634701
vt 0.216801047 0.24128437
vt 0.213374376 0.24128437
vt 0.216801047 0.238302469
vt 0.213374376 0.238302469
vt 0.216801047 0.236685991
vt 0.213374376 0.236685991
vt 0.211642742 0.238302469
vt 0.213374376 0.238302469
vt 0.211642742 0.236685991
vt 0.213374376 0.236685991
vt 0.213374376 0.24128437
vt 0.211642742 0.24128437
vt 0.213374376 0.243634701
vt 0.211642742 0.243634701
vt 0.211642742 0.246315956
vt 0.213374376 0.246315956
vt 0.211642742 0.247514486
vt 0.213374376 0.247514486
vt 0.192879558 0.238302469
vt 0.192879558 0.236685991
vt 0.191148043 0.238302469
vt 0.191148043 0.236685991
vt 0.191148043 0.24128437
vt 0.192879558 0.24128437
vt 0.191148043 0.243634701
vt 0.192879558 0.243634701
vt 0.192879558 0.246315956
vt 0.191148043 0.246315956
vt 0.192879558 0.247514486
vt 0.191148043 0.247514486
vt 0.236926794 0.401203394
vt 0.236926794 0.393858194
vt 0.228512645 0.401203394
vt 0.228512645 0.393858194
vt 0.236926794 0.386769295
vt 0.228512645 0.386769295
vt 0.228512645 0.379427433
vt 0.236926794 0.379427433
vt 0.236926794 0.408295631
vt 0.228512645 0.408295631
vt 0.305202723 0.33717227
vt 0.312464952 0.3279953
vt 0.303084373 0.334017277
vt 0.309999466 0.324111462
vt 0.315816462 0.324752808
vt 0.315816522 0.349207401
vt 0.312464893 0.346113205
vt 0.303084373 0.340304613
vt 0.309999466 0.34986949
vt 0.300984621 0.33717227
vt 0.294387579 0.345932007
vt 0.296460748 0.349775553
vt 0.294387579 0.327813983
vt 0.296460748 0.324017286
vt 0.291282833 0.324440956
vt 0.291282773 0.34889555
vt 0.316114545 0.291363478
vt 0.312762976 0.29460609
vt 0.310297489 0.290721893
vt 0.316114545 0.315817833
vt 0.312762976 0.312723875
vt 0.310297489 0.31648016
vt 0.303382397 0.300636768
vt 0.305500746 0.30378294
vt 0.303382397 0.30692482
vt 0.301282525 0.303782701
vt 0.294644177 0.312553048
vt 0.296717286 0.316396713
vt 0.291539431 0.315516472
vt 0.294644177 0.294435143
vt 0.291539431 0.291061878
vt 0.296717286 0.290638208
vt 0.366850138 0.273487926
vt 0.366850138 0.279671073
vt 0.359931469 0.273487926
vt 0.359931469 0.279671073
vt 0.366850138 0.250649452
vt 0.366850138 0.252930403
vt 0.359931469 0.250649452
vt 0.359931469 0.252930403
vt 0.366850138 0.283457994
vt 0.366850138 0.241639137
vt 0.359931469 0.283457994
vt 0.359931469 0.241639137
vt 0.359931469 0.252930403
vt 0.366850138 0.252930403
vt 0.359931469 0.257361412
vt 0.366850138 0.257361412
vt 0.366850138 0.269679546
vt 0.366850138 0.273487926
vt 0.359931469 0.269679546
vt 0.359931469 0.273487926
vt 0.366850138 0.279671073
vt 0.366850138 0.283418894
vt 0.359931469 0.279671073
vt 0.359931469 0.283418894
vt 0.359931469 0.279134274
vt 0.366850138 0.279134274
vt 0.359931469 0.283457994
vt 0.366850138 0.283457994
vt 0.366850138 0.273487926
vt 0.366850138 0.279671073
vt 0.359931469 0.273487926
vt 0.359931469 0.279671073
vt 0.366850138 0.263820887
vt 0.366850138 0.272818327
vt 0.359931469 0.263820887
vt 0.359931469 0.272818327
vt 0.366850138 0.272818327
vt 0.366850138 0.274888039
vt 0.359931469 0.272818327
vt 0.35993135 0.274888039
vt 0.359931469 0.261766195
vt 0.366850138 0.261766195
vt 0.359931469 0.263820887
vt 0.366850138 0.263820887
vt 0.366850138 0.274888039
vt 0.366850138 0.279134274
vt 0.35993135 0.274888039
vt 0.359931469 0.279134274
vt 0.359931469 0.269679546
vt 0.366850138 0.269679546
vt 0.359931469 0.273487926
vt 0.366850138 0.273487926
vt 0.366850138 0.279671073
vt 0.366850138 0.283418894
vt 0.359931469 0.279671073
vt 0.359931469 0.283418655
vt 0.359931469 0.257361412
vt 0.366850138 0.257361412
vt 0.359931469 0.261766195
vt 0.366850138 0.261766195
vt 0.359931469 0.241639137
vt 0.366850138 0.241639137
vt 0.359931469 0.250649452
vt 0.366850138 0.250649452
vt 0.192879558 0.238302469
vt 0.192879438 0.236685991
vt 0.211642742 0.238302469
vt 0.211642742 0.236685991
vt 0.211642742 0.24128437
vt 0.192879558 0.24128437
vt 0.211642742 0.243634701
vt 0.192879558 0.243634701
vt 0.211642742 0.246315956
vt 0.192879558 0.246315956
vt 0.211642742 0.247514486
vt 0.192879558 0.247514486
vt 0.211642742 0.236685991
vt 0.192879438 0.236685991
vt 0.211642742 0.232501507
vt 0.192879558 0.232473373
vt 0.216801047 0.247514486
vt 0.213374376 0.247514486
vt 0.216801047 0.246315956
vt 0.213374376 0.246315956
vt 0.216801047 0.243634701
vt 0.213374376 0.243634701
vt 0.216801047 0.24128437
vt 0.213374376 0.24128437
vt 0.216801047 0.238302469
vt 0.213374376 0.238302469
vt 0.216801047 0.236685991
vt 0.213374376 0.236685991
vt 0.213374376 0.236685991
vt 0.213374376 0.238302469
vt 0.211642742 0.236685991
vt 0.211642742 0.238302469
vt 0.213374376 0.24128437
vt 0.211642742 0.24128437
vt 0.213374376 0.243634701
vt 0.211642742 0.243634701
vt 0.211642742 0.246315956
vt 0.213374376 0.246315956
vt 0.211642742 0.247514486
vt 0.213374376 0.247514486
vt 0.191148043 0.236685991
vt 0.192879438 0.236685991
vt 0.191148043 0.238302469
vt 0.192879558 0.238302469
vt 0.191148043 0.24128437
vt 0.192879558 0.24128437
vt 0.191148043 0.243634701
vt 0.192879558 0.243634701
vt 0.192879558 0.246315956
vt 0.191148043 0.246315956
vt 0.192879558 0.247514486
vt 0.191148043 0.247514486
vt 0.414972186 0.995738268
vt 0.415842175 0.995738268
vt 0.414972186 0.971710324
vt 0.415842175 0.971710324
vt 0.414102077 0.971710324
vt 0.414102077 0.995738268
vt 0.413231939 0.971710324
vt 0.41323185 0.995738268
vt 0.412361741 0.971710324
vt 0.41236186 0.995738268
vt 0.414537102 0.969314098
vt 0.412361741 0.969314098
vt 0.414537102 0.969314098
vt 0.414537102 0.969314098
vt 0.378779948 0.965342522
vt 0.378751397 0.967141628
vt 0.382170022 0.965569973
vt 0.382689327 0.966897011
vt 0.378846586 0.968867302
vt 0.3822577 0.968504667
vt 0.379153013 0.970631123
vt 0.382878065 0.969609261
vt 0.382708073 0.964400768
vt 0.379018307 0.963643551
vt 0.382170022 0.965569973
vt 0.382689327 0.966897011
vt 0.382708073 0.964400768
vt 0.382689327 0.966897011
vt 0.3822577 0.968504667
vt 0.382878065 0.969609261
vt 0.668169558 0.822017133
vt 0.668169558 0.776175797
vt 0.558152258 0.822017133
vt 0.558152258 0.776175797
vt 0.401294529 0.952921867
vt 0.386556029 0.95284605
vt 0.396893263 0.957344055
vt 0.390867114 0.957344055
vt 0.386556029 0.95284605
vt 0.386594057 0.974519253
vt 0.390867114 0.957344055
vt 0.390867114 0.970072746
vt 0.401351631 0.974455833
vt 0.396893263 0.970072746
vt 0.386594057 0.974519253
vt 0.390867114 0.970072746
vt 0.401351631 0.974455833
vt 0.401294529 0.952921867
vt 0.396893263 0.970072746
vt 0.396893263 0.957344055
vt 0.440052032 0.652647734
vt 0.440052032 0.787123442
vt 0.387714267 0.652647734
vt 0.387714267 0.787123442
vt 0.35026443 0.803854942
vt 0.362717748 0.803854942
vt 0.350246549 0.79115963
vt 0.350246549 0.724924326
vt 0.362717748 0.724924564
vt 0.335609794 0.768016338
vt 0.335609794 0.933566093
vt 0.272967339 0.814504147
vt 0.272967339 0.901604891
vt 0.322773576 0.933566093
vt 0.350246549 0.724924326
vt 0.332806826 0.727852821
vt 0.350246549 0.79115963
vt 0.324277639 0.727853775
vt 0.283581257 0.724925876
vt 0.267351627 0.80385685
vt 0.267349482 0.715621471
vt 0.25085777 0.803046465
vt 0.248204231 0.71562171
vt 0.233110905 0.72654891
vt 0.233110905 0.795621872
vt 0.800748467 0.637655258
vt 0.663180828 0.637655258
vt 0.800748348 0.617115974
vt 0.663180828 0.617115974
vt 0.663180828 0.637655258
vt 0.651394904 0.637655258
vt 0.663180828 0.617115974
vt 0.651394904 0.617115974
vt 0.651394904 0.637655258
vt 0.548912227 0.637655258
vt 0.651394904 0.617115974
vt 0.548912227 0.617115974
vt 0.548912227 0.637655258
vt 0.537271082 0.637655258
vt 0.548912227 0.617115974
vt 0.537271082 0.617115974
vt 0.557165504 0.65438199
vt 0.743381739 0.717469215
vt 0.602697074 0.718118668
vt 0.748015881 0.653918743
vt 0.661197066 0.978835106
vt 0.661197066 0.978835106
vt 0.628806949 0.978835106
vt 0.627099633 0.978835106
vt 0.633752823 0.982091904
vt 0.626595497 0.981853962
vt 0.633522034 0.974281311
vt 0.62554431 0.974934578
vt 0.66224885 0.974841595
vt 0.661887765 0.973258018
vt 0.669665098 0.971326828
vt 0.661991239 0.974318504
vt 0.669253111 0.969769239
vt 0.312353015 0.768665075
vt 0.312352896 0.768665075
vt 0.330825388 0.767712474
vt 0.330825388 0.767712474
vt 0.330825388 0.767712474
vt 0.330825388 0.767712474
vt 0.333739996 0.76488924
vt 0.333739996 0.76488924
vt 0.656559467 0.982548714
vt 0.658549309 0.982804298
vt 0.656510115 0.983703613
vt 0.658732176 0.983896971
vt 0.654822111 0.982789278
vt 0.654861212 0.981602192
vt 0.658549309 0.982804298
vt 0.656559467 0.982548714
vt 0.659486532 0.974382639
vt 0.654861212 0.981602192
vt 0.633522034 0.974281311
vt 0.633752823 0.982091904
vt 0.378045321 0.975326538
vt 0.378045321 0.972286463
vt 0.387147188 0.975326538
vt 0.387147188 0.972286463
vt 0.633205891 0.983244419
vt 0.626674414 0.982875109
vt 0.633752823 0.982091904
vt 0.626595497 0.981853962
vt 0.440052032 0.652647734
vt 0.387714267 0.652647734
vt 0.440052032 0.787123442
vt 0.387714267 0.787123442
vt 0.35026443 0.803854942
vt 0.350246549 0.79115963
vt 0.362717628 0.803854942
vt 0.350246549 0.724924326
vt 0.362717748 0.724924564
vt 0.335609794 0.933566093
vt 0.272967339 0.814504147
vt 0.272967339 0.901604891
vt 0.335609794 0.768016338
vt 0.322773576 0.933566093
vt 0.350246549 0.724924326
vt 0.350246549 0.79115963
vt 0.332806826 0.727852821
vt 0.324277639 0.727853775
vt 0.283581138 0.724925756
vt 0.267351627 0.80385685
vt 0.267349482 0.715621471
vt 0.25085777 0.803046465
vt 0.248204231 0.71562171
vt 0.233110905 0.72654891
vt 0.233110905 0.795621872
vt 0.800748467 0.637655258
vt 0.800748467 0.617115974
vt 0.663180828 0.637655258
vt 0.663180828 0.617115974
vt 0.663180828 0.637655258
vt 0.663180828 0.617115974
vt 0.651394904 0.637655258
vt 0.651394904 0.617115974
vt 0.651394904 0.637655258
vt 0.651394904 0.617115974
vt 0.548912227 0.637655258
vt 0.548912227 0.617115974
vt 0.548912227 0.637655258
vt 0.548912227 0.617115974
vt 0.537271082 0.637655258
vt 0.537271082 0.617115974
vt 0.557165504 0.65438199
vt 0.602697074 0.718118668
vt 0.743381739 0.717469215
vt 0.748015881 0.653918743
vt 0.633205891 0.983244419
vt 0.654822111 0.982789278
vt 0.633752823 0.982091904
vt 0.654861212 0.981602192
vt 0.656559467 0.982548714
vt 0.656510115 0.983703613
vt 0.658549309 0.982804298
vt 0.658732176 0.983896971
vt 0.626674414 0.982875109
vt 0.626595497 0.981853962
vt 0.387147188 0.972286463
vt 0.378045321 0.972286463
vt 0.387147188 0.975326538
vt 0.378045321 0.975326538
vt 0.656559467 0.982548714
vt 0.659486532 0.974382639
vt 0.654861212 0.981602192
vt 0.633522034 0.974281311
vt 0.633752823 0.982091904
vt 0.658549309 0.982804298
vt 0.633752823 0.982091904
vt 0.633522034 0.974281311
vt 0.626595497 0.981853962
vt 0.62554431 0.974934578
vt 0.669665098 0.971326828
vt 0.662114859 0.972983837
vt 0.66224885 0.974841595
vt 0.661991239 0.974318504
vt 0.669253111 0.969769239
vt 0.330825388 0.767712474
vt 0.312352896 0.768665075
vt 0.330825388 0.767712474
vt 0.312353015 0.768665075
vt 0.330825388 0.767712474
vt 0.333739996 0.76488924
vt 0.330825388 0.767712474
vt 0.333739996 0.76488924
vt 0.200257078 0.60987556
vt 0.181362167 0.634355783
vt 0.0752636194 0.600584507
vt 0.0616131574 0.634352207
vt 0.0473567992 0.600584865
vt 0.378045321 0.972286463
vt 0.37734735 0.972286463
vt 0.378045321 0.975326538
vt 0.37734735 0.975326538
vt 0.378045321 0.975326538
vt 0.37734735 0.975326538
vt 0.378045321 0.972286463
vt 0.37734735 0.972286463
vt 0.325561166 0.769340992
vt 0.325561166 0.759165287
vt 0.31959033 0.769340754
vt 0.311772585 0.759168625
vt 0.317495346 0.769340992
vt 0.323466063 0.769340754
vt 0.317495346 0.759165287
vt 0.331283927 0.759168625
vt 0.200257078 0.609875619
vt 0.0752636641 0.600584626
vt 0.181362167 0.634355783
vt 0.0616132021 0.634352386
vt 0.0473567992 0.600584745
vt 0.309734583 0.594294548
vt 0.210760117 0.594294548
vt 0.309734583 0.692331314
vt 0.210760117 0.692331314
vt 0.210760117 0.703735113
vt 0.309734583 0.703735113
vt 0.595250368 0.965088606
vt 0.60152173 0.967463493
vt 0.614151359 0.950545788
vt 0.615510166 0.958079576
vt 0.618870258 0.946779013
vt 0.63582325 0.957498312
vt 0.633531094 0.966599703
vt 0.641436696 0.958035707
vt 0.63958317 0.967843175
vt 0.611956239 0.944318533
vt 0.618029654 0.941871762
vt 0.610657692 0.940075397
vt 0.617703915 0.937988997
vt 0.645804644 0.9581213
vt 0.643987775 0.968648911
vt 0.267705202 0.392803371
vt 0.268286705 0.397810936
vt 0.268271446 0.393241882
vt 0.268418431 0.397801161
vt 0.267453104 0.391986966
vt 0.266527057 0.391822338
vt 0.266466141 0.391372204
vt 0.268418431 0.397801161
vt 0.268286705 0.397810936
vt 0.267706484 0.392804503
vt 0.267453104 0.391986966
vt 0.268271446 0.393241882
vt 0.266527057 0.391822338
vt 0.266466141 0.391372204
vt 0.268286705 0.397810936
vt 0.268418431 0.397801161
vt 0.641436696 0.958035707
vt 0.645804644 0.9581213
vt 0.63958317 0.967843175
vt 0.643987775 0.968648911
vt 0.633531094 0.966599464
vt 0.63582325 0.957498312
vt 0.615510166 0.958079576
vt 0.618870258 0.946779013
vt 0.614151359 0.950545788
vt 0.611952484 0.944320798
vt 0.618029594 0.941871762
vt 0.617703915 0.937988997
vt 0.610657692 0.940075397
vt 0.619680762 0.941487193
vt 0.619547844 0.937973976
vt 0.62065804 0.939917564
vt 0.620652676 0.938110828
vt 0.64132154 0.956116915
vt 0.637038887 0.955691814
vt 0.620185196 0.945191145
vt 0.643132567 0.954806328
vt 0.644615769 0.955897331
vt 0.619680762 0.941487193
vt 0.62065804 0.939917564
vt 0.619547844 0.937973976
vt 0.620652676 0.938110828
vt 0.64132154 0.956116915
vt 0.643132627 0.954806328
vt 0.644615769 0.955897331
vt 0.637038887 0.955691814
vt 0.620185256 0.945191145
vt 0.347790956 0.714154243
vt 0.347790956 0.607102633
vt 0.331677675 0.714154243
vt 0.331677675 0.607102633
vt 0.370358109 0.607102633
vt 0.370358109 0.714154243
vt 0.266527057 0.391822338
vt 0.266496599 0.391597271
vt 0.266466141 0.391372204
vt 0.266466141 0.391372204
vt 0.266496599 0.391597271
vt 0.266527057 0.391822338
vt 0.582493901 0.997671604
vt 0.58337605 0.997735023
vt 0.582522869 0.994949818
vt 0.583487391 0.990098476
vt 0.582885385 0.980962276
vt 0.583684921 0.985922813
vt 0.583868027 0.978242636
vt 0.582996726 0.978241444
vt 0.56349194 0.997974396
vt 0.56349194 0.9951334
vt 0.562330842 0.997915506
vt 0.562314391 0.99501729
vt 0.563492179 0.980138779
vt 0.562332153 0.980154991
vt 0.562351346 0.977209091
vt 0.563492179 0.977180958
vt 0.266127586 0.407065868
vt 0.265248537 0.388685465
vt 0.268405557 0.407065868
vt 0.268405557 0.388686657
vt 0.268405557 0.389814615
vt 0.268405557 0.408193827
vt 0.265248537 0.408195019
vt 0.266127586 0.389814615
vt 0.331677675 0.714154243
vt 0.331677675 0.607102633
vt 0.325336933 0.714154243
vt 0.325336933 0.607102633
vt 0.582885385 0.980962276
vt 0.572484195 0.982061386
vt 0.582522869 0.994949818
vt 0.572320223 0.993443251
vt 0.56349194 0.9951334
vt 0.565516233 0.993507624
vt 0.563492179 0.980138779
vt 0.56563127 0.981731415
vt 0.563492179 0.980138779
vt 0.572484195 0.982061386
vt 0.582885385 0.980962276
vt 0.572320223 0.993443251
vt 0.56349194 0.9951334
vt 0.582522869 0.994949818
vt 0.752250314 0.55038619
vt 0.761992216 0.55038619
vt 0.752250314 0.557747602
vt 0.761992216 0.557747602
vt 0.783786058 0.557747602
vt 0.783786058 0.55038619
vt 0.747687578 0.557747602
vt 0.752250314 0.557747602
vt 0.747687578 0.579451323
vt 0.752250314 0.579451323
vt 0.761992216 0.557747602
vt 0.761992216 0.579451323
vt 0.752250314 0.557747602
vt 0.752250314 0.579451323
vt 0.783786058 0.579451323
vt 0.761992216 0.579451323
vt 0.783786058 0.557747602
vt 0.761992216 0.557747602
vt 0.787896872 0.557747602
vt 0.787896872 0.579451323
vt 0.783786058 0.557747602
vt 0.783786058 0.579451323
vt 0.783786058 0.55038619
vt 0.761992216 0.55038619
vt 0.783786058 0.557747602
vt 0.761992216 0.557747602
vt 0.752250314 0.557747602
vt 0.752250314 0.55038619
vt 0.747687578 0.557747602
vt 0.747687578 0.579451323
vt 0.752250314 0.557747602
vt 0.752250314 0.579451323
vt 0.761992216 0.557747602
vt 0.752250314 0.557747602
vt 0.761992216 0.579451323
vt 0.752250314 0.579451323
vt 0.783786058 0.579451323
vt 0.783786058 0.557747602
vt 0.761992216 0.579451323
vt 0.761992216 0.557747602
vt 0.787896872 0.557747602
vt 0.783786058 0.557747602
vt 0.787896872 0.579451323
vt 0.783786058 0.579451323
vt 0.518038988 0.411266327
vt 0.506643772 0.390538216
vt 0.495248556 0.411266327
vt 0.495248556 0.390538216
vt 0.518038988 0.390538216
vt 0.345450163 0.956645966
vt 0.345450163 0.956645966
vt 0.345450163 0.964839458
vt 0.345450163 0.964839458
vt 0.345450163 0.964839458
vt 0.345450163 0.964839458
vt 0.358500719 0.964839458
vt 0.358500719 0.964839458
vt 0.358500719 0.964839458
vt 0.358500719 0.964839458
vt 0.358500719 0.956645966
vt 0.358500719 0.956645966
vt 0.358500719 0.956645966
vt 0.358500719 0.956645966
vt 0.345450163 0.956645966
vt 0.345450163 0.956645966
vt 0.345450163 0.956645966
vt 0.358500719 0.956645966
vt 0.345450163 0.964839458
vt 0.358500719 0.964839458
vt 0.358500719 0.956645966
vt 0.345450163 0.956645966
vt 0.358500719 0.964839458
vt 0.345450163 0.964839458
vt 0.345450163 0.956645966
vt 0.345450163 0.956645966
vt 0.345450163 0.964839458
vt 0.345450163 0.964839458
vt 0.345450163 0.964839458
vt 0.345450163 0.964839458
vt 0.358500719 0.964839458
vt 0.358500719 0.964839458
vt 0.358500719 0.964839458
vt 0.358500719 0.964839458
vt 0.358500719 0.956645966
vt 0.358500719 0.956645966
vt 0.358500719 0.956645966
vt 0.358500719 0.956645966
vt 0.345450163 0.956645966
vt 0.345450163 0.956645966
vt 0.345450163 0.956645966
vt 0.358500719 0.956645966
vt 0.345450163 0.964839458
vt 0.358500719 0.964839458
vt 0.358500719 0.956645966
vt 0.345450163 0.956645966
vt 0.358500719 0.964839458
vt 0.345450163 0.964839458
vt 0.588544726 0.771257401
vt 0.641254544 0.771257401
vt 0.588544726 0.752069235
vt 0.641254544 0.752068996
vt 0.641254663 0.752068996
vt 0.641254544 0.74302578
vt 0.588544726 0.752069235
vt 0.588544726 0.74302578
vt 0.655982018 0.771257401
vt 0.655982018 0.752068996
vt 0.641254544 0.771257401
vt 0.641254663 0.752068996
vt 0.655982018 0.771257401
vt 0.655982256 0.752068996
vt 0.641254544 0.771257401
vt 0.641254544 0.752068996
vt 0.641254544 0.74302578
vt 0.588544726 0.74302578
vt 0.641254544 0.752068996
vt 0.588544726 0.752069235
vt 0.575989962 0.730576515
vt 0.575989962 0.724691987
vt 0.559254885 0.730576515
vt 0.559254885 0.724691987
vt 0.575989962 0.72027874
vt 0.559254885 0.72027874
vt 0.559254885 0.736460924
vt 0.575989962 0.736460924
vt 0.559254885 0.742345452
vt 0.575989962 0.742345452
vt 0.559254885 0.7482301
vt 0.575989962 0.7482301
vt 0.559254885 0.754114509
vt 0.575989962 0.754114509
vt 0.55915451 0.765783072
vt 0.579005063 0.765783072
vt 0.564141691 0.764475822
vt 0.579005241 0.765783072
vt 0.55915451 0.765783072
vt 0.579005241 0.765783072
vt 0.55915451 0.765783072
vt 0.574067354 0.764475822
vt 0.343362331 0.973124027
vt 0.342750669 0.973032117
vt 0.343389988 0.971602917
vt 0.33995223 0.972926855
vt 0.3375808 0.959222317
vt 0.3375808 0.973145962
vt 0.343389988 0.955585003
vt 0.342341423 0.954615116
vt 0.343387246 0.973631144
vt 0.343006968 0.973631144
vt 0.339885354 0.973145962
vt 0.343389988 0.971562147
vt 0.343362331 0.973124027
vt 0.343389988 0.971602917
vt 0.343389988 0.969907284
vt 0.343389988 0.955585003
vt 0.343389988 0.955585003
vt 0.342341423 0.954615116
vt 0.342341423 0.954615116
vt 0.3375808 0.954615116
vt 0.3375808 0.959222317
vt 0.345026314 0.986191988
vt 0.353073597 0.987507343
vt 0.349001408 0.992236614
vt 0.353073597 0.992564678
vt 0.34438765 0.99066782
vt 0.341868758 0.988327026
vt 0.342948794 0.977573872
vt 0.34081459 0.976390839
vt 0.364323139 0.992796898
vt 0.374540806 0.987714052
vt 0.406094313 0.98444128
vt 0.406087518 0.987180471
vt 0.343387246 0.973631144
vt 0.343362331 0.973124027
vt 0.343388557 0.972859383
vt 0.343389988 0.972087383
vt 0.343389988 0.971562147
vt 0.343387246 0.973631144
vt 0.343629241 0.97389102
vt 0.343006968 0.973631144
vt 0.343006968 0.974150896
vt 0.343871355 0.972859383
vt 0.343388557 0.972859383
vt 0.599041164 0.704879761
vt 0.595684528 0.696960449
vt 0.595684528 0.696960449
vt 0.59168601 0.694435358
vt 0.59168601 0.694435358
vt 0.601333499 0.702003717
vt 0.449278474 0.981042862
vt 0.449278474 0.993804216
vt 0.478358746 0.981047392
vt 0.449278414 0.959087133
vt 0.478360891 0.958961964
vt 0.449278355 0.936057568
vt 0.420198083 0.98104763
vt 0.420195818 0.958961964
vt 0.490817666 0.989672899
vt 0.47974062 0.980811119
vt 0.541664481 0.99314487
vt 0.551290035 0.980818272
vt 0.551249146 0.994568348
vt 0.544563413 0.994570494
vt 0.5446347 0.99774909
vt 0.551320672 0.997746468
vt 0.490816951 0.994251013
vt 0.479741573 0.949799359
vt 0.551292181 0.949799359
vt 0.60698247 0.707046986
vt 0.60698247 0.703622818
vt 0.681940079 0.707334518
vt 0.681940079 0.703622818
vt 0.601333499 0.702003717
vt 0.595946193 0.707478285
vt 0.595684528 0.696960449
vt 0.59168601 0.694435358
vt 0.681940079 0.703622818
vt 0.681161523 0.703622818
vt 0.688536167 0.703622818
vt 0.686185479 0.703622818
vt 0.688536167 0.703622818
vt 0.686185479 0.703622818
vt 0.686185479 0.703622818
vt 0.688536167 0.703622818
vt 0.681161523 0.703622818
vt 0.681940079 0.703622818
vt 0.606976748 0.703622818
vt 0.60698247 0.703622818
vt 0.598125696 0.706477642
vt 0.597768366 0.704021931
vt 0.606976748 0.703622818
vt 0.60698247 0.703622818
vt 0.601333499 0.702003717
vt 0.599041164 0.704879761
vt 0.406087518 0.987180471
vt 0.406094313 0.98444128
vt 0.41313839 0.987180471
vt 0.413138151 0.984441519
vt 0.681940079 0.707334518
vt 0.681940079 0.703622818
vt 0.688536167 0.707334518
vt 0.688536167 0.703622818
vt 0.553120136 0.814760923
vt 0.553148985 0.665890694
vt 0.533021271 0.646599531
vt 0.449117064 0.814760923
vt 0.449117064 0.646597624
vt 0.688536167 0.707334518
vt 0.688536167 0.707334518
vt 0.688536167 0.703622818
vt 0.688536167 0.703622818
vt 0.688536167 0.707334518
vt 0.688536167 0.703622818
vt 0.611252367 0.987680793
vt 0.60172236 0.98805809
vt 0.611117959 0.985582232
vt 0.601723433 0.98562026
vt 0.425295383 0.633162498
vt 0.386705995 0.633162498
vt 0.425295383 0.632029772
vt 0.386705995 0.632029772
vt 0.386705995 0.634295225
vt 0.425295383 0.634295225
vt 0.425295383 0.63090086
vt 0.386705995 0.63090086
vt 0.425295383 0.62975359
vt 0.386705995 0.62975359
vt 0.425295383 0.628625512
vt 0.386705995 0.628625631
vt 0.386705995 0.627492905
vt 0.425295383 0.627492905
vt 0.425295383 0.626360416
vt 0.386705995 0.626360416
vt 0.425295383 0.625227451
vt 0.386705995 0.625227451
vt 0.501836598 0.640895188
vt 0.4553321 0.621663749
vt 0.493857592 0.621663749
vt 0.474594682 0.613654196
vt 0.447352499 0.640894711
vt 0.493857592 0.621663749
vt 0.4553321 0.621663749
vt 0.501836598 0.640895188
vt 0.474594653 0.613654315
vt 0.447352499 0.640894711
vt 0.449116826 0.928287268
vt 0.479741693 0.944392204
vt 0.553146362 0.928259611
vt 0.553148746 0.94429493
vt 0.553140879 0.868050814
vt 0.348806828 0.868050575
vt 0.348801106 0.928259373
vt 0.418492079 0.944392204
vt 0.34879896 0.94429493
vt 0.553120136 0.814760923
vt 0.449117064 0.814760923
vt 0.553140879 0.868050814
vt 0.348806828 0.868050575
vt 0.348827571 0.814760923
vt 0.611117959 0.985582232
vt 0.613975286 0.974569559
vt 0.613512039 0.985237122
vt 0.615662813 0.974331617
vt 0.611252367 0.987680793
vt 0.600957394 0.98805809
vt 0.5933429 0.98805809
vt 0.600957394 0.98562026
vt 0.5933429 0.98562026
vt 0.343389988 0.971562147
vt 0.343389988 0.969907284
vt 0.343389988 0.971602917
vt 0.343389988 0.973137379
vt 0.343389988 0.955585003
vt 0.343389988 0.955585003
vt 0.343389988 0.972087383
vt 0.343388557 0.972859383
vt 0.343387127 0.973631144
vt 0.342341423 0.954615116
vt 0.342341423 0.954615116
vt 0.3375808 0.954615116
vt 0.3375808 0.959222317
vt 0.343389988 0.971602917
vt 0.342750669 0.973032117
vt 0.343389988 0.973137379
vt 0.343006968 0.973631144
vt 0.343387127 0.973631144
vt 0.339952111 0.972927094
vt 0.3375808 0.959222317
vt 0.343389988 0.955585003
vt 0.3375808 0.973145962
vt 0.339885354 0.973145962
vt 0.342341423 0.954615116
vt 0.353073597 0.992564678
vt 0.353073597 0.987507343
vt 0.349001408 0.992236614
vt 0.345026314 0.986191988
vt 0.34438765 0.99066782
vt 0.341868758 0.988327026
vt 0.364323139 0.992796898
vt 0.374540806 0.987714052
vt 0.406094313 0.98444128
vt 0.406087518 0.987180471
vt 0.342948794 0.977573872
vt 0.34081459 0.976390839
vt 0.597768366 0.704021931
vt 0.595684528 0.696960449
vt 0.595684528 0.696960449
vt 0.59168601 0.694435358
vt 0.59168601 0.694435358
vt 0.598125696 0.706477642
vt 0.343387127 0.973631144
vt 0.343006968 0.973631144
vt 0.343629241 0.97389102
vt 0.343006968 0.974150896
vt 0.343871355 0.972859383
vt 0.343388557 0.972859383
vt 0.5446347 0.99774909
vt 0.544563413 0.994570494
vt 0.551320672 0.997746468
vt 0.551249146 0.994568348
vt 0.541664481 0.99314487
vt 0.551290035 0.980818033
vt 0.47974062 0.980811119
vt 0.490817666 0.989672899
vt 0.449116826 0.994245768
vt 0.490816951 0.994251013
vt 0.551292181 0.949799359
vt 0.479741573 0.949799359
vt 0.413138151 0.984441519
vt 0.406094313 0.98444128
vt 0.41313839 0.987180471
vt 0.406087518 0.987180471
vt 0.688536167 0.703622818
vt 0.681940079 0.703622818
vt 0.688536167 0.707334518
vt 0.681940079 0.707334518
vt 0.533021271 0.646599531
vt 0.553120136 0.814760923
vt 0.449117064 0.814760923
vt 0.553148985 0.665890694
vt 0.449117064 0.646597624
vt 0.60172236 0.98562026
vt 0.60172236 0.98805809
vt 0.611117959 0.985582232
vt 0.611252367 0.987680793
vt 0.425295383 0.633162498
vt 0.425295383 0.632029772
vt 0.386705995 0.633162498
vt 0.386705995 0.632029772
vt 0.386705995 0.634295225
vt 0.425295383 0.634295225
vt 0.425295383 0.63090086
vt 0.386705995 0.63090086
vt 0.425295383 0.62975359
vt 0.386705995 0.62975359
vt 0.425295383 0.628625512
vt 0.386705995 0.628625631
vt 0.386705995 0.627492905
vt 0.425295383 0.627492905
vt 0.425295383 0.626360416
vt 0.386705995 0.626360416
vt 0.425295383 0.625227451
vt 0.386705995 0.625227451
vt 0.493857592 0.621663749
vt 0.4553321 0.621663749
vt 0.474594653 0.613654673
vt 0.501836598 0.64089483
vt 0.447352469 0.640894592
vt 0.4553321 0.621663749
vt 0.501836598 0.64089483
vt 0.493857592 0.621663511
vt 0.447352469 0.640894592
vt 0.474594653 0.613654494
vt 0.611117959 0.985582232
vt 0.613512039 0.985237122
vt 0.613975286 0.974569559
vt 0.615662813 0.974331617
vt 0.611252367 0.987680793
vt 0.60172236 0.98805809
vt 0.60172236 0.98562026
vt 0.600957394 0.98805809
vt 0.600957394 0.98562026
vt 0.600957394 0.98805809
vt 0.600957394 0.98562026
vt 0.5933429 0.98805809
vt 0.5933429 0.98562026
vt 0.600957394 0.98562026
vt 0.601723433 0.98562026
vt 0.600957394 0.98805809
vt 0.60172236 0.98805809
vt 0.595684528 0.696960449
vt 0.59168601 0.694435358
vt 0.595946193 0.707478285
vt 0.598125696 0.706477642
vt 0.60698247 0.703622818
vt 0.60698247 0.707046986
vt 0.681940079 0.703622818
vt 0.681940079 0.707334518
vt 0.564895868 0.965683937
vt 0.564895868 0.892103434
vt 0.576163054 0.917177916
vt 0.576163173 0.891860485
vt 0.564895868 0.965683937
vt 0.576163054 0.917177916
vt 0.564895868 0.892103434
vt 0.576163054 0.891860485
vt 0.300869942 0.391801596
vt 0.300869942 0.374930859
vt 0.307463646 0.391801357
vt 0.307463646 0.374930859
vt 0.300869942 0.366853714
vt 0.307463646 0.366853714
vt 0.300869942 0.362650633
vt 0.307463646 0.362650633
vt 0.307463646 0.408522129
vt 0.300869942 0.408522129
vt 0.307463646 0.420035601
vt 0.300869942 0.420035362
vt 0.307463646 0.425607443
vt 0.300869942 0.425607443
vt 0.307463646 0.429942369
vt 0.300869942 0.429942369
vt 0.161678076 0.282826424
vt 0.161993027 0.278789282
vt 0.174516082 0.282915592
vt 0.174255013 0.278789282
vt 0.161809206 0.308995962
vt 0.175068498 0.309386253
vt 0.16104877 0.313168287
vt 0.176437974 0.313182592
vt 0.180247903 0.261436701
vt 0.176065803 0.251891136
vt 0.17824471 0.255151749
vt 0.160355449 0.252679825
vt 0.159377813 0.256297112
vt 0.159878731 0.278789282
vt 0.179991663 0.27296257
vt 0.174255013 0.278789282
vt 0.161993027 0.278789282
vt 0.176900625 0.278789282
vt 0.183136106 0.261570454
vt 0.182806015 0.273120642
vt 0.159959912 0.284162045
vt 0.159878731 0.278789282
vt 0.161678076 0.282826424
vt 0.161993027 0.278789282
vt 0.166154742 0.266129971
vt 0.158720374 0.266129971
vt 0.166154742 0.273839712
vt 0.158720374 0.273839712
vt 0.157985806 0.311134338
vt 0.159734488 0.306545734
vt 0.16104877 0.313168287
vt 0.161809206 0.308995962
vt 0.166154742 0.273839712
vt 0.158720374 0.273839712
vt 0.166154742 0.266129971
vt 0.158720374 0.266129971
vt 0.174516082 0.282915592
vt 0.177064419 0.284276009
vt 0.180401385 0.289631128
vt 0.159959912 0.284162045
vt 0.180008352 0.301379442
vt 0.159734488 0.306545734
vt 0.161809206 0.308995962
vt 0.175068498 0.309386253
vt 0.177454352 0.307187796
vt 0.161678076 0.282826424
vt 0.257703215 0.391801357
vt 0.257703215 0.374930859
vt 0.260934979 0.391801596
vt 0.260934979 0.374931097
vt 0.257703215 0.366853714
vt 0.260934979 0.366853714
vt 0.260934979 0.362650156
vt 0.257703215 0.362650633
vt 0.260934979 0.408522129
vt 0.257703215 0.408522129
vt 0.260934979 0.420035362
vt 0.257703215 0.420035601
vt 0.260934979 0.425607204
vt 0.257703215 0.425607443
vt 0.257703215 0.429942369
vt 0.260934979 0.429942369
vt 0.265585899 0.374931097
vt 0.300869942 0.374930859
vt 0.265585899 0.391801357
vt 0.300869942 0.391801596
vt 0.300869942 0.366853714
vt 0.265585899 0.366853714
vt 0.265585899 0.362650156
vt 0.300869942 0.362650633
vt 0.265585899 0.408522129
vt 0.300869942 0.408522129
vt 0.265585899 0.420035362
vt 0.300869942 0.420035362
vt 0.300869942 0.425607443
vt 0.265585899 0.425607443
vt 0.300869942 0.429942369
vt 0.265585899 0.429942608
vt 0.183658838 0.287837416
vt 0.180832148 0.287837416
vt 0.183658838 0.303991824
vt 0.180832148 0.303991824
vt 0.247898817 0.217420101
vt 0.250199318 0.216901779
vt 0.247548819 0.215964079
vt 0.249089718 0.214720964
vt 0.240159154 0.216422796
vt 0.243023872 0.216923952
vt 0.240159154 0.218922615
vt 0.243428946 0.21834898
vt 0.246689737 0.208758831
vt 0.240159154 0.209298372
vt 0.244912326 0.200128078
vt 0.240159154 0.199656487
vt 0.244081259 0.190948963
vt 0.240159154 0.189751148
vt 0.2439031 0.181320906
vt 0.240159154 0.179395676
vt 0.243855059 0.171476841
vt 0.240159154 0.168936729
vt 0.243290246 0.162045956
vt 0.240159154 0.158988714
vt 0.243115067 0.156456351
vt 0.240159154 0.153194547
vt 0.238348961 0.219213963
vt 0.240159154 0.218922615
vt 0.236986756 0.216761351
vt 0.240159154 0.216422796
vt 0.236986756 0.209667921
vt 0.240159154 0.209298372
vt 0.236986756 0.199990749
vt 0.240159154 0.199656487
vt 0.236986756 0.189907074
vt 0.240159154 0.189751148
vt 0.236986756 0.179358006
vt 0.240159154 0.179395676
vt 0.240159154 0.168936729
vt 0.236986756 0.168757439
vt 0.240159154 0.158988714
vt 0.236986756 0.158854961
vt 0.240159154 0.153194547
vt 0.228450537 0.21853137
vt 0.229209781 0.216207504
vt 0.226642251 0.217790365
vt 0.227409601 0.215442896
vt 0.229875326 0.209654331
vt 0.228218555 0.208931208
vt 0.230549037 0.200578451
vt 0.228886306 0.200021744
vt 0.230896413 0.191028595
vt 0.229271472 0.1907444
vt 0.230946541 0.181119919
vt 0.229304731 0.181066036
vt 0.229522645 0.171255112
vt 0.231114447 0.171209097
vt 0.230390668 0.161882877
vt 0.231692612 0.161933422
vt 0.230721951 0.156222224
vt 0.235429287 0.219020128
vt 0.238348961 0.219213963
vt 0.235561609 0.217541456
vt 0.236986756 0.216761351
vt 0.230939627 0.217229128
vt 0.229209781 0.216207504
vt 0.228450537 0.21853137
vt 0.230810285 0.218725204
vt 0.229875326 0.209654331
vt 0.236986756 0.209667921
vt 0.230549037 0.200578451
vt 0.236986756 0.199990749
vt 0.230896413 0.191028595
vt 0.236986756 0.189907074
vt 0.230946541 0.181119919
vt 0.236986756 0.179358006
vt 0.231114447 0.171209097
vt 0.236986756 0.168757439
vt 0.231692612 0.161933422
vt 0.236986756 0.158854961
vt 0.234391123 0.15493983
vt 0.240159154 0.153194547
vt 0.230721951 0.156222224
vt 0.260934979 0.374931097
vt 0.265585899 0.374931097
vt 0.260934979 0.391801596
vt 0.265585899 0.391801357
vt 0.265585899 0.366853714
vt 0.260934979 0.366853714
vt 0.265585899 0.362650156
vt 0.260934979 0.362650156
vt 0.260934979 0.408522129
vt 0.265585899 0.408522129
vt 0.260934979 0.420035362
vt 0.265585899 0.420035362
vt 0.260934979 0.425607204
vt 0.265585899 0.425607443
vt 0.260934979 0.429942369
vt 0.265585899 0.429942608
vt 0.731537879 0.804784119
vt 0.719819844 0.8079983
vt 0.71800983 0.769999862
vt 0.708058178 0.806261063
vt 0.71800983 0.769999862
vt 0.738785267 0.776100695
vt 0.738223374 0.751284003
vt 0.712417066 0.739363015
vt 0.689268172 0.75335294
vt 0.693535805 0.782664955
vt 0.708058178 0.806261063
vt 0.68656528 0.734519124
vt 0.737924635 0.730810106
vt 0.159734488 0.306545734
vt 0.150968552 0.305362225
vt 0.159959912 0.284162045
vt 0.151142359 0.283665419
vt 0.159734488 0.306545734
vt 0.157985806 0.311134338
vt 0.150968552 0.305362225
vt 0.15042007 0.30943203
vt 0.159377813 0.256297112
vt 0.159878731 0.278789282
vt 0.151110888 0.257329941
vt 0.151354194 0.278789282
vt 0.159959912 0.284162045
vt 0.151142359 0.283665419
vt 0.159878731 0.278789282
vt 0.151354194 0.278789282
vt 0.265699983 0.432502747
vt 0.265585899 0.429942608
vt 0.30075562 0.432502747
vt 0.300869942 0.429942369
vt 0.161040306 0.578046799
vt 0.15976882 0.587459087
vt 0.168446839 0.572756767
vt 0.168789446 0.588968992
vt 0.176518559 0.588612556
vt 0.177243948 0.570915699
vt 0.182835102 0.588331461
vt 0.182835102 0.569730759
vt 0.300869942 0.391801596
vt 0.307463646 0.391801357
vt 0.300869942 0.374930859
vt 0.307463646 0.374930859
vt 0.300869942 0.366853714
vt 0.307463646 0.366853714
vt 0.300869942 0.362650633
vt 0.307463646 0.362650633
vt 0.307463646 0.408522129
vt 0.300869942 0.408522129
vt 0.307463646 0.420035601
vt 0.300869942 0.420035362
vt 0.307463646 0.425607443
vt 0.300869942 0.425607443
vt 0.307463646 0.429942369
vt 0.300869942 0.429942369
vt 0.174255013 0.278789282
vt 0.161993027 0.278789282
vt 0.174516082 0.282915592
vt 0.161678076 0.282826424
vt 0.161809206 0.308995962
vt 0.16104877 0.313168287
vt 0.175068498 0.309386253
vt 0.176437974 0.313182592
vt 0.180247903 0.261436701
vt 0.17824471 0.255151749
vt 0.176065803 0.251891136
vt 0.160355449 0.252679825
vt 0.159377813 0.256297112
vt 0.159878731 0.278789282
vt 0.179991663 0.27296257
vt 0.174255013 0.278789282
vt 0.161993027 0.278789282
vt 0.176900625 0.278789282
vt 0.183136106 0.261570454
vt 0.182806015 0.273120642
vt 0.161993027 0.278789282
vt 0.159878731 0.278789282
vt 0.161678076 0.282826424
vt 0.159959912 0.284162045
vt 0.166154742 0.266129971
vt 0.166154742 0.273839712
vt 0.158720374 0.266129971
vt 0.158720374 0.273839712
vt 0.161809206 0.308995962
vt 0.159734488 0.306545734
vt 0.16104877 0.313168287
vt 0.157985806 0.311134338
vt 0.166154742 0.273839712
vt 0.166154742 0.266129971
vt 0.158720374 0.273839712
vt 0.158720374 0.266129971
vt 0.174516082 0.282915592
vt 0.180401385 0.289631128
vt 0.177064419 0.284276009
vt 0.159959912 0.284162045
vt 0.180008352 0.301379442
vt 0.159734488 0.306545734
vt 0.161809206 0.308995962
vt 0.175068498 0.309386253
vt 0.177454352 0.307187796
vt 0.161678076 0.282826424
vt 0.260934979 0.374931097
vt 0.257703215 0.374930859
vt 0.260934979 0.391801596
vt 0.257703215 0.391801357
vt 0.257703215 0.366853714
vt 0.260934979 0.366853714
vt 0.260934979 0.362650156
vt 0.257703215 0.362650633
vt 0.260934979 0.408522129
vt 0.257703215 0.408522129
vt 0.260934979 0.420035362
vt 0.257703215 0.420035601
vt 0.260934979 0.425607204
vt 0.257703215 0.425607443
vt 0.257703215 0.429942369
vt 0.260934979 0.429942369
vt 0.265585899 0.374931097
vt 0.265585899 0.391801357
vt 0.300869942 0.374930859
vt 0.300869942 0.391801596
vt 0.300869942 0.366853714
vt 0.265585899 0.366853714
vt 0.265585899 0.362650156
vt 0.300869942 0.362650633
vt 0.265585899 0.408522129
vt 0.300869942 0.408522129
vt 0.265585899 0.420035362
vt 0.300869942 0.420035362
vt 0.300869942 0.425607443
vt 0.265585899 0.425607443
vt 0.300869942 0.429942369
vt 0.265585899 0.429942608
vt 0.183658838 0.287837416
vt 0.183658838 0.303991824
vt 0.180832148 0.287837416
vt 0.180832148 0.303991824
vt 0.249089718 0.214720964
vt 0.250199318 0.216901779
vt 0.247548819 0.215964079
vt 0.247898817 0.217420101
vt 0.240159154 0.216422796
vt 0.243023872 0.216923952
vt 0.240159154 0.218922615
vt 0.243428946 0.21834898
vt 0.246689737 0.208758831
vt 0.240159154 0.209298372
vt 0.244912326 0.200128078
vt 0.240159154 0.199656487
vt 0.244081259 0.190948963
vt 0.240159154 0.189751148
vt 0.2439031 0.181320906
vt 0.240159154 0.179395676
vt 0.243855059 0.171476841
vt 0.240159154 0.168936729
vt 0.243290246 0.162045956
vt 0.240159154 0.158988714
vt 0.243115067 0.156456351
vt 0.240159154 0.153194547
vt 0.240159154 0.216422796
vt 0.240159154 0.218922615
vt 0.236986756 0.216761351
vt 0.238348961 0.219213963
vt 0.236986756 0.209667921
vt 0.240159154 0.209298372
vt 0.236986756 0.199990749
vt 0.240159154 0.199656487
vt 0.236986756 0.189907074
vt 0.240159154 0.189751148
vt 0.236986756 0.179358006
vt 0.240159154 0.179395676
vt 0.240159154 0.168936729
vt 0.236986756 0.168757439
vt 0.240159154 0.158988714
vt 0.236986756 0.158854961
vt 0.240159154 0.153194547
vt 0.228450537 0.21853137
vt 0.226642251 0.217790365
vt 0.229209781 0.216207504
vt 0.227409601 0.215442896
vt 0.229875326 0.209654331
vt 0.228218555 0.208931208
vt 0.230549037 0.200578451
vt 0.228886306 0.200021744
vt 0.230896413 0.191028595
vt 0.229271472 0.1907444
vt 0.230946541 0.181119919
vt 0.229304731 0.181066036
vt 0.229522645 0.171255112
vt 0.231114447 0.171209097
vt 0.230390668 0.161882877
vt 0.231692612 0.161933422
vt 0.230721951 0.156222224
vt 0.236986756 0.216761351
vt 0.238348961 0.219213963
vt 0.235561609 0.217541456
vt 0.235429287 0.219020128
vt 0.230939627 0.217229128
vt 0.229209781 0.216207504
vt 0.228450537 0.21853137
vt 0.230810285 0.218725204
vt 0.229875326 0.209654331
vt 0.236986756 0.209667921
vt 0.230549037 0.200578451
vt 0.236986756 0.199990749
vt 0.230896413 0.191028595
vt 0.236986756 0.189907074
vt 0.230946541 0.181119919
vt 0.236986756 0.179358006
vt 0.231114447 0.171209097
vt 0.236986756 0.168757439
vt 0.231692612 0.161933422
vt 0.236986756 0.158854961
vt 0.234391123 0.15493983
vt 0.240159154 0.153194547
vt 0.230721951 0.156222224
vt 0.260934979 0.374931097
vt 0.260934979 0.391801596
vt 0.265585899 0.374931097
vt 0.265585899 0.391801357
vt 0.265585899 0.366853714
vt 0.260934979 0.366853714
vt 0.265585899 0.362650156
vt 0.260934979 0.362650156
vt 0.260934979 0.408522129
vt 0.265585899 0.408522129
vt 0.260934979 0.420035362
vt 0.265585899 0.420035362
vt 0.260934979 0.425607204
vt 0.265585899 0.425607443
vt 0.260934979 0.429942369
vt 0.265585899 0.429942608
vt 0.731537879 0.804784119
vt 0.71800983 0.769999862
vt 0.719819844 0.8079983
vt 0.708058178 0.806261063
vt 0.738785267 0.776100695
vt 0.71800983 0.769999862
vt 0.738223374 0.751284003
vt 0.712417066 0.739363015
vt 0.689268172 0.75335294
vt 0.693535805 0.782664955
vt 0.708058178 0.806261063
vt 0.68656528 0.734519124
vt 0.737924635 0.730810106
vt 0.159734488 0.306545734
vt 0.159959912 0.284162045
vt 0.150968552 0.305362225
vt 0.151142359 0.283665419
vt 0.15042007 0.30943203
vt 0.157985806 0.311134338
vt 0.150968552 0.305362225
vt 0.159734488 0.306545734
vt 0.151354194 0.278789282
vt 0.159878731 0.278789282
vt 0.151110888 0.257329941
vt 0.159377813 0.256297112
vt 0.159959912 0.284162045
vt 0.159878731 0.278789282
vt 0.151142359 0.283665419
vt 0.151354194 0.278789282
vt 0.265699983 0.432502747
vt 0.30075562 0.432502747
vt 0.265585899 0.429942608
vt 0.300869942 0.429942369
vt 0.168789446 0.588968992
vt 0.15976882 0.587459087
vt 0.168446839 0.572756767
vt 0.161040306 0.578046799
vt 0.176518559 0.588612556
vt 0.177243948 0.570915699
vt 0.182835102 0.588331461
vt 0.182835102 0.569730759
vt 0.247136593 0.432109833
vt 0.225901723 0.432109833
vt 0.247136593 0.422823429
vt 0.225901723 0.422823429
vt 0.222892761 0.422823429
vt 0.24499619 0.422823668
vt 0.225901723 0.422823429
vt 0.247136593 0.422823429
vt 0.24499619 0.422823668
vt 0.244996309 0.432109833
vt 0.247136593 0.422823429
vt 0.247136593 0.432109833
vt 0.222892761 0.432109833
vt 0.222892761 0.422823429
vt 0.225901723 0.432109833
vt 0.225901723 0.422823429
vt 0.28862074 0.448952377
vt 0.297138304 0.449634165
vt 0.28862074 0.448952377
vt 0.297138304 0.449634165
vt 0.297138304 0.440125912
vt 0.28862074 0.4408077
vt 0.297138304 0.440125912
vt 0.288620681 0.4408077
vt 0.28862074 0.448952377
vt 0.28862074 0.448952377
vt 0.28862074 0.4408077
vt 0.288620681 0.4408077
vt 0.28862074 0.4408077
vt 0.297138304 0.440125912
vt 0.28862074 0.448952377
vt 0.297138304 0.449634165
vt 0.297138304 0.440125912
vt 0.297138304 0.449634165
vt 0.297138304 0.440125912
vt 0.297138304 0.449634165
vt 0.247136593 0.432109833
vt 0.247136593 0.422823429
vt 0.225901723 0.432109833
vt 0.225901723 0.422823429
vt 0.247136593 0.422823429
vt 0.24499619 0.422823668
vt 0.225901723 0.422823429
vt 0.222892761 0.422823429
vt 0.24499619 0.422823668
vt 0.247136593 0.422823429
vt 0.244996309 0.432109833
vt 0.247136593 0.432109833
vt 0.222892761 0.432109833
vt 0.225901723 0.432109833
vt 0.222892761 0.422823429
vt 0.225901723 0.422823429
vt 0.28862074 0.448952377
vt 0.28862074 0.448952377
vt 0.297138304 0.449634165
vt 0.297138304 0.449634165
vt 0.297138304 0.440125912
vt 0.297138304 0.440125912
vt 0.28862074 0.4408077
vt 0.288620681 0.4408077
vt 0.28862074 0.448952377
vt 0.28862074 0.4408077
vt 0.28862074 0.448952377
vt 0.288620681 0.4408077
vt 0.28862074 0.4408077
vt 0.28862074 0.448952377
vt 0.297138304 0.440125912
vt 0.297138304 0.449634165
vt 0.297138304 0.440125912
vt 0.297138304 0.440125912
vt 0.297138304 0.449634165
vt 0.297138304 0.449634165
vt 0.362744629 0.509459257
vt 0.348921061 0.521186829
vt 0.353986263 0.507627487
vt 0.342540979 0.50739193
vt 0.362185836 0.536964417
vt 0.353166103 0.536103249
vt 0.348690212 0.553611636
vt 0.360437632 0.557068348
vt 0.347526342 0.559344709
vt 0.347824335 0.575289249
vt 0.356967688 0.577459097
vt 0.342345715 0.568848848
vt 0.340752363 0.57652235
vt 0.353550911 0.494559765
vt 0.320338011 0.500128269
vt 0.319660664 0.506528854
vt 0.33439064 0.514158487
vt 0.334011078 0.520923376
vt 0.32446599 0.520842552
vt 0.334107876 0.529878378
vt 0.330016851 0.533725262
vt 0.339784145 0.534181118
vt 0.325011969 0.541706562
vt 0.336242199 0.547355652
vt 0.325548649 0.550783873
vt 0.324892282 0.565792084
vt 0.334172964 0.567595959
vt 0.323403597 0.582697868
vt 0.33114481 0.583791733
vt 0.336677074 0.551704884
vt 0.33912459 0.551746726
vt 0.320601463 0.532870293
vt 0.313708186 0.518351078
vt 0.319544196 0.539831877
vt 0.31210494 0.505604029
vt 0.316390276 0.489196002
vt 0.353550911 0.489196002
vt 0.361021429 0.496162415
vt 0.359298229 0.482865572
vt 0.385591626 0.483861923
vt 0.386685669 0.509585857
vt 0.407656789 0.509830952
vt 0.386869729 0.540401459
vt 0.433376789 0.539413452
vt 0.434279561 0.510183334
vt 0.408837795 0.488484859
vt 0.434961319 0.489834547
vt 0.423040092 0.447491378
vt 0.409954429 0.463095188
vt 0.436992049 0.445833713
vt 0.434011698 0.425937653
vt 0.417675614 0.432802677
vt 0.404928803 0.409599781
vt 0.420582175 0.396549702
vt 0.39188385 0.397876263
vt 0.40676713 0.379956245
vt 0.391826034 0.430123091
vt 0.40148735 0.442580223
vt 0.380682468 0.423006058
vt 0.3885746 0.442637682
vt 0.375451326 0.435998201
vt 0.396603823 0.470748425
vt 0.383749485 0.454272032
vt 0.37655139 0.464659691
vt 0.362335622 0.456736684
vt 0.370090961 0.4481709
vt 0.391097724 0.477305174
vt 0.369353294 0.47504735
vt 0.345157623 0.472672999
vt 0.354580253 0.465302438
vt 0.336677074 0.551704884
vt 0.33912459 0.551746726
vt 0.325011969 0.541706562
vt 0.353166103 0.536103249
vt 0.330016851 0.533725262
vt 0.325548649 0.550783873
vt 0.324892282 0.565792084
vt 0.334172964 0.567595959
vt 0.323403597 0.582697868
vt 0.33114481 0.583791733
vt 0.348690212 0.553611636
vt 0.362459391 0.536969304
vt 0.360437632 0.557068348
vt 0.347526342 0.559344709
vt 0.347824335 0.575289249
vt 0.356967688 0.577459097
vt 0.342345715 0.568848848
vt 0.340752363 0.57652235
vt 0.362744689 0.509459257
vt 0.353986263 0.507627487
vt 0.353550911 0.494559765
vt 0.320337296 0.500128746
vt 0.319660664 0.506528854
vt 0.313708305 0.518351078
vt 0.320601463 0.532870293
vt 0.31210494 0.505604029
vt 0.316390395 0.489196002
vt 0.319544196 0.539831877
vt 0.353550911 0.489196002
vt 0.316716492 0.557660103
vt 0.313887119 0.579642773
vt 0.361021459 0.496162415
vt 0.359298229 0.482865572
vt 0.385591626 0.483861923
vt 0.386685669 0.509585857
vt 0.386869729 0.540401459
vt 0.434279561 0.510183334
vt 0.433376789 0.539413452
vt 0.408837795 0.488484859
vt 0.434961319 0.489834547
vt 0.422722697 0.458856106
vt 0.436956882 0.456459999
vt 0.417675614 0.432802677
vt 0.434011698 0.425937653
vt 0.404928803 0.409599781
vt 0.420582175 0.396549463
vt 0.39188385 0.397876263
vt 0.40676713 0.379956245
vt 0.40148735 0.442580223
vt 0.409954429 0.463095188
vt 0.391826034 0.430123091
vt 0.380682468 0.423006058
vt 0.396603823 0.470748425
vt 0.383749485 0.454272032
vt 0.3885746 0.442637682
vt 0.375451326 0.435998201
vt 0.37655139 0.464659691
vt 0.362335622 0.456736684
vt 0.370090961 0.4481709
vt 0.391097724 0.477305174
vt 0.354580253 0.465302438
vt 0.369353294 0.47504735
vt 0.345157623 0.472672999
vt 0.328677654 0.416146457
vt 0.341005147 0.426718444
vt 0.346789688 0.41993776
vt 0.322526723 0.439544767
vt 0.332707405 0.444905877
vt 0.350112706 0.411903769
vt 0.350277603 0.425107121
vt 0.344249576 0.404249817
vt 0.319909811 0.449963957
vt 0.33873567 0.396082193
vt 0.348295718 0.39846921
vt 0.35250172 0.380428702
vt 0.328222871 0.454539925
vt 0.358082354 0.411248416
vt 0.36499998 0.425446391
vt 0.372277975 0.418481112
vt 0.33501476 0.458509624
vt 0.32868275 0.468166411
vt 0.318697155 0.462905258
vt 0.360104144 0.408403575
vt 0.306240857 0.458557487
vt 0.300916046 0.477785677
vt 0.316715866 0.483698517
vt 0.375843704 0.4088476
vt 0.370027095 0.394542545
vt 0.357380062 0.4007608
vt 0.296393484 0.465080231
vt 0.364117801 0.394519389
vt 0.367073655 0.389938921
vt 0.36781767 0.364956051
vt 0.38012138 0.37449193
vt 0.300063372 0.495537519
vt 0.289891481 0.484710693
vt 0.289990723 0.473822147
vt 0.377296507 0.363525033
vt 0.383795232 0.37010631
vt 0.0403699875 0.709492683
vt 0.0546078682 0.709492683
vt 0.0455286503 0.701793671
vt 0.0494484901 0.701793671
vt 0.0438222885 0.71881628
vt 0.0511552095 0.718816042
vt 0.243356466 0.104705103
vt 0.229857445 0.104705103
vt 0.243356466 0.0859225988
vt 0.229857445 0.0859225988
vt 0.25765419 0.0859225988
vt 0.25765419 0.104705103
vt 0.271950483 0.104705103
vt 0.271950483 0.0859225988
vt 0.285360336 0.104705103
vt 0.285360336 0.0859225988
vt 0.243356466 0.104705103
vt 0.243356466 0.0859225988
vt 0.229857445 0.104705103
vt 0.229857445 0.0859225988
vt 0.25765419 0.0859225988
vt 0.25765419 0.104705103
vt 0.271950483 0.104705103
vt 0.271950483 0.0859225988
vt 0.285360336 0.104705103
vt 0.285360336 0.0859225988
vt 0.0166249275 0.693437099
vt 0.0145616531 0.698778629
vt 0.00253558159 0.693437576
vt 0.00459861755 0.698778629
vt 0.00958037376 0.700990915
vt 0.0145616531 0.688095808
vt 0.00459885597 0.688096046
vt 0.00958013535 0.68588376
vt 0.313714266 0.247522146
vt 0.293777645 0.272257835
vt 0.323390484 0.250552177
vt 0.331933498 0.26469326
vt 0.331933498 0.2536273
vt 0.285346329 0.275955319
vt 0.320587635 0.273574591
vt 0.28391549 0.280947149
vt 0.270652056 0.261564255
vt 0.301891148 0.22032091
vt 0.320610464 0.236085027
vt 0.331933498 0.210809946
vt 0.331933498 0.22877045
vt 0.310708255 0.199049801
vt 0.331933498 0.201505378
vt 0.320610464 0.236085027
vt 0.331933498 0.210809946
vt 0.331933498 0.22877045
vt 0.301891148 0.22032091
vt 0.313714266 0.247522146
vt 0.293777645 0.272257835
vt 0.323390484 0.250552177
vt 0.331933498 0.26469326
vt 0.285346329 0.275955319
vt 0.331933498 0.2536273
vt 0.320587635 0.273574591
vt 0.28391549 0.280947149
vt 0.270652056 0.261564255
vt 0.310708255 0.199049801
vt 0.331933498 0.201505378
vt 0.316716492 0.557660103
vt 0.313887119 0.579642773
vt 0.399993896 0.353801727
vt 0.399927855 0.298967361
vt 0.427165627 0.36033535
vt 0.437191367 0.292606354
vt 0.45730865 0.361050844
vt 0.457632184 0.297441244
vt 0.482218504 0.313317537
vt 0.48297298 0.348338842
vt 0.489541769 0.330137253
vt 0.381023526 0.299841166
vt 0.381122947 0.355534554
vt 0.355019569 0.300030947
vt 0.355381608 0.359621048
vt 0.334866881 0.31216526
vt 0.334720612 0.34954834
vt 0.329104424 0.330367088
vt 0.450077176 0.472272396
vt 0.471545935 0.476073742
vt 0.451059818 0.441188335
vt 0.474394321 0.440105438
vt 0.449815869 0.408414841
vt 0.471858859 0.404518366
vt 0.445054412 0.387275219
vt 0.467263937 0.382833004
vt 0.449519157 0.506816149
vt 0.46936655 0.508038282
vt 0.46780324 0.529650927
vt 0.447894096 0.528095722
vt 0.464467168 0.55937171
vt 0.444634557 0.558909893
vt 0.444010139 0.586875916
vt 0.463565111 0.586875916
vt 0.443874121 0.610697269
vt 0.463565111 0.610697269
vt 0.471858978 0.404518127
vt 0.474394321 0.440105438
vt 0.449815989 0.408414841
vt 0.451059997 0.441188335
vt 0.445054531 0.387275219
vt 0.467264175 0.382833004
vt 0.451160938 0.461472273
vt 0.472898126 0.46428445
vt 0.449519157 0.506816149
vt 0.46936655 0.508038521
vt 0.447894096 0.528095722
vt 0.467803359 0.529650927
vt 0.464467168 0.55937171
vt 0.444634557 0.558909893
vt 0.444010139 0.586875916
vt 0.463565111 0.586875916
vt 0.443874121 0.610697269
vt 0.463565111 0.610697269
vt 0.433677316 0.565009117
vt 0.386051178 0.559972525
vt 0.403429031 0.574838877
vt 0.377260327 0.587592244
vt 0.357877582 0.586769402
vt 0.394780159 0.579012573
vt 0.384422779 0.600044966
vt 0.434234142 0.589634418
vt 0.403568745 0.589634418
vt 0.384422779 0.600044966
vt 0.384422779 0.600044966
vt 0.384422779 0.600044966
vt 0.377260327 0.587592244
vt 0.384422779 0.600044966
vt 0.394780159 0.579012573
vt 0.386051178 0.559972525
vt 0.357877582 0.586769402
vt 0.433677316 0.565009117
vt 0.403429031 0.574838877
vt 0.434234142 0.589634418
vt 0.403568745 0.589634418
vt 0.346504211 0.192576885
vt 0.373853624 0.191500217
vt 0.382620335 0.220748439
vt 0.386317968 0.166425228
vt 0.385238647 0.158472061
vt 0.369572401 0.147378445
vt 0.346504211 0.152426004
vt 0.346504211 0.229661942
vt 0.346504211 0.229661942
vt 0.382620335 0.220748439
vt 0.346504211 0.192576885
vt 0.373853624 0.191500217
vt 0.386317968 0.166425228
vt 0.385238647 0.158472061
vt 0.369572401 0.147378445
vt 0.346504211 0.152426004
vt 0.0377770662 0.361227751
vt 0.0660467744 0.361227751
vt 0.0404320955 0.33809045
vt 0.0633916855 0.338089764
vt 0.0633916855 0.338090688
vt 0.0660467744 0.361227751
vt 0.0404320955 0.33809045
vt 0.0377770662 0.361227751
vt 0.0377770253 0.361227751
vt 0.0660467744 0.361227751
vt 0.0404321253 0.33809045
vt 0.0633916855 0.338090688
vt 0.0633916855 0.338089764
vt 0.0660467744 0.361227751
vt 0.0404321253 0.33809045
vt 0.0377770253 0.361227751
vt 0.0122007066 0.347495317
vt 0.00614254689 0.345592022
vt 0.0121953487 0.325815678
vt 0.00614476204 0.325815678
vt 0.018580135 0.341799259
vt 0.0185735226 0.325815678
vt 0.0237980373 0.346221447
vt 0.0237965584 0.325815678
vt 0.029143095 0.325815678
vt 0.029137427 0.345641613
vt 0.0237965584 0.310180187
vt 0.0185735226 0.310180187
vt 0.0121953487 0.310180187
vt 0.00614476204 0.310180187
vt 0.029143095 0.310180187
vt 0.0061359019 0.352533102
vt 0.0122060645 0.354362965
vt 0.0237995144 0.351815224
vt 0.0291204229 0.352731705
vt 0.0185999703 0.352797747
vt 0.362744629 0.509459257
vt 0.353986263 0.507627487
vt 0.348921061 0.521186829
vt 0.342540979 0.50739193
vt 0.362185836 0.536964417
vt 0.353166103 0.536103249
vt 0.348690212 0.553611636
vt 0.360437632 0.557068348
vt 0.347526342 0.559344709
vt 0.347824335 0.575289249
vt 0.356967688 0.577459097
vt 0.342345715 0.568848848
vt 0.340752363 0.57652235
vt 0.353550911 0.494559765
vt 0.320338011 0.500128269
vt 0.319660664 0.506528854
vt 0.33439064 0.514158487
vt 0.334011078 0.520923376
vt 0.32446599 0.520842552
vt 0.334107876 0.529878378
vt 0.330016851 0.533725262
vt 0.339784145 0.534181118
vt 0.325011969 0.541706562
vt 0.336242199 0.547355652
vt 0.325548649 0.550783873
vt 0.324892282 0.565792084
vt 0.334172964 0.567595959
vt 0.323403597 0.582697868
vt 0.33114481 0.583791733
vt 0.336677074 0.551704884
vt 0.33912459 0.551746726
vt 0.320601463 0.532870293
vt 0.313708186 0.518351078
vt 0.319544196 0.539831877
vt 0.31210494 0.505604029
vt 0.316390276 0.489196002
vt 0.353550911 0.489196002
vt 0.361021429 0.496162415
vt 0.359298229 0.482865572
vt 0.385591626 0.483861923
vt 0.386685669 0.509585857
vt 0.407656789 0.509830952
vt 0.386869729 0.540401459
vt 0.433376789 0.539413452
vt 0.434279561 0.510183334
vt 0.408837795 0.488484859
vt 0.434961319 0.489834547
vt 0.423040092 0.447491378
vt 0.409954429 0.463095188
vt 0.436992049 0.445833713
vt 0.434011698 0.425937653
vt 0.417675614 0.432802677
vt 0.404928803 0.409599781
vt 0.420582175 0.396549702
vt 0.39188385 0.397876263
vt 0.40676713 0.379956245
vt 0.391826034 0.430123091
vt 0.40148735 0.442580223
vt 0.380682468 0.423006058
vt 0.3885746 0.442637682
vt 0.375451326 0.435998201
vt 0.396603823 0.470748425
vt 0.383749485 0.454272032
vt 0.391097724 0.477305174
vt 0.37655139 0.464659691
vt 0.362335622 0.456736684
vt 0.370090961 0.4481709
vt 0.369353294 0.47504735
vt 0.345157623 0.472672999
vt 0.354580253 0.465302438
vt 0.336677074 0.551704884
vt 0.325011969 0.541706562
vt 0.33912459 0.551746726
vt 0.353166103 0.536103249
vt 0.330016851 0.533725262
vt 0.325548649 0.550783873
vt 0.324892282 0.565792084
vt 0.334172964 0.567595959
vt 0.323403597 0.582697868
vt 0.33114481 0.583791733
vt 0.348690212 0.553611636
vt 0.362459391 0.536969304
vt 0.360437632 0.557068348
vt 0.347526342 0.559344709
vt 0.347824335 0.575289249
vt 0.356967688 0.577459097
vt 0.342345715 0.568848848
vt 0.340752363 0.57652235
vt 0.362744689 0.509459257
vt 0.353986263 0.507627487
vt 0.353550911 0.494559765
vt 0.320337296 0.500128746
vt 0.319660664 0.506528854
vt 0.313708305 0.518351078
vt 0.320601463 0.532870293
vt 0.31210494 0.505604029
vt 0.316390395 0.489196002
vt 0.319544196 0.539831877
vt 0.353550911 0.489196002
vt 0.316716492 0.557660103
vt 0.313887119 0.579642773
vt 0.361021459 0.496162415
vt 0.359298229 0.482865572
vt 0.385591626 0.483861923
vt 0.386685669 0.509585857
vt 0.386869729 0.540401459
vt 0.434279561 0.510183334
vt 0.433376789 0.539413452
vt 0.408837795 0.488484859
vt 0.434961319 0.489834547
vt 0.422722697 0.458856106
vt 0.436956882 0.456459999
vt 0.417675614 0.432802677
vt 0.434011698 0.425937653
vt 0.404928803 0.409599781
vt 0.420582175 0.396549463
vt 0.39188385 0.397876263
vt 0.40676713 0.379956245
vt 0.40148735 0.442580223
vt 0.409954429 0.463095188
vt 0.391826034 0.430123091
vt 0.380682468 0.423006058
vt 0.396603823 0.470748425
vt 0.383749485 0.454272032
vt 0.3885746 0.442637682
vt 0.375451326 0.435998201
vt 0.37655139 0.464659691
vt 0.362335622 0.456736684
vt 0.370090961 0.4481709
vt 0.391097724 0.477305174
vt 0.354580253 0.465302438
vt 0.369353294 0.47504735
vt 0.345157623 0.472672999
vt 0.328677654 0.416146457
vt 0.346789688 0.41993776
vt 0.341005147 0.426718444
vt 0.322526723 0.439544767
vt 0.332707405 0.444905877
vt 0.350112706 0.411903769
vt 0.350277603 0.425107121
vt 0.344249576 0.404249817
vt 0.319909811 0.449963957
vt 0.33873567 0.396082193
vt 0.348295718 0.39846921
vt 0.35250172 0.380428702
vt 0.328222871 0.454539925
vt 0.358082354 0.411248416
vt 0.36499998 0.425446391
vt 0.372277975 0.418481112
vt 0.33501476 0.458509624
vt 0.32868275 0.468166411
vt 0.318697155 0.462905258
vt 0.360104144 0.408403575
vt 0.306240857 0.458557487
vt 0.300916046 0.477785677
vt 0.316715866 0.483698517
vt 0.375843704 0.4088476
vt 0.370027095 0.394542545
vt 0.357380062 0.4007608
vt 0.296393484 0.465080231
vt 0.364117801 0.394519389
vt 0.367073655 0.389938921
vt 0.36781767 0.364956051
vt 0.38012138 0.37449193
vt 0.300063372 0.495537519
vt 0.289891481 0.484710693
vt 0.289990723 0.473822147
vt 0.377296507 0.363525033
vt 0.383795232 0.37010631
vt 0.0403699875 0.709492683
vt 0.0455286503 0.701793671
vt 0.0546078682 0.709492683
vt 0.0494484901 0.701793671
vt 0.0438222885 0.71881628
vt 0.0511552095 0.718816042
vt 0.229857445 0.0859225988
vt 0.229857445 0.104705103
vt 0.243356466 0.0859225988
vt 0.243356466 0.104705103
vt 0.25765419 0.0859225988
vt 0.25765419 0.104705103
vt 0.271950483 0.104705103
vt 0.271950483 0.0859225988
vt 0.285360336 0.104705103
vt 0.285360336 0.0859225988
vt 0.243356466 0.104705103
vt 0.229857445 0.104705103
vt 0.243356466 0.0859225988
vt 0.229857445 0.0859225988
vt 0.25765419 0.0859225988
vt 0.25765419 0.104705103
vt 0.271950483 0.104705103
vt 0.271950483 0.0859225988
vt 0.285360336 0.104705103
vt 0.285360336 0.0859225988
vt 0.0166249275 0.693437099
vt 0.00253558159 0.693437576
vt 0.0145616531 0.698778629
vt 0.00459861755 0.698778629
vt 0.00958037376 0.700990915
vt 0.0145616531 0.688095808
vt 0.00459885597 0.688096046
vt 0.00958013535 0.68588376
vt 0.313714266 0.247522146
vt 0.323390484 0.250552177
vt 0.293777645 0.272257835
vt 0.331933498 0.26469326
vt 0.331933498 0.2536273
vt 0.285346329 0.275955319
vt 0.320587635 0.273574591
vt 0.28391549 0.280947149
vt 0.270652056 0.261564255
vt 0.301891148 0.22032091
vt 0.320610464 0.236085027
vt 0.331933498 0.210809946
vt 0.331933498 0.22877045
vt 0.310708255 0.199049801
vt 0.331933498 0.201505378
vt 0.320610464 0.236085027
vt 0.331933498 0.22877045
vt 0.331933498 0.210809946
vt 0.301891148 0.22032091
vt 0.313714266 0.247522146
vt 0.293777645 0.272257835
vt 0.323390484 0.250552177
vt 0.331933498 0.26469326
vt 0.285346329 0.275955319
vt 0.331933498 0.2536273
vt 0.320587635 0.273574591
vt 0.28391549 0.280947149
vt 0.270652056 0.261564255
vt 0.310708255 0.199049801
vt 0.331933498 0.201505378
vt 0.316716492 0.557660103
vt 0.313887119 0.579642773
vt 0.399993896 0.353801727
vt 0.427165627 0.36033535
vt 0.399927855 0.298967361
vt 0.437191367 0.292606354
vt 0.45730865 0.361050844
vt 0.457632184 0.297441244
vt 0.482218504 0.313317537
vt 0.48297298 0.348338842
vt 0.489541769 0.330137253
vt 0.381023526 0.299841166
vt 0.381122947 0.355534554
vt 0.355019569 0.300030947
vt 0.355381608 0.359621048
vt 0.334866881 0.31216526
vt 0.334720612 0.34954834
vt 0.329104424 0.330367088
vt 0.450077176 0.472272396
vt 0.451059818 0.441188335
vt 0.471545935 0.476073742
vt 0.474394321 0.440105438
vt 0.449815869 0.408414841
vt 0.471858859 0.404518366
vt 0.445054412 0.387275219
vt 0.467263937 0.382833004
vt 0.449519157 0.506816149
vt 0.46936655 0.508038282
vt 0.46780324 0.529650927
vt 0.447894096 0.528095722
vt 0.464467168 0.55937171
vt 0.444634557 0.558909893
vt 0.444010139 0.586875916
vt 0.463565111 0.586875916
vt 0.443874121 0.610697269
vt 0.463565111 0.610697269
vt 0.471858978 0.404518127
vt 0.449815989 0.408414841
vt 0.474394321 0.440105438
vt 0.451059997 0.441188335
vt 0.445054531 0.387275219
vt 0.467264175 0.382833004
vt 0.451160938 0.461472273
vt 0.472898126 0.46428445
vt 0.449519157 0.506816149
vt 0.46936655 0.508038521
vt 0.447894096 0.528095722
vt 0.467803359 0.529650927
vt 0.464467168 0.55937171
vt 0.444634557 0.558909893
vt 0.444010139 0.586875916
vt 0.463565111 0.586875916
vt 0.443874121 0.610697269
vt 0.463565111 0.610697269
vt 0.433677316 0.565009117
vt 0.403429031 0.574838877
vt 0.386051178 0.559972525
vt 0.377260327 0.587592244
vt 0.357877582 0.586769402
vt 0.394780159 0.579012573
vt 0.384422779 0.600044966
vt 0.434234142 0.589634418
vt 0.403568745 0.589634418
vt 0.384422779 0.600044966
vt 0.384422779 0.600044966
vt 0.377260327 0.587592244
vt 0.384422779 0.600044966
vt 0.384422779 0.600044966
vt 0.394780159 0.579012573
vt 0.386051178 0.559972525
vt 0.357877582 0.586769402
vt 0.433677316 0.565009117
vt 0.403429031 0.574838877
vt 0.434234142 0.589634418
vt 0.403568745 0.589634418
vt 0.346504211 0.192576885
vt 0.382620335 0.220748439
vt 0.373853624 0.191500217
vt 0.386317968 0.166425228
vt 0.385238647 0.158472061
vt 0.369572401 0.147378445
vt 0.346504211 0.152426004
vt 0.346504211 0.229661942
vt 0.346504211 0.229661942
vt 0.346504211 0.192576885
vt 0.382620335 0.220748439
vt 0.373853624 0.191500217
vt 0.386317968 0.166425228
vt 0.385238647 0.158472061
vt 0.369572401 0.147378445
vt 0.346504211 0.152426004
vt 0.018580135 0.341799259
vt 0.0237980373 0.346221447
vt 0.0185735226 0.325815678
vt 0.0237965584 0.325815678
vt 0.029143095 0.325815678
vt 0.029137427 0.345641613
vt 0.0121953487 0.325815678
vt 0.0122007066 0.347495317
vt 0.00614254689 0.345592022
vt 0.00614476204 0.325815678
vt 0.0237965584 0.310180187
vt 0.0185735226 0.310180187
vt 0.0121953487 0.310180187
vt 0.00614476204 0.310180187
vt 0.029143095 0.310180187
vt 0.0061359019 0.352533102
vt 0.0122060645 0.354362965
vt 0.0237995144 0.351815224
vt 0.0291204229 0.352731705
vt 0.0185999703 0.352797747
vt 0.0377770662 0.361227751
vt 0.0404320955 0.33809045
vt 0.0660467744 0.361227751
vt 0.0633916855 0.338089764
vt 0.0377770662 0.361227751
vt 0.0660467744 0.361227751
vt 0.0404320955 0.33809045
vt 0.0633916855 0.338090688
vt 0.0377770253 0.361227751
vt 0.0404321253 0.33809045
vt 0.0660467744 0.361227751
vt 0.0633916855 0.338090688
vt 0.0377770253 0.361227751
vt 0.0660467744 0.361227751
vt 0.0404321253 0.33809045
vt 0.0633916855 0.338089764
vt 0.0884085521 0.736258805
vt 0.0884085521 0.739396811
vt 0.0837702081 0.736258805
vt 0.0837702081 0.739396811
vt 0.0926258788 0.736258805
vt 0.0926258788 0.739396811
vt 0.0974517092 0.736258805
vt 0.0974517092 0.739396811
vt 0.10088443 0.736258805
vt 0.10088443 0.739396811
vt 0.104397833 0.736258805
vt 0.104397833 0.739396811
vt 0.108563609 0.736258805
vt 0.108563609 0.739396811
vt 0.112620018 0.739396811
vt 0.112620018 0.736258805
vt 0.132609174 0.771075308
vt 0.152743012 0.767597854
vt 0.150332212 0.794929862
vt 0.162490904 0.786206365
vt 0.130299285 0.74894762
vt 0.106444716 0.748948276
vt 0.107377589 0.770277977
vt 0.0843633413 0.771146834
vt 0.0822196901 0.748948157
vt 0.0551878065 0.777563632
vt 0.0519127846 0.748948157
vt 0.0348162949 0.785079002
vt 0.037020281 0.748948038
vt 0.0873145461 0.817091405
vt 0.113856867 0.814278841
vt 0.0586091578 0.817333221
vt 0.126496464 0.79523021
vt 0.0751497447 0.839267254
vt 0.048137635 0.841304839
vt 0.081220299 0.85785085
vt 0.0590291321 0.866073608
vt 0.041913271 0.820637703
vt 0.0202792287 0.800867915
vt 0.0198899806 0.784455657
vt 0.0253031105 0.748948157
vt 0.0280604661 0.825412869
vt 0.00687921047 0.81115824
vt 0.0111668557 0.834846914
vt 0.0311425179 0.84739852
vt 0.0988248438 0.835753441
vt 0.116118133 0.831137061
vt 0.146817103 0.832544684
vt 0.104574472 0.853289247
vt 0.0892818123 0.875436783
vt 0.110595673 0.871325493
vt 0.131912947 0.879780412
vt 0.114842393 0.897020221
vt 0.0899124965 0.89901185
vt 0.0652429163 0.898970366
vt 0.0857405365 0.924373388
vt 0.0651012659 0.933061957
vt 0.0947286785 0.944128156
vt 0.109156258 0.928716302
vt 0.12575525 0.894592047
vt 0.126153007 0.911883354
vt 0.12283206 0.934351921
vt 0.139084235 0.915298223
vt 0.144524038 0.875763059
vt 0.137333304 0.895512462
vt 0.121065229 0.847568393
vt 0.159483522 0.85921061
vt 0.107854098 0.95538497
vt 0.0979472399 0.968100071
vt 0.115450323 0.974847078
vt 0.123237118 0.960116386
vt 0.178670406 0.847102761
vt 0.173739716 0.817821801
vt 0.0837835222 0.995362639
vt 0.101813078 0.995362639
vt 0.0549195632 0.962852478
vt 0.0635456294 0.995362639
vt 0.0552481785 0.948749065
vt 0.201460555 0.836779773
vt 0.202958226 0.836779773
vt 0.201460555 0.846993446
vt 0.202958226 0.846993446
vt 0.199997276 0.846993446
vt 0.199997276 0.836779773
vt 0.197940186 0.846993446
vt 0.197940186 0.836779773
vt 0.19614245 0.846993446
vt 0.19614245 0.836779773
vt 0.194165275 0.836779773
vt 0.194165275 0.846993446
vt 0.204733953 0.836779773
vt 0.204733953 0.846993446
vt 0.206463084 0.846993446
vt 0.206463084 0.836779773
vt 0.259317636 0.343164802
vt 0.25979051 0.343164802
vt 0.259317636 0.344733775
vt 0.25979051 0.344733775
vt 0.258855611 0.344733775
vt 0.258855611 0.343164802
vt 0.258206099 0.344733775
vt 0.258206099 0.343164802
vt 0.257638484 0.344733775
vt 0.257638484 0.343164802
vt 0.257014215 0.343164802
vt 0.257014215 0.344733775
vt 0.260351181 0.343164802
vt 0.260351181 0.344733775
vt 0.26089716 0.344733775
vt 0.26089716 0.343164802
vt 0.0884085521 0.736258805
vt 0.0837702081 0.736258805
vt 0.0884085521 0.739396811
vt 0.0837702081 0.739396811
vt 0.0926258788 0.736258805
vt 0.0926258788 0.739396811
vt 0.0974517092 0.736258805
vt 0.0974517092 0.739396811
vt 0.10088443 0.736258805
vt 0.10088443 0.739396811
vt 0.104397833 0.736258805
vt 0.104397833 0.739396811
vt 0.108563609 0.736258805
vt 0.108563609 0.739396811
vt 0.112620018 0.739396811
vt 0.112620018 0.736258805
vt 0.10088443 0.742534816
vt 0.104397833 0.742534816
vt 0.0974517092 0.742534816
vt 0.0926258788 0.742534816
vt 0.0884085521 0.742534816
vt 0.0837702081 0.742534816
vt 0.112620018 0.742534816
vt 0.108563609 0.742534816
vt 0.132609174 0.771075308
vt 0.150332212 0.794929862
vt 0.152743012 0.767597854
vt 0.162490904 0.786206365
vt 0.130299285 0.74894762
vt 0.106444716 0.748948276
vt 0.107377589 0.770277977
vt 0.0843633413 0.771146834
vt 0.0822196901 0.748948157
vt 0.0551878065 0.777563632
vt 0.0519127846 0.748948157
vt 0.0348162949 0.785079002
vt 0.037020281 0.748948038
vt 0.0873145461 0.817091405
vt 0.113856867 0.814278841
vt 0.0586091578 0.817333221
vt 0.126496464 0.79523021
vt 0.0751497447 0.839267254
vt 0.048137635 0.841304839
vt 0.081220299 0.85785085
vt 0.0590291321 0.866073608
vt 0.041913271 0.820637703
vt 0.0202792287 0.800867915
vt 0.0198899806 0.784455657
vt 0.0253031105 0.748948157
vt 0.0280604661 0.825412869
vt 0.00687921047 0.81115824
vt 0.0111668557 0.834846914
vt 0.0311425179 0.84739852
vt 0.0988248438 0.835753441
vt 0.116118133 0.831137061
vt 0.146817103 0.832544684
vt 0.104574472 0.853289247
vt 0.0892818123 0.875436783
vt 0.0652429163 0.898970366
vt 0.0899124965 0.89901185
vt 0.0857405365 0.924373388
vt 0.0651012659 0.933061957
vt 0.0947286785 0.944128156
vt 0.109156258 0.928716302
vt 0.110595673 0.871325493
vt 0.131912947 0.879780412
vt 0.114842393 0.897020221
vt 0.12575525 0.894592047
vt 0.126153007 0.911883354
vt 0.12283206 0.934351921
vt 0.139084235 0.915298223
vt 0.144524038 0.875763059
vt 0.137333304 0.895512462
vt 0.121065229 0.847568393
vt 0.159483522 0.85921061
vt 0.107854098 0.95538497
vt 0.123237118 0.960116386
vt 0.115450323 0.974847078
vt 0.0979472399 0.968100071
vt 0.178670406 0.847102761
vt 0.173739716 0.817821801
vt 0.0552481785 0.948749065
vt 0.0549195632 0.962852478
vt 0.0837835222 0.995362639
vt 0.101813078 0.995362639
vt 0.0635456294 0.995362639
vt 0.202653661 0.846087456
vt 0.202653661 0.836442411
vt 0.201471508 0.846087456
vt 0.201471508 0.836442411
vt 0.200316519 0.846087456
vt 0.200316519 0.836442411
vt 0.198692784 0.846087456
vt 0.198692784 0.836442411
vt 0.197273791 0.846087456
vt 0.197273791 0.836442411
vt 0.195713148 0.836442411
vt 0.195713148 0.846087456
vt 0.204055309 0.836442411
vt 0.204055309 0.846087456
vt 0.205420151 0.846087456
vt 0.205420151 0.836442411
vt 0.199254438 0.834692895
vt 0.200540483 0.834692895
vt 0.199254438 0.845778346
vt 0.200540483 0.845778346
vt 0.202065319 0.834692895
vt 0.202065319 0.845778346
vt 0.203550115 0.845778346
vt 0.203550115 0.834692895
vt 0.197997943 0.845778346
vt 0.197997943 0.834692895
vt 0.196231499 0.845778346
vt 0.196231499 0.834692895
vt 0.194687799 0.845778346
vt 0.194687799 0.834692895
vt 0.19298999 0.834692895
vt 0.19298999 0.845778346
vt 0.244996309 0.432109833
vt 0.222892761 0.432109833
vt 0.24499619 0.422823668
vt 0.222892761 0.422823429
vt 0.24499619 0.422823668
vt 0.222892761 0.422823429
vt 0.244996309 0.432109833
vt 0.222892761 0.432109833
vt 0.991310596 0.183371633
vt 0.991914272 0.182934403
vt 0.991774559 0.182880074
vt 0.991335392 0.182782382
vt 0.991220951 0.18296656
vt 0.991805077 0.182634592
vt 0.991915703 0.182645172
vt 0.991577148 0.182610124
vt 0.991733074 0.182346135
vt 0.991567135 0.182335496
vt 0.991360188 0.18237552
vt 0.991376877 0.182611376
vt 0.991595984 0.182110786
vt 0.991351128 0.182197362
vt 0.99184227 0.182461143
vt 0.991767883 0.182083607
vt 0.991188526 0.182460546
vt 0.991211891 0.182192087
vt 0.991170883 0.182483375
vt 0.99122858 0.182985574
vt 0.991092205 0.182856113
vt 0.990938663 0.182609767
vt 0.991168976 0.182451695
vt 0.842110872 0.958183169
vt 0.830914557 0.969433904
vt 0.837214947 0.931582153
vt 0.820946455 0.956471801
vt 0.84571743 0.976997137
vt 0.8389678 0.994863093
vt 0.86033392 0.983839273
vt 0.863072395 0.9384588
vt 0.845592499 0.974838614
vt 0.873734474 0.982451916
vt 0.860259533 0.998803496
vt 0.821659327 0.987041652
vt 0.871788979 0.993681192
vt 0.994261146 0.183432728
vt 0.994376659 0.183161736
vt 0.994039893 0.183360457
vt 0.99421978 0.183640182
vt 0.993848801 0.183656156
vt 0.994139194 0.183819264
vt 0.9945364 0.183750838
vt 0.994672775 0.183288038
vt 0.994487286 0.183881134
vt 0.994009495 0.184035927
vt 0.993884087 0.184013098
vt 0.993639469 0.184070885
vt 0.932024956 0.782341957
vt 0.923201203 0.796584904
vt 0.932382941 0.787633538
vt 0.95197463 0.783322692
vt 0.930730939 0.764769137
vt 0.922148824 0.783657908
vt 0.924224377 0.766043723
vt 0.932608724 0.744471133
vt 0.939398766 0.764831901
vt 0.927250862 0.800293684
vt 0.935813427 0.805707276
vt 0.99408102 0.184246838
vt 0.994042873 0.184012949
vt 0.994186401 0.184016824
vt 0.973730922 0.434227675
vt 0.980232298 0.436818719
vt 0.983235478 0.413776219
vt 0.989974618 0.437384129
vt 0.991436124 0.456107855
vt 0.975277543 0.463612169
vt 0.991949677 0.469715476
vt 0.961301327 0.453871548
vt 0.967195272 0.49252975
vt 0.980244339 0.497872531
vt 0.973532319 0.516773105
vt 0.978250384 0.522021651
vt 0.99147737 0.5031147
vt 0.989946008 0.520264983
vt 0.977329969 0.547494173
vt 0.910376728 0.254847318
vt 0.914524257 0.254899472
vt 0.9118976 0.243046224
vt 0.918498456 0.253376335
vt 0.910624444 0.272561222
vt 0.919231594 0.274781793
vt 0.911568582 0.286360264
vt 0.920417249 0.292526186
vt 0.927297056 0.27349484
vt 0.930163801 0.295731127
vt 0.917121351 0.325615913
vt 0.936286151 0.331004113
vt 0.961518705 0.299927533
vt 0.944952905 0.273968279
vt 0.952346504 0.33704865
vt 0.94359678 0.367682546
vt 0.923130453 0.362763673
vt 0.928766668 0.285165489
vt 0.933028162 0.268810093
vt 0.943471134 0.247318745
vt 0.956472814 0.258031487
vt 0.96214813 0.276444674
vt 0.934401453 0.246889114
vt 0.951316774 0.238221824
vt 0.94175595 0.224293083
vt 0.936852157 0.223573714
vt 0.942236364 0.211780548
vt 0.940595567 0.2109828
vt 0.95900625 0.242103457
vt 0.95671314 0.233569801
vt 0.946573198 0.223816365
vt 0.949421346 0.221559554
vt 0.944927633 0.21220386
vt 0.947195947 0.211595595
vt 0.945884168 0.208059609
vt 0.947476327 0.20849824
vt 0.944786966 0.206484675
vt 0.947916925 0.205421269
vt 0.722098351 0.980461061
vt 0.717724264 0.992110014
vt 0.742139399 0.985119104
vt 0.721120179 0.929407954
vt 0.686178684 0.966537595
vt 0.714479983 0.925772369
vt 0.735536993 0.921350181
vt 0.736342907 0.905626893
vt 0.728581786 0.905673623
vt 0.722241342 0.905999243
vt 0.75690484 0.903189659
vt 0.74382776 0.897912443
vt 0.752765417 0.887601674
vt 0.778967857 0.883347869
vt 0.771754146 0.869916022
vt 0.799353719 0.86642319
vt 0.794396758 0.855681837
vt 0.835648954 0.833051324
vt 0.808759212 0.87917757
vt 0.788162172 0.90218091
vt 0.766020179 0.922856748
vt 0.732055128 0.881319523
vt 0.722355008 0.883244097
vt 0.724260628 0.861685336
vt 0.73567158 0.860441089
vt 0.730397999 0.844091356
vt 0.741256893 0.882074475
vt 0.746166945 0.861375332
vt 0.74164474 0.842846096
vt 0.751345813 0.845197499
vt 0.758532047 0.839423537
vt 0.752961874 0.835348845
vt 0.741326451 0.833685637
vt 0.704631865 0.882522941
vt 0.709145486 0.905699253
vt 0.694039881 0.898201764
vt 0.698129296 0.920037329
vt 0.691668272 0.88391453
vt 0.69800669 0.856499314
vt 0.711224258 0.854015887
vt 0.691653371 0.81325233
vt 0.685624003 0.815675735
vt 0.681402087 0.79070574
vt 0.679458857 0.817090869
vt 0.687155724 0.859460592
vt 0.687259197 0.905445755
vt 0.683777511 0.939016461
vt 0.673303068 0.908548713
vt 0.680527508 0.892439067
vt 0.658852577 0.884654999
vt 0.667268872 0.875014305
vt 0.638672054 0.850938082
vt 0.643492281 0.844901264
vt 0.624646842 0.830359936
vt 0.631891847 0.855855584
vt 0.651196122 0.892912865
vt 0.663884759 0.919727385
vt 0.654543638 0.937124848
vt 0.629725218 0.900686979
vt 0.619744897 0.915588558
vt 0.597137213 0.870021939
vt 0.583560407 0.875779688
vt 0.634270906 0.87199229
vt 0.606423914 0.851925313
vt 0.585968733 0.846523523
vt 0.57935065 0.853036463
vt 0.600430012 0.841721177
vt 0.576841831 0.836400926
vt 0.563616455 0.84703207
vt 0.579806566 0.859938622
vt 0.569600523 0.852414191
vt 0.57790488 0.863707781
vt 0.648226619 0.892372191
vt 0.566375136 0.851362288
vt 0.64269799 0.942953408
vt 0.888768971 0.873917103
vt 0.889292777 0.891908109
vt 0.895456612 0.89106071
vt 0.884512484 0.891725242
vt 0.88752681 0.917115271
vt 0.881012499 0.920464337
vt 0.888521731 0.937504292
vt 0.899087489 0.916721404
vt 0.901376545 0.93728888
vt 0.878479004 0.939384401
vt 0.893025637 0.340862334
vt 0.878934979 0.394843668
vt 0.893256068 0.3967278
vt 0.909918427 0.39544332
vt 0.896988273 0.438444018
vt 0.908682585 0.448474139
vt 0.882660925 0.4349612
vt 0.903393924 0.465234399
vt 0.913594604 0.485736519
vt 0.889894962 0.451194584
vt 0.911811411 0.4339571
vt 0.871990442 0.433144033
vt 0.927905023 0.389092863
vt 0.944169939 0.397639722
vt 0.923585832 0.387086034
vt 0.985299945 0.291321903
vt 0.991925359 0.264747053
vt 0.972605109 0.258179456
vt 0.975114703 0.251080304
vt 0.992966771 0.232236996
vt 0.982805848 0.232878461
vt 0.984677196 0.214115158
vt 0.978910804 0.218276516
vt 0.97442472 0.212859645
vt 0.974740863 0.216011301
vt 0.969695449 0.215557829
vt 0.995510578 0.185016245
vt 0.995243073 0.185069412
vt 0.995080948 0.185053617
vt 0.995243073 0.185069412
vt 0.994956017 0.184514612
vt 0.995080948 0.185053617
vt 0.993877411 0.182798296
vt 0.993456364 0.183655649
vt 0.994035959 0.18361938
vt 0.993409634 0.184264302
vt 0.99408102 0.184246838
vt 0.994133949 0.184643149
vt 0.993418694 0.184726626
vt 0.993010521 0.184524834
vt 0.993192673 0.185100496
vt 0.992833853 0.184543014
vt 0.992749214 0.183916301
vt 0.99240303 0.183997989
vt 0.992525101 0.183533579
vt 0.992705584 0.183463812
vt 0.99287653 0.183079183
vt 0.992493153 0.184550494
vt 0.992377758 0.18400225
vt 0.992432356 0.184559643
vt 0.992410421 0.183576167
vt 0.99266243 0.184984893
vt 0.992650032 0.185010612
vt 0.993040562 0.185105085
vt 0.993155241 0.183890879
vt 0.992784023 0.183597207
vt 0.993139267 0.183523536
vt 0.993096828 0.182926714
vt 0.9934268 0.183800727
vt 0.993567228 0.183500469
vt 0.993363619 0.183381796
vt 0.993716002 0.183331192
vt 0.993790627 0.183402389
vt 0.993941784 0.183448344
vt 0.99013257 0.337348521
vt 0.98257041 0.311419249
vt 0.983339787 0.337618709
vt 0.978835464 0.312684476
vt 0.975376606 0.296255857
vt 0.985953808 0.362296999
vt 0.993403673 0.363919973
vt 0.986372948 0.378680438
vt 0.991949558 0.379175663
vt 0.977913618 0.362675309
vt 0.977862358 0.382474035
vt 0.985114098 0.394470811
vt 0.977851868 0.397573084
vt 0.976586103 0.337671697
vt 0.975183487 0.312314451
vt 0.988703728 0.391088754
vt 0.972069502 0.311573386
vt 0.968634605 0.337944269
vt 0.9672997 0.364447534
vt 0.968844891 0.381754845
vt 0.97007513 0.390468478
vt 0.956803322 0.381811917
vt 0.956233978 0.394511491
vt 0.957990408 0.365538299
vt 0.961897135 0.338368446
vt 0.969603539 0.311950117
vt 0.910795331 0.64073813
vt 0.897157311 0.628322244
vt 0.907525182 0.650399566
vt 0.875341415 0.649321437
vt 0.914369702 0.627848268
vt 0.860367775 0.630847394
vt 0.865684628 0.603325486
vt 0.898592114 0.607550263
vt 0.881370664 0.671313405
vt 0.83275044 0.611179948
vt 0.863791585 0.57142663
vt 0.88301909 0.574259639
vt 0.883087277 0.537133813
vt 0.895379186 0.537912965
vt 0.897155881 0.576846004
vt 0.917880177 0.580699801
vt 0.920215726 0.618451715
vt 0.911935925 0.538077474
vt 0.905075192 0.505269647
vt 0.896477818 0.506525993
vt 0.897387624 0.48552525
vt 0.889001966 0.50510633
vt 0.916911244 0.622579217
vt 0.864076734 0.534492135
vt 0.878506064 0.503376722
vt 0.866299033 0.503991485
vt 0.842954755 0.529878736
vt 0.85372293 0.49884069
vt 0.870465398 0.467482686
vt 0.842937112 0.526960015
vt 0.839082837 0.509102941
vt 0.82715714 0.505460382
vt 0.832582593 0.456379056
vt 0.81362164 0.521714628
vt 0.820788741 0.57217437
vt 0.802758336 0.57343626
vt 0.815722585 0.614928365
vt 0.795652509 0.523274541
vt 0.835266232 0.645932078
vt 0.856220365 0.665100217
vt 0.81918633 0.500796437
vt 0.801132083 0.499991894
vt 0.807745576 0.491850257
vt 0.786741853 0.487835765
vt 0.78628552 0.491410851
vt 0.77744782 0.49493897
vt 0.791067243 0.501077294
vt 0.785107732 0.493476987
vt 0.767857373 0.78649497
vt 0.777023852 0.787785709
vt 0.762576878 0.778403878
vt 0.756155789 0.797867894
vt 0.754760563 0.809609532
vt 0.789544642 0.806941032
vt 0.807388604 0.785978973
vt 0.773013711 0.741437197
vt 0.797813475 0.736060262
vt 0.830882847 0.755969524
vt 0.826854527 0.810093105
vt 0.828855336 0.798550487
vt 0.757208645 0.793273211
vt 0.849230349 0.808507442
vt 0.847308934 0.790420294
vt 0.829916775 0.78542614
vt 0.834121525 0.769458175
vt 0.856120408 0.785113931
vt 0.865302861 0.771514177
vt 0.854491055 0.751600742
vt 0.878546059 0.762795508
vt 0.893560231 0.784716368
vt 0.880546391 0.788612366
vt 0.902662098 0.792607427
vt 0.894210637 0.777685046
vt 0.848421633 0.817793846
vt 0.864691556 0.826020837
vt 0.859136403 0.806765437
vt 0.845449269 0.728714049
vt 0.869645894 0.718432784
vt 0.84062463 0.714602113
vt 0.822689116 0.73247093
vt 0.817599118 0.690884411
vt 0.790266812 0.694624424
vt 0.767545998 0.708604336
vt 0.762330115 0.698339701
vt 0.753305256 0.714105427
vt 0.785950482 0.683796585
vt 0.75675565 0.723805964
vt 0.756369412 0.736087263
vt 0.813804448 0.678694367
vt 0.842048466 0.678682625
vt 0.841489613 0.690634787
vt 0.867243826 0.698317766
vt 0.868568718 0.681371927
vt 0.755312741 0.718653023
vt 0.760958493 0.743801594
vt 0.885249913 0.684481442
vt 0.887539685 0.69585979
vt 0.906398594 0.683793843
vt 0.891006291 0.70314914
vt 0.757271588 0.776323318
vt 0.895958722 0.745950937
vt 0.910622418 0.754260421
vt 0.898061574 0.742453814
vt 0.894370854 0.749009132
vt 0.875426114 0.748480797
vt 0.875073016 0.738863349
vt 0.898607075 0.739364862
vt 0.906489193 0.743721485
vt 0.89941293 0.735012949
vt 0.873672545 0.72739172
vt 0.849245846 0.738443613
vt 0.853072941 0.750646353
vt 0.927581728 0.401712298
vt 0.938794851 0.412226915
vt 0.937943399 0.410959572
vt 0.934394062 0.414826751
vt 0.935294986 0.403237939
vt 0.943912804 0.409847289
vt 0.936769843 0.43266654
vt 0.953351736 0.435748339
vt 0.990619659 0.184248805
vt 0.990605831 0.184499085
vt 0.990952969 0.184319228
vt 0.990945816 0.18459627
vt 0.990608692 0.184278548
vt 0.990448952 0.184651285
vt 0.990561485 0.184164822
vt 0.990168333 0.184621662
vt 0.990197659 0.184141159
vt 0.989816189 0.184197754
vt 0.989902258 0.184697449
vt 0.990206242 0.183804274
vt 0.990628242 0.183880359
vt 0.990788937 0.184221357
vt 0.990851402 0.183855891
vt 0.989707947 0.183636039
vt 0.990216732 0.183208704
vt 0.989707947 0.183051646
vt 0.991039753 0.183964759
vt 0.991056919 0.183884561
vt 0.991128922 0.184174389
vt 0.991300106 0.184101224
vt 0.991252899 0.183794975
vt 0.991472244 0.183768779
vt 0.991510391 0.184062034
vt 0.991493225 0.183790892
vt 0.990428925 0.183547288
vt 0.990690231 0.183579534
vt 0.990603447 0.183626741
vt 0.991145611 0.183502078
vt 0.990258217 0.182807058
vt 0.989984751 0.182573885
vt 0.990300179 0.182443529
vt 0.855351925 0.404912263
vt 0.848075747 0.427170843
vt 0.857468128 0.427699655
vt 0.861507893 0.439531535
vt 0.848422885 0.444414824
vt 0.839976311 0.427813619
vt 0.83528161 0.445171922
vt 0.839361548 0.359590471
vt 0.846798122 0.350170255
vt 0.836826444 0.340943813
vt 0.857245564 0.367173463
vt 0.83776027 0.38252756
vt 0.848092973 0.391214073
vt 0.862359703 0.391263425
vt 0.934990644 0.473620892
vt 0.944135129 0.469714761
vt 0.932407737 0.454567194
vt 0.946382105 0.489626288
vt 0.924862385 0.471518099
vt 0.991472244 0.183768779
vt 0.991493225 0.183790892
vt 0.991478443 0.18394962
vt 0.99181509 0.183797359
vt 0.991613388 0.183801919
vt 0.991613388 0.184085339
vt 0.991478443 0.18394962
vt 0.991835594 0.183374763
vt 0.991472244 0.183768779
vt 0.991821289 0.184048653
vt 0.99244833 0.183301836
vt 0.992410421 0.183576167
vt 0.992402077 0.183573663
vt 0.99240303 0.183997989
vt 0.992353916 0.183999598
vt 0.882556319 0.530338645
vt 0.993438721 0.18506068
vt 0.994234085 0.18497324
vt 0.993409634 0.184264302
vt 0.993394375 0.184253901
vt 0.9934268 0.183800727
vt 0.991220951 0.18296656
vt 0.99122858 0.182985574
vt 0.991092205 0.182856113
vt 0.991335392 0.182782382
vt 0.993171215 0.184715778
vt 0.993557453 0.184513092
vt 0.993412971 0.1843732
vt 0.99371326 0.184150577
vt 0.993936419 0.184193105
vt 0.99392128 0.183775544
vt 0.993639469 0.184070885
vt 0.993848801 0.183656156
vt 0.994127274 0.183794439
vt 0.994139791 0.184245616
vt 0.994282246 0.183844358
vt 0.993819714 0.184766054
vt 0.994425297 0.183831483
vt 0.994343519 0.184211671
vt 0.994176388 0.184596419
vt 0.994236946 0.184657365
vt 0.99393034 0.184912622
vt 0.994081974 0.185005516
vt 0.994568348 0.183818579
vt 0.9945364 0.183750838
vt 0.994613647 0.183881313
vt 0.842110634 0.958183169
vt 0.83721447 0.931582153
vt 0.830899477 0.95890075
vt 0.820946455 0.956471801
vt 0.84571743 0.976997137
vt 0.831827164 0.988355041
vt 0.845211029 0.992983222
vt 0.860296249 0.991321385
vt 0.863071442 0.9384588
vt 0.845592499 0.974838614
vt 0.873734474 0.982451916
vt 0.821659088 0.987041652
vt 0.871788979 0.993681192
vt 0.994261146 0.183432728
vt 0.994039893 0.183360457
vt 0.994376659 0.183161736
vt 0.99421978 0.183640182
vt 0.993848801 0.183656156
vt 0.994139194 0.183819264
vt 0.9945364 0.183750838
vt 0.994672775 0.183288038
vt 0.994568348 0.183818579
vt 0.994009495 0.184035927
vt 0.993884087 0.184013098
vt 0.993639469 0.184070885
vt 0.960726261 0.6747334
vt 0.958129883 0.664052665
vt 0.944146514 0.674492061
vt 0.929300606 0.669596732
vt 0.936785698 0.646498799
vt 0.953128576 0.643931329
vt 0.93786186 0.622102022
vt 0.994236946 0.184657365
vt 0.994097233 0.184241056
vt 0.994343519 0.184211671
vt 0.9472031 0.596570492
vt 0.959703743 0.543147981
vt 0.942052662 0.561994076
vt 0.929874957 0.589117885
vt 0.926022649 0.561796665
vt 0.939696848 0.541743577
vt 0.927028716 0.543796003
vt 0.929571271 0.523783505
vt 0.939028978 0.522399068
vt 0.940966785 0.50004822
vt 0.949042976 0.522514284
vt 0.988528371 0.822252631
vt 0.976755619 0.828113794
vt 0.984401822 0.830652714
vt 0.970609069 0.835865736
vt 0.970473528 0.854990005
vt 0.990102291 0.83412087
vt 0.989923596 0.848790884
vt 0.990460277 0.876881063
vt 0.949724913 0.821623802
vt 0.94986093 0.856522143
vt 0.929179609 0.855115175
vt 0.928824246 0.835921288
vt 0.914949954 0.830625057
vt 0.922652781 0.828093052
vt 0.910760939 0.822182536
vt 0.909242928 0.834161401
vt 0.909519732 0.84898746
vt 0.909490883 0.877516031
vt 0.970354199 0.886641145
vt 0.949951291 0.886431098
vt 0.929722846 0.886713028
vt 0.911028922 0.914981246
vt 0.922652304 0.91293776
vt 0.936347067 0.911385417
vt 0.951664925 0.898921847
vt 0.919892609 0.935813069
vt 0.931770861 0.922215343
vt 0.909836113 0.938291907
vt 0.9511832 0.934675455
vt 0.93924123 0.933891058
vt 0.949168563 0.913113952
vt 0.909684718 0.9528898
vt 0.918432057 0.949436903
vt 0.963967204 0.898652673
vt 0.973756909 0.899162412
vt 0.978054404 0.899362683
vt 0.991777778 0.914623618
vt 0.979221463 0.913464189
vt 0.981100917 0.936964154
vt 0.996172071 0.938302875
vt 0.990962029 0.185928822
vt 0.991836548 0.185879543
vt 0.991836548 0.185070425
vt 0.992711067 0.185928792
vt 0.990108013 0.185903758
vt 0.990303516 0.18569997
vt 0.990051746 0.185279906
vt 0.990503788 0.186269879
vt 0.990094185 0.186603159
vt 0.990656376 0.185596049
vt 0.990962029 0.185928822
vt 0.993565083 0.185903758
vt 0.993621349 0.185279906
vt 0.993369102 0.18569997
vt 0.993169308 0.186269879
vt 0.993578434 0.186603159
vt 0.993016243 0.185596049
vt 0.992711067 0.185928792
vt 0.991259098 0.186303586
vt 0.991265297 0.186545879
vt 0.991436481 0.186400935
vt 0.991129875 0.186370194
vt 0.991639614 0.186577648
vt 0.991578341 0.186922789
vt 0.991737843 0.186890483
vt 0.991597652 0.187138259
vt 0.991501808 0.187219858
vt 0.991392851 0.186865717
vt 0.991788626 0.187156051
vt 0.991611958 0.187491119
vt 0.989388466 0.185652137
vt 0.989400864 0.186152548
vt 0.989541531 0.186154753
vt 0.989267349 0.186125338
vt 0.989333034 0.187013909
vt 0.989073038 0.187037677
vt 0.989561319 0.187047139
vt 0.989580631 0.187492818
vt 0.988485932 0.184158117
vt 0.988735437 0.184076518
vt 0.988738537 0.183032215
vt 0.988978624 0.18398118
vt 0.988850594 0.184669375
vt 0.988534927 0.184821367
vt 0.989106655 0.184534162
vt 0.989186287 0.185071141
vt 0.988902569 0.185089022
vt 0.988595486 0.18518579
vt 0.989019394 0.18550837
vt 0.989230633 0.185400665
vt 0.994307995 0.185950637
vt 0.994312763 0.186894983
vt 0.994502544 0.185991824
vt 0.994564533 0.186947107
vt 0.994333744 0.187284976
vt 0.994573116 0.187500834
vt 0.994078636 0.187282145
vt 0.99408567 0.186811715
vt 0.994133472 0.185914069
vt 0.994333744 0.185369909
vt 0.954694629 0.68731463
vt 0.950822949 0.711541176
vt 0.960716128 0.697424293
vt 0.958504081 0.70842886
vt 0.969148576 0.70546174
vt 0.977185607 0.689756989
vt 0.977251649 0.701579809
vt 0.978976727 0.727254272
vt 0.971501529 0.726061821
vt 0.974305391 0.745954931
vt 0.98251003 0.747556031
vt 0.983236313 0.775528193
vt 0.97399509 0.77275151
vt 0.965334654 0.73851192
vt 0.963665485 0.726192653
vt 0.955154777 0.734558642
vt 0.965661645 0.761298418
vt 0.956416011 0.723924398
vt 0.951533675 0.725518465
vt 0.963406205 0.790765643
vt 0.973868012 0.793664575
vt 0.984524608 0.79757297
vt 0.94666779 0.728013635
vt 0.94098866 0.732299209
vt 0.93663013 0.716460943
vt 0.917369366 0.733888805
vt 0.917362809 0.718593538
vt 0.925967574 0.69643712
vt 0.933021903 0.689743876
vt 0.942839503 0.702208877
vt 0.938678622 0.694275022
vt 0.917367458 0.69210577
vt 0.944729686 0.693985581
vt 0.990857542 0.699366987
vt 0.99623704 0.705632925
vt 0.998962879 0.68896699
vt 0.984174609 0.695337892
vt 0.983032346 0.715793371
vt 0.984928966 0.719647527
vt 0.873528123 0.859885931
vt 0.869617701 0.866907835
vt 0.887355745 0.862650096
vt 0.87455225 0.849447787
vt 0.843333483 0.861893058
vt 0.85058856 0.881077349
vt 0.857765734 0.85143137
vt 0.871902049 0.870901644
vt 0.864537358 0.885875463
vt 0.831867993 0.917820036
vt 0.814164698 0.913826346
vt 0.872146547 0.874677777
vt 0.879936635 0.867711842
vt 0.810181439 0.880805373
vt 0.794237733 0.900591016
vt 0.770161092 0.945168495
vt 0.848601282 0.852196693
vt 0.789732516 0.902586341
vt 0.812233388 0.936591029
vt 0.775837481 0.966754913
vt 0.996212125 0.622564077
vt 0.982241809 0.625423908
vt 0.993451238 0.644647241
vt 0.981005013 0.641071558
vt 0.970749199 0.640175581
vt 0.969510019 0.621710062
vt 0.982359767 0.608476639
vt 0.993580818 0.607798815
vt 0.991303682 0.594105363
vt 0.982080221 0.593797326
vt 0.986164153 0.553411365
vt 0.97506994 0.593700051
vt 0.971755564 0.607187271
vt 0.989919662 0.656757236
vt 0.985941827 0.665484667
vt 0.910829842 0.972372472
vt 0.916609287 0.975879014
vt 0.907187819 0.986896396
vt 0.94051075 0.990632057
vt 0.906752706 0.9763363
vt 0.901200891 0.976244748
vt 0.931946039 0.972003937
vt 0.920529187 0.962288678
vt 0.947828948 0.970784724
vt 0.941463411 0.955870152
vt 0.951717257 0.968239546
vt 0.965362012 0.991364121
vt 0.966322303 0.968355477
vt 0.983314216 0.972967327
vt 0.97742641 0.95073086
vt 0.979854822 0.992570102
vt 0.989076793 0.987620592
vt 0.988038898 0.973524332
vt 0.995115101 0.962109566
vt 0.985112488 0.969121277
vt 0.957449377 0.951866448
vt 0.994432807 0.183606803
vt 0.99436903 0.183637828
vt 0.994608402 0.18327716
vt 0.994626045 0.183763206
vt 0.994098663 0.183970571
vt 0.994563103 0.183661669
vt 0.99413538 0.183819354
vt 0.994432807 0.183606803
vt 0.994615555 0.183881313
vt 0.994064808 0.183754891
vt 0.994042873 0.184012949
vt 0.926053166 0.696442723
vt 0.933092594 0.689761996
vt 0.936736107 0.7164675
vt 0.94293344 0.702207923
vt 0.938751101 0.694278836
vt 0.917459786 0.718593538
vt 0.91745317 0.733888805
vt 0.941093922 0.732341409
vt 0.946795702 0.728049994
vt 0.950938582 0.711537123
vt 0.944811106 0.693989635
vt 0.955330551 0.734637082
vt 0.951674581 0.725548744
vt 0.956569791 0.723942816
vt 0.958621621 0.708416343
vt 0.967775822 0.726109743
vt 0.969260335 0.705435455
vt 0.960809588 0.697410464
vt 0.977221251 0.689748049
vt 0.977344811 0.701536775
vt 0.978976846 0.727254272
vt 0.990922391 0.69931972
vt 0.984256029 0.69530642
vt 0.998949051 0.688943982
vt 0.996308684 0.70555234
vt 0.974305391 0.745954871
vt 0.98251009 0.747556031
vt 0.983236432 0.775528193
vt 0.9740206 0.772565722
vt 0.965334654 0.73851186
vt 0.965661645 0.761298478
vt 0.963406205 0.790765643
vt 0.973868132 0.793664455
vt 0.984524727 0.79757297
vt 0.972712398 0.803004146
vt 0.984225392 0.803649783
vt 0.963326812 0.80155611
vt 0.906752765 0.9763363
vt 0.901200891 0.976244748
vt 0.907187939 0.986896396
vt 0.910829842 0.972372472
vt 0.916609228 0.975879014
vt 0.93893677 0.990187049
vt 0.931872129 0.972024024
vt 0.947828889 0.970784783
vt 0.94146347 0.955870152
vt 0.920451999 0.962318361
vt 0.951717257 0.968239546
vt 0.965362012 0.991364121
vt 0.966322303 0.968355477
vt 0.957449317 0.951866448
vt 0.983314216 0.972967327
vt 0.97742641 0.95073086
vt 0.979854822 0.992570102
vt 0.985789418 0.99614042
vt 0.990145445 0.978386045
vt 0.995115101 0.962109566
vt 0.993909121 0.996558726
vt 0.985112488 0.969121277
vt 0.99436903 0.183637828
vt 0.994436741 0.183600634
vt 0.994608402 0.18327716
vt 0.994563103 0.183661669
vt 0.994123697 0.183887661
vt 0.994626045 0.183763206
vt 0.994436741 0.183600634
vt 0.994568348 0.183818579
vt 0.994064808 0.183754891
vt 0.994009495 0.184035927
vt 0.992393017 0.187075526
vt 0.992398262 0.187339365
vt 0.992557049 0.187072158
vt 0.992606163 0.187346071
vt 0.992337704 0.186264724
vt 0.992239475 0.187080473
vt 0.992201805 0.187357098
vt 0.994064808 0.183754891
vt 0.994436741 0.183600634
vt 0.99436903 0.183637828
vt 0.994064808 0.183754891
vt 0.99436903 0.183637828
vt 0.994432807 0.183606803
vt 0.99292326 0.184889227
vt 0.992796898 0.185117155
vt 0.992705822 0.185041189
vt 0.992650032 0.185010612
vt 0.992432356 0.184559643
vt 0.802602708 0.360392421
vt 0.802110374 0.345778793
vt 0.800771177 0.361058921
vt 0.803519011 0.383271366
vt 0.7997334 0.384408653
vt 0.805143893 0.421385229
vt 0.798184931 0.423274755
vt 0.804760337 0.459780723
vt 0.798928201 0.45959568
vt 0.803695023 0.472942799
vt 0.794155657 0.460200369
vt 0.791439831 0.421820611
vt 0.795862556 0.384026289
vt 0.799208105 0.360285848
vt 0.799386263 0.473413974
vt 0.808572888 0.460400909
vt 0.810732901 0.42108804
vt 0.813740909 0.460292757
vt 0.815054059 0.421696156
vt 0.810112715 0.383765638
vt 0.807380795 0.383412242
vt 0.805448234 0.360208482
vt 0.804126918 0.359984607
vt 0.808460951 0.473555356
vt 0.954756379 0.687306046
vt 0.917455018 0.69210577
vt 0.253133714 0.984927177
vt 0.266100049 0.973937035
vt 0.267532468 0.997130811
vt 0.276874602 0.986104608
vt 0.282684803 0.969954073
vt 0.280581474 0.966628671
vt 0.299688697 0.957899988
vt 0.297735453 0.973246753
vt 0.314633012 0.976803482
vt 0.315804005 0.96052599
vt 0.32999897 0.970178008
vt 0.317134976 0.952497005
vt 0.328972995 0.955776989
vt 0.329935014 0.948566973
vt 0.330525041 0.981262982
vt 0.253111064 0.98510164
vt 0.267530859 0.997272015
vt 0.266080797 0.973961413
vt 0.276871145 0.986097693
vt 0.28268373 0.969929278
vt 0.280578375 0.966623902
vt 0.299648404 0.957870722
vt 0.29774195 0.97323066
vt 0.314633012 0.976803482
vt 0.315804005 0.96052599
vt 0.32999897 0.970178008
vt 0.317134976 0.952497005
vt 0.328972995 0.955776989
vt 0.329935014 0.948566973
vt 0.330525041 0.981262982
vt 0.202026486 0.988581538
vt 0.18408227 0.997093856
vt 0.176844239 0.989808738
vt 0.203989983 0.964602709
vt 0.171220779 0.972781062
vt 0.174670756 0.960396111
vt 0.184958011 0.945724607
vt 0.204695463 0.946030259
vt 0.202026486 0.988581538
vt 0.176844239 0.989808738
vt 0.184034109 0.997099876
vt 0.203989983 0.964602709
vt 0.171220779 0.972781062
vt 0.174670756 0.960396111
vt 0.184976727 0.945732772
vt 0.204686761 0.946029544
vt 0.278764963 0.942405999
vt 0.255811989 0.952656984
vt 0.257793874 0.943612278
vt 0.232276887 0.941899061
vt 0.244235352 0.953793585
vt 0.248277664 0.96939075
vt 0.234241143 0.962296486
vt 0.238207206 0.972235143
vt 0.241682395 0.986562431
vt 0.232135653 0.975287318
vt 0.228996813 0.982521355
vt 0.232415333 0.991178095
vt 0.237565592 0.996134639
vt 0.24385123 0.996292889
vt 0.247406662 0.992986858
vt 0.229339421 0.97100842
vt 0.226468384 0.962493956
vt 0.230358765 0.953207433
vt 0.221859217 0.953979433
vt 0.215363383 0.944271863
vt 0.211295694 0.938427031
vt 0.211338401 0.942669809
vt 0.248077542 0.989758968
vt 0.233529821 0.928878903
vt 0.211497456 0.925215006
vt 0.212080181 0.91482234
vt 0.260818094 0.933243454
vt 0.279570997 0.933824003
vt 0.280467033 0.926654994
vt 0.265098035 0.922979593
vt 0.244514629 0.921976089
vt 0.225112811 0.914713264
vt 0.251781881 0.909972727
vt 0.259693027 0.914774001
vt 0.272006005 0.918437481
vt 0.283115983 0.920186996
vt 0.214092135 0.904560089
vt 0.228137299 0.904741228
vt 0.219725326 0.894262671
vt 0.239080116 0.899799943
vt 0.245431006 0.904886365
vt 0.278764963 0.942405999
vt 0.257794201 0.94361186
vt 0.255811989 0.952656984
vt 0.2322772 0.941898584
vt 0.24423556 0.953793049
vt 0.248277664 0.96939075
vt 0.234240621 0.96229744
vt 0.238207191 0.972235203
vt 0.241682395 0.986562431
vt 0.232135653 0.975287318
vt 0.228996813 0.982521355
vt 0.232415333 0.991178095
vt 0.237430289 0.996202648
vt 0.243727967 0.996355057
vt 0.24725014 0.993064284
vt 0.229339421 0.97100842
vt 0.226468384 0.962493956
vt 0.230358511 0.953207791
vt 0.221859217 0.953979433
vt 0.215363383 0.944271863
vt 0.211295694 0.938427031
vt 0.211338401 0.942669809
vt 0.248077959 0.98975873
vt 0.233530343 0.928878307
vt 0.211497456 0.925215006
vt 0.212080181 0.91482234
vt 0.260818928 0.933242142
vt 0.279570997 0.933824003
vt 0.280467033 0.926654994
vt 0.2650989 0.922978163
vt 0.244515315 0.921975851
vt 0.225112915 0.914713025
vt 0.251781881 0.909972727
vt 0.259693027 0.914774001
vt 0.272006005 0.918437481
vt 0.283115983 0.920186996
vt 0.214092135 0.904560089
vt 0.228137329 0.904741168
vt 0.219725326 0.894262671
vt 0.239080116 0.899799943
vt 0.245431006 0.904886365
vt 0.993077517 0.184045225
vt 0.995546341 0.183382899
vt 0.994198501 0.181822687
vt 0.995017052 0.180214733
vt 0.996908069 0.18113777
vt 0.994198501 0.181822687
vt 0.995017052 0.180214733
vt 0.995546341 0.183382899
vt 0.996908069 0.18113777
vt 0.993077517 0.184045225
vt 0.107469499 0.327334166
vt 0.114076853 0.336755753
vt 0.124547303 0.330487967
vt 0.124664903 0.336793661
vt 0.133078039 0.33490324
vt 0.131392658 0.339077711
vt 0.137776911 0.341343403
vt 0.135702372 0.345944643
vt 0.139240324 0.34245038
vt 0.139241934 0.34705019
vt 0.142778039 0.345936775
vt 0.140703499 0.341338634
vt 0.147059917 0.339062214
vt 0.145374596 0.334887743
vt 0.153777122 0.336760283
vt 0.153876603 0.330452919
vt 0.164360642 0.336671829
vt 0.170909166 0.327209234
vt 0.176499009 0.340233326
vt 0.191502333 0.333270311
vt 0.180585921 0.344728231
vt 0.199396551 0.340197563
vt 0.142130196 0.365635633
vt 0.136433542 0.365648508
vt 0.136353791 0.368412971
vt 0.142234802 0.36839962
vt 0.152680099 0.366322994
vt 0.153351903 0.370464563
vt 0.164316058 0.366186857
vt 0.168742001 0.373303413
vt 0.177058339 0.363707781
vt 0.190915227 0.369728565
vt 0.18109256 0.36207509
vt 0.200809002 0.366007328
vt 0.125891328 0.366373062
vt 0.12524581 0.370517254
vt 0.114264727 0.366289616
vt 0.109884977 0.373430967
vt 0.101516724 0.363879919
vt 0.0877007842 0.369983673
vt 0.0974753499 0.362269878
vt 0.0777872801 0.366322041
vt 0.0962724686 0.349889755
vt 0.0790482759 0.340501308
vt 0.0978876948 0.34491396
vt 0.0869018435 0.333524942
vt 0.101951718 0.340392351
vt 0.182227671 0.349692345
vt 0.185742065 0.919821084
vt 0.130469799 0.901917636
vt 0.178282946 0.981102228
vt 0.117675737 0.946976483
vt 0.25 0.993288577
vt 0.0781887919 0.881623685
vt 0.0940554887 0.854960978
vt 0.061345432 0.833246052
vt 0.0804994628 0.799541175
vt 0.143158227 0.83828938
vt 0.198374078 0.844984114
vt 0.25 0.925398231
vt 0.25 0.946169794
vt 0.25 0.847383916
vt 0.101387627 0.819655299
vt 0.205465481 0.801856399
vt 0.25 0.801789582
vt 0.108262248 0.793487668
vt 0.0775727257 0.775799572
vt 0.147987917 0.801588476
vt 0.0550305247 0.798245013
vt 0.0537061282 0.750478685
vt 0.08205764 0.736848772
vt 0.0635193065 0.707160652
vt 0.0869670734 0.698871672
vt 0.0953645334 0.658217609
vt 0.0771977305 0.65896523
vt 0.224034801 0.753021121
vt 0.25 0.753195703
vt 0.228095397 0.721871972
vt 0.25 0.723386884
vt 0.197483912 0.779990435
vt 0.125409618 0.68031013
vt 0.126582056 0.651961148
vt 0.16812849 0.675053775
vt 0.169382393 0.653424144
vt 0.204461366 0.66151309
vt 0.20398891 0.685514271
vt 0.2324377 0.699268937
vt 0.25 0.702290952
vt 0.236226499 0.677305281
vt 0.25 0.682444096
vt 0.202977166 0.715961277
vt 0.195758283 0.755278051
vt 0.1650704 0.763654709
vt 0.152777955 0.786397636
vt 0.121550187 0.761106133
vt 0.11265406 0.780800581
vt 0.263773501 0.677305281
vt 0.26756227 0.699268878
vt 0.295538604 0.66151315
vt 0.29601106 0.685514271
vt 0.33187151 0.675053775
vt 0.330617547 0.653424144
vt 0.373417884 0.651961148
vt 0.374590367 0.68031013
vt 0.413032919 0.698871672
vt 0.417942375 0.736848891
vt 0.436480701 0.707160592
vt 0.446293861 0.750478625
vt 0.422427297 0.775799572
vt 0.444969475 0.798245013
vt 0.43865484 0.833245635
vt 0.41950053 0.799541175
vt 0.405944556 0.854961097
vt 0.421811163 0.881623685
vt 0.369530201 0.901917636
vt 0.382324964 0.946975589
vt 0.323607266 0.981894493
vt 0.31425786 0.919820964
vt 0.25 0.993288577
vt 0.356841773 0.83828944
vt 0.301625878 0.844984174
vt 0.39861235 0.819655299
vt 0.294534534 0.801856399
vt 0.391737729 0.793487728
vt 0.352012068 0.801588476
vt 0.275965244 0.753021121
vt 0.271904618 0.721871972
vt 0.302516043 0.779990375
vt 0.29702282 0.715961337
vt 0.304241687 0.755278051
vt 0.334929556 0.763654709
vt 0.34722203 0.786397636
vt 0.378449768 0.761106074
vt 0.38734594 0.780800581
vt 0.422802299 0.65896523
vt 0.404635459 0.658217609
vt 0.211626962 0.635291755
vt 0.232409894 0.65014416
vt 0.245322496 0.664249361
vt 0.237506658 0.638740659
vt 0.25 0.638442397
vt 0.25 0.66567117
vt 0.176025242 0.630366683
vt 0.128832608 0.617885053
vt 0.112803727 0.617047668
vt 0.105494149 0.61072278
vt 0.096679844 0.600861609
vt 0.145168856 0.582459033
vt 0.154485166 0.594586194
vt 0.193945065 0.553191185
vt 0.193873465 0.54601264
vt 0.16238606 0.563968539
vt 0.228751466 0.530442715
vt 0.214624107 0.526970029
vt 0.25 0.515249372
vt 0.24999997 0.523556888
vt 0.229247645 0.537229359
vt 0.25 0.530223668
vt 0.171997949 0.549612105
vt 0.25 0.55329597
vt 0.230700538 0.557318866
vt 0.198673442 0.56978339
vt 0.137524709 0.578331769
vt 0.127993554 0.574456513
vt 0.228978619 0.599286795
vt 0.25 0.59966743
vt 0.190080404 0.60239017
vt 0.262493312 0.638740659
vt 0.254677474 0.664249361
vt 0.267590106 0.650144041
vt 0.288373053 0.635291755
vt 0.323974729 0.630366623
vt 0.371167362 0.617885053
vt 0.387196213 0.617047727
vt 0.394505888 0.610722959
vt 0.403320134 0.600861609
vt 0.354831129 0.582459033
vt 0.345514804 0.594586253
vt 0.30605489 0.553191185
vt 0.306126475 0.54601264
vt 0.33761397 0.563968658
vt 0.271248549 0.530442655
vt 0.285375893 0.526970029
vt 0.270752311 0.537229359
vt 0.328002036 0.549612105
vt 0.269299418 0.557318866
vt 0.301326454 0.569783151
vt 0.362475097 0.578331411
vt 0.372006446 0.574456453
vt 0.271021366 0.599286795
vt 0.309919566 0.60239017
vn -0.0307435747 -0.972249448 -0.231917754
vn -0.030755287 -0.972250104 -0.231913388
vn -0.0451081209 -0.997277796 -0.0583281964
vn -0.045101542 -0.997279048 -0.0583128147
vn 0.0307638925 0.972257793 0.231879964
vn 0.0267380401 0.96039933 0.277341157
vn 0.164251283 0.984146357 0.0669146255
vn 0.045144055 0.997276068 0.0583300591
vn 0.058068987 0.991426826 -0.117050484
vn 0.164251283 0.984146357 0.0669146255
vn 0.0612805225 0.984627485 -0.163564429
vn 0.045144055 0.997276068 0.0583300591
vn 0.995940804 -0.0494396761 0.0752176419
vn 0.995940983 -0.0494359657 0.0752177536
vn 0.809313476 -0.0707011521 0.583106399
vn 0.743652225 -0.0724969059 0.664624453
vn -0.0778845772 -0.0547214709 0.995459497
vn -0.0778824091 -0.0547178946 0.995459855
vn 0.890509427 -0.0136895422 -0.454758853
vn 0.838301659 -0.00605137646 -0.545173049
vn 0.0778881237 0.0546789169 -0.995461583
vn 0.0778859556 0.0546841025 -0.995461464
vn -0.890532494 0.0136552425 0.454714566
vn -0.838278532 0.0059807729 0.545209467
vn -0.995935261 0.0495474376 -0.0752195865
vn -0.995934486 0.0495625734 -0.0752195939
vn -0.809309363 0.0707917288 -0.583101094
vn -0.743624389 0.0725808516 -0.664646327
vn 0.0581558198 0.99142611 -0.117013276
vn 0.0612805225 0.984627485 -0.163564429
vn -0.0746250451 0.996011853 0.0489020869
vn 0.045144055 0.997276068 0.0583300591
vn -0.045101542 -0.997279048 -0.0583128147
vn -0.0581038333 -0.991423726 0.117059417
vn -0.0451081209 -0.997277796 -0.0583281964
vn -0.0580820516 -0.991427302 0.117040254
vn 0.0307109151 0.972243607 0.231946453
vn -0.0746250451 0.996011853 0.0489020869
vn 0.0267380401 0.96039933 0.277341157
vn 0.045144055 0.997276068 0.0583300591
vn -0.0307130013 -0.972247362 -0.231930524
vn -0.0307435747 -0.972249448 -0.231917754
vn -0.0450961404 -0.997278154 -0.0583317652
vn -0.0451081209 -0.997277796 -0.0583281964
vn -0.0580820516 -0.991427302 0.117040254
vn -0.0580416173 -0.99142915 0.11704459
vn -0.0451081209 -0.997277796 -0.0583281964
vn -0.0450961404 -0.997278154 -0.0583317652
vn 0.0778859556 0.0546841025 -0.995461464
vn -0.809309363 0.0707917288 -0.583101094
vn 0.0778881237 0.0546789169 -0.995461583
vn -0.743624389 0.0725808516 -0.664646327
vn 0.190229371 -0.958835781 0.210823938
vn 0.0826788098 -0.446959198 0.890725374
vn 0.11115291 -0.969844639 0.216901913
vn 0.0466220006 -0.567888796 0.8217839
vn 0.124403916 -0.774097979 -0.620722115
vn 0.0387958214 -0.799268782 -0.59972018
vn -0.0185068082 0.178265736 0.983808339
vn -0.0635509118 0.12552017 0.990053535
vn -0.0525627807 0.791026533 0.609519601
vn -0.091745846 0.790844142 0.605101883
vn -0.0777139068 0.987527847 0.136928365
vn -0.048166737 0.986040235 0.159388259
vn -0.0497379005 0.935709238 -0.349248379
vn 0.00348488218 0.950548649 -0.310556233
vn -0.0186725874 0.63401854 -0.77309233
vn 0.007735644 0.529636741 -0.848189294
vn -0.0122388424 -0.312267274 -0.949915469
vn 0.0378179699 -0.314766228 -0.948415577
vn 0.0387958214 -0.799268782 -0.59972018
vn 0.124403916 -0.774097979 -0.620722115
vn -0.715621829 -0.582597017 -0.385313004
vn -0.679958105 -0.180049926 -0.710801661
vn -0.69140774 0.45417884 -0.561851263
vn -0.693265617 0.568764806 0.442593932
vn -0.667401671 0.738593459 0.0951559022
vn -0.667939484 0.693910778 -0.268969804
vn -0.0460610054 0.970141828 -0.238124311
vn -0.0540578328 0.980450332 0.189195246
vn 0.00711215986 0.968212664 -0.250027448
vn -0.0115192067 0.969220519 0.245924652
vn -0.0583591312 0.725047588 0.686221778
vn -0.0763002634 0.78102684 0.619818807
vn -0.0879980922 0.169744253 0.981551468
vn -0.0493259169 0.193488494 0.979861796
vn -0.0278332401 -0.369715035 0.928728223
vn -0.00206808117 -0.39735198 0.917663932
vn 0.00971060898 -0.048343569 0.998783529
vn 0.0400121585 -0.439091295 0.89755106
vn -0.0471454635 -0.10492447 0.993362069
vn -0.0661032945 -0.0341224894 0.997229159
vn 0.176729977 -0.318633288 0.931256831
vn 0.147970155 -0.965385079 0.214793995
vn 0.297751218 -0.934274495 0.196151599
vn 0.306562543 -0.276465327 0.910816312
vn 0.125325337 0.229469612 0.965213597
vn 0.151610196 0.321866035 0.93456763
vn 0.429606616 -0.224676907 0.874619067
vn 0.51537931 -0.828163087 0.220295474
vn 0.847298682 -0.461793363 0.262358099
vn 0.681877673 -0.665949345 -0.302579314
vn 0.3774665 -0.575113595 -0.7257846
vn 0.374599308 -0.365769833 -0.851990461
vn 0.0223530456 0.681074202 0.731873155
vn 0.0264439583 0.668750525 0.743016422
vn 0.0405671522 0.194642872 0.980034947
vn -0.0105407452 0.67151165 0.740919054
vn 0.0486712232 0.922044992 0.384010613
vn 0.0696238652 0.901861012 0.426379144
vn 0.0339034647 0.941314518 0.335823506
vn 0.0714537576 0.974692225 -0.211824164
vn 0.0890224278 0.976000309 -0.198741868
vn 0.0502226837 0.977346957 -0.205598295
vn 0.0612935834 0.528810859 -0.846523583
vn 0.0588265322 0.520868957 -0.851607263
vn 0.0622523762 0.00973563828 -0.99801296
vn 0.137028873 -0.0879225209 -0.986657321
vn 0.374599308 -0.365769833 -0.851990461
vn 0.3774665 -0.575113595 -0.7257846
vn 0.201754481 -0.671426415 -0.713079035
vn 0.079181999 -0.116456531 -0.990034401
vn 0.0217896402 0.508996546 -0.860492706
vn -0.000433276931 -0.321139723 -0.947031736
vn 0.157231167 -0.758925736 -0.631909847
vn 0.0128050344 -0.388611853 -0.92131263
vn 0.222641781 -0.352083623 -0.909102738
vn 0.104539096 -0.741079569 -0.663228989
vn 0.0228859112 -0.197553203 -0.980024934
vn 0.0219949726 -0.275600016 -0.961020708
vn 0.0163109507 0.491593301 -0.870672107
vn 0.0349380895 0.502786458 -0.863704324
vn 0.106505848 -0.764336765 -0.635960519
vn 0.0261979271 0.971046507 -0.237449855
vn 0.0522258691 -0.764110684 -0.642967522
vn -0.014978392 -0.295746893 -0.955148935
vn -0.0272545405 0.497947067 -0.866779029
vn 0.958990455 -0.101194941 0.26475814
vn 0.910531342 -0.255937457 0.324697822
vn 0.985678136 -0.107936338 -0.129569799
vn 0.965483904 -0.229182705 -0.123758242
vn 0.793668628 -0.162087902 -0.58635956
vn 0.78320384 -0.104180738 -0.612974882
vn 0.792356491 -0.153935492 -0.590317786
vn 0.667614162 -0.148670301 -0.729512453
vn 0.887440503 -0.168566972 -0.42899245
vn 0.621113181 -0.227267817 -0.750045121
vn 0.779942513 -0.0916652456 0.619101882
vn 0.68324858 -0.221424192 0.695803583
vn 0.39821443 -0.154579625 0.904173911
vn 0.451966524 -0.0214581098 0.8917768
vn 0.155639276 -0.107331619 0.981965542
vn 0.182781428 0.00162217196 0.983152211
vn -2.83254565E-07 -0.0883695409 0.99608773
vn 1.54966898E-07 0.00562839955 0.999984145
vn 0.763424933 -0.206015944 -0.612159967
vn 0.787225425 -0.235334679 -0.569994509
vn 0.750966847 -0.177299798 -0.636092484
vn 0.718428552 -0.292876214 -0.630939007
vn 0.694037199 -0.206702158 -0.689627826
vn 0.606240153 -0.311398119 -0.731781483
vn 0.804620147 -0.500890374 -0.31889689
vn 0.877216816 -0.422619432 -0.227779567
vn 0.792384982 -0.584370315 0.175035238
vn 0.825088799 -0.506080925 0.251218259
vn 0.425675958 -0.190624595 -0.884568989
vn 0.469552934 -0.160985842 -0.868103504
vn 0.845114529 -0.143891916 -0.514855921
vn 0.856248081 -0.211327448 -0.471359789
vn 0.92216903 -0.357275546 -0.148183823
vn 0.862411618 -0.220910341 -0.455461115
vn 0.861730695 -0.244814605 -0.444393873
vn 0.849627554 -0.42453596 0.312893271
vn 0.589239061 -0.621148467 0.516693294
vn 0.599483609 -0.555186033 0.576530933
vn 0.322662979 -0.589012742 0.740913391
vn 0.325779408 -0.570529997 0.75389874
vn 0.546496511 -0.436369419 0.714788973
vn 0.143171489 -0.5705235 0.808705688
vn 0.158457264 -0.556714177 0.815451205
vn 0.219007477 -0.413534373 0.88375622
vn 3.22487153E-07 -0.602763355 0.797919989
vn 0.147302061 -0.561599016 0.814191997
vn 0.0668376237 -0.415338784 0.907208025
vn 1.25191946E-06 -0.441452444 0.897284687
vn -0.329344183 0.216613814 0.91902715
vn -0.471644759 0.182598844 0.862675428
vn -0.512933969 0.202175781 0.834280372
vn -0.595603764 0.189704135 0.78055656
vn -0.512933969 0.202175781 0.834280372
vn -0.595603764 0.189704135 0.78055656
vn -0.750918925 0.187123552 0.633328915
vn -0.801590502 0.211574525 0.559185982
vn -0.953240931 0.206472024 0.220683083
vn -0.954508185 0.264626592 0.137429625
vn -0.963315606 0.189550698 -0.1899831
vn -0.900145948 0.299450368 -0.316333205
vn -0.779975295 0.104714423 -0.616987348
vn -0.680998385 0.255432069 -0.686291337
vn -0.444177955 0.0773926303 -0.892589688
vn -0.398333222 0.214118645 -0.89189899
vn -0.191154763 0.0714244545 -0.978957832
vn -0.156729013 0.171065256 -0.972714067
vn 1.36976269E-07 0.0717892274 -0.997419834
vn 1.86549664E-06 0.154864758 -0.987935722
vn -0.598796785 0.184780627 0.779293656
vn -0.803164423 0.24638474 0.542421877
vn -0.92941159 0.346534282 0.12691775
vn -0.827146649 0.255426139 0.500585675
vn -0.915376127 0.3656497 0.168483928
vn -0.829765499 0.43491587 -0.349767536
vn -0.918980181 0.372932166 0.128050596
vn -0.86286658 0.419810027 -0.281461895
vn -0.918403327 0.345788956 0.192263573
vn -0.887445211 0.396503389 -0.23500222
vn -0.685560107 0.427092105 -0.589575887
vn -0.639167786 0.474438757 -0.605287015
vn -0.409149289 0.391379178 -0.824268878
vn -0.37272349 0.496509761 -0.783935726
vn -0.910687685 0.326570451 0.252981693
vn -0.800463974 0.237391338 0.550366044
vn -0.723552883 0.154944822 0.672653913
vn -0.173694313 0.499886602 -0.848495007
vn -0.231141537 0.361564398 -0.903241277
vn -8.31281113E-07 0.49761188 -0.867399812
vn -0.174465001 0.365864962 -0.914168894
vn -0.56996125 0.437010527 -0.695820332
vn -0.318653315 0.433748364 -0.842806339
vn -0.0962387621 0.421762675 -0.901584327
vn -0 0.449848473 -0.893104851
vn -0.682471275 0.145628259 0.71625787
vn -0.524077773 0.0443839543 0.850513101
vn -0.50205332 0.0466842577 0.863575697
vn -0.447405756 0.0212321356 0.89407897
vn -0.463277161 0.0305024367 0.885688365
vn -0.561936498 0.107327305 0.820187986
vn -0.492521882 0.0639644787 0.867946327
vn -0.724990547 0.197816923 0.659740269
vn -0.531275332 0.127816051 0.837502003
vn -0.686243773 0.225826338 0.69142741
vn -0.494529545 0.109672986 0.862213612
vn -0.493271142 0.151166663 0.856640041
vn -0.0366498232 -0.430052876 0.902059495
vn 0.00178380276 -0.42239663 0.906409383
vn -0.0336651914 -0.973182976 0.227555707
vn -0.0293356702 -0.978156209 0.205790579
vn -0.016645588 -0.779091299 -0.626689494
vn -0.0250674132 -0.780415177 -0.624758959
vn 0.0273531321 0.190028891 0.98139739
vn -0.0105540948 0.17731978 0.984096706
vn 0.0110254856 0.784156322 0.620465338
vn 0.0310279727 0.790475667 0.611706972
vn 0.000604570552 0.98698771 0.160794571
vn 0.0341051407 0.986272097 0.161568001
vn -0.0233070645 0.93463254 -0.354850441
vn -0.00939100888 0.95043993 -0.310766429
vn -0.0389949866 0.513921201 -0.856950641
vn -0.0310884099 0.516012788 -0.856016517
vn -0.00775999203 -0.279127002 -0.96022284
vn -0.0280511081 -0.252403438 -0.967215419
vn -0.0250674132 -0.780415177 -0.624758959
vn -0.016645588 -0.779091299 -0.626689494
vn -0.0471946187 -0.771523476 -0.634447932
vn -0.0599589869 -0.229459569 -0.971469641
vn -0.00026177417 0.140217826 0.990120649
vn -0.041407682 -0.422931403 0.905215144
vn 0.023220323 0.774303496 0.632388294
vn -0.0566291623 0.508991599 -0.858906627
vn -0.0183940455 0.902277946 -0.43076238
vn 0.018263394 0.996147454 0.0857711509
vn 0.0149789434 -0.295748502 -0.955148399
vn -0.0522292815 -0.764109373 -0.642968893
vn -0.00296794134 -0.297733277 -0.954644501
vn -0.065757513 -0.751858413 -0.656037211
vn -0.0510392897 -0.736738741 -0.674248457
vn -0.00715099042 -0.288298577 -0.957513809
vn -0.255763203 -0.419829369 -0.870820582
vn -0.111684524 -0.749154925 -0.652911484
vn -0.0212900769 -0.510711968 -0.859488249
vn 0.125092611 -0.42263341 -0.897626221
vn -0.181598067 -0.684410214 -0.706119478
vn -0.105866045 -0.244000554 -0.963979304
vn -0.12993072 -0.21618247 -0.967668891
vn -0.313082427 -0.593744218 -0.741247058
vn -0.604459584 -0.323464215 -0.728010654
vn -0.146104053 -0.0953018218 -0.984668076
vn -0.0588262752 0.520868123 -0.851607859
vn -0.0612919554 0.528809488 -0.846524537
vn -0.0714550167 0.974691868 -0.211825132
vn -0.0890211761 0.976000547 -0.198741406
vn -0.0696244091 0.901859879 0.426381528
vn -0.0486723781 0.92204392 0.384013027
vn -0.022356743 0.68107307 0.731874108
vn -0.0264437068 0.66874963 0.743017256
vn -0.125325277 0.229470268 0.965213418
vn -0.151610047 0.321863621 0.934568465
vn -0.306561023 -0.276467055 0.910816312
vn -0.429605484 -0.224677861 0.874619365
vn -0.522623539 -0.810631692 0.264084905
vn -0.847303927 -0.46178475 0.262356311
vn -0.782398701 -0.516417801 -0.348087579
vn -0.313082427 -0.593744218 -0.741247058
vn -0.604459584 -0.323464215 -0.728010654
vn -0.289215595 -0.922708929 0.254877657
vn -0.176729515 -0.318633258 0.93125701
vn -0.0405657887 0.194643274 0.980034888
vn 0.0105400039 0.671508253 0.740922093
vn -0.0339024141 0.941314161 0.335824788
vn -0.181598067 -0.684410214 -0.706119478
vn -0.0502220131 0.977346957 -0.205598339
vn 0.0661061853 -0.0341215357 0.99722898
vn -0.0400114842 -0.439091265 0.897551119
vn 0.047143843 -0.104924463 0.993362129
vn -0.0217903648 0.50899744 -0.86049217
vn -0.145048201 -0.958157837 0.246768326
vn -0.111684524 -0.749154925 -0.652911484
vn 0.0465472713 0.000546607305 -0.99891597
vn -0.0097100772 -0.0483431891 0.998783588
vn 0.00206953008 -0.39735207 0.917663932
vn 0.0493258312 0.193499386 0.97985965
vn -0.0865720734 -0.969005227 0.231374413
vn -0.0510392897 -0.736738741 -0.674248457
vn -0.08884985 -0.968785822 0.231429651
vn 0.0278320983 -0.369716614 0.928727627
vn -0.065757513 -0.751858413 -0.656037211
vn 0.0879997611 0.169745564 0.981551051
vn 0.0583589673 0.725048125 0.686221063
vn 0.0763029009 0.781022131 0.619824469
vn -0.0628271475 -0.955346882 0.288730174
vn -0.0522292815 -0.764109373 -0.642968893
vn 0.0540562309 0.980450094 0.1891969
vn 0.011521236 0.969221354 0.245921224
vn -0.00711314753 0.968211532 -0.250031829
vn -0.0261981618 0.971045434 -0.237454087
vn -0.0163092222 0.491589814 -0.870674193
vn -0.03493765 0.502785444 -0.86370492
vn 0.0272566061 0.497949392 -0.866777599
vn 0.0460556969 0.970142603 -0.238122314
vn -0.0525104217 -0.964629173 0.258327633
vn -0.0471946187 -0.771523476 -0.634447932
vn -0.43512404 -0.150286332 -0.887739301
vn -0.398651034 0.414896637 -0.817886412
vn -0.976409614 0.207193628 -0.0607873276
vn -0.560614645 0.812404037 -0.160346001
vn -0.5999704 0.60795176 0.520029008
vn -0.493429989 -0.68509692 -0.53588146
vn -0.552448213 -0.832427323 -0.043194443
vn -0.597433925 -0.708214998 0.376170486
vn -0.632613897 -0.379696876 0.675003588
vn -0.631097436 0.163217485 0.758337677
vn -0.5999704 0.60795176 0.520029008
vn -0.650119901 -0.443576157 0.616915166
vn -0.709701538 -0.687779784 0.152586639
vn -0.715621829 -0.582597017 -0.385313004
vn -0.701956987 0.10086257 0.70504123
vn 0.340147108 -0.307505816 -0.888673186
vn 0.320780933 -0.308893979 -0.895368159
vn 0.264783204 0.597201407 -0.757126331
vn 0.261430442 0.635428548 -0.726556718
vn 0.298112065 -0.777668118 -0.553499281
vn 0.272045255 -0.763608336 -0.585571229
vn 0.222632289 0.911577046 -0.345633
vn 0.227436796 0.923244238 -0.309665442
vn 0.21459499 0.968754828 0.124350399
vn 0.217914402 0.967729151 0.126544759
vn 0.23009707 0.787582159 0.57163769
vn 0.231171414 0.771086276 0.593283892
vn 0.274296075 0.168699414 0.946732402
vn 0.255350411 0.126218036 0.958574593
vn 0.259376317 -0.537811995 0.802173436
vn 0.237214997 -0.5738343 0.783864319
vn 0.242901713 -0.932879269 0.265960634
vn 0.245049596 -0.937450171 0.247260824
vn 0.272045255 -0.763608336 -0.585571229
vn 0.298112065 -0.777668118 -0.553499281
vn -0.816993892 0.256537229 0.516439378
vn -0.724990547 0.197816923 0.659740269
vn -0.800463974 0.237391338 0.550366044
vn -0.682471275 0.145628259 0.71625787
vn -0.827146649 0.255426139 0.500585675
vn -0.686243773 0.225826338 0.69142741
vn -0.918403327 0.345788956 0.192263573
vn -0.918980181 0.372932166 0.128050596
vn -0.915376127 0.3656497 0.168483928
vn -0.494529545 0.109672986 0.862213612
vn -0.492521882 0.0639644787 0.867946327
vn -0.531275332 0.127816051 0.837502003
vn -0.561936498 0.107327305 0.820187986
vn 0.861730695 -0.244814605 -0.444393873
vn 0.887440503 -0.168566972 -0.42899245
vn 0.792356491 -0.153935492 -0.590317786
vn -0.471644759 0.182598844 0.862675428
vn -0.493271142 0.151166663 0.856640041
vn -0.595603764 0.189704135 0.78055656
vn -0.598796785 0.184780627 0.779293656
vn 0.147302061 -0.561599016 0.814191997
vn 3.22487153E-07 -0.602763355 0.797919989
vn -3.70250859E-06 -0.855464995 -0.517860651
vn -0.687610149 -0.198759615 -0.69834578
vn -0.721714854 -0.27676326 -0.634452343
vn -0.763024032 -0.205767989 -0.61274296
vn -0.781926155 -0.231474265 -0.578801513
vn -0.849815965 -0.22300075 -0.477580965
vn -0.811569989 -0.140903518 -0.567009985
vn -0.878949225 -0.424538106 -0.217291623
vn -0.802969933 -0.508843303 -0.310350955
vn -0.611348987 -0.314389199 -0.726231277
vn -0.789943814 -0.590058982 0.166790783
vn -0.830928862 -0.503050327 0.237692177
vn -0.924018145 -0.35147959 -0.150507569
vn -0.423742414 -0.192504436 -0.885089993
vn -0.861292362 -0.244989112 -0.445146829
vn -0.849723279 -0.42449522 0.312688708
vn -0.478920788 -0.157667086 -0.863583267
vn -0.589199901 -0.621094406 0.516802847
vn -0.599263787 -0.555176079 0.576768994
vn -0.793735385 -0.162059456 -0.586277127
vn -0.792369723 -0.153992176 -0.590285242
vn -0.910562396 -0.255944341 0.324605227
vn -0.965494812 -0.229107991 -0.123811245
vn -0.322664589 -0.589011788 0.740913391
vn -0.325778544 -0.570529819 0.753899217
vn -0.546139121 -0.436351538 0.715073049
vn -0.683206737 -0.221424401 0.69584465
vn -0.143171757 -0.570523441 0.808705628
vn -0.158456296 -0.556713045 0.815452099
vn -0.985678196 -0.107937142 -0.129568502
vn -0.783204317 -0.104183003 -0.612973809
vn -0.667613089 -0.148672476 -0.729513049
vn -0.887440264 -0.168567568 -0.428992689
vn -0.621112287 -0.227268696 -0.750045598
vn -0.95898962 -0.101196721 0.264760464
vn -0.0668386668 -0.415338725 0.907208025
vn -0.219009236 -0.413535863 0.883755028
vn -0.398212045 -0.154579937 0.904174864
vn 3.22487153E-07 -0.602763355 0.797919989
vn -0.147297621 -0.56159538 0.814195335
vn 1.25191946E-06 -0.441452444 0.897284687
vn -0.780361712 -0.0850780308 0.61951381
vn -0.451725155 -0.0256486293 0.891788363
vn -0.155641541 -0.10733293 0.981965065
vn -0.182782903 0.00162198406 0.983151913
vn -2.83254565E-07 -0.0883695409 0.99608773
vn 1.54966898E-07 0.00562839955 0.999984145
vn -0.923249543 -0.212555945 0.32004717
vn -0.629008353 -0.190236285 0.75376296
vn -0.230211288 -0.0900198743 0.968968093
vn 5.60566207E-07 -0.0533673018 0.998574913
vn -0.972937286 -0.206145808 -0.104388855
vn -0.731429994 -0.265390426 -0.628154457
vn -0.619085371 -0.301632106 -0.725087166
vn -0.617333889 -0.261529714 -0.741957605
vn 0.913408399 0.323659092 0.246839598
vn 0.932699263 0.334497631 0.134845749
vn 0.880907476 0.398429543 -0.255452335
vn 0.859533429 0.42155695 -0.288949937
vn 0.742074192 0.159263998 0.651122749
vn 0.697725534 0.174160048 0.694872141
vn 0.525777221 0.0520219393 0.849030077
vn 0.548312545 0.0589947216 0.834190011
vn 0.453881413 0.0173319057 0.890893459
vn 0.470399588 0.0344506428 0.881780803
vn 0.491148829 0.090082325 0.866405249
vn 0.521986723 0.107015155 0.846213758
vn 0.446614206 0.0628549382 0.892516077
vn 0.438806027 0.0855536982 0.894499719
vn 0.31768164 0.0227216985 0.94792515
vn 0.61403966 0.188467115 0.766443312
vn 0.493269712 0.151167065 0.856640816
vn 0.685559452 0.427091956 -0.589576781
vn 0.639167428 0.474438459 -0.605287731
vn 0.630139291 0.00713830674 0.776449323
vn 0.668364882 0.264226198 0.695322096
vn 0.409150213 0.391380101 -0.824267924
vn 0.372726083 0.496510684 -0.783933938
vn 0.605467618 0.189244226 0.773043036
vn 0.471650839 0.182597786 0.862672329
vn 0.806665778 0.201810494 0.555484354
vn 0.802083075 0.246968269 0.543754876
vn 0.173694789 0.49988696 -0.848494589
vn 0.23114036 0.361563504 -0.903241932
vn -8.31281113E-07 0.49761188 -0.867399812
vn 0.174461454 0.365861923 -0.914170802
vn 0.512934506 0.202175424 0.834280133
vn 0.329337239 0.21661514 0.919029355
vn 0.755250454 0.179963186 0.630245924
vn 0.95231992 0.259459198 0.160523251
vn 0.927253604 0.346895844 0.140939787
vn 0.792740285 0.399041563 0.460791409
vn 0.897952199 0.425533563 0.112263002
vn 0.953275263 0.20058699 0.225900739
vn -0 0.449848473 -0.893104851
vn 0.0962406695 0.421763808 -0.901583672
vn 0.818675995 0.436028928 -0.373695493
vn 0.900146306 0.299450636 -0.316332072
vn 0.963315308 0.189554691 -0.189980567
vn 0.903033018 0.40572542 -0.141131893
vn 0.891893029 0.402465135 -0.206273034
vn 0.908819735 0.401336998 -0.113909259
vn 0.924612045 0.376535863 -0.057561364
vn 0.90610069 0.14901036 0.395951331
vn 0.841745079 0.104410425 0.529682577
vn 0.569960117 0.437008202 -0.695822775
vn 0.318653375 0.433748394 -0.84280628
vn 0.156729072 0.171065703 -0.972714007
vn 1.86549664E-06 0.154864758 -0.987935722
vn 0.398332149 0.214117825 -0.891899705
vn 0.68099612 0.255432367 -0.686293364
vn 0.779975116 0.104718283 -0.61698699
vn 0.444178253 0.0773931295 -0.89258945
vn 0.191154122 0.0714241117 -0.978958011
vn 1.36976269E-07 0.0717892274 -0.997419834
vn 0.955993712 -0.042886097 -0.290235847
vn 0.994894505 0.100915484 0.000944979372
vn 0.919806361 0.0961627066 0.38040641
vn 0.684648454 0.180237919 0.706237137
vn 0.554620266 0.135281593 0.821033001
vn 0.980056882 -0.00587345846 0.198630378
vn 0.622855604 0.0276411064 0.781848311
vn 0.998091757 0.0455097817 -0.0417334251
vn 0.350323766 0.330717057 0.876298785
vn 0.933443427 -0.154025689 -0.323974431
vn 0.741129398 -0.0966868773 -0.664363503
vn 0.429609895 -0.0807918757 -0.899393141
vn 0.847298682 -0.461793363 0.262358099
vn 0.429606616 -0.224676907 0.874619067
vn 0.254817069 0.436814517 0.862705827
vn 0.936078072 -0.291206628 -0.197373927
vn 0.374599308 -0.365769833 -0.851990461
vn 0.481812179 -0.164806888 -0.86063683
vn 0.364740759 -0.0421915315 -0.930152714
vn 0.151610196 0.321866035 0.93456763
vn 0.214095175 0.549638689 0.807502687
vn 0.192866281 -0.0588098355 -0.979461074
vn 0.064180918 0.70874387 0.702540338
vn 0.0223530456 0.681074202 0.731873155
vn 0.172184095 0.730723381 0.660602748
vn 0.180402696 0.00406325236 -0.983584464
vn 0.0622523762 0.00973563828 -0.99801296
vn 0.253865063 0.070888333 -0.964638472
vn -0 -0.059589427 -0.998223007
vn 4.5648855E-07 0.00885692239 -0.99996078
vn 0.286567807 0.136396095 -0.948301136
vn 0.173113301 0.13873753 -0.975081325
vn 0.0838555023 0.889362872 0.449446321
vn 0.174828157 0.876254141 0.449014336
vn 0.0696238652 0.901861012 0.426379144
vn 6.68046084E-07 0.12931253 -0.991603851
vn 0.0612935834 0.528810859 -0.846523583
vn 0.227926031 0.526744068 -0.818895817
vn 0.0890224278 0.976000309 -0.198741868
vn 0.154751763 0.970256805 -0.186154798
vn 0.323586196 0.528234005 -0.785022795
vn 0.232756272 0.969870687 -0.071940504
vn 0.275422364 0.426513612 -0.861526906
vn -0 0.289138824 -0.957287192
vn 0.189049542 0.196572512 -0.962091208
vn 2.26420298E-06 -0.376910836 -0.926249504
vn 0.651700079 0.728110254 0.212467596
vn 0.820266366 0.391706467 0.416808277
vn 0.55657804 0.589384198 0.585531473
vn 0.932168067 0.329360187 0.150281489
vn 0.913572192 0.049685549 0.403629929
vn 0.84335959 0.142192572 0.518194854
vn 0.707083941 0.18829605 0.681598783
vn 0.492952526 0.0473625921 0.868766129
vn 0.538316667 0.808304548 -0.238451034
vn 0.747983932 0.345946372 -0.566428423
vn -0.792369723 -0.153992176 -0.590285242
vn -0.887440264 -0.168567568 -0.428992689
vn -0.861292362 -0.244989112 -0.445146829
vn 0.630139291 0.00713830674 0.776449323
vn 0.31768164 0.0227216985 0.94792515
vn 0.179794237 -0.363907456 0.913917661
vn 0.10379529 -0.0739758015 0.99184382
vn 0.0434590988 -0.0865817666 0.995296359
vn 0.446614206 0.0628549382 0.892516077
vn 0.438806027 0.0855536982 0.894499719
vn -0.187082201 0.113240771 0.975795448
vn 0.155551448 0.10234049 0.982512176
vn 0.824378669 -0.203487933 0.528197408
vn 0.630139291 0.00713830674 0.776449323
vn 0.804176867 -0.0173927788 0.594135523
vn 0.82300669 0.0671466887 0.564049065
vn 0.89466536 -0.153903708 0.419389546
vn 0.907321453 -0.0548638329 0.41684255
vn 0.841745079 0.104410425 0.529682577
vn 0.826575637 0.190975308 0.5294348
vn 0.848002315 0.211204335 0.486091405
vn 0.824886799 0.209835157 0.524910569
vn 0.848967373 0.225288078 0.478016466
vn 0.757691681 0.368815929 0.538403332
vn 0.782369494 0.383262992 0.490925193
vn 0.909664214 0.266642302 0.318453997
vn 0.829379559 0.421619743 0.366560012
vn 0.809680045 0.352367759 -0.469313562
vn 0.907628238 0.3293688 -0.260244429
vn 0.908819735 0.401336998 -0.113909259
vn 0.970773816 0.106210634 -0.215214819
vn 0.924612045 0.376535863 -0.057561364
vn 0.957386732 0.0957989097 0.272457749
vn 0.90610069 0.14901036 0.395951331
vn 0.924612045 0.376535863 -0.057561364
vn 0.911304116 0.25488016 0.323358864
vn 0.891893029 0.402465135 -0.206273034
vn 0.632968962 0.562444925 -0.531983078
vn 0.903033018 0.40572542 -0.141131893
vn 0.735678494 0.449317753 -0.506843925
vn 0.668364882 0.264226198 0.695322096
vn -0.187082201 0.113240771 0.975795448
vn 0.438806027 0.0855536982 0.894499719
vn 0.483846605 0.660402298 0.574248433
vn 0.720124364 0.350394398 0.598869562
vn 0.559238672 0.623587132 0.546252012
vn 0.768005371 0.360754699 0.529172838
vn 0.555687606 0.688659966 0.465788275
vn 0.792740285 0.399041563 0.460791409
vn 0.609037995 0.693057895 0.385672808
vn 0.897952199 0.425533563 0.112263002
vn 0.632968962 0.562444925 -0.531983078
vn 0.903033018 0.40572542 -0.141131893
vn -3.70250859E-06 -0.855464995 -0.517860651
vn 3.22487153E-07 -0.602763355 0.797919989
vn -0.147297621 -0.56159538 0.814195335
vn 0.735678494 0.449317753 -0.506843925
vn 0.829379559 0.421619743 0.366560012
vn 0.632968962 0.562444925 -0.531983078
vn 0.609037995 0.693057895 0.385672808
vn 0.782369494 0.383262992 0.490925193
vn 0.555687606 0.688659966 0.465788275
vn 0.757691681 0.368815929 0.538403332
vn 0.559238672 0.623587132 0.546252012
vn 0.483846605 0.660402298 0.574248433
vn 0.684502304 0.373439431 0.626098752
vn -0.187082201 0.113240771 0.975795448
vn 0.155551448 0.10234049 0.982512176
vn 0.82300669 0.0671466887 0.564049065
vn 0.804176867 -0.0173927788 0.594135523
vn 0.768005371 0.360754699 0.529172838
vn 0.720124364 0.350394398 0.598869562
vn 0.74650377 0.147971615 0.648719132
vn 0.74257952 0.168688789 0.648166358
vn 0.684502304 0.373439431 0.626098752
vn 0.862855554 0.280409396 -0.420536429
vn 0.995684505 0.0893732235 0.0249947999
vn 0.853680849 0.504196584 -0.130440548
vn 0.849225402 0.41659078 0.32445094
vn 0.869269192 0.126972556 0.477754146
vn 0.871390343 -0.0737811849 -0.485010505
vn 0.861510932 -0.395518392 -0.318377346
vn 0.870205998 -0.301166058 0.389923811
vn 0.849767923 -0.49286285 0.18703109
vn 0.84601903 -0.52809459 -0.0732657537
vn -0.731795788 -0.36979872 -0.572471738
vn -0.619085371 -0.301632106 -0.725087166
vn -0.731429994 -0.265390426 -0.628154457
vn -0.773772538 -0.352079809 -0.526607871
vn -0.617333889 -0.261529714 -0.741957605
vn -0.857971132 -0.280091107 -0.430621058
vn 0.201754481 -0.671426415 -0.713079035
vn 0.157231167 -0.758925736 -0.631909847
vn 0.104539096 -0.741079569 -0.663228989
vn 0.0931724235 -0.971940696 0.21598658
vn 0.0878072679 -0.969211817 0.230039775
vn 0.106505848 -0.764336765 -0.635960519
vn 0.062822558 -0.955346406 0.288732737
vn 0.0522258691 -0.764110684 -0.642967522
vn -0.064404346 0.282911569 0.956981242
vn 0.00971060898 -0.048343569 0.998783529
vn -0.0471454635 -0.10492447 0.993362069
vn -0.0493259169 0.193488494 0.979861796
vn -0.0661032945 -0.0341224894 0.997229159
vn -0.0596351586 0.704665899 0.707028806
vn -0.0105407452 0.67151165 0.740919054
vn 0.0405671522 0.194642872 0.980034947
vn -0.0583591312 0.725047588 0.686221778
vn 0.0339034647 0.941314518 0.335823506
vn -0.0292911213 0.957792938 0.285962671
vn -0.0115192067 0.969220519 0.245924652
vn 0.0261979271 0.971046507 -0.237449855
vn 0.0290347952 0.976210058 -0.214873984
vn 0.0502226837 0.977346957 -0.205598295
vn 0.0320932344 0.531109154 -0.846695364
vn 0.0349380895 0.502786458 -0.863704324
vn 0.0217896402 0.508996546 -0.860492706
vn 0.0228859112 -0.197553203 -0.980024934
vn 0.0212503616 -0.00171606708 -0.999772668
vn 0.079181999 -0.116456531 -0.990034401
vn 0.222641781 -0.352083623 -0.909102738
vn -0.000433276931 -0.321139723 -0.947031736
vn 0.0128050344 -0.388611853 -0.92131263
vn -0.273851037 0.27901566 0.920410693
vn -0.999107182 -0.0393051244 0.0154904928
vn -0.45298034 0.341807127 0.823393464
vn -0.921105742 -0.241427481 -0.305412918
vn -0.705632448 -0.40925929 -0.578437269
vn -0.905391872 0.319927275 0.27912733
vn -0.43828699 -0.713864148 -0.546170712
vn -0.968737721 -0.236573264 -0.0747014806
vn -0.596224487 -0.749297202 -0.288218766
vn -0.891958773 -0.0300760511 0.451115221
vn -0.968737721 -0.236573264 -0.0747014806
vn -0.921105742 -0.241427481 -0.305412918
vn -0.905391872 0.319927275 0.27912733
vn -0.64505744 0.365601331 0.670996606
vn -0.45298034 0.341807127 0.823393464
vn -0.596224487 -0.749297202 -0.288218766
vn -0.660851598 -0.0995087028 0.743890584
vn -0.891958773 -0.0300760511 0.451115221
vn -0.436637253 0.221923038 0.871836007
vn 1.14362467E-06 -0.0780381486 0.996950388
vn -0.436637253 0.221923038 0.871836007
vn -0 0.188231841 0.982124627
vn -2.9325065E-07 0.690911651 -0.722939253
vn 0.337375015 0.754986763 -0.562292635
vn -0 0.188231841 0.982124627
vn -0.436637253 0.221923038 0.871836007
vn -0.891958773 -0.0300760511 0.451115221
vn 0.43507722 0.897239268 -0.07529594
vn 0.314485013 0.418343037 -0.852108121
vn 1.42340156E-07 0.306379855 -0.951909304
vn 0.587321877 0.650855541 -0.481082141
vn 0.504984438 0.861885846 0.0462983586
vn 0.127493694 0.922382057 0.364632219
vn 0.347295731 0.838170409 0.420542508
vn 0.0186414588 0.825643003 0.563884854
vn -0.968737721 -0.236573264 -0.0747014806
vn -0.905391872 0.319927275 0.27912733
vn 0.0144408131 0.731955945 0.681198955
vn 0.327637941 0.69612056 0.638803303
vn -0.102746695 0.685132742 0.721135318
vn -0.64505744 0.365601331 0.670996606
vn -0.0473701246 0.52679044 0.848674238
vn 0.0286961459 0.393368393 0.918933034
vn -0.45298034 0.341807127 0.823393464
vn 0.0184514374 0.299964577 0.953771889
vn -0.273851037 0.27901566 0.920410693
vn 0.00777172577 0.24570933 0.969312429
vn -0.161415726 0.248158023 0.955176711
vn 0.329337239 0.21661514 0.919029355
vn 0.171170294 0.0652199015 0.983080387
vn 0.257872701 0.450561345 0.854690731
vn 0.276813835 0.374946833 0.884753644
vn 0.27685222 0.304767549 0.911301017
vn 0.263828605 0.234356552 0.935666323
vn 0.199150652 0.115837164 0.973098516
vn 0.538316667 0.808304548 -0.238451034
vn 0.651700079 0.728110254 0.212467596
vn 0.0607332401 -0.950262785 -0.305470318
vn 0.0255651344 -0.840193033 -0.541684508
vn 0.820266366 0.391706467 0.416808277
vn 0.106872194 -0.833743751 -0.541710019
vn 0.140752703 -0.96903789 -0.202865034
vn 0.747983932 0.345946372 -0.566428423
vn 0.347295731 0.838170409 0.420542508
vn 0.504984438 0.861885846 0.0462983586
vn 0.327637941 0.69612056 0.638803303
vn -0.102746695 0.685132742 0.721135318
vn 0.55657804 0.589384198 0.585531473
vn 0.137316987 -0.32432884 -0.93592459
vn 0.257872701 0.450561345 0.854690731
vn 0.276813835 0.374946833 0.884753644
vn 0.0661366805 -0.43052575 -0.900151968
vn 0.27685222 0.304767549 0.911301017
vn 0.135751858 -0.329274088 -0.934424937
vn 0.263828605 0.234356552 0.935666323
vn 0.306534916 -0.317902446 -0.897203684
vn 0.354349792 -0.459286183 -0.8145504
vn 0.199150652 0.115837164 0.973098516
vn 0.171170294 0.0652199015 0.983080387
vn 0.492952526 0.0473625921 0.868766129
vn 0.329337239 0.21661514 0.919029355
vn 0.707083941 0.18829605 0.681598783
vn 0.84335959 0.142192572 0.518194854
vn 0.913572192 0.049685549 0.403629929
vn 0.932168067 0.329360187 0.150281489
vn 0.314485013 0.418343037 -0.852108121
vn 1.42340156E-07 0.306379855 -0.951909304
vn 0.0814235285 -0.987960577 -0.131545037
vn 1.0964053E-06 -0.969464242 0.245232701
vn 0.587321877 0.650855541 -0.481082141
vn 0.189049542 0.196572512 -0.962091208
vn 2.26420298E-06 -0.376910836 -0.926249504
vn 0.916811943 -0.221257851 0.332416564
vn 0.972938716 -0.206140369 -0.104386374
vn 0.731431067 -0.26538524 -0.62815547
vn 0.619080603 -0.301631838 -0.725091398
vn 0.617330968 -0.26153174 -0.741959274
vn 0.617732346 -0.191138789 0.76280576
vn 0.21837306 -0.0822676346 0.972391486
vn 5.60566207E-07 -0.0533673018 0.998574913
vn -0.68464762 0.180238709 0.706237674
vn -0.919805706 0.0961635336 0.380407721
vn -0.554619014 0.135280117 0.821034133
vn -0.622856498 0.0276408885 0.781847656
vn -0.994894087 0.100920171 0.000944728206
vn -0.98005712 -0.00587186636 0.19862929
vn -0.955993772 -0.0428886116 -0.290235132
vn -0.998092055 0.0455053076 -0.0417314023
vn -0.934121966 -0.131291121 -0.33193174
vn -0.741127968 -0.0966875404 -0.664365053
vn -0.847303927 -0.46178475 0.262356311
vn -0.42960906 -0.0807912126 -0.899393618
vn -0.429605484 -0.224677861 0.874619365
vn -0.782398701 -0.516417801 -0.348087579
vn -0.604459584 -0.323464215 -0.728010654
vn -0.645332515 -0.149337515 -0.749162376
vn -0.364740789 -0.0421922877 -0.930152714
vn -0.192866474 -0.0588105507 -0.979461014
vn -0.180402473 0.00406256737 -0.983584464
vn -0.146104053 -0.0953018218 -0.984668076
vn -0.253863394 0.0708888099 -0.964638889
vn -0 -0.059589427 -0.998223007
vn 4.5648855E-07 0.00885692239 -0.99996078
vn -0.286567479 0.136395723 -0.948301256
vn -0.173112959 0.138736933 -0.975081503
vn 6.68046084E-07 0.12931253 -0.991603851
vn -0.227927431 0.526743948 -0.818895519
vn -0.323586494 0.528234482 -0.785022378
vn -0.0612919554 0.528809488 -0.846524537
vn -0.0890211761 0.976000547 -0.198741406
vn -0.154753953 0.970256209 -0.186156243
vn -0.0838537216 0.88936317 0.449445933
vn -0.174825728 0.876254499 0.449014574
vn -0.172181934 0.730724275 0.660602331
vn -0.0641802922 0.708744168 0.7025401
vn -0.214096606 0.549638808 0.80750221
vn -0.254819721 0.436812192 0.862706184
vn -0.151610047 0.321863621 0.934568465
vn -0.022356743 0.68107307 0.731874108
vn -0.0696244091 0.901859879 0.426381528
vn -0.232752994 0.969871521 -0.0719392523
vn -0.556571841 0.589387417 0.585534155
vn -0.932159305 0.329372257 0.150309518
vn -0.820250273 0.391719788 0.41682741
vn -0.65168184 0.728118539 0.212495044
vn -0.538306773 0.808311343 -0.238450438
vn -0.275421888 0.426514566 -0.861526668
vn -0 0.289138824 -0.957287192
vn -0.189047754 0.196569964 -0.962092102
vn 2.26420298E-06 -0.376910836 -0.926249504
vn -0.747992098 0.34595117 -0.566414714
vn 0.731791377 -0.369798243 -0.572477579
vn 0.731431067 -0.26538524 -0.62815547
vn 0.619080603 -0.301631838 -0.725091398
vn 0.773769975 -0.352079451 -0.526611924
vn 0.617330968 -0.26153174 -0.741959274
vn 0.857969046 -0.280088633 -0.43062681
vn -0.622856498 0.0276408885 0.781847656
vn -0.350325763 0.330717176 0.876297891
vn -0.554619014 0.135280117 0.821034133
vn -0.254819721 0.436812192 0.862706184
vn -0.214096606 0.549638808 0.80750221
vn -0.103588074 0.0325144157 -0.99408865
vn -0.00715099042 -0.288298577 -0.957513809
vn -0.255763203 -0.419829369 -0.870820582
vn -0.03493765 0.502785444 -0.86370492
vn 0.0644016415 0.282920748 0.956978738
vn 0.047143843 -0.104924463 0.993362129
vn -0.0097100772 -0.0483431891 0.998783588
vn 0.0493258312 0.193499386 0.97985965
vn 0.0661061853 -0.0341215357 0.99722898
vn 0.0596275367 0.704668701 0.707026541
vn 0.0105400039 0.671508253 0.740922093
vn -0.0405657887 0.194643274 0.980034888
vn 0.0583589673 0.725048125 0.686221063
vn -0.0339024141 0.941314161 0.335824788
vn 0.0292901956 0.957792938 0.28596279
vn 0.011521236 0.969221354 0.245921224
vn -0.0261981618 0.971045434 -0.237454087
vn -0.0290371794 0.976210356 -0.214872584
vn -0.0502220131 0.977346957 -0.205598339
vn -0.0320923813 0.531110585 -0.846694529
vn -0.03493765 0.502785444 -0.86370492
vn -0.0217903648 0.50899744 -0.86049217
vn -0.103588074 0.0325144157 -0.99408865
vn -0.0212510359 -0.00171310792 -0.999772668
vn 0.0465472713 0.000546607305 -0.99891597
vn -0.255763203 -0.419829369 -0.870820582
vn 0.125092611 -0.42263341 -0.897626221
vn -0.0212900769 -0.510711968 -0.859488249
vn 0.125092611 -0.42263341 -0.897626221
vn -0.105866045 -0.244000554 -0.963979304
vn 0.0465472713 0.000546607305 -0.99891597
vn -0.707087219 0.188294396 0.681595802
vn -0.492966592 0.0473511852 0.868758798
vn -0.843363822 0.142190054 0.518188536
vn -0.329344183 0.216613814 0.91902715
vn 0.27383545 0.279019356 0.920414209
vn 0.453422159 0.341658533 0.823211908
vn 0.999105275 -0.0393613167 0.0154684372
vn 0.926088691 -0.235247597 -0.294988573
vn 0.905005336 0.320929825 0.279229999
vn 0.705317318 -0.408201694 -0.57956779
vn 0.438286692 -0.713867188 -0.546167076
vn 0.968737304 -0.2365731 -0.0747072771
vn 0.596221983 -0.749297917 -0.288221955
vn 0.891955674 -0.0300797336 0.451121032
vn -0.350325763 0.330717176 0.876297891
vn -0.913577378 0.0496723652 0.403619826
vn -0.554619014 0.135280117 0.821034133
vn -0.843363822 0.142190054 0.518188536
vn -0.932159305 0.329372257 0.150309518
vn -0.214096606 0.549638808 0.80750221
vn 0.926088691 -0.235247597 -0.294988573
vn 0.649224043 0.36382252 0.667938113
vn 0.905005336 0.320929825 0.279229999
vn 0.453422159 0.341658533 0.823211908
vn 0.596221983 -0.749297917 -0.288221955
vn 0.891955674 -0.0300797336 0.451121032
vn 0.660850465 -0.0995124429 0.74389112
vn 0.436644495 0.221916124 0.871834159
vn 1.14362467E-06 -0.0780381486 0.996950388
vn 0.436644495 0.221916124 0.871834159
vn -0 0.188231841 0.982124627
vn -2.9325065E-07 0.690911651 -0.722939253
vn -0 0.188231841 0.982124627
vn -0.337376803 0.754986703 -0.562291682
vn 0.436644495 0.221916124 0.871834159
vn 0.891955674 -0.0300797336 0.451121032
vn -0.435081482 0.89723748 -0.0752926767
vn -0.314485818 0.418340951 -0.852108836
vn 1.42340156E-07 0.306379855 -0.951909304
vn -0.587321758 0.65085268 -0.481086135
vn -0.504990757 0.86188221 0.0462965369
vn -0.127494678 0.922381282 0.364633858
vn -0.3472974 0.838171184 0.420539737
vn -0.0186452549 0.825644195 0.563883007
vn 0.968737304 -0.2365731 -0.0747072771
vn 0.905005336 0.320929825 0.279229999
vn -0.0144437589 0.731952965 0.681201994
vn -0.327646464 0.69611764 0.638801992
vn 0.10274107 0.685135126 0.721133947
vn 0.649224043 0.36382252 0.667938113
vn 0.0473697297 0.526793242 0.848672569
vn -0.02869373 0.393368691 0.918932974
vn 0.453422159 0.341658533 0.823211908
vn -0.0184512492 0.299963504 0.953772187
vn 0.27383545 0.279019356 0.920414209
vn -0.007770414 0.245710999 0.969311953
vn 0.161412597 0.248161092 0.955176473
vn -0.329344183 0.216613814 0.91902715
vn -0.171170309 0.0652239472 0.983080149
vn -0.257866919 0.450562477 0.854691803
vn -0.276812434 0.374950171 0.884752631
vn -0.27684769 0.304766357 0.911302865
vn -0.26382038 0.234356701 0.935668588
vn -0.199144334 0.11584308 0.973099113
vn -0.0255602859 -0.840195656 -0.541680694
vn -0.65168184 0.728118539 0.212495044
vn -0.0607514828 -0.950261295 -0.30547142
vn -0.538306773 0.808311343 -0.238450438
vn -0.820250273 0.391719788 0.41682741
vn -0.106870227 -0.833744824 -0.541708589
vn -0.140746072 -0.969034553 -0.202885717
vn -0.747992098 0.34595117 -0.566414714
vn -0.3472974 0.838171184 0.420539737
vn -0.504990757 0.86188221 0.0462965369
vn -0.327646464 0.69611764 0.638801992
vn 0.10274107 0.685135126 0.721133947
vn -0.556571841 0.589387417 0.585534155
vn -0.13731046 -0.324337214 -0.935922623
vn -0.257866919 0.450562477 0.854691803
vn -0.276812434 0.374950171 0.884752631
vn -0.0661414713 -0.430526406 -0.900151253
vn -0.27684769 0.304766357 0.911302865
vn -0.135757521 -0.329272151 -0.934424818
vn -0.26382038 0.234356701 0.935668588
vn -0.306528538 -0.317902267 -0.897205889
vn -0.354358256 -0.459286451 -0.814546585
vn -0.199144334 0.11584308 0.973099113
vn -0.171170309 0.0652239472 0.983080149
vn -0.492966592 0.0473511852 0.868758798
vn -0.329344183 0.216613814 0.91902715
vn -0.707087219 0.188294396 0.681595802
vn -0.843363822 0.142190054 0.518188536
vn -0.913577378 0.0496723652 0.403619826
vn -0.932159305 0.329372257 0.150309518
vn -0.314485818 0.418340951 -0.852108836
vn -0.0814250857 -0.98796159 -0.131536797
vn 1.42340156E-07 0.306379855 -0.951909304
vn 1.0964053E-06 -0.969464242 0.245232701
vn -0.587321758 0.65085268 -0.481086135
vn -0.189047754 0.196569964 -0.962092102
vn 2.26420298E-06 -0.376910836 -0.926249504
vn -0.314093411 0.181991398 -0.931785643
vn -0.343443006 0.18611744 -0.920547247
vn -0.671866238 0.197531268 -0.713846684
vn -0.685204923 0.194929883 -0.701780975
vn -0.0184959751 0.163736582 -0.986330688
vn -0.00117684412 0.160778344 -0.986989856
vn -0.933154941 0.204450384 -0.29567197
vn -0.93925333 0.196669281 -0.281290442
vn -0.910957336 0.159723341 0.380322546
vn -0.90413934 0.152193561 0.399210632
vn -0.544871986 0.0735644549 0.835286021
vn -0.539050043 0.0793457106 0.838528037
vn -0.23051551 0.0126114972 0.972986937
vn -0.223968372 0.0116355484 0.974526942
vn -0.016535569 0.0189939514 0.999682903
vn 0.00625998061 0.0213195831 0.999753118
vn 0.22107771 0.0189382508 0.975072265
vn 0.23687467 0.0237369593 0.971250176
vn 0.491648078 0.0734537616 0.867690444
vn 0.567755699 0.0897000283 0.818295419
vn 0.895876169 0.153680518 0.416879028
vn 0.922702551 0.159829453 0.350819796
vn 0.938543677 0.205594182 -0.277248532
vn 0.938059211 0.207926378 -0.277148902
vn 0.684677243 0.204163283 -0.699667335
vn 0.662738919 0.19994159 -0.721665084
vn 0.325737715 0.179339707 -0.928295314
vn 0.292566121 0.17220746 -0.940611303
vn -0.00117684412 0.160778344 -0.986989856
vn -0.0184959751 0.163736582 -0.986330688
vn -0.170687869 0.0647736043 -0.983193815
vn -0.247199133 0.123897173 -0.961010933
vn -0.565167725 0.308695138 -0.765044212
vn -0.654015183 0.291728914 -0.697967291
vn -0.273275137 0.133780703 -0.952587783
vn -0.904411197 0.288771421 -0.314088374
vn -0.930815339 0.270121038 -0.24620612
vn -0.67728132 0.238216951 -0.696091056
vn -0.00294062332 0.0250261035 -0.999682486
vn -0.0142284008 0.0394911021 -0.999118626
vn 0.170614645 0.0648134574 -0.983203888
vn 0.238607645 0.104742005 -0.965450943
vn 0.276428044 0.110666722 -0.954641521
vn 0.607428849 0.318297297 -0.727816582
vn 0.607309759 0.344399959 -0.715935409
vn 0.82966733 0.463006705 -0.311892599
vn 0.541820467 0.281117618 -0.792088032
vn 0.846376836 0.49440968 -0.198003605
vn 0.843630254 0.316260725 0.433897585
vn -0.360473663 0.215451688 -0.907545745
vn 0.855890632 0.321801633 0.404839337
vn 0.500233173 0.264770478 0.824416995
vn 0.59192729 0.242202222 0.768739343
vn 0.193881005 0.195879996 0.96127063
vn 0.17378819 0.148957789 0.97345221
vn 0.048642002 0.0641677231 0.996752918
vn -0.0134513164 0.0620126389 0.997984707
vn -0.0468883589 0.0625652224 0.996938884
vn -0.177229509 0.142234355 0.973837316
vn -0.194936186 0.151661128 0.969019532
vn -0.530376256 0.198100671 0.824291885
vn -0.615770936 0.186709955 0.765483856
vn -0.886808217 0.21290639 0.410173237
vn -0.891724348 0.186407328 0.412407488
vn -0.930815339 0.270121038 -0.24620612
vn -0.904411197 0.288771421 -0.314088374
vn -0.236671433 0.0584166124 -0.969832003
vn -1.64757012E-07 0.0463006571 -0.998927534
vn -0.227108985 -0.00219197455 -0.97386688
vn -8.96033612E-07 -0.0301811378 -0.999544442
vn -0.641689241 0.0679418445 -0.763949513
vn -0.649927437 0.105899304 -0.752581954
vn -0.927900791 0.0839052945 -0.36326313
vn -0.921481431 0.13642326 -0.363676578
vn -6.5295751E-07 0.12798439 -0.991776168
vn -0.247603044 0.138092637 -0.958969891
vn -0.0113926288 0.26547721 -0.964049816
vn -0.248974293 0.242325544 -0.937704682
vn -0.643033028 0.159904748 -0.748958588
vn -0.649919808 0.20603478 -0.73154211
vn -0.938566566 0.165021166 -0.303085387
vn -0.929558575 0.2060467 -0.305721432
vn -0.668501079 0.194151953 -0.717921555
vn -0.927864015 0.212008953 -0.306790799
vn -0.29832387 0.264714807 -0.917021751
vn -0.0285207611 0.28069222 -0.959374011
vn -0.298526406 0.250963241 -0.920814514
vn -0.00812461413 0.137214348 -0.99050802
vn -0.641174018 0.206385151 -0.739121795
vn -0.0015692591 0.528086424 0.849189222
vn 0.0156322531 0.656247735 0.754383564
vn -3.44745877E-06 0.611963093 0.790886343
vn -0.0399964526 0.638694167 0.768420517
vn 0.0436872542 0.530790448 0.846376359
vn 0.0269795302 0.660354197 0.750469506
vn -0.000602499756 0.374185443 0.92735368
vn -0.00532779982 0.327104181 0.94497329
vn -0 0.125764623 0.992060065
vn -0.179401562 0.103605777 0.978305101
vn -0.229395717 0.0580091886 0.971603096
vn 6.93992888E-07 0.067165114 0.997741878
vn -0.570419133 0.0670075193 0.818615913
vn -0.606814027 0.0388710015 0.793892801
vn -0.973079562 0.0863479376 0.213682413
vn -0.99228406 0.0816598386 0.0932954177
vn -0.921481431 0.13642326 -0.363676578
vn -0.927900791 0.0839052945 -0.36326313
vn -0.938566566 0.165021166 -0.303085387
vn -0.934533 0.101066329 0.341223776
vn -0.929558575 0.2060467 -0.305721432
vn -0.908387721 0.173239827 0.380551964
vn -0.589619935 0.0728532523 0.804388404
vn -0.620932579 0.0388900489 0.782898724
vn -0.236806005 0.0154754193 0.971433699
vn -0.234392151 0.000664794177 0.972141922
vn -0.00182192435 0.00089221797 0.999997914
vn 1.28262559E-06 0.0185684692 0.999827623
vn 0.236804709 0.0154752005 0.971434057
vn 0.236552104 -0.00103726366 0.971618235
vn 0.587998569 0.0692248866 0.805894256
vn 0.62092948 0.0388877206 0.782901287
vn 0.934532642 0.101064347 0.341225386
vn 0.909658968 0.171441585 0.378323078
vn 0.930602908 0.207687855 -0.301403314
vn 0.938566267 0.165022209 -0.303085893
vn 0.973079443 0.0863493979 0.213682234
vn 0.921481073 0.136426732 -0.36367622
vn 0.99228251 0.0816727057 0.0933002606
vn 0.570420861 0.0670133829 0.818614185
vn 0.606810093 0.0388746411 0.793895602
vn 0.931734443 0.0757458881 -0.355152816
vn 0.229395628 0.0580089949 0.971603096
vn 0.179401219 0.103605896 0.978305161
vn 0.910410285 0.154847875 0.38363421
vn 0.936296105 0.199609146 -0.288973778
vn 0.922139704 0.142012298 0.35984835
vn 0.590659261 0.0814678371 0.802797973
vn 0.562632978 0.0763299167 0.82317549
vn 0.242248401 0.00914354995 0.970171154
vn 0.226465538 0.00678013451 0.973995626
vn 0.941096008 0.183173746 -0.284228265
vn 0.00051765074 0.00111191999 0.999999225
vn -0.221639916 -5.29201861E-05 0.975128591
vn -0.572799206 0.0720265508 0.816525042
vn -0.911731064 0.170563757 0.373703718
vn -0.927864015 0.212008953 -0.306790799
vn -8.96033612E-07 -0.0301811378 -0.999544442
vn -1.64757012E-07 0.0463006571 -0.998927534
vn 0.244485855 0.000516208936 -0.969652712
vn 0.24035579 0.0607301258 -0.968783259
vn 0.655263364 0.05993459 -0.753019094
vn 0.645731628 0.105413936 -0.756252944
vn 0.931734443 0.0757458881 -0.355152816
vn 0.921481073 0.136426732 -0.36367622
vn -6.5295751E-07 0.12798439 -0.991776168
vn 0.24760209 0.138093606 -0.958969951
vn -0.0113926288 0.26547721 -0.964049816
vn 0.27113685 0.260910332 -0.926504493
vn 0.643032968 0.159905747 -0.748958409
vn 0.643900931 0.204207093 -0.737354159
vn 0.938566267 0.165022209 -0.303085893
vn 0.930602908 0.207687855 -0.301403314
vn -0.0285207611 0.28069222 -0.959374011
vn 0.313039601 0.26561296 -0.911842108
vn -0.00812461413 0.137214348 -0.99050802
vn 0.34582144 0.150703341 -0.926118791
vn 0.669429362 0.21911785 -0.709825099
vn 0.693106711 0.1907866 -0.6951285
vn 0.936296105 0.199609146 -0.288973778
vn 0.941096008 0.183173746 -0.284228265
vn -0.0193292163 0.658913016 0.751970708
vn 0.0399990305 0.638701737 0.768414021
vn -0.0468407311 0.530608654 0.846321702
vn -0.0338127688 0.66217792 0.748583436
vn 0.00544333039 0.324945152 0.945717216
vn -0.0284151621 -0.890308201 0.454470992
vn 0.00234221993 -0.922214448 0.386671633
vn -1.14502598E-06 -0.99458909 0.103886969
vn 0.0585008077 -0.982469976 0.177003965
vn 0.0284130834 -0.89030683 0.454473794
vn 0.0360142104 -0.979123533 -0.200049952
vn -0.0184073858 -0.920499444 -0.390310049
vn -0.0768517032 -0.893154204 -0.443135858
vn -0.0697040185 -0.881910384 -0.466235429
vn 0.0697078034 -0.881910801 -0.466233999
vn -1.14502598E-06 -0.99458909 0.103886969
vn -0.00234287418 -0.922214687 0.386671275
vn 0.0284130834 -0.89030683 0.454473794
vn -0.058503665 -0.982470036 0.177002445
vn -0.0360159427 -0.979123831 -0.200048476
vn 0.0184048917 -0.92050004 -0.390308857
vn 0.0768473297 -0.893156707 -0.443131655
vn 0.0697078034 -0.881910801 -0.466233999
vn -0.164026543 -0.986348867 -0.0145333773
vn -0.164022803 -0.986349404 -0.0145370485
vn -0.164024293 -0.986349165 -0.014535022
vn -0.164021596 -0.986349642 -0.0145375421
vn -0.164023131 -0.986349344 -0.014536066
vn -0.164022908 -0.986349404 -0.0145354066
vn -0.879460633 0.152893811 -0.450746626
vn -0.879461944 0.152895182 -0.450743675
vn -0.87946105 0.152894244 -0.450745642
vn -0.879462481 0.152895838 -0.450742215
vn -0.879462361 0.152892232 -0.450743735
vn -0.879462481 0.152892262 -0.450743526
vn -0.879462957 0.152892381 -0.450742483
vn 0.446816266 -0.0611477606 -0.892533541
vn 0.446815342 -0.0611469597 -0.892534137
vn 0.776273608 -0.119968519 -0.618875444
vn 0.803250849 -0.124991298 -0.582378924
vn 0.446816146 -0.0611478537 -0.8925336
vn 0.446817845 -0.0611488558 -0.892532647
vn 0.879460454 -0.152891323 0.450747728
vn 0.879460692 -0.152892098 0.450746983
vn 0.879460633 -0.152891994 0.450747162
vn 0.87946105 -0.152893275 0.45074594
vn 0.776273608 -0.119968519 -0.618875444
vn 0.803250849 -0.124991298 -0.582378924
vn 0.879460752 -0.152894825 0.45074591
vn 0.879463196 -0.152892992 0.450741768
vn 0.164032325 0.986347675 0.0145462872
vn 0.164032459 0.986347675 0.0145438537
vn 0.164030939 0.986347973 0.0145424129
vn 0.164031371 0.986347914 0.0145417545
vn 0.164034292 0.986347497 0.0145403026
vn 0.164034113 0.986347556 0.0145360986
vn -0.449592352 0.0540952943 0.891594291
vn -0.449579626 0.0540959649 0.891600668
vn -0.444190204 0.0575168282 0.894084334
vn -0.442000628 0.0603151247 0.894984663
vn -0.448989183 0.0583632924 0.8916291
vn -0.446816117 0.061151512 0.892533362
vn 0.442000985 -0.0603156202 -0.894984484
vn 0.450347245 -0.0506698973 -0.891414583
vn 0.443797857 -0.0572899133 -0.894293785
vn 0.450363755 -0.0506695695 -0.891406238
vn 0.448597938 -0.0581376404 -0.891840756
vn 0.446813524 -0.0611516275 -0.892534733
vn -0.302630454 0.0614585392 -0.95112443
vn -0.302735388 0.0615086146 -0.951087773
vn -0.302653819 0.0614696816 -0.951116264
vn -0.302758753 0.0615197681 -0.951079667
vn -0.937311471 0.161382437 0.308873624
vn -0.937355816 0.161356464 0.308752477
vn -0.937321365 0.161376655 0.308846682
vn -0.93736577 0.161350682 0.308725506
vn 0.302705914 -0.061520569 0.951096416
vn 0.302754849 -0.061514575 0.951081216
vn 0.302716821 -0.0615192428 0.951093018
vn 0.302765757 -0.0615132414 0.951077819
vn 0.937373459 -0.161366418 -0.308693796
vn 0.937353849 -0.161339179 -0.308767498
vn 0.937369108 -0.161360368 -0.308710217
vn 0.937349558 -0.161333099 -0.308783919
vn -0.172491491 -0.984973013 -0.0086514838
vn -0.172507316 -0.984970689 -0.00860045198
vn -0.172507331 -0.984970689 -0.00860045664
vn -0.172523111 -0.984968364 -0.00854943227
vn -0.148753434 -0.987411499 0.0537678078
vn -0.148684144 -0.987429738 0.0536239743
vn -0.148684129 -0.987429738 0.053623978
vn -0.148614869 -0.987447977 0.0534801409
vn 0.177750096 0.983830273 0.0219748598
vn 0.177740633 0.983831584 0.0219931863
vn 0.177741721 0.983831465 0.0219911151
vn 0.177732721 0.983832657 0.0220084954
vn 0.876648784 -0.0855257362 0.473468274
vn -0.499021202 0.145554051 0.854278505
vn 0.90011251 0.0382792428 0.433972657
vn -0.561304569 0.282633007 0.77785331
vn -0.853528559 0.210682452 -0.47655198
vn -0.839244008 0.346986175 -0.418652683
vn 0.408524513 0.129975989 -0.903445601
vn 0.493706375 -0.0168723203 -0.869464993
vn 0.493706375 -0.0168723203 -0.869464993
vn 0.408524513 0.129975989 -0.903445601
vn -0.876570165 0.084573254 -0.473784804
vn 0.424630165 -0.138434961 -0.894720614
vn -0.83627969 -0.0295317303 -0.547507226
vn -0.483546495 -0.106086858 0.868866146
vn -0.454345554 -0.0165214613 0.890672326
vn 0.874031842 -0.244405106 0.419922054
vn 0.885740459 -0.348501652 0.30661121
vn 0.383743972 -0.249867857 -0.888991892
vn 0.424630165 -0.138434961 -0.894720614
vn 0.383743972 -0.249867857 -0.888991892
vn -0.17233108 -0.984997988 -0.00899292529
vn -0.172389567 -0.984988749 -0.00889324583
vn -0.172389567 -0.984988749 -0.0088932449
vn -0.172389567 -0.984988749 -0.00889324583
vn -0.172448054 -0.984979391 -0.0087935701
vn -0.172389567 -0.984988749 -0.0088932449
vn 0.172462761 0.984976292 0.00884836633
vn 0.172471434 0.984974742 0.00885059685
vn 0.172471434 0.984974742 0.00885059778
vn 0.172471434 0.984974742 0.00885059685
vn 0.172480151 0.984973252 0.00885283016
vn 0.172471434 0.984974742 0.00885059778
vn -0.536288738 -0.259862214 0.803035498
vn -0.661712229 -0.229313821 0.71382916
vn -0.852174342 -0.193012193 -0.48635909
vn -0.762671292 -0.199757889 -0.615166008
vn 0.418411821 -0.412567049 -0.809147716
vn 0.546604931 -0.428060949 -0.719713092
vn 0.647504389 -0.457616836 0.60936439
vn 0.734455287 -0.4794797 0.480285943
vn 0.546604931 -0.428060949 -0.719713092
vn 0.418411821 -0.412567049 -0.809147716
vn 0.876855671 -0.15759185 0.454190433
vn 0.876872957 -0.157577157 0.454162121
vn 0.448754072 -0.070598647 -0.890862226
vn 0.448760927 -0.0705975443 -0.890858948
vn -0.448801994 0.0706098825 0.890837252
vn -0.448761255 0.0706227422 0.890856743
vn 0.876855671 -0.15759185 0.454190433
vn 0.876872957 -0.157577157 0.454162121
vn -0.876825929 0.157574669 -0.454253733
vn -0.876826644 0.157579795 -0.454250604
vn -0.448801994 0.0706098825 0.890837252
vn -0.448761255 0.0706227422 0.890856743
vn 0.448754072 -0.070598647 -0.890862226
vn 0.448760927 -0.0705975443 -0.890858948
vn -0.876825929 0.157574669 -0.454253733
vn -0.876826644 0.157579795 -0.454250604
vn 0.448800534 -0.0706029087 -0.890838504
vn 0.448765546 -0.0706061274 -0.890855908
vn -0.876867533 0.157586932 -0.454169244
vn -0.876847863 0.157581225 -0.454209179
vn -0.448721021 0.0705961436 0.890879154
vn -0.448754609 0.0706027374 0.89086169
vn 0.876855969 -0.15757589 0.454195291
vn 0.876842916 -0.157580167 0.454219073
vn 0.448800534 -0.0706029087 -0.890838504
vn 0.448765546 -0.0706061274 -0.890855908
vn -0.172467828 -0.984976172 -0.00875934213
vn -0.172482535 -0.98497355 -0.00876536779
vn -0.17248255 -0.98497355 -0.00876536779
vn -0.172497243 -0.984970927 -0.00877139252
vn 0.172514707 0.984967291 0.00883871038
vn 0.172445193 0.984979749 0.00880641211
vn 0.172445223 0.984979749 0.00880641304
vn 0.172445193 0.984979749 0.00880641211
vn 0.172375724 0.984992206 0.00877411664
vn 0.172445223 0.984979749 0.00880641304
vn -0.0752829537 0.888101339 0.453440756
vn -0.289439589 0.931682348 -0.219528541
vn 0.172405705 0.984985888 0.00889241695
vn 0.876855552 -0.157574296 0.454196692
vn 0.876867473 -0.157584459 0.454170108
vn 0.448758811 -0.0706020743 -0.890859604
vn 0.448784918 -0.0706124902 -0.890845656
vn -0.448759079 0.0706025288 0.890859485
vn -0.448755503 0.0706057027 0.890861034
vn -0.876819491 0.157574505 -0.454266191
vn -0.876838148 0.157578662 -0.454228759
vn 0.448784918 -0.0706124902 -0.890845656
vn 0.448758811 -0.0706020743 -0.890859604
vn 0.58796984 0.773991346 0.23500821
vn 0.172405705 0.984985888 0.00889241695
vn 0.373838365 0.817524016 -0.438063174
vn 0.172405705 0.984985888 0.00889241695
vn -0.289439589 0.931682348 -0.219528541
vn 0.373838365 0.817524016 -0.438063174
vn 0.58796984 0.773991346 0.23500821
vn -0.0752829537 0.888101339 0.453440756
vn 0.172405705 0.984985888 0.00889241695
vn 0.448738962 -0.0705966875 -0.890870035
vn 0.448735982 -0.0705863833 -0.890872359
vn -0.876850426 0.157576799 -0.454205662
vn -0.876850426 0.157583922 -0.454203367
vn -0.876850426 0.157576799 -0.454205662
vn -0.876850426 0.157583922 -0.454203367
vn -0.448790669 0.0706038848 0.890843391
vn -0.448760182 0.0706035867 0.890858829
vn -0.448790669 0.0706038848 0.890843391
vn -0.448760182 0.0706035867 0.890858829
vn 0.876847208 -0.157596782 0.454205096
vn 0.87684989 -0.157589406 0.454202384
vn 0.876847208 -0.157596782 0.454205096
vn 0.87684989 -0.157589406 0.454202384
vn 0.448738962 -0.0705966875 -0.890870035
vn 0.448735982 -0.0705863833 -0.890872359
vn 0.172454014 0.984978318 0.00879391748
vn 0.172471181 0.984975278 0.0088006584
vn 0.172471136 0.984975278 0.00880065747
vn 0.172488302 0.984972179 0.00880739838
vn -0.17239514 -0.984988928 -0.00875593256
vn -0.172429368 -0.984982789 -0.00877480675
vn -0.172429383 -0.984982789 -0.00877480675
vn -0.172463581 -0.984976649 -0.00879368
vn 0.44873479 -0.0706800148 -0.890865564
vn 0.448774576 -0.0706728697 -0.890846074
vn -0.876838863 0.157550216 -0.454237252
vn -0.876875997 0.15755631 -0.454163551
vn -0.448724657 0.070595786 0.890877366
vn -0.448816746 0.0705985576 0.890830755
vn 0.876797318 -0.157651067 0.454282612
vn 0.876826763 -0.157655478 0.45422408
vn 0.44873479 -0.0706800148 -0.890865564
vn 0.448774576 -0.0706728697 -0.890846074
vn 0.172454059 0.984978676 0.00875184778
vn 0.172467262 0.984976292 0.00875702966
vn 0.172467262 0.984976292 0.00875702966
vn 0.172480479 0.984973967 0.00876221061
vn -0.172547832 -0.98496151 -0.00883489661
vn -0.172455639 -0.98497808 -0.00878687296
vn -0.172455683 -0.98497808 -0.00878687203
vn -0.172363505 -0.98499465 -0.00873884279
vn 0.44874233 -0.0706032291 -0.890867889
vn 0.461257875 -0.0420828536 -0.886267543
vn -0.876847088 0.157577559 -0.45421201
vn -0.867357016 0.186728492 -0.461328775
vn -0.448771149 0.0706022605 0.890853405
vn -0.450834155 0.10174413 0.886790097
vn 0.876856208 -0.157585487 0.454191595
vn 0.877802134 -0.127071261 0.461861849
vn 0.44874233 -0.0706032291 -0.890867889
vn 0.461257875 -0.0420828536 -0.886267543
vn -0.172389239 -0.984989047 -0.00886265188
vn -0.172444552 -0.984980404 -0.00874488521
vn -0.172444552 -0.984980404 -0.00874488894
vn -0.172499955 -0.984971762 -0.00862712413
vn -0.548024178 -0.423985213 0.721045077
vn -0.676090181 -0.38667509 0.627203584
vn -0.801183999 -0.369016588 -0.471095532
vn -0.705962777 -0.370433062 -0.60365212
vn 0.3736462 -0.572364569 -0.729922771
vn 0.506439447 -0.582399189 -0.635869682
vn 0.53631705 -0.598651052 0.594963014
vn 0.626716971 -0.627345443 0.462237418
vn 0.506439447 -0.582399189 -0.635869682
vn 0.3736462 -0.572364569 -0.729922771
vn 0.461257875 -0.0420828536 -0.886267543
vn 0.877802134 -0.127071261 0.461861849
vn 0.553146482 0.13848269 -0.821493447
vn 0.84908998 0.0746598765 0.522945642
vn -0.450834155 0.10174413 0.886790097
vn -0.475729138 0.303897649 0.825425923
vn -0.867357016 0.186728492 -0.461328775
vn -0.77167201 0.367719859 -0.518945396
vn 0.461257875 -0.0420828536 -0.886267543
vn 0.553146482 0.13848269 -0.821493447
vn 0.448735237 -0.0705996677 -0.890871704
vn 0.448743701 -0.0706039295 -0.890867114
vn -0.87686193 0.157583088 -0.454181343
vn -0.876869023 0.15758048 -0.454168618
vn -0.448794633 0.0706052706 0.890841305
vn -0.448797584 0.0706050843 0.890839815
vn 0.876859844 -0.157588407 0.454183519
vn 0.876852751 -0.157586977 0.454197645
vn 0.448735237 -0.0705996677 -0.890871704
vn 0.448743701 -0.0706039295 -0.890867114
vn -0.172403216 -0.984987438 -0.00877205562
vn -0.172406778 -0.984986842 -0.00876280107
vn -0.172406778 -0.984986842 -0.00876280107
vn -0.172410369 -0.984986305 -0.00875354651
vn 0.448801517 -0.0706092864 -0.890837491
vn 0.448827088 -0.0706233457 -0.890823543
vn -0.876840115 0.157574251 -0.454226553
vn -0.876802325 0.157549366 -0.454308212
vn -0.448809654 0.0706003755 0.890834153
vn -0.448697627 0.0705697685 0.890892982
vn 0.87691009 -0.157594785 0.454084367
vn 0.876855671 -0.157587156 0.454192072
vn 0.448801517 -0.0706092864 -0.890837491
vn 0.448827088 -0.0706233457 -0.890823543
vn -0.172688529 -0.984940886 -0.00837480277
vn -0.172509626 -0.984969437 -0.00870137755
vn -0.172509626 -0.984969437 -0.00870140642
vn -0.172330722 -0.984997749 -0.00902790762
vn 0.448734164 -0.0705727786 -0.890874326
vn 0.448763907 -0.0705734342 -0.890859365
vn -0.876862884 0.157623574 -0.454165548
vn -0.876847208 0.157602012 -0.454203248
vn -0.448781043 0.0706116632 0.890847683
vn -0.448831409 0.0705931857 0.890823781
vn 0.876836479 -0.157630563 0.454214066
vn 0.876845062 -0.157635584 0.454195768
vn 0.448734164 -0.0705727786 -0.890874326
vn 0.448763907 -0.0705734342 -0.890859365
vn -0.172431827 -0.984982669 -0.00873703323
vn -0.17241098 -0.984986007 -0.00877823029
vn -0.172410965 -0.984986007 -0.00877823308
vn -0.172390118 -0.984989285 -0.00881943014
vn 0.172496706 0.984970629 0.00881907716
vn 0.172467664 0.984975874 0.00880324934
vn 0.172467679 0.984975874 0.00880324747
vn 0.172438607 0.98498106 0.00878741685
vn 0.448764145 -0.0705879629 -0.890858054
vn 0.448793948 -0.0706050023 -0.890841663
vn -0.876841784 0.157597139 -0.454215378
vn -0.876853943 0.157586902 -0.454195499
vn -0.448751003 0.070587188 0.89086473
vn -0.448743045 0.0705921352 0.890868366
vn 0.876856506 -0.157610387 0.454182446
vn 0.876853406 -0.157603085 0.45419088
vn 0.448764145 -0.0705879629 -0.890858054
vn 0.448793948 -0.0706050023 -0.890841663
vn -0.172486737 -0.984972298 -0.00882109441
vn -0.172481969 -0.984973252 -0.00881595444
vn -0.172481969 -0.984973252 -0.00881595351
vn -0.172477201 -0.984974086 -0.00881080981
vn 0.172455609 0.984978139 0.00878636446
vn 0.172447965 0.98497951 0.00877944194
vn 0.172447979 0.98497951 0.00877944194
vn 0.172440365 0.984980941 0.00877251849
vn 0.0195776075 -0.932288826 -0.361184627
vn 0.44870773 -0.070596844 -0.89088577
vn -0.505937815 -0.841801107 -0.188143224
vn -0.876854777 0.157540634 -0.454209834
vn -0.336170852 -0.876324117 0.345029294
vn -0.448816091 0.0706496984 0.890827
vn 0.189226612 -0.966760218 0.171953529
vn 0.876854539 -0.157590553 0.454193085
vn 0.0195776075 -0.932288826 -0.361184627
vn 0.44870773 -0.070596844 -0.89088577
vn -0.336170852 -0.876324117 0.345029294
vn 0.189226612 -0.966760218 0.171953529
vn -0.505937815 -0.841801107 -0.188143224
vn 0.0195776075 -0.932288826 -0.361184627
vn 0.172457725 0.984977365 0.00882783439
vn 0.172494724 0.984970748 0.00884361286
vn 0.172494739 0.984970748 0.00884361379
vn 0.172531769 0.984964132 0.00885939319
vn 0.448755175 -0.070602566 -0.890861452
vn 0.448781073 -0.0706072748 -0.890848041
vn -0.876873672 0.157584414 -0.454158217
vn -0.876865447 0.157581538 -0.454175115
vn -0.448758096 0.0705991313 0.89086026
vn -0.448763251 0.0705985948 0.890857637
vn 0.876831949 -0.15758194 0.454239666
vn 0.876841724 -0.15758346 0.454220235
vn 0.448755175 -0.070602566 -0.890861452
vn 0.448781073 -0.0706072748 -0.890848041
vn -0.172350049 -0.984994769 -0.00899144448
vn -0.172398135 -0.984987259 -0.00888938084
vn -0.17239815 -0.984987259 -0.00888938177
vn -0.172446176 -0.984979749 -0.00878732186
vn 0.399630666 -0.0670573264 0.914220214
vn 0.407596409 -0.0670280382 0.910698891
vn 0.53363508 -0.0890811682 0.841010153
vn 0.50461787 -0.0983192027 0.857726157
vn -0.434093654 0.0909481198 0.89626509
vn -0.448439479 0.0662088916 0.891357601
vn -0.930222154 0.16826126 0.326151699
vn -0.931120098 0.171224356 0.322021037
vn -0.439641267 0.087930426 0.893858969
vn -0.445358604 0.0656535849 0.892941952
vn 0.286834329 -0.0503349714 0.956656873
vn 0.291647822 -0.048560448 0.955292284
vn -0.445462584 0.0888571963 0.890880167
vn -0.449499428 0.0663993806 0.890809357
vn -0.445593357 0.0902503058 0.89067471
vn -0.449497014 0.066399537 0.890810609
vn -0.930156529 0.168772981 0.326074332
vn -0.931168199 0.170627221 0.322198749
vn -0.450882107 0.089774996 0.888057292
vn -0.453317612 0.0670844242 0.888821006
vn 0.287248671 -0.0500361323 0.956548274
vn 0.291074485 -0.049068436 0.955441236
vn -0.450882107 0.089774996 0.888057292
vn -0.453317612 0.0670844242 0.888821006
vn -0.455227047 0.0948981196 0.885303736
vn -0.450569421 0.0665832907 0.890254915
vn -0.961633563 0.177567512 0.209118903
vn -0.963109493 0.179301441 0.200676531
vn -0.981467307 0.183196306 0.0562229715
vn -0.981730878 0.168793574 0.0878247917
vn 0.286798388 -0.0503947809 0.956664562
vn 0.291743636 -0.0484701246 0.955267608
vn -0.439641267 0.087930426 0.893858969
vn -0.445358604 0.0656535849 0.892941952
vn -0.445298642 0.0901967138 0.890827477
vn -0.44948712 0.0663895532 0.890816331
vn -0.930158556 0.168363795 0.326280206
vn -0.931171894 0.171215102 0.321876168
vn -0.445462584 0.0888571963 0.890880167
vn -0.449499428 0.0663993806 0.890809357
vn -0.446816206 0.0611500293 0.892533422
vn -0.446816415 0.0611502379 0.892533302
vn -0.446816444 0.0611501113 0.892533362
vn -0.446817338 0.0611510649 0.892532825
vn -0.44681704 0.0611509122 0.892532945
vn -0.446816206 0.0611500293 0.892533422
vn -0.446816534 0.0611502416 0.892533243
vn -0.446816444 0.0611501113 0.892533362
vn -0.138793796 0.008416567 0.990285516
vn -0.138789356 0.00841760635 0.990286171
vn -0.13879241 0.00841689017 0.990285754
vn -0.138788 0.00841792859 0.99028635
vn 0.141022757 0.984031618 0.108601846
vn 0.146045372 0.982627392 0.114516847
vn 0.146631524 0.982459366 0.115207389
vn 0.150795236 0.981240749 0.120113946
vn -0.985198975 0.166494876 -0.0407731943
vn -0.985279858 0.165257409 -0.0437442437
vn -0.985225558 0.166105583 -0.0417083949
vn -0.985311508 0.164724678 -0.0450219102
vn -0.182905093 -0.975716829 0.120508902
vn -0.178172261 -0.975924253 0.125803322
vn -0.178793877 -0.975899875 0.125108883
vn -0.173230514 -0.976087987 0.131313965
vn 0.975334108 -0.164577261 0.147097826
vn 0.975432634 -0.165148839 0.145797819
vn 0.975586593 -0.166064829 0.143712342
vn 0.975655258 -0.166483074 0.142759219
vn -0.0915553272 -0.490261346 -0.86675334
vn -0.137595043 -0.157659531 -0.977860451
vn -0.0605763756 -0.311875492 -0.948189974
vn -0.383226573 0.0239275973 -0.923344374
vn -0.342322528 -0.0187998749 -0.939394414
vn -0.779137313 0.0784481987 -0.621925175
vn -0.716239333 0.0634180605 -0.694967151
vn -0.228607699 0.00288569578 -0.973514318
vn -0.993621051 0.104307473 0.0428617187
vn -0.99210459 0.124898195 -0.0113500804
vn -0.682051122 0.152218133 -0.715287268
vn -0.994940281 0.0963088274 0.0286087636
vn -0.180051848 0.088472642 -0.979670286
vn 0.400747955 -0.0269047096 -0.91579324
vn 0.420253128 0.0923338011 -0.902696967
vn 0.87406981 -0.0103432462 -0.485690117
vn 0.89618814 -0.00476201065 -0.443648696
vn 0.996120036 -0.0156756584 0.0865980759
vn 0.999552071 -0.0195442941 0.0226639286
vn 0.869199932 -0.0762887672 -0.488540173
vn 0.915040493 -0.40086937 0.0447723046
vn 0.559122562 -0.735075891 -0.383465022
vn 0.282267243 -0.118702978 -0.951963663
vn 0.240484595 -0.680775523 -0.691890061
vn 0.993247271 -0.021964116 0.113918759
vn 0.997435987 -0.0480362512 0.0530474037
vn 0.919224381 -0.0589683317 -0.389293373
vn 0.997584403 -0.0290511996 0.0630975068
vn 0.434717029 0.152525723 -0.887556732
vn -0.18366316 0.155495331 -0.970612764
vn -0.65521878 0.220566958 -0.722522378
vn -0.989202142 0.131542802 -0.0646186918
vn -0.997142255 0.0752416402 0.00677747279
vn -0.739230514 0.073623322 0.66941601
vn -0.711367965 0.084506236 0.697720766
vn -0.731307626 0.0580151938 0.67957592
vn -0.730893016 0.0732897744 0.678545475
vn -0.774970651 0.102391653 0.62364769
vn -0.291249096 0.0443926118 0.955616653
vn -0.181220725 0.0123460656 0.98336494
vn 0.157413855 -0.048052147 0.986362994
vn 0.338692367 -0.0478227586 0.939681053
vn 0.814274728 -0.102982782 0.571271539
vn 0.839425981 -0.0570906624 0.540467083
vn 0.567088068 -0.453877002 0.687318623
vn 0.915040493 -0.40086937 0.0447723046
vn 0.999552071 -0.0195442941 0.0226639286
vn 0.996120036 -0.0156756584 0.0865980759
vn 0.993247271 -0.021964116 0.113918759
vn 0.828021526 -0.0113571621 0.560581267
vn 0.997435987 -0.0480362512 0.0530474037
vn 0.823333979 -0.0229323432 0.56709379
vn 0.997584403 -0.0290511996 0.0630975068
vn 0.819665909 -0.0264917426 0.572228909
vn 0.311397433 -0.036527127 0.949577451
vn 0.353045523 -0.0350223221 0.934950411
vn -0.193042248 -0.02808268 0.980788469
vn -0.195248559 -0.0325619504 0.980213106
vn -0.197978988 0.00203270651 0.980204165
vn 0.391605198 -0.00651436066 0.920110285
vn -0.918129325 0.311232299 -0.245301768
vn -0.582105339 0.215761915 -0.783964336
vn -0.874462247 0.368586838 -0.315372109
vn -0.651209593 0.232758105 -0.722322404
vn -0.794000208 0.196456566 0.575298607
vn -0.719097495 0.140654728 0.680525601
vn -0.338110536 0.0146415457 0.940992534
vn -0.252859831 0.0416695476 0.966605127
vn -0.770145833 0.160377741 -0.617377043
vn -0.985269308 0.17100884 0.000600730593
vn -0.752362549 0.11773967 0.64814198
vn -0.315916449 0.114840187 0.941811264
vn -0.0399857685 -0.134558156 0.990098596
vn -0.231988326 0.100011542 -0.96756351
vn -0.292433351 0.159539297 -0.942883849
vn -0.0992131159 -0.03056941 0.994596541
vn -0.252859831 0.0416695476 0.966605127
vn -0.115090773 -0.036787238 0.992673576
vn -0.338110536 0.0146415457 0.940992534
vn 0.0990370587 -0.0306047853 0.994612992
vn 0.11489594 -0.0368100628 0.992695272
vn 0.252859563 0.0416708365 0.966605186
vn 0.338109255 0.0146422423 0.940992951
vn -0.0399857685 -0.134558156 0.990098596
vn 0.0265287384 -0.257264525 0.965976834
vn 0.0930200368 -0.570248485 0.816188633
vn 0.567088068 -0.453877002 0.687318623
vn -0.55156827 -0.464682668 0.692706525
vn -0.0924901441 -0.570400238 0.816142857
vn 0.0399997011 -0.134434104 0.990114868
vn -0.0265935529 -0.255684674 0.966394424
vn -0.908643305 -0.414141446 0.0534244291
vn 0.915040493 -0.40086937 0.0447723046
vn -0.558699787 -0.73491472 -0.384388924
vn 0.559122562 -0.735075891 -0.383465022
vn -0.0390437357 -0.778352439 -0.626612365
vn 0.0387187377 -0.771914184 -0.634546578
vn 0.0133515 -0.479605675 -0.877382517
vn -0.0130179124 -0.478763491 -0.877847373
vn 0.0185518749 -0.130422339 -0.991284966
vn -0.0179467928 -0.128657937 -0.991526604
vn 0.046050787 0.0574335791 -0.997286677
vn -0.0454337709 0.0569202155 -0.997344375
vn 0.0595580488 0.140853047 -0.988237441
vn -0.0591630526 0.140830845 -0.988264322
vn 0.231987506 0.100011088 -0.967563748
vn 0.292432189 0.159537032 -0.942884564
vn 0.0915479958 -0.49026373 -0.866752803
vn 0.137594119 -0.157659277 -0.97786063
vn -0.240488678 -0.680773199 -0.691890895
vn 0.240484595 -0.680775523 -0.691890061
vn -0.0915553272 -0.490261346 -0.86675334
vn -0.137595043 -0.157659531 -0.977860451
vn -0.231988326 0.100011542 -0.96756351
vn -0.292433351 0.159539297 -0.942883849
vn 0.0915479958 -0.49026373 -0.866752803
vn 0.0605749264 -0.31187588 -0.948189914
vn 0.137594119 -0.157659277 -0.97786063
vn 0.383227348 0.0239290055 -0.923344076
vn 0.342324317 -0.0187993385 -0.939393818
vn -0.282265931 -0.118704148 -0.951963902
vn 0.228605792 0.00288311346 -0.973514855
vn 0.716241121 0.0634176731 -0.694965422
vn 0.180051357 0.0884725377 -0.979670405
vn -0.400747716 -0.0269044004 -0.9157933
vn -0.420250177 0.0923373401 -0.902697921
vn 0.697534204 0.146977127 -0.701315641
vn 0.779138565 0.0784499794 -0.621923447
vn -0.869199038 -0.0762857944 -0.488542259
vn -0.874068797 -0.0103418762 -0.485692054
vn -0.99955231 -0.0195372924 0.0226592701
vn -0.996120036 -0.0156771764 0.0865972415
vn -0.240488678 -0.680773199 -0.691890895
vn -0.558699787 -0.73491472 -0.384388924
vn -0.896188259 -0.00476301508 -0.443648398
vn -0.99324739 -0.0219684206 0.113916628
vn 0.994101524 0.101039141 0.0394099578
vn 0.995325565 0.0861809403 0.0435873307
vn -0.434718996 0.152524799 -0.887555957
vn -0.919224977 -0.0589711107 -0.389291376
vn -0.99743551 -0.0480429977 0.0530500114
vn -0.997583985 -0.0290573183 0.0631016344
vn 0.729678392 0.0736227334 0.679815471
vn 0.774971843 0.102391876 0.6236462
vn 0.99210465 0.124897532 -0.0113521824
vn 0.2912485 0.044393152 0.955616891
vn 0.181219831 0.0123456065 0.983365119
vn -0.157329977 -0.0480999425 0.986374021
vn -0.338692307 -0.0478238761 0.939680994
vn -0.814183295 -0.103321731 0.57134074
vn -0.55156827 -0.464682668 0.692706525
vn 0.0399997011 -0.134434104 0.990114868
vn -0.908643305 -0.414141446 0.0534244291
vn -0.99955231 -0.0195372924 0.0226592701
vn -0.839424193 -0.0570921041 0.540469646
vn -0.996120036 -0.0156771764 0.0865972415
vn -0.99324739 -0.0219684206 0.113916628
vn -0.828020215 -0.011361761 0.560583174
vn -0.99743551 -0.0480429977 0.0530500114
vn -0.823333263 -0.0229363255 0.567094564
vn -0.997583985 -0.0290573183 0.0631016344
vn -0.819666028 -0.0264855307 0.572229028
vn 0.198060349 0.00193867867 0.980187953
vn -0.391602427 -0.0065173856 0.920111418
vn -0.353047371 -0.0350185409 0.934949875
vn -0.311396509 -0.0365239456 0.949577928
vn 0.193094194 -0.028038729 0.980779529
vn 0.195272729 -0.0325044356 0.980210185
vn 0.699744284 0.0824478045 0.70961982
vn 0.726231933 0.0740248188 0.683452606
vn 0.721068263 0.0560767241 0.690591037
vn 0.988550425 0.13917096 -0.0583049841
vn 0.672911823 0.222335726 -0.705518603
vn 0.183663279 0.155496523 -0.970612526
vn 0.995999455 0.0890966356 0.00685133412
vn 0.918129146 0.311230004 -0.245305389
vn 0.874461651 0.36858511 -0.315375686
vn 0.582106054 0.215760276 -0.783964276
vn 0.651209831 0.232755244 -0.72232312
vn 0.794002056 0.196450412 0.57529819
vn 0.719097495 0.140651613 0.680526257
vn 0.338109255 0.0146422423 0.940992951
vn 0.252859563 0.0416708365 0.966605186
vn 0.315918475 0.114841521 0.941810429
vn 0.752363443 0.117736302 0.648141563
vn 0.985269487 0.171008021 0.000598253682
vn 0.770146489 0.160377324 -0.617376328
vn 0.231987506 0.100011088 -0.967563748
vn 0.292432189 0.159537032 -0.942884564
vn 0.995325565 0.0861809403 0.0435873307
vn 0.988550425 0.13917096 -0.0583049841
vn 0.721068263 0.0560767241 0.690591037
vn 0.699744284 0.0824478045 0.70961982
vn 0.726231933 0.0740248188 0.683452606
vn 0.995999455 0.0890966356 0.00685133412
vn -1.06767106E-06 -0.995791912 -0.0916429088
vn -4.18758731E-07 -0.995791733 -0.0916447118
vn -7.46420881E-07 -0.995792091 -0.0916414261
vn 6.95112362E-07 -0.995791614 -0.091646485
vn 9.41023302E-07 -0.995791614 -0.0916459709
vn 2.54277916E-06 -0.995791256 -0.0916502625
vn -4.18758731E-07 -0.995791733 -0.0916447118
vn -9.10399876E-07 -0.995791674 -0.0916456804
vn -6.29125338E-07 -0.995791793 -0.0916444212
vn -4.1311273E-07 -0.995792031 -0.0916416198
vn 1.29342868E-06 -0.995790899 -0.091654107
vn 5.03698288E-07 -0.995791852 -0.091643855
vn 7.34011508E-07 -0.995791793 -0.091644533
vn 6.14727753E-07 -0.995791852 -0.0916435793
vn 7.21405456E-07 -0.995791614 -0.0916460231
vn 7.91484297E-07 -0.995791733 -0.0916449577
vn 3.91215593E-07 -0.995792329 -0.0916383341
vn 5.03698288E-07 -0.995791852 -0.091643855
vn 5.14456815E-07 -0.995791733 -0.0916449949
vn 8.67474341E-07 -0.995791912 -0.0916427374
vn 8.13087354E-07 -0.995791793 -0.0916442126
vn -8.79490017E-07 -0.995792329 -0.0916383266
vn -0.908643305 -0.414141446 0.0534244291
vn 0.94535923 -0.174824655 -0.275195092
vn 0.974787533 0.178250596 -0.13422364
vn 0.958116531 -0.202607334 -0.202393293
vn 0.960936844 0.260659784 -0.0930426344
vn 0.922781289 0.369604647 -0.108936347
vn 0.88367027 -0.446898967 -0.139313206
vn 0.341167331 -0.121689565 0.932092547
vn 0.315117925 -0.0762302503 0.945986092
vn -0.953154206 0.278550863 0.117925689
vn -0.965442538 0.174516782 0.193557784
vn -0.978773236 -0.197138712 0.0560299382
vn -0.97215116 -0.230431482 0.0427017659
vn -0.912581027 0.40728119 0.0363023952
vn -0.929210901 -0.369389564 0.0108838659
vn -0.184344471 -0.132780552 0.973851323
vn -0.1591288 -0.0732652992 0.984535515
vn 0.341167331 -0.121689565 0.932092547
vn 0.315117925 -0.0762302503 0.945986092
vn 0.974787533 0.178250596 -0.13422364
vn -0.965442538 0.174516782 0.193557784
vn 0.960936844 0.260659784 -0.0930426344
vn -0.953154206 0.278550863 0.117925689
vn 0.922781289 0.369604647 -0.108936347
vn -0.912581027 0.40728119 0.0363023952
vn 0.94535923 -0.174824655 -0.275195092
vn 0.958116531 -0.202607334 -0.202393293
vn -0.97215116 -0.230431482 0.0427017659
vn -0.978773236 -0.197138712 0.0560299382
vn 0.88367027 -0.446898967 -0.139313206
vn -0.929210901 -0.369389564 0.0108838659
vn -0.918860555 -0.394501567 0.00799039658
vn 0.862437844 -0.506152511 -0.00325467438
vn -0.839553297 0.454251498 -0.298003286
vn 0.882854402 0.360241324 -0.301320881
vn -0.97215116 -0.230431482 0.0427017659
vn -0.184344471 -0.132780552 0.973851323
vn 0.94535923 -0.174824655 -0.275195092
vn 0.341167331 -0.121689565 0.932092547
vn -0.965442538 0.174516782 0.193557784
vn 0.974787533 0.178250596 -0.13422364
vn -0.1591288 -0.0732652992 0.984535515
vn 0.315117925 -0.0762302503 0.945986092
vn 0.880892336 -0.47118789 0.0448394604
vn 0.88367027 -0.446898967 -0.139313206
vn 0.882483423 0.436936408 -0.17409645
vn 0.922781289 0.369604647 -0.108936347
vn 0.882854402 0.360241324 -0.301320881
vn 0.862437844 -0.506152511 -0.00325467438
vn 0.922781289 0.369604647 -0.108936347
vn -0.912581027 0.40728119 0.0363023952
vn 0.882483423 0.436936408 -0.17409645
vn -0.855985522 0.506034076 -0.105916418
vn -0.929210901 -0.369389564 0.0108838659
vn -0.932472467 -0.349072546 0.092970036
vn 0.882854402 0.360241324 -0.301320881
vn -0.839553297 0.454251498 -0.298003286
vn -0.918860555 -0.394501567 0.00799039658
vn -0.932472467 -0.349072546 0.092970036
vn -0.929210901 -0.369389564 0.0108838659
vn 0.880892336 -0.47118789 0.0448394604
vn 0.88367027 -0.446898967 -0.139313206
vn 0.862437844 -0.506152511 -0.00325467438
vn -0.918860555 -0.394501567 0.00799039658
vn -0.939396799 -0.191153482 -0.284594357
vn -0.95603168 -0.199335948 -0.215101406
vn -0.972115457 0.193806678 -0.132024705
vn -0.959221125 0.260091901 -0.110666543
vn -0.917393029 0.373771846 -0.136692017
vn -0.879452109 -0.445677817 -0.167138562
vn -0.341106981 -0.121671394 0.932116985
vn -0.314880252 -0.0762379244 0.946064591
vn 0.950962842 0.281672627 0.127789661
vn 0.97806251 -0.200248048 0.0573969372
vn 0.963802874 0.188318878 0.188732699
vn 0.969057143 -0.245120555 0.0290529504
vn 0.913597643 0.401453435 0.0646108016
vn 0.928654671 -0.368680716 0.040927846
vn 0.148524195 -0.136058748 0.979504228
vn 0.128299102 -0.0707086101 0.989211619
vn -0.314880252 -0.0762379244 0.946064591
vn -0.341106981 -0.121671394 0.932116985
vn 0.97806251 -0.200248048 0.0573969372
vn -0.95603168 -0.199335948 -0.215101406
vn 0.969057143 -0.245120555 0.0290529504
vn -0.939396799 -0.191153482 -0.284594357
vn -0.879452109 -0.445677817 -0.167138562
vn 0.928654671 -0.368680716 0.040927846
vn -0.972115457 0.193806678 -0.132024705
vn -0.959221125 0.260091901 -0.110666543
vn 0.963802874 0.188318878 0.188732699
vn 0.950962842 0.281672627 0.127789661
vn -0.917393029 0.373771846 -0.136692017
vn 0.913597643 0.401453435 0.0646108016
vn -0.875273526 0.357777119 -0.325410187
vn -0.855013669 -0.51799643 -0.0251255669
vn 0.846676648 0.456219345 -0.273866028
vn 0.924256086 -0.380455345 0.03169249
vn -0.341106981 -0.121671394 0.932116985
vn 0.148524195 -0.136058748 0.979504228
vn -0.939396799 -0.191153482 -0.284594357
vn 0.969057143 -0.245120555 0.0290529504
vn 0.963802874 0.188318878 0.188732699
vn 0.128299102 -0.0707086101 0.989211619
vn -0.972115457 0.193806678 -0.132024705
vn -0.314880252 -0.0762379244 0.946064591
vn -0.917393029 0.373771846 -0.136692017
vn -0.878572047 0.434954107 -0.197297201
vn 0.913597643 0.401453435 0.0646108016
vn 0.857602179 0.507572412 -0.082998842
vn 0.928654671 -0.368680716 0.040927846
vn 0.929861307 -0.347747415 0.120123819
vn 0.846676648 0.456219345 -0.273866028
vn 0.924256086 -0.380455345 0.03169249
vn -0.875273526 0.357777119 -0.325410187
vn -0.879452109 -0.445677817 -0.167138562
vn 0.928654671 -0.368680716 0.040927846
vn -0.881450832 -0.471893758 0.0189912915
vn 0.929861307 -0.347747415 0.120123819
vn -0.855013669 -0.51799643 -0.0251255669
vn 0.924256086 -0.380455345 0.03169249
vn -0.881450832 -0.471893758 0.0189912915
vn -0.878572047 0.434954107 -0.197297201
vn -0.879452109 -0.445677817 -0.167138562
vn -0.917393029 0.373771846 -0.136692017
vn -0.875273526 0.357777119 -0.325410187
vn -0.855013669 -0.51799643 -0.0251255669
vn -0.626584888 -0.75586319 0.189900488
vn -0.626598001 -0.755822301 0.190019831
vn -0.103943244 -0.160546541 -0.981539905
vn -0.104127631 -0.160645664 -0.981504142
vn 0.104036935 0.160551026 0.981529236
vn 0.10407012 0.160578743 0.981521189
vn 0.626644194 0.755789876 -0.189996988
vn 0.626590431 0.755803823 -0.190118417
vn 0.10407012 0.160578743 0.981521189
vn 0.104036935 0.160551026 0.981529236
vn 0.772441328 -0.634703636 0.0220380295
vn 0.77243185 -0.634717166 0.0219818484
vn 0.77243191 -0.634717107 0.0219818465
vn 0.772422433 -0.634730577 0.0219256673
vn -0.754022956 0.526462972 -0.392792761
vn -0.754020452 0.526371419 -0.392920315
vn -0.28245306 -0.00705701765 -0.959255159
vn -0.241810933 -0.0433428399 -0.969354868
vn -0.106761724 0.324854791 0.939718723
vn -0.114224374 0.330297381 0.936939895
vn -0.0982241854 0.318547696 0.942803979
vn -0.108941495 0.326393783 0.938934982
vn -0.0111462837 0.252580255 0.967511714
vn -0.106754638 0.324847341 0.939722121
vn -0.0982241854 0.318547696 0.942803979
vn -0.114797026 0.330687612 0.936732292
vn -0.108941495 0.326393783 0.938934982
vn -0.0111497175 0.252582669 0.967511117
vn -0.0111462837 0.252580255 0.967511714
vn 0.496149778 0.839867353 -0.220132247
vn 0.539203405 0.785320342 -0.304190069
vn 0.506088436 0.840814054 -0.192109942
vn 0.604252458 0.749909341 -0.269285917
vn 0.579573214 0.767401218 -0.274208635
vn 0.626572549 0.755777895 -0.190280229
vn 0.536633551 0.814681709 -0.219813854
vn 0.528267324 0.818191111 -0.226929218
vn 0.558587432 0.807068288 -0.191365778
vn -0.103203639 -0.161336333 -0.981488466
vn -0.102933459 -0.16155459 -0.981480956
vn -0.105959043 -0.159055516 -0.981567144
vn -0.105958372 -0.159053549 -0.981567502
vn -0.700489998 -0.710009098 0.0721174628
vn -0.733895361 -0.662973583 0.147863418
vn -0.725063801 -0.663423419 0.184802085
vn -0.644599259 -0.756529152 0.11025162
vn -0.66774708 -0.737045884 0.104293376
vn -0.626493335 -0.755767465 0.190582573
vn -0.70877701 -0.68750149 0.158040285
vn -0.71560353 -0.682104766 0.150481507
vn -0.690048873 -0.699040592 0.187549457
vn -0.28245306 -0.00705701765 -0.959255159
vn -0.241810933 -0.0433428399 -0.969354868
vn -0.103203639 -0.161336333 -0.981488466
vn -0.102933459 -0.16155459 -0.981480956
vn 0.564160824 0.81296438 -0.144261912
vn 0.390366137 0.907984495 -0.152244911
vn 0.377607942 0.910309494 -0.169554904
vn 0.496149778 0.839867353 -0.220132247
vn 0.506088436 0.840814054 -0.192109942
vn -0.114797026 0.330687612 0.936732292
vn -0.108941495 0.326393783 0.938934982
vn -0.211024314 0.399367571 0.892173946
vn -0.203815073 0.394353151 0.89607203
vn -0.114224374 0.330297381 0.936939895
vn -0.69113481 0.651662052 0.312520832
vn -0.69116044 0.651723325 0.312336236
vn -0.859468579 -0.499723226 0.107658967
vn -0.810867488 -0.566830456 0.145592794
vn -0.824501216 -0.554131031 0.114614196
vn -0.733895361 -0.662973583 0.147863418
vn -0.725063801 -0.663423419 0.184802085
vn 0.772310376 -0.634869695 0.0218450353
vn 0.77208066 -0.635142386 0.0220371634
vn 0.772301555 -0.634879053 0.0218821652
vn 0.77202189 -0.635214925 0.0220065843
vn 0.772420585 -0.634742498 0.021641979
vn 0.772414684 -0.634750187 0.0216284469
vn 0.772685468 -0.634410977 0.0219053216
vn 0.772696853 -0.634397447 0.0218975861
vn 0.293632954 -0.454572529 -0.840918303
vn 0.276139349 -0.475457221 -0.835276842
vn 0.104594544 -0.65043968 -0.752321899
vn 0.0921393856 -0.661218226 -0.74451369
vn 0.468781769 -0.206831992 -0.858757377
vn 0.310614705 -0.433839917 -0.845754921
vn 0.459394544 -0.222399905 -0.859938979
vn 0.293217957 -0.45503962 -0.840810418
vn 0.393242955 -0.645151258 -0.655087769
vn -0.497771412 -0.84596765 0.191212848
vn 0.749767959 -0.651022434 0.118397057
vn 0.78799361 -0.613869667 -0.0472225472
vn 0.532388091 -0.477295071 -0.699108183
vn 0.739869893 0.647004068 -0.184331983
vn 0.104061604 0.160582095 0.981521606
vn 0.104064576 0.160582468 0.981521189
vn 0.339276165 0.441512018 0.830637634
vn 0.3394548 0.441803247 0.830409706
vn 0.339293838 0.441540837 0.830615044
vn 0.339474142 0.441834748 0.830385089
vn -0.147416279 -0.145540327 0.978307962
vn -0.147433788 -0.145556077 0.978302956
vn -0.147592545 -0.145698741 0.978257775
vn -0.147611573 -0.145715818 0.978252351
vn 0.772396326 -0.634754777 0.0221402217
vn 0.772395074 -0.634756148 0.0221455414
vn 0.772305369 -0.634859204 0.022323532
vn 0.772403657 -0.63474679 0.0221170131
vn 0.77239877 -0.63475287 0.0221118536
vn 0.772457123 -0.634680033 0.0221634284
vn 0.626571 0.755823195 -0.190105513
vn -0.10409952 -0.160629287 -0.981509805
vn 0.626584172 0.755811036 -0.190110072
vn -0.10406439 -0.160586089 -0.981520653
vn 0.104091324 0.160600781 0.981515348
vn 0.104022466 0.160551012 0.981530786
vn -0.626578748 -0.755844712 0.189994261
vn -0.626570821 -0.755837739 0.190048128
vn 0.104022466 0.160551012 0.981530786
vn 0.104091324 0.160600781 0.981515348
vn 0.772368968 -0.634795904 0.0219157021
vn 0.772372484 -0.634790301 0.0219569225
vn 0.772372484 -0.634790242 0.0219569225
vn 0.772375941 -0.63478452 0.0219981372
vn -0.103324488 -0.160328209 -0.981640935
vn -0.963983774 -0.226662591 0.139137924
vn -0.106187724 -0.160999179 -0.981225491
vn -0.963991284 -0.226592675 0.13919954
vn 0.101847149 0.159958258 0.981855631
vn 0.104890198 0.160649508 0.981422365
vn 0.963948011 0.226565331 -0.139543757
vn 0.96396488 0.22663562 -0.139312699
vn 0.104890198 0.160649508 0.981422365
vn 0.101847149 0.159958258 0.981855631
vn 0.142328411 0.0156697687 0.98969543
vn 0.98743403 0.101477787 -0.121145658
vn 0.138374329 0.0147446711 0.990270257
vn 0.987408757 0.101445191 -0.121378958
vn -0.0674813241 -0.302628368 -0.950716734
vn -0.0635014996 -0.30172649 -0.951277375
vn -0.924518943 -0.348136634 0.155131072
vn -0.924548268 -0.348137349 0.154954702
vn 0.138374329 0.0147446711 0.990270257
vn 0.142328411 0.0156697687 0.98969543
vn 0.720647633 0.667963684 -0.185718626
vn 0.664725482 0.722807586 -0.188916087
vn -0.0658759177 0.70720607 0.703931749
vn -0.0796358436 0.732510924 0.6760813
vn -0.2319258 0.451056778 -0.861834168
vn -0.240476653 0.484310031 -0.841198385
vn -0.93804884 0.343816668 0.0430628732
vn -0.960906744 0.270813018 0.0576070212
vn -0.0658759177 0.70720607 0.703931749
vn -0.0796358436 0.732510924 0.6760813
vn 0.248974428 -0.959664285 0.130599439
vn 0.248981059 -0.959654272 0.130660564
vn 0.248981059 -0.959654272 0.130660564
vn 0.24898769 -0.959644198 0.130721688
vn -0.2472599 0.960094631 -0.130693913
vn -0.247201592 0.960108638 -0.130701274
vn -0.247201592 0.960108638 -0.130701274
vn -0.247143209 0.960122645 -0.13070859
vn -0.67188555 -0.71629405 0.188395143
vn -0.758290887 -0.62499994 0.18539153
vn -0.0675463825 -0.126662582 -0.989643395
vn -0.0417253226 -0.105671898 -0.993525267
vn 0.140824363 0.193549573 0.970930994
vn 0.173416018 0.204191104 0.963448465
vn 0.679624438 0.709083736 -0.187912077
vn 0.76928848 0.61321348 -0.179344565
vn 0.173416018 0.204191104 0.963448465
vn 0.140824363 0.193549573 0.970930994
vn 0.214240953 0.223396137 0.950891733
vn 0.897860348 0.406377167 -0.169423565
vn 0.974946499 0.185543954 -0.122689657
vn 0.0727345794 0.184430897 0.980150521
vn 0.00905615836 -0.09507294 -0.995429099
vn -0.122349434 -0.184569001 -0.975174308
vn -0.893777609 -0.420322806 0.156493858
vn -0.976017475 -0.164819136 0.142213032
vn 0.0727345794 0.184430897 0.980150521
vn 0.214240953 0.223396137 0.950891733
vn -0.423335254 -0.858903229 0.288222969
vn -0.423345625 -0.858926952 0.288137019
vn -0.105274722 -0.269170046 -0.957321644
vn -0.105258241 -0.269153535 -0.957328081
vn 0.105328321 0.269119382 0.957329988
vn 0.105254933 0.269070596 0.957351744
vn 0.423437029 0.858912408 -0.288045973
vn 0.423365295 0.858873248 -0.288268328
vn -0.105258241 -0.269153535 -0.957328081
vn -0.105274722 -0.269170046 -0.957321644
vn 0.899784982 -0.435704559 0.0234193411
vn 0.899786055 -0.435700685 0.02345125
vn 0.899786055 -0.435700685 0.0234512538
vn 0.899787128 -0.43569681 0.0234831199
vn -0.839911461 0.253067374 -0.48010999
vn -0.83991456 0.253056765 -0.480110139
vn -0.328357279 -0.150791422 -0.932439506
vn -0.296525329 -0.169037536 -0.939946294
vn -0.1397347 0.376044571 0.916004717
vn -0.150835127 0.380366266 0.912452877
vn -0.1298507 0.372180849 0.919032216
vn -0.14546299 0.378303915 0.914180875
vn -0.0287854541 0.330515087 0.94336164
vn -0.139753312 0.376039743 0.916003942
vn -0.1298507 0.372180849 0.919032216
vn -0.150829643 0.380360156 0.912456334
vn -0.14546299 0.378303915 0.914180875
vn -0.0288049821 0.330515265 0.943360984
vn -0.0287854541 0.330515087 0.94336164
vn 0.284589171 0.903271377 -0.321107179
vn 0.326744646 0.857090354 -0.398288876
vn 0.292869002 0.91141969 -0.289036185
vn 0.39978084 0.840933084 -0.364700943
vn 0.371523052 0.85170424 -0.36955443
vn 0.423455596 0.858954191 -0.28789413
vn 0.320952564 0.8926301 -0.316545457
vn 0.311691523 0.893446267 -0.323422551
vn 0.345206529 0.892883003 -0.289123595
vn -0.107482746 -0.268067569 -0.9573856
vn -0.112586148 -0.265596479 -0.957487762
vn -0.107483909 -0.26806882 -0.957385123
vn -0.114133045 -0.264848381 -0.957511842
vn -0.510945678 -0.842317522 0.171568319
vn -0.552735984 -0.79540813 0.248613775
vn -0.545547545 -0.789458156 0.281306982
vn -0.444197297 -0.871082842 0.209531486
vn -0.471287042 -0.858112574 0.203792438
vn -0.42340818 -0.858869135 0.288217604
vn -0.520541906 -0.814621091 0.255790144
vn -0.528713167 -0.811698258 0.248210162
vn -0.498278201 -0.818862617 0.284926116
vn -0.328357279 -0.150791422 -0.932439506
vn -0.296525329 -0.169037536 -0.939946294
vn -0.112586148 -0.265596479 -0.957487762
vn -0.114133045 -0.264848381 -0.957511842
vn 0.205932081 0.930985868 -0.301425517
vn 0.150669828 0.941237569 -0.302275568
vn 0.158304095 0.943130314 -0.29230988
vn 0.284589171 0.903271377 -0.321107179
vn 0.292869002 0.91141969 -0.289036185
vn -0.150829643 0.380360156 0.912456334
vn -0.14546299 0.378303915 0.914180875
vn -0.261436433 0.420265228 0.868923545
vn -0.253925681 0.417708784 0.87237668
vn -0.150835127 0.380366266 0.912452877
vn -0.81476754 0.500047505 0.293438762
vn -0.814835966 0.500007451 0.293317139
vn -0.619266808 -0.741075099 0.259453744
vn -0.655773163 -0.708204925 0.261548042
vn -0.66168195 -0.706698954 0.25050661
vn -0.552735984 -0.79540813 0.248613775
vn -0.545547545 -0.789458156 0.281306982
vn 0.899859726 -0.435531557 0.0237640329
vn 0.899853945 -0.435554475 0.0235621464
vn 0.899860859 -0.435527325 0.0237992574
vn 0.89980942 -0.435647488 0.023542339
vn 0.899809301 -0.435648054 0.0235384256
vn 0.899810076 -0.435647011 0.0235266145
vn 0.899763227 -0.435744017 0.0235218871
vn 0.89974761 -0.435774773 0.0235501025
vn 0.355717987 -0.449972242 -0.8191396
vn 0.343844801 -0.473732799 -0.810769975
vn 0.221570253 -0.675297499 -0.703476906
vn 0.212319732 -0.687893987 -0.694062114
vn 0.467170179 -0.170906737 -0.867492318
vn 0.367393643 -0.42597276 -0.826782405
vn 0.461654156 -0.18825762 -0.866853178
vn 0.35568729 -0.450053811 -0.819108129
vn 0.885757327 -0.447803408 0.122090414
vn 0.907126248 -0.418121606 -0.0479193479
vn 0.505142808 -0.594649553 -0.625478029
vn 0.599106073 -0.40405637 -0.691238225
vn 0.559115589 0.780092776 -0.280793637
vn -0.277120352 -0.916635871 0.28806752
vn 0.105269827 0.269137233 0.957331359
vn 0.105262414 0.26913324 0.957333386
vn 0.261597991 0.581879973 0.770053387
vn 0.2615619 0.581785977 0.770136595
vn 0.261594355 0.581870615 0.770061612
vn 0.261558056 0.581775904 0.770145595
vn -0.0675316602 -0.0857835934 0.994022429
vn -0.0675210208 -0.0857677385 0.994024575
vn -0.0674245432 -0.0856239274 0.994043469
vn -0.0674129725 -0.0856066793 0.994045734
vn 0.899825931 -0.435610145 0.0236043818
vn 0.89982903 -0.435603201 0.0236128438
vn 0.89986515 -0.435535401 0.0234865788
vn 0.899793267 -0.43568483 0.0234703887
vn 0.899784505 -0.435705334 0.0234251674
vn 0.899781942 -0.435710967 0.0234190151
vn 0.423391312 0.858919442 -0.288092464
vn -0.105297089 -0.2691001 -0.95733887
vn 0.423371404 0.858946979 -0.288039565
vn -0.105247632 -0.269107163 -0.957342327
vn 0.105250992 0.269131899 0.957334995
vn 0.10532432 0.269107193 0.957333863
vn -0.423365533 -0.858924925 0.288113952
vn -0.423359931 -0.85891217 0.288159996
vn -0.105247632 -0.269107163 -0.957342327
vn -0.105297089 -0.2691001 -0.95733887
vn 0.899782658 -0.435705304 0.0234962329
vn 0.899788797 -0.435690373 0.0235357285
vn 0.899788797 -0.435690373 0.0235357303
vn 0.899795055 -0.435675442 0.0235752165
vn -0.412329853 0.90999192 0.0435742885
vn -0.412284851 0.910011709 0.0435881205
vn -0.412285 0.91001159 0.0435880944
vn -0.412240058 0.910031319 0.0436019301
vn 0.902497828 0.34697324 -0.255161375
vn 0.902496219 0.346971303 -0.255169451
vn 0.902489662 0.346962839 -0.255204201
vn 0.902488172 0.346960843 -0.255212188
vn -0.249444216 -0.0147593152 -0.96827668
vn -0.249431238 -0.0147507526 -0.968280196
vn -0.249374747 -0.0147134876 -0.968295276
vn -0.249361768 -0.0147049287 -0.968298733
vn 0.249478683 0.0147194583 0.968268454
vn 0.249397889 0.0146515416 0.96829021
vn 0.249463543 0.0147067718 0.968272507
vn 0.249382764 0.0146388551 0.968294322
vn -0.902482808 -0.347009689 0.255164772
vn -0.902485728 -0.347018868 0.255142093
vn -0.902483344 -0.347011387 0.255160511
vn -0.902486265 -0.347020507 0.255137861
vn -0.828533828 -0.238321945 -0.506689608
vn -0.828534544 -0.238318786 -0.506689906
vn -0.828534663 -0.238312781 -0.50669241
vn -0.828533828 -0.238312438 -0.506694078
vn -0.828531086 -0.238334343 -0.506688297
vn -0.828536987 -0.238335401 -0.506678164
vn -0.828534842 -0.238313764 -0.506691813
vn -0.828534365 -0.238326296 -0.506686687
vn -0.828537047 -0.238325417 -0.506682634
vn -0.828515351 -0.238344923 -0.506709039
vn -0.828657389 -0.237974778 -0.506650746
vn -0.828538239 -0.238307461 -0.50668925
vn -0.828538597 -0.238315761 -0.506684721
vn -0.828537703 -0.238326445 -0.506681263
vn -0.82853967 -0.238318935 -0.506681383
vn -0.828531146 -0.238325447 -0.50669229
vn -0.828527153 -0.238321945 -0.506700575
vn -0.828534603 -0.238335222 -0.506682038
vn -0.828529 -0.238335073 -0.506691277
vn -0.828544974 -0.23829177 -0.506685555
vn -0.828543961 -0.238288835 -0.506688535
vn -0.828577697 -0.238113955 -0.506715596
vn 0.828539252 0.238302439 0.506689906
vn 0.82853359 0.238312542 0.506694317
vn 0.828537107 0.238299459 0.506694853
vn 0.828531861 0.238311723 0.506697655
vn 0.828541219 0.238347381 0.506665528
vn 0.828512371 0.238392889 0.506691277
vn 0.828532755 0.238322794 0.506691039
vn 0.828529119 0.238325387 0.506695628
vn 0.828473985 0.238490582 0.506708086
vn 0.828629434 0.238365427 0.506512702
vn 0.828817666 0.237865925 0.506439626
vn 0.828540683 0.238307446 0.506685197
vn 0.828529477 0.23832193 0.506696641
vn 0.828538477 0.238308445 0.506688416
vn 0.828541815 0.238305598 0.506684184
vn 0.828539371 0.23831284 0.50668484
vn 0.82854569 0.238308027 0.506676733
vn 0.828550875 0.238290131 0.506676674
vn 0.828543007 0.238313898 0.506678283
vn 0.828489602 0.238273218 0.506784797
vn 0.828545749 0.238275573 0.506691933
vn 0.828589261 0.238090783 0.506707668
vn -0.463507712 -0.218444586 0.85874474
vn -0.463686287 -0.217838883 0.858802259
vn -0.463542491 -0.218452632 0.858723938
vn -0.463726074 -0.217729688 0.858808458
vn -0.462284088 -0.218276426 0.859446824
vn -0.462232381 -0.218257964 0.859479308
vn 0.0995254517 -0.900186837 0.423979133
vn 0.131795302 -0.914297998 0.383000314
vn 0.400296837 -0.915808856 -0.0325037278
vn 0.400295466 -0.915809453 -0.0325052291
vn -0.462039143 -0.218848556 0.859433055
vn -0.462039709 -0.218848571 0.859432697
vn 0.400700659 -0.915608525 -0.033166647
vn 0.4006975 -0.915609837 -0.0331693925
vn 0.58823657 -0.629274607 -0.507928371
vn 0.578656852 -0.66759634 -0.468477666
vn -0.326837391 0.941574454 0.0813318864
vn -0.326836437 0.941574633 0.0813333169
vn -0.326825291 0.941578269 0.0813366175
vn -0.326824009 0.941578567 0.0813375711
vn -0.326843619 0.941573143 0.081322372
vn -0.326844424 0.941572845 0.0813224763
vn -0.326836824 0.941576481 0.0813113973
vn -0.326835901 0.941577017 0.0813082755
vn 0.460148394 0.225932688 -0.858613908
vn 0.460088313 0.226058811 -0.858612895
vn 0.459855646 0.226698279 -0.858568966
vn 0.459846109 0.226691544 -0.858575821
vn 0.459234834 0.227257475 -0.858753383
vn 0.459215254 0.22725746 -0.858763874
vn 0.58823657 -0.629274607 -0.507928371
vn 0.578656852 -0.66759634 -0.468477666
vn 0.458595753 0.228999153 -0.858632207
vn 0.458593249 0.228997633 -0.858633995
vn -0.554382563 0.501211703 0.664414644
vn -0.554397345 0.501196027 0.664414167
vn -0.554406941 0.501185596 0.664413929
vn -0.554421663 0.50116986 0.664413631
vn 0.0984932706 0.824647903 -0.557005286
vn 0.0984887108 0.824683905 -0.556952775
vn 0.0984905586 0.824669302 -0.556974113
vn 0.0984859988 0.824705303 -0.556921601
vn -0.00428223936 0.997691154 -0.0677797869
vn 0.997342169 0.0696391463 -0.0214227177
vn 0.0042894939 0.997740626 -0.0670464784
vn 0.999392569 0.0287216641 -0.0197373442
vn -0.997733831 -0.0642142445 0.0200951248
vn -0.998710752 -0.0474243052 0.0181035381
vn -0.00269275787 -0.997708917 0.0675996691
vn 0.00269528967 -0.997778416 0.0665657446
vn 0.997342169 0.0696391463 -0.0214227177
vn 0.999392569 0.0287216641 -0.0197373442
vn -1.77128604E-05 -0.995820045 0.0913368464
vn -7.09165352E-06 -0.995818257 0.0913567767
vn 0.00094027241 -0.99557966 0.0939162672
vn 7.46508522E-06 -0.995819628 0.0913410932
vn -6.13479551E-06 -0.995818019 0.0913590193
vn -3.35450204E-06 -0.995817661 0.0913630202
vn -6.78551896E-06 -0.995818436 0.0913542286
vn -0.000922351843 -0.995576262 0.0939520299
vn -1.43084862E-05 -0.995818794 0.0913504586
vn -3.04421283E-05 -0.995450735 0.0952779278
vn 0.000590981508 -0.994541645 0.104338713
vn 0.00236218749 -0.994766057 0.102151051
vn -0.000730524713 -0.99458009 0.103971139
vn -0.00230594259 -0.994758368 0.102227241
vn 2.49171944E-06 -0.994362414 0.106034651
vn 1.09982761E-06 -0.994362175 0.106036842
vn 4.80903691E-06 0.995818436 -0.0913541541
vn 6.67796076E-06 0.995819211 -0.0913459733
vn 1.51858114E-06 0.995818555 -0.091353111
vn 5.10879045E-06 0.995822072 -0.0913147181
vn 7.45565194E-06 0.995821059 -0.0913256854
vn 1.54875543E-05 0.995817006 -0.0913700238
vn -0.000878999417 0.995590866 -0.0937976539
vn -9.1778935E-07 0.9958148 -0.09139397
vn 0.000869789219 0.995586395 -0.0938456431
vn 3.2733562E-05 0.995473444 -0.0950401127
vn -0.000779986731 0.994589508 -0.103880338
vn -0.00252755568 0.994791865 -0.101895399
vn 1.31322281E-06 0.994361639 -0.106041931
vn 0.000674898853 0.994551599 -0.104243495
vn 4.79914843E-06 0.994360149 -0.106056184
vn 0.00247081229 0.994779944 -0.102013752
vn -1.37173947E-05 0.0913203061 0.995821595
vn -1.4009669E-05 0.091318287 0.995821774
vn -1.60012951E-05 0.0913044885 0.995823026
vn -1.62935848E-05 0.0913024768 0.995823205
vn 1 1.80819989E-05 1.14071997E-06
vn 1 8.90481169E-06 7.21762672E-06
vn 1 -1.03418608E-06 1.37989837E-05
vn 1 -1.02106824E-05 1.98754351E-05
vn -1 -2.34009508E-06 -9.3871804E-06
vn -1 -1.58105718E-06 -9.38716494E-06
vn -1 -7.58956901E-07 -9.38714766E-06
vn -1 0 -9.3871331E-06
vn 0.584423304 0.0756765231 0.80791235
vn 0.5847193 0.0743542686 0.807820976
vn 0.584484339 0.0754047409 0.807893634
vn 0.584780157 0.0740818307 0.807802022
vn -0.622142732 -0.0714971125 -0.77963239
vn -0.622141063 -0.0714988112 -0.779633522
vn -0.622135043 -0.0715052336 -0.779637694
vn -0.622133434 -0.0715069249 -0.779638827
vn 0.63207823 -0.0707576796 -0.771667302
vn 0.632078528 -0.0707598701 -0.771666884
vn 0.632079661 -0.0707679838 -0.771665275
vn 0.632079959 -0.0707701668 -0.771664679
vn -0.607975006 0.0725026056 0.790638804
vn -0.607646406 0.0711164698 0.791017234
vn -0.607904375 0.0722040907 0.790720463
vn -0.607575595 0.0708187148 0.791098356
vn 1.3456669E-05 -0.0787045658 -0.996897995
vn 1.32938303E-05 -0.0787042454 -0.996897995
vn 1.21806661E-05 -0.0787022039 -0.996898174
vn 1.20178101E-05 -0.0787018836 -0.996898174
vn -1.40328912E-05 0.0787038282 0.996898055
vn -1.41080272E-05 0.0787033141 0.996898055
vn -1.48678209E-05 0.0786983147 0.996898472
vn -1.49429579E-05 0.078697823 0.996898532
vn -1 -6.69109613E-06 -2.35926927E-05
vn -1 -3.63902222E-06 -2.18179503E-05
vn -1 -1.14048601E-06 -2.03650798E-05
vn -1 1.91180993E-06 -1.85902045E-05
vn 1 -2.29415928E-05 1.15991515E-05
vn 1 -1.30735025E-05 1.64404228E-05
vn 1 -1.75156401E-05 1.4261117E-05
vn 1 -7.6473425E-06 1.91024883E-05
vn -0.593917727 -0.063321583 -0.802029967
vn -0.593439043 -0.0654622763 -0.802212477
vn -0.59169507 -0.0731526166 -0.802836001
vn -0.591201723 -0.0752981305 -0.803001106
vn 0.60538739 0.0645544231 0.793308794
vn 0.603868783 0.0713056996 0.793887913
vn 0.605051458 0.0660595223 0.793441176
vn 0.603523374 0.0728230178 0.794012785
vn -0.580865562 0.0622188225 0.811618149
vn -0.580393434 0.0643749833 0.811787724
vn -0.578624785 0.0723364949 0.812379658
vn -0.578137994 0.0744966865 0.812531054
vn 0.570393562 -0.0646522343 -0.818823159
vn 0.568758845 -0.0720642582 -0.819341362
vn 0.570056558 -0.0661923289 -0.818934679
vn 0.568412483 -0.0736151263 -0.819443762
vn 1.51893455E-05 -0.0912959054 -0.995823801
vn 1.3659147E-05 -0.0913081914 -0.995822728
vn 1.50514907E-05 -0.0912970155 -0.995823681
vn 1.35212831E-05 -0.0913093016 -0.995822608
vn 6.44735428E-06 0.987545729 -0.157331958
vn 8.21288813E-06 0.986791134 -0.161997497
vn 1.44132773E-05 0.905845821 -0.423607528
vn 2.79998949E-06 0.905804336 -0.423696369
vn 5.41132931E-06 0.999908805 -0.0135020008
vn 0.000918212754 0.999994874 -0.00306222937
vn 0.00122724322 0.996106863 0.0881450474
vn 0.00165129465 0.995698452 0.0926380157
vn 0.00176605536 0.979740858 0.200261563
vn 0.000767123827 0.980549157 0.196271971
vn 0.000942669809 0.91694057 0.399022698
vn -6.65129073E-06 0.922489882 0.386021167
vn 1.45877457E-05 -0.0785220191 -0.99691236
vn 1.51811055E-05 -0.0785242543 -0.996912181
vn 1.75357145E-05 -0.0785330832 -0.996911526
vn 1.81248961E-05 -0.0785352886 -0.996911347
vn -1.67067469E-06 -0.975397229 0.220454544
vn -8.98017151E-06 -0.955348611 0.295480877
vn -5.32864397E-06 -0.974961102 0.222375304
vn 1.09119583E-06 -0.955283344 0.295692027
vn -5.53963991E-06 -0.924593329 0.380955666
vn -3.1805655E-06 -0.921508014 0.388359338
vn -3.38547557E-06 -0.9329108 0.360107452
vn -0.000425845472 -0.937584043 0.347758472
vn -0.000261602632 -0.994486272 0.104866669
vn -0.000822427275 -0.995102823 0.0988420025
vn -0.000830374949 -0.998308301 -0.0581359193
vn -0.000739782758 -0.998375475 -0.0569729432
vn -0.996395171 -0.00976332929 -0.0842695013
vn -0.995961249 -0.0101452712 -0.0892089754
vn -0.918795645 -0.0338779837 -0.393277109
vn -0.918846309 -0.0338315852 -0.393162668
vn -0.999145806 0.000129670312 0.0413226821
vn -0.999118268 0.000671317743 0.041979894
vn -0.999336123 0.00106849754 0.0364164263
vn -0.999340951 0.00247344375 0.036214564
vn -0.999544203 0.00206585159 0.0301182885
vn -0.999533951 0.00209984905 0.0304543339
vn -0.999178231 0.0027849183 0.0404368192
vn -0.999179065 0.00279029249 0.0404149443
vn 0.983684897 -0.0110830357 -0.179558173
vn 0.872815311 -0.0356340185 -0.48674801
vn 0.982904971 -0.0114020268 -0.183760315
vn 0.872845173 -0.0356103852 -0.486696184
vn 0.999144971 -0.000140864868 -0.0413438715
vn 0.999117911 -0.00066907797 -0.0419886895
vn 0.999335527 -0.00106191949 -0.0364333242
vn 0.999341428 -0.0024585498 -0.036204014
vn 0.999543965 -0.00204358413 -0.0301272888
vn 0.999534249 -0.00206855778 -0.0304456018
vn 0.999175668 -0.00275511271 -0.0405017696
vn 0.9991768 -0.00276848348 -0.0404735133
vn -0.990394831 0.0867006406 0.107708469
vn -0.0240045078 0.997558534 -0.0655810386
vn -0.992518485 0.0496914051 0.111524887
vn 0.0238157548 0.997127295 -0.0719019249
vn 0.992190063 -0.0545177832 -0.112190366
vn 0.991261482 -0.0698729604 -0.111885875
vn 0.0263921414 -0.997489691 0.0657098293
vn -0.0262748525 -0.997131765 0.0709778368
vn -0.0262748525 -0.997131765 0.0709778368
vn 0.0263921414 -0.997489691 0.0657098293
vn -1.10473793E-05 -0.995819986 0.0913373828
vn -3.1824427E-06 -0.995818794 0.091350019
vn -0.000941033242 -0.995580435 0.093907997
vn -1.22216761E-05 -0.995817721 0.0913623497
vn -2.54133329E-06 -0.995819449 0.0913434923
vn -2.16705621E-06 -0.995817482 0.0913653746
vn -4.92895651E-06 -0.995818377 0.0913555622
vn 0.000911390758 -0.995575845 0.0939569697
vn -1.81872383E-05 -0.995821893 0.0913171247
vn 2.58032414E-05 -0.995451033 0.0952743515
vn -0.000592533848 -0.994541347 0.104341395
vn -0.00237319153 -0.994765818 0.102153458
vn 0.000738231349 -0.994579017 0.103980824
vn 0.00232934975 -0.994755447 0.102255493
vn 3.74336128E-06 -0.994362235 0.106036693
vn 1.60604344E-07 -0.99436146 0.106043793
vn 5.93320874E-06 0.995823979 -0.0912938118
vn 4.39028099E-06 0.995822012 -0.0913154706
vn -0 0.995819092 -0.0913469642
vn -5.04728632E-07 0.995818675 -0.0913515911
vn -3.55078669E-06 0.99581778 -0.0913620517
vn -4.30929231E-06 0.995819032 -0.0913475901
vn 0.000866817136 0.995590746 -0.0937993899
vn 6.88976343E-06 0.995816529 -0.0913751647
vn -0.000848762284 0.995586514 -0.0938440636
vn -2.47743938E-05 0.995471537 -0.0950599238
vn 0.000776163011 0.994591057 -0.103865765
vn 0.0025129409 0.994791448 -0.101899877
vn 2.96351146E-07 0.994365573 -0.106005222
vn -0.000678939628 0.99455595 -0.104201704
vn -9.69689336E-06 0.994366765 -0.105994143
vn -0.00248443848 0.99477911 -0.102021486
vn -1.66117734E-05 0.0913085863 0.995822668
vn -1.69651139E-05 0.0913131908 0.995822251
vn -1.6656988E-05 0.09130916 0.995822608
vn -1.70103358E-05 0.0913137719 0.995822191
vn -1 -3.4036043E-06 -1.02878839E-05
vn -1 -2.25385838E-06 -1.23974423E-05
vn -1 -2.8516788E-06 -1.13005572E-05
vn -1 -1.7018815E-06 -1.34102102E-05
vn 1 -1.36146582E-05 6.68527946E-06
vn 1 -3.48166714E-06 1.12288508E-05
vn 1 -8.75037767E-06 8.86639282E-06
vn 1 1.38275982E-06 1.34100292E-05
vn -0.584809184 0.0740884468 0.807780325
vn -0.584746838 0.074358806 0.807800591
vn -0.584506214 0.0754013211 0.807878196
vn -0.584443867 0.0756710023 0.807898104
vn 0.622157514 -0.0714890137 -0.779621243
vn 0.622166157 -0.0714973062 -0.779613674
vn 0.622159362 -0.0714907497 -0.779619634
vn 0.622167885 -0.0714990571 -0.779612005
vn -0.632046342 -0.070747152 -0.771694422
vn -0.632060766 -0.0707643554 -0.771680951
vn -0.632049382 -0.0707508177 -0.77169162
vn -0.632063866 -0.0707680285 -0.77167809
vn 0.60755372 0.0707839429 0.791118324
vn 0.607625365 0.0710863993 0.791036069
vn 0.607886851 0.072191149 0.790735126
vn 0.607958376 0.0724943355 0.790652335
vn 1.51754566E-05 -0.07870318 -0.996898115
vn 1.70610238E-05 -0.0786950737 -0.996898711
vn 1.54160934E-05 -0.0787021592 -0.996898174
vn 1.73016651E-05 -0.0786940455 -0.99689883
vn -1.60527907E-05 0.0787052736 0.996897936
vn -1.46564971E-05 0.0786920115 0.996898949
vn -1.59271349E-05 0.078704074 0.996897995
vn -1.45308504E-05 0.0786908194 0.996899068
vn 1 5.73546049E-06 2.05796041E-05
vn 1 1.23653472E-05 2.38072389E-05
vn 1 9.38115772E-06 2.23544448E-05
vn 1 1.60106829E-05 2.55819014E-05
vn -1 7.64721517E-06 -1.91023992E-05
vn -1 6.29069064E-06 -1.99895949E-05
vn -1 5.18016031E-06 -2.07159082E-05
vn -1 3.82362532E-06 -2.16031094E-05
vn 0.593944073 -0.0633095354 -0.80201143
vn 0.591730297 -0.0731668994 -0.802808702
vn 0.593467414 -0.0654557422 -0.802191973
vn 0.591238797 -0.0753184482 -0.8029719
vn -0.603552163 0.0727977678 0.793993175
vn -0.603898346 0.0712871253 0.793867111
vn -0.605083466 0.0660639852 0.793416381
vn -0.605420113 0.0645655021 0.793282926
vn 0.5808478 0.0621878989 0.811633229
vn 0.578606844 0.0723365694 0.812392473
vn 0.580375671 0.064350687 0.811802328
vn 0.578120053 0.0745033771 0.812543213
vn -0.568384469 -0.0735986754 -0.819464684
vn -0.568728983 -0.0720499009 -0.819363296
vn -0.570019782 -0.0661862567 -0.818960845
vn -0.57035476 -0.0646484047 -0.818850398
vn 1.45157828E-05 -0.0913098752 -0.995822549
vn 1.45961758E-05 -0.0913104713 -0.995822489
vn 1.54080972E-05 -0.0913166031 -0.995821953
vn 1.54884819E-05 -0.0913172141 -0.995821893
vn 4.53830626E-06 0.987547219 -0.15732269
vn 9.35134904E-06 0.90582639 -0.423649013
vn 5.59788214E-06 0.986793399 -0.161983967
vn 4.11498877E-06 0.905898631 -0.423494607
vn 3.60372769E-06 0.999908447 -0.0135291032
vn -0.000911896408 0.999994993 -0.00303443498
vn -0.00122263038 0.996113122 0.0880745873
vn -0.00165390258 0.995696127 0.0926633477
vn -0.00176900567 0.979739726 0.200267166
vn -0.000779273862 0.980540216 0.196316555
vn -0.000963306753 0.91683954 0.399254858
vn -2.28135059E-06 0.922494173 0.386011094
vn 1.78886967E-05 -0.0785231069 -0.996912301
vn 1.52743432E-05 -0.0785326362 -0.996911526
vn 1.73625067E-05 -0.0785250217 -0.996912122
vn 1.47517849E-05 -0.0785345584 -0.996911407
vn -1.27013318E-05 -0.955260277 0.295766622
vn -6.65361404E-06 -0.955317438 0.295581728
vn -7.08013977E-06 -0.974963486 0.222364977
vn -9.62517788E-06 -0.975393653 0.220470443
vn -1.09736375E-05 -0.924605072 0.380927145
vn -1.27764597E-05 -0.921503127 0.388370991
vn -1.26155655E-05 -0.932915211 0.360096097
vn 0.00041502816 -0.937573373 0.347787201
vn 0.000255462888 -0.994488895 0.104841419
vn 0.000821975991 -0.995100856 0.0988615006
vn 0.000836932391 -0.998303831 -0.058213193
vn 0.000736193499 -0.998374999 -0.0569816753
vn 0.91886878 -0.0338264443 -0.393110543
vn 0.995964825 -0.0101402905 -0.0891699195
vn 0.918817043 -0.0338746682 -0.393227339
vn 0.996398389 -0.00975520443 -0.0842325091
vn 0.999143898 0.000139710799 0.0413693115
vn 0.999115646 0.00069202279 0.0420408472
vn 0.999334216 0.00109933747 0.0364678949
vn 0.999338627 0.00252128323 0.0362761989
vn 0.999544322 0.00211284426 0.0301106405
vn 0.99953419 0.00215206644 0.0304416623
vn 0.999178588 0.00283480505 0.0404234305
vn 0.999180019 0.00284976978 0.0403881967
vn -0.872849464 -0.035607215 -0.486688703
vn -0.872820616 -0.0356287435 -0.48673895
vn -0.982899547 -0.0114027234 -0.183789372
vn -0.983678341 -0.0110818828 -0.179594338
vn -0.999143362 -0.000139803626 -0.0413812473
vn -0.999116302 -0.000671032118 -0.0420266949
vn -0.999334812 -0.00106000737 -0.0364532284
vn -0.999340236 -0.00248139794 -0.0362340622
vn -0.999542296 -0.00203758059 -0.0301823206
vn -0.999532104 -0.00203754823 -0.0305193104
vn -0.999175131 -0.00272852206 -0.0405159481
vn -0.999180615 -0.00279408949 -0.0403769538
vn 1.62598481E-05 6.50722768E-06 -1
vn 1 0 1.62580773E-06
vn 1.16145184E-05 0.028512178 -0.999593437
vn 0.999590933 0.0286002327 2.47647768E-05
vn -0.999590933 0.0285991207 3.88005265E-06
vn -1 0 -1.68318584E-05
vn -1.00581319E-05 0.0285000037 0.999593794
vn -1.82845961E-05 -6.49501862E-06 1
vn 0.999590933 0.0286002327 2.47647768E-05
vn 1 0 1.62580773E-06
vn -6.71152202E-06 1 1.10260726E-05
vn -6.71152202E-06 1 1.10260726E-05
vn -6.71152202E-06 1 1.10260726E-05
vn -6.71152202E-06 1 1.10260726E-05
vn 0.0165717658 0.0439145677 -0.998897851
vn 0.998883724 0.0441605449 0.0167650077
vn 0.0210864078 0.0439128615 -0.998812854
vn 0.99879688 0.0441518202 0.02134002
vn -0.0165706985 0.0438948534 0.998898745
vn -0.0210892204 0.043885842 0.998813927
vn -0.998883784 0.0441596396 -0.0167654008
vn -0.99879688 0.0441574231 -0.0213278588
vn -0.99879688 0.0441574231 -0.0213278588
vn -0.998883784 0.0441596396 -0.0167654008
vn 9.65694744E-06 1 0
vn 9.65689924E-06 1 6.14714736E-06
vn 9.65689924E-06 1 6.14715645E-06
vn 9.65689924E-06 1 6.14714736E-06
vn 9.65685194E-06 1 1.22940164E-05
vn 9.65689924E-06 1 6.14715645E-06
vn 0.999999642 -0.00072698429 0.000375573145
vn 0.99999994 -0.000302358792 0.000190552033
vn 0.999999881 0.000471702864 -0.000146728198
vn 0.999999523 0.000896111073 -0.000331654766
vn 0.475592762 9.66720982E-05 0.879665554
vn 0.476604491 0.000914475415 0.87911737
vn 0.476207227 0.000593257428 0.8793329
vn 0.478891581 0.00276599964 0.877869666
vn 0.454426706 0.890784085 1.54975496E-05
vn 0.453553021 0.891229212 0.000377544988
vn 0.454240173 0.890879214 9.28006193E-05
vn 0.4529773 0.891521871 0.000616029021
vn 0.477684379 0.000109219509 -0.878531516
vn 0.477146 -0.000326548237 -0.878823996
vn 0.476797283 -0.00060867751 -0.879013062
vn 0.474782944 -0.00223669526 -0.880100071
vn 0.467410773 -0.884040236 -2.99598469E-06
vn 0.466596752 -0.884470105 -0.000344888598
vn 0.467235029 -0.88413316 -7.68318641E-05
vn 0.466056973 -0.884754539 -0.000571483513
vn -1.53452875E-05 -1.00783382E-05 1
vn -1.57961749E-05 0.000150306165 1
vn -1.50974238E-05 -1.01158912E-05 1
vn -1.51341364E-05 0.000203203279 1
vn -9.9129943E-07 -1 0
vn -1.30540414E-07 -1 -2.24239807E-06
vn -1.0909979E-06 -1 -1.01189494E-06
vn -1.31877391E-06 -1 -2.2417953E-06
vn -4.95387667E-07 -1 -3.0144563E-06
vn -1 -0.000151943881 9.92093046E-05
vn -0.99999994 -2.00741124E-05 0.000330504496
vn -1 -0.000142696153 0.000148708656
vn -0.99999994 8.43299131E-06 0.000407775631
vn -0.999995947 0.00245667435 0.00145726791
vn -1 -2.37323957E-06 -1.64485045E-05
vn -0.99999994 8.43299131E-06 0.000407775631
vn -0.999995947 0.00245667435 0.00145726791
vn -1 -0.000142696153 0.000148708656
vn -1 7.23641563E-07 -1.40727361E-05
vn -1 -0.000151943881 9.92093046E-05
vn -1 5.60458886E-07 -1.49686066E-05
vn -0.991626143 0.129000038 0.00605579326
vn -0.994978845 0.0999023095 0.00605618861
vn -0.948590517 0.315960735 0.0185691416
vn -0.955675066 0.294129968 0.0131405191
vn -1.27872436E-05 0.00241669174 0.999997079
vn -1.46582979E-05 0.00241653644 0.999997079
vn -1.29555756E-05 0.00241667824 0.999997079
vn -1.48266245E-05 0.00241652224 0.999997079
vn 1.18690923E-05 0.813707054 -0.581275225
vn 1.1738246E-05 0.813707352 -0.581274748
vn 1.18372282E-05 0.813707113 -0.581274986
vn 1.17063828E-05 0.813707411 -0.581274688
vn 1.81728337E-05 -0.00460429303 -0.99998939
vn 1.64477351E-05 -0.00460413517 -0.99998939
vn 1.7956454E-05 -0.00460427254 -0.99998939
vn 1.62313572E-05 -0.00460411562 -0.99998939
vn 7.52323422E-06 -0.99735105 -0.0727382079
vn 4.13677344E-06 -0.99735111 -0.0727377236
vn 6.47122806E-06 -0.99735105 -0.0727380589
vn 3.08476024E-06 -0.99735111 -0.0727375597
vn -1 0 -1.66378195E-05
vn -1 -1.90452567E-07 -1.5671194E-05
vn -1 3.21443281E-07 -1.75781552E-05
vn -1 -2.8597816E-07 -1.53153323E-05
vn 1.53720248E-05 -0.0473880209 -0.998876572
vn 1.54170975E-05 -0.0473083965 -0.998880327
vn 1.30595345E-05 9.01947988E-06 -1
vn 1.29903647E-05 8.98621147E-06 -1
vn 5.69692133E-07 1 8.50445758E-06
vn 4.45300998E-07 1 1.14259628E-05
vn 1.68038821E-06 1 1.05900972E-05
vn 1.13949125E-06 1 1.27705871E-05
vn -1.57961749E-05 0.000150306165 1
vn -1.6126387E-05 0.0478331335 0.998855352
vn -1.51341364E-05 0.000203203279 1
vn -1.79690887E-05 0.223437786 0.974718213
vn -1.48239887E-05 0.00379262748 0.999992788
vn -3.82375474E-05 0.9997015 -0.0244310293
vn -3.52014285E-05 0.9997015 -0.0244309083
vn 6.38334632E-06 0.99970156 -0.024429284
vn 7.60402327E-06 0.99970156 -0.0244292337
vn 2.37017193E-05 0.65928936 -0.751889348
vn 1.49563612E-05 0.659286976 -0.751891434
vn 9.33047158E-06 0.309544235 -0.950885057
vn 4.88579326E-06 0.29433766 -0.95570153
vn 2.09180562E-05 -0.254351288 -0.967111886
vn 9.33047158E-06 0.309544235 -0.950885057
vn 1.87387832E-05 -0.25435093 -0.967112005
vn 4.88579326E-06 0.29433766 -0.95570153
vn 1.54170975E-05 -0.0473083965 -0.998880327
vn 1.53720248E-05 -0.0473880209 -0.998876572
vn 1 2.10308963E-06 1.40996299E-05
vn 1 1.05458969E-06 1.50385522E-05
vn 1 5.4721653E-07 1.45445574E-05
vn 1 -3.06341633E-07 1.44354735E-05
vn 1 0 1.45220665E-05
vn 1 0 1.46036937E-05
vn 1.52335633E-05 1.02677095E-05 -1
vn 1.5356276E-05 1.02464028E-05 -1
vn 1.525888E-05 1.02229196E-05 -1
vn 1.5476915E-05 1.01568276E-05 -1
vn 1.29903647E-05 8.98621147E-06 -1
vn 1.53116871E-05 1.09302136E-05 -1
vn 1.30595345E-05 9.01947988E-06 -1
vn 1.54015252E-05 1.08013173E-05 -1
vn -1.48198324E-05 -1.00726002E-05 1
vn -1.50974238E-05 -1.01158912E-05 1
vn -1.44796559E-05 0.000150396168 1
vn -1.51341364E-05 0.000203203279 1
vn 4.95802055E-07 -1 -3.87637829E-06
vn 1.70073997E-06 -1 -1.53019005E-06
vn -1.30540414E-07 -1 -2.24239807E-06
vn 1.10877193E-06 -1 -2.15919567E-06
vn -4.95387667E-07 -1 -3.0144563E-06
vn 0.99999994 -1.99288697E-05 0.000361710932
vn 1 -0.000142753837 0.000177880414
vn 0.999999881 9.21369065E-06 0.000441947195
vn 1 -0.000151749773 0.000129122942
vn 0.999995828 0.00246956106 0.0014941761
vn 1 1.43778993E-06 1.57458653E-05
vn 0.999995828 0.00246956106 0.0014941761
vn 0.999999881 9.21369065E-06 0.000441947195
vn 1 -0.000142753837 0.000177880414
vn 1 2.12506529E-06 1.37642191E-05
vn 1 -0.000151749773 0.000129122942
vn 1 -1.82283645E-06 1.45499098E-05
vn 0.991625667 0.129002273 0.00608533248
vn 0.994979024 0.099898763 0.00608606311
vn 0.948590577 0.315959007 0.0185978226
vn 0.955674291 0.294131279 0.0131701929
vn -1.51062059E-05 0.00241669524 0.999997079
vn -1.49147872E-05 0.00241667219 0.999997079
vn -1.29785194E-05 0.00241643889 0.999997079
vn -1.27871053E-05 0.00241641584 0.999997079
vn 1.40188004E-05 0.813707352 -0.581274748
vn 1.35978316E-05 0.813707173 -0.581274986
vn 1.22900537E-05 0.813706577 -0.58127588
vn 1.18690796E-05 0.813706338 -0.581276178
vn 1.72309828E-05 -0.00460384227 -0.99998939
vn 1.69677005E-05 -0.00460386137 -0.99998939
vn 1.51319146E-05 -0.00460399687 -0.99998939
vn 1.48686331E-05 -0.00460401643 -0.99998939
vn -3.04720493E-06 -0.99735111 -0.0727371871
vn -2.5681079E-06 -0.99735111 -0.0727370679
vn -1.50498488E-06 -0.99735117 -0.0727367923
vn -1.02589104E-06 -0.99735117 -0.0727366731
vn 1 0 1.39321601E-05
vn 1 -1.60722337E-07 1.44321084E-05
vn 1 0 1.34182374E-05
vn 1 1.19235523E-07 1.32290379E-05
vn 1.08375152E-05 1.26194318E-05 -1
vn 1.93946235E-05 -0.0473081023 -0.998880386
vn 1.10893816E-05 1.2578017E-05 -1
vn 1.99929709E-05 -0.0473882705 -0.998876572
vn 1.26004479E-05 -0.254350603 -0.967112064
vn 1.18990974E-05 -0.254352301 -0.967111647
vn 1.70383228E-05 0.309544563 -0.950884938
vn 1.75850819E-05 0.294339806 -0.955700815
vn 1.53116871E-05 1.09302136E-05 -1
vn 1.54015252E-05 1.08013173E-05 -1
vn 1.50528904E-05 1.02677022E-05 -1
vn 1.51228905E-05 1.02677068E-05 -1
vn 1.525888E-05 1.02229196E-05 -1
vn 1.52335633E-05 1.02677095E-05 -1
vn -1 5.19143168E-06 -1.61151729E-05
vn -1 2.26250947E-07 -1.39007952E-05
vn -1 1.5647241E-07 -1.42425015E-05
vn -1 -7.03165938E-07 -1.55787511E-05
vn -1 -9.01162252E-07 -1.61604457E-05
vn -1 1.03651576E-06 -1.65801321E-05
vn -1.13986562E-06 1 1.15180037E-05
vn -8.62178638E-07 1 1.21216117E-05
vn 4.45300998E-07 1 1.14259628E-05
vn 1.13949125E-06 1 1.27705871E-05
vn -1.51341364E-05 0.000203203279 1
vn -1.39542799E-05 0.0478346497 0.998855293
vn -1.44796559E-05 0.000150396168 1
vn -1.01224687E-05 0.223436683 0.974718451
vn -1.48239887E-05 0.00379262748 0.999992788
vn 7.23891753E-06 0.99970156 -0.0244288519
vn -7.6084566E-06 0.99970156 -0.0244282372
vn 6.8155091E-06 0.99970156 -0.0244288333
vn -8.66160281E-06 0.99970156 -0.0244281925
vn 1.62716933E-05 0.659287214 -0.751891196
vn 1.70383228E-05 0.309544563 -0.950884938
vn 1.45695385E-05 0.659287035 -0.751891315
vn 1.75850819E-05 0.294339806 -0.955700815
vn -1 1.03651576E-06 -1.65801321E-05
vn -1 -8.02717386E-06 -1.68010229E-05
vn -1 2.26250947E-07 -1.39007952E-05
vn -1 4.05799392E-06 -1.85070985E-05
vn -1 4.05799437E-06 -1.85071003E-05
vn -1.13963574E-06 1 -2.1646606E-06
vn -1.22725464E-06 1 -1.83183829E-06
vn -5.26024394E-07 1 -2.8700407E-07
vn -5.69835436E-07 1 -1.02051239E-07
vn -5.26024394E-07 1 -2.8700407E-07
vn -5.69835436E-07 1 -1.02051239E-07
vn 5.69835095E-07 1 0
vn 5.69835038E-07 1 0
vn -0 0.388940006 0.921263039
vn -1.6126387E-05 0.0478331335 0.998855352
vn -7.36383618E-06 0.388938129 0.921263874
vn -1.79690887E-05 0.223437786 0.974718213
vn -3.72337126E-05 0.38893941 0.921263337
vn -2.44112216E-05 0.388936549 0.921264529
vn -1.39542799E-05 0.0478346497 0.998855293
vn -1.01224687E-05 0.223436683 0.974718451
vn 1 2.10308963E-06 1.40996299E-05
vn 1 5.4721653E-07 1.45445574E-05
vn 1 -2.90089247E-06 1.40916663E-05
vn 1 4.3477753E-06 1.73502358E-05
vn 1 4.34777576E-06 1.73502376E-05
vn 2.34914705E-06 0.993889451 -0.110379711
vn 1.02945442E-05 0.993890226 -0.11037299
vn 1.75570567E-05 0.959387362 -0.282092065
vn 4.84008124E-05 0.959371269 -0.282146633
vn 0.000109781031 0.622592866 -0.782545865
vn 1.0669225E-05 0.622831166 -0.782356203
vn -3.19305877E-06 0.983893812 0.178753868
vn -0.00577710615 0.999857306 -0.0158773139
vn -8.60197531E-07 0.980175674 0.19813028
vn 0.00631572539 0.999829233 -0.0173666906
vn 0.00980445649 0.990950108 0.133872047
vn 0.00452761538 0.991095364 -0.133076742
vn 0.00152776635 0.989263535 -0.1461346
vn 0.00850076415 0.735024393 -0.677987337
vn 0.00646074396 0.731606185 -0.681696892
vn -0.000748793304 0.449555218 0.893252194
vn -0.00072812842 0.449341893 0.893359601
vn -0.000875709287 0.168037415 0.985780239
vn -1.63732439E-05 0.166276842 0.986079097
vn 0.0115735326 0.49548468 -0.868539631
vn 1.45880658E-05 0.469883591 -0.882728338
vn 1 4.97655719E-06 1.31818106E-05
vn 0.771890223 1.90717201E-05 -0.635755837
vn 1 3.32917284E-06 1.42205972E-05
vn 0.679820359 2.05701599E-05 -0.733378649
vn 1 8.12830876E-06 1.08645099E-05
vn 1 8.60189175E-06 5.5888504E-06
vn 1 8.83572011E-06 2.28369731E-06
vn -0.679780245 -3.62452766E-07 -0.733415842
vn -0.771897256 1.46743378E-06 -0.635747254
vn -1 8.99851602E-06 -1.64640023E-05
vn -1 -1.51286781E-06 -1.54236059E-05
vn -1 1.04221454E-05 -1.54250974E-05
vn -1 -2.65319227E-06 -1.31065226E-05
vn -1 -2.82744645E-06 -1.1766243E-05
vn -0.771897256 1.46743378E-06 -0.635747254
vn -0.679780245 -3.62452766E-07 -0.733415842
vn -0.00847753603 0.735023022 -0.677989066
vn -0.0115435207 0.495478809 -0.868543327
vn -0.00643672794 0.731604338 -0.681699097
vn 1.46316943E-05 0.469882339 -0.882729053
vn -0.00152189843 0.989263356 -0.146136045
vn -0.004524488 0.991095424 -0.1330764
vn -0.00577710615 0.999857306 -0.0158773139
vn -0.00963572785 0.990947723 0.13390173
vn -3.19305877E-06 0.983893812 0.178753868
vn 0.000880046398 0.449514359 0.893272698
vn 0.00271599297 0.448975772 0.893539786
vn 0.00213645864 0.168037534 0.985778272
vn -1.42450999E-05 0.1724381 0.985020339
vn -1 -2.85129295E-06 -1.55703201E-05
vn -1 2.49366713E-06 -2.10517264E-05
vn -1 -3.09298639E-06 -1.5900634E-05
vn -1 4.97412248E-06 -1.76638405E-05
vn -1 3.17231752E-06 -1.49128409E-05
vn -1 0 -1.52513976E-05
vn -1 -2.18736386E-06 -1.53386045E-05
vn -1 4.57837677E-06 -1.50020614E-05
vn -1 4.50267498E-06 -2.07602334E-05
vn 1 2.37081608E-07 1.5143034E-05
vn 1 6.96550705E-06 1.58796138E-05
vn 1 -1.30486103E-06 1.96383444E-05
vn 1 -1.01652522E-05 1.1775689E-05
vn 1 2.47403273E-06 1.48328836E-05
vn 1 3.75428885E-06 1.4923181E-05
vn 1 2.701639E-06 1.89319198E-05
vn 1 -2.01490093E-06 1.49267553E-05
vn 1 -7.29127169E-06 1.43706457E-05
vn -0.000329949777 0.449380815 0.89334023
vn -0.000334317156 0.449257463 0.893402278
vn -0.000574523816 0.172050074 0.985087991
vn -1.52523826E-05 0.168740571 0.985660493
vn -0.00043463253 0.631644785 0.775257826
vn -1.22770953E-05 0.63018918 0.776441634
vn 0.00158489845 -0.915973246 0.401236176
vn 0.0131699163 -0.956767321 0.290555924
vn -5.89246019E-06 -0.990972519 0.134065256
vn -4.07551852E-06 -0.990968764 0.134092987
vn -0.0131802084 -0.956767678 0.290554583
vn -0.00245552766 -0.92904067 0.369969398
vn -3.80805062E-07 -0.999618649 0.0276141632
vn 0.0131699163 -0.956767321 0.290555924
vn 0.00677321991 -0.994882584 0.100810781
vn 0.00158489845 -0.915973246 0.401236176
vn -0.00684141368 -0.995259285 0.0970158726
vn -0.00245552766 -0.92904067 0.369969398
vn -0.0131802084 -0.956767678 0.290554583
vn -1.19647348E-06 -0.999618709 0.0276119169
vn 1.03682341E-05 -0.998075783 -0.062005952
vn 1.45339063E-05 -0.953735709 -0.300646394
vn 1.26678196E-05 1.24493245E-05 -1
vn 1.55123507E-05 1.24155367E-05 -1
vn -2.73177534E-06 -0.960651875 -0.277755201
vn 1.50636952E-05 6.05446075E-06 -1
vn 1.55401303E-05 5.96698237E-06 -1
vn -7.00603687E-06 -0.998075724 -0.0620061979
vn -5.56942086E-06 -1 0
vn 9.68474524E-07 -1 -2.14445226E-05
vn -5.15778538E-06 -1 -2.54160454E-06
vn 9.8051828E-07 -1 -2.00818195E-05
vn 1.80391021E-06 -1 1.28459915E-05
vn 1.07372819E-06 -1 2.55095438E-05
vn 1.06035259E-06 -1 2.33026694E-05
vn 1.39225699E-06 -1 1.20918139E-05
vn 9.68474524E-07 -1 -2.14445226E-05
vn 1.06035259E-06 -1 2.33026694E-05
vn 9.8051828E-07 -1 -2.00818195E-05
vn 1.07372819E-06 -1 2.55095438E-05
vn -2.85091369E-06 -0.974622488 0.223855063
vn -9.03214811E-07 -1 -1.33401891E-05
vn -4.46157537E-06 -0.974622548 0.223854497
vn -1.03690024E-06 -1 -1.0234904E-05
vn 4.47334241E-06 -0.964020193 -0.265829057
vn -1.03690024E-06 -1 -1.0234904E-05
vn 2.84438875E-06 -0.964018404 -0.265835404
vn -9.03214811E-07 -1 -1.33401891E-05
vn 1 7.37662185E-06 1.60142245E-05
vn 1 7.3766214E-06 1.60142245E-05
vn 1 7.3766214E-06 1.60142226E-05
vn -1 3.35306993E-07 -1.51131271E-05
vn -1 3.35306936E-07 -1.51131271E-05
vn -1 3.35306936E-07 -1.51131271E-05
vn -1 -2.32347543E-06 -0.000222192291
vn -1 -1.43304601E-06 -2.09492518E-05
vn -1 -3.53338777E-07 -8.4680345E-05
vn -1 -2.34904837E-06 -2.06046079E-05
vn -1 6.67624954E-06 -1.74618344E-05
vn -1 8.30193039E-06 -1.71360971E-05
vn 1.46488139E-06 0.99999994 -0.000289501972
vn 1.41427904E-06 0.99999994 -0.000286165887
vn -0 1 0.000160143798
vn -0 1 0.000163745281
vn 1.37056686E-05 0.182393923 -0.983225524
vn 1.40737193E-05 0.182393864 -0.983225524
vn 1.2813598E-05 0.182393789 -0.983225584
vn 1.4759813E-05 0.182393506 -0.983225644
vn 7.31449859E-07 -1 -9.79687866E-06
vn 7.31444288E-07 -1 -9.94597667E-06
vn -0 -1 -1.02419672E-05
vn -0 -1 -1.05031177E-05
vn -1.46648999E-05 -8.35126411E-06 1
vn -1.50799506E-05 -8.49959906E-06 1
vn -1.42666149E-05 -8.57517171E-06 1
vn -1.53374313E-05 -9.39517849E-06 1
vn 1 -1.27621806E-05 1.1457535E-05
vn 1 5.44964735E-07 2.06262321E-05
vn 1 -1.00978914E-05 1.19839178E-05
vn 1 2.77169738E-06 1.92472271E-05
vn 1 -5.95052325E-06 0.000121870908
vn 0.99999994 -2.88340902E-06 0.000328205468
vn 1.46261038E-06 1 0
vn -0 1 0.000160143798
vn 1.47945354E-06 1 3.77435322E-06
vn -0 1 0.000163745281
vn 1.37055777E-05 0.182394251 -0.983225465
vn 1.59698138E-05 0.182393655 -0.983225584
vn 1.40737193E-05 0.182393864 -0.983225524
vn 1.4759813E-05 0.182393506 -0.983225644
vn 7.31449859E-07 -1 -9.79687866E-06
vn 1.46275261E-06 -1 -9.46706132E-06
vn 7.31444288E-07 -1 -9.94597667E-06
vn 1.46274147E-06 -1 -9.50411049E-06
vn -1.36086937E-05 -2.08770939E-06 1
vn -1.45220229E-05 -3.65502819E-06 1
vn -1.50799506E-05 -8.49959906E-06 1
vn -1.53374313E-05 -9.39517849E-06 1
vn 1.42760541E-06 1 1.0129057E-05
vn 1.86134582E-06 1 9.21085757E-06
vn 8.70450151E-07 1 9.89417822E-06
vn 1.46245554E-06 1 7.39856569E-06
vn 4.38757706E-06 1 8.63168589E-06
vn -1.72043292E-05 -6.27268173E-06 1
vn -1.75213481E-05 -6.27259442E-06 1
vn -1.73415465E-05 -6.27264399E-06 1
vn -1.76585581E-05 -6.27255667E-06 1
vn 4.29556394E-06 1 1.18259313E-05
vn 4.29565171E-06 1 1.34193579E-05
vn 4.29563215E-06 1 1.30603694E-05
vn 4.29571901E-06 1 1.46538323E-05
vn 1.13062215E-05 4.18183618E-06 -1
vn 1.32748428E-05 1.00185116E-05 -1
vn 1.21583116E-05 6.70816007E-06 -1
vn 1.4126912E-05 1.25447768E-05 -1
vn -8.59137799E-06 -1 -5.91295111E-06
vn -2.53987378E-06 -1 -1.44344986E-05
vn -3.90325931E-06 -1 -1.25146216E-05
vn 2.1483047E-06 -1 -2.10362541E-05
vn -1 -1.00726147E-05 -1.44398618E-05
vn -1 1.14091648E-07 -2.11930383E-05
vn -1 -4.41900784E-06 -1.81878659E-05
vn -1 5.76797174E-06 -2.4941226E-05
vn 1 2.01454168E-05 1.96906476E-05
vn 1 1.33532822E-05 1.6313903E-05
vn 1 1.63757759E-05 1.78165519E-05
vn 1 9.58363216E-06 1.44398027E-05
vn -2.00133727E-05 -6.27205281E-06 1
vn -1.75486148E-05 -7.73155989E-06 1
vn -1.89465227E-05 -6.90379011E-06 1
vn -1.64817557E-05 -8.36330128E-06 1
vn -2.14791862E-06 1 0
vn 8.74440138E-06 1 1.78460868E-05
vn 6.29052965E-06 1 1.38256382E-05
vn 1.71828397E-05 1 3.16717087E-05
vn 1.46169778E-05 1.04540668E-05 -1
vn 1.92046828E-05 1.48313538E-05 -1
vn 1.66027294E-05 1.23487434E-05 -1
vn 2.11902752E-05 1.67258768E-05 -1
vn -2.14759484E-06 -1 -1.18260186E-05
vn -9.37301081E-07 -1 -1.61966473E-05
vn -1.20995753E-06 -1 -1.52120265E-05
vn -0 -1 -1.95827433E-05
vn -1 -1.43895249E-06 -6.5633767E-06
vn -1 1.36857489E-05 -1.50049373E-05
vn -1 6.95533663E-06 -1.12484877E-05
vn -1 2.2080023E-05 -1.96900401E-05
vn 1 -1.29508735E-05 2.49412569E-05
vn 1 -1.51160521E-05 2.32527545E-05
vn 1 -1.41525561E-05 2.40041318E-05
vn 1 -1.63176737E-05 2.23156749E-05
vn 1.29581522E-05 9.5796122E-06 -1
vn 1.02448284E-05 1.25596889E-05 -1
vn 1.24322305E-05 1.01572396E-05 -1
vn 9.71886584E-06 1.31373599E-05 -1
vn -0.841667593 0.493705958 -0.218746632
vn -0.841665208 0.493706733 -0.218753889
vn -0.841657221 0.493709564 -0.218778566
vn -0.841656446 0.493709803 -0.218780905
vn 0.443898529 0.756697834 -0.479960859
vn 0.443890601 0.756696105 -0.479971081
vn 0.443893194 0.756696641 -0.479967803
vn 0.443880647 0.7566939 -0.479983658
vn -0.404013604 -0.688738346 -0.602007091
vn -0.40401572 -0.688740075 -0.602003634
vn -0.404015303 -0.688739717 -0.602004349
vn -0.404018581 -0.688742459 -0.601998925
vn 0.841668248 -0.49370423 -0.218748048
vn 0.841670156 -0.493710577 -0.218726173
vn 0.841668427 -0.493704796 -0.218746141
vn 0.841670692 -0.493712306 -0.218720272
vn 0.908742487 0.0267670285 -0.416498035
vn 0.431194395 0.800372601 -0.4165034
vn 0.908553183 0.0340316594 -0.416380793
vn 0.424807191 0.803842008 -0.416385472
vn -0.477542311 0.773613393 -0.416504174
vn -0.483743846 0.769814968 -0.416385442
vn 0.483742565 -0.769811511 -0.416393191
vn 0.477558196 -0.773598433 -0.416513592
vn -0.424801946 -0.803834379 -0.416405618
vn -0.431172937 -0.800372183 -0.416526407
vn -0.90854311 -0.0340282992 -0.416403055
vn -0.908732474 -0.0267624371 -0.416520208
vn -0.483743846 0.769814968 -0.416385442
vn -0.477542311 0.773613393 -0.416504174
vn 1.596117E-05 1.16058036E-05 -1
vn 1.33446265E-05 1.0478183E-05 -1
vn 1.64847261E-05 1.24036424E-05 -1
vn 1.43912257E-05 1.04681803E-05 -1
vn 1.70077492E-05 1.15957946E-05 -1
vn 1.43912257E-05 1.04681803E-05 -1
vn 1.70077492E-05 1.15957946E-05 -1
vn 1.46528728E-05 8.38687993E-06 -1
vn -9.01330714E-06 -0.861796916 0.507253408
vn -0.0179508515 -0.324601084 0.945680678
vn -0.000434793183 0.00124811823 0.999999106
vn -0.000260623958 0.00102705765 0.999999464
vn -1.52911452E-05 -1.01277674E-05 1
vn -1.5106194E-05 8.9592897E-05 1
vn -1.46844841E-05 -1.02666163E-05 1
vn -1.41520632E-05 -8.6387281E-06 1
vn -3.61765342E-06 -0.980462909 0.19670403
vn -3.69210625E-06 -0.980462849 0.196704343
vn -0.012665974 0.136817187 0.990515351
vn 1 -8.92551998E-06 2.32044204E-05
vn 0.999999821 -0.000531812257 -0.000136724149
vn 1 2.07117887E-06 1.95917528E-05
vn 1 6.92673666E-07 1.57310405E-05
vn 0.997695088 0.0678563341 2.03378222E-05
vn 0.997657239 0.0684109554 2.09526315E-05
vn 0.164680794 0.9863469 1.81578889E-05
vn 0.164682299 0.986346662 2.03527543E-05
vn 7.65341667E-07 1 9.17268062E-06
vn 9.75467515E-07 1 7.86817873E-06
vn -1 4.2515083E-07 -1.51671566E-05
vn -1 0 -1.83711636E-05
vn -1 -1.11186148E-06 -1.61303069E-05
vn -1 9.01999272E-07 -1.52582825E-05
vn -1 -9.35657226E-07 -1.49842499E-05
vn -1 3.81166387E-06 -1.49525085E-05
vn -1 1.79841652E-06 -1.5444477E-05
vn -1 2.47265848E-06 -1.59412448E-05
vn -1 -5.94213418E-07 -1.39119111E-05
vn -1 0 -1.75942459E-05
vn -1 -3.81122192E-07 -1.25282622E-05
vn -1 -1.45866252E-07 -1.93086053E-05
vn 0.999998629 -0.00157737103 -0.000472529209
vn 0.999999821 -0.000531812257 -0.000136724149
vn 0.999998629 -0.00158738589 -0.000472744083
vn 0.999999166 -0.00123556668 -0.000360143546
vn 1 -8.92551998E-06 2.32044204E-05
vn -0.110088266 -0.328298807 0.938136697
vn -0.105192371 -0.298043579 0.948738456
vn -1.73597564E-05 -0.206338942 0.978480577
vn -1.7788765E-05 -0.206339002 0.978480577
vn -0.0411481969 -0.4223755 0.905486465
vn 9.06557489E-06 -0.443604708 0.896222532
vn -3.01046907E-06 -0.948013902 0.31822893
vn 6.57334704E-06 -0.802704394 0.596377134
vn 7.52311962E-06 -0.802471101 0.596690953
vn -0.0411481969 -0.4223755 0.905486465
vn 9.06557489E-06 -0.443604708 0.896222532
vn -5.16289174E-06 -0.9480142 0.318227947
vn 1.36722265E-05 0.411613554 -0.911358535
vn 1.23193449E-05 0.5563761 -0.830930591
vn -0.000226850447 0.386789501 -0.922168016
vn 1.40743077E-05 0.22724174 -0.973838329
vn 0.000369973306 0.202876046 -0.979204357
vn 1.54548688E-05 0.0159721114 -0.999872386
vn -1.8789473E-05 0.386945456 -0.92210263
vn -0.000475074397 0.20274134 -0.979232252
vn -0.000518743647 0.559390783 -0.828903854
vn -0.000226850447 0.386789501 -0.922168016
vn -0.0141732795 0.597064734 -0.802067816
vn -0.00888021663 0.408782423 -0.912588656
vn -0.0106564332 0.94592762 -0.324202806
vn 3.57202225E-06 0.957745016 -0.287618667
vn 1.23278448E-06 0.997502029 -0.0706383511
vn 1.26579687E-06 0.997502029 -0.070638217
vn 1.52190833E-05 0.540294945 -0.841475725
vn 0.000369973306 0.202876046 -0.979204357
vn 0.000799917616 0.226343676 -0.974047184
vn -1 0 -1.83711636E-05
vn -1 4.04357479E-07 -2.33970459E-05
vn -1 -3.81122192E-07 -1.25282622E-05
vn -1 -7.75680917E-07 -2.75652769E-06
vn -1 -5.73019042E-06 -7.4461982E-06
vn -1 4.2515083E-07 -1.51671566E-05
vn -1 -9.78352273E-06 -1.12082653E-05
vn -1 1.79841652E-06 -1.5444477E-05
vn -2.28431654E-05 -1.04123619E-05 1
vn -2.30606311E-05 -1.04753663E-05 1
vn -1.65750207E-05 -1.47321052E-05 1
vn -1.6483531E-05 -1.46458533E-05 1
vn -1.58026287E-05 -1.24540347E-05 1
vn -1.5850188E-05 -1.19398355E-05 1
vn -9.99764507E-06 -2.39606707E-05 1
vn -1.21505E-05 -2.37383156E-05 1
vn -2.54444731E-05 -1.00295374E-05 1
vn -2.5803407E-05 -1.00260613E-05 1
vn -3.57851013E-06 0.0117345219 0.999931157
vn 6.9633461E-07 0.0116719529 0.999931872
vn 1.9574145E-05 0.106441073 0.994318962
vn -2.05348169E-05 0.106451467 0.994317889
vn -3.1915708E-05 0.0117341261 0.999931157
vn -3.57700119E-05 0.0116718365 0.999931872
vn -5.61454362E-05 0.10643746 0.994319379
vn -1.75227942E-05 0.106448062 0.994318306
vn -0.666427851 -0.745569468 -1.64624144E-05
vn -0.666427732 -0.745569587 -1.76440535E-05
vn -0.666426897 -0.745570302 -1.67603903E-05
vn -0.666426301 -0.745570898 -1.51736458E-05
vn -0.666427732 -0.745569587 -1.76440535E-05
vn -0.66642803 -0.745569408 -1.79637864E-05
vn -0.666426301 -0.745570898 -1.51736458E-05
vn -0.666425586 -0.745571554 -9.36747529E-06
vn 1.49328635E-05 1.01644746E-05 -1
vn 1.31755205E-05 1.00269253E-05 -1
vn 1.48577274E-05 9.99349413E-06 -1
vn 1.54845638E-05 9.99347867E-06 -1
vn 1.56483766E-05 9.86732266E-06 -1
vn -2.67655906E-07 -1 -9.53797371E-06
vn -1.27255976E-06 -1 -8.67179006E-06
vn -6.12893075E-07 -1 -1.42905164E-05
vn -1.2724829E-06 -1 -1.43156412E-05
vn 1.83716665E-07 -1 -9.32033163E-06
vn 6.36406355E-07 -1 -7.35702042E-06
vn -1.10714461E-06 1 0.000225509983
vn -3.51767108E-06 1 0.000212624858
vn -1.60414163E-06 1 0.000222853341
vn -3.98195334E-06 1 0.000210143116
vn 0.560550928 -0.632339835 -0.534723222
vn 0.577855527 -0.616139293 -0.535215259
vn 0.843515694 -0.0507801287 -0.534698665
vn 0.844295263 -0.0270730536 -0.53519398
vn -0.0270645078 -0.844265699 -0.535241008
vn -0.0507611148 -0.843485415 -0.534748197
vn 0.634204865 0.558526576 -0.534632862
vn 0.616901815 0.577748358 -0.534452021
vn 0.0500477739 0.843752146 -0.534394562
vn 0.0258498956 0.84495908 -0.534205914
vn -0.597476542 0.597149253 -0.535195827
vn -0.596951485 0.598160148 -0.53465265
vn -0.845011175 -0.000523700437 -0.534748316
vn -0.844590783 -0.00256288168 -0.535406172
vn -0.63234359 -0.560541809 -0.534728229
vn -0.616134405 -0.57785517 -0.535221338
vn -0.0507611148 -0.843485415 -0.534748197
vn -0.0270645078 -0.844265699 -0.535241008
vn 1.33256754E-05 8.33135709E-06 -1
vn 2.02047759E-05 -2.28124151E-07 -1
vn 9.5954656E-06 2.51834226E-05 -1
vn 7.83637643E-06 -2.40255522E-05 -1
vn 2.18425193E-05 7.55480369E-06 -1
vn 5.47668333E-06 -6.96259804E-06 -1
vn 1.79447616E-05 1.60402087E-05 -1
vn 1.33256754E-05 8.33135709E-06 -1
vn 1.16145829E-05 4.44282268E-05 -1
vn 2.18425193E-05 7.55480369E-06 -1
vn 1.54548688E-05 0.0159721114 -0.999872386
vn 0.000369973306 0.202876046 -0.979204357
vn 0.000184060133 0.0301352777 -0.999545813
vn 0.000799917616 0.226343676 -0.974047184
vn 1.50320111E-05 1.17732425E-05 -1
vn 1.54958125E-05 1.13045598E-05 -1
vn -0.000153787245 0.030135002 -0.999545813
vn -0.000475074397 0.20274134 -0.979232252
vn -0.000521283946 0.226108193 -0.97410208
vn 0.0035552152 -0.53141588 -0.847103655
vn 1.2932107E-05 -0.536880732 -0.843658209
vn 0.00204142625 -0.534207046 -0.845351219
vn -0.00201587705 -0.534206748 -0.845351458
vn -0.00352999405 -0.531415343 -0.847104073
vn 0.941469073 0.336967289 -0.00943198521
vn 0.996218622 0.0865824595 0.00720585696
vn 0.947417021 0.319591969 0.0161876008
vn 1 3.43671786E-06 1.42049894E-05
vn 0.926956058 0.353525758 -0.12558642
vn -1.30573619E-06 1 0
vn -1.01210605E-06 1 -3.30049534E-06
vn -1.09834059E-06 1 -8.11860275E-07
vn -1.34365598E-06 1 -2.43716795E-06
vn -1 -6.91426658E-06 -5.99717987E-06
vn -1 4.81021971E-07 -1.61463977E-05
vn -1 2.29807574E-06 -1.145034E-05
vn -0.999999821 -0.000523099268 -0.000165297883
vn -0.997695148 0.0678557307 -1.62455326E-05
vn -0.99765712 0.068412438 -1.64643679E-05
vn -0.999999166 -0.00121809857 -0.000392663438
vn -0.999998569 -0.00159479526 -0.000508324825
vn -0.999998569 -0.00159801624 -0.000508405094
vn -0.164682001 0.986346722 7.72753901E-06
vn -0.164680853 0.9863469 7.73449847E-06
vn 7.65341667E-07 1 9.17268062E-06
vn 9.75467515E-07 1 7.86817873E-06
vn 0.000155670219 0.00111070019 0.999999344
vn 0.00511169666 -0.321764559 0.946805954
vn -0.0351959243 -0.864507556 0.501385987
vn -0.00302707311 -0.979949832 0.199221179
vn -1.72940927E-05 -0.979889333 0.199541613
vn 0.000230513833 0.00102695334 0.999999464
vn -1.52911452E-05 -1.01277674E-05 1
vn -1.59920273E-05 -9.90685749E-06 1
vn -1.5106194E-05 8.9592897E-05 1
vn 0.0126355477 0.13692753 0.99050045
vn -1.61257231E-05 -6.9855746E-06 1
vn 1 -7.58430133E-07 1.56669248E-05
vn 1 0 1.56770056E-05
vn 1 6.22192772E-07 1.59018073E-05
vn 1 6.98083511E-07 1.49084344E-05
vn 1 1.60787965E-06 1.5839325E-05
vn 1 1.24279768E-06 1.44372889E-05
vn 1 -2.3142691E-07 1.48352228E-05
vn 1 1.32977789E-07 1.44712549E-05
vn 1 0 1.14693721E-05
vn 1 -2.35989589E-07 1.24571288E-05
vn 1 1.54789291E-06 1.366992E-05
vn 1 2.32720186E-06 1.38277737E-05
vn -1.57388495E-05 -0.948010027 0.318240374
vn -3.52622992E-05 -0.802470803 0.59669131
vn -3.49741276E-05 -0.802705705 0.596375346
vn 0.0411220565 -0.422378361 0.905486345
vn -3.32422314E-05 -0.443606883 0.896221459
vn -1.23908885E-05 -0.948010385 0.318239331
vn 0.110058323 -0.328302592 0.938138902
vn -1.6798791E-05 -0.206337392 0.978480875
vn 0.105158828 -0.298045218 0.948741615
vn -1.77886213E-05 -0.206335038 0.978481412
vn 0.0411220565 -0.422378361 0.905486345
vn -3.32422314E-05 -0.443606883 0.896221459
vn 8.43856833E-06 0.997502029 -0.0706382766
vn 4.92740492E-06 0.957746208 -0.287614703
vn 7.23359335E-06 0.997502089 -0.0706376806
vn 0.0106652202 0.94592917 -0.324197918
vn 0.0141962152 0.597064674 -0.802067518
vn 0.00927565061 0.408968598 -0.912501335
vn -1.8789473E-05 0.386945456 -0.92210263
vn 0.000543402217 0.55938077 -0.828910649
vn 1.23193449E-05 0.5563761 -0.830930591
vn 1.22137508E-05 0.540291846 -0.841477633
vn -0.000521283946 0.226108193 -0.97410208
vn -0.000475074397 0.20274134 -0.979232252
vn 0.666427076 -0.745570242 -8.34965363E-07
vn 0.666428089 -0.745569289 -4.93942252E-07
vn 0.666427732 -0.745569587 3.4478544E-06
vn 0.666427255 -0.745570064 9.39185611E-06
vn 0.666423678 -0.745573223 0
vn 0.666428328 -0.74556911 -1.20571876E-05
vn 0.666427076 -0.745570242 -8.34965363E-07
vn 0.666428089 -0.745569289 -4.93942252E-07
vn 1.57113973E-05 9.92451533E-06 -1
vn 1.5811871E-05 9.91014804E-06 -1
vn 1.54845638E-05 9.99347867E-06 -1
vn 1.15285684E-05 1.03882576E-05 -1
vn 1.56483766E-05 9.86732266E-06 -1
vn 6.09270173E-05 1 1.42922336E-05
vn 5.10866703E-05 1 4.99873968E-05
vn 1.05300578E-05 1 0.000197103713
vn -0 1 0.000235313768
vn -0.560507298 -0.632361114 -0.534743905
vn -0.843503594 -0.0507820211 -0.53471756
vn -0.577827811 -0.616149426 -0.535233498
vn -0.844285786 -0.0270595998 -0.535209477
vn 0.0270882994 -0.844265342 -0.535240352
vn 0.0507725105 -0.843488574 -0.534742177
vn -0.634201586 0.558521509 -0.5346421
vn -0.616885245 0.577758849 -0.534459829
vn -0.0500190817 0.843753636 -0.53439486
vn -0.0258207396 0.844959259 -0.534206986
vn 0.597477615 0.597148359 -0.535195589
vn 0.596952319 0.598146856 -0.534666479
vn 0.845018923 -0.000514953979 -0.534736097
vn 0.844605863 -0.00254776981 -0.535382509
vn 0.632353663 -0.560544252 -0.534713984
vn 0.616146147 -0.577852666 -0.535210431
vn 0.0507725105 -0.843488574 -0.534742177
vn 0.0270882994 -0.844265342 -0.535240352
vn 1.97047921E-05 1.28882875E-05 -1
vn 1.22504707E-05 1.87167134E-05 -1
vn 1.88938739E-05 9.00986106E-06 -1
vn 1.65196179E-05 1.00789421E-05 -1
vn 1.21050607E-05 7.46654632E-06 -1
vn 1.48268409E-05 -1.7702348E-06 -1
vn 1.65196179E-05 1.00789421E-05 -1
vn 1.93724609E-05 1.12343778E-05 -1
vn 1.21050607E-05 7.46654632E-06 -1
vn 1.78761202E-05 1.83342017E-05 -1
vn -0.941474795 0.336950719 -0.00945606548
vn -0.947422862 0.319575936 0.0161600821
vn -0.996219575 0.086573936 0.00717617711
vn -1 -1.42823023E-06 -1.5348247E-05
vn -0.926961541 0.353507906 -0.125596449
vn 1 2.34611889E-05 1.16896199E-05
vn 0.970789969 0.227506682 0.0762075335
vn 0.999070823 0.0408659242 0.0136919515
vn 0.947725654 0.302563608 0.101347908
vn 2.61164678E-06 1 -1.52724697E-05
vn 1.73914714E-06 1 -1.27287103E-05
vn -1.01210605E-06 1 -3.30049534E-06
vn -1.34365598E-06 1 -2.43716795E-06
vn -0.947788 0.302365124 0.101357035
vn -0.970823228 0.227362767 0.0762128085
vn -0.99907124 0.0408570766 0.0136877922
vn -1 -7.21751439E-06 -1.1691016E-05
vn 1 -8.77187688E-07 1.36541339E-05
vn 1 1.54789291E-06 1.366992E-05
vn 1 6.98083511E-07 1.49084344E-05
vn 1 -1.19212882E-06 1.30351973E-05
vn 1 4.52829056E-07 1.63726927E-05
vn 1 0 1.56770056E-05
vn 1 0 9.79064589E-06
vn 1 0 1.14693721E-05
vn -0 -1 -7.12035762E-06
vn -9.68678933E-07 -1 -6.19427919E-06
vn -2.67655906E-07 -1 -9.53797371E-06
vn -1.27255976E-06 -1 -8.67179006E-06
vn -0 -1 -7.12035762E-06
vn -2.67655906E-07 -1 -9.53797371E-06
vn -1.01123625E-07 -1 -9.59493354E-06
vn 1.83716665E-07 -1 -9.32033163E-06
vn -0.988724232 -0.0589755103 -0.137645423
vn -0.985117197 -0.0377484635 -0.167687744
vn -0.987974226 -0.0597717799 -0.14259845
vn -0.98480618 -0.0390678048 -0.169205785
vn -0.980583191 -0.148670629 -0.127881736
vn -0.976480067 -0.17760314 -0.122244716
vn -0.983170986 -0.0399419479 -0.17826806
vn -0.981566489 -0.02524033 -0.189446971
vn -0.992723107 -0.0596058629 -0.104632609
vn -0.993883848 -0.0547230542 -0.0959178954
vn -0.997806787 -0.0330517516 -0.0573513657
vn -0.99869138 -0.0219628271 -0.0461862311
vn -0.998782694 0.0124105066 -0.0477400012
vn -0.998447359 0.0138866734 -0.0539449155
vn -0.997595906 0.00188988808 -0.0692736134
vn -0.997790039 -0.00451795617 -0.066291526
vn 0.970479965 -0.101749584 0.218668148
vn 0.970480442 -0.101750948 0.218665227
vn 0.970482349 -0.101755939 0.218654513
vn 0.970482826 -0.101757303 0.218651623
vn -0.970493674 0.101775669 -0.218594909
vn -0.970487714 0.101756848 -0.218630061
vn -0.970492423 0.101771615 -0.218602464
vn -0.970486462 0.101752788 -0.218637645
vn 0.117300957 -0.180378512 -0.976577759
vn 0.117278025 -0.180581465 -0.97654295
vn 0.1172655 -0.180589274 -0.976543009
vn 0.117264673 -0.180585489 -0.976543844
vn 0.117275871 -0.180584878 -0.976542652
vn 0.117281273 -0.180580959 -0.976542711
vn 0.117341638 -0.180494815 -0.976551354
vn 0.117295481 -0.180581406 -0.976540923
vn 0.117293157 -0.18058081 -0.976541281
vn 0.117296033 -0.180629253 -0.976531982
vn 0.117692605 -0.178411663 -0.976891875
vn 0.118046515 -0.180247188 -0.976512134
vn 0.422204733 0.896592259 -0.13366203
vn 0.424425066 0.895371139 -0.134810627
vn 0.423839897 0.895693779 -0.134507835
vn 0.426095158 0.894446909 -0.135674983
vn 0.365189165 -0.882516265 0.296313792
vn 0.368184566 -0.88199985 0.294136673
vn 0.368705511 -0.881908715 0.29375717
vn 0.371753514 -0.881367266 0.291532278
vn -0.155126572 0.950662434 -0.268657237
vn -0.157353118 0.950680673 -0.267294347
vn -0.156886935 0.950677335 -0.267579883
vn -0.159151152 0.950690687 -0.266192019
vn -0.601711035 -0.795078456 0.0761181936
vn -0.601716042 -0.795073867 0.0761271641
vn -0.601717055 -0.795072973 0.0761288106
vn -0.601721942 -0.795068324 0.0761377737
vn -0.117268912 0.180567577 0.976546645
vn -0.117279358 0.180641264 0.976531744
vn -0.117270261 0.180573657 0.976545334
vn -0.117277056 0.180578157 0.976543665
vn -0.117306463 0.180528179 0.976549387
vn -0.117280245 0.180585459 0.976541936
vn -0.117265336 0.180585817 0.976543665
vn -0.117285348 0.180578619 0.976542652
vn -0.117272921 0.180593327 0.9765414
vn -0.117239326 0.180570915 0.976549566
vn 0.0425522849 -0.610225797 -0.791083932
vn 0.0646904781 -0.502508044 -0.862149
vn 0.0495563038 -0.619505942 -0.783426166
vn 0.0698831305 -0.510593235 -0.856977761
vn 0.085789755 -0.384855628 -0.918981135
vn 0.0877805352 -0.382097811 -0.919943392
vn 0.0979639813 -0.285425842 -0.953380883
vn 0.100477539 -0.285827875 -0.952998817
vn 0.026561169 -0.747729242 -0.663472295
vn 0.020754585 -0.741180778 -0.670984566
vn 0.00940654613 -0.87260294 -0.488339603
vn 0.00583711965 -0.869987547 -0.493039191
vn 0.000828829187 -0.967619419 -0.252412498
vn -0.00128221163 -0.966376185 -0.257129252
vn -0.0023665356 -0.995000005 -0.0998468101
vn 5.02217745E-06 -0.994305491 -0.106566906
vn -0.0683497116 0.524424911 0.848708987
vn -0.0637247786 0.519226372 0.852257729
vn -0.0480335951 0.635229409 0.770828366
vn -0.0420568399 0.628702164 0.776508093
vn -0.0852551237 0.39384827 0.915213168
vn -0.0870586261 0.392482638 0.915629923
vn -0.0963248163 0.307669163 0.946605086
vn -0.0977858007 0.309010029 0.946018398
vn -0.0260765087 0.761044621 0.64817524
vn -0.0211902 0.755554438 0.654743075
vn -0.00941786449 0.87563324 0.482884765
vn -0.00805962738 0.872374833 0.48877117
vn -0.00199174625 0.956078649 0.293103516
vn -0.00105825556 0.95791471 0.287051022
vn 0.000171813459 0.984463274 0.175590575
vn -6.03156604E-06 0.984375954 0.176079661
vn -0.117686026 0.179736197 0.976649821
vn -0.117306463 0.180528179 0.976549387
vn -0.117347114 0.180447131 0.97655952
vn -0.117270261 0.180573657 0.976545334
vn 0.117614061 -0.177953988 -0.976984799
vn 0.119754851 -0.17533724 -0.977197826
vn 0.11980325 -0.172696173 -0.977662146
vn 0.140166789 0.000799907662 -0.990127563
vn 0.1707488 -0.0373270437 -0.984607279
vn 0.117884941 -0.17760843 -0.977015078
vn 0.116948463 -0.179354846 -0.976808488
vn 0.117361784 -0.180172399 -0.976608455
vn 0.218686536 0.0829858556 -0.972259998
vn 0.283778131 0.0402920879 -0.958043098
vn 0.462547332 0.131495506 -0.876788974
vn 0.552885354 0.0741560981 -0.829950988
vn 0.751169384 0.0619959384 -0.657191873
vn 0.811173201 0.00573162222 -0.584777832
vn 0.91121763 -0.0587990619 -0.407707155
vn 0.932396889 -0.102022395 -0.346738368
vn 0.955249429 -0.165235087 -0.245348558
vn 0.956994355 -0.20009172 -0.210059702
vn 0.956220508 -0.250768453 -0.150855735
vn 0.952793896 -0.28492254 -0.104895376
vn 0.952285707 -0.297607273 -0.067689918
vn 0.94416672 -0.320214063 -0.0775381103
vn 0.914846897 -0.301845163 0.268225014
vn 0.9150545 -0.298776418 0.270939052
vn 0.944195151 -0.205126464 0.257718116
vn 0.946530521 -0.199105725 0.253844082
vn 0.951556087 -0.216032997 0.218793929
vn 0.946774244 -0.225471526 0.229741409
vn 0.794624746 -0.292364299 0.532066405
vn 0.762400985 -0.310262263 0.567875028
vn 0.335635334 -0.384831578 0.859798491
vn 0.299569756 -0.386586756 0.872243464
vn -0.0350006409 -0.4558056 0.889390886
vn -0.0394150093 -0.448384345 0.892971396
vn -0.176129609 -0.568647563 0.803503752
vn -0.182729438 -0.577724636 0.795515001
vn -0.200824425 -0.703589797 0.68163836
vn -0.202403709 -0.714197516 0.670040786
vn -0.22346504 -0.810559988 0.541346431
vn -0.978002369 -0.13023138 -0.162945449
vn -0.976022601 -0.00292632543 -0.21764943
vn -0.975073159 -0.140693218 -0.17157425
vn -0.958858252 0.00408672122 -0.283856004
vn -0.685407758 0.0895338207 -0.722634017
vn -0.617329359 0.132886663 -0.775400281
vn -0.338382125 0.268394768 -0.901921153
vn -0.302016705 0.290771544 -0.907875478
vn -0.0968627855 0.380077004 -0.919869065
vn -0.0725867078 0.386813194 -0.919296861
vn 0.0994573683 0.446455538 -0.889261305
vn 0.104891486 0.445356488 -0.889187992
vn 0.18660672 0.521373153 -0.832675219
vn 0.190014437 0.524428666 -0.829981387
vn 0.184376836 0.637041986 -0.748453557
vn 0.182159603 0.639814734 -0.746629059
vn 0.207577616 0.754270673 -0.622886181
vn -0.117279544 0.180627629 0.976534247
vn -0.116949923 0.179982051 0.976692975
vn -0.117507719 0.178858191 0.976832449
vn -0.193817407 -0.0129132587 0.980952621
vn -0.118963599 0.175279751 0.977304816
vn -0.147120446 -0.0783060864 0.986014068
vn -0.119065523 0.177681014 0.976858675
vn -0.117392652 0.179702967 0.976691246
vn -0.244333699 -0.145369694 0.958732843
vn -0.30907765 -0.070042178 0.948454022
vn -0.462128341 -0.171799123 0.870012879
vn -0.544479609 -0.0895181447 0.833983481
vn -0.732267678 -0.0945020616 0.674428165
vn -0.793357968 -0.0164789502 0.608532369
vn -0.904246926 0.0429843962 0.424840927
vn -0.927050829 0.0933846161 0.36311999
vn -0.957435489 0.148995578 0.247219846
vn -0.962040246 0.180978984 0.204267278
vn -0.96370995 0.23871842 0.119484581
vn -0.970073104 0.222898275 0.0963041782
vn -0.98321712 0.181770548 -0.0156059479
vn -0.995725274 -0.016080806 0.0909539759
vn -0.653399646 0.571724534 -0.496185392
vn 0.985005677 0.0401123688 0.167793855
vn 0.985334218 0.0380655006 0.166335717
vn 0.988604724 0.0606030524 0.137796611
vn 0.989344597 0.0594168827 0.132916868
vn 0.938794255 -0.207519025 0.274956644
vn 0.935869217 -0.220102802 0.275142998
vn 0.935029924 -0.220835641 0.277399808
vn 0.93593967 -0.220648006 0.27446568
vn 0.993438661 0.0600849651 0.0973107591
vn 0.994489908 0.0556080863 0.0888684541
vn 0.998080075 0.0340789221 0.0517184064
vn 0.998818338 0.0239961799 0.0422616601
vn 0.998937547 -0.00856934674 0.0452797636
vn 0.998597324 -0.0105474973 0.0518858209
vn 0.997635007 -0.000613198907 0.0687313005
vn 0.997779727 0.00451727165 0.0664469451
vn -0.665015936 0.578053892 -0.472871542
vn -0.773734391 0.347371846 -0.529781044
vn -0.771866262 0.35283196 -0.528896987
vn -0.82955873 0.0936186686 -0.55051595
vn -0.778573096 0.17675887 -0.602146327
vn -0.675300717 0.553950191 -0.486937404
vn -0.656797707 0.495456755 -0.56845355
vn -0.778722584 0.123737745 -0.615044773
vn -0.79008764 -0.176314637 -0.587089956
vn -0.785685599 -0.143916324 -0.60165292
vn -0.788770616 -0.141475126 -0.59818536
vn -0.767840981 -0.213892654 -0.603879213
vn -0.693880379 0.457852513 -0.555788755
vn -0.0990319848 0.311894268 0.94494158
vn -0.0977858007 0.309010029 0.946018398
vn -0.0955065489 0.317483842 0.943441808
vn -0.0963248163 0.307669163 0.946605086
vn -0.969629467 0.0912845284 -0.226904765
vn -0.969259799 0.0915145874 -0.228386804
vn -0.983170986 -0.0399419479 -0.17826806
vn -0.981566489 -0.02524033 -0.189446971
vn 0.10266073 -0.287218004 -0.952347994
vn 0.0972986519 -0.296273977 -0.950134039
vn 0.100477539 -0.285827875 -0.952998817
vn 0.0979639813 -0.285425842 -0.953380883
vn 0.969846368 -0.0897761583 0.226579562
vn 0.935029924 -0.220835641 0.277399808
vn 0.969604671 -0.0899090692 0.227559194
vn 0.93593967 -0.220648006 0.27446568
vn 1.81846644E-05 -0.0681909248 -0.997672319
vn 1.80094448E-05 -0.0681902468 -0.997672379
vn 1.70681942E-05 -0.0681865737 -0.997672617
vn 1.68929764E-05 -0.0681858957 -0.997672677
vn 0.561129749 -0.310491055 0.767286599
vn 0.718156874 -0.213224307 0.662409306
vn 0.741649389 -0.183112204 0.645310819
vn 0.770606101 -0.191999406 0.607702494
vn 0.774303019 -0.164188161 0.611144066
vn 0.7527439 -0.139857635 0.643285632
vn 0.771157622 -0.143910483 0.620165884
vn 0.745239019 -0.120964624 0.655733466
vn 0.988732874 -0.0589516945 -0.137593389
vn 0.987983108 -0.0597478561 -0.14254652
vn 0.985126197 -0.0377306268 -0.167638794
vn 0.984814048 -0.0390587747 -0.169161558
vn 0.980585873 -0.148681849 -0.127847791
vn 0.976478577 -0.177629381 -0.122218668
vn 0.983175278 -0.0399517082 -0.178242058
vn 0.981571972 -0.0252411589 -0.189418346
vn 0.992728889 -0.0595881641 -0.104587398
vn 0.993888795 -0.054707896 -0.0958758891
vn 0.997808933 -0.0330477953 -0.0573158599
vn 0.998693109 -0.0219604261 -0.0461504385
vn 0.998784304 0.0124092884 -0.0477062799
vn 0.998449147 0.0138835283 -0.0539122857
vn 0.997597933 0.00188345008 -0.0692450255
vn 0.997791946 -0.0045266212 -0.0662622303
vn -0.97048986 -0.101759113 0.218619674
vn -0.970489323 -0.101756878 0.218622968
vn -0.97048974 -0.101758629 0.218620405
vn -0.970489204 -0.101756401 0.218623683
vn 0.970501244 0.101766989 -0.218565404
vn 0.970500588 0.101766102 -0.218568578
vn 0.970498383 0.101762883 -0.218580008
vn 0.970497727 0.101761989 -0.218583122
vn -0.117271595 -0.18038018 -0.976580918
vn -0.117255799 -0.180606678 -0.976541042
vn -0.117254958 -0.180582494 -0.976545572
vn -0.117248215 -0.18058522 -0.97654587
vn -0.117248118 -0.180586964 -0.976545572
vn -0.117248997 -0.180583715 -0.976546049
vn -0.117310703 -0.180496678 -0.976554751
vn -0.117262483 -0.180582747 -0.976544619
vn -0.117252313 -0.180584326 -0.976545572
vn -0.11726211 -0.180596724 -0.976542056
vn -0.117661789 -0.178404942 -0.976896822
vn -0.11801888 -0.180244043 -0.976516068
vn -0.426107913 0.894441068 -0.13567327
vn -0.424442768 0.895360768 -0.134823844
vn -0.423859417 0.895681798 -0.134526283
vn -0.422229141 0.896575809 -0.133695006
vn -0.365230799 -0.882504761 0.296296835
vn -0.368724883 -0.8819049 0.293744177
vn -0.368207157 -0.881994963 0.294123083
vn -0.371753722 -0.881370366 0.291522682
vn 0.159169108 0.950687408 -0.266192913
vn 0.157356486 0.950682402 -0.267286122
vn 0.156886443 0.950680435 -0.267569393
vn 0.155111745 0.950670362 -0.268637806
vn 0.601701736 -0.795082331 0.0761514381
vn 0.601714969 -0.795071661 0.0761582404
vn 0.601712942 -0.79507333 0.0761571825
vn 0.601726234 -0.795062602 0.0761639923
vn 0.117236905 0.18057096 0.976549864
vn 0.117241845 0.180576012 0.976548374
vn 0.117235102 0.180585951 0.976547301
vn 0.117248274 0.180580974 0.976546645
vn 0.117275998 0.180529937 0.976552725
vn 0.117246799 0.180587918 0.976545513
vn 0.117222212 0.180588156 0.976548433
vn 0.117251366 0.180578053 0.976546764
vn 0.117260136 0.180547163 0.976551473
vn 0.117220402 0.180571333 0.976551771
vn -0.0698577166 -0.510605693 -0.856972396
vn -0.0646628663 -0.502504945 -0.862152815
vn -0.0495316908 -0.61951369 -0.783421576
vn -0.0425262041 -0.610223651 -0.791086972
vn -0.0857619494 -0.384843677 -0.918988705
vn -0.087756224 -0.382106334 -0.9199422
vn -0.0979356766 -0.285418034 -0.953386128
vn -0.100449063 -0.28582716 -0.953002036
vn -0.0265382305 -0.747730911 -0.663471282
vn -0.0207311101 -0.741178095 -0.670988262
vn -0.00938843749 -0.872600496 -0.488344371
vn -0.00582538825 -0.86999321 -0.493029296
vn -0.000822596368 -0.967618525 -0.252415776
vn 0.00127592729 -0.966376901 -0.257126689
vn 0.00235835067 -0.994997501 -0.0998718813
vn -3.47057266E-07 -0.994305551 -0.106566571
vn 0.0683247522 0.524428487 0.848708749
vn 0.0480093434 0.635231256 0.770828307
vn 0.0636981949 0.519226432 0.852259576
vn 0.0420306623 0.628698468 0.776512444
vn 0.0852276459 0.393847555 0.915216029
vn 0.0870289207 0.392473072 0.915636897
vn 0.0962957144 0.307658315 0.946611583
vn 0.0977578238 0.309001744 0.946024001
vn 0.0260533374 0.761043966 0.648176908
vn 0.0211664177 0.755551934 0.654746652
vn 0.00940039847 0.875632882 0.482885838
vn 0.00804093946 0.872373044 0.488774598
vn 0.0019805138 0.956076801 0.293109477
vn 0.00104811206 0.957916677 0.287044495
vn -0.000178667193 0.984460175 0.175608158
vn -2.13040926E-06 0.984379232 0.176061019
vn 0.117653355 0.179732472 0.97665447
vn 0.117320746 0.180429071 0.976566017
vn 0.117275998 0.180529937 0.976552725
vn 0.117241845 0.180576012 0.976548374
vn -0.140136361 0.000797386572 -0.990131855
vn -0.119730137 -0.175335675 -0.977201164
vn -0.11977347 -0.172683641 -0.977667987
vn -0.117592059 -0.177949712 -0.976988196
vn -0.17071633 -0.0373289213 -0.984612882
vn -0.117847711 -0.177589804 -0.977022886
vn -0.116910562 -0.179347217 -0.976814449
vn -0.117324233 -0.180163875 -0.976614594
vn -0.218654796 0.0829846635 -0.97226727
vn -0.283747494 0.0402914844 -0.958052158
vn -0.462522179 0.131494552 -0.876802385
vn -0.552862287 0.0741550922 -0.829966426
vn -0.751147032 0.0619973391 -0.657217205
vn -0.81115365 0.00573306391 -0.584804893
vn -0.911204219 -0.0587949082 -0.407737702
vn -0.932385683 -0.102019027 -0.346769303
vn -0.955241978 -0.165238276 -0.245375484
vn -0.956988275 -0.200095937 -0.210083261
vn -0.956216931 -0.250768185 -0.15087904
vn -0.952790916 -0.284921587 -0.104924425
vn -0.952283025 -0.29760763 -0.0677246749
vn -0.944163322 -0.320215583 -0.0775736943
vn -0.946532905 -0.199100316 0.253839552
vn -0.915058613 -0.298776567 0.270924956
vn -0.944197893 -0.205121234 0.257712334
vn -0.914851189 -0.301854223 0.268200159
vn -0.951561213 -0.216033012 0.218771711
vn -0.94677949 -0.225473404 0.229718015
vn -0.794635236 -0.292365462 0.532050073
vn -0.762412727 -0.310263276 0.567858636
vn -0.335665166 -0.384834856 0.859785497
vn -0.29960084 -0.386588603 0.87223196
vn 0.0349636078 -0.455809116 0.889390588
vn 0.0393779315 -0.448387057 0.892971694
vn 0.176085919 -0.568655193 0.803507924
vn 0.182685852 -0.577734411 0.795517921
vn 0.200779408 -0.703596532 0.681644678
vn 0.202359229 -0.71420747 0.670043528
vn 0.223417059 -0.810565948 0.541357219
vn 0.978008747 -0.130234092 -0.162904486
vn 0.975081563 -0.140693262 -0.171526477
vn 0.976033866 -0.00292660971 -0.217598945
vn 0.958873332 0.00408723857 -0.283804923
vn 0.685429573 0.0895312503 -0.722613573
vn 0.617352247 0.132885888 -0.775382221
vn 0.338406563 0.268395782 -0.901911676
vn 0.30204311 0.290770352 -0.907867074
vn 0.096892029 0.380078614 -0.91986531
vn 0.0726176202 0.386815697 -0.919293344
vn -0.0994092599 0.446460247 -0.889264286
vn -0.104840659 0.445359319 -0.889192581
vn -0.186574429 0.521375537 -0.832680941
vn -0.189982846 0.524431884 -0.829986572
vn -0.184340045 0.63704741 -0.748457909
vn -0.182121649 0.639817953 -0.746635497
vn -0.207546577 0.754276037 -0.622890115
vn 0.193791106 -0.0129110524 0.980957866
vn 0.116917722 0.179978594 0.976697505
vn 0.117475949 0.178869486 0.976834238
vn 0.117237143 0.180604547 0.976543605
vn 0.118941002 0.175268337 0.977309585
vn 0.147095412 -0.0783032402 0.986018002
vn 0.119045861 0.177678704 0.976861537
vn 0.117368944 0.179698899 0.976694882
vn 0.244306564 -0.145368546 0.958739936
vn 0.309052318 -0.07004188 0.948462307
vn 0.462106645 -0.171795487 0.870025158
vn 0.544459105 -0.0895149484 0.83399719
vn 0.732246637 -0.0945022553 0.674450994
vn 0.793338656 -0.0164807849 0.608557403
vn 0.904234469 0.0429862216 0.424867362
vn 0.927040458 0.0933871418 0.363145769
vn 0.957428694 0.148997769 0.247244567
vn 0.962034702 0.180980518 0.204291999
vn 0.963706553 0.238718614 0.119512103
vn 0.970069945 0.222899631 0.0963329822
vn 0.983216643 0.181775823 -0.0155764511
vn 0.995723128 -0.0160702933 0.0909793898
vn 0.65342015 0.57172364 -0.496159315
vn -0.985010982 0.0401045233 0.167764664
vn -0.988607645 0.060612347 0.137772009
vn -0.985339642 0.0380572379 0.166305378
vn -0.989347279 0.0594276227 0.132892102
vn -0.938802898 -0.207524687 0.274922848
vn -0.935875475 -0.220094129 0.275128394
vn -0.935037196 -0.220836878 0.277374268
vn -0.935941517 -0.220649615 0.274458081
vn -0.993441284 0.0600904115 0.0972808227
vn -0.994492292 0.0556115545 0.0888391733
vn -0.998081625 0.0340783522 0.051688835
vn -0.998819768 0.023994267 0.0422297828
vn -0.998938918 -0.00857827999 0.045248501
vn -0.998598814 -0.0105563169 0.0518562905
vn -0.997636795 -0.000618290273 0.0687057897
vn -0.997781456 0.00451386953 0.0664209053
vn 0.665030956 0.578050315 -0.472854704
vn 0.771884561 0.352833211 -0.52886951
vn 0.773752272 0.347374558 -0.529753029
vn 0.829580963 0.0936286747 -0.550480723
vn 0.675313592 0.553954124 -0.486915171
vn 0.778589785 0.176760316 -0.602124333
vn 0.656812966 0.495459437 -0.568433523
vn 0.778739929 0.123738952 -0.615022659
vn 0.790102661 -0.176315948 -0.587069452
vn 0.785702348 -0.143914774 -0.601631403
vn 0.788789213 -0.141472504 -0.598161399
vn 0.767857611 -0.213894904 -0.603857398
vn 0.693896294 0.457854122 -0.555767655
vn 0.0990030318 0.311895251 0.944944322
vn 0.0954784006 0.317483962 0.94344461
vn 0.0977578238 0.309001744 0.946024001
vn 0.0962957144 0.307658315 0.946611583
vn 0.981571972 -0.0252411589 -0.189418346
vn 0.969262183 0.0915165693 -0.228375748
vn 0.983175278 -0.0399517082 -0.178242058
vn 0.96963042 0.0912874565 -0.226899639
vn -0.0979356766 -0.285418034 -0.953386128
vn -0.0972700566 -0.296274722 -0.950136781
vn -0.100449063 -0.28582716 -0.953002036
vn -0.102629527 -0.287220776 -0.952350497
vn -0.969855845 -0.0897768438 0.226538628
vn -0.96961236 -0.0899103209 0.227525741
vn -0.935037196 -0.220836878 0.277374268
vn -0.935941517 -0.220649615 0.274458081
vn 1.1186311E-05 -0.0681875721 -0.997672558
vn 1.19695005E-05 -0.0681849942 -0.997672737
vn 1.13092265E-05 -0.0681871697 -0.997672558
vn 1.20924133E-05 -0.0681845695 -0.997672737
vn -0.770624578 -0.192001656 0.607678533
vn -0.718176842 -0.213226497 0.662387013
vn -0.741667628 -0.183113635 0.645289481
vn -0.561152577 -0.310492009 0.767269552
vn -0.774319947 -0.164189324 0.61112231
vn -0.752760828 -0.139858231 0.643265724
vn -0.771174014 -0.143911302 0.620145261
vn -0.745256424 -0.120965049 0.655713558
vn -7.82656753E-06 -8.23232767E-06 1
vn -1.38614905E-05 -1.04815172E-05 1
vn -9.62953345E-06 -8.9042851E-06 1
vn -1.56644837E-05 -1.11534846E-05 1
vn -1 2.63863672E-06 -1.30866956E-05
vn -1 -2.16253352E-06 -3.07333685E-05
vn -1 2.00783438E-06 -1.5405205E-05
vn -1 -2.88673323E-06 -3.33951612E-05
vn -1.05897414E-06 0.916263521 -0.400576025
vn 1.55137491E-06 0.916263163 -0.400576979
vn 5.00192982E-07 0.916263282 -0.400576562
vn 3.11052872E-06 0.916262925 -0.400577486
vn -8.67669223E-06 -0.851954877 0.523615241
vn -9.5506839E-06 -0.85195452 0.523615897
vn -9.24875621E-06 -0.851954579 0.523615658
vn -1.01227388E-05 -0.851954222 0.523616195
vn -7.94807784E-06 0.927003384 0.375052959
vn -8.45279192E-06 0.927005231 0.375048429
vn -8.23873779E-06 0.927004457 0.375050306
vn -8.74346006E-06 0.927006304 0.375045776
vn -1.82806871E-05 -0.927019358 0.3750135
vn -6.53724283E-06 -0.927016318 0.375020951
vn -1.15176272E-05 -0.927017629 0.375017852
vn 2.25858031E-07 -0.927014589 0.375025302
vn -1.52316488E-05 -9.94509628E-06 1
vn -1.51368222E-05 -9.95517803E-06 1
vn -1.42873932E-05 -1.00454981E-05 1
vn -1.4192563E-05 -1.00555808E-05 1
vn -1 -7.42544444E-07 -1.47296678E-05
vn -1 -5.33434331E-07 -1.5521895E-05
vn -1 3.16915589E-07 -1.87434998E-05
vn -1 4.1383521E-07 -1.91106847E-05
vn 1.7019991E-05 1.02226359E-05 -1
vn 1.54795216E-05 1.05716126E-05 -1
vn 1.68891002E-05 1.02522872E-05 -1
vn 1.53486253E-05 1.06012667E-05 -1
vn -2.19252433E-05 -7.43556984E-06 1
vn -2.01224539E-05 -8.16862121E-06 1
vn -1.58908588E-05 -9.88927968E-06 1
vn -1.4088012E-05 -1.06223533E-05 1
vn 1 -3.20747768E-06 2.42895362E-06
vn 1 -2.44324929E-06 5.22650544E-06
vn 1 1.95757957E-06 2.1336291E-05
vn 1 2.62323942E-06 2.37730237E-05
vn 1.01092455E-05 0.916263938 -0.400575161
vn 8.671449E-06 0.91626358 -0.400575846
vn 7.7020859E-06 0.916263402 -0.400576293
vn 6.26427391E-06 0.916263103 -0.400577009
vn -1.01228488E-05 -0.851960838 0.523605525
vn -4.4816793E-06 -0.851954818 0.523615241
vn -1.50435039E-06 -0.851951599 0.523620486
vn 4.13664293E-06 -0.851945639 0.523630261
vn -3.06531047E-06 0.9270069 0.375044346
vn -6.88290856E-06 0.927006543 0.375045091
vn -9.69427856E-06 0.927006364 0.375045687
vn -1.35119317E-05 0.927006006 0.375046402
vn 7.94908829E-07 -0.92701906 0.375014156
vn -3.8524613E-06 -0.927017629 0.375017643
vn -7.27489623E-06 -0.927016675 0.375020206
vn -1.19223196E-05 -0.927015185 0.375023752
vn -1.41924947E-05 -9.50304457E-06 1
vn -1.99503284E-05 -9.90473472E-06 1
vn -1.47707178E-05 -9.54338429E-06 1
vn -2.05285669E-05 -9.94507445E-06 1
vn 1 -9.1075907E-07 1.21065068E-05
vn 1 -2.70583797E-07 8.31888156E-06
vn 1 -7.84405756E-07 1.13589313E-05
vn 1 -2.12019998E-07 7.97238681E-06
vn 1.06375692E-05 9.65471736E-06 -1
vn 1.15182502E-05 9.75849252E-06 -1
vn 2.100243E-05 1.08760696E-05 -1
vn 2.1883121E-05 1.09798484E-05 -1
vn -0.973190486 0.0521942973 0.224000081
vn -0.938090324 -0.292945117 0.18485038
vn -0.923944414 -0.17935212 0.337875128
vn -0.917623639 -0.198930278 0.344083637
vn -0.994486153 -0.0463952795 -0.0940469801
vn -0.916759312 -0.39944005 -0.000134485381
vn -0.71217531 -0.616182625 -0.336341053
vn -0.582272232 -0.0788998231 -0.809156299
vn -0.5447492 -0.352273762 -0.761020005
vn -0.447551429 -0.52105099 -0.726776123
vn -0.434068799 -0.537162364 -0.72321564
vn -0.386134893 -0.278385937 -0.879432261
vn -0.754359603 -0.313842595 -0.576579928
vn -0.700429916 -0.131302908 0.701539338
vn -0.740651011 0.0489683561 0.670103073
vn -0.954662681 0.258771867 0.147160739
vn -0.911177635 -0.173064083 0.37390393
vn -0.98479712 -0.0598938093 0.163056463
vn -0.741102099 0.648568094 -0.173571408
vn -0.997047305 -0.0435555093 0.0632423609
vn -0.905226827 0.424739718 -0.012673866
vn -0.977929652 -0.152650908 -0.142657846
vn -0.902931631 0.293768942 -0.313710481
vn -0.728029907 -0.0430380851 -0.684193075
vn -0.526454508 0.499562711 -0.687955499
vn -0.174324751 0.547652304 -0.818344533
vn -0.384054661 -0.0163642205 -0.923165321
vn 0.0150233284 0.605737448 -0.795522809
vn 0.027197998 0.409180164 -0.912048161
vn -0.584732115 -0.17393066 -0.792361379
vn -0.913946152 -0.156680539 -0.374370933
vn 0.340381444 0.940249205 0.00848044362
vn 0.321824014 0.677187383 -0.661699712
vn 0.295320064 0.895823836 0.332092792
vn -0.518927336 0.788138628 0.330986202
vn -0.363227338 0.47145173 0.803616345
vn -0.377555043 0.0355228223 0.925305486
vn -0.797340572 0.23867318 0.554331243
vn -0.449423641 0.450930148 0.771155179
vn -0.889159083 0.345259577 0.30031985
vn -0.98110944 0.129305243 0.143890187
vn -0.994069159 0.108739957 -0.0014626655
vn -0.98269552 0.0535351038 -0.177323133
vn -0.959787965 -0.0246844869 -0.279638588
vn -0.99845773 -0.0489748679 -0.0261462107
vn -0.976207316 0.206069455 -0.0674879178
vn -0.987326503 -0.0299124345 -0.155857414
vn -0.927557528 0.3736265 0.00634207344
vn -0.728467107 0.675798297 0.112393759
vn -0.996066093 0.0713773519 -0.0525137223
vn -0.834048271 0.248567194 0.492521852
vn -0.656751513 0.651889145 0.379101634
vn -0.459320009 0.745783806 0.482526302
vn -0.613195479 0.355850518 0.70523876
vn 0.000532344682 0.839867532 0.542791128
vn -0.0182007365 0.472250879 0.88127625
vn -0.277024776 0.903260469 0.327685535
vn -0.556916296 0.786811173 0.266030699
vn 0.0143507086 0.951285601 0.307976961
vn -0.159785271 0.901449561 0.402314961
vn 0.0341717675 0.937342644 0.34672904
vn -0.746821344 0.629594684 0.2141691
vn -0.384949774 0.810527503 0.441428125
vn -0.41714114 0.6969859 0.583270073
vn 0.034624815 0.744869769 0.666310906
vn 0.0411330275 0.830830574 0.555003405
vn -0.81593281 0.496377826 0.296416491
vn -0.46300292 0.623929799 0.629555225
vn 0.00790086761 0.503383458 0.864027023
vn 0.0256967321 0.689424515 0.72390157
vn 0.641277552 -0.106485367 -0.759884179
vn 0.948683679 -0.184369698 -0.25691855
vn 0.94355005 0.19383353 -0.268592328
vn 0.972600579 -0.226737484 0.0513638295
vn 0.990027726 -0.11287073 0.0842928886
vn 0.57686466 0.395123601 -0.714915752
vn 0.206392631 0.49091503 -0.846406817
vn 0.446483135 -0.0463817567 -0.893589139
vn 0.0150233284 0.605737448 -0.795522809
vn 0.027197998 0.409180164 -0.912048161
vn 0.866379201 -0.405057967 -0.292087525
vn 0.995045662 0.00888706744 -0.0990209803
vn 0.61847651 -0.0682415292 -0.78283453
vn 0.534887135 -0.265116155 -0.802252531
vn 0.480729848 -0.507343709 -0.715193152
vn 0.468102694 -0.556539416 -0.686399102
vn 0.464391738 -0.189221501 -0.865179539
vn 0.822536826 -0.179398134 -0.539675355
vn 0.97134316 0.129444376 0.199340284
vn 0.952856362 -0.193212315 0.233952522
vn 0.749486685 -0.137345687 0.647615552
vn 0.776853681 0.0207378045 0.629339576
vn 0.985072315 -0.0429442674 0.166698441
vn -0.201560035 0.688531697 -0.696633101
vn -0.363483638 0.931098282 0.0305889547
vn 0.512456775 0.808168709 0.290260822
vn 0.386208415 0.470524877 0.793378472
vn -0.306765407 0.889186263 0.339474201
vn 0.40319857 0.0487360619 0.913813829
vn -0.352024019 0.902579248 0.247850433
vn 0.000856157159 0.94976002 0.31297797
vn 0.820860982 0.286817282 0.493885636
vn 0.469903737 0.464840174 0.750409305
vn 0.889601648 0.334356219 0.311150819
vn 0.992297471 0.0980699435 0.0756836385
vn 0.987741947 0.0596121922 -0.144264519
vn 0.993662775 -0.0681602359 0.0893780515
vn 0.984580457 -0.0151112527 -0.174278349
vn 0.999219418 0.0384559892 -0.00903453678
vn 0.983773768 -0.147807732 -0.101695478
vn 0.983204842 0.178542525 -0.0378264375
vn 0.995782673 0.0221953858 -0.0890183672
vn 0.80606699 0.529830098 0.263696849
vn 0.936191738 0.200498849 0.288695723
vn 0.500717044 0.754729152 0.423870713
vn 0.661627948 0.36810413 0.653259397
vn 0.000532344682 0.839867532 0.542791128
vn -0.0182007365 0.472250879 0.88127625
vn 0.646293044 0.71442771 0.268138766
vn 0.899469793 0.423389792 0.108144335
vn 0.314042985 0.896104217 0.313646853
vn 0.0143507086 0.951285601 0.307976961
vn 0.773689926 0.600145221 0.203050703
vn 0.379106432 0.805370808 0.455693007
vn 0.183390856 0.901799977 0.391311496
vn 0.0341717675 0.937342644 0.34672904
vn 0.417026967 0.687298238 0.594734967
vn 0.034624815 0.744869769 0.666310906
vn 0.0411330275 0.830830574 0.555003405
vn 0.848286808 0.448152333 0.282079697
vn 0.0256967321 0.689424515 0.72390157
vn 0.441228002 0.60862726 0.659462392
vn 0.00790086761 0.503383458 0.864027023
vn -0.384054661 -0.0163642205 -0.923165321
vn -0.386134893 -0.278385937 -0.879432261
vn -0.754359603 -0.313842595 -0.576579928
vn -0.584732115 -0.17393066 -0.792361379
vn -0.5447492 -0.352273762 -0.761020005
vn -0.699651241 -0.260153055 -0.665438652
vn -0.447551429 -0.52105099 -0.726776123
vn -0.261551231 0.345502466 -0.901231945
vn -0.913946152 -0.156680539 -0.374370933
vn 0.027197998 0.409180164 -0.912048161
vn 0.251126707 0.273303092 -0.928569198
vn 0.446483135 -0.0463817567 -0.893589139
vn -0.865331471 -0.363238901 -0.345338911
vn -0.540223718 -0.693449438 -0.476745427
vn -0.434068799 -0.537162364 -0.72321564
vn 0.00127443275 -0.00356173911 -0.999992847
vn -0.71217531 -0.616182625 -0.336341053
vn -0.916759312 -0.39944005 -0.000134485381
vn -0.965391695 -0.26071915 -0.00666666869
vn 0.540768147 -0.69197768 -0.478264391
vn -0.977929652 -0.152650908 -0.142657846
vn -0.948614061 -0.229027644 0.218352139
vn -0.938090324 -0.292945117 0.18485038
vn 0.468102694 -0.556539416 -0.686399102
vn 0.480729848 -0.507343709 -0.715193152
vn 0.526265502 -0.169769466 -0.833200395
vn -0.997047305 -0.0435555093 0.0632423609
vn 0.822536826 -0.179398134 -0.539675355
vn 0.464391738 -0.189221501 -0.865179539
vn 0.641277552 -0.106485367 -0.759884179
vn 0.534887135 -0.265116155 -0.802252531
vn -0.917623639 -0.198930278 0.344083637
vn -0.911177635 -0.173064083 0.37390393
vn -0.98479712 -0.0598938093 0.163056463
vn 0.948683679 -0.184369698 -0.25691855
vn 0.866379201 -0.405057967 -0.292087525
vn 0.526265502 -0.169769466 -0.833200395
vn -1.084629E-05 -4.11078418E-06 -1
vn -9.97401548E-06 -2.04983153E-05 -1
vn 1.77765141E-05 1.11627633E-05 -1
vn 0.251126707 0.273303092 -0.928569198
vn -3.91038429E-06 -1.47750222E-06 -1
vn -0.736073732 0.594277203 0.324083388
vn 0.00849880278 0.939487636 0.342477322
vn -0.687654853 0.646863163 0.329695046
vn -6.60243904E-06 0.936944664 0.349477768
vn -0.948791564 0.000322087406 0.31590265
vn -0.949286163 0.000734341331 0.314412624
vn -0.731617093 -0.599547982 0.324466765
vn -0.68544513 -0.649250627 0.329603851
vn 0.000192896012 -0.939598799 0.342277616
vn 9.1758593E-06 -0.937515438 0.347943813
vn 0.738804698 0.591417074 0.323099911
vn 0.689350367 0.645474136 0.32887575
vn 0.00849880278 0.939487636 0.342477322
vn -6.60243904E-06 0.936944664 0.349477768
vn 0.948958695 0.0027628066 0.315388203
vn 0.949451923 0.00644527562 0.31384635
vn 0.735084713 -0.595527887 0.324032396
vn 0.685480177 -0.649221778 0.329587519
vn 0.000192896012 -0.939598799 0.342277616
vn 9.1758593E-06 -0.937515438 0.347943813
vn 6.49737058E-06 2.44394846E-06 1
vn 5.05908702E-06 1.00220104E-05 1
vn 3.15163652E-06 1.60289881E-06 1
vn -3.85385761E-07 -2.59170133E-06 1
vn -0 -5.90108939E-05 1
vn 5.42311363E-06 -1.09193779E-05 1
vn 1.66610278E-06 -2.15707678E-06 1
vn 1.52029907E-06 -2.06540717E-05 1
vn -0.357412428 0.01927693 0.933747709
vn -0.363227338 0.47145173 0.803616345
vn -0.36006096 -0.00732091721 0.932900012
vn -0.00330381119 0.532109261 0.846669197
vn 0.0161686353 -0.0963580534 0.995215416
vn -0.518927336 0.788138628 0.330986202
vn 0.00827246811 0.792544842 -0.609757483
vn 0.40470618 0.66809094 -0.624393582
vn 0.321824014 0.677187383 -0.661699712
vn -0.377555043 0.0355228223 0.925305486
vn -0.280444115 -0.0382314362 0.959108651
vn 0.000408142863 0.0995993689 0.995027542
vn 0.000317867816 -0.0644747838 0.997919261
vn -0.449423641 0.450930148 0.771155179
vn 0.00790086761 0.503383458 0.864027023
vn 0.318597794 -0.0460509695 0.946770668
vn 0.000408142863 0.0995993689 0.995027542
vn 0.000317867816 -0.0644747838 0.997919261
vn 0.40319857 0.0487360619 0.913813829
vn 0.399906218 0.01107594 0.916489184
vn 0.386208415 0.470524877 0.793378472
vn 0.38550368 0.000438023417 0.922706187
vn -0.00330381119 0.532109261 0.846669197
vn 0.512456775 0.808168709 0.290260822
vn 0.0161686353 -0.0963580534 0.995215416
vn 0.00827246811 0.792544842 -0.609757483
vn -0.420947134 0.648414969 -0.634319663
vn -0.201560035 0.688531697 -0.696633101
vn 0.469903737 0.464840174 0.750409305
vn 0.00790086761 0.503383458 0.864027023
vn 0.331115276 0.911727071 0.243138775
vn 0.000856157159 0.94976002 0.31297797
vn 1.18209373E-05 -0.999961019 0.00882603694
vn 0.000345803972 -0.999973834 0.00722193345
vn 0.00354004069 -0.999576807 0.0288750846
vn 0.00154784997 -0.999574721 0.0291213822
vn 0.00448394567 -0.996947527 0.0779449791
vn 0.00110171747 -0.99509716 0.0988961756
vn 0.00134995871 -0.988262713 0.152758107
vn 0.00121526385 -0.988053858 0.15410389
vn -0.00035230277 -0.973184943 0.230023891
vn 1.24678372E-05 -0.999997318 -0.00231893058
vn 8.90693045E-05 -0.99999249 -0.00387394568
vn 0.000121367273 -0.999840498 -0.0178624056
vn 0.000206883618 -0.999842882 -0.0177253932
vn 0.000223892697 -0.999586642 -0.0287482422
vn 0.000255012215 -0.999541581 -0.0302748773
vn -0.000412135356 -0.988122761 -0.153665885
vn 0.995782673 0.0221953858 -0.0890183672
vn 0.989116192 -0.0855091065 -0.119738758
vn 0.936191738 0.200498849 0.288695723
vn 0.961817563 0.0265003722 0.272405505
vn 0.661627948 0.36810413 0.653259397
vn 0.688410044 0.0817930624 0.720695198
vn -0.0182007365 0.472250879 0.88127625
vn -0.0205747094 0.173113599 0.984686971
vn 0.983773768 -0.147807732 -0.101695478
vn 0.958975494 -0.21076791 -0.189586043
vn 0.949622333 -0.280131787 0.14051187
vn 0.993662775 -0.0681602359 0.0893780515
vn 0.963762581 -0.209420085 -0.16524215
vn 0.984580457 -0.0151112527 -0.174278349
vn 0.701008856 -0.0139729017 -0.713015616
vn 0.651186705 -0.0845936239 -0.75418818
vn -0.000274646969 -0.0154546872 -0.999880493
vn -0.0057614469 -0.103255466 -0.994638205
vn -0.641864419 0.0975784808 0.760584354
vn -0.868593812 0.0454491787 0.493436009
vn -0.613195479 0.355850518 0.70523876
vn -0.834048271 0.248567194 0.492521852
vn -0.0182007365 0.472250879 0.88127625
vn -0.0205747094 0.173113599 0.984686971
vn -0.996066093 0.0713773519 -0.0525137223
vn -0.996485591 -0.0481270775 -0.0685584396
vn -0.987326503 -0.0299124345 -0.155857414
vn -0.964236736 -0.180042446 -0.194505051
vn -0.99845773 -0.0489748679 -0.0261462107
vn -0.982207537 -0.186475828 -0.022250168
vn -0.951885164 -0.159361601 -0.261760473
vn -0.959787965 -0.0246844869 -0.279638588
vn -0.682308972 -0.0316540487 -0.730378389
vn -0.629192591 -0.101468071 -0.770597756
vn -0.000274646969 -0.0154546872 -0.999880493
vn -0.0057614469 -0.103255466 -0.994638205
vn 0.701008856 -0.0139729017 -0.713015616
vn 0.745720208 0.0787686631 -0.661586583
vn 0.412334442 -0.00184871838 -0.91103065
vn 0.000773722422 0.409703761 -0.912218332
vn 0.00127443275 -0.00356173911 -0.999992847
vn 0.605223477 0.471945137 -0.6410712
vn 0.499709725 0.171591327 -0.849026799
vn -0.000274646969 -0.0154546872 -0.999880493
vn 0.00677340757 -0.119318381 -0.992832959
vn 0.000364858075 0.205842689 -0.978585064
vn -0.501610637 0.180036098 -0.846152306
vn 0.499709725 0.171591327 -0.849026799
vn 0.000773722422 0.409703761 -0.912218332
vn -0.501610637 0.180036098 -0.846152306
vn -0.588839591 0.459359258 -0.665024042
vn -0.733176887 0.056830015 -0.677659214
vn 0.00127443275 -0.00356173911 -0.999992847
vn -0.682308972 -0.0316540487 -0.730378389
vn -0.407927096 -0.0106878541 -0.912951946
vn -0.000274646969 -0.0154546872 -0.999880493
vn 0.00677340757 -0.119318381 -0.992832959
vn 0.00887742359 0.920721173 -0.39012
vn -0.201560035 0.688531697 -0.696633101
vn -0.420947134 0.648414969 -0.634319663
vn -0.363483638 0.931098282 0.0305889547
vn -0.306765407 0.889186263 0.339474201
vn -0.352024019 0.902579248 0.247850433
vn 0.000856157159 0.94976002 0.31297797
vn 0.00827246811 0.792544842 -0.609757483
vn 0.00827246811 0.792544842 -0.609757483
vn 0.40470618 0.66809094 -0.624393582
vn 0.00887742359 0.920721173 -0.39012
vn 0.321824014 0.677187383 -0.661699712
vn 0.340381444 0.940249205 0.00848044362
vn 0.295320064 0.895823836 0.332092792
vn 0.331115276 0.911727071 0.243138775
vn 0.000856157159 0.94976002 0.31297797
vn 0.0151174683 -0.100409523 -0.994831324
vn -0.99421972 -0.10734269 -0.00215574051
vn 0.0152119631 -0.0926887617 -0.995578945
vn -0.996641397 -0.0818888918 0.000262329559
vn 0.994403422 -0.105515398 0.00531733548
vn 0.992408097 -0.12261489 -0.00957594905
vn 0.0152119631 -0.0926887617 -0.995578945
vn 0.0151174683 -0.100409523 -0.994831324
vn -0.012139637 -0.188835859 0.981933594
vn 0.992408097 -0.12261489 -0.00957594905
vn -0.0162109025 -0.133647561 0.990896285
vn 0.994403422 -0.105515398 0.00531733548
vn -0.996641397 -0.0818888918 0.000262329559
vn -0.99421972 -0.10734269 -0.00215574051
vn -0.0162109025 -0.133647561 0.990896285
vn -0.012139637 -0.188835859 0.981933594
vn -0.071789369 -0.0847920254 0.993809164
vn 0.999978542 0.0013503799 0.00641409634
vn -0.0263137277 -0.166069925 0.985762835
vn 0.996681809 -0.0561512671 -0.0589269958
vn -0.999133766 -0.033462368 0.0247392748
vn -0.997027993 -0.0714036822 -0.028925186
vn 0.0511038788 0.0712110326 -0.996151328
vn 0.0146906665 0.000105311607 -0.999892056
vn 0.996681809 -0.0561512671 -0.0589269958
vn 0.999978542 0.0013503799 0.00641409634
vn 0.0151174683 -0.100409523 -0.994831324
vn -0.99421972 -0.10734269 -0.00215574051
vn -0.012139637 -0.188835859 0.981933594
vn 0.992408097 -0.12261489 -0.00957594905
vn 0.992408097 -0.12261489 -0.00957594905
vn 0.99990207 -0.0138225611 -0.00219151145
vn -0.0756763145 -0.0542104878 0.995657742
vn 0.0679169223 0.0188113842 -0.997513592
vn 0.99990207 -0.0138225611 -0.00219151145
vn -0.998581409 -0.0249458738 0.0470410772
vn 0.973190665 0.0521919839 0.223999888
vn 0.923944175 -0.179353043 0.337875068
vn 0.938090265 -0.292945832 0.184849396
vn 0.917624116 -0.19892855 0.344083428
vn 0.994486034 -0.0463962816 -0.0940476358
vn 0.916760445 -0.399437487 -0.000136292772
vn 0.712172508 -0.616185784 -0.336341143
vn 0.582271576 -0.0789001063 -0.809156716
vn 0.544749141 -0.352274984 -0.761019468
vn 0.447552234 -0.521051705 -0.72677511
vn 0.434069067 -0.537162542 -0.723215342
vn 0.386135072 -0.278385609 -0.879432321
vn 0.754358232 -0.3138403 -0.576582849
vn 0.700430512 -0.131303862 0.701538622
vn 0.7406528 0.0489656366 0.670101404
vn 0.954661429 0.258772969 0.147166818
vn 0.911178112 -0.173066646 0.373901635
vn 0.984796345 -0.0598980151 0.163059488
vn 0.741102278 0.648568094 -0.173570991
vn 0.997047305 -0.0435561389 0.0632420704
vn 0.905226707 0.424739838 -0.0126771526
vn 0.977929354 -0.152653724 -0.14265728
vn 0.902931809 0.293768257 -0.313710749
vn 0.728029549 -0.0430384018 -0.684193432
vn 0.526452363 0.49956435 -0.687955916
vn 0.174323753 0.547655463 -0.818342686
vn 0.384054303 -0.016363455 -0.9231655
vn -0.0150248483 0.605736971 -0.795523107
vn -0.0272015035 0.409179032 -0.912048578
vn 0.584731579 -0.173932523 -0.792361319
vn 0.913946331 -0.156681523 -0.374370039
vn -0.340378433 0.940250278 0.00847922452
vn -0.321822345 0.677188158 -0.661699831
vn -0.295320719 0.895823717 0.332092613
vn 0.518925011 0.788142204 0.330981463
vn 0.363229513 0.471454024 0.80361402
vn 0.377555192 0.0355212055 0.925305545
vn 0.797340512 0.238671973 0.554331779
vn 0.449423283 0.450930655 0.771155119
vn 0.889159024 0.345261365 0.300317824
vn 0.981109381 0.129306316 0.143889442
vn 0.99406898 0.108741134 -0.00146372966
vn 0.98269558 0.0535355024 -0.177322611
vn 0.959787965 -0.02468477 -0.279638499
vn 0.99845767 -0.0489759929 -0.0261468887
vn 0.976207197 0.20607008 -0.067488119
vn 0.987326443 -0.0299130566 -0.155858323
vn 0.927557409 0.373626918 0.00634270301
vn 0.728467226 0.675798178 0.112394124
vn 0.996066093 0.0713780001 -0.0525128879
vn 0.834047258 0.248568863 0.492522746
vn 0.65675199 0.651887715 0.379103214
vn 0.459320188 0.745784044 0.482525706
vn 0.613196194 0.35585165 0.705237567
vn -0.00053265912 0.839868546 0.542789638
vn 0.0182005558 0.472250968 0.88127619
vn 0.277023733 0.903260887 0.327685297
vn 0.55691582 0.786811471 0.266030908
vn -0.0143502606 0.95128566 0.307976753
vn 0.159784108 0.901449144 0.402316421
vn -0.0341701619 0.937342405 0.346729845
vn 0.74682194 0.629593611 0.214170054
vn 0.384948492 0.810528219 0.441428035
vn 0.815932095 0.496379763 0.29641518
vn 0.417141855 0.696986556 0.583268762
vn -0.0346234292 0.744871318 0.666309178
vn -0.0411318764 0.830830216 0.555003881
vn 0.46300301 0.623930216 0.629554749
vn -0.0078998711 0.503383458 0.864027023
vn -0.0256958269 0.689424694 0.723901451
vn -0.64127773 -0.106483005 -0.759884357
vn -0.943549812 0.193834484 -0.268592656
vn -0.948684573 -0.184368029 -0.256916344
vn -0.9726004 -0.226738647 0.0513627455
vn -0.990027785 -0.112871364 0.0842910111
vn -0.576863408 0.395122647 -0.714917302
vn -0.206391856 0.490915716 -0.846406579
vn -0.446482688 -0.046378646 -0.893589556
vn -0.0150248483 0.605736971 -0.795523107
vn -0.0272015035 0.409179032 -0.912048578
vn -0.866380036 -0.405058533 -0.292084277
vn -0.995045662 0.00888650864 -0.0990212411
vn -0.61847651 -0.0682418868 -0.78283447
vn -0.534887314 -0.26511693 -0.802252233
vn -0.480727762 -0.507347822 -0.715191603
vn -0.468103677 -0.556538045 -0.686399579
vn -0.464390159 -0.189222872 -0.865180075
vn -0.822534978 -0.179399148 -0.539677799
vn -0.971343219 0.129445061 0.199339762
vn -0.952856362 -0.193212256 0.233952552
vn -0.749486983 -0.137346402 0.647615016
vn -0.776855588 0.0207378436 0.629337251
vn -0.985072434 -0.0429440513 0.166697621
vn 0.201559842 0.688531458 -0.696633279
vn 0.36348179 0.931098938 0.0305899512
vn -0.512455881 0.808168888 0.290261894
vn -0.386208385 0.470522344 0.793380022
vn 0.306766123 0.889185846 0.339474648
vn -0.403198302 0.0487362817 0.913813889
vn 0.352024615 0.902579129 0.247849837
vn -0.000855309539 0.949759781 0.312978595
vn -0.82086128 0.286816925 0.493885487
vn -0.469902784 0.464840472 0.750409663
vn -0.889601767 0.334355503 0.311151206
vn -0.99229759 0.0980695263 0.0756830797
vn -0.987741828 0.0596123375 -0.144265085
vn -0.993662775 -0.0681603029 0.0893780962
vn -0.984580517 -0.0151113365 -0.17427811
vn -0.999219418 0.0384561121 -0.0090331668
vn -0.983773887 -0.147807539 -0.101695009
vn -0.983204842 0.178542867 -0.037824817
vn -0.995782614 0.0221955683 -0.0890186802
vn -0.806067467 0.529830039 0.263695478
vn -0.936191857 0.200499445 0.288694978
vn -0.500718355 0.754728198 0.423870802
vn -0.66162765 0.368104696 0.653259277
vn -0.00053265912 0.839868546 0.542789638
vn 0.0182005558 0.472250968 0.88127619
vn -0.646294296 0.714426816 0.268138081
vn -0.899469852 0.423389316 0.108145699
vn -0.314043194 0.89610368 0.313647985
vn -0.0143502606 0.95128566 0.307976753
vn -0.773690581 0.600144386 0.203050628
vn -0.379108787 0.805370212 0.455692261
vn -0.183391139 0.901799977 0.391311228
vn -0.0341701619 0.937342405 0.346729845
vn -0.417027712 0.687298715 0.594733834
vn -0.0346234292 0.744871318 0.666309178
vn -0.0411318764 0.830830216 0.555003881
vn -0.848287821 0.448150843 0.282078892
vn -0.0256958269 0.689424694 0.723901451
vn -0.441226333 0.608626544 0.65946424
vn -0.0078998711 0.503383458 0.864027023
vn 0.384054303 -0.016363455 -0.9231655
vn 0.754358232 -0.3138403 -0.576582849
vn 0.386135072 -0.278385609 -0.879432321
vn 0.584731579 -0.173932523 -0.792361319
vn 0.544749141 -0.352274984 -0.761019468
vn 0.699653208 -0.260154128 -0.665436089
vn 0.447552234 -0.521051705 -0.72677511
vn 0.261550128 0.345500797 -0.901232898
vn 0.913946331 -0.156681523 -0.374370039
vn -0.0272015035 0.409179032 -0.912048578
vn -0.251125783 0.273304135 -0.928569198
vn -0.446482688 -0.046378646 -0.893589556
vn 0.865332961 -0.363236398 -0.345337868
vn 0.540225983 -0.693448305 -0.476744503
vn 0.434069067 -0.537162542 -0.723215342
vn -0.00127341668 -0.00356218591 -0.999992847
vn 0.712172508 -0.616185784 -0.336341143
vn 0.916760445 -0.399437487 -0.000136292772
vn 0.965391338 -0.260720223 -0.00666747708
vn -0.540770352 -0.691977978 -0.478261322
vn 0.977929354 -0.152653724 -0.14265728
vn 0.948614299 -0.229026973 0.218351811
vn 0.938090265 -0.292945832 0.184849396
vn -0.468103677 -0.556538045 -0.686399579
vn -0.480727762 -0.507347822 -0.715191603
vn -0.526266038 -0.169766992 -0.833200634
vn 0.997047305 -0.0435561389 0.0632420704
vn -0.822534978 -0.179399148 -0.539677799
vn -0.464390159 -0.189222872 -0.865180075
vn -0.64127773 -0.106483005 -0.759884357
vn -0.534887314 -0.26511693 -0.802252233
vn 0.917624116 -0.19892855 0.344083428
vn 0.911178112 -0.173066646 0.373901635
vn 0.984796345 -0.0598980151 0.163059488
vn -0.948684573 -0.184368029 -0.256916344
vn -0.866380036 -0.405058533 -0.292084277
vn -0.526266038 -0.169766992 -0.833200634
vn 1.12610842E-05 -2.06215209E-05 -1
vn 1.16650435E-05 -2.47661819E-06 -1
vn -2.06280274E-05 1.59395786E-05 -1
vn -0.251125783 0.273304135 -0.928569198
vn 5.11631299E-07 -2.79208143E-06 -1
vn 5.5351511E-06 0.936943054 0.349482059
vn -0.0084975427 0.93948859 0.342474848
vn 0.687659681 0.646860063 0.329691052
vn 0.736075521 0.594276428 0.324080676
vn 0.948791146 0.000323981425 0.315903932
vn 0.949284792 0.000737464696 0.314416736
vn 0.731615424 -0.599546492 0.324473143
vn 0.685446441 -0.649247289 0.329607397
vn -0.000196457724 -0.939600229 0.342273831
vn -2.4609335E-06 -0.937517226 0.347938806
vn -0.738805175 0.591418326 0.323096275
vn -0.0084975427 0.93948859 0.342474848
vn -0.689356267 0.645469844 0.328871667
vn 5.5351511E-06 0.936943054 0.349482059
vn -0.948960423 0.00276388321 0.315382987
vn -0.949451983 0.00644888636 0.313845962
vn -0.735084713 -0.59553045 0.324027538
vn -0.685483813 -0.649221659 0.329580307
vn -0.000196457724 -0.939600229 0.342273831
vn -2.4609335E-06 -0.937517226 0.347938806
vn -5.61786101E-06 -3.66629251E-06 1
vn 6.9706914E-07 3.06264701E-06 1
vn -4.39592259E-06 1.21650573E-05 1
vn -0 1.58636215E-06 1
vn -0 -3.54068288E-05 1
vn -2.08937399E-06 -1.99063052E-05 1
vn 1.08919266E-05 7.54807706E-06 1
vn 1.06418784E-05 -3.54057447E-05 1
vn 0.357411325 0.0192769244 0.933748126
vn 0.360060453 -0.00732345367 0.93290025
vn 0.363229513 0.471454024 0.80361402
vn 0.00330672693 0.532108009 0.846670032
vn -0.0161711704 -0.0963570252 0.995215476
vn 0.518925011 0.788142204 0.330981463
vn -0.00827270746 0.792545795 -0.609756351
vn -0.404705435 0.668091774 -0.624393284
vn -0.321822345 0.677188158 -0.661699831
vn 0.377555192 0.0355212055 0.925305545
vn 0.280443221 -0.0382315256 0.959108949
vn -0.000407241198 0.0995987877 0.995027602
vn -0.000321662781 -0.0644738972 0.997919321
vn 0.449423283 0.450930655 0.771155119
vn -0.0078998711 0.503383458 0.864027023
vn -0.318595409 -0.0460518077 0.946771443
vn -0.000321662781 -0.0644738972 0.997919321
vn -0.000407241198 0.0995987877 0.995027602
vn -0.403198302 0.0487362817 0.913813889
vn -0.399905384 0.0110761197 0.916489482
vn -0.386208385 0.470522344 0.793380022
vn -0.385502577 0.000438237068 0.922706664
vn 0.00330672693 0.532108009 0.846670032
vn -0.512455881 0.808168888 0.290261894
vn -0.0161711704 -0.0963570252 0.995215476
vn -0.00827270746 0.792545795 -0.609756351
vn 0.420947045 0.648415387 -0.634319425
vn 0.201559842 0.688531458 -0.696633279
vn -0.469902784 0.464840472 0.750409663
vn -0.0078998711 0.503383458 0.864027023
vn -0.331115037 0.91172719 0.243138596
vn -0.000855309539 0.949759781 0.312978595
vn -1.14206096E-05 -0.999961019 0.00882678013
vn -0.00354013545 -0.999576747 0.0288761817
vn -0.000345818553 -0.999973834 0.00722252019
vn -0.00154827605 -0.999574721 0.0291217547
vn -0.00448418409 -0.996947527 0.0779449865
vn -0.00110225123 -0.99509716 0.0988959074
vn -0.00135033217 -0.988262534 0.152758956
vn -0.00121483032 -0.988054037 0.154102966
vn 0.000352485804 -0.973186553 0.230016753
vn -1.24619291E-05 -0.999997318 -0.002320542
vn -8.92570024E-05 -0.99999249 -0.00387599762
vn -0.000121539641 -0.999840438 -0.0178634487
vn -0.000206886863 -0.999842882 -0.0177260134
vn -0.000223902898 -0.999586582 -0.0287498739
vn -0.000254997605 -0.999541521 -0.0302762799
vn 0.00041217744 -0.988124371 -0.153655469
vn -0.995782614 0.0221955683 -0.0890186802
vn -0.936191857 0.200499445 0.288694978
vn -0.989116073 -0.0855099335 -0.119739287
vn -0.961817384 0.0265015662 0.272405952
vn -0.66162765 0.368104696 0.653259277
vn -0.688409925 0.0817948282 0.720695078
vn 0.0182005558 0.472250968 0.88127619
vn 0.020574376 0.173111543 0.984687328
vn -0.983773887 -0.147807539 -0.101695009
vn -0.958975494 -0.210768476 -0.189585447
vn -0.949622393 -0.280131906 0.140511319
vn -0.993662775 -0.0681603029 0.0893780962
vn -0.963762224 -0.20942162 -0.165242359
vn -0.984580517 -0.0151113365 -0.17427811
vn -0.701009572 -0.0139731662 -0.71301502
vn -0.651187181 -0.0845947936 -0.754187584
vn 0.000274778111 -0.0154553 -0.999880493
vn 0.00576206902 -0.103258364 -0.994637907
vn 0.6418643 0.0975800678 0.760584176
vn 0.613196194 0.35585165 0.705237567
vn 0.868593633 0.0454536788 0.493435919
vn 0.834047258 0.248568863 0.492522746
vn 0.0182005558 0.472250968 0.88127619
vn 0.020574376 0.173111543 0.984687328
vn 0.996066093 0.0713780001 -0.0525128879
vn 0.996485531 -0.0481279269 -0.0685586408
vn 0.987326443 -0.0299130566 -0.155858323
vn 0.964236379 -0.180043608 -0.194506019
vn 0.99845767 -0.0489759929 -0.0261468887
vn 0.982207119 -0.186477914 -0.0222508442
vn 0.951885045 -0.15936406 -0.261759222
vn 0.959787965 -0.02468477 -0.279638499
vn 0.682308912 -0.0316544026 -0.73037833
vn 0.62919265 -0.101470284 -0.770597458
vn 0.000274778111 -0.0154553 -0.999880493
vn 0.00576206902 -0.103258364 -0.994637907
vn -0.701009572 -0.0139731662 -0.71301502
vn -0.412334055 -0.00184848055 -0.911030829
vn -0.745720863 0.0787682384 -0.661585927
vn -0.000772839005 0.40970248 -0.912218869
vn -0.00127341668 -0.00356218591 -0.999992847
vn -0.605224431 0.471945286 -0.641070187
vn -0.499708682 0.171590269 -0.849027693
vn 0.000274778111 -0.0154553 -0.999880493
vn -0.00677434867 -0.11931771 -0.992833018
vn -0.000363540108 0.205844164 -0.978584707
vn 0.501609862 0.180035934 -0.846152842
vn -0.000772839005 0.40970248 -0.912218869
vn -0.499708682 0.171590269 -0.849027693
vn 0.501609862 0.180035934 -0.846152842
vn 0.588838577 0.459362864 -0.665022492
vn 0.733177662 0.0568311289 -0.67765826
vn -0.00127341668 -0.00356218591 -0.999992847
vn 0.682308912 -0.0316544026 -0.73037833
vn 0.407927841 -0.010687422 -0.912951648
vn 0.000274778111 -0.0154553 -0.999880493
vn -0.00677434867 -0.11931771 -0.992833018
vn -0.00887692627 0.920721412 -0.390119642
vn 0.420947045 0.648415387 -0.634319425
vn 0.201559842 0.688531458 -0.696633279
vn 0.36348179 0.931098938 0.0305899512
vn 0.306766123 0.889185846 0.339474648
vn 0.352024615 0.902579129 0.247849837
vn -0.000855309539 0.949759781 0.312978595
vn -0.00827270746 0.792545795 -0.609756351
vn -0.00827270746 0.792545795 -0.609756351
vn -0.00887692627 0.920721412 -0.390119642
vn -0.404705435 0.668091774 -0.624393284
vn -0.321822345 0.677188158 -0.661699831
vn -0.340378433 0.940250278 0.00847922452
vn -0.295320719 0.895823717 0.332092613
vn -0.331115037 0.91172719 0.243138596
vn -0.000855309539 0.949759781 0.312978595
vn 0.999133706 -0.0334633365 0.0247396491
vn -0.0511034243 0.0712110698 -0.996151328
vn 0.997027993 -0.071404092 -0.0289240666
vn -0.0146904681 0.00010508149 -0.999892056
vn -0.99668175 -0.0561514087 -0.0589277036
vn -0.999978542 0.00135077268 0.00641357014
vn 0.026312409 -0.166069657 0.985762954
vn 0.0717896894 -0.0847917795 0.993809164
vn -0.999978542 0.00135077268 0.00641357014
vn -0.99668175 -0.0561514087 -0.0589277036
vn -0.0151178055 -0.100409642 -0.994831324
vn 0.99421972 -0.107342482 -0.00215484947
vn 0.0121399108 -0.188836664 0.981933475
vn -0.992407978 -0.122616023 -0.0095768841
vn -0.992407978 -0.122616023 -0.0095768841
vn -0.99990201 -0.0138236834 -0.00218843645
vn 0.0756793767 -0.0542104952 0.995657504
vn -0.0679123253 0.0188114811 -0.99751395
vn -0.99990201 -0.0138236834 -0.00218843645
vn 0.998581469 -0.0249473099 0.0470394455
vn -0.0151178055 -0.100409642 -0.994831324
vn -0.0152119957 -0.092687726 -0.995579004
vn 0.99421972 -0.107342482 -0.00215484947
vn 0.996641517 -0.0818875656 0.000262783375
vn -0.0151178055 -0.100409642 -0.994831324
vn -0.992407978 -0.122616023 -0.0095768841
vn -0.0152119957 -0.092687726 -0.995579004
vn -0.994403601 -0.105514102 0.00531667843
vn 0.0121399108 -0.188836664 0.981933475
vn 0.0162113793 -0.133647352 0.990896344
vn -0.992407978 -0.122616023 -0.0095768841
vn -0.994403601 -0.105514102 0.00531667843
vn 0.0121399108 -0.188836664 0.981933475
vn 0.99421972 -0.107342482 -0.00215484947
vn 0.0162113793 -0.133647352 0.990896344
vn 0.996641517 -0.0818875656 0.000262783375
vn 0.215140462 -0.971050918 -0.103801616
vn -0.0443821922 -0.994049788 0.0994746163
vn 0.149756536 -0.84873575 -0.507169187
vn -0.108410083 -0.845502019 -0.522851467
vn 0.586724222 -0.472809523 0.657423675
vn 0.0172920432 -0.608596146 0.793291748
vn 0.172639713 0.588715971 0.789689124
vn -0.0417823829 0.502455652 0.863592863
vn -0.00697787665 0.985893607 0.167227983
vn -0.0465579554 0.983616769 0.174155995
vn 0.0599721521 0.871312857 -0.487049609
vn -0.0922214091 0.840956628 -0.533185899
vn 0.226847693 -0.0231527947 -0.973654985
vn -0.136548519 -0.0620164573 -0.988690257
vn -0.108410083 -0.845502019 -0.522851467
vn 0.149756536 -0.84873575 -0.507169187
vn 0.299539089 0.204144999 0.931987762
vn 0.561702728 -0.646418333 0.516365528
vn -0.100080796 -0.0931672156 0.990607738
vn 0.396606266 -0.709416449 0.582607746
vn 0.586724222 -0.472809523 0.657423675
vn 0.172639713 0.588715971 0.789689124
vn 0.0122470967 0.803757608 0.594830871
vn -0.099977769 0.986315727 0.131094158
vn -0.00697787665 0.985893607 0.167227983
vn -0.0414159484 0.880279779 -0.472643882
vn 0.0599721521 0.871312857 -0.487049609
vn 0.148370311 0.0151720215 -0.988815486
vn 0.226847693 -0.0231527947 -0.973654985
vn -0.276383311 0.960184216 0.0407255329
vn -0.194788411 0.705855906 0.681046903
vn -0.253743619 0.89584595 -0.36479345
vn -0.0742399991 0.325362563 0.942670465
vn -0.649450719 0.715084851 -0.25858736
vn -0.510677755 0.378548354 -0.771951616
vn -0.84813267 0.326163977 -0.417478234
vn -0.402378887 -0.383072048 -0.831472814
vn -0.0153349359 0.0851106718 -0.99625349
vn 0.315251052 -0.763273716 -0.563941538
vn 0.164090812 -0.877065778 -0.451475143
vn 0.149756536 -0.84873575 -0.507169187
vn 0.131381616 -0.491587013 -0.860860646
vn 0.670156181 -0.526180804 -0.523473501
vn 0.000617478916 -0.632223308 -0.774785936
vn -0.402378887 -0.383072048 -0.831472814
vn -0.605118632 0.796040237 0.0123063037
vn -0.356215 0.424801856 0.832258523
vn -0.156048924 -0.0755554587 0.984855354
vn -0.887717605 0.429552048 -0.165657833
vn -0.692403018 -0.526426136 -0.49341023
vn -0.667121947 -0.380750746 -0.640294611
vn -0.747968495 -0.323808283 -0.579388738
vn -0.204681486 -0.829225898 -0.520086467
vn -0.128214121 -0.876804173 -0.463438898
vn 0.000617478916 -0.632223308 -0.774785936
vn 0.551438391 -0.792002439 -0.262007326
vn 0.670156181 -0.526180804 -0.523473501
vn 0.633800745 -0.700893641 -0.327177018
vn 0.450010449 -0.865587413 -0.219656497
vn -0.160248831 -0.751347303 -0.640154302
vn 0.196008742 -0.820392728 -0.537155747
vn 0.167222515 -0.56419301 0.808531284
vn -0.0102849361 -0.503005266 0.864222169
vn -0.652459621 -0.266112119 0.709563851
vn -0.24221848 -0.355492979 0.902748585
vn -0.677463651 0.22013104 0.701844215
vn -0.24221848 -0.355492979 0.902748585
vn 0.518409371 -0.779350936 -0.351943046
vn 0.25857088 -0.923997819 -0.281725377
vn 0.561702728 -0.646418333 0.516365528
vn 0.396606266 -0.709416449 0.582607746
vn -0.0102849361 -0.503005266 0.864222169
vn 0.167222515 -0.56419301 0.808531284
vn 0.215140462 -0.971050918 -0.103801616
vn 0.586724222 -0.472809523 0.657423675
vn 0.164090812 -0.877065778 -0.451475143
vn 0.149756536 -0.84873575 -0.507169187
vn 0.315251052 -0.763273716 -0.563941538
vn -0.0809603557 0.990046084 0.115127034
vn -0.103532836 0.834426403 -0.541307151
vn -0.0545137823 0.996710837 -0.059964601
vn -0.0943692476 0.77506721 -0.624792099
vn -0.0305520203 0.699431598 0.714046121
vn -0.0594978034 0.531639934 0.844878078
vn 0.0194570199 -0.418784589 0.907877147
vn -0.0159610081 -0.56112051 0.827580214
vn -0.024891749 -0.938935876 0.343190789
vn -0.0454320833 -0.982765913 0.179184541
vn -0.0954618305 -0.867413759 -0.488344491
vn -0.110987142 -0.878001809 -0.465612173
vn -0.142737567 -0.107169837 -0.983941376
vn -0.134116799 -0.182033718 -0.974102855
vn -0.110987142 -0.878001809 -0.465612173
vn -0.0954618305 -0.867413759 -0.488344491
vn -0.0465579554 0.983616769 0.174155995
vn -0.0922214091 0.840956628 -0.533185899
vn -0.0516419932 0.987494648 0.148954451
vn -0.0940993205 0.836489797 -0.539842725
vn -0.0459490158 0.520902872 0.852378428
vn -0.0417823829 0.502455652 0.863592863
vn 0.0131277135 -0.58756417 0.809071064
vn 0.0172920432 -0.608596146 0.793291748
vn -0.0443507917 -0.990107417 0.133117929
vn -0.0443821922 -0.994049788 0.0994746163
vn -0.108410083 -0.845502019 -0.522851467
vn -0.107041784 -0.851673663 -0.51302439
vn -0.136548519 -0.0620164573 -0.988690257
vn -0.137223721 -0.0791495219 -0.987372756
vn -0.107041784 -0.851673663 -0.51302439
vn -0.108410083 -0.845502019 -0.522851467
vn -0.228644848 -0.966886818 -0.113364004
vn -0.166040733 -0.846828759 -0.505283594
vn 0.0467470512 -0.993937016 0.0995185897
vn 0.101113304 -0.850162148 -0.516720831
vn -0.616133511 -0.456611544 0.641783059
vn -8.71860393E-05 -0.615279257 0.788309216
vn -0.18768464 0.595988631 0.78075093
vn 0.0496552587 0.486046463 0.872521222
vn 0.00320560555 0.986398101 0.164342672
vn 0.0613320135 0.98123008 0.182827517
vn -0.0709589049 0.8715657 -0.485116512
vn 0.0968841836 0.847421587 -0.522005856
vn -0.250089794 -0.0210687127 -0.967993379
vn 0.140176907 -0.0638488308 -0.98806566
vn 0.101113304 -0.850162148 -0.516720831
vn -0.166040733 -0.846828759 -0.505283594
vn 0.0763565525 0.990451157 0.114787214
vn 0.10176269 0.832960963 -0.543893754
vn 0.0542812124 0.534065545 0.84369868
vn 0.0109080179 -0.560977876 0.827758908
vn 0.0435400456 -0.98369199 0.174511462
vn 0.0972331315 -0.865917802 -0.490644544
vn 0.0972331315 -0.865917802 -0.490644544
vn 0.141952232 -0.1059037 -0.984192014
vn -0.299537838 0.204150721 0.931986868
vn 0.1000816 -0.0931695998 0.99060744
vn -0.561705291 -0.646414757 0.516367257
vn -0.396609515 -0.709416926 0.582604885
vn -0.616133511 -0.456611544 0.641783059
vn -0.18768464 0.595988631 0.78075093
vn -0.012246334 0.803756297 0.594832599
vn 0.0999770314 0.986315489 0.131096601
vn 0.00320560555 0.986398101 0.164342672
vn 0.0414183401 0.880280256 -0.472642809
vn -0.0709589049 0.8715657 -0.485116512
vn -0.146505713 -0.0146271763 -0.989101648
vn -0.250089794 -0.0210687127 -0.967993379
vn 0.276382059 0.960184634 0.0407235771
vn 0.194786504 0.705854714 0.681048751
vn 0.253744036 0.895846725 -0.364791274
vn 0.0742400363 0.325361848 0.942670703
vn 0.649449587 0.71508497 -0.258589834
vn 0.503978133 0.363324344 -0.783582509
vn 0.848130941 0.326169223 -0.417477697
vn 0.390786588 -0.381885469 -0.837525666
vn 0.00519674644 0.0264068991 -0.999637723
vn -0.318725854 -0.779897451 -0.538677871
vn -0.141947925 -0.87693274 -0.459172934
vn -0.166040733 -0.846828759 -0.505283594
vn -0.156255424 -0.487230539 -0.859180212
vn -0.669915497 -0.500070691 -0.548764586
vn -0.00563064497 -0.620803833 -0.783945739
vn 0.390786588 -0.381885469 -0.837525666
vn 0.605117142 0.796041429 0.0123002306
vn 0.356218189 0.424805224 0.832255483
vn 0.151918396 -0.0724438503 0.985734582
vn 0.887716711 0.429553658 -0.16565831
vn 0.692401946 -0.52642709 -0.493410707
vn -0.00563064497 -0.620803833 -0.783945739
vn 0.128213763 -0.876803935 -0.463439435
vn -0.551439166 -0.792001903 -0.262007117
vn -0.669915497 -0.500070691 -0.548764586
vn -0.645267963 -0.687372983 -0.333388329
vn -0.45001021 -0.865588605 -0.219652474
vn 0.641800761 -0.342096567 -0.686339319
vn 0.766140461 -0.291649491 -0.572686195
vn 0.158722326 -0.795382559 -0.584956229
vn 0.163431257 -0.916490018 -0.365152359
vn -0.196003675 -0.820393682 -0.537156165
vn -0.167218402 -0.564192474 0.808532536
vn 0.0102815125 -0.503003776 0.864223063
vn 0.618940532 -0.25523454 0.742810786
vn 0.266891807 -0.438185304 0.858348668
vn 0.620728612 0.189405009 0.760803342
vn 0.266891807 -0.438185304 0.858348668
vn -0.518409312 -0.779349804 -0.351945668
vn -0.396609515 -0.709416926 0.582604885
vn -0.561705291 -0.646414757 0.516367257
vn -0.256634057 -0.92350316 -0.285097986
vn 0.0102815125 -0.503003776 0.864223063
vn -0.167218402 -0.564192474 0.808532536
vn -0.318725854 -0.779897451 -0.538677871
vn -0.141947925 -0.87693274 -0.459172934
vn -0.228644848 -0.966886818 -0.113364004
vn -0.616133511 -0.456611544 0.641783059
vn -0.166040733 -0.846828759 -0.505283594
vn 0.094370842 0.775066495 -0.624792874
vn 0.10176269 0.832960963 -0.543893754
vn 0.0545158647 0.99671036 -0.0599712357
vn 0.0763565525 0.990451157 0.114787214
vn 0.0305533092 0.699431479 0.714046299
vn 0.0542812124 0.534065545 0.84369868
vn -0.0194581337 -0.418781012 0.907878757
vn 0.0109080179 -0.560977876 0.827758908
vn 0.0248902254 -0.93893671 0.343188554
vn 0.0435400456 -0.98369199 0.174511462
vn 0.0972331315 -0.865917802 -0.490644544
vn 0.110986345 -0.878001511 -0.465612948
vn 0.141952232 -0.1059037 -0.984192014
vn 0.134118095 -0.182034045 -0.974102616
vn 0.110986345 -0.878001511 -0.465612948
vn 0.0972331315 -0.865917802 -0.490644544
vn -0.0516419932 0.987494648 0.148954451
vn -0.0940993205 0.836489797 -0.539842725
vn -0.0809603557 0.990046084 0.115127034
vn -0.103532836 0.834426403 -0.541307151
vn -0.137223721 -0.0791495219 -0.987372756
vn -0.142737567 -0.107169837 -0.983941376
vn -0.0954618305 -0.867413759 -0.488344491
vn -0.107041784 -0.851673663 -0.51302439
vn -0.0594978034 0.531639934 0.844878078
vn -0.0459490158 0.520902872 0.852378428
vn -0.0159610081 -0.56112051 0.827580214
vn 0.0131277135 -0.58756417 0.809071064
vn -0.0454320833 -0.982765913 0.179184541
vn -0.0443507917 -0.990107417 0.133117929
vn -0.107041784 -0.851673663 -0.51302439
vn -0.0954618305 -0.867413759 -0.488344491
vn 1.65419242E-05 8.67419931E-06 -1
vn 1.26443083E-05 1.00641046E-05 -1
vn 1.5431564E-05 9.07015692E-06 -1
vn 1.15339535E-05 1.04600631E-05 -1
vn 1.05267254E-05 1.12253974E-05 -1
vn 1.52082885E-05 9.43834857E-06 -1
vn 1.18604185E-05 1.07162978E-05 -1
vn 1.65419751E-05 8.92925163E-06 -1
vn 0.639807105 -0.616629004 -0.4587107
vn -0.504999757 -0.0985875577 0.857470512
vn -0.93901974 0.00399949076 0.343840003
vn -0.986508489 -0.0805701539 -0.142511323
vn -0.960594118 -0.264373541 0.0858223066
vn -0.925049543 -0.193308592 0.326978892
vn -0.545446754 -0.214574367 0.810213387
vn -0.959827065 -0.0879877806 0.266439587
vn -0.925557494 -0.290111154 0.243266866
vn -0.826344252 -0.27875039 0.489339709
vn -0.365087807 0.713274598 -0.598289371
vn -0.497296929 0.08594127 -0.863313258
vn -0.844652772 -0.366205633 0.390455037
vn -0.957487464 -0.277280599 0.0795816258
vn -0.172287136 -0.407743335 0.896695316
vn 0.716666639 0.0462322272 0.695881844
vn 0.623880625 0.426094413 -0.655146122
vn 0.291205317 0.571421146 -0.76725316
vn -0.213728905 0.0170741938 0.976743817
vn 0.0196730457 0.257395804 0.966105759
vn 0.973090529 -0.00790999085 0.230287343
vn 0.984748542 -0.144120499 0.0974659398
vn -0.195162371 -0.744836271 0.638067901
vn 0.364874989 0.279856622 -0.888001382
vn -0.877530575 -0.43574962 0.20015581
vn -0.0122503275 -0.97472012 -0.223093346
vn 0.647324979 -0.392970771 0.65310359
vn -0.667193592 -0.652790725 0.358771503
vn -0.844652772 -0.366205633 0.390455037
vn -0.856473327 -0.497048974 0.139268696
vn 0.751315355 -0.182629555 -0.634170175
vn 0.947580874 0.265258729 -0.178124309
vn 0.40650636 0.309235454 -0.859724343
vn -0.957487464 -0.277280599 0.0795816258
vn 0.716666639 0.0462322272 0.695881844
vn 0.291205317 0.571421146 -0.76725316
vn 0.364874989 0.279856622 -0.888001382
vn -0.0122503275 -0.97472012 -0.223093346
vn 0.647324979 -0.392970771 0.65310359
vn 0.947580874 0.265258729 -0.178124309
vn 0.716666639 0.0462322272 0.695881844
vn 0.938496947 0.298453659 -0.17363435
vn 0.40650636 0.309235454 -0.859724343
vn 0.751315355 -0.182629555 -0.634170175
vn 0.291205317 0.571421146 -0.76725316
vn 0.623880625 0.426094413 -0.655146122
vn 0.97817868 0.174706891 0.112445436
vn -0.172287136 -0.407743335 0.896695316
vn 0.859923363 0.0486371294 0.508100688
vn -0.951041698 0.022431422 -0.308247417
vn -0.0313783102 -0.628993392 0.776777148
vn -0.938329458 -0.326056957 -0.114998348
vn 0.807962358 0.119397081 0.577010512
vn -0.971499801 -0.0060638967 0.236962914
vn -0.846795976 -0.162712008 0.506420195
vn -0.240151644 -0.96835345 0.0679613724
vn 0.803126037 -0.466040611 -0.371207148
vn 0.984748542 -0.144120499 0.0974659398
vn -0.195162371 -0.744836271 0.638067901
vn 0.984748542 -0.144120499 0.0974659398
vn -0.195162371 -0.744836271 0.638067901
vn -0.0313783102 -0.628993392 0.776777148
vn 0.803126037 -0.466040611 -0.371207148
vn -0.825565279 -0.321908891 -0.463483214
vn -0.240151644 -0.96835345 0.0679613724
vn -0.846795976 -0.162712008 0.506420195
vn -0.971499801 -0.0060638967 0.236962914
vn -0.822397411 0.0478387177 -0.566898525
vn -0.951041698 0.022431422 -0.308247417
vn -0.938329458 -0.326056957 -0.114998348
vn -0.915165246 0.0793342143 -0.395194471
vn -0.906426907 0.114303865 -0.406601638
vn -0.678629458 0.42331785 -0.600219965
vn -0.524475753 0.356124222 -0.77336967
vn -0.803684771 0.301904261 -0.512781262
vn -0.996749699 0.0395452566 0.0701870099
vn -0.617229402 0.778253496 -0.115539595
vn 0.0213616546 -0.544194341 -0.838687241
vn -0.0985168591 0.880481601 -0.46373114
vn -0.885263443 0.122949742 -0.448544294
vn -0.420183271 0.310551763 0.85264504
vn 0.368798137 -0.517656446 -0.772023082
vn -0.457535177 0.831743121 -0.314428031
vn -0.524475753 0.356124222 -0.77336967
vn -0.651914358 0.715081513 -0.252321482
vn -0.439946651 0.299039274 0.846771777
vn -0.743151844 0.620269418 0.250980467
vn -0.617229402 0.778253496 -0.115539595
vn -0.573254704 0.794161022 0.201710939
vn -0.817173779 0.525527716 0.236743674
vn -0.866451502 0.474087685 0.15653342
vn -0.519975007 0.823581576 0.226581842
vn -0.190688506 0.95124644 0.242421269
vn -0.285252064 0.958448827 0.00267051603
vn -0.996749699 0.0395452566 0.0701870099
vn -0.803684771 0.301904261 -0.512781262
vn -0.932069123 0.315561473 0.177955478
vn -0.830563486 0.149263054 0.536548913
vn -0.747950792 0.250791341 0.614551365
vn 0.0366073325 0.228640452 -0.972822368
vn -0.567909598 -0.286685407 0.771550536
vn -0.988327026 -0.058284685 0.140757173
vn -0.0772399306 0.268122554 -0.960283399
vn -0.764082313 -0.631383419 0.132413194
vn 0.0232655499 0.188106552 -0.981873035
vn -0.951407194 -0.279587775 0.129054323
vn 0.802304327 -0.400911301 -0.442241848
vn -0.105151698 -0.572627127 0.813044429
vn 0.926240265 0.0489155576 -0.373746097
vn -0.102905169 -0.517116308 0.849706531
vn 0.714572132 0.611434102 -0.339904368
vn 0.0828438997 -0.978027165 0.191310421
vn 0.257117003 0.826778114 0.50032872
vn 0.236831009 -0.288396895 -0.927759886
vn 0.99919945 -0.0142091038 -0.0373963192
vn 0.0309049115 0.998624921 -0.0423459597
vn 0.011065919 0.970235288 0.241911218
vn -0.285252064 0.958448827 0.00267051603
vn -0.0587451942 0.978662252 -0.196898907
vn 0.274279177 0.95610106 -0.103158429
vn 0.263289154 0.889189363 -0.374193937
vn -0.357998788 0.873554826 -0.329755843
vn -0.294657528 0.616146266 -0.73043865
vn -0.185936555 0.745771289 -0.639728725
vn -0.00054493302 0.656681001 -0.754168272
vn -0.605433702 0.610274792 -0.510895908
vn -0.150057435 0.467660934 -0.871077478
vn -0.184644893 0.420871139 -0.888129413
vn -0.655686736 0.396940857 -0.642271638
vn 0.820967019 -0.224551708 -0.5249663
vn -0.847581506 -0.0945567787 -0.522172928
vn 0.74986732 -0.229228675 -0.620607078
vn -0.776930034 -0.624692023 0.0783553571
vn -0.938931465 -0.0380649306 0.341992289
vn -0.890860975 0.429724038 0.147322536
vn -0.704240441 0.53994447 -0.460982978
vn 0.039222341 0.532214999 -0.845700145
vn 0.0167601835 0.394256383 -0.91884762
vn 0.972631037 -0.117077164 -0.200703219
vn 0.0798328221 0.409239054 -0.908928037
vn 0.421248227 -0.699228048 0.577607214
vn -0.970940351 0.195538819 -0.137983501
vn -0.960780501 0.266185492 -0.0777573586
vn 0.229563266 0.181991056 -0.956127584
vn -0.55223918 -0.0365249403 0.832885265
vn -0.424777538 0.674584746 -0.60373795
vn -0.376643181 -0.379905492 -0.844873786
vn 0.0213109609 -0.851877093 0.523307979
vn 0.0746683329 0.464060277 -0.882650912
vn 0.200839818 0.719448268 -0.664874077
vn 0.654292881 0.581884563 -0.483022928
vn 0.524475753 0.703336 -0.47983712
vn 0.619100571 0.38044259 -0.687006533
vn 0.232761934 0.143385127 -0.961905718
vn -0.838590562 -0.17234911 -0.516780138
vn -0.791631579 -0.190468773 -0.580552399
vn 0.430375934 -0.0992753431 -0.897173822
vn -0.124426171 -0.935339034 0.331148058
vn 0.954837918 -0.0754718333 0.287382334
vn 0.975229025 0.00896913465 0.221015528
vn 0.388933003 0.726424694 -0.566602409
vn 0.449627221 0.851417243 -0.270044625
vn 0.518827975 0.658091187 -0.545649767
vn 0.445340335 0.514054537 -0.733089328
vn 0.741446435 0.292154133 -0.604072213
vn -0.48885721 0.0428602844 -0.871310294
vn 0.761167824 -0.026586093 -0.648009837
vn -0.532561362 -0.168470845 -0.829455197
vn 0.326278657 -0.943274677 0.0614415891
vn 0.706352353 -0.106993645 0.699727595
vn 0.712321699 0.0584615469 0.699414134
vn 0.800929844 0.474981368 -0.364560068
vn 0.809251189 0.345221072 -0.47532618
vn 0.938999414 0.138607427 -0.31475091
vn 0.93920058 0.224089205 -0.260166019
vn 0.937688291 0.0430650115 -0.344798535
vn 0.967337251 -0.192526415 -0.164900467
vn 0.867926836 0.0394405276 -0.495123714
vn 0.776666105 -0.0961459428 -0.622531652
vn 0.419534236 -0.418640614 -0.805438399
vn 0.696385384 0.174960166 -0.696014524
vn 0.517454505 -0.474016488 -0.712424874
vn 0.540297866 -0.726332724 0.424875319
vn 0.00833929144 -0.999490798 -0.0308009274
vn 0.761422634 0.28180325 -0.583800077
vn 0.82851851 -0.54695642 -0.119982511
vn 0.690879881 -0.211781964 0.691254914
vn 0.827812791 0.234148592 -0.509804368
vn 0.346230954 -0.213437483 0.913547277
vn 0.726946473 -0.107809626 -0.67817831
vn -0.885263443 0.122949742 -0.448544294
vn -0.139513716 -0.977424502 0.15867348
vn 0.0213616546 -0.544194341 -0.838687241
vn -0.420183271 0.310551763 0.85264504
vn 0.283798069 -0.909726739 0.303077459
vn -0.439946651 0.299039274 0.846771777
vn -0.996749699 0.0395452566 0.0701870099
vn 0.368798137 -0.517656446 -0.772023082
vn -0.524475753 0.356124222 -0.77336967
vn -0.743151844 0.620269418 0.250980467
vn 0.897990882 0.17231293 -0.404871225
vn 0.686075389 0.113995172 -0.718544185
vn -0.833390713 -0.344041765 0.432544917
vn 0.983756304 0.163940549 0.0731234774
vn -0.755897641 -0.143319592 0.638810098
vn -0.899225116 0.0601423681 0.433332622
vn -0.951407194 -0.279587775 0.129054323
vn -0.747950792 0.250791341 0.614551365
vn -0.817173779 0.525527716 0.236743674
vn -0.830563486 0.149263054 0.536548913
vn 0.928548932 -0.0285949856 -0.370107025
vn 0.984748542 -0.144120499 0.0974659398
vn 0.00643492024 0.998659968 -0.0513497964
vn 0.187931806 0.857382655 0.479141593
vn 0.011065919 0.970235288 0.241911218
vn -0.803684771 0.301904261 -0.512781262
vn 0.0366073325 0.228640452 -0.972822368
vn -0.951041698 0.022431422 -0.308247417
vn 0.802304327 -0.400911301 -0.442241848
vn -0.0772399306 0.268122554 -0.960283399
vn 0.926240265 0.0489155576 -0.373746097
vn 0.0232655499 0.188106552 -0.981873035
vn 0.714572132 0.611434102 -0.339904368
vn 0.236831009 -0.288396895 -0.927759886
vn 0.257117003 0.826778114 0.50032872
vn 0.99919945 -0.0142091038 -0.0373963192
vn 0.984748542 -0.144120499 0.0974659398
vn -0.951041698 0.022431422 -0.308247417
vn -0.951407194 -0.279587775 0.129054323
vn -0.951041698 0.022431422 -0.308247417
vn 0.802304327 -0.400911301 -0.442241848
vn -0.951407194 -0.279587775 0.129054323
vn 0.897990882 0.17231293 -0.404871225
vn 0.983756304 0.163940549 0.0731234774
vn 0.686075389 0.113995172 -0.718544185
vn 0.928548932 -0.0285949856 -0.370107025
vn 0.984748542 -0.144120499 0.0974659398
vn 0.973090529 -0.00790999085 0.230287343
vn 0.952627003 -0.200929761 -0.228317887
vn 0.876757264 -0.149785966 -0.457013011
vn 0.74845171 -0.303546131 -0.589643717
vn 0.55709815 -0.228798971 -0.798306108
vn 0.665501118 -0.0284000337 -0.745856404
vn 0.384530067 -0.0513784587 -0.921681583
vn 0.889434874 0.0417698808 -0.455149293
vn -0.335009575 -0.228984773 -0.913966358
vn 0.338724226 0.0886630565 -0.936698854
vn 0.315618128 -0.235417873 -0.919219017
vn 0.874908686 -0.275557995 -0.398249388
vn 0.895330966 -0.400500476 -0.194889411
vn 0.895805717 -0.111518957 -0.430227458
vn 0.320827633 -0.332709223 -0.886777401
vn -0.00727261417 -0.330224514 -0.943874419
vn 0.477832675 -0.354847491 -0.80359143
vn 0.907746315 0.023029279 -0.4188869
vn 0.969910562 0.00607463717 0.243385538
vn 0.738205731 -0.0640268177 -0.671530247
vn 0.885187924 0.28285107 -0.369374692
vn -0.30319944 0.140216261 -0.942554772
vn 0.524952054 0.191016585 -0.829420328
vn 0.531226099 -0.847169936 -0.0100969942
vn 0.237121657 -0.947139382 -0.216102377
vn 0.626860499 0.119610436 -0.769895673
vn 0.076013498 -0.233125001 -0.969471335
vn -0.984939456 -0.0949070081 0.144523293
vn -0.949734032 0.303986013 0.0748178065
vn -0.101946063 0.165378124 0.980947018
vn 0.0620698445 0.44094798 0.895383835
vn 0.434000611 0.872523785 0.224378377
vn 0.0733587369 -0.017743092 0.997147799
vn -0.810245931 -0.571610212 0.12947306
vn 0.386557192 0.197215721 0.90093261
vn -0.483626693 -0.872627318 0.0680199713
vn 0.820352435 0.567913413 -0.0670540258
vn 0.545893967 0.837276399 -0.0311125275
vn 0.272729546 0.840081692 0.468915075
vn 0.189712882 0.980421662 0.0527474023
vn 0.981285572 0.188261271 -0.0404508226
vn 0.987364233 -0.136752903 -0.0800661743
vn 0.187931806 0.857382655 0.479141593
vn -0.0952861011 -0.154480428 -0.983390272
vn -0.170158491 0.0114216981 -0.98535049
vn -0.461364746 -0.0464543216 -0.88599354
vn -0.42647168 -0.138364956 -0.893855155
vn 0.00643492024 0.998659968 -0.0513497964
vn -0.483626693 -0.872627318 0.0680199713
vn 0.187931806 0.857382655 0.479141593
vn -0.810245931 -0.571610212 0.12947306
vn -0.984939456 -0.0949070081 0.144523293
vn -0.949734032 0.303986013 0.0748178065
vn 0.466188073 0.744548678 0.477824122
vn 0.173003465 0.793258905 0.583789408
vn 0.244992718 0.859322667 0.448935598
vn 0.117616847 0.936170757 0.331286311
vn 0.33493793 0.711352468 0.617895067
vn -0.339240253 0.827636957 0.447138846
vn -0.449646205 0.457696855 0.767027974
vn 0.178520665 0.310922205 0.933519006
vn 0.187931806 0.857382655 0.479141593
vn -0.771213353 0.478940398 0.419339985
vn -0.571452796 0.172035992 0.802399755
vn -0.22225228 0.138180643 0.965147734
vn -0.152949125 -0.0628569722 0.986233056
vn -0.0066931746 -0.114917971 0.993352413
vn 0.063923955 0.0817806646 0.994598269
vn 0.895330966 -0.400500476 -0.194889411
vn 0.392138332 -0.765399456 0.510285437
vn 0.874908686 -0.275557995 -0.398249388
vn 0.895805717 -0.111518957 -0.430227458
vn -0.0204244442 -0.301566124 0.953226447
vn 0.391686082 -0.919145346 0.0418794118
vn -0.848808348 -0.149789095 -0.507038116
vn 0.461643279 0.279816896 0.841776729
vn -0.411725402 -0.0936701521 0.906481147
vn 0.889434874 0.0417698808 -0.455149293
vn -0.32002461 -0.48496592 0.8138749
vn -0.839725077 -0.0505267233 0.540655851
vn -0.335009575 -0.228984773 -0.913966358
vn 0.338724226 0.0886630565 -0.936698854
vn 0.665501118 -0.0284000337 -0.745856404
vn 0.969910562 0.00607463717 0.243385538
vn -0.758487463 -0.434055537 0.486099303
vn 0.885187924 0.28285107 -0.369374692
vn -0.943014443 -0.0477308147 0.329310566
vn -0.881927431 0.143315136 0.44907102
vn -0.899225116 0.0601423681 0.433332622
vn -0.817173779 0.525527716 0.236743674
vn -0.30319944 0.140216261 -0.942554772
vn -0.519975007 0.823581576 0.226581842
vn -0.190688506 0.95124644 0.242421269
vn 0.738205731 -0.0640268177 -0.671530247
vn -0.844501913 -0.102022663 0.525745034
vn 0.531226099 -0.847169936 -0.0100969942
vn 0.237121657 -0.947139382 -0.216102377
vn -0.794106722 0.395903379 0.461145341
vn 0.076013498 -0.233125001 -0.969471335
vn 0.524952054 0.191016585 -0.829420328
vn 0.626860499 0.119610436 -0.769895673
vn 0.189712882 0.980421662 0.0527474023
vn 0.383223504 0.893307805 0.234820962
vn 0.272729546 0.840081692 0.468915075
vn 0.011065919 0.970235288 0.241911218
vn 0.0309049115 0.998624921 -0.0423459597
vn 0.274279177 0.95610106 -0.103158429
vn 0.587469339 0.794201612 0.155317813
vn 0.425899178 0.76323241 0.485887051
vn 0.690110683 0.579227626 0.433869421
vn 0.825199306 0.526160538 0.205429107
vn -0.427219778 0.745605648 -0.511424959
vn 0.685061157 0.726837873 -0.0489679649
vn 0.00643492024 0.998659968 -0.0513497964
vn 0.81337589 0.575877547 -0.082369253
vn 0.382437378 -0.76631999 0.516231835
vn 0.686302543 0.708931983 -0.162493736
vn 0.718999088 0.585739434 0.37409842
vn -0.294904947 0.580539107 -0.758950233
vn 0.8233217 0.422402412 0.379100949
vn 0.380527645 -0.79331857 0.475230753
vn 0.23124665 -0.969810784 -0.0774079189
vn 0.692712903 0.601181984 0.398408175
vn -0.736926854 0.280841738 -0.614871323
vn -0.555966437 -0.130221367 -0.820940733
vn -0.146104202 -0.818014801 -0.556332052
vn -0.650987208 0.60804987 -0.454412788
vn 0.110102497 -0.0287834369 -0.993503332
vn 0.777374387 -0.604784727 -0.172987118
vn 0.956932127 0.290062517 -0.0120241605
vn 0.441002518 0.463592261 -0.768504381
vn 0.914799213 0.286025524 0.285187334
vn 0.824526489 0.427968174 0.370134145
vn 0.754827857 0.0300234817 0.65523541
vn 0.668607652 0.193891034 0.717892826
vn 0.467960984 0.404483378 0.785751641
vn -0.700934768 -0.576088846 0.420490146
vn 0.392138332 -0.765399456 0.510285437
vn -0.589349329 -0.761380136 0.270125329
vn 0.33493793 0.711352468 0.617895067
vn 0.466188073 0.744548678 0.477824122
vn -0.547900379 -0.83356154 0.0705719739
vn -0.572205901 -0.816945374 0.0719762295
vn 0.794670284 -0.290022939 0.533278406
vn 0.978617609 -0.0277429707 0.203808621
vn -0.289063007 -0.938701928 0.187833041
vn 0.461643279 0.279816896 0.841776729
vn 0.244992718 0.859322667 0.448935598
vn 0.0406755134 -0.802715898 0.594972789
vn 0.989979267 -0.00406961981 0.141154081
vn 0.29311195 -0.954861701 0.0482127964
vn 0.152200595 0.396959841 -0.905128658
vn 0.187931806 0.857382655 0.479141593
vn 0.831630647 0.179176375 0.525629461
vn -0.253350139 0.473973304 -0.843304753
vn 0.927133262 0.0509428605 0.371253014
vn -0.509681225 0.691285491 -0.512200475
vn -0.77568537 0.138527796 -0.615729034
vn 0.85698849 0.12188077 0.500715315
vn 0.713363767 -0.472472459 0.517573059
vn -0.13632746 -0.348775536 -0.927238047
vn -0.47607559 -0.870469928 -0.125036597
vn -0.585995793 -0.749884427 -0.307054162
vn 0.915403605 0.344525129 0.208179533
vn -0.355235249 0.424706489 -0.832725823
vn -0.253350139 0.473973304 -0.843304753
vn -0.795877397 -0.0454436243 -0.603749931
vn 0.927133262 0.0509428605 0.371253014
vn -0.509681225 0.691285491 -0.512200475
vn -0.13632746 -0.348775536 -0.927238047
vn -0.47607559 -0.870469928 -0.125036597
vn -0.77568537 0.138527796 -0.615729034
vn -0.585995793 -0.749884427 -0.307054162
vn -0.681925595 -0.297166348 -0.66833353
vn -0.585995793 -0.749884427 -0.307054162
vn -0.355235249 0.424706489 -0.832725823
vn -0.77568537 0.138527796 -0.615729034
vn 0.956932127 0.290062517 -0.0120241605
vn 0.441002518 0.463592261 -0.768504381
vn -0.7909832 -0.136722296 -0.596366107
vn -0.834768176 -0.175003931 -0.522049665
vn -0.874453366 -0.277391553 -0.397976488
vn -0.572205901 -0.816945374 0.0719762295
vn -0.289063007 -0.938701928 0.187833041
vn -0.210902333 -0.973348558 -0.0900709331
vn 0.921021163 -0.249703452 -0.298945069
vn -0.695110083 -0.212411091 -0.686806679
vn 0.83038342 0.0234432425 -0.556698978
vn -0.547900379 -0.83356154 0.0705719739
vn -0.764420629 -0.593788505 -0.251149803
vn -0.589349329 -0.761380136 0.270125329
vn 0.825199306 0.526160538 0.205429107
vn 0.874370813 -0.479483575 -0.0746411234
vn 0.380527645 -0.79331857 0.475230753
vn -0.675960064 -0.573961198 -0.46221897
vn 0.856901228 -0.265857786 -0.441633344
vn 0.726946473 -0.107809626 -0.67817831
vn -0.294904947 0.580539107 -0.758950233
vn 0.686302543 0.708931983 -0.162493736
vn 0.906957328 -0.154896557 0.391708463
vn 0.943258286 0.326563478 -0.0601673461
vn 0.881833553 0.0106432363 0.471440643
vn 0.93920058 0.224089205 -0.260166019
vn -0.773960471 -0.531558573 -0.34413752
vn -0.700934768 -0.576088846 0.420490146
vn 0.392138332 -0.765399456 0.510285437
vn 0.29311195 -0.954861701 0.0482127964
vn -0.813384354 -0.090749003 -0.57460469
vn 0.0406755134 -0.802715898 0.594972789
vn -0.289063007 -0.938701928 0.187833041
vn -0.834768176 -0.175003931 -0.522049665
vn 0.152200595 0.396959841 -0.905128658
vn 0.441002518 0.463592261 -0.768504381
vn -0.736926854 0.280841738 -0.614871323
vn -0.146104202 -0.818014801 -0.556332052
vn -0.555966437 -0.130221367 -0.820940733
vn 0.23124665 -0.969810784 -0.0774079189
vn -0.294904947 0.580539107 -0.758950233
vn -0.675960064 -0.573961198 -0.46221897
vn 0.380527645 -0.79331857 0.475230753
vn -0.675674558 -0.724215567 -0.137752712
vn 0.777374387 -0.604784727 -0.172987118
vn 0.110102497 -0.0287834369 -0.993503332
vn 0.382437378 -0.76631999 0.516231835
vn -0.650987208 0.60804987 -0.454412788
vn 0.726946473 -0.107809626 -0.67817831
vn 0.686302543 0.708931983 -0.162493736
vn 0.382437378 -0.76631999 0.516231835
vn -0.427219778 0.745605648 -0.511424959
vn 0.809251189 0.345221072 -0.47532618
vn -0.675674558 -0.724215567 -0.137752712
vn 0.382437378 -0.76631999 0.516231835
vn 0.274279177 0.95610106 -0.103158429
vn 0.726946473 -0.107809626 -0.67817831
vn -0.650987208 0.60804987 -0.454412788
vn 0.391686082 -0.919145346 0.0418794118
vn 0.895805717 -0.111518957 -0.430227458
vn -0.848808348 -0.149789095 -0.507038116
vn 0.384530067 -0.0513784587 -0.921681583
vn -0.152949125 -0.0628569722 0.986233056
vn 0.384530067 -0.0513784587 -0.921681583
vn 0.639807105 -0.616629004 -0.4587107
vn -0.960594118 -0.264373541 0.0858223066
vn 0.928548932 -0.0285949856 -0.370107025
vn -0.899225116 0.0601423681 0.433332622
vn -0.30319944 0.140216261 -0.942554772
vn -0.960594118 -0.264373541 0.0858223066
vn 0.0196730457 0.257395804 0.966105759
vn 0.973090529 -0.00790999085 0.230287343
vn -0.986508489 -0.0805701539 -0.142511323
vn -0.764420629 -0.593788505 -0.251149803
vn -0.210902333 -0.973348558 -0.0900709331
vn 0.688129306 -0.158147633 0.708143651
vn 0.937304676 -0.14061746 0.318883389
vn 0.894187331 -0.191832691 0.404511094
vn 0.919117868 -0.34224233 0.195172831
vn 0.728391826 -0.12957783 0.672796428
vn -0.719493866 -0.0596246049 0.691934645
vn 0.866784215 -0.332448632 0.37170282
vn 0.906957328 -0.154896557 0.391708463
vn 0.850793779 -0.40190956 0.338553786
vn 0.921021163 -0.249703452 -0.298945069
vn 0.94287467 -0.197293535 -0.268444717
vn -0.512389362 -0.320839256 0.796567202
vn 0.881833553 0.0106432363 0.471440643
vn 0.943258286 0.326563478 -0.0601673461
vn 0.83038342 0.0234432425 -0.556698978
vn 0.874370813 -0.479483575 -0.0746411234
vn 0.432940751 -0.720141828 0.542179048
vn -0.285738796 0.33076483 -0.899415314
vn 0.967337251 -0.192526415 -0.164900467
vn -0.623677194 0.154210165 -0.766319752
vn -0.821361363 -0.282869071 -0.495328724
vn 0.890668273 -0.421750575 0.169813275
vn -0.899873137 -0.144279286 0.411596805
vn 0.722964048 -0.582559407 0.371413022
vn 0.919117868 -0.34224233 0.195172831
vn 0.866784215 -0.332448632 0.37170282
vn 0.850793779 -0.40190956 0.338553786
vn -0.657976151 -0.459998161 -0.596212268
vn -0.947581112 0.26525721 -0.178125411
vn -0.285738796 0.33076483 -0.899415314
vn -0.719493866 -0.0596246049 0.691934645
vn 0.94287467 -0.197293535 -0.268444717
vn -0.623677194 0.154210165 -0.766319752
vn -0.899873137 -0.144279286 0.411596805
vn -0.821361363 -0.282869071 -0.495328724
vn -0.947581112 0.26525721 -0.178125411
vn -0.719493866 -0.0596246049 0.691934645
vn -0.926052749 0.314468861 -0.208651975
vn -0.285738796 0.33076483 -0.899415314
vn -0.657976151 -0.459998161 -0.596212268
vn 0.432940751 -0.720141828 0.542179048
vn -0.257647276 -0.848633468 0.461994737
vn -0.978179753 0.174702138 0.112443425
vn 0.728391826 -0.12957783 0.672796428
vn 0.385354996 0.22390151 0.895192504
vn -0.522664785 -0.122355007 0.843712449
vn -0.512389362 -0.320839256 0.796567202
vn 0.967337251 -0.192526415 -0.164900467
vn -0.902002215 -0.424870312 0.0766628683
vn -0.109575957 -0.228705436 0.967309117
vn -0.56080097 -0.653820217 0.507958055
vn 0.943258286 0.326563478 -0.0601673461
vn 0.385354996 0.22390151 0.895192504
vn -0.512389362 -0.320839256 0.796567202
vn 0.93920058 0.224089205 -0.260166019
vn 0.967337251 -0.192526415 -0.164900467
vn 0.784481227 0.129940808 -0.606386542
vn 0.943258286 0.326563478 -0.0601673461
vn 0.385354996 0.22390151 0.895192504
vn 0.875898361 0.0766520202 -0.47636798
vn -0.522664785 -0.122355007 0.843712449
vn -0.109575957 -0.228705436 0.967309117
vn 0.799464285 0.0983243436 -0.592612147
vn -0.56080097 -0.653820217 0.507958055
vn -0.902002215 -0.424870312 0.0766628683
vn -0.309411585 -0.920980096 0.236770108
vn 0.797917902 -0.528551459 0.289759189
vn -0.35349223 -0.351453185 -0.866904795
vn -0.332900077 -0.655869007 -0.677505314
vn -0.340266824 -0.2418302 -0.908700526
vn -0.844830215 0.156915963 0.511506855
vn -0.564641833 -0.255998731 -0.784630001
vn -0.527915061 -0.124077566 -0.840184748
vn -9.16853678E-05 -0.709669173 -0.704535127
vn -0.000142090037 -0.224416271 -0.974493384
vn 0.340219408 -0.241794497 -0.908727765
vn 0.332929701 -0.656021833 -0.677342713
vn 0.353565603 -0.351546288 -0.866837084
vn -0.797927976 -0.528527439 0.289775312
vn 0.309408069 -0.920980334 0.236773938
vn 0.844821215 0.156935737 0.511515617
vn 0.562184513 -0.273089945 -0.780621767
vn 0.514271259 -0.112653024 -0.85019666
vn -0.298784554 -0.102253594 -0.948826671
vn 0.0119098667 -0.0726612806 -0.997285545
vn 0.314456135 -0.0543115288 -0.947717071
vn 0.60041362 0.154484674 -0.784626007
vn 0.282318741 0.144588754 -0.948361874
vn 0.150798008 0.187239558 -0.970670581
vn 0.180650413 0.0800919384 -0.980280936
vn 0.619100571 0.38044259 -0.687006533
vn -0.257498205 -0.19762902 0.945852757
vn 0.445340335 0.514054537 -0.733089328
vn 0.0167601835 0.394256383 -0.91884762
vn -0.838590562 -0.17234911 -0.516780138
vn 0.112618983 0.247568592 -0.962302864
vn 0.388933003 0.726424694 -0.566602409
vn 0.654292881 0.581884563 -0.483022928
vn -0.176004976 -0.317754 -0.931694508
vn -0.565507472 0.0161367934 -0.824585319
vn -0.520080745 0.0392844118 -0.853213191
vn -0.596878707 0.242421791 -0.764831722
vn -0.426415056 0.255613863 -0.867658734
vn -0.184644893 0.420871139 -0.888129413
vn -0.434304416 -0.710124195 0.554169118
vn -0.332900077 -0.655869007 -0.677505314
vn -5.82943176E-06 -0.910384834 0.41376248
vn -9.16853678E-05 -0.709669173 -0.704535127
vn 0.332929701 -0.656021833 -0.677342713
vn -0.844830215 0.156915963 0.511506855
vn 0.266101807 0.0739771873 0.961102068
vn -0.309411585 -0.920980096 0.236770108
vn -0.0101714581 -0.544907153 0.838434696
vn -0.564641833 -0.255998731 -0.784630001
vn 0.797917902 -0.528551459 0.289759189
vn -0.332900077 -0.655869007 -0.677505314
vn 0.844821215 0.156935737 0.511515617
vn 0.309408069 -0.920980334 0.236773938
vn -0.266111374 0.0739926472 0.961098254
vn 0.228756577 -0.724313915 0.650415063
vn 0.562184513 -0.273089945 -0.780621767
vn -0.797927976 -0.528527439 0.289775312
vn 0.332929701 -0.656021833 -0.677342713
vn -0.376643181 -0.379905492 -0.844873786
vn -0.55223918 -0.0365249403 0.832885265
vn 0.0213109609 -0.851877093 0.523307979
vn -0.424777538 0.674584746 -0.60373795
vn 0.421248227 -0.699228048 0.577607214
vn -0.0935558155 -0.478962839 0.872835577
vn 0.972631037 -0.117077164 -0.200703219
vn -0.54647696 0.358573765 -0.756827414
vn -0.970940351 0.195538819 -0.137983501
vn -0.960780501 0.266185492 -0.0777573586
vn 0.0167601835 0.394256383 -0.91884762
vn -0.294657528 0.616146266 -0.73043865
vn -0.124426171 -0.935339034 0.331148058
vn -0.40268144 -0.0213166233 0.915091932
vn 0.954837918 -0.0754718333 0.287382334
vn -0.791631579 -0.190468773 -0.580552399
vn -0.257498205 -0.19762902 0.945852757
vn -0.838590562 -0.17234911 -0.516780138
vn 0.975229025 0.00896913465 0.221015528
vn 0.619100571 0.38044259 -0.687006533
vn -0.938931465 -0.0380649306 0.341992289
vn 0.784104407 0.00625264691 0.620597422
vn -0.776930034 -0.624692023 0.0783553571
vn 0.74986732 -0.229228675 -0.620607078
vn 0.662801266 -0.349251151 0.662357986
vn -0.890860975 0.429724038 0.147322536
vn 0.820967019 -0.224551708 -0.5249663
vn -0.184644893 0.420871139 -0.888129413
vn -0.434304416 -0.710124195 0.554169118
vn -0.704240441 0.53994447 -0.460982978
vn -0.730317056 0.334667534 -0.595512152
vn -0.596878707 0.242421791 -0.764831722
vn -0.769778907 -0.100747354 0.630309701
vn -0.708167613 -0.258307576 0.657096505
vn 0.706352353 -0.106993645 0.699727595
vn 0.712321699 0.0584615469 0.699414134
vn 0.811226785 -0.552247941 0.192180708
vn 0.800929844 0.474981368 -0.364560068
vn 0.445340335 0.514054537 -0.733089328
vn -0.48885721 0.0428602844 -0.871310294
vn -0.532561362 -0.168470845 -0.829455197
vn 0.326278657 -0.943274677 0.0614415891
vn -0.320774257 -0.900897682 -0.292382032
vn -0.430343807 -0.626274347 -0.650065124
vn -0.323932558 -0.752061367 0.573996007
vn -0.308925778 -0.724170268 -0.616556764
vn -0.529393971 -0.565275729 -0.632617772
vn -0.260232002 -0.845867872 0.465603769
vn -0.0845836997 -0.960990727 0.263329536
vn -0.652586997 -0.43761301 -0.61856693
vn -0.746494055 -0.418821424 -0.517044663
vn -0.707351804 -0.176940992 -0.684357584
vn -0.756299078 -0.112837687 -0.644421756
vn -0.873855293 0.0505415983 -0.483551979
vn -0.716467679 0.0150291901 -0.697458386
vn -0.564641833 -0.255998731 -0.784630001
vn -0.366438538 -0.619516313 -0.694206357
vn -0.0101714581 -0.544907153 0.838434696
vn -0.527915061 -0.124077566 -0.840184748
vn -0.181572616 -0.699697733 -0.690980852
vn -0.560495198 -0.499106914 -0.660861075
vn -0.596878707 0.242421791 -0.764831722
vn -0.730317056 0.334667534 -0.595512152
vn -0.815299153 0.354229987 -0.458048522
vn -0.539435327 -0.568902314 -0.620773494
vn -0.332900077 -0.655869007 -0.677505314
vn -0.24060674 -0.725958347 -0.644276977
vn -5.82943176E-06 -0.910384834 0.41376248
vn -1.99795818E-06 -0.718560755 -0.695464134
vn -0.0461414456 -0.84901166 -0.526355505
vn -0.0541453436 -0.994687796 -0.0875466019
vn -0.612200916 -0.603410482 -0.510985136
vn -0.207698286 -0.816875517 0.538122416
vn 1.13108536E-06 -0.960846186 -0.277082264
vn -0.207698286 -0.816875517 0.538122416
vn -0.226482704 -0.578441441 -0.783652425
vn -0.453781515 -0.533616543 0.713677645
vn -0.234108835 0.0283023175 0.97179836
vn -0.0814396515 -0.476069212 0.875628769
vn 0.173036352 -0.565395296 -0.806465507
vn -0.211114347 -0.500541449 -0.839576721
vn -0.218706235 -0.512567341 -0.830326617
vn -0.743502915 0.0805062875 -0.663869143
vn -0.146801353 -0.584555745 0.797962427
vn -0.453781515 -0.533616543 0.713677645
vn -0.756299078 -0.112837687 -0.644421756
vn -0.933568835 0.0369490683 -0.356488436
vn -0.211114347 -0.500541449 -0.839576721
vn -0.730306745 0.367646456 -0.575749993
vn -0.938329458 -0.326056957 -0.114998348
vn -0.915165246 0.0793342143 -0.395194471
vn -0.900686026 0.222703859 -0.373051852
vn -0.62845856 -0.25985682 0.733153641
vn -0.743342102 -0.571523488 -0.347567976
vn -0.873855293 0.0505415983 -0.483551979
vn -0.815299153 0.354229987 -0.458048522
vn -0.642367899 0.727178693 -0.242021859
vn -0.652586997 -0.43761301 -0.61856693
vn -0.730317056 0.334667534 -0.595512152
vn -0.678629458 0.42331785 -0.600219965
vn -0.617229402 0.778253496 -0.115539595
vn -0.426415056 0.255613863 -0.867658734
vn -0.150084093 0.338212013 -0.929024994
vn -0.184644893 0.420871139 -0.888129413
vn -0.54647696 0.358573765 -0.756827414
vn 0.0167601835 0.394256383 -0.91884762
vn 0.112618983 0.247568592 -0.962302864
vn -0.152375355 0.182403252 -0.971344829
vn -0.565507472 0.0161367934 -0.824585319
vn -0.967498302 -0.14392288 -0.20792599
vn -0.215118915 -0.171063215 -0.961489022
vn -0.467205822 -0.794472992 -0.387983739
vn 0.973748028 -0.20226267 -0.104425177
vn 0.180650413 0.0800919384 -0.980280936
vn -0.150057435 0.467660934 -0.871077478
vn -0.294657528 0.616146266 -0.73043865
vn -0.0541453436 -0.994687796 -0.0875466019
vn -0.207698286 -0.816875517 0.538122416
vn -0.00162635744 -0.645674884 0.763610721
vn -0.179882154 -0.651320696 0.737172842
vn -0.0461414456 -0.84901166 -0.526355505
vn 1.13108536E-06 -0.960846186 -0.277082264
vn -0.323932558 -0.752061367 0.573996007
vn -0.320774257 -0.900897682 -0.292382032
vn -0.0845836997 -0.960990727 0.263329536
vn -0.260232002 -0.845867872 0.465603769
vn -0.0814396515 -0.476069212 0.875628769
vn -0.396588534 -0.472070038 0.787316561
vn -0.453781515 -0.533616543 0.713677645
vn -0.313631177 -0.18903628 0.930537939
vn -0.146801353 -0.584555745 0.797962427
vn -0.358718276 -0.622196674 0.695839405
vn -0.938329458 -0.326056957 -0.114998348
vn -0.62845856 -0.25985682 0.733153641
vn -0.743342102 -0.571523488 -0.347567976
vn -0.743502915 0.0805062875 -0.663869143
vn -0.234108835 0.0283023175 0.97179836
vn -0.179882154 -0.651320696 0.737172842
vn -0.0028988414 -0.681304932 0.731994033
vn -0.00162635744 -0.645674884 0.763610721
vn -0.358718276 -0.622196674 0.695839405
vn -0.306848884 -0.733099639 0.606966853
vn -0.396588534 -0.472070038 0.787316561
vn -0.263219088 -0.714571953 0.648153245
vn -0.179882154 -0.651320696 0.737172842
vn -0.938329458 -0.326056957 -0.114998348
vn 0.0341483057 -0.797954082 0.601750016
vn -0.195162371 -0.744836271 0.638067901
vn 0.0461350307 -0.849010468 -0.526358008
vn 0.0541339889 -0.994687319 -0.0875592306
vn 0.240583673 -0.725962877 -0.644280553
vn 0.612166703 -0.603425562 -0.511008441
vn 0.206543729 -0.818555593 0.536009729
vn -1.99795818E-06 -0.718560755 -0.695464134
vn -5.82943176E-06 -0.910384834 0.41376248
vn 0.332929701 -0.656021833 -0.677342713
vn 0.539366066 -0.568912745 -0.620824158
vn 0.43034339 -0.626293659 -0.650046706
vn 0.206543729 -0.818555593 0.536009729
vn 0.228756577 -0.724313915 0.650415063
vn 0.560492218 -0.499096245 -0.660871804
vn 0.313992292 -0.666448534 -0.67620641
vn 0.345055819 -0.681614101 -0.645243168
vn 0.579262376 -0.533073068 -0.616675138
vn 0.528779984 -0.550106287 -0.646355033
vn 0.325097352 -0.753442824 0.571520507
vn 0.260169357 -0.845845222 0.465679824
vn 0.0365719125 -0.998414755 0.04278332
vn 0.517454505 -0.474016488 -0.712424874
vn 0.186768919 -0.555500925 -0.810269177
vn 0.0853774622 -0.47355032 0.876618922
vn 0.234103426 0.0282984562 0.971799731
vn 0.540297866 -0.726332724 0.424875319
vn 0.7102319 -0.188902676 -0.678149223
vn 0.776666105 -0.0961459428 -0.622531652
vn 0.867926836 0.0394405276 -0.495123714
vn 0.738106787 0.00165265019 -0.674681902
vn 0.562184513 -0.273089945 -0.780621767
vn 0.514271259 -0.112653024 -0.85019666
vn 0.60041362 0.154484674 -0.784626007
vn 0.778913736 0.235152334 -0.581374943
vn 0.827812791 0.234148592 -0.509804368
vn 0.811226785 -0.552247941 0.192180708
vn 0.800929844 0.474981368 -0.364560068
vn 0.445340335 0.514054537 -0.733089328
vn 0.0461350307 -0.849010468 -0.526358008
vn 1.13108536E-06 -0.960846186 -0.277082264
vn -0.00162635744 -0.645674884 0.763610721
vn 0.0541339889 -0.994687319 -0.0875592306
vn 0.206543729 -0.818555593 0.536009729
vn 0.189974651 -0.639123321 0.745272517
vn 0.325097352 -0.753442824 0.571520507
vn 0.0365719125 -0.998414755 0.04278332
vn 0.260169357 -0.845845222 0.465679824
vn 0.320797235 -0.900903881 -0.292337596
vn 0.0853774622 -0.47355032 0.876618922
vn 0.383394122 -0.457511991 0.80230397
vn 0.540297866 -0.726332724 0.424875319
vn 0.234103426 0.0282984562 0.971799731
vn 0.346230954 -0.213437483 0.913547277
vn 0.00833929144 -0.999490798 -0.0308009274
vn 0.38917014 -0.52220279 0.75884831
vn 0.432940751 -0.720141828 0.542179048
vn 0.690879881 -0.211781964 0.691254914
vn 0.82851851 -0.54695642 -0.119982511
vn 0.967337251 -0.192526415 -0.164900467
vn 0.696385384 0.174960166 -0.696014524
vn -0.0028988414 -0.681304932 0.731994033
vn 0.189974651 -0.639123321 0.745272517
vn -0.00162635744 -0.645674884 0.763610721
vn 0.383394122 -0.457511991 0.80230397
vn 0.273955971 -0.727696419 0.628813267
vn 0.38917014 -0.52220279 0.75884831
vn 0.189974651 -0.639123321 0.745272517
vn 0.432940751 -0.720141828 0.542179048
vn 0.0341483057 -0.797954082 0.601750016
vn -0.257647276 -0.848633468 0.461994737
vn 0.232385278 0.090885818 0.968368173
vn -0.176004976 -0.317754 -0.931694508
vn 0.973748028 -0.20226267 -0.104425177
vn 0.180650413 0.0800919384 -0.980280936
vn -0.467205822 -0.794472992 -0.387983739
vn -0.967498302 -0.14392288 -0.20792599
vn -0.565507472 0.0161367934 -0.824585319
vn 0.0341483057 -0.797954082 0.601750016
vn 0.189974651 -0.639123321 0.745272517
vn -0.0028988414 -0.681304932 0.731994033
vn 0.0341483057 -0.797954082 0.601750016
vn -0.0028988414 -0.681304932 0.731994033
vn -0.179882154 -0.651320696 0.737172842
vn -0.773960471 -0.531558573 -0.34413752
vn -0.550119877 -0.550121903 -0.628278553
vn 0.392138332 -0.765399456 0.510285437
vn -0.00727261417 -0.330224514 -0.943874419
vn 0.895330966 -0.400500476 -0.194889411
vn 0.763539672 0.442575336 -0.470249146
vn 0.796656251 -0.587226391 0.143192232
vn 0.586376309 -0.439626843 0.680360973
vn 0.601370454 0.593651116 -0.534726024
vn 0.653002024 -0.207788944 0.728293955
vn 0.715438008 0.630730331 -0.300545573
vn 0.504755735 -0.00152557844 0.863260865
vn 0.604517698 0.794981122 -0.0506300181
vn 0.279811561 0.424258798 0.861225843
vn -0.416427642 0.907795966 0.0499450304
vn -0.666572571 -0.661113203 0.344398439
vn -0.558396697 -0.700233102 0.444822013
vn -0.534964025 -0.689090371 0.488843501
vn -0.80470562 -0.511305273 0.301688343
vn -0.972899973 -0.218919978 0.0744286552
vn -0.24861671 -0.31241712 -0.916834354
vn -0.460217685 0.0161340814 -0.88765955
vn -0.666572571 -0.661113203 0.344398439
vn -0.558396697 -0.700233102 0.444822013
vn -0.534964025 -0.689090371 0.488843501
vn -0.589685023 0.226982608 -0.77508086
vn -0.80470562 -0.511305273 0.301688343
vn -0.487105101 0.424173295 -0.763417125
vn -0.972899973 -0.218919978 0.0744286552
vn 0.320797235 -0.900903881 -0.292337596
vn 1.13108536E-06 -0.960846186 -0.277082264
vn -0.989403963 -0.00259454222 0.145165801
vn -0.970909536 -0.0964367539 0.219168082
vn -0.997260571 0.0520364791 0.0525703542
vn -0.99902004 -0.0377996452 0.0230250433
vn -0.872308075 -0.419970065 -0.250407279
vn -0.210419759 -0.187361807 -0.959488928
vn -0.742144883 -0.600934267 -0.29681477
vn -0.71729213 -0.624176919 -0.309669554
vn -0.549384058 -0.634226918 -0.543997586
vn -0.628383398 -0.587714851 -0.509632707
vn -1.1193417E-07 -0.654452443 -0.756103158
vn -0.770400167 -0.457706898 -0.443833232
vn -0 -0.522411883 -0.85269326
vn -0 -0.0459134318 -0.998945415
vn -0 -0.546501756 -0.837457955
vn 0.989403963 -0.00259457901 0.145165846
vn 0.997260571 0.0520364121 0.0525705181
vn 0.970909655 -0.0964368358 0.219167501
vn 0.99902004 -0.0377998091 0.0230249353
vn 0.872307658 -0.419969797 -0.250409305
vn 0.210418195 -0.187360883 -0.959489465
vn 0.742144704 -0.600934148 -0.296815455
vn 0.71729207 -0.624176919 -0.309669524
vn 0.549383819 -0.634226322 -0.543998659
vn 0.628382921 -0.587714016 -0.509634376
vn -1.1193417E-07 -0.654452443 -0.756103158
vn 0.770399511 -0.457706422 -0.443834901
vn -0 -0.522411883 -0.85269326
vn -0 -0.0459134318 -0.998945415
vn -0 -0.546501756 -0.837457955
vn 0.970909655 -0.0964368358 0.219167501
vn 0.706158936 -0.247080177 0.663544238
vn 0.704530358 -0.223895669 0.673429787
vn 0.881313026 -0.267417878 0.389583141
vn 0.699412704 -0.231999576 0.676016331
vn 0.687952042 -0.274325877 0.671913147
vn 0.696797669 -0.281843126 0.659573674
vn 0.895424664 -0.441596657 -0.056631159
vn -0.970909536 -0.0964367539 0.219168082
vn -0.704530358 -0.223895684 0.673429906
vn -0.706158936 -0.247080177 0.663544238
vn -0.881312966 -0.267417878 0.38958329
vn -0.699411809 -0.231999233 0.676017404
vn -0.687950194 -0.274325132 0.671915352
vn -0.696797729 -0.281843096 0.659573615
vn -0.895424604 -0.441596746 -0.0566315539
vn -0 -0.0459134318 -0.998945415
vn -0.770400167 -0.457706898 -0.443833232
vn -0.92282778 -0.082418412 -0.376292586
vn -0.898150384 -0.2808007 0.338344276
vn -0.797003567 -0.59521383 -0.102497451
vn -0.742144883 -0.600934267 -0.29681477
vn -0.617869973 -0.719696641 -0.316660047
vn -0.681171179 -0.614320457 -0.398266315
vn -0.210419759 -0.187361807 -0.959488928
vn -0.895424604 -0.441596746 -0.0566315539
vn 0.649276197 -0.116147205 -0.751631677
vn 0.491968304 -0.103279367 -0.864465415
vn 0.389450699 0.179561123 -0.903374791
vn 0.461275548 0.415319413 -0.784050107
vn 0.623842657 0.486705363 -0.611504912
vn -0.780160487 -0.578363299 -0.238423049
vn -0.50160259 -0.806762934 -0.312295407
vn -0.755951881 -0.647109091 -0.0989270955
vn -0.536396265 -0.842505157 -0.0496402718
vn -0.475730628 -0.874655843 0.0930455998
vn 1.51926969E-07 -0.484683514 0.874689579
vn -0 -0.999623597 0.0274350531
vn -0.970909536 -0.0964367539 0.219168082
vn -0.859228432 0.0187369827 0.511248946
vn -0 -4.23047495E-05 1
vn 1.80823847E-07 0.343927234 0.938996315
vn -0.936312914 0.030237399 -0.349862695
vn -0 0.0469030924 -0.99889946
vn 1.21024841E-05 0.391415149 -0.920214236
vn -0.704565763 0.673244894 -0.224339843
vn -0.461150289 0.69830519 0.547458112
vn -0.251714617 0.606631577 0.754080772
vn -0.0218324773 0.80718857 0.589889765
vn -0.0917918384 0.915718555 0.391195297
vn -0.247125253 0.959097445 -0.138062537
vn -0 0.716556251 -0.697529316
vn -0 0.679387689 0.73377955
vn -0.00957292411 0.732490599 0.680709779
vn 1.03150228E-07 0.699753106 0.714384735
vn 0.0482535139 0.734918714 0.676436305
vn 0.065411821 0.767386436 0.637839556
vn -0 -0.0459134318 -0.998945415
vn 0.922827899 -0.0824184194 -0.376292259
vn 0.770399511 -0.457706422 -0.443834901
vn 0.898150623 -0.280800939 0.338343412
vn 0.797003508 -0.59521389 -0.102498166
vn 0.742144704 -0.600934148 -0.296815455
vn 0.617870152 -0.719696999 -0.316658646
vn 0.681171298 -0.614320636 -0.398265898
vn 0.210418195 -0.187360883 -0.959489465
vn 0.895424664 -0.441596657 -0.056631159
vn -0.649276495 -0.116147369 -0.751631439
vn -0.491968989 -0.103279725 -0.864465058
vn -0.389451653 0.179561779 -0.903374255
vn -0.461275131 0.415319115 -0.784050524
vn -0.623841703 0.486704767 -0.611506283
vn 0.780160666 -0.578363836 -0.238421187
vn 0.501602948 -0.806763232 -0.312294126
vn 0.755951941 -0.647108853 -0.0989286825
vn 0.536396265 -0.842505157 -0.0496407002
vn 0.475730687 -0.874655902 0.0930449888
vn 1.51926969E-07 -0.484683514 0.874689579
vn -0 -0.999623597 0.0274350531
vn 0.970909655 -0.0964368358 0.219167501
vn 0.859226465 0.0187360197 0.511252165
vn -0 -4.23047495E-05 1
vn 1.80823847E-07 0.343927234 0.938996315
vn 0.93630892 0.0302205142 -0.349874765
vn -0 0.0469030924 -0.99889946
vn 1.21024841E-05 0.391415149 -0.920214236
vn 0.704559028 0.673251808 -0.22434032
vn 0.46116066 0.69830668 0.547447383
vn 0.251709074 0.606629074 0.754084706
vn 0.0218452923 0.807179391 0.589901924
vn 0.0918061212 0.915730894 0.391163051
vn 0.247040331 0.959150851 -0.137843102
vn -0 0.716556251 -0.697529316
vn -0 0.679387689 0.73377955
vn 0.00957450178 0.732489586 0.680710852
vn 1.03150228E-07 0.699753106 0.714384735
vn -0.0482494608 0.734923601 0.676431239
vn -0.0654012561 0.767382145 0.637845874
vn 0.852447331 0.0779686198 0.516966581
vn 0.99218148 0.0980742797 0.0771844313
vn 0.97686547 0.0341740735 0.211106524
vn 0.989403963 -0.00259457901 0.145165846
vn 0.997260571 0.0520364121 0.0525705181
vn -0.976865411 0.0341739953 0.211107031
vn -0.989403963 -0.00259454222 0.145165801
vn -0.99218148 0.0980742797 0.077184394
vn -0.997260571 0.0520364791 0.0525703542
vn -0.852447331 0.0779685155 0.516966641
vn -0.175657287 -0.980171025 -0.0917020962
vn -0.174426809 -0.439535767 0.881126344
vn 0.0944234356 -0.989600599 -0.10851226
vn -0.0744278952 -0.315177262 0.946109831
vn 0.672850311 -0.73545903 -0.0798282847
vn 0.0991635919 -0.260702223 0.960312903
vn 0.823561192 -0.563244581 -0.0671005026
vn 0.242129743 -0.296165675 0.923936725
vn 6.8803718E-05 -0.994040608 -0.109010324
vn 3.7633723E-05 -0.283897609 0.958854616
vn -0.242130771 -0.296174765 0.923933506
vn -0.823598683 -0.563193798 -0.0670674443
vn -0.099197574 -0.260690719 0.960312545
vn -0.672836065 -0.735478878 -0.0797651559
vn 0.0744157359 -0.315154999 0.946118236
vn -0.094448708 -0.989593148 -0.108557984
vn 0.174424872 -0.439538687 0.881125271
vn 0.175642565 -0.980173886 -0.0916999057
vn 0.36171338 -0.554535806 0.749435365
vn 0.578053534 -0.814991057 -0.0405431204
vn 0.892657936 -0.431884319 0.128987432
vn 0.986726344 -0.160363063 0.0255893748
vn 0.0441248938 0.155548841 0.986842215
vn -0.0441116877 0.155057207 0.986920178
vn 0.00330992439 0.998737633 0.0501217581
vn -0.00325336633 0.998742163 0.0500351191
vn 0.0943089873 0.163800821 0.981975079
vn -0.0090216333 0.998299718 0.057587672
vn 0.13463223 0.274441361 0.952132404
vn -0.0159634128 0.997132361 0.07397452
vn 0.145146072 0.493938237 0.857296705
vn -0.0453138985 0.994906187 0.0900457352
vn 0.901120663 0.314057469 0.298913926
vn 0.985862136 0.154653281 0.0644849166
vn -0.0943073332 0.163784549 0.981977999
vn 0.00898504909 0.998296559 0.0576470196
vn -0.134638995 0.274443835 0.952130735
vn 0.0159507189 0.997133434 0.0739628077
vn -0.145156533 0.493956029 0.857284665
vn 0.0453024693 0.994908452 0.0900271833
vn -0.90113169 0.314035803 0.298903197
vn -0.985863626 0.154642269 0.0644883662
vn -0.917200029 -0.0723300353 0.391806573
vn -0.986724854 -0.160369441 0.0256081037
vn -0.892665327 -0.431861669 0.12901178
vn -0.578015625 -0.815016508 -0.0405702069
vn -0.361716717 -0.554565132 0.749412179
vn 0.91719842 -0.0723306164 0.391810209
vn -0.27971819 0.344135165 0.89628607
vn -0.543015301 0.284467697 0.790071249
vn -0.350519091 0.443628967 0.824820995
vn -0.557027161 0.380241305 0.738334179
vn -0 0.418813497 0.908072233
vn -0.852447331 0.0779685155 0.516966641
vn -0.781887889 0.0320199206 0.622596264
vn -0.976865411 0.0341739953 0.211107031
vn -0.908708334 -0.0713162497 0.41129446
vn -0.502976954 0.140899733 0.852737606
vn -0.243894905 0.202920184 0.948334694
vn -0 0.316334844 0.948647618
vn -0 0.418813497 0.908072233
vn -0 0.218390584 0.97586143
vn -0.79094249 -0.0117959324 0.61177671
vn -0.199294999 -0.0325014517 0.979400396
vn -0 -0.0587936714 0.998270154
vn -0.777428806 -0.0925612301 0.622122824
vn -0.90977025 -0.141983137 0.390075475
vn -0.511166334 -0.00209655892 0.859479249
vn -0.989403963 -0.00259454222 0.145165801
vn -0.970909536 -0.0964367539 0.219168082
vn -0.891128302 -0.160992354 0.424230903
vn -0.881312966 -0.267417878 0.38958329
vn -0.923146665 -0.157214269 0.350833118
vn -0.932827115 -0.250291497 0.259205937
vn -0.895424604 -0.441596746 -0.0566315539
vn -0.288068801 -0.355549246 0.889157534
vn -0 -0.270939618 0.962596357
vn -0.462648749 -0.264353603 0.846211135
vn -4.78195432E-07 -0.214853391 0.976646304
vn -0.350377589 -0.434737802 0.829601467
vn -0.682190835 -0.122184962 0.720892906
vn -0.727221549 -0.0918493569 0.680229723
vn -0.426926672 -0.0810216665 0.90064925
vn -0.501597285 0.127676412 0.855627775
vn -0.520234823 0.172687128 0.836382031
vn -0.465683371 0.135405421 0.874530911
vn -0.520989656 0.17815651 0.834763467
vn 1.7624744E-07 0.251978815 0.967732787
vn -0.672311008 0.305392563 0.674339116
vn -1.73392607E-07 0.688791633 0.724959433
vn -0.265858293 -0.167431861 0.949360788
vn -0.381010979 -0.437215656 0.814661384
vn -0.364862174 -0.341709733 0.866088927
vn -0.412685752 -0.389316648 0.823482215
vn -0.674850821 -0.243199974 0.69672811
vn -0.741085768 -0.31793344 0.591363072
vn 0.672311604 0.305392832 0.6743384
vn 0.520989835 0.178156674 0.834763288
vn 0.520236433 0.172687545 0.836380899
vn 0.465684563 0.135405511 0.874530315
vn 0.426927477 -0.0810215697 0.900648892
vn 0.501598775 0.127676904 0.855626822
vn 0.72722137 -0.0918494165 0.680229962
vn 0.682190359 -0.122185133 0.720893264
vn 0.923146009 -0.157214239 0.350834817
vn 0.891128182 -0.160992324 0.424231201
vn 0.881313026 -0.267417878 0.389583141
vn 0.970909655 -0.0964368358 0.219167501
vn 0.909770191 -0.141983077 0.390075594
vn 0.989403963 -0.00259457901 0.145165846
vn 0.97686547 0.0341740735 0.211106524
vn 0.908708811 -0.0713161156 0.411293387
vn 0.781887949 0.0320199393 0.622596085
vn 0.852447331 0.0779686198 0.516966581
vn 0.543015063 0.284467667 0.790071368
vn 0.557027102 0.380241334 0.738334179
vn 0.350519091 0.443628937 0.824821055
vn 0.279718161 0.344135165 0.89628607
vn -0 0.418813497 0.908072233
vn 0.502976716 0.140899628 0.852737725
vn 0.24389489 0.202920184 0.948334634
vn 0.790942907 -0.0117958896 0.611776173
vn 0.19929482 -0.0325010195 0.979400456
vn 0.777429223 -0.0925613642 0.622122347
vn 0.511166692 -0.00209667417 0.85947901
vn 0.288067281 -0.355548501 0.889158309
vn 0.4626472 -0.264353216 0.846212089
vn 0.350376725 -0.434737325 0.829602063
vn 0.26585862 -0.167431876 0.949360728
vn 0.381010205 -0.437215298 0.81466186
vn 0.364861697 -0.341709584 0.866089225
vn 0.412685961 -0.389316499 0.823482215
vn 0.674850166 -0.243199795 0.696728826
vn 0.741085052 -0.317932755 0.591364324
vn 0.895424664 -0.441596657 -0.056631159
vn 0.932826996 -0.250291467 0.259206444
vn -0.493075073 -0.0686992779 0.867270052
vn -0.717329025 -0.0345723145 0.6958763
vn -0.718944907 0.000384499435 0.695066988
vn -0.340973049 -0.312046796 0.886771798
vn -3.66422768E-07 -0.434252143 0.900791347
vn -3.50559446E-07 -0.0383991376 0.999262512
vn -0.53254956 -0.145436853 0.833810031
vn -0.733604372 -0.290502578 0.614355743
vn -0.8551718 -0.423572272 0.298777103
vn -0.860423863 -0.50937742 -0.014333643
vn -0.780160487 -0.578363299 -0.238423049
vn -0.636515498 -0.738524735 0.222326875
vn -0.620487332 -0.442760229 0.647270262
vn -0.532941401 -0.817978263 0.216529563
vn -0.38138777 -0.912255108 -0.149445727
vn -0.41393888 -0.900456488 -0.133539245
vn -0.317888707 -0.938289762 -0.13623184
vn -0.475730628 -0.874655843 0.0930455998
vn -0 -0.999623597 0.0274350531
vn -0 -0.99135834 -0.131181762
vn -0.434713781 -0.850163758 0.297061384
vn -0 -0.913438082 0.406977713
vn -0.536396265 -0.842505157 -0.0496402718
vn 1.59676418E-07 -0.401244015 0.91597122
vn -0.388233274 -0.393336356 0.833403528
vn -0.512789249 -0.434315503 0.740552008
vn -0.605409682 -0.788511097 -0.108302161
vn -0.50160259 -0.806762934 -0.312295407
vn -0.378117591 -0.28465724 0.880907118
vn -2.23856901E-07 -0.312642932 0.949870706
vn -0.499964505 -0.284297884 0.818052709
vn 0.340973109 -0.312045962 0.886772037
vn 0.71894598 0.000385456253 0.695065796
vn 0.717329562 -0.0345722139 0.695875823
vn 0.493075788 -0.0686992556 0.867269695
vn 0.532548249 -0.145436332 0.833810925
vn 0.733603537 -0.29050225 0.614356756
vn 0.855171502 -0.423572153 0.298778236
vn 0.860423863 -0.50937742 -0.0143339094
vn 0.780160666 -0.578363836 -0.238421187
vn 0.636515439 -0.738524735 0.222327292
vn 0.620487928 -0.442760766 0.647269428
vn 0.532941461 -0.817978323 0.216529176
vn 0.38138783 -0.912255406 -0.149443671
vn 0.413938999 -0.900456905 -0.13353616
vn 0.317888677 -0.938289702 -0.136232316
vn 0.475730687 -0.874655902 0.0930449888
vn 0.434713691 -0.850163758 0.297061533
vn 0.536396265 -0.842505157 -0.0496407002
vn 0.388232887 -0.393336028 0.833403885
vn 0.512789011 -0.434315354 0.740552187
vn 0.605409563 -0.788511097 -0.108302437
vn 0.501602948 -0.806763232 -0.312294126
vn 0.378117323 -0.284656972 0.880907297
vn 0.499964029 -0.284297585 0.818053126
g Body_0
f 3/3/3 2/2/2 1/1/1
f 3/3/3 4/4/4 2/2/2
f 7/7/7 6/6/6 5/5/5
f 7/7/7 8/8/8 6/6/6
f 11/11/11 10/10/10 9/9/9
f 11/11/11 12/12/12 10/10/10
f 15/15/15 14/14/14 13/13/13
f 15/15/15 16/16/16 14/14/14
f 16/16/16 15/15/15 17/17/17
f 16/16/16 17/17/17 18/18/18
f 19/19/19 13/13/13 14/14/14
f 19/19/19 14/14/14 20/20/20
f 21/21/21 19/19/19 20/20/20
f 21/21/21 22/22/22 19/19/19
f 18/18/18 17/17/17 23/23/23
f 18/18/18 23/23/23 24/24/24
f 25/25/25 24/24/24 23/23/23
f 25/25/25 23/23/23 26/26/26
f 25/25/25 26/26/26 27/27/27
f 25/25/25 27/27/27 28/28/28
f 31/31/31 30/30/30 29/29/29
f 31/31/31 32/32/32 30/30/30
f 35/35/35 34/34/34 33/33/33
f 35/35/35 36/36/36 34/34/34
f 39/39/39 38/38/38 37/37/37
f 39/39/39 40/40/40 38/38/38
f 43/43/43 42/42/42 41/41/41
f 43/43/43 44/44/44 42/42/42
f 47/47/47 46/46/46 45/45/45
f 47/47/47 48/48/48 46/46/46
f 51/51/51 50/50/50 49/49/49
f 51/51/51 52/52/52 50/50/50
f 55/55/55 54/54/54 53/53/53
f 55/55/55 56/56/56 54/54/54
f 57/57/57 55/55/55 53/53/53
f 57/57/57 58/58/58 55/55/55
f 56/56/56 59/59/59 54/54/54
f 56/56/56 60/60/60 59/59/59
f 60/60/60 61/61/61 59/59/59
f 60/60/60 62/62/62 61/61/61
f 61/61/61 62/62/62 63/63/63
f 61/61/61 63/63/63 64/64/64
f 64/64/64 63/63/63 65/65/65
f 64/64/64 65/65/65 66/66/66
f 66/66/66 65/65/65 67/67/67
f 66/66/66 67/67/67 68/68/68
f 68/68/68 67/67/67 69/69/69
f 68/68/68 69/69/69 70/70/70
f 71/71/71 70/70/70 69/69/69
f 71/71/71 72/72/72 70/70/70
f 69/69/69 73/73/73 71/71/71
f 69/69/69 74/74/74 73/73/73
f 69/69/69 75/75/75 74/74/74
f 69/69/69 67/67/67 75/75/75
f 76/76/76 62/62/62 60/60/60
f 77/77/77 62/62/62 76/76/76
f 77/77/77 63/63/63 62/62/62
f 78/78/78 63/63/63 77/77/77
f 78/78/78 65/65/65 63/63/63
f 78/78/78 67/67/67 65/65/65
f 78/78/78 75/75/75 67/67/67
f 64/64/64 66/66/66 79/79/79
f 79/79/79 66/66/66 68/68/68
f 80/80/80 64/64/64 79/79/79
f 80/80/80 79/79/79 81/81/81
f 82/82/82 80/80/80 81/81/81
f 83/83/83 80/80/80 82/82/82
f 83/83/83 84/84/84 80/80/80
f 85/85/85 84/84/84 83/83/83
f 85/85/85 83/83/83 86/86/86
f 87/87/87 85/85/85 86/86/86
f 87/87/87 86/86/86 88/88/88
f 86/86/86 89/89/89 88/88/88
f 89/89/89 90/90/90 88/88/88
f 90/90/90 89/89/89 91/91/91
f 92/92/92 90/90/90 91/91/91
f 93/93/93 90/90/90 92/92/92
f 93/93/93 94/94/94 90/90/90
f 93/93/93 95/95/95 94/94/94
f 95/95/95 93/93/93 96/96/96
f 93/93/93 97/97/97 96/96/96
f 96/96/96 97/97/97 98/98/98
f 96/96/96 98/98/98 99/99/99
f 99/99/99 100/100/100 96/96/96
f 95/95/95 96/96/96 100/100/100
f 99/99/99 101/101/101 100/100/100
f 101/101/101 102/102/102 100/100/100
f 100/100/100 102/102/102 103/103/103
f 103/103/103 95/95/95 100/100/100
f 103/103/103 102/102/102 104/104/104
f 97/97/97 105/105/105 98/98/98
f 97/97/97 106/106/106 105/105/105
f 107/107/107 106/106/106 97/97/97
f 93/93/93 107/107/107 97/97/97
f 93/93/93 92/92/92 107/107/107
f 107/107/107 108/108/108 106/106/106
f 109/109/109 105/105/105 106/106/106
f 108/108/108 109/109/109 106/106/106
f 109/109/109 110/110/110 105/105/105
f 108/108/108 111/111/111 109/109/109
f 112/112/112 110/110/110 109/109/109
f 112/112/112 113/113/113 110/110/110
f 109/109/109 114/114/114 112/112/112
f 109/109/109 111/111/111 114/114/114
f 115/115/115 113/113/113 112/112/112
f 115/115/115 112/112/112 116/116/116
f 114/114/114 116/116/116 112/112/112
f 117/117/117 115/115/115 116/116/116
f 117/117/117 116/116/116 118/118/118
f 119/119/119 117/117/117 118/118/118
f 119/119/119 118/118/118 120/120/120
f 118/118/118 121/121/121 120/120/120
f 118/118/118 122/122/122 121/121/121
f 116/116/116 122/122/122 118/118/118
f 116/116/116 123/123/123 122/122/122
f 114/114/114 123/123/123 116/116/116
f 122/122/122 124/124/124 121/121/121
f 124/124/124 125/125/125 121/121/121
f 124/124/124 126/126/126 125/125/125
f 126/126/126 127/127/127 125/125/125
f 128/128/128 125/125/125 127/127/127
f 127/127/127 129/129/129 128/128/128
f 130/130/130 128/128/128 129/129/129
f 131/131/131 130/130/130 129/129/129
f 131/131/131 129/129/129 132/132/132
f 130/130/130 133/133/133 128/128/128
f 134/134/134 131/131/131 132/132/132
f 134/134/134 81/81/81 131/131/131
f 82/82/82 81/81/81 134/134/134
f 130/130/130 135/135/135 133/133/133
f 130/130/130 136/136/136 135/135/135
f 136/136/136 130/130/130 131/131/131
f 136/136/136 72/72/72 135/135/135
f 136/136/136 70/70/70 72/72/72
f 70/70/70 136/136/136 137/137/137
f 136/136/136 131/131/131 137/137/137
f 81/81/81 137/137/137 131/131/131
f 70/70/70 137/137/137 68/68/68
f 81/81/81 79/79/79 137/137/137
f 79/79/79 68/68/68 137/137/137
f 140/140/140 139/139/139 138/138/138
f 140/140/140 141/141/141 139/139/139
f 142/142/142 141/141/141 140/140/140
f 142/142/142 140/140/140 143/143/143
f 144/144/144 142/142/142 143/143/143
f 144/144/144 143/143/143 145/145/145
f 146/146/146 144/144/144 145/145/145
f 146/146/146 145/145/145 147/147/147
f 139/139/139 148/148/148 138/138/138
f 139/139/139 149/149/149 148/148/148
f 148/148/148 149/149/149 150/150/150
f 148/148/148 150/150/150 151/151/151
f 151/151/151 150/150/150 152/152/152
f 151/151/151 152/152/152 153/153/153
f 153/153/153 152/152/152 154/154/154
f 153/153/153 154/154/154 155/155/155
f 142/142/142 144/144/144 156/156/156
f 142/142/142 156/156/156 157/157/157
f 156/156/156 158/158/158 157/157/157
f 157/157/157 158/158/158 159/159/159
f 158/158/158 160/160/160 159/159/159
f 161/161/161 159/159/159 160/160/160
f 162/162/162 159/159/159 161/161/161
f 162/162/162 163/163/163 159/159/159
f 157/157/157 159/159/159 163/163/163
f 163/163/163 162/162/162 164/164/164
f 163/163/163 164/164/164 165/165/165
f 161/161/161 160/160/160 166/166/166
f 160/160/160 167/167/167 166/166/166
f 160/160/160 168/168/168 167/167/167
f 168/168/168 160/160/160 169/169/169
f 158/158/158 169/169/169 160/160/160
f 158/158/158 156/156/156 169/169/169
f 157/157/157 163/163/163 170/170/170
f 170/170/170 163/163/163 165/165/165
f 169/169/169 156/156/156 171/171/171
f 172/172/172 171/171/171 156/156/156
f 170/170/170 165/165/165 173/173/173
f 165/165/165 164/164/164 174/174/174
f 165/165/165 174/174/174 175/175/175
f 173/173/173 165/165/165 175/175/175
f 175/175/175 174/174/174 176/176/176
f 175/175/175 176/176/176 177/177/177
f 170/170/170 173/173/173 139/139/139
f 170/170/170 139/139/139 141/141/141
f 141/141/141 157/157/157 170/170/170
f 141/141/141 142/142/142 157/157/157
f 173/173/173 175/175/175 178/178/178
f 179/179/179 177/177/177 176/176/176
f 179/179/179 176/176/176 180/180/180
f 173/173/173 149/149/149 139/139/139
f 173/173/173 178/178/178 149/149/149
f 175/175/175 181/181/181 178/178/178
f 175/175/175 177/177/177 181/181/181
f 149/149/149 178/178/178 181/181/181
f 180/180/180 182/182/182 179/179/179
f 180/180/180 183/183/183 182/182/182
f 184/184/184 177/177/177 179/179/179
f 184/184/184 181/181/181 177/177/177
f 149/149/149 181/181/181 150/150/150
f 179/179/179 185/185/185 184/184/184
f 179/179/179 182/182/182 185/185/185
f 181/181/181 152/152/152 150/150/150
f 181/181/181 184/184/184 152/152/152
f 184/184/184 154/154/154 152/152/152
f 184/184/184 185/185/185 154/154/154
f 188/188/188 187/187/187 186/186/186
f 188/188/188 189/189/189 187/187/187
f 192/192/192 191/191/191 190/190/190
f 192/192/192 193/193/193 191/191/191
f 194/194/194 193/193/193 192/192/192
f 194/194/194 195/195/195 193/193/193
f 196/196/196 195/195/195 194/194/194
f 196/196/196 197/197/197 195/195/195
f 198/198/198 197/197/197 196/196/196
f 198/198/198 199/199/199 197/197/197
f 200/200/200 199/199/199 198/198/198
f 200/200/200 201/201/201 199/199/199
f 202/202/202 201/201/201 200/200/200
f 202/202/202 203/203/203 201/201/201
f 204/204/204 203/203/203 202/202/202
f 204/204/204 205/205/205 203/203/203
f 193/193/193 206/206/206 191/191/191
f 193/193/193 207/207/207 206/206/206
f 195/195/195 207/207/207 193/193/193
f 195/195/195 208/208/208 207/207/207
f 197/197/197 208/208/208 195/195/195
f 209/209/209 207/207/207 208/208/208
f 209/209/209 208/208/208 210/210/210
f 210/210/210 208/208/208 211/211/211
f 197/197/197 211/211/211 208/208/208
f 199/199/199 211/211/211 197/197/197
f 210/210/210 211/211/211 212/212/212
f 212/212/212 211/211/211 213/213/213
f 212/212/212 213/213/213 214/214/214
f 214/214/214 213/213/213 215/215/215
f 216/216/216 215/215/215 213/213/213
f 216/216/216 213/213/213 217/217/217
f 211/211/211 217/217/217 213/213/213
f 218/218/218 216/216/216 217/217/217
f 218/218/218 217/217/217 219/219/219
f 214/214/214 215/215/215 220/220/220
f 220/220/220 221/221/221 214/214/214
f 220/220/220 222/222/222 221/221/221
f 223/223/223 218/218/218 219/219/219
f 223/223/223 224/224/224 218/218/218
f 225/225/225 224/224/224 223/223/223
f 225/225/225 226/226/226 224/224/224
f 211/211/211 227/227/227 217/217/217
f 228/228/228 217/217/217 227/227/227
f 228/228/228 219/219/219 217/217/217
f 229/229/229 219/219/219 228/228/228
f 229/229/229 223/223/223 219/219/219
f 230/230/230 223/223/223 229/229/229
f 230/230/230 225/225/225 223/223/223
f 199/199/199 227/227/227 211/211/211
f 199/199/199 228/228/228 227/227/227
f 199/199/199 201/201/201 228/228/228
f 205/205/205 230/230/230 229/229/229
f 205/205/205 229/229/229 203/203/203
f 203/203/203 228/228/228 201/201/201
f 203/203/203 229/229/229 228/228/228
f 222/222/222 231/231/231 221/221/221
f 231/231/231 222/222/222 232/232/232
f 231/231/231 232/232/232 233/233/233
f 234/234/234 233/233/233 232/232/232
f 234/234/234 235/235/235 233/233/233
f 236/236/236 233/233/233 235/235/235
f 236/236/236 231/231/231 233/233/233
f 236/236/236 235/235/235 237/237/237
f 236/236/236 238/238/238 231/231/231
f 239/239/239 238/238/238 236/236/236
f 240/240/240 238/238/238 239/239/239
f 240/240/240 239/239/239 206/206/206
f 206/206/206 239/239/239 241/241/241
f 206/206/206 241/241/241 242/242/242
f 240/240/240 206/206/206 207/207/207
f 240/240/240 207/207/207 209/209/209
f 245/245/245 244/244/244 243/243/243
f 245/245/245 246/246/246 244/244/244
f 247/247/247 246/246/246 245/245/245
f 247/247/247 245/245/245 248/248/248
f 243/243/243 244/244/244 249/249/249
f 243/243/243 249/249/249 250/250/250
f 249/249/249 251/251/251 250/250/250
f 249/249/249 252/252/252 251/251/251
f 252/252/252 253/253/253 251/251/251
f 252/252/252 254/254/254 253/253/253
f 255/255/255 253/253/253 254/254/254
f 255/255/255 254/254/254 256/256/256
f 257/257/257 255/255/255 256/256/256
f 257/257/257 256/256/256 258/258/258
f 257/257/257 258/258/258 259/259/259
f 257/257/257 259/259/259 260/260/260
f 259/259/259 261/261/261 260/260/260
f 259/259/259 262/262/262 261/261/261
f 263/263/263 260/260/260 261/261/261
f 263/263/263 264/264/264 260/260/260
f 257/257/257 260/260/260 264/264/264
f 265/265/265 250/250/250 251/251/251
f 266/266/266 250/250/250 265/265/265
f 265/265/265 251/251/251 267/267/267
f 257/257/257 264/264/264 268/268/268
f 255/255/255 257/257/257 268/268/268
f 255/255/255 268/268/268 269/269/269
f 253/253/253 255/255/255 269/269/269
f 253/253/253 269/269/269 270/270/270
f 270/270/270 251/251/251 253/253/253
f 270/270/270 267/267/267 251/251/251
f 271/271/271 262/262/262 259/259/259
f 271/271/271 272/272/272 262/262/262
f 273/273/273 272/272/272 271/271/271
f 273/273/273 274/274/274 272/272/272
f 273/273/273 275/275/275 274/274/274
f 273/273/273 276/276/276 275/275/275
f 276/276/276 277/277/277 275/275/275
f 278/278/278 275/275/275 277/277/277
f 277/277/277 279/279/279 278/278/278
f 280/280/280 278/278/278 279/279/279
f 280/280/280 281/281/281 278/278/278
f 281/281/281 280/280/280 282/282/282
f 281/281/281 282/282/282 283/283/283
f 281/281/281 283/283/283 284/284/284
f 285/285/285 284/284/284 283/283/283
f 285/285/285 283/283/283 286/286/286
f 286/286/286 283/283/283 287/287/287
f 282/282/282 287/287/287 283/283/283
f 286/286/286 287/287/287 288/288/288
f 288/288/288 287/287/287 289/289/289
f 288/288/288 289/289/289 290/290/290
f 289/289/289 291/291/291 290/290/290
f 289/289/289 292/292/292 291/291/291
f 292/292/292 293/293/293 291/291/291
f 292/292/292 294/294/294 293/293/293
f 293/293/293 294/294/294 295/295/295
f 293/293/293 295/295/295 296/296/296
f 296/296/296 295/295/295 297/297/297
f 296/296/296 297/297/297 298/298/298
f 299/299/299 298/298/298 297/297/297
f 299/299/299 300/300/300 298/298/298
f 301/301/301 300/300/300 299/299/299
f 301/301/301 299/299/299 302/302/302
f 301/301/301 302/302/302 303/303/303
f 304/304/304 299/299/299 297/297/297
f 304/304/304 302/302/302 299/299/299
f 304/304/304 297/297/297 305/305/305
f 305/305/305 297/297/297 295/295/295
f 306/306/306 295/295/295 294/294/294
f 305/305/305 295/295/295 306/306/306
f 306/306/306 294/294/294 307/307/307
f 307/307/307 294/294/294 292/292/292
f 307/307/307 292/292/292 308/308/308
f 304/304/304 309/309/309 302/302/302
f 292/292/292 310/310/310 308/308/308
f 292/292/292 289/289/289 310/310/310
f 311/311/311 305/305/305 306/306/306
f 311/311/311 312/312/312 305/305/305
f 311/311/311 313/313/313 312/312/312
f 287/287/287 310/310/310 289/289/289
f 287/287/287 314/314/314 310/310/310
f 315/315/315 305/305/305 312/312/312
f 315/315/315 304/304/304 305/305/305
f 309/309/309 304/304/304 315/315/315
f 309/309/309 315/315/315 316/316/316
f 282/282/282 314/314/314 287/287/287
f 314/314/314 282/282/282 317/317/317
f 318/318/318 312/312/312 313/313/313
f 312/312/312 318/318/318 319/319/319
f 318/318/318 320/320/320 319/319/319
f 312/312/312 321/321/321 315/315/315
f 312/312/312 319/319/319 321/321/321
f 316/316/316 315/315/315 321/321/321
f 316/316/316 321/321/321 322/322/322
f 323/323/323 321/321/321 319/319/319
f 323/323/323 322/322/322 321/321/321
f 323/323/323 319/319/319 324/324/324
f 324/324/324 319/319/319 320/320/320
f 323/323/323 325/325/325 322/322/322
f 324/324/324 320/320/320 326/326/326
f 326/326/326 320/320/320 327/327/327
f 326/326/326 327/327/327 328/328/328
f 325/325/325 323/323/323 329/329/329
f 324/324/324 329/329/329 323/323/323
f 325/325/325 329/329/329 330/330/330
f 331/331/331 328/328/328 327/327/327
f 331/331/331 327/327/327 332/332/332
f 333/333/333 331/331/331 332/332/332
f 333/333/333 332/332/332 334/334/334
f 335/335/335 333/333/333 334/334/334
f 335/335/335 334/334/334 336/336/336
f 335/335/335 336/336/336 276/276/276
f 335/335/335 276/276/276 273/273/273
f 337/337/337 333/333/333 335/335/335
f 337/337/337 338/338/338 333/333/333
f 333/333/333 338/338/338 331/331/331
f 271/271/271 335/335/335 273/273/273
f 271/271/271 337/337/337 335/335/335
f 330/330/330 329/329/329 246/246/246
f 246/246/246 329/329/329 244/244/244
f 324/324/324 244/244/244 329/329/329
f 330/330/330 246/246/246 247/247/247
f 244/244/244 324/324/324 326/326/326
f 244/244/244 326/326/326 249/249/249
f 258/258/258 338/338/338 337/337/337
f 258/258/258 256/256/256 338/338/338
f 256/256/256 254/254/254 338/338/338
f 331/331/331 338/338/338 254/254/254
f 252/252/252 331/331/331 254/254/254
f 252/252/252 328/328/328 331/331/331
f 249/249/249 328/328/328 252/252/252
f 249/249/249 326/326/326 328/328/328
f 259/259/259 337/337/337 271/271/271
f 259/259/259 258/258/258 337/337/337
f 339/339/339 243/243/243 266/266/266
f 339/339/339 245/245/245 243/243/243
f 248/248/248 245/245/245 339/339/339
f 248/248/248 339/339/339 340/340/340
f 266/266/266 243/243/243 250/250/250
f 343/343/343 342/342/342 341/341/341
f 343/343/343 344/344/344 342/342/342
f 343/343/343 345/345/345 344/344/344
f 343/343/343 341/341/341 346/346/346
f 343/343/343 346/346/346 347/347/347
f 343/343/343 347/347/347 348/348/348
f 343/343/343 348/348/348 349/349/349
f 343/343/343 349/349/349 350/350/350
f 343/343/343 350/350/350 351/351/351
f 56/56/56 353/353/353 352/352/352
f 56/56/56 55/55/55 353/353/353
f 55/55/55 354/354/354 353/353/353
f 55/55/55 58/58/58 354/354/354
f 352/352/352 60/60/60 56/56/56
f 352/352/352 355/355/355 60/60/60
f 76/76/76 60/60/60 355/355/355
f 358/358/358 357/357/357 356/356/356
f 358/358/358 359/359/359 357/357/357
f 357/357/357 360/360/360 356/356/356
f 357/357/357 361/361/361 360/360/360
f 362/362/362 359/359/359 358/358/358
f 362/362/362 363/363/363 359/359/359
f 363/363/363 362/362/362 364/364/364
f 363/363/363 364/364/364 365/365/365
f 364/364/364 366/366/366 365/365/365
f 364/364/364 367/367/367 366/366/366
f 368/368/368 366/366/366 367/367/367
f 368/368/368 367/367/367 369/369/369
f 370/370/370 368/368/368 369/369/369
f 370/370/370 369/369/369 371/371/371
f 371/371/371 372/372/372 370/370/370
f 371/371/371 373/373/373 372/372/372
f 373/373/373 374/374/374 372/372/372
f 373/373/373 375/375/375 374/374/374
f 378/378/378 377/377/377 376/376/376
f 378/378/378 379/379/379 377/377/377
f 377/377/377 380/380/380 376/376/376
f 377/377/377 381/381/381 380/380/380
f 376/376/376 382/382/382 378/378/378
f 376/376/376 383/383/383 382/382/382
f 376/376/376 384/384/384 383/383/383
f 376/376/376 380/380/380 384/384/384
f 387/387/387 386/386/386 385/385/385
f 387/387/387 388/388/388 386/386/386
f 144/144/144 172/172/172 156/156/156
f 391/391/391 390/390/390 389/389/389
f 394/394/394 393/393/393 392/392/392
f 394/394/394 395/395/395 393/393/393
f 398/398/398 397/397/397 396/396/396
f 401/401/401 400/400/400 399/399/399
f 401/401/401 402/402/402 400/400/400
f 403/403/403 401/401/401 399/399/399
f 403/403/403 399/399/399 404/404/404
f 402/402/402 405/405/405 400/400/400
f 406/406/406 400/400/400 405/405/405
f 406/406/406 407/407/407 400/400/400
f 407/407/407 399/399/399 400/400/400
f 405/405/405 408/408/408 406/406/406
f 405/405/405 409/409/409 408/408/408
f 402/402/402 410/410/410 405/405/405
f 410/410/410 409/409/409 405/405/405
f 407/407/407 411/411/411 399/399/399
f 403/403/403 412/412/412 401/401/401
f 410/410/410 413/413/413 409/409/409
f 399/399/399 414/414/414 404/404/404
f 399/399/399 411/411/411 414/414/414
f 409/409/409 415/415/415 408/408/408
f 409/409/409 416/416/416 415/415/415
f 413/413/413 416/416/416 409/409/409
f 401/401/401 417/417/417 402/402/402
f 401/401/401 418/418/418 417/417/417
f 412/412/412 418/418/418 401/401/401
f 410/410/410 419/419/419 413/413/413
f 410/410/410 420/420/420 419/419/419
f 402/402/402 420/420/420 410/410/410
f 402/402/402 417/417/417 420/420/420
f 416/416/416 421/421/421 415/415/415
f 416/416/416 422/422/422 421/421/421
f 413/413/413 423/423/423 416/416/416
f 413/413/413 424/424/424 423/423/423
f 413/413/413 419/419/419 424/424/424
f 425/425/425 421/421/421 422/422/422
f 425/425/425 426/426/426 421/421/421
f 417/417/417 427/427/427 420/420/420
f 419/419/419 420/420/420 427/427/427
f 417/417/417 428/428/428 427/427/427
f 418/418/418 428/428/428 417/417/417
f 418/418/418 429/429/429 428/428/428
f 430/430/430 429/429/429 418/418/418
f 430/430/430 431/431/431 429/429/429
f 419/419/419 427/427/427 432/432/432
f 422/422/422 433/433/433 425/425/425
f 422/422/422 434/434/434 433/433/433
f 424/424/424 434/434/434 423/423/423
f 416/416/416 434/434/434 422/422/422
f 416/416/416 423/423/423 434/434/434
f 424/424/424 435/435/435 434/434/434
f 426/426/426 425/425/425 436/436/436
f 426/426/426 436/436/436 437/437/437
f 425/425/425 438/438/438 436/436/436
f 425/425/425 433/433/433 438/438/438
f 435/435/435 424/424/424 439/439/439
f 419/419/419 439/439/439 424/424/424
f 419/419/419 432/432/432 439/439/439
f 435/435/435 439/439/439 440/440/440
f 434/434/434 441/441/441 433/433/433
f 434/434/434 435/435/435 441/441/441
f 441/441/441 435/435/435 440/440/440
f 441/441/441 440/440/440 442/442/442
f 433/433/433 443/443/443 438/438/438
f 433/433/433 441/441/441 443/443/443
f 443/443/443 441/441/441 442/442/442
f 443/443/443 442/442/442 444/444/444
f 445/445/445 439/439/439 432/432/432
f 445/445/445 446/446/446 439/439/439
f 439/439/439 446/446/446 440/440/440
f 440/440/440 447/447/447 442/442/442
f 440/440/440 446/446/446 447/447/447
f 444/444/444 442/442/442 447/447/447
f 444/444/444 447/447/447 448/448/448
f 449/449/449 445/445/445 432/432/432
f 449/449/449 432/432/432 427/427/427
f 450/450/450 449/449/449 427/427/427
f 450/450/450 427/427/427 428/428/428
f 429/429/429 450/450/450 428/428/428
f 429/429/429 451/451/451 450/450/450
f 431/431/431 451/451/451 429/429/429
f 431/431/431 452/452/452 451/451/451
f 455/455/455 454/454/454 453/453/453
f 455/455/455 456/456/456 454/454/454
f 457/457/457 453/453/453 454/454/454
f 457/457/457 458/458/458 453/453/453
f 459/459/459 458/458/458 457/457/457
f 459/459/459 457/457/457 460/460/460
f 460/460/460 461/461/461 459/459/459
f 460/460/460 462/462/462 461/461/461
f 460/460/460 463/463/463 462/462/462
f 460/460/460 464/464/464 463/463/463
f 464/464/464 460/460/460 465/465/465
f 464/464/464 465/465/465 466/466/466
f 467/467/467 465/465/465 460/460/460
f 468/468/468 463/463/463 464/464/464
f 468/468/468 469/469/469 463/463/463
f 470/470/470 456/456/456 455/455/455
f 470/470/470 471/471/471 456/456/456
f 467/467/467 460/460/460 472/472/472
f 472/472/472 460/460/460 457/457/457
f 464/464/464 473/473/473 468/468/468
f 466/466/466 473/473/473 464/464/464
f 474/474/474 471/471/471 470/470/470
f 474/474/474 475/475/475 471/471/471
f 469/469/469 468/468/468 476/476/476
f 469/469/469 476/476/476 477/477/477
f 478/478/478 476/476/476 468/468/468
f 478/478/478 468/468/468 479/479/479
f 468/468/468 473/473/473 479/479/479
f 480/480/480 475/475/475 474/474/474
f 480/480/480 474/474/474 481/481/481
f 481/481/481 482/482/482 480/480/480
f 481/481/481 483/483/483 482/482/482
f 477/477/477 476/476/476 484/484/484
f 477/477/477 484/484/484 485/485/485
f 476/476/476 486/486/486 484/484/484
f 476/476/476 478/478/478 486/486/486
f 479/479/479 487/487/487 478/478/478
f 479/479/479 488/488/488 487/487/487
f 488/488/488 479/479/479 489/489/489
f 488/488/488 489/489/489 490/490/490
f 478/478/478 491/491/491 486/486/486
f 478/478/478 487/487/487 491/491/491
f 492/492/492 480/480/480 482/482/482
f 492/492/492 493/493/493 480/480/480
f 488/488/488 490/490/490 494/494/494
f 495/495/495 488/488/488 494/494/494
f 495/495/495 487/487/487 488/488/488
f 487/487/487 496/496/496 491/491/491
f 487/487/487 495/495/495 496/496/496
f 494/494/494 490/490/490 497/497/497
f 494/494/494 497/497/497 498/498/498
f 494/494/494 498/498/498 499/499/499
f 494/494/494 499/499/499 456/456/456
f 499/499/499 500/500/500 456/456/456
f 454/454/454 456/456/456 500/500/500
f 500/500/500 501/501/501 454/454/454
f 454/454/454 501/501/501 457/457/457
f 502/502/502 457/457/457 501/501/501
f 471/471/471 494/494/494 456/456/456
f 471/471/471 503/503/503 494/494/494
f 504/504/504 503/503/503 471/471/471
f 504/504/504 471/471/471 475/475/475
f 493/493/493 504/504/504 475/475/475
f 493/493/493 475/475/475 480/480/480
f 505/505/505 504/504/504 493/493/493
f 506/506/506 505/505/505 493/493/493
f 506/506/506 493/493/493 492/492/492
f 505/505/505 507/507/507 504/504/504
f 508/508/508 504/504/504 507/507/507
f 508/508/508 503/503/503 504/504/504
f 494/494/494 503/503/503 508/508/508
f 494/494/494 508/508/508 495/495/495
f 495/495/495 508/508/508 509/509/509
f 495/495/495 509/509/509 496/496/496
f 508/508/508 510/510/510 509/509/509
f 508/508/508 507/507/507 510/510/510
f 507/507/507 511/511/511 510/510/510
f 507/507/507 505/505/505 511/511/511
f 505/505/505 512/512/512 511/511/511
f 505/505/505 506/506/506 512/512/512
f 513/513/513 496/496/496 509/509/509
f 496/496/496 513/513/513 514/514/514
f 514/514/514 491/491/491 496/496/496
f 515/515/515 491/491/491 514/514/514
f 486/486/486 491/491/491 515/515/515
f 486/486/486 515/515/515 516/516/516
f 516/516/516 484/484/484 486/486/486
f 517/517/517 516/516/516 515/515/515
f 515/515/515 514/514/514 518/518/518
f 517/517/517 515/515/515 519/519/519
f 518/518/518 519/519/519 515/515/515
f 514/514/514 513/513/513 520/520/520
f 514/514/514 520/520/520 518/518/518
f 521/521/521 517/517/517 519/519/519
f 520/520/520 513/513/513 522/522/522
f 520/520/520 522/522/522 518/518/518
f 523/523/523 522/522/522 513/513/513
f 509/509/509 523/523/523 513/513/513
f 523/523/523 509/509/509 510/510/510
f 523/523/523 510/510/510 524/524/524
f 519/519/519 518/518/518 525/525/525
f 522/522/522 525/525/525 518/518/518
f 519/519/519 525/525/525 526/526/526
f 527/527/527 521/521/521 519/519/519
f 526/526/526 527/527/527 519/519/519
f 522/522/522 528/528/528 525/525/525
f 522/522/522 529/529/529 528/528/528
f 522/522/522 523/523/523 530/530/530
f 522/522/522 530/530/530 529/529/529
f 523/523/523 531/531/531 530/530/530
f 523/523/523 524/524/524 531/531/531
f 526/526/526 532/532/532 527/527/527
f 527/527/527 533/533/533 521/521/521
f 510/510/510 534/534/534 524/524/524
f 510/510/510 511/511/511 534/534/534
f 532/532/532 535/535/535 527/527/527
f 527/527/527 535/535/535 533/533/533
f 532/532/532 536/536/536 535/535/535
f 533/533/533 535/535/535 537/537/537
f 538/538/538 524/524/524 534/534/534
f 538/538/538 531/531/531 524/524/524
f 530/530/530 539/539/539 529/529/529
f 530/530/530 540/540/540 539/539/539
f 540/540/540 530/530/530 531/531/531
f 511/511/511 541/541/541 534/534/534
f 541/541/541 538/538/538 534/534/534
f 511/511/511 512/512/512 541/541/541
f 541/541/541 542/542/542 538/538/538
f 540/540/540 531/531/531 543/543/543
f 544/544/544 531/531/531 538/538/538
f 544/544/544 543/543/543 531/531/531
f 535/535/535 545/545/545 537/537/537
f 537/537/537 545/545/545 546/546/546
f 547/547/547 535/535/535 536/536/536
f 547/547/547 545/545/545 535/535/535
f 548/548/548 538/538/538 542/542/542
f 548/548/548 544/544/544 538/538/538
f 540/540/540 549/549/549 539/539/539
f 540/540/540 550/550/550 549/549/549
f 543/543/543 550/550/550 540/540/540
f 551/551/551 545/545/545 547/547/547
f 550/550/550 551/551/551 549/549/549
f 551/551/551 552/552/552 545/545/545
f 552/552/552 546/546/546 545/545/545
f 550/550/550 552/552/552 551/551/551
f 553/553/553 550/550/550 543/543/543
f 544/544/544 553/553/553 543/543/543
f 553/553/553 552/552/552 550/550/550
f 552/552/552 554/554/554 546/546/546
f 553/553/553 554/554/554 552/552/552
f 544/544/544 555/555/555 553/553/553
f 544/544/544 556/556/556 555/555/555
f 544/544/544 548/548/548 556/556/556
f 556/556/556 557/557/557 555/555/555
f 556/556/556 558/558/558 557/557/557
f 554/554/554 559/559/559 546/546/546
f 546/546/546 559/559/559 560/560/560
f 546/546/546 560/560/560 537/537/537
f 561/561/561 537/537/537 560/560/560
f 537/537/537 561/561/561 533/533/533
f 533/533/533 561/561/561 562/562/562
f 521/521/521 533/533/533 562/562/562
f 521/521/521 562/562/562 563/563/563
f 517/517/517 521/521/521 563/563/563
f 517/517/517 563/563/563 564/564/564
f 516/516/516 517/517/517 564/564/564
f 516/516/516 564/564/564 565/565/565
f 516/516/516 565/565/565 484/484/484
f 566/566/566 484/484/484 565/565/565
f 485/485/485 484/484/484 566/566/566
f 554/554/554 567/567/567 559/559/559
f 553/553/553 567/567/567 554/554/554
f 553/553/553 555/555/555 567/567/567
f 555/555/555 568/568/568 567/567/567
f 555/555/555 557/557/557 568/568/568
f 571/571/571 570/570/570 569/569/569
f 574/574/574 573/573/573 572/572/572
f 574/574/574 575/575/575 573/573/573
f 573/573/573 575/575/575 576/576/576
f 573/573/573 576/576/576 577/577/577
f 576/576/576 578/578/578 577/577/577
f 576/576/576 579/579/579 578/578/578
f 576/576/576 580/580/580 579/579/579
f 581/581/581 575/575/575 574/574/574
f 582/582/582 581/581/581 574/574/574
f 582/582/582 583/583/583 581/581/581
f 583/583/583 584/584/584 581/581/581
f 585/585/585 581/581/581 584/584/584
f 585/585/585 584/584/584 586/586/586
f 587/587/587 586/586/586 584/584/584
f 586/586/586 588/588/588 585/585/585
f 586/586/586 589/589/589 588/588/588
f 589/589/589 590/590/590 588/588/588
f 589/589/589 591/591/591 590/590/590
f 591/591/591 592/592/592 590/590/590
f 591/591/591 593/593/593 592/592/592
f 594/594/594 593/593/593 591/591/591
f 594/594/594 595/595/595 593/593/593
f 596/596/596 595/595/595 594/594/594
f 597/597/597 596/596/596 594/594/594
f 596/596/596 597/597/597 598/598/598
f 599/599/599 598/598/598 597/597/597
f 599/599/599 600/600/600 598/598/598
f 597/597/597 601/601/601 599/599/599
f 589/589/589 586/586/586 601/601/601
f 599/599/599 601/601/601 602/602/602
f 599/599/599 602/602/602 603/603/603
f 597/597/597 604/604/604 601/601/601
f 597/597/597 594/594/594 604/604/604
f 604/604/604 591/591/591 589/589/589
f 604/604/604 594/594/594 591/591/591
f 589/589/589 601/601/601 604/604/604
f 596/596/596 598/598/598 605/605/605
f 605/605/605 606/606/606 596/596/596
f 607/607/607 606/606/606 605/605/605
f 596/596/596 606/606/606 608/608/608
f 596/596/596 608/608/608 595/595/595
f 602/602/602 601/601/601 586/586/586
f 602/602/602 586/586/586 587/587/587
f 611/611/611 610/610/610 609/609/609
f 609/609/609 610/610/610 612/612/612
f 609/609/609 612/612/612 613/613/613
f 614/614/614 613/613/613 612/612/612
f 614/614/614 615/615/615 613/613/613
f 616/616/616 615/615/615 614/614/614
f 616/616/616 617/617/617 615/615/615
f 618/618/618 617/617/617 616/616/616
f 618/618/618 619/619/619 617/617/617
f 620/620/620 619/619/619 618/618/618
f 620/620/620 621/621/621 619/619/619
f 624/624/624 623/623/623 622/622/622
f 627/627/627 626/626/626 625/625/625
f 627/627/627 628/628/628 626/626/626
f 628/628/628 629/629/629 626/626/626
f 628/628/628 630/630/630 629/629/629
f 631/631/631 629/629/629 630/630/630
f 631/631/631 630/630/630 632/632/632
f 631/631/631 632/632/632 633/633/633
f 631/631/631 633/633/633 634/634/634
f 635/635/635 634/634/634 633/633/633
f 635/635/635 636/636/636 634/634/634
f 637/637/637 457/457/457 502/502/502
f 457/457/457 637/637/637 638/638/638
f 472/472/472 457/457/457 638/638/638
f 640/640/640 639/639/639 479/479/479
f 489/489/489 479/479/479 639/639/639
f 479/479/479 473/473/473 640/640/640
f 581/581/581 641/641/641 575/575/575
f 641/641/641 576/576/576 575/575/575
f 641/641/641 642/642/642 576/576/576
f 576/576/576 642/642/642 643/643/643
f 576/576/576 643/643/643 580/580/580
f 590/590/590 643/643/643 642/642/642
f 590/590/590 592/592/592 643/643/643
f 588/588/588 642/642/642 641/641/641
f 588/588/588 590/590/590 642/642/642
f 585/585/585 641/641/641 581/581/581
f 585/585/585 588/588/588 641/641/641
f 646/646/646 645/645/645 644/644/644
f 647/647/647 645/645/645 646/646/646
f 647/647/647 648/648/648 645/645/645
f 644/644/644 645/645/645 649/649/649
f 649/649/649 645/645/645 650/650/650
f 651/651/651 645/645/645 648/648/648
f 652/652/652 645/645/645 651/651/651
f 653/653/653 645/645/645 652/652/652
f 650/650/650 645/645/645 653/653/653
f 656/656/656 655/655/655 654/654/654
f 657/657/657 654/654/654 655/655/655
f 657/657/657 655/655/655 658/658/658
f 659/659/659 654/654/654 657/657/657
f 103/103/103 660/660/660 95/95/95
f 95/95/95 660/660/660 661/661/661
f 95/95/95 661/661/661 94/94/94
f 94/94/94 661/661/661 662/662/662
f 94/94/94 662/662/662 663/663/663
f 663/663/663 90/90/90 94/94/94
f 663/663/663 88/88/88 90/90/90
f 664/664/664 88/88/88 663/663/663
f 664/664/664 87/87/87 88/88/88
f 665/665/665 663/663/663 662/662/662
f 665/665/665 664/664/664 663/663/663
f 664/664/664 666/666/666 87/87/87
f 665/665/665 666/666/666 664/664/664
f 87/87/87 666/666/666 54/54/54
f 53/53/53 54/54/54 666/666/666
f 665/665/665 667/667/667 666/666/666
f 667/667/667 53/53/53 666/666/666
f 54/54/54 85/85/85 87/87/87
f 54/54/54 59/59/59 85/85/85
f 59/59/59 84/84/84 85/85/85
f 59/59/59 61/61/61 84/84/84
f 61/61/61 80/80/80 84/84/84
f 61/61/61 64/64/64 80/80/80
f 667/667/667 57/57/57 53/53/53
f 670/670/670 669/669/669 668/668/668
f 669/669/669 671/671/671 668/668/668
f 670/670/670 668/668/668 672/672/672
f 671/671/671 673/673/673 668/668/668
f 668/668/668 673/673/673 674/674/674
f 668/668/668 674/674/674 675/675/675
f 672/672/672 668/668/668 675/675/675
f 671/671/671 676/676/676 673/673/673
f 673/673/673 677/677/677 674/674/674
f 673/673/673 678/678/678 677/677/677
f 678/678/678 673/673/673 676/676/676
f 678/678/678 676/676/676 679/679/679
f 678/678/678 679/679/679 680/680/680
f 678/678/678 680/680/680 681/681/681
f 677/677/677 678/678/678 681/681/681
f 677/677/677 681/681/681 682/682/682
f 680/680/680 683/683/683 681/681/681
f 680/680/680 684/684/684 683/683/683
f 681/681/681 685/685/685 682/682/682
f 681/681/681 683/683/683 685/685/685
f 686/686/686 683/683/683 684/684/684
f 686/686/686 687/687/687 683/683/683
f 683/683/683 688/688/688 685/685/685
f 683/683/683 687/687/687 688/688/688
f 689/689/689 687/687/687 686/686/686
f 690/690/690 688/688/688 687/687/687
f 689/689/689 691/691/691 687/687/687
f 691/691/691 690/690/690 687/687/687
f 694/694/694 693/693/693 692/692/692
f 695/695/695 693/693/693 694/694/694
f 697/697/697 696/696/696 695/695/695
f 697/697/697 698/698/698 696/696/696
f 697/697/697 699/699/699 698/698/698
f 698/698/698 699/699/699 700/700/700
f 702/702/702 701/701/701 700/700/700
f 705/705/705 704/704/704 703/703/703
f 703/703/703 706/706/706 705/705/705
f 709/709/709 708/708/708 707/707/707
f 710/710/710 708/708/708 709/709/709
f 712/712/712 711/711/711 708/708/708
f 712/712/712 713/713/713 711/711/711
f 716/716/716 715/715/715 714/714/714
f 716/716/716 717/717/717 715/715/715
f 718/718/718 715/715/715 717/717/717
f 718/718/718 719/719/719 715/715/715
f 720/720/720 714/714/714 715/715/715
f 720/720/720 721/721/721 714/714/714
f 722/722/722 715/715/715 719/719/719
f 722/722/722 720/720/720 715/715/715
f 723/723/723 722/722/722 719/719/719
f 723/723/723 719/719/719 724/724/724
f 724/724/724 719/719/719 718/718/718
f 724/724/724 725/725/725 723/723/723
f 726/726/726 725/725/725 724/724/724
f 726/726/726 724/724/724 727/727/727
f 724/724/724 718/718/718 727/727/727
f 727/727/727 728/728/728 726/726/726
f 726/726/726 728/728/728 729/729/729
f 726/726/726 730/730/730 725/725/725
f 729/729/729 730/730/730 726/726/726
f 731/731/731 729/729/729 728/728/728
f 730/730/730 729/729/729 731/731/731
f 731/731/731 728/728/728 732/732/732
f 732/732/732 733/733/733 731/731/731
f 732/732/732 734/734/734 733/733/733
f 732/732/732 735/735/735 734/734/734
f 735/735/735 736/736/736 734/734/734
f 735/735/735 737/737/737 736/736/736
f 738/738/738 736/736/736 737/737/737
f 738/738/738 737/737/737 739/739/739
f 739/739/739 740/740/740 738/738/738
f 738/738/738 740/740/740 741/741/741
f 731/731/731 733/733/733 742/742/742
f 733/733/733 743/743/743 742/742/742
f 733/733/733 734/734/734 743/743/743
f 734/734/734 744/744/744 743/743/743
f 734/734/734 736/736/736 744/744/744
f 745/745/745 736/736/736 738/738/738
f 745/745/745 744/744/744 736/736/736
f 746/746/746 738/738/738 741/741/741
f 745/745/745 738/738/738 746/746/746
f 749/749/749 748/748/748 747/747/747
f 749/749/749 750/750/750 748/748/748
f 750/750/750 751/751/751 748/748/748
f 750/750/750 752/752/752 751/751/751
f 753/753/753 749/749/749 747/747/747
f 753/753/753 747/747/747 754/754/754
f 749/749/749 755/755/755 750/750/750
f 749/749/749 756/756/756 755/755/755
f 753/753/753 756/756/756 749/749/749
f 750/750/750 757/757/757 752/752/752
f 750/750/750 755/755/755 757/757/757
f 752/752/752 757/757/757 758/758/758
f 752/752/752 758/758/758 759/759/759
f 752/752/752 759/759/759 751/751/751
f 760/760/760 759/759/759 758/758/758
f 760/760/760 758/758/758 761/761/761
f 760/760/760 761/761/761 762/762/762
f 760/760/760 762/762/762 763/763/763
f 763/763/763 762/762/762 764/764/764
f 763/763/763 764/764/764 765/765/765
f 765/765/765 764/764/764 766/766/766
f 765/765/765 766/766/766 767/767/767
f 768/768/768 767/767/767 766/766/766
f 768/768/768 766/766/766 769/769/769
f 768/768/768 769/769/769 770/770/770
f 768/768/768 770/770/770 771/771/771
f 771/771/771 770/770/770 772/772/772
f 768/768/768 771/771/771 773/773/773
f 767/767/767 768/768/768 773/773/773
f 767/767/767 774/774/774 765/765/765
f 767/767/767 773/773/773 774/774/774
f 765/765/765 775/775/775 763/763/763
f 765/765/765 774/774/774 775/775/775
f 763/763/763 776/776/776 760/760/760
f 763/763/763 775/775/775 776/776/776
f 760/760/760 776/776/776 759/759/759
f 779/779/779 778/778/778 777/777/777
f 779/779/779 780/780/780 778/778/778
f 753/753/753 779/779/779 777/777/777
f 753/753/753 777/777/777 781/781/781
f 753/753/753 781/781/781 756/756/756
f 780/780/780 779/779/779 782/782/782
f 780/780/780 782/782/782 783/783/783
f 779/779/779 754/754/754 782/782/782
f 779/779/779 753/753/753 754/754/754
f 785/785/785 138/138/138 784/784/784
f 785/785/785 140/140/140 138/138/138
f 786/786/786 140/140/140 785/785/785
f 786/786/786 143/143/143 140/140/140
f 786/786/786 145/145/145 143/143/143
f 786/786/786 787/787/787 145/145/145
f 147/147/147 145/145/145 787/787/787
f 147/147/147 787/787/787 788/788/788
f 784/784/784 138/138/138 148/148/148
f 784/784/784 148/148/148 789/789/789
f 789/789/789 148/148/148 151/151/151
f 790/790/790 789/789/789 151/151/151
f 790/790/790 151/151/151 153/153/153
f 790/790/790 153/153/153 155/155/155
f 790/790/790 155/155/155 791/791/791
f 190/190/190 792/792/792 192/192/192
f 192/192/192 792/792/792 793/793/793
f 192/192/192 793/793/793 194/194/194
f 792/792/792 794/794/794 793/793/793
f 793/793/793 794/794/794 795/795/795
f 194/194/194 793/793/793 796/796/796
f 194/194/194 796/796/796 196/196/196
f 796/796/796 793/793/793 797/797/797
f 795/795/795 797/797/797 793/793/793
f 798/798/798 196/196/196 796/796/796
f 798/798/798 796/796/796 799/799/799
f 799/799/799 796/796/796 797/797/797
f 196/196/196 798/798/798 198/198/198
f 798/798/798 799/799/799 800/800/800
f 800/800/800 799/799/799 797/797/797
f 800/800/800 801/801/801 798/798/798
f 801/801/801 198/198/198 798/798/798
f 795/795/795 802/802/802 797/797/797
f 800/800/800 797/797/797 802/802/802
f 200/200/200 198/198/198 801/801/801
f 200/200/200 801/801/801 803/803/803
f 804/804/804 802/802/802 795/795/795
f 800/800/800 802/802/802 805/805/805
f 800/800/800 805/805/805 806/806/806
f 801/801/801 800/800/800 807/807/807
f 807/807/807 800/800/800 806/806/806
f 801/801/801 808/808/808 803/803/803
f 807/807/807 808/808/808 801/801/801
f 200/200/200 803/803/803 809/809/809
f 200/200/200 809/809/809 202/202/202
f 810/810/810 803/803/803 808/808/808
f 810/810/810 809/809/809 803/803/803
f 811/811/811 807/807/807 806/806/806
f 811/811/811 812/812/812 807/807/807
f 812/812/812 808/808/808 807/807/807
f 813/813/813 202/202/202 809/809/809
f 813/813/813 809/809/809 810/810/810
f 813/813/813 204/204/204 202/202/202
f 813/813/813 810/810/810 814/814/814
f 812/812/812 815/815/815 808/808/808
f 816/816/816 808/808/808 815/815/815
f 816/816/816 810/810/810 808/808/808
f 817/817/817 810/810/810 816/816/816
f 817/817/817 814/814/814 810/810/810
f 818/818/818 815/815/815 812/812/812
f 818/818/818 819/819/819 815/815/815
f 816/816/816 815/815/815 819/819/819
f 812/812/812 820/820/820 818/818/818
f 812/812/812 811/811/811 820/820/820
f 818/818/818 820/820/820 821/821/821
f 818/818/818 821/821/821 822/822/822
f 822/822/822 819/819/819 818/818/818
f 821/821/821 823/823/823 822/822/822
f 824/824/824 822/822/822 823/823/823
f 823/823/823 825/825/825 824/824/824
f 823/823/823 826/826/826 825/825/825
f 826/826/826 827/827/827 825/825/825
f 826/826/826 828/828/828 827/827/827
f 826/826/826 829/829/829 828/828/828
f 828/828/828 829/829/829 804/804/804
f 828/828/828 804/804/804 795/795/795
f 826/826/826 830/830/830 829/829/829
f 831/831/831 826/826/826 823/823/823
f 831/831/831 830/830/830 826/826/826
f 821/821/821 831/831/831 823/823/823
f 832/832/832 822/822/822 824/824/824
f 832/832/832 819/819/819 822/822/822
f 833/833/833 825/825/825 827/827/827
f 833/833/833 827/827/827 834/834/834
f 825/825/825 833/833/833 835/835/835
f 824/824/824 825/825/825 835/835/835
f 824/824/824 835/835/835 836/836/836
f 832/832/832 824/824/824 836/836/836
f 832/832/832 836/836/836 837/837/837
f 837/837/837 819/819/819 832/832/832
f 838/838/838 819/819/819 837/837/837
f 816/816/816 819/819/819 838/838/838
f 839/839/839 816/816/816 838/838/838
f 839/839/839 817/817/817 816/816/816
f 839/839/839 838/838/838 840/840/840
f 839/839/839 840/840/840 841/841/841
f 842/842/842 838/838/838 837/837/837
f 840/840/840 838/838/838 842/842/842
f 845/845/845 844/844/844 843/843/843
f 846/846/846 845/845/845 843/843/843
f 846/846/846 847/847/847 845/845/845
f 843/843/843 848/848/848 846/846/846
f 851/851/851 850/850/850 849/849/849
f 850/850/850 852/852/852 849/849/849
f 853/853/853 852/852/852 850/850/850
f 856/856/856 855/855/855 854/854/854
f 854/854/854 855/855/855 857/857/857
f 860/860/860 859/859/859 858/858/858
f 861/861/861 860/860/860 858/858/858
f 858/858/858 859/859/859 862/862/862
f 861/861/861 858/858/858 863/863/863
f 864/864/864 863/863/863 858/858/858
f 864/864/864 858/858/858 865/865/865
f 858/858/858 862/862/862 865/865/865
f 861/861/861 863/863/863 866/866/866
f 867/867/867 863/863/863 864/864/864
f 867/867/867 868/868/868 863/863/863
f 866/866/866 863/863/863 868/868/868
f 866/866/866 868/868/868 869/869/869
f 870/870/870 869/869/869 868/868/868
f 870/870/870 868/868/868 871/871/871
f 871/871/871 868/868/868 867/867/867
f 871/871/871 867/867/867 872/872/872
f 870/870/870 871/871/871 873/873/873
f 870/870/870 873/873/873 874/874/874
f 871/871/871 875/875/875 873/873/873
f 871/871/871 872/872/872 875/875/875
f 876/876/876 874/874/874 873/873/873
f 876/876/876 873/873/873 877/877/877
f 878/878/878 873/873/873 875/875/875
f 878/878/878 877/877/877 873/873/873
f 877/877/877 879/879/879 876/876/876
f 878/878/878 880/880/880 877/877/877
f 881/881/881 879/879/879 877/877/877
f 880/880/880 881/881/881 877/877/877
f 884/884/884 883/883/883 882/882/882
f 190/190/190 886/886/886 885/885/885
f 885/885/885 792/792/792 190/190/190
f 792/792/792 885/885/885 887/887/887
f 792/792/792 887/887/887 794/794/794
f 190/190/190 888/888/888 886/886/886
f 891/891/891 890/890/890 889/889/889
f 892/892/892 890/890/890 891/891/891
f 894/894/894 893/893/893 892/892/892
f 895/895/895 893/893/893 894/894/894
f 896/896/896 893/893/893 895/895/895
f 896/896/896 895/895/895 897/897/897
f 898/898/898 896/896/896 897/897/897
f 901/901/901 900/900/900 899/899/899
f 901/901/901 902/902/902 900/900/900
f 899/899/899 900/900/900 903/903/903
f 899/899/899 903/903/903 904/904/904
f 907/907/907 906/906/906 905/905/905
f 905/905/905 906/906/906 908/908/908
f 911/911/911 910/910/910 909/909/909
f 911/911/911 912/912/912 910/910/910
f 914/914/914 911/911/911 913/913/913
f 914/914/914 913/913/913 915/915/915
f 918/918/918 917/917/917 916/916/916
f 918/918/918 919/919/919 917/917/917
f 918/918/918 920/920/920 919/919/919
f 918/918/918 921/921/921 920/920/920
f 922/922/922 918/918/918 916/916/916
f 922/922/922 916/916/916 923/923/923
f 918/918/918 924/924/924 921/921/921
f 918/918/918 922/922/922 924/924/924
f 924/924/924 925/925/925 921/921/921
f 921/921/921 925/925/925 926/926/926
f 921/921/921 926/926/926 920/920/920
f 927/927/927 926/926/926 925/925/925
f 927/927/927 928/928/928 926/926/926
f 926/926/926 928/928/928 929/929/929
f 920/920/920 926/926/926 929/929/929
f 930/930/930 929/929/929 928/928/928
f 930/930/930 928/928/928 931/931/931
f 932/932/932 928/928/928 927/927/927
f 932/932/932 931/931/931 928/928/928
f 931/931/931 933/933/933 930/930/930
f 931/931/931 932/932/932 933/933/933
f 930/930/930 933/933/933 934/934/934
f 935/935/935 934/934/934 933/933/933
f 936/936/936 934/934/934 935/935/935
f 936/936/936 937/937/937 934/934/934
f 938/938/938 937/937/937 936/936/936
f 938/938/938 939/939/939 937/937/937
f 939/939/939 938/938/938 940/940/940
f 939/939/939 940/940/940 941/941/941
f 942/942/942 941/941/941 940/940/940
f 942/942/942 940/940/940 943/943/943
f 935/935/935 933/933/933 944/944/944
f 945/945/945 935/935/935 944/944/944
f 945/945/945 936/936/936 935/935/935
f 946/946/946 936/936/936 945/945/945
f 946/946/946 938/938/938 936/936/936
f 938/938/938 947/947/947 940/940/940
f 938/938/938 946/946/946 947/947/947
f 940/940/940 948/948/948 943/943/943
f 940/940/940 947/947/947 948/948/948
f 951/951/951 950/950/950 949/949/949
f 951/951/951 952/952/952 950/950/950
f 949/949/949 950/950/950 953/953/953
f 949/949/949 953/953/953 954/954/954
f 951/951/951 955/955/955 952/952/952
f 952/952/952 955/955/955 956/956/956
f 951/951/951 949/949/949 957/957/957
f 951/951/951 957/957/957 958/958/958
f 955/955/955 951/951/951 958/958/958
f 949/949/949 959/959/959 957/957/957
f 949/949/949 954/954/954 959/959/959
f 954/954/954 960/960/960 959/959/959
f 954/954/954 961/961/961 960/960/960
f 961/961/961 954/954/954 953/953/953
f 960/960/960 961/961/961 962/962/962
f 960/960/960 962/962/962 963/963/963
f 962/962/962 964/964/964 963/963/963
f 962/962/962 965/965/965 964/964/964
f 965/965/965 966/966/966 964/964/964
f 965/965/965 967/967/967 966/966/966
f 967/967/967 968/968/968 966/966/966
f 967/967/967 969/969/969 968/968/968
f 968/968/968 969/969/969 970/970/970
f 968/968/968 970/970/970 971/971/971
f 971/971/971 970/970/970 972/972/972
f 972/972/972 970/970/970 973/973/973
f 972/972/972 973/973/973 974/974/974
f 973/973/973 970/970/970 975/975/975
f 970/970/970 969/969/969 975/975/975
f 969/969/969 976/976/976 975/975/975
f 969/969/969 967/967/967 976/976/976
f 967/967/967 977/977/977 976/976/976
f 967/967/967 965/965/965 977/977/977
f 965/965/965 978/978/978 977/977/977
f 965/965/965 962/962/962 978/978/978
f 978/978/978 962/962/962 961/961/961
f 981/981/981 980/980/980 979/979/979
f 981/981/981 982/982/982 980/980/980
f 979/979/979 980/980/980 955/955/955
f 979/979/979 955/955/955 983/983/983
f 955/955/955 958/958/958 983/983/983
f 982/982/982 984/984/984 980/980/980
f 982/982/982 985/985/985 984/984/984
f 980/980/980 956/956/956 955/955/955
f 980/980/980 984/984/984 956/956/956
f 988/988/988 987/987/987 986/986/986
f 988/988/988 989/989/989 987/987/987
f 986/986/986 987/987/987 990/990/990
f 986/986/986 990/990/990 991/991/991
f 992/992/992 989/989/989 988/988/988
f 992/992/992 993/993/993 989/989/989
f 993/993/993 992/992/992 994/994/994
f 993/993/993 994/994/994 995/995/995
f 996/996/996 995/995/995 994/994/994
f 996/996/996 997/997/997 995/995/995
f 996/996/996 998/998/998 997/997/997
f 996/996/996 999/999/999 998/998/998
f 1000/1000/1000 998/998/998 999/999/999
f 1000/1000/1000 999/999/999 1001/1001/1001
f 1002/1002/1002 1000/1000/1000 1001/1001/1001
f 1002/1002/1002 1001/1001/1001 1003/1003/1003
f 1003/1003/1003 1004/1004/1004 1002/1002/1002
f 1003/1003/1003 1005/1005/1005 1004/1004/1004
f 1005/1005/1005 1006/1006/1006 1004/1004/1004
f 1005/1005/1005 1007/1007/1007 1006/1006/1006
f 1007/1007/1007 1008/1008/1008 1006/1006/1006
f 1007/1007/1007 1009/1009/1009 1008/1008/1008
f 1010/1010/1010 1008/1008/1008 1009/1009/1009
f 1010/1010/1010 1011/1011/1011 1008/1008/1008
f 1012/1012/1012 1011/1011/1011 1010/1010/1010
f 1012/1012/1012 1013/1013/1013 1011/1011/1011
f 1014/1014/1014 1013/1013/1013 1012/1012/1012
f 1014/1014/1014 1015/1015/1015 1013/1013/1013
f 1018/1018/1018 1017/1017/1017 1016/1016/1016
f 1019/1019/1019 1017/1017/1017 1018/1018/1018
f 1020/1020/1020 1017/1017/1017 1019/1019/1019
f 1019/1019/1019 1018/1018/1018 1021/1021/1021
f 1022/1022/1022 1019/1019/1019 1021/1021/1021
f 1022/1022/1022 1023/1023/1023 1019/1019/1019
f 1024/1024/1024 1017/1017/1017 1020/1020/1020
f 1017/1017/1017 1024/1024/1024 1016/1016/1016
f 1024/1024/1024 1020/1020/1020 1025/1025/1025
f 1026/1026/1026 1016/1016/1016 1024/1024/1024
f 1024/1024/1024 1027/1027/1027 1026/1026/1026
f 1024/1024/1024 1025/1025/1025 1027/1027/1027
f 1027/1027/1027 1025/1025/1025 1028/1028/1028
f 1029/1029/1029 1027/1027/1027 1028/1028/1028
f 1029/1029/1029 1030/1030/1030 1027/1027/1027
f 1031/1031/1031 1030/1030/1030 1029/1029/1029
f 1030/1030/1030 1031/1031/1031 1032/1032/1032
f 1032/1032/1032 1027/1027/1027 1030/1030/1030
f 1032/1032/1032 1026/1026/1026 1027/1027/1027
f 1033/1033/1033 1031/1031/1031 1029/1029/1029
f 1034/1034/1034 1031/1031/1031 1033/1033/1033
f 1019/1019/1019 1035/1035/1035 1020/1020/1020
f 1019/1019/1019 1023/1023/1023 1035/1035/1035
f 1020/1020/1020 1035/1035/1035 1025/1025/1025
f 1036/1036/1036 1034/1034/1034 1033/1033/1033
f 1034/1034/1034 1036/1036/1036 1037/1037/1037
f 1034/1034/1034 1037/1037/1037 1038/1038/1038
f 1037/1037/1037 1039/1039/1039 1038/1038/1038
f 1037/1037/1037 1040/1040/1040 1039/1039/1039
f 1040/1040/1040 1041/1041/1041 1039/1039/1039
f 1041/1041/1041 1040/1040/1040 1042/1042/1042
f 1041/1041/1041 1042/1042/1042 1043/1043/1043
f 1044/1044/1044 1043/1043/1043 1042/1042/1042
f 1045/1045/1045 1043/1043/1043 1044/1044/1044
f 1045/1045/1045 1044/1044/1044 1046/1046/1046
f 1045/1045/1045 1046/1046/1046 1047/1047/1047
f 1048/1048/1048 1047/1047/1047 1046/1046/1046
f 1048/1048/1048 1046/1046/1046 1049/1049/1049
f 1048/1048/1048 1049/1049/1049 1050/1050/1050
f 1048/1048/1048 1050/1050/1050 1051/1051/1051
f 1054/1054/1054 1053/1053/1053 1052/1052/1052
f 1054/1054/1054 1055/1055/1055 1053/1053/1053
f 1052/1052/1052 1056/1056/1056 1054/1054/1054
f 1052/1052/1052 1057/1057/1057 1056/1056/1056
f 1058/1058/1058 1056/1056/1056 1057/1057/1057
f 1058/1058/1058 1057/1057/1057 1059/1059/1059
f 1052/1052/1052 1053/1053/1053 1060/1060/1060
f 1052/1052/1052 1060/1060/1060 1061/1061/1061
f 1057/1057/1057 1052/1052/1052 1061/1061/1061
f 1061/1061/1061 1060/1060/1060 1062/1062/1062
f 1061/1061/1061 1062/1062/1062 1063/1063/1063
f 1064/1064/1064 1061/1061/1061 1063/1063/1063
f 1057/1057/1057 1061/1061/1061 1064/1064/1064
f 1064/1064/1064 1059/1059/1059 1057/1057/1057
f 1064/1064/1064 1063/1063/1063 1065/1065/1065
f 1065/1065/1065 1066/1066/1066 1064/1064/1064
f 1064/1064/1064 1066/1066/1066 1059/1059/1059
f 1065/1065/1065 1067/1067/1067 1066/1066/1066
f 1068/1068/1068 1067/1067/1067 1065/1065/1065
f 1068/1068/1068 1069/1069/1069 1067/1067/1067
f 1065/1065/1065 1070/1070/1070 1068/1068/1068
f 1065/1065/1065 1063/1063/1063 1070/1070/1070
f 1070/1070/1070 1063/1063/1063 1062/1062/1062
f 1070/1070/1070 1062/1062/1062 1071/1071/1071
f 1072/1072/1072 1070/1070/1070 1071/1071/1071
f 1072/1072/1072 1071/1071/1071 1073/1073/1073
f 1074/1074/1074 1070/1070/1070 1072/1072/1072
f 1074/1074/1074 1068/1068/1068 1070/1070/1070
f 1068/1068/1068 1074/1074/1074 1069/1069/1069
f 1077/1077/1077 1076/1076/1076 1075/1075/1075
f 1077/1077/1077 1078/1078/1078 1076/1076/1076
f 1079/1079/1079 1075/1075/1075 1076/1076/1076
f 1079/1079/1079 1076/1076/1076 1080/1080/1080
f 1076/1076/1076 1078/1078/1078 1080/1080/1080
f 1081/1081/1081 1075/1075/1075 1079/1079/1079
f 1081/1081/1081 1079/1079/1079 1082/1082/1082
f 1083/1083/1083 1081/1081/1081 1082/1082/1082
f 1083/1083/1083 1082/1082/1082 1084/1084/1084
f 1085/1085/1085 1083/1083/1083 1084/1084/1084
f 1085/1085/1085 1086/1086/1086 1083/1083/1083
f 1085/1085/1085 1084/1084/1084 1087/1087/1087
f 1085/1085/1085 1087/1087/1087 1088/1088/1088
f 1089/1089/1089 1088/1088/1088 1087/1087/1087
f 1089/1089/1089 1087/1087/1087 1090/1090/1090
f 1090/1090/1090 1091/1091/1091 1089/1089/1089
f 1090/1090/1090 1092/1092/1092 1091/1091/1091
f 1089/1089/1089 1091/1091/1091 1093/1093/1093
f 1089/1089/1089 1093/1093/1093 1094/1094/1094
f 1088/1088/1088 1089/1089/1089 1094/1094/1094
f 1094/1094/1094 1093/1093/1093 1095/1095/1095
f 1094/1094/1094 1095/1095/1095 1096/1096/1096
f 1094/1094/1094 1096/1096/1096 1097/1097/1097
f 1094/1094/1094 1097/1097/1097 1098/1098/1098
f 1088/1088/1088 1094/1094/1094 1098/1098/1098
f 1099/1099/1099 1098/1098/1098 1097/1097/1097
f 1099/1099/1099 1088/1088/1088 1098/1098/1098
f 1099/1099/1099 1085/1085/1085 1088/1088/1088
f 1099/1099/1099 1097/1097/1097 1100/1100/1100
f 1099/1099/1099 1100/1100/1100 1101/1101/1101
f 1099/1099/1099 1101/1101/1101 1102/1102/1102
f 1085/1085/1085 1099/1099/1099 1102/1102/1102
f 1085/1085/1085 1102/1102/1102 1086/1086/1086
f 1101/1101/1101 1103/1103/1103 1102/1102/1102
f 1101/1101/1101 1104/1104/1104 1103/1103/1103
f 1105/1105/1105 1103/1103/1103 1104/1104/1104
f 1105/1105/1105 1106/1106/1106 1103/1103/1103
f 1105/1105/1105 1107/1107/1107 1106/1106/1106
f 1105/1105/1105 1108/1108/1108 1107/1107/1107
f 1109/1109/1109 1107/1107/1107 1108/1108/1108
f 1109/1109/1109 1110/1110/1110 1107/1107/1107
f 1110/1110/1110 1111/1111/1111 1107/1107/1107
f 1110/1110/1110 1112/1112/1112 1111/1111/1111
f 1112/1112/1112 1113/1113/1113 1111/1111/1111
f 1111/1111/1111 1113/1113/1113 1114/1114/1114
f 1111/1111/1111 1114/1114/1114 1115/1115/1115
f 1107/1107/1107 1115/1115/1115 1106/1106/1106
f 1107/1107/1107 1111/1111/1111 1115/1115/1115
f 1103/1103/1103 1106/1106/1106 1115/1115/1115
f 1112/1112/1112 1116/1116/1116 1113/1113/1113
f 1114/1114/1114 1117/1117/1117 1115/1115/1115
f 1103/1103/1103 1115/1115/1115 1117/1117/1117
f 1117/1117/1117 1083/1083/1083 1086/1086/1086
f 1117/1117/1117 1118/1118/1118 1083/1083/1083
f 1114/1114/1114 1118/1118/1118 1117/1117/1117
f 1109/1109/1109 1108/1108/1108 1119/1119/1119
f 1109/1109/1109 1119/1119/1119 1120/1120/1120
f 1120/1120/1120 1119/1119/1119 1121/1121/1121
f 1122/1122/1122 1121/1121/1121 1119/1119/1119
f 1122/1122/1122 1119/1119/1119 1123/1123/1123
f 1123/1123/1123 1124/1124/1124 1122/1122/1122
f 1123/1123/1123 1125/1125/1125 1124/1124/1124
f 1120/1120/1120 1121/1121/1121 1126/1126/1126
f 1123/1123/1123 1119/1119/1119 1108/1108/1108
f 1123/1123/1123 1108/1108/1108 1105/1105/1105
f 1105/1105/1105 1125/1125/1125 1123/1123/1123
f 1105/1105/1105 1104/1104/1104 1125/1125/1125
f 1125/1125/1125 1104/1104/1104 1101/1101/1101
f 1125/1125/1125 1101/1101/1101 1127/1127/1127
f 1124/1124/1124 1125/1125/1125 1127/1127/1127
f 1128/1128/1128 1127/1127/1127 1101/1101/1101
f 1128/1128/1128 1101/1101/1101 1100/1100/1100
f 1100/1100/1100 1129/1129/1129 1128/1128/1128
f 1100/1100/1100 1097/1097/1097 1129/1129/1129
f 1129/1129/1129 1097/1097/1097 1096/1096/1096
f 1129/1129/1129 1096/1096/1096 1130/1130/1130
f 1130/1130/1130 1096/1096/1096 1095/1095/1095
f 1130/1130/1130 1095/1095/1095 1131/1131/1131
f 1134/1134/1134 1133/1133/1133 1132/1132/1132
f 1134/1134/1134 1135/1135/1135 1133/1133/1133
f 1136/1136/1136 1135/1135/1135 1134/1134/1134
f 1136/1136/1136 1137/1137/1137 1135/1135/1135
f 1137/1137/1137 1136/1136/1136 1138/1138/1138
f 1137/1137/1137 1138/1138/1138 1139/1139/1139
f 1140/1140/1140 1133/1133/1133 1135/1135/1135
f 1140/1140/1140 1135/1135/1135 1141/1141/1141
f 1141/1141/1141 1135/1135/1135 1137/1137/1137
f 1142/1142/1142 1140/1140/1140 1141/1141/1141
f 1142/1142/1142 1141/1141/1141 1143/1143/1143
f 1143/1143/1143 1141/1141/1141 1144/1144/1144
f 1141/1141/1141 1137/1137/1137 1144/1144/1144
f 1139/1139/1139 1144/1144/1144 1137/1137/1137
f 1143/1143/1143 1144/1144/1144 1145/1145/1145
f 1145/1145/1145 1144/1144/1144 1146/1146/1146
f 1139/1139/1139 1146/1146/1146 1144/1144/1144
f 1145/1145/1145 1146/1146/1146 1147/1147/1147
f 1148/1148/1148 1142/1142/1142 1143/1143/1143
f 1148/1148/1148 1143/1143/1143 1149/1149/1149
f 1150/1150/1150 1148/1148/1148 1149/1149/1149
f 1150/1150/1150 1149/1149/1149 1151/1151/1151
f 1151/1151/1151 1149/1149/1149 1152/1152/1152
f 1143/1143/1143 1152/1152/1152 1149/1149/1149
f 1143/1143/1143 1145/1145/1145 1152/1152/1152
f 1147/1147/1147 1152/1152/1152 1145/1145/1145
f 1151/1151/1151 1152/1152/1152 1153/1153/1153
f 1154/1154/1154 1153/1153/1153 1152/1152/1152
f 1147/1147/1147 1154/1154/1154 1152/1152/1152
f 1154/1154/1154 1155/1155/1155 1153/1153/1153
f 1156/1156/1156 1077/1077/1077 1075/1075/1075
f 1156/1156/1156 1157/1157/1157 1077/1077/1077
f 1075/1075/1075 1158/1158/1158 1156/1156/1156
f 1156/1156/1156 1158/1158/1158 1159/1159/1159
f 1157/1157/1157 1156/1156/1156 1159/1159/1159
f 1081/1081/1081 1158/1158/1158 1075/1075/1075
f 1158/1158/1158 1081/1081/1081 1160/1160/1160
f 1083/1083/1083 1160/1160/1160 1081/1081/1081
f 1083/1083/1083 1118/1118/1118 1160/1160/1160
f 1102/1102/1102 1117/1117/1117 1086/1086/1086
f 1102/1102/1102 1103/1103/1103 1117/1117/1117
f 1163/1163/1163 1162/1162/1162 1161/1161/1161
f 1162/1162/1162 1163/1163/1163 1164/1164/1164
f 1161/1161/1161 1165/1165/1165 1163/1163/1163
f 1164/1164/1164 1163/1163/1163 1166/1166/1166
f 1167/1167/1167 1166/1166/1166 1163/1163/1163
f 1168/1168/1168 1167/1167/1167 1163/1163/1163
f 1168/1168/1168 1163/1163/1163 1169/1169/1169
f 1170/1170/1170 1169/1169/1169 1163/1163/1163
f 1173/1173/1173 1172/1172/1172 1171/1171/1171
f 1172/1172/1172 1174/1174/1174 1171/1171/1171
f 1171/1171/1171 1174/1174/1174 1175/1175/1175
f 1176/1176/1176 1171/1171/1171 1175/1175/1175
f 1171/1171/1171 1176/1176/1176 1177/1177/1177
f 1178/1178/1178 1171/1171/1171 1177/1177/1177
f 1181/1181/1181 1180/1180/1180 1179/1179/1179
f 1181/1181/1181 1182/1182/1182 1180/1180/1180
f 1182/1182/1182 1183/1183/1183 1180/1180/1180
f 1182/1182/1182 1184/1184/1184 1183/1183/1183
f 1187/1187/1187 1186/1186/1186 1185/1185/1185
f 1188/1188/1188 1186/1186/1186 1187/1187/1187
f 1190/1190/1190 1189/1189/1189 1186/1186/1186
f 1190/1190/1190 1191/1191/1191 1189/1189/1189
f 1194/1194/1194 1193/1193/1193 1192/1192/1192
f 1194/1194/1194 1195/1195/1195 1193/1193/1193
f 1192/1192/1192 1193/1193/1193 1196/1196/1196
f 1192/1192/1192 1196/1196/1196 1197/1197/1197
f 1200/1200/1200 1199/1199/1199 1198/1198/1198
f 1200/1200/1200 1201/1201/1201 1199/1199/1199
f 1204/1204/1204 1203/1203/1203 1202/1202/1202
f 1205/1205/1205 1203/1203/1203 1204/1204/1204
f 1208/1208/1208 1207/1207/1207 1206/1206/1206
f 1208/1208/1208 1209/1209/1209 1207/1207/1207
f 1207/1207/1207 1210/1210/1210 1206/1206/1206
f 1207/1207/1207 1211/1211/1211 1210/1210/1210
f 1214/1214/1214 1213/1213/1213 1212/1212/1212
f 1214/1214/1214 1215/1215/1215 1213/1213/1213
f 1212/1212/1212 1213/1213/1213 1216/1216/1216
f 1212/1212/1212 1216/1216/1216 1217/1217/1217
f 1220/1220/1220 1219/1219/1219 1218/1218/1218
f 1220/1220/1220 1221/1221/1221 1219/1219/1219
f 1221/1221/1221 1222/1222/1222 1219/1219/1219
f 1221/1221/1221 1223/1223/1223 1222/1222/1222
f 1226/1226/1226 1225/1225/1225 1224/1224/1224
f 1226/1226/1226 1227/1227/1227 1225/1225/1225
f 1230/1230/1230 1229/1229/1229 1228/1228/1228
f 1230/1230/1230 1231/1231/1231 1229/1229/1229
f 1234/1234/1234 1233/1233/1233 1232/1232/1232
f 1234/1234/1234 1235/1235/1235 1233/1233/1233
f 1238/1238/1238 1237/1237/1237 1236/1236/1236
f 1238/1238/1238 1239/1239/1239 1237/1237/1237
f 1242/1242/1242 1241/1241/1241 1240/1240/1240
f 1242/1242/1242 1243/1243/1243 1241/1241/1241
f 1246/1246/1246 1245/1245/1245 1244/1244/1244
f 1246/1246/1246 1247/1247/1247 1245/1245/1245
f 1250/1250/1250 1249/1249/1249 1248/1248/1248
f 1250/1250/1250 1251/1251/1251 1249/1249/1249
f 1254/1254/1254 1253/1253/1253 1252/1252/1252
f 1254/1254/1254 1255/1255/1255 1253/1253/1253
f 1255/1255/1255 1256/1256/1256 1253/1253/1253
f 1255/1255/1255 1257/1257/1257 1256/1256/1256
f 1256/1256/1256 1257/1257/1257 1258/1258/1258
f 1256/1256/1256 1258/1258/1258 1259/1259/1259
f 1260/1260/1260 1254/1254/1254 1252/1252/1252
f 1260/1260/1260 1261/1261/1261 1254/1254/1254
f 1259/1259/1259 1262/1262/1262 1256/1256/1256
f 1262/1262/1262 1253/1253/1253 1256/1256/1256
f 1259/1259/1259 1263/1263/1263 1262/1262/1262
f 1263/1263/1263 1264/1264/1264 1262/1262/1262
f 1262/1262/1262 1264/1264/1264 1265/1265/1265
f 1262/1262/1262 1265/1265/1265 1266/1266/1266
f 1262/1262/1262 1266/1266/1266 1253/1253/1253
f 1266/1266/1266 1252/1252/1252 1253/1253/1253
f 1265/1265/1265 1267/1267/1267 1266/1266/1266
f 1266/1266/1266 1267/1267/1267 1252/1252/1252
f 1267/1267/1267 1260/1260/1260 1252/1252/1252
f 1265/1265/1265 1268/1268/1268 1267/1267/1267
f 1263/1263/1263 1269/1269/1269 1264/1264/1264
f 1268/1268/1268 1270/1270/1270 1267/1267/1267
f 1267/1267/1267 1270/1270/1270 1260/1260/1260
f 1268/1268/1268 1271/1271/1271 1270/1270/1270
f 1274/1274/1274 1273/1273/1273 1272/1272/1272
f 1277/1277/1277 1276/1276/1276 1275/1275/1275
f 1280/1280/1280 1279/1279/1279 1278/1278/1278
f 1283/1283/1283 1282/1282/1282 1281/1281/1281
f 1286/1286/1286 1285/1285/1285 1284/1284/1284
f 1286/1286/1286 1287/1287/1287 1285/1285/1285
f 1288/1288/1288 1287/1287/1287 1286/1286/1286
f 1288/1288/1288 1289/1289/1289 1287/1287/1287
f 1284/1284/1284 1285/1285/1285 1290/1290/1290
f 1284/1284/1284 1290/1290/1290 1291/1291/1291
f 1291/1291/1291 1290/1290/1290 1292/1292/1292
f 1291/1291/1291 1292/1292/1292 1293/1293/1293
f 1296/1296/1296 1295/1295/1295 1294/1294/1294
f 1296/1296/1296 1297/1297/1297 1295/1295/1295
f 1300/1300/1300 1299/1299/1299 1298/1298/1298
f 1300/1300/1300 1301/1301/1301 1299/1299/1299
f 1304/1304/1304 1303/1303/1303 1302/1302/1302
f 1304/1304/1304 1305/1305/1305 1303/1303/1303
f 1308/1308/1308 1307/1307/1307 1306/1306/1306
f 1308/1308/1308 1309/1309/1309 1307/1307/1307
f 1312/1312/1312 1311/1311/1311 1310/1310/1310
f 1312/1312/1312 1313/1313/1313 1311/1311/1311
f 1314/1314/1314 1313/1313/1313 1312/1312/1312
f 1314/1314/1314 1315/1315/1315 1313/1313/1313
f 1316/1316/1316 1315/1315/1315 1314/1314/1314
f 1316/1316/1316 1317/1317/1317 1315/1315/1315
f 1318/1318/1318 1317/1317/1317 1316/1316/1316
f 1318/1318/1318 1319/1319/1319 1317/1317/1317
f 1322/1322/1322 1321/1321/1321 1320/1320/1320
f 1322/1322/1322 1323/1323/1323 1321/1321/1321
f 1326/1326/1326 1325/1325/1325 1324/1324/1324
f 1329/1329/1329 1328/1328/1328 1327/1327/1327
f 1332/1332/1332 1331/1331/1331 1330/1330/1330
f 1335/1335/1335 1334/1334/1334 1333/1333/1333
f 1335/1335/1335 1336/1336/1336 1334/1334/1334
f 1333/1333/1333 1334/1334/1334 1337/1337/1337
f 1333/1333/1333 1337/1337/1337 1338/1338/1338
f 1338/1338/1338 1337/1337/1337 1339/1339/1339
f 1338/1338/1338 1339/1339/1339 1340/1340/1340
f 1340/1340/1340 1339/1339/1339 1341/1341/1341
f 1340/1340/1340 1341/1341/1341 1342/1342/1342
f 1345/1345/1345 1344/1344/1344 1343/1343/1343
f 1348/1348/1348 1347/1347/1347 1346/1346/1346
f 1351/1351/1351 1350/1350/1350 1349/1349/1349
f 1354/1354/1354 1353/1353/1353 1352/1352/1352
f 1354/1354/1354 1355/1355/1355 1353/1353/1353
f 1358/1358/1358 1357/1357/1357 1356/1356/1356
f 1358/1358/1358 1359/1359/1359 1357/1357/1357
f 1362/1362/1362 1361/1361/1361 1360/1360/1360
f 1362/1362/1362 1363/1363/1363 1361/1361/1361
f 1366/1366/1366 1365/1365/1365 1364/1364/1364
f 1366/1366/1366 1367/1367/1367 1365/1365/1365
f 1370/1370/1370 1369/1369/1369 1368/1368/1368
f 1370/1370/1370 1371/1371/1371 1369/1369/1369
f 1374/1374/1374 1373/1373/1373 1372/1372/1372
f 1374/1374/1374 1375/1375/1375 1373/1373/1373
f 1378/1378/1378 1377/1377/1377 1376/1376/1376
f 1378/1378/1378 1379/1379/1379 1377/1377/1377
f 1380/1380/1380 1379/1379/1379 1378/1378/1378
f 1380/1380/1380 1381/1381/1381 1379/1379/1379
f 1382/1382/1382 1381/1381/1381 1380/1380/1380
f 1382/1382/1382 1383/1383/1383 1381/1381/1381
f 1384/1384/1384 1383/1383/1383 1382/1382/1382
f 1384/1384/1384 1385/1385/1385 1383/1383/1383
f 1388/1388/1388 1387/1387/1387 1386/1386/1386
f 1388/1388/1388 1389/1389/1389 1387/1387/1387
f 1392/1392/1392 1391/1391/1391 1390/1390/1390
f 1392/1392/1392 1393/1393/1393 1391/1391/1391
f 1396/1396/1396 1395/1395/1395 1394/1394/1394
f 1396/1396/1396 1397/1397/1397 1395/1395/1395
f 1398/1398/1398 1397/1397/1397 1396/1396/1396
f 1398/1398/1398 1399/1399/1399 1397/1397/1397
f 1400/1400/1400 1399/1399/1399 1398/1398/1398
f 1400/1400/1400 1401/1401/1401 1399/1399/1399
f 1402/1402/1402 1401/1401/1401 1400/1400/1400
f 1402/1402/1402 1403/1403/1403 1401/1401/1401
f 1406/1406/1406 1405/1405/1405 1404/1404/1404
f 1406/1406/1406 1407/1407/1407 1405/1405/1405
f 1410/1410/1410 1409/1409/1409 1408/1408/1408
f 1410/1410/1410 1411/1411/1411 1409/1409/1409
f 1412/1412/1412 1411/1411/1411 1410/1410/1410
f 1412/1412/1412 1413/1413/1413 1411/1411/1411
f 1408/1408/1408 1409/1409/1409 1414/1414/1414
f 1408/1408/1408 1414/1414/1414 1415/1415/1415
f 1415/1415/1415 1414/1414/1414 1416/1416/1416
f 1415/1415/1415 1416/1416/1416 1417/1417/1417
f 1420/1420/1420 1419/1419/1419 1418/1418/1418
f 1420/1420/1420 1421/1421/1421 1419/1419/1419
f 1421/1421/1421 1422/1422/1422 1419/1419/1419
f 1421/1421/1421 1423/1423/1423 1422/1422/1422
f 1423/1423/1423 1424/1424/1424 1422/1422/1422
f 1423/1423/1423 1425/1425/1425 1424/1424/1424
f 1425/1425/1425 1426/1426/1426 1424/1424/1424
f 1425/1425/1425 1427/1427/1427 1426/1426/1426
f 1430/1430/1430 1429/1429/1429 1428/1428/1428
f 1430/1430/1430 1431/1431/1431 1429/1429/1429
f 1432/1432/1432 1431/1431/1431 1430/1430/1430
f 1432/1432/1432 1433/1433/1433 1431/1431/1431
f 1434/1434/1434 1433/1433/1433 1432/1432/1432
f 1434/1434/1434 1435/1435/1435 1433/1433/1433
f 1436/1436/1436 1435/1435/1435 1434/1434/1434
f 1436/1436/1436 1437/1437/1437 1435/1435/1435
f 1440/1440/1440 1439/1439/1439 1438/1438/1438
f 1440/1440/1440 1441/1441/1441 1439/1439/1439
f 1444/1444/1444 1443/1443/1443 1442/1442/1442
f 1444/1444/1444 1445/1445/1445 1443/1443/1443
f 1446/1446/1446 1445/1445/1445 1444/1444/1444
f 1446/1446/1446 1447/1447/1447 1445/1445/1445
f 1448/1448/1448 1447/1447/1447 1446/1446/1446
f 1448/1448/1448 1449/1449/1449 1447/1447/1447
f 1450/1450/1450 1449/1449/1449 1448/1448/1448
f 1450/1450/1450 1451/1451/1451 1449/1449/1449
f 1454/1454/1454 1453/1453/1453 1452/1452/1452
f 1454/1454/1454 1455/1455/1455 1453/1453/1453
f 1458/1458/1458 1457/1457/1457 1456/1456/1456
f 1458/1458/1458 1459/1459/1459 1457/1457/1457
f 1460/1460/1460 1459/1459/1459 1458/1458/1458
f 1460/1460/1460 1461/1461/1461 1459/1459/1459
f 1462/1462/1462 1461/1461/1461 1460/1460/1460
f 1462/1462/1462 1463/1463/1463 1461/1461/1461
f 1464/1464/1464 1463/1463/1463 1462/1462/1462
f 1464/1464/1464 1465/1465/1465 1463/1463/1463
f 1468/1468/1468 1467/1467/1467 1466/1466/1466
f 1468/1468/1468 1469/1469/1469 1467/1467/1467
f 1472/1472/1472 1471/1471/1471 1470/1470/1470
f 1472/1472/1472 1473/1473/1473 1471/1471/1471
f 1476/1476/1476 1475/1475/1475 1474/1474/1474
f 1476/1476/1476 1477/1477/1477 1475/1475/1475
f 1478/1478/1478 1477/1477/1477 1476/1476/1476
f 1478/1478/1478 1479/1479/1479 1477/1477/1477
f 1480/1480/1480 1479/1479/1479 1478/1478/1478
f 1480/1480/1480 1481/1481/1481 1479/1479/1479
f 1482/1482/1482 1481/1481/1481 1480/1480/1480
f 1482/1482/1482 1483/1483/1483 1481/1481/1481
f 1486/1486/1486 1485/1485/1485 1484/1484/1484
f 1486/1486/1486 1487/1487/1487 1485/1485/1485
f 1490/1490/1490 1489/1489/1489 1488/1488/1488
f 1490/1490/1490 1491/1491/1491 1489/1489/1489
f 1494/1494/1494 1493/1493/1493 1492/1492/1492
f 1494/1494/1494 1495/1495/1495 1493/1493/1493
f 1496/1496/1496 1495/1495/1495 1494/1494/1494
f 1496/1496/1496 1497/1497/1497 1495/1495/1495
f 1498/1498/1498 1497/1497/1497 1496/1496/1496
f 1498/1498/1498 1499/1499/1499 1497/1497/1497
f 1500/1500/1500 1499/1499/1499 1498/1498/1498
f 1500/1500/1500 1501/1501/1501 1499/1499/1499
f 1504/1504/1504 1503/1503/1503 1502/1502/1502
f 1504/1504/1504 1505/1505/1505 1503/1503/1503
f 1508/1508/1508 1507/1507/1507 1506/1506/1506
f 1508/1508/1508 1509/1509/1509 1507/1507/1507
f 1512/1512/1512 1511/1511/1511 1510/1510/1510
f 1512/1512/1512 1513/1513/1513 1511/1511/1511
f 1514/1514/1514 1513/1513/1513 1512/1512/1512
f 1514/1514/1514 1515/1515/1515 1513/1513/1513
f 1516/1516/1516 1515/1515/1515 1514/1514/1514
f 1516/1516/1516 1517/1517/1517 1515/1515/1515
f 1518/1518/1518 1517/1517/1517 1516/1516/1516
f 1518/1518/1518 1519/1519/1519 1517/1517/1517
f 1522/1522/1522 1521/1521/1521 1520/1520/1520
f 1522/1522/1522 1523/1523/1523 1521/1521/1521
f 1526/1526/1526 1525/1525/1525 1524/1524/1524
f 1526/1526/1526 1527/1527/1527 1525/1525/1525
f 1528/1528/1528 1524/1524/1524 1525/1525/1525
f 1528/1528/1528 1529/1529/1529 1524/1524/1524
f 1530/1530/1530 1529/1529/1529 1528/1528/1528
f 1530/1530/1530 1528/1528/1528 1531/1531/1531
f 1532/1532/1532 1530/1530/1530 1531/1531/1531
f 1532/1532/1532 1531/1531/1531 1533/1533/1533
f 1536/1536/1536 1535/1535/1535 1534/1534/1534
f 1536/1536/1536 1537/1537/1537 1535/1535/1535
f 1538/1538/1538 1534/1534/1534 1535/1535/1535
f 1538/1538/1538 1539/1539/1539 1534/1534/1534
f 1540/1540/1540 1539/1539/1539 1538/1538/1538
f 1540/1540/1540 1538/1538/1538 1541/1541/1541
f 1542/1542/1542 1540/1540/1540 1541/1541/1541
f 1542/1542/1542 1541/1541/1541 1543/1543/1543
f 1546/1546/1546 1545/1545/1545 1544/1544/1544
f 1546/1546/1546 1547/1547/1547 1545/1545/1545
f 1548/1548/1548 1544/1544/1544 1545/1545/1545
f 1548/1548/1548 1549/1549/1549 1544/1544/1544
f 1550/1550/1550 1549/1549/1549 1548/1548/1548
f 1550/1550/1550 1548/1548/1548 1551/1551/1551
f 1551/1551/1551 1552/1552/1552 1550/1550/1550
f 1551/1551/1551 1553/1553/1553 1552/1552/1552
f 1556/1556/1556 1555/1555/1555 1554/1554/1554
f 1556/1556/1556 1557/1557/1557 1555/1555/1555
f 1558/1558/1558 1554/1554/1554 1555/1555/1555
f 1558/1558/1558 1559/1559/1559 1554/1554/1554
f 1560/1560/1560 1559/1559/1559 1558/1558/1558
f 1560/1560/1560 1558/1558/1558 1561/1561/1561
f 1562/1562/1562 1560/1560/1560 1561/1561/1561
f 1562/1562/1562 1561/1561/1561 1563/1563/1563
f 1566/1566/1566 1565/1565/1565 1564/1564/1564
f 1566/1566/1566 1567/1567/1567 1565/1565/1565
f 1570/1570/1570 1569/1569/1569 1568/1568/1568
f 1570/1570/1570 1571/1571/1571 1569/1569/1569
f 1574/1574/1574 1573/1573/1573 1572/1572/1572
f 1574/1574/1574 1575/1575/1575 1573/1573/1573
f 1578/1578/1578 1577/1577/1577 1576/1576/1576
f 1578/1578/1578 1579/1579/1579 1577/1577/1577
f 1582/1582/1582 1581/1581/1581 1580/1580/1580
f 1582/1582/1582 1583/1583/1583 1581/1581/1581
f 1586/1586/1586 1585/1585/1585 1584/1584/1584
f 1586/1586/1586 1587/1587/1587 1585/1585/1585
f 1590/1590/1590 1589/1589/1589 1588/1588/1588
f 1590/1590/1590 1591/1591/1591 1589/1589/1589
f 1594/1594/1594 1593/1593/1593 1592/1592/1592
f 1594/1594/1594 1595/1595/1595 1593/1593/1593
f 1595/1595/1595 1594/1594/1594 1596/1596/1596
f 1595/1595/1595 1596/1596/1596 1597/1597/1597
f 1596/1596/1596 1598/1598/1598 1597/1597/1597
f 1596/1596/1596 1599/1599/1599 1598/1598/1598
f 1597/1597/1597 1598/1598/1598 1600/1600/1600
f 1597/1597/1597 1600/1600/1600 1601/1601/1601
f 1600/1600/1600 1598/1598/1598 1602/1602/1602
f 1600/1600/1600 1602/1602/1602 1603/1603/1603
f 1598/1598/1598 1604/1604/1604 1602/1602/1602
f 1598/1598/1598 1599/1599/1599 1604/1604/1604
f 1604/1604/1604 1599/1599/1599 1605/1605/1605
f 1604/1604/1604 1605/1605/1605 1606/1606/1606
f 1606/1606/1606 1605/1605/1605 1607/1607/1607
f 1606/1606/1606 1607/1607/1607 1608/1608/1608
f 1608/1608/1608 1607/1607/1607 1609/1609/1609
f 1610/1610/1610 1609/1609/1609 1607/1607/1607
f 1610/1610/1610 1607/1607/1607 1611/1611/1611
f 1605/1605/1605 1611/1611/1611 1607/1607/1607
f 1611/1611/1611 1612/1612/1612 1610/1610/1610
f 1611/1611/1611 1613/1613/1613 1612/1612/1612
f 1614/1614/1614 1613/1613/1613 1611/1611/1611
f 1599/1599/1599 1614/1614/1614 1605/1605/1605
f 1605/1605/1605 1614/1614/1614 1611/1611/1611
f 1613/1613/1613 1614/1614/1614 1615/1615/1615
f 1608/1608/1608 1609/1609/1609 1616/1616/1616
f 1617/1617/1617 1608/1608/1608 1616/1616/1616
f 1608/1608/1608 1617/1617/1617 1618/1618/1618
f 1618/1618/1618 1617/1617/1617 1619/1619/1619
f 1608/1608/1608 1620/1620/1620 1606/1606/1606
f 1608/1608/1608 1618/1618/1618 1620/1620/1620
f 1621/1621/1621 1606/1606/1606 1620/1620/1620
f 1621/1621/1621 1604/1604/1604 1606/1606/1606
f 1621/1621/1621 1602/1602/1602 1604/1604/1604
f 1621/1621/1621 1622/1622/1622 1602/1602/1602
f 1623/1623/1623 1602/1602/1602 1622/1622/1622
f 1623/1623/1623 1622/1622/1622 1624/1624/1624
f 1625/1625/1625 1623/1623/1623 1624/1624/1624
f 1626/1626/1626 1623/1623/1623 1625/1625/1625
f 1626/1626/1626 1627/1627/1627 1623/1623/1623
f 1627/1627/1627 1603/1603/1603 1623/1623/1623
f 1602/1602/1602 1623/1623/1623 1603/1603/1603
f 1628/1628/1628 1603/1603/1603 1627/1627/1627
f 1628/1628/1628 1600/1600/1600 1603/1603/1603
f 1629/1629/1629 1600/1600/1600 1628/1628/1628
f 1630/1630/1630 1629/1629/1629 1628/1628/1628
f 1630/1630/1630 1628/1628/1628 1631/1631/1631
f 1632/1632/1632 1630/1630/1630 1631/1631/1631
f 1632/1632/1632 1631/1631/1631 1633/1633/1633
f 1634/1634/1634 1632/1632/1632 1633/1633/1633
f 1634/1634/1634 1633/1633/1633 1635/1635/1635
f 1636/1636/1636 1632/1632/1632 1634/1634/1634
f 1634/1634/1634 1637/1637/1637 1636/1636/1636
f 1634/1634/1634 1638/1638/1638 1637/1637/1637
f 1638/1638/1638 1634/1634/1634 1635/1635/1635
f 1638/1638/1638 1635/1635/1635 1639/1639/1639
f 1629/1629/1629 1601/1601/1601 1600/1600/1600
f 1640/1640/1640 1639/1639/1639 1635/1635/1635
f 1640/1640/1640 1635/1635/1635 1641/1641/1641
f 1641/1641/1641 1642/1642/1642 1640/1640/1640
f 1641/1641/1641 1643/1643/1643 1642/1642/1642
f 1643/1643/1643 1644/1644/1644 1642/1642/1642
f 1643/1643/1643 1645/1645/1645 1644/1644/1644
f 1646/1646/1646 1645/1645/1645 1643/1643/1643
f 1646/1646/1646 1643/1643/1643 1647/1647/1647
f 1643/1643/1643 1641/1641/1641 1647/1647/1647
f 1648/1648/1648 1646/1646/1646 1647/1647/1647
f 1648/1648/1648 1649/1649/1649 1646/1646/1646
f 1650/1650/1650 1648/1648/1648 1647/1647/1647
f 1650/1650/1650 1647/1647/1647 1651/1651/1651
f 1651/1651/1651 1647/1647/1647 1641/1641/1641
f 1648/1648/1648 1626/1626/1626 1649/1649/1649
f 1626/1626/1626 1648/1648/1648 1627/1627/1627
f 1650/1650/1650 1627/1627/1627 1648/1648/1648
f 1635/1635/1635 1651/1651/1651 1641/1641/1641
f 1635/1635/1635 1633/1633/1633 1651/1651/1651
f 1633/1633/1633 1650/1650/1650 1651/1651/1651
f 1633/1633/1633 1631/1631/1631 1650/1650/1650
f 1628/1628/1628 1650/1650/1650 1631/1631/1631
f 1628/1628/1628 1627/1627/1627 1650/1650/1650
f 1625/1625/1625 1649/1649/1649 1626/1626/1626
f 1654/1654/1654 1653/1653/1653 1652/1652/1652
f 1654/1654/1654 1655/1655/1655 1653/1653/1653
f 1656/1656/1656 1654/1654/1654 1652/1652/1652
f 1656/1656/1656 1652/1652/1652 1657/1657/1657
f 1658/1658/1658 1656/1656/1656 1657/1657/1657
f 1658/1658/1658 1657/1657/1657 1659/1659/1659
f 1653/1653/1653 1660/1660/1660 1652/1652/1652
f 1660/1660/1660 1653/1653/1653 1595/1595/1595
f 1595/1595/1595 1597/1597/1597 1660/1660/1660
f 1601/1601/1601 1660/1660/1660 1597/1597/1597
f 1601/1601/1601 1661/1661/1661 1660/1660/1660
f 1660/1660/1660 1661/1661/1661 1652/1652/1652
f 1657/1657/1657 1652/1652/1652 1661/1661/1661
f 1662/1662/1662 1661/1661/1661 1601/1601/1601
f 1657/1657/1657 1661/1661/1661 1662/1662/1662
f 1662/1662/1662 1601/1601/1601 1629/1629/1629
f 1663/1663/1663 1662/1662/1662 1629/1629/1629
f 1663/1663/1663 1657/1657/1657 1662/1662/1662
f 1663/1663/1663 1659/1659/1659 1657/1657/1657
f 1663/1663/1663 1629/1629/1629 1630/1630/1630
f 1630/1630/1630 1664/1664/1664 1663/1663/1663
f 1663/1663/1663 1664/1664/1664 1659/1659/1659
f 1630/1630/1630 1632/1632/1632 1664/1664/1664
f 1632/1632/1632 1636/1636/1636 1664/1664/1664
f 1593/1593/1593 1595/1595/1595 1665/1665/1665
f 1595/1595/1595 1653/1653/1653 1665/1665/1665
f 1666/1666/1666 1665/1665/1665 1653/1653/1653
f 1666/1666/1666 1653/1653/1653 1655/1655/1655
f 1669/1669/1669 1668/1668/1668 1667/1667/1667
f 1669/1669/1669 1670/1670/1670 1668/1668/1668
f 1671/1671/1671 1669/1669/1669 1667/1667/1667
f 1671/1671/1671 1672/1672/1672 1669/1669/1669
f 1672/1672/1672 1671/1671/1671 1673/1673/1673
f 1672/1672/1672 1673/1673/1673 1674/1674/1674
f 1675/1675/1675 1667/1667/1667 1668/1668/1668
f 1675/1675/1675 1676/1676/1676 1667/1667/1667
f 1677/1677/1677 1676/1676/1676 1675/1675/1675
f 1675/1675/1675 1678/1678/1678 1677/1677/1677
f 1679/1679/1679 1677/1677/1677 1678/1678/1678
f 1679/1679/1679 1680/1680/1680 1677/1677/1677
f 1679/1679/1679 1681/1681/1681 1680/1680/1680
f 1681/1681/1681 1673/1673/1673 1671/1671/1671
f 1681/1681/1681 1682/1682/1682 1680/1680/1680
f 1677/1677/1677 1682/1682/1682 1676/1676/1676
f 1677/1677/1677 1680/1680/1680 1682/1682/1682
f 1682/1682/1682 1667/1667/1667 1676/1676/1676
f 1682/1682/1682 1671/1671/1671 1667/1667/1667
f 1681/1681/1681 1671/1671/1671 1682/1682/1682
f 1678/1678/1678 1683/1683/1683 1679/1679/1679
f 1678/1678/1678 1684/1684/1684 1683/1683/1683
f 1684/1684/1684 1685/1685/1685 1683/1683/1683
f 1684/1684/1684 1686/1686/1686 1685/1685/1685
f 1686/1686/1686 1687/1687/1687 1685/1685/1685
f 1686/1686/1686 1688/1688/1688 1687/1687/1687
f 1688/1688/1688 1689/1689/1689 1687/1687/1687
f 1688/1688/1688 1690/1690/1690 1689/1689/1689
f 1690/1690/1690 1691/1691/1691 1689/1689/1689
f 1690/1690/1690 1692/1692/1692 1691/1691/1691
f 1692/1692/1692 1693/1693/1693 1691/1691/1691
f 1692/1692/1692 1694/1694/1694 1693/1693/1693
f 1694/1694/1694 1695/1695/1695 1693/1693/1693
f 1694/1694/1694 1696/1696/1696 1695/1695/1695
f 1695/1695/1695 1697/1697/1697 1693/1693/1693
f 1695/1695/1695 1698/1698/1698 1697/1697/1697
f 1691/1691/1691 1699/1699/1699 1689/1689/1689
f 1691/1691/1691 1700/1700/1700 1699/1699/1699
f 1693/1693/1693 1700/1700/1700 1691/1691/1691
f 1693/1693/1693 1697/1697/1697 1700/1700/1700
f 1687/1687/1687 1701/1701/1701 1685/1685/1685
f 1689/1689/1689 1701/1701/1701 1687/1687/1687
f 1689/1689/1689 1699/1699/1699 1701/1701/1701
f 1702/1702/1702 1688/1688/1688 1686/1686/1686
f 1690/1690/1690 1688/1688/1688 1702/1702/1702
f 1690/1690/1690 1702/1702/1702 1703/1703/1703
f 1692/1692/1692 1690/1690/1690 1703/1703/1703
f 1692/1692/1692 1703/1703/1703 1704/1704/1704
f 1694/1694/1694 1692/1692/1692 1704/1704/1704
f 1694/1694/1694 1704/1704/1704 1705/1705/1705
f 1696/1696/1696 1694/1694/1694 1705/1705/1705
f 1696/1696/1696 1705/1705/1705 1706/1706/1706
f 1709/1709/1709 1708/1708/1708 1707/1707/1707
f 1709/1709/1709 1710/1710/1710 1708/1708/1708
f 1710/1710/1710 1711/1711/1711 1708/1708/1708
f 1708/1708/1708 1711/1711/1711 1712/1712/1712
f 1712/1712/1712 1711/1711/1711 1713/1713/1713
f 1711/1711/1711 1714/1714/1714 1713/1713/1713
f 1715/1715/1715 1713/1713/1713 1714/1714/1714
f 1716/1716/1716 1713/1713/1713 1715/1715/1715
f 1712/1712/1712 1713/1713/1713 1716/1716/1716
f 1716/1716/1716 1715/1715/1715 1717/1717/1717
f 1715/1715/1715 1714/1714/1714 1718/1718/1718
f 1711/1711/1711 1719/1719/1719 1714/1714/1714
f 1719/1719/1719 1711/1711/1711 1710/1710/1710
f 1720/1720/1720 1712/1712/1712 1716/1716/1716
f 1720/1720/1720 1716/1716/1716 1721/1721/1721
f 1721/1721/1721 1716/1716/1716 1717/1717/1717
f 1722/1722/1722 1720/1720/1720 1721/1721/1721
f 1722/1722/1722 1721/1721/1721 1723/1723/1723
f 1708/1708/1708 1712/1712/1712 1724/1724/1724
f 1712/1712/1712 1720/1720/1720 1725/1725/1725
f 1724/1724/1724 1712/1712/1712 1725/1725/1725
f 1721/1721/1721 1717/1717/1717 1726/1726/1726
f 1723/1723/1723 1721/1721/1721 1726/1726/1726
f 1723/1723/1723 1726/1726/1726 1727/1727/1727
f 1728/1728/1728 1718/1718/1718 1714/1714/1714
f 1719/1719/1719 1728/1728/1728 1714/1714/1714
f 1728/1728/1728 1729/1729/1729 1718/1718/1718
f 1730/1730/1730 1726/1726/1726 1717/1717/1717
f 1730/1730/1730 1731/1731/1731 1726/1726/1726
f 1726/1726/1726 1732/1732/1732 1727/1727/1727
f 1731/1731/1731 1732/1732/1732 1726/1726/1726
f 1733/1733/1733 1732/1732/1732 1731/1731/1731
f 1728/1728/1728 1734/1734/1734 1729/1729/1729
f 1728/1728/1728 1735/1735/1735 1734/1734/1734
f 1728/1728/1728 1736/1736/1736 1735/1735/1735
f 1734/1734/1734 1735/1735/1735 1737/1737/1737
f 1734/1734/1734 1737/1737/1737 1738/1738/1738
f 1738/1738/1738 1737/1737/1737 1739/1739/1739
f 1738/1738/1738 1739/1739/1739 1740/1740/1740
f 1740/1740/1740 1739/1739/1739 1741/1741/1741
f 1742/1742/1742 1741/1741/1741 1739/1739/1739
f 1742/1742/1742 1739/1739/1739 1743/1743/1743
f 1743/1743/1743 1739/1739/1739 1737/1737/1737
f 1741/1741/1741 1742/1742/1742 1744/1744/1744
f 1741/1741/1741 1744/1744/1744 1745/1745/1745
f 1740/1740/1740 1741/1741/1741 1746/1746/1746
f 1746/1746/1746 1741/1741/1741 1745/1745/1745
f 1746/1746/1746 1745/1745/1745 1747/1747/1747
f 1746/1746/1746 1747/1747/1747 1748/1748/1748
f 1746/1746/1746 1748/1748/1748 1749/1749/1749
f 1749/1749/1749 1748/1748/1748 1750/1750/1750
f 1749/1749/1749 1750/1750/1750 1751/1751/1751
f 1751/1751/1751 1750/1750/1750 1752/1752/1752
f 1751/1751/1751 1752/1752/1752 1753/1753/1753
f 1754/1754/1754 1738/1738/1738 1740/1740/1740
f 1754/1754/1754 1740/1740/1740 1755/1755/1755
f 1755/1755/1755 1746/1746/1746 1749/1749/1749
f 1755/1755/1755 1740/1740/1740 1746/1746/1746
f 1756/1756/1756 1755/1755/1755 1749/1749/1749
f 1751/1751/1751 1756/1756/1756 1749/1749/1749
f 1756/1756/1756 1754/1754/1754 1755/1755/1755
f 1751/1751/1751 1757/1757/1757 1756/1756/1756
f 1753/1753/1753 1757/1757/1757 1751/1751/1751
f 1756/1756/1756 1758/1758/1758 1754/1754/1754
f 1757/1757/1757 1758/1758/1758 1756/1756/1756
f 1757/1757/1757 1759/1759/1759 1758/1758/1758
f 1758/1758/1758 1759/1759/1759 1760/1760/1760
f 1759/1759/1759 1761/1761/1761 1760/1760/1760
f 1758/1758/1758 1762/1762/1762 1754/1754/1754
f 1758/1758/1758 1760/1760/1760 1762/1762/1762
f 1754/1754/1754 1762/1762/1762 1734/1734/1734
f 1762/1762/1762 1729/1729/1729 1734/1734/1734
f 1754/1754/1754 1734/1734/1734 1738/1738/1738
f 1718/1718/1718 1729/1729/1729 1763/1763/1763
f 1718/1718/1718 1763/1763/1763 1764/1764/1764
f 1718/1718/1718 1764/1764/1764 1765/1765/1765
f 1718/1718/1718 1765/1765/1765 1715/1715/1715
f 1717/1717/1717 1715/1715/1715 1765/1765/1765
f 1717/1717/1717 1765/1765/1765 1730/1730/1730
f 1764/1764/1764 1763/1763/1763 1766/1766/1766
f 1769/1769/1769 1768/1768/1768 1767/1767/1767
f 1769/1769/1769 1770/1770/1770 1768/1768/1768
f 1771/1771/1771 1767/1767/1767 1768/1768/1768
f 1771/1771/1771 1772/1772/1772 1767/1767/1767
f 1773/1773/1773 1772/1772/1772 1771/1771/1771
f 1773/1773/1773 1774/1774/1774 1772/1772/1772
f 1775/1775/1775 1772/1772/1772 1774/1774/1774
f 1743/1743/1743 1775/1775/1775 1774/1774/1774
f 1743/1743/1743 1737/1737/1737 1775/1775/1775
f 1775/1775/1775 1737/1737/1737 1735/1735/1735
f 1775/1775/1775 1735/1735/1735 1776/1776/1776
f 1775/1775/1775 1776/1776/1776 1772/1772/1772
f 1736/1736/1736 1776/1776/1776 1735/1735/1735
f 1736/1736/1736 1777/1777/1777 1776/1776/1776
f 1772/1772/1772 1777/1777/1777 1767/1767/1767
f 1772/1772/1772 1776/1776/1776 1777/1777/1777
f 1778/1778/1778 1777/1777/1777 1736/1736/1736
f 1777/1777/1777 1778/1778/1778 1767/1767/1767
f 1778/1778/1778 1769/1769/1769 1767/1767/1767
f 1778/1778/1778 1736/1736/1736 1719/1719/1719
f 1719/1719/1719 1736/1736/1736 1728/1728/1728
f 1719/1719/1719 1710/1710/1710 1778/1778/1778
f 1778/1778/1778 1710/1710/1710 1769/1769/1769
f 1769/1769/1769 1710/1710/1710 1779/1779/1779
f 1710/1710/1710 1709/1709/1709 1779/1779/1779
f 1769/1769/1769 1779/1779/1779 1780/1780/1780
f 1769/1769/1769 1780/1780/1780 1770/1770/1770
f 1599/1599/1599 1596/1596/1596 1614/1614/1614
f 1596/1596/1596 1594/1594/1594 1614/1614/1614
f 1614/1614/1614 1594/1594/1594 1615/1615/1615
f 1594/1594/1594 1592/1592/1592 1615/1615/1615
f 1783/1783/1783 1782/1782/1782 1781/1781/1781
f 1784/1784/1784 1782/1782/1782 1783/1783/1783
f 1785/1785/1785 1782/1782/1782 1784/1784/1784
f 1786/1786/1786 1782/1782/1782 1785/1785/1785
f 1789/1789/1789 1788/1788/1788 1787/1787/1787
f 1789/1789/1789 1790/1790/1790 1788/1788/1788
f 1789/1789/1789 1791/1791/1791 1790/1790/1790
f 1792/1792/1792 1790/1790/1790 1791/1791/1791
f 1794/1794/1794 1787/1787/1787 1793/1793/1793
f 1793/1793/1793 1795/1795/1795 1794/1794/1794
f 1794/1794/1794 1795/1795/1795 1796/1796/1796
f 1794/1794/1794 1796/1796/1796 1797/1797/1797
f 1800/1800/1800 1799/1799/1799 1798/1798/1798
f 1800/1800/1800 1801/1801/1801 1799/1799/1799
f 1800/1800/1800 1802/1802/1802 1801/1801/1801
f 1803/1803/1803 1801/1801/1801 1802/1802/1802
f 1805/1805/1805 1804/1804/1804 1799/1799/1799
f 1799/1799/1799 1806/1806/1806 1805/1805/1805
f 1807/1807/1807 1805/1805/1805 1806/1806/1806
f 1808/1808/1808 1805/1805/1805 1807/1807/1807
f 1720/1720/1720 1809/1809/1809 1725/1725/1725
f 1722/1722/1722 1809/1809/1809 1720/1720/1720
f 1708/1708/1708 1724/1724/1724 1707/1707/1707
f 1812/1812/1812 1811/1811/1811 1810/1810/1810
f 1812/1812/1812 1813/1813/1813 1811/1811/1811
f 1812/1812/1812 1814/1814/1814 1813/1813/1813
f 1812/1812/1812 1815/1815/1815 1814/1814/1814
f 1816/1816/1816 1810/1810/1810 1811/1811/1811
f 1816/1816/1816 1811/1811/1811 1817/1817/1817
f 1820/1820/1820 1819/1819/1819 1818/1818/1818
f 1820/1820/1820 1821/1821/1821 1819/1819/1819
f 1820/1820/1820 1818/1818/1818 1822/1822/1822
f 1820/1820/1820 1822/1822/1822 1823/1823/1823
f 1819/1819/1819 1821/1821/1821 1824/1824/1824
f 1819/1819/1819 1824/1824/1824 1825/1825/1825
f 1825/1825/1825 1824/1824/1824 1826/1826/1826
f 1825/1825/1825 1826/1826/1826 1827/1827/1827
f 1830/1830/1830 1829/1829/1829 1828/1828/1828
f 1830/1830/1830 1831/1831/1831 1829/1829/1829
f 1831/1831/1831 1830/1830/1830 1832/1832/1832
f 1831/1831/1831 1832/1832/1832 1833/1833/1833
f 1836/1836/1836 1835/1835/1835 1834/1834/1834
f 1836/1836/1836 1837/1837/1837 1835/1835/1835
f 1837/1837/1837 1838/1838/1838 1835/1835/1835
f 1837/1837/1837 1839/1839/1839 1838/1838/1838
f 1842/1842/1842 1841/1841/1841 1840/1840/1840
f 1842/1842/1842 1843/1843/1843 1841/1841/1841
f 1846/1846/1846 1845/1845/1845 1844/1844/1844
f 1846/1846/1846 1847/1847/1847 1845/1845/1845
f 1850/1850/1850 1849/1849/1849 1848/1848/1848
f 1850/1850/1850 1851/1851/1851 1849/1849/1849
f 1854/1854/1854 1853/1853/1853 1852/1852/1852
f 1854/1854/1854 1855/1855/1855 1853/1853/1853
f 1856/1856/1856 1854/1854/1854 1852/1852/1852
f 1856/1856/1856 1852/1852/1852 1857/1857/1857
f 1860/1860/1860 1859/1859/1859 1858/1858/1858
f 1860/1860/1860 1861/1861/1861 1859/1859/1859
f 1862/1862/1862 1859/1859/1859 1861/1861/1861
f 1862/1862/1862 1861/1861/1861 1863/1863/1863
f 1861/1861/1861 1860/1860/1860 1864/1864/1864
f 1861/1861/1861 1864/1864/1864 1865/1865/1865
f 1863/1863/1863 1861/1861/1861 1865/1865/1865
f 1863/1863/1863 1865/1865/1865 1866/1866/1866
f 1869/1869/1869 1868/1868/1868 1867/1867/1867
f 1869/1869/1869 1870/1870/1870 1868/1868/1868
f 1871/1871/1871 1869/1869/1869 1867/1867/1867
f 1871/1871/1871 1867/1867/1867 1872/1872/1872
f 1875/1875/1875 1874/1874/1874 1873/1873/1873
f 1875/1875/1875 1876/1876/1876 1874/1874/1874
f 1877/1877/1877 1874/1874/1874 1876/1876/1876
f 1877/1877/1877 1878/1878/1878 1874/1874/1874
f 1875/1875/1875 1873/1873/1873 1879/1879/1879
f 1875/1875/1875 1879/1879/1879 1880/1880/1880
f 1883/1883/1883 1882/1882/1882 1881/1881/1881
f 1883/1883/1883 1884/1884/1884 1882/1882/1882
f 1882/1882/1882 1885/1885/1885 1881/1881/1881
f 1882/1882/1882 1886/1886/1886 1885/1885/1885
f 1887/1887/1887 1884/1884/1884 1883/1883/1883
f 1887/1887/1887 1883/1883/1883 1888/1888/1888
f 1887/1887/1887 1888/1888/1888 1889/1889/1889
f 1887/1887/1887 1889/1889/1889 1890/1890/1890
f 1893/1893/1893 1892/1892/1892 1891/1891/1891
f 1893/1893/1893 1894/1894/1894 1892/1892/1892
f 1895/1895/1895 1891/1891/1891 1892/1892/1892
f 1895/1895/1895 1896/1896/1896 1891/1891/1891
f 1899/1899/1899 1898/1898/1898 1897/1897/1897
f 1899/1899/1899 1900/1900/1900 1898/1898/1898
f 1900/1900/1900 1901/1901/1901 1898/1898/1898
f 1900/1900/1900 1902/1902/1902 1901/1901/1901
f 1905/1905/1905 1904/1904/1904 1903/1903/1903
f 1905/1905/1905 1906/1906/1906 1904/1904/1904
f 1909/1909/1909 1908/1908/1908 1907/1907/1907
f 1909/1909/1909 1910/1910/1910 1908/1908/1908
f 1913/1913/1913 1912/1912/1912 1911/1911/1911
f 1913/1913/1913 1914/1914/1914 1912/1912/1912
f 1917/1917/1917 1916/1916/1916 1915/1915/1915
f 1917/1917/1917 1918/1918/1918 1916/1916/1916
f 1919/1919/1919 1918/1918/1918 1917/1917/1917
f 1919/1919/1919 1920/1920/1920 1918/1918/1918
f 1920/1920/1920 1921/1921/1921 1918/1918/1918
f 1920/1920/1920 1922/1922/1922 1921/1921/1921
f 1918/1918/1918 1923/1923/1923 1916/1916/1916
f 1918/1918/1918 1921/1921/1921 1923/1923/1923
f 1926/1926/1926 1925/1925/1925 1924/1924/1924
f 1926/1926/1926 1927/1927/1927 1925/1925/1925
f 1927/1927/1927 1926/1926/1926 1928/1928/1928
f 1927/1927/1927 1928/1928/1928 1929/1929/1929
f 1932/1932/1932 1931/1931/1931 1930/1930/1930
f 1932/1932/1932 1933/1933/1933 1931/1931/1931
f 1930/1930/1930 1931/1931/1931 1934/1934/1934
f 1930/1930/1930 1934/1934/1934 1935/1935/1935
f 1938/1938/1938 1937/1937/1937 1936/1936/1936
f 1938/1938/1938 1939/1939/1939 1937/1937/1937
f 1936/1936/1936 1937/1937/1937 1940/1940/1940
f 1936/1936/1936 1940/1940/1940 1941/1941/1941
f 1942/1942/1942 1939/1939/1939 1938/1938/1938
f 1942/1942/1942 1943/1943/1943 1939/1939/1939
f 1944/1944/1944 1943/1943/1943 1942/1942/1942
f 1944/1944/1944 1945/1945/1945 1943/1943/1943
f 1948/1948/1948 1947/1947/1947 1946/1946/1946
f 1948/1948/1948 1949/1949/1949 1947/1947/1947
f 1952/1952/1952 1951/1951/1951 1950/1950/1950
f 1952/1952/1952 1953/1953/1953 1951/1951/1951
f 1956/1956/1956 1955/1955/1955 1954/1954/1954
f 1956/1956/1956 1957/1957/1957 1955/1955/1955
f 1956/1956/1956 1954/1954/1954 1958/1958/1958
f 1961/1961/1961 1960/1960/1960 1959/1959/1959
f 1962/1962/1962 1960/1960/1960 1961/1961/1961
f 1959/1959/1959 1960/1960/1960 1963/1963/1963
f 1960/1960/1960 1964/1964/1964 1963/1963/1963
f 1967/1967/1967 1966/1966/1966 1965/1965/1965
f 1966/1966/1966 1968/1968/1968 1965/1965/1965
f 1969/1969/1969 1968/1968/1968 1966/1966/1966
f 1970/1970/1970 1968/1968/1968 1969/1969/1969
f 1971/1971/1971 1966/1966/1966 1967/1967/1967
f 1971/1971/1971 1969/1969/1969 1966/1966/1966
f 1971/1971/1971 1972/1972/1972 1969/1969/1969
f 1971/1971/1971 1973/1973/1973 1972/1972/1972
f 1976/1976/1976 1975/1975/1975 1974/1974/1974
f 1976/1976/1976 1977/1977/1977 1975/1975/1975
f 1980/1980/1980 1979/1979/1979 1978/1978/1978
f 1981/1981/1981 1978/1978/1978 1979/1979/1979
f 1981/1981/1981 1982/1982/1982 1978/1978/1978
f 1981/1981/1981 1983/1983/1983 1982/1982/1982
f 1978/1978/1978 1984/1984/1984 1980/1980/1980
f 1982/1982/1982 1984/1984/1984 1978/1978/1978
f 1985/1985/1985 1984/1984/1984 1982/1982/1982
f 1985/1985/1985 1986/1986/1986 1984/1984/1984
f 1989/1989/1989 1988/1988/1988 1987/1987/1987
f 1989/1989/1989 1990/1990/1990 1988/1988/1988
f 1993/1993/1993 1992/1992/1992 1991/1991/1991
f 1994/1994/1994 1992/1992/1992 1993/1993/1993
f 1994/1994/1994 1993/1993/1993 1995/1995/1995
f 1998/1998/1998 1997/1997/1997 1996/1996/1996
f 1999/1999/1999 1997/1997/1997 1998/1998/1998
f 2000/2000/2000 1997/1997/1997 1999/1999/1999
f 2001/2001/2001 1999/1999/1999 1998/1998/1998
f 2001/2001/2001 1998/1998/1998 2002/2002/2002
f 2005/2005/2005 2004/2004/2004 2003/2003/2003
f 2004/2004/2004 2005/2005/2005 2006/2006/2006
f 2004/2004/2004 2006/2006/2006 2007/2007/2007
f 2010/2010/2010 2009/2009/2009 2008/2008/2008
f 2010/2010/2010 2011/2011/2011 2009/2009/2009
f 2008/2008/2008 2012/2012/2012 2010/2010/2010
f 2008/2008/2008 2013/2013/2013 2012/2012/2012
f 2014/2014/2014 2012/2012/2012 2013/2013/2013
f 2014/2014/2014 2015/2015/2015 2012/2012/2012
f 2018/2018/2018 2017/2017/2017 2016/2016/2016
f 2018/2018/2018 2019/2019/2019 2017/2017/2017
f 2022/2022/2022 2021/2021/2021 2020/2020/2020
f 2022/2022/2022 2023/2023/2023 2021/2021/2021
f 2026/2026/2026 2025/2025/2025 2024/2024/2024
f 2024/2024/2024 2027/2027/2027 2026/2026/2026
f 2024/2024/2024 2028/2028/2028 2027/2027/2027
f 2028/2028/2028 2029/2029/2029 2027/2027/2027
f 2030/2030/2030 2026/2026/2026 2027/2027/2027
f 2030/2030/2030 2031/2031/2031 2026/2026/2026
f 2034/2034/2034 2033/2033/2033 2032/2032/2032
f 2034/2034/2034 2035/2035/2035 2033/2033/2033
f 2038/2038/2038 2037/2037/2037 2036/2036/2036
f 2038/2038/2038 2039/2039/2039 2037/2037/2037
f 2042/2042/2042 2041/2041/2041 2040/2040/2040
f 2043/2043/2043 2040/2040/2040 2041/2041/2041
f 2043/2043/2043 2044/2044/2044 2040/2040/2040
f 2045/2045/2045 2044/2044/2044 2043/2043/2043
f 2048/2048/2048 2047/2047/2047 2046/2046/2046
f 2048/2048/2048 2049/2049/2049 2047/2047/2047
f 2050/2050/2050 2048/2048/2048 2046/2046/2046
f 2050/2050/2050 2046/2046/2046 2051/2051/2051
f 2049/2049/2049 2052/2052/2052 2047/2047/2047
f 2049/2049/2049 2053/2053/2053 2052/2052/2052
f 2053/2053/2053 2054/2054/2054 2052/2052/2052
f 2053/2053/2053 2055/2055/2055 2054/2054/2054
f 2058/2058/2058 2057/2057/2057 2056/2056/2056
f 2058/2058/2058 2059/2059/2059 2057/2057/2057
f 2062/2062/2062 2061/2061/2061 2060/2060/2060
f 2062/2062/2062 2063/2063/2063 2061/2061/2061
f 2061/2061/2061 2063/2063/2063 2064/2064/2064
f 2061/2061/2061 2064/2064/2064 2065/2065/2065
f 2066/2066/2066 2062/2062/2062 2060/2060/2060
f 2066/2066/2066 2060/2060/2060 2067/2067/2067
f 2068/2068/2068 2066/2066/2066 2067/2067/2067
f 2068/2068/2068 2069/2069/2069 2066/2066/2066
f 2072/2072/2072 2071/2071/2071 2070/2070/2070
f 2072/2072/2072 2073/2073/2073 2071/2071/2071
f 2071/2071/2071 2073/2073/2073 2074/2074/2074
f 2071/2071/2071 2074/2074/2074 2075/2075/2075
f 2074/2074/2074 2076/2076/2076 2075/2075/2075
f 2074/2074/2074 2077/2077/2077 2076/2076/2076
f 2076/2076/2076 2077/2077/2077 2078/2078/2078
f 2076/2076/2076 2078/2078/2078 2079/2079/2079
f 2082/2082/2082 2081/2081/2081 2080/2080/2080
f 2082/2082/2082 2083/2083/2083 2081/2081/2081
f 2081/2081/2081 2084/2084/2084 2080/2080/2080
f 2081/2081/2081 2085/2085/2085 2084/2084/2084
f 2084/2084/2084 2085/2085/2085 2086/2086/2086
f 2084/2084/2084 2086/2086/2086 2087/2087/2087
f 2086/2086/2086 2088/2088/2088 2087/2087/2087
f 2086/2086/2086 2089/2089/2089 2088/2088/2088
f 2092/2092/2092 2091/2091/2091 2090/2090/2090
f 2092/2092/2092 2093/2093/2093 2091/2091/2091
f 2096/2096/2096 2095/2095/2095 2094/2094/2094
f 2096/2096/2096 2097/2097/2097 2095/2095/2095
f 2100/2100/2100 2099/2099/2099 2098/2098/2098
f 2100/2100/2100 2101/2101/2101 2099/2099/2099
f 2099/2099/2099 2102/2102/2102 2098/2098/2098
f 2099/2099/2099 2103/2103/2103 2102/2102/2102
f 2104/2104/2104 2101/2101/2101 2100/2100/2100
f 2104/2104/2104 2105/2105/2105 2101/2101/2101
f 2106/2106/2106 2105/2105/2105 2104/2104/2104
f 2106/2106/2106 2104/2104/2104 2107/2107/2107
f 2108/2108/2108 2105/2105/2105 2106/2106/2106
f 2108/2108/2108 2109/2109/2109 2105/2105/2105
f 2108/2108/2108 2110/2110/2110 2109/2109/2109
f 2108/2108/2108 2111/2111/2111 2110/2110/2110
f 2110/2110/2110 2112/2112/2112 2109/2109/2109
f 2105/2105/2105 2112/2112/2112 2101/2101/2101
f 2105/2105/2105 2109/2109/2109 2112/2112/2112
f 2110/2110/2110 2113/2113/2113 2112/2112/2112
f 2113/2113/2113 2114/2114/2114 2112/2112/2112
f 2101/2101/2101 2114/2114/2114 2099/2099/2099
f 2101/2101/2101 2112/2112/2112 2114/2114/2114
f 2114/2114/2114 2103/2103/2103 2099/2099/2099
f 2113/2113/2113 2115/2115/2115 2114/2114/2114
f 2114/2114/2114 2115/2115/2115 2116/2116/2116
f 2114/2114/2114 2116/2116/2116 2117/2117/2117
f 2114/2114/2114 2117/2117/2117 2103/2103/2103
f 2120/2120/2120 2119/2119/2119 2118/2118/2118
f 2120/2120/2120 2121/2121/2121 2119/2119/2119
f 2118/2118/2118 2119/2119/2119 2122/2122/2122
f 2118/2118/2118 2122/2122/2122 2123/2123/2123
f 2123/2123/2123 2122/2122/2122 2124/2124/2124
f 2123/2123/2123 2124/2124/2124 2125/2125/2125
f 2125/2125/2125 2124/2124/2124 2126/2126/2126
f 2125/2125/2125 2126/2126/2126 2127/2127/2127
f 2130/2130/2130 2129/2129/2129 2128/2128/2128
f 2130/2130/2130 2131/2131/2131 2129/2129/2129
f 2134/2134/2134 2133/2133/2133 2132/2132/2132
f 2134/2134/2134 2135/2135/2135 2133/2133/2133
f 2138/2138/2138 2137/2137/2137 2136/2136/2136
f 2138/2138/2138 2139/2139/2139 2137/2137/2137
f 2140/2140/2140 2138/2138/2138 2136/2136/2136
f 2143/2143/2143 2142/2142/2142 2141/2141/2141
f 2144/2144/2144 2142/2142/2142 2143/2143/2143
f 2141/2141/2141 2142/2142/2142 2145/2145/2145
f 2146/2146/2146 2145/2145/2145 2142/2142/2142
f 2149/2149/2149 2148/2148/2148 2147/2147/2147
f 2148/2148/2148 2150/2150/2150 2147/2147/2147
f 2151/2151/2151 2150/2150/2150 2148/2148/2148
f 2151/2151/2151 2152/2152/2152 2150/2150/2150
f 2153/2153/2153 2148/2148/2148 2149/2149/2149
f 2153/2153/2153 2151/2151/2151 2148/2148/2148
f 2153/2153/2153 2154/2154/2154 2151/2151/2151
f 2153/2153/2153 2155/2155/2155 2154/2154/2154
f 2158/2158/2158 2157/2157/2157 2156/2156/2156
f 2158/2158/2158 2159/2159/2159 2157/2157/2157
f 2162/2162/2162 2161/2161/2161 2160/2160/2160
f 2163/2163/2163 2160/2160/2160 2161/2161/2161
f 2163/2163/2163 2164/2164/2164 2160/2160/2160
f 2163/2163/2163 2165/2165/2165 2164/2164/2164
f 2160/2160/2160 2166/2166/2166 2162/2162/2162
f 2164/2164/2164 2166/2166/2166 2160/2160/2160
f 2167/2167/2167 2166/2166/2166 2164/2164/2164
f 2167/2167/2167 2168/2168/2168 2166/2166/2166
f 2171/2171/2171 2170/2170/2170 2169/2169/2169
f 2171/2171/2171 2172/2172/2172 2170/2170/2170
f 2175/2175/2175 2174/2174/2174 2173/2173/2173
f 2176/2176/2176 2174/2174/2174 2175/2175/2175
f 2176/2176/2176 2175/2175/2175 2177/2177/2177
f 2180/2180/2180 2179/2179/2179 2178/2178/2178
f 2181/2181/2181 2179/2179/2179 2180/2180/2180
f 2182/2182/2182 2179/2179/2179 2181/2181/2181
f 2183/2183/2183 2181/2181/2181 2180/2180/2180
f 2183/2183/2183 2184/2184/2184 2181/2181/2181
f 2187/2187/2187 2186/2186/2186 2185/2185/2185
f 2186/2186/2186 2187/2187/2187 2188/2188/2188
f 2186/2186/2186 2188/2188/2188 2189/2189/2189
f 2192/2192/2192 2191/2191/2191 2190/2190/2190
f 2192/2192/2192 2193/2193/2193 2191/2191/2191
f 2190/2190/2190 2194/2194/2194 2192/2192/2192
f 2190/2190/2190 2195/2195/2195 2194/2194/2194
f 2196/2196/2196 2194/2194/2194 2195/2195/2195
f 2196/2196/2196 2197/2197/2197 2194/2194/2194
f 2200/2200/2200 2199/2199/2199 2198/2198/2198
f 2200/2200/2200 2201/2201/2201 2199/2199/2199
f 2204/2204/2204 2203/2203/2203 2202/2202/2202
f 2204/2204/2204 2205/2205/2205 2203/2203/2203
f 2208/2208/2208 2207/2207/2207 2206/2206/2206
f 2208/2208/2208 2209/2209/2209 2207/2207/2207
f 2209/2209/2209 2210/2210/2210 2207/2207/2207
f 2206/2206/2206 2211/2211/2211 2208/2208/2208
f 2212/2212/2212 2206/2206/2206 2207/2207/2207
f 2212/2212/2212 2213/2213/2213 2206/2206/2206
f 2216/2216/2216 2215/2215/2215 2214/2214/2214
f 2216/2216/2216 2217/2217/2217 2215/2215/2215
f 2220/2220/2220 2219/2219/2219 2218/2218/2218
f 2220/2220/2220 2221/2221/2221 2219/2219/2219
f 2224/2224/2224 2223/2223/2223 2222/2222/2222
f 2225/2225/2225 2222/2222/2222 2223/2223/2223
f 2225/2225/2225 2226/2226/2226 2222/2222/2222
f 2227/2227/2227 2226/2226/2226 2225/2225/2225
f 2230/2230/2230 2229/2229/2229 2228/2228/2228
f 2230/2230/2230 2231/2231/2231 2229/2229/2229
f 2232/2232/2232 2230/2230/2230 2228/2228/2228
f 2232/2232/2232 2228/2228/2228 2233/2233/2233
f 2234/2234/2234 2232/2232/2232 2233/2233/2233
f 2234/2234/2234 2233/2233/2233 2235/2235/2235
f 2236/2236/2236 2234/2234/2234 2235/2235/2235
f 2236/2236/2236 2235/2235/2235 2237/2237/2237
f 2240/2240/2240 2239/2239/2239 2238/2238/2238
f 2240/2240/2240 2241/2241/2241 2239/2239/2239
f 2244/2244/2244 2243/2243/2243 2242/2242/2242
f 2244/2244/2244 2245/2245/2245 2243/2243/2243
f 2248/2248/2248 2247/2247/2247 2246/2246/2246
f 2248/2248/2248 2249/2249/2249 2247/2247/2247
f 2252/2252/2252 2251/2251/2251 2250/2250/2250
f 2252/2252/2252 2253/2253/2253 2251/2251/2251
f 2256/2256/2256 2255/2255/2255 2254/2254/2254
f 2256/2256/2256 2257/2257/2257 2255/2255/2255
f 2260/2260/2260 2259/2259/2259 2258/2258/2258
f 2260/2260/2260 2261/2261/2261 2259/2259/2259
f 2264/2264/2264 2263/2263/2263 2262/2262/2262
f 2264/2264/2264 2265/2265/2265 2263/2263/2263
f 2266/2266/2266 2262/2262/2262 2263/2263/2263
f 2266/2266/2266 2267/2267/2267 2262/2262/2262
f 2268/2268/2268 2265/2265/2265 2264/2264/2264
f 2268/2268/2268 2269/2269/2269 2265/2265/2265
f 2266/2266/2266 2270/2270/2270 2267/2267/2267
f 2266/2266/2266 2271/2271/2271 2270/2270/2270
f 2272/2272/2272 2270/2270/2270 2271/2271/2271
f 2273/2273/2273 2268/2268/2268 2264/2264/2264
f 2273/2273/2273 2264/2264/2264 2274/2274/2274
f 2274/2274/2274 2264/2264/2264 2262/2262/2262
f 2275/2275/2275 2273/2273/2273 2274/2274/2274
f 2275/2275/2275 2274/2274/2274 2276/2276/2276
f 2276/2276/2276 2274/2274/2274 2277/2277/2277
f 2274/2274/2274 2262/2262/2262 2277/2277/2277
f 2277/2277/2277 2262/2262/2262 2267/2267/2267
f 2276/2276/2276 2277/2277/2277 2278/2278/2278
f 2278/2278/2278 2277/2277/2277 2279/2279/2279
f 2277/2277/2277 2267/2267/2267 2279/2279/2279
f 2279/2279/2279 2267/2267/2267 2270/2270/2270
f 2278/2278/2278 2279/2279/2279 2280/2280/2280
f 2279/2279/2279 2281/2281/2281 2280/2280/2280
f 2279/2279/2279 2270/2270/2270 2281/2281/2281
f 2282/2282/2282 2280/2280/2280 2281/2281/2281
f 2283/2283/2283 2282/2282/2282 2281/2281/2281
f 2286/2286/2286 2285/2285/2285 2284/2284/2284
f 2286/2286/2286 2287/2287/2287 2285/2285/2285
f 2284/2284/2284 2288/2288/2288 2286/2286/2286
f 2284/2284/2284 2289/2289/2289 2288/2288/2288
f 2287/2287/2287 2290/2290/2290 2285/2285/2285
f 2287/2287/2287 2291/2291/2291 2290/2290/2290
f 2288/2288/2288 2289/2289/2289 2292/2292/2292
f 2288/2288/2288 2292/2292/2292 2293/2293/2293
f 2293/2293/2293 2292/2292/2292 2294/2294/2294
f 2295/2295/2295 2289/2289/2289 2284/2284/2284
f 2295/2295/2295 2296/2296/2296 2289/2289/2289
f 2296/2296/2296 2292/2292/2292 2289/2289/2289
f 2297/2297/2297 2296/2296/2296 2295/2295/2295
f 2298/2298/2298 2297/2297/2297 2295/2295/2295
f 2298/2298/2298 2295/2295/2295 2299/2299/2299
f 2299/2299/2299 2284/2284/2284 2285/2285/2285
f 2299/2299/2299 2295/2295/2295 2284/2284/2284
f 2297/2297/2297 2300/2300/2300 2296/2296/2296
f 2301/2301/2301 2298/2298/2298 2299/2299/2299
f 2301/2301/2301 2299/2299/2299 2302/2302/2302
f 2296/2296/2296 2300/2300/2300 2303/2303/2303
f 2296/2296/2296 2303/2303/2303 2292/2292/2292
f 2304/2304/2304 2303/2303/2303 2300/2300/2300
f 2303/2303/2303 2304/2304/2304 2305/2305/2305
f 2285/2285/2285 2302/2302/2302 2299/2299/2299
f 2285/2285/2285 2290/2290/2290 2302/2302/2302
f 2308/2308/2308 2307/2307/2307 2306/2306/2306
f 2308/2308/2308 2309/2309/2309 2307/2307/2307
f 2310/2310/2310 2308/2308/2308 2306/2306/2306
f 2310/2310/2310 2306/2306/2306 2311/2311/2311
f 2309/2309/2309 2312/2312/2312 2307/2307/2307
f 2309/2309/2309 2313/2313/2313 2312/2312/2312
f 2313/2313/2313 2314/2314/2314 2312/2312/2312
f 2313/2313/2313 2315/2315/2315 2314/2314/2314
f 2316/2316/2316 2310/2310/2310 2311/2311/2311
f 2316/2316/2316 2311/2311/2311 2317/2317/2317
f 2315/2315/2315 2318/2318/2318 2314/2314/2314
f 2315/2315/2315 2319/2319/2319 2318/2318/2318
f 2319/2319/2319 2320/2320/2320 2318/2318/2318
f 2319/2319/2319 2321/2321/2321 2320/2320/2320
f 2324/2324/2324 2323/2323/2323 2322/2322/2322
f 2324/2324/2324 2325/2325/2325 2323/2323/2323
f 2322/2322/2322 2323/2323/2323 2326/2326/2326
f 2322/2322/2322 2326/2326/2326 2327/2327/2327
f 2328/2328/2328 2327/2327/2327 2326/2326/2326
f 2328/2328/2328 2326/2326/2326 2329/2329/2329
f 2332/2332/2332 2331/2331/2331 2330/2330/2330
f 2332/2332/2332 2333/2333/2333 2331/2331/2331
f 2334/2334/2334 2333/2333/2333 2332/2332/2332
f 2334/2334/2334 2335/2335/2335 2333/2333/2333
f 2330/2330/2330 2331/2331/2331 2336/2336/2336
f 2330/2330/2330 2336/2336/2336 2337/2337/2337
f 2338/2338/2338 2335/2335/2335 2334/2334/2334
f 2338/2338/2338 2339/2339/2339 2335/2335/2335
f 2342/2342/2342 2341/2341/2341 2340/2340/2340
f 2342/2342/2342 2343/2343/2343 2341/2341/2341
f 2346/2346/2346 2345/2345/2345 2344/2344/2344
f 2346/2346/2346 2347/2347/2347 2345/2345/2345
f 2350/2350/2350 2349/2349/2349 2348/2348/2348
f 2350/2350/2350 2351/2351/2351 2349/2349/2349
f 2352/2352/2352 2350/2350/2350 2348/2348/2348
f 2352/2352/2352 2348/2348/2348 2353/2353/2353
f 2352/2352/2352 2353/2353/2353 2354/2354/2354
f 2352/2352/2352 2354/2354/2354 2355/2355/2355
f 2355/2355/2355 2354/2354/2354 2356/2356/2356
f 2355/2355/2355 2356/2356/2356 2357/2357/2357
f 2360/2360/2360 2359/2359/2359 2358/2358/2358
f 2360/2360/2360 2361/2361/2361 2359/2359/2359
f 2362/2362/2362 2358/2358/2358 2359/2359/2359
f 2363/2363/2363 2362/2362/2362 2359/2359/2359
f 2363/2363/2363 2359/2359/2359 2364/2364/2364
f 2364/2364/2364 2361/2361/2361 2365/2365/2365
f 2364/2364/2364 2365/2365/2365 2366/2366/2366
f 2364/2364/2364 2366/2366/2366 2363/2363/2363
f 2367/2367/2367 2361/2361/2361 2360/2360/2360
f 2367/2367/2367 2365/2365/2365 2361/2361/2361
f 2365/2365/2365 2367/2367/2367 2368/2368/2368
f 2365/2365/2365 2368/2368/2368 2369/2369/2369
f 2370/2370/2370 2367/2367/2367 2360/2360/2360
f 2370/2370/2370 2360/2360/2360 2371/2371/2371
f 2370/2370/2370 2371/2371/2371 2372/2372/2372
f 2368/2368/2368 2370/2370/2370 2372/2372/2372
f 2373/2373/2373 2369/2369/2369 2368/2368/2368
f 2368/2368/2368 2372/2372/2372 2373/2373/2373
f 2376/2376/2376 2375/2375/2375 2374/2374/2374
f 2377/2377/2377 2376/2376/2376 2374/2374/2374
f 2377/2377/2377 2378/2378/2378 2376/2376/2376
f 2377/2377/2377 2379/2379/2379 2378/2378/2378
f 2380/2380/2380 2375/2375/2375 2376/2376/2376
f 2380/2380/2380 2376/2376/2376 2381/2381/2381
f 2382/2382/2382 2378/2378/2378 2379/2379/2379
f 2382/2382/2382 2381/2381/2381 2378/2378/2378
f 2381/2381/2381 2383/2383/2383 2380/2380/2380
f 2381/2381/2381 2382/2382/2382 2383/2383/2383
f 2382/2382/2382 2384/2384/2384 2383/2383/2383
f 2382/2382/2382 2385/2385/2385 2384/2384/2384
f 2384/2384/2384 2385/2385/2385 2386/2386/2386
f 2386/2386/2386 2387/2387/2387 2384/2384/2384
f 2380/2380/2380 2383/2383/2383 2387/2387/2387
f 2386/2386/2386 2388/2388/2388 2387/2387/2387
f 2388/2388/2388 2389/2389/2389 2387/2387/2387
f 2380/2380/2380 2387/2387/2387 2389/2389/2389
f 2392/2392/2392 2391/2391/2391 2390/2390/2390
f 2392/2392/2392 2393/2393/2393 2391/2391/2391
f 2396/2396/2396 2395/2395/2395 2394/2394/2394
f 2396/2396/2396 2397/2397/2397 2395/2395/2395
f 2400/2400/2400 2399/2399/2399 2398/2398/2398
f 2400/2400/2400 2401/2401/2401 2399/2399/2399
f 2404/2404/2404 2403/2403/2403 2402/2402/2402
f 2404/2404/2404 2405/2405/2405 2403/2403/2403
f 2408/2408/2408 2407/2407/2407 2406/2406/2406
f 2408/2408/2408 2409/2409/2409 2407/2407/2407
f 2412/2412/2412 2411/2411/2411 2410/2410/2410
f 2412/2412/2412 2413/2413/2413 2411/2411/2411
f 2416/2416/2416 2415/2415/2415 2414/2414/2414
f 2416/2416/2416 2417/2417/2417 2415/2415/2415
f 2420/2420/2420 2419/2419/2419 2418/2418/2418
f 2420/2420/2420 2421/2421/2421 2419/2419/2419
f 2424/2424/2424 2423/2423/2423 2422/2422/2422
f 2424/2424/2424 2425/2425/2425 2423/2423/2423
f 2428/2428/2428 2427/2427/2427 2426/2426/2426
f 2428/2428/2428 2429/2429/2429 2427/2427/2427
f 2432/2432/2432 2431/2431/2431 2430/2430/2430
f 2432/2432/2432 2433/2433/2433 2431/2431/2431
f 2436/2436/2436 2435/2435/2435 2434/2434/2434
f 2436/2436/2436 2437/2437/2437 2435/2435/2435
f 2440/2440/2440 2439/2439/2439 2438/2438/2438
f 2440/2440/2440 2441/2441/2441 2439/2439/2439
f 2444/2444/2444 2443/2443/2443 2442/2442/2442
f 2444/2444/2444 2445/2445/2445 2443/2443/2443
f 2448/2448/2448 2447/2447/2447 2446/2446/2446
f 2448/2448/2448 2449/2449/2449 2447/2447/2447
f 2452/2452/2452 2451/2451/2451 2450/2450/2450
f 2452/2452/2452 2453/2453/2453 2451/2451/2451
f 2456/2456/2456 2455/2455/2455 2454/2454/2454
f 2456/2456/2456 2457/2457/2457 2455/2455/2455
f 2454/2454/2454 2455/2455/2455 2458/2458/2458
f 2454/2454/2454 2458/2458/2458 2459/2459/2459
f 2459/2459/2459 2458/2458/2458 2460/2460/2460
f 2459/2459/2459 2460/2460/2460 2461/2461/2461
f 2461/2461/2461 2460/2460/2460 2462/2462/2462
f 2461/2461/2461 2462/2462/2462 2463/2463/2463
f 2463/2463/2463 2462/2462/2462 2464/2464/2464
f 2463/2463/2463 2464/2464/2464 2465/2465/2465
f 2468/2468/2468 2467/2467/2467 2466/2466/2466
f 2468/2468/2468 2469/2469/2469 2467/2467/2467
f 2472/2472/2472 2471/2471/2471 2470/2470/2470
f 2472/2472/2472 2473/2473/2473 2471/2471/2471
f 2470/2470/2470 2474/2474/2474 2472/2472/2472
f 2470/2470/2470 2475/2475/2475 2474/2474/2474
f 2475/2475/2475 2476/2476/2476 2474/2474/2474
f 2475/2475/2475 2477/2477/2477 2476/2476/2476
f 2477/2477/2477 2478/2478/2478 2476/2476/2476
f 2477/2477/2477 2479/2479/2479 2478/2478/2478
f 2480/2480/2480 2478/2478/2478 2479/2479/2479
f 2480/2480/2480 2479/2479/2479 2481/2481/2481
f 2484/2484/2484 2483/2483/2483 2482/2482/2482
f 2484/2484/2484 2485/2485/2485 2483/2483/2483
f 2486/2486/2486 2482/2482/2482 2483/2483/2483
f 2486/2486/2486 2487/2487/2487 2482/2482/2482
f 2487/2487/2487 2486/2486/2486 2488/2488/2488
f 2487/2487/2487 2488/2488/2488 2489/2489/2489
f 2488/2488/2488 2490/2490/2490 2489/2489/2489
f 2488/2488/2488 2491/2491/2491 2490/2490/2490
f 2491/2491/2491 2492/2492/2492 2490/2490/2490
f 2491/2491/2491 2493/2493/2493 2492/2492/2492
f 2496/2496/2496 2495/2495/2495 2494/2494/2494
f 2496/2496/2496 2497/2497/2497 2495/2495/2495
f 2494/2494/2494 2498/2498/2498 2496/2496/2496
f 2494/2494/2494 2499/2499/2499 2498/2498/2498
f 2500/2500/2500 2498/2498/2498 2499/2499/2499
f 2500/2500/2500 2499/2499/2499 2501/2501/2501
f 2502/2502/2502 2500/2500/2500 2501/2501/2501
f 2502/2502/2502 2503/2503/2503 2500/2500/2500
f 2504/2504/2504 2503/2503/2503 2502/2502/2502
f 2504/2504/2504 2505/2505/2505 2503/2503/2503
f 2508/2508/2508 2507/2507/2507 2506/2506/2506
f 2508/2508/2508 2509/2509/2509 2507/2507/2507
f 2509/2509/2509 2510/2510/2510 2507/2507/2507
f 2509/2509/2509 2511/2511/2511 2510/2510/2510
f 2512/2512/2512 2510/2510/2510 2511/2511/2511
f 2512/2512/2512 2513/2513/2513 2510/2510/2510
f 2508/2508/2508 2506/2506/2506 2514/2514/2514
f 2508/2508/2508 2514/2514/2514 2515/2515/2515
f 2518/2518/2518 2517/2517/2517 2516/2516/2516
f 2518/2518/2518 2519/2519/2519 2517/2517/2517
f 2519/2519/2519 2520/2520/2520 2517/2517/2517
f 2517/2517/2517 2520/2520/2520 2521/2521/2521
f 2517/2517/2517 2521/2521/2521 2522/2522/2522
f 2523/2523/2523 2516/2516/2516 2522/2522/2522
f 2523/2523/2523 2522/2522/2522 2524/2524/2524
f 2524/2524/2524 2522/2522/2522 2521/2521/2521
f 2516/2516/2516 2525/2525/2525 2518/2518/2518
f 2516/2516/2516 2523/2523/2523 2525/2525/2525
f 2523/2523/2523 2526/2526/2526 2525/2525/2525
f 2523/2523/2523 2527/2527/2527 2526/2526/2526
f 2518/2518/2518 2525/2525/2525 2528/2528/2528
f 2518/2518/2518 2528/2528/2528 2529/2529/2529
f 2529/2529/2529 2528/2528/2528 2530/2530/2530
f 2526/2526/2526 2530/2530/2530 2528/2528/2528
f 2527/2527/2527 2531/2531/2531 2526/2526/2526
f 2526/2526/2526 2531/2531/2531 2530/2530/2530
f 2534/2534/2534 2533/2533/2533 2532/2532/2532
f 2533/2533/2533 2535/2535/2535 2532/2532/2532
f 2533/2533/2533 2536/2536/2536 2535/2535/2535
f 2537/2537/2537 2535/2535/2535 2536/2536/2536
f 2538/2538/2538 2533/2533/2533 2534/2534/2534
f 2538/2538/2538 2539/2539/2539 2533/2533/2533
f 2536/2536/2536 2540/2540/2540 2537/2537/2537
f 2536/2536/2536 2539/2539/2539 2540/2540/2540
f 2541/2541/2541 2539/2539/2539 2538/2538/2538
f 2541/2541/2541 2540/2540/2540 2539/2539/2539
f 2540/2540/2540 2541/2541/2541 2542/2542/2542
f 2540/2540/2540 2542/2542/2542 2543/2543/2543
f 2543/2543/2543 2542/2542/2542 2544/2544/2544
f 2545/2545/2545 2544/2544/2544 2542/2542/2542
f 2545/2545/2545 2541/2541/2541 2538/2538/2538
f 2545/2545/2545 2546/2546/2546 2544/2544/2544
f 2547/2547/2547 2546/2546/2546 2545/2545/2545
f 2545/2545/2545 2538/2538/2538 2547/2547/2547
f 2550/2550/2550 2549/2549/2549 2548/2548/2548
f 2550/2550/2550 2551/2551/2551 2549/2549/2549
f 2554/2554/2554 2553/2553/2553 2552/2552/2552
f 2554/2554/2554 2555/2555/2555 2553/2553/2553
f 2558/2558/2558 2557/2557/2557 2556/2556/2556
f 2558/2558/2558 2559/2559/2559 2557/2557/2557
f 2562/2562/2562 2561/2561/2561 2560/2560/2560
f 2562/2562/2562 2563/2563/2563 2561/2561/2561
f 2566/2566/2566 2565/2565/2565 2564/2564/2564
f 2566/2566/2566 2567/2567/2567 2565/2565/2565
f 2570/2570/2570 2569/2569/2569 2568/2568/2568
f 2570/2570/2570 2571/2571/2571 2569/2569/2569
f 2574/2574/2574 2573/2573/2573 2572/2572/2572
f 2574/2574/2574 2575/2575/2575 2573/2573/2573
f 2578/2578/2578 2577/2577/2577 2576/2576/2576
f 2578/2578/2578 2579/2579/2579 2577/2577/2577
f 2582/2582/2582 2581/2581/2581 2580/2580/2580
f 2582/2582/2582 2583/2583/2583 2581/2581/2581
f 2586/2586/2586 2585/2585/2585 2584/2584/2584
f 2586/2586/2586 2587/2587/2587 2585/2585/2585
f 2590/2590/2590 2589/2589/2589 2588/2588/2588
f 2590/2590/2590 2591/2591/2591 2589/2589/2589
f 2594/2594/2594 2593/2593/2593 2592/2592/2592
f 2594/2594/2594 2595/2595/2595 2593/2593/2593
f 2598/2598/2598 2597/2597/2597 2596/2596/2596
f 2598/2598/2598 2599/2599/2599 2597/2597/2597
f 2602/2602/2602 2601/2601/2601 2600/2600/2600
f 2602/2602/2602 2603/2603/2603 2601/2601/2601
f 2606/2606/2606 2605/2605/2605 2604/2604/2604
f 2606/2606/2606 2607/2607/2607 2605/2605/2605
f 2610/2610/2610 2609/2609/2609 2608/2608/2608
f 2610/2610/2610 2611/2611/2611 2609/2609/2609
f 2614/2614/2614 2613/2613/2613 2612/2612/2612
f 2614/2614/2614 2615/2615/2615 2613/2613/2613
f 2616/2616/2616 2614/2614/2614 2612/2612/2612
f 2616/2616/2616 2612/2612/2612 2617/2617/2617
f 2617/2617/2617 2618/2618/2618 2616/2616/2616
f 2617/2617/2617 2619/2619/2619 2618/2618/2618
f 2620/2620/2620 2618/2618/2618 2619/2619/2619
f 2620/2620/2620 2619/2619/2619 2621/2621/2621
f 2622/2622/2622 2620/2620/2620 2621/2621/2621
f 2622/2622/2622 2621/2621/2621 2623/2623/2623
f 2626/2626/2626 2625/2625/2625 2624/2624/2624
f 2626/2626/2626 2627/2627/2627 2625/2625/2625
f 2630/2630/2630 2629/2629/2629 2628/2628/2628
f 2630/2630/2630 2631/2631/2631 2629/2629/2629
f 2632/2632/2632 2631/2631/2631 2630/2630/2630
f 2632/2632/2632 2633/2633/2633 2631/2631/2631
f 2633/2633/2633 2632/2632/2632 2634/2634/2634
f 2633/2633/2633 2634/2634/2634 2635/2635/2635
f 2636/2636/2636 2635/2635/2635 2634/2634/2634
f 2636/2636/2636 2637/2637/2637 2635/2635/2635
f 2638/2638/2638 2637/2637/2637 2636/2636/2636
f 2638/2638/2638 2639/2639/2639 2637/2637/2637
f 2642/2642/2642 2641/2641/2641 2640/2640/2640
f 2642/2642/2642 2643/2643/2643 2641/2641/2641
f 2644/2644/2644 2641/2641/2641 2643/2643/2643
f 2644/2644/2644 2643/2643/2643 2645/2645/2645
f 2645/2645/2645 2646/2646/2646 2644/2644/2644
f 2645/2645/2645 2647/2647/2647 2646/2646/2646
f 2648/2648/2648 2646/2646/2646 2647/2647/2647
f 2648/2648/2648 2649/2649/2649 2646/2646/2646
f 2650/2650/2650 2649/2649/2649 2648/2648/2648
f 2650/2650/2650 2651/2651/2651 2649/2649/2649
f 2654/2654/2654 2653/2653/2653 2652/2652/2652
f 2654/2654/2654 2655/2655/2655 2653/2653/2653
f 2656/2656/2656 2655/2655/2655 2654/2654/2654
f 2656/2656/2656 2657/2657/2657 2655/2655/2655
f 2657/2657/2657 2656/2656/2656 2658/2658/2658
f 2657/2657/2657 2658/2658/2658 2659/2659/2659
f 2660/2660/2660 2659/2659/2659 2658/2658/2658
f 2660/2660/2660 2658/2658/2658 2661/2661/2661
f 2662/2662/2662 2660/2660/2660 2661/2661/2661
f 2662/2662/2662 2661/2661/2661 2663/2663/2663
f 2666/2666/2666 2665/2665/2665 2664/2664/2664
f 2666/2666/2666 2667/2667/2667 2665/2665/2665
f 2668/2668/2668 2666/2666/2666 2664/2664/2664
f 2668/2668/2668 2664/2664/2664 2669/2669/2669
f 2670/2670/2670 2668/2668/2668 2669/2669/2669
f 2670/2670/2670 2669/2669/2669 2671/2671/2671
f 2672/2672/2672 2670/2670/2670 2671/2671/2671
f 2672/2672/2672 2671/2671/2671 2673/2673/2673
f 2666/2666/2666 2674/2674/2674 2667/2667/2667
f 2672/2672/2672 2675/2675/2675 2670/2670/2670
f 2670/2670/2670 2676/2676/2676 2668/2668/2668
f 2668/2668/2668 2677/2677/2677 2666/2666/2666
f 2680/2680/2680 2679/2679/2679 2678/2678/2678
f 2680/2680/2680 2681/2681/2681 2679/2679/2679
f 2681/2681/2681 2682/2682/2682 2679/2679/2679
f 2681/2681/2681 2683/2683/2683 2682/2682/2682
f 2683/2683/2683 2684/2684/2684 2682/2682/2682
f 2683/2683/2683 2685/2685/2685 2684/2684/2684
f 2686/2686/2686 2680/2680/2680 2678/2678/2678
f 2686/2686/2686 2678/2678/2678 2687/2687/2687
f 2690/2690/2690 2689/2689/2689 2688/2688/2688
f 2693/2693/2693 2692/2692/2692 2691/2691/2691
f 2696/2696/2696 2695/2695/2695 2694/2694/2694
f 2696/2696/2696 2697/2697/2697 2695/2695/2695
f 2700/2700/2700 2699/2699/2699 2698/2698/2698
f 2700/2700/2700 2701/2701/2701 2699/2699/2699
f 2704/2704/2704 2703/2703/2703 2702/2702/2702
f 2704/2704/2704 2705/2705/2705 2703/2703/2703
f 2708/2708/2708 2707/2707/2707 2706/2706/2706
f 2708/2708/2708 2709/2709/2709 2707/2707/2707
f 2712/2712/2712 2711/2711/2711 2710/2710/2710
f 2712/2712/2712 2713/2713/2713 2711/2711/2711
f 2716/2716/2716 2715/2715/2715 2714/2714/2714
f 2717/2717/2717 2715/2715/2715 2716/2716/2716
f 2720/2720/2720 2719/2719/2719 2718/2718/2718
f 2720/2720/2720 2721/2721/2721 2719/2719/2719
f 2721/2721/2721 2722/2722/2722 2719/2719/2719
f 2725/2725/2725 2724/2724/2724 2723/2723/2723
f 2725/2725/2725 2726/2726/2726 2724/2724/2724
f 2724/2724/2724 2726/2726/2726 2727/2727/2727
f 2730/2730/2730 2729/2729/2729 2728/2728/2728
f 2731/2731/2731 2728/2728/2728 2729/2729/2729
f 2731/2731/2731 2732/2732/2732 2728/2728/2728
f 2733/2733/2733 2732/2732/2732 2731/2731/2731
f 2733/2733/2733 2734/2734/2734 2732/2732/2732
f 2735/2735/2735 2734/2734/2734 2733/2733/2733
f 2734/2734/2734 2735/2735/2735 2736/2736/2736
f 2735/2735/2735 2737/2737/2737 2736/2736/2736
f 2735/2735/2735 2738/2738/2738 2737/2737/2737
f 2741/2741/2741 2740/2740/2740 2739/2739/2739
f 2741/2741/2741 2742/2742/2742 2740/2740/2740
f 2745/2745/2745 2744/2744/2744 2743/2743/2743
f 2745/2745/2745 2746/2746/2746 2744/2744/2744
f 2749/2749/2749 2748/2748/2748 2747/2747/2747
f 2749/2749/2749 2750/2750/2750 2748/2748/2748
f 2753/2753/2753 2752/2752/2752 2751/2751/2751
f 2753/2753/2753 2754/2754/2754 2752/2752/2752
f 2757/2757/2757 2756/2756/2756 2755/2755/2755
f 2756/2756/2756 2758/2758/2758 2755/2755/2755
f 2761/2761/2761 2760/2760/2760 2759/2759/2759
f 2761/2761/2761 2762/2762/2762 2760/2760/2760
f 2765/2765/2765 2764/2764/2764 2763/2763/2763
f 2765/2765/2765 2766/2766/2766 2764/2764/2764
f 2769/2769/2769 2768/2768/2768 2767/2767/2767
f 2767/2767/2767 2768/2768/2768 2770/2770/2770
f 2771/2771/2771 2768/2768/2768 2769/2769/2769
f 2774/2774/2774 2773/2773/2773 2772/2772/2772
f 2774/2774/2774 2775/2775/2775 2773/2773/2773
f 2778/2778/2778 2777/2777/2777 2776/2776/2776
f 2778/2778/2778 2779/2779/2779 2777/2777/2777
f 2782/2782/2782 2781/2781/2781 2780/2780/2780
f 2782/2782/2782 2783/2783/2783 2781/2781/2781
f 2784/2784/2784 2782/2782/2782 2780/2780/2780
f 2784/2784/2784 2780/2780/2780 2785/2785/2785
f 2788/2788/2788 2787/2787/2787 2786/2786/2786
f 2788/2788/2788 2789/2789/2789 2787/2787/2787
f 2790/2790/2790 2789/2789/2789 2788/2788/2788
f 2791/2791/2791 2789/2789/2789 2790/2790/2790
f 2794/2794/2794 2793/2793/2793 2792/2792/2792
f 2794/2794/2794 2795/2795/2795 2793/2793/2793
f 2798/2798/2798 2797/2797/2797 2796/2796/2796
f 2798/2798/2798 2799/2799/2799 2797/2797/2797
f 2802/2802/2802 2801/2801/2801 2800/2800/2800
f 2802/2802/2802 2803/2803/2803 2801/2801/2801
f 2806/2806/2806 2805/2805/2805 2804/2804/2804
f 2807/2807/2807 2805/2805/2805 2806/2806/2806
f 2808/2808/2808 2807/2807/2807 2806/2806/2806
f 2811/2811/2811 2810/2810/2810 2809/2809/2809
f 2812/2812/2812 2809/2809/2809 2810/2810/2810
f 2809/2809/2809 2813/2813/2813 2811/2811/2811
f 2816/2816/2816 2815/2815/2815 2814/2814/2814
f 2814/2814/2814 2817/2817/2817 2816/2816/2816
f 2814/2814/2814 2818/2818/2818 2817/2817/2817
f 2818/2818/2818 2819/2819/2819 2817/2817/2817
f 2820/2820/2820 2819/2819/2819 2818/2818/2818
f 2820/2820/2820 2821/2821/2821 2819/2819/2819
f 2821/2821/2821 2820/2820/2820 2822/2822/2822
f 2823/2823/2823 2821/2821/2821 2822/2822/2822
f 2823/2823/2823 2824/2824/2824 2821/2821/2821
f 2827/2827/2827 2826/2826/2826 2825/2825/2825
f 2827/2827/2827 2828/2828/2828 2826/2826/2826
f 2831/2831/2831 2830/2830/2830 2829/2829/2829
f 2831/2831/2831 2832/2832/2832 2830/2830/2830
f 2835/2835/2835 2834/2834/2834 2833/2833/2833
f 2835/2835/2835 2836/2836/2836 2834/2834/2834
f 2839/2839/2839 2838/2838/2838 2837/2837/2837
f 2839/2839/2839 2840/2840/2840 2838/2838/2838
f 2843/2843/2843 2842/2842/2842 2841/2841/2841
f 2844/2844/2844 2843/2843/2843 2841/2841/2841
f 2847/2847/2847 2846/2846/2846 2845/2845/2845
f 2847/2847/2847 2848/2848/2848 2846/2846/2846
f 2849/2849/2849 2846/2846/2846 2848/2848/2848
f 2849/2849/2849 2850/2850/2850 2846/2846/2846
f 2851/2851/2851 2850/2850/2850 2849/2849/2849
f 2851/2851/2851 2852/2852/2852 2850/2850/2850
f 2853/2853/2853 2847/2847/2847 2845/2845/2845
f 2853/2853/2853 2854/2854/2854 2847/2847/2847
f 2857/2857/2857 2856/2856/2856 2855/2855/2855
f 2857/2857/2857 2858/2858/2858 2856/2856/2856
f 2861/2861/2861 2860/2860/2860 2859/2859/2859
f 2861/2861/2861 2862/2862/2862 2860/2860/2860
f 2863/2863/2863 2862/2862/2862 2861/2861/2861
f 2859/2859/2859 2860/2860/2860 2864/2864/2864
f 2867/2867/2867 2866/2866/2866 2865/2865/2865
f 2867/2867/2867 2868/2868/2868 2866/2866/2866
f 2871/2871/2871 2870/2870/2870 2869/2869/2869
f 2872/2872/2872 2870/2870/2870 2871/2871/2871
f 2873/2873/2873 2869/2869/2869 2870/2870/2870
f 2876/2876/2876 2875/2875/2875 2874/2874/2874
f 2876/2876/2876 2877/2877/2877 2875/2875/2875
f 2880/2880/2880 2879/2879/2879 2878/2878/2878
f 2880/2880/2880 2881/2881/2881 2879/2879/2879
f 2884/2884/2884 2883/2883/2883 2882/2882/2882
f 2885/2885/2885 2883/2883/2883 2884/2884/2884
f 2885/2885/2885 2884/2884/2884 2886/2886/2886
f 2889/2889/2889 2888/2888/2888 2887/2887/2887
f 2889/2889/2889 2890/2890/2890 2888/2888/2888
f 2893/2893/2893 2892/2892/2892 2891/2891/2891
f 2893/2893/2893 2894/2894/2894 2892/2892/2892
f 2897/2897/2897 2896/2896/2896 2895/2895/2895
f 2897/2897/2897 2898/2898/2898 2896/2896/2896
f 2901/2901/2901 2900/2900/2900 2899/2899/2899
f 2901/2901/2901 2902/2902/2902 2900/2900/2900
f 2905/2905/2905 2904/2904/2904 2903/2903/2903
f 2906/2906/2906 2904/2904/2904 2905/2905/2905
f 2904/2904/2904 2906/2906/2906 2907/2907/2907
f 2910/2910/2910 2909/2909/2909 2908/2908/2908
f 2910/2910/2910 2911/2911/2911 2909/2909/2909
f 2910/2910/2910 2912/2912/2912 2911/2911/2911
f 2910/2910/2910 2913/2913/2913 2912/2912/2912
f 2916/2916/2916 2915/2915/2915 2914/2914/2914
f 2915/2915/2915 2916/2916/2916 2917/2917/2917
f 2917/2917/2917 2916/2916/2916 2918/2918/2918
f 2919/2919/2919 2917/2917/2917 2918/2918/2918
f 2919/2919/2919 2920/2920/2920 2917/2917/2917
f 2920/2920/2920 2919/2919/2919 2921/2921/2921
f 2920/2920/2920 2921/2921/2921 2922/2922/2922
f 2918/2918/2918 2916/2916/2916 2923/2923/2923
f 2918/2918/2918 2923/2923/2923 2924/2924/2924
f 2925/2925/2925 2924/2924/2924 2923/2923/2923
f 2925/2925/2925 2926/2926/2926 2924/2924/2924
f 2922/2922/2922 2921/2921/2921 2927/2927/2927
f 2922/2922/2922 2927/2927/2927 2928/2928/2928
f 2931/2931/2931 2930/2930/2930 2929/2929/2929
f 2931/2931/2931 2932/2932/2932 2930/2930/2930
f 2931/2931/2931 2929/2929/2929 2933/2933/2933
f 2933/2933/2933 2929/2929/2929 2934/2934/2934
f 2933/2933/2933 2934/2934/2934 2935/2935/2935
f 2930/2930/2930 2932/2932/2932 2936/2936/2936
f 2930/2930/2930 2936/2936/2936 2937/2937/2937
f 2940/2940/2940 2939/2939/2939 2938/2938/2938
f 2941/2941/2941 2938/2938/2938 2939/2939/2939
f 2941/2941/2941 2939/2939/2939 2942/2942/2942
f 2943/2943/2943 2940/2940/2940 2938/2938/2938
f 2943/2943/2943 2944/2944/2944 2940/2940/2940
f 2947/2947/2947 2946/2946/2946 2945/2945/2945
f 2947/2947/2947 2948/2948/2948 2946/2946/2946
f 2949/2949/2949 2947/2947/2947 2945/2945/2945
f 2949/2949/2949 2945/2945/2945 2950/2950/2950
f 2950/2950/2950 2951/2951/2951 2949/2949/2949
f 2950/2950/2950 2952/2952/2952 2951/2951/2951
f 2952/2952/2952 2953/2953/2953 2951/2951/2951
f 2952/2952/2952 2954/2954/2954 2953/2953/2953
f 2952/2952/2952 2955/2955/2955 2954/2954/2954
f 2956/2956/2956 2954/2954/2954 2955/2955/2955
f 2956/2956/2956 2957/2957/2957 2954/2954/2954
f 2960/2960/2960 2959/2959/2959 2958/2958/2958
f 2960/2960/2960 2961/2961/2961 2959/2959/2959
f 2960/2960/2960 2958/2958/2958 2962/2962/2962
f 2958/2958/2958 2963/2963/2963 2962/2962/2962
f 2958/2958/2958 2964/2964/2964 2963/2963/2963
f 2960/2960/2960 2962/2962/2962 2965/2965/2965
f 2962/2962/2962 2966/2966/2966 2965/2965/2965
f 2969/2969/2969 2968/2968/2968 2967/2967/2967
f 2969/2969/2969 2970/2970/2970 2968/2968/2968
f 2971/2971/2971 2967/2967/2967 2968/2968/2968
f 2971/2971/2971 2968/2968/2968 2972/2972/2972
f 2971/2971/2971 2972/2972/2972 2973/2973/2973
f 2974/2974/2974 2967/2967/2967 2971/2971/2971
f 2974/2974/2974 2975/2975/2975 2967/2967/2967
f 2978/2978/2978 2977/2977/2977 2976/2976/2976
f 2978/2978/2978 2979/2979/2979 2977/2977/2977
f 2980/2980/2980 2976/2976/2976 2977/2977/2977
f 2980/2980/2980 2981/2981/2981 2976/2976/2976
f 2984/2984/2984 2983/2983/2983 2982/2982/2982
f 2987/2987/2987 2986/2986/2986 2985/2985/2985
f 2990/2990/2990 2989/2989/2989 2988/2988/2988
f 2990/2990/2990 2991/2991/2991 2989/2989/2989
f 2992/2992/2992 2991/2991/2991 2990/2990/2990
f 2992/2992/2992 2993/2993/2993 2991/2991/2991
f 2992/2992/2992 2994/2994/2994 2993/2993/2993
f 2992/2992/2992 2995/2995/2995 2994/2994/2994
f 2990/2990/2990 2988/2988/2988 2996/2996/2996
f 2990/2990/2990 2996/2996/2996 2997/2997/2997
f 2997/2997/2997 2996/2996/2996 2998/2998/2998
f 2997/2997/2997 2998/2998/2998 2999/2999/2999
f 2999/2999/2999 3000/3000/3000 2997/2997/2997
f 3000/3000/3000 2995/2995/2995 2992/2992/2992
f 2999/2999/2999 3001/3001/3001 3000/3000/3000
f 3000/3000/3000 3001/3001/3001 3002/3002/3002
f 3000/3000/3000 3002/3002/3002 3003/3003/3003
f 3000/3000/3000 3003/3003/3003 2995/2995/2995
f 3006/3006/3006 3005/3005/3005 3004/3004/3004
f 3007/3007/3007 3005/3005/3005 3006/3006/3006
f 3010/3010/3010 3009/3009/3009 3008/3008/3008
f 3010/3010/3010 3008/3008/3008 3011/3011/3011
f 3014/3014/3014 3013/3013/3013 3012/3012/3012
f 3014/3014/3014 3015/3015/3015 3013/3013/3013
f 3018/3018/3018 3017/3017/3017 3016/3016/3016
f 3018/3018/3018 3019/3019/3019 3017/3017/3017
f 3022/3022/3022 3021/3021/3021 3020/3020/3020
f 3022/3022/3022 3023/3023/3023 3021/3021/3021
f 3026/3026/3026 3025/3025/3025 3024/3024/3024
f 3029/3029/3029 3028/3028/3028 3027/3027/3027
f 3032/3032/3032 3031/3031/3031 3030/3030/3030
f 3032/3032/3032 3033/3033/3033 3031/3031/3031
f 3031/3031/3031 3033/3033/3033 3034/3034/3034
f 3031/3031/3031 3034/3034/3034 3035/3035/3035
f 3038/3038/3038 3037/3037/3037 3036/3036/3036
f 3038/3038/3038 3039/3039/3039 3037/3037/3037
f 3042/3042/3042 3041/3041/3041 3040/3040/3040
f 3042/3042/3042 3043/3043/3043 3041/3041/3041
f 3046/3046/3046 3045/3045/3045 3044/3044/3044
f 3046/3046/3046 3047/3047/3047 3045/3045/3045
f 3050/3050/3050 3049/3049/3049 3048/3048/3048
f 3050/3050/3050 3051/3051/3051 3049/3049/3049
f 3054/3054/3054 3053/3053/3053 3052/3052/3052
f 3054/3054/3054 3055/3055/3055 3053/3053/3053
f 3055/3055/3055 3056/3056/3056 3053/3053/3053
f 3053/3053/3053 3056/3056/3056 3057/3057/3057
f 3060/3060/3060 3059/3059/3059 3058/3058/3058
f 3060/3060/3060 3061/3061/3061 3059/3059/3059
f 3064/3064/3064 3063/3063/3063 3062/3062/3062
f 3064/3064/3064 3065/3065/3065 3063/3063/3063
f 3068/3068/3068 3067/3067/3067 3066/3066/3066
f 3068/3068/3068 3069/3069/3069 3067/3067/3067
f 3072/3072/3072 3071/3071/3071 3070/3070/3070
f 3072/3072/3072 3073/3073/3073 3071/3071/3071
f 3076/3076/3076 3075/3075/3075 3074/3074/3074
f 3077/3077/3077 3075/3075/3075 3076/3076/3076
f 3078/3078/3078 3074/3074/3074 3075/3075/3075
f 3081/3081/3081 3080/3080/3080 3079/3079/3079
f 3081/3081/3081 3082/3082/3082 3080/3080/3080
f 3085/3085/3085 3084/3084/3084 3083/3083/3083
f 3085/3085/3085 3086/3086/3086 3084/3084/3084
f 3089/3089/3089 3088/3088/3088 3087/3087/3087
f 3089/3089/3089 3090/3090/3090 3088/3088/3088
f 3093/3093/3093 3092/3092/3092 3091/3091/3091
f 3093/3093/3093 3094/3094/3094 3092/3092/3092
f 3097/3097/3097 3096/3096/3096 3095/3095/3095
f 3097/3097/3097 3098/3098/3098 3096/3096/3096
f 3101/3101/3101 3100/3100/3100 3099/3099/3099
f 3101/3101/3101 3102/3102/3102 3100/3100/3100
f 3105/3105/3105 3104/3104/3104 3103/3103/3103
f 3105/3105/3105 3106/3106/3106 3104/3104/3104
f 3109/3109/3109 3108/3108/3108 3107/3107/3107
f 3109/3109/3109 3110/3110/3110 3108/3108/3108
f 3113/3113/3113 3112/3112/3112 3111/3111/3111
f 3113/3113/3113 3114/3114/3114 3112/3112/3112
f 3117/3117/3117 3116/3116/3116 3115/3115/3115
f 3117/3117/3117 3118/3118/3118 3116/3116/3116
f 3121/3121/3121 3120/3120/3120 3119/3119/3119
f 3121/3121/3121 3122/3122/3122 3120/3120/3120
f 3125/3125/3125 3124/3124/3124 3123/3123/3123
f 3125/3125/3125 3126/3126/3126 3124/3124/3124
f 3129/3129/3129 3128/3128/3128 3127/3127/3127
f 3130/3130/3130 3128/3128/3128 3129/3129/3129
f 3133/3133/3133 3132/3132/3132 3131/3131/3131
f 3133/3133/3133 3134/3134/3134 3132/3132/3132
f 3137/3137/3137 3136/3136/3136 3135/3135/3135
f 3137/3137/3137 3138/3138/3138 3136/3136/3136
f 3141/3141/3141 3140/3140/3140 3139/3139/3139
f 3141/3141/3141 3142/3142/3142 3140/3140/3140
f 3145/3145/3145 3144/3144/3144 3143/3143/3143
f 3145/3145/3145 3146/3146/3146 3144/3144/3144
f 3149/3149/3149 3148/3148/3148 3147/3147/3147
f 3149/3149/3149 3150/3150/3150 3148/3148/3148
f 3150/3150/3150 3151/3151/3151 3148/3148/3148
f 3150/3150/3150 3152/3152/3152 3151/3151/3151
f 3153/3153/3153 3149/3149/3149 3147/3147/3147
f 3153/3153/3153 3147/3147/3147 3154/3154/3154
f 3155/3155/3155 3153/3153/3153 3154/3154/3154
f 3155/3155/3155 3154/3154/3154 3156/3156/3156
f 3157/3157/3157 3155/3155/3155 3156/3156/3156
f 3157/3157/3157 3156/3156/3156 3158/3158/3158
f 3159/3159/3159 3157/3157/3157 3158/3158/3158
f 3159/3159/3159 3158/3158/3158 3160/3160/3160
f 3163/3163/3163 3162/3162/3162 3161/3161/3161
f 3161/3161/3161 3162/3162/3162 3164/3164/3164
f 3161/3161/3161 3164/3164/3164 3165/3165/3165
f 3168/3168/3168 3167/3167/3167 3166/3166/3166
f 3171/3171/3171 3170/3170/3170 3169/3169/3169
f 3172/3172/3172 3170/3170/3170 3171/3171/3171
f 3173/3173/3173 3172/3172/3172 3171/3171/3171
f 3174/3174/3174 3172/3172/3172 3173/3173/3173
f 3173/3173/3173 3171/3171/3171 3175/3175/3175
f 3173/3173/3173 3175/3175/3175 3176/3176/3176
f 3177/3177/3177 3169/3169/3169 3170/3170/3170
f 3178/3178/3178 3177/3177/3177 3170/3170/3170
f 3179/3179/3179 3172/3172/3172 3174/3174/3174
f 3182/3182/3182 3181/3181/3181 3180/3180/3180
f 3183/3183/3183 3182/3182/3182 3180/3180/3180
f 3183/3183/3183 3184/3184/3184 3182/3182/3182
f 3183/3183/3183 3185/3185/3185 3184/3184/3184
f 3185/3185/3185 3186/3186/3186 3184/3184/3184
f 3185/3185/3185 3187/3187/3187 3186/3186/3186
f 3186/3186/3186 3187/3187/3187 3188/3188/3188
f 3186/3186/3186 3188/3188/3188 3189/3189/3189
f 3192/3192/3192 3191/3191/3191 3190/3190/3190
f 3192/3192/3192 3193/3193/3193 3191/3191/3191
f 3190/3190/3190 3194/3194/3194 3192/3192/3192
f 3195/3195/3195 3194/3194/3194 3190/3190/3190
f 3195/3195/3195 3190/3190/3190 3196/3196/3196
f 3195/3195/3195 3196/3196/3196 3197/3197/3197
f 3193/3193/3193 3198/3198/3198 3191/3191/3191
f 3191/3191/3191 3198/3198/3198 3199/3199/3199
f 3191/3191/3191 3199/3199/3199 3200/3200/3200
f 3200/3200/3200 3199/3199/3199 3201/3201/3201
f 3204/3204/3204 3203/3203/3203 3202/3202/3202
f 3205/3205/3205 3203/3203/3203 3204/3204/3204
f 3206/3206/3206 3203/3203/3203 3205/3205/3205
f 3209/3209/3209 3208/3208/3208 3207/3207/3207
f 3209/3209/3209 3210/3210/3210 3208/3208/3208
f 3211/3211/3211 3207/3207/3207 3208/3208/3208
f 3211/3211/3211 3212/3212/3212 3207/3207/3207
f 3215/3215/3215 3214/3214/3214 3213/3213/3213
f 3216/3216/3216 3214/3214/3214 3215/3215/3215
f 3216/3216/3216 3215/3215/3215 3217/3217/3217
f 3213/3213/3213 3214/3214/3214 3218/3218/3218
f 3221/3221/3221 3220/3220/3220 3219/3219/3219
f 3221/3221/3221 3219/3219/3219 3222/3222/3222
f 3221/3221/3221 3222/3222/3222 3223/3223/3223
f 3224/3224/3224 3223/3223/3223 3222/3222/3222
f 3225/3225/3225 3219/3219/3219 3220/3220/3220
f 3225/3225/3225 3222/3222/3222 3219/3219/3219
f 3225/3225/3225 3226/3226/3226 3222/3222/3222
f 3222/3222/3222 3226/3226/3226 3224/3224/3224
f 3228/3228/3228 3227/3227/3227 3220/3220/3220
f 3229/3229/3229 3227/3227/3227 3228/3228/3228
f 3229/3229/3229 3228/3228/3228 3230/3230/3230
f 3231/3231/3231 3229/3229/3229 3230/3230/3230
f 3231/3231/3231 3232/3232/3232 3229/3229/3229
f 3231/3231/3231 3233/3233/3233 3232/3232/3232
f 3231/3231/3231 3234/3234/3234 3233/3233/3233
f 3227/3227/3227 3235/3235/3235 3220/3220/3220
f 3236/3236/3236 3230/3230/3230 3228/3228/3228
f 3236/3236/3236 3237/3237/3237 3230/3230/3230
f 3240/3240/3240 3239/3239/3239 3238/3238/3238
f 3240/3240/3240 3241/3241/3241 3239/3239/3239
f 3239/3239/3239 3242/3242/3242 3238/3238/3238
f 3242/3242/3242 3243/3243/3243 3238/3238/3238
f 3242/3242/3242 3244/3244/3244 3243/3243/3243
f 3244/3244/3244 3245/3245/3245 3243/3243/3243
f 3248/3248/3248 3247/3247/3247 3246/3246/3246
f 3248/3248/3248 3249/3249/3249 3247/3247/3247
f 3250/3250/3250 3249/3249/3249 3248/3248/3248
f 3250/3250/3250 3251/3251/3251 3249/3249/3249
f 3252/3252/3252 3251/3251/3251 3250/3250/3250
f 3252/3252/3252 3250/3250/3250 3253/3253/3253
f 3254/3254/3254 3252/3252/3252 3253/3253/3253
f 3254/3254/3254 3253/3253/3253 3255/3255/3255
f 3255/3255/3255 3256/3256/3256 3254/3254/3254
f 3255/3255/3255 3257/3257/3257 3256/3256/3256
f 3256/3256/3256 3257/3257/3257 3258/3258/3258
f 3256/3256/3256 3258/3258/3258 3259/3259/3259
f 3260/3260/3260 3246/3246/3246 3247/3247/3247
f 3246/3246/3246 3260/3260/3260 3261/3261/3261
f 3261/3261/3261 3260/3260/3260 3262/3262/3262
f 3262/3262/3262 3260/3260/3260 3263/3263/3263
f 3266/3266/3266 3265/3265/3265 3264/3264/3264
f 3266/3266/3266 3267/3267/3267 3265/3265/3265
f 3270/3270/3270 3269/3269/3269 3268/3268/3268
f 3270/3270/3270 3271/3271/3271 3269/3269/3269
f 3274/3274/3274 3273/3273/3273 3272/3272/3272
f 3274/3274/3274 3272/3272/3272 3275/3275/3275
f 3274/3274/3274 3275/3275/3275 3276/3276/3276
f 3279/3279/3279 3278/3278/3278 3277/3277/3277
f 3279/3279/3279 3280/3280/3280 3278/3278/3278
f 3281/3281/3281 3279/3279/3279 3277/3277/3277
f 3281/3281/3281 3282/3282/3282 3279/3279/3279
f 3285/3285/3285 3284/3284/3284 3283/3283/3283
f 3285/3285/3285 3286/3286/3286 3284/3284/3284
f 3289/3289/3289 3288/3288/3288 3287/3287/3287
f 3289/3289/3289 3290/3290/3290 3288/3288/3288
f 3291/3291/3291 3287/3287/3287 3288/3288/3288
f 3291/3291/3291 3292/3292/3292 3287/3287/3287
f 3293/3293/3293 3290/3290/3290 3289/3289/3289
f 3293/3293/3293 3294/3294/3294 3290/3290/3290
f 3294/3294/3294 3293/3293/3293 3295/3295/3295
f 3294/3294/3294 3295/3295/3295 3296/3296/3296
f 3297/3297/3297 3296/3296/3296 3295/3295/3295
f 3297/3297/3297 3298/3298/3298 3296/3296/3296
f 3297/3297/3297 3299/3299/3299 3298/3298/3298
f 3297/3297/3297 3300/3300/3300 3299/3299/3299
f 3299/3299/3299 3300/3300/3300 3301/3301/3301
f 3299/3299/3299 3301/3301/3301 3302/3302/3302
f 3302/3302/3302 3301/3301/3301 3303/3303/3303
f 3302/3302/3302 3303/3303/3303 3304/3304/3304
f 3307/3307/3307 3306/3306/3306 3305/3305/3305
f 3306/3306/3306 3307/3307/3307 3308/3308/3308
f 3309/3309/3309 3305/3305/3305 3306/3306/3306
f 3312/3312/3312 3311/3311/3311 3310/3310/3310
f 3310/3310/3310 3311/3311/3311 3313/3313/3313
f 3314/3314/3314 3311/3311/3311 3312/3312/3312
f 3317/3317/3317 3316/3316/3316 3315/3315/3315
f 3317/3317/3317 3318/3318/3318 3316/3316/3316
f 3317/3317/3317 3315/3315/3315 3319/3319/3319
f 3320/3320/3320 3319/3319/3319 3315/3315/3315
f 3320/3320/3320 3315/3315/3315 3321/3321/3321
f 3315/3315/3315 3322/3322/3322 3321/3321/3321
f 3323/3323/3323 3321/3321/3321 3322/3322/3322
f 3326/3326/3326 3325/3325/3325 3324/3324/3324
f 3326/3326/3326 3327/3327/3327 3325/3325/3325
f 3327/3327/3327 3328/3328/3328 3325/3325/3325
f 3331/3331/3331 3330/3330/3330 3329/3329/3329
f 3331/3331/3331 3332/3332/3332 3330/3330/3330
f 3329/3329/3329 3333/3333/3333 3331/3331/3331
f 3336/3336/3336 3335/3335/3335 3334/3334/3334
f 3336/3336/3336 3337/3337/3337 3335/3335/3335
f 3340/3340/3340 3339/3339/3339 3338/3338/3338
f 3340/3340/3340 3338/3338/3338 3341/3341/3341
f 3342/3342/3342 3339/3339/3339 3340/3340/3340
f 3342/3342/3342 3343/3343/3343 3339/3339/3339
f 3341/3341/3341 3338/3338/3338 3344/3344/3344
f 3341/3341/3341 3344/3344/3344 3345/3345/3345
f 3341/3341/3341 3345/3345/3345 3346/3346/3346
f 3347/3347/3347 3343/3343/3343 3342/3342/3342
f 3347/3347/3347 3348/3348/3348 3343/3343/3343
f 3349/3349/3349 3348/3348/3348 3347/3347/3347
f 3349/3349/3349 3347/3347/3347 3350/3350/3350
f 3353/3353/3353 3352/3352/3352 3351/3351/3351
f 3353/3353/3353 3354/3354/3354 3352/3352/3352
f 3353/3353/3353 3355/3355/3355 3354/3354/3354
f 3352/3352/3352 3356/3356/3356 3351/3351/3351
f 3356/3356/3356 3357/3357/3357 3351/3351/3351
f 3357/3357/3357 3358/3358/3358 3351/3351/3351
f 3359/3359/3359 3357/3357/3357 3356/3356/3356
f 3356/3356/3356 3360/3360/3360 3359/3359/3359
f 3358/3358/3358 3357/3357/3357 3361/3361/3361
f 3364/3364/3364 3363/3363/3363 3362/3362/3362
f 3364/3364/3364 3365/3365/3365 3363/3363/3363
f 3364/3364/3364 3366/3366/3366 3365/3365/3365
f 3366/3366/3366 3367/3367/3367 3365/3365/3365
f 3368/3368/3368 3362/3362/3362 3363/3363/3363
f 3368/3368/3368 3363/3363/3363 3369/3369/3369
f 3369/3369/3369 3363/3363/3363 3370/3370/3370
f 3369/3369/3369 3370/3370/3370 3371/3371/3371
f 3372/3372/3372 3365/3365/3365 3367/3367/3367
f 3372/3372/3372 3367/3367/3367 3373/3373/3373
f 3376/3376/3376 3375/3375/3375 3374/3374/3374
f 3375/3375/3375 3376/3376/3376 3377/3377/3377
f 3375/3375/3375 3377/3377/3377 3378/3378/3378
f 3379/3379/3379 3376/3376/3376 3374/3374/3374
f 3382/3382/3382 3381/3381/3381 3380/3380/3380
f 3382/3382/3382 3383/3383/3383 3381/3381/3381
f 3380/3380/3380 3384/3384/3384 3382/3382/3382
f 3380/3380/3380 3385/3385/3385 3384/3384/3384
f 3388/3388/3388 3387/3387/3387 3386/3386/3386
f 3388/3388/3388 3389/3389/3389 3387/3387/3387
f 3387/3387/3387 3389/3389/3389 3390/3390/3390
f 3390/3390/3390 3389/3389/3389 3391/3391/3391
f 3392/3392/3392 3390/3390/3390 3391/3391/3391
f 3392/3392/3392 3393/3393/3393 3390/3390/3390
f 3392/3392/3392 3394/3394/3394 3393/3393/3393
f 3394/3394/3394 3395/3395/3395 3393/3393/3393
f 3392/3392/3392 3391/3391/3391 3396/3396/3396
f 3392/3392/3392 3396/3396/3396 3397/3397/3397
f 3400/3400/3400 3399/3399/3399 3398/3398/3398
f 3400/3400/3400 3401/3401/3401 3399/3399/3399
f 3404/3404/3404 3403/3403/3403 3402/3402/3402
f 3404/3404/3404 3405/3405/3405 3403/3403/3403
f 3408/3408/3408 3407/3407/3407 3406/3406/3406
f 3406/3406/3406 3407/3407/3407 3409/3409/3409
f 3408/3408/3408 3406/3406/3406 3410/3410/3410
f 3413/3413/3413 3412/3412/3412 3411/3411/3411
f 3413/3413/3413 3414/3414/3414 3412/3412/3412
f 3417/3417/3417 3416/3416/3416 3415/3415/3415
f 3417/3417/3417 3418/3418/3418 3416/3416/3416
f 3415/3415/3415 3419/3419/3419 3417/3417/3417
f 3415/3415/3415 3420/3420/3420 3419/3419/3419
f 3418/3418/3418 3421/3421/3421 3416/3416/3416
f 3418/3418/3418 3422/3422/3422 3421/3421/3421
f 3422/3422/3422 3423/3423/3423 3421/3421/3421
f 3422/3422/3422 3424/3424/3424 3423/3423/3423
f 3424/3424/3424 3425/3425/3425 3423/3423/3423
f 3424/3424/3424 3426/3426/3426 3425/3425/3425
f 3425/3425/3425 3426/3426/3426 3427/3427/3427
f 3425/3425/3425 3427/3427/3427 3428/3428/3428
f 3429/3429/3429 3428/3428/3428 3427/3427/3427
f 3429/3429/3429 3427/3427/3427 3430/3430/3430
f 3431/3431/3431 3429/3429/3429 3430/3430/3430
f 3431/3431/3431 3430/3430/3430 3432/3432/3432
f 3435/3435/3435 3434/3434/3434 3433/3433/3433
f 3436/3436/3436 3433/3433/3433 3434/3434/3434
f 3434/3434/3434 3437/3437/3437 3436/3436/3436
f 3440/3440/3440 3439/3439/3439 3438/3438/3438
f 3439/3439/3439 3441/3441/3441 3438/3438/3438
f 3442/3442/3442 3440/3440/3440 3438/3438/3438
f 3445/3445/3445 3444/3444/3444 3443/3443/3443
f 3445/3445/3445 3446/3446/3446 3444/3444/3444
f 3443/3443/3443 3444/3444/3444 3447/3447/3447
f 3450/3450/3450 3449/3449/3449 3448/3448/3448
f 3450/3450/3450 3451/3451/3451 3449/3449/3449
f 3454/3454/3454 3453/3453/3453 3452/3452/3452
f 3454/3454/3454 3455/3455/3455 3453/3453/3453
f 3458/3458/3458 3457/3457/3457 3456/3456/3456
f 3458/3458/3458 3459/3459/3459 3457/3457/3457
f 3462/3462/3462 3461/3461/3461 3460/3460/3460
f 3463/3463/3463 3462/3462/3462 3460/3460/3460
f 3464/3464/3464 3462/3462/3462 3463/3463/3463
f 3464/3464/3464 3465/3465/3465 3462/3462/3462
f 3466/3466/3466 3465/3465/3465 3464/3464/3464
f 3466/3466/3466 3467/3467/3467 3465/3465/3465
f 3470/3470/3470 3469/3469/3469 3468/3468/3468
f 3470/3470/3470 3471/3471/3471 3469/3469/3469
f 3474/3474/3474 3473/3473/3473 3472/3472/3472
f 3474/3474/3474 3475/3475/3475 3473/3473/3473
f 3478/3478/3478 3477/3477/3477 3476/3476/3476
f 3478/3478/3478 3479/3479/3479 3477/3477/3477
f 3480/3480/3480 3477/3477/3477 3479/3479/3479
f 3480/3480/3480 3479/3479/3479 3481/3481/3481
f 3482/3482/3482 3480/3480/3480 3481/3481/3481
f 3482/3482/3482 3481/3481/3481 3483/3483/3483
f 3484/3484/3484 3478/3478/3478 3476/3476/3476
f 3484/3484/3484 3476/3476/3476 3485/3485/3485
f 3486/3486/3486 3484/3484/3484 3485/3485/3485
f 3486/3486/3486 3485/3485/3485 3487/3487/3487
f 3488/3488/3488 3486/3486/3486 3487/3487/3487
f 3488/3488/3488 3487/3487/3487 3489/3489/3489
f 3490/3490/3490 3488/3488/3488 3489/3489/3489
f 3490/3490/3490 3489/3489/3489 3491/3491/3491
f 3494/3494/3494 3493/3493/3493 3492/3492/3492
f 3494/3494/3494 3495/3495/3495 3493/3493/3493
f 3498/3498/3498 3497/3497/3497 3496/3496/3496
f 3498/3498/3498 3499/3499/3499 3497/3497/3497
f 3502/3502/3502 3501/3501/3501 3500/3500/3500
f 3503/3503/3503 3500/3500/3500 3501/3501/3501
f 3504/3504/3504 3500/3500/3500 3503/3503/3503
f 3505/3505/3505 3500/3500/3500 3504/3504/3504
f 3505/3505/3505 3506/3506/3506 3500/3500/3500
f 3505/3505/3505 3507/3507/3507 3506/3506/3506
f 3505/3505/3505 3508/3508/3508 3507/3507/3507
f 3509/3509/3509 3506/3506/3506 3507/3507/3507
f 3510/3510/3510 3500/3500/3500 3506/3506/3506
f 3510/3510/3510 3506/3506/3506 3511/3511/3511
f 3514/3514/3514 3513/3513/3513 3512/3512/3512
f 3514/3514/3514 3515/3515/3515 3513/3513/3513
f 3518/3518/3518 3517/3517/3517 3516/3516/3516
f 3518/3518/3518 3519/3519/3519 3517/3517/3517
f 3522/3522/3522 3521/3521/3521 3520/3520/3520
f 3522/3522/3522 3523/3523/3523 3521/3521/3521
f 3526/3526/3526 3525/3525/3525 3524/3524/3524
f 3526/3526/3526 3527/3527/3527 3525/3525/3525
f 3530/3530/3530 3529/3529/3529 3528/3528/3528
f 3528/3528/3528 3531/3531/3531 3530/3530/3530
f 3530/3530/3530 3531/3531/3531 3532/3532/3532
f 3532/3532/3532 3531/3531/3531 3533/3533/3533
f 3532/3532/3532 3533/3533/3533 3534/3534/3534
f 3532/3532/3532 3534/3534/3534 3535/3535/3535
f 3532/3532/3532 3535/3535/3535 3536/3536/3536
f 3528/3528/3528 3537/3537/3537 3531/3531/3531
f 3540/3540/3540 3539/3539/3539 3538/3538/3538
f 3540/3540/3540 3541/3541/3541 3539/3539/3539
f 3541/3541/3541 3542/3542/3542 3539/3539/3539
f 3541/3541/3541 3543/3543/3543 3542/3542/3542
f 3542/3542/3542 3543/3543/3543 3544/3544/3544
f 3542/3542/3542 3544/3544/3544 3545/3545/3545
f 3546/3546/3546 3540/3540/3540 3538/3538/3538
f 3546/3546/3546 3538/3538/3538 3547/3547/3547
f 3548/3548/3548 3546/3546/3546 3547/3547/3547
f 3548/3548/3548 3547/3547/3547 3549/3549/3549
f 3550/3550/3550 3548/3548/3548 3549/3549/3549
f 3550/3550/3550 3549/3549/3549 3551/3551/3551
f 3552/3552/3552 3550/3550/3550 3551/3551/3551
f 3552/3552/3552 3553/3553/3553 3550/3550/3550
f 3556/3556/3556 3555/3555/3555 3554/3554/3554
f 3556/3556/3556 3557/3557/3557 3555/3555/3555
f 3558/3558/3558 3554/3554/3554 3555/3555/3555
f 3558/3558/3558 3559/3559/3559 3554/3554/3554
f 3560/3560/3560 3559/3559/3559 3558/3558/3558
f 3560/3560/3560 3558/3558/3558 3561/3561/3561
f 3562/3562/3562 3557/3557/3557 3556/3556/3556
f 3562/3562/3562 3563/3563/3563 3557/3557/3557
f 3563/3563/3563 3562/3562/3562 3564/3564/3564
f 3563/3563/3563 3564/3564/3564 3565/3565/3565
f 3566/3566/3566 3565/3565/3565 3564/3564/3564
f 3566/3566/3566 3564/3564/3564 3567/3567/3567
f 3568/3568/3568 3566/3566/3566 3567/3567/3567
f 3568/3568/3568 3567/3567/3567 3569/3569/3569
f 3572/3572/3572 3571/3571/3571 3570/3570/3570
f 3572/3572/3572 3573/3573/3573 3571/3571/3571
f 3576/3576/3576 3575/3575/3575 3574/3574/3574
f 3576/3576/3576 3577/3577/3577 3575/3575/3575
f 3578/3578/3578 3577/3577/3577 3576/3576/3576
f 3578/3578/3578 3576/3576/3576 3579/3579/3579
f 3580/3580/3580 3578/3578/3578 3579/3579/3579
f 3580/3580/3580 3579/3579/3579 3581/3581/3581
f 3582/3582/3582 3577/3577/3577 3578/3578/3578
f 3582/3582/3582 3578/3578/3578 3583/3583/3583
f 3584/3584/3584 3582/3582/3582 3583/3583/3583
f 3584/3584/3584 3583/3583/3583 3585/3585/3585
f 3586/3586/3586 3584/3584/3584 3585/3585/3585
f 3586/3586/3586 3585/3585/3585 3587/3587/3587
f 3587/3587/3587 3588/3588/3588 3586/3586/3586
f 3587/3587/3587 3589/3589/3589 3588/3588/3588
f 3589/3589/3589 3590/3590/3590 3588/3588/3588
f 3589/3589/3589 3591/3591/3591 3590/3590/3590
f 3592/3592/3592 3590/3590/3590 3591/3591/3591
f 3592/3592/3592 3591/3591/3591 3593/3593/3593
f 3593/3593/3593 3594/3594/3594 3592/3592/3592
f 3593/3593/3593 3595/3595/3595 3594/3594/3594
f 3598/3598/3598 3597/3597/3597 3596/3596/3596
f 3598/3598/3598 3599/3599/3599 3597/3597/3597
f 3600/3600/3600 3599/3599/3599 3598/3598/3598
f 3600/3600/3600 3601/3601/3601 3599/3599/3599
f 3602/3602/3602 3601/3601/3601 3600/3600/3600
f 3602/3602/3602 3603/3603/3603 3601/3601/3601
f 3604/3604/3604 3603/3603/3603 3602/3602/3602
f 3604/3604/3604 3605/3605/3605 3603/3603/3603
f 3605/3605/3605 3604/3604/3604 3606/3606/3606
f 3605/3605/3605 3606/3606/3606 3607/3607/3607
f 3608/3608/3608 3607/3607/3607 3606/3606/3606
f 3608/3608/3608 3606/3606/3606 3609/3609/3609
f 3610/3610/3610 3608/3608/3608 3609/3609/3609
f 3610/3610/3610 3609/3609/3609 3611/3611/3611
f 3610/3610/3610 3611/3611/3611 3612/3612/3612
f 3615/3615/3615 3614/3614/3614 3613/3613/3613
f 3615/3615/3615 3616/3616/3616 3614/3614/3614
f 3617/3617/3617 3614/3614/3614 3616/3616/3616
f 3617/3617/3617 3616/3616/3616 3618/3618/3618
f 3619/3619/3619 3617/3617/3617 3618/3618/3618
f 3619/3619/3619 3618/3618/3618 3620/3620/3620
f 3621/3621/3621 3619/3619/3619 3620/3620/3620
f 3621/3621/3621 3620/3620/3620 3622/3622/3622
f 3622/3622/3622 3623/3623/3623 3621/3621/3621
f 3622/3622/3622 3624/3624/3624 3623/3623/3623
f 3625/3625/3625 3623/3623/3623 3624/3624/3624
f 3625/3625/3625 3626/3626/3626 3623/3623/3623
f 3627/3627/3627 3626/3626/3626 3625/3625/3625
f 3627/3627/3627 3628/3628/3628 3626/3626/3626
f 3627/3627/3627 3629/3629/3629 3628/3628/3628
f 3632/3632/3632 3631/3631/3631 3630/3630/3630
f 3632/3632/3632 3633/3633/3633 3631/3631/3631
f 3634/3634/3634 3633/3633/3633 3632/3632/3632
f 3634/3634/3634 3635/3635/3635 3633/3633/3633
f 3636/3636/3636 3635/3635/3635 3634/3634/3634
f 3636/3636/3636 3634/3634/3634 3637/3637/3637
f 3638/3638/3638 3633/3633/3633 3635/3635/3635
f 3638/3638/3638 3639/3639/3639 3633/3633/3633
f 3640/3640/3640 3639/3639/3639 3638/3638/3638
f 3640/3640/3640 3641/3641/3641 3639/3639/3639
f 3642/3642/3642 3641/3641/3641 3640/3640/3640
f 3642/3642/3642 3643/3643/3643 3641/3641/3641
f 3644/3644/3644 3643/3643/3643 3642/3642/3642
f 3644/3644/3644 3645/3645/3645 3643/3643/3643
f 3646/3646/3646 3645/3645/3645 3644/3644/3644
f 3646/3646/3646 3647/3647/3647 3645/3645/3645
f 3648/3648/3648 3647/3647/3647 3646/3646/3646
f 3648/3648/3648 3649/3649/3649 3647/3647/3647
f 3648/3648/3648 3650/3650/3650 3649/3649/3649
f 3651/3651/3651 3649/3649/3649 3650/3650/3650
f 3648/3648/3648 3652/3652/3652 3650/3650/3650
f 3655/3655/3655 3654/3654/3654 3653/3653/3653
f 3655/3655/3655 3656/3656/3656 3654/3654/3654
f 3657/3657/3657 3653/3653/3653 3654/3654/3654
f 3657/3657/3657 3658/3658/3658 3653/3653/3653
f 3659/3659/3659 3658/3658/3658 3657/3657/3657
f 3659/3659/3659 3660/3660/3660 3658/3658/3658
f 3661/3661/3661 3656/3656/3656 3655/3655/3655
f 3661/3661/3661 3662/3662/3662 3656/3656/3656
f 3662/3662/3662 3661/3661/3661 3663/3663/3663
f 3662/3662/3662 3663/3663/3663 3664/3664/3664
f 3665/3665/3665 3664/3664/3664 3663/3663/3663
f 3665/3665/3665 3666/3666/3666 3664/3664/3664
f 3666/3666/3666 3665/3665/3665 3667/3667/3667
f 3666/3666/3666 3667/3667/3667 3668/3668/3668
f 3671/3671/3671 3670/3670/3670 3669/3669/3669
f 3671/3671/3671 3672/3672/3672 3670/3670/3670
f 3674/3674/3674 3673/3673/3673 3669/3669/3669
f 3674/3674/3674 3675/3675/3675 3673/3673/3673
f 3675/3675/3675 3676/3676/3676 3673/3673/3673
f 3677/3677/3677 3673/3673/3673 3676/3676/3676
f 3678/3678/3678 3673/3673/3673 3677/3677/3677
f 3678/3678/3678 3679/3679/3679 3673/3673/3673
f 3677/3677/3677 3676/3676/3676 3680/3680/3680
f 3675/3675/3675 3681/3681/3681 3676/3676/3676
f 3684/3684/3684 3683/3683/3683 3682/3682/3682
f 3684/3684/3684 3685/3685/3685 3683/3683/3683
f 3688/3688/3688 3687/3687/3687 3686/3686/3686
f 3688/3688/3688 3689/3689/3689 3687/3687/3687
f 3692/3692/3692 3691/3691/3691 3690/3690/3690
f 3692/3692/3692 3693/3693/3693 3691/3691/3691
f 3696/3696/3696 3695/3695/3695 3694/3694/3694
f 3696/3696/3696 3697/3697/3697 3695/3695/3695
f 3700/3700/3700 3699/3699/3699 3698/3698/3698
f 3700/3700/3700 3701/3701/3701 3699/3699/3699
f 3704/3704/3704 3703/3703/3703 3702/3702/3702
f 3704/3704/3704 3705/3705/3705 3703/3703/3703
f 3704/3704/3704 3706/3706/3706 3705/3705/3705
f 3704/3704/3704 3707/3707/3707 3706/3706/3706
f 3707/3707/3707 3708/3708/3708 3706/3706/3706
f 3707/3707/3707 3709/3709/3709 3708/3708/3708
f 3712/3712/3712 3711/3711/3711 3710/3710/3710
f 3712/3712/3712 3713/3713/3713 3711/3711/3711
f 3714/3714/3714 3713/3713/3713 3712/3712/3712
f 3714/3714/3714 3715/3715/3715 3713/3713/3713
f 3716/3716/3716 3715/3715/3715 3714/3714/3714
f 3716/3716/3716 3717/3717/3717 3715/3715/3715
f 3710/3710/3710 3711/3711/3711 3718/3718/3718
f 3710/3710/3710 3718/3718/3718 3719/3719/3719
f 3719/3719/3719 3718/3718/3718 3720/3720/3720
f 3719/3719/3719 3720/3720/3720 3721/3721/3721
f 3722/3722/3722 3721/3721/3721 3720/3720/3720
f 3722/3722/3722 3723/3723/3723 3721/3721/3721
f 3724/3724/3724 3723/3723/3723 3722/3722/3722
f 3724/3724/3724 3725/3725/3725 3723/3723/3723
f 3728/3728/3728 3727/3727/3727 3726/3726/3726
f 3728/3728/3728 3729/3729/3729 3727/3727/3727
f 3732/3732/3732 3731/3731/3731 3730/3730/3730
f 3732/3732/3732 3733/3733/3733 3731/3731/3731
f 3736/3736/3736 3735/3735/3735 3734/3734/3734
f 3734/3734/3734 3737/3737/3737 3736/3736/3736
f 3734/3734/3734 3738/3738/3738 3737/3737/3737
f 3734/3734/3734 3739/3739/3739 3738/3738/3738
f 3740/3740/3740 3739/3739/3739 3734/3734/3734
f 3741/3741/3741 3739/3739/3739 3740/3740/3740
f 3742/3742/3742 3739/3739/3739 3741/3741/3741
f 3740/3740/3740 3743/3743/3743 3741/3741/3741
f 3740/3740/3740 3734/3734/3734 3744/3744/3744
f 3740/3740/3740 3744/3744/3744 3745/3745/3745
f 3748/3748/3748 3747/3747/3747 3746/3746/3746
f 3748/3748/3748 3749/3749/3749 3747/3747/3747
f 3752/3752/3752 3751/3751/3751 3750/3750/3750
f 3752/3752/3752 3753/3753/3753 3751/3751/3751
f 3756/3756/3756 3755/3755/3755 3754/3754/3754
f 3756/3756/3756 3757/3757/3757 3755/3755/3755
f 3760/3760/3760 3759/3759/3759 3758/3758/3758
f 3760/3760/3760 3761/3761/3761 3759/3759/3759
f 3764/3764/3764 3763/3763/3763 3762/3762/3762
f 3765/3765/3765 3762/3762/3762 3763/3763/3763
f 3765/3765/3765 3763/3763/3763 3766/3766/3766
f 3765/3765/3765 3766/3766/3766 3767/3767/3767
f 3767/3767/3767 3766/3766/3766 3768/3768/3768
f 3768/3768/3768 3766/3766/3766 3769/3769/3769
f 3769/3769/3769 3766/3766/3766 3770/3770/3770
f 3771/3771/3771 3762/3762/3762 3765/3765/3765
f 3774/3774/3774 3773/3773/3773 3772/3772/3772
f 3774/3774/3774 3775/3775/3775 3773/3773/3773
f 3772/3772/3772 3773/3773/3773 3776/3776/3776
f 3772/3772/3772 3776/3776/3776 3777/3777/3777
f 3778/3778/3778 3777/3777/3777 3776/3776/3776
f 3778/3778/3778 3776/3776/3776 3779/3779/3779
f 3780/3780/3780 3775/3775/3775 3774/3774/3774
f 3780/3780/3780 3781/3781/3781 3775/3775/3775
f 3781/3781/3781 3780/3780/3780 3782/3782/3782
f 3781/3781/3781 3782/3782/3782 3783/3783/3783
f 3784/3784/3784 3783/3783/3783 3782/3782/3782
f 3784/3784/3784 3785/3785/3785 3783/3783/3783
f 3784/3784/3784 3786/3786/3786 3785/3785/3785
f 3784/3784/3784 3787/3787/3787 3786/3786/3786
f 3790/3790/3790 3789/3789/3789 3788/3788/3788
f 3790/3790/3790 3791/3791/3791 3789/3789/3789
f 3788/3788/3788 3792/3792/3792 3790/3790/3790
f 3788/3788/3788 3793/3793/3793 3792/3792/3792
f 3794/3794/3794 3792/3792/3792 3793/3793/3793
f 3794/3794/3794 3795/3795/3795 3792/3792/3792
f 3791/3791/3791 3796/3796/3796 3789/3789/3789
f 3791/3791/3791 3797/3797/3797 3796/3796/3796
f 3797/3797/3797 3798/3798/3798 3796/3796/3796
f 3797/3797/3797 3799/3799/3799 3798/3798/3798
f 3798/3798/3798 3799/3799/3799 3800/3800/3800
f 3798/3798/3798 3800/3800/3800 3801/3801/3801
f 3802/3802/3802 3801/3801/3801 3800/3800/3800
f 3802/3802/3802 3803/3803/3803 3801/3801/3801
f 3806/3806/3806 3805/3805/3805 3804/3804/3804
f 3806/3806/3806 3807/3807/3807 3805/3805/3805
f 3810/3810/3810 3809/3809/3809 3808/3808/3808
f 3810/3810/3810 3811/3811/3811 3809/3809/3809
f 3812/3812/3812 3810/3810/3810 3808/3808/3808
f 3812/3812/3812 3813/3813/3813 3810/3810/3810
f 3813/3813/3813 3812/3812/3812 3814/3814/3814
f 3813/3813/3813 3814/3814/3814 3815/3815/3815
f 3816/3816/3816 3812/3812/3812 3808/3808/3808
f 3816/3816/3816 3817/3817/3817 3812/3812/3812
f 3818/3818/3818 3817/3817/3817 3816/3816/3816
f 3818/3818/3818 3819/3819/3819 3817/3817/3817
f 3820/3820/3820 3819/3819/3819 3818/3818/3818
f 3820/3820/3820 3821/3821/3821 3819/3819/3819
f 3822/3822/3822 3821/3821/3821 3820/3820/3820
f 3822/3822/3822 3823/3823/3823 3821/3821/3821
f 3824/3824/3824 3823/3823/3823 3822/3822/3822
f 3824/3824/3824 3825/3825/3825 3823/3823/3823
f 3826/3826/3826 3825/3825/3825 3824/3824/3824
f 3826/3826/3826 3827/3827/3827 3825/3825/3825
f 3828/3828/3828 3827/3827/3827 3826/3826/3826
f 3828/3828/3828 3829/3829/3829 3827/3827/3827
f 3832/3832/3832 3831/3831/3831 3830/3830/3830
f 3832/3832/3832 3833/3833/3833 3831/3831/3831
f 3830/3830/3830 3834/3834/3834 3832/3832/3832
f 3830/3830/3830 3835/3835/3835 3834/3834/3834
f 3835/3835/3835 3836/3836/3836 3834/3834/3834
f 3835/3835/3835 3837/3837/3837 3836/3836/3836
f 3837/3837/3837 3838/3838/3838 3836/3836/3836
f 3837/3837/3837 3839/3839/3839 3838/3838/3838
f 3839/3839/3839 3840/3840/3840 3838/3838/3838
f 3839/3839/3839 3841/3841/3841 3840/3840/3840
f 3840/3840/3840 3841/3841/3841 3842/3842/3842
f 3840/3840/3840 3842/3842/3842 3843/3843/3843
f 3844/3844/3844 3843/3843/3843 3842/3842/3842
f 3844/3844/3844 3845/3845/3845 3843/3843/3843
f 3845/3845/3845 3844/3844/3844 3846/3846/3846
f 3849/3849/3849 3848/3848/3848 3847/3847/3847
f 3849/3849/3849 3850/3850/3850 3848/3848/3848
f 3851/3851/3851 3850/3850/3850 3849/3849/3849
f 3851/3851/3851 3852/3852/3852 3850/3850/3850
f 3853/3853/3853 3852/3852/3852 3851/3851/3851
f 3853/3853/3853 3854/3854/3854 3852/3852/3852
f 3855/3855/3855 3854/3854/3854 3853/3853/3853
f 3855/3855/3855 3856/3856/3856 3854/3854/3854
f 3857/3857/3857 3856/3856/3856 3855/3855/3855
f 3857/3857/3857 3858/3858/3858 3856/3856/3856
f 3859/3859/3859 3858/3858/3858 3857/3857/3857
f 3859/3859/3859 3857/3857/3857 3860/3860/3860
f 3860/3860/3860 3861/3861/3861 3859/3859/3859
f 3860/3860/3860 3862/3862/3862 3861/3861/3861
f 3863/3863/3863 3861/3861/3861 3862/3862/3862
f 3866/3866/3866 3865/3865/3865 3864/3864/3864
f 3866/3866/3866 3867/3867/3867 3865/3865/3865
f 3864/3864/3864 3868/3868/3868 3866/3866/3866
f 3864/3864/3864 3869/3869/3869 3868/3868/3868
f 3868/3868/3868 3869/3869/3869 3870/3870/3870
f 3868/3868/3868 3870/3870/3870 3871/3871/3871
f 3864/3864/3864 3872/3872/3872 3869/3869/3869
f 3864/3864/3864 3873/3873/3873 3872/3872/3872
f 3873/3873/3873 3874/3874/3874 3872/3872/3872
f 3873/3873/3873 3875/3875/3875 3874/3874/3874
f 3875/3875/3875 3876/3876/3876 3874/3874/3874
f 3875/3875/3875 3877/3877/3877 3876/3876/3876
f 3878/3878/3878 3876/3876/3876 3877/3877/3877
f 3878/3878/3878 3877/3877/3877 3879/3879/3879
f 3880/3880/3880 3878/3878/3878 3879/3879/3879
f 3880/3880/3880 3879/3879/3879 3881/3881/3881
f 3881/3881/3881 3882/3882/3882 3880/3880/3880
f 3881/3881/3881 3883/3883/3883 3882/3882/3882
f 3884/3884/3884 3882/3882/3882 3883/3883/3883
f 3883/3883/3883 3885/3885/3885 3884/3884/3884
f 3886/3886/3886 3882/3882/3882 3884/3884/3884
f 3889/3889/3889 3888/3888/3888 3887/3887/3887
f 3889/3889/3889 3890/3890/3890 3888/3888/3888
f 3887/3887/3887 3891/3891/3891 3889/3889/3889
f 3887/3887/3887 3892/3892/3892 3891/3891/3891
f 3892/3892/3892 3893/3893/3893 3891/3891/3891
f 3892/3892/3892 3894/3894/3894 3893/3893/3893
f 3890/3890/3890 3895/3895/3895 3888/3888/3888
f 3890/3890/3890 3896/3896/3896 3895/3895/3895
f 3896/3896/3896 3897/3897/3897 3895/3895/3895
f 3896/3896/3896 3898/3898/3898 3897/3897/3897
f 3898/3898/3898 3899/3899/3899 3897/3897/3897
f 3898/3898/3898 3900/3900/3900 3899/3899/3899
f 3900/3900/3900 3901/3901/3901 3899/3899/3899
f 3900/3900/3900 3902/3902/3902 3901/3901/3901
f 3905/3905/3905 3904/3904/3904 3903/3903/3903
f 3906/3906/3906 3904/3904/3904 3905/3905/3905
f 3908/3908/3908 3907/3907/3907 3903/3903/3903
f 3909/3909/3909 3907/3907/3907 3908/3908/3908
f 3909/3909/3909 3908/3908/3908 3910/3910/3910
f 3910/3910/3910 3908/3908/3908 3911/3911/3911
f 3908/3908/3908 3912/3912/3912 3911/3911/3911
f 3913/3913/3913 3912/3912/3912 3908/3908/3908
f 3910/3910/3910 3911/3911/3911 3914/3914/3914
f 3909/3909/3909 3910/3910/3910 3915/3915/3915
f 3918/3918/3918 3917/3917/3917 3916/3916/3916
f 3918/3918/3918 3919/3919/3919 3917/3917/3917
f 3922/3922/3922 3921/3921/3921 3920/3920/3920
f 3922/3922/3922 3923/3923/3923 3921/3921/3921
f 3926/3926/3926 3925/3925/3925 3924/3924/3924
f 3926/3926/3926 3927/3927/3927 3925/3925/3925
f 3930/3930/3930 3929/3929/3929 3928/3928/3928
f 3930/3930/3930 3931/3931/3931 3929/3929/3929
f 3934/3934/3934 3933/3933/3933 3932/3932/3932
f 3934/3934/3934 3935/3935/3935 3933/3933/3933
f 3938/3938/3938 3937/3937/3937 3936/3936/3936
f 3938/3938/3938 3939/3939/3939 3937/3937/3937
f 3940/3940/3940 3938/3938/3938 3936/3936/3936
f 3941/3941/3941 3938/3938/3938 3940/3940/3940
f 3941/3941/3941 3940/3940/3940 3942/3942/3942
f 3941/3941/3941 3942/3942/3942 3943/3943/3943
f 3946/3946/3946 3945/3945/3945 3944/3944/3944
f 3946/3946/3946 3947/3947/3947 3945/3945/3945
f 3950/3950/3950 3949/3949/3949 3948/3948/3948
f 3950/3950/3950 3951/3951/3951 3949/3949/3949
f 3954/3954/3954 3953/3953/3953 3952/3952/3952
f 3954/3954/3954 3955/3955/3955 3953/3953/3953
f 3958/3958/3958 3957/3957/3957 3956/3956/3956
f 3958/3958/3958 3959/3959/3959 3957/3957/3957
f 3962/3962/3962 3961/3961/3961 3960/3960/3960
f 3962/3962/3962 3963/3963/3963 3961/3961/3961
f 3966/3966/3966 3965/3965/3965 3964/3964/3964
f 3966/3966/3966 3967/3967/3967 3965/3965/3965
f 3970/3970/3970 3969/3969/3969 3968/3968/3968
f 3970/3970/3970 3971/3971/3971 3969/3969/3969
f 3974/3974/3974 3973/3973/3973 3972/3972/3972
f 3974/3974/3974 3975/3975/3975 3973/3973/3973
f 3978/3978/3978 3977/3977/3977 3976/3976/3976
f 3978/3978/3978 3979/3979/3979 3977/3977/3977
f 3982/3982/3982 3981/3981/3981 3980/3980/3980
f 3982/3982/3982 3983/3983/3983 3981/3981/3981
f 3986/3986/3986 3985/3985/3985 3984/3984/3984
f 3986/3986/3986 3987/3987/3987 3985/3985/3985
f 3990/3990/3990 3989/3989/3989 3988/3988/3988
f 3990/3990/3990 3991/3991/3991 3989/3989/3989
f 3994/3994/3994 3993/3993/3993 3992/3992/3992
f 3994/3994/3994 3995/3995/3995 3993/3993/3993
f 3998/3998/3998 3997/3997/3997 3996/3996/3996
f 3998/3998/3998 3999/3999/3999 3997/3997/3997
f 4002/4002/4002 4001/4001/4001 4000/4000/4000
f 4002/4002/4002 4003/4003/4003 4001/4001/4001
f 4006/4006/4006 4005/4005/4005 4004/4004/4004
f 4006/4006/4006 4007/4007/4007 4005/4005/4005
f 4010/4010/4010 4009/4009/4009 4008/4008/4008
f 4010/4010/4010 4011/4011/4011 4009/4009/4009
f 4014/4014/4014 4013/4013/4013 4012/4012/4012
f 4014/4014/4014 4015/4015/4015 4013/4013/4013
f 4018/4018/4018 4017/4017/4017 4016/4016/4016
f 4018/4018/4018 4019/4019/4019 4017/4017/4017
f 4017/4017/4017 4020/4020/4020 4016/4016/4016
f 4017/4017/4017 4021/4021/4021 4020/4020/4020
f 4021/4021/4021 4022/4022/4022 4020/4020/4020
f 4022/4022/4022 4023/4023/4023 4020/4020/4020
f 4024/4024/4024 4023/4023/4023 4022/4022/4022
f 4025/4025/4025 4023/4023/4023 4024/4024/4024
f 4025/4025/4025 4026/4026/4026 4023/4023/4023
f 4027/4027/4027 4025/4025/4025 4024/4024/4024
f 4027/4027/4027 4028/4028/4028 4025/4025/4025
f 4019/4019/4019 4018/4018/4018 4029/4029/4029
f 4029/4029/4029 4018/4018/4018 4016/4016/4016
f 4030/4030/4030 4019/4019/4019 4029/4029/4029
f 4031/4031/4031 4019/4019/4019 4030/4030/4030
f 4031/4031/4031 4032/4032/4032 4019/4019/4019
f 4032/4032/4032 4031/4031/4031 4033/4033/4033
f 4033/4033/4033 4031/4031/4031 4034/4034/4034
f 4034/4034/4034 4035/4035/4035 4033/4033/4033
f 4034/4034/4034 4036/4036/4036 4035/4035/4035
f 4035/4035/4035 4036/4036/4036 4037/4037/4037
f 4038/4038/4038 4037/4037/4037 4036/4036/4036
f 4038/4038/4038 4039/4039/4039 4037/4037/4037
f 4038/4038/4038 4040/4040/4040 4039/4039/4039
f 4039/4039/4039 4040/4040/4040 4041/4041/4041
f 4039/4039/4039 4041/4041/4041 4042/4042/4042
f 4041/4041/4041 4043/4043/4043 4042/4042/4042
f 4042/4042/4042 4043/4043/4043 4044/4044/4044
f 4042/4042/4042 4045/4045/4045 4039/4039/4039
f 4046/4046/4046 4039/4039/4039 4045/4045/4045
f 4046/4046/4046 4037/4037/4037 4039/4039/4039
f 4047/4047/4047 4036/4036/4036 4034/4034/4034
f 4047/4047/4047 4038/4038/4038 4036/4036/4036
f 4047/4047/4047 4034/4034/4034 4048/4048/4048
f 4047/4047/4047 4049/4049/4049 4038/4038/4038
f 4049/4049/4049 4040/4040/4040 4038/4038/4038
f 4048/4048/4048 4034/4034/4034 4031/4031/4031
f 4048/4048/4048 4031/4031/4031 4050/4050/4050
f 4050/4050/4050 4031/4031/4031 4030/4030/4030
f 4050/4050/4050 4030/4030/4030 4051/4051/4051
f 4030/4030/4030 4029/4029/4029 4051/4051/4051
f 4051/4051/4051 4029/4029/4029 4052/4052/4052
f 4029/4029/4029 4053/4053/4053 4052/4052/4052
f 4053/4053/4053 4029/4029/4029 4016/4016/4016
f 4052/4052/4052 4053/4053/4053 4054/4054/4054
f 4055/4055/4055 4053/4053/4053 4016/4016/4016
f 4054/4054/4054 4053/4053/4053 4055/4055/4055
f 4016/4016/4016 4056/4056/4056 4055/4055/4055
f 4056/4056/4056 4057/4057/4057 4055/4055/4055
f 4056/4056/4056 4058/4058/4058 4057/4057/4057
f 4057/4057/4057 4058/4058/4058 4059/4059/4059
f 4057/4057/4057 4059/4059/4059 4060/4060/4060
f 4057/4057/4057 4060/4060/4060 4061/4061/4061
f 4055/4055/4055 4057/4057/4057 4061/4061/4061
f 4061/4061/4061 4060/4060/4060 4062/4062/4062
f 4062/4062/4062 4063/4063/4063 4061/4061/4061
f 4061/4061/4061 4063/4063/4063 4064/4064/4064
f 4062/4062/4062 4065/4065/4065 4063/4063/4063
f 4065/4065/4065 4066/4066/4066 4063/4063/4063
f 4063/4063/4063 4066/4066/4066 4067/4067/4067
f 4067/4067/4067 4066/4066/4066 4068/4068/4068
f 4068/4068/4068 4066/4066/4066 4069/4069/4069
f 4068/4068/4068 4069/4069/4069 4070/4070/4070
f 4070/4070/4070 4069/4069/4069 4071/4071/4071
f 4072/4072/4072 4067/4067/4067 4068/4068/4068
f 4073/4073/4073 4067/4067/4067 4072/4072/4072
f 4073/4073/4073 4063/4063/4063 4067/4067/4067
f 4064/4064/4064 4063/4063/4063 4073/4073/4073
f 4074/4074/4074 4068/4068/4068 4070/4070/4070
f 4072/4072/4072 4068/4068/4068 4074/4074/4074
f 4075/4075/4075 4073/4073/4073 4072/4072/4072
f 4076/4076/4076 4072/4072/4072 4074/4074/4074
f 4076/4076/4076 4075/4075/4075 4072/4072/4072
f 4077/4077/4077 4061/4061/4061 4064/4064/4064
f 4064/4064/4064 4073/4073/4073 4077/4077/4077
f 4077/4077/4077 4073/4073/4073 4078/4078/4078
f 4073/4073/4073 4075/4075/4075 4078/4078/4078
f 4077/4077/4077 4078/4078/4078 4079/4079/4079
f 4078/4078/4078 4080/4080/4080 4079/4079/4079
f 4081/4081/4081 4080/4080/4080 4078/4078/4078
f 4081/4081/4081 4075/4075/4075 4076/4076/4076
f 4078/4078/4078 4075/4075/4075 4081/4081/4081
f 4077/4077/4077 4079/4079/4079 4082/4082/4082
f 4077/4077/4077 4082/4082/4082 4061/4061/4061
f 4061/4061/4061 4082/4082/4082 4055/4055/4055
f 4055/4055/4055 4082/4082/4082 4079/4079/4079
f 4055/4055/4055 4079/4079/4079 4083/4083/4083
f 4055/4055/4055 4083/4083/4083 4054/4054/4054
f 4083/4083/4083 4084/4084/4084 4054/4054/4054
f 4085/4085/4085 4084/4084/4084 4083/4083/4083
f 4085/4085/4085 4079/4079/4079 4080/4080/4080
f 4083/4083/4083 4079/4079/4079 4085/4085/4085
f 4088/4088/4088 4087/4087/4087 4086/4086/4086
f 4088/4088/4088 4089/4089/4089 4087/4087/4087
f 4089/4089/4089 4088/4088/4088 4090/4090/4090
f 4091/4091/4091 4088/4088/4088 4086/4086/4086
f 4092/4092/4092 4091/4091/4091 4086/4086/4086
f 4092/4092/4092 4086/4086/4086 4093/4093/4093
f 4093/4093/4093 4094/4094/4094 4092/4092/4092
f 4095/4095/4095 4094/4094/4094 4093/4093/4093
f 4089/4089/4089 4096/4096/4096 4087/4087/4087
f 4089/4089/4089 4097/4097/4097 4096/4096/4096
f 4097/4097/4097 4098/4098/4098 4096/4096/4096
f 4098/4098/4098 4099/4099/4099 4096/4096/4096
f 4098/4098/4098 4100/4100/4100 4099/4099/4099
f 4101/4101/4101 4100/4100/4100 4098/4098/4098
f 4099/4099/4099 4100/4100/4100 4102/4102/4102
f 4102/4102/4102 4100/4100/4100 4103/4103/4103
f 4097/4097/4097 4089/4089/4089 4104/4104/4104
f 4104/4104/4104 4089/4089/4089 4105/4105/4105
f 4105/4105/4105 4106/4106/4106 4104/4104/4104
f 4106/4106/4106 4105/4105/4105 4107/4107/4107
f 4107/4107/4107 4105/4105/4105 4108/4108/4108
f 4090/4090/4090 4105/4105/4105 4089/4089/4089
f 4108/4108/4108 4105/4105/4105 4090/4090/4090
f 4108/4108/4108 4090/4090/4090 4109/4109/4109
f 4109/4109/4109 4090/4090/4090 4110/4110/4110
f 4111/4111/4111 4108/4108/4108 4109/4109/4109
f 4111/4111/4111 4107/4107/4107 4108/4108/4108
f 4111/4111/4111 4112/4112/4112 4107/4107/4107
f 4112/4112/4112 4106/4106/4106 4107/4107/4107
f 4088/4088/4088 4110/4110/4110 4090/4090/4090
f 4088/4088/4088 4113/4113/4113 4110/4110/4110
f 4114/4114/4114 4106/4106/4106 4112/4112/4112
f 4091/4091/4091 4113/4113/4113 4088/4088/4088
f 4091/4091/4091 4115/4115/4115 4113/4113/4113
f 4092/4092/4092 4115/4115/4115 4091/4091/4091
f 4116/4116/4116 4115/4115/4115 4092/4092/4092
f 4116/4116/4116 4092/4092/4092 4094/4094/4094
f 4117/4117/4117 4106/4106/4106 4114/4114/4114
f 4114/4114/4114 4118/4118/4118 4117/4117/4117
f 4117/4117/4117 4118/4118/4118 4119/4119/4119
f 4117/4117/4117 4119/4119/4119 4104/4104/4104
f 4106/4106/4106 4117/4117/4117 4104/4104/4104
f 4104/4104/4104 4119/4119/4119 4120/4120/4120
f 4120/4120/4120 4097/4097/4097 4104/4104/4104
f 4121/4121/4121 4097/4097/4097 4120/4120/4120
f 4120/4120/4120 4122/4122/4122 4121/4121/4121
f 4121/4121/4121 4122/4122/4122 4123/4123/4123
f 4124/4124/4124 4122/4122/4122 4120/4120/4120
f 4124/4124/4124 4120/4120/4120 4119/4119/4119
f 4125/4125/4125 4122/4122/4122 4124/4124/4124
f 4124/4124/4124 4126/4126/4126 4125/4125/4125
f 4126/4126/4126 4127/4127/4127 4125/4125/4125
f 4126/4126/4126 4128/4128/4128 4127/4127/4127
f 4127/4127/4127 4128/4128/4128 4129/4129/4129
f 4128/4128/4128 4130/4130/4130 4129/4129/4129
f 4129/4129/4129 4130/4130/4130 4131/4131/4131
f 4130/4130/4130 4132/4132/4132 4131/4131/4131
f 4131/4131/4131 4132/4132/4132 4133/4133/4133
f 4126/4126/4126 4134/4134/4134 4128/4128/4128
f 4135/4135/4135 4134/4134/4134 4126/4126/4126
f 4135/4135/4135 4126/4126/4126 4124/4124/4124
f 4128/4128/4128 4136/4136/4136 4130/4130/4130
f 4134/4134/4134 4136/4136/4136 4128/4128/4128
f 4130/4130/4130 4137/4137/4137 4132/4132/4132
f 4136/4136/4136 4137/4137/4137 4130/4130/4130
f 4135/4135/4135 4138/4138/4138 4134/4134/4134
f 4124/4124/4124 4138/4138/4138 4135/4135/4135
f 4138/4138/4138 4139/4139/4139 4134/4134/4134
f 4140/4140/4140 4136/4136/4136 4134/4134/4134
f 4139/4139/4139 4140/4140/4140 4134/4134/4134
f 4141/4141/4141 4137/4137/4137 4136/4136/4136
f 4141/4141/4141 4136/4136/4136 4140/4140/4140
f 4138/4138/4138 4142/4142/4142 4139/4139/4139
f 4142/4142/4142 4143/4143/4143 4139/4139/4139
f 4139/4139/4139 4143/4143/4143 4144/4144/4144
f 4140/4140/4140 4144/4144/4144 4141/4141/4141
f 4139/4139/4139 4144/4144/4144 4140/4140/4140
f 4138/4138/4138 4145/4145/4145 4142/4142/4142
f 4145/4145/4145 4138/4138/4138 4124/4124/4124
f 4145/4145/4145 4124/4124/4124 4119/4119/4119
f 4142/4142/4142 4145/4145/4145 4119/4119/4119
f 4142/4142/4142 4146/4146/4146 4143/4143/4143
f 4147/4147/4147 4146/4146/4146 4142/4142/4142
f 4142/4142/4142 4119/4119/4119 4147/4147/4147
f 4147/4147/4147 4148/4148/4148 4146/4146/4146
f 4118/4118/4118 4148/4148/4148 4147/4147/4147
f 4118/4118/4118 4147/4147/4147 4119/4119/4119
f 4151/4151/4151 4150/4150/4150 4149/4149/4149
f 4150/4150/4150 4152/4152/4152 4149/4149/4149
f 4150/4150/4150 4153/4153/4153 4152/4152/4152
f 4149/4149/4149 4154/4154/4154 4151/4151/4151
f 4151/4151/4151 4154/4154/4154 4155/4155/4155
f 4156/4156/4156 4154/4154/4154 4149/4149/4149
f 4152/4152/4152 4153/4153/4153 4157/4157/4157
f 4158/4158/4158 4156/4156/4156 4149/4149/4149
f 4158/4158/4158 4159/4159/4159 4156/4156/4156
f 4159/4159/4159 4158/4158/4158 4160/4160/4160
f 4161/4161/4161 4157/4157/4157 4153/4153/4153
f 4155/4155/4155 4154/4154/4154 4162/4162/4162
f 4155/4155/4155 4162/4162/4162 4163/4163/4163
f 4163/4163/4163 4162/4162/4162 4164/4164/4164
f 4165/4165/4165 4161/4161/4161 4153/4153/4153
f 4161/4161/4161 4165/4165/4165 4166/4166/4166
f 4161/4161/4161 4166/4166/4166 4167/4167/4167
f 4167/4167/4167 4157/4157/4157 4161/4161/4161
f 4164/4164/4164 4162/4162/4162 4168/4168/4168
f 4169/4169/4169 4157/4157/4157 4167/4167/4167
f 4169/4169/4169 4167/4167/4167 4170/4170/4170
f 4171/4171/4171 4170/4170/4170 4167/4167/4167
f 4171/4171/4171 4167/4167/4167 4166/4166/4166
f 4164/4164/4164 4168/4168/4168 4172/4172/4172
f 4168/4168/4168 4173/4173/4173 4172/4172/4172
f 4168/4168/4168 4174/4174/4174 4173/4173/4173
f 4174/4174/4174 4159/4159/4159 4160/4160/4160
f 4170/4170/4170 4175/4175/4175 4169/4169/4169
f 4174/4174/4174 4176/4176/4176 4173/4173/4173
f 4174/4174/4174 4160/4160/4160 4176/4176/4176
f 4176/4176/4176 4160/4160/4160 4177/4177/4177
f 4177/4177/4177 4160/4160/4160 4178/4178/4178
f 4177/4177/4177 4178/4178/4178 4179/4179/4179
f 4180/4180/4180 4170/4170/4170 4171/4171/4171
f 4180/4180/4180 4181/4181/4181 4170/4170/4170
f 4182/4182/4182 4175/4175/4175 4170/4170/4170
f 4182/4182/4182 4170/4170/4170 4181/4181/4181
f 4179/4179/4179 4178/4178/4178 4183/4183/4183
f 4179/4179/4179 4183/4183/4183 4184/4184/4184
f 4187/4187/4187 4186/4186/4186 4185/4185/4185
f 4187/4187/4187 4188/4188/4188 4186/4186/4186
f 4189/4189/4189 4185/4185/4185 4186/4186/4186
f 4189/4189/4189 4186/4186/4186 4190/4190/4190
f 4193/4193/4193 4192/4192/4192 4191/4191/4191
f 4193/4193/4193 4194/4194/4194 4192/4192/4192
f 4195/4195/4195 4193/4193/4193 4191/4191/4191
f 4195/4195/4195 4191/4191/4191 4196/4196/4196
f 4197/4197/4197 4195/4195/4195 4196/4196/4196
f 4197/4197/4197 4198/4198/4198 4195/4195/4195
f 4199/4199/4199 4198/4198/4198 4197/4197/4197
f 4199/4199/4199 4200/4200/4200 4198/4198/4198
f 4203/4203/4203 4202/4202/4202 4201/4201/4201
f 4203/4203/4203 4204/4204/4204 4202/4202/4202
f 4201/4201/4201 4202/4202/4202 4205/4205/4205
f 4201/4201/4201 4205/4205/4205 4206/4206/4206
f 4205/4205/4205 4207/4207/4207 4206/4206/4206
f 4205/4205/4205 4208/4208/4208 4207/4207/4207
f 4208/4208/4208 4209/4209/4209 4207/4207/4207
f 4208/4208/4208 4210/4210/4210 4209/4209/4209
f 4213/4213/4213 4212/4212/4212 4211/4211/4211
f 4214/4214/4214 4212/4212/4212 4213/4213/4213
f 4214/4214/4214 4215/4215/4215 4212/4212/4212
f 4216/4216/4216 4213/4213/4213 4211/4211/4211
f 4216/4216/4216 4217/4217/4217 4213/4213/4213
f 4217/4217/4217 4216/4216/4216 4218/4218/4218
f 4221/4221/4221 4220/4220/4220 4219/4219/4219
f 4220/4220/4220 4221/4221/4221 4222/4222/4222
f 4222/4222/4222 4221/4221/4221 4223/4223/4223
f 4222/4222/4222 4224/4224/4224 4220/4220/4220
f 4225/4225/4225 4224/4224/4224 4222/4222/4222
f 4226/4226/4226 4224/4224/4224 4225/4225/4225
f 4226/4226/4226 4227/4227/4227 4224/4224/4224
f 4220/4220/4220 4228/4228/4228 4219/4219/4219
f 4229/4229/4229 4219/4219/4219 4228/4228/4228
f 4228/4228/4228 4230/4230/4230 4229/4229/4229
f 4229/4229/4229 4230/4230/4230 4231/4231/4231
f 4228/4228/4228 4232/4232/4232 4230/4230/4230
f 4230/4230/4230 4232/4232/4232 4233/4233/4233
f 4236/4236/4236 4235/4235/4235 4234/4234/4234
f 4237/4237/4237 4234/4234/4234 4235/4235/4235
f 4237/4237/4237 4238/4238/4238 4234/4234/4234
f 4237/4237/4237 4239/4239/4239 4238/4238/4238
f 4239/4239/4239 4240/4240/4240 4238/4238/4238
f 4239/4239/4239 4241/4241/4241 4240/4240/4240
f 4241/4241/4241 4239/4239/4239 4242/4242/4242
f 4240/4240/4240 4241/4241/4241 4243/4243/4243
f 4241/4241/4241 4242/4242/4242 4244/4244/4244
f 4244/4244/4244 4242/4242/4242 4245/4245/4245
f 4246/4246/4246 4245/4245/4245 4242/4242/4242
f 4235/4235/4235 4247/4247/4247 4237/4237/4237
f 4248/4248/4248 4247/4247/4247 4235/4235/4235
f 4249/4249/4249 4041/4041/4041 4040/4040/4040
f 4049/4049/4049 4249/4249/4249 4040/4040/4040
f 4041/4041/4041 4249/4249/4249 4250/4250/4250
f 4041/4041/4041 4250/4250/4250 4043/4043/4043
f 4253/4253/4253 4252/4252/4252 4251/4251/4251
f 4254/4254/4254 4252/4252/4252 4253/4253/4253
f 4253/4253/4253 4255/4255/4255 4254/4254/4254
f 4254/4254/4254 4255/4255/4255 4256/4256/4256
f 4257/4257/4257 4256/4256/4256 4255/4255/4255
f 4257/4257/4257 4255/4255/4255 4258/4258/4258
f 4259/4259/4259 4257/4257/4257 4258/4258/4258
f 4251/4251/4251 4252/4252/4252 4260/4260/4260
f 4251/4251/4251 4260/4260/4260 4261/4261/4261
f 4261/4261/4261 4260/4260/4260 4262/4262/4262
f 4261/4261/4261 4262/4262/4262 4263/4263/4263
f 4263/4263/4263 4262/4262/4262 4264/4264/4264
f 4263/4263/4263 4264/4264/4264 4265/4265/4265
f 4266/4266/4266 4265/4265/4265 4264/4264/4264
f 4269/4269/4269 4268/4268/4268 4267/4267/4267
f 4270/4270/4270 4268/4268/4268 4269/4269/4269
f 4269/4269/4269 4271/4271/4271 4270/4270/4270
f 4270/4270/4270 4271/4271/4271 4272/4272/4272
f 4271/4271/4271 4273/4273/4273 4272/4272/4272
f 4272/4272/4272 4273/4273/4273 4274/4274/4274
f 4267/4267/4267 4268/4268/4268 4275/4275/4275
f 4275/4275/4275 4268/4268/4268 4276/4276/4276
f 4277/4277/4277 4275/4275/4275 4276/4276/4276
f 4278/4278/4278 4275/4275/4275 4277/4277/4277
f 4277/4277/4277 4279/4279/4279 4278/4278/4278
f 4278/4278/4278 4279/4279/4279 4280/4280/4280
f 4280/4280/4280 4279/4279/4279 4281/4281/4281
f 4281/4281/4281 4279/4279/4279 4282/4282/4282
f 4281/4281/4281 4282/4282/4282 4283/4283/4283
f 4283/4283/4283 4282/4282/4282 4284/4284/4284
f 4287/4287/4287 4286/4286/4286 4285/4285/4285
f 4288/4288/4288 4286/4286/4286 4287/4287/4287
f 4287/4287/4287 4285/4285/4285 4289/4289/4289
f 4289/4289/4289 4285/4285/4285 4290/4290/4290
f 4288/4288/4288 4291/4291/4291 4286/4286/4286
f 4286/4286/4286 4291/4291/4291 4292/4292/4292
f 4293/4293/4293 4292/4292/4292 4291/4291/4291
f 4294/4294/4294 4292/4292/4292 4293/4293/4293
f 4293/4293/4293 4295/4295/4295 4294/4294/4294
f 4294/4294/4294 4295/4295/4295 4296/4296/4296
f 4295/4295/4295 4297/4297/4297 4296/4296/4296
f 4298/4298/4298 4297/4297/4297 4295/4295/4295
f 4299/4299/4299 4297/4297/4297 4298/4298/4298
f 4300/4300/4300 4297/4297/4297 4299/4299/4299
f 4299/4299/4299 4301/4301/4301 4300/4300/4300
f 4300/4300/4300 4301/4301/4301 4302/4302/4302
f 4305/4305/4305 4304/4304/4304 4303/4303/4303
f 4303/4303/4303 4304/4304/4304 4123/4123/4123
f 4123/4123/4123 4304/4304/4304 4121/4121/4121
f 4098/4098/4098 4121/4121/4121 4304/4304/4304
f 4304/4304/4304 4306/4306/4306 4098/4098/4098
f 4307/4307/4307 4098/4098/4098 4306/4306/4306
f 4101/4101/4101 4098/4098/4098 4307/4307/4307
f 4097/4097/4097 4121/4121/4121 4098/4098/4098
f 4306/4306/4306 4304/4304/4304 4308/4308/4308
f 4305/4305/4305 4308/4308/4308 4304/4304/4304
f 4306/4306/4306 4308/4308/4308 4309/4309/4309
f 4305/4305/4305 4309/4309/4309 4308/4308/4308
f 4310/4310/4310 4305/4305/4305 4303/4303/4303
f 4310/4310/4310 4311/4311/4311 4305/4305/4305
f 4311/4311/4311 4309/4309/4309 4305/4305/4305
f 4311/4311/4311 4312/4312/4312 4309/4309/4309
f 4313/4313/4313 4312/4312/4312 4311/4311/4311
f 4315/4315/4315 4314/4314/4314 4312/4312/4312
f 4315/4315/4315 4312/4312/4312 4316/4316/4316
f 4315/4315/4315 4316/4316/4316 4317/4317/4317
f 4317/4317/4317 4318/4318/4318 4315/4315/4315
f 4023/4023/4023 4315/4315/4315 4318/4318/4318
f 4315/4315/4315 4023/4023/4023 4319/4319/4319
f 4026/4026/4026 4319/4319/4319 4023/4023/4023
f 4318/4318/4318 4058/4058/4058 4023/4023/4023
f 4023/4023/4023 4058/4058/4058 4020/4020/4020
f 4056/4056/4056 4020/4020/4020 4058/4058/4058
f 4016/4016/4016 4020/4020/4020 4056/4056/4056
f 4318/4318/4318 4059/4059/4059 4058/4058/4058
f 4320/4320/4320 4059/4059/4059 4318/4318/4318
f 4321/4321/4321 4320/4320/4320 4318/4318/4318
f 4317/4317/4317 4321/4321/4321 4318/4318/4318
f 4317/4317/4317 4316/4316/4316 4321/4321/4321
f 4321/4321/4321 4322/4322/4322 4320/4320/4320
f 4321/4321/4321 4323/4323/4323 4322/4322/4322
f 4316/4316/4316 4323/4323/4323 4321/4321/4321
f 4326/4326/4326 4325/4325/4325 4324/4324/4324
f 4325/4325/4325 4327/4327/4327 4324/4324/4324
f 4327/4327/4327 4328/4328/4328 4324/4324/4324
f 4329/4329/4329 4324/4324/4324 4328/4328/4328
f 4330/4330/4330 4324/4324/4324 4329/4329/4329
f 4324/4324/4324 4331/4331/4331 4326/4326/4326
f 4334/4334/4334 4333/4333/4333 4332/4332/4332
f 4333/4333/4333 4334/4334/4334 4335/4335/4335
f 4336/4336/4336 4335/4335/4335 4334/4334/4334
f 4334/4334/4334 4337/4337/4337 4336/4336/4336
f 4338/4338/4338 4337/4337/4337 4334/4334/4334
f 4339/4339/4339 4338/4338/4338 4334/4334/4334
f 4342/4342/4342 4341/4341/4341 4340/4340/4340
f 4342/4342/4342 4343/4343/4343 4341/4341/4341
f 4346/4346/4346 4345/4345/4345 4344/4344/4344
f 4346/4346/4346 4347/4347/4347 4345/4345/4345
f 4350/4350/4350 4349/4349/4349 4348/4348/4348
f 4350/4350/4350 4351/4351/4351 4349/4349/4349
f 4354/4354/4354 4353/4353/4353 4352/4352/4352
f 4354/4354/4354 4355/4355/4355 4353/4353/4353
f 4358/4358/4358 4357/4357/4357 4356/4356/4356
f 4358/4358/4358 4359/4359/4359 4357/4357/4357
f 4360/4360/4360 4358/4358/4358 4356/4356/4356
f 4360/4360/4360 4361/4361/4361 4358/4358/4358
f 4362/4362/4362 4361/4361/4361 4360/4360/4360
f 4362/4362/4362 4363/4363/4363 4361/4361/4361
f 4362/4362/4362 4364/4364/4364 4363/4363/4363
f 4362/4362/4362 4365/4365/4365 4364/4364/4364
f 4366/4366/4366 4361/4361/4361 4363/4363/4363
f 4366/4366/4366 4363/4363/4363 4364/4364/4364
f 4366/4366/4366 4367/4367/4367 4361/4361/4361
f 4368/4368/4368 4361/4361/4361 4367/4367/4367
f 4368/4368/4368 4358/4358/4358 4361/4361/4361
f 4368/4368/4368 4359/4359/4359 4358/4358/4358
f 4368/4368/4368 4369/4369/4369 4359/4359/4359
f 4366/4366/4366 4364/4364/4364 4370/4370/4370
f 4356/4356/4356 4357/4357/4357 4371/4371/4371
f 4356/4356/4356 4371/4371/4371 4372/4372/4372
f 4365/4365/4365 4362/4362/4362 4373/4373/4373
f 4360/4360/4360 4373/4373/4373 4362/4362/4362
f 4365/4365/4365 4373/4373/4373 4374/4374/4374
f 4360/4360/4360 4375/4375/4375 4373/4373/4373
f 4356/4356/4356 4375/4375/4375 4360/4360/4360
f 4356/4356/4356 4372/4372/4372 4375/4375/4375
f 4378/4378/4378 4377/4377/4377 4376/4376/4376
f 4379/4379/4379 4377/4377/4377 4378/4378/4378
f 4380/4380/4380 4378/4378/4378 4376/4376/4376
f 4381/4381/4381 4378/4378/4378 4380/4380/4380
f 4382/4382/4382 4381/4381/4381 4380/4380/4380
f 4383/4383/4383 4382/4382/4382 4380/4380/4380
f 4383/4383/4383 4384/4384/4384 4382/4382/4382
f 4383/4383/4383 4385/4385/4385 4384/4384/4384
f 4386/4386/4386 4385/4385/4385 4383/4383/4383
f 4385/4385/4385 4387/4387/4387 4384/4384/4384
f 4388/4388/4388 4387/4387/4387 4385/4385/4385
f 4377/4377/4377 4379/4379/4379 4389/4389/4389
f 4377/4377/4377 4389/4389/4389 4376/4376/4376
f 4379/4379/4379 4390/4390/4390 4389/4389/4389
f 4379/4379/4379 4391/4391/4391 4390/4390/4390
f 4392/4392/4392 4391/4391/4391 4379/4379/4379
f 4391/4391/4391 4392/4392/4392 4393/4393/4393
f 4391/4391/4391 4393/4393/4393 4394/4394/4394
f 4394/4394/4394 4393/4393/4393 4395/4395/4395
f 4394/4394/4394 4395/4395/4395 4396/4396/4396
f 4396/4396/4396 4395/4395/4395 4397/4397/4397
f 4397/4397/4397 4398/4398/4398 4396/4396/4396
f 4399/4399/4399 4398/4398/4398 4397/4397/4397
f 4400/4400/4400 4398/4398/4398 4399/4399/4399
f 4399/4399/4399 4401/4401/4401 4400/4400/4400
f 4399/4399/4399 4402/4402/4402 4401/4401/4401
f 4403/4403/4403 4401/4401/4401 4402/4402/4402
f 4403/4403/4403 4402/4402/4402 4404/4404/4404
f 4405/4405/4405 4402/4402/4402 4399/4399/4399
f 4399/4399/4399 4406/4406/4406 4405/4405/4405
f 4397/4397/4397 4406/4406/4406 4399/4399/4399
f 4407/4407/4407 4394/4394/4394 4396/4396/4396
f 4398/4398/4398 4407/4407/4407 4396/4396/4396
f 4407/4407/4407 4408/4408/4408 4394/4394/4394
f 4398/4398/4398 4409/4409/4409 4407/4407/4407
f 4400/4400/4400 4409/4409/4409 4398/4398/4398
f 4408/4408/4408 4391/4391/4391 4394/4394/4394
f 4408/4408/4408 4410/4410/4410 4391/4391/4391
f 4410/4410/4410 4390/4390/4390 4391/4391/4391
f 4410/4410/4410 4411/4411/4411 4390/4390/4390
f 4389/4389/4389 4390/4390/4390 4411/4411/4411
f 4389/4389/4389 4411/4411/4411 4412/4412/4412
f 4413/4413/4413 4389/4389/4389 4412/4412/4412
f 4389/4389/4389 4413/4413/4413 4376/4376/4376
f 4413/4413/4413 4412/4412/4412 4414/4414/4414
f 4413/4413/4413 4415/4415/4415 4376/4376/4376
f 4413/4413/4413 4414/4414/4414 4415/4415/4415
f 4416/4416/4416 4376/4376/4376 4415/4415/4415
f 4417/4417/4417 4416/4416/4416 4415/4415/4415
f 4418/4418/4418 4416/4416/4416 4417/4417/4417
f 4418/4418/4418 4417/4417/4417 4419/4419/4419
f 4419/4419/4419 4417/4417/4417 4420/4420/4420
f 4420/4420/4420 4417/4417/4417 4421/4421/4421
f 4417/4417/4417 4415/4415/4415 4421/4421/4421
f 4420/4420/4420 4421/4421/4421 4422/4422/4422
f 4423/4423/4423 4422/4422/4422 4421/4421/4421
f 4423/4423/4423 4421/4421/4421 4424/4424/4424
f 4425/4425/4425 4422/4422/4422 4423/4423/4423
f 4426/4426/4426 4425/4425/4425 4423/4423/4423
f 4426/4426/4426 4423/4423/4423 4427/4427/4427
f 4426/4426/4426 4427/4427/4427 4428/4428/4428
f 4426/4426/4426 4428/4428/4428 4429/4429/4429
f 4429/4429/4429 4428/4428/4428 4430/4430/4430
f 4429/4429/4429 4430/4430/4430 4431/4431/4431
f 4427/4427/4427 4432/4432/4432 4428/4428/4428
f 4427/4427/4427 4433/4433/4433 4432/4432/4432
f 4423/4423/4423 4433/4433/4433 4427/4427/4427
f 4423/4423/4423 4424/4424/4424 4433/4433/4433
f 4428/4428/4428 4434/4434/4434 4430/4430/4430
f 4428/4428/4428 4432/4432/4432 4434/4434/4434
f 4433/4433/4433 4435/4435/4435 4432/4432/4432
f 4432/4432/4432 4436/4436/4436 4434/4434/4434
f 4435/4435/4435 4436/4436/4436 4432/4432/4432
f 4421/4421/4421 4437/4437/4437 4424/4424/4424
f 4433/4433/4433 4424/4424/4424 4437/4437/4437
f 4433/4433/4433 4437/4437/4437 4438/4438/4438
f 4435/4435/4435 4433/4433/4433 4438/4438/4438
f 4439/4439/4439 4437/4437/4437 4421/4421/4421
f 4439/4439/4439 4421/4421/4421 4415/4415/4415
f 4437/4437/4437 4440/4440/4440 4438/4438/4438
f 4437/4437/4437 4439/4439/4439 4440/4440/4440
f 4440/4440/4440 4439/4439/4439 4415/4415/4415
f 4441/4441/4441 4438/4438/4438 4440/4440/4440
f 4441/4441/4441 4442/4442/4442 4438/4438/4438
f 4435/4435/4435 4442/4442/4442 4436/4436/4436
f 4435/4435/4435 4438/4438/4438 4442/4442/4442
f 4440/4440/4440 4415/4415/4415 4443/4443/4443
f 4443/4443/4443 4415/4415/4415 4414/4414/4414
f 4444/4444/4444 4443/4443/4443 4414/4414/4414
f 4444/4444/4444 4445/4445/4445 4443/4443/4443
f 4440/4440/4440 4445/4445/4445 4441/4441/4441
f 4440/4440/4440 4443/4443/4443 4445/4445/4445
f 4448/4448/4448 4447/4447/4447 4446/4446/4446
f 4449/4449/4449 4447/4447/4447 4448/4448/4448
f 4447/4447/4447 4449/4449/4449 4450/4450/4450
f 4447/4447/4447 4451/4451/4451 4446/4446/4446
f 4452/4452/4452 4446/4446/4446 4451/4451/4451
f 4452/4452/4452 4453/4453/4453 4446/4446/4446
f 4454/4454/4454 4453/4453/4453 4452/4452/4452
f 4454/4454/4454 4455/4455/4455 4453/4453/4453
f 4456/4456/4456 4449/4449/4449 4448/4448/4448
f 4457/4457/4457 4449/4449/4449 4456/4456/4456
f 4458/4458/4458 4457/4457/4457 4456/4456/4456
f 4459/4459/4459 4458/4458/4458 4456/4456/4456
f 4460/4460/4460 4458/4458/4458 4459/4459/4459
f 4460/4460/4460 4461/4461/4461 4458/4458/4458
f 4460/4460/4460 4459/4459/4459 4462/4462/4462
f 4460/4460/4460 4462/4462/4462 4463/4463/4463
f 4449/4449/4449 4457/4457/4457 4464/4464/4464
f 4449/4449/4449 4464/4464/4464 4465/4465/4465
f 4466/4466/4466 4465/4465/4465 4464/4464/4464
f 4465/4465/4465 4466/4466/4466 4467/4467/4467
f 4465/4465/4465 4467/4467/4467 4468/4468/4468
f 4465/4465/4465 4450/4450/4450 4449/4449/4449
f 4465/4465/4465 4468/4468/4468 4450/4450/4450
f 4450/4450/4450 4468/4468/4468 4469/4469/4469
f 4450/4450/4450 4469/4469/4469 4470/4470/4470
f 4468/4468/4468 4471/4471/4471 4469/4469/4469
f 4471/4471/4471 4468/4468/4468 4467/4467/4467
f 4471/4471/4471 4467/4467/4467 4472/4472/4472
f 4466/4466/4466 4472/4472/4472 4467/4467/4467
f 4470/4470/4470 4447/4447/4447 4450/4450/4450
f 4470/4470/4470 4473/4473/4473 4447/4447/4447
f 4466/4466/4466 4474/4474/4474 4472/4472/4472
f 4473/4473/4473 4451/4451/4451 4447/4447/4447
f 4473/4473/4473 4475/4475/4475 4451/4451/4451
f 4475/4475/4475 4452/4452/4452 4451/4451/4451
f 4476/4476/4476 4452/4452/4452 4475/4475/4475
f 4476/4476/4476 4454/4454/4454 4452/4452/4452
f 4466/4466/4466 4477/4477/4477 4474/4474/4474
f 4478/4478/4478 4474/4474/4474 4477/4477/4477
f 4477/4477/4477 4466/4466/4466 4464/4464/4464
f 4479/4479/4479 4477/4477/4477 4464/4464/4464
f 4478/4478/4478 4477/4477/4477 4479/4479/4479
f 4479/4479/4479 4464/4464/4464 4480/4480/4480
f 4457/4457/4457 4480/4480/4480 4464/4464/4464
f 4457/4457/4457 4481/4481/4481 4480/4480/4480
f 4482/4482/4482 4480/4480/4480 4481/4481/4481
f 4482/4482/4482 4481/4481/4481 4483/4483/4483
f 4482/4482/4482 4484/4484/4484 4480/4480/4480
f 4480/4480/4480 4484/4484/4484 4479/4479/4479
f 4482/4482/4482 4485/4485/4485 4484/4484/4484
f 4486/4486/4486 4484/4484/4484 4485/4485/4485
f 4487/4487/4487 4486/4486/4486 4485/4485/4485
f 4488/4488/4488 4486/4486/4486 4487/4487/4487
f 4488/4488/4488 4487/4487/4487 4489/4489/4489
f 4490/4490/4490 4488/4488/4488 4489/4489/4489
f 4490/4490/4490 4489/4489/4489 4491/4491/4491
f 4492/4492/4492 4490/4490/4490 4491/4491/4491
f 4492/4492/4492 4491/4491/4491 4493/4493/4493
f 4494/4494/4494 4486/4486/4486 4488/4488/4488
f 4494/4494/4494 4495/4495/4495 4486/4486/4486
f 4486/4486/4486 4495/4495/4495 4484/4484/4484
f 4496/4496/4496 4488/4488/4488 4490/4490/4490
f 4496/4496/4496 4494/4494/4494 4488/4488/4488
f 4497/4497/4497 4490/4490/4490 4492/4492/4492
f 4497/4497/4497 4496/4496/4496 4490/4490/4490
f 4498/4498/4498 4495/4495/4495 4494/4494/4494
f 4498/4498/4498 4484/4484/4484 4495/4495/4495
f 4499/4499/4499 4498/4498/4498 4494/4494/4494
f 4496/4496/4496 4500/4500/4500 4494/4494/4494
f 4500/4500/4500 4499/4499/4499 4494/4494/4494
f 4497/4497/4497 4501/4501/4501 4496/4496/4496
f 4496/4496/4496 4501/4501/4501 4500/4500/4500
f 4498/4498/4498 4499/4499/4499 4502/4502/4502
f 4503/4503/4503 4502/4502/4502 4499/4499/4499
f 4503/4503/4503 4499/4499/4499 4504/4504/4504
f 4504/4504/4504 4500/4500/4500 4501/4501/4501
f 4504/4504/4504 4499/4499/4499 4500/4500/4500
f 4498/4498/4498 4502/4502/4502 4505/4505/4505
f 4498/4498/4498 4505/4505/4505 4484/4484/4484
f 4484/4484/4484 4505/4505/4505 4479/4479/4479
f 4479/4479/4479 4505/4505/4505 4502/4502/4502
f 4506/4506/4506 4502/4502/4502 4503/4503/4503
f 4506/4506/4506 4507/4507/4507 4502/4502/4502
f 4479/4479/4479 4502/4502/4502 4507/4507/4507
f 4508/4508/4508 4507/4507/4507 4506/4506/4506
f 4508/4508/4508 4478/4478/4478 4507/4507/4507
f 4507/4507/4507 4478/4478/4478 4479/4479/4479
f 4511/4511/4511 4510/4510/4510 4509/4509/4509
f 4511/4511/4511 4509/4509/4509 4512/4512/4512
f 4511/4511/4511 4512/4512/4512 4513/4513/4513
f 4514/4514/4514 4509/4509/4509 4510/4510/4510
f 4514/4514/4514 4510/4510/4510 4515/4515/4515
f 4514/4514/4514 4516/4516/4516 4509/4509/4509
f 4513/4513/4513 4512/4512/4512 4517/4517/4517
f 4516/4516/4516 4518/4518/4518 4509/4509/4509
f 4519/4519/4519 4518/4518/4518 4516/4516/4516
f 4518/4518/4518 4519/4519/4519 4520/4520/4520
f 4517/4517/4517 4521/4521/4521 4513/4513/4513
f 4522/4522/4522 4514/4514/4514 4515/4515/4515
f 4522/4522/4522 4515/4515/4515 4523/4523/4523
f 4522/4522/4522 4523/4523/4523 4524/4524/4524
f 4521/4521/4521 4525/4525/4525 4513/4513/4513
f 4521/4521/4521 4526/4526/4526 4525/4525/4525
f 4521/4521/4521 4527/4527/4527 4526/4526/4526
f 4517/4517/4517 4527/4527/4527 4521/4521/4521
f 4522/4522/4522 4524/4524/4524 4528/4528/4528
f 4517/4517/4517 4529/4529/4529 4527/4527/4527
f 4527/4527/4527 4529/4529/4529 4530/4530/4530
f 4530/4530/4530 4531/4531/4531 4527/4527/4527
f 4527/4527/4527 4531/4531/4531 4526/4526/4526
f 4528/4528/4528 4524/4524/4524 4532/4532/4532
f 4533/4533/4533 4528/4528/4528 4532/4532/4532
f 4533/4533/4533 4534/4534/4534 4528/4528/4528
f 4519/4519/4519 4534/4534/4534 4520/4520/4520
f 4535/4535/4535 4530/4530/4530 4529/4529/4529
f 4536/4536/4536 4534/4534/4534 4533/4533/4533
f 4520/4520/4520 4534/4534/4534 4536/4536/4536
f 4520/4520/4520 4536/4536/4536 4537/4537/4537
f 4537/4537/4537 4538/4538/4538 4520/4520/4520
f 4537/4537/4537 4539/4539/4539 4538/4538/4538
f 4530/4530/4530 4540/4540/4540 4531/4531/4531
f 4541/4541/4541 4540/4540/4540 4530/4530/4530
f 4535/4535/4535 4542/4542/4542 4530/4530/4530
f 4530/4530/4530 4542/4542/4542 4541/4541/4541
f 4539/4539/4539 4543/4543/4543 4538/4538/4538
f 4539/4539/4539 4544/4544/4544 4543/4543/4543
f 4547/4547/4547 4546/4546/4546 4545/4545/4545
f 4547/4547/4547 4548/4548/4548 4546/4546/4546
f 4547/4547/4547 4545/4545/4545 4549/4549/4549
f 4547/4547/4547 4549/4549/4549 4550/4550/4550
f 4553/4553/4553 4552/4552/4552 4551/4551/4551
f 4553/4553/4553 4554/4554/4554 4552/4552/4552
f 4555/4555/4555 4554/4554/4554 4553/4553/4553
f 4555/4555/4555 4556/4556/4556 4554/4554/4554
f 4555/4555/4555 4557/4557/4557 4556/4556/4556
f 4555/4555/4555 4558/4558/4558 4557/4557/4557
f 4558/4558/4558 4559/4559/4559 4557/4557/4557
f 4558/4558/4558 4560/4560/4560 4559/4559/4559
f 4563/4563/4563 4562/4562/4562 4561/4561/4561
f 4563/4563/4563 4564/4564/4564 4562/4562/4562
f 4565/4565/4565 4563/4563/4563 4561/4561/4561
f 4565/4565/4565 4561/4561/4561 4566/4566/4566
f 4565/4565/4565 4566/4566/4566 4567/4567/4567
f 4565/4565/4565 4567/4567/4567 4568/4568/4568
f 4568/4568/4568 4567/4567/4567 4569/4569/4569
f 4568/4568/4568 4569/4569/4569 4570/4570/4570
f 4573/4573/4573 4572/4572/4572 4571/4571/4571
f 4573/4573/4573 4574/4574/4574 4572/4572/4572
f 4575/4575/4575 4574/4574/4574 4573/4573/4573
f 4572/4572/4572 4576/4576/4576 4571/4571/4571
f 4577/4577/4577 4576/4576/4576 4572/4572/4572
f 4576/4576/4576 4577/4577/4577 4578/4578/4578
f 4581/4581/4581 4580/4580/4580 4579/4579/4579
f 4580/4580/4580 4581/4581/4581 4582/4582/4582
f 4580/4580/4580 4582/4582/4582 4583/4583/4583
f 4584/4584/4584 4582/4582/4582 4581/4581/4581
f 4584/4584/4584 4585/4585/4585 4582/4582/4582
f 4584/4584/4584 4586/4586/4586 4585/4585/4585
f 4587/4587/4587 4586/4586/4586 4584/4584/4584
f 4588/4588/4588 4581/4581/4581 4579/4579/4579
f 4579/4579/4579 4589/4589/4589 4588/4588/4588
f 4590/4590/4590 4588/4588/4588 4589/4589/4589
f 4590/4590/4590 4589/4589/4589 4591/4591/4591
f 4592/4592/4592 4588/4588/4588 4590/4590/4590
f 4592/4592/4592 4590/4590/4590 4593/4593/4593
f 4596/4596/4596 4595/4595/4595 4594/4594/4594
f 4594/4594/4594 4597/4597/4597 4596/4596/4596
f 4598/4598/4598 4597/4597/4597 4594/4594/4594
f 4599/4599/4599 4597/4597/4597 4598/4598/4598
f 4600/4600/4600 4599/4599/4599 4598/4598/4598
f 4601/4601/4601 4599/4599/4599 4600/4600/4600
f 4599/4599/4599 4601/4601/4601 4602/4602/4602
f 4601/4601/4601 4600/4600/4600 4603/4603/4603
f 4602/4602/4602 4601/4601/4601 4604/4604/4604
f 4602/4602/4602 4604/4604/4604 4605/4605/4605
f 4605/4605/4605 4606/4606/4606 4602/4602/4602
f 4607/4607/4607 4596/4596/4596 4597/4597/4597
f 4607/4607/4607 4608/4608/4608 4596/4596/4596
f 4401/4401/4401 4609/4609/4609 4400/4400/4400
f 4400/4400/4400 4609/4609/4609 4409/4409/4409
f 4610/4610/4610 4609/4609/4609 4401/4401/4401
f 4610/4610/4610 4401/4401/4401 4403/4403/4403
f 4613/4613/4613 4612/4612/4612 4611/4611/4611
f 4613/4613/4613 4614/4614/4614 4612/4612/4612
f 4615/4615/4615 4612/4612/4612 4614/4614/4614
f 4615/4615/4615 4614/4614/4614 4616/4616/4616
f 4617/4617/4617 4615/4615/4615 4616/4616/4616
f 4617/4617/4617 4618/4618/4618 4615/4615/4615
f 4617/4617/4617 4619/4619/4619 4618/4618/4618
f 4620/4620/4620 4613/4613/4613 4611/4611/4611
f 4620/4620/4620 4611/4611/4611 4621/4621/4621
f 4622/4622/4622 4620/4620/4620 4621/4621/4621
f 4622/4622/4622 4621/4621/4621 4623/4623/4623
f 4624/4624/4624 4622/4622/4622 4623/4623/4623
f 4624/4624/4624 4623/4623/4623 4625/4625/4625
f 4625/4625/4625 4626/4626/4626 4624/4624/4624
f 4629/4629/4629 4628/4628/4628 4627/4627/4627
f 4629/4629/4629 4630/4630/4630 4628/4628/4628
f 4631/4631/4631 4628/4628/4628 4630/4630/4630
f 4631/4631/4631 4630/4630/4630 4632/4632/4632
f 4633/4633/4633 4631/4631/4631 4632/4632/4632
f 4633/4633/4633 4632/4632/4632 4634/4634/4634
f 4629/4629/4629 4627/4627/4627 4635/4635/4635
f 4629/4629/4629 4635/4635/4635 4636/4636/4636
f 4635/4635/4635 4637/4637/4637 4636/4636/4636
f 4635/4635/4635 4638/4638/4638 4637/4637/4637
f 4639/4639/4639 4637/4637/4637 4638/4638/4638
f 4639/4639/4639 4638/4638/4638 4640/4640/4640
f 4639/4639/4639 4640/4640/4640 4641/4641/4641
f 4639/4639/4639 4641/4641/4641 4642/4642/4642
f 4642/4642/4642 4641/4641/4641 4643/4643/4643
f 4642/4642/4642 4643/4643/4643 4644/4644/4644
f 4647/4647/4647 4646/4646/4646 4645/4645/4645
f 4647/4647/4647 4648/4648/4648 4646/4646/4646
f 4645/4645/4645 4646/4646/4646 4649/4649/4649
f 4645/4645/4645 4649/4649/4649 4650/4650/4650
f 4651/4651/4651 4648/4648/4648 4647/4647/4647
f 4651/4651/4651 4647/4647/4647 4652/4652/4652
f 4652/4652/4652 4653/4653/4653 4651/4651/4651
f 4652/4652/4652 4654/4654/4654 4653/4653/4653
f 4655/4655/4655 4653/4653/4653 4654/4654/4654
f 4655/4655/4655 4654/4654/4654 4656/4656/4656
f 4657/4657/4657 4655/4655/4655 4656/4656/4656
f 4657/4657/4657 4658/4658/4658 4655/4655/4655
f 4657/4657/4657 4659/4659/4659 4658/4658/4658
f 4657/4657/4657 4660/4660/4660 4659/4659/4659
f 4661/4661/4661 4659/4659/4659 4660/4660/4660
f 4661/4661/4661 4660/4660/4660 4662/4662/4662
f 4665/4665/4665 4664/4664/4664 4663/4663/4663
f 4665/4665/4665 4663/4663/4663 4483/4483/4483
f 4665/4665/4665 4483/4483/4483 4481/4481/4481
f 4481/4481/4481 4458/4458/4458 4665/4665/4665
f 4458/4458/4458 4666/4666/4666 4665/4665/4665
f 4666/4666/4666 4458/4458/4458 4667/4667/4667
f 4667/4667/4667 4458/4458/4458 4461/4461/4461
f 4481/4481/4481 4457/4457/4457 4458/4458/4458
f 4665/4665/4665 4666/4666/4666 4668/4668/4668
f 4668/4668/4668 4664/4664/4664 4665/4665/4665
f 4669/4669/4669 4668/4668/4668 4666/4666/4666
f 4669/4669/4669 4664/4664/4664 4668/4668/4668
f 4664/4664/4664 4670/4670/4670 4663/4663/4663
f 4664/4664/4664 4671/4671/4671 4670/4670/4670
f 4671/4671/4671 4664/4664/4664 4669/4669/4669
f 4671/4671/4671 4669/4669/4669 4672/4672/4672
f 4671/4671/4671 4672/4672/4672 4673/4673/4673
f 4675/4675/4675 4674/4674/4674 4672/4672/4672
f 4674/4674/4674 4676/4676/4676 4672/4672/4672
f 4674/4674/4674 4677/4677/4677 4676/4676/4676
f 4678/4678/4678 4677/4677/4677 4674/4674/4674
f 4678/4678/4678 4674/4674/4674 4383/4383/4383
f 4383/4383/4383 4674/4674/4674 4679/4679/4679
f 4386/4386/4386 4383/4383/4383 4679/4679/4679
f 4418/4418/4418 4678/4678/4678 4383/4383/4383
f 4418/4418/4418 4383/4383/4383 4380/4380/4380
f 4380/4380/4380 4416/4416/4416 4418/4418/4418
f 4380/4380/4380 4376/4376/4376 4416/4416/4416
f 4419/4419/4419 4678/4678/4678 4418/4418/4418
f 4419/4419/4419 4680/4680/4680 4678/4678/4678
f 4680/4680/4680 4681/4681/4681 4678/4678/4678
f 4681/4681/4681 4677/4677/4677 4678/4678/4678
f 4676/4676/4676 4677/4677/4677 4681/4681/4681
f 4682/4682/4682 4681/4681/4681 4680/4680/4680
f 4683/4683/4683 4681/4681/4681 4682/4682/4682
f 4683/4683/4683 4676/4676/4676 4681/4681/4681
f 4686/4686/4686 4685/4685/4685 4684/4684/4684
f 4687/4687/4687 4686/4686/4686 4684/4684/4684
f 4688/4688/4688 4687/4687/4687 4684/4684/4684
f 4684/4684/4684 4689/4689/4689 4688/4688/4688
f 4684/4684/4684 4690/4690/4690 4689/4689/4689
f 4691/4691/4691 4684/4684/4684 4685/4685/4685
f 4694/4694/4694 4693/4693/4693 4692/4692/4692
f 4693/4693/4693 4694/4694/4694 4695/4695/4695
f 4695/4695/4695 4696/4696/4696 4693/4693/4693
f 4697/4697/4697 4693/4693/4693 4696/4696/4696
f 4697/4697/4697 4698/4698/4698 4693/4693/4693
f 4698/4698/4698 4699/4699/4699 4693/4693/4693
f 4702/4702/4702 4701/4701/4701 4700/4700/4700
f 4702/4702/4702 4703/4703/4703 4701/4701/4701
f 4704/4704/4704 4701/4701/4701 4703/4703/4703
f 4704/4704/4704 4705/4705/4705 4701/4701/4701
f 4700/4700/4700 4706/4706/4706 4702/4702/4702
f 4700/4700/4700 4707/4707/4707 4706/4706/4706
f 4706/4706/4706 4707/4707/4707 4708/4708/4708
f 4706/4706/4706 4708/4708/4708 4709/4709/4709
f 4702/4702/4702 4710/4710/4710 4703/4703/4703
f 4710/4710/4710 4704/4704/4704 4703/4703/4703
f 4702/4702/4702 4711/4711/4711 4710/4710/4710
f 4712/4712/4712 4702/4702/4702 4706/4706/4706
f 4712/4712/4712 4711/4711/4711 4702/4702/4702
f 4709/4709/4709 4712/4712/4712 4706/4706/4706
f 4709/4709/4709 4713/4713/4713 4712/4712/4712
f 4710/4710/4710 4714/4714/4714 4704/4704/4704
f 4715/4715/4715 4708/4708/4708 4707/4707/4707
f 4715/4715/4715 4707/4707/4707 4716/4716/4716
f 4717/4717/4717 4701/4701/4701 4705/4705/4705
f 4717/4717/4717 4705/4705/4705 4718/4718/4718
f 4707/4707/4707 4719/4719/4719 4716/4716/4716
f 4700/4700/4700 4717/4717/4717 4719/4719/4719
f 4707/4707/4707 4700/4700/4700 4719/4719/4719
f 4700/4700/4700 4701/4701/4701 4717/4717/4717
f 4722/4722/4722 4721/4721/4721 4720/4720/4720
f 4722/4722/4722 4723/4723/4723 4721/4721/4721
f 4726/4726/4726 4725/4725/4725 4724/4724/4724
f 4726/4726/4726 4727/4727/4727 4725/4725/4725
f 4730/4730/4730 4729/4729/4729 4728/4728/4728
f 4730/4730/4730 4731/4731/4731 4729/4729/4729
f 4734/4734/4734 4733/4733/4733 4732/4732/4732
f 4734/4734/4734 4735/4735/4735 4733/4733/4733
f 4738/4738/4738 4737/4737/4737 4736/4736/4736
f 4738/4738/4738 4739/4739/4739 4737/4737/4737
f 4737/4737/4737 4740/4740/4740 4736/4736/4736
f 4737/4737/4737 4741/4741/4741 4740/4740/4740
f 4741/4741/4741 4742/4742/4742 4740/4740/4740
f 4741/4741/4741 4743/4743/4743 4742/4742/4742
f 4743/4743/4743 4744/4744/4744 4742/4742/4742
f 4743/4743/4743 4745/4745/4745 4744/4744/4744
f 4745/4745/4745 4746/4746/4746 4744/4744/4744
f 4745/4745/4745 4747/4747/4747 4746/4746/4746
f 4747/4747/4747 4748/4748/4748 4746/4746/4746
f 4747/4747/4747 4749/4749/4749 4748/4748/4748
f 4748/4748/4748 4749/4749/4749 4750/4750/4750
f 4748/4748/4748 4750/4750/4750 4751/4751/4751
f 4754/4754/4754 4753/4753/4753 4752/4752/4752
f 4754/4754/4754 4755/4755/4755 4753/4753/4753
f 4756/4756/4756 4752/4752/4752 4753/4753/4753
f 4756/4756/4756 4757/4757/4757 4752/4752/4752
f 4757/4757/4757 4758/4758/4758 4752/4752/4752
f 4759/4759/4759 4758/4758/4758 4757/4757/4757
f 4759/4759/4759 4757/4757/4757 4760/4760/4760
f 4761/4761/4761 4759/4759/4759 4760/4760/4760
f 4761/4761/4761 4760/4760/4760 4762/4762/4762
f 4762/4762/4762 4763/4763/4763 4761/4761/4761
f 4764/4764/4764 4763/4763/4763 4762/4762/4762
f 4765/4765/4765 4758/4758/4758 4759/4759/4759
f 4765/4765/4765 4766/4766/4766 4758/4758/4758
f 4767/4767/4767 4759/4759/4759 4761/4761/4761
f 4767/4767/4767 4765/4765/4765 4759/4759/4759
f 4767/4767/4767 4761/4761/4761 4763/4763/4763
f 4768/4768/4768 4758/4758/4758 4766/4766/4766
f 4752/4752/4752 4758/4758/4758 4768/4768/4768
f 4754/4754/4754 4752/4752/4752 4768/4768/4768
f 4767/4767/4767 4769/4769/4769 4765/4765/4765
f 4770/4770/4770 4769/4769/4769 4767/4767/4767
f 4769/4769/4769 4770/4770/4770 4771/4771/4771
f 4772/4772/4772 4771/4771/4771 4770/4770/4770
f 4767/4767/4767 4773/4773/4773 4770/4770/4770
f 4767/4767/4767 4763/4763/4763 4773/4773/4773
f 4763/4763/4763 4774/4774/4774 4773/4773/4773
f 4763/4763/4763 4775/4775/4775 4774/4774/4774
f 4776/4776/4776 4775/4775/4775 4763/4763/4763
f 4776/4776/4776 4763/4763/4763 4764/4764/4764
f 4773/4773/4773 4774/4774/4774 4777/4777/4777
f 4770/4770/4770 4773/4773/4773 4777/4777/4777
f 4774/4774/4774 4778/4778/4778 4777/4777/4777
f 4777/4777/4777 4778/4778/4778 4779/4779/4779
f 4770/4770/4770 4777/4777/4777 4780/4780/4780
f 4780/4780/4780 4777/4777/4777 4779/4779/4779
f 4771/4771/4771 4781/4781/4781 4769/4769/4769
f 4781/4781/4781 4765/4765/4765 4769/4769/4769
f 4765/4765/4765 4781/4781/4781 4766/4766/4766
f 4782/4782/4782 4766/4766/4766 4781/4781/4781
f 4783/4783/4783 4766/4766/4766 4782/4782/4782
f 4782/4782/4782 4781/4781/4781 4784/4784/4784
f 4771/4771/4771 4784/4784/4784 4781/4781/4781
f 4771/4771/4771 4785/4785/4785 4784/4784/4784
f 4785/4785/4785 4786/4786/4786 4784/4784/4784
f 4784/4784/4784 4786/4786/4786 4787/4787/4787
f 4788/4788/4788 4786/4786/4786 4785/4785/4785
f 4788/4788/4788 4785/4785/4785 4789/4789/4789
f 4785/4785/4785 4790/4790/4790 4789/4789/4789
f 4790/4790/4790 4791/4791/4791 4789/4789/4789
f 4790/4790/4790 4792/4792/4792 4791/4791/4791
f 4791/4791/4791 4792/4792/4792 4793/4793/4793
f 4793/4793/4793 4794/4794/4794 4791/4791/4791
f 4794/4794/4794 4789/4789/4789 4791/4791/4791
f 4794/4794/4794 4788/4788/4788 4789/4789/4789
f 4772/4772/4772 4790/4790/4790 4785/4785/4785
f 4771/4771/4771 4772/4772/4772 4785/4785/4785
f 4786/4786/4786 4795/4795/4795 4787/4787/4787
f 4786/4786/4786 4788/4788/4788 4795/4795/4795
f 4794/4794/4794 4796/4796/4796 4788/4788/4788
f 4795/4795/4795 4788/4788/4788 4796/4796/4796
f 4796/4796/4796 4794/4794/4794 4797/4797/4797
f 4796/4796/4796 4797/4797/4797 4798/4798/4798
f 4799/4799/4799 4787/4787/4787 4795/4795/4795
f 4799/4799/4799 4795/4795/4795 4800/4800/4800
f 4800/4800/4800 4796/4796/4796 4798/4798/4798
f 4800/4800/4800 4795/4795/4795 4796/4796/4796
f 4787/4787/4787 4799/4799/4799 4801/4801/4801
f 4799/4799/4799 4802/4802/4802 4801/4801/4801
f 4801/4801/4801 4802/4802/4802 4783/4783/4783
f 4803/4803/4803 4794/4794/4794 4793/4793/4793
f 4803/4803/4803 4797/4797/4797 4794/4794/4794
f 4804/4804/4804 4803/4803/4803 4793/4793/4793
f 4803/4803/4803 4804/4804/4804 4805/4805/4805
f 4803/4803/4803 4805/4805/4805 4806/4806/4806
f 4803/4803/4803 4806/4806/4806 4797/4797/4797
f 4807/4807/4807 4783/4783/4783 4802/4802/4802
f 4808/4808/4808 4783/4783/4783 4807/4807/4807
f 4808/4808/4808 4754/4754/4754 4783/4783/4783
f 4783/4783/4783 4754/4754/4754 4768/4768/4768
f 4808/4808/4808 4755/4755/4755 4754/4754/4754
f 4768/4768/4768 4766/4766/4766 4783/4783/4783
f 4804/4804/4804 4809/4809/4809 4805/4805/4805
f 4809/4809/4809 4810/4810/4810 4805/4805/4805
f 4782/4782/4782 4801/4801/4801 4783/4783/4783
f 4782/4782/4782 4784/4784/4784 4801/4801/4801
f 4809/4809/4809 4804/4804/4804 4811/4811/4811
f 4811/4811/4811 4812/4812/4812 4809/4809/4809
f 4813/4813/4813 4811/4811/4811 4804/4804/4804
f 4793/4793/4793 4813/4813/4813 4804/4804/4804
f 4813/4813/4813 4793/4793/4793 4792/4792/4792
f 4787/4787/4787 4801/4801/4801 4784/4784/4784
f 4816/4816/4816 4815/4815/4815 4814/4814/4814
f 4816/4816/4816 4817/4817/4817 4815/4815/4815
f 4818/4818/4818 4816/4816/4816 4814/4814/4814
f 4818/4818/4818 4814/4814/4814 4819/4819/4819
f 4820/4820/4820 4818/4818/4818 4819/4819/4819
f 4820/4820/4820 4819/4819/4819 4821/4821/4821
f 4822/4822/4822 4820/4820/4820 4821/4821/4821
f 4822/4822/4822 4821/4821/4821 4823/4823/4823
f 4822/4822/4822 4823/4823/4823 4824/4824/4824
f 4822/4822/4822 4824/4824/4824 4825/4825/4825
f 4817/4817/4817 4826/4826/4826 4815/4815/4815
f 4817/4817/4817 4827/4827/4827 4826/4826/4826
f 4828/4828/4828 4826/4826/4826 4827/4827/4827
f 4828/4828/4828 4829/4829/4829 4826/4826/4826
f 4832/4832/4832 4831/4831/4831 4830/4830/4830
f 4832/4832/4832 4833/4833/4833 4831/4831/4831
f 4834/4834/4834 4832/4832/4832 4830/4830/4830
f 4834/4834/4834 4830/4830/4830 4835/4835/4835
f 4836/4836/4836 4834/4834/4834 4835/4835/4835
f 4836/4836/4836 4835/4835/4835 4837/4837/4837
f 4838/4838/4838 4836/4836/4836 4837/4837/4837
f 4838/4838/4838 4837/4837/4837 4839/4839/4839
f 4838/4838/4838 4839/4839/4839 4840/4840/4840
f 4838/4838/4838 4840/4840/4840 4841/4841/4841
f 4833/4833/4833 4842/4842/4842 4831/4831/4831
f 4833/4833/4833 4843/4843/4843 4842/4842/4842
f 4844/4844/4844 4842/4842/4842 4843/4843/4843
f 4844/4844/4844 4845/4845/4845 4842/4842/4842
f 4848/4848/4848 4847/4847/4847 4846/4846/4846
f 4848/4848/4848 4849/4849/4849 4847/4847/4847
f 4848/4848/4848 4846/4846/4846 4850/4850/4850
f 4848/4848/4848 4850/4850/4850 4851/4851/4851
f 4851/4851/4851 4850/4850/4850 4852/4852/4852
f 4851/4851/4851 4852/4852/4852 4853/4853/4853
f 4853/4853/4853 4852/4852/4852 4854/4854/4854
f 4853/4853/4853 4854/4854/4854 4855/4855/4855
f 4855/4855/4855 4854/4854/4854 4856/4856/4856
f 4855/4855/4855 4856/4856/4856 4857/4857/4857
f 4857/4857/4857 4856/4856/4856 4858/4858/4858
f 4857/4857/4857 4858/4858/4858 4859/4859/4859
f 4860/4860/4860 4859/4859/4859 4858/4858/4858
f 4860/4860/4860 4858/4858/4858 4861/4861/4861
f 4862/4862/4862 4855/4855/4855 4857/4857/4857
f 4862/4862/4862 4857/4857/4857 4863/4863/4863
f 4859/4859/4859 4863/4863/4863 4857/4857/4857
f 4855/4855/4855 4864/4864/4864 4853/4853/4853
f 4855/4855/4855 4862/4862/4862 4864/4864/4864
f 4853/4853/4853 4865/4865/4865 4851/4851/4851
f 4853/4853/4853 4864/4864/4864 4865/4865/4865
f 4851/4851/4851 4865/4865/4865 4866/4866/4866
f 4851/4851/4851 4866/4866/4866 4848/4848/4848
f 4866/4866/4866 4849/4849/4849 4848/4848/4848
f 4866/4866/4866 4867/4867/4867 4849/4849/4849
f 4868/4868/4868 4859/4859/4859 4860/4860/4860
f 4868/4868/4868 4869/4869/4869 4859/4859/4859
f 4859/4859/4859 4869/4869/4869 4863/4863/4863
f 4872/4872/4872 4871/4871/4871 4870/4870/4870
f 4872/4872/4872 4873/4873/4873 4871/4871/4871
f 4870/4870/4870 4874/4874/4874 4872/4872/4872
f 4875/4875/4875 4874/4874/4874 4870/4870/4870
f 4876/4876/4876 4875/4875/4875 4870/4870/4870
f 4877/4877/4877 4875/4875/4875 4876/4876/4876
f 4877/4877/4877 4878/4878/4878 4875/4875/4875
f 4877/4877/4877 4879/4879/4879 4878/4878/4878
f 4878/4878/4878 4879/4879/4879 4880/4880/4880
f 4881/4881/4881 4880/4880/4880 4879/4879/4879
f 4881/4881/4881 4882/4882/4882 4880/4880/4880
f 4876/4876/4876 4883/4883/4883 4877/4877/4877
f 4876/4876/4876 4884/4884/4884 4883/4883/4883
f 4877/4877/4877 4885/4885/4885 4879/4879/4879
f 4877/4877/4877 4883/4883/4883 4885/4885/4885
f 4881/4881/4881 4879/4879/4879 4885/4885/4885
f 4876/4876/4876 4886/4886/4886 4884/4884/4884
f 4876/4876/4876 4870/4870/4870 4886/4886/4886
f 4887/4887/4887 4885/4885/4885 4883/4883/4883
f 4887/4887/4887 4888/4888/4888 4885/4885/4885
f 4888/4888/4888 4887/4887/4887 4889/4889/4889
f 4889/4889/4889 4890/4890/4890 4888/4888/4888
f 4891/4891/4891 4885/4885/4885 4888/4888/4888
f 4881/4881/4881 4885/4885/4885 4891/4891/4891
f 4892/4892/4892 4881/4881/4881 4891/4891/4891
f 4893/4893/4893 4881/4881/4881 4892/4892/4892
f 4893/4893/4893 4894/4894/4894 4881/4881/4881
f 4881/4881/4881 4894/4894/4894 4882/4882/4882
f 4892/4892/4892 4891/4891/4891 4895/4895/4895
f 4891/4891/4891 4888/4888/4888 4895/4895/4895
f 4896/4896/4896 4892/4892/4892 4895/4895/4895
f 4896/4896/4896 4895/4895/4895 4897/4897/4897
f 4895/4895/4895 4888/4888/4888 4898/4898/4898
f 4895/4895/4895 4898/4898/4898 4897/4897/4897
f 4889/4889/4889 4887/4887/4887 4899/4899/4899
f 4883/4883/4883 4899/4899/4899 4887/4887/4887
f 4899/4899/4899 4883/4883/4883 4884/4884/4884
f 4884/4884/4884 4900/4900/4900 4899/4899/4899
f 4884/4884/4884 4901/4901/4901 4900/4900/4900
f 4902/4902/4902 4899/4899/4899 4900/4900/4900
f 4889/4889/4889 4899/4899/4899 4902/4902/4902
f 4903/4903/4903 4889/4889/4889 4902/4902/4902
f 4904/4904/4904 4890/4890/4890 4903/4903/4903
f 4904/4904/4904 4903/4903/4903 4905/4905/4905
f 4904/4904/4904 4905/4905/4905 4906/4906/4906
f 4904/4904/4904 4906/4906/4906 4907/4907/4907
f 4907/4907/4907 4906/4906/4906 4908/4908/4908
f 4909/4909/4909 4908/4908/4908 4906/4906/4906
f 4905/4905/4905 4909/4909/4909 4906/4906/4906
f 4910/4910/4910 4903/4903/4903 4902/4902/4902
f 4910/4910/4910 4902/4902/4902 4911/4911/4911
f 4903/4903/4903 4912/4912/4912 4905/4905/4905
f 4910/4910/4910 4912/4912/4912 4903/4903/4903
f 4911/4911/4911 4912/4912/4912 4910/4910/4910
f 4912/4912/4912 4909/4909/4909 4905/4905/4905
f 4913/4913/4913 4912/4912/4912 4911/4911/4911
f 4914/4914/4914 4909/4909/4909 4912/4912/4912
f 4912/4912/4912 4913/4913/4913 4914/4914/4914
f 4915/4915/4915 4909/4909/4909 4914/4914/4914
f 4915/4915/4915 4914/4914/4914 4916/4916/4916
f 4913/4913/4913 4911/4911/4911 4917/4917/4917
f 4913/4913/4913 4917/4917/4917 4918/4918/4918
f 4914/4914/4914 4918/4918/4918 4916/4916/4916
f 4914/4914/4914 4913/4913/4913 4918/4918/4918
f 4919/4919/4919 4917/4917/4917 4911/4911/4911
f 4901/4901/4901 4917/4917/4917 4919/4919/4919
f 4901/4901/4901 4920/4920/4920 4917/4917/4917
f 4919/4919/4919 4911/4911/4911 4902/4902/4902
f 4902/4902/4902 4900/4900/4900 4919/4919/4919
f 4919/4919/4919 4900/4900/4900 4901/4901/4901
f 4909/4909/4909 4921/4921/4921 4908/4908/4908
f 4915/4915/4915 4921/4921/4921 4909/4909/4909
f 4915/4915/4915 4922/4922/4922 4921/4921/4921
f 4921/4921/4921 4922/4922/4922 4923/4923/4923
f 4921/4921/4921 4923/4923/4923 4924/4924/4924
f 4921/4921/4921 4924/4924/4924 4908/4908/4908
f 4901/4901/4901 4925/4925/4925 4920/4920/4920
f 4901/4901/4901 4926/4926/4926 4925/4925/4925
f 4871/4871/4871 4926/4926/4926 4901/4901/4901
f 4871/4871/4871 4901/4901/4901 4886/4886/4886
f 4873/4873/4873 4926/4926/4926 4871/4871/4871
f 4870/4870/4870 4871/4871/4871 4886/4886/4886
f 4884/4884/4884 4886/4886/4886 4901/4901/4901
f 4927/4927/4927 4908/4908/4908 4924/4924/4924
f 4928/4928/4928 4927/4927/4927 4924/4924/4924
f 4908/4908/4908 4927/4927/4927 4907/4907/4907
f 4929/4929/4929 4924/4924/4924 4923/4923/4923
f 4924/4924/4924 4929/4929/4929 4928/4928/4928
f 4930/4930/4930 4929/4929/4929 4923/4923/4923
f 4931/4931/4931 4928/4928/4928 4929/4929/4929
f 4890/4890/4890 4889/4889/4889 4903/4903/4903
f 4934/4934/4934 4933/4933/4933 4932/4932/4932
f 4934/4934/4934 4935/4935/4935 4933/4933/4933
f 4935/4935/4935 4934/4934/4934 4936/4936/4936
f 4935/4935/4935 4936/4936/4936 4937/4937/4937
f 4937/4937/4937 4936/4936/4936 4938/4938/4938
f 4937/4937/4937 4938/4938/4938 4939/4939/4939
f 4939/4939/4939 4938/4938/4938 4940/4940/4940
f 4939/4939/4939 4940/4940/4940 4941/4941/4941
f 4940/4940/4940 4942/4942/4942 4941/4941/4941
f 4940/4940/4940 4943/4943/4943 4942/4942/4942
f 4944/4944/4944 4932/4932/4932 4933/4933/4933
f 4944/4944/4944 4945/4945/4945 4932/4932/4932
f 4946/4946/4946 4945/4945/4945 4944/4944/4944
f 4946/4946/4946 4944/4944/4944 4947/4947/4947
f 4950/4950/4950 4949/4949/4949 4948/4948/4948
f 4950/4950/4950 4951/4951/4951 4949/4949/4949
f 4951/4951/4951 4952/4952/4952 4949/4949/4949
f 4951/4951/4951 4953/4953/4953 4952/4952/4952
f 4952/4952/4952 4953/4953/4953 4954/4954/4954
f 4952/4952/4952 4954/4954/4954 4955/4955/4955
f 4956/4956/4956 4950/4950/4950 4948/4948/4948
f 4956/4956/4956 4948/4948/4948 4957/4957/4957
f 4958/4958/4958 4956/4956/4956 4957/4957/4957
f 4958/4958/4958 4957/4957/4957 4959/4959/4959
f 4960/4960/4960 4958/4958/4958 4959/4959/4959
f 4960/4960/4960 4959/4959/4959 4961/4961/4961
f 4962/4962/4962 4960/4960/4960 4961/4961/4961
f 4962/4962/4962 4963/4963/4963 4960/4960/4960
f 4966/4966/4966 4965/4965/4965 4964/4964/4964
f 4966/4966/4966 4967/4967/4967 4965/4965/4965
f 4970/4970/4970 4969/4969/4969 4968/4968/4968
f 4970/4970/4970 4971/4971/4971 4969/4969/4969
f 4974/4974/4974 4973/4973/4973 4972/4972/4972
f 4972/4972/4972 4975/4975/4975 4974/4974/4974
f 4972/4972/4972 4976/4976/4976 4975/4975/4975
f 4977/4977/4977 4973/4973/4973 4974/4974/4974
f 4977/4977/4977 4978/4978/4978 4973/4973/4973
f 4974/4974/4974 4975/4975/4975 4979/4979/4979
f 4977/4977/4977 4974/4974/4974 4979/4979/4979
f 4980/4980/4980 4977/4977/4977 4979/4979/4979
f 4980/4980/4980 4979/4979/4979 4981/4981/4981
f 4979/4979/4979 4982/4982/4982 4981/4981/4981
f 4979/4979/4979 4983/4983/4983 4982/4982/4982
f 4975/4975/4975 4983/4983/4983 4979/4979/4979
f 4981/4981/4981 4984/4984/4984 4980/4980/4980
f 4985/4985/4985 4981/4981/4981 4982/4982/4982
f 4985/4985/4985 4984/4984/4984 4981/4981/4981
f 4977/4977/4977 4986/4986/4986 4978/4978/4978
f 4977/4977/4977 4980/4980/4980 4986/4986/4986
f 4980/4980/4980 4987/4987/4987 4986/4986/4986
f 4980/4980/4980 4984/4984/4984 4987/4987/4987
f 4983/4983/4983 4975/4975/4975 4988/4988/4988
f 4982/4982/4982 4983/4983/4983 4988/4988/4988
f 4989/4989/4989 4982/4982/4982 4988/4988/4988
f 4989/4989/4989 4985/4985/4985 4982/4982/4982
f 4975/4975/4975 4990/4990/4990 4988/4988/4988
f 4975/4975/4975 4991/4991/4991 4990/4990/4990
f 4992/4992/4992 4990/4990/4990 4991/4991/4991
f 4993/4993/4993 4990/4990/4990 4992/4992/4992
f 4990/4990/4990 4993/4993/4993 4994/4994/4994
f 4997/4997/4997 4996/4996/4996 4995/4995/4995
f 4998/4998/4998 4996/4996/4996 4997/4997/4997
f 4995/4995/4995 4996/4996/4996 4999/4999/4999
f 4999/4999/4999 4996/4996/4996 5000/5000/5000
f 5001/5001/5001 4999/4999/4999 5000/5000/5000
f 5001/5001/5001 5002/5002/5002 4999/4999/4999
f 4999/4999/4999 5002/5002/5002 5003/5003/5003
f 5003/5003/5003 4995/4995/4995 4999/4999/4999
f 5001/5001/5001 5004/5004/5004 5002/5002/5002
f 5001/5001/5001 5000/5000/5000 5005/5005/5005
f 4996/4996/4996 5006/5006/5006 5000/5000/5000
f 5006/5006/5006 4996/4996/4996 4998/4998/4998
f 5007/5007/5007 5001/5001/5001 5005/5005/5005
f 5007/5007/5007 5004/5004/5004 5001/5001/5001
f 5010/5010/5010 5009/5009/5009 5008/5008/5008
f 5010/5010/5010 5008/5008/5008 5011/5011/5011
f 5010/5010/5010 5011/5011/5011 5012/5012/5012
f 5012/5012/5012 5011/5011/5011 5013/5013/5013
f 5013/5013/5013 5011/5011/5011 5014/5014/5014
f 5014/5014/5014 5011/5011/5011 5015/5015/5015
f 5013/5013/5013 5014/5014/5014 5016/5016/5016
f 5013/5013/5013 5016/5016/5016 5017/5017/5017
f 5013/5013/5013 5017/5017/5017 5018/5018/5018
f 5012/5012/5012 5013/5013/5013 5018/5018/5018
f 5012/5012/5012 5018/5018/5018 5019/5019/5019
f 5022/5022/5022 5021/5021/5021 5020/5020/5020
f 5023/5023/5023 5022/5022/5022 5020/5020/5020
f 5024/5024/5024 5023/5023/5023 5020/5020/5020
f 5021/5021/5021 5025/5025/5025 5020/5020/5020
f 5020/5020/5020 5025/5025/5025 5026/5026/5026
f 5020/5020/5020 5026/5026/5026 5024/5024/5024
f 5026/5026/5026 5027/5027/5027 5024/5024/5024
f 5024/5024/5024 5027/5027/5027 5028/5028/5028
f 5024/5024/5024 5028/5028/5028 5023/5023/5023
f 5021/5021/5021 5022/5022/5022 5029/5029/5029
f 5022/5022/5022 5023/5023/5023 5030/5030/5030
f 5033/5033/5033 5032/5032/5032 5031/5031/5031
f 5036/5036/5036 5035/5035/5035 5034/5034/5034
f 5037/5037/5037 5035/5035/5035 5036/5036/5036
f 5035/5035/5035 5037/5037/5037 5038/5038/5038
f 5035/5035/5035 5038/5038/5038 5039/5039/5039
f 5038/5038/5038 5040/5040/5040 5039/5039/5039
f 5035/5035/5035 5041/5041/5041 5034/5034/5034
f 5035/5035/5035 5039/5039/5039 5041/5041/5041
f 5039/5039/5039 5042/5042/5042 5041/5041/5041
f 5039/5039/5039 5040/5040/5040 5043/5043/5043
f 5039/5039/5039 5043/5043/5043 5042/5042/5042
f 5043/5043/5043 5044/5044/5044 5042/5042/5042
f 5043/5043/5043 5045/5045/5045 5044/5044/5044
f 5046/5046/5046 5045/5045/5045 5043/5043/5043
f 5043/5043/5043 5040/5040/5040 5046/5046/5046
f 5046/5046/5046 5047/5047/5047 5045/5045/5045
f 5048/5048/5048 5044/5044/5044 5045/5045/5045
f 5051/5051/5051 5050/5050/5050 5049/5049/5049
f 5051/5051/5051 5052/5052/5052 5050/5050/5050
f 5050/5050/5050 5053/5053/5053 5049/5049/5049
f 5050/5050/5050 5054/5054/5054 5053/5053/5053
f 5054/5054/5054 5050/5050/5050 5052/5052/5052
f 5055/5055/5055 5053/5053/5053 5054/5054/5054
f 5055/5055/5055 5054/5054/5054 5056/5056/5056
f 5057/5057/5057 5056/5056/5056 5054/5054/5054
f 5054/5054/5054 5052/5052/5052 5057/5057/5057
f 5057/5057/5057 5058/5058/5058 5056/5056/5056
f 5055/5055/5055 5056/5056/5056 5059/5059/5059
f 5056/5056/5056 5060/5060/5060 5059/5059/5059
f 5056/5056/5056 5058/5058/5058 5060/5060/5060
f 5061/5061/5061 5060/5060/5060 5058/5058/5058
f 5061/5061/5061 5058/5058/5058 5062/5062/5062
f 5061/5061/5061 5063/5063/5063 5060/5060/5060
f 5060/5060/5060 5063/5063/5063 5064/5064/5064
f 5065/5065/5065 5060/5060/5060 5064/5064/5064
f 5065/5065/5065 5059/5059/5059 5060/5060/5060
f 5058/5058/5058 5066/5066/5066 5062/5062/5062
f 5066/5066/5066 5067/5067/5067 5062/5062/5062
f 5067/5067/5067 5068/5068/5068 5062/5062/5062
f 5069/5069/5069 5062/5062/5062 5068/5068/5068
f 5069/5069/5069 5070/5070/5070 5062/5062/5062
f 5070/5070/5070 5061/5061/5061 5062/5062/5062
f 5067/5067/5067 5071/5071/5071 5068/5068/5068
f 5068/5068/5068 5072/5072/5072 5069/5069/5069
f 5071/5071/5071 5073/5073/5073 5068/5068/5068
f 5072/5072/5072 5068/5068/5068 5073/5073/5073
f 5071/5071/5071 5074/5074/5074 5073/5073/5073
f 5074/5074/5074 5075/5075/5075 5073/5073/5073
f 5074/5074/5074 5076/5076/5076 5075/5075/5075
f 5069/5069/5069 5072/5072/5072 5077/5077/5077
f 5077/5077/5077 5072/5072/5072 5078/5078/5078
f 5079/5079/5079 5078/5078/5078 5072/5072/5072
f 5072/5072/5072 5073/5073/5073 5079/5079/5079
f 5079/5079/5079 5073/5073/5073 5075/5075/5075
f 5079/5079/5079 5080/5080/5080 5078/5078/5078
f 5081/5081/5081 5080/5080/5080 5079/5079/5079
f 5079/5079/5079 5075/5075/5075 5081/5081/5081
f 5081/5081/5081 5082/5082/5082 5080/5080/5080
f 5083/5083/5083 5082/5082/5082 5081/5081/5081
f 5081/5081/5081 5075/5075/5075 5083/5083/5083
f 5083/5083/5083 5084/5084/5084 5082/5082/5082
f 5085/5085/5085 5083/5083/5083 5075/5075/5075
f 5076/5076/5076 5085/5085/5085 5075/5075/5075
f 5083/5083/5083 5086/5086/5086 5084/5084/5084
f 5085/5085/5085 5086/5086/5086 5083/5083/5083
f 5089/5089/5089 5088/5088/5088 5087/5087/5087
f 5090/5090/5090 5089/5089/5089 5087/5087/5087
f 5091/5091/5091 5090/5090/5090 5087/5087/5087
f 5091/5091/5091 5092/5092/5092 5090/5090/5090
f 5090/5090/5090 5093/5093/5093 5089/5089/5089
f 5093/5093/5093 5090/5090/5090 5094/5094/5094
f 5095/5095/5095 5094/5094/5094 5090/5090/5090
f 5096/5096/5096 5095/5095/5095 5090/5090/5090
f 5096/5096/5096 5090/5090/5090 5092/5092/5092
f 5097/5097/5097 5093/5093/5093 5094/5094/5094
f 5097/5097/5097 5094/5094/5094 5098/5098/5098
f 5098/5098/5098 5099/5099/5099 5097/5097/5097
f 5099/5099/5099 5100/5100/5100 5097/5097/5097
f 5099/5099/5099 5101/5101/5101 5100/5100/5100
f 5102/5102/5102 5100/5100/5100 5101/5101/5101
f 5102/5102/5102 5101/5101/5101 5103/5103/5103
f 5102/5102/5102 5103/5103/5103 5104/5104/5104
f 5105/5105/5105 5102/5102/5102 5104/5104/5104
f 5100/5100/5100 5102/5102/5102 5105/5105/5105
f 5100/5100/5100 5105/5105/5105 5106/5106/5106
f 5106/5106/5106 5097/5097/5097 5100/5100/5100
f 5106/5106/5106 5107/5107/5107 5097/5097/5097
f 5093/5093/5093 5097/5097/5097 5107/5107/5107
f 5096/5096/5096 5108/5108/5108 5095/5095/5095
f 5108/5108/5108 5094/5094/5094 5095/5095/5095
f 5096/5096/5096 5109/5109/5109 5108/5108/5108
f 5108/5108/5108 5109/5109/5109 5110/5110/5110
f 5108/5108/5108 5110/5110/5110 5111/5111/5111
f 5112/5112/5112 5111/5111/5111 5110/5110/5110
f 5113/5113/5113 5108/5108/5108 5111/5111/5111
f 5113/5113/5113 5111/5111/5111 5114/5114/5114
f 5111/5111/5111 5112/5112/5112 5115/5115/5115
f 5115/5115/5115 5114/5114/5114 5111/5111/5111
f 5115/5115/5115 5116/5116/5116 5114/5114/5114
f 5116/5116/5116 5115/5115/5115 5117/5117/5117
f 5118/5118/5118 5117/5117/5117 5115/5115/5115
f 5119/5119/5119 5118/5118/5118 5115/5115/5115
f 5112/5112/5112 5119/5119/5119 5115/5115/5115
f 5108/5108/5108 5113/5113/5113 5094/5094/5094
f 5109/5109/5109 5121/5121/5121 5120/5120/5120
f 5122/5122/5122 5120/5120/5120 5121/5121/5121
f 5122/5122/5122 5121/5121/5121 5123/5123/5123
f 5121/5121/5121 5092/5092/5092 5123/5123/5123
f 5122/5122/5122 5124/5124/5124 5120/5120/5120
f 5124/5124/5124 5125/5125/5125 5120/5120/5120
f 5126/5126/5126 5120/5120/5120 5125/5125/5125
f 5127/5127/5127 5126/5126/5126 5125/5125/5125
f 5127/5127/5127 5125/5125/5125 5128/5128/5128
f 5128/5128/5128 5129/5129/5129 5127/5127/5127
f 5130/5130/5130 5129/5129/5129 5128/5128/5128
f 5130/5130/5130 5128/5128/5128 5125/5125/5125
f 5130/5130/5130 5125/5125/5125 5131/5131/5131
f 5124/5124/5124 5131/5131/5131 5125/5125/5125
f 5126/5126/5126 5109/5109/5109 5120/5120/5120
f 5109/5109/5109 5096/5096/5096 5121/5121/5121
f 5096/5096/5096 5092/5092/5092 5121/5121/5121
f 5122/5122/5122 5123/5123/5123 5132/5132/5132
f 5132/5132/5132 5123/5123/5123 5133/5133/5133
f 5092/5092/5092 5133/5133/5133 5123/5123/5123
f 5132/5132/5132 5133/5133/5133 5134/5134/5134
f 5132/5132/5132 5134/5134/5134 5135/5135/5135
f 5135/5135/5135 5134/5134/5134 5136/5136/5136
f 5135/5135/5135 5136/5136/5136 5137/5137/5137
f 5138/5138/5138 5137/5137/5137 5136/5136/5136
f 5138/5138/5138 5139/5139/5139 5137/5137/5137
f 5138/5138/5138 5140/5140/5140 5139/5139/5139
f 5138/5138/5138 5141/5141/5141 5140/5140/5140
f 5141/5141/5141 5138/5138/5138 5136/5136/5136
f 5142/5142/5142 5136/5136/5136 5134/5134/5134
f 5141/5141/5141 5136/5136/5136 5142/5142/5142
f 5142/5142/5142 5134/5134/5134 5143/5143/5143
f 5133/5133/5133 5143/5143/5143 5134/5134/5134
f 5133/5133/5133 5144/5144/5144 5143/5143/5143
f 5133/5133/5133 5091/5091/5091 5144/5144/5144
f 5143/5143/5143 5144/5144/5144 5145/5145/5145
f 5144/5144/5144 5146/5146/5146 5145/5145/5145
f 5146/5146/5146 5147/5147/5147 5145/5145/5145
f 5146/5146/5146 5148/5148/5148 5147/5147/5147
f 5149/5149/5149 5145/5145/5145 5147/5147/5147
f 5149/5149/5149 5147/5147/5147 5150/5150/5150
f 5151/5151/5151 5150/5150/5150 5147/5147/5147
f 5151/5151/5151 5147/5147/5147 5152/5152/5152
f 5153/5153/5153 5150/5150/5150 5151/5151/5151
f 5153/5153/5153 5151/5151/5151 5154/5154/5154
f 5154/5154/5154 5151/5151/5151 5155/5155/5155
f 5152/5152/5152 5155/5155/5155 5151/5151/5151
f 5152/5152/5152 5147/5147/5147 5156/5156/5156
f 5148/5148/5148 5156/5156/5156 5147/5147/5147
f 5156/5156/5156 5157/5157/5157 5152/5152/5152
f 5156/5156/5156 5158/5158/5158 5157/5157/5157
f 5148/5148/5148 5158/5158/5158 5156/5156/5156
f 5149/5149/5149 5159/5159/5159 5145/5145/5145
f 5143/5143/5143 5145/5145/5145 5159/5159/5159
f 5152/5152/5152 5160/5160/5160 5155/5155/5155
f 5144/5144/5144 5161/5161/5161 5146/5146/5146
f 5164/5164/5164 5163/5163/5163 5162/5162/5162
f 5163/5163/5163 5165/5165/5165 5162/5162/5162
f 5165/5165/5165 5163/5163/5163 5166/5166/5166
f 5165/5165/5165 5166/5166/5166 5167/5167/5167
f 5168/5168/5168 5167/5167/5167 5166/5166/5166
f 5168/5168/5168 5166/5166/5166 5169/5169/5169
f 5169/5169/5169 5163/5163/5163 5164/5164/5164
f 5169/5169/5169 5166/5166/5166 5163/5163/5163
f 5168/5168/5168 5169/5169/5169 5170/5170/5170
f 5168/5168/5168 5171/5171/5171 5167/5167/5167
f 5174/5174/5174 5173/5173/5173 5172/5172/5172
f 5175/5175/5175 5174/5174/5174 5172/5172/5172
f 5174/5174/5174 5175/5175/5175 5176/5176/5176
f 5175/5175/5175 5177/5177/5177 5176/5176/5176
f 5174/5174/5174 5176/5176/5176 5178/5178/5178
f 5178/5178/5178 5173/5173/5173 5174/5174/5174
f 5176/5176/5176 5177/5177/5177 5179/5179/5179
f 5180/5180/5180 5179/5179/5179 5177/5177/5177
f 5181/5181/5181 5178/5178/5178 5176/5176/5176
f 5181/5181/5181 5176/5176/5176 5179/5179/5179
f 5175/5175/5175 5182/5182/5182 5177/5177/5177
f 5178/5178/5178 5183/5183/5183 5173/5173/5173
f 5185/5185/5185 5184/5184/5184 5064/5064/5064
f 5184/5184/5184 5065/5065/5065 5064/5064/5064
f 5184/5184/5184 5186/5186/5186 5065/5065/5065
f 5189/5189/5189 5188/5188/5188 5187/5187/5187
f 5189/5189/5189 5190/5190/5190 5188/5188/5188
f 5190/5190/5190 5191/5191/5191 5188/5188/5188
f 5190/5190/5190 5192/5192/5192 5191/5191/5191
f 5192/5192/5192 5193/5193/5193 5191/5191/5191
f 5192/5192/5192 5194/5194/5194 5193/5193/5193
f 5194/5194/5194 5195/5195/5195 5193/5193/5193
f 5194/5194/5194 5196/5196/5196 5195/5195/5195
f 5196/5196/5196 5197/5197/5197 5195/5195/5195
f 5200/5200/5200 5199/5199/5199 5198/5198/5198
f 5203/5203/5203 5202/5202/5202 5201/5201/5201
f 5206/5206/5206 5205/5205/5205 5204/5204/5204
f 5206/5206/5206 5207/5207/5207 5205/5205/5205
f 5206/5206/5206 5208/5208/5208 5207/5207/5207
f 5207/5207/5207 5208/5208/5208 5209/5209/5209
f 5207/5207/5207 5209/5209/5209 5210/5210/5210
f 5207/5207/5207 5210/5210/5210 5211/5211/5211
f 5210/5210/5210 5212/5212/5212 5211/5211/5211
f 5213/5213/5213 5211/5211/5211 5212/5212/5212
f 5214/5214/5214 5211/5211/5211 5213/5213/5213
f 5215/5215/5215 5214/5214/5214 5213/5213/5213
f 5216/5216/5216 5214/5214/5214 5215/5215/5215
f 5216/5216/5216 5217/5217/5217 5214/5214/5214
f 5218/5218/5218 5217/5217/5217 5216/5216/5216
f 5215/5215/5215 5213/5213/5213 5219/5219/5219
f 5220/5220/5220 5215/5215/5215 5219/5219/5219
f 5220/5220/5220 5219/5219/5219 5221/5221/5221
f 5222/5222/5222 5215/5215/5215 5220/5220/5220
f 5223/5223/5223 5219/5219/5219 5213/5213/5213
f 5219/5219/5219 5223/5223/5223 5224/5224/5224
f 5221/5221/5221 5219/5219/5219 5224/5224/5224
f 5223/5223/5223 5213/5213/5213 5225/5225/5225
f 5213/5213/5213 5212/5212/5212 5225/5225/5225
f 5214/5214/5214 5226/5226/5226 5211/5211/5211
f 5226/5226/5226 5214/5214/5214 5227/5227/5227
f 5226/5226/5226 5227/5227/5227 5228/5228/5228
f 5229/5229/5229 5228/5228/5228 5227/5227/5227
f 5228/5228/5228 5230/5230/5230 5226/5226/5226
f 5231/5231/5231 5230/5230/5230 5228/5228/5228
f 5231/5231/5231 5228/5228/5228 5232/5232/5232
f 5231/5231/5231 5232/5232/5232 5233/5233/5233
f 5231/5231/5231 5233/5233/5233 5234/5234/5234
f 5234/5234/5234 5233/5233/5233 5235/5235/5235
f 5230/5230/5230 5207/5207/5207 5226/5226/5226
f 5226/5226/5226 5207/5207/5207 5211/5211/5211
f 5238/5238/5238 5237/5237/5237 5236/5236/5236
f 5238/5238/5238 5239/5239/5239 5237/5237/5237
f 5239/5239/5239 5240/5240/5240 5237/5237/5237
f 5236/5236/5236 5241/5241/5241 5238/5238/5238
f 5236/5236/5236 5242/5242/5242 5241/5241/5241
f 5243/5243/5243 5241/5241/5241 5242/5242/5242
f 5243/5243/5243 5242/5242/5242 5244/5244/5244
f 5243/5243/5243 5245/5245/5245 5241/5241/5241
f 5238/5238/5238 5241/5241/5241 5245/5245/5245
f 5243/5243/5243 5246/5246/5246 5245/5245/5245
f 5246/5246/5246 5243/5243/5243 5247/5247/5247
f 5246/5246/5246 5247/5247/5247 5248/5248/5248
f 5238/5238/5238 5245/5245/5245 5249/5249/5249
f 5249/5249/5249 5239/5239/5239 5238/5238/5238
f 5249/5249/5249 5250/5250/5250 5239/5239/5239
f 5239/5239/5239 5250/5250/5250 5240/5240/5240
f 5243/5243/5243 5251/5251/5251 5247/5247/5247
f 5243/5243/5243 5244/5244/5244 5251/5251/5251
f 5250/5250/5250 5252/5252/5252 5240/5240/5240
f 5249/5249/5249 5252/5252/5252 5250/5250/5250
f 5249/5249/5249 5253/5253/5253 5252/5252/5252
f 5245/5245/5245 5253/5253/5253 5249/5249/5249
f 5245/5245/5245 5254/5254/5254 5253/5253/5253
f 5255/5255/5255 5245/5245/5245 5246/5246/5246
f 5255/5255/5255 5254/5254/5254 5245/5245/5245
f 5256/5256/5256 5246/5246/5246 5248/5248/5248
f 5256/5256/5256 5255/5255/5255 5246/5246/5246
f 5256/5256/5256 5257/5257/5257 5255/5255/5255
f 5256/5256/5256 5258/5258/5258 5257/5257/5257
f 5255/5255/5255 5259/5259/5259 5254/5254/5254
f 5255/5255/5255 5257/5257/5257 5259/5259/5259
f 5254/5254/5254 5260/5260/5260 5253/5253/5253
f 5254/5254/5254 5259/5259/5259 5260/5260/5260
f 5253/5253/5253 5261/5261/5261 5252/5252/5252
f 5253/5253/5253 5260/5260/5260 5261/5261/5261
f 5252/5252/5252 5261/5261/5261 5240/5240/5240
f 5264/5264/5264 5263/5263/5263 5262/5262/5262
f 5264/5264/5264 5265/5265/5265 5263/5263/5263
f 5266/5266/5266 5262/5262/5262 5263/5263/5263
f 5265/5265/5265 5267/5267/5267 5263/5263/5263
f 5263/5263/5263 5267/5267/5267 5268/5268/5268
f 5263/5263/5263 5268/5268/5268 5269/5269/5269
f 5264/5264/5264 5270/5270/5270 5265/5265/5265
f 5267/5267/5267 5271/5271/5271 5268/5268/5268
f 5271/5271/5271 5272/5272/5272 5268/5268/5268
f 5268/5268/5268 5272/5272/5272 5273/5273/5273
f 5269/5269/5269 5268/5268/5268 5273/5273/5273
f 5272/5272/5272 5274/5274/5274 5273/5273/5273
f 5273/5273/5273 5274/5274/5274 5275/5275/5275
f 5273/5273/5273 5275/5275/5275 5276/5276/5276
f 5276/5276/5276 5269/5269/5269 5273/5273/5273
f 5269/5269/5269 5276/5276/5276 5277/5277/5277
f 5269/5269/5269 5277/5277/5277 5278/5278/5278
f 5276/5276/5276 5279/5279/5279 5277/5277/5277
f 5276/5276/5276 5275/5275/5275 5279/5279/5279
f 5275/5275/5275 5280/5280/5280 5279/5279/5279
f 5275/5275/5275 5281/5281/5281 5280/5280/5280
f 5274/5274/5274 5281/5281/5281 5275/5275/5275
f 5280/5280/5280 5281/5281/5281 5282/5282/5282
f 5274/5274/5274 5283/5283/5283 5281/5281/5281
f 5281/5281/5281 5283/5283/5283 5282/5282/5282
f 5269/5269/5269 5278/5278/5278 5284/5284/5284
f 5272/5272/5272 5285/5285/5285 5274/5274/5274
f 5286/5286/5286 5274/5274/5274 5285/5285/5285
f 5286/5286/5286 5285/5285/5285 5287/5287/5287
f 5287/5287/5287 5285/5285/5285 5288/5288/5288
f 5287/5287/5287 5288/5288/5288 5289/5289/5289
f 5290/5290/5290 5286/5286/5286 5287/5287/5287
f 5287/5287/5287 5289/5289/5289 5290/5290/5290
f 5289/5289/5289 5288/5288/5288 5291/5291/5291
f 5291/5291/5291 5288/5288/5288 5292/5292/5292
f 5293/5293/5293 5292/5292/5292 5288/5288/5288
f 5294/5294/5294 5292/5292/5292 5293/5293/5293
f 5295/5295/5295 5293/5293/5293 5288/5288/5288
f 5296/5296/5296 5295/5295/5295 5288/5288/5288
f 5295/5295/5295 5296/5296/5296 5297/5297/5297
f 5298/5298/5298 5297/5297/5297 5296/5296/5296
f 5298/5298/5298 5296/5296/5296 5271/5271/5271
f 5271/5271/5271 5296/5296/5296 5272/5272/5272
f 5272/5272/5272 5296/5296/5296 5288/5288/5288
f 5285/5285/5285 5272/5272/5272 5288/5288/5288
f 5295/5295/5295 5297/5297/5297 5299/5299/5299
f 5271/5271/5271 5300/5300/5300 5298/5298/5298
f 5271/5271/5271 5267/5267/5267 5300/5300/5300
f 5267/5267/5267 5301/5301/5301 5300/5300/5300
f 5267/5267/5267 5265/5265/5265 5301/5301/5301
f 5270/5270/5270 5301/5301/5301 5265/5265/5265
f 5293/5293/5293 5295/5295/5295 5302/5302/5302
f 5294/5294/5294 5293/5293/5293 5302/5302/5302
f 5303/5303/5303 5302/5302/5302 5295/5295/5295
f 5299/5299/5299 5303/5303/5303 5295/5295/5295
f 5303/5303/5303 5304/5304/5304 5302/5302/5302
f 5303/5303/5303 5305/5305/5305 5304/5304/5304
f 5303/5303/5303 5306/5306/5306 5305/5305/5305
f 5306/5306/5306 5307/5307/5307 5305/5305/5305
f 5299/5299/5299 5308/5308/5308 5303/5303/5303
f 5308/5308/5308 5306/5306/5306 5303/5303/5303
f 5308/5308/5308 5309/5309/5309 5306/5306/5306
f 5306/5306/5306 5309/5309/5309 5307/5307/5307
f 5312/5312/5312 5311/5311/5311 5310/5310/5310
f 5310/5310/5310 5311/5311/5311 5313/5313/5313
f 5311/5311/5311 5314/5314/5314 5313/5313/5313
f 5311/5311/5311 5315/5315/5315 5314/5314/5314
f 5316/5316/5316 5315/5315/5315 5311/5311/5311
f 5317/5317/5317 5316/5316/5316 5311/5311/5311
f 5312/5312/5312 5317/5317/5317 5311/5311/5311
f 5317/5317/5317 5318/5318/5318 5316/5316/5316
f 5316/5316/5316 5318/5318/5318 5319/5319/5319
f 5320/5320/5320 5315/5315/5315 5316/5316/5316
f 5320/5320/5320 5316/5316/5316 5321/5321/5321
f 5310/5310/5310 5313/5313/5313 5322/5322/5322
f 5323/5323/5323 5320/5320/5320 5321/5321/5321
f 5324/5324/5324 5323/5323/5323 5321/5321/5321
f 5324/5324/5324 5321/5321/5321 5325/5325/5325
f 5325/5325/5325 5321/5321/5321 5316/5316/5316
f 5326/5326/5326 5325/5325/5325 5316/5316/5316
f 5326/5326/5326 5316/5316/5316 5319/5319/5319
f 5327/5327/5327 5325/5325/5325 5326/5326/5326
f 5327/5327/5327 5326/5326/5326 5328/5328/5328
f 5326/5326/5326 5329/5329/5329 5328/5328/5328
f 5326/5326/5326 5319/5319/5319 5329/5329/5329
f 5328/5328/5328 5329/5329/5329 5330/5330/5330
f 5331/5331/5331 5328/5328/5328 5330/5330/5330
f 5331/5331/5331 5332/5332/5332 5328/5328/5328
f 5328/5328/5328 5332/5332/5332 5327/5327/5327
f 5331/5331/5331 5333/5333/5333 5332/5332/5332
f 5334/5334/5334 5333/5333/5333 5331/5331/5331
f 5331/5331/5331 5330/5330/5330 5334/5334/5334
f 5323/5323/5323 5335/5335/5335 5320/5320/5320
f 5335/5335/5335 5323/5323/5323 5336/5336/5336
f 5323/5323/5323 5337/5337/5337 5336/5336/5336
f 5324/5324/5324 5337/5337/5337 5323/5323/5323
f 5340/5340/5340 5339/5339/5339 5338/5338/5338
f 5341/5341/5341 5340/5340/5340 5338/5338/5338
f 5340/5340/5340 5341/5341/5341 5342/5342/5342
f 5341/5341/5341 5343/5343/5343 5342/5342/5342
f 5341/5341/5341 5318/5318/5318 5343/5343/5343
f 5318/5318/5318 5344/5344/5344 5343/5343/5343
f 5343/5343/5343 5344/5344/5344 5345/5345/5345
f 5345/5345/5345 5344/5344/5344 5346/5346/5346
f 5343/5343/5343 5345/5345/5345 5347/5347/5347
f 5318/5318/5318 5317/5317/5317 5344/5344/5344
f 5344/5344/5344 5317/5317/5317 5348/5348/5348
f 5317/5317/5317 5349/5349/5349 5348/5348/5348
f 5350/5350/5350 5343/5343/5343 5347/5347/5347
f 5350/5350/5350 5342/5342/5342 5343/5343/5343
f 5351/5351/5351 5342/5342/5342 5350/5350/5350
f 5351/5351/5351 5352/5352/5352 5342/5342/5342
f 5340/5340/5340 5342/5342/5342 5352/5352/5352
f 5340/5340/5340 5352/5352/5352 5353/5353/5353
f 5354/5354/5354 5353/5353/5353 5352/5352/5352
f 5354/5354/5354 5352/5352/5352 5351/5351/5351
f 5344/5344/5344 5348/5348/5348 5355/5355/5355
f 5344/5344/5344 5355/5355/5355 5346/5346/5346
f 5349/5349/5349 5317/5317/5317 5356/5356/5356
f 5312/5312/5312 5356/5356/5356 5317/5317/5317
f 5354/5354/5354 5357/5357/5357 5353/5353/5353
f 5357/5357/5357 5358/5358/5358 5353/5353/5353
f 5358/5358/5358 5357/5357/5357 5359/5359/5359
f 5358/5358/5358 5359/5359/5359 5360/5360/5360
f 5360/5360/5360 5339/5339/5339 5358/5358/5358
f 5339/5339/5339 5353/5353/5353 5358/5358/5358
f 5340/5340/5340 5353/5353/5353 5339/5339/5339
f 5312/5312/5312 5361/5361/5361 5356/5356/5356
f 5364/5364/5364 5363/5363/5363 5362/5362/5362
f 5363/5363/5363 5365/5365/5365 5362/5362/5362
f 5366/5366/5366 5362/5362/5362 5365/5365/5365
f 5366/5366/5366 5367/5367/5367 5362/5362/5362
f 5362/5362/5362 5367/5367/5367 5364/5364/5364
f 5367/5367/5367 5368/5368/5368 5364/5364/5364
f 5364/5364/5364 5368/5368/5368 5369/5369/5369
f 5367/5367/5367 5370/5370/5370 5368/5368/5368
f 5368/5368/5368 5370/5370/5370 5369/5369/5369
f 5367/5367/5367 5371/5371/5371 5370/5370/5370
f 5372/5372/5372 5371/5371/5371 5367/5367/5367
f 5372/5372/5372 5338/5338/5338 5371/5371/5371
f 5367/5367/5367 5373/5373/5373 5372/5372/5372
f 5367/5367/5367 5366/5366/5366 5373/5373/5373
f 5372/5372/5372 5373/5373/5373 5319/5319/5319
f 5372/5372/5372 5319/5319/5319 5341/5341/5341
f 5341/5341/5341 5338/5338/5338 5372/5372/5372
f 5318/5318/5318 5341/5341/5341 5319/5319/5319
f 5376/5376/5376 5375/5375/5375 5374/5374/5374
f 5375/5375/5375 5377/5377/5377 5374/5374/5374
f 5378/5378/5378 5375/5375/5375 5376/5376/5376
f 5378/5378/5378 5379/5379/5379 5375/5375/5375
f 5377/5377/5377 5375/5375/5375 5380/5380/5380
f 5375/5375/5375 5381/5381/5381 5380/5380/5380
f 5375/5375/5375 5379/5379/5379 5381/5381/5381
f 5384/5384/5384 5383/5383/5383 5382/5382/5382
f 5384/5384/5384 5385/5385/5385 5383/5383/5383
f 5383/5383/5383 5386/5386/5386 5382/5382/5382
f 5387/5387/5387 5382/5382/5382 5386/5386/5386
f 5387/5387/5387 5388/5388/5388 5382/5382/5382
f 5387/5387/5387 5389/5389/5389 5388/5388/5388
f 5389/5389/5389 5390/5390/5390 5388/5388/5388
f 5389/5389/5389 5391/5391/5391 5390/5390/5390
f 5389/5389/5389 5392/5392/5392 5391/5391/5391
f 5393/5393/5393 5388/5388/5388 5390/5390/5390
f 5393/5393/5393 5390/5390/5390 5391/5391/5391
f 5393/5393/5393 5394/5394/5394 5388/5388/5388
f 5394/5394/5394 5395/5395/5395 5388/5388/5388
f 5382/5382/5382 5388/5388/5388 5395/5395/5395
f 5384/5384/5384 5382/5382/5382 5395/5395/5395
f 5394/5394/5394 5396/5396/5396 5395/5395/5395
f 5393/5393/5393 5391/5391/5391 5397/5397/5397
f 5397/5397/5397 5398/5398/5398 5393/5393/5393
f 5397/5397/5397 5399/5399/5399 5398/5398/5398
f 5395/5395/5395 5400/5400/5400 5384/5384/5384
f 5395/5395/5395 5396/5396/5396 5400/5400/5400
f 5396/5396/5396 5401/5401/5401 5400/5400/5400
f 5402/5402/5402 5400/5400/5400 5401/5401/5401
f 5403/5403/5403 5402/5402/5402 5401/5401/5401
f 5403/5403/5403 5401/5401/5401 5404/5404/5404
f 5403/5403/5403 5404/5404/5404 5405/5405/5405
f 5406/5406/5406 5403/5403/5403 5405/5405/5405
f 5406/5406/5406 5405/5405/5405 5407/5407/5407
f 5396/5396/5396 5394/5394/5394 5408/5408/5408
f 5401/5401/5401 5409/5409/5409 5404/5404/5404
f 5401/5401/5401 5410/5410/5410 5409/5409/5409
f 5411/5411/5411 5404/5404/5404 5409/5409/5409
f 5411/5411/5411 5405/5405/5405 5404/5404/5404
f 5412/5412/5412 5398/5398/5398 5399/5399/5399
f 5412/5412/5412 5399/5399/5399 5413/5413/5413
f 5414/5414/5414 5412/5412/5412 5413/5413/5413
f 5417/5417/5417 5416/5416/5416 5415/5415/5415
f 5416/5416/5416 5417/5417/5417 5418/5418/5418
f 5416/5416/5416 5418/5418/5418 5419/5419/5419
f 5419/5419/5419 5420/5420/5420 5416/5416/5416
f 5416/5416/5416 5420/5420/5420 5415/5415/5415
f 5419/5419/5419 5421/5421/5421 5420/5420/5420
f 5424/5424/5424 5423/5423/5423 5422/5422/5422
f 5422/5422/5422 5423/5423/5423 5425/5425/5425
f 5422/5422/5422 5425/5425/5425 5426/5426/5426
f 5426/5426/5426 5425/5425/5425 5427/5427/5427
f 5425/5425/5425 5428/5428/5428 5427/5427/5427
f 5431/5431/5431 5430/5430/5430 5429/5429/5429
f 5430/5430/5430 5432/5432/5432 5429/5429/5429
f 5431/5431/5431 5429/5429/5429 5433/5433/5433
f 5436/5436/5436 5435/5435/5435 5434/5434/5434
f 5439/5439/5439 5438/5438/5438 5437/5437/5437
f 5439/5439/5439 5440/5440/5440 5438/5438/5438
f 5438/5438/5438 5441/5441/5441 5437/5437/5437
f 5440/5440/5440 5442/5442/5442 5438/5438/5438
f 5443/5443/5443 5439/5439/5439 5437/5437/5437
f 5446/5446/5446 5445/5445/5445 5444/5444/5444
f 5445/5445/5445 5446/5446/5446 5447/5447/5447
f 5216/5216/5216 5215/5215/5215 5448/5448/5448
f 5283/5283/5283 5274/5274/5274 5449/5449/5449
f 5210/5210/5210 5450/5450/5450 5212/5212/5212
f 5210/5210/5210 5451/5451/5451 5450/5450/5450
f 5210/5210/5210 5209/5209/5209 5451/5451/5451
f 5454/5454/5454 5453/5453/5453 5452/5452/5452
f 5457/5457/5457 5456/5456/5456 5455/5455/5455
f 5458/5458/5458 5455/5455/5455 5456/5456/5456
f 5461/5461/5461 5460/5460/5460 5459/5459/5459
f 5461/5461/5461 5462/5462/5462 5460/5460/5460
f 5462/5462/5462 5463/5463/5463 5460/5460/5460
f 5464/5464/5464 5463/5463/5463 5462/5462/5462
f 5462/5462/5462 5461/5461/5461 5465/5465/5465
f 5464/5464/5464 5462/5462/5462 5465/5465/5465
f 5464/5464/5464 5465/5465/5465 5466/5466/5466
f 5463/5463/5463 5464/5464/5464 5467/5467/5467
f 5467/5467/5467 5468/5468/5468 5463/5463/5463
f 5467/5467/5467 5469/5469/5469 5468/5468/5468
f 5460/5460/5460 5463/5463/5463 5470/5470/5470
f 5470/5470/5470 5463/5463/5463 5468/5468/5468
f 5471/5471/5471 5468/5468/5468 5469/5469/5469
f 5471/5471/5471 5472/5472/5472 5468/5468/5468
f 5468/5468/5468 5472/5472/5472 5473/5473/5473
f 5472/5472/5472 5474/5474/5474 5473/5473/5473
f 5475/5475/5475 5468/5468/5468 5473/5473/5473
f 5475/5475/5475 5473/5473/5473 5476/5476/5476
f 5471/5471/5471 5477/5477/5477 5472/5472/5472
f 5478/5478/5478 5477/5477/5477 5471/5471/5471
f 5479/5479/5479 5472/5472/5472 5477/5477/5477
f 5482/5482/5482 5481/5481/5481 5480/5480/5480
f 5482/5482/5482 5483/5483/5483 5481/5481/5481
f 5482/5482/5482 5480/5480/5480 5484/5484/5484
f 5482/5482/5482 5484/5484/5484 5485/5485/5485
f 5485/5485/5485 5484/5484/5484 5486/5486/5486
f 5484/5484/5484 5487/5487/5487 5486/5486/5486
f 5487/5487/5487 5484/5484/5484 5488/5488/5488
f 5488/5488/5488 5484/5484/5484 5489/5489/5489
f 5480/5480/5480 5489/5489/5489 5484/5484/5484
f 5488/5488/5488 5490/5490/5490 5487/5487/5487
f 5482/5482/5482 5491/5491/5491 5483/5483/5483
f 5482/5482/5482 5485/5485/5485 5491/5491/5491
f 5490/5490/5490 5492/5492/5492 5487/5487/5487
f 5495/5495/5495 5494/5494/5494 5493/5493/5493
f 5494/5494/5494 5496/5496/5496 5493/5493/5493
f 5494/5494/5494 5497/5497/5497 5496/5496/5496
f 5496/5496/5496 5497/5497/5497 5498/5498/5498
f 5499/5499/5499 5496/5496/5496 5498/5498/5498
f 5500/5500/5500 5496/5496/5496 5499/5499/5499
f 5499/5499/5499 5498/5498/5498 5501/5501/5501
f 5498/5498/5498 5502/5502/5502 5501/5501/5501
f 5498/5498/5498 5503/5503/5503 5502/5502/5502
f 5497/5497/5497 5503/5503/5503 5498/5498/5498
f 5497/5497/5497 5504/5504/5504 5503/5503/5503
f 5507/5507/5507 5506/5506/5506 5505/5505/5505
f 5508/5508/5508 5506/5506/5506 5507/5507/5507
f 5509/5509/5509 5506/5506/5506 5508/5508/5508
f 5509/5509/5509 5510/5510/5510 5506/5506/5506
f 5509/5509/5509 5511/5511/5511 5510/5510/5510
f 5514/5514/5514 5513/5513/5513 5512/5512/5512
f 5517/5517/5517 5516/5516/5516 5515/5515/5515
f 5518/5518/5518 5517/5517/5517 5515/5515/5515
f 5519/5519/5519 5517/5517/5517 5518/5518/5518
f 5519/5519/5519 5520/5520/5520 5517/5517/5517
f 5517/5517/5517 5520/5520/5520 5516/5516/5516
f 5519/5519/5519 5521/5521/5521 5520/5520/5520
f 5522/5522/5522 5520/5520/5520 5521/5521/5521
f 5522/5522/5522 5523/5523/5523 5520/5520/5520
f 5523/5523/5523 5522/5522/5522 5524/5524/5524
f 5523/5523/5523 5524/5524/5524 5525/5525/5525
f 5520/5520/5520 5525/5525/5525 5516/5516/5516
f 5520/5520/5520 5523/5523/5523 5525/5525/5525
f 5528/5528/5528 5527/5527/5527 5526/5526/5526
f 5528/5528/5528 5529/5529/5529 5527/5527/5527
f 5528/5528/5528 5530/5530/5530 5529/5529/5529
f 5526/5526/5526 5531/5531/5531 5528/5528/5528
f 5532/5532/5532 5528/5528/5528 5531/5531/5531
f 5532/5532/5532 5530/5530/5530 5528/5528/5528
f 5533/5533/5533 5530/5530/5530 5532/5532/5532
f 5529/5529/5529 5530/5530/5530 5534/5534/5534
f 5535/5535/5535 5534/5534/5534 5530/5530/5530
f 5535/5535/5535 5536/5536/5536 5534/5534/5534
f 5536/5536/5536 5537/5537/5537 5534/5534/5534
f 5538/5538/5538 5537/5537/5537 5536/5536/5536
f 5538/5538/5538 5539/5539/5539 5537/5537/5537
f 5540/5540/5540 5539/5539/5539 5538/5538/5538
f 5541/5541/5541 5540/5540/5540 5538/5538/5538
f 5538/5538/5538 5542/5542/5542 5541/5541/5541
f 5538/5538/5538 5536/5536/5536 5542/5542/5542
f 5536/5536/5536 5543/5543/5543 5542/5542/5542
f 5535/5535/5535 5530/5530/5530 5544/5544/5544
f 5544/5544/5544 5530/5530/5530 5533/5533/5533
f 5535/5535/5535 5544/5544/5544 5545/5545/5545
f 5535/5535/5535 5546/5546/5546 5536/5536/5536
f 5535/5535/5535 5545/5545/5545 5546/5546/5546
f 5536/5536/5536 5546/5546/5546 5543/5543/5543
f 5546/5546/5546 5547/5547/5547 5543/5543/5543
f 5546/5546/5546 5548/5548/5548 5547/5547/5547
f 5549/5549/5549 5548/5548/5548 5546/5546/5546
f 5545/5545/5545 5550/5550/5550 5546/5546/5546
f 5550/5550/5550 5549/5549/5549 5546/5546/5546
f 5549/5549/5549 5551/5551/5551 5548/5548/5548
f 5547/5547/5547 5548/5548/5548 5551/5551/5551
f 5552/5552/5552 5551/5551/5551 5549/5549/5549
f 5547/5547/5547 5551/5551/5551 5553/5553/5553
f 5549/5549/5549 5554/5554/5554 5552/5552/5552
f 5555/5555/5555 5552/5552/5552 5554/5554/5554
f 5556/5556/5556 5554/5554/5554 5549/5549/5549
f 5550/5550/5550 5556/5556/5556 5549/5549/5549
f 5553/5553/5553 5551/5551/5551 5557/5557/5557
f 5558/5558/5558 5557/5557/5557 5551/5551/5551
f 5559/5559/5559 5545/5545/5545 5544/5544/5544
f 5559/5559/5559 5550/5550/5550 5545/5545/5545
f 5560/5560/5560 5559/5559/5559 5544/5544/5544
f 5544/5544/5544 5561/5561/5561 5560/5560/5560
f 5561/5561/5561 5544/5544/5544 5533/5533/5533
f 5562/5562/5562 5561/5561/5561 5533/5533/5533
f 5562/5562/5562 5563/5563/5563 5561/5561/5561
f 5560/5560/5560 5561/5561/5561 5563/5563/5563
f 5562/5562/5562 5564/5564/5564 5563/5563/5563
f 5562/5562/5562 5565/5565/5565 5564/5564/5564
f 5568/5568/5568 5567/5567/5567 5566/5566/5566
f 5569/5569/5569 5567/5567/5567 5568/5568/5568
f 5572/5572/5572 5571/5571/5571 5570/5570/5570
f 5573/5573/5573 5570/5570/5570 5571/5571/5571
f 5573/5573/5573 5574/5574/5574 5570/5570/5570
f 5572/5572/5572 5575/5575/5575 5571/5571/5571
f 5573/5573/5573 5571/5571/5571 5575/5575/5575
f 5573/5573/5573 5575/5575/5575 5576/5576/5576
f 5579/5579/5579 5578/5578/5578 5577/5577/5577
f 5577/5577/5577 5580/5580/5580 5579/5579/5579
f 5577/5577/5577 5581/5581/5581 5580/5580/5580
f 5578/5578/5578 5579/5579/5579 5582/5582/5582
f 5580/5580/5580 5582/5582/5582 5579/5579/5579
f 5580/5580/5580 5583/5583/5583 5582/5582/5582
f 5586/5586/5586 5585/5585/5585 5584/5584/5584
f 5585/5585/5585 5587/5587/5587 5584/5584/5584
f 5586/5586/5586 5588/5588/5588 5585/5585/5585
f 5588/5588/5588 5589/5589/5589 5585/5585/5585
f 5588/5588/5588 5590/5590/5590 5589/5589/5589
f 5590/5590/5590 5591/5591/5591 5589/5589/5589
f 5589/5589/5589 5591/5591/5591 5592/5592/5592
f 5593/5593/5593 5589/5589/5589 5592/5592/5592
f 5589/5589/5589 5593/5593/5593 5585/5585/5585
f 5590/5590/5590 5594/5594/5594 5591/5591/5591
f 5592/5592/5592 5591/5591/5591 5595/5595/5595
f 5598/5598/5598 5597/5597/5597 5596/5596/5596
f 5597/5597/5597 5599/5599/5599 5596/5596/5596
f 5599/5599/5599 5597/5597/5597 5600/5600/5600
f 5598/5598/5598 5600/5600/5600 5597/5597/5597
f 5599/5599/5599 5600/5600/5600 5601/5601/5601
f 5598/5598/5598 5602/5602/5602 5600/5600/5600
f 5602/5602/5602 5603/5603/5603 5600/5600/5600
f 5606/5606/5606 5605/5605/5605 5604/5604/5604
f 5606/5606/5606 5607/5607/5607 5605/5605/5605
f 5604/5604/5604 5605/5605/5605 5608/5608/5608
f 5604/5604/5604 5608/5608/5608 5609/5609/5609
f 5605/5605/5605 5610/5610/5610 5608/5608/5608
f 5605/5605/5605 5607/5607/5607 5610/5610/5610
f 5611/5611/5611 5608/5608/5608 5610/5610/5610
f 5611/5611/5611 5612/5612/5612 5608/5608/5608
f 5609/5609/5609 5608/5608/5608 5612/5612/5612
f 5609/5609/5609 5612/5612/5612 5613/5613/5613
f 5612/5612/5612 5614/5614/5614 5613/5613/5613
f 5612/5612/5612 5615/5615/5615 5614/5614/5614
f 5618/5618/5618 5617/5617/5617 5616/5616/5616
f 5618/5618/5618 5619/5619/5619 5617/5617/5617
f 5619/5619/5619 5620/5620/5620 5617/5617/5617
f 5619/5619/5619 5621/5621/5621 5620/5620/5620
f 5617/5617/5617 5620/5620/5620 5622/5622/5622
f 5617/5617/5617 5622/5622/5622 5623/5623/5623
f 5616/5616/5616 5617/5617/5617 5623/5623/5623
f 5616/5616/5616 5623/5623/5623 5624/5624/5624
f 5616/5616/5616 5625/5625/5625 5618/5618/5618
f 5624/5624/5624 5625/5625/5625 5616/5616/5616
f 5628/5628/5628 5627/5627/5627 5626/5626/5626
f 5628/5628/5628 5629/5629/5629 5627/5627/5627
f 5630/5630/5630 5629/5629/5629 5628/5628/5628
f 5630/5630/5630 5628/5628/5628 5631/5631/5631
f 5630/5630/5630 5631/5631/5631 5632/5632/5632
f 5630/5630/5630 5632/5632/5632 5633/5633/5633
f 5630/5630/5630 5633/5633/5633 5634/5634/5634
f 5634/5634/5634 5633/5633/5633 5635/5635/5635
f 5633/5633/5633 5636/5636/5636 5635/5635/5635
f 5637/5637/5637 5635/5635/5635 5636/5636/5636
f 5637/5637/5637 5638/5638/5638 5635/5635/5635
f 5639/5639/5639 5634/5634/5634 5635/5635/5635
f 5639/5639/5639 5640/5640/5640 5634/5634/5634
f 5634/5634/5634 5640/5640/5640 5630/5630/5630
f 5640/5640/5640 5629/5629/5629 5630/5630/5630
f 5639/5639/5639 5641/5641/5641 5640/5640/5640
f 5635/5635/5635 5638/5638/5638 5642/5642/5642
f 5639/5639/5639 5635/5635/5635 5642/5642/5642
f 5640/5640/5640 5643/5643/5643 5629/5629/5629
f 5641/5641/5641 5643/5643/5643 5640/5640/5640
f 5643/5643/5643 5627/5627/5627 5629/5629/5629
f 5643/5643/5643 5644/5644/5644 5627/5627/5627
f 5644/5644/5644 5643/5643/5643 5641/5641/5641
f 5645/5645/5645 5642/5642/5642 5638/5638/5638
f 5645/5645/5645 5638/5638/5638 5646/5646/5646
f 5646/5646/5646 5638/5638/5638 5637/5637/5637
f 5646/5646/5646 5637/5637/5637 5647/5647/5647
f 5648/5648/5648 5644/5644/5644 5641/5641/5641
f 5627/5627/5627 5644/5644/5644 5648/5648/5648
f 5649/5649/5649 5648/5648/5648 5641/5641/5641
f 5650/5650/5650 5627/5627/5627 5648/5648/5648
f 5649/5649/5649 5650/5650/5650 5648/5648/5648
f 5651/5651/5651 5650/5650/5650 5649/5649/5649
f 5651/5651/5651 5652/5652/5652 5650/5650/5650
f 5650/5650/5650 5652/5652/5652 5653/5653/5653
f 5653/5653/5653 5654/5654/5654 5650/5650/5650
f 5655/5655/5655 5650/5650/5650 5654/5654/5654
f 5627/5627/5627 5650/5650/5650 5655/5655/5655
f 5655/5655/5655 5654/5654/5654 5656/5656/5656
f 5652/5652/5652 5657/5657/5657 5653/5653/5653
f 5627/5627/5627 5655/5655/5655 5658/5658/5658
f 5627/5627/5627 5658/5658/5658 5626/5626/5626
f 5661/5661/5661 5660/5660/5660 5659/5659/5659
f 5659/5659/5659 5662/5662/5662 5661/5661/5661
f 5660/5660/5660 5663/5663/5663 5659/5659/5659
f 5659/5659/5659 5663/5663/5663 5632/5632/5632
f 5662/5662/5662 5659/5659/5659 5632/5632/5632
f 5660/5660/5660 5664/5664/5664 5663/5663/5663
f 5663/5663/5663 5664/5664/5664 5633/5633/5633
f 5663/5663/5663 5633/5633/5633 5632/5632/5632
f 5667/5667/5667 5666/5666/5666 5665/5665/5665
f 5665/5665/5665 5668/5668/5668 5667/5667/5667
f 5666/5666/5666 5669/5669/5669 5665/5665/5665
f 5666/5666/5666 5670/5670/5670 5669/5669/5669
f 5671/5671/5671 5665/5665/5665 5669/5669/5669
f 5671/5671/5671 5668/5668/5668 5665/5665/5665
f 5666/5666/5666 5672/5672/5672 5670/5670/5670
f 5673/5673/5673 5670/5670/5670 5672/5672/5672
f 5674/5674/5674 5670/5670/5670 5673/5673/5673
f 5674/5674/5674 5675/5675/5675 5670/5670/5670
f 5673/5673/5673 5672/5672/5672 5676/5676/5676
f 5676/5676/5676 5672/5672/5672 5677/5677/5677
f 5677/5677/5677 5672/5672/5672 5666/5666/5666
f 5678/5678/5678 5670/5670/5670 5675/5675/5675
f 5678/5678/5678 5669/5669/5669 5670/5670/5670
f 5679/5679/5679 5678/5678/5678 5675/5675/5675
f 5680/5680/5680 5679/5679/5679 5675/5675/5675
f 5671/5671/5671 5669/5669/5669 5681/5681/5681
f 5107/5107/5107 5679/5679/5679 5680/5680/5680
f 5680/5680/5680 5093/5093/5093 5107/5107/5107
f 5680/5680/5680 5089/5089/5089 5093/5093/5093
f 5107/5107/5107 5682/5682/5682 5679/5679/5679
f 5674/5674/5674 5683/5683/5683 5675/5675/5675
f 5675/5675/5675 5684/5684/5684 5680/5680/5680
f 5684/5684/5684 5675/5675/5675 5683/5683/5683
f 5089/5089/5089 5680/5680/5680 5684/5684/5684
f 5687/5687/5687 5686/5686/5686 5685/5685/5685
f 5687/5687/5687 5688/5688/5688 5686/5686/5686
f 5689/5689/5689 5686/5686/5686 5688/5688/5688
f 5689/5689/5689 5690/5690/5690 5686/5686/5686
f 5685/5685/5685 5686/5686/5686 5691/5691/5691
f 5691/5691/5691 5686/5686/5686 5690/5690/5690
f 5685/5685/5685 5691/5691/5691 5692/5692/5692
f 5691/5691/5691 5693/5693/5693 5692/5692/5692
f 5691/5691/5691 5694/5694/5694 5693/5693/5693
f 5693/5693/5693 5694/5694/5694 5695/5695/5695
f 5696/5696/5696 5695/5695/5695 5694/5694/5694
f 5696/5696/5696 5694/5694/5694 5691/5691/5691
f 5696/5696/5696 5691/5691/5691 5697/5697/5697
f 5691/5691/5691 5690/5690/5690 5697/5697/5697
f 5698/5698/5698 5688/5688/5688 5687/5687/5687
f 5698/5698/5698 5699/5699/5699 5688/5688/5688
f 5702/5702/5702 5701/5701/5701 5700/5700/5700
f 5703/5703/5703 5701/5701/5701 5702/5702/5702
f 5700/5700/5700 5704/5704/5704 5702/5702/5702
f 5704/5704/5704 5705/5705/5705 5702/5702/5702
f 5701/5701/5701 5703/5703/5703 5706/5706/5706
f 5701/5701/5701 5706/5706/5706 5707/5707/5707
f 5706/5706/5706 5703/5703/5703 5708/5708/5708
f 5709/5709/5709 5706/5706/5706 5708/5708/5708
f 5703/5703/5703 5710/5710/5710 5708/5708/5708
f 5711/5711/5711 5710/5710/5710 5703/5703/5703
f 5711/5711/5711 5712/5712/5712 5710/5710/5710
f 5711/5711/5711 5713/5713/5713 5712/5712/5712
f 5714/5714/5714 5712/5712/5712 5713/5713/5713
f 5711/5711/5711 5715/5715/5715 5713/5713/5713
f 5713/5713/5713 5715/5715/5715 5716/5716/5716
f 5713/5713/5713 5716/5716/5716 5717/5717/5717
f 5717/5717/5717 5718/5718/5718 5713/5713/5713
f 5713/5713/5713 5718/5718/5718 5719/5719/5719
f 5714/5714/5714 5713/5713/5713 5719/5719/5719
f 5712/5712/5712 5720/5720/5720 5710/5710/5710
f 5723/5723/5723 5722/5722/5722 5721/5721/5721
f 5726/5726/5726 5725/5725/5725 5724/5724/5724
f 5726/5726/5726 5727/5727/5727 5725/5725/5725
f 5728/5728/5728 5727/5727/5727 5726/5726/5726
f 5724/5724/5724 5725/5725/5725 5729/5729/5729
f 5728/5728/5728 5730/5730/5730 5727/5727/5727
f 5729/5729/5729 5725/5725/5725 5731/5731/5731
f 5734/5734/5734 5733/5733/5733 5732/5732/5732
f 5735/5735/5735 5733/5733/5733 5734/5734/5734
f 5735/5735/5735 5736/5736/5736 5733/5733/5733
f 5734/5734/5734 5732/5732/5732 5737/5737/5737
f 5734/5734/5734 5737/5737/5737 5738/5738/5738
f 5734/5734/5734 5738/5738/5738 5739/5739/5739
f 5739/5739/5739 5740/5740/5740 5734/5734/5734
f 5741/5741/5741 5735/5735/5735 5734/5734/5734
f 5740/5740/5740 5741/5741/5741 5734/5734/5734
f 5735/5735/5735 5741/5741/5741 5742/5742/5742
f 5743/5743/5743 5740/5740/5740 5739/5739/5739
f 5744/5744/5744 5740/5740/5740 5743/5743/5743
f 5740/5740/5740 5744/5744/5744 5741/5741/5741
f 5745/5745/5745 5741/5741/5741 5744/5744/5744
f 5745/5745/5745 5744/5744/5744 5743/5743/5743
f 5745/5745/5745 5746/5746/5746 5741/5741/5741
f 5747/5747/5747 5746/5746/5746 5745/5745/5745
f 5745/5745/5745 5743/5743/5743 5747/5747/5747
f 5747/5747/5747 5748/5748/5748 5746/5746/5746
f 5746/5746/5746 5748/5748/5748 5749/5749/5749
f 5741/5741/5741 5746/5746/5746 5749/5749/5749
f 5750/5750/5750 5749/5749/5749 5748/5748/5748
f 5748/5748/5748 5751/5751/5751 5750/5750/5750
f 5752/5752/5752 5748/5748/5748 5747/5747/5747
f 5752/5752/5752 5751/5751/5751 5748/5748/5748
f 5751/5751/5751 5752/5752/5752 5753/5753/5753
f 5751/5751/5751 5753/5753/5753 5754/5754/5754
f 5755/5755/5755 5754/5754/5754 5753/5753/5753
f 5753/5753/5753 5756/5756/5756 5755/5755/5755
f 5753/5753/5753 5752/5752/5752 5756/5756/5756
f 5752/5752/5752 5747/5747/5747 5757/5757/5757
f 5758/5758/5758 5752/5752/5752 5757/5757/5757
f 5757/5757/5757 5759/5759/5759 5758/5758/5758
f 5757/5757/5757 5760/5760/5760 5759/5759/5759
f 5761/5761/5761 5757/5757/5757 5747/5747/5747
f 5760/5760/5760 5757/5757/5757 5762/5762/5762
f 5757/5757/5757 5761/5761/5761 5762/5762/5762
f 5763/5763/5763 5760/5760/5760 5762/5762/5762
f 5763/5763/5763 5764/5764/5764 5760/5760/5760
f 5759/5759/5759 5760/5760/5760 5764/5764/5764
f 5759/5759/5759 5764/5764/5764 5765/5765/5765
f 5766/5766/5766 5765/5765/5765 5764/5764/5764
f 5766/5766/5766 5767/5767/5767 5765/5765/5765
f 5764/5764/5764 5768/5768/5768 5766/5766/5766
f 5764/5764/5764 5763/5763/5763 5768/5768/5768
f 5743/5743/5743 5761/5761/5761 5747/5747/5747
f 5771/5771/5771 5770/5770/5770 5769/5769/5769
f 5772/5772/5772 5771/5771/5771 5769/5769/5769
f 5771/5771/5771 5772/5772/5772 5773/5773/5773
f 5771/5771/5771 5773/5773/5773 5774/5774/5774
f 5774/5774/5774 5773/5773/5773 5775/5775/5775
f 5774/5774/5774 5775/5775/5775 5776/5776/5776
f 5776/5776/5776 5775/5775/5775 5777/5777/5777
f 5778/5778/5778 5775/5775/5775 5773/5773/5773
f 5774/5774/5774 5776/5776/5776 5779/5779/5779
f 5780/5780/5780 5774/5774/5774 5779/5779/5779
f 5780/5780/5780 5779/5779/5779 5781/5781/5781
f 5781/5781/5781 5779/5779/5779 5782/5782/5782
f 5783/5783/5783 5780/5780/5780 5781/5781/5781
f 5784/5784/5784 5783/5783/5783 5781/5781/5781
f 5783/5783/5783 5785/5785/5785 5780/5780/5780
f 5785/5785/5785 5783/5783/5783 5786/5786/5786
f 5783/5783/5783 5787/5787/5787 5786/5786/5786
f 5787/5787/5787 5783/5783/5783 5788/5788/5788
f 5787/5787/5787 5789/5789/5789 5786/5786/5786
f 5788/5788/5788 5783/5783/5783 5790/5790/5790
f 5793/5793/5793 5792/5792/5792 5791/5791/5791
f 5796/5796/5796 5795/5795/5795 5794/5794/5794
f 5794/5794/5794 5795/5795/5795 5797/5797/5797
f 5798/5798/5798 5795/5795/5795 5796/5796/5796
f 5797/5797/5797 5795/5795/5795 5799/5799/5799
f 5798/5798/5798 5800/5800/5800 5795/5795/5795
f 5803/5803/5803 5802/5802/5802 5801/5801/5801
f 5803/5803/5803 5804/5804/5804 5802/5802/5802
f 5801/5801/5801 5805/5805/5805 5803/5803/5803
f 5806/5806/5806 5801/5801/5801 5802/5802/5802
f 5801/5801/5801 5806/5806/5806 5805/5805/5805
f 5806/5806/5806 5802/5802/5802 5807/5807/5807
f 5810/5810/5810 5809/5809/5809 5808/5808/5808
f 5813/5813/5813 5812/5812/5812 5811/5811/5811
f 5816/5816/5816 5815/5815/5815 5814/5814/5814
f 5816/5816/5816 5817/5817/5817 5815/5815/5815
f 5816/5816/5816 5818/5818/5818 5817/5817/5817
f 5821/5821/5821 5820/5820/5820 5819/5819/5819
f 5822/5822/5822 5821/5821/5821 5819/5819/5819
f 5822/5822/5822 5823/5823/5823 5821/5821/5821
f 5823/5823/5823 5822/5822/5822 5824/5824/5824
f 5823/5823/5823 5824/5824/5824 5825/5825/5825
f 5825/5825/5825 5824/5824/5824 5826/5826/5826
f 5825/5825/5825 5826/5826/5826 5827/5827/5827
f 5826/5826/5826 5828/5828/5828 5827/5827/5827
f 5825/5825/5825 5827/5827/5827 5829/5829/5829
f 5825/5825/5825 5829/5829/5829 5830/5830/5830
f 5823/5823/5823 5825/5825/5825 5830/5830/5830
f 5823/5823/5823 5830/5830/5830 5831/5831/5831
f 5831/5831/5831 5821/5821/5821 5823/5823/5823
f 5831/5831/5831 5832/5832/5832 5821/5821/5821
f 5821/5821/5821 5832/5832/5832 5820/5820/5820
f 5833/5833/5833 5829/5829/5829 5827/5827/5827
f 5828/5828/5828 5833/5833/5833 5827/5827/5827
f 5828/5828/5828 5826/5826/5826 5834/5834/5834
f 5834/5834/5834 5826/5826/5826 5824/5824/5824
f 5834/5834/5834 5824/5824/5824 5835/5835/5835
f 5836/5836/5836 5834/5834/5834 5835/5835/5835
f 5836/5836/5836 5835/5835/5835 5837/5837/5837
f 5838/5838/5838 5837/5837/5837 5835/5835/5835
f 5838/5838/5838 5835/5835/5835 5839/5839/5839
f 5839/5839/5839 5835/5835/5835 5824/5824/5824
f 5839/5839/5839 5840/5840/5840 5838/5838/5838
f 5839/5839/5839 5841/5841/5841 5840/5840/5840
f 5820/5820/5820 5840/5840/5840 5841/5841/5841
f 5839/5839/5839 5819/5819/5819 5841/5841/5841
f 5820/5820/5820 5841/5841/5841 5819/5819/5819
f 5839/5839/5839 5822/5822/5822 5819/5819/5819
f 5839/5839/5839 5824/5824/5824 5822/5822/5822
f 5836/5836/5836 5842/5842/5842 5834/5834/5834
f 5842/5842/5842 5828/5828/5828 5834/5834/5834
f 5741/5741/5741 5749/5749/5749 5843/5843/5843
f 5741/5741/5741 5843/5843/5843 5742/5742/5742
f 5284/5284/5284 5263/5263/5263 5269/5269/5269
f 5284/5284/5284 5266/5266/5266 5263/5263/5263
f 5092/5092/5092 5091/5091/5091 5133/5133/5133
f 5732/5732/5732 5844/5844/5844 5737/5737/5737
f 5847/5847/5847 5846/5846/5846 5845/5845/5845
f 5847/5847/5847 5848/5848/5848 5846/5846/5846
f 5848/5848/5848 5849/5849/5849 5846/5846/5846
f 5849/5849/5849 5850/5850/5850 5846/5846/5846
f 5849/5849/5849 5851/5851/5851 5850/5850/5850
f 5852/5852/5852 5851/5851/5851 5849/5849/5849
f 5853/5853/5853 5851/5851/5851 5852/5852/5852
f 5854/5854/5854 5851/5851/5851 5853/5853/5853
f 5853/5853/5853 5855/5855/5855 5854/5854/5854
f 5854/5854/5854 5856/5856/5856 5851/5851/5851
f 5854/5854/5854 5857/5857/5857 5856/5856/5856
f 5855/5855/5855 5857/5857/5857 5854/5854/5854
f 5857/5857/5857 5858/5858/5858 5856/5856/5856
f 5859/5859/5859 5855/5855/5855 5853/5853/5853
f 5862/5862/5862 5861/5861/5861 5860/5860/5860
f 5862/5862/5862 5863/5863/5863 5861/5861/5861
f 5864/5864/5864 5863/5863/5863 5862/5862/5862
f 5865/5865/5865 5864/5864/5864 5862/5862/5862
f 5866/5866/5866 5864/5864/5864 5865/5865/5865
f 5867/5867/5867 5864/5864/5864 5866/5866/5866
f 5866/5866/5866 5868/5868/5868 5867/5867/5867
f 5866/5866/5866 5869/5869/5869 5868/5868/5868
f 5870/5870/5870 5868/5868/5868 5869/5869/5869
f 5871/5871/5871 5869/5869/5869 5866/5866/5866
f 5872/5872/5872 5869/5869/5869 5871/5871/5871
f 5872/5872/5872 5870/5870/5870 5869/5869/5869
f 5873/5873/5873 5872/5872/5872 5871/5871/5871
f 5870/5870/5870 5874/5874/5874 5868/5868/5868
f 5877/5877/5877 5876/5876/5876 5875/5875/5875
f 5875/5875/5875 5878/5878/5878 5877/5877/5877
f 5879/5879/5879 5877/5877/5877 5878/5878/5878
f 5880/5880/5880 5879/5879/5879 5878/5878/5878
f 5880/5880/5880 5878/5878/5878 5881/5881/5881
f 5882/5882/5882 5881/5881/5881 5878/5878/5878
f 5885/5885/5885 5884/5884/5884 5883/5883/5883
f 5886/5886/5886 5883/5883/5883 5884/5884/5884
f 5884/5884/5884 5887/5887/5887 5886/5886/5886
f 5887/5887/5887 5888/5888/5888 5886/5886/5886
f 5886/5886/5886 5888/5888/5888 5889/5889/5889
f 5889/5889/5889 5890/5890/5890 5886/5886/5886
f 5893/5893/5893 5892/5892/5892 5891/5891/5891
f 5893/5893/5893 5894/5894/5894 5892/5892/5892
f 5895/5895/5895 5892/5892/5892 5894/5894/5894
f 5892/5892/5892 5895/5895/5895 5896/5896/5896
f 5895/5895/5895 5897/5897/5897 5896/5896/5896
f 5898/5898/5898 5896/5896/5896 5897/5897/5897
f 5899/5899/5899 5896/5896/5896 5898/5898/5898
f 5899/5899/5899 5898/5898/5898 5900/5900/5900
f 5901/5901/5901 5899/5899/5899 5900/5900/5900
f 5902/5902/5902 5899/5899/5899 5901/5901/5901
f 5903/5903/5903 5899/5899/5899 5902/5902/5902
f 5904/5904/5904 5899/5899/5899 5903/5903/5903
f 5905/5905/5905 5899/5899/5899 5904/5904/5904
f 5906/5906/5906 5898/5898/5898 5897/5897/5897
f 5900/5900/5900 5898/5898/5898 5906/5906/5906
f 5897/5897/5897 5907/5907/5907 5906/5906/5906
f 5897/5897/5897 5895/5895/5895 5908/5908/5908
f 5897/5897/5897 5908/5908/5908 5907/5907/5907
f 5894/5894/5894 5908/5908/5908 5895/5895/5895
f 5909/5909/5909 5908/5908/5908 5894/5894/5894
f 5909/5909/5909 5907/5907/5907 5908/5908/5908
f 5909/5909/5909 5894/5894/5894 5910/5910/5910
f 5911/5911/5911 5910/5910/5910 5894/5894/5894
f 5912/5912/5912 5910/5910/5910 5911/5911/5911
f 5899/5899/5899 5905/5905/5905 5913/5913/5913
f 5911/5911/5911 5894/5894/5894 5914/5914/5914
f 5911/5911/5911 5914/5914/5914 5915/5915/5915
f 5915/5915/5915 5914/5914/5914 5916/5916/5916
f 5894/5894/5894 5917/5917/5917 5914/5914/5914
f 5894/5894/5894 5893/5893/5893 5917/5917/5917
f 5917/5917/5917 5893/5893/5893 5891/5891/5891
f 5917/5917/5917 5891/5891/5891 5918/5918/5918
f 5919/5919/5919 5917/5917/5917 5918/5918/5918
f 5919/5919/5919 5920/5920/5920 5917/5917/5917
f 5917/5917/5917 5921/5921/5921 5914/5914/5914
f 5917/5917/5917 5920/5920/5920 5921/5921/5921
f 5914/5914/5914 5921/5921/5921 5922/5922/5922
f 5916/5916/5916 5914/5914/5914 5922/5922/5922
f 5921/5921/5921 5923/5923/5923 5922/5922/5922
f 5923/5923/5923 5921/5921/5921 5924/5924/5924
f 5920/5920/5920 5924/5924/5924 5921/5921/5921
f 5925/5925/5925 5924/5924/5924 5920/5920/5920
f 5919/5919/5919 5925/5925/5925 5920/5920/5920
f 5919/5919/5919 5926/5926/5926 5925/5925/5925
f 5927/5927/5927 5916/5916/5916 5922/5922/5922
f 5928/5928/5928 5922/5922/5922 5923/5923/5923
f 5928/5928/5928 5927/5927/5927 5922/5922/5922
f 5928/5928/5928 5929/5929/5929 5927/5927/5927
f 5930/5930/5930 5929/5929/5929 5928/5928/5928
f 5931/5931/5931 5928/5928/5928 5923/5923/5923
f 5931/5931/5931 5930/5930/5930 5928/5928/5928
f 5934/5934/5934 5933/5933/5933 5932/5932/5932
f 5935/5935/5935 5933/5933/5933 5934/5934/5934
f 5934/5934/5934 5936/5936/5936 5935/5935/5935
f 5936/5936/5936 5934/5934/5934 5937/5937/5937
f 5938/5938/5938 5936/5936/5936 5937/5937/5937
f 5937/5937/5937 5939/5939/5939 5938/5938/5938
f 5937/5937/5937 5940/5940/5940 5939/5939/5939
f 5939/5939/5939 5940/5940/5940 5941/5941/5941
f 5940/5940/5940 5942/5942/5942 5941/5941/5941
f 5940/5940/5940 5943/5943/5943 5942/5942/5942
f 5940/5940/5940 5944/5944/5944 5943/5943/5943
f 5940/5940/5940 5945/5945/5945 5944/5944/5944
f 5940/5940/5940 5946/5946/5946 5945/5945/5945
f 5939/5939/5939 5947/5947/5947 5938/5938/5938
f 5939/5939/5939 5941/5941/5941 5947/5947/5947
f 5948/5948/5948 5938/5938/5938 5947/5947/5947
f 5936/5936/5936 5938/5938/5938 5949/5949/5949
f 5949/5949/5949 5938/5938/5938 5948/5948/5948
f 5949/5949/5949 5935/5935/5935 5936/5936/5936
f 5949/5949/5949 5950/5950/5950 5935/5935/5935
f 5948/5948/5948 5950/5950/5950 5949/5949/5949
f 5935/5935/5935 5950/5950/5950 5951/5951/5951
f 5951/5951/5951 5952/5952/5952 5935/5935/5935
f 5951/5951/5951 5953/5953/5953 5952/5952/5952
f 5946/5946/5946 5940/5940/5940 5954/5954/5954
f 5952/5952/5952 5955/5955/5955 5935/5935/5935
f 5952/5952/5952 5956/5956/5956 5955/5955/5955
f 5955/5955/5955 5956/5956/5956 5957/5957/5957
f 5935/5935/5935 5955/5955/5955 5958/5958/5958
f 5935/5935/5935 5958/5958/5958 5933/5933/5933
f 5958/5958/5958 5932/5932/5932 5933/5933/5933
f 5958/5958/5958 5959/5959/5959 5932/5932/5932
f 5960/5960/5960 5959/5959/5959 5958/5958/5958
f 5960/5960/5960 5958/5958/5958 5961/5961/5961
f 5962/5962/5962 5958/5958/5958 5955/5955/5955
f 5962/5962/5962 5961/5961/5961 5958/5958/5958
f 5963/5963/5963 5962/5962/5962 5955/5955/5955
f 5955/5955/5955 5957/5957/5957 5963/5963/5963
f 5964/5964/5964 5962/5962/5962 5963/5963/5963
f 5962/5962/5962 5964/5964/5964 5965/5965/5965
f 5965/5965/5965 5961/5961/5961 5962/5962/5962
f 5965/5965/5965 5966/5966/5966 5961/5961/5961
f 5966/5966/5966 5960/5960/5960 5961/5961/5961
f 5967/5967/5967 5960/5960/5960 5966/5966/5966
f 5957/5957/5957 5968/5968/5968 5963/5963/5963
f 5963/5963/5963 5969/5969/5969 5964/5964/5964
f 5968/5968/5968 5969/5969/5969 5963/5963/5963
f 5970/5970/5970 5969/5969/5969 5968/5968/5968
f 5970/5970/5970 5971/5971/5971 5969/5969/5969
f 5969/5969/5969 5972/5972/5972 5964/5964/5964
f 5969/5969/5969 5971/5971/5971 5972/5972/5972
f 5975/5975/5975 5974/5974/5974 5973/5973/5973
f 5976/5976/5976 5974/5974/5974 5975/5975/5975
f 5976/5976/5976 5977/5977/5977 5974/5974/5974
f 5980/5980/5980 5979/5979/5979 5978/5978/5978
f 5980/5980/5980 5981/5981/5981 5979/5979/5979
f 5982/5982/5982 5980/5980/5980 5978/5978/5978
g Body_1
f 5985/5985/5985 5984/5984/5984 5983/5983/5983
f 5985/5985/5985 5986/5986/5986 5984/5984/5984
f 5987/5987/5987 5986/5986/5986 5985/5985/5985
f 5987/5987/5987 5988/5988/5988 5986/5986/5986
f 5989/5989/5989 5988/5988/5988 5987/5987/5987
f 5989/5989/5989 5990/5990/5990 5988/5988/5988
f 5991/5991/5991 5990/5990/5990 5989/5989/5989
f 5991/5991/5991 5992/5992/5992 5990/5990/5990
f 5993/5993/5993 5992/5992/5992 5991/5991/5991
f 5993/5993/5993 5991/5991/5991 5994/5994/5994
f 5995/5995/5995 5993/5993/5993 5994/5994/5994
f 5995/5995/5995 5994/5994/5994 5996/5996/5996
f 5997/5997/5997 5995/5995/5995 5996/5996/5996
f 5997/5997/5997 5996/5996/5996 5998/5998/5998
f 5998/5998/5998 5999/5999/5999 5997/5997/5997
f 5998/5998/5998 6000/6000/6000 5999/5999/5999
f 6000/6000/6000 6001/6001/6001 5999/5999/5999
f 6000/6000/6000 6002/6002/6002 6001/6001/6001
f 6003/6003/6003 6001/6001/6001 6002/6002/6002
f 6003/6003/6003 6002/6002/6002 6004/6004/6004
f 6005/6005/6005 5992/5992/5992 5993/5993/5993
f 6005/6005/6005 5993/5993/5993 5995/5995/5995
f 6005/6005/6005 6006/6006/6006 5992/5992/5992
f 6005/6005/6005 6007/6007/6007 6006/6006/6006
f 6005/6005/6005 6008/6008/6008 6007/6007/6007
f 6009/6009/6009 6008/6008/6008 6005/6005/6005
f 6009/6009/6009 5995/5995/5995 5997/5997/5997
f 6009/6009/6009 6005/6005/6005 5995/5995/5995
f 6009/6009/6009 6010/6010/6010 6008/6008/6008
f 6011/6011/6011 6010/6010/6010 6009/6009/6009
f 6011/6011/6011 5997/5997/5997 5999/5999/5999
f 6011/6011/6011 6009/6009/6009 5997/5997/5997
f 6001/6001/6001 6011/6011/6011 5999/5999/5999
f 6011/6011/6011 6012/6012/6012 6010/6010/6010
f 6013/6013/6013 6012/6012/6012 6011/6011/6011
f 6001/6001/6001 6013/6013/6013 6011/6011/6011
f 6013/6013/6013 6014/6014/6014 6012/6012/6012
f 6014/6014/6014 6013/6013/6013 6015/6015/6015
f 6014/6014/6014 6015/6015/6015 6016/6016/6016
f 6007/6007/6007 6017/6017/6017 6006/6006/6006
f 6007/6007/6007 6018/6018/6018 6017/6017/6017
f 6018/6018/6018 6019/6019/6019 6017/6017/6017
f 6018/6018/6018 6020/6020/6020 6019/6019/6019
f 6020/6020/6020 6021/6021/6021 6019/6019/6019
f 6020/6020/6020 6022/6022/6022 6021/6021/6021
f 6023/6023/6023 6021/6021/6021 6022/6022/6022
f 6023/6023/6023 6022/6022/6022 6024/6024/6024
f 6025/6025/6025 6023/6023/6023 6024/6024/6024
f 6021/6021/6021 6023/6023/6023 6025/6025/6025
f 6025/6025/6025 6024/6024/6024 6026/6026/6026
f 6025/6025/6025 6026/6026/6026 6027/6027/6027
f 6028/6028/6028 6027/6027/6027 6026/6026/6026
f 6028/6028/6028 6029/6029/6029 6027/6027/6027
f 6029/6029/6029 6025/6025/6025 6027/6027/6027
f 6025/6025/6025 6029/6029/6029 6021/6021/6021
f 6019/6019/6019 6021/6021/6021 6029/6029/6029
f 6029/6029/6029 6028/6028/6028 5983/5983/5983
f 6029/6029/6029 5983/5983/5983 5984/5984/5984
f 6019/6019/6019 6029/6029/6029 5984/5984/5984
f 5986/5986/5986 6019/6019/6019 5984/5984/5984
f 5986/5986/5986 6017/6017/6017 6019/6019/6019
f 5986/5986/5986 5988/5988/5988 6017/6017/6017
f 6017/6017/6017 5988/5988/5988 6006/6006/6006
f 5990/5990/5990 6006/6006/6006 5988/5988/5988
f 6006/6006/6006 5990/5990/5990 5992/5992/5992
f 6001/6001/6001 6030/6030/6030 6013/6013/6013
f 6001/6001/6001 6003/6003/6003 6030/6030/6030
f 6015/6015/6015 6013/6013/6013 6030/6030/6030
f 6004/6004/6004 6030/6030/6030 6003/6003/6003
f 6016/6016/6016 6030/6030/6030 6004/6004/6004
f 6016/6016/6016 6015/6015/6015 6030/6030/6030
g Body_2
f 6033/6033/6033 6032/6032/6032 6031/6031/6031
f 6034/6034/6034 6032/6032/6032 6033/6033/6033
f 6031/6031/6031 6035/6035/6035 6033/6033/6033
f 6032/6032/6032 6034/6034/6034 6036/6036/6036
f 6037/6037/6037 6032/6032/6032 6036/6036/6036
f 6037/6037/6037 6036/6036/6036 6038/6038/6038
f 6038/6038/6038 6039/6039/6039 6037/6037/6037
f 6032/6032/6032 6040/6040/6040 6031/6031/6031
f 6037/6037/6037 6040/6040/6040 6032/6032/6032
f 6031/6031/6031 6040/6040/6040 6041/6041/6041
f 6031/6031/6031 6041/6041/6041 6042/6042/6042
f 6042/6042/6042 6043/6043/6043 6031/6031/6031
f 6042/6042/6042 6041/6041/6041 6044/6044/6044
f 6045/6045/6045 6040/6040/6040 6037/6037/6037
f 6037/6037/6037 6039/6039/6039 6045/6045/6045
f 6041/6041/6041 6046/6046/6046 6044/6044/6044
f 6041/6041/6041 6040/6040/6040 6046/6046/6046
f 6044/6044/6044 6046/6046/6046 6047/6047/6047
f 6048/6048/6048 6045/6045/6045 6039/6039/6039
f 6040/6040/6040 6045/6045/6045 6048/6048/6048
f 6048/6048/6048 6039/6039/6039 6049/6049/6049
f 6038/6038/6038 6049/6049/6049 6039/6039/6039
f 6040/6040/6040 6048/6048/6048 6050/6050/6050
f 6040/6040/6040 6050/6050/6050 6046/6046/6046
f 6051/6051/6051 6049/6049/6049 6038/6038/6038
f 6052/6052/6052 6049/6049/6049 6051/6051/6051
f 6053/6053/6053 6049/6049/6049 6052/6052/6052
f 6052/6052/6052 6054/6054/6054 6053/6053/6053
f 6053/6053/6053 6054/6054/6054 6055/6055/6055
f 6055/6055/6055 6054/6054/6054 6056/6056/6056
f 6056/6056/6056 6054/6054/6054 6057/6057/6057
f 6058/6058/6058 6047/6047/6047 6046/6046/6046
f 6058/6058/6058 6059/6059/6059 6047/6047/6047
f 6060/6060/6060 6059/6059/6059 6058/6058/6058
f 6061/6061/6061 6059/6059/6059 6060/6060/6060
f 6058/6058/6058 6046/6046/6046 6062/6062/6062
f 6055/6055/6055 6063/6063/6063 6053/6053/6053
f 6064/6064/6064 6055/6055/6055 6056/6056/6056
f 6063/6063/6063 6055/6055/6055 6064/6064/6064
f 6063/6063/6063 6064/6064/6064 6065/6065/6065
f 6065/6065/6065 6064/6064/6064 6066/6066/6066
f 6066/6066/6066 6067/6067/6067 6065/6065/6065
f 6065/6065/6065 6067/6067/6067 6068/6068/6068
f 6060/6060/6060 6069/6069/6069 6061/6061/6061
f 6068/6068/6068 6067/6067/6067 6069/6069/6069
f 6061/6061/6061 6069/6069/6069 6070/6070/6070
f 6069/6069/6069 6071/6071/6071 6070/6070/6070
f 6069/6069/6069 6067/6067/6067 6071/6071/6071
f 6070/6070/6070 6071/6071/6071 6072/6072/6072
f 6069/6069/6069 6073/6073/6073 6068/6068/6068
f 6060/6060/6060 6073/6073/6073 6069/6069/6069
f 6073/6073/6073 6065/6065/6065 6068/6068/6068
f 6074/6074/6074 6073/6073/6073 6060/6060/6060
f 6075/6075/6075 6073/6073/6073 6074/6074/6074
f 6075/6075/6075 6065/6065/6065 6073/6073/6073
f 6075/6075/6075 6074/6074/6074 6076/6076/6076
f 6062/6062/6062 6076/6076/6076 6074/6074/6074
f 6076/6076/6076 6062/6062/6062 6046/6046/6046
f 6076/6076/6076 6077/6077/6077 6075/6075/6075
f 6077/6077/6077 6065/6065/6065 6075/6075/6075
f 6063/6063/6063 6065/6065/6065 6077/6077/6077
f 6078/6078/6078 6077/6077/6077 6076/6076/6076
f 6049/6049/6049 6077/6077/6077 6078/6078/6078
f 6053/6053/6053 6077/6077/6077 6049/6049/6049
f 6063/6063/6063 6077/6077/6077 6053/6053/6053
f 6050/6050/6050 6078/6078/6078 6076/6076/6076
f 6046/6046/6046 6050/6050/6050 6076/6076/6076
f 6050/6050/6050 6048/6048/6048 6078/6078/6078
f 6078/6078/6078 6048/6048/6048 6049/6049/6049
f 6079/6079/6079 6070/6070/6070 6072/6072/6072
f 6079/6079/6079 6080/6080/6080 6070/6070/6070
f 6081/6081/6081 6080/6080/6080 6079/6079/6079
f 6081/6081/6081 6082/6082/6082 6080/6080/6080
f 6081/6081/6081 6083/6083/6083 6082/6082/6082
f 6081/6081/6081 6084/6084/6084 6083/6083/6083
f 6085/6085/6085 6083/6083/6083 6084/6084/6084
f 6085/6085/6085 6086/6086/6086 6083/6083/6083
f 6087/6087/6087 6086/6086/6086 6085/6085/6085
f 6086/6086/6086 6087/6087/6087 6088/6088/6088
f 6089/6089/6089 6088/6088/6088 6087/6087/6087
f 6089/6089/6089 6090/6090/6090 6088/6088/6088
f 6091/6091/6091 6088/6088/6088 6090/6090/6090
f 6091/6091/6091 6090/6090/6090 6092/6092/6092
f 6091/6091/6091 6092/6092/6092 6093/6093/6093
f 6091/6091/6091 6093/6093/6093 6094/6094/6094
f 6094/6094/6094 6093/6093/6093 6095/6095/6095
f 6096/6096/6096 6095/6095/6095 6093/6093/6093
f 6097/6097/6097 6095/6095/6095 6096/6096/6096
f 6098/6098/6098 6097/6097/6097 6096/6096/6096
f 6097/6097/6097 6098/6098/6098 6099/6099/6099
f 6097/6097/6097 6099/6099/6099 6100/6100/6100
f 6101/6101/6101 6100/6100/6100 6099/6099/6099
f 6102/6102/6102 6097/6097/6097 6100/6100/6100
f 6102/6102/6102 6095/6095/6095 6097/6097/6097
f 6102/6102/6102 6100/6100/6100 6103/6103/6103
f 6103/6103/6103 6100/6100/6100 6042/6042/6042
f 6043/6043/6043 6042/6042/6042 6100/6100/6100
f 6103/6103/6103 6042/6042/6042 6044/6044/6044
f 6102/6102/6102 6104/6104/6104 6095/6095/6095
f 6094/6094/6094 6095/6095/6095 6104/6104/6104
f 6105/6105/6105 6103/6103/6103 6044/6044/6044
f 6102/6102/6102 6103/6103/6103 6105/6105/6105
f 6105/6105/6105 6044/6044/6044 6047/6047/6047
f 6106/6106/6106 6094/6094/6094 6104/6104/6104
f 6106/6106/6106 6104/6104/6104 6102/6102/6102
f 6106/6106/6106 6102/6102/6102 6107/6107/6107
f 6107/6107/6107 6102/6102/6102 6105/6105/6105
f 6047/6047/6047 6108/6108/6108 6105/6105/6105
f 6047/6047/6047 6059/6059/6059 6108/6108/6108
f 6059/6059/6059 6109/6109/6109 6108/6108/6108
f 6059/6059/6059 6061/6061/6061 6109/6109/6109
f 6105/6105/6105 6108/6108/6108 6110/6110/6110
f 6080/6080/6080 6109/6109/6109 6061/6061/6061
f 6080/6080/6080 6061/6061/6061 6070/6070/6070
f 6111/6111/6111 6109/6109/6109 6080/6080/6080
f 6111/6111/6111 6112/6112/6112 6109/6109/6109
f 6108/6108/6108 6109/6109/6109 6112/6112/6112
f 6110/6110/6110 6108/6108/6108 6112/6112/6112
f 6111/6111/6111 6113/6113/6113 6112/6112/6112
f 6112/6112/6112 6113/6113/6113 6114/6114/6114
f 6114/6114/6114 6110/6110/6110 6112/6112/6112
f 6110/6110/6110 6114/6114/6114 6105/6105/6105
f 6107/6107/6107 6105/6105/6105 6114/6114/6114
f 6115/6115/6115 6114/6114/6114 6113/6113/6113
f 6115/6115/6115 6116/6116/6116 6114/6114/6114
f 6116/6116/6116 6107/6107/6107 6114/6114/6114
f 6116/6116/6116 6106/6106/6106 6107/6107/6107
f 6115/6115/6115 6091/6091/6091 6116/6116/6116
f 6106/6106/6106 6116/6116/6116 6091/6091/6091
f 6106/6106/6106 6091/6091/6091 6094/6094/6094
f 6115/6115/6115 6088/6088/6088 6091/6091/6091
f 6111/6111/6111 6080/6080/6080 6082/6082/6082
f 6083/6083/6083 6115/6115/6115 6113/6113/6113
f 6083/6083/6083 6111/6111/6111 6082/6082/6082
f 6083/6083/6083 6113/6113/6113 6111/6111/6111
f 6083/6083/6083 6086/6086/6086 6115/6115/6115
f 6115/6115/6115 6086/6086/6086 6088/6088/6088
f 6060/6060/6060 6058/6058/6058 6074/6074/6074
f 6058/6058/6058 6062/6062/6062 6074/6074/6074
f 6089/6089/6089 6118/6118/6118 6117/6117/6117
f 6089/6089/6089 6087/6087/6087 6118/6118/6118
f 6087/6087/6087 6085/6085/6085 6118/6118/6118
g Body_3
f 6120/6120/6120 6071/6071/6071 6119/6119/6119
f 6121/6121/6121 6071/6071/6071 6120/6120/6120
f 6122/6122/6122 6120/6120/6120 6119/6119/6119
f 6121/6121/6121 6120/6120/6120 6122/6122/6122
f 6121/6121/6121 6122/6122/6122 6123/6123/6123
f 6121/6121/6121 6123/6123/6123 6124/6124/6124
f 6072/6072/6072 6121/6121/6121 6124/6124/6124
f 6071/6071/6071 6121/6121/6121 6072/6072/6072
f 6119/6119/6119 6071/6071/6071 6067/6067/6067
f 6067/6067/6067 6066/6066/6066 6119/6119/6119
f 6125/6125/6125 6119/6119/6119 6066/6066/6066
f 6066/6066/6066 6064/6064/6064 6125/6125/6125
f 6126/6126/6126 6125/6125/6125 6064/6064/6064
f 6064/6064/6064 6056/6056/6056 6126/6126/6126
f 6127/6127/6127 6126/6126/6126 6056/6056/6056
f 6128/6128/6128 6127/6127/6127 6056/6056/6056
f 6128/6128/6128 6056/6056/6056 6129/6129/6129
f 6129/6129/6129 6056/6056/6056 6057/6057/6057
f 6130/6130/6130 6126/6126/6126 6127/6127/6127
f 6131/6131/6131 6126/6126/6126 6130/6130/6130
f 6130/6130/6130 6132/6132/6132 6131/6131/6131
f 6130/6130/6130 6133/6133/6133 6132/6132/6132
f 6134/6134/6134 6133/6133/6133 6130/6130/6130
f 6135/6135/6135 6132/6132/6132 6133/6133/6133
f 6135/6135/6135 6133/6133/6133 6136/6136/6136
f 6136/6136/6136 6137/6137/6137 6135/6135/6135
f 6138/6138/6138 6135/6135/6135 6137/6137/6137
f 6135/6135/6135 6138/6138/6138 6139/6139/6139
f 6139/6139/6139 6132/6132/6132 6135/6135/6135
f 6139/6139/6139 6138/6138/6138 6140/6140/6140
f 6136/6136/6136 6133/6133/6133 6141/6141/6141
f 6134/6134/6134 6141/6141/6141 6133/6133/6133
f 6142/6142/6142 6139/6139/6139 6140/6140/6140
f 6143/6143/6143 6139/6139/6139 6142/6142/6142
f 6144/6144/6144 6139/6139/6139 6143/6143/6143
f 6132/6132/6132 6139/6139/6139 6144/6144/6144
f 6131/6131/6131 6132/6132/6132 6144/6144/6144
f 6145/6145/6145 6141/6141/6141 6134/6134/6134
f 6145/6145/6145 6134/6134/6134 6130/6130/6130
f 6146/6146/6146 6141/6141/6141 6145/6145/6145
f 6146/6146/6146 6145/6145/6145 6128/6128/6128
f 6128/6128/6128 6145/6145/6145 6127/6127/6127
f 6127/6127/6127 6145/6145/6145 6130/6130/6130
f 6128/6128/6128 6129/6129/6129 6146/6146/6146
f 6142/6142/6142 6147/6147/6147 6143/6143/6143
f 6147/6147/6147 6144/6144/6144 6143/6143/6143
f 6148/6148/6148 6147/6147/6147 6142/6142/6142
f 6148/6148/6148 6122/6122/6122 6147/6147/6147
f 6119/6119/6119 6147/6147/6147 6122/6122/6122
f 6123/6123/6123 6122/6122/6122 6148/6148/6148
f 6147/6147/6147 6149/6149/6149 6144/6144/6144
f 6147/6147/6147 6119/6119/6119 6149/6149/6149
f 6144/6144/6144 6149/6149/6149 6131/6131/6131
f 6149/6149/6149 6119/6119/6119 6125/6125/6125
f 6125/6125/6125 6126/6126/6126 6149/6149/6149
f 6131/6131/6131 6149/6149/6149 6126/6126/6126
f 6150/6150/6150 6123/6123/6123 6148/6148/6148
f 6123/6123/6123 6150/6150/6150 6151/6151/6151
f 6123/6123/6123 6151/6151/6151 6124/6124/6124
f 6152/6152/6152 6151/6151/6151 6150/6150/6150
f 6079/6079/6079 6151/6151/6151 6152/6152/6152
f 6079/6079/6079 6152/6152/6152 6153/6153/6153
f 6152/6152/6152 6150/6150/6150 6153/6153/6153
f 6151/6151/6151 6072/6072/6072 6124/6124/6124
f 6151/6151/6151 6079/6079/6079 6072/6072/6072
f 6079/6079/6079 6153/6153/6153 6081/6081/6081
f 6084/6084/6084 6081/6081/6081 6153/6153/6153
f 6153/6153/6153 6154/6154/6154 6084/6084/6084
f 6085/6085/6085 6084/6084/6084 6154/6154/6154
f 6154/6154/6154 6155/6155/6155 6085/6085/6085
f 6118/6118/6118 6085/6085/6085 6155/6155/6155
f 6155/6155/6155 6156/6156/6156 6118/6118/6118
f 6156/6156/6156 6157/6157/6157 6118/6118/6118
f 6118/6118/6118 6157/6157/6157 6158/6158/6158
f 6118/6118/6118 6158/6158/6158 6117/6117/6117
f 6155/6155/6155 6159/6159/6159 6156/6156/6156
f 6155/6155/6155 6160/6160/6160 6159/6159/6159
f 6161/6161/6161 6159/6159/6159 6160/6160/6160
f 6162/6162/6162 6159/6159/6159 6161/6161/6161
f 6162/6162/6162 6163/6163/6163 6159/6159/6159
f 6161/6161/6161 6164/6164/6164 6162/6162/6162
f 6162/6162/6162 6164/6164/6164 6165/6165/6165
f 6137/6137/6137 6165/6165/6165 6164/6164/6164
f 6164/6164/6164 6138/6138/6138 6137/6137/6137
f 6138/6138/6138 6164/6164/6164 6166/6166/6166
f 6161/6161/6161 6166/6166/6166 6164/6164/6164
f 6138/6138/6138 6166/6166/6166 6140/6140/6140
f 6162/6162/6162 6165/6165/6165 6167/6167/6167
f 6167/6167/6167 6163/6163/6163 6162/6162/6162
f 6166/6166/6166 6142/6142/6142 6140/6140/6140
f 6166/6166/6166 6168/6168/6168 6142/6142/6142
f 6166/6166/6166 6169/6169/6169 6168/6168/6168
f 6166/6166/6166 6161/6161/6161 6169/6169/6169
f 6161/6161/6161 6160/6160/6160 6169/6169/6169
f 6167/6167/6167 6170/6170/6170 6163/6163/6163
f 6163/6163/6163 6170/6170/6170 6159/6159/6159
f 6167/6167/6167 6171/6171/6171 6170/6170/6170
f 6170/6170/6170 6171/6171/6171 6157/6157/6157
f 6170/6170/6170 6157/6157/6157 6156/6156/6156
f 6170/6170/6170 6156/6156/6156 6159/6159/6159
f 6158/6158/6158 6157/6157/6157 6171/6171/6171
f 6172/6172/6172 6142/6142/6142 6168/6168/6168
f 6169/6169/6169 6172/6172/6172 6168/6168/6168
f 6172/6172/6172 6148/6148/6148 6142/6142/6142
f 6150/6150/6150 6148/6148/6148 6172/6172/6172
f 6172/6172/6172 6153/6153/6153 6150/6150/6150
f 6173/6173/6173 6172/6172/6172 6169/6169/6169
f 6153/6153/6153 6172/6172/6172 6173/6173/6173
f 6173/6173/6173 6169/6169/6169 6160/6160/6160
f 6153/6153/6153 6173/6173/6173 6154/6154/6154
f 6155/6155/6155 6154/6154/6154 6173/6173/6173
f 6173/6173/6173 6160/6160/6160 6155/6155/6155
