g Body
v 0.349134356 0.842074871 -0.383842468
v 0.317425221 0.868097961 -0.45442
v 0.349134088 0.842075169 -0.45442
v 0.29896903 0.883244634 -0.426862895
v 0.410538584 0.767253995 -0.454420239
v 0.410538673 0.767253578 -0.313975066
v 0.452852517 0.688089788 -0.246383131
v 0.456166029 0.681890726 -0.255598664
v 0.447141945 0.698773563 -0.45442
v 0.456165999 0.681890726 -0.440004975
v 0.482023597 0.596649528 -0.372730106
v -0.493751138 0.492940843 -0.221119985
v -0.491660446 0.51396805 -0.221119985
v -0.417888433 0.51396805 -0.221117854
v -0.419979006 0.492940903 -0.221117854
v -0.484263688 0.39661479 -0.221119985
v -0.411909372 0.411007047 -0.221117854
v -0.479548037 0.381070256 -0.221119985
v -0.40282771 0.381070256 -0.221117854
v -0.493751138 0.492940843 -0.221119985
v -0.493751138 0.492940992 -0.340795815
v -0.491660446 0.51396805 -0.340795785
v -0.491660446 0.51396805 -0.221119985
v -0.484263688 0.39661479 -0.221119985
v -0.48426348 0.396615028 -0.340795726
v -0.479548037 0.381070256 -0.221119985
v -0.479548037 0.381070256 -0.340795726
v -0.417888433 0.51396805 -0.221117854
v -0.405549318 0.51396805 -0.240008801
v -0.407639831 0.492940784 -0.240008801
v -0.419979006 0.492940903 -0.221117854
v -0.399807304 0.41341421 -0.240008801
v -0.411909372 0.411007047 -0.221117854
v -0.40282771 0.381070256 -0.221117854
v -0.389995515 0.381070256 -0.240008831
v -0.417888433 0.51396805 -0.221117854
v -0.491660446 0.51396805 -0.221119985
v -0.484263361 0.589267015 -0.221119985
v -0.411909014 0.574874699 -0.221117854
v -0.388009638 0.653659821 -0.221117854
v -0.456166059 0.681891143 -0.221119985
v -0.349199504 0.72626853 -0.221117854
v -0.410538584 0.767253995 -0.221119985
v -0.296969682 0.789910555 -0.221117854
v -0.349134117 0.842075169 -0.221119985
v -0.233327538 0.842140615 -0.221117854
v -0.274313033 0.903479457 -0.221119985
v -0.160718709 0.880950451 -0.221117854
v -0.188949987 0.949106812 -0.221119985
v -0.0819335729 0.904849708 -0.221117854
v -0.0963257179 0.977203965 -0.221119985
v 2.06637353E-07 0.912919164 -0.221117854
v 2.15909296E-07 0.986691236 -0.221119985
v -0.484263361 0.589267015 -0.221119985
v -0.491660446 0.51396805 -0.221119985
v -0.491660446 0.51396805 -0.340795785
v -0.484263361 0.589267015 -0.45442
v -0.456166059 0.681891143 -0.45442
v -0.456166059 0.681891143 -0.221119985
v -0.493751138 0.492940843 -0.45442
v -0.493751138 0.492940992 -0.340795815
v -0.48426348 0.396615028 -0.340795726
v -0.48426348 0.396615028 -0.45442
v -0.410538584 0.767253995 -0.45442
v -0.410538584 0.767253995 -0.221119985
v -0.479548037 0.381070256 -0.340795726
v -0.349134117 0.842075169 -0.45442
v -0.349134117 0.842075169 -0.221119985
v -0.456166357 0.303990781 -0.45442
v -0.456166297 0.303990781 -0.221119985
v -0.479548037 0.381070256 -0.221119985
v -0.410538882 0.218627676 -0.45442
v -0.410538882 0.218627691 -0.221119985
v -0.349134475 0.143806368 -0.221119985
v -0.349134475 0.143806368 -0.45442
v -0.274313033 0.903479457 -0.45442
v -0.274313033 0.903479457 -0.221119985
v -0.27431339 0.0824020728 -0.221119985
v -0.27431339 0.0824020654 -0.45442
v -0.188949987 0.949106812 -0.45442
v -0.188949987 0.949106812 -0.221119985
v -0.1889503 0.0367745683 -0.221119985
v -0.1889503 0.0367745683 -0.45442
v -0.0963257179 0.977203965 -0.45442
v -0.0963257179 0.977203965 -0.221119985
v -0.0963261127 0.00867727865 -0.221119985
v -0.0963261127 0.00867727865 -0.45442
v 2.15909296E-07 0.986691236 -0.45442
v 2.15909296E-07 0.986691236 -0.221119985
v -8.57467342E-08 -0.000810048543 -0.221119985
v -8.57467342E-08 -0.000810048543 -0.45442
v -0.405549318 0.51396805 -0.240008801
v -0.417888433 0.51396805 -0.221117854
v -0.411909014 0.574874699 -0.221117854
v -0.399806917 0.572467387 -0.240008801
v -0.376609832 0.648937881 -0.240008801
v -0.388009638 0.653659821 -0.221117854
v -0.338939935 0.71941334 -0.240008831
v -0.349199504 0.72626853 -0.221117854
v -0.288244665 0.781185746 -0.240008801
v -0.296969682 0.789910555 -0.221117854
v -0.226472348 0.831880808 -0.240008801
v -0.233327538 0.842140615 -0.221117854
v -0.155996725 0.869550467 -0.240008801
v -0.160718709 0.880950451 -0.221117854
v -0.079526335 0.8927477 -0.240008801
v -0.0819335729 0.904849708 -0.221117854
v 2.06683467E-07 0.900580168 -0.240008801
v 2.06637353E-07 0.912919164 -0.221117854
v -0.479548037 0.381070256 -0.221119985
v -0.40282771 0.381070256 -0.221117854
v -0.388009757 0.332222044 -0.221117854
v -0.456166297 0.303990781 -0.221119985
v -0.410538882 0.218627691 -0.221119985
v -0.349199831 0.259613097 -0.221117854
v -0.349134475 0.143806368 -0.221119985
v -0.296969891 0.195970908 -0.221117854
v -0.27431339 0.0824020728 -0.221119985
v -0.233327791 0.143741146 -0.221117854
v -0.1889503 0.0367745683 -0.221119985
v -0.160719022 0.104931079 -0.221117854
v -0.0963261127 0.00867727865 -0.221119985
v -0.0819338709 0.081031546 -0.221117854
v -8.57467342E-08 -0.000810048543 -0.221119985
v -4.24645208E-08 0.0729619488 -0.221117854
v -0.407639831 0.492940784 -0.240008801
v -0.407639563 0.492940992 -0.299884319
v -0.399806917 0.413414419 -0.29988426
v -0.399807304 0.41341421 -0.240008801
v -0.405549318 0.51396805 -0.29988429
v -0.405549318 0.51396805 -0.240008801
v -0.389995515 0.381070256 -0.29988423
v -0.389995515 0.381070256 -0.240008831
v -0.389995515 0.381070256 -0.240008831
v -0.37661007 0.336943954 -0.240008801
v -0.388009757 0.332222044 -0.221117854
v -0.40282771 0.381070256 -0.221117854
v -0.349199831 0.259613097 -0.221117854
v -0.338940203 0.266468346 -0.240008801
v -0.296969891 0.195970908 -0.221117854
v -0.288244843 0.204696149 -0.240008801
v -0.233327791 0.143741146 -0.221117854
v -0.226472542 0.154000774 -0.240008801
v -0.160719022 0.104931079 -0.221117854
v -0.155997068 0.116330966 -0.240008801
v -0.0819338709 0.081031546 -0.221117854
v -0.0795266107 0.0931335837 -0.240008801
v -4.24645208E-08 0.0729619488 -0.221117854
v -4.23631157E-08 0.0853010938 -0.240008801
v -0.405549318 0.51396805 -0.29988429
v -0.405549318 0.51396805 -0.240008801
v -0.399806917 0.572467387 -0.240008801
v -0.399806917 0.572467387 -0.435523897
v -0.376609832 0.648937821 -0.435523897
v -0.376609832 0.648937881 -0.240008801
v -0.338939935 0.719413459 -0.435523897
v -0.338939935 0.71941334 -0.240008831
v -0.407639563 0.492940962 -0.435523897
v -0.407639563 0.492940992 -0.299884319
v -0.399806917 0.413414419 -0.29988426
v -0.399806917 0.413414419 -0.435523868
v -0.389995515 0.381070256 -0.29988423
v -0.37661007 0.336943954 -0.435523897
v -0.288244665 0.781185806 -0.435523897
v -0.288244665 0.781185746 -0.240008801
v -0.37661007 0.336943954 -0.240008801
v -0.389995515 0.381070256 -0.240008831
v -0.338940203 0.266468346 -0.240008801
v -0.338940203 0.266468346 -0.435523868
v -0.226472348 0.831880867 -0.435523868
v -0.226472348 0.831880808 -0.240008801
v -0.288244843 0.204696149 -0.240008801
v -0.288244843 0.204696149 -0.435523897
v -0.155996725 0.869550526 -0.435523897
v -0.155996725 0.869550467 -0.240008801
v -0.226472542 0.154000774 -0.240008801
v -0.226472542 0.154000804 -0.435523868
v -0.155997068 0.116330966 -0.240008801
v -0.155997068 0.116330981 -0.435523897
v -0.079526335 0.89274776 -0.435523868
v -0.079526335 0.8927477 -0.240008801
v -0.0795266107 0.0931335837 -0.240008801
v -0.0795266107 0.0931335911 -0.435523868
v 2.06683467E-07 0.900580287 -0.435523897
v 2.06683467E-07 0.900580168 -0.240008801
v -4.23631157E-08 0.0853010938 -0.240008801
v -4.23631157E-08 0.0853010938 -0.435523868
v -0.411909014 0.57487464 -0.454422057
v -0.388009697 0.653660119 -0.454422086
v -0.456166059 0.681891143 -0.45442
v -0.484263361 0.589267015 -0.45442
v -0.493751138 0.492940843 -0.45442
v -0.419978708 0.492940992 -0.454422086
v -0.410538584 0.767253995 -0.45442
v -0.349199504 0.726268589 -0.454422086
v -0.411909014 0.411007196 -0.454422086
v -0.48426348 0.396615028 -0.45442
v -0.349134117 0.842075169 -0.45442
v -0.296969742 0.789910734 -0.454422086
v -0.388009876 0.332222015 -0.454422086
v -0.456166357 0.303990781 -0.45442
v -0.349199831 0.259613097 -0.454422057
v -0.410538882 0.218627676 -0.45442
v -0.274313033 0.903479457 -0.45442
v -0.233327538 0.842140734 -0.454422086
v -0.29696995 0.195970967 -0.454422086
v -0.349134475 0.143806368 -0.45442
v -0.233327791 0.143741131 -0.454422086
v -0.27431339 0.0824020654 -0.45442
v -0.188949987 0.949106812 -0.45442
v -0.160718709 0.880950511 -0.454422086
v -0.160719022 0.104931086 -0.454422086
v -0.1889503 0.0367745683 -0.45442
v -0.0963257179 0.977203965 -0.45442
v -0.0819335729 0.904849768 -0.454422086
v -0.0819338784 0.081031546 -0.454422146
v -0.0963261127 0.00867727865 -0.45442
v 2.15909296E-07 0.986691236 -0.45442
v 2.06637424E-07 0.912919283 -0.454422086
v -4.24645208E-08 0.0729619488 -0.454422086
v -8.57467342E-08 -0.000810048543 -0.45442
v -0.419978708 0.492940992 -0.454422086
v -0.411909014 0.411007196 -0.454422086
v -0.399806917 0.413414419 -0.435523868
v -0.407639563 0.492940962 -0.435523897
v -0.399806917 0.572467387 -0.435523897
v -0.411909014 0.57487464 -0.454422057
v -0.388009697 0.653660119 -0.454422086
v -0.376609832 0.648937821 -0.435523897
v -0.349199504 0.726268589 -0.454422086
v -0.338939935 0.719413459 -0.435523897
v -0.37661007 0.336943954 -0.435523897
v -0.388009876 0.332222015 -0.454422086
v -0.296969742 0.789910734 -0.454422086
v -0.288244665 0.781185806 -0.435523897
v -0.338940203 0.266468346 -0.435523868
v -0.349199831 0.259613097 -0.454422057
v -0.233327538 0.842140734 -0.454422086
v -0.226472348 0.831880867 -0.435523868
v -0.288244843 0.204696149 -0.435523897
v -0.29696995 0.195970967 -0.454422086
v -0.226472542 0.154000804 -0.435523868
v -0.233327791 0.143741131 -0.454422086
v -0.160718709 0.880950511 -0.454422086
v -0.155996725 0.869550526 -0.435523897
v -0.155997068 0.116330981 -0.435523897
v -0.160719022 0.104931086 -0.454422086
v -0.0819335729 0.904849768 -0.454422086
v -0.079526335 0.89274776 -0.435523868
v -0.0795266107 0.0931335911 -0.435523868
v -0.0819338784 0.081031546 -0.454422146
v 2.06637424E-07 0.912919283 -0.454422086
v 2.06683467E-07 0.900580287 -0.435523897
v -4.23631157E-08 0.0853010938 -0.435523868
v -4.24645208E-08 0.0729619488 -0.454422086
v 2.15909296E-07 0.986691236 -0.221119985
v 0.0963261649 0.977203906 -0.221119985
v 0.081934005 0.904849708 -0.221117854
v 2.06637353E-07 0.912919164 -0.221117854
v 0.160719126 0.880950272 -0.221117854
v 0.188950285 0.949106634 -0.221119985
v 0.233327895 0.842140198 -0.221117854
v 0.274313301 0.90347904 -0.221119985
v 0.29696992 0.789910316 -0.221117854
v 0.349134356 0.842074871 -0.221119985
v 0.349199593 0.726268232 -0.221117854
v 0.410538673 0.767253578 -0.221119985
v 0.388009608 0.653659403 -0.221117854
v 0.456166029 0.681890726 -0.221119985
v 0.411909014 0.574874341 -0.221117854
v 0.484263211 0.589266479 -0.221119985
v 0.419979006 0.492940903 -0.221117854
v 0.493751138 0.492940843 -0.221119985
v 0.411909372 0.411007047 -0.221117854
v 0.484263688 0.39661479 -0.221119985
v 0.388010055 0.332221776 -0.221117854
v 0.456166446 0.303990543 -0.221119985
v 0.349199861 0.259612828 -0.221117854
v 0.410538882 0.218627453 -0.221119985
v 0.29696998 0.195970595 -0.221117854
v 0.349134475 0.143806085 -0.221119985
v 0.233327806 0.143740922 -0.221117854
v 0.274313301 0.082401894 -0.221119985
v 0.160718977 0.104930781 -0.221117854
v 0.188950166 0.0367744192 -0.221119985
v 0.081933789 0.081031546 -0.221117854
v 0.0963259563 0.00867721997 -0.221119985
v -4.24645208E-08 0.0729619488 -0.221117854
v -8.57467342E-08 -0.000810048543 -0.221119985
v 0.0963261649 0.977203906 -0.45442
v 0.0963261649 0.977203906 -0.221119985
v 2.15909296E-07 0.986691236 -0.221119985
v 2.15909296E-07 0.986691236 -0.45442
v 0.188950285 0.949106634 -0.45442
v 0.188950285 0.949106634 -0.221119985
v 0.274313301 0.90347904 -0.45442
v 0.274313301 0.90347904 -0.221119985
v 0.29896903 0.883244634 -0.426862895
v 0.317425221 0.868097961 -0.45442
v 0.349134356 0.842074871 -0.221119985
v 0.349134356 0.842074871 -0.383842468
v 0.410538673 0.767253578 -0.313975066
v 0.410538673 0.767253578 -0.221119985
v 0.452852517 0.688089788 -0.246383131
v 0.456166029 0.681890726 -0.221119985
v 0.456166029 0.681890726 -0.255598664
v 0.484263211 0.589266479 -0.221119985
v 0.482023597 0.596649528 -0.372730106
v 0.484263211 0.589266479 -0.45442
v 0.493751138 0.492940843 -0.45442
v 0.493751138 0.492940843 -0.221119985
v 0.484263688 0.39661479 -0.45442
v 0.484263688 0.39661479 -0.221119985
v 0.456166446 0.303990543 -0.45442
v 0.456166446 0.303990543 -0.221119985
v 0.410538882 0.218627453 -0.45442
v 0.410538882 0.218627453 -0.221119985
v 0.349134475 0.1438061 -0.45442
v 0.349134475 0.143806085 -0.221119985
v 0.274313301 0.082401894 -0.45442
v 0.274313301 0.082401894 -0.221119985
v 0.188950166 0.0367744192 -0.45442
v 0.188950166 0.0367744192 -0.221119985
v 0.0963259563 0.00867721997 -0.45442
v 0.0963259563 0.00867721997 -0.221119985
v -8.57467342E-08 -0.000810048543 -0.45442
v -8.57467342E-08 -0.000810048543 -0.221119985
v 2.06637353E-07 0.912919164 -0.221117854
v 0.081934005 0.904849708 -0.221117854
v 0.0795267522 0.8927477 -0.240008801
v 2.06683467E-07 0.900580168 -0.240008801
v 0.155997112 0.869550288 -0.240008801
v 0.160719126 0.880950272 -0.221117854
v 0.226472661 0.831880331 -0.240008831
v 0.233327895 0.842140198 -0.221117854
v 0.288244903 0.781185448 -0.240008801
v 0.29696992 0.789910316 -0.221117854
v 0.338939965 0.719412982 -0.240008801
v 0.349199593 0.726268232 -0.221117854
v 0.376609743 0.648937523 -0.240008801
v 0.388009608 0.653659403 -0.221117854
v 0.399806887 0.572467029 -0.240008801
v 0.411909014 0.574874341 -0.221117854
v 0.407639831 0.492940784 -0.240008801
v 0.419979006 0.492940903 -0.221117854
v 0.399807304 0.41341421 -0.240008801
v 0.411909372 0.411007047 -0.221117854
v 0.37661019 0.336943746 -0.240008801
v 0.388010055 0.332221776 -0.221117854
v 0.338940263 0.266468048 -0.240008801
v 0.349199861 0.259612828 -0.221117854
v 0.288244963 0.204695806 -0.240008801
v 0.29696998 0.195970595 -0.221117854
v 0.226472616 0.154000655 -0.240008801
v 0.233327806 0.143740922 -0.221117854
v 0.155996993 0.116330713 -0.240008831
v 0.160718977 0.104930781 -0.221117854
v 0.0795265511 0.0931335837 -0.240008801
v 0.081933789 0.081031546 -0.221117854
v -4.23631157E-08 0.0853010938 -0.240008801
v -4.24645208E-08 0.0729619488 -0.221117854
v 0.0963261649 0.977203906 -0.45442
v 2.15909296E-07 0.986691236 -0.45442
v 2.06637424E-07 0.912919283 -0.454422086
v 0.081934005 0.904849768 -0.454422086
v 0.188950285 0.949106634 -0.45442
v 0.160719126 0.880950391 -0.454422086
v 0.274313301 0.90347904 -0.45442
v 0.233327895 0.842140317 -0.454422086
v 0.317425221 0.868097961 -0.45442
v 0.29696998 0.789910436 -0.454422086
v 0.307146281 0.811159968 -0.454421103
v 0.301546514 0.784954309 -0.454422057
v 0.0795267522 0.89274776 -0.435523868
v 2.06683467E-07 0.900580287 -0.435523897
v 2.06683467E-07 0.900580168 -0.240008801
v 0.0795267522 0.8927477 -0.240008801
v 0.155997112 0.869550407 -0.435523897
v 0.155997112 0.869550288 -0.240008801
v 0.226472661 0.83188045 -0.435523868
v 0.226472661 0.831880331 -0.240008831
v 0.288244903 0.781185508 -0.435523868
v 0.288244903 0.781185448 -0.240008801
v 0.303453416 0.762653768 -0.435523897
v 0.301546514 0.784954309 -0.454422057
v 0.29696998 0.789910436 -0.454422086
v 0.226472661 0.83188045 -0.435523868
v 0.233327895 0.842140317 -0.454422086
v 0.155997112 0.869550407 -0.435523897
v 0.160719126 0.880950391 -0.454422086
v 0.0795267522 0.89274776 -0.435523868
v 0.081934005 0.904849768 -0.454422086
v 2.06683467E-07 0.900580287 -0.435523897
v 2.06637424E-07 0.912919283 -0.454422086
v 0.338939965 0.719412982 -0.240008801
v 0.338939965 0.719413042 -0.435523897
v 0.376609743 0.648937523 -0.435523868
v 0.376609743 0.648937523 -0.240008801
v 0.399806887 0.572467029 -0.435523897
v 0.399806887 0.572467029 -0.240008801
v 0.407639831 0.492940784 -0.435523897
v 0.407639831 0.492940784 -0.240008801
v 0.399807304 0.41341421 -0.435523868
v 0.399807304 0.41341421 -0.240008801
v 0.37661019 0.336943746 -0.435523868
v 0.37661019 0.336943746 -0.240008801
v 0.338940263 0.266468078 -0.435523897
v 0.338940263 0.266468048 -0.240008801
v 0.288244963 0.204695836 -0.435523868
v 0.288244963 0.204695806 -0.240008801
v 0.226472616 0.154000655 -0.435523868
v 0.226472616 0.154000655 -0.240008801
v 0.155996993 0.116330735 -0.435523897
v 0.155996993 0.116330713 -0.240008831
v 0.0795265511 0.0931335911 -0.435523868
v 0.0795265511 0.0931335837 -0.240008801
v -4.23631157E-08 0.0853010938 -0.435523868
v -4.23631157E-08 0.0853010938 -0.240008801
v -8.57467342E-08 -0.000810048543 -0.45442
v 0.0963259563 0.00867721997 -0.45442
v 0.081933789 0.081031546 -0.454422146
v -4.24645208E-08 0.0729619488 -0.454422086
v 0.160718977 0.104930781 -0.454422086
v 0.188950166 0.0367744192 -0.45442
v 0.233327821 0.143740982 -0.454422086
v 0.274313301 0.082401894 -0.45442
v 0.29697004 0.19597064 -0.454422086
v 0.349134475 0.1438061 -0.45442
v 0.349199861 0.259612828 -0.454422086
v 0.410538882 0.218627453 -0.45442
v 0.388010055 0.332221746 -0.454422086
v 0.456166446 0.303990543 -0.45442
v 0.411909372 0.411006927 -0.454422086
v 0.484263688 0.39661479 -0.45442
v 0.419979006 0.492940754 -0.454422086
v 0.493751138 0.492940843 -0.45442
v 0.411909014 0.574874341 -0.454422086
v 0.484263211 0.589266479 -0.45442
v 0.388009608 0.653659642 -0.454422086
v 0.456166029 0.681890726 -0.45442
v 0.447141945 0.698773563 -0.45442
v 0.349199593 0.726268232 -0.454422057
v 0.359020919 0.734204233 -0.45442161
v 0.334728569 0.743817806 -0.45442
v -4.24645208E-08 0.0729619488 -0.454422086
v 0.081933789 0.081031546 -0.454422146
v 0.0795265511 0.0931335911 -0.435523868
v -4.23631157E-08 0.0853010938 -0.435523868
v 0.155996993 0.116330735 -0.435523897
v 0.160718977 0.104930781 -0.454422086
v 0.226472616 0.154000655 -0.435523868
v 0.233327821 0.143740982 -0.454422086
v 0.288244963 0.204695836 -0.435523868
v 0.29697004 0.19597064 -0.454422086
v 0.338940263 0.266468078 -0.435523897
v 0.349199861 0.259612828 -0.454422086
v 0.37661019 0.336943746 -0.435523868
v 0.388010055 0.332221746 -0.454422086
v 0.399807304 0.41341421 -0.435523868
v 0.411909372 0.411006927 -0.454422086
v 0.407639831 0.492940784 -0.435523897
v 0.419979006 0.492940754 -0.454422086
v 0.399806887 0.572467029 -0.435523897
v 0.411909014 0.574874341 -0.454422086
v 0.376609743 0.648937523 -0.435523868
v 0.388009608 0.653659642 -0.454422086
v 0.349199593 0.726268232 -0.454422057
v 0.334728569 0.743817806 -0.45442
v 0.334728569 0.743817806 -0.45442
v 0.359020919 0.734204233 -0.45442161
v 0.349134088 0.842075169 -0.45442
v 0.410538584 0.767253995 -0.454420239
v 0.447141945 0.698773563 -0.45442
v 0.307146281 0.811159968 -0.454421103
v 0.301546514 0.784954309 -0.454422057
v 0.317425221 0.868097961 -0.45442
v 0.456166029 0.681890726 -0.45442
v 0.456165999 0.681890726 -0.440004975
v 0.447141945 0.698773563 -0.45442
v 0.334728569 0.743817806 -0.45442
v 0.301546514 0.784954309 -0.454422057
v 0.303453416 0.762653768 -0.435523897
v -0.175288498 0.210985124 0.221035719
v -0.17269066 0.210416973 0.21998176
v -0.172350004 0.212141797 0.21660091
v -0.17715019 0.213191569 0.218548432
v -0.167525843 0.211537123 0.218674079
v -0.170079842 0.210089743 0.221103743
v -0.165503576 0.211731791 0.223553583
v -0.168985397 0.210195079 0.223744467
v -0.176351547 0.21146135 0.223648295
v -0.179114446 0.214071542 0.223375857
v -0.171824619 0.215011954 0.214150012
v -0.178096354 0.216383561 0.216694564
v -0.165521517 0.214221925 0.216858745
v -0.162879333 0.214476258 0.223234057
v -0.180662796 0.217533261 0.223001853
v -0.171194479 0.218590528 0.21300213
v -0.177982941 0.22007513 0.215756297
v -0.164372057 0.217735395 0.215934023
v -0.161512136 0.218010694 0.222834617
v -0.180760831 0.221319571 0.222583309
v -0.170555487 0.222332686 0.213331938
v -0.176827237 0.223704293 0.215876535
v -0.164252385 0.221542656 0.216040716
v -0.161610201 0.221796989 0.222416028
v -0.179393664 0.224854007 0.222183838
v -0.170004979 0.225668728 0.215089411
v -0.174805135 0.226718515 0.217036933
v -0.165180787 0.225064039 0.217162579
v -0.163158521 0.225258723 0.222042039
v -0.176769406 0.227598459 0.221864313
v -0.169626683 0.228090793 0.218006894
v -0.172224537 0.228658944 0.219060823
v -0.16701588 0.227763548 0.219128832
v -0.165921435 0.2278689 0.221769601
v -0.1732876 0.229135171 0.221673429
v -0.169478282 0.229230136 0.221640125
v -0.168985397 0.210195079 0.223744467
v -0.170048445 0.210671306 0.226357043
v -0.167467833 0.212611735 0.228380963
v -0.165503576 0.211731791 0.223553583
v -0.172267988 0.213661507 0.230328485
v -0.172646269 0.211239442 0.227411076
v -0.177092209 0.214266181 0.228255302
v -0.175257102 0.211566687 0.226289064
v -0.179114446 0.214071542 0.223375857
v -0.176351547 0.21146135 0.223648295
v -0.16544576 0.215625972 0.229541391
v -0.162879333 0.214476258 0.223234057
v -0.171717465 0.216997564 0.232085913
v -0.178020582 0.217787609 0.22937721
v -0.180662796 0.217533261 0.223001853
v -0.164290041 0.21925512 0.229661554
v -0.161512136 0.218010694 0.222834617
v -0.171078488 0.220739737 0.23241581
v -0.177900925 0.22159484 0.229483873
v -0.180760831 0.221319571 0.222583309
v -0.164176628 0.222946703 0.228723332
v -0.161610201 0.221796989 0.222416028
v -0.170448333 0.224318296 0.231267884
v -0.176751435 0.225108325 0.228559151
v -0.179393664 0.224854007 0.222183838
v -0.165122792 0.226138666 0.226869419
v -0.163158521 0.225258723 0.222042039
v -0.169922963 0.227188453 0.228816941
v -0.174747154 0.227793112 0.226743773
v -0.176769406 0.227598459 0.221864313
v -0.166984499 0.228345126 0.224382132
v -0.165921435 0.2278689 0.221769601
v -0.169582322 0.228913262 0.225436166
v -0.172193155 0.229240507 0.224314153
v -0.1732876 0.229135171 0.221673429
v -0.169478282 0.229230136 0.221640125
v -0.172794685 0.210100129 0.223777771
v -0.168985397 0.210195079 0.223744467
v -0.170079842 0.210089743 0.221103743
v -0.172794685 0.210100129 0.223777771
v -0.172794685 0.210100129 0.223777771
v -0.175288498 0.210985124 0.221035719
v -0.176351547 0.21146135 0.223648295
v -0.172794685 0.210100129 0.223777771
v -0.165921435 0.2278689 0.221769601
v -0.166984499 0.228345126 0.224382132
v -0.169478282 0.229230136 0.221640125
v -0.172193155 0.229240507 0.224314153
v -0.1732876 0.229135171 0.221673429
v -0.169478282 0.229230136 0.221640125
v -0.178586408 0.191961825 0.223161429
v -0.175988555 0.191393673 0.22210747
v -0.175647929 0.193118498 0.218726605
v -0.180448115 0.194168285 0.220674127
v -0.170823738 0.192513809 0.220799789
v -0.173377737 0.191066429 0.223229438
v -0.168801472 0.192708492 0.225679234
v -0.172283307 0.19117178 0.225870162
v -0.179649457 0.192438051 0.22577399
v -0.182412341 0.195048213 0.225501552
v -0.175122544 0.195988625 0.216275707
v -0.181394264 0.197360247 0.218820259
v -0.168819442 0.19519861 0.21898444
v -0.166177228 0.195452929 0.225359753
v -0.183960706 0.198509932 0.225127563
v -0.174492374 0.199567184 0.215127781
v -0.181280836 0.201051801 0.217881992
v -0.167669982 0.198712066 0.218059719
v -0.164810061 0.19898735 0.224960282
v -0.184058756 0.202296227 0.224708974
v -0.173853412 0.203309372 0.215457648
v -0.180125117 0.204680994 0.218002245
v -0.16755031 0.202519357 0.218166426
v -0.164908096 0.202773675 0.224541739
v -0.182691574 0.205830678 0.224309534
v -0.173302874 0.206645429 0.217215121
v -0.17810306 0.207695186 0.219162628
v -0.168478698 0.206040755 0.21928829
v -0.166456431 0.206235424 0.224167749
v -0.180067301 0.208575174 0.223990023
v -0.172924608 0.209067494 0.22013256
v -0.175522432 0.20963563 0.221186519
v -0.170313776 0.208740249 0.221254528
v -0.16921936 0.208845586 0.223895252
v -0.176585495 0.210111856 0.223799095
v -0.172776178 0.210206822 0.22376582
v -0.172283307 0.19117178 0.225870162
v -0.173346341 0.191648006 0.228482738
v -0.170765743 0.193588421 0.230506659
v -0.168801472 0.192708492 0.225679234
v -0.175565913 0.194638208 0.232454181
v -0.175944164 0.192216143 0.229536772
v -0.180390105 0.195242882 0.230381012
v -0.178555027 0.192543387 0.228414714
v -0.182412341 0.195048213 0.225501552
v -0.179649457 0.192438051 0.22577399
v -0.16874367 0.196602643 0.231667057
v -0.166177228 0.195452929 0.225359753
v -0.175015375 0.197974235 0.234211609
v -0.181318492 0.198764279 0.231502905
v -0.183960706 0.198509932 0.225127563
v -0.167587966 0.200231776 0.231787249
v -0.164810061 0.19898735 0.224960282
v -0.174376413 0.201716393 0.234541506
v -0.18119882 0.202571526 0.231609568
v -0.184058756 0.202296227 0.224708974
v -0.167474538 0.203923389 0.230849028
v -0.164908096 0.202773675 0.224541739
v -0.173746243 0.205294982 0.233393595
v -0.18004936 0.206085026 0.230684847
v -0.182691574 0.205830678 0.224309534
v -0.168420717 0.207115352 0.228995129
v -0.166456431 0.206235424 0.224167749
v -0.173220858 0.208165139 0.230942652
v -0.178045064 0.208769813 0.228869468
v -0.180067301 0.208575174 0.223990023
v -0.170282394 0.209321812 0.226507828
v -0.16921936 0.208845586 0.223895252
v -0.172880203 0.209889963 0.227561876
v -0.175491065 0.210217208 0.226439849
v -0.176585495 0.210111856 0.223799095
v -0.172776178 0.210206822 0.22376582
v -0.17609258 0.19107683 0.225903466
v -0.172283307 0.19117178 0.225870162
v -0.173377737 0.191066429 0.223229438
v -0.17609258 0.19107683 0.225903466
v -0.17609258 0.19107683 0.225903466
v -0.178586408 0.191961825 0.223161429
v -0.179649457 0.192438051 0.22577399
v -0.17609258 0.19107683 0.225903466
v -0.16921936 0.208845586 0.223895252
v -0.170282394 0.209321812 0.226507828
v -0.172776178 0.210206822 0.22376582
v -0.175491065 0.210217208 0.226439849
v -0.176585495 0.210111856 0.223799095
v -0.172776178 0.210206822 0.22376582
v -0.145868167 0.187017411 0.234063074
v -0.148262754 0.173204705 0.235606536
v -0.208574221 0.183572367 0.234819099
v -0.206179634 0.197385073 0.233275637
v -0.145950407 0.185493737 0.220299676
v -0.145868167 0.187017411 0.234063074
v -0.206179634 0.197385073 0.233275637
v -0.206261858 0.195861399 0.219512254
v -0.148344994 0.171681017 0.221843109
v -0.145950407 0.185493737 0.220299676
v -0.206261858 0.195861399 0.219512254
v -0.20865646 0.182048678 0.221055672
v -0.208574221 0.183572367 0.234819099
v -0.148262754 0.173204705 0.235606536
v -0.148344994 0.171681017 0.221843109
v -0.20865646 0.182048678 0.221055672
v -0.208574221 0.183572367 0.234819099
v -0.20865646 0.182048678 0.221055672
v -0.206261858 0.195861399 0.219512254
v -0.206179634 0.197385073 0.233275637
v -0.148344994 0.171681017 0.221843109
v -0.148262754 0.173204705 0.235606536
v -0.145868167 0.187017411 0.234063074
v -0.145950407 0.185493737 0.220299676
v -0.204065859 0.187627658 0.222050935
v -0.204776734 0.183520406 0.2224226
v -0.151016787 0.17427896 0.223124504
v -0.150305882 0.178386211 0.222752839
v -0.152179971 0.167528152 0.223332405
v -0.205939934 0.176769599 0.222630531
v -0.153762788 0.158289507 0.222923845
v -0.20752275 0.167530954 0.222221985
v -0.155716479 0.146855429 0.222017244
v -0.209476441 0.156096891 0.221315339
v -0.157981142 0.133584052 0.220736265
v -0.21174112 0.142825529 0.220034361
v -0.160488129 0.118875265 0.219089881
v -0.214248106 0.128116712 0.218387976
v -0.163157538 0.103244983 0.217751577
v -0.216917515 0.112486437 0.217049703
v -0.165908486 0.087164171 0.216725916
v -0.219668448 0.0964056253 0.216024056
v -0.16865705 0.0711268708 0.216093436
v -0.222417012 0.0803683326 0.215391532
v -0.171317399 0.0556644723 0.216271579
v -0.225077376 0.0649059266 0.215569675
v -0.173808649 0.0412473492 0.217260048
v -0.227568597 0.0504888035 0.216558143
v -0.175563738 0.0311962888 0.219349742
v -0.229323685 0.0404377468 0.218647838
v -0.177247748 0.0216348451 0.222442731
v -0.23100771 0.0308762975 0.221740827
v -0.178645954 0.0138426553 0.226939768
v -0.232405901 0.0230841115 0.226237863
v -0.179651961 0.00845381338 0.233039737
v -0.233411923 0.0176952705 0.232337877
v -0.180169344 0.00597525248 0.240034401
v -0.233929306 0.0152167063 0.239332542
v -0.180332273 0.00558460364 0.247370034
v -0.234092236 0.0148260603 0.24666813
v -0.234092236 0.0148260603 0.24666813
v -0.233843252 0.0168114677 0.253738105
v -0.18008329 0.00757001247 0.25444001
v -0.180332273 0.00558460364 0.247370034
v -0.179486588 0.011517778 0.260716617
v -0.23324655 0.0207592342 0.260014713
v -0.178415716 0.0181090049 0.265477926
v -0.232175663 0.0273504592 0.264776021
v -0.176974714 0.0266942773 0.268144935
v -0.230734661 0.0359357335 0.267443031
v -0.175266802 0.0366985202 0.269051611
v -0.22902675 0.0459399782 0.268349707
v -0.173500299 0.0469609722 0.268871486
v -0.227260262 0.0562024303 0.268169582
v -0.17101641 0.0612419322 0.266653121
v -0.224776357 0.0704833865 0.265951276
v -0.16837436 0.0763654187 0.263413578
v -0.222134322 0.0856068805 0.262711674
v -0.165654391 0.0918724611 0.259256274
v -0.219414338 0.101113915 0.258554369
v -0.162936762 0.107335985 0.254705817
v -0.216696709 0.116577432 0.254003912
v -0.160303757 0.122291572 0.249949753
v -0.214063734 0.131533027 0.249247849
v -0.157835603 0.136280864 0.245096624
v -0.211595595 0.145522311 0.24439472
v -0.155603573 0.148947775 0.24091731
v -0.209363535 0.158189237 0.240215406
v -0.153675646 0.159904107 0.237508699
v -0.207435623 0.169145584 0.236806825
v -0.152109832 0.168827638 0.23507072
v -0.205869809 0.178069085 0.234368846
v -0.150953099 0.175458983 0.23378326
v -0.204713047 0.184700429 0.233081385
v -0.150243238 0.179547146 0.233239129
v -0.2040032 0.188788608 0.232537225
v -0.204776734 0.183520406 0.2224226
v -0.204065859 0.187627658 0.222050935
v -0.204054311 0.188055411 0.226800576
v -0.204788953 0.183810771 0.227180511
v -0.205939934 0.176769599 0.222630531
v -0.206005722 0.176748961 0.227395624
v -0.20752275 0.167530954 0.222221985
v -0.207632169 0.167255878 0.226980969
v -0.209476441 0.156096891 0.221315339
v -0.209606454 0.155701518 0.226065814
v -0.21174112 0.142825529 0.220034361
v -0.211883828 0.142355517 0.224777788
v -0.214248106 0.128116712 0.218387976
v -0.214386553 0.127671674 0.223133653
v -0.216917515 0.112486437 0.217049703
v -0.217037126 0.11215169 0.221804991
v -0.219668448 0.0964056253 0.216024056
v -0.21976985 0.0961772725 0.220785975
v -0.222417012 0.0803683326 0.215391532
v -0.222488567 0.0803141296 0.22015807
v -0.225077376 0.0649059266 0.215569675
v -0.225105941 0.0651014 0.220332563
v -0.227568597 0.0504888035 0.216558143
v -0.227520093 0.0511290506 0.221272737
v -0.229323685 0.0404377468 0.218647838
v -0.229178429 0.0416327193 0.223255306
v -0.23100771 0.0308762975 0.221740827
v -0.230740622 0.0327599533 0.226085618
v -0.232405901 0.0230841115 0.226237863
v -0.231952369 0.0260009095 0.229904398
v -0.233411923 0.0176952705 0.232337877
v -0.232762039 0.0216583572 0.234742433
v -0.233929306 0.0152167063 0.239332542
v -0.233158082 0.0197748579 0.240277469
v -0.234092236 0.0148260603 0.24666813
v -0.233293623 0.0194325335 0.24615337
v -0.233843252 0.0168114677 0.253738105
v -0.234092236 0.0148260603 0.24666813
v -0.233293623 0.0194325335 0.24615337
v -0.233089179 0.0210515726 0.251810074
v -0.23324655 0.0207592342 0.260014713
v -0.232630283 0.0240995679 0.256794095
v -0.232175663 0.0273504592 0.264776021
v -0.231769249 0.029394092 0.260555178
v -0.230734661 0.0359357335 0.267443031
v -0.230521336 0.0368231386 0.262788653
v -0.22902675 0.0459399782 0.268349707
v -0.228937447 0.0460980684 0.263591081
v -0.227260262 0.0562024303 0.268169582
v -0.227268234 0.0557959266 0.263428897
v -0.224776357 0.0704833865 0.265951276
v -0.224861428 0.0696324259 0.261261582
v -0.222134322 0.0856068805 0.262711674
v -0.222262055 0.0845115259 0.258073568
v -0.219414338 0.101113915 0.258554369
v -0.219571665 0.0998496637 0.253959239
v -0.216696709 0.116577432 0.254003912
v -0.216872036 0.115210839 0.249438629
v -0.214063734 0.131533027 0.249247849
v -0.214257613 0.130060971 0.24471648
v -0.211595595 0.145522311 0.24439472
v -0.211793646 0.144026384 0.239871055
v -0.209363535 0.158189237 0.240215406
v -0.209549084 0.156764537 0.235668257
v -0.207435623 0.169145584 0.236806825
v -0.207600832 0.167836413 0.232224882
v -0.205869809 0.178069085 0.234368846
v -0.205991805 0.177006811 0.229724765
v -0.204713047 0.184700429 0.233081385
v -0.204781815 0.183943108 0.228375614
v -0.2040032 0.188788608 0.232537225
v -0.204048291 0.188167125 0.22780925
v -0.150305882 0.178386211 0.222752839
v -0.151016787 0.17427896 0.223124504
v -0.151028976 0.174569324 0.227882415
v -0.150294363 0.178813964 0.22750248
v -0.15224573 0.167507499 0.228097484
v -0.152179971 0.167528152 0.223332405
v -0.153872207 0.158014402 0.227682829
v -0.153762788 0.158289507 0.222923845
v -0.155846477 0.146460056 0.226767719
v -0.155716479 0.146855429 0.222017244
v -0.158123866 0.133114055 0.225479662
v -0.157981142 0.133584052 0.220736265
v -0.160626605 0.118430212 0.223835558
v -0.160488129 0.118875265 0.219089881
v -0.163277164 0.102910228 0.222506896
v -0.163157538 0.103244983 0.217751577
v -0.166009903 0.0869358256 0.22148788
v -0.165908486 0.087164171 0.216725916
v -0.16872862 0.0710726604 0.220859975
v -0.16865705 0.0711268708 0.216093436
v -0.171345994 0.0558599494 0.221034467
v -0.171317399 0.0556644723 0.216271579
v -0.173760146 0.0418875962 0.221974641
v -0.173808649 0.0412473492 0.217260048
v -0.175418466 0.032391265 0.223957211
v -0.175563738 0.0311962888 0.219349742
v -0.176980659 0.023518499 0.226787493
v -0.177247748 0.0216348451 0.222442731
v -0.178192422 0.0167594533 0.230606303
v -0.178645954 0.0138426553 0.226939768
v -0.179002091 0.0124169048 0.235444337
v -0.179651961 0.00845381338 0.233039737
v -0.179398134 0.0105334027 0.240979373
v -0.180169344 0.00597525248 0.240034401
v -0.179533675 0.0101910792 0.246855274
v -0.180332273 0.00558460364 0.247370034
v -0.180332273 0.00558460364 0.247370034
v -0.18008329 0.00757001247 0.25444001
v -0.179329216 0.0118101202 0.252511978
v -0.179533675 0.0101910792 0.246855274
v -0.178870335 0.0148581183 0.257495999
v -0.179486588 0.011517778 0.260716617
v -0.178009301 0.0201526377 0.261257082
v -0.178415716 0.0181090049 0.265477926
v -0.176761389 0.0275816824 0.263490558
v -0.176974714 0.0266942773 0.268144935
v -0.1751775 0.0368566178 0.264292985
v -0.175266802 0.0366985202 0.269051611
v -0.173508301 0.0465544686 0.264130771
v -0.173500299 0.0469609722 0.268871486
v -0.171101466 0.0603909679 0.261963487
v -0.17101641 0.0612419322 0.266653121
v -0.168502092 0.0752700567 0.258775473
v -0.16837436 0.0763654187 0.263413578
v -0.165811703 0.0906082168 0.254661143
v -0.165654391 0.0918724611 0.259256274
v -0.163112089 0.105969377 0.250140518
v -0.162936762 0.107335985 0.254705817
v -0.160497665 0.120819509 0.245418385
v -0.160303757 0.122291572 0.249949753
v -0.158033699 0.134784937 0.240572959
v -0.157835603 0.136280864 0.245096624
v -0.155789107 0.14752309 0.236370161
v -0.155603573 0.148947775 0.24091731
v -0.15384087 0.158594951 0.232926741
v -0.153675646 0.159904107 0.237508699
v -0.152231812 0.167765364 0.230426624
v -0.152109832 0.168827638 0.23507072
v -0.151021853 0.174701661 0.229077518
v -0.150953099 0.175458983 0.23378326
v -0.150288343 0.178925678 0.228511155
v -0.150243238 0.179547146 0.233239129
v -0.204788953 0.183810771 0.227180511
v -0.204054311 0.188055411 0.226800576
v -0.150294363 0.178813964 0.22750248
v -0.151028976 0.174569324 0.227882415
v -0.206005722 0.176748961 0.227395624
v -0.15224573 0.167507499 0.228097484
v -0.207632169 0.167255878 0.226980969
v -0.153872207 0.158014402 0.227682829
v -0.209606454 0.155701518 0.226065814
v -0.155846477 0.146460056 0.226767719
v -0.211883828 0.142355517 0.224777788
v -0.158123866 0.133114055 0.225479662
v -0.214386553 0.127671674 0.223133653
v -0.160626605 0.118430212 0.223835558
v -0.217037126 0.11215169 0.221804991
v -0.163277164 0.102910228 0.222506896
v -0.21976985 0.0961772725 0.220785975
v -0.166009903 0.0869358256 0.22148788
v -0.222488567 0.0803141296 0.22015807
v -0.16872862 0.0710726604 0.220859975
v -0.225105941 0.0651014 0.220332563
v -0.171345994 0.0558599494 0.221034467
v -0.227520093 0.0511290506 0.221272737
v -0.173760146 0.0418875962 0.221974641
v -0.229178429 0.0416327193 0.223255306
v -0.175418466 0.032391265 0.223957211
v -0.230740622 0.0327599533 0.226085618
v -0.176980659 0.023518499 0.226787493
v -0.231952369 0.0260009095 0.229904398
v -0.178192422 0.0167594533 0.230606303
v -0.232762039 0.0216583572 0.234742433
v -0.179002091 0.0124169048 0.235444337
v -0.233158082 0.0197748579 0.240277469
v -0.179398134 0.0105334027 0.240979373
v -0.233293623 0.0194325335 0.24615337
v -0.179533675 0.0101910792 0.246855274
v -0.233089179 0.0210515726 0.251810074
v -0.179329216 0.0118101202 0.252511978
v -0.232630283 0.0240995679 0.256794095
v -0.178870335 0.0148581183 0.257495999
v -0.231769249 0.029394092 0.260555178
v -0.178009301 0.0201526377 0.261257082
v -0.230521336 0.0368231386 0.262788653
v -0.176761389 0.0275816824 0.263490558
v -0.228937447 0.0460980684 0.263591081
v -0.1751775 0.0368566178 0.264292985
v -0.227268234 0.0557959266 0.263428897
v -0.173508301 0.0465544686 0.264130771
v -0.224861428 0.0696324259 0.261261582
v -0.171101466 0.0603909679 0.261963487
v -0.222262055 0.0845115259 0.258073568
v -0.168502092 0.0752700567 0.258775473
v -0.219571665 0.0998496637 0.253959239
v -0.165811703 0.0906082168 0.254661143
v -0.216872036 0.115210839 0.249438629
v -0.163112089 0.105969377 0.250140518
v -0.214257613 0.130060971 0.24471648
v -0.160497665 0.120819509 0.245418385
v -0.211793646 0.144026384 0.239871055
v -0.158033699 0.134784937 0.240572959
v -0.209549084 0.156764537 0.235668257
v -0.155789107 0.14752309 0.236370161
v -0.207600832 0.167836413 0.232224882
v -0.15384087 0.158594951 0.232926741
v -0.205991805 0.177006811 0.229724765
v -0.152231812 0.167765364 0.230426624
v -0.204781815 0.183943108 0.228375614
v -0.151021853 0.174701661 0.229077518
v -0.150288343 0.178925678 0.228511155
v -0.204048291 0.188167125 0.22780925
v -0.122957513 0.189916581 0.249816701
v -0.120314755 0.189916581 0.248722106
v -0.120314755 0.192033663 0.245553628
v -0.125197917 0.192033663 0.247576281
v -0.115431599 0.192033663 0.247576281
v -0.117672011 0.189916581 0.249816701
v -0.113408938 0.192033663 0.252459496
v -0.116577357 0.189916581 0.252459496
v -0.124052167 0.189916581 0.252459496
v -0.127220586 0.192033663 0.252459496
v -0.120314755 0.195202082 0.243436545
v -0.126694918 0.195202082 0.246079326
v -0.113934599 0.195202082 0.246079326
v -0.111291856 0.195202082 0.252459496
v -0.129337668 0.195202082 0.252459496
v -0.120314755 0.198939487 0.242693171
v -0.127220586 0.198939487 0.245553628
v -0.113408938 0.198939487 0.245553628
v -0.110548437 0.198939487 0.252459496
v -0.130081087 0.198939487 0.252459496
v -0.120314755 0.202676907 0.243436545
v -0.126694918 0.202676907 0.246079326
v -0.113934599 0.202676907 0.246079326
v -0.111291856 0.202676907 0.252459496
v -0.129337668 0.202676907 0.252459496
v -0.120314755 0.205845326 0.245553628
v -0.125197917 0.205845326 0.247576281
v -0.115431599 0.205845326 0.247576281
v -0.113408938 0.205845326 0.252459496
v -0.127220586 0.205845326 0.252459496
v -0.120314755 0.207962409 0.248722106
v -0.122957513 0.207962409 0.249816701
v -0.117672011 0.207962409 0.249816701
v -0.116577357 0.207962409 0.252459496
v -0.124052167 0.207962409 0.252459496
v -0.120314755 0.208705828 0.252459496
v -0.116577357 0.189916581 0.252459496
v -0.117672011 0.189916581 0.255102217
v -0.115431599 0.192033663 0.257342637
v -0.113408938 0.192033663 0.252459496
v -0.120314755 0.192033663 0.25936529
v -0.120314755 0.189916581 0.256196946
v -0.125197917 0.192033663 0.257342637
v -0.122957513 0.189916581 0.255102217
v -0.127220586 0.192033663 0.252459496
v -0.124052167 0.189916581 0.252459496
v -0.113934599 0.195202082 0.258839637
v -0.111291856 0.195202082 0.252459496
v -0.120314755 0.195202082 0.261482388
v -0.126694918 0.195202082 0.258839637
v -0.129337668 0.195202082 0.252459496
v -0.113408938 0.198939487 0.25936529
v -0.110548437 0.198939487 0.252459496
v -0.120314755 0.198939487 0.262225837
v -0.127220586 0.198939487 0.25936529
v -0.130081087 0.198939487 0.252459496
v -0.113934599 0.202676907 0.258839637
v -0.111291856 0.202676907 0.252459496
v -0.120314755 0.202676907 0.261482388
v -0.126694918 0.202676907 0.258839637
v -0.129337668 0.202676907 0.252459496
v -0.115431599 0.205845326 0.257342637
v -0.113408938 0.205845326 0.252459496
v -0.120314755 0.205845326 0.25936529
v -0.125197917 0.205845326 0.257342637
v -0.127220586 0.205845326 0.252459496
v -0.117672011 0.207962409 0.255102217
v -0.116577357 0.207962409 0.252459496
v -0.120314755 0.207962409 0.256196946
v -0.122957513 0.207962409 0.255102217
v -0.124052167 0.207962409 0.252459496
v -0.120314755 0.208705828 0.252459496
v -0.120314755 0.189173162 0.252459496
v -0.120314755 0.189173162 0.252459496
v -0.122957513 0.170492858 0.249816701
v -0.120314755 0.170492858 0.248722106
v -0.120314755 0.17260994 0.245553628
v -0.125197917 0.17260994 0.247576281
v -0.115431599 0.17260994 0.247576281
v -0.117672011 0.170492858 0.249816701
v -0.124052167 0.170492858 0.252459496
v -0.127220586 0.17260994 0.252459496
v -0.120314755 0.175778344 0.243436545
v -0.126694918 0.175778344 0.246079326
v -0.113934599 0.175778344 0.246079326
v -0.129337668 0.175778344 0.252459496
v -0.120314755 0.179515734 0.242693171
v -0.127220586 0.179515734 0.245553628
v -0.113408938 0.179515734 0.245553628
v -0.130081087 0.179515734 0.252459496
v -0.120314755 0.183253169 0.243436545
v -0.126694918 0.183253169 0.246079326
v -0.113934599 0.183253169 0.246079326
v -0.129337668 0.183253169 0.252459496
v -0.120314755 0.186421603 0.245553628
v -0.125197917 0.186421603 0.247576281
v -0.115431599 0.186421603 0.247576281
v -0.127220586 0.186421603 0.252459496
v -0.120314755 0.188538685 0.248722106
v -0.122957513 0.188538685 0.249816701
v -0.117672011 0.188538685 0.249816701
v -0.124052167 0.188538685 0.252459496
v -0.120314755 0.189282089 0.252459496
v -0.117672011 0.170492858 0.249816701
v -0.116577357 0.170492858 0.252459496
v -0.113408938 0.17260994 0.252459496
v -0.115431599 0.17260994 0.247576281
v -0.111291856 0.175778344 0.252459496
v -0.113934599 0.175778344 0.246079326
v -0.110548437 0.179515734 0.252459496
v -0.113408938 0.179515734 0.245553628
v -0.111291856 0.183253169 0.252459496
v -0.113934599 0.183253169 0.246079326
v -0.113408938 0.186421603 0.252459496
v -0.115431599 0.186421603 0.247576281
v -0.116577357 0.188538685 0.252459496
v -0.117672011 0.188538685 0.249816701
v -0.120314755 0.169749454 0.252459496
v -0.120314755 0.189282089 0.252459496
v -0.116577357 0.170492858 0.252459496
v -0.117672011 0.170492858 0.255102217
v -0.115431599 0.17260994 0.257342637
v -0.113408938 0.17260994 0.252459496
v -0.120314755 0.17260994 0.25936529
v -0.120314755 0.170492858 0.256196946
v -0.125197917 0.17260994 0.257342637
v -0.122957513 0.170492858 0.255102217
v -0.113934599 0.175778344 0.258839637
v -0.111291856 0.175778344 0.252459496
v -0.120314755 0.175778344 0.261482388
v -0.126694918 0.175778344 0.258839637
v -0.113408938 0.179515734 0.25936529
v -0.110548437 0.179515734 0.252459496
v -0.120314755 0.179515734 0.262225837
v -0.127220586 0.179515734 0.25936529
v -0.113934599 0.183253169 0.258839637
v -0.111291856 0.183253169 0.252459496
v -0.120314755 0.183253169 0.261482388
v -0.126694918 0.183253169 0.258839637
v -0.115431599 0.186421603 0.257342637
v -0.113408938 0.186421603 0.252459496
v -0.120314755 0.186421603 0.25936529
v -0.125197917 0.186421603 0.257342637
v -0.117672011 0.188538685 0.255102217
v -0.116577357 0.188538685 0.252459496
v -0.120314755 0.188538685 0.256196946
v -0.122957513 0.188538685 0.255102217
v -0.120314755 0.189282089 0.252459496
v -0.122957513 0.170492858 0.255102217
v -0.124052167 0.170492858 0.252459496
v -0.127220586 0.17260994 0.252459496
v -0.125197917 0.17260994 0.257342637
v -0.129337668 0.175778344 0.252459496
v -0.126694918 0.175778344 0.258839637
v -0.130081087 0.179515734 0.252459496
v -0.127220586 0.179515734 0.25936529
v -0.129337668 0.183253169 0.252459496
v -0.126694918 0.183253169 0.258839637
v -0.127220586 0.186421603 0.252459496
v -0.125197917 0.186421603 0.257342637
v -0.124052167 0.188538685 0.252459496
v -0.122957513 0.188538685 0.255102217
v -0.120314755 0.169749454 0.252459496
v -0.120314755 0.189282089 0.252459496
v -0.120314755 0.169749454 0.252459496
v -0.120314755 0.169749454 0.252459496
v -0.0897370577 0.170012474 0.260302246
v -0.0897370577 0.155909032 0.260302246
v -0.150938198 0.155909032 0.260302246
v -0.150938198 0.170012474 0.260302246
v -0.0897370577 0.170012474 0.246454507
v -0.0897370577 0.170012474 0.260302246
v -0.150938198 0.170012474 0.260302246
v -0.150938198 0.170012474 0.246454507
v -0.0897370577 0.155909032 0.246454507
v -0.0897370577 0.170012474 0.246454507
v -0.150938198 0.170012474 0.246454507
v -0.150938198 0.155909032 0.246454507
v -0.150938198 0.155909032 0.260302246
v -0.0897370577 0.155909032 0.260302246
v -0.0897370577 0.155909032 0.246454507
v -0.150938198 0.155909032 0.246454507
v -0.150938198 0.155909032 0.260302246
v -0.150938198 0.155909032 0.246454507
v -0.150938198 0.170012474 0.246454507
v -0.150938198 0.170012474 0.260302246
v -0.0897370577 0.155909032 0.246454507
v -0.0897370577 0.155909032 0.260302246
v -0.0897370577 0.170012474 0.260302246
v -0.0897370577 0.170012474 0.246454507
v -0.14773351 0.162020296 0.248072013
v -0.14773351 0.157836318 0.247985303
v -0.0931805 0.157836318 0.247985303
v -0.0931805 0.162020296 0.248072013
v -0.0931805 0.151004449 0.247442245
v -0.14773351 0.151004449 0.247442245
v -0.0931805 0.141732216 0.246010199
v -0.14773351 0.141732216 0.246010199
v -0.0931805 0.130301371 0.243839413
v -0.14773351 0.130301371 0.243839413
v -0.0931805 0.117059253 0.241092518
v -0.14773351 0.117059253 0.241092518
v -0.0931805 0.102408186 0.237822831
v -0.14773351 0.102408186 0.237822831
v -0.0931805 0.0867933631 0.234757036
v -0.14773351 0.0867933631 0.234757036
v -0.0931805 0.0706892237 0.231951863
v -0.14773351 0.0706892237 0.231951863
v -0.0931805 0.0545850806 0.22954227
v -0.14773351 0.0545850806 0.22954227
v -0.0931805 0.0389702432 0.228002161
v -0.14773351 0.0389702432 0.228002161
v -0.0931805 0.0243191719 0.227383494
v -0.14773351 0.0243191719 0.227383494
v -0.0931805 0.013948624 0.228344113
v -0.14773351 0.013948624 0.228344113
v -0.0931805 0.00395986764 0.230356216
v -0.14773351 0.00395986764 0.230356216
v -0.0931805 -0.00440123118 0.233960152
v -0.14773351 -0.00440123118 0.233960152
v -0.0931805 -0.0105173588 0.239424095
v -0.14773351 -0.0105173588 0.239424095
v -0.0931805 -0.0137981605 0.246100381
v -0.14773351 -0.0137981605 0.246100381
v -0.0931805 -0.01501121 0.253347367
v -0.14773351 -0.01501121 0.253347367
v -0.14773351 -0.01501121 0.253347367
v -0.14773351 -0.013798181 0.260594159
v -0.0931805 -0.013798181 0.260594159
v -0.0931805 -0.01501121 0.253347367
v -0.0931805 -0.0105173886 0.267270535
v -0.14773351 -0.0105173886 0.267270535
v -0.0931805 -0.00440128334 0.272734433
v -0.14773351 -0.00440128334 0.272734433
v -0.0931805 0.00395979639 0.276338428
v -0.14773351 0.00395979639 0.276338428
v -0.0931805 0.0139485681 0.278350472
v -0.14773351 0.0139485681 0.278350472
v -0.0931805 0.0243191049 0.27931115
v -0.14773351 0.0243191049 0.27931115
v -0.0931805 0.0389701724 0.278692424
v -0.14773351 0.0389701724 0.278692424
v -0.0931805 0.0545850135 0.27715233
v -0.14773351 0.0545850135 0.27715233
v -0.0931805 0.0706891492 0.274742812
v -0.14773351 0.0706891492 0.274742812
v -0.0931805 0.0867933184 0.271937639
v -0.14773351 0.0867933184 0.271937639
v -0.0931805 0.102408133 0.268871754
v -0.14773351 0.102408133 0.268871754
v -0.0931805 0.117059216 0.265602142
v -0.14773351 0.117059216 0.265602142
v -0.0931805 0.130301356 0.262855291
v -0.14773351 0.130301356 0.262855291
v -0.0931805 0.141732201 0.260684431
v -0.14773351 0.141732201 0.260684431
v -0.0931805 0.151004449 0.259252459
v -0.14773351 0.151004449 0.259252459
v -0.0931805 0.157836363 0.258709371
v -0.14773351 0.157836363 0.258709371
v -0.0931805 0.162020341 0.258622587
v -0.14773351 0.162020341 0.258622587
v -0.14773351 0.157836318 0.247985303
v -0.14773351 0.162020296 0.248072013
v -0.14773351 0.161921397 0.252839893
v -0.14773351 0.157597944 0.252746105
v -0.14773351 0.151004449 0.247442245
v -0.14773351 0.150451571 0.252175629
v -0.14773351 0.141732216 0.246010199
v -0.14773351 0.140923411 0.250709295
v -0.14773351 0.130301371 0.243839413
v -0.14773351 0.129372194 0.248516694
v -0.14773351 0.117059253 0.241092518
v -0.14773351 0.1160556 0.245754465
v -0.14773351 0.102408186 0.237822831
v -0.14773351 0.101429448 0.242489815
v -0.14773351 0.0867933631 0.234757036
v -0.14773351 0.0859247893 0.239445791
v -0.14773351 0.0706892237 0.231951863
v -0.14773351 0.0699272156 0.23665908
v -0.14773351 0.0545850806 0.22954227
v -0.14773351 0.0539981984 0.234273404
v -0.14773351 0.0389702432 0.228002161
v -0.14773351 0.0386355929 0.232757404
v -0.14773351 0.0243191719 0.227383494
v -0.14773351 0.0244384948 0.232140109
v -0.14773351 0.013948624 0.228344113
v -0.14773351 0.0146393972 0.233055875
v -0.14773351 0.00395986764 0.230356216
v -0.14773351 0.0053745578 0.234883338
v -0.14773351 -0.00440123118 0.233960152
v -0.14773351 -0.00186881644 0.237928003
v -0.14773351 -0.0105173588 0.239424095
v -0.14773351 -0.00678878231 0.242253944
v -0.14773351 -0.0137981605 0.246100381
v -0.14773351 -0.00930644292 0.247545689
v -0.14773351 -0.01501121 0.253347367
v -0.14773351 -0.0103077758 0.253347367
v -0.14773351 -0.013798181 0.260594159
v -0.14773351 -0.01501121 0.253347367
v -0.14773351 -0.0103077758 0.253347367
v -0.14773351 -0.00930645224 0.259148926
v -0.14773351 -0.0105173886 0.267270535
v -0.14773351 -0.00678881444 0.264440686
v -0.14773351 -0.00440128334 0.272734433
v -0.14773351 -0.00186885393 0.268766552
v -0.14773351 0.00395979639 0.276338428
v -0.14773351 0.00537449634 0.271811277
v -0.14773351 0.0139485681 0.278350472
v -0.14773351 0.0146393394 0.273638755
v -0.14773351 0.0243191049 0.27931115
v -0.14773351 0.0244384315 0.274554551
v -0.14773351 0.0389701724 0.278692424
v -0.14773351 0.0386355259 0.273937225
v -0.14773351 0.0545850135 0.27715233
v -0.14773351 0.0539981276 0.272421181
v -0.14773351 0.0706891492 0.274742812
v -0.14773351 0.0699271411 0.270035595
v -0.14773351 0.0867933184 0.271937639
v -0.14773351 0.0859247297 0.26724875
v -0.14773351 0.102408133 0.268871754
v -0.14773351 0.101429403 0.26420486
v -0.14773351 0.117059216 0.265602142
v -0.14773351 0.116055563 0.260940254
v -0.14773351 0.130301356 0.262855291
v -0.14773351 0.12937218 0.258177936
v -0.14773351 0.141732201 0.260684431
v -0.14773351 0.140923411 0.25598532
v -0.14773351 0.151004449 0.259252459
v -0.14773351 0.150451586 0.254519045
v -0.14773351 0.157836363 0.258709371
v -0.14773351 0.157597974 0.253948539
v -0.14773351 0.162020341 0.258622587
v -0.14773351 0.161921442 0.253854752
v -0.0931805 0.162020296 0.248072013
v -0.0931805 0.157836318 0.247985303
v -0.0931805 0.157597944 0.252746105
v -0.0931805 0.161921397 0.252839893
v -0.0931805 0.150451571 0.252175629
v -0.0931805 0.151004449 0.247442245
v -0.0931805 0.140923411 0.250709295
v -0.0931805 0.141732216 0.246010199
v -0.0931805 0.129372194 0.248516694
v -0.0931805 0.130301371 0.243839413
v -0.0931805 0.1160556 0.245754465
v -0.0931805 0.117059253 0.241092518
v -0.0931805 0.101429448 0.242489815
v -0.0931805 0.102408186 0.237822831
v -0.0931805 0.0859247893 0.239445791
v -0.0931805 0.0867933631 0.234757036
v -0.0931805 0.0699272156 0.23665908
v -0.0931805 0.0706892237 0.231951863
v -0.0931805 0.0539981984 0.234273404
v -0.0931805 0.0545850806 0.22954227
v -0.0931805 0.0386355929 0.232757404
v -0.0931805 0.0389702432 0.228002161
v -0.0931805 0.0244384948 0.232140109
v -0.0931805 0.0243191719 0.227383494
v -0.0931805 0.0146393972 0.233055875
v -0.0931805 0.013948624 0.228344113
v -0.0931805 0.0053745578 0.234883338
v -0.0931805 0.00395986764 0.230356216
v -0.0931805 -0.00186881644 0.237928003
v -0.0931805 -0.00440123118 0.233960152
v -0.0931805 -0.00678878231 0.242253944
v -0.0931805 -0.0105173588 0.239424095
v -0.0931805 -0.00930644292 0.247545689
v -0.0931805 -0.0137981605 0.246100381
v -0.0931805 -0.0103077758 0.253347367
v -0.0931805 -0.01501121 0.253347367
v -0.0931805 -0.01501121 0.253347367
v -0.0931805 -0.013798181 0.260594159
v -0.0931805 -0.00930645224 0.259148926
v -0.0931805 -0.0103077758 0.253347367
v -0.0931805 -0.00678881444 0.264440686
v -0.0931805 -0.0105173886 0.267270535
v -0.0931805 -0.00186885393 0.268766552
v -0.0931805 -0.00440128334 0.272734433
v -0.0931805 0.00537449634 0.271811277
v -0.0931805 0.00395979639 0.276338428
v -0.0931805 0.0146393394 0.273638755
v -0.0931805 0.0139485681 0.278350472
v -0.0931805 0.0244384315 0.274554551
v -0.0931805 0.0243191049 0.27931115
v -0.0931805 0.0386355259 0.273937225
v -0.0931805 0.0389701724 0.278692424
v -0.0931805 0.0539981276 0.272421181
v -0.0931805 0.0545850135 0.27715233
v -0.0931805 0.0699271411 0.270035595
v -0.0931805 0.0706891492 0.274742812
v -0.0931805 0.0859247297 0.26724875
v -0.0931805 0.0867933184 0.271937639
v -0.0931805 0.101429403 0.26420486
v -0.0931805 0.102408133 0.268871754
v -0.0931805 0.116055563 0.260940254
v -0.0931805 0.117059216 0.265602142
v -0.0931805 0.12937218 0.258177936
v -0.0931805 0.130301356 0.262855291
v -0.0931805 0.140923411 0.25598532
v -0.0931805 0.141732201 0.260684431
v -0.0931805 0.150451586 0.254519045
v -0.0931805 0.151004449 0.259252459
v -0.0931805 0.157597974 0.253948539
v -0.0931805 0.157836363 0.258709371
v -0.0931805 0.161921442 0.253854752
v -0.0931805 0.162020341 0.258622587
v -0.14773351 0.157597944 0.252746105
v -0.14773351 0.161921397 0.252839893
v -0.0931805 0.161921397 0.252839893
v -0.0931805 0.157597944 0.252746105
v -0.14773351 0.150451571 0.252175629
v -0.0931805 0.150451571 0.252175629
v -0.14773351 0.140923411 0.250709295
v -0.0931805 0.140923411 0.250709295
v -0.14773351 0.129372194 0.248516694
v -0.0931805 0.129372194 0.248516694
v -0.14773351 0.1160556 0.245754465
v -0.0931805 0.1160556 0.245754465
v -0.14773351 0.101429448 0.242489815
v -0.0931805 0.101429448 0.242489815
v -0.14773351 0.0859247893 0.239445791
v -0.0931805 0.0859247893 0.239445791
v -0.14773351 0.0699272156 0.23665908
v -0.0931805 0.0699272156 0.23665908
v -0.14773351 0.0539981984 0.234273404
v -0.0931805 0.0539981984 0.234273404
v -0.14773351 0.0386355929 0.232757404
v -0.0931805 0.0386355929 0.232757404
v -0.14773351 0.0244384948 0.232140109
v -0.0931805 0.0244384948 0.232140109
v -0.14773351 0.0146393972 0.233055875
v -0.0931805 0.0146393972 0.233055875
v -0.14773351 0.0053745578 0.234883338
v -0.0931805 0.0053745578 0.234883338
v -0.14773351 -0.00186881644 0.237928003
v -0.0931805 -0.00186881644 0.237928003
v -0.14773351 -0.00678878231 0.242253944
v -0.0931805 -0.00678878231 0.242253944
v -0.14773351 -0.00930644292 0.247545689
v -0.0931805 -0.00930644292 0.247545689
v -0.14773351 -0.0103077758 0.253347367
v -0.0931805 -0.0103077758 0.253347367
v -0.14773351 -0.00930645224 0.259148926
v -0.0931805 -0.00930645224 0.259148926
v -0.14773351 -0.00678881444 0.264440686
v -0.0931805 -0.00678881444 0.264440686
v -0.14773351 -0.00186885393 0.268766552
v -0.0931805 -0.00186885393 0.268766552
v -0.14773351 0.00537449634 0.271811277
v -0.0931805 0.00537449634 0.271811277
v -0.14773351 0.0146393394 0.273638755
v -0.0931805 0.0146393394 0.273638755
v -0.14773351 0.0244384315 0.274554551
v -0.0931805 0.0244384315 0.274554551
v -0.14773351 0.0386355259 0.273937225
v -0.0931805 0.0386355259 0.273937225
v -0.14773351 0.0539981276 0.272421181
v -0.0931805 0.0539981276 0.272421181
v -0.14773351 0.0699271411 0.270035595
v -0.0931805 0.0699271411 0.270035595
v -0.14773351 0.0859247297 0.26724875
v -0.0931805 0.0859247297 0.26724875
v -0.14773351 0.101429403 0.26420486
v -0.0931805 0.101429403 0.26420486
v -0.14773351 0.116055563 0.260940254
v -0.0931805 0.116055563 0.260940254
v -0.14773351 0.12937218 0.258177936
v -0.0931805 0.12937218 0.258177936
v -0.14773351 0.140923411 0.25598532
v -0.0931805 0.140923411 0.25598532
v -0.14773351 0.150451586 0.254519045
v -0.0931805 0.150451586 0.254519045
v -0.14773351 0.157597974 0.253948539
v -0.0931805 0.157597974 0.253948539
v -0.0931805 0.161921442 0.253854752
v -0.14773351 0.161921442 0.253854752
v 0.175288498 0.210985124 0.221035719
v 0.17715019 0.213191569 0.218548432
v 0.172350004 0.212141797 0.21660091
v 0.17269066 0.210416973 0.21998176
v 0.167525843 0.211537123 0.218674079
v 0.170079842 0.210089743 0.221103743
v 0.165503576 0.211731791 0.223553583
v 0.168985397 0.210195079 0.223744467
v 0.176351547 0.21146135 0.223648295
v 0.179114446 0.214071542 0.223375857
v 0.171824619 0.215011954 0.214150012
v 0.178096354 0.216383561 0.216694564
v 0.165521517 0.214221925 0.216858745
v 0.162879333 0.214476258 0.223234057
v 0.180662796 0.217533261 0.223001853
v 0.171194479 0.218590528 0.21300213
v 0.177982941 0.22007513 0.215756297
v 0.164372057 0.217735395 0.215934023
v 0.161512136 0.218010694 0.222834617
v 0.180760831 0.221319571 0.222583309
v 0.170555487 0.222332686 0.213331938
v 0.176827237 0.223704293 0.215876535
v 0.164252385 0.221542656 0.216040716
v 0.161610201 0.221796989 0.222416028
v 0.179393664 0.224854007 0.222183838
v 0.170004979 0.225668728 0.215089411
v 0.174805135 0.226718515 0.217036933
v 0.165180787 0.225064039 0.217162579
v 0.163158521 0.225258723 0.222042039
v 0.176769406 0.227598459 0.221864313
v 0.169626683 0.228090793 0.218006894
v 0.172224537 0.228658944 0.219060823
v 0.16701588 0.227763548 0.219128832
v 0.165921435 0.2278689 0.221769601
v 0.1732876 0.229135171 0.221673429
v 0.169478282 0.229230136 0.221640125
v 0.168985397 0.210195079 0.223744467
v 0.165503576 0.211731791 0.223553583
v 0.167467833 0.212611735 0.228380963
v 0.170048445 0.210671306 0.226357043
v 0.172267988 0.213661507 0.230328485
v 0.172646269 0.211239442 0.227411076
v 0.177092209 0.214266181 0.228255302
v 0.175257102 0.211566687 0.226289064
v 0.179114446 0.214071542 0.223375857
v 0.176351547 0.21146135 0.223648295
v 0.16544576 0.215625972 0.229541391
v 0.162879333 0.214476258 0.223234057
v 0.171717465 0.216997564 0.232085913
v 0.178020582 0.217787609 0.22937721
v 0.180662796 0.217533261 0.223001853
v 0.164290041 0.21925512 0.229661554
v 0.161512136 0.218010694 0.222834617
v 0.171078488 0.220739737 0.23241581
v 0.177900925 0.22159484 0.229483873
v 0.180760831 0.221319571 0.222583309
v 0.164176628 0.222946703 0.228723332
v 0.161610201 0.221796989 0.222416028
v 0.170448333 0.224318296 0.231267884
v 0.176751435 0.225108325 0.228559151
v 0.179393664 0.224854007 0.222183838
v 0.165122792 0.226138666 0.226869419
v 0.163158521 0.225258723 0.222042039
v 0.169922963 0.227188453 0.228816941
v 0.174747154 0.227793112 0.226743773
v 0.176769406 0.227598459 0.221864313
v 0.166984499 0.228345126 0.224382132
v 0.165921435 0.2278689 0.221769601
v 0.169582322 0.228913262 0.225436166
v 0.172193155 0.229240507 0.224314153
v 0.1732876 0.229135171 0.221673429
v 0.169478282 0.229230136 0.221640125
v 0.172794685 0.210100129 0.223777771
v 0.168985397 0.210195079 0.223744467
v 0.172794685 0.210100129 0.223777771
v 0.170079842 0.210089743 0.221103743
v 0.172794685 0.210100129 0.223777771
v 0.175288498 0.210985124 0.221035719
v 0.172794685 0.210100129 0.223777771
v 0.176351547 0.21146135 0.223648295
v 0.165921435 0.2278689 0.221769601
v 0.169478282 0.229230136 0.221640125
v 0.166984499 0.228345126 0.224382132
v 0.172193155 0.229240507 0.224314153
v 0.169478282 0.229230136 0.221640125
v 0.1732876 0.229135171 0.221673429
v 0.178586408 0.191961825 0.223161429
v 0.180448115 0.194168285 0.220674127
v 0.175647929 0.193118498 0.218726605
v 0.175988555 0.191393673 0.22210747
v 0.170823738 0.192513809 0.220799789
v 0.173377737 0.191066429 0.223229438
v 0.168801472 0.192708492 0.225679234
v 0.172283307 0.19117178 0.225870162
v 0.179649457 0.192438051 0.22577399
v 0.182412341 0.195048213 0.225501552
v 0.175122544 0.195988625 0.216275707
v 0.181394264 0.197360247 0.218820259
v 0.168819442 0.19519861 0.21898444
v 0.166177228 0.195452929 0.225359753
v 0.183960706 0.198509932 0.225127563
v 0.174492374 0.199567184 0.215127781
v 0.181280836 0.201051801 0.217881992
v 0.167669982 0.198712066 0.218059719
v 0.164810061 0.19898735 0.224960282
v 0.184058756 0.202296227 0.224708974
v 0.173853412 0.203309372 0.215457648
v 0.180125117 0.204680994 0.218002245
v 0.16755031 0.202519357 0.218166426
v 0.164908096 0.202773675 0.224541739
v 0.182691574 0.205830678 0.224309534
v 0.173302874 0.206645429 0.217215121
v 0.17810306 0.207695186 0.219162628
v 0.168478698 0.206040755 0.21928829
v 0.166456431 0.206235424 0.224167749
v 0.180067301 0.208575174 0.223990023
v 0.172924608 0.209067494 0.22013256
v 0.175522432 0.20963563 0.221186519
v 0.170313776 0.208740249 0.221254528
v 0.16921936 0.208845586 0.223895252
v 0.176585495 0.210111856 0.223799095
v 0.172776178 0.210206822 0.22376582
v 0.172283307 0.19117178 0.225870162
v 0.168801472 0.192708492 0.225679234
v 0.170765743 0.193588421 0.230506659
v 0.173346341 0.191648006 0.228482738
v 0.175565913 0.194638208 0.232454181
v 0.175944164 0.192216143 0.229536772
v 0.180390105 0.195242882 0.230381012
v 0.178555027 0.192543387 0.228414714
v 0.182412341 0.195048213 0.225501552
v 0.179649457 0.192438051 0.22577399
v 0.16874367 0.196602643 0.231667057
v 0.166177228 0.195452929 0.225359753
v 0.175015375 0.197974235 0.234211609
v 0.181318492 0.198764279 0.231502905
v 0.183960706 0.198509932 0.225127563
v 0.167587966 0.200231776 0.231787249
v 0.164810061 0.19898735 0.224960282
v 0.174376413 0.201716393 0.234541506
v 0.18119882 0.202571526 0.231609568
v 0.184058756 0.202296227 0.224708974
v 0.167474538 0.203923389 0.230849028
v 0.164908096 0.202773675 0.224541739
v 0.173746243 0.205294982 0.233393595
v 0.18004936 0.206085026 0.230684847
v 0.182691574 0.205830678 0.224309534
v 0.168420717 0.207115352 0.228995129
v 0.166456431 0.206235424 0.224167749
v 0.173220858 0.208165139 0.230942652
v 0.178045064 0.208769813 0.228869468
v 0.180067301 0.208575174 0.223990023
v 0.170282394 0.209321812 0.226507828
v 0.16921936 0.208845586 0.223895252
v 0.172880203 0.209889963 0.227561876
v 0.175491065 0.210217208 0.226439849
v 0.176585495 0.210111856 0.223799095
v 0.172776178 0.210206822 0.22376582
v 0.17609258 0.19107683 0.225903466
v 0.172283307 0.19117178 0.225870162
v 0.17609258 0.19107683 0.225903466
v 0.173377737 0.191066429 0.223229438
v 0.17609258 0.19107683 0.225903466
v 0.178586408 0.191961825 0.223161429
v 0.17609258 0.19107683 0.225903466
v 0.179649457 0.192438051 0.22577399
v 0.16921936 0.208845586 0.223895252
v 0.172776178 0.210206822 0.22376582
v 0.170282394 0.209321812 0.226507828
v 0.175491065 0.210217208 0.226439849
v 0.172776178 0.210206822 0.22376582
v 0.176585495 0.210111856 0.223799095
v 0.145868167 0.187017411 0.234063074
v 0.206179634 0.197385073 0.233275637
v 0.208574221 0.183572367 0.234819099
v 0.148262754 0.173204705 0.235606536
v 0.145950407 0.185493737 0.220299676
v 0.206261858 0.195861399 0.219512254
v 0.206179634 0.197385073 0.233275637
v 0.145868167 0.187017411 0.234063074
v 0.148344994 0.171681017 0.221843109
v 0.20865646 0.182048678 0.221055672
v 0.206261858 0.195861399 0.219512254
v 0.145950407 0.185493737 0.220299676
v 0.208574221 0.183572367 0.234819099
v 0.20865646 0.182048678 0.221055672
v 0.148344994 0.171681017 0.221843109
v 0.148262754 0.173204705 0.235606536
v 0.208574221 0.183572367 0.234819099
v 0.206179634 0.197385073 0.233275637
v 0.206261858 0.195861399 0.219512254
v 0.20865646 0.182048678 0.221055672
v 0.148344994 0.171681017 0.221843109
v 0.145950407 0.185493737 0.220299676
v 0.145868167 0.187017411 0.234063074
v 0.148262754 0.173204705 0.235606536
v 0.204065859 0.187627658 0.222050935
v 0.150305882 0.178386211 0.222752839
v 0.151016787 0.17427896 0.223124504
v 0.204776734 0.183520406 0.2224226
v 0.152179971 0.167528152 0.223332405
v 0.205939934 0.176769599 0.222630531
v 0.153762788 0.158289507 0.222923845
v 0.20752275 0.167530954 0.222221985
v 0.155716479 0.146855429 0.222017244
v 0.209476441 0.156096891 0.221315339
v 0.157981142 0.133584052 0.220736265
v 0.21174112 0.142825529 0.220034361
v 0.160488129 0.118875265 0.219089881
v 0.214248106 0.128116712 0.218387976
v 0.163157538 0.103244983 0.217751577
v 0.216917515 0.112486437 0.217049703
v 0.165908486 0.087164171 0.216725916
v 0.219668448 0.0964056253 0.216024056
v 0.16865705 0.0711268708 0.216093436
v 0.222417012 0.0803683326 0.215391532
v 0.171317399 0.0556644723 0.216271579
v 0.225077376 0.0649059266 0.215569675
v 0.173808649 0.0412473492 0.217260048
v 0.227568597 0.0504888035 0.216558143
v 0.175563738 0.0311962888 0.219349742
v 0.229323685 0.0404377468 0.218647838
v 0.177247748 0.0216348451 0.222442731
v 0.23100771 0.0308762975 0.221740827
v 0.178645954 0.0138426553 0.226939768
v 0.232405901 0.0230841115 0.226237863
v 0.179651961 0.00845381338 0.233039737
v 0.233411923 0.0176952705 0.232337877
v 0.180169344 0.00597525248 0.240034401
v 0.233929306 0.0152167063 0.239332542
v 0.180332273 0.00558460364 0.247370034
v 0.234092236 0.0148260603 0.24666813
v 0.234092236 0.0148260603 0.24666813
v 0.180332273 0.00558460364 0.247370034
v 0.18008329 0.00757001247 0.25444001
v 0.233843252 0.0168114677 0.253738105
v 0.179486588 0.011517778 0.260716617
v 0.23324655 0.0207592342 0.260014713
v 0.178415716 0.0181090049 0.265477926
v 0.232175663 0.0273504592 0.264776021
v 0.176974714 0.0266942773 0.268144935
v 0.230734661 0.0359357335 0.267443031
v 0.175266802 0.0366985202 0.269051611
v 0.22902675 0.0459399782 0.268349707
v 0.173500299 0.0469609722 0.268871486
v 0.227260262 0.0562024303 0.268169582
v 0.17101641 0.0612419322 0.266653121
v 0.224776357 0.0704833865 0.265951276
v 0.16837436 0.0763654187 0.263413578
v 0.222134322 0.0856068805 0.262711674
v 0.165654391 0.0918724611 0.259256274
v 0.219414338 0.101113915 0.258554369
v 0.162936762 0.107335985 0.254705817
v 0.216696709 0.116577432 0.254003912
v 0.160303757 0.122291572 0.249949753
v 0.214063734 0.131533027 0.249247849
v 0.157835603 0.136280864 0.245096624
v 0.211595595 0.145522311 0.24439472
v 0.155603573 0.148947775 0.24091731
v 0.209363535 0.158189237 0.240215406
v 0.153675646 0.159904107 0.237508699
v 0.207435623 0.169145584 0.236806825
v 0.152109832 0.168827638 0.23507072
v 0.205869809 0.178069085 0.234368846
v 0.150953099 0.175458983 0.23378326
v 0.204713047 0.184700429 0.233081385
v 0.150243238 0.179547146 0.233239129
v 0.2040032 0.188788608 0.232537225
v 0.204776734 0.183520406 0.2224226
v 0.204788953 0.183810771 0.227180511
v 0.204054311 0.188055411 0.226800576
v 0.204065859 0.187627658 0.222050935
v 0.205939934 0.176769599 0.222630531
v 0.206005722 0.176748961 0.227395624
v 0.20752275 0.167530954 0.222221985
v 0.207632169 0.167255878 0.226980969
v 0.209476441 0.156096891 0.221315339
v 0.209606454 0.155701518 0.226065814
v 0.21174112 0.142825529 0.220034361
v 0.211883828 0.142355517 0.224777788
v 0.214248106 0.128116712 0.218387976
v 0.214386553 0.127671674 0.223133653
v 0.216917515 0.112486437 0.217049703
v 0.217037126 0.11215169 0.221804991
v 0.219668448 0.0964056253 0.216024056
v 0.21976985 0.0961772725 0.220785975
v 0.222417012 0.0803683326 0.215391532
v 0.222488567 0.0803141296 0.22015807
v 0.225077376 0.0649059266 0.215569675
v 0.225105941 0.0651014 0.220332563
v 0.227568597 0.0504888035 0.216558143
v 0.227520093 0.0511290506 0.221272737
v 0.229323685 0.0404377468 0.218647838
v 0.229178429 0.0416327193 0.223255306
v 0.23100771 0.0308762975 0.221740827
v 0.230740622 0.0327599533 0.226085618
v 0.232405901 0.0230841115 0.226237863
v 0.231952369 0.0260009095 0.229904398
v 0.233411923 0.0176952705 0.232337877
v 0.232762039 0.0216583572 0.234742433
v 0.233929306 0.0152167063 0.239332542
v 0.233158082 0.0197748579 0.240277469
v 0.234092236 0.0148260603 0.24666813
v 0.233293623 0.0194325335 0.24615337
v 0.233843252 0.0168114677 0.253738105
v 0.233089179 0.0210515726 0.251810074
v 0.233293623 0.0194325335 0.24615337
v 0.234092236 0.0148260603 0.24666813
v 0.23324655 0.0207592342 0.260014713
v 0.232630283 0.0240995679 0.256794095
v 0.232175663 0.0273504592 0.264776021
v 0.231769249 0.029394092 0.260555178
v 0.230734661 0.0359357335 0.267443031
v 0.230521336 0.0368231386 0.262788653
v 0.22902675 0.0459399782 0.268349707
v 0.228937447 0.0460980684 0.263591081
v 0.227260262 0.0562024303 0.268169582
v 0.227268234 0.0557959266 0.263428897
v 0.224776357 0.0704833865 0.265951276
v 0.224861428 0.0696324259 0.261261582
v 0.222134322 0.0856068805 0.262711674
v 0.222262055 0.0845115259 0.258073568
v 0.219414338 0.101113915 0.258554369
v 0.219571665 0.0998496637 0.253959239
v 0.216696709 0.116577432 0.254003912
v 0.216872036 0.115210839 0.249438629
v 0.214063734 0.131533027 0.249247849
v 0.214257613 0.130060971 0.24471648
v 0.211595595 0.145522311 0.24439472
v 0.211793646 0.144026384 0.239871055
v 0.209363535 0.158189237 0.240215406
v 0.209549084 0.156764537 0.235668257
v 0.207435623 0.169145584 0.236806825
v 0.207600832 0.167836413 0.232224882
v 0.205869809 0.178069085 0.234368846
v 0.205991805 0.177006811 0.229724765
v 0.204713047 0.184700429 0.233081385
v 0.204781815 0.183943108 0.228375614
v 0.2040032 0.188788608 0.232537225
v 0.204048291 0.188167125 0.22780925
v 0.150305882 0.178386211 0.222752839
v 0.150294363 0.178813964 0.22750248
v 0.151028976 0.174569324 0.227882415
v 0.151016787 0.17427896 0.223124504
v 0.15224573 0.167507499 0.228097484
v 0.152179971 0.167528152 0.223332405
v 0.153872207 0.158014402 0.227682829
v 0.153762788 0.158289507 0.222923845
v 0.155846477 0.146460056 0.226767719
v 0.155716479 0.146855429 0.222017244
v 0.158123866 0.133114055 0.225479662
v 0.157981142 0.133584052 0.220736265
v 0.160626605 0.118430212 0.223835558
v 0.160488129 0.118875265 0.219089881
v 0.163277164 0.102910228 0.222506896
v 0.163157538 0.103244983 0.217751577
v 0.166009903 0.0869358256 0.22148788
v 0.165908486 0.087164171 0.216725916
v 0.16872862 0.0710726604 0.220859975
v 0.16865705 0.0711268708 0.216093436
v 0.171345994 0.0558599494 0.221034467
v 0.171317399 0.0556644723 0.216271579
v 0.173760146 0.0418875962 0.221974641
v 0.173808649 0.0412473492 0.217260048
v 0.175418466 0.032391265 0.223957211
v 0.175563738 0.0311962888 0.219349742
v 0.176980659 0.023518499 0.226787493
v 0.177247748 0.0216348451 0.222442731
v 0.178192422 0.0167594533 0.230606303
v 0.178645954 0.0138426553 0.226939768
v 0.179002091 0.0124169048 0.235444337
v 0.179651961 0.00845381338 0.233039737
v 0.179398134 0.0105334027 0.240979373
v 0.180169344 0.00597525248 0.240034401
v 0.179533675 0.0101910792 0.246855274
v 0.180332273 0.00558460364 0.247370034
v 0.180332273 0.00558460364 0.247370034
v 0.179533675 0.0101910792 0.246855274
v 0.179329216 0.0118101202 0.252511978
v 0.18008329 0.00757001247 0.25444001
v 0.178870335 0.0148581183 0.257495999
v 0.179486588 0.011517778 0.260716617
v 0.178009301 0.0201526377 0.261257082
v 0.178415716 0.0181090049 0.265477926
v 0.176761389 0.0275816824 0.263490558
v 0.176974714 0.0266942773 0.268144935
v 0.1751775 0.0368566178 0.264292985
v 0.175266802 0.0366985202 0.269051611
v 0.173508301 0.0465544686 0.264130771
v 0.173500299 0.0469609722 0.268871486
v 0.171101466 0.0603909679 0.261963487
v 0.17101641 0.0612419322 0.266653121
v 0.168502092 0.0752700567 0.258775473
v 0.16837436 0.0763654187 0.263413578
v 0.165811703 0.0906082168 0.254661143
v 0.165654391 0.0918724611 0.259256274
v 0.163112089 0.105969377 0.250140518
v 0.162936762 0.107335985 0.254705817
v 0.160497665 0.120819509 0.245418385
v 0.160303757 0.122291572 0.249949753
v 0.158033699 0.134784937 0.240572959
v 0.157835603 0.136280864 0.245096624
v 0.155789107 0.14752309 0.236370161
v 0.155603573 0.148947775 0.24091731
v 0.15384087 0.158594951 0.232926741
v 0.153675646 0.159904107 0.237508699
v 0.152231812 0.167765364 0.230426624
v 0.152109832 0.168827638 0.23507072
v 0.151021853 0.174701661 0.229077518
v 0.150953099 0.175458983 0.23378326
v 0.150288343 0.178925678 0.228511155
v 0.150243238 0.179547146 0.233239129
v 0.204788953 0.183810771 0.227180511
v 0.151028976 0.174569324 0.227882415
v 0.150294363 0.178813964 0.22750248
v 0.204054311 0.188055411 0.226800576
v 0.206005722 0.176748961 0.227395624
v 0.15224573 0.167507499 0.228097484
v 0.207632169 0.167255878 0.226980969
v 0.153872207 0.158014402 0.227682829
v 0.209606454 0.155701518 0.226065814
v 0.155846477 0.146460056 0.226767719
v 0.211883828 0.142355517 0.224777788
v 0.158123866 0.133114055 0.225479662
v 0.214386553 0.127671674 0.223133653
v 0.160626605 0.118430212 0.223835558
v 0.217037126 0.11215169 0.221804991
v 0.163277164 0.102910228 0.222506896
v 0.21976985 0.0961772725 0.220785975
v 0.166009903 0.0869358256 0.22148788
v 0.222488567 0.0803141296 0.22015807
v 0.16872862 0.0710726604 0.220859975
v 0.225105941 0.0651014 0.220332563
v 0.171345994 0.0558599494 0.221034467
v 0.227520093 0.0511290506 0.221272737
v 0.173760146 0.0418875962 0.221974641
v 0.229178429 0.0416327193 0.223255306
v 0.175418466 0.032391265 0.223957211
v 0.230740622 0.0327599533 0.226085618
v 0.176980659 0.023518499 0.226787493
v 0.231952369 0.0260009095 0.229904398
v 0.178192422 0.0167594533 0.230606303
v 0.232762039 0.0216583572 0.234742433
v 0.179002091 0.0124169048 0.235444337
v 0.233158082 0.0197748579 0.240277469
v 0.179398134 0.0105334027 0.240979373
v 0.233293623 0.0194325335 0.24615337
v 0.179533675 0.0101910792 0.246855274
v 0.233089179 0.0210515726 0.251810074
v 0.179329216 0.0118101202 0.252511978
v 0.232630283 0.0240995679 0.256794095
v 0.178870335 0.0148581183 0.257495999
v 0.231769249 0.029394092 0.260555178
v 0.178009301 0.0201526377 0.261257082
v 0.230521336 0.0368231386 0.262788653
v 0.176761389 0.0275816824 0.263490558
v 0.228937447 0.0460980684 0.263591081
v 0.1751775 0.0368566178 0.264292985
v 0.227268234 0.0557959266 0.263428897
v 0.173508301 0.0465544686 0.264130771
v 0.224861428 0.0696324259 0.261261582
v 0.171101466 0.0603909679 0.261963487
v 0.222262055 0.0845115259 0.258073568
v 0.168502092 0.0752700567 0.258775473
v 0.219571665 0.0998496637 0.253959239
v 0.165811703 0.0906082168 0.254661143
v 0.216872036 0.115210839 0.249438629
v 0.163112089 0.105969377 0.250140518
v 0.214257613 0.130060971 0.24471648
v 0.160497665 0.120819509 0.245418385
v 0.211793646 0.144026384 0.239871055
v 0.158033699 0.134784937 0.240572959
v 0.209549084 0.156764537 0.235668257
v 0.155789107 0.14752309 0.236370161
v 0.207600832 0.167836413 0.232224882
v 0.15384087 0.158594951 0.232926741
v 0.205991805 0.177006811 0.229724765
v 0.152231812 0.167765364 0.230426624
v 0.204781815 0.183943108 0.228375614
v 0.151021853 0.174701661 0.229077518
v 0.150288343 0.178925678 0.228511155
v 0.204048291 0.188167125 0.22780925
v 0.122957513 0.189916581 0.249816701
v 0.125197917 0.192033663 0.247576281
v 0.120314755 0.192033663 0.245553628
v 0.120314755 0.189916581 0.248722106
v 0.115431599 0.192033663 0.247576281
v 0.117672011 0.189916581 0.249816701
v 0.113408938 0.192033663 0.252459496
v 0.116577357 0.189916581 0.252459496
v 0.124052167 0.189916581 0.252459496
v 0.127220586 0.192033663 0.252459496
v 0.120314755 0.195202082 0.243436545
v 0.126694918 0.195202082 0.246079326
v 0.113934599 0.195202082 0.246079326
v 0.111291856 0.195202082 0.252459496
v 0.129337668 0.195202082 0.252459496
v 0.120314755 0.198939487 0.242693171
v 0.127220586 0.198939487 0.245553628
v 0.113408938 0.198939487 0.245553628
v 0.110548437 0.198939487 0.252459496
v 0.130081087 0.198939487 0.252459496
v 0.120314755 0.202676907 0.243436545
v 0.126694918 0.202676907 0.246079326
v 0.113934599 0.202676907 0.246079326
v 0.111291856 0.202676907 0.252459496
v 0.129337668 0.202676907 0.252459496
v 0.120314755 0.205845326 0.245553628
v 0.125197917 0.205845326 0.247576281
v 0.115431599 0.205845326 0.247576281
v 0.113408938 0.205845326 0.252459496
v 0.127220586 0.205845326 0.252459496
v 0.120314755 0.207962409 0.248722106
v 0.122957513 0.207962409 0.249816701
v 0.117672011 0.207962409 0.249816701
v 0.116577357 0.207962409 0.252459496
v 0.124052167 0.207962409 0.252459496
v 0.120314755 0.208705828 0.252459496
v 0.116577357 0.189916581 0.252459496
v 0.113408938 0.192033663 0.252459496
v 0.115431599 0.192033663 0.257342637
v 0.117672011 0.189916581 0.255102217
v 0.120314755 0.192033663 0.25936529
v 0.120314755 0.189916581 0.256196946
v 0.125197917 0.192033663 0.257342637
v 0.122957513 0.189916581 0.255102217
v 0.127220586 0.192033663 0.252459496
v 0.124052167 0.189916581 0.252459496
v 0.113934599 0.195202082 0.258839637
v 0.111291856 0.195202082 0.252459496
v 0.120314755 0.195202082 0.261482388
v 0.126694918 0.195202082 0.258839637
v 0.129337668 0.195202082 0.252459496
v 0.113408938 0.198939487 0.25936529
v 0.110548437 0.198939487 0.252459496
v 0.120314755 0.198939487 0.262225837
v 0.127220586 0.198939487 0.25936529
v 0.130081087 0.198939487 0.252459496
v 0.113934599 0.202676907 0.258839637
v 0.111291856 0.202676907 0.252459496
v 0.120314755 0.202676907 0.261482388
v 0.126694918 0.202676907 0.258839637
v 0.129337668 0.202676907 0.252459496
v 0.115431599 0.205845326 0.257342637
v 0.113408938 0.205845326 0.252459496
v 0.120314755 0.205845326 0.25936529
v 0.125197917 0.205845326 0.257342637
v 0.127220586 0.205845326 0.252459496
v 0.117672011 0.207962409 0.255102217
v 0.116577357 0.207962409 0.252459496
v 0.120314755 0.207962409 0.256196946
v 0.122957513 0.207962409 0.255102217
v 0.124052167 0.207962409 0.252459496
v 0.120314755 0.208705828 0.252459496
v 0.120314755 0.189173162 0.252459496
v 0.120314755 0.189173162 0.252459496
v 0.122957513 0.170492858 0.249816701
v 0.125197917 0.17260994 0.247576281
v 0.120314755 0.17260994 0.245553628
v 0.120314755 0.170492858 0.248722106
v 0.115431599 0.17260994 0.247576281
v 0.117672011 0.170492858 0.249816701
v 0.113408938 0.17260994 0.252459496
v 0.116577357 0.170492858 0.252459496
v 0.124052167 0.170492858 0.252459496
v 0.127220586 0.17260994 0.252459496
v 0.120314755 0.175778344 0.243436545
v 0.126694918 0.175778344 0.246079326
v 0.113934599 0.175778344 0.246079326
v 0.111291856 0.175778344 0.252459496
v 0.129337668 0.175778344 0.252459496
v 0.120314755 0.179515734 0.242693171
v 0.127220586 0.179515734 0.245553628
v 0.113408938 0.179515734 0.245553628
v 0.110548437 0.179515734 0.252459496
v 0.130081087 0.179515734 0.252459496
v 0.120314755 0.183253169 0.243436545
v 0.126694918 0.183253169 0.246079326
v 0.113934599 0.183253169 0.246079326
v 0.111291856 0.183253169 0.252459496
v 0.129337668 0.183253169 0.252459496
v 0.120314755 0.186421603 0.245553628
v 0.125197917 0.186421603 0.247576281
v 0.115431599 0.186421603 0.247576281
v 0.113408938 0.186421603 0.252459496
v 0.127220586 0.186421603 0.252459496
v 0.120314755 0.188538685 0.248722106
v 0.122957513 0.188538685 0.249816701
v 0.117672011 0.188538685 0.249816701
v 0.116577357 0.188538685 0.252459496
v 0.124052167 0.188538685 0.252459496
v 0.120314755 0.189282089 0.252459496
v 0.116577357 0.170492858 0.252459496
v 0.113408938 0.17260994 0.252459496
v 0.115431599 0.17260994 0.257342637
v 0.117672011 0.170492858 0.255102217
v 0.120314755 0.17260994 0.25936529
v 0.120314755 0.170492858 0.256196946
v 0.125197917 0.17260994 0.257342637
v 0.122957513 0.170492858 0.255102217
v 0.127220586 0.17260994 0.252459496
v 0.124052167 0.170492858 0.252459496
v 0.113934599 0.175778344 0.258839637
v 0.111291856 0.175778344 0.252459496
v 0.120314755 0.175778344 0.261482388
v 0.126694918 0.175778344 0.258839637
v 0.129337668 0.175778344 0.252459496
v 0.113408938 0.179515734 0.25936529
v 0.110548437 0.179515734 0.252459496
v 0.120314755 0.179515734 0.262225837
v 0.127220586 0.179515734 0.25936529
v 0.130081087 0.179515734 0.252459496
v 0.113934599 0.183253169 0.258839637
v 0.111291856 0.183253169 0.252459496
v 0.120314755 0.183253169 0.261482388
v 0.126694918 0.183253169 0.258839637
v 0.129337668 0.183253169 0.252459496
v 0.115431599 0.186421603 0.257342637
v 0.113408938 0.186421603 0.252459496
v 0.120314755 0.186421603 0.25936529
v 0.125197917 0.186421603 0.257342637
v 0.127220586 0.186421603 0.252459496
v 0.117672011 0.188538685 0.255102217
v 0.116577357 0.188538685 0.252459496
v 0.120314755 0.188538685 0.256196946
v 0.122957513 0.188538685 0.255102217
v 0.124052167 0.188538685 0.252459496
v 0.120314755 0.189282089 0.252459496
v 0.120314755 0.169749454 0.252459496
v 0.120314755 0.169749454 0.252459496
v 0.0897370577 0.170012474 0.260302246
v 0.150938198 0.170012474 0.260302246
v 0.150938198 0.155909032 0.260302246
v 0.0897370577 0.155909032 0.260302246
v 0.0897370577 0.170012474 0.246454507
v 0.150938198 0.170012474 0.246454507
v 0.150938198 0.170012474 0.260302246
v 0.0897370577 0.170012474 0.260302246
v 0.0897370577 0.155909032 0.246454507
v 0.150938198 0.155909032 0.246454507
v 0.150938198 0.170012474 0.246454507
v 0.0897370577 0.170012474 0.246454507
v 0.150938198 0.155909032 0.260302246
v 0.150938198 0.155909032 0.246454507
v 0.0897370577 0.155909032 0.246454507
v 0.0897370577 0.155909032 0.260302246
v 0.150938198 0.155909032 0.260302246
v 0.150938198 0.170012474 0.260302246
v 0.150938198 0.170012474 0.246454507
v 0.150938198 0.155909032 0.246454507
v 0.0897370577 0.155909032 0.246454507
v 0.0897370577 0.170012474 0.246454507
v 0.0897370577 0.170012474 0.260302246
v 0.0897370577 0.155909032 0.260302246
v 0.14773351 0.162020296 0.248072013
v 0.0931805 0.162020296 0.248072013
v 0.0931805 0.157836318 0.247985303
v 0.14773351 0.157836318 0.247985303
v 0.0931805 0.151004449 0.247442245
v 0.14773351 0.151004449 0.247442245
v 0.0931805 0.141732216 0.246010199
v 0.14773351 0.141732216 0.246010199
v 0.0931805 0.130301371 0.243839413
v 0.14773351 0.130301371 0.243839413
v 0.0931805 0.117059253 0.241092518
v 0.14773351 0.117059253 0.241092518
v 0.0931805 0.102408186 0.237822831
v 0.14773351 0.102408186 0.237822831
v 0.0931805 0.0867933631 0.234757036
v 0.14773351 0.0867933631 0.234757036
v 0.0931805 0.0706892237 0.231951863
v 0.14773351 0.0706892237 0.231951863
v 0.0931805 0.0545850806 0.22954227
v 0.14773351 0.0545850806 0.22954227
v 0.0931805 0.0389702432 0.228002161
v 0.14773351 0.0389702432 0.228002161
v 0.0931805 0.0243191719 0.227383494
v 0.14773351 0.0243191719 0.227383494
v 0.0931805 0.013948624 0.228344113
v 0.14773351 0.013948624 0.228344113
v 0.0931805 0.00395986764 0.230356216
v 0.14773351 0.00395986764 0.230356216
v 0.0931805 -0.00440123118 0.233960152
v 0.14773351 -0.00440123118 0.233960152
v 0.0931805 -0.0105173588 0.239424095
v 0.14773351 -0.0105173588 0.239424095
v 0.0931805 -0.0137981605 0.246100381
v 0.14773351 -0.0137981605 0.246100381
v 0.0931805 -0.01501121 0.253347367
v 0.14773351 -0.01501121 0.253347367
v 0.14773351 -0.01501121 0.253347367
v 0.0931805 -0.01501121 0.253347367
v 0.0931805 -0.013798181 0.260594159
v 0.14773351 -0.013798181 0.260594159
v 0.0931805 -0.0105173886 0.267270535
v 0.14773351 -0.0105173886 0.267270535
v 0.0931805 -0.00440128334 0.272734433
v 0.14773351 -0.00440128334 0.272734433
v 0.0931805 0.00395979639 0.276338428
v 0.14773351 0.00395979639 0.276338428
v 0.0931805 0.0139485681 0.278350472
v 0.14773351 0.0139485681 0.278350472
v 0.0931805 0.0243191049 0.27931115
v 0.14773351 0.0243191049 0.27931115
v 0.0931805 0.0389701724 0.278692424
v 0.14773351 0.0389701724 0.278692424
v 0.0931805 0.0545850135 0.27715233
v 0.14773351 0.0545850135 0.27715233
v 0.0931805 0.0706891492 0.274742812
v 0.14773351 0.0706891492 0.274742812
v 0.0931805 0.0867933184 0.271937639
v 0.14773351 0.0867933184 0.271937639
v 0.0931805 0.102408133 0.268871754
v 0.14773351 0.102408133 0.268871754
v 0.0931805 0.117059216 0.265602142
v 0.14773351 0.117059216 0.265602142
v 0.0931805 0.130301356 0.262855291
v 0.14773351 0.130301356 0.262855291
v 0.0931805 0.141732201 0.260684431
v 0.14773351 0.141732201 0.260684431
v 0.0931805 0.151004449 0.259252459
v 0.14773351 0.151004449 0.259252459
v 0.0931805 0.157836363 0.258709371
v 0.14773351 0.157836363 0.258709371
v 0.0931805 0.162020341 0.258622587
v 0.14773351 0.162020341 0.258622587
v 0.14773351 0.157836318 0.247985303
v 0.14773351 0.157597944 0.252746105
v 0.14773351 0.161921397 0.252839893
v 0.14773351 0.162020296 0.248072013
v 0.14773351 0.151004449 0.247442245
v 0.14773351 0.150451571 0.252175629
v 0.14773351 0.141732216 0.246010199
v 0.14773351 0.140923411 0.250709295
v 0.14773351 0.130301371 0.243839413
v 0.14773351 0.129372194 0.248516694
v 0.14773351 0.117059253 0.241092518
v 0.14773351 0.1160556 0.245754465
v 0.14773351 0.102408186 0.237822831
v 0.14773351 0.101429448 0.242489815
v 0.14773351 0.0867933631 0.234757036
v 0.14773351 0.0859247893 0.239445791
v 0.14773351 0.0706892237 0.231951863
v 0.14773351 0.0699272156 0.23665908
v 0.14773351 0.0545850806 0.22954227
v 0.14773351 0.0539981984 0.234273404
v 0.14773351 0.0389702432 0.228002161
v 0.14773351 0.0386355929 0.232757404
v 0.14773351 0.0243191719 0.227383494
v 0.14773351 0.0244384948 0.232140109
v 0.14773351 0.013948624 0.228344113
v 0.14773351 0.0146393972 0.233055875
v 0.14773351 0.00395986764 0.230356216
v 0.14773351 0.0053745578 0.234883338
v 0.14773351 -0.00440123118 0.233960152
v 0.14773351 -0.00186881644 0.237928003
v 0.14773351 -0.0105173588 0.239424095
v 0.14773351 -0.00678878231 0.242253944
v 0.14773351 -0.0137981605 0.246100381
v 0.14773351 -0.00930644292 0.247545689
v 0.14773351 -0.01501121 0.253347367
v 0.14773351 -0.0103077758 0.253347367
v 0.14773351 -0.013798181 0.260594159
v 0.14773351 -0.00930645224 0.259148926
v 0.14773351 -0.0103077758 0.253347367
v 0.14773351 -0.01501121 0.253347367
v 0.14773351 -0.0105173886 0.267270535
v 0.14773351 -0.00678881444 0.264440686
v 0.14773351 -0.00440128334 0.272734433
v 0.14773351 -0.00186885393 0.268766552
v 0.14773351 0.00395979639 0.276338428
v 0.14773351 0.00537449634 0.271811277
v 0.14773351 0.0139485681 0.278350472
v 0.14773351 0.0146393394 0.273638755
v 0.14773351 0.0243191049 0.27931115
v 0.14773351 0.0244384315 0.274554551
v 0.14773351 0.0389701724 0.278692424
v 0.14773351 0.0386355259 0.273937225
v 0.14773351 0.0545850135 0.27715233
v 0.14773351 0.0539981276 0.272421181
v 0.14773351 0.0706891492 0.274742812
v 0.14773351 0.0699271411 0.270035595
v 0.14773351 0.0867933184 0.271937639
v 0.14773351 0.0859247297 0.26724875
v 0.14773351 0.102408133 0.268871754
v 0.14773351 0.101429403 0.26420486
v 0.14773351 0.117059216 0.265602142
v 0.14773351 0.116055563 0.260940254
v 0.14773351 0.130301356 0.262855291
v 0.14773351 0.12937218 0.258177936
v 0.14773351 0.141732201 0.260684431
v 0.14773351 0.140923411 0.25598532
v 0.14773351 0.151004449 0.259252459
v 0.14773351 0.150451586 0.254519045
v 0.14773351 0.157836363 0.258709371
v 0.14773351 0.157597974 0.253948539
v 0.14773351 0.162020341 0.258622587
v 0.14773351 0.161921442 0.253854752
v 0.0931805 0.162020296 0.248072013
v 0.0931805 0.161921397 0.252839893
v 0.0931805 0.157597944 0.252746105
v 0.0931805 0.157836318 0.247985303
v 0.0931805 0.150451571 0.252175629
v 0.0931805 0.151004449 0.247442245
v 0.0931805 0.140923411 0.250709295
v 0.0931805 0.141732216 0.246010199
v 0.0931805 0.129372194 0.248516694
v 0.0931805 0.130301371 0.243839413
v 0.0931805 0.1160556 0.245754465
v 0.0931805 0.117059253 0.241092518
v 0.0931805 0.101429448 0.242489815
v 0.0931805 0.102408186 0.237822831
v 0.0931805 0.0859247893 0.239445791
v 0.0931805 0.0867933631 0.234757036
v 0.0931805 0.0699272156 0.23665908
v 0.0931805 0.0706892237 0.231951863
v 0.0931805 0.0539981984 0.234273404
v 0.0931805 0.0545850806 0.22954227
v 0.0931805 0.0386355929 0.232757404
v 0.0931805 0.0389702432 0.228002161
v 0.0931805 0.0244384948 0.232140109
v 0.0931805 0.0243191719 0.227383494
v 0.0931805 0.0146393972 0.233055875
v 0.0931805 0.013948624 0.228344113
v 0.0931805 0.0053745578 0.234883338
v 0.0931805 0.00395986764 0.230356216
v 0.0931805 -0.00186881644 0.237928003
v 0.0931805 -0.00440123118 0.233960152
v 0.0931805 -0.00678878231 0.242253944
v 0.0931805 -0.0105173588 0.239424095
v 0.0931805 -0.00930644292 0.247545689
v 0.0931805 -0.0137981605 0.246100381
v 0.0931805 -0.0103077758 0.253347367
v 0.0931805 -0.01501121 0.253347367
v 0.0931805 -0.01501121 0.253347367
v 0.0931805 -0.0103077758 0.253347367
v 0.0931805 -0.00930645224 0.259148926
v 0.0931805 -0.013798181 0.260594159
v 0.0931805 -0.00678881444 0.264440686
v 0.0931805 -0.0105173886 0.267270535
v 0.0931805 -0.00186885393 0.268766552
v 0.0931805 -0.00440128334 0.272734433
v 0.0931805 0.00537449634 0.271811277
v 0.0931805 0.00395979639 0.276338428
v 0.0931805 0.0146393394 0.273638755
v 0.0931805 0.0139485681 0.278350472
v 0.0931805 0.0244384315 0.274554551
v 0.0931805 0.0243191049 0.27931115
v 0.0931805 0.0386355259 0.273937225
v 0.0931805 0.0389701724 0.278692424
v 0.0931805 0.0539981276 0.272421181
v 0.0931805 0.0545850135 0.27715233
v 0.0931805 0.0699271411 0.270035595
v 0.0931805 0.0706891492 0.274742812
v 0.0931805 0.0859247297 0.26724875
v 0.0931805 0.0867933184 0.271937639
v 0.0931805 0.101429403 0.26420486
v 0.0931805 0.102408133 0.268871754
v 0.0931805 0.116055563 0.260940254
v 0.0931805 0.117059216 0.265602142
v 0.0931805 0.12937218 0.258177936
v 0.0931805 0.130301356 0.262855291
v 0.0931805 0.140923411 0.25598532
v 0.0931805 0.141732201 0.260684431
v 0.0931805 0.150451586 0.254519045
v 0.0931805 0.151004449 0.259252459
v 0.0931805 0.157597974 0.253948539
v 0.0931805 0.157836363 0.258709371
v 0.0931805 0.161921442 0.253854752
v 0.0931805 0.162020341 0.258622587
v 0.14773351 0.157597944 0.252746105
v 0.0931805 0.157597944 0.252746105
v 0.0931805 0.161921397 0.252839893
v 0.14773351 0.161921397 0.252839893
v 0.14773351 0.150451571 0.252175629
v 0.0931805 0.150451571 0.252175629
v 0.14773351 0.140923411 0.250709295
v 0.0931805 0.140923411 0.250709295
v 0.14773351 0.129372194 0.248516694
v 0.0931805 0.129372194 0.248516694
v 0.14773351 0.1160556 0.245754465
v 0.0931805 0.1160556 0.245754465
v 0.14773351 0.101429448 0.242489815
v 0.0931805 0.101429448 0.242489815
v 0.14773351 0.0859247893 0.239445791
v 0.0931805 0.0859247893 0.239445791
v 0.14773351 0.0699272156 0.23665908
v 0.0931805 0.0699272156 0.23665908
v 0.14773351 0.0539981984 0.234273404
v 0.0931805 0.0539981984 0.234273404
v 0.14773351 0.0386355929 0.232757404
v 0.0931805 0.0386355929 0.232757404
v 0.14773351 0.0244384948 0.232140109
v 0.0931805 0.0244384948 0.232140109
v 0.14773351 0.0146393972 0.233055875
v 0.0931805 0.0146393972 0.233055875
v 0.14773351 0.0053745578 0.234883338
v 0.0931805 0.0053745578 0.234883338
v 0.14773351 -0.00186881644 0.237928003
v 0.0931805 -0.00186881644 0.237928003
v 0.14773351 -0.00678878231 0.242253944
v 0.0931805 -0.00678878231 0.242253944
v 0.14773351 -0.00930644292 0.247545689
v 0.0931805 -0.00930644292 0.247545689
v 0.14773351 -0.0103077758 0.253347367
v 0.0931805 -0.0103077758 0.253347367
v 0.14773351 -0.00930645224 0.259148926
v 0.0931805 -0.00930645224 0.259148926
v 0.14773351 -0.00678881444 0.264440686
v 0.0931805 -0.00678881444 0.264440686
v 0.14773351 -0.00186885393 0.268766552
v 0.0931805 -0.00186885393 0.268766552
v 0.14773351 0.00537449634 0.271811277
v 0.0931805 0.00537449634 0.271811277
v 0.14773351 0.0146393394 0.273638755
v 0.0931805 0.0146393394 0.273638755
v 0.14773351 0.0244384315 0.274554551
v 0.0931805 0.0244384315 0.274554551
v 0.14773351 0.0386355259 0.273937225
v 0.0931805 0.0386355259 0.273937225
v 0.14773351 0.0539981276 0.272421181
v 0.0931805 0.0539981276 0.272421181
v 0.14773351 0.0699271411 0.270035595
v 0.0931805 0.0699271411 0.270035595
v 0.14773351 0.0859247297 0.26724875
v 0.0931805 0.0859247297 0.26724875
v 0.14773351 0.101429403 0.26420486
v 0.0931805 0.101429403 0.26420486
v 0.14773351 0.116055563 0.260940254
v 0.0931805 0.116055563 0.260940254
v 0.14773351 0.12937218 0.258177936
v 0.0931805 0.12937218 0.258177936
v 0.14773351 0.140923411 0.25598532
v 0.0931805 0.140923411 0.25598532
v 0.14773351 0.150451586 0.254519045
v 0.0931805 0.150451586 0.254519045
v 0.14773351 0.157597974 0.253948539
v 0.0931805 0.157597974 0.253948539
v 0.0931805 0.161921442 0.253854752
v 0.14773351 0.161921442 0.253854752
v -0.135693312 0.0729226843 0.104486719
v -0.143000424 0.0729226843 0.0694140121
v -0.171018526 0.0982424542 0.0786766335
v -0.161135897 0.0982424542 0.116001889
v -0.112107463 0.0518954061 0.0951928571
v -0.117938131 0.051527977 0.0624614097
v -0.176303744 0.0982424542 0.037841443
v -0.14753817 0.0729226843 0.0318497159
v -0.0995016918 0.0524796285 0.129920244
v -0.121286809 0.0729226843 0.142431363
v -0.200435579 0.124924272 0.0448178314
v -0.194075078 0.124924272 0.088138245
v -0.142769367 0.0982424542 0.155755773
v -0.182561189 0.124924295 0.126407221
v -0.0837660581 0.0427577645 0.12347874
v -0.0863776729 0.0365127809 0.08810886
v -0.0888348594 0.034346588 0.0570144393
v -0.121438265 0.0503721796 0.0267737769
v -0.201271206 0.124924272 -1.87792608E-07
v -0.176757395 0.0982424542 -1.67334136E-07
v -0.148580238 0.0729226843 -9.47101952E-08
v -0.0861482769 0.0622456968 0.163455918
v -0.0970279872 0.0729226843 0.171522096
v -0.0812807381 0.0581346229 0.160071984
v -0.225814208 0.157292783 -8.95898467E-08
v -0.225016624 0.157292783 0.0506681018
v -0.217134073 0.157292783 0.0961646065
v -0.160741836 0.124924295 0.168956861
v -0.201813534 0.157292783 0.136812225
v -0.0906239077 0.0338008143 0.0229072571
v -0.11992383 0.0492163822 -1.05693552E-08
v -0.197179556 0.124924272 -0.0469404943
v -0.220365793 0.157292783 -0.0532206967
v -0.171258271 0.0982424542 -0.0399257094
v -0.144315258 0.0729226843 -0.0323767476
v -0.078415148 0.0714355037 0.183386385
v -0.248115331 0.190851629 0
v -0.245585516 0.190851629 0.0558966994
v -0.235070035 0.190851629 0.10234496
v -0.116159216 0.0490402207 -0.0248349812
v -0.176259607 0.157292783 0.182510853
v -0.217453748 0.190851644 0.143720955
v -0.241128117 0.190851629 -0.0590032525
v -0.140290469 0.157292783 0.215237454
v -0.129481986 0.124924272 0.202633619
v -0.11623475 0.0982424542 0.187696218
v -0.0905583352 0.0982408151 0.206884563
v -0.0997476727 0.124915667 0.22342287
v -0.187604383 0.190851644 0.190768868
v -0.24483493 0.230907857 0.104667835
v -0.257472306 0.230907857 0.0588905215
v -0.261440039 0.230907857 0
v -0.108347319 0.157238454 0.236041814
v -0.113185935 0.190607354 0.242861703
v -0.147052318 0.190851644 0.225603938
v -0.0689205453 0.124907039 0.237367854
v -0.0608192347 0.0982391983 0.219776303
v -0.0709462464 0.0884013921 0.20670861
v -0.0745302886 0.0848859772 0.202316836
v -0.0582446456 0.0916520506 0.214103922
v -0.265848547 0.267328292 0
v -0.260863036 0.267328292 0.059446685
v -0.246815443 0.267329663 0.103744544
v -0.231444716 0.26736775 0.142596588
v -0.228446782 0.230907857 0.144455865
v -0.216617063 0.230909556 0.167363048
v -0.194886446 0.230907887 0.195251465
v -0.219425812 0.267952085 0.168376744
v -0.201776162 0.268949658 0.196846768
v -0.168523714 0.227707386 0.218263105
v -0.148754045 0.225061208 0.231771812
v -0.21803911 0.298056722 0.165739164
v -0.228936851 0.298056722 0.140246496
v -0.242284596 0.298056722 0.100641318
v -0.253005475 0.298056722 0.0576195307
v -0.257677406 0.298056722 0
v -0.251532435 0.298056722 -0.0600537062
v -0.259389997 0.267328292 -0.0618808605
v -0.254719049 0.230907857 -0.0621167757
v -0.157568008 0.241601691 0.22583051
v -0.121824011 0.219137207 0.243943721
v -0.118367307 0.204378054 0.245053902
v -0.0776033178 0.190363064 0.256627262
v -0.0751774237 0.157184079 0.249739781
v -0.034939114 0.124885611 0.244466051
v -0.0307355616 0.0982351676 0.227628708
v -0.103833206 0.218487531 0.253132254
v -0.0388016589 0.189755872 0.265280902
v -0.075639993 0.23242341 0.261760682
v -0.0883247256 0.236559689 0.258494258
v -0.0389814675 0.225153998 0.268951118
v -0 0.223165959 0.271607488
v -0 0.189148709 0.267621517
v 0.0388016589 0.189755872 0.265280902
v 0.0389814675 0.225153998 0.268951118
v 0.0776033178 0.190363064 0.256627262
v 0.0751774237 0.157184079 0.249739781
v 0.108347319 0.157238454 0.236041814
v 0.113185935 0.190607354 0.242861703
v 0.140290469 0.157292783 0.215237454
v 0.129481986 0.124924272 0.202633619
v 0.160741836 0.124924295 0.168956861
v 0.11623475 0.0982424542 0.187696218
v 0.142769367 0.0982424542 0.155755773
v 0.182561189 0.124924295 0.126407221
v 0.161135897 0.0982424542 0.116001889
v 0.121286809 0.0729226843 0.142431363
v 0.135693312 0.0729226843 0.104486719
v 0.171018526 0.0982424542 0.0786766335
v 0.143000424 0.0729226843 0.0694140121
v 0.112107463 0.0518954061 0.0951928571
v 0.117938131 0.051527977 0.0624614097
v 0.176303744 0.0982424542 0.037841443
v 0.14753817 0.0729226843 0.0318497159
v 0.0995016918 0.0524796285 0.129920244
v 0.200435579 0.124924272 0.0448178314
v 0.194075078 0.124924272 0.088138245
v 0.0837660581 0.0427577645 0.12347874
v 0.0863776729 0.0365127809 0.08810886
v 0.0888348594 0.034346588 0.0570144393
v 0.121438265 0.0503721796 0.0267737769
v 0.201271206 0.124924272 -1.87792608E-07
v 0.176757395 0.0982424542 -1.67334136E-07
v 0.148580238 0.0729226843 -9.47101952E-08
v 0.0812807381 0.0581346229 0.160071984
v 0.225814208 0.157292783 -8.95898467E-08
v 0.225016624 0.157292783 0.0506681018
v 0.217134073 0.157292783 0.0961646065
v 0.201813534 0.157292783 0.136812225
v 0.0861482769 0.0622456968 0.163455918
v 0.0906239077 0.0338008143 0.0229072571
v 0.11992383 0.0492163822 -1.05693552E-08
v 0.197179556 0.124924272 -0.0469404943
v 0.220365793 0.157292783 -0.0532206967
v 0.171258271 0.0982424542 -0.0399257094
v 0.144315258 0.0729226843 -0.0323767476
v 0.078415148 0.0714355037 0.183386385
v 0.0970279872 0.0729226843 0.171522096
v 0.245585516 0.190851629 0.0558966994
v 0.248115331 0.190851629 0
v 0.116159216 0.0490402207 -0.0248349812
v 0.0905583352 0.0982408151 0.206884563
v 0.241128117 0.190851629 -0.0590032525
v 0.0997476727 0.124915667 0.22342287
v 0.261440039 0.230907857 0
v 0.257472306 0.230907857 0.0588905215
v 0.24483493 0.230907857 0.104667835
v 0.235070035 0.190851629 0.10234496
v 0.217453748 0.190851644 0.143720955
v 0.176259607 0.157292783 0.182510853
v 0.187604383 0.190851644 0.190768868
v 0.228446782 0.230907857 0.144455865
v 0.147052318 0.190851644 0.225603938
v 0.216617063 0.230909556 0.167363048
v 0.231444716 0.26736775 0.142596588
v 0.246815443 0.267329663 0.103744544
v 0.260863036 0.267328292 0.059446685
v 0.265848547 0.267328292 0
v 0.194886446 0.230907887 0.195251465
v 0.168523714 0.227707386 0.218263105
v 0.219425812 0.267952085 0.168376744
v 0.259389997 0.267328292 -0.0618808605
v 0.254719049 0.230907857 -0.0621167757
v 0.118367307 0.204378054 0.245053902
v 0.201776162 0.268949658 0.196846768
v 0.251532435 0.298056722 -0.0600537062
v 0.257677406 0.298056722 0
v 0.253005475 0.298056722 0.0576195307
v 0.242284596 0.298056722 0.100641318
v 0.228936851 0.298056722 0.140246496
v 0.21803911 0.298056722 0.165739164
v 0.103833206 0.218487531 0.253132254
v 0.204363152 0.298056722 0.193652943
v 0.075639993 0.23242341 0.261760682
v 0.0883247256 0.236559689 0.258494258
v 0.250973225 0.321697652 0
v 0.245085537 0.321697652 -0.0590269268
v 0.236642912 0.321667016 0.0977649316
v 0.246753857 0.321697652 0.0561203957
v 0.215385064 0.32019946 0.162412852
v 0.22495158 0.320814848 0.13803263
v 0.203016788 0.319467247 0.189154118
v 0.191000268 0.298056722 0.195514649
v 0.190107957 0.318773538 0.187371224
v 0.179362193 0.275099546 0.211383954
v 0.173919618 0.24862878 0.214690641
v 0.148754045 0.225061208 0.231771812
v 0.157568008 0.241601691 0.22583051
v 0.121824011 0.219137207 0.243943721
v 0.145539001 0.25833708 0.23304446
v 0.128368184 0.250901192 0.242491454
v -0.0779360235 0.0391558148 0.12109217
v -0.0752685741 0.0530571304 0.155892313
v -0.0712759793 0.0313655473 0.163693964
v -0.074366346 0.0188217014 0.125478968
v -0.0764712095 0.0137982434 0.0884372666
v -0.0794693232 0.0323826037 0.0862068385
v -0.0805703253 0.029467551 0.0554676503
v -0.0779683068 0.0124352425 0.0545395203
v -0.0683463141 0.0486123785 0.196160942
v -0.0715347156 0.0708857551 0.18777211
v -0.0817481205 0.0290275868 0.0217935387
v -0.0789728463 0.0143331187 0.02048783
v -0.0645337477 0.0671668649 0.215876654
v -0.0686698407 0.0800029561 0.200646698
v -0.0788594261 0.0193529576 -0.00601925654
v -0.0816176385 0.0300928131 -0.0109195635
v -0.0633982345 0.0846145451 0.206640884
v -0.0617635921 0.0711614937 0.220494851
v -0.0566332377 0.0875292122 0.210553646
v -0.0575000383 0.0734592006 0.22303161
v -0.0408120491 0.023439398 0.166864142
v -0.0712759793 0.0313655473 0.163693964
v -0.0683463141 0.0486123785 0.196160942
v -0.0396386199 0.0432541557 0.19780983
v -0.0422855094 0.010178281 0.12709187
v -0.074366346 0.0188217014 0.125478968
v -0.0443942733 0.00478229625 0.0890282318
v -0.0764712095 0.0137982434 0.0884372666
v -0.0453413576 0.0045211385 0.0544890948
v -0.0779683068 0.0124352425 0.0545395203
v -0.0455101319 0.00761269592 0.0199751332
v -0.0789728463 0.0143331187 0.02048783
v -0.0645337477 0.0671668649 0.215876654
v -0.040157456 0.0639364272 0.220079511
v -0 0.0223990176 0.167462975
v -0 0.0414854325 0.197606847
v -0 0.00811761897 0.127744064
v -0 0.002746101 0.0891797915
v -0 0.00189735123 0.0545186885
v -0 0.00461930782 0.0195625834
v -0.0450562648 0.0133864386 -0.00659128698
v -0.0788594261 0.0193529576 -0.00601925654
v -0 0.0109013962 -0.00756933866
v -0.0617635921 0.0711614937 0.220494851
v -0.0575000383 0.0734592006 0.22303161
v -0.040274933 0.0718667731 0.224177524
v -0 0.0707255155 0.225856617
v -0 0.0628261268 0.221824735
v 0.0422855094 0.010178281 0.12709187
v 0.0408120491 0.023439398 0.166864142
v 0.0712759793 0.0313655473 0.163693964
v 0.0683463141 0.0486123785 0.196160942
v 0.0396386199 0.0432541557 0.19780983
v 0.074366346 0.0188217014 0.125478968
v 0.0443942733 0.00478229625 0.0890282318
v 0.0764712095 0.0137982434 0.0884372666
v 0.0453413576 0.0045211385 0.0544890948
v 0.0779683068 0.0124352425 0.0545395203
v 0.0455101319 0.00761269592 0.0199751332
v 0.0789728463 0.0143331187 0.02048783
v 0.0645337477 0.0671668649 0.215876654
v 0.040157456 0.0639364272 0.220079511
v 0.0450562648 0.0133864386 -0.00659128698
v 0.0788594261 0.0193529576 -0.00601925654
v 0.0617635921 0.0711614937 0.220494851
v 0.0575000383 0.0734592006 0.22303161
v 0.040274933 0.0718667731 0.224177524
v -0.197179556 0.124924272 -0.0469404943
v -0.171258271 0.0982424542 -0.0399257094
v -0.1563171 0.0982424542 -0.0853864178
v -0.181518972 0.124924272 -0.100030497
v -0.220365793 0.157292783 -0.0532206967
v -0.205244914 0.157292783 -0.11123848
v -0.131961554 0.0729226843 -0.0708850026
v -0.144315258 0.0729226843 -0.0323767476
v -0.103297174 0.0488640405 -0.0540937409
v -0.116159216 0.0490402207 -0.0248349812
v -0.108313389 0.0729226843 -0.110848531
v -0.128076136 0.0982424542 -0.133636743
v -0.147713259 0.124924295 -0.154398084
v -0.168986291 0.157292798 -0.171289235
v -0.241128117 0.190851629 -0.0590032525
v -0.224556759 0.190851629 -0.119419686
v -0.0836173221 0.0481273085 -0.0801202506
v -0.0696701035 0.0341158025 -0.0446534567
v -0.0597965457 0.0417635329 -0.0802303553
v -0.0547646731 0.0480799861 -0.102964848
v -0.0726796091 0.0729226843 -0.142609239
v -0.0886876583 0.0982424542 -0.166258693
v -0.102625132 0.124924272 -0.188602254
v -0.117086671 0.157292783 -0.211506188
v -0.254719049 0.230907857 -0.0621167757
v -0.236901224 0.230907857 -0.124750771
v -0.128413245 0.190851629 -0.229757577
v -0.185087502 0.190851659 -0.184369639
v -0.197694138 0.230907887 -0.191527247
v -0.242545173 0.267328292 -0.125745788
v -0.259389997 0.267328292 -0.0618808605
v -0.0383322462 0.0274186302 -0.043333333
v -0.0424459726 0.0243353099 -0.024207186
v -0.0317375027 0.0359128118 -0.0793302581
v -0.0474756844 0.0982424542 -0.183168977
v -0.03911338 0.0729226843 -0.156663135
v -0.0286306739 0.0480799861 -0.112083919
v -0.135092899 0.230907857 -0.241533548
v -0.235454962 0.298056722 -0.122370526
v -0.251532435 0.298056722 -0.0600537062
v -0.137299597 0.267328292 -0.243148059
v -0.201776877 0.267328292 -0.194978043
v -0.229532421 0.321697652 -0.119640738
v -0.245085537 0.321697652 -0.0590269268
v -0 0.0348124839 -0.0788316578
v -0 0.0480799861 -0.116288275
v -0 0.0729226843 -0.162278369
v -0.0719272196 0.230907857 -0.263934672
v -0.0682157353 0.190851629 -0.249757707
v -0.0631868243 0.157292783 -0.230719715
v -0.0555510744 0.124924272 -0.208418801
v -0 0.124924272 -0.21336773
v -0 0.0982424542 -0.188561335
v -0 0.157292783 -0.235978827
v -0 0.190851629 -0.253663361
v -0 0.230907857 -0.26852423
v -0.0711667016 0.267328292 -0.266622394
v -0 0.267328292 -0.270716846
v -0.13157329 0.298056722 -0.235977814
v -0.195379317 0.298056722 -0.190462828
v -0.190100208 0.321697652 -0.184844837
v -0.126888484 0.321697652 -0.228863955
v -0.184547082 0.346565634 -0.178387165
v -0.223302498 0.346565634 -0.116769254
v -0.238304019 0.346565634 -0.0579468571
v -0.0691239163 0.298056722 -0.258678198
v -0.121960513 0.346565634 -0.222570762
v -0 0.298056722 -0.262545705
v -0.0658338591 0.321697652 -0.250578523
v -0.17406179 0.393747717 -0.16837658
v -0.211861223 0.393747717 -0.110920951
v -0.22534427 0.393747717 -0.0555124879
v -0.115222022 0.393747717 -0.211551264
v -0.0623730272 0.346565634 -0.243248299
v -0 0.321697652 -0.254259795
v -0.197589234 0.452033669 -0.104965352
v -0.161263123 0.452033669 -0.157168522
v -0.209547758 0.452033669 -0.0524826758
v -0.0582321398 0.393747717 -0.231854439
v -0 0.346565634 -0.24673368
v -0.185459495 0.500350952 -0.0998446569
v -0.150986776 0.500350952 -0.147454351
v -0.196913749 0.500350952 -0.0499223284
v -0.100439399 0.500350952 -0.185426876
v -0.107008524 0.452033669 -0.19842723
v -0 0.393747717 -0.234965488
v -0.0502196997 0.500350952 -0.204908818
v -0.0535042621 0.452033669 -0.218274131
v -0.17405498 0.531780183 -0.0938117132
v -0.142423272 0.531780183 -0.140417054
v -0.185035154 0.531780183 -0.0469058566
v -0 0.452033669 -0.220928878
v -0.094263047 0.531780183 -0.175098717
v -0.0471315235 0.531780183 -0.194063634
v -0 0.500350952 -0.20719859
v -0.162383959 0.557497084 -0.0874564126
v -0.131767392 0.557497084 -0.131691992
v -0.173340604 0.557497084 -0.0439912118
v -0.0879127681 0.557497084 -0.164326489
v -0.044198148 0.557497084 -0.182001948
v -0 0.531780183 -0.195836425
v -0.122501656 0.575049579 -0.121378712
v -0.151780546 0.57504952 -0.0802992061
v -0.161834747 0.57504952 -0.040149603
v -0.082199879 0.57504952 -0.152816117
v -0.0410999395 0.57504952 -0.169336379
v -0 0.557497084 -0.184510991
v -0 0.57504952 -0.172716022
v -0.074169144 0.59008956 -0.138400257
v -0.109920129 0.590089619 -0.109152913
v -0.136951968 0.59008956 -0.071796231
v -0.146389738 0.59008956 -0.0362844542
v -0.037084572 0.59008956 -0.153623074
v -0 0.59008956 -0.157730982
v -0.0328492932 0.6051296 -0.133392796
v -0.0631606877 0.6051296 -0.118454568
v -0.0940255448 0.6051296 -0.0941989124
v -0.116625048 0.6051296 -0.0617923848
v -0.125217825 0.6051296 -0.0325430557
v -0 0.6051296 -0.137216151
v -0 0.612082958 -0.124048322
v -0.0299534313 0.612082958 -0.120620735
v -0.0579468943 0.612082958 -0.107574664
v -0.0855037645 0.612082958 -0.0868511945
v -0.104606301 0.612082958 -0.0570938066
v -0.11139863 0.612082958 -0.0305116344
v -0 0.62016958 -0.104820468
v -0.0272747446 0.62016958 -0.101956524
v -0.0518833622 0.62016958 -0.0910076201
v -0.0723384768 0.62016958 -0.0766080767
v -0.0920238495 0.62016958 -0.0281491391
v -0.0859674513 0.62016958 -0.0532107539
v -0 0.628648579 -0.0737998486
v -0.0246085189 0.628490031 -0.0740458667
v -0.0471002571 0.62480855 -0.0743852109
v -0.053947892 0.630501747 -0.0256517623
v -0.0512112528 0.62861836 -0.0510514788
v -0 0.632588506 -0.0510514863
v -0.0252635442 0.632588506 -0.0510514788
v -0.0252119433 0.634039164 -0.0256517623
v -0 0.63477993 -0.025651766
v 0.0272747446 0.62016958 -0.101956524
v 0.0299534313 0.612082958 -0.120620735
v 0.0328492932 0.6051296 -0.133392796
v 0.037084572 0.59008956 -0.153623074
v 0.074169144 0.59008956 -0.138400257
v 0.082199879 0.57504952 -0.152816117
v 0.122501656 0.575049579 -0.121378712
v 0.131767392 0.557497084 -0.131691992
v 0.162383959 0.557497084 -0.0874564126
v 0.142423272 0.531780183 -0.140417054
v 0.17405498 0.531780183 -0.0938117132
v 0.150986776 0.500350952 -0.147454351
v 0.185459495 0.500350952 -0.0998446569
v 0.161263123 0.452033669 -0.157168522
v 0.197589234 0.452033669 -0.104965352
v 0.17406179 0.393747717 -0.16837658
v 0.211861223 0.393747717 -0.110920951
v 0.223302498 0.346565634 -0.116769254
v 0.184547082 0.346565634 -0.178387165
v 0.229532421 0.321697652 -0.119640738
v 0.190100208 0.321697652 -0.184844837
v 0.235454962 0.298056722 -0.122370526
v 0.251532435 0.298056722 -0.0600537062
v 0.259389997 0.267328292 -0.0618808605
v 0.242545173 0.267328292 -0.125745788
v 0.254719049 0.230907857 -0.0621167757
v 0.236901224 0.230907857 -0.124750771
v 0.224556759 0.190851629 -0.119419686
v 0.241128117 0.190851629 -0.0590032525
v 0.205244914 0.157292783 -0.11123848
v 0.220365793 0.157292783 -0.0532206967
v 0.181518972 0.124924272 -0.100030497
v 0.197179556 0.124924272 -0.0469404943
v 0.1563171 0.0982424542 -0.0853864178
v 0.171258271 0.0982424542 -0.0399257094
v 0.131961554 0.0729226843 -0.0708850026
v 0.144315258 0.0729226843 -0.0323767476
v 0.103297174 0.0488640405 -0.0540937409
v 0.116159216 0.0490402207 -0.0248349812
v 0.108313389 0.0729226843 -0.110848531
v 0.128076136 0.0982424542 -0.133636743
v 0.147713259 0.124924295 -0.154398084
v 0.168986291 0.157292798 -0.171289235
v 0.0836173221 0.0481273085 -0.0801202506
v 0.0696701035 0.0341158025 -0.0446534567
v 0.0782546625 0.0312252007 -0.0204149485
v 0.0597965457 0.0417635329 -0.0802303553
v 0.0424459726 0.0243353099 -0.024207186
v 0.0383322462 0.0274186302 -0.043333333
v 0.0547646731 0.0480799861 -0.102964848
v 0.0726796091 0.0729226843 -0.142609239
v 0.0886876583 0.0982424542 -0.166258693
v 0.102625132 0.124924272 -0.188602254
v 0.117086671 0.157292783 -0.211506188
v 0.128413245 0.190851629 -0.229757577
v 0.185087502 0.190851659 -0.184369639
v 0.197694138 0.230907887 -0.191527247
v 0.0317375027 0.0359128118 -0.0793302581
v 0.0286306739 0.0480799861 -0.112083919
v 0.03911338 0.0729226843 -0.156663135
v 0.0474756844 0.0982424542 -0.183168977
v 0.0555510744 0.124924272 -0.208418801
v 0.135092899 0.230907857 -0.241533548
v 0.0631868243 0.157292783 -0.230719715
v 0.0682157353 0.190851629 -0.249757707
v 0.0719272196 0.230907857 -0.263934672
v 0.201776877 0.267328292 -0.194978043
v 0.137299597 0.267328292 -0.243148059
v 0.195379317 0.298056722 -0.190462828
v -0 0.025956532 -0.0428649522
v 0.0711667016 0.267328292 -0.266622394
v 0.13157329 0.298056722 -0.235977814
v 0.126888484 0.321697652 -0.228863955
v 0.0691239163 0.298056722 -0.258678198
v 0.121960513 0.346565634 -0.222570762
v 0.0658338591 0.321697652 -0.250578523
v 0.115222022 0.393747717 -0.211551264
v 0.0623730272 0.346565634 -0.243248299
v 0.0582321398 0.393747717 -0.231854439
v 0.0535042621 0.452033669 -0.218274131
v 0.0502196997 0.500350952 -0.204908818
v 0.107008524 0.452033669 -0.19842723
v 0.100439399 0.500350952 -0.185426876
v 0.094263047 0.531780183 -0.175098717
v 0.0471315235 0.531780183 -0.194063634
v 0.0879127681 0.557497084 -0.164326489
v 0.044198148 0.557497084 -0.182001948
v 0.0410999395 0.57504952 -0.169336379
v -0.0770387277 0.0788002536 0.193301827
v -0.0904024765 0.0344784595 -0.00841536094
v -0.0888385549 0.034053769 -0.0138285821
v -0.0888385549 0.034053769 -0.0138285821
v -0.0782546625 0.0312252007 -0.0204149485
v -0 0.0228882879 -0.024562154
v -0.0442090034 0.0230138861 -0.0160102677
v -0.0816176385 0.0300928131 -0.0109195635
v -0.0788594261 0.0193529576 -0.00601925654
v -0.0450562648 0.0133864386 -0.00659128698
v -0 0.0109013962 -0.00756933866
v -0 0.0215234272 -0.0164204445
v -0.0294588897 0.0916584954 0.220831409
v -0 0.0982311293 0.230194837
v -0 0.0910889804 0.222827137
v 0.0307355616 0.0982351676 0.227628708
v 0.034939114 0.124885611 0.244466051
v 0.0294588897 0.0916584954 0.220831409
v 0.0608192347 0.0982391983 0.219776303
v 0.0689205453 0.124907039 0.237367854
v 0.0709462464 0.0884013921 0.20670861
v 0.0745302886 0.0848859772 0.202316836
v 0.0770387277 0.0788002536 0.193301827
v 0.0582446456 0.0916520506 0.214103922
v 0.0375887305 0.157048985 0.256939679
v -0 0.124864183 0.247071549
v -0.0375887305 0.157048985 0.256939679
v -0 0.156913891 0.259646505
v -0.173919618 0.24862878 0.214690641
v -0.179362193 0.275099546 0.211383954
v -0.204363152 0.298056722 0.193652943
v -0.203016788 0.319467247 0.189154118
v -0.215385064 0.32019946 0.162412852
v -0.22495158 0.320814848 0.13803263
v -0.236642912 0.321667016 0.0977649316
v -0.246753857 0.321697652 0.0561203957
v -0.250973225 0.321697652 0
v -0.245085537 0.321697652 -0.0590269268
v -0.191000268 0.298056722 0.195514649
v -0.190107957 0.318773538 0.187371224
v -0.0424459726 0.0243353099 -0.024207186
v -0.0442090034 0.0230138861 -0.0160102677
v -0 0.0215234272 -0.0164204445
v -0 0.0228882879 -0.024562154
v -0.0782546625 0.0312252007 -0.0204149485
v -0.0816176385 0.0300928131 -0.0109195635
v -0.0888385549 0.034053769 -0.0138285821
v -0.0904024765 0.0344784595 -0.00841536094
v -0.0906239077 0.0338008143 0.0229072571
v -0.0817481205 0.0290275868 0.0217935387
v -0.0888348594 0.034346588 0.0570144393
v -0.0805703253 0.029467551 0.0554676503
v -0.0863776729 0.0365127809 0.08810886
v -0.0794693232 0.0323826037 0.0862068385
v -0.0837660581 0.0427577645 0.12347874
v -0.0779360235 0.0391558148 0.12109217
v -0.0752685741 0.0530571304 0.155892313
v -0.0812807381 0.0581346229 0.160071984
v -0.078415148 0.0714355037 0.183386385
v -0.0715347156 0.0708857551 0.18777211
v -0.0770387277 0.0788002536 0.193301827
v -0.0745302886 0.0848859772 0.202316836
v -0.0686698407 0.0800029561 0.200646698
v -0.0709462464 0.0884013921 0.20670861
v -0.0633982345 0.0846145451 0.206640884
v -0.0582446456 0.0916520506 0.214103922
v -0.0566332377 0.0875292122 0.210553646
v -0.0294588897 0.0916584954 0.220831409
v -0.0284545459 0.0864847079 0.215484038
v -0 0.0910889804 0.222827137
v -0 0.0859519914 0.217527941
v -0.121824011 0.219137207 0.243943721
v -0.119437866 0.219951048 0.257974505
v -0.118367307 0.204378054 0.245053902
v -0.103833206 0.218487531 0.253132254
v -0.128368184 0.250901192 0.242491454
v -0.0883247256 0.236559689 0.258494258
v -0.117258668 0.243364334 0.267759651
v -0.106964387 0.263754904 0.25310868
v -0.0926408917 0.259117872 0.247270688
v -0.10939268 0.267226219 0.238136709
v -0.0984449163 0.273927122 0.23755987
v -0.168523714 0.227707386 0.218263105
v -0.173919618 0.24862878 0.214690641
v -0.168602526 0.243600041 0.228045464
v -0.157568008 0.241601691 0.22583051
v -0.179362193 0.275099546 0.211383954
v -0.145539001 0.25833708 0.23304446
v -0.166109279 0.266956627 0.23536019
v -0.157271519 0.284573406 0.221983507
v -0.161814958 0.288084567 0.213175267
v -0.147582501 0.281230956 0.223984107
v -0.15131864 0.293022901 0.214520156
v -0.145539001 0.25833708 0.23304446
v -0.128368184 0.250901192 0.242491454
v -0.0566332377 0.0875292122 0.210553646
v -0.040274933 0.0718667731 0.224177524
v -0.0575000383 0.0734592006 0.22303161
v -0.0284545459 0.0864847079 0.215484038
v -0 0.0707255155 0.225856617
v -0 0.0859519914 0.217527941
v -0.0386701897 0.255427063 0.252809852
v -0.0389814675 0.225153998 0.268951118
v -0.075639993 0.23242341 0.261760682
v -0.0698627904 0.260528833 0.246786416
v -0 0.25329867 0.25545609
v -0 0.223165959 0.271607488
v -0.0926408917 0.259117872 0.247270688
v -0.0883247256 0.236559689 0.258494258
v -0 0.277989835 0.243317738
v -0.0378321223 0.279227287 0.241106555
v -0.0648062676 0.28324002 0.236383855
v -0.0984449163 0.273927122 0.23755987
v -0.0964473858 0.29019931 0.22758095
v -0.133857116 0.284877896 0.223909259
v -0.10939268 0.267226219 0.238136709
v -0.145539001 0.25833708 0.23304446
v -0.128368184 0.250901192 0.242491454
v -0.147582501 0.281230956 0.223984107
v -0.127186432 0.302465439 0.215688437
v -0.15131864 0.293022901 0.214520156
v -0.148081958 0.31381619 0.204022288
v -0.161814958 0.288084567 0.213175267
v -0.191000268 0.298056722 0.195514649
v -0.179362193 0.275099546 0.211383954
v -0.190107957 0.318773538 0.187371224
v -0.158167243 0.329917073 0.193724588
v -0.187209547 0.346565634 0.179836467
v -0.16144146 0.346565634 0.186860248
v -0.159018084 0.39241752 0.174640015
v -0.180756971 0.39241752 0.169948801
v -0.154164448 0.433439255 0.167313933
v -0.165899009 0.452033669 0.160663232
v -0.150191441 0.452033669 0.16399315
v -0.148981705 0.500350952 0.157932565
v -0.136110529 0.498663276 0.158327311
v -0.134488687 0.524111569 0.15970169
v -0.126933172 0.515975654 0.159892872
v -0.119886361 0.524047613 0.16160655
v -0.122882955 0.534702837 0.162763044
v -0.109720916 0.52982372 0.163320228
v -0.109306507 0.542998314 0.165824383
v -0.0926586017 0.533905208 0.167019024
v -0.0889601856 0.547907889 0.170896724
v -0.0694939494 0.535988808 0.171277583
v -0.0656145141 0.549982607 0.175803423
v -0.0452198908 0.535988808 0.174812123
v -0.0422688276 0.549732864 0.179095715
v -0.020193601 0.535988808 0.177739486
v -0.0196712278 0.549427152 0.181519046
v -0 0.535988808 0.179070279
v -0 0.548968554 0.182709992
v -0.0849331543 0.558616877 0.174850225
v -0.109306507 0.542998314 0.165824383
v -0.040457461 0.558616877 0.185752198
v -0.0191772357 0.558616877 0.187555343
v -0 0.558616877 0.188050672
v -0.0626196265 0.558616877 0.181190312
v -0.0763603896 0.575459361 0.177771851
v -0.103079349 0.558616877 0.168500528
v -0.131956577 0.546124101 0.157885045
v -0.122882955 0.534702837 0.162763044
v -0.125377029 0.558119893 0.155784771
v -0.1370029 0.557497084 0.142298996
v -0.1499217 0.531780183 0.150496483
v -0.154515192 0.557497084 0.107347235
v -0.168199137 0.531780183 0.111841276
v -0.171475545 0.500350952 0.139264643
v -0.181073934 0.500350952 0.117024332
v -0.186895236 0.452033669 0.144858792
v -0.194753647 0.452033669 0.122835942
v -0.209142134 0.393349409 0.129931584
v -0.21841009 0.393747717 0.0903523415
v -0.230098486 0.346565634 0.0952777267
v -0.238727435 0.346565634 0.0545434542
v -0.246753857 0.321697652 0.0561203957
v -0.250973225 0.321697652 0
v -0.243921027 0.346565634 0
v -0.245085537 0.321697652 -0.0590269268
v -0.238304019 0.346565634 -0.0579468571
v -0.236642912 0.321667016 0.0977649316
v -0.219800636 0.346565634 0.134821445
v -0.22495158 0.320814848 0.13803263
v -0.210273102 0.346565634 0.158378735
v -0.215385064 0.32019946 0.162412852
v -0.199631214 0.346565634 0.183021769
v -0.203016788 0.319467247 0.189154118
v -0.190107957 0.318773538 0.187371224
v -0.187209547 0.346565634 0.179836467
v -0.225308105 0.393747717 0.0515298508
v -0.230444044 0.393747717 0
v -0.22534427 0.393747717 -0.0555124879
v -0.201662973 0.392874479 0.152248651
v -0.190800205 0.39272818 0.174170017
v -0.180756971 0.39241752 0.169948801
v -0.210655347 0.452033669 0.0478565879
v -0.20471774 0.452033669 0.0852587745
v -0.214017048 0.452033669 0
v -0.209547758 0.452033669 -0.0524826758
v -0.176012889 0.452033669 0.165919021
v -0.165899009 0.452033669 0.160663232
v -0.190433651 0.500350952 0.0805096701
v -0.196642593 0.500350952 0.0449187346
v -0.200878799 0.500350952 0
v -0.196913749 0.500350952 -0.0499223284
v -0.160471514 0.500350952 0.160215884
v -0.148981705 0.500350952 0.157932565
v -0.177003577 0.531780183 0.0769774988
v -0.184079811 0.531780183 0.0417625383
v -0.188526094 0.531780183 0
v -0.185035154 0.531780183 -0.0469058566
v -0.141390994 0.530146539 0.158233613
v -0.134488687 0.524111569 0.15970169
v -0.164630339 0.557497084 0.0733804032
v -0.171951771 0.557497084 0.0391636714
v -0.175902873 0.557497084 0
v -0.173340604 0.557497084 -0.0439912118
v -0.152874127 0.57504952 0.0703307167
v -0.141576231 0.57504952 0.103532501
v -0.160879433 0.57504952 0.0373846889
v -0.164399758 0.57504952 0
v -0.161834747 0.57504952 -0.040149603
v -0.125952542 0.575049579 0.135161743
v -0.113476798 0.575339556 0.15128231
v -0.145434409 0.59008956 0.0350937545
v -0.138615206 0.59008956 0.0668278262
v -0.127491936 0.590089619 0.0995390564
v -0.148338288 0.59008956 0
v -0.146389738 0.59008956 -0.0362844542
v -0.113884397 0.590089619 0.127741948
v -0.0944136605 0.575447619 0.166853309
v -0.101585358 0.590089619 0.145109504
v -0.126321375 0.6051296 0
v -0.124262489 0.6051296 0.0328028165
v -0.119699724 0.6051296 0.0629206523
v -0.108899355 0.6051296 0.0932068676
v -0.125217825 0.6051296 -0.0325430557
v -0.0972113758 0.6051296 0.117583603
v -0.0861148611 0.590089619 0.162365332
v -0.0680924654 0.59008956 0.174584791
v -0.0862255096 0.604814351 0.135410175
v -0.11139863 0.612082958 -0.0305116344
v -0.111912981 0.612082958 0
v -0.110443287 0.612082958 0.0317436606
v -0.10644491 0.612082958 0.0608890317
v -0.0967906937 0.612082958 0.0889429078
v -0.0864127427 0.612082958 0.111091956
v -0.0740447864 0.604683042 0.150662079
v -0.0589136668 0.604648709 0.163931236
v -0.0744487345 0.612409115 0.127942607
v -0.0920238495 0.62016958 -0.0281491391
v -0.09311492 0.62016958 0
v -0.0915814936 0.62016958 0.0305398125
v -0.08731471 0.62016958 0.0585327558
v -0.0806671306 0.62016958 0.0839542821
v -0.0714044571 0.62016958 0.102500372
v -0.0648309663 0.612409115 0.138559446
v -0.0533297658 0.612409115 0.147920698
v -0.0400335453 0.612409115 0.153994083
v -0.0443255715 0.604648709 0.17102024
v -0.0515187979 0.59008956 0.181787148
v -0.0573047064 0.575459361 0.18503125
v -0.0371086858 0.575459361 0.19006826
v -0.0179437101 0.575459361 0.191729128
v -0 0.575459361 0.192082152
v -0.0335651226 0.59008956 0.186288863
v -0.0163837112 0.59008956 0.187807426
v -0 0.59008956 0.188018143
v -0.0303150453 0.604648709 0.174746782
v -0.0150805172 0.604648709 0.1760519
v -0 0.604648709 0.176049188
v -0.0144660482 0.612409115 0.158236206
v -0.0282005034 0.612409115 0.156704992
v -0.0255083814 0.62016958 0.134127676
v -0.036627125 0.62016958 0.130751163
v -0.0477458648 0.62016958 0.12547335
v -0.0605168715 0.62016958 0.116184175
v -0.0494903065 0.624811292 0.0977109
v -0.051580362 0.627435207 0.0786649138
v -0.0540782548 0.629849792 0.0558788478
v -0.0553162172 0.631168485 0.0288202856
v -0.0546320565 0.631555915 0
v -0.053947892 0.630501747 -0.0256517623
v -0.0251603462 0.635489702 0
v -0.0252119433 0.634039164 -0.0256517623
v -0.0249255244 0.634705901 0.0288202856
v -0.0247742403 0.632780194 0.0549409278
v -0.024824826 0.630228937 0.0760522932
v -0.0248057693 0.627388418 0.0951442346
v -0 0.628831089 0.0950259268
v -0 0.62016958 0.136450633
v -0 0.63477993 -0.025651766
v -0 0.636971474 0
v -0 0.635446787 0.0288202856
v -0 0.634274602 0.0542989001
v -0 0.631920934 0.0756207556
v -0 0.612409115 0.158459574
v 0.0144660482 0.612409115 0.158236206
v 0.0150805172 0.604648709 0.1760519
v 0.0163837112 0.59008956 0.187807426
v 0.0179437101 0.575459361 0.191729128
v 0.0191772357 0.558616877 0.187555343
v 0.0196712278 0.549427152 0.181519046
v -0 0.535988808 0.179070279
v 0.020193601 0.535988808 0.177739486
v 0.0422688276 0.549732864 0.179095715
v 0.0452198908 0.535988808 0.174812123
v 0.0656145141 0.549982607 0.175803423
v 0.0694939494 0.535988808 0.171277583
v 0.0889601856 0.547907889 0.170896724
v 0.0926586017 0.533905208 0.167019024
v 0.109306507 0.542998314 0.165824383
v 0.109720916 0.52982372 0.163320228
v 0.0849331543 0.558616877 0.174850225
v 0.040457461 0.558616877 0.185752198
v 0.0626196265 0.558616877 0.181190312
v 0.0763603896 0.575459361 0.177771851
v 0.103079349 0.558616877 0.168500528
v 0.109306507 0.542998314 0.165824383
v 0.131956577 0.546124101 0.157885045
v 0.125377029 0.558119893 0.155784771
v 0.1370029 0.557497084 0.142298996
v 0.1499217 0.531780183 0.150496483
v 0.154515192 0.557497084 0.107347235
v 0.168199137 0.531780183 0.111841276
v 0.171475545 0.500350952 0.139264643
v 0.181073934 0.500350952 0.117024332
v 0.186895236 0.452033669 0.144858792
v 0.194753647 0.452033669 0.122835942
v 0.209142134 0.393349409 0.129931584
v 0.21841009 0.393747717 0.0903523415
v 0.230098486 0.346565634 0.0952777267
v 0.238727435 0.346565634 0.0545434542
v 0.246753857 0.321697652 0.0561203957
v 0.250973225 0.321697652 0
v 0.243921027 0.346565634 0
v 0.245085537 0.321697652 -0.0590269268
v 0.238304019 0.346565634 -0.0579468571
v 0.236642912 0.321667016 0.0977649316
v 0.219800636 0.346565634 0.134821445
v 0.22495158 0.320814848 0.13803263
v 0.210273102 0.346565634 0.158378735
v 0.215385064 0.32019946 0.162412852
v 0.199631214 0.346565634 0.183021769
v 0.203016788 0.319467247 0.189154118
v 0.190107957 0.318773538 0.187371224
v 0.187209547 0.346565634 0.179836467
v 0.225308105 0.393747717 0.0515298508
v 0.230444044 0.393747717 0
v 0.22534427 0.393747717 -0.0555124879
v 0.201662973 0.392874479 0.152248651
v 0.190800205 0.39272818 0.174170017
v 0.180756971 0.39241752 0.169948801
v 0.210655347 0.452033669 0.0478565879
v 0.20471774 0.452033669 0.0852587745
v 0.214017048 0.452033669 0
v 0.209547758 0.452033669 -0.0524826758
v 0.176012889 0.452033669 0.165919021
v 0.165899009 0.452033669 0.160663232
v 0.190433651 0.500350952 0.0805096701
v 0.196642593 0.500350952 0.0449187346
v 0.200878799 0.500350952 0
v 0.196913749 0.500350952 -0.0499223284
v 0.160471514 0.500350952 0.160215884
v 0.148981705 0.500350952 0.157932565
v 0.177003577 0.531780183 0.0769774988
v 0.184079811 0.531780183 0.0417625383
v 0.188526094 0.531780183 0
v 0.185035154 0.531780183 -0.0469058566
v 0.141390994 0.530146539 0.158233613
v 0.134488687 0.524111569 0.15970169
v 0.164630339 0.557497084 0.0733804032
v 0.171951771 0.557497084 0.0391636714
v 0.175902873 0.557497084 0
v 0.173340604 0.557497084 -0.0439912118
v 0.152874127 0.57504952 0.0703307167
v 0.141576231 0.57504952 0.103532501
v 0.160879433 0.57504952 0.0373846889
v 0.164399758 0.57504952 0
v 0.161834747 0.57504952 -0.040149603
v 0.125952542 0.575049579 0.135161743
v 0.122882955 0.534702837 0.162763044
v 0.113476798 0.575339556 0.15128231
v 0.145434409 0.59008956 0.0350937545
v 0.138615206 0.59008956 0.0668278262
v 0.127491936 0.590089619 0.0995390564
v 0.148338288 0.59008956 0
v 0.146389738 0.59008956 -0.0362844542
v 0.113884397 0.590089619 0.127741948
v 0.0944136605 0.575447619 0.166853309
v 0.101585358 0.590089619 0.145109504
v 0.126321375 0.6051296 0
v 0.124262489 0.6051296 0.0328028165
v 0.119699724 0.6051296 0.0629206523
v 0.108899355 0.6051296 0.0932068676
v 0.125217825 0.6051296 -0.0325430557
v 0.0972113758 0.6051296 0.117583603
v 0.0861148611 0.590089619 0.162365332
v 0.0680924654 0.59008956 0.174584791
v 0.0862255096 0.604814351 0.135410175
v 0.11139863 0.612082958 -0.0305116344
v 0.111912981 0.612082958 0
v 0.110443287 0.612082958 0.0317436606
v 0.10644491 0.612082958 0.0608890317
v 0.0967906937 0.612082958 0.0889429078
v 0.0864127427 0.612082958 0.111091956
v 0.0740447864 0.604683042 0.150662079
v 0.0589136668 0.604648709 0.163931236
v 0.0744487345 0.612409115 0.127942607
v 0.0920238495 0.62016958 -0.0281491391
v 0.09311492 0.62016958 0
v 0.0915814936 0.62016958 0.0305398125
v 0.08731471 0.62016958 0.0585327558
v 0.0806671306 0.62016958 0.0839542821
v 0.0714044571 0.62016958 0.102500372
v 0.0648309663 0.612409115 0.138559446
v 0.0533297658 0.612409115 0.147920698
v 0.0400335453 0.612409115 0.153994083
v 0.0443255715 0.604648709 0.17102024
v 0.0515187979 0.59008956 0.181787148
v 0.0573047064 0.575459361 0.18503125
v 0.0371086858 0.575459361 0.19006826
v 0.0335651226 0.59008956 0.186288863
v 0.0477458648 0.62016958 0.12547335
v 0.036627125 0.62016958 0.130751163
v 0.0303150453 0.604648709 0.174746782
v 0.0282005034 0.612409115 0.156704992
v 0.0494903065 0.624811292 0.0977109
v 0.0605168715 0.62016958 0.116184175
v 0.051580362 0.627435207 0.0786649138
v 0.0540782548 0.629849792 0.0558788478
v 0.0553162172 0.631168485 0.0288202856
v 0.0546320565 0.631555915 0
v 0.053947892 0.630501747 -0.0256517623
v 0.0251603462 0.635489702 0
v 0.0252119433 0.634039164 -0.0256517623
v 0.0249255244 0.634705901 0.0288202856
v 0.0247742403 0.632780194 0.0549409278
v 0.024824826 0.630228937 0.0760522932
v 0.0248057693 0.627388418 0.0951442346
v 0.0255083814 0.62016958 0.134127676
v -0.158167243 0.329917073 0.193724588
v -0.121960513 0.346565634 0.208154157
v -0.148081958 0.31381619 0.204022288
v -0.16144146 0.346565634 0.186860248
v -0.127186432 0.302465439 0.215688437
v -0.0911389962 0.346565634 0.215584904
v -0.0964473858 0.29019931 0.22758095
v -0.0595200136 0.346565634 0.222548783
v -0.0648062676 0.28324002 0.236383855
v -0.0378321223 0.279227287 0.241106555
v -0.031757772 0.346565634 0.226208836
v -0.137248039 0.418958038 0.182404384
v -0.0152102672 0.346565634 0.227472052
v -0.0106223691 0.339420527 0.229637444
v -0 0.277989835 0.243317738
v -0 0.332397103 0.231932461
v -0.0458215326 0.359662771 0.221195564
v -0.0514019132 0.35873279 0.220779717
v -0.159018084 0.39241752 0.174640015
v -0.0150969345 0.351881713 0.226920366
v -0.0267369282 0.391221911 0.216387585
v -0.0584302209 0.362201154 0.219237283
v -0.0878107175 0.380731732 0.208176225
v -0.114342637 0.400017321 0.197143495
v -0.154164448 0.433439255 0.167313933
v -0.00425035181 0.381755173 0.221624538
v -0 0.388449252 0.220451295
v -0.0215824004 0.400790483 0.214726463
v -0 0.401507735 0.216957122
v -0.12012846 0.39633587 -0.207036391
v -0.115015402 0.395211637 -0.211221769
v -0.108654723 0.396088272 -0.213246405
v -0.102904253 0.399339676 -0.21439974
v -0.0986392573 0.404470652 -0.214506239
v -0.0965090469 0.410700172 -0.213549748
v -0.0968379304 0.417079836 -0.211675808
v -0.099575825 0.422638357 -0.20916976
v -0.10430593 0.426529497 -0.206413105
v -0.110341005 0.428156376 -0.203815073
v -0.115760542 0.426766157 -0.200168759
v -0.120732419 0.42307058 -0.197615966
v -0.124476336 0.417642325 -0.19657281
v -0.126422301 0.411307663 -0.197198153
v -0.126294956 0.405043006 -0.199434355
v -0.124094017 0.399790823 -0.202905536
v -0 0.352724791 0.240125209
v -0.0106223691 0.339420527 0.229637444
v -0.0152102672 0.346565634 0.227472052
v -0.0150969345 0.351881713 0.226920366
v -0 0.339578241 0.23671256
v -0 0.332397103 0.231932461
v -0 0.385383278 0.224455252
v -0.00425035181 0.381755173 0.221624538
v -0 0.388449252 0.220451295
v -0.107008524 0.452033669 0.185815021
v -0.114342637 0.400017321 0.197143495
v -0.137248039 0.418958038 0.182404384
v -0.131376699 0.45206809 0.176149979
v -0.154164448 0.433439255 0.167313933
v -0.150191441 0.452033669 0.16399315
v -0.080256395 0.452033669 0.19251591
v -0.0878107175 0.380731732 0.208176225
v -0.0521801449 0.452680171 0.199188113
v -0.0584302209 0.362201154 0.219237283
v -0.0514019132 0.35873279 0.220779717
v -0.0458215326 0.359662771 0.221195564
v -0.0238344874 0.453250557 0.202185214
v -0.0267369282 0.391221911 0.216387585
v -0.0191523395 0.428942561 0.208424374
v -0.0215824004 0.400790483 0.214726463
v -0.0779479742 0.474672198 0.187015504
v -0.102649242 0.484097123 0.177580804
v -0.122272953 0.492225021 0.167465746
v -0.0513828136 0.464697063 0.196009099
v -0.136110529 0.498663276 0.158327311
v -0 0.426215768 0.211188942
v -0 0.401507735 0.216957122
v 0.0215824004 0.400790483 0.214726463
v 0.0191523395 0.428942561 0.208424374
v 0.0267369282 0.391221911 0.216387585
v 0.0238344874 0.453250557 0.202185214
v 0.0458215326 0.359662771 0.221195564
v 0.0521801449 0.452680171 0.199188113
v 0.0514019132 0.35873279 0.220779717
v 0.0584302209 0.362201154 0.219237283
v 0.0878107175 0.380731732 0.208176225
v 0.080256395 0.452033669 0.19251591
v 0.114342637 0.400017321 0.197143495
v 0.107008524 0.452033669 0.185815021
v 0.137248039 0.418958038 0.182404384
v 0.131376699 0.45206809 0.176149979
v 0.154164448 0.433439255 0.167313933
v 0.150191441 0.452033669 0.16399315
v 0.0779479742 0.474672198 0.187015504
v 0.102649242 0.484097123 0.177580804
v 0.122272953 0.492225021 0.167465746
v 0.0513828136 0.464697063 0.196009099
v 0.136110529 0.498663276 0.158327311
v -0 0.452033669 0.205161676
v -0.0191523395 0.428942561 0.208424374
v -0.0238344874 0.453250557 0.202185214
v -0 0.500350952 0.191060483
v -0.0218893066 0.500350952 0.189591348
v -0.0513828136 0.464697063 0.196009099
v -0 0.426215768 0.211188942
v -0.0490171313 0.500350952 0.186577111
v -0.0779479742 0.474672198 0.187015504
v -0.07500498 0.500350952 0.180580154
v -0.102649242 0.484097123 0.177580804
v -0.0998105779 0.500350952 0.173584044
v -0.122272953 0.492225021 0.167465746
v -0.120406151 0.500150263 0.165684938
v -0.136110529 0.498663276 0.158327311
v -0.020193601 0.535988808 0.177739486
v -0 0.535988808 0.179070279
v -0.0452198908 0.535988808 0.174812123
v -0.126933172 0.515975654 0.159892872
v -0.0694939494 0.535988808 0.171277583
v -0.0926586017 0.533905208 0.167019024
v -0.109720916 0.52982372 0.163320228
v -0.119886361 0.524047613 0.16160655
v -0.110475205 0.419126511 -0.195158631
v -0.113958873 0.41685015 -0.193925172
v -0.116570674 0.413404763 -0.193552926
v -0.106650636 0.419885814 -0.197065353
v -0.103050433 0.41900149 -0.199325323
v -0.100242309 0.416619182 -0.201623172
v -0.0986532196 0.413102627 -0.203608856
v -0.098524332 0.408988267 -0.204980254
v -0.0998743325 0.404902458 -0.205529019
v -0.102497064 0.401466668 -0.205172166
v -0.105993278 0.399203032 -0.203964308
v -0.109831281 0.398455143 -0.202089265
v -0.113410644 0.399328709 -0.199802414
v -0.116203249 0.401698858 -0.197481111
v -0.117784336 0.405205309 -0.195477828
v -0.117913529 0.409315526 -0.19409813
v -0.115015402 0.395211637 -0.211221769
v -0.108654723 0.396088272 -0.213246405
v -0.105993278 0.399203032 -0.203964308
v -0.109831281 0.398455143 -0.202089265
v -0.102497064 0.401466668 -0.205172166
v -0.102904253 0.399339676 -0.21439974
v -0.0998743325 0.404902458 -0.205529019
v -0.0986392573 0.404470652 -0.214506239
v -0.098524332 0.408988267 -0.204980254
v -0.0965090469 0.410700172 -0.213549748
v -0.0986532196 0.413102627 -0.203608856
v -0.0968379304 0.417079836 -0.211675808
v -0.100242309 0.416619182 -0.201623172
v -0.099575825 0.422638357 -0.20916976
v -0.103050433 0.41900149 -0.199325323
v -0.10430593 0.426529497 -0.206413105
v -0.106650636 0.419885814 -0.197065353
v -0.110341005 0.428156376 -0.203815073
v -0.113410644 0.399328709 -0.199802414
v -0.12012846 0.39633587 -0.207036391
v -0.124094017 0.399790823 -0.202905536
v -0.116203249 0.401698858 -0.197481111
v -0.126294956 0.405043006 -0.199434355
v -0.117784336 0.405205309 -0.195477828
v -0.126422301 0.411307663 -0.197198153
v -0.117913529 0.409315526 -0.19409813
v -0.124476336 0.417642325 -0.19657281
v -0.116570674 0.413404763 -0.193552926
v -0.120732419 0.42307058 -0.197615966
v -0.113958873 0.41685015 -0.193925172
v -0.115760542 0.426766157 -0.200168759
v -0.110475205 0.419126511 -0.195158631
v -0.110341005 0.428156376 -0.203815073
v -0.106650636 0.419885814 -0.197065353
v 0.0779360235 0.0391558148 0.12109217
v 0.074366346 0.0188217014 0.125478968
v 0.0712759793 0.0313655473 0.163693964
v 0.0752685741 0.0530571304 0.155892313
v 0.0764712095 0.0137982434 0.0884372666
v 0.0794693232 0.0323826037 0.0862068385
v 0.0805703253 0.029467551 0.0554676503
v 0.0779683068 0.0124352425 0.0545395203
v 0.0683463141 0.0486123785 0.196160942
v 0.0715347156 0.0708857551 0.18777211
v 0.0817481205 0.0290275868 0.0217935387
v 0.0789728463 0.0143331187 0.02048783
v 0.0645337477 0.0671668649 0.215876654
v 0.0686698407 0.0800029561 0.200646698
v 0.0788594261 0.0193529576 -0.00601925654
v 0.0816176385 0.0300928131 -0.0109195635
v 0.0633982345 0.0846145451 0.206640884
v 0.0617635921 0.0711614937 0.220494851
v 0.0566332377 0.0875292122 0.210553646
v 0.0575000383 0.0734592006 0.22303161
v 0.0904024765 0.0344784595 -0.00841536094
v 0.0888385549 0.034053769 -0.0138285821
v 0.0442090034 0.0230138861 -0.0160102677
v 0.0450562648 0.0133864386 -0.00659128698
v 0.0788594261 0.0193529576 -0.00601925654
v 0.0816176385 0.0300928131 -0.0109195635
v -0 0.0109013962 -0.00756933866
v -0 0.0215234272 -0.0164204445
v -0 0.0228882879 -0.024562154
v -0 0.0215234272 -0.0164204445
v 0.0442090034 0.0230138861 -0.0160102677
v 0.0424459726 0.0243353099 -0.024207186
v 0.0816176385 0.0300928131 -0.0109195635
v 0.0782546625 0.0312252007 -0.0204149485
v 0.0888385549 0.034053769 -0.0138285821
v 0.0904024765 0.0344784595 -0.00841536094
v 0.0817481205 0.0290275868 0.0217935387
v 0.0906239077 0.0338008143 0.0229072571
v 0.0805703253 0.029467551 0.0554676503
v 0.0888348594 0.034346588 0.0570144393
v 0.0794693232 0.0323826037 0.0862068385
v 0.0863776729 0.0365127809 0.08810886
v 0.0779360235 0.0391558148 0.12109217
v 0.0837660581 0.0427577645 0.12347874
v 0.0752685741 0.0530571304 0.155892313
v 0.0812807381 0.0581346229 0.160071984
v 0.0715347156 0.0708857551 0.18777211
v 0.078415148 0.0714355037 0.183386385
v 0.0770387277 0.0788002536 0.193301827
v 0.0686698407 0.0800029561 0.200646698
v 0.0745302886 0.0848859772 0.202316836
v 0.0633982345 0.0846145451 0.206640884
v 0.0709462464 0.0884013921 0.20670861
v 0.0582446456 0.0916520506 0.214103922
v 0.0566332377 0.0875292122 0.210553646
v 0.0294588897 0.0916584954 0.220831409
v 0.0284545459 0.0864847079 0.215484038
v -0 0.0910889804 0.222827137
v -0 0.0859519914 0.217527941
v 0.121824011 0.219137207 0.243943721
v 0.118367307 0.204378054 0.245053902
v 0.119437866 0.219951048 0.257974505
v 0.103833206 0.218487531 0.253132254
v 0.128368184 0.250901192 0.242491454
v 0.0883247256 0.236559689 0.258494258
v 0.117258668 0.243364334 0.267759651
v 0.106964387 0.263754904 0.25310868
v 0.0926408917 0.259117872 0.247270688
v 0.10939268 0.267226219 0.238136709
v 0.0984449163 0.273927122 0.23755987
v 0.168523714 0.227707386 0.218263105
v 0.168602526 0.243600041 0.228045464
v 0.173919618 0.24862878 0.214690641
v 0.157568008 0.241601691 0.22583051
v 0.179362193 0.275099546 0.211383954
v 0.145539001 0.25833708 0.23304446
v 0.166109279 0.266956627 0.23536019
v 0.157271519 0.284573406 0.221983507
v 0.161814958 0.288084567 0.213175267
v 0.147582501 0.281230956 0.223984107
v 0.15131864 0.293022901 0.214520156
v 0.0566332377 0.0875292122 0.210553646
v 0.0575000383 0.0734592006 0.22303161
v 0.040274933 0.0718667731 0.224177524
v 0.0284545459 0.0864847079 0.215484038
v -0 0.0707255155 0.225856617
v -0 0.0859519914 0.217527941
v 0.245085537 0.321697652 -0.0590269268
v 0.238304019 0.346565634 -0.0579468571
v 0.22534427 0.393747717 -0.0555124879
v 0.209547758 0.452033669 -0.0524826758
v 0.196913749 0.500350952 -0.0499223284
v 0.185035154 0.531780183 -0.0469058566
v 0.173340604 0.557497084 -0.0439912118
v 0.151780546 0.57504952 -0.0802992061
v 0.161834747 0.57504952 -0.040149603
v 0.109920129 0.590089619 -0.109152913
v 0.136951968 0.59008956 -0.071796231
v 0.146389738 0.59008956 -0.0362844542
v 0.0631606877 0.6051296 -0.118454568
v 0.0940255448 0.6051296 -0.0941989124
v 0.116625048 0.6051296 -0.0617923848
v 0.125217825 0.6051296 -0.0325430557
v 0.0579468943 0.612082958 -0.107574664
v 0.0855037645 0.612082958 -0.0868511945
v 0.104606301 0.612082958 -0.0570938066
v 0.11139863 0.612082958 -0.0305116344
v 0.0518833622 0.62016958 -0.0910076201
v 0.0723384768 0.62016958 -0.0766080767
v 0.0920238495 0.62016958 -0.0281491391
v 0.0859674513 0.62016958 -0.0532107539
v 0.0246085189 0.628490031 -0.0740458667
v 0.0471002571 0.62480855 -0.0743852109
v 0.053947892 0.630501747 -0.0256517623
v 0.0512112528 0.62861836 -0.0510514788
v 0.0252635442 0.632588506 -0.0510514788
v 0.0252119433 0.634039164 -0.0256517623
v 0.0386701897 0.255427063 0.252809852
v 0.0698627904 0.260528833 0.246786416
v 0.075639993 0.23242341 0.261760682
v 0.0389814675 0.225153998 0.268951118
v 0.0926408917 0.259117872 0.247270688
v 0.0883247256 0.236559689 0.258494258
v 0.0378321223 0.279227287 0.241106555
v 0.0648062676 0.28324002 0.236383855
v 0.0984449163 0.273927122 0.23755987
v 0.0964473858 0.29019931 0.22758095
v 0.133857116 0.284877896 0.223909259
v 0.10939268 0.267226219 0.238136709
v 0.145539001 0.25833708 0.23304446
v 0.128368184 0.250901192 0.242491454
v 0.147582501 0.281230956 0.223984107
v 0.127186432 0.302465439 0.215688437
v 0.15131864 0.293022901 0.214520156
v 0.148081958 0.31381619 0.204022288
v 0.161814958 0.288084567 0.213175267
v 0.191000268 0.298056722 0.195514649
v 0.179362193 0.275099546 0.211383954
v 0.190107957 0.318773538 0.187371224
v 0.158167243 0.329917073 0.193724588
v 0.187209547 0.346565634 0.179836467
v 0.16144146 0.346565634 0.186860248
v 0.159018084 0.39241752 0.174640015
v 0.180756971 0.39241752 0.169948801
v 0.154164448 0.433439255 0.167313933
v 0.165899009 0.452033669 0.160663232
v 0.150191441 0.452033669 0.16399315
v 0.148981705 0.500350952 0.157932565
v 0.136110529 0.498663276 0.158327311
v 0.134488687 0.524111569 0.15970169
v 0.126933172 0.515975654 0.159892872
v 0.119886361 0.524047613 0.16160655
v 0.122882955 0.534702837 0.162763044
v 0.158167243 0.329917073 0.193724588
v 0.148081958 0.31381619 0.204022288
v 0.121960513 0.346565634 0.208154157
v 0.16144146 0.346565634 0.186860248
v 0.127186432 0.302465439 0.215688437
v 0.0911389962 0.346565634 0.215584904
v 0.0964473858 0.29019931 0.22758095
v 0.0595200136 0.346565634 0.222548783
v 0.0648062676 0.28324002 0.236383855
v 0.0378321223 0.279227287 0.241106555
v 0.031757772 0.346565634 0.226208836
v 0.137248039 0.418958038 0.182404384
v 0.0152102672 0.346565634 0.227472052
v 0.0106223691 0.339420527 0.229637444
v -0 0.277989835 0.243317738
v -0 0.332397103 0.231932461
v 0.0458215326 0.359662771 0.221195564
v 0.0514019132 0.35873279 0.220779717
v 0.159018084 0.39241752 0.174640015
v 0.0150969345 0.351881713 0.226920366
v 0.0267369282 0.391221911 0.216387585
v 0.0584302209 0.362201154 0.219237283
v 0.0878107175 0.380731732 0.208176225
v 0.114342637 0.400017321 0.197143495
v 0.154164448 0.433439255 0.167313933
v 0.00425035181 0.381755173 0.221624538
v -0 0.388449252 0.220451295
v 0.0215824004 0.400790483 0.214726463
v -0 0.401507735 0.216957122
v 0.12012846 0.39633587 -0.207036391
v 0.115015402 0.395211637 -0.211221769
v 0.108654723 0.396088272 -0.213246405
v 0.102904253 0.399339676 -0.21439974
v 0.0986392573 0.404470652 -0.214506239
v 0.0965090469 0.410700172 -0.213549748
v 0.0968379304 0.417079836 -0.211675808
v 0.099575825 0.422638357 -0.20916976
v 0.10430593 0.426529497 -0.206413105
v 0.110341005 0.428156376 -0.203815073
v 0.115760542 0.426766157 -0.200168759
v 0.120732419 0.42307058 -0.197615966
v 0.124476336 0.417642325 -0.19657281
v 0.126422301 0.411307663 -0.197198153
v 0.126294956 0.405043006 -0.199434355
v 0.124094017 0.399790823 -0.202905536
v -0 0.352724791 0.240125209
v 0.0152102672 0.346565634 0.227472052
v 0.0106223691 0.339420527 0.229637444
v 0.0150969345 0.351881713 0.226920366
v -0 0.339578241 0.23671256
v -0 0.332397103 0.231932461
v -0 0.385383278 0.224455252
v 0.00425035181 0.381755173 0.221624538
v -0 0.388449252 0.220451295
v -0 0.452033669 0.205161676
v 0.0238344874 0.453250557 0.202185214
v 0.0191523395 0.428942561 0.208424374
v -0 0.500350952 0.191060483
v 0.0218893066 0.500350952 0.189591348
v 0.0513828136 0.464697063 0.196009099
v -0 0.426215768 0.211188942
v 0.0490171313 0.500350952 0.186577111
v 0.0779479742 0.474672198 0.187015504
v 0.07500498 0.500350952 0.180580154
v 0.102649242 0.484097123 0.177580804
v 0.0998105779 0.500350952 0.173584044
v 0.122272953 0.492225021 0.167465746
v 0.120406151 0.500150263 0.165684938
v 0.136110529 0.498663276 0.158327311
v 0.020193601 0.535988808 0.177739486
v -0 0.535988808 0.179070279
v 0.0452198908 0.535988808 0.174812123
v 0.126933172 0.515975654 0.159892872
v 0.0694939494 0.535988808 0.171277583
v 0.0926586017 0.533905208 0.167019024
v 0.109720916 0.52982372 0.163320228
v 0.119886361 0.524047613 0.16160655
v 0.110475205 0.419126511 -0.195158631
v 0.116570674 0.413404763 -0.193552926
v 0.113958873 0.41685015 -0.193925172
v 0.106650636 0.419885814 -0.197065353
v 0.103050433 0.41900149 -0.199325323
v 0.100242309 0.416619182 -0.201623172
v 0.0986532196 0.413102627 -0.203608856
v 0.098524332 0.408988267 -0.204980254
v 0.0998743325 0.404902458 -0.205529019
v 0.102497064 0.401466668 -0.205172166
v 0.105993278 0.399203032 -0.203964308
v 0.109831281 0.398455143 -0.202089265
v 0.113410644 0.399328709 -0.199802414
v 0.116203249 0.401698858 -0.197481111
v 0.117784336 0.405205309 -0.195477828
v 0.117913529 0.409315526 -0.19409813
v 0.115015402 0.395211637 -0.211221769
v 0.109831281 0.398455143 -0.202089265
v 0.105993278 0.399203032 -0.203964308
v 0.108654723 0.396088272 -0.213246405
v 0.102497064 0.401466668 -0.205172166
v 0.102904253 0.399339676 -0.21439974
v 0.0998743325 0.404902458 -0.205529019
v 0.0986392573 0.404470652 -0.214506239
v 0.098524332 0.408988267 -0.204980254
v 0.0965090469 0.410700172 -0.213549748
v 0.0986532196 0.413102627 -0.203608856
v 0.0968379304 0.417079836 -0.211675808
v 0.100242309 0.416619182 -0.201623172
v 0.099575825 0.422638357 -0.20916976
v 0.103050433 0.41900149 -0.199325323
v 0.10430593 0.426529497 -0.206413105
v 0.106650636 0.419885814 -0.197065353
v 0.110341005 0.428156376 -0.203815073
v 0.110475205 0.419126511 -0.195158631
v 0.115760542 0.426766157 -0.200168759
v 0.110341005 0.428156376 -0.203815073
v 0.106650636 0.419885814 -0.197065353
v 0.113958873 0.41685015 -0.193925172
v 0.120732419 0.42307058 -0.197615966
v 0.116570674 0.413404763 -0.193552926
v 0.124476336 0.417642325 -0.19657281
v 0.117913529 0.409315526 -0.19409813
v 0.126422301 0.411307663 -0.197198153
v 0.117784336 0.405205309 -0.195477828
v 0.126294956 0.405043006 -0.199434355
v 0.116203249 0.401698858 -0.197481111
v 0.124094017 0.399790823 -0.202905536
v 0.113410644 0.399328709 -0.199802414
v 0.12012846 0.39633587 -0.207036391
v -0.26346913 0.580229759 -0.0159137975
v -0.260609627 0.575253248 -0.0199721828
v -0.275921196 0.518358648 -0.0199721828
v -0.280150533 0.518264353 -0.0159137975
v -0.277792484 0.511431873 -0.0245941561
v -0.282561004 0.509341717 -0.0218676105
v -0.278643191 0.5082829 -0.0324388072
v -0.283619553 0.505423367 -0.0316286609
v -0.278643191 0.5082829 -0.104164138
v -0.283619553 0.505423367 -0.104975142
v -0.288337409 0.586947978 -0.0159137975
v -0.305018812 0.524982631 -0.0159137975
v -0.308487833 0.512141645 -0.0316286609
v -0.308487833 0.512141645 -0.104975142
v -0.307429284 0.516059995 -0.0218676105
v -0.260609627 0.575253248 -0.116631612
v -0.26346913 0.580229759 -0.120690003
v -0.280150533 0.518264353 -0.120690003
v -0.275920689 0.518360436 -0.116631612
v -0.282561004 0.509341717 -0.114724822
v -0.277792484 0.511431873 -0.111999564
v -0.283619553 0.505423367 -0.104975142
v -0.278643191 0.5082829 -0.104164138
v -0.305018812 0.524982631 -0.120690003
v -0.288337409 0.586947978 -0.120690003
v -0.307429284 0.516059995 -0.114724822
v -0.308487833 0.512141645 -0.104975142
v -0.293313801 0.584088326 -0.0199721828
v -0.288337409 0.586947978 -0.0159137975
v -0.305018812 0.524982631 -0.0159137975
v -0.30862534 0.527193785 -0.0199721828
v -0.307429284 0.516059995 -0.0218676105
v -0.310496628 0.52026695 -0.0245941561
v -0.308487833 0.512141645 -0.0316286609
v -0.311347336 0.517117977 -0.0324388072
v -0.308487833 0.512141645 -0.104975142
v -0.311347336 0.517117977 -0.104164138
v -0.307429284 0.516059995 -0.114724822
v -0.310496628 0.52026695 -0.111999564
v -0.305018812 0.524982631 -0.120690003
v -0.308624834 0.527195573 -0.116631612
v -0.288337409 0.586947978 -0.120690003
v -0.293313801 0.584088326 -0.116631612
v -0.277792484 0.511431873 -0.0245941561
v -0.277792484 0.511431873 -0.111999564
v -0.278643191 0.5082829 -0.104164138
v -0.278643191 0.5082829 -0.0324388072
v -0.275920689 0.518360436 -0.116631612
v -0.275921196 0.518358648 -0.0199721828
v -0.260609627 0.575253248 -0.0199721828
v -0.260609627 0.575253248 -0.116631612
v -0.3279185 0.479298353 -0.113155954
v -0.329947054 0.471556753 -0.126363739
v -0.32573989 0.487612605 -0.138510317
v -0.323286891 0.496973723 -0.122531265
v -0.319658071 0.48771891 -0.139712676
v -0.31716308 0.497240603 -0.123459361
v -0.306292146 0.48421663 -0.139712572
v -0.303797156 0.493738234 -0.12345928
v -0.315336555 0.504211068 -0.105877161
v -0.301970661 0.500708759 -0.105877057
v -0.314394176 0.507807553 -0.0902362987
v -0.301028252 0.504305184 -0.0902361497
v -0.320564836 0.507361948 -0.0867924839
v -0.321491241 0.503826559 -0.105245695
v -0.325667292 0.487889558 -0.0861572325
v -0.32643345 0.484965622 -0.098867245
v -0.325223446 0.489583343 -0.0684465989
v -0.320028156 0.509410024 -0.0684466958
v -0.325667292 0.487889558 -0.0507359691
v -0.320564836 0.507361948 -0.0501009077
v -0.32643345 0.484965622 -0.0380259566
v -0.321491241 0.503826559 -0.0316476971
v -0.3279185 0.479298353 -0.0237372685
v -0.323286891 0.496973723 -0.0143621061
v -0.315336555 0.504211068 -0.0310162269
v -0.31716308 0.497240603 -0.0134339994
v -0.301970661 0.500708759 -0.0310161225
v -0.303797156 0.493738234 -0.013433923
v -0.301028252 0.504305005 -0.0466569997
v -0.314394176 0.507807553 -0.0466571227
v -0.319658071 0.487718999 0.00281928061
v -0.306292117 0.484216571 0.00281938072
v -0.322761297 0.475876063 0.0173510499
v -0.309395403 0.472373635 0.017351117
v -0.328790814 0.475969404 0.0159034673
v -0.32573989 0.487612605 0.00161694048
v -0.332470059 0.461928248 0.00127798552
v -0.329947054 0.471556753 -0.0105294893
v -0.326397896 0.461997986 0.0298102126
v -0.313031971 0.458495557 0.0298102796
v -0.330479831 0.446419984 0.0398958325
v -0.317113996 0.442917407 0.0398958921
v -0.3363792 0.4470101 0.0380676873
v -0.33236599 0.462325364 0.0281523559
v -0.338745058 0.437981188 0.0195910297
v -0.335426599 0.450645447 0.011399731
v -0.334908664 0.429518372 0.0473642573
v -0.321542859 0.426015794 0.0473643057
v -0.339577377 0.411701351 0.0520350859
v -0.326211512 0.408198923 0.0520351082
v -0.345323294 0.412877023 0.0500017777
v -0.34073329 0.430393517 0.0454099588
v -0.346140236 0.409759194 0.0294415317
v -0.342345268 0.424241781 0.0256538242
v -0.332470059 0.461928308 -0.138171226
v -0.335426539 0.450645506 -0.148292989
v -0.332366049 0.462325186 -0.165045708
v -0.328790814 0.475969315 -0.152796835
v -0.326397896 0.461997986 -0.166703582
v -0.322761327 0.475876004 -0.154244423
v -0.313032001 0.458495617 -0.166703507
v -0.309395403 0.472373724 -0.154244348
v -0.317113936 0.442917615 -0.17678912
v -0.33047992 0.446419775 -0.176789179
v -0.32154277 0.426016003 -0.184257567
v -0.334908754 0.429518163 -0.184257597
v -0.33637917 0.44701004 -0.174961045
v -0.34073332 0.430393428 -0.182303295
v -0.338745028 0.437981337 -0.156484291
v -0.342345238 0.424241871 -0.162547082
v -0.326211452 0.408198982 -0.188928366
v -0.339577407 0.411701262 -0.18892841
v -0.345323265 0.412876964 -0.186895087
v -0.346140206 0.409759372 -0.166334823
v -0.302072257 0.554831326 -0.0472476743
v -0.301559746 0.554697037 -0.0684499964
v -0.288706303 0.551328957 -0.0684499964
v -0.288706303 0.551328957 -0.0472475514
v -0.308882535 0.551318824 -0.0500923991
v -0.308882535 0.551318824 -0.0684499964
v -0.288706303 0.551328957 -0.0896455944
v -0.302072257 0.554831326 -0.0896457434
v -0.308882535 0.551318824 -0.0868009552
v -0.301028252 0.504305005 -0.0466569997
v -0.314394176 0.507807553 -0.0466571227
v -0.320564836 0.507361948 -0.0501009077
v -0.314394176 0.507807553 -0.0902362987
v -0.301028252 0.504305184 -0.0902361497
v -0.320564836 0.507361948 -0.0867924839
v -0.300482512 0.50638783 -0.068446584
v -0.301028252 0.504305005 -0.0466569997
v -0.288706303 0.551328957 -0.0472475514
v -0.288706303 0.551328957 -0.0684499964
v -0.301028252 0.504305184 -0.0902361497
v -0.288706303 0.551328957 -0.0896455944
v -0.306192607 0.48459658 -0.0684465989
v -0.306636423 0.482902735 -0.0507359691
v -0.301970661 0.500708759 -0.0310161225
v -0.307402611 0.479978859 -0.0380259603
v -0.303797156 0.493738234 -0.013433923
v -0.308887601 0.47431159 -0.0237372685
v -0.306636423 0.482902735 -0.0861572325
v -0.307402611 0.479978859 -0.098867245
v -0.301970661 0.500708759 -0.105877057
v -0.306292117 0.484216571 0.00281938072
v -0.310916185 0.46656999 -0.0105294893
v -0.309395403 0.472373635 0.017351117
v -0.31343919 0.456941485 0.00127798552
v -0.308887601 0.47431159 -0.113155954
v -0.303797156 0.493738234 -0.12345928
v -0.310916185 0.46656999 -0.12636371
v -0.306292146 0.48421663 -0.139712572
v -0.313439161 0.456941515 -0.138171226
v -0.309395403 0.472373724 -0.154244348
v -0.3163957 0.445658714 -0.148292989
v -0.313032001 0.458495617 -0.166703507
v -0.319714129 0.432994515 -0.156484291
v -0.317113936 0.442917615 -0.17678912
v -0.323314369 0.419255048 -0.162547082
v -0.32154277 0.426016003 -0.184257567
v -0.327109277 0.40477255 -0.166334823
v -0.326211452 0.408198982 -0.188928366
v -0.313031971 0.458495557 0.0298102796
v -0.31639567 0.445658624 0.011399731
v -0.317113996 0.442917407 0.0398958921
v -0.319714189 0.432994425 0.0195910409
v -0.321542859 0.426015794 0.0473643057
v -0.323314399 0.419255018 0.0256538335
v -0.326211512 0.408198923 0.0520351082
v -0.327109367 0.404772401 0.0294415317
v -0.308882535 0.551318824 -0.0684499964
v -0.308882535 0.551318824 -0.0500923991
v -0.308882535 0.551318824 -0.0868009552
v -0.329947054 0.471556753 -0.126363739
v -0.3279185 0.479298353 -0.113155954
v -0.308887601 0.47431159 -0.113155954
v -0.310916185 0.46656999 -0.12636371
v -0.307402611 0.479978859 -0.098867245
v -0.32643345 0.484965622 -0.098867245
v -0.306636423 0.482902735 -0.0861572325
v -0.325667292 0.487889558 -0.0861572325
v -0.306192607 0.48459658 -0.0684465989
v -0.325223446 0.489583343 -0.0684465989
v -0.306636423 0.482902735 -0.0507359691
v -0.325667292 0.487889558 -0.0507359691
v -0.307402611 0.479978859 -0.0380259603
v -0.32643345 0.484965622 -0.0380259566
v -0.308887601 0.47431159 -0.0237372685
v -0.3279185 0.479298353 -0.0237372685
v -0.310916185 0.46656999 -0.0105294893
v -0.329947054 0.471556753 -0.0105294893
v -0.31343919 0.456941485 0.00127798552
v -0.332470059 0.461928248 0.00127798552
v -0.31639567 0.445658624 0.011399731
v -0.335426599 0.450645447 0.011399731
v -0.319714189 0.432994425 0.0195910409
v -0.338745058 0.437981188 0.0195910297
v -0.323314399 0.419255018 0.0256538335
v -0.342345268 0.424241781 0.0256538242
v -0.327109367 0.404772401 0.0294415317
v -0.346140236 0.409759194 0.0294415317
v -0.335426539 0.450645506 -0.148292989
v -0.332470059 0.461928308 -0.138171226
v -0.313439161 0.456941515 -0.138171226
v -0.3163957 0.445658714 -0.148292989
v -0.338745028 0.437981337 -0.156484291
v -0.319714129 0.432994515 -0.156484291
v -0.342345238 0.424241871 -0.162547082
v -0.323314369 0.419255048 -0.162547082
v -0.346140206 0.409759372 -0.166334823
v -0.327109277 0.40477255 -0.166334823
v -0.353920966 0.462667078 -0.0894316807
v -0.356366009 0.453336298 -0.108362518
v -0.354941636 0.458440304 -0.112212017
v -0.352260798 0.468670905 -0.091455467
v -0.359117031 0.442505777 -0.128684506
v -0.360174119 0.438803345 -0.12338616
v -0.364378363 0.422427177 -0.13926056
v -0.364972681 0.420490801 -0.133031964
v -0.370210558 0.40016973 -0.142904758
v -0.370291919 0.400191069 -0.136355609
v -0.376042813 0.377912372 -0.139260486
v -0.375611186 0.379891396 -0.133031875
v -0.381304085 0.357833654 -0.128684506
v -0.380409688 0.361578733 -0.12338613
v -0.38547954 0.341899186 -0.11221198
v -0.384217858 0.347045809 -0.108362481
v -0.388160318 0.331668496 -0.0914554596
v -0.386662871 0.33771503 -0.0894316584
v -0.389084131 0.328143299 -0.0684466213
v -0.387505412 0.334499896 -0.0684466287
v -0.388160318 0.331668496 -0.0454378128
v -0.386662871 0.33771503 -0.047461614
v -0.38547954 0.341899127 -0.0246812776
v -0.384217858 0.347045809 -0.0285307765
v -0.381304085 0.357833743 -0.00820877217
v -0.380409688 0.361578822 -0.0135071371
v -0.376042813 0.377912372 0.00236722059
v -0.375611186 0.379891396 -0.00386138842
v -0.370210558 0.40016973 0.00601147162
v -0.370291919 0.400191069 -0.000537669286
v -0.364378363 0.422427177 0.00236724247
v -0.364972681 0.420490801 -0.00386136887
v -0.359117031 0.442505747 -0.00820879359
v -0.360174179 0.438803285 -0.0135071669
v -0.354941666 0.458440185 -0.0246812869
v -0.356366038 0.453336209 -0.0285307635
v -0.352260798 0.468670905 -0.0454378165
v -0.353920966 0.462667078 -0.0474615991
v -0.351337165 0.472196102 -0.0684466287
v -0.353078574 0.465882182 -0.0684466287
v -0.361055046 0.45300445 -0.107265748
v -0.358677208 0.46207884 -0.0888550729
v -0.3746503 0.401333123 -0.0684466287
v -0.364758551 0.438870847 -0.121876597
v -0.369425267 0.421061426 -0.131257355
v -0.374598354 0.401319504 -0.134489685
v -0.379771441 0.381577611 -0.131257266
v -0.384438127 0.363768101 -0.12187656
v -0.388141662 0.349634558 -0.107265718
v -0.39051947 0.340560138 -0.088855058
v -0.391338825 0.337433308 -0.0684466287
v -0.39051947 0.340560138 -0.0480382107
v -0.388141662 0.349634558 -0.0296275392
v -0.384438127 0.36376819 -0.0150167011
v -0.379771441 0.381577611 -0.00563598657
v -0.374598354 0.401319504 -0.00240359758
v -0.369425267 0.421061426 -0.00563597307
v -0.364758611 0.438870788 -0.0150167327
v -0.361055106 0.45300442 -0.0296275318
v -0.358677208 0.46207884 -0.0480382107
v -0.357857972 0.46520561 -0.0684466287
v -0.358486593 0.397099346 0.0270276964
v -0.351008207 0.425639004 0.022354845
v -0.312057495 0.415430784 0.022354845
v -0.319535851 0.386891156 0.0270276964
v -0.365965009 0.368559718 0.0223548654
v -0.327014297 0.358351499 0.0223548543
v -0.37271136 0.3428137 0.00879373495
v -0.333760679 0.332605511 0.00879372563
v -0.378065318 0.322381556 -0.0123282243
v -0.339114636 0.312173367 -0.0123282243
v -0.381502777 0.309263319 -0.038943436
v -0.342552125 0.299055159 -0.038943436
v -0.3826873 0.304743111 -0.0684466287
v -0.343736559 0.294534892 -0.0684466287
v -0.305311114 0.441176772 0.00879372098
v -0.344261825 0.451384962 0.00879372098
v -0.299957186 0.461608946 -0.0123282289
v -0.338907897 0.471817106 -0.0123282289
v -0.296519727 0.474727154 -0.0389434434
v -0.335470468 0.484935343 -0.0389434434
v -0.295335233 0.479247391 -0.0684466287
v -0.334286004 0.489455551 -0.0684466287
v -0.296519697 0.474727243 -0.0979498401
v -0.335470468 0.484935433 -0.0979498401
v -0.299957186 0.461608946 -0.124565065
v -0.338907897 0.471817106 -0.124565065
v -0.305311114 0.441176772 -0.145687029
v -0.344261825 0.451384962 -0.145687029
v -0.312057495 0.415430784 -0.159248158
v -0.351008207 0.425639004 -0.159248158
v -0.319535851 0.386891156 -0.163920984
v -0.358486593 0.397099346 -0.163920984
v -0.327014297 0.358351499 -0.159248143
v -0.365965009 0.368559718 -0.159248143
v -0.333760679 0.332605511 -0.145686999
v -0.37271136 0.342813671 -0.145686999
v -0.339114636 0.312173367 -0.124565043
v -0.378065318 0.322381556 -0.124565043
v -0.342552125 0.299055159 -0.0979498252
v -0.381502777 0.309263319 -0.0979498252
v -0.343736559 0.294534892 -0.0684466287
v -0.3826873 0.304743111 -0.0684466287
v -0.350975901 0.473629951 -0.0132754128
v -0.347596467 0.486526757 -0.0394414105
v -0.335470468 0.484935343 -0.0389434434
v -0.338907897 0.471817106 -0.0123282289
v -0.356239468 0.45354265 0.00749002444
v -0.344261825 0.451384962 0.00879372098
v -0.362872005 0.428231239 0.0208222624
v -0.351008207 0.425639004 0.022354845
v -0.370224178 0.400173336 0.0254162457
v -0.358486593 0.397099346 0.0270276964
v -0.377576292 0.372115403 0.0208222717
v -0.365965009 0.368559718 0.0223548654
v -0.384208828 0.346803874 0.00749003887
v -0.37271136 0.3428137 0.00879373495
v -0.389472395 0.326716602 -0.0132754128
v -0.378065318 0.322381556 -0.0123282243
v -0.39285183 0.313819766 -0.0394414067
v -0.381502777 0.309263319 -0.038943436
v -0.394016325 0.309375852 -0.0684466287
v -0.3826873 0.304743111 -0.0684466287
v -0.39285183 0.313819766 -0.0974518582
v -0.381502777 0.309263319 -0.0979498252
v -0.389472395 0.326716602 -0.123617858
v -0.378065318 0.322381556 -0.124565043
v -0.384208828 0.346803874 -0.144383311
v -0.37271136 0.342813671 -0.145686999
v -0.377576292 0.372115403 -0.157715544
v -0.365965009 0.368559718 -0.159248143
v -0.370224178 0.400173336 -0.162309527
v -0.358486593 0.397099346 -0.163920984
v -0.362872005 0.428231239 -0.157715559
v -0.351008207 0.425639004 -0.159248158
v -0.356239468 0.453542769 -0.144383326
v -0.344261825 0.451384962 -0.145687029
v -0.350975871 0.473629981 -0.123617873
v -0.338907897 0.471817106 -0.124565065
v -0.347596437 0.486526817 -0.0974518657
v -0.335470468 0.484935433 -0.0979498401
v -0.346432 0.490970671 -0.0684466287
v -0.334286004 0.489455551 -0.0684466287
v -0.37434265 0.401252508 -0.156994104
v -0.381278574 0.374783456 -0.152660295
v -0.387535393 0.350905329 -0.14008306
v -0.392500937 0.331955642 -0.120493531
v -0.395688951 0.319789141 -0.0958093032
v -0.396787554 0.315596879 -0.0684466287
v -0.395688951 0.319789141 -0.041083958
v -0.392500937 0.331955642 -0.0163997393
v -0.387535393 0.350905418 0.00318976934
v -0.381278574 0.374783456 0.0157670099
v -0.37434265 0.401252508 0.0201008264
v -0.367406875 0.42772156 0.0157670006
v -0.361149967 0.451599568 0.00318976399
v -0.356184453 0.470549315 -0.0163997393
v -0.352996409 0.482715815 -0.0410839655
v -0.351897866 0.486908019 -0.0684466287
v -0.352996409 0.482715815 -0.0958093181
v -0.356184453 0.470549375 -0.120493554
v -0.361149967 0.451599568 -0.14008306
v -0.367406875 0.42772156 -0.152660295
v -0.368567646 0.424002528 -0.140682459
v -0.374516964 0.401298165 -0.144399837
v -0.380466342 0.378593862 -0.140682369
v -0.385833263 0.358112007 -0.129894033
v -0.390092582 0.341857612 -0.113090761
v -0.392827183 0.331421494 -0.0919174626
v -0.393769532 0.327825487 -0.0684466287
v -0.392827183 0.331421494 -0.044975806
v -0.390092582 0.341857553 -0.0238024965
v -0.385833263 0.358112097 -0.00699923187
v -0.380466342 0.378593862 0.00378912012
v -0.374516964 0.401298165 0.00750654144
v -0.368567646 0.424002528 0.00378913688
v -0.363200724 0.444484293 -0.00699925609
v -0.358941495 0.460738719 -0.0238025114
v -0.356206805 0.471174806 -0.0449758172
v -0.355264574 0.474770755 -0.0684466287
v -0.356206805 0.471174806 -0.0919174626
v -0.358941466 0.460738778 -0.113090791
v -0.363200724 0.444484293 -0.129894048
v -0.358677208 0.46207884 -0.0888550729
v -0.361055046 0.45300445 -0.107265748
v -0.356366009 0.453336298 -0.108362518
v -0.353920966 0.462667078 -0.0894316807
v -0.360174119 0.438803345 -0.12338616
v -0.364758551 0.438870847 -0.121876597
v -0.364972681 0.420490801 -0.133031964
v -0.369425267 0.421061426 -0.131257355
v -0.370291919 0.400191069 -0.136355609
v -0.374598354 0.401319504 -0.134489685
v -0.375611186 0.379891396 -0.133031875
v -0.379771441 0.381577611 -0.131257266
v -0.380409688 0.361578733 -0.12338613
v -0.384438127 0.363768101 -0.12187656
v -0.384217858 0.347045809 -0.108362481
v -0.388141662 0.349634558 -0.107265718
v -0.386662871 0.33771503 -0.0894316584
v -0.39051947 0.340560138 -0.088855058
v -0.387505412 0.334499896 -0.0684466287
v -0.391338825 0.337433308 -0.0684466287
v -0.386662871 0.33771503 -0.047461614
v -0.39051947 0.340560138 -0.0480382107
v -0.384217858 0.347045809 -0.0285307765
v -0.388141662 0.349634558 -0.0296275392
v -0.380409688 0.361578822 -0.0135071371
v -0.384438127 0.36376819 -0.0150167011
v -0.375611186 0.379891396 -0.00386138842
v -0.379771441 0.381577611 -0.00563598657
v -0.370291919 0.400191069 -0.000537669286
v -0.374598354 0.401319504 -0.00240359758
v -0.364972681 0.420490801 -0.00386136887
v -0.369425267 0.421061426 -0.00563597307
v -0.360174179 0.438803285 -0.0135071669
v -0.364758611 0.438870788 -0.0150167327
v -0.356366038 0.453336209 -0.0285307635
v -0.361055106 0.45300442 -0.0296275318
v -0.353920966 0.462667078 -0.0474615991
v -0.358677208 0.46207884 -0.0480382107
v -0.353078574 0.465882182 -0.0684466287
v -0.357857972 0.46520561 -0.0684466287
v -0.358941466 0.460738778 -0.113090791
v -0.356206805 0.471174806 -0.0919174626
v -0.352260798 0.468670905 -0.091455467
v -0.354941636 0.458440304 -0.112212017
v -0.363200724 0.444484293 -0.129894048
v -0.359117031 0.442505777 -0.128684506
v -0.368567646 0.424002528 -0.140682459
v -0.364378363 0.422427177 -0.13926056
v -0.374516964 0.401298165 -0.144399837
v -0.370210558 0.40016973 -0.142904758
v -0.380466342 0.378593862 -0.140682369
v -0.376042813 0.377912372 -0.139260486
v -0.385833263 0.358112007 -0.129894033
v -0.381304085 0.357833654 -0.128684506
v -0.390092582 0.341857612 -0.113090761
v -0.38547954 0.341899186 -0.11221198
v -0.392827183 0.331421494 -0.0919174626
v -0.388160318 0.331668496 -0.0914554596
v -0.393769532 0.327825487 -0.0684466287
v -0.389084131 0.328143299 -0.0684466213
v -0.392827183 0.331421494 -0.044975806
v -0.388160318 0.331668496 -0.0454378128
v -0.390092582 0.341857553 -0.0238024965
v -0.38547954 0.341899127 -0.0246812776
v -0.385833263 0.358112097 -0.00699923187
v -0.381304085 0.357833743 -0.00820877217
v -0.380466342 0.378593862 0.00378912012
v -0.376042813 0.377912372 0.00236722059
v -0.374516964 0.401298165 0.00750654144
v -0.370210558 0.40016973 0.00601147162
v -0.368567646 0.424002528 0.00378913688
v -0.364378363 0.422427177 0.00236724247
v -0.363200724 0.444484293 -0.00699925609
v -0.359117031 0.442505747 -0.00820879359
v -0.358941495 0.460738719 -0.0238025114
v -0.354941666 0.458440185 -0.0246812869
v -0.356206805 0.471174806 -0.0449758172
v -0.352260798 0.468670905 -0.0454378165
v -0.355264574 0.474770755 -0.0684466287
v -0.351337165 0.472196102 -0.0684466287
v -0.34946081 0.412873149 0.00783018582
v -0.342026711 0.417220056 0.00783018582
v -0.342026711 0.417220056 0.0741919354
v -0.34946081 0.412873149 0.0741919354
v -0.333415031 0.41726774 0.0741919354
v -0.333415031 0.41726774 0.00783018582
v -0.325933367 0.413003027 0.0741919354
v -0.325933367 0.413003027 0.00783018582
v -0.32158637 0.405569077 0.0741919354
v -0.32158637 0.405569077 0.00783018582
v -0.321538717 0.396957397 0.0741919354
v -0.321538717 0.396957397 0.00783018582
v -0.325803399 0.389475703 0.0741919354
v -0.325803399 0.389475703 0.00783018582
v -0.333237439 0.385128707 0.0741919354
v -0.333237439 0.385128707 0.00783018582
v -0.341849059 0.385080934 0.0741919354
v -0.341849059 0.385080934 0.00783018582
v -0.353725433 0.405391455 0.00783018582
v -0.353725433 0.405391455 0.0741919354
v -0.353677809 0.396779805 0.00783018582
v -0.353677809 0.396779805 0.0741919354
v -0.349330783 0.389345765 0.00783018582
v -0.349330783 0.389345765 0.0741919354
v -0.341849059 0.385080934 0.00783018582
v -0.341849059 0.385080934 0.0741919354
v -0.348218948 0.411644965 0.0700958222
v -0.341565341 0.41553551 0.0700958222
v -0.33763206 0.401174426 0.0700958222
v -0.333857745 0.415578157 0.0700958222
v -0.327161551 0.411761165 0.0700958222
v -0.323270857 0.405107677 0.0700958222
v -0.32322827 0.397400111 0.0700958222
v -0.327045202 0.390703797 0.0700958222
v -0.33369875 0.386813194 0.0700958222
v -0.341406405 0.386770517 0.0700958222
v -0.348102629 0.390587538 0.0700958222
v -0.351993293 0.397241056 0.0700958222
v -0.35203585 0.404948711 0.0700958222
v -0.34946081 0.412873149 0.0741919354
v -0.342026711 0.417220056 0.0741919354
v -0.341565341 0.41553551 0.0741919354
v -0.348218948 0.411644965 0.0741919354
v -0.333857745 0.415578157 0.0741919354
v -0.333415031 0.41726774 0.0741919354
v -0.327161551 0.411761165 0.0741919354
v -0.325933367 0.413003027 0.0741919354
v -0.323270857 0.405107677 0.0741919354
v -0.32158637 0.405569077 0.0741919354
v -0.32322827 0.397400111 0.0741919354
v -0.321538717 0.396957397 0.0741919354
v -0.327045202 0.390703797 0.0741919354
v -0.325803399 0.389475703 0.0741919354
v -0.33369875 0.386813194 0.0741919354
v -0.333237439 0.385128707 0.0741919354
v -0.341406405 0.386770517 0.0741919354
v -0.341849059 0.385080934 0.0741919354
v -0.353725433 0.405391455 0.0741919354
v -0.35203585 0.404948711 0.0741919354
v -0.353677809 0.396779805 0.0741919354
v -0.351993293 0.397241056 0.0741919354
v -0.349330783 0.389345765 0.0741919354
v -0.348102629 0.390587538 0.0741919354
v -0.341849059 0.385080934 0.0741919354
v -0.341406405 0.386770517 0.0741919354
v -0.348218948 0.411644965 0.0741919354
v -0.341565341 0.41553551 0.0741919354
v -0.341565341 0.41553551 0.0700958222
v -0.348218948 0.411644965 0.0700958222
v -0.333857745 0.415578157 0.0700958222
v -0.333857745 0.415578157 0.0741919354
v -0.327161551 0.411761165 0.0700958222
v -0.327161551 0.411761165 0.0741919354
v -0.323270857 0.405107677 0.0700958222
v -0.323270857 0.405107677 0.0741919354
v -0.32322827 0.397400111 0.0700958222
v -0.32322827 0.397400111 0.0741919354
v -0.327045202 0.390703797 0.0700958222
v -0.327045202 0.390703797 0.0741919354
v -0.33369875 0.386813194 0.0700958222
v -0.33369875 0.386813194 0.0741919354
v -0.341406405 0.386770517 0.0700958222
v -0.341406405 0.386770517 0.0741919354
v -0.35203585 0.404948711 0.0741919354
v -0.35203585 0.404948711 0.0700958222
v -0.351993293 0.397241056 0.0741919354
v -0.351993293 0.397241056 0.0700958222
v -0.348102629 0.390587538 0.0741919354
v -0.348102629 0.390587538 0.0700958222
v -0.341406405 0.386770517 0.0741919354
v -0.341406405 0.386770517 0.0700958222
v -0.293062896 0.504409254 -0.107563846
v -0.297620505 0.487016261 -0.142851993
v -0.256601661 0.476267844 -0.142851993
v -0.252044082 0.493660837 -0.107563846
v -0.263700247 0.449177623 -0.170856833
v -0.304719061 0.459925979 -0.170856833
v -0.272644997 0.415041953 -0.188837051
v -0.31366384 0.42579031 -0.188837051
v -0.282560349 0.377202213 -0.195032597
v -0.323579222 0.387950659 -0.195032597
v -0.2924757 0.339362562 -0.188837022
v -0.333494484 0.350110918 -0.188837022
v -0.30142054 0.305226862 -0.170856819
v -0.342439353 0.315975249 -0.170856819
v -0.308519155 0.2781367 -0.142851979
v -0.349537969 0.288885087 -0.142851979
v -0.313076764 0.260743648 -0.107563838
v -0.354095608 0.271492064 -0.107563838
v -0.314647198 0.25475046 -0.0684466287
v -0.355666012 0.265498877 -0.0684466287
v -0.355666012 0.265498877 -0.0684466287
v -0.354095608 0.271492064 -0.0293294284
v -0.313076764 0.260743648 -0.0293294284
v -0.314647198 0.25475046 -0.0684466287
v -0.308519155 0.2781367 0.0059587094
v -0.349537969 0.288885087 0.0059587094
v -0.30142054 0.305226922 0.0339635313
v -0.342439294 0.315975308 0.0339635313
v -0.2924757 0.339362562 0.0519437343
v -0.333494484 0.350110918 0.0519437343
v -0.282560349 0.377202213 0.0581392907
v -0.323579222 0.387950659 0.0581392907
v -0.272644997 0.415041953 0.0519437268
v -0.31366384 0.42579031 0.0519437268
v -0.263700247 0.449177533 0.0339635238
v -0.30471909 0.45992595 0.0339635238
v -0.256601661 0.476267755 0.00595870009
v -0.297620475 0.487016171 0.00595870009
v -0.252044111 0.493660778 -0.0293294359
v -0.293062925 0.504409194 -0.0293294359
v -0.250473678 0.499654025 -0.0684466287
v -0.291492462 0.510402441 -0.0684466287
v -0.297620505 0.487016261 -0.142851993
v -0.293062896 0.504409254 -0.107563846
v -0.323579222 0.387950659 -0.0684466287
v -0.304719061 0.459925979 -0.170856833
v -0.31366384 0.42579031 -0.188837051
v -0.323579222 0.387950659 -0.195032597
v -0.291492462 0.510402441 -0.0684466287
v -0.333494484 0.350110918 -0.188837022
v -0.323579222 0.387950659 -0.195032597
v -0.323579222 0.387950659 -0.0684466287
v -0.342439353 0.315975249 -0.170856819
v -0.349537969 0.288885087 -0.142851979
v -0.354095608 0.271492064 -0.107563838
v -0.355666012 0.265498877 -0.0684466287
v -0.354095608 0.271492064 -0.0293294284
v -0.355666012 0.265498877 -0.0684466287
v -0.323579222 0.387950659 -0.0684466287
v -0.349537969 0.288885087 0.0059587094
v -0.342439294 0.315975308 0.0339635313
v -0.333494484 0.350110918 0.0519437343
v -0.323579222 0.387950659 0.0581392907
v -0.31366384 0.42579031 0.0519437268
v -0.323579222 0.387950659 0.0581392907
v -0.323579222 0.387950659 -0.0684466287
v -0.30471909 0.45992595 0.0339635238
v -0.297620475 0.487016171 0.00595870009
v -0.293062925 0.504409194 -0.0293294359
v -0.291492462 0.510402441 -0.0684466287
v -0.253618956 0.501363158 -0.109855019
v -0.258443475 0.482951373 -0.147210076
v -0.224970371 0.474180222 -0.147210076
v -0.220145836 0.492591947 -0.109855019
v -0.232484743 0.445503235 -0.176855192
v -0.265957892 0.454274386 -0.176855192
v -0.241953418 0.409368157 -0.195888549
v -0.275426567 0.418139338 -0.195888549
v -0.252449542 0.369312137 -0.202446997
v -0.285922647 0.378083259 -0.202446997
v -0.262945622 0.329256117 -0.195888534
v -0.296418756 0.338027269 -0.195888534
v -0.272414356 0.29312104 -0.176855177
v -0.305887491 0.301892191 -0.176855177
v -0.279928803 0.264444083 -0.147210047
v -0.313401908 0.273215234 -0.147210047
v -0.284753323 0.246032372 -0.109855004
v -0.318226397 0.254803509 -0.109855004
v -0.286415756 0.239688098 -0.0684466287
v -0.31988886 0.248459265 -0.0684466287
v -0.284753323 0.246032372 -0.0270382538
v -0.318226397 0.254803509 -0.0270382538
v -0.279928803 0.264444083 0.010316777
v -0.313401908 0.273215234 0.010316777
v -0.272414356 0.29312104 0.0399618968
v -0.305887491 0.301892191 0.0399618968
v -0.262945622 0.329256117 0.0589952394
v -0.296418756 0.338027269 0.0589952394
v -0.252449542 0.369312137 0.0655536801
v -0.285922647 0.378083259 0.0655536801
v -0.241953418 0.409368157 0.058995232
v -0.275426567 0.418139338 0.058995232
v -0.232484743 0.445503235 0.0399618857
v -0.265957892 0.454274386 0.0399618857
v -0.2249704 0.474180132 0.0103167724
v -0.258443505 0.482951313 0.0103167724
v -0.220145851 0.492591918 -0.0270382632
v -0.253618985 0.501363039 -0.0270382632
v -0.218483463 0.498936146 -0.0684466287
v -0.251956552 0.507707298 -0.0684466287
v -0.226059616 0.441688001 0.0371238552
v -0.235280395 0.406498939 0.0556589179
v -0.245501742 0.367491573 0.0620456748
v -0.214043707 0.487544 -0.108770989
v -0.218741924 0.469614238 -0.145148128
v -0.226059586 0.441688061 -0.174017176
v -0.235280395 0.406498939 -0.192552239
v -0.245501742 0.367491573 -0.198938981
v -0.255723059 0.328484178 -0.192552224
v -0.264943898 0.293295085 -0.174017146
v -0.27226162 0.265368849 -0.145148084
v -0.276959836 0.247439131 -0.108770981
v -0.278578758 0.241260961 -0.0684466287
v -0.276959836 0.247439131 -0.0281222854
v -0.27226162 0.265368849 0.00825482793
v -0.264943898 0.293295085 0.0371238664
v -0.255723059 0.328484178 0.0556589365
v -0.238553926 0.365671009 0.0540867187
v -0.228955925 0.402299255 0.0480894968
v -0.238553926 0.365671009 -0.0684466287
v -0.248151779 0.329042703 0.0480895191
v -0.256810248 0.295999855 0.0306849331
v -0.26368168 0.269776911 0.00357667427
v -0.268093288 0.252940714 -0.0305817407
v -0.269613475 0.247139394 -0.0684466287
v -0.268093288 0.252940714 -0.106311522
v -0.26368168 0.269776911 -0.140469924
v -0.256810248 0.295999855 -0.16757822
v -0.248151779 0.329042703 -0.184982806
v -0.238553926 0.365671009 -0.190980032
v -0.228955925 0.402299255 -0.184982836
v -0.22029756 0.435342103 -0.167578235
v -0.213426217 0.461565077 -0.140469968
v -0.20901455 0.478401244 -0.106311537
v -0.22029756 0.435342103 0.0306849238
v -0.213426247 0.461565018 0.00357666006
v -0.209014565 0.478401184 -0.0305817481
v -0.207494393 0.484202534 -0.0684466287
v -0.212424815 0.493722141 -0.0684466287
v -0.214043707 0.487543941 -0.0281222966
v -0.218741953 0.469614178 0.00825481396
v -0.258443475 0.482951373 -0.147210076
v -0.253618956 0.501363158 -0.109855019
v -0.285922647 0.378083259 -0.0684466287
v -0.265957892 0.454274386 -0.176855192
v -0.275426567 0.418139338 -0.195888549
v -0.285922647 0.378083259 -0.202446997
v -0.251956552 0.507707298 -0.0684466287
v -0.296418756 0.338027269 -0.195888534
v -0.285922647 0.378083259 -0.202446997
v -0.285922647 0.378083259 -0.0684466287
v -0.305887491 0.301892191 -0.176855177
v -0.313401908 0.273215234 -0.147210047
v -0.318226397 0.254803509 -0.109855004
v -0.31988886 0.248459265 -0.0684466287
v -0.318226397 0.254803509 -0.0270382538
v -0.31988886 0.248459265 -0.0684466287
v -0.285922647 0.378083259 -0.0684466287
v -0.313401908 0.273215234 0.010316777
v -0.305887491 0.301892191 0.0399618968
v -0.296418756 0.338027269 0.0589952394
v -0.285922647 0.378083259 0.0655536801
v -0.275426567 0.418139338 0.058995232
v -0.285922647 0.378083259 0.0655536801
v -0.285922647 0.378083259 -0.0684466287
v -0.265957892 0.454274386 0.0399618857
v -0.258443505 0.482951313 0.0103167724
v -0.253618985 0.501363039 -0.0270382632
v -0.251956552 0.507707298 -0.0684466287
v -0.32158637 0.405569077 -0.14529644
v -0.325933486 0.413003087 -0.14529644
v -0.325933486 0.413003087 -0.21165821
v -0.32158637 0.405569077 -0.21165821
v -0.333415151 0.41726774 -0.21165821
v -0.333415151 0.41726774 -0.14529644
v -0.34202683 0.417220056 -0.21165821
v -0.34202683 0.417220056 -0.14529644
v -0.34946081 0.412873149 -0.21165821
v -0.34946081 0.412873149 -0.14529644
v -0.353725463 0.405391455 -0.21165821
v -0.353725463 0.405391455 -0.14529644
v -0.353677809 0.396779805 -0.21165821
v -0.353677809 0.396779805 -0.14529644
v -0.349330842 0.389345765 -0.21165821
v -0.349330842 0.389345765 -0.14529644
v -0.341849208 0.385080963 -0.21165821
v -0.341849208 0.385080963 -0.14529644
v -0.321538776 0.396957397 -0.14529644
v -0.321538776 0.396957397 -0.21165821
v -0.325803399 0.389475703 -0.14529644
v -0.325803399 0.389475703 -0.21165821
v -0.333237529 0.385128736 -0.14529644
v -0.333237529 0.385128736 -0.21165821
v -0.341849208 0.385080963 -0.14529644
v -0.341849208 0.385080963 -0.21165821
v -0.323270947 0.405107707 -0.207562074
v -0.32716164 0.411761194 -0.207562074
v -0.337632179 0.401174456 -0.207562074
v -0.333857864 0.415578157 -0.207562074
v -0.34156543 0.41553551 -0.207562074
v -0.348219037 0.411645055 -0.207562074
v -0.35203594 0.404948771 -0.207562074
v -0.351993322 0.397241086 -0.207562074
v -0.348102689 0.390587538 -0.207562074
v -0.341406524 0.386770546 -0.207562074
v -0.333698869 0.386813223 -0.207562074
v -0.327045232 0.390703797 -0.207562074
v -0.323228359 0.397400111 -0.207562074
v -0.32158637 0.405569077 -0.21165821
v -0.325933486 0.413003087 -0.21165821
v -0.32716164 0.411761194 -0.21165821
v -0.323270947 0.405107707 -0.21165821
v -0.333857864 0.415578157 -0.21165821
v -0.333415151 0.41726774 -0.21165821
v -0.34156543 0.41553551 -0.21165821
v -0.34202683 0.417220056 -0.21165821
v -0.348219037 0.411645055 -0.21165821
v -0.34946081 0.412873149 -0.21165821
v -0.35203594 0.404948771 -0.21165821
v -0.353725463 0.405391455 -0.21165821
v -0.351993322 0.397241086 -0.21165821
v -0.353677809 0.396779805 -0.21165821
v -0.348102689 0.390587538 -0.21165821
v -0.349330842 0.389345765 -0.21165821
v -0.341406524 0.386770546 -0.21165821
v -0.341849208 0.385080963 -0.21165821
v -0.321538776 0.396957397 -0.21165821
v -0.323228359 0.397400111 -0.21165821
v -0.325803399 0.389475703 -0.21165821
v -0.327045232 0.390703797 -0.21165821
v -0.333237529 0.385128736 -0.21165821
v -0.333698869 0.386813223 -0.21165821
v -0.341849208 0.385080963 -0.21165821
v -0.341406524 0.386770546 -0.21165821
v -0.323270947 0.405107707 -0.21165821
v -0.32716164 0.411761194 -0.21165821
v -0.32716164 0.411761194 -0.207562074
v -0.323270947 0.405107707 -0.207562074
v -0.333857864 0.415578157 -0.207562074
v -0.333857864 0.415578157 -0.21165821
v -0.34156543 0.41553551 -0.207562074
v -0.34156543 0.41553551 -0.21165821
v -0.348219037 0.411645055 -0.207562074
v -0.348219037 0.411645055 -0.21165821
v -0.35203594 0.404948771 -0.207562074
v -0.35203594 0.404948771 -0.21165821
v -0.351993322 0.397241086 -0.207562074
v -0.351993322 0.397241086 -0.21165821
v -0.348102689 0.390587538 -0.207562074
v -0.348102689 0.390587538 -0.21165821
v -0.341406524 0.386770546 -0.207562074
v -0.341406524 0.386770546 -0.21165821
v -0.323228359 0.397400111 -0.21165821
v -0.323228359 0.397400111 -0.207562074
v -0.327045232 0.390703797 -0.21165821
v -0.327045232 0.390703797 -0.207562074
v -0.333698869 0.386813223 -0.21165821
v -0.333698869 0.386813223 -0.207562074
v -0.341406524 0.386770546 -0.21165821
v -0.341406524 0.386770546 -0.207562074
v -0.359665811 0.251139343 -0.0527439788
v -0.391509205 0.259483457 -0.0527439788
v -0.376709938 0.315961093 -0.0527439788
v -0.344866604 0.307616979 -0.0527439788
v -0.376709938 0.315961093 -0.0889958665
v -0.391509205 0.259483457 -0.0889958665
v -0.344866604 0.307616979 -0.0889958665
v -0.359665811 0.251139343 -0.0889958665
v -0.359665811 0.251139343 -0.0889958665
v -0.344866604 0.307616979 -0.0889958665
v -0.360710412 0.251229405 -0.0878578722
v -0.390554577 0.259049624 -0.0878578722
v -0.391899496 0.253917336 -0.0878578722
v -0.362055272 0.246097133 -0.0878578722
v -0.391899496 0.253917336 -0.0538819581
v -0.390554577 0.259049624 -0.0538819581
v -0.362055272 0.246097133 -0.0538819581
v -0.360710412 0.251229405 -0.0538819581
v -0.362055272 0.246097133 -0.0878578722
v -0.360710412 0.251229405 -0.0878578722
v -0.361100733 0.2456633 -0.0889958665
v -0.362055272 0.246097133 -0.0538819581
v -0.361100733 0.2456633 -0.0527439788
v -0.391899496 0.253917336 -0.0538819581
v -0.392944098 0.254007399 -0.0527439788
v -0.391899496 0.253917336 -0.0878578722
v -0.392944098 0.254007399 -0.0889958665
v -0.362055272 0.246097133 -0.0878578722
v -0.361100733 0.2456633 -0.0889958665
v -0.359665811 0.251139343 -0.0527439788
v -0.359665811 0.251139343 -0.0889958665
v -0.360710412 0.251229405 -0.0538819581
v -0.391509205 0.259483457 -0.0527439788
v -0.390554577 0.259049624 -0.0538819581
v -0.391509205 0.259483457 -0.0889958665
v -0.390554577 0.259049624 -0.0878578722
v -0.359665811 0.251139343 -0.0889958665
v -0.360710412 0.251229405 -0.0878578722
v -0.375291288 0.225560874 -0.0619914867
v -0.365213275 0.229968682 -0.0527439788
v -0.365213275 0.229968682 -0.0889958665
v -0.375291288 0.225560874 -0.0797483549
v -0.390435159 0.229529127 -0.0619914867
v -0.39705658 0.238312736 -0.0527439788
v -0.390435159 0.229529127 -0.0797483549
v -0.39705658 0.238312736 -0.0889958665
v -0.375291288 0.225560874 -0.0797483549
v -0.365213275 0.229968682 -0.0889958665
v -0.361100733 0.2456633 -0.0889958665
v -0.392944098 0.254007399 -0.0889958665
v -0.361100733 0.2456633 -0.0527439788
v -0.361100733 0.2456633 -0.0889958665
v -0.392944098 0.254007399 -0.0527439788
v -0.375291288 0.225560874 -0.0797483549
v -0.390435159 0.229529127 -0.0797483549
v -0.390435159 0.229529127 -0.0619914867
v -0.375291288 0.225560874 -0.0619914867
v -0.396859735 0.164306253 -0.0674199983
v -0.399204671 0.164920688 -0.066215083
v -0.39819479 0.16877453 -0.0637905002
v -0.394467801 0.167797923 -0.0657055527
v -0.401921719 0.169751137 -0.0657055527
v -0.401549608 0.165535167 -0.0674199909
v -0.39292407 0.167393431 -0.0703288987
v -0.395888388 0.164051741 -0.0703288987
v -0.39964211 0.163251087 -0.0703288913
v -0.40346548 0.17015563 -0.0703288913
v -0.402520806 0.165789664 -0.0703288913
v -0.401549608 0.165535167 -0.0732377917
v -0.401921719 0.169751137 -0.0749522299
v -0.399204671 0.164920688 -0.0744426996
v -0.39819479 0.16877453 -0.0768672824
v -0.394467801 0.167797923 -0.0749522373
v -0.396859735 0.164306253 -0.0732377917
v -0.39292407 0.167393431 -0.0703288987
v -0.395888388 0.164051741 -0.0703288987
v -0.39964211 0.163251087 -0.0703288913
v -0.39964211 0.163251087 -0.0703288913
v -0.39964211 0.163251087 -0.0703288913
v -0.390924126 0.17200233 -0.0703288987
v -0.392685086 0.17246376 -0.0756025463
v -0.376535892 0.226911694 -0.0703288987
v -0.378296882 0.227373123 -0.0756025463
v -0.396936208 0.173577726 -0.0777869597
v -0.382547975 0.228487089 -0.0777869597
v -0.401187479 0.174691677 -0.0756025389
v -0.386799157 0.22960104 -0.0756025389
v -0.388560086 0.230062455 -0.0703288913
v -0.40294832 0.175153092 -0.0703288913
v -0.401187479 0.174691677 -0.0650552437
v -0.386799157 0.22960104 -0.0650552437
v -0.396936208 0.173577726 -0.0628708228
v -0.382547975 0.228487089 -0.0628708228
v -0.392685086 0.17246376 -0.0650552511
v -0.378296882 0.227373123 -0.0650552511
v -0.376535892 0.226911694 -0.0703288987
v -0.390924126 0.17200233 -0.0703288987
v -0.39964211 0.163251087 -0.0703288913
v -0.39964211 0.163251087 -0.0703288913
v -0.39964211 0.163251087 -0.0703288913
v -0.39964211 0.163251087 -0.0703288913
v 0.26346913 0.580229759 -0.0159137975
v 0.280150533 0.518264353 -0.0159137975
v 0.275921196 0.518358648 -0.0199721828
v 0.260609627 0.575253248 -0.0199721828
v 0.277792484 0.511431873 -0.0245941561
v 0.282561004 0.509341717 -0.0218676105
v 0.278643191 0.5082829 -0.0324388072
v 0.283619553 0.505423367 -0.0316286609
v 0.278643191 0.5082829 -0.104164138
v 0.283619553 0.505423367 -0.104975142
v 0.288337409 0.586947978 -0.0159137975
v 0.305018812 0.524982631 -0.0159137975
v 0.308487833 0.512141645 -0.0316286609
v 0.308487833 0.512141645 -0.104975142
v 0.307429284 0.516059995 -0.0218676105
v 0.260609627 0.575253248 -0.116631612
v 0.275920689 0.518360436 -0.116631612
v 0.280150533 0.518264353 -0.120690003
v 0.26346913 0.580229759 -0.120690003
v 0.282561004 0.509341717 -0.114724822
v 0.277792484 0.511431873 -0.111999564
v 0.283619553 0.505423367 -0.104975142
v 0.278643191 0.5082829 -0.104164138
v 0.305018812 0.524982631 -0.120690003
v 0.288337409 0.586947978 -0.120690003
v 0.307429284 0.516059995 -0.114724822
v 0.308487833 0.512141645 -0.104975142
v 0.293313801 0.584088326 -0.0199721828
v 0.30862534 0.527193785 -0.0199721828
v 0.305018812 0.524982631 -0.0159137975
v 0.288337409 0.586947978 -0.0159137975
v 0.307429284 0.516059995 -0.0218676105
v 0.310496628 0.52026695 -0.0245941561
v 0.308487833 0.512141645 -0.0316286609
v 0.311347336 0.517117977 -0.0324388072
v 0.308487833 0.512141645 -0.104975142
v 0.311347336 0.517117977 -0.104164138
v 0.307429284 0.516059995 -0.114724822
v 0.310496628 0.52026695 -0.111999564
v 0.305018812 0.524982631 -0.120690003
v 0.308624834 0.527195573 -0.116631612
v 0.288337409 0.586947978 -0.120690003
v 0.293313801 0.584088326 -0.116631612
v 0.277792484 0.511431873 -0.0245941561
v 0.278643191 0.5082829 -0.0324388072
v 0.278643191 0.5082829 -0.104164138
v 0.277792484 0.511431873 -0.111999564
v 0.275920689 0.518360436 -0.116631612
v 0.275921196 0.518358648 -0.0199721828
v 0.260609627 0.575253248 -0.0199721828
v 0.260609627 0.575253248 -0.116631612
v 0.3279185 0.479298353 -0.113155954
v 0.323286891 0.496973723 -0.122531265
v 0.32573989 0.487612605 -0.138510317
v 0.329947054 0.471556753 -0.126363739
v 0.319658071 0.48771891 -0.139712676
v 0.31716308 0.497240603 -0.123459361
v 0.306292146 0.48421663 -0.139712572
v 0.303797156 0.493738234 -0.12345928
v 0.315336555 0.504211068 -0.105877161
v 0.301970661 0.500708759 -0.105877057
v 0.314394176 0.507807553 -0.0902362987
v 0.301028252 0.504305184 -0.0902361497
v 0.320564836 0.507361948 -0.0867924839
v 0.321491241 0.503826559 -0.105245695
v 0.325667292 0.487889558 -0.0861572325
v 0.32643345 0.484965622 -0.098867245
v 0.325223446 0.489583343 -0.0684465989
v 0.320028156 0.509410024 -0.0684466958
v 0.325667292 0.487889558 -0.0507359691
v 0.320564836 0.507361948 -0.0501009077
v 0.32643345 0.484965622 -0.0380259566
v 0.321491241 0.503826559 -0.0316476971
v 0.3279185 0.479298353 -0.0237372685
v 0.323286891 0.496973723 -0.0143621061
v 0.315336555 0.504211068 -0.0310162269
v 0.31716308 0.497240603 -0.0134339994
v 0.301970661 0.500708759 -0.0310161225
v 0.303797156 0.493738234 -0.013433923
v 0.301028252 0.504305005 -0.0466569997
v 0.314394176 0.507807553 -0.0466571227
v 0.319658071 0.487718999 0.00281928061
v 0.306292117 0.484216571 0.00281938072
v 0.322761297 0.475876063 0.0173510499
v 0.309395403 0.472373635 0.017351117
v 0.328790814 0.475969404 0.0159034673
v 0.32573989 0.487612605 0.00161694048
v 0.332470059 0.461928248 0.00127798552
v 0.329947054 0.471556753 -0.0105294893
v 0.326397896 0.461997986 0.0298102126
v 0.313031971 0.458495557 0.0298102796
v 0.330479831 0.446419984 0.0398958325
v 0.317113996 0.442917407 0.0398958921
v 0.3363792 0.4470101 0.0380676873
v 0.33236599 0.462325364 0.0281523559
v 0.338745058 0.437981188 0.0195910297
v 0.335426599 0.450645447 0.011399731
v 0.334908664 0.429518372 0.0473642573
v 0.321542859 0.426015794 0.0473643057
v 0.339577377 0.411701351 0.0520350859
v 0.326211512 0.408198923 0.0520351082
v 0.345323294 0.412877023 0.0500017777
v 0.34073329 0.430393517 0.0454099588
v 0.346140236 0.409759194 0.0294415317
v 0.342345268 0.424241781 0.0256538242
v 0.332470059 0.461928308 -0.138171226
v 0.328790814 0.475969315 -0.152796835
v 0.332366049 0.462325186 -0.165045708
v 0.335426539 0.450645506 -0.148292989
v 0.326397896 0.461997986 -0.166703582
v 0.322761327 0.475876004 -0.154244423
v 0.313032001 0.458495617 -0.166703507
v 0.309395403 0.472373724 -0.154244348
v 0.317113936 0.442917615 -0.17678912
v 0.33047992 0.446419775 -0.176789179
v 0.32154277 0.426016003 -0.184257567
v 0.334908754 0.429518163 -0.184257597
v 0.33637917 0.44701004 -0.174961045
v 0.34073332 0.430393428 -0.182303295
v 0.338745028 0.437981337 -0.156484291
v 0.342345238 0.424241871 -0.162547082
v 0.326211452 0.408198982 -0.188928366
v 0.339577407 0.411701262 -0.18892841
v 0.345323265 0.412876964 -0.186895087
v 0.346140206 0.409759372 -0.166334823
v 0.302072257 0.554831326 -0.0472476743
v 0.288706303 0.551328957 -0.0472475514
v 0.288706303 0.551328957 -0.0684499964
v 0.301559746 0.554697037 -0.0684499964
v 0.308882535 0.551318824 -0.0500923991
v 0.308882535 0.551318824 -0.0684499964
v 0.288706303 0.551328957 -0.0896455944
v 0.302072257 0.554831326 -0.0896457434
v 0.308882535 0.551318824 -0.0868009552
v 0.301028252 0.504305005 -0.0466569997
v 0.314394176 0.507807553 -0.0466571227
v 0.320564836 0.507361948 -0.0501009077
v 0.314394176 0.507807553 -0.0902362987
v 0.301028252 0.504305184 -0.0902361497
v 0.320564836 0.507361948 -0.0867924839
v 0.300482512 0.50638783 -0.068446584
v 0.288706303 0.551328957 -0.0684499964
v 0.288706303 0.551328957 -0.0472475514
v 0.301028252 0.504305005 -0.0466569997
v 0.301028252 0.504305184 -0.0902361497
v 0.288706303 0.551328957 -0.0896455944
v 0.306192607 0.48459658 -0.0684465989
v 0.306636423 0.482902735 -0.0507359691
v 0.301970661 0.500708759 -0.0310161225
v 0.307402611 0.479978859 -0.0380259603
v 0.303797156 0.493738234 -0.013433923
v 0.308887601 0.47431159 -0.0237372685
v 0.306636423 0.482902735 -0.0861572325
v 0.307402611 0.479978859 -0.098867245
v 0.301970661 0.500708759 -0.105877057
v 0.306292117 0.484216571 0.00281938072
v 0.310916185 0.46656999 -0.0105294893
v 0.309395403 0.472373635 0.017351117
v 0.31343919 0.456941485 0.00127798552
v 0.308887601 0.47431159 -0.113155954
v 0.303797156 0.493738234 -0.12345928
v 0.310916185 0.46656999 -0.12636371
v 0.306292146 0.48421663 -0.139712572
v 0.313439161 0.456941515 -0.138171226
v 0.309395403 0.472373724 -0.154244348
v 0.3163957 0.445658714 -0.148292989
v 0.313032001 0.458495617 -0.166703507
v 0.319714129 0.432994515 -0.156484291
v 0.317113936 0.442917615 -0.17678912
v 0.323314369 0.419255048 -0.162547082
v 0.32154277 0.426016003 -0.184257567
v 0.327109277 0.40477255 -0.166334823
v 0.326211452 0.408198982 -0.188928366
v 0.313031971 0.458495557 0.0298102796
v 0.31639567 0.445658624 0.011399731
v 0.317113996 0.442917407 0.0398958921
v 0.319714189 0.432994425 0.0195910409
v 0.321542859 0.426015794 0.0473643057
v 0.323314399 0.419255018 0.0256538335
v 0.326211512 0.408198923 0.0520351082
v 0.327109367 0.404772401 0.0294415317
v 0.308882535 0.551318824 -0.0500923991
v 0.308882535 0.551318824 -0.0684499964
v 0.308882535 0.551318824 -0.0868009552
v 0.329947054 0.471556753 -0.126363739
v 0.310916185 0.46656999 -0.12636371
v 0.308887601 0.47431159 -0.113155954
v 0.3279185 0.479298353 -0.113155954
v 0.307402611 0.479978859 -0.098867245
v 0.32643345 0.484965622 -0.098867245
v 0.306636423 0.482902735 -0.0861572325
v 0.325667292 0.487889558 -0.0861572325
v 0.306192607 0.48459658 -0.0684465989
v 0.325223446 0.489583343 -0.0684465989
v 0.306636423 0.482902735 -0.0507359691
v 0.325667292 0.487889558 -0.0507359691
v 0.307402611 0.479978859 -0.0380259603
v 0.32643345 0.484965622 -0.0380259566
v 0.308887601 0.47431159 -0.0237372685
v 0.3279185 0.479298353 -0.0237372685
v 0.310916185 0.46656999 -0.0105294893
v 0.329947054 0.471556753 -0.0105294893
v 0.31343919 0.456941485 0.00127798552
v 0.332470059 0.461928248 0.00127798552
v 0.31639567 0.445658624 0.011399731
v 0.335426599 0.450645447 0.011399731
v 0.319714189 0.432994425 0.0195910409
v 0.338745058 0.437981188 0.0195910297
v 0.323314399 0.419255018 0.0256538335
v 0.342345268 0.424241781 0.0256538242
v 0.327109367 0.404772401 0.0294415317
v 0.346140236 0.409759194 0.0294415317
v 0.335426539 0.450645506 -0.148292989
v 0.3163957 0.445658714 -0.148292989
v 0.313439161 0.456941515 -0.138171226
v 0.332470059 0.461928308 -0.138171226
v 0.338745028 0.437981337 -0.156484291
v 0.319714129 0.432994515 -0.156484291
v 0.342345238 0.424241871 -0.162547082
v 0.323314369 0.419255048 -0.162547082
v 0.346140206 0.409759372 -0.166334823
v 0.327109277 0.40477255 -0.166334823
v 0.353920966 0.462667078 -0.0894316807
v 0.352260798 0.468670905 -0.091455467
v 0.354941636 0.458440304 -0.112212017
v 0.356366009 0.453336298 -0.108362518
v 0.359117031 0.442505777 -0.128684506
v 0.360174119 0.438803345 -0.12338616
v 0.364378363 0.422427177 -0.13926056
v 0.364972681 0.420490801 -0.133031964
v 0.370210558 0.40016973 -0.142904758
v 0.370291919 0.400191069 -0.136355609
v 0.376042813 0.377912372 -0.139260486
v 0.375611186 0.379891396 -0.133031875
v 0.381304085 0.357833654 -0.128684506
v 0.380409688 0.361578733 -0.12338613
v 0.38547954 0.341899186 -0.11221198
v 0.384217858 0.347045809 -0.108362481
v 0.388160318 0.331668496 -0.0914554596
v 0.386662871 0.33771503 -0.0894316584
v 0.389084131 0.328143299 -0.0684466213
v 0.387505412 0.334499896 -0.0684466287
v 0.388160318 0.331668496 -0.0454378128
v 0.386662871 0.33771503 -0.047461614
v 0.38547954 0.341899127 -0.0246812776
v 0.384217858 0.347045809 -0.0285307765
v 0.381304085 0.357833743 -0.00820877217
v 0.380409688 0.361578822 -0.0135071371
v 0.376042813 0.377912372 0.00236722059
v 0.375611186 0.379891396 -0.00386138842
v 0.370210558 0.40016973 0.00601147162
v 0.370291919 0.400191069 -0.000537669286
v 0.364378363 0.422427177 0.00236724247
v 0.364972681 0.420490801 -0.00386136887
v 0.359117031 0.442505747 -0.00820879359
v 0.360174179 0.438803285 -0.0135071669
v 0.354941666 0.458440185 -0.0246812869
v 0.356366038 0.453336209 -0.0285307635
v 0.352260798 0.468670905 -0.0454378165
v 0.353920966 0.462667078 -0.0474615991
v 0.351337165 0.472196102 -0.0684466287
v 0.353078574 0.465882182 -0.0684466287
v 0.361055046 0.45300445 -0.107265748
v 0.3746503 0.401333123 -0.0684466287
v 0.358677208 0.46207884 -0.0888550729
v 0.364758551 0.438870847 -0.121876597
v 0.369425267 0.421061426 -0.131257355
v 0.374598354 0.401319504 -0.134489685
v 0.379771441 0.381577611 -0.131257266
v 0.384438127 0.363768101 -0.12187656
v 0.388141662 0.349634558 -0.107265718
v 0.39051947 0.340560138 -0.088855058
v 0.391338825 0.337433308 -0.0684466287
v 0.39051947 0.340560138 -0.0480382107
v 0.388141662 0.349634558 -0.0296275392
v 0.384438127 0.36376819 -0.0150167011
v 0.379771441 0.381577611 -0.00563598657
v 0.374598354 0.401319504 -0.00240359758
v 0.369425267 0.421061426 -0.00563597307
v 0.364758611 0.438870788 -0.0150167327
v 0.361055106 0.45300442 -0.0296275318
v 0.358677208 0.46207884 -0.0480382107
v 0.357857972 0.46520561 -0.0684466287
v 0.358486593 0.397099346 0.0270276964
v 0.319535851 0.386891156 0.0270276964
v 0.312057495 0.415430784 0.022354845
v 0.351008207 0.425639004 0.022354845
v 0.365965009 0.368559718 0.0223548654
v 0.327014297 0.358351499 0.0223548543
v 0.37271136 0.3428137 0.00879373495
v 0.333760679 0.332605511 0.00879372563
v 0.378065318 0.322381556 -0.0123282243
v 0.339114636 0.312173367 -0.0123282243
v 0.381502777 0.309263319 -0.038943436
v 0.342552125 0.299055159 -0.038943436
v 0.3826873 0.304743111 -0.0684466287
v 0.343736559 0.294534892 -0.0684466287
v 0.305311114 0.441176772 0.00879372098
v 0.344261825 0.451384962 0.00879372098
v 0.299957186 0.461608946 -0.0123282289
v 0.338907897 0.471817106 -0.0123282289
v 0.296519727 0.474727154 -0.0389434434
v 0.335470468 0.484935343 -0.0389434434
v 0.295335233 0.479247391 -0.0684466287
v 0.334286004 0.489455551 -0.0684466287
v 0.296519697 0.474727243 -0.0979498401
v 0.335470468 0.484935433 -0.0979498401
v 0.299957186 0.461608946 -0.124565065
v 0.338907897 0.471817106 -0.124565065
v 0.305311114 0.441176772 -0.145687029
v 0.344261825 0.451384962 -0.145687029
v 0.312057495 0.415430784 -0.159248158
v 0.351008207 0.425639004 -0.159248158
v 0.319535851 0.386891156 -0.163920984
v 0.358486593 0.397099346 -0.163920984
v 0.327014297 0.358351499 -0.159248143
v 0.365965009 0.368559718 -0.159248143
v 0.333760679 0.332605511 -0.145686999
v 0.37271136 0.342813671 -0.145686999
v 0.339114636 0.312173367 -0.124565043
v 0.378065318 0.322381556 -0.124565043
v 0.342552125 0.299055159 -0.0979498252
v 0.381502777 0.309263319 -0.0979498252
v 0.343736559 0.294534892 -0.0684466287
v 0.3826873 0.304743111 -0.0684466287
v 0.350975901 0.473629951 -0.0132754128
v 0.338907897 0.471817106 -0.0123282289
v 0.335470468 0.484935343 -0.0389434434
v 0.347596467 0.486526757 -0.0394414105
v 0.356239468 0.45354265 0.00749002444
v 0.344261825 0.451384962 0.00879372098
v 0.362872005 0.428231239 0.0208222624
v 0.351008207 0.425639004 0.022354845
v 0.370224178 0.400173336 0.0254162457
v 0.358486593 0.397099346 0.0270276964
v 0.377576292 0.372115403 0.0208222717
v 0.365965009 0.368559718 0.0223548654
v 0.384208828 0.346803874 0.00749003887
v 0.37271136 0.3428137 0.00879373495
v 0.389472395 0.326716602 -0.0132754128
v 0.378065318 0.322381556 -0.0123282243
v 0.39285183 0.313819766 -0.0394414067
v 0.381502777 0.309263319 -0.038943436
v 0.394016325 0.309375852 -0.0684466287
v 0.3826873 0.304743111 -0.0684466287
v 0.39285183 0.313819766 -0.0974518582
v 0.381502777 0.309263319 -0.0979498252
v 0.389472395 0.326716602 -0.123617858
v 0.378065318 0.322381556 -0.124565043
v 0.384208828 0.346803874 -0.144383311
v 0.37271136 0.342813671 -0.145686999
v 0.377576292 0.372115403 -0.157715544
v 0.365965009 0.368559718 -0.159248143
v 0.370224178 0.400173336 -0.162309527
v 0.358486593 0.397099346 -0.163920984
v 0.362872005 0.428231239 -0.157715559
v 0.351008207 0.425639004 -0.159248158
v 0.356239468 0.453542769 -0.144383326
v 0.344261825 0.451384962 -0.145687029
v 0.350975871 0.473629981 -0.123617873
v 0.338907897 0.471817106 -0.124565065
v 0.347596437 0.486526817 -0.0974518657
v 0.335470468 0.484935433 -0.0979498401
v 0.346432 0.490970671 -0.0684466287
v 0.334286004 0.489455551 -0.0684466287
v 0.37434265 0.401252508 -0.156994104
v 0.381278574 0.374783456 -0.152660295
v 0.387535393 0.350905329 -0.14008306
v 0.392500937 0.331955642 -0.120493531
v 0.395688951 0.319789141 -0.0958093032
v 0.396787554 0.315596879 -0.0684466287
v 0.395688951 0.319789141 -0.041083958
v 0.392500937 0.331955642 -0.0163997393
v 0.387535393 0.350905418 0.00318976934
v 0.381278574 0.374783456 0.0157670099
v 0.37434265 0.401252508 0.0201008264
v 0.367406875 0.42772156 0.0157670006
v 0.361149967 0.451599568 0.00318976399
v 0.356184453 0.470549315 -0.0163997393
v 0.352996409 0.482715815 -0.0410839655
v 0.351897866 0.486908019 -0.0684466287
v 0.352996409 0.482715815 -0.0958093181
v 0.356184453 0.470549375 -0.120493554
v 0.361149967 0.451599568 -0.14008306
v 0.367406875 0.42772156 -0.152660295
v 0.368567646 0.424002528 -0.140682459
v 0.374516964 0.401298165 -0.144399837
v 0.380466342 0.378593862 -0.140682369
v 0.385833263 0.358112007 -0.129894033
v 0.390092582 0.341857612 -0.113090761
v 0.392827183 0.331421494 -0.0919174626
v 0.393769532 0.327825487 -0.0684466287
v 0.392827183 0.331421494 -0.044975806
v 0.390092582 0.341857553 -0.0238024965
v 0.385833263 0.358112097 -0.00699923187
v 0.380466342 0.378593862 0.00378912012
v 0.374516964 0.401298165 0.00750654144
v 0.368567646 0.424002528 0.00378913688
v 0.363200724 0.444484293 -0.00699925609
v 0.358941495 0.460738719 -0.0238025114
v 0.356206805 0.471174806 -0.0449758172
v 0.355264574 0.474770755 -0.0684466287
v 0.356206805 0.471174806 -0.0919174626
v 0.358941466 0.460738778 -0.113090791
v 0.363200724 0.444484293 -0.129894048
v 0.358677208 0.46207884 -0.0888550729
v 0.353920966 0.462667078 -0.0894316807
v 0.356366009 0.453336298 -0.108362518
v 0.361055046 0.45300445 -0.107265748
v 0.360174119 0.438803345 -0.12338616
v 0.364758551 0.438870847 -0.121876597
v 0.364972681 0.420490801 -0.133031964
v 0.369425267 0.421061426 -0.131257355
v 0.370291919 0.400191069 -0.136355609
v 0.374598354 0.401319504 -0.134489685
v 0.375611186 0.379891396 -0.133031875
v 0.379771441 0.381577611 -0.131257266
v 0.380409688 0.361578733 -0.12338613
v 0.384438127 0.363768101 -0.12187656
v 0.384217858 0.347045809 -0.108362481
v 0.388141662 0.349634558 -0.107265718
v 0.386662871 0.33771503 -0.0894316584
v 0.39051947 0.340560138 -0.088855058
v 0.387505412 0.334499896 -0.0684466287
v 0.391338825 0.337433308 -0.0684466287
v 0.386662871 0.33771503 -0.047461614
v 0.39051947 0.340560138 -0.0480382107
v 0.384217858 0.347045809 -0.0285307765
v 0.388141662 0.349634558 -0.0296275392
v 0.380409688 0.361578822 -0.0135071371
v 0.384438127 0.36376819 -0.0150167011
v 0.375611186 0.379891396 -0.00386138842
v 0.379771441 0.381577611 -0.00563598657
v 0.370291919 0.400191069 -0.000537669286
v 0.374598354 0.401319504 -0.00240359758
v 0.364972681 0.420490801 -0.00386136887
v 0.369425267 0.421061426 -0.00563597307
v 0.360174179 0.438803285 -0.0135071669
v 0.364758611 0.438870788 -0.0150167327
v 0.356366038 0.453336209 -0.0285307635
v 0.361055106 0.45300442 -0.0296275318
v 0.353920966 0.462667078 -0.0474615991
v 0.358677208 0.46207884 -0.0480382107
v 0.353078574 0.465882182 -0.0684466287
v 0.357857972 0.46520561 -0.0684466287
v 0.358941466 0.460738778 -0.113090791
v 0.354941636 0.458440304 -0.112212017
v 0.352260798 0.468670905 -0.091455467
v 0.356206805 0.471174806 -0.0919174626
v 0.363200724 0.444484293 -0.129894048
v 0.359117031 0.442505777 -0.128684506
v 0.368567646 0.424002528 -0.140682459
v 0.364378363 0.422427177 -0.13926056
v 0.374516964 0.401298165 -0.144399837
v 0.370210558 0.40016973 -0.142904758
v 0.380466342 0.378593862 -0.140682369
v 0.376042813 0.377912372 -0.139260486
v 0.385833263 0.358112007 -0.129894033
v 0.381304085 0.357833654 -0.128684506
v 0.390092582 0.341857612 -0.113090761
v 0.38547954 0.341899186 -0.11221198
v 0.392827183 0.331421494 -0.0919174626
v 0.388160318 0.331668496 -0.0914554596
v 0.393769532 0.327825487 -0.0684466287
v 0.389084131 0.328143299 -0.0684466213
v 0.392827183 0.331421494 -0.044975806
v 0.388160318 0.331668496 -0.0454378128
v 0.390092582 0.341857553 -0.0238024965
v 0.38547954 0.341899127 -0.0246812776
v 0.385833263 0.358112097 -0.00699923187
v 0.381304085 0.357833743 -0.00820877217
v 0.380466342 0.378593862 0.00378912012
v 0.376042813 0.377912372 0.00236722059
v 0.374516964 0.401298165 0.00750654144
v 0.370210558 0.40016973 0.00601147162
v 0.368567646 0.424002528 0.00378913688
v 0.364378363 0.422427177 0.00236724247
v 0.363200724 0.444484293 -0.00699925609
v 0.359117031 0.442505747 -0.00820879359
v 0.358941495 0.460738719 -0.0238025114
v 0.354941666 0.458440185 -0.0246812869
v 0.356206805 0.471174806 -0.0449758172
v 0.352260798 0.468670905 -0.0454378165
v 0.355264574 0.474770755 -0.0684466287
v 0.351337165 0.472196102 -0.0684466287
v 0.34946081 0.412873149 0.00783018582
v 0.34946081 0.412873149 0.0741919354
v 0.342026711 0.417220056 0.0741919354
v 0.342026711 0.417220056 0.00783018582
v 0.333415031 0.41726774 0.0741919354
v 0.333415031 0.41726774 0.00783018582
v 0.325933367 0.413003027 0.0741919354
v 0.325933367 0.413003027 0.00783018582
v 0.32158637 0.405569077 0.0741919354
v 0.32158637 0.405569077 0.00783018582
v 0.321538717 0.396957397 0.0741919354
v 0.321538717 0.396957397 0.00783018582
v 0.325803399 0.389475703 0.0741919354
v 0.325803399 0.389475703 0.00783018582
v 0.333237439 0.385128707 0.0741919354
v 0.333237439 0.385128707 0.00783018582
v 0.341849059 0.385080934 0.0741919354
v 0.341849059 0.385080934 0.00783018582
v 0.341849059 0.385080934 0.00783018582
v 0.341849059 0.385080934 0.0741919354
v 0.349330783 0.389345765 0.0741919354
v 0.349330783 0.389345765 0.00783018582
v 0.353677809 0.396779805 0.0741919354
v 0.353677809 0.396779805 0.00783018582
v 0.353725433 0.405391455 0.0741919354
v 0.353725433 0.405391455 0.00783018582
v 0.348218948 0.411644965 0.0700958222
v 0.33763206 0.401174426 0.0700958222
v 0.341565341 0.41553551 0.0700958222
v 0.333857745 0.415578157 0.0700958222
v 0.327161551 0.411761165 0.0700958222
v 0.323270857 0.405107677 0.0700958222
v 0.32322827 0.397400111 0.0700958222
v 0.327045202 0.390703797 0.0700958222
v 0.33369875 0.386813194 0.0700958222
v 0.341406405 0.386770517 0.0700958222
v 0.348102629 0.390587538 0.0700958222
v 0.351993293 0.397241056 0.0700958222
v 0.35203585 0.404948711 0.0700958222
v 0.34946081 0.412873149 0.0741919354
v 0.348218948 0.411644965 0.0741919354
v 0.341565341 0.41553551 0.0741919354
v 0.342026711 0.417220056 0.0741919354
v 0.333857745 0.415578157 0.0741919354
v 0.333415031 0.41726774 0.0741919354
v 0.327161551 0.411761165 0.0741919354
v 0.325933367 0.413003027 0.0741919354
v 0.323270857 0.405107677 0.0741919354
v 0.32158637 0.405569077 0.0741919354
v 0.32322827 0.397400111 0.0741919354
v 0.321538717 0.396957397 0.0741919354
v 0.327045202 0.390703797 0.0741919354
v 0.325803399 0.389475703 0.0741919354
v 0.33369875 0.386813194 0.0741919354
v 0.333237439 0.385128707 0.0741919354
v 0.341406405 0.386770517 0.0741919354
v 0.341849059 0.385080934 0.0741919354
v 0.341849059 0.385080934 0.0741919354
v 0.341406405 0.386770517 0.0741919354
v 0.348102629 0.390587538 0.0741919354
v 0.349330783 0.389345765 0.0741919354
v 0.351993293 0.397241056 0.0741919354
v 0.353677809 0.396779805 0.0741919354
v 0.35203585 0.404948711 0.0741919354
v 0.353725433 0.405391455 0.0741919354
v 0.348218948 0.411644965 0.0741919354
v 0.348218948 0.411644965 0.0700958222
v 0.341565341 0.41553551 0.0700958222
v 0.341565341 0.41553551 0.0741919354
v 0.333857745 0.415578157 0.0700958222
v 0.333857745 0.415578157 0.0741919354
v 0.327161551 0.411761165 0.0700958222
v 0.327161551 0.411761165 0.0741919354
v 0.323270857 0.405107677 0.0700958222
v 0.323270857 0.405107677 0.0741919354
v 0.32322827 0.397400111 0.0700958222
v 0.32322827 0.397400111 0.0741919354
v 0.327045202 0.390703797 0.0700958222
v 0.327045202 0.390703797 0.0741919354
v 0.33369875 0.386813194 0.0700958222
v 0.33369875 0.386813194 0.0741919354
v 0.341406405 0.386770517 0.0700958222
v 0.341406405 0.386770517 0.0741919354
v 0.341406405 0.386770517 0.0741919354
v 0.341406405 0.386770517 0.0700958222
v 0.348102629 0.390587538 0.0700958222
v 0.348102629 0.390587538 0.0741919354
v 0.351993293 0.397241056 0.0700958222
v 0.351993293 0.397241056 0.0741919354
v 0.35203585 0.404948711 0.0700958222
v 0.35203585 0.404948711 0.0741919354
v 0.293062896 0.504409254 -0.107563846
v 0.252044082 0.493660837 -0.107563846
v 0.256601661 0.476267844 -0.142851993
v 0.297620505 0.487016261 -0.142851993
v 0.263700247 0.449177623 -0.170856833
v 0.304719061 0.459925979 -0.170856833
v 0.272644997 0.415041953 -0.188837051
v 0.31366384 0.42579031 -0.188837051
v 0.282560349 0.377202213 -0.195032597
v 0.323579222 0.387950659 -0.195032597
v 0.2924757 0.339362562 -0.188837022
v 0.333494484 0.350110918 -0.188837022
v 0.30142054 0.305226862 -0.170856819
v 0.342439353 0.315975249 -0.170856819
v 0.308519155 0.2781367 -0.142851979
v 0.349537969 0.288885087 -0.142851979
v 0.313076764 0.260743648 -0.107563838
v 0.354095608 0.271492064 -0.107563838
v 0.314647198 0.25475046 -0.0684466287
v 0.355666012 0.265498877 -0.0684466287
v 0.355666012 0.265498877 -0.0684466287
v 0.314647198 0.25475046 -0.0684466287
v 0.313076764 0.260743648 -0.0293294284
v 0.354095608 0.271492064 -0.0293294284
v 0.308519155 0.2781367 0.0059587094
v 0.349537969 0.288885087 0.0059587094
v 0.30142054 0.305226922 0.0339635313
v 0.342439294 0.315975308 0.0339635313
v 0.2924757 0.339362562 0.0519437343
v 0.333494484 0.350110918 0.0519437343
v 0.282560349 0.377202213 0.0581392907
v 0.323579222 0.387950659 0.0581392907
v 0.272644997 0.415041953 0.0519437268
v 0.31366384 0.42579031 0.0519437268
v 0.263700247 0.449177533 0.0339635238
v 0.30471909 0.45992595 0.0339635238
v 0.256601661 0.476267755 0.00595870009
v 0.297620475 0.487016171 0.00595870009
v 0.252044111 0.493660778 -0.0293294359
v 0.293062925 0.504409194 -0.0293294359
v 0.250473678 0.499654025 -0.0684466287
v 0.291492462 0.510402441 -0.0684466287
v 0.297620505 0.487016261 -0.142851993
v 0.323579222 0.387950659 -0.0684466287
v 0.293062896 0.504409254 -0.107563846
v 0.304719061 0.459925979 -0.170856833
v 0.31366384 0.42579031 -0.188837051
v 0.323579222 0.387950659 -0.195032597
v 0.291492462 0.510402441 -0.0684466287
v 0.333494484 0.350110918 -0.188837022
v 0.323579222 0.387950659 -0.0684466287
v 0.323579222 0.387950659 -0.195032597
v 0.342439353 0.315975249 -0.170856819
v 0.349537969 0.288885087 -0.142851979
v 0.354095608 0.271492064 -0.107563838
v 0.355666012 0.265498877 -0.0684466287
v 0.354095608 0.271492064 -0.0293294284
v 0.323579222 0.387950659 -0.0684466287
v 0.355666012 0.265498877 -0.0684466287
v 0.349537969 0.288885087 0.0059587094
v 0.342439294 0.315975308 0.0339635313
v 0.333494484 0.350110918 0.0519437343
v 0.323579222 0.387950659 0.0581392907
v 0.31366384 0.42579031 0.0519437268
v 0.323579222 0.387950659 -0.0684466287
v 0.323579222 0.387950659 0.0581392907
v 0.30471909 0.45992595 0.0339635238
v 0.297620475 0.487016171 0.00595870009
v 0.293062925 0.504409194 -0.0293294359
v 0.291492462 0.510402441 -0.0684466287
v 0.253618956 0.501363158 -0.109855019
v 0.220145836 0.492591947 -0.109855019
v 0.224970371 0.474180222 -0.147210076
v 0.258443475 0.482951373 -0.147210076
v 0.232484743 0.445503235 -0.176855192
v 0.265957892 0.454274386 -0.176855192
v 0.241953418 0.409368157 -0.195888549
v 0.275426567 0.418139338 -0.195888549
v 0.252449542 0.369312137 -0.202446997
v 0.285922647 0.378083259 -0.202446997
v 0.262945622 0.329256117 -0.195888534
v 0.296418756 0.338027269 -0.195888534
v 0.272414356 0.29312104 -0.176855177
v 0.305887491 0.301892191 -0.176855177
v 0.279928803 0.264444083 -0.147210047
v 0.313401908 0.273215234 -0.147210047
v 0.284753323 0.246032372 -0.109855004
v 0.318226397 0.254803509 -0.109855004
v 0.286415756 0.239688098 -0.0684466287
v 0.31988886 0.248459265 -0.0684466287
v 0.284753323 0.246032372 -0.0270382538
v 0.318226397 0.254803509 -0.0270382538
v 0.279928803 0.264444083 0.010316777
v 0.313401908 0.273215234 0.010316777
v 0.272414356 0.29312104 0.0399618968
v 0.305887491 0.301892191 0.0399618968
v 0.262945622 0.329256117 0.0589952394
v 0.296418756 0.338027269 0.0589952394
v 0.252449542 0.369312137 0.0655536801
v 0.285922647 0.378083259 0.0655536801
v 0.241953418 0.409368157 0.058995232
v 0.275426567 0.418139338 0.058995232
v 0.232484743 0.445503235 0.0399618857
v 0.265957892 0.454274386 0.0399618857
v 0.2249704 0.474180132 0.0103167724
v 0.258443505 0.482951313 0.0103167724
v 0.220145851 0.492591918 -0.0270382632
v 0.253618985 0.501363039 -0.0270382632
v 0.218483463 0.498936146 -0.0684466287
v 0.251956552 0.507707298 -0.0684466287
v 0.226059616 0.441688001 0.0371238552
v 0.235280395 0.406498939 0.0556589179
v 0.245501742 0.367491573 0.0620456748
v 0.214043707 0.487544 -0.108770989
v 0.218741924 0.469614238 -0.145148128
v 0.226059586 0.441688061 -0.174017176
v 0.235280395 0.406498939 -0.192552239
v 0.245501742 0.367491573 -0.198938981
v 0.255723059 0.328484178 -0.192552224
v 0.264943898 0.293295085 -0.174017146
v 0.27226162 0.265368849 -0.145148084
v 0.276959836 0.247439131 -0.108770981
v 0.278578758 0.241260961 -0.0684466287
v 0.276959836 0.247439131 -0.0281222854
v 0.27226162 0.265368849 0.00825482793
v 0.264943898 0.293295085 0.0371238664
v 0.255723059 0.328484178 0.0556589365
v 0.238553926 0.365671009 0.0540867187
v 0.228955925 0.402299255 0.0480894968
v 0.238553926 0.365671009 -0.0684466287
v 0.248151779 0.329042703 0.0480895191
v 0.256810248 0.295999855 0.0306849331
v 0.26368168 0.269776911 0.00357667427
v 0.268093288 0.252940714 -0.0305817407
v 0.269613475 0.247139394 -0.0684466287
v 0.268093288 0.252940714 -0.106311522
v 0.26368168 0.269776911 -0.140469924
v 0.256810248 0.295999855 -0.16757822
v 0.248151779 0.329042703 -0.184982806
v 0.238553926 0.365671009 -0.190980032
v 0.228955925 0.402299255 -0.184982836
v 0.22029756 0.435342103 -0.167578235
v 0.213426217 0.461565077 -0.140469968
v 0.20901455 0.478401244 -0.106311537
v 0.22029756 0.435342103 0.0306849238
v 0.213426247 0.461565018 0.00357666006
v 0.212424815 0.493722141 -0.0684466287
v 0.214043707 0.487543941 -0.0281222966
v 0.218741953 0.469614178 0.00825481396
v 0.207494393 0.484202534 -0.0684466287
v 0.209014565 0.478401184 -0.0305817481
v 0.258443475 0.482951373 -0.147210076
v 0.285922647 0.378083259 -0.0684466287
v 0.253618956 0.501363158 -0.109855019
v 0.265957892 0.454274386 -0.176855192
v 0.275426567 0.418139338 -0.195888549
v 0.285922647 0.378083259 -0.202446997
v 0.251956552 0.507707298 -0.0684466287
v 0.296418756 0.338027269 -0.195888534
v 0.285922647 0.378083259 -0.0684466287
v 0.285922647 0.378083259 -0.202446997
v 0.305887491 0.301892191 -0.176855177
v 0.313401908 0.273215234 -0.147210047
v 0.318226397 0.254803509 -0.109855004
v 0.31988886 0.248459265 -0.0684466287
v 0.318226397 0.254803509 -0.0270382538
v 0.285922647 0.378083259 -0.0684466287
v 0.31988886 0.248459265 -0.0684466287
v 0.313401908 0.273215234 0.010316777
v 0.305887491 0.301892191 0.0399618968
v 0.296418756 0.338027269 0.0589952394
v 0.285922647 0.378083259 0.0655536801
v 0.275426567 0.418139338 0.058995232
v 0.285922647 0.378083259 -0.0684466287
v 0.285922647 0.378083259 0.0655536801
v 0.265957892 0.454274386 0.0399618857
v 0.258443505 0.482951313 0.0103167724
v 0.253618985 0.501363039 -0.0270382632
v 0.251956552 0.507707298 -0.0684466287
v 0.32158637 0.405569077 -0.14529644
v 0.32158637 0.405569077 -0.21165821
v 0.325933486 0.413003087 -0.21165821
v 0.325933486 0.413003087 -0.14529644
v 0.333415151 0.41726774 -0.21165821
v 0.333415151 0.41726774 -0.14529644
v 0.34202683 0.417220056 -0.21165821
v 0.34202683 0.417220056 -0.14529644
v 0.34946081 0.412873149 -0.21165821
v 0.34946081 0.412873149 -0.14529644
v 0.353725463 0.405391455 -0.21165821
v 0.353725463 0.405391455 -0.14529644
v 0.353677809 0.396779805 -0.21165821
v 0.353677809 0.396779805 -0.14529644
v 0.349330842 0.389345765 -0.21165821
v 0.349330842 0.389345765 -0.14529644
v 0.341849208 0.385080963 -0.21165821
v 0.341849208 0.385080963 -0.14529644
v 0.341849208 0.385080963 -0.14529644
v 0.341849208 0.385080963 -0.21165821
v 0.333237529 0.385128736 -0.21165821
v 0.333237529 0.385128736 -0.14529644
v 0.325803399 0.389475703 -0.21165821
v 0.325803399 0.389475703 -0.14529644
v 0.321538776 0.396957397 -0.21165821
v 0.321538776 0.396957397 -0.14529644
v 0.323270947 0.405107707 -0.207562074
v 0.337632179 0.401174456 -0.207562074
v 0.32716164 0.411761194 -0.207562074
v 0.333857864 0.415578157 -0.207562074
v 0.34156543 0.41553551 -0.207562074
v 0.348219037 0.411645055 -0.207562074
v 0.35203594 0.404948771 -0.207562074
v 0.351993322 0.397241086 -0.207562074
v 0.348102689 0.390587538 -0.207562074
v 0.341406524 0.386770546 -0.207562074
v 0.333698869 0.386813223 -0.207562074
v 0.327045232 0.390703797 -0.207562074
v 0.323228359 0.397400111 -0.207562074
v 0.32158637 0.405569077 -0.21165821
v 0.323270947 0.405107707 -0.21165821
v 0.32716164 0.411761194 -0.21165821
v 0.325933486 0.413003087 -0.21165821
v 0.333857864 0.415578157 -0.21165821
v 0.333415151 0.41726774 -0.21165821
v 0.34156543 0.41553551 -0.21165821
v 0.34202683 0.417220056 -0.21165821
v 0.348219037 0.411645055 -0.21165821
v 0.34946081 0.412873149 -0.21165821
v 0.35203594 0.404948771 -0.21165821
v 0.353725463 0.405391455 -0.21165821
v 0.351993322 0.397241086 -0.21165821
v 0.353677809 0.396779805 -0.21165821
v 0.348102689 0.390587538 -0.21165821
v 0.349330842 0.389345765 -0.21165821
v 0.341406524 0.386770546 -0.21165821
v 0.341849208 0.385080963 -0.21165821
v 0.341849208 0.385080963 -0.21165821
v 0.341406524 0.386770546 -0.21165821
v 0.333698869 0.386813223 -0.21165821
v 0.333237529 0.385128736 -0.21165821
v 0.327045232 0.390703797 -0.21165821
v 0.325803399 0.389475703 -0.21165821
v 0.323228359 0.397400111 -0.21165821
v 0.321538776 0.396957397 -0.21165821
v 0.323270947 0.405107707 -0.21165821
v 0.323270947 0.405107707 -0.207562074
v 0.32716164 0.411761194 -0.207562074
v 0.32716164 0.411761194 -0.21165821
v 0.333857864 0.415578157 -0.207562074
v 0.333857864 0.415578157 -0.21165821
v 0.34156543 0.41553551 -0.207562074
v 0.34156543 0.41553551 -0.21165821
v 0.348219037 0.411645055 -0.207562074
v 0.348219037 0.411645055 -0.21165821
v 0.35203594 0.404948771 -0.207562074
v 0.35203594 0.404948771 -0.21165821
v 0.351993322 0.397241086 -0.207562074
v 0.351993322 0.397241086 -0.21165821
v 0.348102689 0.390587538 -0.207562074
v 0.348102689 0.390587538 -0.21165821
v 0.341406524 0.386770546 -0.207562074
v 0.341406524 0.386770546 -0.21165821
v 0.341406524 0.386770546 -0.21165821
v 0.341406524 0.386770546 -0.207562074
v 0.333698869 0.386813223 -0.207562074
v 0.333698869 0.386813223 -0.21165821
v 0.327045232 0.390703797 -0.207562074
v 0.327045232 0.390703797 -0.21165821
v 0.323228359 0.397400111 -0.207562074
v 0.323228359 0.397400111 -0.21165821
v 0.359665811 0.251139343 -0.0527439788
v 0.344866604 0.307616979 -0.0527439788
v 0.376709938 0.315961093 -0.0527439788
v 0.391509205 0.259483457 -0.0527439788
v 0.376709938 0.315961093 -0.0889958665
v 0.391509205 0.259483457 -0.0889958665
v 0.344866604 0.307616979 -0.0889958665
v 0.359665811 0.251139343 -0.0889958665
v 0.359665811 0.251139343 -0.0889958665
v 0.344866604 0.307616979 -0.0889958665
v 0.360710412 0.251229405 -0.0878578722
v 0.362055272 0.246097133 -0.0878578722
v 0.391899496 0.253917336 -0.0878578722
v 0.390554577 0.259049624 -0.0878578722
v 0.391899496 0.253917336 -0.0538819581
v 0.390554577 0.259049624 -0.0538819581
v 0.362055272 0.246097133 -0.0538819581
v 0.360710412 0.251229405 -0.0538819581
v 0.362055272 0.246097133 -0.0878578722
v 0.360710412 0.251229405 -0.0878578722
v 0.361100733 0.2456633 -0.0889958665
v 0.362055272 0.246097133 -0.0538819581
v 0.361100733 0.2456633 -0.0527439788
v 0.391899496 0.253917336 -0.0538819581
v 0.392944098 0.254007399 -0.0527439788
v 0.391899496 0.253917336 -0.0878578722
v 0.392944098 0.254007399 -0.0889958665
v 0.362055272 0.246097133 -0.0878578722
v 0.361100733 0.2456633 -0.0889958665
v 0.359665811 0.251139343 -0.0527439788
v 0.360710412 0.251229405 -0.0538819581
v 0.359665811 0.251139343 -0.0889958665
v 0.391509205 0.259483457 -0.0527439788
v 0.390554577 0.259049624 -0.0538819581
v 0.391509205 0.259483457 -0.0889958665
v 0.390554577 0.259049624 -0.0878578722
v 0.359665811 0.251139343 -0.0889958665
v 0.360710412 0.251229405 -0.0878578722
v 0.375291288 0.225560874 -0.0619914867
v 0.375291288 0.225560874 -0.0797483549
v 0.365213275 0.229968682 -0.0889958665
v 0.365213275 0.229968682 -0.0527439788
v 0.390435159 0.229529127 -0.0619914867
v 0.39705658 0.238312736 -0.0527439788
v 0.390435159 0.229529127 -0.0797483549
v 0.39705658 0.238312736 -0.0889958665
v 0.375291288 0.225560874 -0.0797483549
v 0.365213275 0.229968682 -0.0889958665
v 0.361100733 0.2456633 -0.0889958665
v 0.392944098 0.254007399 -0.0889958665
v 0.361100733 0.2456633 -0.0527439788
v 0.361100733 0.2456633 -0.0889958665
v 0.392944098 0.254007399 -0.0527439788
v 0.375291288 0.225560874 -0.0797483549
v 0.375291288 0.225560874 -0.0619914867
v 0.390435159 0.229529127 -0.0619914867
v 0.390435159 0.229529127 -0.0797483549
v 0.396859735 0.164306253 -0.0674199983
v 0.394467801 0.167797923 -0.0657055527
v 0.39819479 0.16877453 -0.0637905002
v 0.399204671 0.164920688 -0.066215083
v 0.401921719 0.169751137 -0.0657055527
v 0.401549608 0.165535167 -0.0674199909
v 0.39292407 0.167393431 -0.0703288987
v 0.395888388 0.164051741 -0.0703288987
v 0.39964211 0.163251087 -0.0703288913
v 0.40346548 0.17015563 -0.0703288913
v 0.402520806 0.165789664 -0.0703288913
v 0.401549608 0.165535167 -0.0732377917
v 0.401921719 0.169751137 -0.0749522299
v 0.399204671 0.164920688 -0.0744426996
v 0.39819479 0.16877453 -0.0768672824
v 0.394467801 0.167797923 -0.0749522373
v 0.396859735 0.164306253 -0.0732377917
v 0.39292407 0.167393431 -0.0703288987
v 0.395888388 0.164051741 -0.0703288987
v 0.39964211 0.163251087 -0.0703288913
v 0.39964211 0.163251087 -0.0703288913
v 0.39964211 0.163251087 -0.0703288913
v 0.390924126 0.17200233 -0.0703288987
v 0.392685086 0.17246376 -0.0756025463
v 0.376535892 0.226911694 -0.0703288987
v 0.378296882 0.227373123 -0.0756025463
v 0.396936208 0.173577726 -0.0777869597
v 0.382547975 0.228487089 -0.0777869597
v 0.401187479 0.174691677 -0.0756025389
v 0.386799157 0.22960104 -0.0756025389
v 0.388560086 0.230062455 -0.0703288913
v 0.40294832 0.175153092 -0.0703288913
v 0.401187479 0.174691677 -0.0650552437
v 0.386799157 0.22960104 -0.0650552437
v 0.396936208 0.173577726 -0.0628708228
v 0.382547975 0.228487089 -0.0628708228
v 0.392685086 0.17246376 -0.0650552511
v 0.378296882 0.227373123 -0.0650552511
v 0.376535892 0.226911694 -0.0703288987
v 0.390924126 0.17200233 -0.0703288987
v 0.39964211 0.163251087 -0.0703288913
v 0.205737829 0.648765683 -0.00845876243
v 0.205737829 0.648783088 0.000132198329
v 0.228046626 0.622945487 0.000132198329
v 0.228046209 0.622942448 -0.00845876243
v 0.163266212 0.680117726 -0.00845876243
v 0.163266212 0.680159986 0.000132198329
v 0.111050829 0.701177657 -0.00845876243
v 0.111050829 0.701244712 0.000132198329
v 0.0577012636 0.712948501 -0.00845876243
v 0.0577012561 0.712948501 0.000132198329
v -0 0.716644347 0.000132198329
v -0 0.716644347 -0.00845876243
v 0.234646738 0.612184525 -0.00845876243
v 0.234646738 0.612184525 0.000132198329
v 0.234646738 0.612184525 -0.128732204
v 0.228046209 0.622942448 -0.128732204
v 0.228046626 0.622945487 -0.137323171
v 0.205737829 0.648783088 -0.137323171
v 0.205737829 0.648765683 -0.128732204
v 0.163266242 0.680159986 -0.137323171
v 0.163266242 0.680117726 -0.128732204
v 0.111050852 0.701244712 -0.137323171
v 0.111050852 0.701177657 -0.128732204
v 0.0577012636 0.712948501 -0.137323171
v 0.0577012636 0.712948501 -0.128732204
v -0 0.716644347 -0.128732204
v -0 0.716644347 -0.137323171
v 0.234646738 0.612184525 -0.137323171
v 0.236982033 0.61075592 -0.125344142
v 0.236982033 0.61075592 -0.133451089
v 0.236982033 0.61075592 -0.0118468283
v 0.236982033 0.61075592 -0.00373988133
v 0.0563905239 0.7062819 -0.123769723
v -0 0.709925592 -0.123769723
v -0 0.709925592 -0.0134212542
v 0.0563905239 0.7062819 -0.0134212542
v 0.108479738 0.694821775 -0.123769723
v 0.108479716 0.694821775 -0.0134212486
v 0.15953353 0.674345076 -0.123769723
v 0.159533516 0.674345076 -0.0134212486
v 0.200987011 0.64388448 -0.123769723
v 0.200987011 0.64388448 -0.0134212486
v 0.222280249 0.61939162 -0.0134212486
v 0.222280249 0.61939162 -0.123769723
v 0.0577012636 0.712948501 -0.00845876243
v 0.0563905239 0.7062819 -0.0134212542
v -0 0.709925592 -0.0134212542
v -0 0.716644347 -0.00845876243
v 0.111050829 0.701177657 -0.00845876243
v 0.108479716 0.694821775 -0.0134212486
v 0.163266212 0.680117726 -0.00845876243
v 0.159533516 0.674345076 -0.0134212486
v 0.205737829 0.648765683 -0.00845876243
v 0.200987011 0.64388448 -0.0134212486
v 0.228046209 0.622942448 -0.00845876243
v 0.222280249 0.61939162 -0.0134212486
v -0 0.716644347 -0.128732204
v -0 0.709925592 -0.123769723
v 0.0563905239 0.7062819 -0.123769723
v 0.0577012636 0.712948501 -0.128732204
v 0.108479738 0.694821775 -0.123769723
v 0.111050852 0.701177657 -0.128732204
v 0.15953353 0.674345076 -0.123769723
v 0.163266242 0.680117726 -0.128732204
v 0.200987011 0.64388448 -0.123769723
v 0.205737829 0.648765683 -0.128732204
v 0.222280249 0.61939162 -0.123769723
v 0.228046209 0.622942448 -0.128732204
v 0.228046209 0.622942448 -0.128732204
v 0.222280249 0.61939162 -0.123769723
v 0.222280249 0.61939162 -0.0134212486
v 0.228046209 0.622942448 -0.00845876243
v 0.274376959 0.632151842 -0.129559621
v 0.266734242 0.644665182 -0.129558533
v 0.262867749 0.642497718 -0.137323171
v 0.270404696 0.630155444 -0.137323171
v 0.234075829 0.677816629 -0.137323171
v 0.237224132 0.68101722 -0.129560009
v 0.185531244 0.71486187 -0.137323171
v 0.188004851 0.718717933 -0.129560009
v 0.126387253 0.73962009 -0.137323171
v 0.128091112 0.743947446 -0.129560009
v 0.0655197129 0.752746046 -0.137323171
v 0.0663883314 0.757170677 -0.129560009
v -0 0.756720483 -0.137323171
v -0 0.761172831 -0.129560009
v 0.228046626 0.622945487 -0.137323171
v 0.205737829 0.648783088 -0.137323171
v 0.163266242 0.680159986 -0.137323171
v 0.111050852 0.701244712 -0.137323171
v 0.0577012636 0.712948501 -0.137323171
v -0 0.716644347 -0.137323171
v -0.0663883314 0.757170677 -0.129560009
v -0.0655197129 0.752746046 -0.137323171
v -0.128091112 0.743947446 -0.129560009
v -0.126387253 0.73962009 -0.137323171
v -0.188004851 0.718717933 -0.129560009
v -0.185531244 0.71486187 -0.137323171
v -0.237224132 0.68101722 -0.129560009
v -0.234075829 0.677816629 -0.137323171
v -0.266734242 0.644665182 -0.129558533
v -0.262867749 0.642497718 -0.137323171
v -0.274376959 0.632151842 -0.129559621
v -0.270404696 0.630155444 -0.137323171
v -0.228046626 0.622945487 -0.137323171
v -0.205737829 0.648783088 -0.137323171
v -0.163266242 0.680159986 -0.137323171
v -0.111050852 0.701244712 -0.137323171
v -0.0577012636 0.712948501 -0.137323171
v -0.234646738 0.612184525 -0.137323171
v 0.237224132 0.68101722 -0.00763096334
v 0.266734242 0.644665182 -0.0076324367
v 0.262867749 0.642497718 0.000132198329
v 0.234075829 0.677816629 0.000132198329
v 0.188004851 0.718717933 -0.00763096334
v 0.185531244 0.71486187 0.000132198329
v 0.270404696 0.630155444 0.000132198329
v 0.274376959 0.632151842 -0.00763134006
v 0.128091112 0.743947446 -0.00763096334
v 0.126387253 0.73962009 0.000132198329
v 0.0663883314 0.757170677 -0.00763096334
v 0.0655197129 0.752746046 0.000132198329
v -0 0.761172831 -0.00763096334
v -0 0.756720483 0.000132198329
v 0.205737829 0.648783088 0.000132198329
v 0.228046626 0.622945487 0.000132198329
v 0.163266212 0.680159986 0.000132198329
v 0.111050829 0.701244712 0.000132198329
v 0.0577012561 0.712948501 0.000132198329
v -0 0.716644347 0.000132198329
v 0.234646738 0.612184525 0.000132198329
v 0.270888597 0.62744683 -0.00373988133
v 0.236982033 0.61075592 -0.00373988133
v 0.274655372 0.629301071 -0.0110658361
v -0.0655197129 0.752746046 0.000132198329
v -0.0663883314 0.757170677 -0.00763096334
v -0.126387253 0.73962009 0.000132198329
v -0.128091112 0.743947446 -0.00763096334
v -0.185531244 0.71486187 0.000132198329
v -0.188004851 0.718717933 -0.00763096334
v -0.234075829 0.677816629 0.000132198329
v -0.237224132 0.68101722 -0.00763096334
v -0.262867749 0.642497718 0.000132198329
v -0.266734242 0.644665182 -0.0076324367
v -0.270404696 0.630155444 0.000132198329
v -0.274376959 0.632151842 -0.00763134006
v -0.205737829 0.648783088 0.000132198329
v -0.228046626 0.622945487 0.000132198329
v -0.163266212 0.680159986 0.000132198329
v -0.111050829 0.701244712 0.000132198329
v -0.0577012561 0.712948501 0.000132198329
v -0.234646738 0.612184525 0.000132198329
v 0.266734242 0.644665182 -0.129558533
v 0.266734242 0.644665182 -0.0076324367
v 0.237224132 0.68101722 -0.00763096334
v 0.237224132 0.68101722 -0.129560009
v 0.188004851 0.718717933 -0.00763096334
v 0.188004851 0.718717933 -0.129560009
v 0.128091112 0.743947446 -0.00763096334
v 0.128091112 0.743947446 -0.129560009
v 0.0663883314 0.757170677 -0.00763096334
v 0.0663883314 0.757170677 -0.129560009
v -0 0.761172831 -0.00763096334
v -0 0.761172831 -0.129560009
v 0.274376959 0.632151842 -0.00763134006
v 0.274376959 0.632151842 -0.129559621
v 0.274655372 0.629301071 -0.0110658361
v 0.274655372 0.629301071 -0.126125142
v -0.0663883314 0.757170677 -0.129560009
v -0.0663883314 0.757170677 -0.00763096334
v -0.128091112 0.743947446 -0.129560009
v -0.128091112 0.743947446 -0.00763096334
v -0.188004851 0.718717933 -0.129560009
v -0.188004851 0.718717933 -0.00763096334
v -0.237224132 0.68101722 -0.129560009
v -0.237224132 0.68101722 -0.00763096334
v -0.266734242 0.644665182 -0.129558533
v -0.266734242 0.644665182 -0.0076324367
v -0.274376959 0.632151842 -0.00763134006
v -0.274376959 0.632151842 -0.129559621
v 0.234646738 0.612184525 -0.137323171
v 0.270888597 0.62744683 -0.133451089
v 0.274655372 0.629301071 -0.126125142
v 0.236982033 0.61075592 -0.133451089
v 0.277022034 0.627820969 -0.129560009
v 0.274655372 0.629301071 -0.126125142
v 0.270888597 0.62744683 -0.133451089
v 0.273013175 0.625883877 -0.137323171
v 0.274655372 0.629301071 -0.0110658361
v 0.277022034 0.627820969 -0.00763096567
v 0.273013175 0.625883877 0.000132193556
v 0.270888597 0.62744683 -0.00373988133
v 0.236982033 0.61075592 -0.133451089
v 0.236929208 0.608447433 -0.137323171
v 0.273013175 0.625883877 -0.137323171
v 0.270888597 0.62744683 -0.133451089
v 0.236929208 0.608447433 -0.128732204
v 0.236929208 0.608447433 -0.137323171
v 0.236982033 0.61075592 -0.133451089
v 0.236982033 0.61075592 -0.125344142
v 0.236982033 0.61075592 -0.0118468283
v 0.236929208 0.608447433 -0.00845876243
v 0.236982033 0.61075592 -0.00373988133
v 0.236929208 0.608447433 0.000132186411
v 0.273013175 0.625883877 0.000132193556
v 0.236929208 0.608447433 0.000132186411
v 0.236982033 0.61075592 -0.00373988133
v 0.270888597 0.62744683 -0.00373988133
v 0.236929208 0.608447433 0.000132186411
v 0.260592997 0.559031904 0.000297489169
v 0.254361421 0.557576597 -0.00872995798
v 0.231837109 0.605231106 -0.00845880527
v 0.256631106 0.552001357 -0.0132113835
v 0.263516694 0.55185014 -0.00977476127
v 0.257662982 0.54946661 -0.0230990015
v 0.264800668 0.548696399 -0.0220778752
v 0.257662982 0.54946661 -0.113503709
v 0.264800668 0.548696399 -0.114525929
v 0.256631106 0.552001357 -0.123379722
v 0.263516694 0.55185014 -0.126814708
v 0.254360825 0.557578087 -0.127873838
v 0.260592997 0.559031904 -0.136901289
v 0.231837109 0.605231106 -0.128732204
v 0.236929208 0.608447433 -0.137323171
v 0.236929208 0.608447433 -0.128732204
v 0.236929208 0.608447433 -0.00845876243
v 0.277022034 0.627820969 -0.00763096567
v 0.303225368 0.57746917 -0.00738570653
v 0.297749221 0.574158251 0.000297489169
v 0.273013175 0.625883877 0.000132193556
v 0.300672919 0.566976428 -0.00977476127
v 0.305495054 0.571893811 -0.0132113835
v 0.301956862 0.563822627 -0.0220778752
v 0.306526929 0.569359064 -0.0230990071
v 0.301956862 0.563822627 -0.114525929
v 0.306526929 0.569359064 -0.113503709
v 0.300672919 0.566976428 -0.126814708
v 0.305495054 0.571893811 -0.123379722
v 0.297749221 0.574158251 -0.136901289
v 0.303224772 0.577470601 -0.129218102
v 0.273013175 0.625883877 -0.137323171
v 0.277022034 0.627820969 -0.129560009
v 0.260592997 0.559031904 0.000297489169
v 0.236929208 0.608447433 0.000132186411
v 0.236929208 0.608447433 -0.137323171
v 0.260592997 0.559031904 -0.136901289
v 0.264800668 0.548696399 -0.114525929
v 0.264800668 0.548696399 -0.0220778752
v 0.263516694 0.55185014 -0.00977476127
v 0.300672919 0.566976428 -0.00977476127
v 0.260592997 0.559031904 0.000297489169
v 0.297749221 0.574158251 0.000297489169
v 0.300672919 0.566976428 -0.126814708
v 0.263516694 0.55185014 -0.126814708
v 0.297749221 0.574158251 -0.136901289
v 0.260592997 0.559031904 -0.136901289
v -0.205737829 0.648765683 -0.00845876243
v -0.228046209 0.622942448 -0.00845876243
v -0.228046626 0.622945487 0.000132198329
v -0.205737829 0.648783088 0.000132198329
v -0.163266212 0.680117726 -0.00845876243
v -0.163266212 0.680159986 0.000132198329
v -0.111050829 0.701177657 -0.00845876243
v -0.111050829 0.701244712 0.000132198329
v -0.0577012636 0.712948501 -0.00845876243
v -0.0577012561 0.712948501 0.000132198329
v -0 0.716644347 0.000132198329
v -0 0.716644347 -0.00845876243
v -0.234646738 0.612184525 -0.00845876243
v -0.234646738 0.612184525 0.000132198329
v -0.234646738 0.612184525 -0.128732204
v -0.228046209 0.622942448 -0.128732204
v -0.228046626 0.622945487 -0.137323171
v -0.205737829 0.648783088 -0.137323171
v -0.205737829 0.648765683 -0.128732204
v -0.163266242 0.680159986 -0.137323171
v -0.163266242 0.680117726 -0.128732204
v -0.111050852 0.701244712 -0.137323171
v -0.111050852 0.701177657 -0.128732204
v -0.0577012636 0.712948501 -0.137323171
v -0.0577012636 0.712948501 -0.128732204
v -0 0.716644347 -0.128732204
v -0 0.716644347 -0.137323171
v -0.234646738 0.612184525 -0.137323171
v -0.236982033 0.61075592 -0.125344142
v -0.236982033 0.61075592 -0.133451089
v -0.236982033 0.61075592 -0.0118468283
v -0.236982033 0.61075592 -0.00373988133
v -0.0563905239 0.7062819 -0.123769723
v -0.0563905239 0.7062819 -0.0134212542
v -0 0.709925592 -0.0134212542
v -0 0.709925592 -0.123769723
v -0.108479738 0.694821775 -0.123769723
v -0.108479716 0.694821775 -0.0134212486
v -0.15953353 0.674345076 -0.123769723
v -0.159533516 0.674345076 -0.0134212486
v -0.200987011 0.64388448 -0.123769723
v -0.200987011 0.64388448 -0.0134212486
v -0.222280249 0.61939162 -0.0134212486
v -0.222280249 0.61939162 -0.123769723
v -0.0577012636 0.712948501 -0.00845876243
v -0 0.716644347 -0.00845876243
v -0 0.709925592 -0.0134212542
v -0.0563905239 0.7062819 -0.0134212542
v -0.111050829 0.701177657 -0.00845876243
v -0.108479716 0.694821775 -0.0134212486
v -0.163266212 0.680117726 -0.00845876243
v -0.159533516 0.674345076 -0.0134212486
v -0.205737829 0.648765683 -0.00845876243
v -0.200987011 0.64388448 -0.0134212486
v -0.228046209 0.622942448 -0.00845876243
v -0.222280249 0.61939162 -0.0134212486
v -0 0.716644347 -0.128732204
v -0.0577012636 0.712948501 -0.128732204
v -0.0563905239 0.7062819 -0.123769723
v -0 0.709925592 -0.123769723
v -0.108479738 0.694821775 -0.123769723
v -0.111050852 0.701177657 -0.128732204
v -0.15953353 0.674345076 -0.123769723
v -0.163266242 0.680117726 -0.128732204
v -0.200987011 0.64388448 -0.123769723
v -0.205737829 0.648765683 -0.128732204
v -0.222280249 0.61939162 -0.123769723
v -0.228046209 0.622942448 -0.128732204
v -0.228046209 0.622942448 -0.128732204
v -0.228046209 0.622942448 -0.00845876243
v -0.222280249 0.61939162 -0.0134212486
v -0.222280249 0.61939162 -0.123769723
v -0.277022034 0.627820969 -0.129560009
v -0.273013175 0.625883877 -0.137323171
v -0.270888597 0.62744683 -0.133451089
v -0.274655372 0.629301071 -0.126125142
v -0.274655372 0.629301071 -0.0110658361
v -0.277022034 0.627820969 -0.00763096567
v -0.273013175 0.625883877 0.000132193556
v -0.270888597 0.62744683 -0.00373988133
v -0.236982033 0.61075592 -0.133451089
v -0.270888597 0.62744683 -0.133451089
v -0.273013175 0.625883877 -0.137323171
v -0.236929208 0.608447433 -0.137323171
v -0.236929208 0.608447433 -0.128732204
v -0.236982033 0.61075592 -0.125344142
v -0.236929208 0.608447433 -0.128732204
v -0.236929208 0.608447433 -0.00845876243
v -0.236982033 0.61075592 -0.0118468283
v -0.236982033 0.61075592 -0.125344142
v -0.236982033 0.61075592 -0.00373988133
v -0.236982033 0.61075592 -0.0118468283
v -0.236929208 0.608447433 -0.00845876243
v -0.236929208 0.608447433 0.000132186411
v -0.273013175 0.625883877 0.000132193556
v -0.270888597 0.62744683 -0.00373988133
v -0.274655372 0.629301071 -0.126125142
v -0.270888597 0.62744683 -0.133451089
v -0.270404696 0.630155444 -0.137323171
v -0.274376959 0.632151842 -0.129559621
v -0.234646738 0.612184525 -0.137323171
v -0.236982033 0.61075592 -0.133451089
v -0.270888597 0.62744683 -0.00373988133
v -0.270404696 0.630155444 0.000132198329
v -0.234646738 0.612184525 0.000132198329
v -0.236982033 0.61075592 -0.00373988133
v -0.274376959 0.632151842 -0.00763134006
v -0.274655372 0.629301071 -0.0110658361
v -0.274655372 0.629301071 -0.0110658361
v -0.274655372 0.629301071 -0.126125142
v -0.274376959 0.632151842 -0.129559621
v -0.274376959 0.632151842 -0.00763134006
v -0.236929208 0.608447433 0.000132186411
v -0.231837109 0.605231106 -0.00845880527
v -0.254361421 0.557576597 -0.00872995798
v -0.260592997 0.559031904 0.000297489169
v -0.236929208 0.608447433 -0.00845876243
v -0.256631106 0.552001357 -0.0132113835
v -0.263516694 0.55185014 -0.00977476127
v -0.257662982 0.54946661 -0.0230990015
v -0.264800668 0.548696399 -0.0220778752
v -0.257662982 0.54946661 -0.113503709
v -0.264800668 0.548696399 -0.114525929
v -0.256631106 0.552001357 -0.123379722
v -0.263516694 0.55185014 -0.126814708
v -0.254360825 0.557578087 -0.127873838
v -0.260592997 0.559031904 -0.136901289
v -0.231837109 0.605231106 -0.128732204
v -0.236929208 0.608447433 -0.137323171
v -0.236929208 0.608447433 -0.128732204
v -0.277022034 0.627820969 -0.00763096567
v -0.273013175 0.625883877 0.000132193556
v -0.297749221 0.574158251 0.000297489169
v -0.303225368 0.57746917 -0.00738570653
v -0.300672919 0.566976428 -0.00977476127
v -0.305495054 0.571893811 -0.0132113835
v -0.301956862 0.563822627 -0.0220778752
v -0.306526929 0.569359064 -0.0230990071
v -0.301956862 0.563822627 -0.114525929
v -0.306526929 0.569359064 -0.113503709
v -0.300672919 0.566976428 -0.126814708
v -0.305495054 0.571893811 -0.123379722
v -0.297749221 0.574158251 -0.136901289
v -0.303224772 0.577470601 -0.129218102
v -0.273013175 0.625883877 -0.137323171
v -0.277022034 0.627820969 -0.129560009
v -0.260592997 0.559031904 0.000297489169
v -0.236929208 0.608447433 0.000132186411
v -0.236929208 0.608447433 -0.137323171
v -0.260592997 0.559031904 -0.136901289
v -0.264800668 0.548696399 -0.114525929
v -0.264800668 0.548696399 -0.0220778752
v -0.263516694 0.55185014 -0.00977476127
v -0.300672919 0.566976428 -0.00977476127
v -0.260592997 0.559031904 0.000297489169
v -0.297749221 0.574158251 0.000297489169
v -0.263516694 0.55185014 -0.126814708
v -0.300672919 0.566976428 -0.126814708
v -0.297749221 0.574158251 -0.136901289
v -0.260592997 0.559031904 -0.136901289
v 0.0888385549 0.034053769 -0.0138285821
vt 0.106258713 0.848703325
vt 0.0818247199 0.79697907
vt 0.0696952045 0.819247961
vt 0.106258728 0.79697907
vt 0.0381357372 0.868927956
vt 0.106258713 0.921070158
vt 0.106258713 0.99198544
vt 0.0991971418 0.99198544
vt 0.00726453215 0.907004178
vt 0.00726451725 0.921969593
vt 0.00726450235 0.99198544
vt 0.130874842 0.879901469
vt 0.116861559 0.880490959
vt 0.116861559 0.932907879
vt 0.131792039 0.931552708
vt 0.204289526 0.88164711
vt 0.195055574 0.93240422
vt 0.217114955 0.882905781
vt 0.217114955 0.936845601
vt 0.130874842 0.879901469
vt 0.131247252 0.79697907
vt 0.116861559 0.79697907
vt 0.116861559 0.880490959
vt 0.204289526 0.88164711
vt 0.204726785 0.79697907
vt 0.217114955 0.882905781
vt 0.217114955 0.79697907
vt 0.116861559 0.932907879
vt 0.116861559 0.948901057
vt 0.131890386 0.948371232
vt 0.131792039 0.931552708
vt 0.193285793 0.948435903
vt 0.195055574 0.93240422
vt 0.217114955 0.936845601
vt 0.217114955 0.949867427
vt 0.320817292 0.344336569
vt 0.286689639 0.344336569
vt 0.286689639 0.373168826
vt 0.320817292 0.373168826
vt 0.320817292 0.413796723
vt 0.286689639 0.413796723
vt 0.320817292 0.45435667
vt 0.286689639 0.45435667
vt 0.320817292 0.494870991
vt 0.286689639 0.494870991
vt 0.320817292 0.535396338
vt 0.286689639 0.535396338
vt 0.320817292 0.575861394
vt 0.286689639 0.575861394
vt 0.320817292 0.61643815
vt 0.286689639 0.61643815
vt 0.320817292 0.657001555
vt 0.286689639 0.657001555
vt 0.286689639 0.373168826
vt 0.286689639 0.344336569
vt 0.237690598 0.344336569
vt 0.19163017 0.373168826
vt 0.19163017 0.413796723
vt 0.286689639 0.413796723
vt 0.19163017 0.332468599
vt 0.237690598 0.332468599
vt 0.237690598 0.291725427
vt 0.19163017 0.291725427
vt 0.19163017 0.45435667
vt 0.286689639 0.45435667
vt 0.237690598 0.283981472
vt 0.19163017 0.494870991
vt 0.286689639 0.494870991
vt 0.19163017 0.250539362
vt 0.286689639 0.250539362
vt 0.286689639 0.283981472
vt 0.19163017 0.210387498
vt 0.286689639 0.210387498
vt 0.286689639 0.169810027
vt 0.19163017 0.169810027
vt 0.19163017 0.535396338
vt 0.286689639 0.535396338
vt 0.286689639 0.129265592
vt 0.19163017 0.129265592
vt 0.19163017 0.575861394
vt 0.286689639 0.575861394
vt 0.286689639 0.0887355804
vt 0.19163017 0.0887355804
vt 0.19163017 0.61643815
vt 0.286689639 0.61643815
vt 0.286689639 0.0482438169
vt 0.19163017 0.0482438169
vt 0.19163017 0.657001555
vt 0.286689639 0.657001555
vt 0.286689639 0.00752307335
vt 0.19163017 0.00752307335
vt 0.0287513174 0.344336569
vt 0.00895272195 0.344336569
vt 0.00892044604 0.373520613
vt 0.0289147496 0.373567015
vt 0.0290529467 0.413975418
vt 0.00898955762 0.413981378
vt 0.0291196369 0.45441702
vt 0.00906562805 0.454415858
vt 0.0291289985 0.494865268
vt 0.00906555355 0.494858533
vt 0.0291095525 0.535371542
vt 0.0090290904 0.535362303
vt 0.0290903263 0.575861394
vt 0.00900439918 0.575861394
vt 0.0290807001 0.616438091
vt 0.00898946822 0.61643815
vt 0.0290583074 0.657001555
vt 0.00896753371 0.657001555
vt 0.286689639 0.283981472
vt 0.320817292 0.274276555
vt 0.320817292 0.250539362
vt 0.286689639 0.250539362
vt 0.286689639 0.210387498
vt 0.320817292 0.210387498
vt 0.286689639 0.169810027
vt 0.320817292 0.169809997
vt 0.286689639 0.129265592
vt 0.320817292 0.129265592
vt 0.286689639 0.0887355804
vt 0.320817292 0.0887355804
vt 0.286689639 0.0482438169
vt 0.320817292 0.0482438169
vt 0.286689639 0.00752307335
vt 0.320817292 0.00752307335
vt 0.131890386 0.948371232
vt 0.131608695 0.991916537
vt 0.192299455 0.991916537
vt 0.193285793 0.948435903
vt 0.116861559 0.991916537
vt 0.116861559 0.948901057
vt 0.217114955 0.991916537
vt 0.217114955 0.949867427
vt 0.0287058353 0.27339676
vt 0.0288372487 0.250539362
vt 0.00886893272 0.250539362
vt 0.00900004804 0.27339676
vt 0.00889150798 0.210138872
vt 0.0289852172 0.210138589
vt 0.00897881389 0.169649944
vt 0.0290553123 0.169657677
vt 0.0090098232 0.129160106
vt 0.0290848762 0.129165694
vt 0.00900398195 0.0886590704
vt 0.029089611 0.088664338
vt 0.0089712888 0.0481391102
vt 0.0290954113 0.0481416285
vt 0.00910820067 0.00737649156
vt 0.029189676 0.00763073564
vt 0.0557084791 0.344336569
vt 0.0287513174 0.344336569
vt 0.0289147496 0.373567015
vt 0.123795807 0.373168856
vt 0.123795807 0.413796663
vt 0.0290529467 0.413975418
vt 0.123795807 0.454356551
vt 0.0291196369 0.45441702
vt 0.123795807 0.332472086
vt 0.0557084791 0.332561582
vt 0.0557084791 0.291634828
vt 0.123795807 0.291725338
vt 0.0557084791 0.27339676
vt 0.123795807 0.250539362
vt 0.123795807 0.494870991
vt 0.0291289985 0.494865268
vt 0.0288372487 0.250539362
vt 0.0287058353 0.27339676
vt 0.0289852172 0.210138589
vt 0.123795807 0.210387498
vt 0.123795807 0.535396338
vt 0.0291095525 0.535371542
vt 0.0290553123 0.169657677
vt 0.123795807 0.169809997
vt 0.123795807 0.575861394
vt 0.0290903263 0.575861394
vt 0.0290848762 0.129165694
vt 0.123795807 0.129265592
vt 0.029089611 0.088664338
vt 0.123795807 0.0887355804
vt 0.123795807 0.61643815
vt 0.0290807001 0.616438091
vt 0.0290954113 0.0481416285
vt 0.123795807 0.0482438207
vt 0.123795807 0.657001555
vt 0.0290583074 0.657001555
vt 0.029189676 0.00763073564
vt 0.123795807 0.00752305984
vt 0.157677561 0.373168826
vt 0.157677561 0.413796723
vt 0.19163017 0.413796723
vt 0.19163017 0.373168826
vt 0.19163017 0.332468599
vt 0.157677561 0.332468599
vt 0.19163017 0.45435667
vt 0.157677561 0.45435667
vt 0.157677561 0.291725427
vt 0.19163017 0.291725427
vt 0.19163017 0.494870991
vt 0.157677561 0.494870991
vt 0.157677561 0.250539362
vt 0.19163017 0.250539362
vt 0.157677561 0.210387498
vt 0.19163017 0.210387498
vt 0.19163017 0.535396338
vt 0.157677561 0.535396338
vt 0.157677561 0.169809997
vt 0.19163017 0.169810027
vt 0.157677561 0.129265592
vt 0.19163017 0.129265592
vt 0.19163017 0.575861394
vt 0.157677561 0.575861394
vt 0.157677561 0.0887355804
vt 0.19163017 0.0887355804
vt 0.19163017 0.61643815
vt 0.157677561 0.61643815
vt 0.157677561 0.0482438169
vt 0.19163017 0.0482438169
vt 0.19163017 0.657001555
vt 0.157677561 0.657001555
vt 0.157677561 0.00752307335
vt 0.19163017 0.00752307335
vt 0.147006273 0.33246851
vt 0.146996319 0.291725338
vt 0.123795807 0.291725338
vt 0.123795807 0.332472086
vt 0.123795807 0.373168856
vt 0.147002697 0.373168856
vt 0.147036254 0.413796663
vt 0.123795807 0.413796663
vt 0.147023439 0.454356551
vt 0.123795807 0.454356551
vt 0.123795807 0.250539362
vt 0.14697963 0.250539362
vt 0.147009611 0.494870991
vt 0.123795807 0.494870991
vt 0.123795807 0.210387498
vt 0.147033095 0.210387498
vt 0.147003174 0.535396338
vt 0.123795807 0.535396338
vt 0.123795807 0.169809997
vt 0.14703536 0.169809997
vt 0.123795807 0.129265592
vt 0.147040546 0.129265592
vt 0.146998703 0.575861394
vt 0.123795807 0.575861394
vt 0.123795807 0.0887355804
vt 0.147050083 0.0887355804
vt 0.147011042 0.61643815
vt 0.123795807 0.61643815
vt 0.123795807 0.0482438207
vt 0.147100568 0.0482438169
vt 0.147007227 0.657001555
vt 0.123795807 0.657001555
vt 0.123795807 0.00752305984
vt 0.147028446 0.00752307335
vt 0.286689639 0.657001555
vt 0.286689639 0.61643815
vt 0.320817292 0.61643815
vt 0.320817292 0.657001555
vt 0.320817292 0.575861394
vt 0.286689639 0.575861394
vt 0.320817292 0.535376251
vt 0.286689639 0.535376251
vt 0.320817292 0.494905591
vt 0.286689639 0.49490571
vt 0.320817292 0.454245239
vt 0.286689639 0.454116881
vt 0.320817292 0.413509279
vt 0.286689639 0.413509279
vt 0.320817292 0.372981369
vt 0.286689639 0.372981369
vt 0.320817292 0.332551658
vt 0.286689639 0.332551658
vt 0.320817292 0.292018354
vt 0.286689639 0.292018354
vt 0.320817292 0.251465768
vt 0.286689639 0.251465768
vt 0.320817292 0.210934013
vt 0.286689639 0.210933968
vt 0.320817292 0.170428142
vt 0.286689639 0.170428142
vt 0.320817292 0.129927695
vt 0.286689639 0.129927695
vt 0.320817292 0.0893776938
vt 0.286689639 0.0893776938
vt 0.320817292 0.0488533862
vt 0.286689639 0.0488533862
vt 0.320817292 0.00834212638
vt 0.286689639 0.00834212638
vt 0.19163017 0.61643815
vt 0.286689639 0.61643815
vt 0.286689639 0.657001555
vt 0.19163017 0.657001555
vt 0.19163017 0.575861394
vt 0.286689639 0.575861394
vt 0.19163017 0.53537631
vt 0.286689639 0.535376251
vt 0.202601165 0.520653725
vt 0.19163017 0.510068834
vt 0.286689639 0.49490571
vt 0.220662668 0.494905591
vt 0.248715386 0.454116881
vt 0.286689639 0.454116881
vt 0.276806802 0.416662008
vt 0.286689639 0.413509279
vt 0.27328679 0.413056314
vt 0.286689639 0.372981369
vt 0.225003451 0.375985622
vt 0.19163017 0.372981369
vt 0.19163017 0.332551658
vt 0.286689639 0.332551658
vt 0.19163017 0.292018354
vt 0.286689639 0.292018354
vt 0.19163017 0.251465768
vt 0.286689639 0.251465768
vt 0.19163017 0.210933968
vt 0.286689639 0.210933968
vt 0.19163017 0.170428142
vt 0.286689639 0.170428142
vt 0.19163017 0.129927695
vt 0.286689639 0.129927695
vt 0.19163017 0.0893776938
vt 0.286689639 0.0893776938
vt 0.19163017 0.0488533862
vt 0.286689639 0.0488533862
vt 0.19163017 0.00834212638
vt 0.286689639 0.00834212638
vt 0.00896753371 0.657001615
vt 0.00894452631 0.616438031
vt 0.0290446579 0.616438031
vt 0.0290583074 0.657001555
vt 0.029039409 0.575861394
vt 0.00893570483 0.575861394
vt 0.029045254 0.535303056
vt 0.00893770158 0.535305738
vt 0.029054001 0.494905591
vt 0.00894248486 0.494905591
vt 0.0290627629 0.454116881
vt 0.00895346701 0.454116881
vt 0.0290785581 0.41350919
vt 0.0089789629 0.41350919
vt 0.0291012712 0.37301138
vt 0.00901892781 0.372997731
vt 0.0291169733 0.332514733
vt 0.00904457271 0.332516849
vt 0.0287058353 0.292015165
vt 0.00904840231 0.292013347
vt 0.0291017741 0.251519114
vt 0.00902405381 0.251533866
vt 0.0290842503 0.210987076
vt 0.00899042189 0.210987523
vt 0.0290587991 0.170467168
vt 0.00896835327 0.170475796
vt 0.0290456563 0.129920959
vt 0.00895179808 0.129910365
vt 0.0290312804 0.0893926322
vt 0.00892706215 0.0894038528
vt 0.0290219188 0.0488419831
vt 0.00888513029 0.0488254689
vt 0.0290977955 0.00834211707
vt 0.00901058316 0.00834212638
vt 0.19163017 0.61643815
vt 0.19163017 0.657001555
vt 0.157677561 0.657001555
vt 0.157677561 0.61643815
vt 0.19163017 0.575861394
vt 0.157677561 0.575861394
vt 0.19163017 0.53537631
vt 0.157677561 0.535376251
vt 0.19163017 0.510068834
vt 0.157677561 0.494905591
vt 0.16856809 0.491880804
vt 0.157677561 0.491880804
vt 0.123795807 0.61643815
vt 0.123795807 0.657001555
vt 0.0290583074 0.657001555
vt 0.0290446579 0.616438031
vt 0.123795807 0.575861394
vt 0.029039409 0.575861394
vt 0.123795807 0.535376251
vt 0.029045254 0.535303056
vt 0.123795807 0.494905591
vt 0.029054001 0.494905591
vt 0.123795807 0.482628614
vt 0.147147834 0.491880804
vt 0.147132993 0.494905591
vt 0.123795807 0.535376251
vt 0.147126615 0.535376251
vt 0.123795807 0.575861394
vt 0.147034228 0.575861394
vt 0.123795807 0.61643815
vt 0.146995544 0.61643815
vt 0.123795807 0.657001555
vt 0.147007227 0.657001555
vt 0.0290627629 0.454116881
vt 0.123795807 0.454116881
vt 0.123795807 0.41350919
vt 0.0290785581 0.41350919
vt 0.123795807 0.372981369
vt 0.0291012712 0.37301138
vt 0.123795807 0.332551658
vt 0.0291169733 0.332514733
vt 0.123795807 0.292018354
vt 0.0287058353 0.292015165
vt 0.123795807 0.251465768
vt 0.0291017741 0.251519114
vt 0.123795807 0.210934013
vt 0.0290842503 0.210987076
vt 0.123795807 0.170428142
vt 0.0290587991 0.170467168
vt 0.123795807 0.129927695
vt 0.0290456563 0.129920959
vt 0.123795807 0.0893777013
vt 0.0290312804 0.0893926322
vt 0.123795807 0.0488533974
vt 0.0290219188 0.0488419831
vt 0.123795807 0.00834211707
vt 0.0290977955 0.00834211707
vt 0.19163017 0.00834212638
vt 0.19163017 0.0488533862
vt 0.157677561 0.0488533862
vt 0.157677561 0.00834212638
vt 0.157677561 0.0893776938
vt 0.19163017 0.0893776938
vt 0.157677561 0.129927695
vt 0.19163017 0.129927695
vt 0.157677561 0.170428142
vt 0.19163017 0.170428142
vt 0.157677561 0.210934013
vt 0.19163017 0.210933968
vt 0.157677561 0.251465768
vt 0.19163017 0.251465768
vt 0.157677561 0.292018354
vt 0.19163017 0.292018354
vt 0.157677561 0.332551658
vt 0.19163017 0.332551658
vt 0.157677561 0.372981369
vt 0.19163017 0.372981369
vt 0.157677561 0.41350919
vt 0.19163017 0.413509071
vt 0.19163017 0.421162814
vt 0.157677561 0.454116881
vt 0.166360274 0.454116672
vt 0.157677561 0.464136451
vt 0.146974623 0.00834212638
vt 0.147075295 0.0488533862
vt 0.123795807 0.0488533974
vt 0.123795807 0.00834211707
vt 0.123795807 0.0893777013
vt 0.147031963 0.0893776938
vt 0.123795807 0.129927695
vt 0.146992266 0.129927695
vt 0.123795807 0.170428142
vt 0.146967411 0.170428142
vt 0.123795807 0.210934013
vt 0.146984696 0.210934013
vt 0.123795807 0.251465768
vt 0.147010088 0.251465768
vt 0.123795807 0.292018354
vt 0.147026598 0.292018354
vt 0.123795807 0.332551658
vt 0.147026837 0.332551658
vt 0.123795807 0.372981369
vt 0.147053361 0.372981369
vt 0.123795807 0.41350919
vt 0.147127926 0.41350919
vt 0.147099495 0.454116881
vt 0.147060275 0.464136451
vt 0.00726451725 0.824961364
vt 0.0072645247 0.84149152
vt 0.0696952045 0.819247961
vt 0.0381357372 0.868927956
vt 0.00726453215 0.907004178
vt 0.0431836508 0.79697907
vt 0.0269013084 0.79697907
vt 0.0818247199 0.79697907
vt 0.19163017 0.413509071
vt 0.198683947 0.41350919
vt 0.19163017 0.421162814
vt 0.00726451725 0.824961364
vt 0.0269013084 0.79697907
vt 0.00726448745 0.79697907
vt 0.416976899 0.0840667784
vt 0.417373925 0.0839799345
vt 0.41742599 0.0842435658
vt 0.416692346 0.0844039619
vt 0.4181633 0.084151119
vt 0.417772979 0.0839299262
vt 0.418472379 0.0841808617
vt 0.417940229 0.0839460194
vt 0.416814417 0.0841395557
vt 0.416392148 0.0845384896
vt 0.417506307 0.0846821964
vt 0.416547745 0.0848918259
vt 0.418469638 0.0845614374
vt 0.418873459 0.0846003592
vt 0.416155517 0.0850675404
vt 0.417602599 0.0852291286
vt 0.41656509 0.0854560435
vt 0.418645293 0.0850984752
vt 0.419082403 0.0851404965
vt 0.416140527 0.0856462419
vt 0.417700261 0.0858010948
vt 0.416741729 0.0860107243
vt 0.418663591 0.0856803358
vt 0.419067413 0.085719198
vt 0.416349471 0.0861864388
vt 0.417784393 0.0863109529
vt 0.417050779 0.0864714086
vt 0.418521702 0.0862185061
vt 0.418830782 0.0862482488
vt 0.41675055 0.0866058767
vt 0.417842209 0.0866810977
vt 0.417445183 0.0867679417
vt 0.418241233 0.0866310894
vt 0.418408513 0.0866471827
vt 0.417282701 0.086840719
vt 0.417864889 0.0868552625
vt 0.352799654 0.0609257333
vt 0.351825774 0.0612001382
vt 0.353797168 0.0631948858
vt 0.355596691 0.0626879111
vt 0.349539191 0.0634881109
vt 0.349521339 0.0613588169
vt 0.345316976 0.0633958057
vt 0.347236276 0.0613088459
vt 0.343603909 0.0629720092
vt 0.346309185 0.0610795505
vt 0.355152428 0.0660415813
vt 0.357503623 0.0653791279
vt 0.349589139 0.0664246231
vt 0.344072551 0.0663040802
vt 0.341834307 0.0657503828
vt 0.355685264 0.0693067387
vt 0.358230174 0.0685897544
vt 0.349663526 0.0697214156
vt 0.343692452 0.0695908368
vt 0.341269791 0.0689915568
vt 0.355314463 0.0724933296
vt 0.357665628 0.0718308836
vt 0.349751115 0.072876513
vt 0.344234526 0.0727558285
vt 0.341996312 0.0722021759
vt 0.354096532 0.075116232
vt 0.355896056 0.0746092573
vt 0.349838495 0.0754094645
vt 0.345616251 0.075317204
vt 0.343903244 0.0748934001
vt 0.35221684 0.0767761469
vt 0.35319075 0.0765018091
vt 0.349912465 0.0769348741
vt 0.347627401 0.076884903
vt 0.346700311 0.0766555145
vt 0.349961638 0.0772203729
vt 0.417358041 0.0839314759
vt 0.417940229 0.0839460194
vt 0.417772979 0.0839299262
vt 0.417358041 0.0839314759
vt 0.349538326 0.0603609681
vt 0.416976899 0.0840667784
vt 0.416814417 0.0841395557
vt 0.417358041 0.0839314759
vt 0.35319075 0.0765018091
vt 0.35221684 0.0767761469
vt 0.349961638 0.0772203729
vt 0.347627401 0.076884903
vt 0.346700311 0.0766555145
vt 0.349961638 0.0772203729
vt 0.416472852 0.0811593235
vt 0.416869909 0.0810725093
vt 0.416921973 0.0813361108
vt 0.416188329 0.0814965665
vt 0.417659253 0.0812436938
vt 0.417268932 0.0810224712
vt 0.417968333 0.0812734365
vt 0.417436182 0.0810385942
vt 0.4163104 0.0812321007
vt 0.415888131 0.0816310346
vt 0.417002261 0.0817747712
vt 0.416043729 0.0819844007
vt 0.417965591 0.081654042
vt 0.418369412 0.0816929042
vt 0.41565147 0.0821601152
vt 0.417098552 0.0823216736
vt 0.416061044 0.0825485885
vt 0.418141276 0.0821910203
vt 0.418578357 0.0822330713
vt 0.41563648 0.0827387869
vt 0.417196244 0.0828936398
vt 0.416237682 0.0831032693
vt 0.418159574 0.0827728808
vt 0.418563396 0.082811743
vt 0.415845454 0.0832789838
vt 0.417280376 0.0834034979
vt 0.416546732 0.0835639536
vt 0.418017656 0.0833111107
vt 0.418326735 0.0833408535
vt 0.416246533 0.0836984217
vt 0.417338163 0.0837737024
vt 0.416941136 0.0838604867
vt 0.417737216 0.0837236345
vt 0.417904466 0.0837397873
vt 0.416778654 0.0839333236
vt 0.417360872 0.0839478076
vt 0.35280332 0.0609469078
vt 0.35182941 0.0612212904
vt 0.353800833 0.0632160455
vt 0.355600387 0.0627090782
vt 0.349542886 0.0635092929
vt 0.349525034 0.0613800064
vt 0.345320612 0.0634169728
vt 0.347239971 0.0613300316
vt 0.343607605 0.0629931986
vt 0.346312851 0.0611006916
vt 0.355156124 0.0660627186
vt 0.357507318 0.0654002726
vt 0.349592775 0.0664458424
vt 0.344076216 0.0663252249
vt 0.341837943 0.0657715052
vt 0.3556889 0.0693278611
vt 0.358233839 0.0686108544
vt 0.349667221 0.0697425604
vt 0.343696147 0.0696120039
vt 0.341273457 0.0690127015
vt 0.355318129 0.0725145191
vt 0.357669324 0.0718520805
vt 0.349754781 0.072897613
vt 0.344238222 0.072777018
vt 0.341999948 0.0722233206
vt 0.354100168 0.0751373991
vt 0.355899692 0.0746304244
vt 0.349842191 0.075430654
vt 0.345619977 0.0753383487
vt 0.343906939 0.0749145448
vt 0.352220535 0.0767972916
vt 0.353194416 0.0765229091
vt 0.34991616 0.0769560412
vt 0.347631097 0.0769060701
vt 0.346703976 0.0766767263
vt 0.349965334 0.0772415176
vt 0.416853994 0.0810240805
vt 0.417436182 0.0810385942
vt 0.417268932 0.0810224712
vt 0.416853994 0.0810240805
vt 0.349542022 0.0603821538
vt 0.416472852 0.0811593235
vt 0.4163104 0.0812321007
vt 0.416853994 0.0810240805
vt 0.353194416 0.0765229091
vt 0.352220535 0.0767972916
vt 0.349965334 0.0772415176
vt 0.347631097 0.0769060701
vt 0.346703976 0.0766767263
vt 0.349965334 0.0772415176
vt 0.346917629 0.128023863
vt 0.346917629 0.113304622
vt 0.406229258 0.113304622
vt 0.406229258 0.128023863
vt 0.346917629 0.139093876
vt 0.346917629 0.128023863
vt 0.406229258 0.128023863
vt 0.406229258 0.139093876
vt 0.346917629 0.153813362
vt 0.346917629 0.139093876
vt 0.406229258 0.139093876
vt 0.406229258 0.153813362
vt 0.406229258 0.113304622
vt 0.346917629 0.113304622
vt 0.346917629 0.0988531113
vt 0.406229258 0.0988531113
vt 0.414397478 0.128023863
vt 0.414397478 0.139093876
vt 0.406229258 0.139093876
vt 0.406229258 0.128023863
vt 0.340299845 0.139093876
vt 0.340299845 0.128023863
vt 0.346917629 0.128023863
vt 0.346917629 0.139093876
vt 0.436524719 0.994734466
vt 0.436524719 0.991787016
vt 0.474250406 0.991787016
vt 0.474250406 0.994734466
vt 0.474250406 0.986959577
vt 0.436524719 0.986959577
vt 0.474250406 0.98035109
vt 0.436524719 0.98035109
vt 0.474250406 0.97215575
vt 0.436524719 0.97215575
vt 0.474250406 0.962629914
vt 0.436524719 0.962629914
vt 0.474250406 0.952056229
vt 0.436524719 0.952056229
vt 0.474250406 0.940847754
vt 0.436524719 0.940847754
vt 0.474250406 0.929333627
vt 0.436524719 0.929333627
vt 0.474250406 0.917864263
vt 0.436524719 0.917864263
vt 0.474250406 0.906812429
vt 0.436524719 0.906812429
vt 0.474250406 0.896483481
vt 0.436524719 0.896483481
vt 0.474250406 0.889147818
vt 0.436524719 0.889147818
vt 0.474250406 0.881970525
vt 0.436524719 0.881970525
vt 0.474250406 0.875557661
vt 0.436524719 0.875557661
vt 0.474250406 0.869780958
vt 0.436524719 0.869780958
vt 0.474250406 0.864541054
vt 0.436524719 0.864541054
vt 0.474250406 0.859365761
vt 0.436524719 0.859365761
vt 0.436524719 0.859353185
vt 0.436524719 0.864528596
vt 0.474250406 0.864528596
vt 0.474250406 0.859353185
vt 0.474250406 0.869768381
vt 0.436524719 0.869768381
vt 0.474250406 0.875545084
vt 0.436524719 0.875545084
vt 0.474250406 0.881958067
vt 0.436524719 0.881958067
vt 0.474250406 0.889135122
vt 0.436524719 0.889135122
vt 0.474250406 0.896470904
vt 0.436524719 0.896470904
vt 0.474250406 0.906799972
vt 0.436524719 0.906799972
vt 0.474250406 0.917851806
vt 0.436524719 0.917851806
vt 0.474250406 0.929321289
vt 0.436524719 0.929321289
vt 0.474250406 0.940835178
vt 0.436524719 0.940835178
vt 0.474250406 0.952043772
vt 0.436524719 0.952043772
vt 0.474250406 0.962617338
vt 0.436524719 0.962617338
vt 0.474250406 0.972143054
vt 0.436524719 0.972143054
vt 0.474250406 0.980338573
vt 0.436524719 0.980338573
vt 0.474250406 0.986947119
vt 0.436524719 0.986947119
vt 0.474250406 0.991774321
vt 0.436524719 0.991774321
vt 0.474250406 0.994722128
vt 0.436524719 0.994722128
vt 0.436524719 0.991787016
vt 0.436524719 0.994734466
vt 0.433232814 0.994734466
vt 0.433232814 0.991787016
vt 0.436524719 0.986959577
vt 0.433232814 0.986959577
vt 0.436524719 0.98035109
vt 0.433232814 0.98035109
vt 0.436524719 0.97215575
vt 0.433232814 0.97215575
vt 0.436524719 0.962629914
vt 0.433232814 0.962629914
vt 0.436524719 0.952056229
vt 0.433232814 0.952056229
vt 0.436524719 0.940847754
vt 0.433232814 0.940847754
vt 0.436524719 0.929333627
vt 0.433232814 0.929333627
vt 0.436524719 0.917864263
vt 0.433232814 0.917864263
vt 0.436524719 0.906812429
vt 0.433232814 0.906812429
vt 0.436524719 0.896483481
vt 0.433232814 0.896483481
vt 0.436524719 0.889147818
vt 0.433232814 0.889147818
vt 0.436524719 0.881970525
vt 0.433232814 0.881970525
vt 0.436524719 0.875557661
vt 0.433232814 0.875557661
vt 0.436524719 0.869780958
vt 0.433232814 0.869780958
vt 0.436524719 0.864541054
vt 0.433232814 0.864541054
vt 0.436524719 0.859365761
vt 0.433232814 0.859365761
vt 0.436524719 0.864528596
vt 0.436524719 0.859353185
vt 0.433232814 0.859353185
vt 0.433232814 0.864528596
vt 0.436524719 0.869768381
vt 0.433232814 0.869768381
vt 0.436524719 0.875545084
vt 0.433232814 0.875545084
vt 0.436524719 0.881958067
vt 0.433232814 0.881958067
vt 0.436524719 0.889135122
vt 0.433232814 0.889135122
vt 0.436524719 0.896470904
vt 0.433232814 0.896470904
vt 0.436524719 0.906799972
vt 0.433232814 0.906799972
vt 0.436524719 0.917851806
vt 0.433232814 0.917851806
vt 0.436524719 0.929321289
vt 0.433232814 0.929321289
vt 0.436524719 0.940835178
vt 0.433232814 0.940835178
vt 0.436524719 0.952043772
vt 0.433232814 0.952043772
vt 0.436524719 0.962617338
vt 0.433232814 0.962617338
vt 0.436524719 0.972143054
vt 0.433232814 0.972143054
vt 0.436524719 0.980338573
vt 0.433232814 0.980338573
vt 0.436524719 0.986947119
vt 0.433232814 0.986947119
vt 0.436524719 0.991774321
vt 0.433232814 0.991774321
vt 0.436524719 0.994722128
vt 0.433232814 0.994722128
vt 0.474250406 0.994734466
vt 0.474250406 0.991787016
vt 0.477499515 0.991787016
vt 0.477499515 0.994734466
vt 0.477499515 0.986959577
vt 0.474250406 0.986959577
vt 0.477499515 0.98035109
vt 0.474250406 0.98035109
vt 0.477499515 0.97215575
vt 0.474250406 0.97215575
vt 0.477499515 0.962629914
vt 0.474250406 0.962629914
vt 0.477499515 0.952056229
vt 0.474250406 0.952056229
vt 0.477499515 0.940847754
vt 0.474250406 0.940847754
vt 0.477499515 0.929333627
vt 0.474250406 0.929333627
vt 0.477499515 0.917864263
vt 0.474250406 0.917864263
vt 0.477499515 0.906812429
vt 0.474250406 0.906812429
vt 0.477499515 0.896483481
vt 0.474250406 0.896483481
vt 0.477499515 0.889147818
vt 0.474250406 0.889147818
vt 0.477499515 0.881970525
vt 0.474250406 0.881970525
vt 0.477499515 0.875557661
vt 0.474250406 0.875557661
vt 0.477499515 0.869780958
vt 0.474250406 0.869780958
vt 0.477499515 0.864541054
vt 0.474250406 0.864541054
vt 0.477499515 0.859365761
vt 0.474250406 0.859365761
vt 0.474250406 0.859353185
vt 0.474250406 0.864528596
vt 0.477499515 0.864528596
vt 0.477499515 0.859353185
vt 0.477499515 0.869768381
vt 0.474250406 0.869768381
vt 0.477499515 0.875545084
vt 0.474250406 0.875545084
vt 0.477499515 0.881958067
vt 0.474250406 0.881958067
vt 0.477499515 0.889135122
vt 0.474250406 0.889135122
vt 0.477499515 0.896470904
vt 0.474250406 0.896470904
vt 0.477499515 0.906799972
vt 0.474250406 0.906799972
vt 0.477499515 0.917851806
vt 0.474250406 0.917851806
vt 0.477499515 0.929321289
vt 0.474250406 0.929321289
vt 0.477499515 0.940835178
vt 0.474250406 0.940835178
vt 0.477499515 0.952043772
vt 0.474250406 0.952043772
vt 0.477499515 0.962617338
vt 0.474250406 0.962617338
vt 0.477499515 0.972143054
vt 0.474250406 0.972143054
vt 0.477499515 0.980338573
vt 0.474250406 0.980338573
vt 0.477499515 0.986947119
vt 0.474250406 0.986947119
vt 0.477499515 0.991774321
vt 0.474250406 0.991774321
vt 0.477499515 0.994722128
vt 0.474250406 0.994722128
vt 0.436524719 0.856063843
vt 0.436524719 0.856197655
vt 0.474250406 0.856197655
vt 0.474250406 0.856063843
vt 0.436524719 0.855842113
vt 0.474250406 0.855842113
vt 0.436524719 0.855544269
vt 0.474250406 0.855544269
vt 0.436524719 0.855180681
vt 0.474250406 0.855180681
vt 0.436524719 0.854760051
vt 0.474250406 0.854760051
vt 0.436524719 0.854296803
vt 0.474250406 0.854296803
vt 0.436524719 0.853808165
vt 0.474250406 0.853808165
vt 0.436524719 0.853306115
vt 0.474250406 0.853306115
vt 0.436524719 0.852808058
vt 0.474250406 0.852808058
vt 0.436524719 0.852330923
vt 0.474250406 0.852330923
vt 0.436524719 0.851891518
vt 0.474250406 0.851891518
vt 0.436524719 0.851587117
vt 0.474250406 0.851587117
vt 0.436524719 0.851295292
vt 0.474250406 0.851295292
vt 0.436524719 0.851052344
vt 0.474250406 0.851052344
vt 0.436524719 0.850849748
vt 0.474250406 0.850849748
vt 0.436524719 0.850668609
vt 0.474250406 0.850668609
vt 0.436524719 0.850486577
vt 0.474250406 0.850486577
vt 0.436524719 0.850304484
vt 0.474250406 0.850304484
vt 0.436524719 0.850123227
vt 0.474250406 0.850123227
vt 0.436524719 0.84992075
vt 0.474250406 0.84992075
vt 0.436524719 0.849677801
vt 0.474250406 0.849677801
vt 0.436524719 0.849385738
vt 0.474250406 0.849385738
vt 0.436524719 0.849081576
vt 0.474250406 0.849081576
vt 0.436524719 0.84864217
vt 0.474250406 0.84864217
vt 0.436524719 0.848164797
vt 0.474250406 0.848164797
vt 0.436524719 0.84766674
vt 0.474250406 0.84766674
vt 0.436524719 0.84716481
vt 0.474250406 0.84716481
vt 0.436524719 0.84667623
vt 0.474250406 0.84667623
vt 0.436524719 0.846212924
vt 0.474250406 0.846212924
vt 0.436524719 0.845792413
vt 0.474250406 0.845792413
vt 0.436524719 0.845428824
vt 0.474250406 0.845428824
vt 0.436524719 0.845130861
vt 0.474250406 0.845130861
vt 0.436524719 0.844909132
vt 0.474250406 0.844909132
vt 0.474250406 0.844775319
vt 0.436524719 0.844775319
vt 0.417221129 0.0843226016
vt 0.41762501 0.0843226016
vt 0.41762501 0.0846461654
vt 0.4168787 0.0846461654
vt 0.41837132 0.0846461654
vt 0.418028891 0.0843226016
vt 0.418680489 0.0846461654
vt 0.418196201 0.0843226016
vt 0.417053819 0.0843226016
vt 0.416569561 0.0846461654
vt 0.41762501 0.0851303935
vt 0.416649878 0.0851303935
vt 0.418600142 0.0851303935
vt 0.419004023 0.0851303935
vt 0.416246027 0.0851303935
vt 0.41762501 0.0857016146
vt 0.416569561 0.0857016146
vt 0.418680489 0.0857016146
vt 0.41911763 0.0857016146
vt 0.41613239 0.0857016146
vt 0.41762501 0.0862728059
vt 0.416649878 0.0862728059
vt 0.418600142 0.0862728059
vt 0.419004023 0.0862728059
vt 0.416246027 0.0862728059
vt 0.41762501 0.0867570937
vt 0.4168787 0.0867570937
vt 0.41837132 0.0867570937
vt 0.418680489 0.0867570937
vt 0.416569561 0.0867570937
vt 0.41762501 0.0870806277
vt 0.417221129 0.0870806277
vt 0.418028891 0.0870806277
vt 0.418196201 0.0870806277
vt 0.417053819 0.0870806277
vt 0.41762501 0.0871942341
vt 0.373443633 0.0609922223
vt 0.372535408 0.0609922223
vt 0.374393642 0.062774606
vt 0.376070291 0.062774606
vt 0.370343715 0.062774606
vt 0.370343715 0.0609922223
vt 0.36629495 0.062774606
vt 0.368152618 0.0609922223
vt 0.364617735 0.062774606
vt 0.367244363 0.0609922223
vt 0.375634193 0.0654421449
vt 0.377826422 0.0654421449
vt 0.370343715 0.0654421449
vt 0.365053266 0.0654421449
vt 0.36286211 0.0654421449
vt 0.376070291 0.0685886666
vt 0.378442377 0.0685886666
vt 0.370343715 0.0685886666
vt 0.364617735 0.0685886666
vt 0.362245053 0.0685886666
vt 0.375634193 0.0717351958
vt 0.377826422 0.0717351958
vt 0.370343715 0.0717351958
vt 0.365053266 0.0717351958
vt 0.36286211 0.0717351958
vt 0.374393642 0.0744027346
vt 0.376070291 0.0744027346
vt 0.370343715 0.0744027346
vt 0.36629495 0.0744027346
vt 0.364617735 0.0744027346
vt 0.372535408 0.0761851221
vt 0.373443633 0.0761851221
vt 0.370343715 0.0761851221
vt 0.368152618 0.0761851221
vt 0.367244363 0.0761851221
vt 0.370343715 0.0768109411
vt 0.41762501 0.0842089653
vt 0.370343715 0.0603663959
vt 0.417221129 0.0813539624
vt 0.41762501 0.0813539624
vt 0.41762501 0.0816775262
vt 0.4168787 0.0816775262
vt 0.41837132 0.0816775262
vt 0.418028891 0.0813539624
vt 0.417053819 0.0813539624
vt 0.416569561 0.0816775262
vt 0.41762501 0.0821617842
vt 0.416649878 0.0821617842
vt 0.418600142 0.0821617842
vt 0.416246027 0.0821617842
vt 0.41762501 0.0827329755
vt 0.416569561 0.0827329755
vt 0.418680489 0.0827329755
vt 0.41613239 0.0827329755
vt 0.41762501 0.0833041966
vt 0.416649878 0.0833041966
vt 0.418600142 0.0833041966
vt 0.416246027 0.0833041966
vt 0.41762501 0.0837884247
vt 0.4168787 0.0837884247
vt 0.41837132 0.0837884247
vt 0.416569561 0.0837884247
vt 0.41762501 0.0841119885
vt 0.417221129 0.0841119885
vt 0.418028891 0.0841119885
vt 0.417053819 0.0841119885
vt 0.41762501 0.0842256248
vt 0.372514933 0.060973987
vt 0.373422623 0.060973987
vt 0.376049846 0.062756367
vt 0.374372572 0.062756367
vt 0.37780568 0.0654237494
vt 0.375613987 0.0654237494
vt 0.378421903 0.0685702711
vt 0.376049846 0.0685702711
vt 0.37780568 0.0717169493
vt 0.375613987 0.0717169493
vt 0.376049846 0.074384518
vt 0.374372572 0.074384518
vt 0.373422623 0.0761668906
vt 0.372514933 0.0761668906
vt 0.370323271 0.0603480116
vt 0.370323271 0.0767927095
vt 0.373422623 0.060973987
vt 0.372514933 0.060973987
vt 0.374372572 0.062756367
vt 0.376049846 0.062756367
vt 0.370323271 0.062756367
vt 0.370323271 0.060973987
vt 0.36627388 0.062756367
vt 0.368131846 0.060973987
vt 0.375613987 0.0654237494
vt 0.37780568 0.0654237494
vt 0.370323271 0.0654237494
vt 0.365032792 0.0654237494
vt 0.376049846 0.0685702711
vt 0.378421903 0.0685702711
vt 0.370323271 0.0685702711
vt 0.364596665 0.0685702711
vt 0.375613987 0.0717169493
vt 0.37780568 0.0717169493
vt 0.370323271 0.0717169493
vt 0.365032792 0.0717169493
vt 0.374372572 0.074384518
vt 0.376049846 0.074384518
vt 0.370323271 0.074384518
vt 0.36627388 0.074384518
vt 0.372514933 0.0761668906
vt 0.373422623 0.0761668906
vt 0.370323271 0.0761668906
vt 0.368131846 0.0761668906
vt 0.370323271 0.0767927095
vt 0.417221129 0.0813539624
vt 0.417053819 0.0813539624
vt 0.416569561 0.0816775262
vt 0.4168787 0.0816775262
vt 0.416246027 0.0821617842
vt 0.416649878 0.0821617842
vt 0.41613239 0.0827329755
vt 0.416569561 0.0827329755
vt 0.416246027 0.0833041966
vt 0.416649878 0.0833041966
vt 0.416569561 0.0837884247
vt 0.4168787 0.0837884247
vt 0.417053819 0.0841119885
vt 0.417221129 0.0841119885
vt 0.41762501 0.081240356
vt 0.41762501 0.0842256248
vt 0.41762501 0.081240356
vt 0.370323271 0.0603480116
vt 0.346917629 0.128023863
vt 0.346917629 0.113304622
vt 0.406229258 0.113304622
vt 0.406229258 0.128023863
vt 0.346917629 0.139093876
vt 0.346917629 0.128023863
vt 0.406229258 0.128023863
vt 0.406229258 0.139093876
vt 0.346917629 0.153813481
vt 0.346917629 0.139093876
vt 0.406229258 0.139093876
vt 0.406229258 0.153813481
vt 0.406229258 0.113304622
vt 0.346917629 0.113304622
vt 0.346917629 0.0988531113
vt 0.406229258 0.0988531113
vt 0.414397478 0.128023863
vt 0.414397478 0.139093876
vt 0.406229258 0.139093876
vt 0.406229258 0.128023863
vt 0.340299845 0.139093876
vt 0.340299845 0.128023863
vt 0.346917629 0.128023863
vt 0.346917629 0.139093876
vt 0.436524719 0.994734466
vt 0.436524719 0.991787016
vt 0.474250406 0.991787016
vt 0.474250406 0.994734466
vt 0.474250406 0.986959577
vt 0.436524719 0.986959577
vt 0.474250406 0.98035109
vt 0.436524719 0.98035109
vt 0.474250406 0.97215575
vt 0.436524719 0.97215575
vt 0.474250406 0.962629914
vt 0.436524719 0.962629914
vt 0.474250406 0.952056229
vt 0.436524719 0.952056229
vt 0.474250406 0.940847754
vt 0.436524719 0.940847754
vt 0.474250406 0.929333627
vt 0.436524719 0.929333627
vt 0.474250406 0.917823493
vt 0.436524719 0.917823493
vt 0.474250406 0.906812429
vt 0.436524719 0.906812429
vt 0.474250406 0.896483481
vt 0.436524719 0.896483481
vt 0.474250406 0.8891536
vt 0.436524719 0.8891536
vt 0.474250406 0.881988406
vt 0.436524719 0.881988406
vt 0.474250406 0.875585735
vt 0.436524719 0.875585735
vt 0.474250406 0.869818449
vt 0.436524719 0.869818449
vt 0.474250406 0.864587426
vt 0.436524719 0.864587426
vt 0.474250406 0.859365761
vt 0.436524719 0.859365761
vt 0.436524719 0.859353185
vt 0.436524719 0.864528596
vt 0.474250406 0.864528596
vt 0.474250406 0.859353185
vt 0.474250406 0.869768381
vt 0.436524719 0.869768381
vt 0.474250406 0.875545084
vt 0.436524719 0.875545084
vt 0.474250406 0.881958067
vt 0.436524719 0.881958067
vt 0.474250406 0.889135122
vt 0.436524719 0.889135122
vt 0.474250406 0.896470904
vt 0.436524719 0.896470904
vt 0.474250406 0.906799972
vt 0.436524719 0.906799972
vt 0.474250406 0.917851806
vt 0.436524719 0.917851806
vt 0.474250406 0.929321289
vt 0.436524719 0.929321289
vt 0.474250406 0.940835178
vt 0.436524719 0.940835178
vt 0.474250406 0.952043772
vt 0.436524719 0.952043772
vt 0.474250406 0.962617338
vt 0.436524719 0.962617338
vt 0.474250406 0.972143054
vt 0.436524719 0.972143054
vt 0.474250406 0.980338573
vt 0.436524719 0.980338573
vt 0.474250406 0.986947119
vt 0.436524719 0.986947119
vt 0.474250406 0.99177444
vt 0.436524719 0.99177444
vt 0.474250406 0.994722128
vt 0.436524719 0.994722128
vt 0.436524719 0.991787016
vt 0.436524719 0.994734466
vt 0.433232814 0.994734466
vt 0.433232814 0.991787016
vt 0.436524719 0.986959577
vt 0.433232814 0.986959577
vt 0.436524719 0.98035109
vt 0.433232814 0.98035109
vt 0.436524719 0.97215575
vt 0.433232814 0.97215575
vt 0.436524719 0.962629914
vt 0.433232814 0.962629914
vt 0.436524719 0.952056229
vt 0.433232814 0.952056229
vt 0.436524719 0.940847754
vt 0.433232814 0.940847754
vt 0.436524719 0.929333627
vt 0.433232814 0.929333627
vt 0.436524719 0.917823493
vt 0.433232814 0.917823493
vt 0.436524719 0.906812429
vt 0.433232814 0.906812429
vt 0.436524719 0.896483481
vt 0.433232814 0.896483481
vt 0.436524719 0.8891536
vt 0.433232814 0.889153719
vt 0.436524719 0.881988406
vt 0.433232814 0.881988406
vt 0.436524719 0.875585735
vt 0.433232814 0.875585735
vt 0.436524719 0.869818449
vt 0.433232814 0.869818449
vt 0.436524719 0.864587426
vt 0.433232814 0.864587426
vt 0.436524719 0.859365761
vt 0.433232814 0.859365761
vt 0.436524719 0.864528596
vt 0.436524719 0.859353185
vt 0.433232814 0.859353185
vt 0.433232814 0.864528596
vt 0.436524719 0.869768381
vt 0.433232814 0.869768381
vt 0.436524719 0.875545084
vt 0.433232814 0.875545084
vt 0.436524719 0.881958067
vt 0.433232814 0.881958067
vt 0.436524719 0.889135122
vt 0.433232814 0.889135122
vt 0.436524719 0.896470904
vt 0.433232814 0.896470904
vt 0.436524719 0.906799972
vt 0.433232814 0.906799972
vt 0.436524719 0.917851806
vt 0.433232814 0.917851806
vt 0.436524719 0.929321289
vt 0.433232814 0.929321289
vt 0.436524719 0.940835178
vt 0.433232814 0.940835178
vt 0.436524719 0.952043772
vt 0.433232814 0.952043772
vt 0.436524719 0.962617338
vt 0.433232814 0.962617338
vt 0.436524719 0.972143054
vt 0.433232814 0.972143054
vt 0.436524719 0.980338573
vt 0.433232814 0.980338573
vt 0.436524719 0.986947119
vt 0.433232814 0.986947119
vt 0.436524719 0.99177444
vt 0.433232814 0.99177444
vt 0.436524719 0.994722128
vt 0.433232814 0.994722128
vt 0.474250406 0.994734466
vt 0.474250406 0.991787016
vt 0.477499515 0.991787016
vt 0.477499515 0.994734466
vt 0.477499515 0.986959577
vt 0.474250406 0.986959577
vt 0.477499515 0.98035109
vt 0.474250406 0.98035109
vt 0.477499515 0.97215575
vt 0.474250406 0.97215575
vt 0.477499515 0.962629914
vt 0.474250406 0.962629914
vt 0.477499515 0.952056229
vt 0.474250406 0.952056229
vt 0.477499515 0.940847754
vt 0.474250406 0.940847754
vt 0.477499515 0.929333627
vt 0.474250406 0.929333627
vt 0.477499515 0.917823493
vt 0.474250406 0.917823493
vt 0.477499515 0.906812429
vt 0.474250406 0.906812429
vt 0.477499515 0.896483481
vt 0.474250406 0.896483481
vt 0.477499515 0.889153719
vt 0.474250406 0.8891536
vt 0.477499515 0.881988406
vt 0.474250406 0.881988406
vt 0.477499515 0.875585735
vt 0.474250406 0.875585735
vt 0.477499515 0.869818449
vt 0.474250406 0.869818449
vt 0.477499515 0.864587426
vt 0.474250406 0.864587426
vt 0.477499515 0.859365761
vt 0.474250406 0.859365761
vt 0.474250406 0.859353185
vt 0.474250406 0.864528596
vt 0.477499515 0.864528596
vt 0.477499515 0.859353185
vt 0.477499515 0.869768381
vt 0.474250406 0.869768381
vt 0.477499515 0.875545084
vt 0.474250406 0.875545084
vt 0.477499515 0.881958067
vt 0.474250406 0.881958067
vt 0.477499515 0.889135122
vt 0.474250406 0.889135122
vt 0.477499515 0.896470904
vt 0.474250406 0.896470904
vt 0.477499515 0.906799972
vt 0.474250406 0.906799972
vt 0.477499515 0.917851806
vt 0.474250406 0.917851806
vt 0.477499515 0.929321289
vt 0.474250406 0.929321289
vt 0.477499515 0.940835178
vt 0.474250406 0.940835178
vt 0.477499515 0.952043772
vt 0.474250406 0.952043772
vt 0.477499515 0.962617338
vt 0.474250406 0.962617338
vt 0.477499515 0.972143054
vt 0.474250406 0.972143054
vt 0.477499515 0.980338573
vt 0.474250406 0.980338573
vt 0.477499515 0.986947119
vt 0.474250406 0.986947119
vt 0.477499515 0.99177444
vt 0.474250406 0.99177444
vt 0.477499515 0.994722128
vt 0.474250406 0.994722128
vt 0.474250406 0.844909132
vt 0.474250406 0.844775319
vt 0.436524719 0.844775319
vt 0.436524719 0.844909132
vt 0.474250406 0.845130861
vt 0.436524719 0.845130861
vt 0.474250406 0.845428824
vt 0.436524719 0.845428824
vt 0.474250406 0.845792413
vt 0.436524719 0.845792413
vt 0.474250406 0.846212924
vt 0.436524719 0.846212924
vt 0.474250406 0.84667623
vt 0.436524719 0.84667623
vt 0.474250406 0.84716481
vt 0.436524719 0.84716481
vt 0.474250406 0.84766674
vt 0.436524719 0.84766674
vt 0.474250406 0.848164797
vt 0.436524719 0.848164797
vt 0.474250406 0.84864217
vt 0.436524719 0.84864217
vt 0.474250406 0.849081576
vt 0.436524719 0.849081576
vt 0.474250406 0.849388003
vt 0.436524719 0.849388003
vt 0.474250406 0.849679053
vt 0.436524719 0.849679053
vt 0.474250406 0.849921286
vt 0.436524719 0.849921286
vt 0.474250406 0.850123227
vt 0.436524719 0.850123227
vt 0.474250406 0.850303769
vt 0.436524719 0.850303769
vt 0.474250406 0.850485325
vt 0.436524719 0.850485325
vt 0.474250406 0.850666583
vt 0.436524719 0.850666583
vt 0.474250406 0.850847363
vt 0.436524719 0.850847363
vt 0.474250406 0.851052344
vt 0.436524719 0.851052344
vt 0.474250406 0.851295292
vt 0.436524719 0.851295292
vt 0.474250406 0.851587117
vt 0.436524719 0.851587117
vt 0.474250406 0.851891518
vt 0.436524719 0.851891518
vt 0.474250406 0.852330923
vt 0.436524719 0.852330923
vt 0.474250406 0.852808058
vt 0.436524719 0.852808058
vt 0.474250406 0.853306115
vt 0.436524719 0.853306115
vt 0.474250406 0.853808165
vt 0.436524719 0.853808165
vt 0.474250406 0.854296803
vt 0.436524719 0.854296803
vt 0.474250406 0.854760051
vt 0.436524719 0.854760051
vt 0.474250406 0.855180681
vt 0.436524719 0.855180681
vt 0.474250406 0.855544269
vt 0.436524719 0.855544269
vt 0.474250406 0.855842113
vt 0.436524719 0.855842113
vt 0.474250406 0.856063843
vt 0.436524719 0.856063843
vt 0.436524719 0.856197655
vt 0.474250406 0.856197655
vt 0.418152511 0.0840667784
vt 0.418437064 0.0844039619
vt 0.41770345 0.0842435658
vt 0.417755544 0.0839799345
vt 0.41696614 0.084151119
vt 0.417356431 0.0839299262
vt 0.416657031 0.0841808617
vt 0.417189181 0.0839460194
vt 0.418314993 0.0841395557
vt 0.418737233 0.0845384896
vt 0.417623103 0.0846821964
vt 0.418581665 0.0848918259
vt 0.416659772 0.0845614374
vt 0.416256011 0.0846003592
vt 0.418973982 0.0850675404
vt 0.417526782 0.0852291286
vt 0.418564379 0.0854560435
vt 0.416484177 0.0850984752
vt 0.416047037 0.0851404965
vt 0.418988883 0.0856462419
vt 0.417429149 0.0858010948
vt 0.418387711 0.0860107243
vt 0.416465819 0.0856803358
vt 0.416062057 0.085719198
vt 0.41877991 0.0861864388
vt 0.417344987 0.0863109529
vt 0.418078721 0.0864714086
vt 0.416607678 0.0862185061
vt 0.416298687 0.0862482488
vt 0.41837889 0.0866058767
vt 0.417287171 0.0866810977
vt 0.417684257 0.0867679417
vt 0.416888177 0.0866310894
vt 0.416720927 0.0866471827
vt 0.417846739 0.086840719
vt 0.417264521 0.0868552625
vt 0.412459463 0.0607084855
vt 0.409680516 0.0624552891
vt 0.411466748 0.0629605576
vt 0.413426191 0.060981892
vt 0.415694267 0.0632560179
vt 0.415714115 0.0611418113
vt 0.419886589 0.0631686971
vt 0.417983025 0.0610945448
vt 0.421587914 0.0627496168
vt 0.418903708 0.060867779
vt 0.410118192 0.0657856464
vt 0.407784343 0.065125525
vt 0.415641576 0.0661716461
vt 0.421119213 0.0660575628
vt 0.423342139 0.0655100346
vt 0.409585834 0.0690271258
vt 0.40705961 0.068312645
vt 0.415564388 0.0694449544
vt 0.421493292 0.069321394
vt 0.423899382 0.0687288046
vt 0.409950793 0.0721915364
vt 0.407616913 0.071531415
vt 0.415474296 0.0725775361
vt 0.420951784 0.0724633932
vt 0.423174709 0.0719158649
vt 0.411157459 0.0747969747
vt 0.409371197 0.0742918253
vt 0.415384918 0.0750925541
vt 0.41957733 0.0750051141
vt 0.421278596 0.0745860338
vt 0.413022101 0.0764470696
vt 0.412055343 0.0761736631
vt 0.415309966 0.0766069889
vt 0.417578846 0.0765597224
vt 0.418499619 0.0763328671
vt 0.415260822 0.0768903494
vt 0.417771399 0.0839314759
vt 0.417189181 0.0839460194
vt 0.417771399 0.0839314759
vt 0.417356431 0.0839299262
vt 0.41569832 0.0601510033
vt 0.418152511 0.0840667784
vt 0.417771399 0.0839314759
vt 0.418314993 0.0841395557
vt 0.412055343 0.0761736631
vt 0.415260822 0.0768903494
vt 0.413022101 0.0764470696
vt 0.417578846 0.0765597224
vt 0.415260822 0.0768903494
vt 0.418499619 0.0763328671
vt 0.418656528 0.0811593235
vt 0.418941081 0.0814965665
vt 0.418207467 0.0813361108
vt 0.418259561 0.0810725093
vt 0.417470157 0.0812436938
vt 0.417860568 0.0810224712
vt 0.417161047 0.0812734365
vt 0.417693198 0.0810385942
vt 0.41881901 0.0812321007
vt 0.419241369 0.0816310346
vt 0.418127239 0.0817747712
vt 0.419085681 0.0819844007
vt 0.417163789 0.081654042
vt 0.416760027 0.0816929042
vt 0.419477999 0.0821601152
vt 0.418030918 0.0823216736
vt 0.419068396 0.0825485885
vt 0.416988194 0.0821910203
vt 0.416551054 0.0822330713
vt 0.4194929 0.0827387869
vt 0.417933166 0.0828936398
vt 0.418891728 0.0831032693
vt 0.416969836 0.0827728808
vt 0.416566074 0.082811743
vt 0.419284046 0.0832789838
vt 0.417849123 0.0834034979
vt 0.418582737 0.0835639536
vt 0.417111814 0.0833111107
vt 0.416802704 0.0833408535
vt 0.418882906 0.0836984217
vt 0.417791307 0.0837737024
vt 0.418188274 0.0838604867
vt 0.417392194 0.0837236345
vt 0.417224944 0.0837397873
vt 0.418350756 0.0839333236
vt 0.417768538 0.0839478076
vt 0.412468314 0.0607003011
vt 0.409689307 0.0624471307
vt 0.411475539 0.0629523396
vt 0.413434982 0.0609737374
vt 0.415702999 0.0632478297
vt 0.415722907 0.061133638
vt 0.419895381 0.0631604418
vt 0.417991757 0.0610863492
vt 0.421596676 0.0627414063
vt 0.41891259 0.0608595684
vt 0.410127014 0.0657774284
vt 0.407793194 0.0651173145
vt 0.415650487 0.0661634803
vt 0.421128035 0.0660493374
vt 0.42335096 0.0655018091
vt 0.409594685 0.0690189004
vt 0.407068521 0.0683043897
vt 0.41557321 0.0694367588
vt 0.421502113 0.0693131834
vt 0.423908204 0.068720594
vt 0.409959525 0.0721832514
vt 0.407625765 0.0715232044
vt 0.415483117 0.0725693405
vt 0.420960665 0.072455138
vt 0.42318356 0.0719076395
vt 0.411166251 0.074788779
vt 0.409379989 0.0742835701
vt 0.41539377 0.0750842392
vt 0.419586062 0.0749968588
vt 0.421287417 0.074577868
vt 0.413030863 0.0764388144
vt 0.412064165 0.0761653781
vt 0.415318727 0.0765987337
vt 0.417587698 0.0765514374
vt 0.41850841 0.0763246715
vt 0.415269673 0.0768821537
vt 0.418275416 0.0810240805
vt 0.417693198 0.0810385942
vt 0.418275416 0.0810240805
vt 0.417860568 0.0810224712
vt 0.415707052 0.0601428486
vt 0.418656528 0.0811593235
vt 0.418275416 0.0810240805
vt 0.41881901 0.0812321007
vt 0.412064165 0.0761653781
vt 0.415269673 0.0768821537
vt 0.413030863 0.0764388144
vt 0.417587698 0.0765514374
vt 0.415269673 0.0768821537
vt 0.41850841 0.0763246715
vt 0.346917629 0.128023863
vt 0.406229258 0.128023863
vt 0.406229258 0.113304622
vt 0.346917629 0.113304622
vt 0.346917629 0.139093876
vt 0.406229258 0.139093876
vt 0.406229258 0.128023863
vt 0.346917629 0.128023863
vt 0.346917629 0.153813362
vt 0.406229258 0.153813362
vt 0.406229258 0.139093876
vt 0.346917629 0.139093876
vt 0.406229258 0.113304622
vt 0.406229258 0.0988531113
vt 0.346917629 0.0988531113
vt 0.346917629 0.113304622
vt 0.414397478 0.128023863
vt 0.406229258 0.128023863
vt 0.406229258 0.139093876
vt 0.414397478 0.139093876
vt 0.340299845 0.139093876
vt 0.346917629 0.139093876
vt 0.346917629 0.128023863
vt 0.340299845 0.128023863
vt 0.47420761 0.994734466
vt 0.436481923 0.994734466
vt 0.436481923 0.991787016
vt 0.47420761 0.991787016
vt 0.436481923 0.986959577
vt 0.47420761 0.986959577
vt 0.436481923 0.98035109
vt 0.47420761 0.98035109
vt 0.436481923 0.97215575
vt 0.47420761 0.97215575
vt 0.436481923 0.962629914
vt 0.47420761 0.962629914
vt 0.436481923 0.952056229
vt 0.47420761 0.952056229
vt 0.436481923 0.940847754
vt 0.47420761 0.940847754
vt 0.436481923 0.929333627
vt 0.47420761 0.929333627
vt 0.436481923 0.917864263
vt 0.47420761 0.917864263
vt 0.436481923 0.906812429
vt 0.47420761 0.906812429
vt 0.436481923 0.896483481
vt 0.47420761 0.896483481
vt 0.436481923 0.889147818
vt 0.47420761 0.889147818
vt 0.436481923 0.881970525
vt 0.47420761 0.881970525
vt 0.436481923 0.875557661
vt 0.47420761 0.875557661
vt 0.436481923 0.869780958
vt 0.47420761 0.869780958
vt 0.436481923 0.864541054
vt 0.47420761 0.864541054
vt 0.436481923 0.859365761
vt 0.47420761 0.859365761
vt 0.47420761 0.859353185
vt 0.436481923 0.859353185
vt 0.436481923 0.864528596
vt 0.47420761 0.864528596
vt 0.436481923 0.869768381
vt 0.47420761 0.869768381
vt 0.436481923 0.875545084
vt 0.47420761 0.875545084
vt 0.436481923 0.881958067
vt 0.47420761 0.881958067
vt 0.436481923 0.889135122
vt 0.47420761 0.889135122
vt 0.436481923 0.896470904
vt 0.47420761 0.896470904
vt 0.436481923 0.906799972
vt 0.47420761 0.906799972
vt 0.436481923 0.917851806
vt 0.47420761 0.917851806
vt 0.436481923 0.929321289
vt 0.47420761 0.929321289
vt 0.436481923 0.940835178
vt 0.47420761 0.940835178
vt 0.436481923 0.952043772
vt 0.47420761 0.952043772
vt 0.436481923 0.962617338
vt 0.47420761 0.962617338
vt 0.436481923 0.972143054
vt 0.47420761 0.972143054
vt 0.436481923 0.980338573
vt 0.47420761 0.980338573
vt 0.436481923 0.986947119
vt 0.47420761 0.986947119
vt 0.436481923 0.991774321
vt 0.47420761 0.991774321
vt 0.436481923 0.994722128
vt 0.47420761 0.994722128
vt 0.47420761 0.991787016
vt 0.477499515 0.991787016
vt 0.477499515 0.994734466
vt 0.47420761 0.994734466
vt 0.47420761 0.986959577
vt 0.477499515 0.986959577
vt 0.47420761 0.98035109
vt 0.477499515 0.98035109
vt 0.47420761 0.97215575
vt 0.477499515 0.97215575
vt 0.47420761 0.962629914
vt 0.477499515 0.962629914
vt 0.47420761 0.952056229
vt 0.477499515 0.952056229
vt 0.47420761 0.940847754
vt 0.477499515 0.940847754
vt 0.47420761 0.929333627
vt 0.477499515 0.929333627
vt 0.47420761 0.917864263
vt 0.477499515 0.917864263
vt 0.47420761 0.906812429
vt 0.477499515 0.906812429
vt 0.47420761 0.896483481
vt 0.477499515 0.896483481
vt 0.47420761 0.889147818
vt 0.477499515 0.889147818
vt 0.47420761 0.881970525
vt 0.477499515 0.881970525
vt 0.47420761 0.875557661
vt 0.477499515 0.875557661
vt 0.47420761 0.869780958
vt 0.477499515 0.869780958
vt 0.47420761 0.864541054
vt 0.477499515 0.864541054
vt 0.47420761 0.859365761
vt 0.477499515 0.859365761
vt 0.47420761 0.864528596
vt 0.477499515 0.864528596
vt 0.477499515 0.859353185
vt 0.47420761 0.859353185
vt 0.47420761 0.869768381
vt 0.477499515 0.869768381
vt 0.47420761 0.875545084
vt 0.477499515 0.875545084
vt 0.47420761 0.881958067
vt 0.477499515 0.881958067
vt 0.47420761 0.889135122
vt 0.477499515 0.889135122
vt 0.47420761 0.896470904
vt 0.477499515 0.896470904
vt 0.47420761 0.906799972
vt 0.477499515 0.906799972
vt 0.47420761 0.917851806
vt 0.477499515 0.917851806
vt 0.47420761 0.929321289
vt 0.477499515 0.929321289
vt 0.47420761 0.940835178
vt 0.477499515 0.940835178
vt 0.47420761 0.952043772
vt 0.477499515 0.952043772
vt 0.47420761 0.962617338
vt 0.477499515 0.962617338
vt 0.47420761 0.972143054
vt 0.477499515 0.972143054
vt 0.47420761 0.980338573
vt 0.477499515 0.980338573
vt 0.47420761 0.986947119
vt 0.477499515 0.986947119
vt 0.47420761 0.991774321
vt 0.477499515 0.991774321
vt 0.47420761 0.994722128
vt 0.477499515 0.994722128
vt 0.436481923 0.994734466
vt 0.433232814 0.994734466
vt 0.433232814 0.991787016
vt 0.436481923 0.991787016
vt 0.433232814 0.986959577
vt 0.436481923 0.986959577
vt 0.433232814 0.98035109
vt 0.436481923 0.98035109
vt 0.433232814 0.97215575
vt 0.436481923 0.97215575
vt 0.433232814 0.962629914
vt 0.436481923 0.962629914
vt 0.433232814 0.952056229
vt 0.436481923 0.952056229
vt 0.433232814 0.940847754
vt 0.436481923 0.940847754
vt 0.433232814 0.929333627
vt 0.436481923 0.929333627
vt 0.433232814 0.917864263
vt 0.436481923 0.917864263
vt 0.433232814 0.906812429
vt 0.436481923 0.906812429
vt 0.433232814 0.896483481
vt 0.436481923 0.896483481
vt 0.433232814 0.889147818
vt 0.436481923 0.889147818
vt 0.433232814 0.881970525
vt 0.436481923 0.881970525
vt 0.433232814 0.875557661
vt 0.436481923 0.875557661
vt 0.433232814 0.869780958
vt 0.436481923 0.869780958
vt 0.433232814 0.864541054
vt 0.436481923 0.864541054
vt 0.433232814 0.859365761
vt 0.436481923 0.859365761
vt 0.436481923 0.859353185
vt 0.433232814 0.859353185
vt 0.433232814 0.864528596
vt 0.436481923 0.864528596
vt 0.433232814 0.869768381
vt 0.436481923 0.869768381
vt 0.433232814 0.875545084
vt 0.436481923 0.875545084
vt 0.433232814 0.881958067
vt 0.436481923 0.881958067
vt 0.433232814 0.889135122
vt 0.436481923 0.889135122
vt 0.433232814 0.896470904
vt 0.436481923 0.896470904
vt 0.433232814 0.906799972
vt 0.436481923 0.906799972
vt 0.433232814 0.917851806
vt 0.436481923 0.917851806
vt 0.433232814 0.929321289
vt 0.436481923 0.929321289
vt 0.433232814 0.940835178
vt 0.436481923 0.940835178
vt 0.433232814 0.952043772
vt 0.436481923 0.952043772
vt 0.433232814 0.962617338
vt 0.436481923 0.962617338
vt 0.433232814 0.972143054
vt 0.436481923 0.972143054
vt 0.433232814 0.980338573
vt 0.436481923 0.980338573
vt 0.433232814 0.986947119
vt 0.436481923 0.986947119
vt 0.433232814 0.991774321
vt 0.436481923 0.991774321
vt 0.433232814 0.994722128
vt 0.436481923 0.994722128
vt 0.47420761 0.856063843
vt 0.436481923 0.856063843
vt 0.436481923 0.856197655
vt 0.47420761 0.856197655
vt 0.47420761 0.855842113
vt 0.436481923 0.855842113
vt 0.47420761 0.855544269
vt 0.436481923 0.855544269
vt 0.47420761 0.855180681
vt 0.436481923 0.855180681
vt 0.47420761 0.854760051
vt 0.436481923 0.854760051
vt 0.47420761 0.854296803
vt 0.436481923 0.854296803
vt 0.47420761 0.853808165
vt 0.436481923 0.853808165
vt 0.47420761 0.853306115
vt 0.436481923 0.853306115
vt 0.47420761 0.852808058
vt 0.436481923 0.852808058
vt 0.47420761 0.852330923
vt 0.436481923 0.852330923
vt 0.47420761 0.851891518
vt 0.436481923 0.851891518
vt 0.47420761 0.851587117
vt 0.436481923 0.851587117
vt 0.47420761 0.851295292
vt 0.436481923 0.851295292
vt 0.47420761 0.851052344
vt 0.436481923 0.851052344
vt 0.47420761 0.850849748
vt 0.436481923 0.850849748
vt 0.47420761 0.850668609
vt 0.436481923 0.850668609
vt 0.47420761 0.850486577
vt 0.436481923 0.850486577
vt 0.47420761 0.850304484
vt 0.436481923 0.850304484
vt 0.47420761 0.850123227
vt 0.436481923 0.850123227
vt 0.47420761 0.84992075
vt 0.436481923 0.84992075
vt 0.47420761 0.849677801
vt 0.436481923 0.849677801
vt 0.47420761 0.849385738
vt 0.436481923 0.849385738
vt 0.47420761 0.849081576
vt 0.436481923 0.849081576
vt 0.47420761 0.84864217
vt 0.436481923 0.84864217
vt 0.47420761 0.848164797
vt 0.436481923 0.848164797
vt 0.47420761 0.84766674
vt 0.436481923 0.84766674
vt 0.47420761 0.84716481
vt 0.436481923 0.84716481
vt 0.47420761 0.84667623
vt 0.436481923 0.84667623
vt 0.47420761 0.846212924
vt 0.436481923 0.846212924
vt 0.47420761 0.845792413
vt 0.436481923 0.845792413
vt 0.47420761 0.845428824
vt 0.436481923 0.845428824
vt 0.47420761 0.845130861
vt 0.436481923 0.845130861
vt 0.47420761 0.844909132
vt 0.436481923 0.844909132
vt 0.436481923 0.844775319
vt 0.47420761 0.844775319
vt 0.417774618 0.0840552151
vt 0.418116987 0.0843787789
vt 0.417370677 0.0843787789
vt 0.417370677 0.0840552151
vt 0.416624367 0.0843787789
vt 0.416966796 0.0840552151
vt 0.416315258 0.0843787789
vt 0.416799486 0.0840552151
vt 0.417941868 0.0840552151
vt 0.418426156 0.0843787789
vt 0.417370677 0.0848630071
vt 0.418345809 0.0848630071
vt 0.416395545 0.0848630071
vt 0.415991664 0.0848630071
vt 0.41874969 0.0848630071
vt 0.417370677 0.0854342282
vt 0.418426156 0.0854342282
vt 0.416315258 0.0854342282
vt 0.415878057 0.0854342282
vt 0.418863356 0.0854342282
vt 0.417370677 0.0860054195
vt 0.418345809 0.0860054195
vt 0.416395545 0.0860054195
vt 0.415991664 0.0860054195
vt 0.41874969 0.0860054195
vt 0.417370677 0.0864897072
vt 0.418116987 0.0864897072
vt 0.416624367 0.0864897072
vt 0.416315258 0.0864897072
vt 0.418426156 0.0864897072
vt 0.417370677 0.0868132412
vt 0.417774618 0.0868132412
vt 0.416966796 0.0868132412
vt 0.416799486 0.0868132412
vt 0.417941868 0.0868132412
vt 0.417370677 0.0869268477
vt 0.391493738 0.0614834875
vt 0.388891518 0.0632455945
vt 0.39055261 0.0632455945
vt 0.392393529 0.0614834875
vt 0.394564837 0.0632455945
vt 0.394564837 0.0614834875
vt 0.398575872 0.0632455945
vt 0.396735549 0.0614834875
vt 0.40023753 0.0632455945
vt 0.397635311 0.0614834875
vt 0.389323592 0.065882802
vt 0.387151748 0.065882802
vt 0.394564837 0.065882802
vt 0.399806023 0.065882802
vt 0.401976734 0.065882802
vt 0.388891518 0.0689935312
vt 0.386541516 0.0689935312
vt 0.394564837 0.0689935312
vt 0.40023753 0.0689935312
vt 0.402588099 0.0689935312
vt 0.389323592 0.0721042529
vt 0.387151748 0.0721042529
vt 0.394564837 0.0721042529
vt 0.399806023 0.0721042529
vt 0.401976734 0.0721042529
vt 0.39055261 0.0747414604
vt 0.388891518 0.0747414604
vt 0.394564837 0.0747414604
vt 0.398575872 0.0747414604
vt 0.40023753 0.0747414604
vt 0.392393529 0.0765035674
vt 0.391493738 0.0765035674
vt 0.394564837 0.0765035674
vt 0.396735549 0.0765035674
vt 0.397635311 0.0765035674
vt 0.394564837 0.0771222711
vt 0.417370677 0.0839415789
vt 0.394564837 0.0608647838
vt 0.417774618 0.081086576
vt 0.418116987 0.0814101398
vt 0.417370677 0.0814101398
vt 0.417370677 0.081086576
vt 0.416624367 0.0814101398
vt 0.416966796 0.081086576
vt 0.416315258 0.0814101398
vt 0.416799486 0.081086576
vt 0.417941868 0.081086576
vt 0.418426156 0.0814101398
vt 0.417370677 0.0818943977
vt 0.418345809 0.0818943977
vt 0.416395545 0.0818943977
vt 0.415991664 0.0818943977
vt 0.41874969 0.0818943977
vt 0.417370677 0.082465589
vt 0.418426156 0.082465589
vt 0.416315258 0.082465589
vt 0.415878057 0.082465589
vt 0.418863356 0.082465589
vt 0.417370677 0.0830368102
vt 0.418345809 0.0830368102
vt 0.416395545 0.0830368102
vt 0.415991664 0.0830368102
vt 0.41874969 0.0830368102
vt 0.417370677 0.0835210383
vt 0.418116987 0.0835210383
vt 0.416624367 0.0835210383
vt 0.416315258 0.0835210383
vt 0.418426156 0.0835210383
vt 0.417370677 0.0838446021
vt 0.417774618 0.0838446021
vt 0.416966796 0.0838446021
vt 0.416799486 0.0838446021
vt 0.417941868 0.0838446021
vt 0.417370677 0.0839582384
vt 0.391618967 0.0614314824
vt 0.389016181 0.063193582
vt 0.39067781 0.063193582
vt 0.392518163 0.0614314824
vt 0.394689441 0.063193582
vt 0.394689441 0.0614314824
vt 0.398701102 0.063193582
vt 0.396860451 0.0614314824
vt 0.40036276 0.063193582
vt 0.397759676 0.0614314824
vt 0.389447957 0.065830633
vt 0.387276649 0.065830633
vt 0.394689441 0.065830633
vt 0.399930686 0.065830633
vt 0.402101964 0.065830633
vt 0.389016181 0.0689413771
vt 0.386666179 0.0689413771
vt 0.394689441 0.0689413771
vt 0.40036276 0.0689413771
vt 0.402712464 0.0689413771
vt 0.389447957 0.0720522478
vt 0.387276649 0.0720522478
vt 0.394689441 0.0720522478
vt 0.399930686 0.0720522478
vt 0.402101964 0.0720522478
vt 0.39067781 0.0746894628
vt 0.389016181 0.0746894628
vt 0.394689441 0.0746894628
vt 0.398701102 0.0746894628
vt 0.40036276 0.0746894628
vt 0.392518163 0.0764515623
vt 0.391618967 0.0764515623
vt 0.394689441 0.0764515623
vt 0.396860451 0.0764515623
vt 0.397759676 0.0764515623
vt 0.394689441 0.0770702735
vt 0.417370677 0.0809729695
vt 0.394689441 0.0608126223
vt 0.346917629 0.128023863
vt 0.406229258 0.128023863
vt 0.406229258 0.113304622
vt 0.346917629 0.113304622
vt 0.346917629 0.139093876
vt 0.406229258 0.139093876
vt 0.406229258 0.128023863
vt 0.346917629 0.128023863
vt 0.346917629 0.153813481
vt 0.406229258 0.153813481
vt 0.406229258 0.139093876
vt 0.346917629 0.139093876
vt 0.406229258 0.113304622
vt 0.406229258 0.0988531113
vt 0.346917629 0.0988531113
vt 0.346917629 0.113304622
vt 0.414397478 0.128023863
vt 0.406229258 0.128023863
vt 0.406229258 0.139093876
vt 0.414397478 0.139093876
vt 0.340299845 0.139093876
vt 0.346917629 0.139093876
vt 0.346917629 0.128023863
vt 0.340299845 0.128023863
vt 0.47420761 0.994734466
vt 0.436481923 0.994734466
vt 0.436481923 0.991787016
vt 0.47420761 0.991787016
vt 0.436481923 0.986959577
vt 0.47420761 0.986959577
vt 0.436481923 0.98035109
vt 0.47420761 0.98035109
vt 0.436481923 0.97215575
vt 0.47420761 0.97215575
vt 0.436481923 0.962629914
vt 0.47420761 0.962629914
vt 0.436481923 0.952056229
vt 0.47420761 0.952056229
vt 0.436481923 0.940847754
vt 0.47420761 0.940847754
vt 0.436481923 0.929333627
vt 0.47420761 0.929333627
vt 0.436481923 0.917823493
vt 0.47420761 0.917823493
vt 0.436481923 0.906812429
vt 0.47420761 0.906812429
vt 0.436481923 0.896483481
vt 0.47420761 0.896483481
vt 0.436481923 0.8891536
vt 0.47420761 0.8891536
vt 0.436481923 0.881988406
vt 0.47420761 0.881988406
vt 0.436481923 0.875585735
vt 0.47420761 0.875585735
vt 0.436481923 0.869818449
vt 0.47420761 0.869818449
vt 0.436481923 0.864587426
vt 0.47420761 0.864587426
vt 0.436481923 0.859365761
vt 0.47420761 0.859365761
vt 0.47420761 0.859353185
vt 0.436481923 0.859353185
vt 0.436481923 0.864528596
vt 0.47420761 0.864528596
vt 0.436481923 0.869768381
vt 0.47420761 0.869768381
vt 0.436481923 0.875545084
vt 0.47420761 0.875545084
vt 0.436481923 0.881958067
vt 0.47420761 0.881958067
vt 0.436481923 0.889135122
vt 0.47420761 0.889135122
vt 0.436481923 0.896470904
vt 0.47420761 0.896470904
vt 0.436481923 0.906799972
vt 0.47420761 0.906799972
vt 0.436481923 0.917851806
vt 0.47420761 0.917851806
vt 0.436481923 0.929321289
vt 0.47420761 0.929321289
vt 0.436481923 0.940835178
vt 0.47420761 0.940835178
vt 0.436481923 0.952043772
vt 0.47420761 0.952043772
vt 0.436481923 0.962617338
vt 0.47420761 0.962617338
vt 0.436481923 0.972143054
vt 0.47420761 0.972143054
vt 0.436481923 0.980338573
vt 0.47420761 0.980338573
vt 0.436481923 0.986947119
vt 0.47420761 0.986947119
vt 0.436481923 0.99177444
vt 0.47420761 0.99177444
vt 0.436481923 0.994722128
vt 0.47420761 0.994722128
vt 0.47420761 0.991787016
vt 0.477499515 0.991787016
vt 0.477499515 0.994734466
vt 0.47420761 0.994734466
vt 0.47420761 0.986959577
vt 0.477499515 0.986959577
vt 0.47420761 0.98035109
vt 0.477499515 0.98035109
vt 0.47420761 0.97215575
vt 0.477499515 0.97215575
vt 0.47420761 0.962629914
vt 0.477499515 0.962629914
vt 0.47420761 0.952056229
vt 0.477499515 0.952056229
vt 0.47420761 0.940847754
vt 0.477499515 0.940847754
vt 0.47420761 0.929333627
vt 0.477499515 0.929333627
vt 0.47420761 0.917823493
vt 0.477499515 0.917823493
vt 0.47420761 0.906812429
vt 0.477499515 0.906812429
vt 0.47420761 0.896483481
vt 0.477499515 0.896483481
vt 0.47420761 0.8891536
vt 0.477499515 0.889153719
vt 0.47420761 0.881988406
vt 0.477499515 0.881988406
vt 0.47420761 0.875585735
vt 0.477499515 0.875585735
vt 0.47420761 0.869818449
vt 0.477499515 0.869818449
vt 0.47420761 0.864587426
vt 0.477499515 0.864587426
vt 0.47420761 0.859365761
vt 0.477499515 0.859365761
vt 0.47420761 0.864528596
vt 0.477499515 0.864528596
vt 0.477499515 0.859353185
vt 0.47420761 0.859353185
vt 0.47420761 0.869768381
vt 0.477499515 0.869768381
vt 0.47420761 0.875545084
vt 0.477499515 0.875545084
vt 0.47420761 0.881958067
vt 0.477499515 0.881958067
vt 0.47420761 0.889135122
vt 0.477499515 0.889135122
vt 0.47420761 0.896470904
vt 0.477499515 0.896470904
vt 0.47420761 0.906799972
vt 0.477499515 0.906799972
vt 0.47420761 0.917851806
vt 0.477499515 0.917851806
vt 0.47420761 0.929321289
vt 0.477499515 0.929321289
vt 0.47420761 0.940835178
vt 0.477499515 0.940835178
vt 0.47420761 0.952043772
vt 0.477499515 0.952043772
vt 0.47420761 0.962617338
vt 0.477499515 0.962617338
vt 0.47420761 0.972143054
vt 0.477499515 0.972143054
vt 0.47420761 0.980338573
vt 0.477499515 0.980338573
vt 0.47420761 0.986947119
vt 0.477499515 0.986947119
vt 0.47420761 0.99177444
vt 0.477499515 0.99177444
vt 0.47420761 0.994722128
vt 0.477499515 0.994722128
vt 0.436481923 0.994734466
vt 0.433232814 0.994734466
vt 0.433232814 0.991787016
vt 0.436481923 0.991787016
vt 0.433232814 0.986959577
vt 0.436481923 0.986959577
vt 0.433232814 0.98035109
vt 0.436481923 0.98035109
vt 0.433232814 0.97215575
vt 0.436481923 0.97215575
vt 0.433232814 0.962629914
vt 0.436481923 0.962629914
vt 0.433232814 0.952056229
vt 0.436481923 0.952056229
vt 0.433232814 0.940847754
vt 0.436481923 0.940847754
vt 0.433232814 0.929333627
vt 0.436481923 0.929333627
vt 0.433232814 0.917823493
vt 0.436481923 0.917823493
vt 0.433232814 0.906812429
vt 0.436481923 0.906812429
vt 0.433232814 0.896483481
vt 0.436481923 0.896483481
vt 0.433232814 0.889153719
vt 0.436481923 0.8891536
vt 0.433232814 0.881988406
vt 0.436481923 0.881988406
vt 0.433232814 0.875585735
vt 0.436481923 0.875585735
vt 0.433232814 0.869818449
vt 0.436481923 0.869818449
vt 0.433232814 0.864587426
vt 0.436481923 0.864587426
vt 0.433232814 0.859365761
vt 0.436481923 0.859365761
vt 0.436481923 0.859353185
vt 0.433232814 0.859353185
vt 0.433232814 0.864528596
vt 0.436481923 0.864528596
vt 0.433232814 0.869768381
vt 0.436481923 0.869768381
vt 0.433232814 0.875545084
vt 0.436481923 0.875545084
vt 0.433232814 0.881958067
vt 0.436481923 0.881958067
vt 0.433232814 0.889135122
vt 0.436481923 0.889135122
vt 0.433232814 0.896470904
vt 0.436481923 0.896470904
vt 0.433232814 0.906799972
vt 0.436481923 0.906799972
vt 0.433232814 0.917851806
vt 0.436481923 0.917851806
vt 0.433232814 0.929321289
vt 0.436481923 0.929321289
vt 0.433232814 0.940835178
vt 0.436481923 0.940835178
vt 0.433232814 0.952043772
vt 0.436481923 0.952043772
vt 0.433232814 0.962617338
vt 0.436481923 0.962617338
vt 0.433232814 0.972143054
vt 0.436481923 0.972143054
vt 0.433232814 0.980338573
vt 0.436481923 0.980338573
vt 0.433232814 0.986947119
vt 0.436481923 0.986947119
vt 0.433232814 0.99177444
vt 0.436481923 0.99177444
vt 0.433232814 0.994722128
vt 0.436481923 0.994722128
vt 0.436481923 0.844909132
vt 0.47420761 0.844909132
vt 0.47420761 0.844775319
vt 0.436481923 0.844775319
vt 0.436481923 0.845130861
vt 0.47420761 0.845130861
vt 0.436481923 0.845428824
vt 0.47420761 0.845428824
vt 0.436481923 0.845792413
vt 0.47420761 0.845792413
vt 0.436481923 0.846212924
vt 0.47420761 0.846212924
vt 0.436481923 0.84667623
vt 0.47420761 0.84667623
vt 0.436481923 0.84716481
vt 0.47420761 0.84716481
vt 0.436481923 0.84766674
vt 0.47420761 0.84766674
vt 0.436481923 0.848164797
vt 0.47420761 0.848164797
vt 0.436481923 0.84864217
vt 0.47420761 0.84864217
vt 0.436481923 0.849081576
vt 0.47420761 0.849081576
vt 0.436481923 0.849388003
vt 0.47420761 0.849388003
vt 0.436481923 0.849679053
vt 0.47420761 0.849679053
vt 0.436481923 0.849921286
vt 0.47420761 0.849921286
vt 0.436481923 0.850123227
vt 0.47420761 0.850123227
vt 0.436481923 0.850303769
vt 0.47420761 0.850303769
vt 0.436481923 0.850485325
vt 0.47420761 0.850485325
vt 0.436481923 0.850666583
vt 0.47420761 0.850666583
vt 0.436481923 0.850847363
vt 0.47420761 0.850847363
vt 0.436481923 0.851052344
vt 0.47420761 0.851052344
vt 0.436481923 0.851295292
vt 0.47420761 0.851295292
vt 0.436481923 0.851587117
vt 0.47420761 0.851587117
vt 0.436481923 0.851891518
vt 0.47420761 0.851891518
vt 0.436481923 0.852330923
vt 0.47420761 0.852330923
vt 0.436481923 0.852808058
vt 0.47420761 0.852808058
vt 0.436481923 0.853306115
vt 0.47420761 0.853306115
vt 0.436481923 0.853808165
vt 0.47420761 0.853808165
vt 0.436481923 0.854296803
vt 0.47420761 0.854296803
vt 0.436481923 0.854760051
vt 0.47420761 0.854760051
vt 0.436481923 0.855180681
vt 0.47420761 0.855180681
vt 0.436481923 0.855544269
vt 0.47420761 0.855544269
vt 0.436481923 0.855842113
vt 0.47420761 0.855842113
vt 0.436481923 0.856063843
vt 0.47420761 0.856063843
vt 0.47420761 0.856197655
vt 0.436481923 0.856197655
vt 0.577373385 0.0739131197
vt 0.554819286 0.0697237551
vt 0.552795231 0.0940302685
vt 0.576184809 0.0976182446
vt 0.578954995 0.0523308031
vt 0.557280183 0.0479406528
vt 0.527968347 0.088849254
vt 0.531174481 0.0646527708
vt 0.603937566 0.0550515465
vt 0.603763223 0.076876007
vt 0.526121497 0.111119218
vt 0.551793456 0.116082497
vt 0.603358567 0.0998057425
vt 0.575272322 0.119212583
vt 0.605088711 0.0412140526
vt 0.581593394 0.031331256
vt 0.560943186 0.0251157545
vt 0.534371197 0.0423056558
vt 0.49971813 0.104661763
vt 0.505200326 0.0828706473
vt 0.511381984 0.0595938526
vt 0.629245937 0.0628124624
vt 0.629368007 0.0750349388
vt 0.625618815 0.0547412336
vt 0.494135052 0.128627062
vt 0.523326635 0.135266393
vt 0.549711466 0.13971895
vt 0.603658497 0.120967597
vt 0.574593425 0.142024845
vt 0.536672592 0.0186390318
vt 0.517854691 0.036262054
vt 0.471541554 0.0966082811
vt 0.462584078 0.120217957
vt 0.481072545 0.0744381845
vt 0.49151063 0.0522766225
vt 0.641976476 0.0681663305
vt 0.489254951 0.151949719
vt 0.52095145 0.158013552
vt 0.547668338 0.161596105
vt 0.502530277 0.0298914816
vt 0.60471493 0.143303066
vt 0.573001623 0.163487151
vt 0.454590708 0.143542424
vt 0.632662177 0.141035527
vt 0.631201088 0.11968518
vt 0.629732549 0.0989804044
vt 0.650927901 0.0967501625
vt 0.653154194 0.117671862
vt 0.604905248 0.164046034
vt 0.544832408 0.184817284
vt 0.518084168 0.181640401
vt 0.484649003 0.176098466
vt 0.654341757 0.138677388
vt 0.6560359 0.157653585
vt 0.635209382 0.161246613
vt 0.675316632 0.113595583
vt 0.678150535 0.0935382918
vt 0.662045419 0.0854423791
vt 0.657327652 0.0827431157
vt 0.678918779 0.0878590941
vt 0.481091559 0.197121158
vt 0.51518923 0.202289641
vt 0.541809142 0.205591977
vt 0.566122234 0.207768053
vt 0.569274485 0.186823845
vt 0.584192216 0.187563077
vt 0.605095983 0.187636212
vt 0.583152473 0.209095314
vt 0.603825688 0.210318163
vt 0.625634849 0.184424549
vt 0.639171183 0.180677831
vt 0.580843449 0.22701554
vt 0.564051747 0.226038143
vt 0.538881779 0.223846436
vt 0.512426078 0.220674202
vt 0.478170782 0.215657547
vt 0.442026913 0.21010752
vt 0.444471538 0.190824345
vt 0.448127836 0.168681711
vt 0.634824514 0.191214323
vt 0.654965639 0.174074948
vt 0.655287206 0.165522009
vt 0.673553407 0.154046789
vt 0.673428118 0.134535491
vt 0.696263194 0.113938592
vt 0.697561741 0.0941743553
vt 0.66458714 0.171258673
vt 0.69577539 0.153241381
vt 0.676357806 0.177411482
vt 0.673651755 0.179007009
vt 0.696592093 0.172375068
vt 0.716877222 0.171722174
vt 0.717000365 0.152738497
vt 0.738185227 0.153590918
vt 0.737066388 0.172651067
vt 0.760346532 0.154765427
vt 0.760801077 0.135318577
vt 0.779383838 0.139877692
vt 0.777465284 0.158795565
vt 0.800892532 0.142474577
vt 0.802496672 0.121314257
vt 0.82973218 0.122713149
vt 0.80408895 0.10093002
vt 0.830003858 0.101830162
vt 0.857846558 0.120927773
vt 0.856711984 0.0995913446
vt 0.829555631 0.0793172941
vt 0.85534966 0.0762218982
vt 0.879945159 0.0958072022
vt 0.877636433 0.071792677
vt 0.853621602 0.0550583415
vt 0.874872804 0.0503686666
vt 0.90458566 0.0903315097
vt 0.901011765 0.0663781539
vt 0.829269826 0.0580240376
vt 0.906727612 0.112449303
vt 0.881183863 0.117656283
vt 0.827996552 0.0446038954
vt 0.850670576 0.0345834382
vt 0.87076813 0.0280025955
vt 0.897409678 0.0443195887
vt 0.933015883 0.105655327
vt 0.927188158 0.0840101764
vt 0.920596063 0.0609728768
vt 0.808250785 0.0578236505
vt 0.938933671 0.129529834
vt 0.909791648 0.136492416
vt 0.883467972 0.141146943
vt 0.858564973 0.143521667
vt 0.804724097 0.0656467304
vt 0.89456892 0.0209870636
vt 0.91365695 0.0379478484
vt 0.961089134 0.0971386135
vt 0.97046262 0.120667107
vt 0.951126695 0.0751426294
vt 0.9402349 0.0532579161
vt 0.792370856 0.0707231164
vt 0.804576993 0.0775129721
vt 0.91237992 0.159198001
vt 0.944101036 0.152832747
vt 0.92873019 0.0312537402
vt 0.783324003 0.0984917507
vt 0.97882098 0.143993631
vt 0.780840993 0.119082011
vt 0.948958278 0.177024111
vt 0.915443897 0.182834536
vt 0.888638377 0.186170757
vt 0.885662019 0.162961856
vt 0.860149443 0.164906248
vt 0.828594625 0.14481172
vt 0.828383327 0.16547513
vt 0.86391902 0.18820858
vt 0.798208535 0.162578538
vt 0.848956108 0.188982323
vt 0.867206335 0.209242046
vt 0.89178282 0.20698002
vt 0.918484688 0.203535005
vt 0.952719331 0.19810681
vt 0.828159332 0.189092562
vt 0.80765599 0.185822025
vt 0.850228965 0.210605681
vt 0.989510179 0.191476151
vt 0.985615492 0.169212013
vt 0.77806288 0.166657433
vt 0.830146849 0.211909577
vt 0.992130637 0.210879192
vt 0.955779135 0.216736853
vt 0.921381116 0.221975788
vt 0.894809425 0.225294635
vt 0.869527221 0.227589011
vt 0.852645159 0.228612065
vt 0.768647969 0.172256097
vt 0.832905948 0.229134321
vt 0.757127404 0.178029045
vt 0.759325027 0.179798543
vt 0.958117962 0.231540591
vt 0.994254768 0.22586374
vt 0.897216737 0.240128607
vt 0.923773587 0.236734062
vt 0.854533851 0.242444143
vt 0.871072769 0.241842136
vt 0.836058199 0.242546022
vt 0.824865818 0.231078461
vt 0.82812494 0.244768471
vt 0.813780069 0.21580331
vt 0.810364723 0.199167043
vt 0.794113457 0.181969747
vt 0.798379898 0.192542449
vt 0.778357029 0.175247744
vt 0.788418889 0.200422615
vt 0.778185308 0.193894923
vt 0.466342926 0.53798151
vt 0.464544356 0.564812481
vt 0.448344171 0.566255808
vt 0.451247633 0.53798151
vt 0.454210758 0.510961831
vt 0.468472928 0.510961831
vt 0.469724 0.485963851
vt 0.456751615 0.485963851
vt 0.446499079 0.591302514
vt 0.463697076 0.591302514
vt 0.469942927 0.460517079
vt 0.459613979 0.460517079
vt 0.445932657 0.609793484
vt 0.461333901 0.609793484
vt 0.462127745 0.439209491
vt 0.470482469 0.439209491
vt 0.457873732 0.614165366
vt 0.444769144 0.614165366
vt 0.456501245 0.617372632
vt 0.4422521 0.617372632
vt 0.369323015 0.565954089
vt 0.347370863 0.566255748
vt 0.349216223 0.591302514
vt 0.369468212 0.591367543
vt 0.36800921 0.536896586
vt 0.34446764 0.537981391
vt 0.365711212 0.509634852
vt 0.341504514 0.510961831
vt 0.363957763 0.484396607
vt 0.338963628 0.485963911
vt 0.362380385 0.458001941
vt 0.336101055 0.460517079
vt 0.349783063 0.609792769
vt 0.367466271 0.613205433
vt 0.397857428 0.566154122
vt 0.39785707 0.591266394
vt 0.397857547 0.536696732
vt 0.397857726 0.509014666
vt 0.397857547 0.483581215
vt 0.397857785 0.456689924
vt 0.361087918 0.436149508
vt 0.333586812 0.439209908
vt 0.397831917 0.434257358
vt 0.350946605 0.614165127
vt 0.353463829 0.617371917
vt 0.366560221 0.620148957
vt 0.397856295 0.622014165
vt 0.397857308 0.615104675
vt 0.427705884 0.536896646
vt 0.426392019 0.565953851
vt 0.448344171 0.566255808
vt 0.44649905 0.591302514
vt 0.426246881 0.591368437
vt 0.451247633 0.53798151
vt 0.430003762 0.509634912
vt 0.454210758 0.510961831
vt 0.431757569 0.484396785
vt 0.456751585 0.485963851
vt 0.433334649 0.458002359
vt 0.459613979 0.460517079
vt 0.445932686 0.609793484
vt 0.428247929 0.613203049
vt 0.434626997 0.4361507
vt 0.462127745 0.439209491
vt 0.444769204 0.614165366
vt 0.4422521 0.617372632
vt 0.429154932 0.620151043
vt 0.946984768 0.572643042
vt 0.930871665 0.551986933
vt 0.922088921 0.55810535
vt 0.937559843 0.579797029
vt 0.969934344 0.598988891
vt 0.956045091 0.605569363
vt 0.898223877 0.531080127
vt 0.903328598 0.52148056
vt 0.875219047 0.514110744
vt 0.879974127 0.508084536
vt 0.878836811 0.544060588
vt 0.893467605 0.56886363
vt 0.908005536 0.588616729
vt 0.923754334 0.612580001
vt 0.979957998 0.617553473
vt 0.969917715 0.632872224
vt 0.860553861 0.517329097
vt 0.849443793 0.503262997
vt 0.842918694 0.51235199
vt 0.839193523 0.52525413
vt 0.852456331 0.546433806
vt 0.864307523 0.56886363
vt 0.872375786 0.588616788
vt 0.881730378 0.612580001
vt 0.991845131 0.656632066
vt 0.979105949 0.664525628
vt 0.88976723 0.637424171
vt 0.935674369 0.637424111
vt 0.945007563 0.667078793
vt 0.982641637 0.692907929
vt 0.995616615 0.692395449
vt 0.826767206 0.502949953
vt 0.829938412 0.495507628
vt 0.822145998 0.51318866
vt 0.831570148 0.56886363
vt 0.827606499 0.546317875
vt 0.819845915 0.527603745
vt 0.898662329 0.667078733
vt 0.98153311 0.717448592
vt 0.995268941 0.71640563
vt 0.900296092 0.69404161
vt 0.948029995 0.69404161
vt 0.978883266 0.736358106
vt 0.994622946 0.739528239
vt 0.798650026 0.511596322
vt 0.798650026 0.528817892
vt 0.798650026 0.543862283
vt 0.851899266 0.667078733
vt 0.849151611 0.637424171
vt 0.845428646 0.612580001
vt 0.836764038 0.588616788
vt 0.798650026 0.588616788
vt 0.798650026 0.56886363
vt 0.798650026 0.612580001
vt 0.798650026 0.637424171
vt 0.798650026 0.667078733
vt 0.85133636 0.69404161
vt 0.798650026 0.69404161
vt 0.896056652 0.716790557
vt 0.943293631 0.716790557
vt 0.939385533 0.734292448
vt 0.892588317 0.734292448
vt 0.934483707 0.751792192
vt 0.974976599 0.755970001
vt 0.991846085 0.76032263
vt 0.849823952 0.716790557
vt 0.887369394 0.750863552
vt 0.798650026 0.716790557
vt 0.847388268 0.734292448
vt 0.925325274 0.785541296
vt 0.966126561 0.792188466
vt 0.983981371 0.800666749
vt 0.880505562 0.782973647
vt 0.843794525 0.750749052
vt 0.798650026 0.734292448
vt 0.953552961 0.835792899
vt 0.914445817 0.828429043
vt 0.970970571 0.844267726
vt 0.839210272 0.782701969
vt 0.798650026 0.750929952
vt 0.94163996 0.871650159
vt 0.905990601 0.864144683
vt 0.959316194 0.882118285
vt 0.867342234 0.859619796
vt 0.871471822 0.82453239
vt 0.798650026 0.782774389
vt 0.83253336 0.857739031
vt 0.834643662 0.823008597
vt 0.931893945 0.898480415
vt 0.89968276 0.887845576
vt 0.948080897 0.915392876
vt 0.798649967 0.823107839
vt 0.864809334 0.883527637
vt 0.831438422 0.881590784
vt 0.798650026 0.857991815
vt 0.921491206 0.92021507
vt 0.89385885 0.908278167
vt 0.937289834 0.930595934
vt 0.863733768 0.904397368
vt 0.831370831 0.902849317
vt 0.798650026 0.882020354
vt 0.886817276 0.922209024
vt 0.912811339 0.935967803
vt 0.924978495 0.946464837
vt 0.859504342 0.915860593
vt 0.829077244 0.913350999
vt 0.798650026 0.902899981
vt 0.798650026 0.913099051
vt 0.853559136 0.927936196
vt 0.878523767 0.936293483
vt 0.897475958 0.951328516
vt 0.907590866 0.961392045
vt 0.826104522 0.924543381
vt 0.798650026 0.923753023
vt 0.822969079 0.938279867
vt 0.845409274 0.943298399
vt 0.868259192 0.952103972
vt 0.886489034 0.962984204
vt 0.896904886 0.97004509
vt 0.798650026 0.9372769
vt 0.798650026 0.945601404
vt 0.820825219 0.94663614
vt 0.841549397 0.951490343
vt 0.861950278 0.959665298
vt 0.877417326 0.97051692
vt 0.885264516 0.976222396
vt 0.798650026 0.95783931
vt 0.818842053 0.958823264
vt 0.837060452 0.963466465
vt 0.852203846 0.969702244
vt 0.870056152 0.98317802
vt 0.863414407 0.978349686
vt 0.798650026 0.978406668
vt 0.816868305 0.977594554
vt 0.833519399 0.975112617
vt 0.841153026 0.992166936
vt 0.837460697 0.986882985
vt 0.798650026 0.990436375
vt 0.817816615 0.989649355
vt 0.818695784 0.995580673
vt 0.798650026 0.996578813
vt 0.77845794 0.958823264
vt 0.776474833 0.94663614
vt 0.774330974 0.938279867
vt 0.771195471 0.924543321
vt 0.743740976 0.927936316
vt 0.737795711 0.915860415
vt 0.710482717 0.922209084
vt 0.703441262 0.908278167
vt 0.675808907 0.92021507
vt 0.697617412 0.887845635
vt 0.665406108 0.898480415
vt 0.691309452 0.864144683
vt 0.655660152 0.871650159
vt 0.682854176 0.828428924
vt 0.643747091 0.835792899
vt 0.671974838 0.785541356
vt 0.631173491 0.792188466
vt 0.622323573 0.755970001
vt 0.662816346 0.751792192
vt 0.618416607 0.736358225
vt 0.657914639 0.734292448
vt 0.615767062 0.717448592
vt 0.602031231 0.71640563
vt 0.601683378 0.692395449
vt 0.614658356 0.692907929
vt 0.605454803 0.656632066
vt 0.618194044 0.664525628
vt 0.627382338 0.632872224
vt 0.617342055 0.617553532
vt 0.641254902 0.605569422
vt 0.627365589 0.598988891
vt 0.65974021 0.579797029
vt 0.650315225 0.572643042
vt 0.675211072 0.55810535
vt 0.666428208 0.551986933
vt 0.699076056 0.531080246
vt 0.693971336 0.52148056
vt 0.722080946 0.514110863
vt 0.717325807 0.508084655
vt 0.718463182 0.544060588
vt 0.703832388 0.56886363
vt 0.689294696 0.588616729
vt 0.673545659 0.612580001
vt 0.736746192 0.517329097
vt 0.747856259 0.503263056
vt 0.742009521 0.497914702
vt 0.754381299 0.512352049
vt 0.767361522 0.495507807
vt 0.770532846 0.502950013
vt 0.75810647 0.52525413
vt 0.744843841 0.546433806
vt 0.732992649 0.56886363
vt 0.724924266 0.588616788
vt 0.715569675 0.612580001
vt 0.707532644 0.637424171
vt 0.661625624 0.637424111
vt 0.652292609 0.667078793
vt 0.775154114 0.51318866
vt 0.777454078 0.527603745
vt 0.769693553 0.546317875
vt 0.765729845 0.56886363
vt 0.760536015 0.588616788
vt 0.698637724 0.667078733
vt 0.751871407 0.612580001
vt 0.748148441 0.637424171
vt 0.745400786 0.667078733
vt 0.649270058 0.69404161
vt 0.697004199 0.69404161
vt 0.654006362 0.716790557
vt 0.798649907 0.500596642
vt 0.745963812 0.69404161
vt 0.701243162 0.716790557
vt 0.704711676 0.734292448
vt 0.747475982 0.716790557
vt 0.709930599 0.750863373
vt 0.749911666 0.734292448
vt 0.71679461 0.782974601
vt 0.753505588 0.750749052
vt 0.758089542 0.782702088
vt 0.76265645 0.823008657
vt 0.764766634 0.857739031
vt 0.72582829 0.824532449
vt 0.729957819 0.859619856
vt 0.732490659 0.883527696
vt 0.765861571 0.881590784
vt 0.733566225 0.904397488
vt 0.765929222 0.902849317
vt 0.768222809 0.913351059
vt 0.650815964 0.0770885572
vt 0.51839 0.01358274
vt 0.515200496 0.0116541106
vt 0.872471154 0.497703791
vt 0.855290532 0.497914493
vt 0.798649907 0.492164463
vt 0.358252257 0.424047232
vt 0.332978219 0.430807173
vt 0.333511382 0.439209491
vt 0.361036092 0.43615073
vt 0.397807211 0.434257388
vt 0.397807211 0.418462992
vt 0.697634816 0.0879642814
vt 0.717529356 0.093805708
vt 0.717611849 0.0867354125
vt 0.737491131 0.0945696682
vt 0.738383651 0.114342213
vt 0.737522781 0.0883640125
vt 0.756858826 0.0942994729
vt 0.759304643 0.11437507
vt 0.772652805 0.0872114003
vt 0.777293801 0.0847060159
vt 0.783693552 0.0793306679
vt 0.756199598 0.0886449441
vt 0.738673925 0.134710982
vt 0.717337787 0.114288934
vt 0.69561702 0.134341002
vt 0.717143476 0.134644866
vt 0.622912288 0.197704196
vt 0.61950022 0.214264438
vt 0.600470126 0.227520317
vt 0.597344398 0.240848094
vt 0.578997672 0.24076809
vt 0.562566042 0.240219787
vt 0.536557138 0.238620371
vt 0.510120809 0.235365346
vt 0.475952297 0.230396107
vt 0.440023184 0.224997193
vt 0.608464658 0.229456633
vt 0.605222106 0.24305737
vt 0.628807783 0.00592291355
vt 0.628806114 0.0217640996
vt 0.596251369 0.021764338
vt 0.596253276 0.00592279434
vt 0.65707624 0.00592291355
vt 0.659326613 0.0217640996
vt 0.661073983 0.00592279434
vt 0.665224493 0.00592279434
vt 0.688994169 0.00592279434
vt 0.688156247 0.0217640996
vt 0.714740336 0.00592300296
vt 0.713524699 0.0217641592
vt 0.737940431 0.00592282414
vt 0.736491978 0.0217643082
vt 0.763865829 0.00592298806
vt 0.762170494 0.0217641294
vt 0.787946522 0.0217641294
vt 0.790984094 0.00592297316
vt 0.808958411 0.00592299318
vt 0.812351644 0.0217641424
vt 0.816912174 0.00592296198
vt 0.82372576 0.00592283159
vt 0.822076678 0.0217643008
vt 0.82818687 0.00592279434
vt 0.831120312 0.0217643008
vt 0.836439073 0.00592277944
vt 0.835505784 0.0217641219
vt 0.850263298 0.00592297316
vt 0.848366141 0.0217642784
vt 0.862829328 0.00592282414
vt 0.860525191 0.0217641592
vt 0.68270123 0.241302818
vt 0.692596555 0.249456629
vt 0.692596555 0.23242937
vt 0.706569314 0.246124581
vt 0.672168255 0.270289809
vt 0.714094639 0.268453151
vt 0.692596555 0.272349268
vt 0.692596555 0.290282339
vt 0.70415777 0.291093141
vt 0.677583992 0.289904803
vt 0.692596555 0.303600043
vt 0.692596555 0.23242937
vt 0.68270123 0.241302818
vt 0.692506254 0.249404281
vt 0.706569314 0.246124581
vt 0.672168255 0.270289809
vt 0.714094639 0.268453151
vt 0.692506254 0.269556105
vt 0.692596555 0.290282339
vt 0.677583992 0.289904803
vt 0.70415777 0.291093141
vt 0.692506254 0.30339846
vt 0.644716978 0.199185491
vt 0.655004621 0.19273524
vt 0.347128987 0.629366159
vt 0.366532743 0.620201468
vt 0.353435338 0.617423058
vt 0.376267731 0.635118067
vt 0.397831559 0.62206459
vt 0.39792037 0.636268437
vt 0.702200592 0.191618547
vt 0.701981008 0.177982926
vt 0.687295198 0.181982696
vt 0.689812124 0.194766507
vt 0.717737317 0.190332234
vt 0.717737317 0.176784739
vt 0.680643082 0.194385126
vt 0.682185471 0.184163034
vt 0.717737317 0.201075375
vt 0.702718675 0.202045649
vt 0.692185938 0.204687893
vt 0.678532541 0.20161429
vt 0.679421008 0.209471777
vt 0.663399339 0.208228126
vt 0.673939466 0.199050203
vt 0.658557534 0.196287483
vt 0.666161239 0.191924423
vt 0.657539308 0.206654191
vt 0.666245401 0.216699064
vt 0.655519128 0.213013381
vt 0.656258404 0.223593086
vt 0.650851846 0.210906401
vt 0.636232734 0.216874555
vt 0.642944157 0.205377266
vt 0.635663986 0.226798594
vt 0.650739133 0.232039168
vt 0.635477662 0.24007687
vt 0.648350418 0.240664825
vt 0.645321369 0.264083207
vt 0.63549298 0.263174295
vt 0.645817637 0.285670191
vt 0.638088882 0.294471741
vt 0.646236658 0.295727551
vt 0.642001271 0.320608765
vt 0.648700714 0.321246892
vt 0.645736098 0.335605621
vt 0.651981652 0.330098838
vt 0.655841231 0.334849775
vt 0.653857112 0.342619538
vt 0.659198523 0.337221622
vt 0.659534454 0.345403939
vt 0.667331278 0.340032041
vt 0.669676065 0.347833157
vt 0.67901665 0.339461625
vt 0.682834268 0.346639752
vt 0.691954672 0.337424994
vt 0.694912851 0.344623506
vt 0.705779374 0.336124659
vt 0.706768095 0.343466878
vt 0.717278123 0.335896671
vt 0.717250168 0.34309417
vt 0.673627257 0.353356302
vt 0.655388415 0.349168897
vt 0.69705832 0.349868715
vt 0.707597315 0.348949015
vt 0.717230916 0.34868443
vt 0.685804367 0.351297677
vt 0.680645883 0.360980809
vt 0.663035691 0.356605649
vt 0.642688751 0.35748592
vt 0.644970357 0.348104298
vt 0.649108469 0.363041222
vt 0.640833318 0.369354576
vt 0.627817929 0.3570126
vt 0.626449466 0.38694036
vt 0.612103641 0.377375066
vt 0.603661478 0.353609025
vt 0.595192671 0.365688562
vt 0.577312529 0.336203456
vt 0.56946367 0.348412752
vt 0.537962198 0.327233315
vt 0.525367856 0.349383235
vt 0.499463826 0.332936287
vt 0.486555725 0.355777383
vt 0.472148627 0.347739935
vt 0.45607236 0.379346192
vt 0.470729858 0.386414707
vt 0.440804243 0.413440049
vt 0.455737591 0.419851661
vt 0.485623926 0.324302286
vt 0.512502551 0.310709536
vt 0.498716325 0.301261246
vt 0.521075547 0.297136664
vt 0.507202029 0.287004083
vt 0.530235767 0.282836229
vt 0.516975522 0.271123528
vt 0.523014843 0.265517712
vt 0.536564231 0.277762979
vt 0.513420761 0.370987415
vt 0.498506695 0.399798095
vt 0.484205574 0.431775928
vt 0.545511544 0.31449613
vt 0.554070055 0.301609248
vt 0.559359968 0.297178686
vt 0.545977592 0.389528751
vt 0.557160854 0.369018197
vt 0.532655776 0.416129887
vt 0.519346654 0.446296871
vt 0.585885584 0.324077815
vt 0.591532469 0.319638938
vt 0.583468676 0.385222316
vt 0.573032677 0.404454648
vt 0.560782611 0.42921865
vt 0.548570037 0.457982957
vt 0.612464726 0.341934919
vt 0.618552208 0.337728202
vt 0.601176798 0.395714343
vt 0.590917945 0.414606512
vt 0.57980603 0.437678993
vt 0.568748772 0.464945316
vt 0.63266468 0.351514369
vt 0.634661376 0.345871747
vt 0.615695715 0.404441893
vt 0.606018543 0.422685266
vt 0.596153319 0.444590092
vt 0.585932732 0.470371574
vt 0.626432478 0.410524607
vt 0.637100995 0.393650949
vt 0.617180824 0.428038716
vt 0.608465672 0.449497581
vt 0.601291835 0.474070698
vt 0.6496315 0.378313959
vt 0.658259928 0.371168196
vt 0.628933132 0.433091521
vt 0.637026191 0.416139603
vt 0.647128761 0.399635673
vt 0.621866465 0.453199804
vt 0.617367506 0.475665599
vt 0.6577245 0.386233151
vt 0.670186996 0.364618778
vt 0.666048765 0.378621459
vt 0.637865663 0.457113862
vt 0.643330455 0.438209891
vt 0.649544656 0.421921313
vt 0.658621788 0.406699717
vt 0.634058118 0.477168888
vt 0.667253017 0.395175517
vt 0.675857902 0.371776283
vt 0.685643554 0.367722094
vt 0.67451787 0.38723743
vt 0.644104481 0.47793749
vt 0.647458375 0.459151149
vt 0.65199554 0.440752089
vt 0.657425821 0.424887896
vt 0.665385962 0.410699904
vt 0.672855675 0.400148749
vt 0.681927621 0.3809852
vt 0.690114677 0.376133144
vt 0.680330098 0.392750084
vt 0.657654285 0.478744239
vt 0.659732044 0.461392522
vt 0.663556337 0.443357766
vt 0.66849947 0.428373933
vt 0.674271882 0.415272713
vt 0.680520415 0.406357884
vt 0.685855865 0.388330996
vt 0.691960335 0.38465941
vt 0.698481083 0.382492542
vt 0.697115719 0.37383306
vt 0.693732142 0.365670443
vt 0.69029367 0.359024704
vt 0.699910045 0.357767582
vt 0.708798289 0.357138813
vt 0.71720469 0.356968701
vt 0.701986432 0.364460766
vt 0.709735572 0.364000678
vt 0.717183471 0.363917649
vt 0.703502595 0.372712851
vt 0.710343242 0.372377217
vt 0.717158854 0.372416258
vt 0.710439324 0.381187856
vt 0.704052806 0.381637514
vt 0.704797029 0.392939091
vt 0.699337304 0.394220412
vt 0.693699539 0.396330416
vt 0.686930418 0.400217891
vt 0.691712916 0.410367012
vt 0.689736187 0.420309365
vt 0.687277317 0.432541668
vt 0.685105264 0.447655261
vt 0.683771729 0.464597344
vt 0.682388127 0.480385274
vt 0.70166564 0.465963989
vt 0.700709999 0.481859475
vt 0.702623844 0.449011207
vt 0.703383386 0.434303522
vt 0.703872323 0.422802985
vt 0.704336762 0.412696183
vt 0.717043281 0.413182437
vt 0.717102766 0.392156422
vt 0.71685338 0.482335001
vt 0.716896653 0.466362596
vt 0.716943979 0.449380755
vt 0.716982722 0.435043454
vt 0.717015922 0.423454583
vt 0.717133284 0.38118124
vt 0.723828018 0.381225824
vt 0.723973751 0.372416198
vt 0.724630356 0.36404407
vt 0.725607932 0.35718894
vt 0.726858258 0.349009573
vt 0.727722228 0.343536794
vt 0.717278123 0.335896671
vt 0.728760123 0.336211324
vt 0.739551783 0.344758272
vt 0.742537558 0.337583661
vt 0.751612544 0.346828878
vt 0.755452037 0.339653492
vt 0.764790475 0.348107398
vt 0.767222941 0.340267241
vt 0.77507627 0.345780462
vt 0.775520384 0.33758539
vt 0.760798454 0.353605866
vt 0.737381756 0.349988937
vt 0.74862206 0.351474106
vt 0.753732681 0.361189067
vt 0.771370173 0.356918991
vt 0.77905947 0.349532187
vt 0.791703105 0.357918471
vt 0.785254776 0.363433897
vt 0.793490171 0.369792074
vt 0.806568205 0.357528418
vt 0.807769835 0.38745153
vt 0.822162986 0.377968848
vt 0.830731928 0.354258776
vt 0.839131474 0.366379321
vt 0.857164204 0.337002873
vt 0.864941001 0.349250555
vt 0.896545708 0.328248143
vt 0.909014106 0.350456595
vt 0.934996963 0.334154546
vt 0.94777739 0.357055724
vt 0.962222397 0.349098504
vt 0.978122771 0.380778253
vt 0.963433564 0.387765467
vt 0.993202686 0.414940953
vt 0.978240848 0.421269953
vt 0.948877096 0.325597823
vt 0.922080994 0.311867893
vt 0.935912132 0.302496701
vt 0.913584828 0.29825449
vt 0.927506208 0.288200527
vt 0.904503107 0.283912361
vt 0.917821109 0.272273719
vt 0.911813378 0.266637862
vt 0.89820528 0.278806746
vt 0.92084229 0.372115612
vt 0.935595393 0.400995076
vt 0.949720502 0.433036804
vt 0.889065146 0.315476865
vt 0.880579531 0.30254972
vt 0.875317216 0.298093021
vt 0.888197303 0.390475512
vt 0.877130508 0.369912624
vt 0.901372612 0.417137742
vt 0.914515197 0.447364688
vt 0.848660052 0.32483983
vt 0.843037844 0.320369512
vt 0.850743651 0.385968864
vt 0.861073136 0.405250371
vt 0.873184681 0.430071592
vt 0.88523984 0.458891213
vt 0.821995735 0.342544019
vt 0.815935373 0.3383044
vt 0.832985938 0.396361113
vt 0.843137681 0.415302336
vt 0.854123235 0.438427091
vt 0.865030229 0.465743661
vt 0.801755428 0.352006435
vt 0.799790382 0.346355736
vt 0.818423331 0.405006349
vt 0.827999294 0.423297286
vt 0.837742507 0.445248425
vt 0.847822845 0.471076339
vt 0.807656825 0.411028981
vt 0.797084272 0.394100845
vt 0.816810012 0.428588271
vt 0.825408936 0.450089216
vt 0.83244884 0.47469458
vt 0.784643948 0.378698468
vt 0.789476693 0.348529339
vt 0.776058257 0.37150532
vt 0.805033684 0.433576763
vt 0.797034979 0.416583776
vt 0.787025988 0.400028527
vt 0.811989963 0.453718364
vt 0.816367567 0.476205081
vt 0.776508152 0.386569679
vt 0.764172554 0.36488831
vt 0.768228769 0.37891233
vt 0.795972347 0.457545877
vt 0.790611684 0.438614547
vt 0.784487128 0.422295988
vt 0.775496244 0.407026649
vt 0.79967171 0.477618366
vt 0.766931117 0.395456672
vt 0.758459628 0.37201184
vt 0.748697221 0.367901802
vt 0.759711981 0.38747859
vt 0.789622188 0.478332967
vt 0.786370516 0.459530294
vt 0.781933486 0.441110015
vt 0.776591599 0.425217807
vt 0.768710971 0.410988748
vt 0.761301398 0.400397301
vt 0.75233835 0.381185055
vt 0.74417901 0.376286864
vt 0.753869355 0.392957628
vt 0.776069045 0.47906664
vt 0.774085641 0.461705178
vt 0.77035886 0.44365114
vt 0.765500247 0.428642631
vt 0.759800971 0.415510952
vt 0.753603041 0.406562626
vt 0.748369098 0.388507843
vt 0.74228543 0.384801924
vt 0.735777676 0.382598042
vt 0.737191379 0.373947263
vt 0.740620434 0.365804493
vt 0.744094491 0.359178364
vt 0.734488249 0.357868612
vt 0.732374609 0.364548504
vt 0.740481019 0.396460891
vt 0.73485595 0.394322336
vt 0.730812192 0.372790813
vt 0.730210781 0.381711841
vt 0.742388606 0.410508811
vt 0.747227967 0.400387704
vt 0.744311273 0.420461178
vt 0.746700764 0.43270582
vt 0.748790324 0.44783026
vt 0.750029981 0.464778244
vt 0.751327753 0.48057273
vt 0.732130408 0.466047108
vt 0.732998729 0.481946915
vt 0.731264174 0.449089766
vt 0.730587721 0.434378743
vt 0.730160594 0.422875881
vt 0.729754329 0.412767112
vt 0.729402781 0.393007219
vt 0.46404025 0.258021951
vt 0.435063452 0.270894885
vt 0.455667228 0.24475944
vt 0.467176706 0.271676302
vt 0.437262982 0.235485509
vt 0.40974161 0.271284997
vt 0.411720216 0.225526303
vt 0.383647233 0.271310627
vt 0.386143684 0.219735712
vt 0.364780366 0.216420382
vt 0.361046702 0.271200299
vt 0.448819458 0.331541806
vt 0.347688079 0.271140933
vt 0.343894571 0.26531598
vt 0.335261583 0.215446427
vt 0.335261583 0.259494632
vt 0.372702807 0.282313049
vt 0.377305657 0.281549126
vt 0.467490584 0.309406489
vt 0.347574949 0.275497377
vt 0.357239723 0.308381468
vt 0.383346587 0.284991682
vt 0.408982396 0.300061375
vt 0.430430293 0.31540525
vt 0.461592019 0.343198538
vt 0.338752717 0.300049245
vt 0.335261583 0.3055906
vt 0.35313198 0.316360235
vt 0.335261583 0.31665355
vt 0.88413167 0.784838974
vt 0.880448043 0.783936143
vt 0.875747859 0.784741104
vt 0.871492624 0.787239671
vt 0.868100047 0.791180551
vt 0.866037488 0.795817375
vt 0.86581707 0.800382853
vt 0.867210329 0.804333031
vt 0.870090961 0.807044983
vt 0.87379843 0.807835698
vt 0.878142774 0.806622028
vt 0.882240176 0.804034054
vt 0.885567963 0.800086319
vt 0.887581229 0.795461595
vt 0.888097167 0.790944815
vt 0.886910379 0.787265956
vt 0.727779686 0.0378732532
vt 0.752537429 0.0615475066
vt 0.739241064 0.0717724711
vt 0.729348719 0.0715199262
vt 0.752244174 0.037873432
vt 0.765607655 0.037873432
vt 0.667005599 0.0378733128
vt 0.673756897 0.0473461039
vt 0.661300004 0.037873432
vt 0.322422713 0.712329566
vt 0.316578299 0.674653828
vt 0.299506158 0.690651894
vt 0.304442793 0.714014351
vt 0.286173493 0.703741252
vt 0.289481491 0.716194212
vt 0.341895908 0.711307943
vt 0.335997552 0.658727527
vt 0.36270687 0.710314453
vt 0.357829243 0.643392444
vt 0.362980574 0.640614212
vt 0.367089778 0.641169131
vt 0.383577675 0.7107324
vt 0.381283492 0.664293885
vt 0.387245744 0.69555372
vt 0.385111779 0.671323478
vt 0.343084484 0.727691591
vt 0.324860543 0.734811068
vt 0.31030938 0.741376638
vt 0.363114864 0.719877303
vt 0.300034553 0.745652974
vt 0.40130651 0.692710817
vt 0.401307791 0.671234787
vt 0.417498231 0.671332181
vt 0.415364176 0.695551097
vt 0.421326667 0.66428405
vt 0.419032216 0.710734308
vt 0.435522139 0.641172528
vt 0.439904243 0.710313976
vt 0.439630806 0.640615284
vt 0.444782168 0.643390357
vt 0.466614068 0.658727705
vt 0.460715264 0.711307943
vt 0.486033231 0.674653888
vt 0.4801884 0.712329566
vt 0.503105342 0.690652013
vt 0.498168588 0.714014351
vt 0.516437709 0.703741252
vt 0.51312983 0.716194212
vt 0.459526658 0.727691591
vt 0.477750599 0.734811068
vt 0.49230203 0.741376638
vt 0.439496636 0.719877422
vt 0.502576649 0.745652556
vt 0.334401876 0.338158876
vt 0.349088043 0.32355997
vt 0.352935851 0.339636266
vt 0.334401876 0.377243608
vt 0.351681501 0.377461851
vt 0.374172837 0.349036962
vt 0.334401876 0.320577681
vt 0.373143852 0.377640128
vt 0.395484537 0.357222736
vt 0.394489735 0.378217191
vt 0.415762246 0.364649832
vt 0.414974302 0.378398627
vt 0.432817042 0.371483862
vt 0.431934893 0.378513694
vt 0.445694089 0.377958626
vt 0.350936979 0.407493442
vt 0.334401876 0.40733853
vt 0.371301144 0.407639772
vt 0.436875671 0.394321859
vt 0.391086012 0.407634497
vt 0.410119772 0.405989319
vt 0.425197154 0.401744872
vt 0.431036413 0.398033381
vt 0.858258307 0.286783218
vt 0.860489547 0.285401851
vt 0.862018287 0.283264399
vt 0.855672657 0.28723067
vt 0.853100955 0.286701322
vt 0.850905359 0.285239607
vt 0.849444687 0.283034712
vt 0.848958433 0.280445606
vt 0.849593699 0.277839631
vt 0.851128161 0.275739431
vt 0.853363335 0.274395287
vt 0.855951369 0.273981839
vt 0.858466327 0.274522573
vt 0.860624611 0.275957465
vt 0.862081945 0.27812314
vt 0.862583578 0.280640453
vt 0.828925312 0.296690792
vt 0.830488145 0.296690792
vt 0.830488145 0.271361977
vt 0.828925312 0.271361828
vt 0.832044899 0.271361828
vt 0.832044899 0.296690792
vt 0.833593786 0.271361828
vt 0.833593786 0.296690643
vt 0.835138142 0.271361828
vt 0.835138142 0.296690792
vt 0.836683452 0.271361977
vt 0.836683452 0.296690792
vt 0.83823508 0.271361828
vt 0.83823508 0.296690792
vt 0.839794099 0.271361828
vt 0.839794099 0.296690792
vt 0.841365278 0.271361828
vt 0.841365278 0.296690792
vt 0.827369511 0.271361977
vt 0.827369511 0.296690792
vt 0.825817049 0.296690792
vt 0.825817049 0.271361828
vt 0.824268878 0.296690643
vt 0.824268878 0.271361828
vt 0.822724521 0.296690792
vt 0.822724521 0.271361828
vt 0.82117945 0.296690792
vt 0.82117945 0.271361828
vt 0.81962961 0.296690792
vt 0.819629729 0.271361828
vt 0.818074405 0.296690792
vt 0.818074405 0.271361828
vt 0.816524088 0.296690792
vt 0.816524088 0.271361828
vt 0.466342926 0.53798151
vt 0.451247633 0.53798151
vt 0.448344171 0.566255808
vt 0.464544356 0.564812481
vt 0.454210758 0.510961831
vt 0.468472928 0.510961831
vt 0.469724 0.485963851
vt 0.456751555 0.485963851
vt 0.44649899 0.591302514
vt 0.463697076 0.591302514
vt 0.469942927 0.460517079
vt 0.459613979 0.460517079
vt 0.445932686 0.609793484
vt 0.461333901 0.609793484
vt 0.462127745 0.439209491
vt 0.470482469 0.439209491
vt 0.457873732 0.614165366
vt 0.444769233 0.614165366
vt 0.456501245 0.617372632
vt 0.4422521 0.617372632
vt 0.912557065 0.0154827237
vt 0.915679157 0.0134920962
vt 0.437436789 0.424047291
vt 0.434650958 0.43615067
vt 0.462127745 0.439209491
vt 0.462660879 0.430807173
vt 0.397831917 0.434257388
vt 0.397831917 0.418462932
vt 0.596122682 0.00592279434
vt 0.596120954 0.0217642784
vt 0.628675818 0.0217642784
vt 0.628677607 0.00592279434
vt 0.659326553 0.0217642784
vt 0.656945825 0.00592279434
vt 0.661144972 0.00592279434
vt 0.66528964 0.00592279434
vt 0.68820703 0.0217642784
vt 0.689028859 0.00592279434
vt 0.713535488 0.0217643082
vt 0.714746833 0.00592282414
vt 0.736485422 0.0217643082
vt 0.737935722 0.00592282414
vt 0.762168407 0.0217643082
vt 0.763864994 0.00592282414
vt 0.787948191 0.0217642784
vt 0.790985703 0.00592280179
vt 0.812350273 0.0217643343
vt 0.808957338 0.00592284137
vt 0.816910863 0.00592283159
vt 0.822075546 0.0217643306
vt 0.823724449 0.00592280924
vt 0.831111312 0.0217643157
vt 0.828177333 0.00592283159
vt 0.836429536 0.00592282414
vt 0.835496426 0.0217643231
vt 0.850254297 0.00592282414
vt 0.848357558 0.0217643082
vt 0.862822413 0.00592282414
vt 0.860518813 0.0217643082
vt 0.7569803 0.241302803
vt 0.747084975 0.23242937
vt 0.747084975 0.249456629
vt 0.733112216 0.246124581
vt 0.770466208 0.270289809
vt 0.726529598 0.27028811
vt 0.747084975 0.272349268
vt 0.747084975 0.290282339
vt 0.73552376 0.291093141
vt 0.762097538 0.289904803
vt 0.747084975 0.303600043
vt 0.747084975 0.23242937
vt 0.747084975 0.250411987
vt 0.7569803 0.241302803
vt 0.733112216 0.246124581
vt 0.770466208 0.270289809
vt 0.726404846 0.269460887
vt 0.747084975 0.270563841
vt 0.747084975 0.290350139
vt 0.762097538 0.289904803
vt 0.7358163 0.291327864
vt 0.747084975 0.304406196
vt 0.44855845 0.629315734
vt 0.4422521 0.617372632
vt 0.429155171 0.620151043
vt 0.419420928 0.635067761
vt 0.397856742 0.622014165
vt 0.39776805 0.636218011
vt 0.602677107 0.739528358
vt 0.605453908 0.76032263
vt 0.613318682 0.800666749
vt 0.626329362 0.844267726
vt 0.637983918 0.882118344
vt 0.649219275 0.915392876
vt 0.660010397 0.930595875
vt 0.684488654 0.935967743
vt 0.672321677 0.946464777
vt 0.718776286 0.936293423
vt 0.699824154 0.951328456
vt 0.689709246 0.961391926
vt 0.751890779 0.943298399
vt 0.729040742 0.952103972
vt 0.7108109 0.962984204
vt 0.700394988 0.97004503
vt 0.755750656 0.951490343
vt 0.735349715 0.959665239
vt 0.719882727 0.97051698
vt 0.712035418 0.976222396
vt 0.760239601 0.963466465
vt 0.745096207 0.969702244
vt 0.7272439 0.983178139
vt 0.733885646 0.978349686
vt 0.780431807 0.977594554
vt 0.763780713 0.975112617
vt 0.756147146 0.992166936
vt 0.759839416 0.986882985
vt 0.779483557 0.989649355
vt 0.778604329 0.995580673
vt 0.732632637 0.191735372
vt 0.745029032 0.194981694
vt 0.74763298 0.182196349
vt 0.732943714 0.17807667
vt 0.754241109 0.194661632
vt 0.752744555 0.184398308
vt 0.732027471 0.2021752
vt 0.742571294 0.204925746
vt 0.756319761 0.201941133
vt 0.755376875 0.20983997
vt 0.771508574 0.208676547
vt 0.760956466 0.199391693
vt 0.776430309 0.196698979
vt 0.768811464 0.192275897
vt 0.77740711 0.207119167
vt 0.768608451 0.217189044
vt 0.779414237 0.213522896
vt 0.778644204 0.224152312
vt 0.784106076 0.211424172
vt 0.798763454 0.217453748
vt 0.79205811 0.205897182
vt 0.799309194 0.227414519
vt 0.784174919 0.232641131
vt 0.799461246 0.240731433
vt 0.786562502 0.241292477
vt 0.789550722 0.264726281
vt 0.799378872 0.263868034
vt 0.788991749 0.286322206
vt 0.796683192 0.295117974
vt 0.78855896 0.296376765
vt 0.792719722 0.321179122
vt 0.786048949 0.321801752
vt 0.788952529 0.336065292
vt 0.782752872 0.330558449
vt 0.778885484 0.335261464
vt 0.780792534 0.343037635
vt 0.46404025 0.258021951
vt 0.455667228 0.24475944
vt 0.435063452 0.270894885
vt 0.467176706 0.271676302
vt 0.437262982 0.235485509
vt 0.40974161 0.271284997
vt 0.411720216 0.225526303
vt 0.383647233 0.271310627
vt 0.386143684 0.219735712
vt 0.364780366 0.216420382
vt 0.361046702 0.271200299
vt 0.448819458 0.331541806
vt 0.347688079 0.271140933
vt 0.343894571 0.26531598
vt 0.335261583 0.215446427
vt 0.335261583 0.259494632
vt 0.372702807 0.282313049
vt 0.377305657 0.281549126
vt 0.467490584 0.309406489
vt 0.347574949 0.275497377
vt 0.357239723 0.308381468
vt 0.383346587 0.284991682
vt 0.408982396 0.300061375
vt 0.430430293 0.31540525
vt 0.461592019 0.343198538
vt 0.338752717 0.300049245
vt 0.335261583 0.3055906
vt 0.35313198 0.316360235
vt 0.335261583 0.31665355
vt 0.713166773 0.784841001
vt 0.716852069 0.783935845
vt 0.721552193 0.784738779
vt 0.725808322 0.787240684
vt 0.729199052 0.791180491
vt 0.731263697 0.795817018
vt 0.731481969 0.80038327
vt 0.730090141 0.804332793
vt 0.727208972 0.807045043
vt 0.723501742 0.807835877
vt 0.719156384 0.80662179
vt 0.715061009 0.804034114
vt 0.711731672 0.800086856
vt 0.709718585 0.795460701
vt 0.709202826 0.790945768
vt 0.710390925 0.787264049
vt 0.727779686 0.0378732532
vt 0.739241064 0.0717724711
vt 0.752537429 0.0615475066
vt 0.729348719 0.0715199262
vt 0.752244174 0.037873432
vt 0.765607655 0.037873432
vt 0.667005599 0.0378733128
vt 0.673756897 0.0473461039
vt 0.661300004 0.037873432
vt 0.334401876 0.338158876
vt 0.352935851 0.339636266
vt 0.349088043 0.32355997
vt 0.334401876 0.377243608
vt 0.351681501 0.377461851
vt 0.374172837 0.349036962
vt 0.334401876 0.320577681
vt 0.373143852 0.377640128
vt 0.395484537 0.357222736
vt 0.394489735 0.378217191
vt 0.415762246 0.364649832
vt 0.414974302 0.378398627
vt 0.432817042 0.371483862
vt 0.431934893 0.378513694
vt 0.445694089 0.377958626
vt 0.350936979 0.407493442
vt 0.334401876 0.40733853
vt 0.371301144 0.407639772
vt 0.436875671 0.394321859
vt 0.391086012 0.407634497
vt 0.410119772 0.405989319
vt 0.425197154 0.401744872
vt 0.431036413 0.398033381
vt 0.858280241 0.28678
vt 0.862030804 0.283246279
vt 0.860508621 0.285390317
vt 0.855693519 0.287236124
vt 0.853114069 0.286714941
vt 0.8509112 0.285259396
vt 0.849444687 0.283034712
vt 0.848958433 0.280445606
vt 0.849593699 0.277839631
vt 0.851128161 0.275739431
vt 0.853363335 0.274395287
vt 0.855909884 0.27397567
vt 0.858432233 0.274508238
vt 0.860599816 0.275936812
vt 0.862072647 0.278099686
vt 0.862585008 0.280618131
vt 0.828938186 0.296668738
vt 0.828938186 0.271335006
vt 0.830501378 0.271334857
vt 0.830501378 0.296668738
vt 0.83205837 0.271334857
vt 0.83205837 0.296668589
vt 0.833607614 0.271335006
vt 0.833607614 0.296668589
vt 0.835152328 0.271335006
vt 0.835152328 0.296668589
vt 0.836698115 0.271334857
vt 0.836698115 0.296668589
vt 0.838249743 0.271335006
vt 0.838249743 0.296668589
vt 0.839809477 0.271334857
vt 0.839809477 0.296668589
vt 0.841381013 0.271334857
vt 0.841381013 0.296668589
vt 0.818084538 0.271334857
vt 0.818084538 0.296668589
vt 0.816533983 0.296668589
vt 0.816533983 0.271334857
vt 0.819640338 0.271335006
vt 0.819640338 0.296668589
vt 0.821190298 0.271335006
vt 0.821190298 0.296668589
vt 0.822735846 0.271335006
vt 0.822735846 0.296668589
vt 0.82428056 0.271335006
vt 0.82428056 0.296668589
vt 0.825829089 0.271334857
vt 0.825829089 0.296668589
vt 0.827381909 0.271334857
vt 0.827381909 0.296668738
vt 0.277026057 0.685790777
vt 0.277025759 0.693514347
vt 0.222744033 0.693514347
vt 0.222744033 0.685790718
vt 0.213396952 0.693514287
vt 0.213300839 0.685790718
vt 0.204267725 0.693514287
vt 0.204267725 0.685790777
vt 0.138793066 0.693514168
vt 0.138793066 0.685790598
vt 0.277025759 0.665252984
vt 0.222744033 0.665253282
vt 0.204267725 0.665253282
vt 0.138793066 0.665252924
vt 0.213270962 0.665253282
vt 0.27713567 0.693514407
vt 0.27713576 0.685790777
vt 0.222744033 0.685790718
vt 0.222744033 0.693514466
vt 0.213409722 0.685790658
vt 0.213501185 0.693514287
vt 0.204267725 0.685790777
vt 0.204267725 0.693514287
vt 0.222744033 0.665252864
vt 0.27713576 0.665253341
vt 0.213362306 0.665253282
vt 0.204267725 0.665253282
vt 0.128556967 0.664724529
vt 0.1301447 0.663671374
vt 0.130144283 0.687678933
vt 0.12855719 0.686767459
vt 0.127815709 0.691135883
vt 0.126749367 0.689451158
vt 0.123997472 0.692653894
vt 0.123680763 0.690671146
vt 0.0953076929 0.692653954
vt 0.0956249163 0.690671325
vt 0.0914940014 0.691136062
vt 0.0925600901 0.689451575
vt 0.089160867 0.687678814
vt 0.0907485113 0.686767101
vt 0.0891608372 0.663671672
vt 0.0907480717 0.664724588
vt 0.0502900109 0.685509205
vt 0.0791664794 0.685509205
vt 0.0765778795 0.68653965
vt 0.0528817549 0.68653965
vt 0.080696471 0.683242083
vt 0.0487631932 0.683242679
vt 0.0487631932 0.664624751
vt 0.0806964114 0.664624631
vt 0.151562199 0.742502868
vt 0.159244254 0.738000214
vt 0.166309193 0.747338831
vt 0.157015204 0.752783418
vt 0.167843893 0.749391317
vt 0.158037096 0.754916668
vt 0.171600685 0.754521251
vt 0.160400644 0.760265589
vt 0.147954449 0.758795261
vt 0.149877429 0.763694644
vt 0.14000234 0.761233151
vt 0.142431617 0.765484452
vt 0.136228219 0.75882566
vt 0.146961346 0.756769419
vt 0.135858759 0.747500002
vt 0.143251404 0.745799005
vt 0.125557557 0.748485088
vt 0.125557557 0.760017037
vt 0.115256444 0.747500002
vt 0.114887036 0.75882566
vt 0.107863814 0.745799005
vt 0.104153998 0.756769419
vt 0.0995530114 0.742502868
vt 0.0940999612 0.752783418
vt 0.10345871 0.758866072
vt 0.0932005718 0.755119503
vt 0.10223224 0.76418829
vt 0.0911027864 0.761009097
vt 0.110911079 0.764645398
vt 0.111515798 0.760650098
vt 0.0832570344 0.749478936
vt 0.0794082955 0.7547912
vt 0.0745696351 0.742310584
vt 0.0698669106 0.74659729
vt 0.0764964595 0.740566373
vt 0.0848060325 0.747338831
vt 0.0850031674 0.732399762
vt 0.0918709412 0.738000214
vt 0.0671064332 0.733983278
vt 0.061555922 0.737339795
vt 0.0611999407 0.724673152
vt 0.0552840009 0.727055371
vt 0.0636049435 0.723722994
vt 0.0693720505 0.732630551
vt 0.0743516311 0.718471467
vt 0.0791159794 0.725837231
vt 0.0568630248 0.714719892
vt 0.0508082733 0.716237605
vt 0.0541411117 0.704707742
vt 0.0477897525 0.705534637
vt 0.0566636622 0.70386982
vt 0.0593343526 0.714058101
vt 0.0682800934 0.702448905
vt 0.0708252862 0.710479915
vt 0.166112021 0.732399762
vt 0.171999186 0.725837231
vt 0.181743219 0.732630551
vt 0.174618825 0.740566373
vt 0.184005231 0.733994603
vt 0.176511467 0.742303789
vt 0.189555883 0.737391889
vt 0.181115523 0.746603906
vt 0.195875108 0.727010667
vt 0.189925686 0.724662244
vt 0.200278521 0.716196597
vt 0.19424352 0.714709044
vt 0.187510356 0.723722994
vt 0.19178091 0.714058101
vt 0.176763535 0.718471467
vt 0.180289894 0.710479915
vt 0.203282207 0.705567479
vt 0.196970239 0.704724371
vt 0.19445163 0.70386982
vt 0.182493016 0.702056587
vt 0.120747037 0.784552276
vt 0.128249228 0.784552276
vt 0.128249228 0.789963007
vt 0.120747112 0.789963007
vt 0.120747052 0.776390135
vt 0.128249228 0.776390135
vt 0.135749057 0.789963007
vt 0.135749012 0.784552276
vt 0.135749012 0.776390135
vt 0.103550628 0.789963007
vt 0.103550628 0.784552276
vt 0.103550628 0.776390135
vt 0.152945489 0.784552276
vt 0.152945489 0.789963007
vt 0.152945518 0.776390135
vt 0.106496379 0.714905143
vt 0.10475044 0.71473825
vt 0.104797743 0.718506217
vt 0.106496677 0.718506217
vt 0.108242348 0.71473825
vt 0.108195022 0.718506217
vt 0.106496379 0.713159084
vt 0.105077282 0.713023424
vt 0.103497162 0.714450121
vt 0.104058817 0.712789059
vt 0.102088317 0.713891387
vt 0.102913901 0.712334871
vt 0.107915543 0.713023424
vt 0.108934 0.712789059
vt 0.109495647 0.714450121
vt 0.100785933 0.713128567
vt 0.101855591 0.711714506
vt 0.0996215194 0.712179542
vt 0.100909457 0.710943103
vt 0.110078894 0.712334871
vt 0.1109045 0.713891387
vt 0.111137234 0.711714506
vt 0.112206832 0.713128567
vt 0.112083301 0.710943103
vt 0.113371268 0.712179542
vt 0.112894371 0.710039139
vt 0.114369594 0.711067557
vt 0.113550738 0.709024191
vt 0.115177713 0.709819317
vt 0.114036523 0.707923293
vt 0.115776204 0.708465099
vt 0.114340052 0.706762791
vt 0.116150454 0.707037449
vt 0.0986232013 0.711067557
vt 0.100098424 0.710039139
vt 0.0978150517 0.709819317
vt 0.0994420201 0.709024191
vt 0.097216621 0.708465099
vt 0.0989562124 0.707923293
vt 0.0968423635 0.707037449
vt 0.0986527354 0.706762791
vt 0.125559598 0.774752915
vt 0.114882067 0.774764895
vt 0.136228248 0.774752915
vt 0.110775582 0.712998986
vt 0.109836161 0.713549614
vt 0.109294221 0.712429762
vt 0.110046864 0.711964965
vt 0.108446732 0.7127617
vt 0.108819857 0.713952661
vt 0.107713223 0.712930083
vt 0.107915841 0.714160681
vt 0.106656127 0.713020146
vt 0.106656127 0.714281142
vt 0.105599083 0.712930083
vt 0.105396442 0.714160681
vt 0.104865544 0.7127617
vt 0.104492433 0.713952661
vt 0.104018047 0.712429762
vt 0.103476122 0.713549614
vt 0.103265397 0.711964965
vt 0.102536708 0.712998986
vt 0.10258399 0.711388767
vt 0.101696856 0.712314129
vt 0.101967052 0.710713923
vt 0.100976929 0.711511612
vt 0.101465806 0.709982872
vt 0.100394323 0.710610867
vt 0.101094477 0.709150314
vt 0.0999630913 0.709633648
vt 0.100758411 0.708264589
vt 0.0996518433 0.708651543
vt 0.112335339 0.711511612
vt 0.111615397 0.712314129
vt 0.110749394 0.711398542
vt 0.111350723 0.710756242
vt 0.112917952 0.710610867
vt 0.111807153 0.710016072
vt 0.113349177 0.709633648
vt 0.112142742 0.709165037
vt 0.11361859 0.708603561
vt 0.112429008 0.708225667
vt 0.341705829 0.951924324
vt 0.359164447 0.943340063
vt 0.362453312 0.947928488
vt 0.34343487 0.957306504
vt 0.37754637 0.933321893
vt 0.373019576 0.929969549
vt 0.387236744 0.914916456
vt 0.381915152 0.913121641
vt 0.390575707 0.894513845
vt 0.384980291 0.894445777
vt 0.387236744 0.874111354
vt 0.381915152 0.875769734
vt 0.37754637 0.855705798
vt 0.373019278 0.858921885
vt 0.362453014 0.841099322
vt 0.359164238 0.845551372
vt 0.343435198 0.831721187
vt 0.341705829 0.836966813
vt 0.322352856 0.82848984
vt 0.322352856 0.834008992
vt 0.301270843 0.831721187
vt 0.302999943 0.836966813
vt 0.282252342 0.841099322
vt 0.285541296 0.845551372
vt 0.267159224 0.855706096
vt 0.271686256 0.858921885
vt 0.257468849 0.874111354
vt 0.262790561 0.875769734
vt 0.254129916 0.894513845
vt 0.259725273 0.894445777
vt 0.257468849 0.914916456
vt 0.262790561 0.913121641
vt 0.267159224 0.933321893
vt 0.271686256 0.92996943
vt 0.282252342 0.947928369
vt 0.285541296 0.943340063
vt 0.301270843 0.957306504
vt 0.302999943 0.951924324
vt 0.322352856 0.96053797
vt 0.322352856 0.954882443
vt 0.292535782 0.93609035
vt 0.306783706 0.943350494
vt 0.322579354 0.894749641
vt 0.281227708 0.924782515
vt 0.273966998 0.910533667
vt 0.271465987 0.894738674
vt 0.273966998 0.878943682
vt 0.281227082 0.864694834
vt 0.292534798 0.853386879
vt 0.306784064 0.846126616
vt 0.322579354 0.843625069
vt 0.338373899 0.846126616
vt 0.352622449 0.853386879
vt 0.363930196 0.864694834
vt 0.371191204 0.878943682
vt 0.373692542 0.894738674
vt 0.371190935 0.910533667
vt 0.363930941 0.924782515
vt 0.352622122 0.93609035
vt 0.338373899 0.943350494
vt 0.322579622 0.945852101
vt 0.00832548738 0.757527947
vt 0.00832530856 0.751356602
vt 0.0425474048 0.751356125
vt 0.0425474048 0.757527947
vt 0.00832563639 0.763699412
vt 0.0425474048 0.763699532
vt 0.00832563639 0.769871354
vt 0.0425474048 0.769871235
vt 0.00832557678 0.7760427
vt 0.0425474942 0.776042938
vt 0.00832539797 0.782214761
vt 0.0425474048 0.78221488
vt 0.00832530856 0.788386703
vt 0.0425474048 0.788386703
vt 0.0425474048 0.745184779
vt 0.00832557678 0.74518466
vt 0.0425474048 0.739012957
vt 0.00832530856 0.739013195
vt 0.0425474942 0.732841372
vt 0.00832557678 0.732841372
vt 0.0425474048 0.72666955
vt 0.00832530856 0.726670027
vt 0.0425474048 0.720497847
vt 0.00832527876 0.720498204
vt 0.0425473452 0.714326501
vt 0.00832542777 0.714326859
vt 0.0425473452 0.708154917
vt 0.00832536817 0.708155036
vt 0.0425473452 0.701983094
vt 0.00832542777 0.70198369
vt 0.0425473452 0.69581151
vt 0.00832536817 0.695811868
vt 0.0425474048 0.689639866
vt 0.00832542777 0.689640224
vt 0.0425473452 0.683468282
vt 0.00832536817 0.683468282
vt 0.0425474048 0.677296937
vt 0.00832557678 0.677296937
vt 0.0425474048 0.671125174
vt 0.00832530856 0.671125174
vt 0.0425473452 0.664953589
vt 0.00832524896 0.664953947
vt 0.27087751 0.963750958
vt 0.295290619 0.975820005
vt 0.29196313 0.985518396
vt 0.264548123 0.9719069
vt 0.251502931 0.944953144
vt 0.242791191 0.950706363
vt 0.239063799 0.921266496
vt 0.228821963 0.923992097
vt 0.23477757 0.895009458
vt 0.224008322 0.894378901
vt 0.23906368 0.868752658
vt 0.228821188 0.864765227
vt 0.251502931 0.845065951
vt 0.242789611 0.838050008
vt 0.270877361 0.826268256
vt 0.264546603 0.816848695
vt 0.295290351 0.81419915
vt 0.291962326 0.803236485
vt 0.322352856 0.810040474
vt 0.322352856 0.798546195
vt 0.349415064 0.81419915
vt 0.352743357 0.803236485
vt 0.373828262 0.826268256
vt 0.380158842 0.816848695
vt 0.393202633 0.845065951
vt 0.401915997 0.838050008
vt 0.405641854 0.868752658
vt 0.415884554 0.864765227
vt 0.409928054 0.895009458
vt 0.420697629 0.894378901
vt 0.405641854 0.921266496
vt 0.415883631 0.923992097
vt 0.393202633 0.944953144
vt 0.401914656 0.950706363
vt 0.373828262 0.963751197
vt 0.380157769 0.9719069
vt 0.349415064 0.975820005
vt 0.352742583 0.985518396
vt 0.322352856 0.97997874
vt 0.322352856 0.990208626
vt 0.40381965 0.895144343
vt 0.399832457 0.87073946
vt 0.388260961 0.848723471
vt 0.370237708 0.831251562
vt 0.347527534 0.820033848
vt 0.322352856 0.816168487
vt 0.297178298 0.820033848
vt 0.274467736 0.831251562
vt 0.256444722 0.848723471
vt 0.244873092 0.87073946
vt 0.240885958 0.895144343
vt 0.244873211 0.919549465
vt 0.256444722 0.941565454
vt 0.274467736 0.959037244
vt 0.297178298 0.970255256
vt 0.322352856 0.974120498
vt 0.347527713 0.970255256
vt 0.370237708 0.959037542
vt 0.388260812 0.941565454
vt 0.399832577 0.919549465
vt 0.390980661 0.916183531
vt 0.394512415 0.894597828
vt 0.390980512 0.873012304
vt 0.380730987 0.853539884
vt 0.364766926 0.838086426
vt 0.344651401 0.828164458
vt 0.322352856 0.824745774
vt 0.300054342 0.828164458
vt 0.279938579 0.838086426
vt 0.263974488 0.853539884
vt 0.253725141 0.873012304
vt 0.250193387 0.894597828
vt 0.253725141 0.916183531
vt 0.263974726 0.935656011
vt 0.279938579 0.95110935
vt 0.300054342 0.961031139
vt 0.322352856 0.964449942
vt 0.344651401 0.961031139
vt 0.364767253 0.95110935
vt 0.380730987 0.935656011
vt 0.340476036 0.948076904
vt 0.356825054 0.940059185
vt 0.359164447 0.943340063
vt 0.341705829 0.951924324
vt 0.373019576 0.929969549
vt 0.369799793 0.927570999
vt 0.381915152 0.913121641
vt 0.378130168 0.911835432
vt 0.384980291 0.894445777
vt 0.3810004 0.894392192
vt 0.381915152 0.875769734
vt 0.37812987 0.876948714
vt 0.373019278 0.858921885
vt 0.369799793 0.861212969
vt 0.359164238 0.845551372
vt 0.356824845 0.848725259
vt 0.341705829 0.836966813
vt 0.340475738 0.840707421
vt 0.322352856 0.834008992
vt 0.322352856 0.837944508
vt 0.302999943 0.836966813
vt 0.304229856 0.840707421
vt 0.285541296 0.845551372
vt 0.287880719 0.848725259
vt 0.271686256 0.858921885
vt 0.274906039 0.861213088
vt 0.262790561 0.875769734
vt 0.266575783 0.876948833
vt 0.259725273 0.894445777
vt 0.263705283 0.894392192
vt 0.262790561 0.913121641
vt 0.266575783 0.911835432
vt 0.271686256 0.92996943
vt 0.274906039 0.927570999
vt 0.285541296 0.943340063
vt 0.287880719 0.940059185
vt 0.302999943 0.951924324
vt 0.304229647 0.948076904
vt 0.322352856 0.954882443
vt 0.322352856 0.950839579
vt 0.364767253 0.95110935
vt 0.344651401 0.961031139
vt 0.34343487 0.957306504
vt 0.362453312 0.947928488
vt 0.380730987 0.935656011
vt 0.37754637 0.933321893
vt 0.390980661 0.916183531
vt 0.387236744 0.914916456
vt 0.394512415 0.894597828
vt 0.390575707 0.894513845
vt 0.390980512 0.873012304
vt 0.387236744 0.874111354
vt 0.380730987 0.853539884
vt 0.37754637 0.855705798
vt 0.364766926 0.838086426
vt 0.362453014 0.841099322
vt 0.344651401 0.828164458
vt 0.343435198 0.831721187
vt 0.322352856 0.824745774
vt 0.322352856 0.82848984
vt 0.300054342 0.828164458
vt 0.301270843 0.831721187
vt 0.279938579 0.838086426
vt 0.282252342 0.841099322
vt 0.263974488 0.853539884
vt 0.267159224 0.855706096
vt 0.253725141 0.873012304
vt 0.257468849 0.874111354
vt 0.250193387 0.894597828
vt 0.254129916 0.894513845
vt 0.253725141 0.916183531
vt 0.257468849 0.914916456
vt 0.263974726 0.935656011
vt 0.267159224 0.933321893
vt 0.279938579 0.95110935
vt 0.282252342 0.947928369
vt 0.300054342 0.961031139
vt 0.301270843 0.957306504
vt 0.322352856 0.964449942
vt 0.322352856 0.96053797
vt 0.0808698237 0.789696515
vt 0.0766123533 0.789696515
vt 0.0766123831 0.778878331
vt 0.0808697641 0.778878331
vt 0.0723547637 0.778878331
vt 0.0723547041 0.789696515
vt 0.068097055 0.778878331
vt 0.068097055 0.789696515
vt 0.0638393462 0.778878331
vt 0.0638394058 0.789696515
vt 0.0595818758 0.778878331
vt 0.0595819354 0.789696455
vt 0.0553240478 0.778878331
vt 0.0553240478 0.789696455
vt 0.0510665774 0.778878331
vt 0.0510665774 0.789696455
vt 0.0468087494 0.778878331
vt 0.0468087494 0.789696455
vt 0.0851276517 0.789696455
vt 0.0851276517 0.778878331
vt 0.0893853009 0.789696515
vt 0.0893852711 0.778878331
vt 0.0936431587 0.789696515
vt 0.0936430991 0.778878331
vt 0.0979007483 0.789696515
vt 0.0979007483 0.778878331
vt 0.404138267 0.987262905
vt 0.401472628 0.98270452
vt 0.411312044 0.980009556
vt 0.401443422 0.977423549
vt 0.404058516 0.972835541
vt 0.40955776 0.970169961
vt 0.413898051 0.970140815
vt 0.418486059 0.972756088
vt 0.421151698 0.97731477
vt 0.421180964 0.982595503
vt 0.418565571 0.987183332
vt 0.414007127 0.989848912
vt 0.408726275 0.989877939
vt 0.0808697641 0.778878331
vt 0.0766123831 0.778878331
vt 0.0766123831 0.778593659
vt 0.0808697641 0.778593659
vt 0.0723547637 0.778593659
vt 0.0723547637 0.778878331
vt 0.068097055 0.778593659
vt 0.068097055 0.778878331
vt 0.0638393462 0.778593659
vt 0.0638393462 0.778878331
vt 0.0595818758 0.778593659
vt 0.0595818758 0.778878331
vt 0.0553240478 0.778593659
vt 0.0553240478 0.778878331
vt 0.0510665774 0.778593659
vt 0.0510665774 0.778878331
vt 0.0468087494 0.778593659
vt 0.0468087494 0.778878331
vt 0.0851276517 0.778878331
vt 0.0851276517 0.778593659
vt 0.0893852711 0.778878331
vt 0.0893852711 0.778593659
vt 0.0936430991 0.778878331
vt 0.0936430991 0.778593659
vt 0.0979007483 0.778878331
vt 0.0979007483 0.778593659
vt 0.0808697641 0.778593659
vt 0.0766123831 0.778593659
vt 0.0766123831 0.776557922
vt 0.0808697641 0.776557922
vt 0.0723547637 0.776557922
vt 0.0723547637 0.778593659
vt 0.068097055 0.776557922
vt 0.068097055 0.778593659
vt 0.0638393462 0.776557922
vt 0.0638393462 0.778593659
vt 0.0595818758 0.776557922
vt 0.0595818758 0.778593659
vt 0.0553240478 0.776557922
vt 0.0553240478 0.778593659
vt 0.0510665774 0.776557922
vt 0.0510665774 0.778593659
vt 0.0468087494 0.776557922
vt 0.0468087494 0.778593659
vt 0.0851276517 0.778593659
vt 0.0851276517 0.776557922
vt 0.0893852711 0.778593659
vt 0.0893852711 0.776557922
vt 0.0936430991 0.778593659
vt 0.0936430991 0.776557922
vt 0.0979007483 0.778593659
vt 0.0979007483 0.776557922
vt 0.487029165 0.863432884
vt 0.487029165 0.851763785
vt 0.514239311 0.851763785
vt 0.514239311 0.863432884
vt 0.514239311 0.840094626
vt 0.487029225 0.840094507
vt 0.514239311 0.828425348
vt 0.487029225 0.828425229
vt 0.514239311 0.816756368
vt 0.487029642 0.816756248
vt 0.514239311 0.80508697
vt 0.487029642 0.805086792
vt 0.514239311 0.793417394
vt 0.487029642 0.793417931
vt 0.514239311 0.781748772
vt 0.487029642 0.781748772
vt 0.514239311 0.770079374
vt 0.487029642 0.770079494
vt 0.514239192 0.758410156
vt 0.487029642 0.758410156
vt 0.487029701 0.991792977
vt 0.487029642 0.980123937
vt 0.514239311 0.980123937
vt 0.514239311 0.991792977
vt 0.514239311 0.968455136
vt 0.487029642 0.968455255
vt 0.514239311 0.956785858
vt 0.487029642 0.956785858
vt 0.514239311 0.945116878
vt 0.487029642 0.945116878
vt 0.514239311 0.93344754
vt 0.487029642 0.93344754
vt 0.514239311 0.921777904
vt 0.487029225 0.921778142
vt 0.514239311 0.91010952
vt 0.487029225 0.91010952
vt 0.514239311 0.898440003
vt 0.487029165 0.898440003
vt 0.514239311 0.886771202
vt 0.487029225 0.886771202
vt 0.514239192 0.875101686
vt 0.487029225 0.875101686
vt 0.186041355 0.75942409
vt 0.190160468 0.75942409
vt 0.183875635 0.790213346
vt 0.181709975 0.75942409
vt 0.177590817 0.75942409
vt 0.17408672 0.75942409
vt 0.193664566 0.75942409
vt 0.177614957 0.75942409
vt 0.174110919 0.75942409
vt 0.183899716 0.790159106
vt 0.181734055 0.75942409
vt 0.186065525 0.75942409
vt 0.190184608 0.75942409
vt 0.193688706 0.75942409
vt 0.190226197 0.75942409
vt 0.193730295 0.75942409
vt 0.183941454 0.790252805
vt 0.18610701 0.75942409
vt 0.181775689 0.75942409
vt 0.177656531 0.75942409
vt 0.174152464 0.75942409
vt 0.177632362 0.75942409
vt 0.174128294 0.75942409
vt 0.183917254 0.790306926
vt 0.181751579 0.75942409
vt 0.1860829 0.75942409
vt 0.190202087 0.75942409
vt 0.193706155 0.75942409
vt 0.415929735 0.83133167
vt 0.402430475 0.823957741
vt 0.408992648 0.815302074
vt 0.419490039 0.820988715
vt 0.400776148 0.806745946
vt 0.391948521 0.812937558
vt 0.395559192 0.796165645
vt 0.385325789 0.799381912
vt 0.393781781 0.784545362
vt 0.3830778 0.78452903
vt 0.395591974 0.772936106
vt 0.385378242 0.76969254
vt 0.400830448 0.762384653
vt 0.392037451 0.756180406
vt 0.40905112 0.753869057
vt 0.402529418 0.745221674
vt 0.419530153 0.748225927
vt 0.416002601 0.737915814
vt 0.431282103 0.746055484
vt 0.431282282 0.735176027
vt 0.443034053 0.748225987
vt 0.446561813 0.737915933
vt 0.453513265 0.753869355
vt 0.460034847 0.745222032
vt 0.461733729 0.762385368
vt 0.470526904 0.7561813
vt 0.4669725 0.772936523
vt 0.477185756 0.769693196
vt 0.468782097 0.784545839
vt 0.479486048 0.784529626
vt 0.467005312 0.796165764
vt 0.477238119 0.799382031
vt 0.461787671 0.806745708
vt 0.470615119 0.812937558
vt 0.453570902 0.815302193
vt 0.460133016 0.82395798
vt 0.443073153 0.820988834
vt 0.446633697 0.83133167
vt 0.431281686 0.823194563
vt 0.431281865 0.83411938
vt 0.460000634 0.805484712
vt 0.464928985 0.795510113
vt 0.466609687 0.784548461
vt 0.420203269 0.818891466
vt 0.410316467 0.813542426
vt 0.402563393 0.80548507
vt 0.397634864 0.795509875
vt 0.395954728 0.784548461
vt 0.397663772 0.773596048
vt 0.402611613 0.763647556
vt 0.41036731 0.755626082
vt 0.420237601 0.750316381
vt 0.431282222 0.748266757
vt 0.442326516 0.750316441
vt 0.452196598 0.755626261
vt 0.459952861 0.763648033
vt 0.464900374 0.773596883
vt 0.463763744 0.784552038
vt 0.462211221 0.794649899
vt 0.431282043 0.784540474
vt 0.46218729 0.774462223
vt 0.457622945 0.765302896
vt 0.450477123 0.757928729
vt 0.441404194 0.753053546
vt 0.431282222 0.751163781
vt 0.421160042 0.753053546
vt 0.412087083 0.757928729
vt 0.404941201 0.765302479
vt 0.400377154 0.774461508
vt 0.398800433 0.784551561
vt 0.400352895 0.794649899
vt 0.404901266 0.803831756
vt 0.4120453 0.811237395
vt 0.421132445 0.816145122
vt 0.457662553 0.803831756
vt 0.45051831 0.811237514
vt 0.441430986 0.81614548
vt 0.431281805 0.818060219
vt 0.431282043 0.820972621
vt 0.442360103 0.818891466
vt 0.452247083 0.813542664
vt 0.235769734 0.992815256
vt 0.230735019 0.992815375
vt 0.238683656 0.962000728
vt 0.241089776 0.992815375
vt 0.24617435 0.992815375
vt 0.250525355 0.992815375
vt 0.226478383 0.992815375
vt 0.246162221 0.992815375
vt 0.250513554 0.992815375
vt 0.238671854 0.962012172
vt 0.241077974 0.992815375
vt 0.235757902 0.992815375
vt 0.230723068 0.992815375
vt 0.226466462 0.992815375
vt 0.230718419 0.992815375
vt 0.226461694 0.992815375
vt 0.238667145 0.962007284
vt 0.235753164 0.992815375
vt 0.241073057 0.992815375
vt 0.246157452 0.992815375
vt 0.250509024 0.992815375
vt 0.246169463 0.992815375
vt 0.250520706 0.992815375
vt 0.238678947 0.96199584
vt 0.241084948 0.992815375
vt 0.235764965 0.992815375
vt 0.23073031 0.992815375
vt 0.226473793 0.992815256
vt 0.0638329685 0.789696515
vt 0.0680906177 0.789696515
vt 0.0680905581 0.778875113
vt 0.0638329089 0.778875113
vt 0.0723482668 0.778875113
vt 0.0723482668 0.789696515
vt 0.0766060054 0.778875113
vt 0.0766060054 0.789696515
vt 0.0808634162 0.778875113
vt 0.0808634162 0.789696455
vt 0.085121274 0.778875113
vt 0.085121274 0.789696515
vt 0.089378953 0.778875053
vt 0.0893790126 0.789696515
vt 0.0936363339 0.778875113
vt 0.0936363637 0.789696515
vt 0.0978941917 0.778875113
vt 0.0978941917 0.789696455
vt 0.0595754385 0.789696515
vt 0.0595754385 0.778875113
vt 0.0553176701 0.789696455
vt 0.0553176701 0.778875113
vt 0.0510600209 0.789696455
vt 0.0510600209 0.778875113
vt 0.0468024909 0.789696455
vt 0.0468024611 0.778875113
vt 0.40955776 0.970169961
vt 0.404058516 0.97283566
vt 0.411312044 0.980009556
vt 0.401443422 0.977423549
vt 0.401472628 0.98270452
vt 0.404138267 0.987262905
vt 0.408726275 0.989877939
vt 0.414007127 0.989848912
vt 0.418565571 0.987183332
vt 0.421180964 0.982595503
vt 0.421151698 0.97731477
vt 0.418486059 0.972756088
vt 0.413898051 0.970140815
vt 0.0638329089 0.778875113
vt 0.0680905581 0.778875113
vt 0.0680905581 0.778592408
vt 0.0638329089 0.778592408
vt 0.0723482668 0.778592408
vt 0.0723482668 0.778875113
vt 0.0766060054 0.778592408
vt 0.0766060054 0.778875113
vt 0.0808633566 0.778592408
vt 0.0808634162 0.778875113
vt 0.0851211548 0.778592408
vt 0.085121274 0.778875113
vt 0.089378953 0.778592408
vt 0.089378953 0.778875053
vt 0.0936363339 0.778592408
vt 0.0936363339 0.778875113
vt 0.0978941321 0.778592408
vt 0.0978941917 0.778875113
vt 0.0595754385 0.778875113
vt 0.0595754087 0.778592408
vt 0.0553176701 0.778875113
vt 0.0553176105 0.778592408
vt 0.0510600209 0.778875113
vt 0.0510599613 0.778592408
vt 0.0468024611 0.778875113
vt 0.0468024015 0.778592408
vt 0.0638329089 0.778592408
vt 0.0680905581 0.778592408
vt 0.0680905581 0.776557922
vt 0.0638329089 0.776557922
vt 0.0723483264 0.776557922
vt 0.0723482668 0.778592408
vt 0.0766060054 0.776557922
vt 0.0766060054 0.778592408
vt 0.0808634162 0.776557922
vt 0.0808633566 0.778592408
vt 0.085121274 0.776557922
vt 0.0851211548 0.778592408
vt 0.089378953 0.776557922
vt 0.089378953 0.778592408
vt 0.0936363339 0.776557922
vt 0.0936363339 0.778592408
vt 0.0978941917 0.776557922
vt 0.0978941321 0.778592408
vt 0.0595754087 0.778592408
vt 0.0595754385 0.776557922
vt 0.0553176105 0.778592408
vt 0.0553176701 0.776557922
vt 0.0510599613 0.778592408
vt 0.0510600209 0.776557922
vt 0.0468024015 0.778592408
vt 0.0468024611 0.776557922
vt 0.218298599 0.758337557
vt 0.234768927 0.758337557
vt 0.234768987 0.78901273
vt 0.218298659 0.78901273
vt 0.252907038 0.78901279
vt 0.252907038 0.758337438
vt 0.269377321 0.789012849
vt 0.269377261 0.758337557
vt 0.200160548 0.758337557
vt 0.200160548 0.78901273
vt 0.260062516 0.755288184
vt 0.245967984 0.755288005
vt 0.245967925 0.748012066
vt 0.260062516 0.748012066
vt 0.230446249 0.748012066
vt 0.23044619 0.755288064
vt 0.216351658 0.748012066
vt 0.216351613 0.755288124
vt 0.200829864 0.748012066
vt 0.200829998 0.755288064
vt 0.201095387 0.746531904
vt 0.216926128 0.747143269
vt 0.216926187 0.746531904
vt 0.231301159 0.747143269
vt 0.231301069 0.746531963
vt 0.247131884 0.747143269
vt 0.247131944 0.746531963
vt 0.261506796 0.747143269
vt 0.261506796 0.746531963
vt 0.218298599 0.756634891
vt 0.200160548 0.756634891
vt 0.218298599 0.755822062
vt 0.234768927 0.756634891
vt 0.234768867 0.755822062
vt 0.252907038 0.756634772
vt 0.252906978 0.755822003
vt 0.269377261 0.756634891
vt 0.269377142 0.755821884
vt 0.216926202 0.732354999
vt 0.216926128 0.73802948
vt 0.201095462 0.73802948
vt 0.201095372 0.732354879
vt 0.231301188 0.732354999
vt 0.23130098 0.73802948
vt 0.247131884 0.732354999
vt 0.247131854 0.73802948
vt 0.261506736 0.732354879
vt 0.261506855 0.738029361
vt 0.261506796 0.744436383
vt 0.247131944 0.744436383
vt 0.216926187 0.744436324
vt 0.201095387 0.744436324
vt 0.231301069 0.744436383
vt 0.272911072 0.747103333
vt 0.272910982 0.755886734
vt 0.262948632 0.755886912
vt 0.262948573 0.747103333
vt 0.276675075 0.764683783
vt 0.278205603 0.764683545
vt 0.278205663 0.766239822
vt 0.276675016 0.766239941
vt 0.27973631 0.766239941
vt 0.27973631 0.764683783
vt 0.274935097 0.766239941
vt 0.274935156 0.764683664
vt 0.288017541 0.76334703
vt 0.28147617 0.766239941
vt 0.281476229 0.764683545
vt 0.283216327 0.764683664
vt 0.283216357 0.766239941
vt 0.284747034 0.764683783
vt 0.284746975 0.766239822
vt 0.286277443 0.766239822
vt 0.286277324 0.764683545
vt 0.288017452 0.766239822
vt 0.288017511 0.764683664
vt 0.288017541 0.76334703
vt 0.288017541 0.76334703
vt 0.288017541 0.76334703
vt 0.288017541 0.767989695
vt 0.286277503 0.767989576
vt 0.288017482 0.787761271
vt 0.286277503 0.787761152
vt 0.284746975 0.767989576
vt 0.284746975 0.787761271
vt 0.283216357 0.767989457
vt 0.283216327 0.787761271
vt 0.281476229 0.787761152
vt 0.28147614 0.767989695
vt 0.27973631 0.767989695
vt 0.27973631 0.787761152
vt 0.278205603 0.767989576
vt 0.278205723 0.787761152
vt 0.276675135 0.767989695
vt 0.276675254 0.787761211
vt 0.274935275 0.787761152
vt 0.274935156 0.767989695
vt 0.288017541 0.76334703
vt 0.288017541 0.76334703
vt 0.288017541 0.76334703
vt 0.288017541 0.76334703
vt 0.277026057 0.685790777
vt 0.222744033 0.685790718
vt 0.222744033 0.693514347
vt 0.277025759 0.693514347
vt 0.213396952 0.693514287
vt 0.213300839 0.685790718
vt 0.204267725 0.693514287
vt 0.204267725 0.685790777
vt 0.138793066 0.693514168
vt 0.138793066 0.685790598
vt 0.277025759 0.665252984
vt 0.222744033 0.665253282
vt 0.204267725 0.665253282
vt 0.138793066 0.665252924
vt 0.213270962 0.665253282
vt 0.27713567 0.693514407
vt 0.222744033 0.693514466
vt 0.222744033 0.685790718
vt 0.27713576 0.685790777
vt 0.213409722 0.685790658
vt 0.213501185 0.693514287
vt 0.204267725 0.685790777
vt 0.204267725 0.693514287
vt 0.222744033 0.665252864
vt 0.27713576 0.665253341
vt 0.213362306 0.665253282
vt 0.204267725 0.665253282
vt 0.128556967 0.664724529
vt 0.12855719 0.686767459
vt 0.130144283 0.687678933
vt 0.1301447 0.663671374
vt 0.127815709 0.691135883
vt 0.126749367 0.689451158
vt 0.123997472 0.692653894
vt 0.123680763 0.690671146
vt 0.0953076929 0.692653954
vt 0.0956249163 0.690671325
vt 0.0914940014 0.691136062
vt 0.0925600901 0.689451575
vt 0.089160867 0.687678814
vt 0.0907485113 0.686767101
vt 0.0891608372 0.663671672
vt 0.0907480717 0.664724588
vt 0.0502900109 0.685509205
vt 0.0528817549 0.68653965
vt 0.0765778795 0.68653965
vt 0.0791664794 0.685509205
vt 0.080696471 0.683242083
vt 0.0487631932 0.683242679
vt 0.0487631932 0.664624751
vt 0.0806964114 0.664624631
vt 0.151562199 0.742502868
vt 0.157015204 0.752783418
vt 0.166309193 0.747338831
vt 0.159244254 0.738000214
vt 0.167843893 0.749391317
vt 0.158037096 0.754916668
vt 0.171600685 0.754521251
vt 0.160400644 0.760265589
vt 0.147954449 0.758795261
vt 0.149877429 0.763694644
vt 0.14000234 0.761233151
vt 0.142431617 0.765484452
vt 0.136228219 0.75882566
vt 0.146961346 0.756769419
vt 0.135858759 0.747500002
vt 0.143251404 0.745799005
vt 0.125557557 0.748485088
vt 0.125557557 0.760017037
vt 0.115256444 0.747500002
vt 0.114887036 0.75882566
vt 0.107863814 0.745799005
vt 0.104153998 0.756769419
vt 0.0995530114 0.742502868
vt 0.0940999612 0.752783418
vt 0.10345871 0.758866072
vt 0.0932005718 0.755119503
vt 0.10223224 0.76418829
vt 0.0911027864 0.761009097
vt 0.110911079 0.764645398
vt 0.111515798 0.760650098
vt 0.0832570344 0.749478936
vt 0.0794082955 0.7547912
vt 0.0745696351 0.742310584
vt 0.0698669106 0.74659729
vt 0.0764964595 0.740566373
vt 0.0848060325 0.747338831
vt 0.0850031674 0.732399762
vt 0.0918709412 0.738000214
vt 0.0671064332 0.733983278
vt 0.061555922 0.737339795
vt 0.0611999407 0.724673152
vt 0.0552840009 0.727055371
vt 0.0636049435 0.723722994
vt 0.0693720505 0.732630551
vt 0.0743516311 0.718471467
vt 0.0791159794 0.725837231
vt 0.0568630248 0.714719892
vt 0.0508082733 0.716237605
vt 0.0541411117 0.704707742
vt 0.0477897525 0.705534637
vt 0.0566636622 0.70386982
vt 0.0593343526 0.714058101
vt 0.0682800934 0.702448905
vt 0.0708252862 0.710479915
vt 0.166112021 0.732399762
vt 0.174618825 0.740566373
vt 0.181743219 0.732630551
vt 0.171999186 0.725837231
vt 0.184005231 0.733994603
vt 0.176511467 0.742303789
vt 0.189555883 0.737391889
vt 0.181115523 0.746603906
vt 0.195875108 0.727010667
vt 0.189925686 0.724662244
vt 0.200278521 0.716196597
vt 0.19424352 0.714709044
vt 0.187510356 0.723722994
vt 0.19178091 0.714058101
vt 0.176763535 0.718471467
vt 0.180289894 0.710479915
vt 0.203282207 0.705567479
vt 0.196970239 0.704724371
vt 0.19445163 0.70386982
vt 0.182493016 0.702056587
vt 0.120747037 0.784552276
vt 0.120747112 0.789963007
vt 0.128249228 0.789963007
vt 0.128249228 0.784552276
vt 0.120747052 0.776390135
vt 0.128249228 0.776390135
vt 0.135749057 0.789963007
vt 0.135749012 0.784552276
vt 0.135749012 0.776390135
vt 0.103550628 0.789963007
vt 0.103550628 0.784552276
vt 0.103550628 0.776390135
vt 0.152945489 0.784552276
vt 0.152945489 0.789963007
vt 0.152945518 0.776390135
vt 0.106496379 0.714905143
vt 0.106496677 0.718506217
vt 0.104797743 0.718506217
vt 0.10475044 0.71473825
vt 0.108242348 0.71473825
vt 0.108195022 0.718506217
vt 0.106496379 0.713159084
vt 0.105077282 0.713023424
vt 0.103497162 0.714450121
vt 0.104058817 0.712789059
vt 0.102088317 0.713891387
vt 0.102913901 0.712334871
vt 0.107915543 0.713023424
vt 0.108934 0.712789059
vt 0.109495647 0.714450121
vt 0.100785933 0.713128567
vt 0.101855591 0.711714506
vt 0.0996215194 0.712179542
vt 0.100909457 0.710943103
vt 0.110078894 0.712334871
vt 0.1109045 0.713891387
vt 0.111137234 0.711714506
vt 0.112206832 0.713128567
vt 0.112083301 0.710943103
vt 0.113371268 0.712179542
vt 0.112894371 0.710039139
vt 0.114369594 0.711067557
vt 0.113550738 0.709024191
vt 0.115177713 0.709819317
vt 0.114036523 0.707923293
vt 0.115776204 0.708465099
vt 0.114340052 0.706762791
vt 0.116150454 0.707037449
vt 0.0986232013 0.711067557
vt 0.100098424 0.710039139
vt 0.0978150517 0.709819317
vt 0.0994420201 0.709024191
vt 0.097216621 0.708465099
vt 0.0989562124 0.707923293
vt 0.0968423635 0.707037449
vt 0.0986527354 0.706762791
vt 0.114882067 0.774764895
vt 0.125559598 0.774752915
vt 0.136228248 0.774752915
vt 0.110775582 0.712998986
vt 0.110046864 0.711964965
vt 0.109294221 0.712429762
vt 0.109836161 0.713549614
vt 0.108446732 0.7127617
vt 0.108819857 0.713952661
vt 0.107713223 0.712930083
vt 0.107915841 0.714160681
vt 0.106656127 0.713020146
vt 0.106656127 0.714281142
vt 0.105599083 0.712930083
vt 0.105396442 0.714160681
vt 0.104865544 0.7127617
vt 0.104492433 0.713952661
vt 0.104018047 0.712429762
vt 0.103476122 0.713549614
vt 0.103265397 0.711964965
vt 0.102536708 0.712998986
vt 0.10258399 0.711388767
vt 0.101696856 0.712314129
vt 0.101967052 0.710713923
vt 0.100976929 0.711511612
vt 0.101465806 0.709982872
vt 0.100394323 0.710610867
vt 0.101094477 0.709150314
vt 0.0999630913 0.709633648
vt 0.100758411 0.708264589
vt 0.0996518433 0.708651543
vt 0.112335339 0.711511612
vt 0.111350723 0.710756242
vt 0.110749394 0.711398542
vt 0.111615397 0.712314129
vt 0.112917952 0.710610867
vt 0.111807153 0.710016072
vt 0.113349177 0.709633648
vt 0.112142742 0.709165037
vt 0.11361859 0.708603561
vt 0.112429008 0.708225667
vt 0.341705829 0.951924324
vt 0.34343487 0.957306504
vt 0.362453312 0.947928488
vt 0.359164447 0.943340063
vt 0.37754637 0.933321893
vt 0.373019576 0.929969549
vt 0.387236744 0.914916456
vt 0.381915152 0.913121641
vt 0.390575707 0.894513845
vt 0.384980291 0.894445777
vt 0.387236744 0.874111354
vt 0.381915152 0.875769734
vt 0.37754637 0.855705798
vt 0.373019278 0.858921885
vt 0.362453014 0.841099322
vt 0.359164238 0.845551372
vt 0.343435198 0.831721187
vt 0.341705829 0.836966813
vt 0.322352856 0.82848984
vt 0.322352856 0.834008992
vt 0.301270843 0.831721187
vt 0.302999943 0.836966813
vt 0.282252342 0.841099322
vt 0.285541296 0.845551372
vt 0.267159224 0.855706096
vt 0.271686256 0.858921885
vt 0.257468849 0.874111354
vt 0.262790561 0.875769734
vt 0.254129916 0.894513845
vt 0.259725273 0.894445777
vt 0.257468849 0.914916456
vt 0.262790561 0.913121641
vt 0.267159224 0.933321893
vt 0.271686256 0.92996943
vt 0.282252342 0.947928369
vt 0.285541296 0.943340063
vt 0.301270843 0.957306504
vt 0.302999943 0.951924324
vt 0.322352856 0.96053797
vt 0.322352856 0.954882443
vt 0.352622747 0.93609035
vt 0.322579175 0.894749641
vt 0.338374823 0.943350494
vt 0.363930821 0.924782515
vt 0.371191531 0.910533667
vt 0.373692542 0.894738674
vt 0.371191531 0.878943682
vt 0.363931447 0.864694834
vt 0.352623731 0.853386879
vt 0.338374466 0.846126616
vt 0.322579175 0.843625069
vt 0.30678463 0.846126616
vt 0.29253608 0.853386879
vt 0.281228334 0.864694834
vt 0.273967326 0.878943682
vt 0.271465987 0.894738674
vt 0.273967594 0.910533667
vt 0.281227589 0.924782515
vt 0.292536408 0.93609035
vt 0.30678463 0.943350494
vt 0.322578907 0.945852101
vt 0.00832548738 0.757527947
vt 0.0425474048 0.757527947
vt 0.0425474048 0.751356125
vt 0.00832530856 0.751356602
vt 0.00832563639 0.763699412
vt 0.0425474048 0.763699532
vt 0.00832563639 0.769871354
vt 0.0425474048 0.769871235
vt 0.00832557678 0.7760427
vt 0.0425474942 0.776042938
vt 0.00832539797 0.782214761
vt 0.0425474048 0.78221488
vt 0.00832530856 0.788386703
vt 0.0425474048 0.788386703
vt 0.0425474048 0.745184779
vt 0.00832557678 0.74518466
vt 0.0425474048 0.739012957
vt 0.00832530856 0.739013195
vt 0.0425474942 0.732841372
vt 0.00832557678 0.732841372
vt 0.0425474048 0.72666955
vt 0.00832530856 0.726670027
vt 0.0425474048 0.720497847
vt 0.00832527876 0.720498204
vt 0.0425473452 0.714326501
vt 0.00832542777 0.714326859
vt 0.0425473452 0.708154917
vt 0.00832536817 0.708155036
vt 0.0425473452 0.701983094
vt 0.00832542777 0.70198369
vt 0.0425473452 0.69581151
vt 0.00832536817 0.695811868
vt 0.0425474048 0.689639866
vt 0.00832542777 0.689640224
vt 0.0425473452 0.683468282
vt 0.00832536817 0.683468282
vt 0.0425474048 0.677296937
vt 0.00832557678 0.677296937
vt 0.0425474048 0.671125174
vt 0.00832530856 0.671125174
vt 0.0425473452 0.664953589
vt 0.00832524896 0.664953947
vt 0.27087751 0.963750958
vt 0.264548123 0.9719069
vt 0.29196313 0.985518396
vt 0.295290619 0.975820005
vt 0.251502931 0.944953144
vt 0.242791191 0.950706363
vt 0.239063799 0.921266496
vt 0.228821963 0.923992097
vt 0.23477757 0.895009458
vt 0.224008322 0.894378901
vt 0.23906368 0.868752658
vt 0.228821188 0.864765227
vt 0.251502931 0.845065951
vt 0.242789611 0.838050008
vt 0.270877361 0.826268256
vt 0.264546603 0.816848695
vt 0.295290351 0.81419915
vt 0.291962326 0.803236485
vt 0.322352856 0.810040474
vt 0.322352856 0.798546195
vt 0.349415064 0.81419915
vt 0.352743357 0.803236485
vt 0.373828262 0.826268256
vt 0.380158842 0.816848695
vt 0.393202633 0.845065951
vt 0.401915997 0.838050008
vt 0.405641854 0.868752658
vt 0.415884554 0.864765227
vt 0.409928054 0.895009458
vt 0.420697629 0.894378901
vt 0.405641854 0.921266496
vt 0.415883631 0.923992097
vt 0.393202633 0.944953144
vt 0.401914656 0.950706363
vt 0.373828262 0.963751197
vt 0.380157769 0.9719069
vt 0.349415064 0.975820005
vt 0.352742583 0.985518396
vt 0.322352856 0.97997874
vt 0.322352856 0.990208626
vt 0.40381965 0.895144343
vt 0.399832457 0.87073946
vt 0.388260961 0.848723471
vt 0.370237708 0.831251562
vt 0.347527534 0.820033848
vt 0.322352856 0.816168487
vt 0.297178298 0.820033848
vt 0.274467736 0.831251562
vt 0.256444722 0.848723471
vt 0.244873092 0.87073946
vt 0.240885958 0.895144343
vt 0.244873211 0.919549465
vt 0.256444722 0.941565454
vt 0.274467736 0.959037244
vt 0.297178298 0.970255256
vt 0.322352856 0.974120498
vt 0.347527713 0.970255256
vt 0.370237708 0.959037542
vt 0.388260812 0.941565454
vt 0.399832577 0.919549465
vt 0.390980661 0.916183531
vt 0.394512415 0.894597828
vt 0.390980512 0.873012304
vt 0.380730987 0.853539884
vt 0.364766926 0.838086426
vt 0.344651401 0.828164458
vt 0.322352856 0.824745774
vt 0.300054342 0.828164458
vt 0.279938579 0.838086426
vt 0.263974488 0.853539884
vt 0.253725141 0.873012304
vt 0.250193387 0.894597828
vt 0.253725141 0.916183531
vt 0.263974726 0.935656011
vt 0.279938579 0.95110935
vt 0.300054342 0.961031139
vt 0.322352856 0.964449942
vt 0.344651401 0.961031139
vt 0.364767253 0.95110935
vt 0.380730987 0.935656011
vt 0.340476036 0.948076904
vt 0.341705829 0.951924324
vt 0.359164447 0.943340063
vt 0.356825054 0.940059185
vt 0.373019576 0.929969549
vt 0.369799793 0.927570999
vt 0.381915152 0.913121641
vt 0.378130168 0.911835432
vt 0.384980291 0.894445777
vt 0.3810004 0.894392192
vt 0.381915152 0.875769734
vt 0.37812987 0.876948714
vt 0.373019278 0.858921885
vt 0.369799793 0.861212969
vt 0.359164238 0.845551372
vt 0.356824845 0.848725259
vt 0.341705829 0.836966813
vt 0.340475738 0.840707421
vt 0.322352856 0.834008992
vt 0.322352856 0.837944508
vt 0.302999943 0.836966813
vt 0.304229856 0.840707421
vt 0.285541296 0.845551372
vt 0.287880719 0.848725259
vt 0.271686256 0.858921885
vt 0.274906039 0.861213088
vt 0.262790561 0.875769734
vt 0.266575783 0.876948833
vt 0.259725273 0.894445777
vt 0.263705283 0.894392192
vt 0.262790561 0.913121641
vt 0.266575783 0.911835432
vt 0.271686256 0.92996943
vt 0.274906039 0.927570999
vt 0.285541296 0.943340063
vt 0.287880719 0.940059185
vt 0.302999943 0.951924324
vt 0.304229647 0.948076904
vt 0.322352856 0.954882443
vt 0.322352856 0.950839579
vt 0.364767253 0.95110935
vt 0.362453312 0.947928488
vt 0.34343487 0.957306504
vt 0.344651401 0.961031139
vt 0.380730987 0.935656011
vt 0.37754637 0.933321893
vt 0.390980661 0.916183531
vt 0.387236744 0.914916456
vt 0.394512415 0.894597828
vt 0.390575707 0.894513845
vt 0.390980512 0.873012304
vt 0.387236744 0.874111354
vt 0.380730987 0.853539884
vt 0.37754637 0.855705798
vt 0.364766926 0.838086426
vt 0.362453014 0.841099322
vt 0.344651401 0.828164458
vt 0.343435198 0.831721187
vt 0.322352856 0.824745774
vt 0.322352856 0.82848984
vt 0.300054342 0.828164458
vt 0.301270843 0.831721187
vt 0.279938579 0.838086426
vt 0.282252342 0.841099322
vt 0.263974488 0.853539884
vt 0.267159224 0.855706096
vt 0.253725141 0.873012304
vt 0.257468849 0.874111354
vt 0.250193387 0.894597828
vt 0.254129916 0.894513845
vt 0.253725141 0.916183531
vt 0.257468849 0.914916456
vt 0.263974726 0.935656011
vt 0.267159224 0.933321893
vt 0.279938579 0.95110935
vt 0.282252342 0.947928369
vt 0.300054342 0.961031139
vt 0.301270843 0.957306504
vt 0.322352856 0.964449942
vt 0.322352856 0.96053797
vt 0.0808698237 0.789696515
vt 0.0808697641 0.778878331
vt 0.0766123831 0.778878331
vt 0.0766123533 0.789696515
vt 0.0723547637 0.778878331
vt 0.0723547041 0.789696515
vt 0.068097055 0.778878331
vt 0.068097055 0.789696515
vt 0.0638393462 0.778878331
vt 0.0638394058 0.789696515
vt 0.0595818758 0.778878331
vt 0.0595819354 0.789696455
vt 0.0553240478 0.778878331
vt 0.0553240478 0.789696455
vt 0.0510665774 0.778878331
vt 0.0510665774 0.789696455
vt 0.0468087494 0.778878331
vt 0.0468087494 0.789696455
vt 0.0979007483 0.789696515
vt 0.0979007483 0.778878331
vt 0.0936430991 0.778878331
vt 0.0936431587 0.789696515
vt 0.0893852711 0.778878331
vt 0.0893853009 0.789696515
vt 0.0851276517 0.778878331
vt 0.0851276517 0.789696455
vt 0.404138267 0.987262905
vt 0.411312044 0.980009556
vt 0.401472628 0.98270452
vt 0.401443422 0.977423549
vt 0.404058516 0.972835541
vt 0.40955776 0.970169961
vt 0.413898051 0.970140815
vt 0.418486059 0.972756088
vt 0.421151698 0.97731477
vt 0.421180964 0.982595503
vt 0.418565571 0.987183332
vt 0.414007127 0.989848912
vt 0.408726275 0.989877939
vt 0.0808697641 0.778878331
vt 0.0808697641 0.778593659
vt 0.0766123831 0.778593659
vt 0.0766123831 0.778878331
vt 0.0723547637 0.778593659
vt 0.0723547637 0.778878331
vt 0.068097055 0.778593659
vt 0.068097055 0.778878331
vt 0.0638393462 0.778593659
vt 0.0638393462 0.778878331
vt 0.0595818758 0.778593659
vt 0.0595818758 0.778878331
vt 0.0553240478 0.778593659
vt 0.0553240478 0.778878331
vt 0.0510665774 0.778593659
vt 0.0510665774 0.778878331
vt 0.0468087494 0.778593659
vt 0.0468087494 0.778878331
vt 0.0979007483 0.778878331
vt 0.0979007483 0.778593659
vt 0.0936430991 0.778593659
vt 0.0936430991 0.778878331
vt 0.0893852711 0.778593659
vt 0.0893852711 0.778878331
vt 0.0851276517 0.778593659
vt 0.0851276517 0.778878331
vt 0.0808697641 0.778593659
vt 0.0808697641 0.776557922
vt 0.0766123831 0.776557922
vt 0.0766123831 0.778593659
vt 0.0723547637 0.776557922
vt 0.0723547637 0.778593659
vt 0.068097055 0.776557922
vt 0.068097055 0.778593659
vt 0.0638393462 0.776557922
vt 0.0638393462 0.778593659
vt 0.0595818758 0.776557922
vt 0.0595818758 0.778593659
vt 0.0553240478 0.776557922
vt 0.0553240478 0.778593659
vt 0.0510665774 0.776557922
vt 0.0510665774 0.778593659
vt 0.0468087494 0.776557922
vt 0.0468087494 0.778593659
vt 0.0979007483 0.778593659
vt 0.0979007483 0.776557922
vt 0.0936430991 0.776557922
vt 0.0936430991 0.778593659
vt 0.0893852711 0.776557922
vt 0.0893852711 0.778593659
vt 0.0851276517 0.776557922
vt 0.0851276517 0.778593659
vt 0.487029165 0.863432884
vt 0.514239311 0.863432884
vt 0.514239311 0.851763785
vt 0.487029165 0.851763785
vt 0.514239311 0.840094626
vt 0.487029225 0.840094507
vt 0.514239311 0.828425348
vt 0.487029225 0.828425229
vt 0.514239311 0.816756368
vt 0.487029642 0.816756248
vt 0.514239311 0.80508697
vt 0.487029642 0.805086792
vt 0.514239311 0.793417394
vt 0.487029642 0.793417931
vt 0.514239311 0.781748772
vt 0.487029642 0.781748772
vt 0.514239311 0.770079374
vt 0.487029642 0.770079494
vt 0.514239192 0.758410156
vt 0.487029642 0.758410156
vt 0.487029701 0.991792977
vt 0.514239311 0.991792977
vt 0.514239311 0.980123937
vt 0.487029642 0.980123937
vt 0.514239311 0.968455136
vt 0.487029642 0.968455255
vt 0.514239311 0.956785858
vt 0.487029642 0.956785858
vt 0.514239311 0.945116878
vt 0.487029642 0.945116878
vt 0.514239311 0.93344754
vt 0.487029642 0.93344754
vt 0.514239311 0.921777904
vt 0.487029225 0.921778142
vt 0.514239311 0.91010952
vt 0.487029225 0.91010952
vt 0.514239311 0.898440003
vt 0.487029165 0.898440003
vt 0.514239311 0.886771202
vt 0.487029225 0.886771202
vt 0.514239192 0.875101686
vt 0.487029225 0.875101686
vt 0.186041355 0.75942409
vt 0.183875635 0.790213346
vt 0.190160468 0.75942409
vt 0.181709975 0.75942409
vt 0.177590817 0.75942409
vt 0.17408672 0.75942409
vt 0.193664566 0.75942409
vt 0.177614957 0.75942409
vt 0.183899716 0.790159106
vt 0.174110919 0.75942409
vt 0.181734055 0.75942409
vt 0.186065525 0.75942409
vt 0.190184608 0.75942409
vt 0.193688706 0.75942409
vt 0.190226197 0.75942409
vt 0.183941454 0.790252805
vt 0.193730295 0.75942409
vt 0.18610701 0.75942409
vt 0.181775689 0.75942409
vt 0.177656531 0.75942409
vt 0.174152464 0.75942409
vt 0.177632362 0.75942409
vt 0.183917254 0.790306926
vt 0.174128294 0.75942409
vt 0.181751579 0.75942409
vt 0.1860829 0.75942409
vt 0.190202087 0.75942409
vt 0.193706155 0.75942409
vt 0.415929735 0.83133167
vt 0.419490039 0.820988715
vt 0.408992648 0.815302074
vt 0.402430475 0.823957741
vt 0.400776148 0.806745946
vt 0.391948521 0.812937558
vt 0.395559192 0.796165645
vt 0.385325789 0.799381912
vt 0.393781781 0.784545362
vt 0.3830778 0.78452903
vt 0.395591974 0.772936106
vt 0.385378242 0.76969254
vt 0.400830448 0.762384653
vt 0.392037451 0.756180406
vt 0.40905112 0.753869057
vt 0.402529418 0.745221674
vt 0.419530153 0.748225927
vt 0.416002601 0.737915814
vt 0.431282103 0.746055484
vt 0.431282282 0.735176027
vt 0.443034053 0.748225987
vt 0.446561813 0.737915933
vt 0.453513265 0.753869355
vt 0.460034847 0.745222032
vt 0.461733729 0.762385368
vt 0.470526904 0.7561813
vt 0.4669725 0.772936523
vt 0.477185756 0.769693196
vt 0.468782097 0.784545839
vt 0.479486048 0.784529626
vt 0.467005312 0.796165764
vt 0.477238119 0.799382031
vt 0.461787671 0.806745708
vt 0.470615119 0.812937558
vt 0.453570902 0.815302193
vt 0.460133016 0.82395798
vt 0.443073153 0.820988834
vt 0.446633697 0.83133167
vt 0.431281686 0.823194563
vt 0.431281865 0.83411938
vt 0.460000634 0.805484712
vt 0.464928985 0.795510113
vt 0.466609687 0.784548461
vt 0.420203269 0.818891466
vt 0.410316467 0.813542426
vt 0.402563393 0.80548507
vt 0.397634864 0.795509875
vt 0.395954728 0.784548461
vt 0.397663772 0.773596048
vt 0.402611613 0.763647556
vt 0.41036731 0.755626082
vt 0.420237601 0.750316381
vt 0.431282222 0.748266757
vt 0.442326516 0.750316441
vt 0.452196598 0.755626261
vt 0.459952861 0.763648033
vt 0.464900374 0.773596883
vt 0.463763744 0.784552038
vt 0.462211221 0.794649899
vt 0.431282043 0.784540474
vt 0.46218729 0.774462223
vt 0.457622945 0.765302896
vt 0.450477123 0.757928729
vt 0.441404194 0.753053546
vt 0.431282222 0.751163781
vt 0.421160042 0.753053546
vt 0.412087083 0.757928729
vt 0.404941201 0.765302479
vt 0.400377154 0.774461508
vt 0.398800433 0.784551561
vt 0.400352895 0.794649899
vt 0.404901266 0.803831756
vt 0.4120453 0.811237395
vt 0.421132445 0.816145122
vt 0.457662553 0.803831756
vt 0.45051831 0.811237514
vt 0.431282043 0.820972621
vt 0.442360103 0.818891466
vt 0.452247083 0.813542664
vt 0.431281805 0.818060219
vt 0.441430986 0.81614548
vt 0.235769734 0.992815256
vt 0.238683656 0.962000728
vt 0.230735019 0.992815375
vt 0.241089776 0.992815375
vt 0.24617435 0.992815375
vt 0.250525355 0.992815375
vt 0.226478383 0.992815375
vt 0.246162221 0.992815375
vt 0.238671854 0.962012172
vt 0.250513554 0.992815375
vt 0.241077974 0.992815375
vt 0.235757902 0.992815375
vt 0.230723068 0.992815375
vt 0.226466462 0.992815375
vt 0.230718419 0.992815375
vt 0.238667145 0.962007284
vt 0.226461694 0.992815375
vt 0.235753164 0.992815375
vt 0.241073057 0.992815375
vt 0.246157452 0.992815375
vt 0.250509024 0.992815375
vt 0.246169463 0.992815375
vt 0.238678947 0.96199584
vt 0.250520706 0.992815375
vt 0.241084948 0.992815375
vt 0.235764965 0.992815375
vt 0.23073031 0.992815375
vt 0.226473793 0.992815256
vt 0.0638329685 0.789696515
vt 0.0638329089 0.778875113
vt 0.0680905581 0.778875113
vt 0.0680906177 0.789696515
vt 0.0723482668 0.778875113
vt 0.0723482668 0.789696515
vt 0.0766060054 0.778875113
vt 0.0766060054 0.789696515
vt 0.0808634162 0.778875113
vt 0.0808634162 0.789696455
vt 0.085121274 0.778875113
vt 0.085121274 0.789696515
vt 0.089378953 0.778875053
vt 0.0893790126 0.789696515
vt 0.0936363339 0.778875113
vt 0.0936363637 0.789696515
vt 0.0978941917 0.778875113
vt 0.0978941917 0.789696455
vt 0.0468024909 0.789696455
vt 0.0468024611 0.778875113
vt 0.0510600209 0.778875113
vt 0.0510600209 0.789696455
vt 0.0553176701 0.778875113
vt 0.0553176701 0.789696455
vt 0.0595754385 0.778875113
vt 0.0595754385 0.789696515
vt 0.40955776 0.970169961
vt 0.411312044 0.980009556
vt 0.404058516 0.97283566
vt 0.401443422 0.977423549
vt 0.401472628 0.98270452
vt 0.404138267 0.987262905
vt 0.408726275 0.989877939
vt 0.414007127 0.989848912
vt 0.418565571 0.987183332
vt 0.421180964 0.982595503
vt 0.421151698 0.97731477
vt 0.418486059 0.972756088
vt 0.413898051 0.970140815
vt 0.0638329089 0.778875113
vt 0.0638329089 0.778592408
vt 0.0680905581 0.778592408
vt 0.0680905581 0.778875113
vt 0.0723482668 0.778592408
vt 0.0723482668 0.778875113
vt 0.0766060054 0.778592408
vt 0.0766060054 0.778875113
vt 0.0808633566 0.778592408
vt 0.0808634162 0.778875113
vt 0.0851211548 0.778592408
vt 0.085121274 0.778875113
vt 0.089378953 0.778592408
vt 0.089378953 0.778875053
vt 0.0936363339 0.778592408
vt 0.0936363339 0.778875113
vt 0.0978941321 0.778592408
vt 0.0978941917 0.778875113
vt 0.0468024611 0.778875113
vt 0.0468024015 0.778592408
vt 0.0510599613 0.778592408
vt 0.0510600209 0.778875113
vt 0.0553176105 0.778592408
vt 0.0553176701 0.778875113
vt 0.0595754087 0.778592408
vt 0.0595754385 0.778875113
vt 0.0638329089 0.778592408
vt 0.0638329089 0.776557922
vt 0.0680905581 0.776557922
vt 0.0680905581 0.778592408
vt 0.0723483264 0.776557922
vt 0.0723482668 0.778592408
vt 0.0766060054 0.776557922
vt 0.0766060054 0.778592408
vt 0.0808634162 0.776557922
vt 0.0808633566 0.778592408
vt 0.085121274 0.776557922
vt 0.0851211548 0.778592408
vt 0.089378953 0.776557922
vt 0.089378953 0.778592408
vt 0.0936363339 0.776557922
vt 0.0936363339 0.778592408
vt 0.0978941917 0.776557922
vt 0.0978941321 0.778592408
vt 0.0468024015 0.778592408
vt 0.0468024611 0.776557922
vt 0.0510600209 0.776557922
vt 0.0510599613 0.778592408
vt 0.0553176701 0.776557922
vt 0.0553176105 0.778592408
vt 0.0595754385 0.776557922
vt 0.0595754087 0.778592408
vt 0.218298599 0.758337557
vt 0.218298659 0.78901273
vt 0.234768987 0.78901273
vt 0.234768927 0.758337557
vt 0.252907038 0.78901279
vt 0.252907038 0.758337438
vt 0.269377321 0.789012849
vt 0.269377261 0.758337557
vt 0.200160548 0.758337557
vt 0.200160548 0.78901273
vt 0.260062516 0.755288184
vt 0.260062516 0.748012066
vt 0.245967925 0.748012066
vt 0.245967984 0.755288005
vt 0.230446249 0.748012066
vt 0.23044619 0.755288064
vt 0.216351658 0.748012066
vt 0.216351613 0.755288124
vt 0.200829864 0.748012066
vt 0.200829998 0.755288064
vt 0.201095387 0.746531904
vt 0.216926128 0.747143269
vt 0.216926187 0.746531904
vt 0.231301159 0.747143269
vt 0.231301069 0.746531963
vt 0.247131884 0.747143269
vt 0.247131944 0.746531963
vt 0.261506796 0.747143269
vt 0.261506796 0.746531963
vt 0.218298599 0.756634891
vt 0.218298599 0.755822062
vt 0.200160548 0.756634891
vt 0.234768927 0.756634891
vt 0.234768867 0.755822062
vt 0.252907038 0.756634772
vt 0.252906978 0.755822003
vt 0.269377261 0.756634891
vt 0.269377142 0.755821884
vt 0.216926202 0.732354999
vt 0.201095372 0.732354879
vt 0.201095462 0.73802948
vt 0.216926128 0.73802948
vt 0.231301188 0.732354999
vt 0.23130098 0.73802948
vt 0.247131884 0.732354999
vt 0.247131854 0.73802948
vt 0.261506736 0.732354879
vt 0.261506855 0.738029361
vt 0.261506796 0.744436383
vt 0.247131944 0.744436383
vt 0.216926187 0.744436324
vt 0.201095387 0.744436324
vt 0.231301069 0.744436383
vt 0.272911072 0.747103333
vt 0.262948573 0.747103333
vt 0.262948632 0.755886912
vt 0.272910982 0.755886734
vt 0.276675075 0.764683783
vt 0.276675016 0.766239941
vt 0.278205663 0.766239822
vt 0.278205603 0.764683545
vt 0.27973631 0.766239941
vt 0.27973631 0.764683783
vt 0.274935097 0.766239941
vt 0.274935156 0.764683664
vt 0.288017541 0.76334703
vt 0.28147617 0.766239941
vt 0.281476229 0.764683545
vt 0.283216327 0.764683664
vt 0.283216357 0.766239941
vt 0.284747034 0.764683783
vt 0.284746975 0.766239822
vt 0.286277443 0.766239822
vt 0.286277324 0.764683545
vt 0.288017452 0.766239822
vt 0.288017511 0.764683664
vt 0.288017541 0.76334703
vt 0.288017541 0.76334703
vt 0.288017541 0.76334703
vt 0.288017541 0.767989695
vt 0.286277503 0.767989576
vt 0.288017482 0.787761271
vt 0.286277503 0.787761152
vt 0.284746975 0.767989576
vt 0.284746975 0.787761271
vt 0.283216357 0.767989457
vt 0.283216327 0.787761271
vt 0.281476229 0.787761152
vt 0.28147614 0.767989695
vt 0.27973631 0.767989695
vt 0.27973631 0.787761152
vt 0.278205603 0.767989576
vt 0.278205723 0.787761152
vt 0.276675135 0.767989695
vt 0.276675254 0.787761211
vt 0.274935275 0.787761152
vt 0.274935156 0.767989695
vt 0.288017541 0.76334703
vt 0.572422862 0.500575125
vt 0.572422862 0.500763476
vt 0.572911978 0.500763476
vt 0.572911978 0.500575125
vt 0.57149148 0.500575125
vt 0.571491599 0.500763357
vt 0.570346713 0.500575006
vt 0.570346713 0.500763476
vt 0.569177032 0.500575006
vt 0.569177032 0.500763476
vt 0.567911863 0.500763476
vt 0.567911863 0.500575006
vt 0.573056579 0.500575006
vt 0.573056579 0.500763357
vt 0.573056459 0.497937858
vt 0.572911859 0.497937977
vt 0.572911978 0.497749746
vt 0.572422743 0.497749746
vt 0.572422862 0.497937977
vt 0.571491599 0.497749627
vt 0.571491599 0.497937977
vt 0.570346713 0.497749627
vt 0.570346713 0.497937977
vt 0.569177032 0.497749627
vt 0.569177032 0.497937858
vt 0.567911863 0.497937977
vt 0.567911863 0.497749746
vt 0.573056459 0.497749746
vt 0.573107839 0.498012245
vt 0.573107839 0.497834384
vt 0.573107839 0.500500739
vt 0.573107839 0.500678599
vt 0.348935902 0.781015694
vt 0.348935962 0.792728484
vt 0.371919334 0.792720675
vt 0.371919274 0.781015694
vt 0.348935962 0.769970596
vt 0.371919274 0.769970715
vt 0.348936021 0.758574486
vt 0.371919274 0.758574486
vt 0.348935962 0.747909427
vt 0.371919274 0.747909427
vt 0.371919274 0.742936194
vt 0.348935962 0.742936194
vt 0.373574376 0.781015575
vt 0.371919274 0.781015694
vt 0.371919334 0.792720675
vt 0.373574376 0.792720497
vt 0.373566806 0.769970715
vt 0.371919274 0.769970715
vt 0.373581707 0.758574486
vt 0.371919274 0.758574486
vt 0.37352401 0.747909427
vt 0.371919274 0.747909427
vt 0.373468161 0.742936194
vt 0.371919274 0.742936194
vt 0.34716022 0.792729914
vt 0.348935962 0.792728484
vt 0.348935902 0.781015694
vt 0.34716022 0.781015575
vt 0.348935962 0.769970596
vt 0.34716022 0.769970596
vt 0.348936021 0.758574486
vt 0.34716022 0.758574486
vt 0.348935962 0.747909427
vt 0.34716022 0.747909427
vt 0.348935962 0.742936194
vt 0.34716022 0.742936194
vt 0.348935962 0.744094789
vt 0.348935962 0.742936194
vt 0.371919274 0.742936194
vt 0.371919274 0.744094789
vt 0.606414199 0.992962182
vt 0.606414318 0.989907622
vt 0.609472513 0.989907563
vt 0.609472632 0.992962182
vt 0.609472573 0.978803277
vt 0.606414199 0.978803396
vt 0.609472632 0.964712083
vt 0.606414199 0.964711726
vt 0.609472632 0.950125277
vt 0.606414318 0.950125277
vt 0.609472632 0.935890019
vt 0.606414318 0.935890079
vt 0.609472632 0.920753896
vt 0.606414199 0.920753896
vt 0.617272854 0.989907503
vt 0.617272735 0.978803396
vt 0.617272973 0.964712024
vt 0.617272854 0.950125039
vt 0.617272854 0.935890019
vt 0.617272735 0.920753837
vt 0.60641408 0.905590594
vt 0.609472573 0.905590475
vt 0.606414139 0.891355574
vt 0.609472513 0.891355574
vt 0.606414378 0.876800478
vt 0.609472513 0.876800597
vt 0.60641408 0.862724125
vt 0.609472573 0.862724125
vt 0.606414318 0.851067066
vt 0.609472513 0.851066947
vt 0.606414139 0.847907305
vt 0.609472632 0.847907543
vt 0.617272973 0.851066947
vt 0.617272973 0.862724006
vt 0.617272735 0.876800597
vt 0.617272735 0.891355574
vt 0.617272973 0.905590475
vt 0.617272973 0.847907543
vt 0.606414199 0.978803396
vt 0.606414318 0.989907622
vt 0.609505653 0.989907682
vt 0.609505653 0.978803277
vt 0.606414199 0.964711726
vt 0.609505653 0.964712203
vt 0.609505773 0.992962182
vt 0.606414199 0.992962182
vt 0.606414318 0.950125277
vt 0.609505773 0.950125217
vt 0.606414318 0.935890079
vt 0.609505653 0.935890138
vt 0.606414199 0.920753896
vt 0.609505832 0.920753837
vt 0.617272735 0.978803396
vt 0.617272854 0.989907503
vt 0.617272973 0.964712024
vt 0.617272854 0.950125039
vt 0.617272854 0.935890019
vt 0.617272854 0.920753837
vt 0.617272735 0.992962301
vt 0.609505653 0.994337142
vt 0.617272735 0.994337201
vt 0.606414199 0.994336903
vt 0.609505653 0.905590355
vt 0.60641408 0.905590594
vt 0.609505773 0.891355455
vt 0.606414139 0.891355574
vt 0.609505773 0.876800597
vt 0.606414378 0.876800478
vt 0.609505832 0.862724125
vt 0.60641408 0.862724125
vt 0.609505773 0.851066947
vt 0.606414318 0.851067066
vt 0.609505892 0.847907543
vt 0.606414139 0.847907305
vt 0.617272973 0.862724006
vt 0.617272973 0.851066947
vt 0.617272735 0.876800597
vt 0.617272735 0.891355574
vt 0.617272973 0.905590475
vt 0.617272973 0.847907543
vt 0.595409989 0.609065533
vt 0.522980869 0.609065413
vt 0.522981346 0.638605595
vt 0.595410109 0.638605356
vt 0.522981346 0.676090539
vt 0.595410109 0.676090837
vt 0.522981346 0.714893818
vt 0.595410109 0.714893818
vt 0.522981346 0.752761543
vt 0.595409989 0.752761543
vt 0.522981226 0.793026567
vt 0.595409989 0.793026805
vt 0.522981346 0.600940347
vt 0.595410109 0.600940347
vt 0.522981346 0.597282767
vt 0.595410109 0.597282767
vt 0.595409989 0.833363831
vt 0.522981226 0.833363831
vt 0.595409989 0.87123096
vt 0.522981226 0.87123096
vt 0.595410109 0.909949899
vt 0.522981346 0.909949899
vt 0.595409989 0.947395205
vt 0.522981226 0.947395444
vt 0.595410109 0.978405833
vt 0.522980988 0.978405833
vt 0.522981226 0.986810327
vt 0.595409989 0.986810327
vt 0.617272735 0.992962301
vt 0.609472513 0.994337082
vt 0.606414199 0.994336903
vt 0.617272735 0.994337201
vt 0.523323238 0.590913951
vt 0.525482535 0.593377829
vt 0.519901276 0.593377709
vt 0.517092764 0.591241479
vt 0.595187902 0.593377948
vt 0.597245634 0.590913951
vt 0.603323102 0.590841174
vt 0.600781262 0.593377829
vt 0.50153774 0.593869627
vt 0.50153774 0.591405511
vt 0.517092764 0.591241479
vt 0.516804159 0.593869627
vt 0.538013458 0.515117228
vt 0.535659671 0.515117228
vt 0.536209106 0.51615721
vt 0.53952378 0.51615721
vt 0.590166092 0.51615721
vt 0.591672838 0.515117228
vt 0.59335345 0.51615721
vt 0.593885362 0.515117228
vt 0.603323102 0.590841174
vt 0.618568361 0.590696037
vt 0.618568361 0.593160152
vt 0.603301942 0.593160152
vt 0.537413299 0.510297418
vt 0.537349522 0.491278052
vt 0.540824234 0.490718007
vt 0.540719867 0.509059548
vt 0.542549074 0.488572061
vt 0.541226327 0.488513827
vt 0.546354592 0.487596452
vt 0.545961618 0.487299979
vt 0.581150293 0.487596452
vt 0.581543684 0.487299979
vt 0.58495152 0.488572061
vt 0.586273551 0.488513827
vt 0.586681008 0.490718484
vt 0.590155602 0.491278052
vt 0.587011456 0.509059548
vt 0.590318024 0.510297418
vt 0.586658597 0.510297418
vt 0.540417314 0.510297418
vt 0.597245634 0.590913951
vt 0.597243249 0.556577086
vt 0.603317678 0.555796266
vt 0.603323102 0.590841174
vt 0.597195685 0.54967761
vt 0.593774199 0.552981734
vt 0.588502109 0.546302557
vt 0.587828219 0.551315188
vt 0.532764673 0.546294212
vt 0.533210993 0.551286221
vt 0.523851275 0.549638748
vt 0.527268827 0.552945018
vt 0.517236948 0.556150913
vt 0.523323238 0.556536913
vt 0.517092764 0.591241479
vt 0.523323238 0.590913951
vt 0.618568361 0.555687428
vt 0.618568361 0.590696037
vt 0.50153774 0.591405511
vt 0.50153774 0.556396782
vt 0.53291297 0.525771737
vt 0.588462293 0.525771737
vt 0.596132755 0.525771737
vt 0.596132755 0.545992374
vt 0.603770673 0.525771737
vt 0.603770673 0.545992374
vt 0.525250852 0.545992374
vt 0.525250852 0.525771737
vt 0.517606139 0.545992374
vt 0.517606139 0.525771737
vt 0.572421551 0.500575006
vt 0.572910666 0.500575125
vt 0.572910666 0.500763357
vt 0.572421551 0.500763357
vt 0.571490288 0.500575125
vt 0.571490407 0.500763357
vt 0.570345283 0.500575125
vt 0.570345521 0.500763476
vt 0.569175601 0.500575006
vt 0.56917572 0.500763476
vt 0.567910552 0.500763476
vt 0.567910552 0.500575125
vt 0.573055506 0.500575125
vt 0.573055506 0.500763476
vt 0.573055387 0.497937977
vt 0.572910786 0.497937858
vt 0.572910786 0.497749627
vt 0.572421551 0.497749746
vt 0.572421551 0.497937858
vt 0.571490407 0.497749746
vt 0.571490288 0.497937977
vt 0.570345521 0.497749746
vt 0.570345283 0.497937977
vt 0.56917572 0.497749627
vt 0.56917572 0.497937977
vt 0.567910552 0.497937977
vt 0.567910552 0.497749627
vt 0.573055506 0.497749746
vt 0.573106527 0.498012245
vt 0.573106647 0.497834384
vt 0.573106647 0.500500739
vt 0.573106647 0.500678599
vt 0.348935902 0.781015694
vt 0.371919274 0.781015694
vt 0.371919334 0.792717874
vt 0.348935962 0.792710185
vt 0.348935962 0.769970477
vt 0.371919274 0.769970477
vt 0.348935962 0.758574486
vt 0.371919274 0.758574486
vt 0.348935962 0.747909427
vt 0.371919274 0.747909427
vt 0.371919274 0.742936194
vt 0.348935962 0.742936194
vt 0.373583376 0.781015694
vt 0.373574436 0.792718172
vt 0.371919334 0.792717874
vt 0.371919274 0.781015694
vt 0.373585105 0.769970477
vt 0.371919274 0.769970477
vt 0.373610318 0.758574486
vt 0.371919274 0.758574486
vt 0.37359947 0.747909427
vt 0.371919274 0.747909427
vt 0.373597383 0.742936194
vt 0.371919274 0.742936194
vt 0.34716022 0.792708755
vt 0.34716022 0.781015575
vt 0.348935902 0.781015694
vt 0.348935962 0.792710185
vt 0.348935962 0.769970477
vt 0.34716022 0.769970477
vt 0.348935962 0.758574486
vt 0.34716022 0.758574486
vt 0.348935962 0.747909427
vt 0.34716022 0.747909427
vt 0.348935962 0.742936194
vt 0.34716022 0.742936194
vt 0.348935962 0.744094789
vt 0.371919274 0.744094789
vt 0.371919274 0.742936194
vt 0.348935962 0.742936194
vt 0.523323238 0.590913951
vt 0.517092764 0.591241479
vt 0.51976192 0.593377709
vt 0.525380492 0.593377948
vt 0.595220327 0.593377948
vt 0.597282171 0.590913773
vt 0.603330016 0.590889573
vt 0.600836933 0.593377829
vt 0.50153774 0.593869627
vt 0.516804159 0.593869627
vt 0.517092764 0.591241479
vt 0.50153774 0.591405511
vt 0.50153774 0.591405511
vt 0.50153774 0.593869627
vt 0.584320664 0.514370501
vt 0.544386625 0.514370501
vt 0.545508504 0.515410483
vt 0.583198071 0.515410483
vt 0.61856842 0.593160152
vt 0.61856842 0.593160152
vt 0.618568301 0.590696037
vt 0.618568301 0.590696037
vt 0.603330016 0.590889573
vt 0.603302002 0.593160152
vt 0.544272363 0.533325076
vt 0.547330737 0.533325076
vt 0.547330797 0.535447955
vt 0.544272304 0.535447717
vt 0.555131137 0.535447955
vt 0.555131018 0.533325076
vt 0.547363937 0.533325076
vt 0.547364056 0.535447955
vt 0.555131137 0.535447955
vt 0.555131018 0.533325076
vt 0.544272304 0.535447717
vt 0.544272363 0.533325076
vt 0.539526105 0.543016434
vt 0.580205202 0.543016434
vt 0.580205202 0.539844751
vt 0.539526045 0.539844751
vt 0.537413299 0.510297418
vt 0.540719867 0.509059548
vt 0.540824234 0.490718007
vt 0.537349522 0.491278052
vt 0.540417314 0.510297418
vt 0.542549074 0.488572061
vt 0.541226327 0.488513827
vt 0.546354592 0.487596452
vt 0.545961618 0.487299979
vt 0.581150293 0.487596452
vt 0.581543684 0.487299979
vt 0.58495152 0.488572061
vt 0.586273551 0.488513827
vt 0.586681008 0.490718484
vt 0.590155602 0.491278052
vt 0.587011695 0.509059548
vt 0.590318024 0.510297418
vt 0.586658597 0.510297418
vt 0.597282171 0.590913773
vt 0.603330016 0.590889573
vt 0.603325605 0.555850685
vt 0.597289205 0.556579232
vt 0.597246587 0.549678802
vt 0.593811393 0.552984476
vt 0.588508427 0.546303391
vt 0.587852776 0.55131793
vt 0.532746017 0.546294928
vt 0.533154309 0.551288962
vt 0.523774147 0.549639881
vt 0.527201831 0.552947402
vt 0.517236948 0.556151032
vt 0.523323238 0.556539655
vt 0.517092764 0.591241479
vt 0.523323238 0.590913951
vt 0.61856842 0.555687428
vt 0.618568301 0.590696037
vt 0.50153774 0.591405511
vt 0.50153774 0.556396782
vt 0.53291297 0.525771737
vt 0.588462293 0.525771737
vt 0.596132755 0.525771737
vt 0.596132755 0.545992374
vt 0.603770673 0.525771737
vt 0.603770673 0.545992374
vt 0.525250852 0.525771737
vt 0.525250852 0.545992374
vt 0.517606139 0.545992374
vt 0.517606139 0.525771737
vt 0.72482878 0.49770394
vn 0.759566307 0.650429904 1.0673225E-06
vn 0.634393871 0.773009956 9.78230446E-07
vn 0.734706461 0.678385139 8.3068727E-07
vn 0.634393692 0.773010135 0
vn 0.842370629 0.538898587 5.65783409E-07
vn 0.851139665 0.524939299 1.42512749E-06
vn 0.881922007 0.471395344 3.11006517E-07
vn 0.899677217 0.436555773 -1.07146917E-07
vn 0.881922305 0.471394837 0
vn 0.935465753 0.353417307 -1.96954744E-07
vn 0.956940114 0.290285379 -1.85784515E-07
vn -2.90097742E-05 -1.75862397E-06 1
vn -2.90181797E-05 2.87901548E-06 1
vn -2.90181761E-05 2.87901526E-06 1
vn -2.90097778E-05 -1.75757702E-06 1
vn -2.88395859E-05 -4.02524483E-06 1
vn -2.88395859E-05 -4.02525984E-06 1
vn -2.8205659E-05 -8.44690021E-06 1
vn -2.82056626E-05 -8.44690203E-06 1
vn -0.998019457 -0.06290631 -7.71021519E-07
vn -0.998019457 -0.0629062429 -7.71021121E-07
vn -0.995093524 0.0989390463 0
vn -0.995093524 0.0989390463 0
vn -0.9920367 -0.125949085 -9.52354981E-07
vn -0.9920367 -0.125948995 -9.52355208E-07
vn -0.956938088 -0.290292025 -9.81130029E-07
vn -0.956938088 -0.290292025 -9.81130029E-07
vn 0.834340274 -0.082950145 0.544973016
vn 0.834340274 -0.0829501599 0.544973016
vn 0.836254478 0.0481545813 0.546222985
vn 0.836253762 0.048171591 0.546222568
vn 0.827500761 0.128690869 0.546517253
vn 0.82750088 0.128690422 0.546517253
vn 0.802328229 0.243393347 0.545003772
vn 0.802328229 0.243393347 0.545003712
vn -2.91572869E-05 2.84392422E-06 1
vn -2.91572833E-05 2.84392422E-06 1
vn -2.84147682E-05 6.02014188E-06 1
vn -2.84148864E-05 6.01964439E-06 1
vn -2.66872175E-05 1.10814563E-05 1
vn -2.66872157E-05 1.10814553E-05 1
vn -2.40185254E-05 1.60878062E-05 1
vn -2.40185254E-05 1.60878026E-05 1
vn -2.04215703E-05 2.04759017E-05 1
vn -2.04215648E-05 2.04759071E-05 1
vn -1.60703767E-05 2.40771005E-05 1
vn -1.60703821E-05 2.40770933E-05 1
vn -1.11680465E-05 2.6753065E-05 1
vn -1.11680511E-05 2.67530631E-05 1
vn -5.61302295E-06 2.84008493E-05 1
vn -5.61302522E-06 2.84008474E-05 1
vn -0 2.89572217E-05 1
vn -0 2.89572199E-05 1
vn -0.968167245 0.250304133 0
vn -0.995209455 0.0977658331 0
vn -0.995197892 0.0978831276 2.79542546E-05
vn -0.96904403 0.246887833 2.02075335E-05
vn -0.923879325 0.382683963 0
vn -0.923879325 0.382683963 0
vn -0.999317884 -0.0369297117 5.23431336E-05
vn -0.996892571 -0.0787732601 0
vn -0.99358809 -0.113060758 0
vn -0.987201869 -0.15947558 1.45125682E-07
vn -0.831468582 0.555571735 0
vn -0.831468582 0.555571735 0
vn -0.95694083 -0.290283054 3.27288831E-07
vn -0.707106471 0.707107127 0
vn -0.707106471 0.707107127 0
vn -0.902875483 -0.429902107 1.89514225E-07
vn -0.901804328 -0.432144642 1.54684685E-07
vn -0.956940472 -0.290284187 0
vn -0.831469476 -0.555570483 0
vn -0.831469476 -0.555570483 0
vn -0.707107067 -0.707106531 0
vn -0.707107067 -0.707106531 0
vn -0.555570185 0.831469655 0
vn -0.555570185 0.831469655 0
vn -0.555570781 -0.831469238 0
vn -0.555570781 -0.831469238 0
vn -0.382682323 0.923879981 0
vn -0.382682323 0.923879981 0
vn -0.382683545 -0.923879445 0
vn -0.382683545 -0.923879445 0
vn -0.195089996 0.98078531 0
vn -0.195089996 0.98078531 0
vn -0.195090726 -0.980785191 0
vn -0.195090726 -0.980785191 0
vn 3.83628162E-07 1 0
vn 3.83628162E-07 1 0
vn -2.91773262E-07 -1 0
vn -2.91773262E-07 -1 0
vn 0.834415793 -0.0819155648 0.545013905
vn 0.834412456 -0.0819177106 0.545018673
vn 0.813088298 -0.200672671 0.546459377
vn 0.813020229 -0.20096986 0.546451569
vn 0.773497164 -0.320393443 0.546854794
vn 0.773497283 -0.320393234 0.546854794
vn 0.696129739 -0.4651393 0.546853602
vn 0.696129858 -0.465139091 0.546853602
vn 0.592009127 -0.592009783 0.546854258
vn 0.592009604 -0.592009246 0.546854317
vn 0.465136945 -0.69612807 0.546857655
vn 0.46513626 -0.696128547 0.546857655
vn 0.320391357 -0.773495257 0.546858728
vn 0.320391208 -0.773495317 0.546858788
vn 0.163334042 -0.821139395 0.546856582
vn 0.163334116 -0.821139395 0.546856582
vn -0 -0.837228715 0.546852946
vn -0 -0.837228656 0.546853006
vn -2.77971849E-05 -8.44651277E-06 1
vn -2.77971867E-05 -8.44651186E-06 1
vn -2.66221814E-05 -1.14844543E-05 1
vn -2.66221832E-05 -1.14844561E-05 1
vn -2.40184854E-05 -1.60877644E-05 1
vn -2.40184872E-05 -1.60877644E-05 1
vn -2.03054988E-05 -2.04758726E-05 1
vn -2.03055006E-05 -2.04758744E-05 1
vn -1.5896303E-05 -2.40770405E-05 1
vn -1.58963012E-05 -2.40770441E-05 1
vn -1.09359507E-05 -2.6752974E-05 1
vn -1.09359544E-05 -2.67529722E-05 1
vn -5.71454621E-06 -2.8400822E-05 1
vn -5.71454439E-06 -2.8400822E-05 1
vn -0 -2.89572399E-05 1
vn -0 -2.89572363E-05 1
vn 0.998373449 0.0570128448 5.00098258E-06
vn 0.998373508 0.0570125319 5.00097622E-06
vn 0.98778969 0.155793384 5.06622928E-06
vn 0.987789631 0.155793607 5.06622564E-06
vn 0.995094776 -0.0989262313 2.11053771E-06
vn 0.995094776 -0.0989262387 2.11053771E-06
vn 0.95693922 0.290288299 3.39291887E-06
vn 0.95693922 0.290288329 3.39291887E-06
vn 0.802332044 0.243384197 0.545002162
vn 0.765417814 0.33943361 0.546736181
vn 0.765417695 0.33943364 0.54673624
vn 0.802332103 0.243384197 0.545002162
vn 0.696128964 0.46513778 0.546855748
vn 0.696128964 0.465137839 0.546855807
vn 0.592007399 0.592008233 0.546857774
vn 0.592007875 0.592007756 0.546857774
vn 0.465137362 0.696127713 0.546857715
vn 0.465137452 0.696127653 0.546857715
vn 0.320393145 0.773495793 0.546856821
vn 0.320393324 0.773495674 0.54685688
vn 0.163335279 0.821138978 0.546856761
vn 0.163335279 0.821138978 0.546856761
vn -0 0.837226152 0.546856761
vn -0 0.837226152 0.546856761
vn 0.995197356 -0.0978889242 -2.44328658E-05
vn 0.995216727 -0.0976914093 0
vn 0.967221677 -0.253933519 0
vn 0.970508873 -0.241065487 -2.68835011E-05
vn 0.923879623 -0.382683247 0
vn 0.923879623 -0.382683247 0
vn 0.831469774 -0.555570006 -2.94407386E-07
vn 0.831469774 -0.555569947 -2.94407243E-07
vn 0.99935019 0.0360445715 -4.37750059E-05
vn 0.997170687 0.0751702189 0
vn 0.991257071 0.131944761 0
vn 0.987308979 0.158811122 0
vn 0.956940889 0.290282696 0
vn 0.904004037 0.427524 0
vn 0.707106292 -0.707107306 -3.9254337E-07
vn 0.707106292 -0.707107246 -3.92543427E-07
vn 0.895086706 0.445892036 0
vn 0.956941128 0.290282041 0
vn 0.831469476 0.555570364 0
vn 0.831469536 0.555570364 0
vn 0.55556798 -0.831471086 -2.94407812E-07
vn 0.555568039 -0.831471086 -2.94407812E-07
vn 0.707106531 0.707107008 0
vn 0.707106471 0.707107067 0
vn 0.38268286 -0.923879743 -1.96271543E-07
vn 0.38268286 -0.923879743 -1.96271543E-07
vn 0.555570483 0.831469476 0
vn 0.555570483 0.831469476 0
vn 0.382684588 0.923879027 0
vn 0.382684559 0.923879087 0
vn 0.195090428 -0.980785251 -1.96271685E-07
vn 0.195090458 -0.980785251 -1.96271685E-07
vn 0.195091203 0.980785072 0
vn 0.195091233 0.980785072 0
vn -0 -1 -3.92543399E-07
vn -0 -1 -3.92543456E-07
vn -0 1 0
vn -0 1 0
vn -2.73186233E-05 5.50205277E-06 -1
vn -2.57589963E-05 1.07439864E-05 -1
vn -2.5759E-05 1.07439737E-05 -1
vn -2.73186233E-05 5.50205687E-06 -1
vn -2.82468391E-05 0 -1
vn -2.82468372E-05 0 -1
vn -2.34384133E-05 1.58005496E-05 -1
vn -2.34384097E-05 1.58005569E-05 -1
vn -2.78474818E-05 -5.54839153E-06 -1
vn -2.78474763E-05 -5.5483888E-06 -1
vn -1.99574588E-05 2.0110283E-05 -1
vn -1.99574624E-05 2.01102848E-05 -1
vn -2.62230806E-05 -1.09162029E-05 -1
vn -2.62230806E-05 -1.0916202E-05 -1
vn -2.34383369E-05 -1.56684546E-05 -1
vn -2.34383369E-05 -1.56684528E-05 -1
vn -1.60123891E-05 2.3647186E-05 -1
vn -1.601238E-05 2.36471897E-05 -1
vn -2.01894709E-05 -1.99455117E-05 -1
vn -2.01894691E-05 -1.99455135E-05 -1
vn -1.60123273E-05 -2.36470951E-05 -1
vn -1.60123327E-05 -2.36470933E-05 -1
vn -1.10810379E-05 2.62753547E-05 -1
vn -1.10810306E-05 2.62753565E-05 -1
vn -1.08489321E-05 -2.63686416E-05 -1
vn -1.08489276E-05 -2.63686379E-05 -1
vn -5.27944349E-06 2.78937241E-05 -1
vn -5.2794403E-06 2.78937277E-05 -1
vn -5.68553787E-06 -2.81267712E-05 -1
vn -5.68553787E-06 -2.81267676E-05 -1
vn 1.7404777E-07 2.84401813E-05 -1
vn 1.74048097E-07 2.84401813E-05 -1
vn -0 -2.87195671E-05 -1
vn -0 -2.87195653E-05 -1
vn 0.837321341 1.25056587E-07 -0.546711087
vn 0.821233392 0.163352713 -0.546709836
vn 0.821233332 0.163352787 -0.546709776
vn 0.837321281 2.98045876E-07 -0.546711147
vn 0.821231723 -0.163353324 -0.54671216
vn 0.821231723 -0.163353205 -0.54671216
vn 0.773582995 -0.320429802 -0.546712101
vn 0.773583531 -0.32042858 -0.546712041
vn 0.696208179 -0.465192169 -0.546708763
vn 0.696208 -0.465192378 -0.546708703
vn 0.773585737 0.320428342 -0.546709001
vn 0.773585677 0.320428401 -0.546709061
vn 0.59207648 -0.592077374 -0.546708107
vn 0.592076004 -0.592077851 -0.546708107
vn 0.696206868 0.46519199 -0.546710491
vn 0.696206868 0.46519199 -0.546710491
vn 0.465187907 -0.696207762 -0.546712875
vn 0.465188593 -0.696207285 -0.546712935
vn 0.592074633 0.592076302 -0.546711445
vn 0.592074454 0.59207648 -0.546711385
vn 0.465190768 0.696207345 -0.546711028
vn 0.46519056 0.696207464 -0.546711087
vn 0.320427358 -0.773583651 -0.546712518
vn 0.320427448 -0.773583651 -0.546712577
vn 0.320429862 0.773584664 -0.546709716
vn 0.320429653 0.773584783 -0.546709657
vn 0.163353071 -0.821232975 -0.546710253
vn 0.163352996 -0.821233094 -0.546710253
vn 0.163354203 0.821233749 -0.546708882
vn 0.163354218 0.82123369 -0.546708882
vn -0 -0.837323368 -0.546707869
vn -0 -0.837323427 -0.546707869
vn -0 0.83732295 -0.546708643
vn -0 0.83732295 -0.546708643
vn -0 2.89572199E-05 1
vn 5.56951454E-06 2.84008511E-05 1
vn 5.56951272E-06 2.84008511E-05 1
vn -0 2.89572217E-05 1
vn 1.11100317E-05 2.67530322E-05 1
vn 1.11100244E-05 2.6753034E-05 1
vn 1.61864264E-05 2.40770969E-05 1
vn 1.61864282E-05 2.40770987E-05 1
vn 2.05376236E-05 2.0475889E-05 1
vn 2.053762E-05 2.04758926E-05 1
vn 2.41345897E-05 1.6087788E-05 1
vn 2.41345933E-05 1.6087788E-05 1
vn 2.68032945E-05 1.10814499E-05 1
vn 2.68032909E-05 1.10814472E-05 1
vn 2.84277539E-05 5.64936545E-06 1
vn 2.84277558E-05 5.64935544E-06 1
vn 2.90078806E-05 0 1
vn 2.90078824E-05 0 1
vn 2.84276648E-05 -5.64927859E-06 1
vn 2.84276666E-05 -5.64928132E-06 1
vn 2.66872121E-05 -1.10814626E-05 1
vn 2.66872121E-05 -1.10814608E-05 1
vn 2.40184963E-05 -1.60878026E-05 1
vn 2.40184963E-05 -1.60877971E-05 1
vn 2.05375836E-05 -2.04758999E-05 1
vn 2.05375854E-05 -2.04758944E-05 1
vn 1.61283788E-05 -2.4077086E-05 1
vn 1.61283842E-05 -2.4077086E-05 1
vn 1.11100135E-05 -2.67530195E-05 1
vn 1.11100117E-05 -2.67530213E-05 1
vn 5.71454711E-06 -2.8400842E-05 1
vn 5.71454939E-06 -2.84008456E-05 1
vn -0 -2.89572363E-05 1
vn -0 -2.89572399E-05 1
vn 0.19509083 0.980785131 0
vn 0.19509083 0.980785131 0
vn 3.83628162E-07 1 0
vn 3.83628162E-07 1 0
vn 0.382684052 0.923879266 0
vn 0.382684052 0.923879266 0
vn 0.487756819 0.872979581 0
vn 0.521189988 0.853440642 1.73136897E-07
vn 0.634394288 0.773009717 4.39529231E-07
vn 0.634393513 0.773010254 3.97131362E-06
vn 0.694144726 0.71983546 3.23323405E-07
vn 0.692395747 0.72151798 0
vn 0.7983495 0.602194428 0
vn 0.825780571 0.563991487 0
vn 0.88192153 0.471396267 -5.96206348E-07
vn 0.932507932 0.361149609 -7.04208503E-07
vn 0.956541359 0.291596711 0
vn 0.990472078 0.137713552 0
vn 0.956940234 0.290285051 1.09393781E-07
vn 0.991571605 0.129559934 0
vn 1 2.17209367E-06 0
vn 1 2.17209367E-06 0
vn 0.980785131 -0.195090935 0
vn 0.980785131 -0.195090935 0
vn 0.923879504 -0.382683426 0
vn 0.923879504 -0.382683426 0
vn 0.831469238 -0.555570781 0
vn 0.831469238 -0.555570781 0
vn 0.70710659 -0.707106948 0
vn 0.70710659 -0.707106948 0
vn 0.555570006 -0.831469774 0
vn 0.555570006 -0.831469774 0
vn 0.382682979 -0.923879683 0
vn 0.382682979 -0.923879683 0
vn 0.195089906 -0.98078537 0
vn 0.195089906 -0.98078537 0
vn -2.91773262E-07 -1 0
vn -2.91773262E-07 -1 0
vn -0 -0.837228656 0.546853006
vn -0.163335025 -0.821140051 0.546855271
vn -0.163334936 -0.82114011 0.546855211
vn -0 -0.837228715 0.546852946
vn -0.320392936 -0.773493886 0.546859682
vn -0.320392758 -0.773494005 0.546859741
vn -0.465137392 -0.69612813 0.546857178
vn -0.465136886 -0.696128488 0.546857238
vn -0.59201026 -0.592009366 0.546853602
vn -0.592010558 -0.592008948 0.546853662
vn -0.696130335 -0.465137631 0.546854258
vn -0.696130395 -0.465137541 0.546854198
vn -0.773496211 -0.320392668 0.546856642
vn -0.77349633 -0.32039243 0.546856642
vn -0.821137786 -0.16333662 0.546858132
vn -0.821137786 -0.163336679 0.546858191
vn -0.837225199 -1.692051E-06 0.546858311
vn -0.837225199 -2.07479275E-06 0.546858311
vn -0.821139097 0.163334519 0.54685688
vn -0.821139097 0.16333431 0.54685688
vn -0.773496807 0.320392489 0.546855867
vn -0.773496926 0.32039237 0.546855867
vn -0.696128488 0.465137959 0.546856284
vn -0.696128607 0.465137929 0.546856284
vn -0.592007577 0.592008352 0.546857417
vn -0.59200716 0.59200877 0.546857357
vn -0.465136796 0.696127594 0.54685849
vn -0.465136349 0.696127832 0.546858549
vn -0.320392013 0.773495495 0.546858072
vn -0.320391953 0.773495495 0.546858072
vn -0.163333923 0.821138918 0.546857297
vn -0.163333952 0.821138918 0.546857297
vn -0 0.837226152 0.546856761
vn -0 0.837226152 0.546856761
vn 5.27944303E-06 2.78937332E-05 -1
vn 1.7404777E-07 2.84401813E-05 -1
vn 1.74048097E-07 2.84401813E-05 -1
vn 5.27944167E-06 2.78937277E-05 -1
vn 1.09069852E-05 2.62753383E-05 -1
vn 1.09069915E-05 2.62753365E-05 -1
vn 1.49534681E-05 2.44644107E-05 -1
vn 1.50952383E-05 2.43157046E-05 -1
vn 1.82390086E-05 2.20386119E-05 -1
vn 1.9178955E-05 2.21480041E-05 -1
vn 8.28800985E-05 3.76268349E-06 -1
vn 3.35788864E-05 2.81063367E-05 -1
vn -0.195091411 -0.980785012 -5.88814999E-07
vn -0 -1 -3.92543399E-07
vn -0 -1 -3.92543456E-07
vn -0.195091397 -0.980785012 -5.88815112E-07
vn -0.382685453 -0.92387867 -5.88814601E-07
vn -0.382685453 -0.92387867 -5.88814601E-07
vn -0.555569112 -0.83147037 -4.90679838E-07
vn -0.555569172 -0.831470311 -4.90679952E-07
vn -0.652510941 -0.75547266 -0.0590804555
vn -0.681754112 -0.73158139 -4.66131894E-07
vn -0.771705747 -0.632739902 -0.0641124323
vn -0.643256843 -0.529543698 -0.552995563
vn -0.535493553 -0.645097017 -0.545065641
vn -0.465189606 -0.696206689 -0.546712756
vn -0.465189099 -0.696207047 -0.546712756
vn -0.320429385 -0.77358371 -0.546711326
vn -0.320429236 -0.77358377 -0.546711266
vn -0.16335386 -0.82123524 -0.546706676
vn -0.163353935 -0.82123524 -0.546706676
vn -0 -0.837323427 -0.546707869
vn -0 -0.837323368 -0.546707869
vn -0.85050118 -0.525973082 0
vn -0.854330659 -0.515613377 -0.0652839243
vn -0.923879802 -0.38268286 0
vn -0.923879802 -0.38268286 0
vn -0.980784833 -0.195092723 0
vn -0.980784833 -0.195092738 0
vn -1 -2.67082078E-06 0
vn -1 -2.65520157E-06 0
vn -0.98078537 0.195089728 0
vn -0.98078537 0.195089728 0
vn -0.923879683 0.382683128 0
vn -0.923879683 0.382683128 0
vn -0.831469655 0.555570185 0
vn -0.831469655 0.555570245 0
vn -0.707105994 0.707107604 1.22669803E-07
vn -0.707105935 0.707107604 1.22669789E-07
vn -0.55556947 0.831470132 0
vn -0.55556947 0.831470132 0
vn -0.382683605 0.923879445 0
vn -0.382683545 0.923879504 0
vn -0.195089713 0.98078537 0
vn -0.195089698 0.98078537 0
vn -0 1 0
vn -0 1 0
vn -0 -2.87195653E-05 -1
vn 5.59851742E-06 -2.81267894E-05 -1
vn 5.59851514E-06 -2.81267894E-05 -1
vn -0 -2.87195671E-05 -1
vn 1.09649727E-05 -2.63686798E-05 -1
vn 1.09649718E-05 -2.63686852E-05 -1
vn 1.6128377E-05 -2.36471387E-05 -1
vn 1.61283806E-05 -2.36471424E-05 -1
vn 2.06536188E-05 -2.01102594E-05 -1
vn 2.06536188E-05 -2.01102594E-05 -1
vn 2.41345369E-05 -1.58005223E-05 -1
vn 2.41345369E-05 -1.58005205E-05 -1
vn 2.64551581E-05 -1.08835839E-05 -1
vn 2.645516E-05 -1.08835784E-05 -1
vn 2.78475236E-05 -5.54840835E-06 -1
vn 2.78475254E-05 -5.54840562E-06 -1
vn 2.83116879E-05 0 -1
vn 2.83116897E-05 0 -1
vn 2.80796503E-05 5.54849521E-06 -1
vn 2.80796521E-05 5.54848657E-06 -1
vn 2.65487743E-05 9.8904884E-06 -1
vn 2.76746505E-05 8.79544586E-06 -1
vn 2.40207482E-05 1.38911828E-05 -1
vn 1.99738006E-05 2.10846792E-05 -1
vn 4.69967654E-06 1.52177863E-05 -1
vn -3.48449648E-05 6.99818838E-06 -1
vn -0 0.83732295 -0.546708643
vn -0.163352922 0.821233392 -0.546709776
vn -0.163352907 0.821233332 -0.546709776
vn -0 0.83732295 -0.546708643
vn -0.32042855 0.773584366 -0.546710908
vn -0.320428431 0.773584425 -0.546710908
vn -0.465190351 0.696207762 -0.546710908
vn -0.465190023 0.696207941 -0.546710849
vn -0.592076004 0.592076004 -0.546710134
vn -0.592075825 0.592076242 -0.546710134
vn -0.696208 0.465191036 -0.546709955
vn -0.696207881 0.465191096 -0.546709955
vn -0.773584843 0.320429653 -0.546709538
vn -0.773584843 0.320429653 -0.546709538
vn -0.821233213 0.1633531 -0.546709955
vn -0.821233153 0.163353369 -0.546709955
vn -0.837321341 -2.30381102E-06 -0.546711087
vn -0.837321341 -1.98796783E-06 -0.546711087
vn -0.821231663 -0.163355157 -0.546711624
vn -0.821231663 -0.163355172 -0.546711683
vn -0.773583412 -0.320428789 -0.546712101
vn -0.773583174 -0.320429474 -0.546712041
vn -0.711937428 -0.441478699 -0.546114981
vn -0.648499548 -0.531611323 -0.544828176
vn -3.48449648E-05 6.99818838E-06 -1
vn 4.69967654E-06 1.52177863E-05 -1
vn 1.49214511E-05 9.89446926E-06 -1
vn 1.84132332E-05 1.26200366E-05 -1
vn 2.06126606E-05 8.12120288E-06 -1
vn 8.6011074E-05 1.82830518E-05 -1
vn 8.60110667E-05 1.82830499E-05 -1
vn 1.47219898E-05 1.6922113E-05 -1
vn 0.955273211 0.295724839 3.47606885E-07
vn 0.956236601 0.292594492 3.14754288E-07
vn 0.881921828 0.471395642 2.24204155E-06
vn -0.648499548 -0.531611323 -0.544828176
vn -0.643256843 -0.529543698 -0.552995563
vn -0.771705747 -0.632739902 -0.0641124323
vn -0.495270818 -0.829468012 -0.258243263
vn -0.150354728 -0.904900789 -0.398180872
vn -0.115575321 -0.72398901 -0.680060506
vn -0.64124614 -0.609028339 -0.466784537
vn 0.412724704 -0.790208161 -0.45302254
vn 0.196288288 -0.94834733 -0.249215394
vn 0.634186864 -0.768890202 0.0813315213
vn 0.341599971 -0.934360027 0.101393975
vn -0.636416912 -0.766236722 0.0886270702
vn -0.856357336 -0.512663543 0.0618728139
vn -0.0649684444 -0.445754528 -0.89279449
vn -0.716121495 -0.303351253 -0.628608048
vn 0.589442551 -0.527779162 -0.611560762
vn 0.863764405 -0.501374602 0.0503441244
vn -0.982578695 -0.183985487 0.0262377448
vn -0.00593739189 -0.110033587 -0.993910134
vn -0.701025844 0.041979786 -0.711899161
vn 0.692629278 -0.197591573 -0.693701804
vn 0.985462725 -0.169403836 0.0128669757
vn -0.985462964 0.169402704 -0.0128638679
vn 0.0538446829 0.239601329 -0.9693771
vn -0.597307861 0.382008702 -0.705189824
vn 0.708254993 0.157578096 -0.688145339
vn 0.982578397 0.183986694 -0.0262397304
vn -0.863764584 0.501374424 -0.0503439829
vn 0.106595866 0.557568192 -0.823258758
vn -0.419072092 0.672531128 -0.609983981
vn 0.634895802 0.491348922 -0.596224487
vn 0.856355429 0.512666643 -0.0618730262
vn -0.634184301 0.768892288 -0.0813321471
vn 0.144465402 0.795698583 -0.588212132
vn -0.200453416 0.871129692 -0.448276222
vn 0.491107851 0.75224942 -0.439242363
vn 0.6364187 0.766234934 -0.0886294469
vn -0.341599554 0.934360087 -0.101394765
vn 0.169788033 0.979385138 -0.109437928
vn 0.341599971 -0.934360027 0.101393975
vn 0.200456321 -0.871130764 0.448272765
vn 0.419077277 -0.672528386 0.609983444
vn 0.634186864 -0.768890202 0.0813315213
vn -0.106593937 -0.557567716 0.823259413
vn -0.144460931 -0.795696914 0.58821547
vn -0.63489604 -0.491349459 0.596223652
vn -0.491107613 -0.752249956 0.439241767
vn -0.856357336 -0.512663543 0.0618728139
vn -0.636416912 -0.766236722 0.0886270702
vn 0.59730655 -0.382007539 0.705191493
vn 0.863764405 -0.501374602 0.0503441244
vn -0.053844776 -0.239603996 0.969376445
vn -0.708253741 -0.157581016 0.688145995
vn -0.982578695 -0.183985487 0.0262377448
vn 0.701028109 -0.0419827476 0.711896837
vn 0.985462725 -0.169403836 0.0128669757
vn 0.00593796372 0.110033773 0.993910134
vn -0.69262898 0.197591171 0.693702221
vn -0.985462964 0.169402704 -0.0128638679
vn 0.716120839 0.303355128 0.628606915
vn 0.982578397 0.183986694 -0.0262397304
vn 0.0649705902 0.445759624 0.892791808
vn -0.589438498 0.527781427 0.611562788
vn -0.863764584 0.501374424 -0.0503439829
vn 0.641247094 0.609031558 0.466779232
vn 0.856355429 0.512666643 -0.0618730262
vn 0.11557769 0.723993957 0.680054843
vn -0.412725657 0.79020828 0.453021377
vn -0.634184301 0.768892288 -0.0813321471
vn 0.495275497 0.829464078 0.258246988
vn 0.6364187 0.766234934 -0.0886294469
vn 0.150357351 0.90489614 0.398190379
vn -0.196289539 0.948345661 0.249220669
vn -0.341599554 0.934360087 -0.101394765
vn 0.169788033 0.979385138 -0.109437928
vn -0.169789046 -0.979385138 0.109437093
vn 0.341599971 -0.934360027 0.101393975
vn 0.196288288 -0.94834733 -0.249215394
vn -0.169789046 -0.979385138 0.109437093
vn -0.169789046 -0.979385138 0.109437093
vn -0.495270818 -0.829468012 -0.258243263
vn -0.636416912 -0.766236722 0.0886270702
vn -0.169789046 -0.979385138 0.109437093
vn 0.6364187 0.766234934 -0.0886294469
vn 0.495275497 0.829464078 0.258246988
vn 0.169788033 0.979385138 -0.109437928
vn -0.196289539 0.948345661 0.249220669
vn -0.341599554 0.934360087 -0.101394765
vn 0.169788033 0.979385138 -0.109437928
vn -0.495272398 -0.829467118 -0.258243144
vn -0.150355995 -0.904899657 -0.398182899
vn -0.115576275 -0.723991334 -0.680057824
vn -0.641246378 -0.609030545 -0.466781378
vn 0.412723303 -0.79020977 -0.45302096
vn 0.196286634 -0.948347569 -0.249215737
vn 0.634185374 -0.768891394 0.0813320205
vn 0.341601849 -0.934358716 0.101399787
vn -0.636417866 -0.766235769 0.0886285454
vn -0.856355846 -0.512666166 0.0618717112
vn -0.0649706498 -0.445758164 -0.892792523
vn -0.716121495 -0.303354293 -0.628606558
vn 0.589439213 -0.527782321 -0.611561298
vn 0.863763928 -0.501375198 0.0503462777
vn -0.982578516 -0.183986276 0.0262392238
vn -0.00593532994 -0.110032558 -0.993910253
vn -0.701025009 0.041981373 -0.711899817
vn 0.692629278 -0.19758983 -0.693702281
vn 0.985463142 -0.16940169 0.0128638884
vn -0.985462666 0.169404149 -0.0128665371
vn 0.0538456514 0.239604652 -0.969376206
vn -0.597307324 0.382008106 -0.705190599
vn 0.70825702 0.157579571 -0.688142896
vn 0.982579172 0.183983013 -0.0262371115
vn -0.863764942 0.501373827 -0.0503431745
vn 0.10659609 0.557566106 -0.823260188
vn -0.419076711 0.67252785 -0.609984398
vn 0.634897411 0.491346925 -0.596224248
vn 0.85635674 0.512664676 -0.0618710592
vn -0.634184361 0.768892348 -0.0813312903
vn 0.144460872 0.79569608 -0.588216603
vn -0.200455382 0.871129692 -0.448275268
vn 0.491107315 0.752248406 -0.439244777
vn 0.636417866 0.766235709 -0.0886294022
vn -0.341597944 0.934360385 -0.101397566
vn 0.169789061 0.979385078 -0.109437808
vn 0.341601849 -0.934358716 0.101399787
vn 0.200460732 -0.871130705 0.448270917
vn 0.419077218 -0.672528267 0.609983563
vn 0.634185374 -0.768891394 0.0813320205
vn -0.106595203 -0.557567596 0.823259294
vn -0.144461587 -0.795698047 0.588213801
vn -0.634897172 -0.491350681 0.596221507
vn -0.491106004 -0.752249897 0.439243704
vn -0.856355846 -0.512666166 0.0618717112
vn -0.636417866 -0.766235769 0.0886285454
vn 0.597308397 -0.382007897 0.705189764
vn 0.863763928 -0.501375198 0.0503462777
vn -0.0538428277 -0.239604801 0.969376385
vn -0.708254218 -0.15758054 0.688145578
vn -0.982578516 -0.183986276 0.0262392238
vn 0.70102793 -0.0419825837 0.711896956
vn 0.985463142 -0.16940169 0.0128638884
vn 0.00593797816 0.110031828 0.993910313
vn -0.692628503 0.197592199 0.693702459
vn -0.985462666 0.169404149 -0.0128665371
vn 0.716121495 0.303349048 0.628609002
vn 0.982579172 0.183983013 -0.0262371115
vn 0.0649704859 0.445756614 0.892793298
vn -0.58943975 0.527782202 0.611560941
vn -0.863764942 0.501373827 -0.0503431745
vn 0.641246974 0.609029889 0.466781437
vn 0.85635674 0.512664676 -0.0618710592
vn 0.115576103 0.723991573 0.680057526
vn -0.41272366 0.790209234 0.453021526
vn -0.634184361 0.768892348 -0.0813312903
vn 0.495277017 0.829464555 0.258242667
vn 0.636417866 0.766235709 -0.0886294022
vn 0.150358319 0.904897273 0.398187578
vn -0.196287557 0.948346734 0.249218091
vn -0.341597944 0.934360385 -0.101397566
vn 0.169789061 0.979385078 -0.109437808
vn -0.169787899 -0.979385316 0.109437004
vn 0.341601849 -0.934358716 0.101399787
vn 0.196286634 -0.948347569 -0.249215737
vn -0.169787899 -0.979385316 0.109437004
vn -0.169787899 -0.979385316 0.109437004
vn -0.495272398 -0.829467118 -0.258243144
vn -0.636417866 -0.766235769 0.0886285454
vn -0.169787899 -0.979385316 0.109437004
vn 0.636417866 0.766235709 -0.0886294022
vn 0.495277017 0.829464555 0.258242667
vn 0.169789061 0.979385078 -0.109437808
vn -0.196287557 0.948346734 0.249218091
vn -0.341597944 0.934360385 -0.101397566
vn 0.169789061 0.979385078 -0.109437808
vn 0.00593806291 0.110032365 0.993910253
vn 0.00593806291 0.110032365 0.993910253
vn 0.00593806291 0.110032357 0.993910253
vn 0.00593806291 0.110032357 0.993910253
vn 0.169787109 0.979385316 -0.10943798
vn 0.169787109 0.979385316 -0.109437972
vn 0.169787094 0.979385316 -0.109437972
vn 0.169787109 0.979385316 -0.109437972
vn -0.005937621 -0.11002972 -0.993910551
vn -0.00593762193 -0.110029705 -0.993910551
vn -0.00593762193 -0.11002972 -0.993910551
vn -0.00593762053 -0.110029705 -0.993910551
vn -0.169786885 -0.979385436 0.109437637
vn -0.1697869 -0.979385436 0.109437637
vn -0.1697869 -0.979385436 0.109437644
vn -0.16978687 -0.979385436 0.109437637
vn -0.985462725 0.169403628 -0.012865901
vn -0.985462725 0.169403628 -0.0128659001
vn -0.985462785 0.169403628 -0.0128659001
vn -0.985462785 0.169403613 -0.012865901
vn 0.985462904 -0.169402972 0.0128657632
vn 0.985462904 -0.169402957 0.0128657622
vn 0.985462904 -0.169402942 0.0128657632
vn 0.985462904 -0.169402972 0.0128657632
vn -0.00241701608 -0.0897067711 -0.995965302
vn 0.00376270269 -0.0539498627 -0.998536527
vn 0.00376270665 -0.0539498515 -0.998536527
vn -0.00241701631 -0.0897067636 -0.995965302
vn 0.0147736454 0.0100085922 -0.999840796
vn 0.0147736492 0.0100086024 -0.999840796
vn 0.0232587568 0.0595098995 -0.997956693
vn 0.023258755 0.0595099106 -0.997956693
vn 0.0273647774 0.0835319981 -0.996129274
vn 0.0273647755 0.0835319757 -0.996129274
vn 0.0299954358 0.0989466757 -0.994640529
vn 0.0299954358 0.0989466608 -0.994640529
vn 0.0289751682 0.0929660574 -0.995247602
vn 0.0289751682 0.0929660574 -0.995247602
vn 0.0250623282 0.0700559095 -0.997228205
vn 0.0250623282 0.0700559095 -0.997228205
vn 0.021274304 0.0479130298 -0.998624921
vn 0.0212743022 0.0479130298 -0.998624921
vn 0.0150874527 0.0118305497 -0.999816179
vn 0.0150874564 0.0118305674 -0.999816179
vn 0.00615682919 -0.0400732122 -0.999177754
vn 0.00615682779 -0.0400732271 -0.999177754
vn -0.00825725216 -0.123403475 -0.992322266
vn -0.0082572503 -0.123403467 -0.992322266
vn -0.0304064322 -0.250378966 -0.967670321
vn -0.0304064341 -0.250379026 -0.967670262
vn -0.0553667992 -0.391836166 -0.918367565
vn -0.0553667843 -0.391836107 -0.918367565
vn -0.0951594561 -0.613131344 -0.784228683
vn -0.0951594785 -0.613131404 -0.784228623
vn -0.137900218 -0.841832757 -0.521824777
vn -0.137900248 -0.841832876 -0.521824539
vn -0.163403541 -0.965837955 -0.201137632
vn -0.163403526 -0.965837955 -0.201137632
vn -0.169787094 -0.979385495 0.109436594
vn -0.169787094 -0.979385495 0.109436601
vn -0.169787094 -0.979385495 0.109436601
vn -0.159755826 -0.898244083 0.409433365
vn -0.159755826 -0.898244083 0.409433424
vn -0.169787094 -0.979385495 0.109436594
vn -0.130631045 -0.707135499 0.694906354
vn -0.130631059 -0.707135737 0.694906175
vn -0.0850952119 -0.426633567 0.9004125
vn -0.0850952044 -0.426633537 0.9004125
vn -0.0440109707 -0.18140769 0.982422709
vn -0.0440109633 -0.181407675 0.982422709
vn -0.0186553225 -0.0326258019 0.999293566
vn -0.0186553206 -0.032625813 0.999293566
vn 0.00361760822 0.0966391563 0.99531287
vn 0.0036176031 0.0966391042 0.99531287
vn 0.018003121 0.179433733 0.983605325
vn 0.0180031192 0.179433733 0.983605325
vn 0.0268724076 0.230207115 0.972770512
vn 0.0268724132 0.230207175 0.972770512
vn 0.0329976007 0.265147209 0.963643193
vn 0.0329976045 0.265147209 0.963643193
vn 0.0367403589 0.286444992 0.957391977
vn 0.0367403589 0.286444992 0.957391977
vn 0.0405993722 0.30836156 0.950402439
vn 0.0405993722 0.308361501 0.950402439
vn 0.0416038781 0.314059883 0.948491156
vn 0.0416038819 0.314059854 0.948491156
vn 0.0390119217 0.299349666 0.953345656
vn 0.0390119217 0.299349666 0.953345656
vn 0.0349601805 0.276314557 0.960431218
vn 0.0349601805 0.276314527 0.960431218
vn 0.0265626181 0.228434041 0.973196983
vn 0.0265626181 0.228434041 0.973196983
vn 0.0156211173 0.165761814 0.986042082
vn 0.0156211117 0.165761784 0.986042082
vn 0.00945834443 0.130319849 0.991426885
vn 0.00945834443 0.130319849 0.991426885
vn -0.985462725 0.169403806 -0.0128672086
vn -0.985463262 0.169401035 -0.012863514
vn -0.985463262 0.16940102 -0.0128635131
vn -0.985462725 0.169403791 -0.0128672067
vn -0.985462546 0.169404656 -0.012869087
vn -0.985462546 0.169404656 -0.012869087
vn -0.985462666 0.169403866 -0.0128685497
vn -0.985462666 0.169403836 -0.0128685497
vn -0.985462725 0.169403672 -0.0128670214
vn -0.985462725 0.169403657 -0.0128670204
vn -0.985462904 0.169402748 -0.0128646856
vn -0.985462904 0.169402763 -0.0128646856
vn -0.985463023 0.169402167 -0.0128633175
vn -0.985463023 0.169402197 -0.0128633184
vn -0.985462785 0.169403583 -0.0128630726
vn -0.985462785 0.169403583 -0.0128630735
vn -0.985462785 0.169403508 -0.0128646418
vn -0.985462785 0.169403493 -0.0128646409
vn -0.985462844 0.169403046 -0.0128664356
vn -0.985462844 0.169403031 -0.0128664356
vn -0.985462785 0.169403493 -0.0128659243
vn -0.985462785 0.169403493 -0.0128659243
vn -0.985462844 0.169403329 -0.0128655629
vn -0.985462844 0.169403315 -0.012865562
vn -0.985462725 0.169403628 -0.0128658526
vn -0.985462725 0.169403672 -0.0128658563
vn -0.985463023 0.169402286 -0.0128656831
vn -0.985463023 0.169402286 -0.0128656812
vn -0.985462964 0.169402421 -0.012866755
vn -0.985462964 0.169402391 -0.0128667513
vn -0.985462546 0.169404939 -0.0128667522
vn -0.985462546 0.169404924 -0.0128667494
vn -0.985462606 0.169404417 -0.012864857
vn -0.985462606 0.169404417 -0.0128648533
vn -0.985462546 0.169404775 -0.0128663629
vn -0.985462546 0.169404745 -0.0128663592
vn -0.985462487 0.169405296 -0.0128674693
vn -0.985462546 0.169404775 -0.0128663629
vn -0.985462546 0.169404745 -0.0128663592
vn -0.985462487 0.169405311 -0.0128674721
vn -0.985462725 0.169403881 -0.012866783
vn -0.985462725 0.169403866 -0.012866782
vn -0.985462666 0.169403881 -0.0128681427
vn -0.985462666 0.169403851 -0.0128681473
vn -0.985462666 0.169403881 -0.0128685478
vn -0.985462666 0.169403881 -0.0128685469
vn -0.985462666 0.169404075 -0.0128677217
vn -0.985462666 0.169404089 -0.0128677208
vn -0.985462725 0.169403791 -0.0128664933
vn -0.985462725 0.169403791 -0.0128664942
vn -0.985462844 0.16940321 -0.0128656384
vn -0.985462844 0.16940318 -0.0128656384
vn -0.985462964 0.169402435 -0.0128669087
vn -0.985462964 0.169402421 -0.0128669105
vn -0.985463023 0.169402078 -0.0128676584
vn -0.985463023 0.169402078 -0.0128676593
vn -0.985462904 0.169402793 -0.0128665548
vn -0.985462904 0.169402808 -0.0128665566
vn -0.985462964 0.169402167 -0.0128678288
vn -0.985462964 0.169402152 -0.0128678279
vn -0.985463023 0.169401884 -0.0128690349
vn -0.985463023 0.169401884 -0.0128690368
vn -0.985462785 0.169403195 -0.0128675951
vn -0.985462785 0.169403225 -0.012867596
vn -0.985462725 0.169403926 -0.0128661916
vn -0.985462725 0.169403911 -0.0128661906
vn -0.985462666 0.169404343 -0.0128645459
vn -0.985462666 0.169404343 -0.0128645478
vn -0.985462964 0.169402719 -0.0128640337
vn -0.985462964 0.169402719 -0.0128640318
vn -0.98546356 0.169399083 -0.012865806
vn -0.98546356 0.169399098 -0.012865806
vn 0.985462546 -0.169404671 0.0128653292
vn 0.985462785 -0.169403657 0.0128652323
vn 0.985462785 -0.169403628 0.0128652314
vn 0.985462546 -0.169404671 0.0128653301
vn 0.985462844 -0.16940327 0.0128663639
vn 0.985462785 -0.16940327 0.0128663629
vn 0.985462844 -0.169402912 0.0128671126
vn 0.985462844 -0.169402897 0.0128671126
vn 0.985462785 -0.169403374 0.0128672207
vn 0.985462785 -0.169403389 0.0128672207
vn 0.985462785 -0.169403404 0.0128672272
vn 0.985462785 -0.169403389 0.0128672263
vn 0.985462904 -0.169402599 0.0128670782
vn 0.985462904 -0.169402599 0.0128670782
vn 0.985462844 -0.169403151 0.0128659001
vn 0.985462844 -0.169403151 0.0128659001
vn 0.985462844 -0.169403061 0.0128656551
vn 0.985462844 -0.169403031 0.0128656551
vn 0.985462785 -0.1694033 0.0128676482
vn 0.985462785 -0.169403329 0.0128676482
vn 0.985462725 -0.169403508 0.0128682619
vn 0.985462725 -0.169403508 0.0128682619
vn 0.985462785 -0.169403285 0.0128672672
vn 0.985462785 -0.169403285 0.0128672682
vn 0.985462785 -0.169403359 0.012866064
vn 0.985462785 -0.169403344 0.0128660649
vn 0.985463142 -0.169401407 0.0128656905
vn 0.985463142 -0.169401392 0.0128656905
vn 0.985463023 -0.169401959 0.0128667587
vn 0.985463023 -0.169401988 0.0128667625
vn 0.985462606 -0.169404477 0.0128667708
vn 0.985462606 -0.169404447 0.0128667708
vn 0.985462427 -0.169405714 0.0128648663
vn 0.985462487 -0.169405699 0.0128648682
vn 0.985462606 -0.169404432 0.0128663564
vn 0.985462606 -0.169404432 0.0128663583
vn 0.985462606 -0.169404432 0.0128663583
vn 0.985462487 -0.169405445 0.0128675001
vn 0.985462487 -0.169405445 0.0128675038
vn 0.985462606 -0.169404432 0.0128663564
vn 0.985462606 -0.169404402 0.0128667336
vn 0.985462606 -0.169404387 0.0128667345
vn 0.985462964 -0.169402435 0.0128672319
vn 0.985462964 -0.169402421 0.01286723
vn 0.985462844 -0.169402912 0.0128666423
vn 0.985462844 -0.169402897 0.0128666423
vn 0.985462964 -0.16940251 0.0128655946
vn 0.985462964 -0.169402495 0.0128655937
vn 0.985462725 -0.169404045 0.0128645534
vn 0.985462725 -0.169404045 0.0128645524
vn 0.985462785 -0.169403657 0.0128647564
vn 0.985462785 -0.169403687 0.0128647583
vn 0.985462904 -0.169402733 0.0128667504
vn 0.985462904 -0.169402733 0.0128667504
vn 0.985462904 -0.169402674 0.0128675038
vn 0.985462904 -0.169402659 0.0128675019
vn 0.985462725 -0.169403687 0.0128656169
vn 0.985462725 -0.169403717 0.0128656197
vn 0.985462666 -0.169404402 0.0128644211
vn 0.985462666 -0.169404373 0.0128644211
vn 0.985462666 -0.169404164 0.0128646726
vn 0.985462666 -0.169404164 0.0128646726
vn 0.985462725 -0.169403732 0.0128649995
vn 0.985462725 -0.169403717 0.0128649985
vn 0.985462844 -0.169403285 0.01286567
vn 0.985462844 -0.169403285 0.01286567
vn 0.985462844 -0.169403046 0.0128659261
vn 0.985462844 -0.169403046 0.0128659252
vn 0.985463142 -0.169401363 0.0128651895
vn 0.985463142 -0.169401363 0.0128651904
vn 0.985463321 -0.169400454 0.0128646903
vn 0.985463321 -0.169400454 0.0128646903
vn -0.00388811692 0.0532238297 0.998575032
vn 0.00225448888 0.0887673497 0.996049821
vn 0.00225448888 0.0887673423 0.996049821
vn -0.00388811063 0.0532238595 0.998575032
vn -0.0146917291 -0.00952973403 0.999846697
vn -0.0146917244 -0.00952970609 0.999846697
vn -0.0231864844 -0.0590862744 0.997983575
vn -0.0231864881 -0.0590862893 0.997983575
vn -0.0273538064 -0.0834672675 0.996135056
vn -0.027353812 -0.0834672749 0.996135056
vn -0.0299927089 -0.0989334062 0.99464196
vn -0.0299927089 -0.0989334136 0.99464196
vn -0.0289825965 -0.0930106193 0.995243192
vn -0.0289825927 -0.0930106118 0.995243192
vn -0.0250623655 -0.0700523332 0.997228444
vn -0.0250623673 -0.0700523257 0.997228444
vn -0.0212915149 -0.0480117388 0.998619795
vn -0.0212915149 -0.0480117388 0.998619795
vn -0.0151151335 -0.0119923856 0.999813855
vn -0.0151151326 -0.0119923819 0.999813855
vn -0.00629894063 0.039248392 0.999209642
vn -0.00629894016 0.0392483883 0.999209642
vn 0.00804918353 0.12220379 0.992472351
vn 0.00804918353 0.122203797 0.992472351
vn 0.0300604571 0.248404235 0.968189955
vn 0.0300604645 0.248404264 0.968189955
vn 0.0537561327 0.38275969 0.922282636
vn 0.0537561327 0.38275966 0.922282696
vn 0.093069613 0.601662517 0.793309689
vn 0.0930695981 0.601662397 0.793309808
vn 0.137943536 0.842059076 0.521448135
vn 0.137943491 0.842059016 0.521448255
vn 0.163635388 0.966811836 0.196210042
vn 0.163635433 0.966811895 0.196209624
vn 0.169787034 0.979385376 -0.109437548
vn 0.169787034 0.979385376 -0.109437861
vn 0.160044476 0.900273025 -0.404838562
vn 0.160044476 0.900273025 -0.404838443
vn 0.130678684 0.707436144 -0.694591403
vn 0.130678698 0.707436144 -0.694591463
vn 0.0829125717 0.413457781 -0.906740367
vn 0.0829125568 0.413457692 -0.906740427
vn 0.0423653685 0.171699375 -0.984238029
vn 0.0423653871 0.171699464 -0.984238029
vn 0.0183049385 0.0305850152 -0.999364555
vn 0.0183049403 0.0305850357 -0.999364555
vn -0.00382645312 -0.0978439078 -0.995194435
vn -0.00382645521 -0.0978439301 -0.995194435
vn -0.0181447547 -0.180246234 -0.983454168
vn -0.018144751 -0.180246219 -0.983454168
vn -0.0269000418 -0.230363593 -0.972732723
vn -0.0269000437 -0.230363563 -0.972732723
vn -0.0330146961 -0.265244365 -0.963615835
vn -0.0330146961 -0.265244365 -0.963615835
vn -0.0367393345 -0.286439449 -0.957393646
vn -0.0367393345 -0.286439449 -0.957393646
vn -0.0406063646 -0.308399409 -0.950389862
vn -0.0406063646 -0.308399409 -0.950389862
vn -0.0416027233 -0.314051718 -0.948493898
vn -0.041602727 -0.314051688 -0.948493898
vn -0.0390013978 -0.299289912 -0.953364789
vn -0.0390013978 -0.299289912 -0.953364789
vn -0.034888044 -0.275904894 -0.96055156
vn -0.034888044 -0.275904894 -0.96055156
vn -0.0264814794 -0.22796984 -0.973308027
vn -0.0264814794 -0.227969855 -0.973308027
vn -0.0157455131 -0.166475728 -0.985919833
vn -0.0157455094 -0.166475728 -0.985919833
vn -0.00961864181 -0.131246075 -0.991303146
vn -0.00961864181 -0.13124609 -0.991303146
vn -0.350879431 -0.868196428 -0.35088259
vn 1.74811845E-07 -0.86819607 -0.496221244
vn -1.48331509E-07 -0.654265821 -0.756264627
vn -0.534759998 -0.654267013 -0.534758389
vn 0.534759462 -0.654266834 -0.534759104
vn 0.350880682 -0.868196666 -0.350880712
vn 0.756263375 -0.654267371 1.42937358E-06
vn 0.496221662 -0.868195891 1.53848293E-06
vn -0.496221751 -0.868195772 -4.85350085E-07
vn -0.756263673 -0.654267013 -1.09225721E-06
vn 1.71648495E-07 -0.349891514 -0.936790228
vn -0.662412465 -0.349892914 -0.662408292
vn 0.662411749 -0.349893242 -0.662408769
vn 0.936789036 -0.349894762 5.04215109E-07
vn -0.936789572 -0.349893272 -5.04215393E-07
vn 1.90557614E-07 1.60469597E-07 -1
vn -0.707104743 1.45426014E-07 -0.707108855
vn 0.707105398 0 -0.7071082
vn 1 0 -1.00293676E-07
vn -1 0 0
vn -1.44827979E-07 0.349890918 -0.936790407
vn -0.662412107 0.349892139 -0.662409008
vn 0.662412047 0.349892288 -0.662409008
vn 0.936789334 0.349893868 -9.92335572E-07
vn -0.93678987 0.349892408 9.65516506E-07
vn -0 0.654264092 -0.756266117
vn -0.534760535 0.654264808 -0.534760475
vn 0.534760952 0.654264927 -0.53475982
vn 0.756265163 0.654265225 -2.01257922E-06
vn -0.756265461 0.654264867 1.57095894E-06
vn 4.34187569E-07 0.86819768 -0.496218503
vn -0.350879073 0.868197024 -0.350881398
vn 0.350880295 0.868197024 -0.350880295
vn 0.496221423 0.868196011 -1.18885987E-06
vn -0.496221244 0.86819613 1.85470725E-07
vn -0 1 2.87191284E-07
vn 0.496221662 -0.868195891 1.53848293E-06
vn 0.350883842 -0.868194759 0.350882411
vn 0.534759581 -0.654265881 0.534760118
vn 0.756263375 -0.654267371 1.42937358E-06
vn -5.12417387E-07 -0.654265642 0.756264806
vn 2.09631224E-07 -0.868193388 0.496225923
vn -0.534760177 -0.654267132 0.534757912
vn -0.350882947 -0.868194997 0.35088259
vn -0.756263673 -0.654267013 -1.09225721E-06
vn -0.496221751 -0.868195772 -4.85350085E-07
vn 0.662409961 -0.349895179 0.662409484
vn 0.936789036 -0.349894762 5.04215109E-07
vn -2.03831448E-07 -0.349895626 0.936788738
vn -0.662410975 -0.349894375 0.662408948
vn -0.936789572 -0.349893272 -5.04215393E-07
vn 0.707107365 0 0.707106113
vn 1 0 -1.00293676E-07
vn 2.40705702E-07 2.60764494E-07 1
vn -0.707106829 2.70792128E-07 0.707106769
vn -1 0 0
vn 0.662410617 0.349895149 0.662409008
vn 0.936789334 0.349893868 -9.92335572E-07
vn 1.55555213E-07 0.349895418 0.936788738
vn -0.662410498 0.349893093 0.662410021
vn -0.93678987 0.349892408 9.65516506E-07
vn 0.534761548 0.654265702 0.53475827
vn 0.756265163 0.654265225 -2.01257922E-06
vn 2.09011958E-07 0.654263854 0.756266356
vn -0.534760594 0.654263735 0.534761667
vn -0.756265461 0.654264867 1.57095894E-06
vn 0.350883842 0.86819613 0.350878835
vn 0.496221423 0.868196011 -1.18885987E-06
vn 3.44649294E-07 0.868195295 0.496222675
vn -0.350882441 0.868195713 0.350881308
vn -0.496221244 0.86819613 1.85470725E-07
vn -0 1 2.87191284E-07
vn -0 -1 4.02068025E-07
vn -0 -1 4.02068025E-07
vn -0.350878894 -0.868197143 -0.350881279
vn -0 -0.868197501 -0.49621892
vn -0 -0.654266119 -0.756264389
vn -0.534759581 -0.654266596 -0.534759223
vn 0.534759402 -0.654267013 -0.534758925
vn 0.350879878 -0.868196607 -0.350881636
vn -0.496221244 -0.86819607 1.74100833E-07
vn -0.756263733 -0.654266894 -4.85447686E-07
vn -0 -0.349892378 -0.93678987
vn -0.662412167 -0.349893391 -0.662408352
vn 0.662412047 -0.349894047 -0.662408113
vn -0.936789274 -0.349893987 -3.32568362E-07
vn 2.20645504E-07 0 -1
vn -0.707105756 0 -0.707107842
vn 0.707106352 0 -0.707107186
vn -1 0 0
vn 1.28735849E-07 0.349890769 -0.936790526
vn -0.662413239 0.349890918 -0.66240859
vn 0.662413657 0.349891484 -0.662407875
vn -0.936790168 0.349891633 0
vn -0 0.654265642 -0.756264806
vn -0.534760535 0.654265285 -0.53475982
vn 0.534761071 0.654265046 -0.5347597
vn -0.756265402 0.654264987 1.01134766E-07
vn -2.59375554E-07 0.86819768 -0.496218503
vn -0.350879252 0.868197858 -0.350879282
vn 0.350880265 0.868196189 -0.350882351
vn -0.496221244 0.86819613 1.85470725E-07
vn -0 1 2.87191284E-07
vn 0.350879878 -0.868196607 -0.350881636
vn 0.496221125 -0.868196189 -3.26172767E-07
vn 0.756263375 -0.654267371 3.37116433E-07
vn 0.534759402 -0.654267013 -0.534758925
vn 0.936788738 -0.349895447 3.21839991E-07
vn 0.662412047 -0.349894047 -0.662408113
vn 1 0 3.61057118E-07
vn 0.707106352 0 -0.707107186
vn 0.936789632 0.349893123 4.29117392E-07
vn 0.662413657 0.349891484 -0.662407875
vn 0.756264985 0.654265404 -5.96694747E-07
vn 0.534761071 0.654265046 -0.5347597
vn 0.496221423 0.868196011 -1.25707868E-06
vn 0.350880265 0.868196189 -0.350882351
vn -0 -1 3.93643319E-07
vn -0 1 2.87191284E-07
vn 0.496221125 -0.868196189 -3.26172767E-07
vn 0.350883693 -0.868195295 0.35088113
vn 0.534759998 -0.654266357 0.534759164
vn 0.756263375 -0.654267371 3.37116433E-07
vn -0 -0.654265761 0.756264746
vn -1.09434929E-07 -0.868194818 0.49622348
vn -0.53475976 -0.654266655 0.534758925
vn -0.350882471 -0.868195534 0.350881785
vn 0.662409842 -0.34989655 0.662409008
vn 0.936788738 -0.349895447 3.21839991E-07
vn -0 -0.34989664 0.936788321
vn -0.66241008 -0.349894941 0.662409484
vn 0.707106948 0 0.70710659
vn 1 0 3.61057118E-07
vn -0 2.50735155E-07 1
vn -0.707106292 2.70792242E-07 0.707107246
vn 0.662410378 0.349894464 0.662409544
vn 0.936789632 0.349893123 4.29117392E-07
vn -0 0.349895358 0.936788797
vn -0.662410617 0.349892706 0.662410319
vn 0.53476131 0.654265285 0.534759045
vn 0.756264985 0.654265404 -5.96694747E-07
vn -2.29239305E-07 0.654265404 0.756265044
vn -0.534761131 0.654264629 0.534759998
vn 0.350883663 0.868195355 0.35088101
vn 0.496221423 0.868196011 -1.25707868E-06
vn -3.26173193E-07 0.868195355 0.496222615
vn -0.35088262 0.868196547 0.350879222
vn -0 1 2.87191284E-07
vn -0.350882471 -0.868195534 0.350881785
vn -0.496221244 -0.86819607 1.74100833E-07
vn -0.756263733 -0.654266894 -4.85447686E-07
vn -0.53475976 -0.654266655 0.534758925
vn -0.936789274 -0.349893987 -3.32568362E-07
vn -0.66241008 -0.349894941 0.662409484
vn -1 0 0
vn -0.707106292 2.70792242E-07 0.707107246
vn -0.936790168 0.349891633 0
vn -0.662410617 0.349892706 0.662410319
vn -0.756265402 0.654264987 1.01134766E-07
vn -0.534761131 0.654264629 0.534759998
vn -0.496221244 0.86819613 1.85470725E-07
vn -0.35088262 0.868196547 0.350879222
vn -0 -1 3.93643319E-07
vn -0 1 2.87191284E-07
vn -0 -1 3.93643319E-07
vn -0 -1 3.93643319E-07
vn -0 0 1
vn -0 0 1
vn -0 0 1
vn -0 0 1
vn -0 1 0
vn -0 1 0
vn -0 1 0
vn -0 1 0
vn -0 0 -1
vn -0 0 -1
vn -0 0 -1
vn -0 0 -1
vn -0 -1 0
vn -0 -1 0
vn -0 -1 0
vn -0 -1 0
vn -1 0 0
vn -1 0 0
vn -1 0 0
vn -1 0 0
vn 1 0 0
vn 1 0 0
vn 1 0 0
vn 1 0 0
vn -0 0.0207193848 -0.999785304
vn -0 0.0570761003 -0.998369813
vn -0 0.0570761003 -0.998369813
vn -0 0.0207193848 -0.999785304
vn -0 0.121733479 -0.99256283
vn -0 0.121733479 -0.99256283
vn -0 0.171447098 -0.985193312
vn -0 0.171447098 -0.985193312
vn -0 0.195469677 -0.980709732
vn -0 0.195469677 -0.980709732
vn -0 0.210851356 -0.977518141
vn -0 0.210851356 -0.977518141
vn -0 0.204886898 -0.978785634
vn -0 0.204886898 -0.978785634
vn -0 0.182002023 -0.983298182
vn -0 0.182002023 -0.983298182
vn -0 0.159826353 -0.987145126
vn -0 0.159826353 -0.987145126
vn -0 0.12356732 -0.992336154
vn -0 0.12356732 -0.992336154
vn -0 0.0711462125 -0.997465909
vn -0 0.0711462125 -0.997465909
vn -0 -0.0136648864 -0.9999066
vn -0 -0.0136648864 -0.9999066
vn -0 -0.144480735 -0.989507616
vn -0 -0.144480735 -0.989507616
vn -0 -0.292653888 -0.956218421
vn -0 -0.292653888 -0.956218421
vn -0 -0.530824184 -0.847481966
vn -0 -0.530824184 -0.847481966
vn -0 -0.790785551 -0.61209321
vn -0 -0.790785551 -0.61209321
vn -0 -0.951659143 -0.307156116
vn -0 -0.951659143 -0.307156116
vn -0 -1 -1.38214023E-06
vn -0 -1 -1.38214023E-06
vn -0 -1 -1.38214023E-06
vn -0 -0.951659262 0.307155758
vn -0 -0.951659262 0.307155758
vn -0 -1 -1.38214023E-06
vn -0 -0.790787578 0.612090766
vn -0 -0.790787578 0.612090766
vn -0 -0.530825317 0.847481251
vn -0 -0.530825317 0.847481251
vn -0 -0.292653948 0.956218421
vn -0 -0.292653948 0.956218421
vn -0 -0.144480661 0.989507616
vn -0 -0.144480661 0.989507616
vn -0 -0.0136648845 0.9999066
vn -0 -0.0136648845 0.9999066
vn -0 0.0711474568 0.997465789
vn -0 0.0711474568 0.997465789
vn -0 0.123564973 0.992336452
vn -0 0.123564973 0.992336452
vn -0 0.159823954 0.987145543
vn -0 0.159823954 0.987145543
vn -0 0.182004273 0.983297706
vn -0 0.182004273 0.983297706
vn -0 0.204886824 0.978785694
vn -0 0.204886824 0.978785694
vn -0 0.210847124 0.977519035
vn -0 0.210847124 0.977519035
vn -0 0.195470974 0.980709493
vn -0 0.195470974 0.980709493
vn -0 0.171446979 0.985193312
vn -0 0.171446979 0.985193312
vn -0 0.121730767 0.992563188
vn -0 0.121730767 0.992563188
vn -0 0.057086233 0.998369277
vn -0 0.057086233 0.998369277
vn -0 0.0207376052 0.999784946
vn -0 0.0207376052 0.999784946
vn -1 0 0
vn -1 8.81664221E-07 0
vn -1 8.81664164E-07 0
vn -1 0 0
vn -1 0 0
vn -1 0 0
vn -1 4.71702549E-07 0
vn -1 4.716928E-07 0
vn -1 -1.97957675E-07 0
vn -1 -1.97975808E-07 0
vn -1 -3.50122747E-07 0
vn -1 -3.50127294E-07 0
vn -1 3.24098295E-07 0
vn -1 3.24094515E-07 0
vn -1 3.1106066E-07 0
vn -1 3.110585E-07 0
vn -1 -3.07858642E-07 0
vn -1 -3.07843209E-07 0
vn -1 -3.15009771E-07 0
vn -1 -3.15029041E-07 0
vn -1 1.2518754E-07 0
vn -1 1.25134861E-07 0
vn -1 -1.53107109E-07 0
vn -1 -1.53043572E-07 0
vn -1 -1.25995385E-07 0
vn -1 -1.26615646E-07 0
vn -1 2.76612639E-07 0
vn -1 2.77610241E-07 0
vn -1 0 0
vn -1 0 0
vn -1 0 0
vn -1 0 0
vn -1 0 0
vn -1 0 0
vn -1 0 0
vn -1 0 0
vn -1 0 0
vn -1 0 0
vn -1 0 0
vn -1 0 0
vn -1 -1.47011053E-06 0
vn -1 -1.4682156E-06 0
vn -1 -1.29260047E-06 0
vn -1 -1.28579529E-06 0
vn -1 0 0
vn -1 0 0
vn -1 -3.7798543E-07 0
vn -1 -3.78352297E-07 0
vn -1 -2.04144854E-07 0
vn -1 -2.04086732E-07 0
vn -1 0 0
vn -1 0 0
vn -1 0 0
vn -1 0 0
vn -1 0 0
vn -1 0 0
vn -1 -3.11057278E-07 0
vn -1 -3.11056539E-07 0
vn -1 0 0
vn -1 0 0
vn -1 3.50124367E-07 0
vn -1 3.50121553E-07 0
vn -1 1.97955387E-07 0
vn -1 1.97949575E-07 0
vn -1 -4.71698684E-07 0
vn -1 -4.71505018E-07 0
vn -1 -6.0574979E-07 0
vn -1 -6.05815671E-07 0
vn -1 4.71908464E-07 0
vn -1 4.71781391E-07 0
vn -1 0 0
vn -1 0 0
vn 1 -1.35923221E-06 0
vn 1 0 0
vn 1 0 0
vn 1 -1.35923244E-06 0
vn 1 3.78564607E-07 0
vn 1 3.78591864E-07 0
vn 1 4.71788468E-07 0
vn 1 4.71704652E-07 0
vn 1 5.93863717E-07 0
vn 1 5.93871391E-07 0
vn 1 1.75063718E-07 0
vn 1 1.75061444E-07 0
vn 1 0 0
vn 1 0 0
vn 1 -1.555306E-07 0
vn 1 -1.55529563E-07 0
vn 1 0 0
vn 1 0 0
vn 1 2.36262338E-07 0
vn 1 2.36257705E-07 0
vn 1 0 0
vn 1 0 0
vn 1 2.04070162E-07 0
vn 1 2.041415E-07 0
vn 1 0 0
vn 1 0 0
vn 1 -2.79772792E-07 0
vn 1 -2.7660937E-07 0
vn 1 -3.18284009E-07 0
vn 1 -3.23150715E-07 0
vn 1 0 0
vn 1 0 0
vn 1 7.72494445E-07 0
vn 1 7.74230102E-07 0
vn 1 0 0
vn 1 0 0
vn 1 0 0
vn 1 0 0
vn 1 0 0
vn 1 0 0
vn 1 0 0
vn 1 0 0
vn 1 3.24610312E-07 0
vn 1 3.23149919E-07 0
vn 1 0 0
vn 1 0 0
vn 1 -3.77853354E-07 0
vn 1 -3.77984264E-07 0
vn 1 1.53152016E-07 0
vn 1 1.53108815E-07 0
vn 1 0 0
vn 1 0 0
vn 1 0 0
vn 1 0 0
vn 1 -1.53951092E-07 0
vn 1 -1.53928511E-07 0
vn 1 -4.66586471E-07 0
vn 1 -4.66586073E-07 0
vn 1 0 0
vn 1 0 0
vn 1 1.75061118E-07 0
vn 1 1.7506251E-07 0
vn 1 3.95899065E-07 0
vn 1 3.95910604E-07 0
vn 1 3.53884303E-07 0
vn 1 3.53776329E-07 0
vn 1 -3.78583309E-07 0
vn 1 -3.78591153E-07 0
vn 1 -7.63497326E-07 0
vn 1 -7.63377557E-07 0
vn 1 -1.1388164E-06 0
vn 1 -1.13881629E-06 0
vn -0 -0.0578161627 0.998327255
vn -0 -0.0216824096 0.99976486
vn -0 -0.0216824096 0.99976486
vn -0 -0.0578161627 0.998327255
vn -0 -0.121250279 0.992622018
vn -0 -0.121250279 0.992622018
vn -0 -0.171021923 0.985267222
vn -0 -0.171021923 0.985267222
vn -0 -0.195405945 0.980722487
vn -0 -0.195405945 0.980722487
vn -0 -0.210838333 0.977520943
vn -0 -0.210838333 0.977520943
vn -0 -0.204932302 0.978776157
vn -0 -0.204932302 0.978776157
vn -0 -0.181998163 0.983298838
vn -0 -0.181998163 0.983298838
vn -0 -0.159923613 0.98712939
vn -0 -0.159923613 0.98712939
vn -0 -0.123729363 0.992316008
vn -0 -0.123729363 0.992316008
vn -0 -0.0719817579 0.997405946
vn -0 -0.0719817579 0.997405946
vn -0 0.012436918 0.999922633
vn -0 0.012436918 0.999922633
vn -0 0.142428979 0.989805043
vn -0 0.142428979 0.989805043
vn -0 0.283063143 0.95910126
vn -0 0.283063143 0.95910126
vn -0 0.518244386 0.855232596
vn -0 0.518244386 0.855232596
vn -0 0.791055202 0.611744881
vn -0 0.791055202 0.611744881
vn -0 0.953191698 0.302366614
vn -0 0.953191698 0.302366614
vn -0 1 8.33253409E-07
vn -0 1 8.33253409E-07
vn -0 0.953191936 -0.302366048
vn -0 0.953191936 -0.302366048
vn -0 0.791053891 -0.61174643
vn -0 0.791053891 -0.61174643
vn -0 0.51824528 -0.855232
vn -0 0.51824528 -0.855232
vn -0 0.283067584 -0.959100008
vn -0 0.283067584 -0.959100008
vn -0 0.142430976 -0.989804745
vn -0 0.142430976 -0.989804745
vn -0 0.0124369264 -0.999922633
vn -0 0.0124369264 -0.999922633
vn -0 -0.0719843283 -0.997405767
vn -0 -0.0719843283 -0.997405767
vn -0 -0.123728186 -0.992316127
vn -0 -0.123728186 -0.992316127
vn -0 -0.159924686 -0.987129271
vn -0 -0.159924686 -0.987129271
vn -0 -0.181998 -0.983298898
vn -0 -0.181998 -0.983298898
vn -0 -0.2049274 -0.97877717
vn -0 -0.2049274 -0.97877717
vn -0 -0.210839361 -0.977520704
vn -0 -0.210839361 -0.977520704
vn -0 -0.195408508 -0.980721951
vn -0 -0.195408508 -0.980721951
vn -0 -0.171019986 -0.98526752
vn -0 -0.171019986 -0.98526752
vn -0 -0.121247746 -0.992622256
vn -0 -0.121247746 -0.992622256
vn -0 -0.0578194112 -0.998327076
vn -0 -0.0578194112 -0.998327076
vn -0 -0.0216912981 -0.999764681
vn -0 -0.0216912981 -0.999764681
vn 0.495270193 -0.829468608 -0.258242726
vn 0.64124608 -0.609028757 -0.466784179
vn 0.115575515 -0.723989964 -0.680059373
vn 0.150354654 -0.904901206 -0.398180038
vn -0.412724435 -0.790208578 -0.453021973
vn -0.196288049 -0.948347569 -0.249214634
vn -0.634186208 -0.768890679 0.0813324526
vn -0.341600001 -0.934359729 0.101396494
vn 0.636416197 -0.766237378 0.0886273086
vn 0.8563568 -0.512664318 0.0618732646
vn 0.0649685115 -0.445755184 -0.892794192
vn 0.716121316 -0.303351492 -0.628608108
vn -0.589442551 -0.52777952 -0.611560464
vn -0.863764167 -0.50137502 0.050344523
vn 0.982578635 -0.183985695 0.0262376014
vn 0.00593712227 -0.110033743 -0.993910134
vn 0.701025605 0.0419797674 -0.7118994
vn -0.692629397 -0.19759202 -0.693701625
vn -0.985462606 -0.169404477 0.0128673511
vn 0.985462725 0.169403836 -0.0128640374
vn -0.053845048 0.239600912 -0.96937716
vn 0.597307384 0.382008582 -0.705190241
vn -0.70825547 0.157577872 -0.688144922
vn -0.982578576 0.183985785 -0.0262390729
vn 0.863764048 0.501375318 -0.0503440909
vn -0.106595881 0.557567537 -0.823259234
vn 0.419072032 0.672529876 -0.609985411
vn -0.634895444 0.491350025 -0.596223891
vn -0.856355369 0.512666881 -0.0618717521
vn 0.634184182 0.768892348 -0.0813322365
vn -0.14446488 0.795697868 -0.588213265
vn 0.200453162 0.871128976 -0.448277593
vn -0.491105586 0.752250493 -0.439243168
vn -0.636418104 0.76623565 -0.0886275694
vn 0.341600269 0.934359908 -0.101394251
vn -0.169788331 0.979385138 -0.109438442
vn -0.341600001 -0.934359729 0.101396494
vn -0.634186208 -0.768890679 0.0813324526
vn -0.419076979 -0.672528505 0.609983504
vn -0.20045574 -0.871130645 0.448273212
vn 0.106594637 -0.557567775 0.823259234
vn 0.14446108 -0.795697153 0.588215172
vn 0.634896457 -0.491349846 0.596222937
vn 0.491106391 -0.752250195 0.439242631
vn 0.8563568 -0.512664318 0.0618732646
vn 0.636416197 -0.766237378 0.0886273086
vn -0.597306132 -0.382007271 0.705192089
vn -0.863764167 -0.50137502 0.050344523
vn 0.0538457818 -0.239603713 0.969376445
vn 0.708254039 -0.157581091 0.688145638
vn 0.982578635 -0.183985695 0.0262376014
vn -0.701027393 -0.0419826284 0.711897492
vn -0.985462606 -0.169404477 0.0128673511
vn -0.00593711343 0.110033914 0.993910134
vn 0.69262892 0.197591975 0.693702042
vn 0.985462725 0.169403836 -0.0128640374
vn -0.716121018 0.303354204 0.628607154
vn -0.982578576 0.183985785 -0.0262390729
vn -0.0649709105 0.445759922 0.892791569
vn 0.5894382 0.5277825 0.611562073
vn 0.863764048 0.501375318 -0.0503440909
vn -0.641247571 0.609030902 0.466779381
vn -0.856355369 0.512666881 -0.0618717521
vn -0.115577787 0.723994732 0.680054009
vn 0.412725091 0.790208817 0.453021109
vn 0.634184182 0.768892348 -0.0813322365
vn -0.49527362 0.829464614 0.258248895
vn -0.636418104 0.76623565 -0.0886275694
vn -0.150354654 0.904896796 0.398190081
vn 0.196290031 0.948345363 0.249221474
vn 0.341600269 0.934359908 -0.101394251
vn -0.169788331 0.979385138 -0.109438442
vn 0.169788882 -0.979385078 0.109437823
vn -0.341600001 -0.934359729 0.101396494
vn 0.169788882 -0.979385078 0.109437823
vn -0.196288049 -0.948347569 -0.249214634
vn 0.169788882 -0.979385078 0.109437823
vn 0.495270193 -0.829468608 -0.258242726
vn 0.169788882 -0.979385078 0.109437823
vn 0.636416197 -0.766237378 0.0886273086
vn -0.636418104 0.76623565 -0.0886275694
vn -0.169788331 0.979385138 -0.109438442
vn -0.49527362 0.829464614 0.258248895
vn 0.196290031 0.948345363 0.249221474
vn -0.169788331 0.979385138 -0.109438442
vn 0.341600269 0.934359908 -0.101394251
vn 0.495273054 -0.829466283 -0.258244634
vn 0.641246438 -0.609030068 -0.466781914
vn 0.115576126 -0.723990738 -0.680058479
vn 0.15035601 -0.90489918 -0.39818415
vn -0.412723899 -0.790208995 -0.453021824
vn -0.1962865 -0.948346794 -0.249218643
vn -0.634185493 -0.768891394 0.0813306272
vn -0.341601282 -0.934359252 0.101396643
vn 0.636419177 -0.766234875 0.0886272639
vn 0.856355727 -0.512666345 0.0618719459
vn 0.0649706647 -0.445757866 -0.892792642
vn 0.716121852 -0.303353399 -0.628606498
vn -0.589439929 -0.527782261 -0.611560762
vn -0.863763928 -0.501375139 0.050346408
vn 0.982578456 -0.183986366 0.0262397211
vn 0.00593556697 -0.110032529 -0.993910253
vn 0.701025128 0.0419822484 -0.711899757
vn -0.692629635 -0.197589651 -0.693702042
vn -0.985463202 -0.169401288 0.0128643448
vn 0.985462606 0.169404462 -0.0128665091
vn -0.0538452417 0.239604786 -0.969376206
vn 0.597306967 0.382008135 -0.705190957
vn -0.708257079 0.157580703 -0.688142598
vn -0.982578993 0.183984131 -0.0262367483
vn 0.863764703 0.501374185 -0.0503435358
vn -0.106595948 0.557566345 -0.823260069
vn 0.419076294 0.672527313 -0.609985352
vn -0.634897351 0.491347879 -0.596223652
vn -0.856356442 0.512665153 -0.0618708096
vn 0.634184003 0.768892527 -0.0813322961
vn -0.144461989 0.795695961 -0.588216603
vn 0.200455278 0.871128738 -0.448277175
vn -0.491107434 0.752248108 -0.439245194
vn -0.63641727 0.766236067 -0.0886302143
vn 0.341598302 0.934360027 -0.101399593
vn -0.169789806 0.97938478 -0.109438807
vn -0.341601282 -0.934359252 0.101396643
vn -0.634185493 -0.768891394 0.0813306272
vn -0.419076741 -0.672528982 0.609983087
vn -0.200459525 -0.871131539 0.448269844
vn 0.106593944 -0.557567537 0.823259532
vn 0.144461274 -0.795698047 0.588213861
vn 0.634896815 -0.491350263 0.596222222
vn 0.491105795 -0.752249658 0.439244151
vn 0.856355727 -0.512666345 0.0618719459
vn 0.636419177 -0.766234875 0.0886272639
vn -0.597308218 -0.382007986 0.705189943
vn -0.863763928 -0.501375139 0.050346408
vn 0.0538421422 -0.239604443 0.969376445
vn 0.708254218 -0.157580614 0.688145578
vn 0.982578456 -0.183986366 0.0262397211
vn -0.701027155 -0.0419822 0.711897671
vn -0.985463202 -0.169401288 0.0128643448
vn -0.00593751343 0.110031679 0.993910372
vn 0.69262892 0.197591424 0.693702221
vn 0.985462606 0.169404462 -0.0128665091
vn -0.716121256 0.303349316 0.62860924
vn -0.982578993 0.183984131 -0.0262367483
vn -0.0649707541 0.445756257 0.892793417
vn 0.589439988 0.527781546 0.61156112
vn 0.863764703 0.501374185 -0.0503435358
vn -0.641247809 0.609029531 0.466780812
vn -0.856356442 0.512665153 -0.0618708096
vn -0.115577273 0.723991752 0.680057287
vn 0.41272369 0.790209234 0.453021526
vn 0.634184003 0.768892527 -0.0813322961
vn -0.495277286 0.829464614 0.258241862
vn -0.63641727 0.766236067 -0.0886302143
vn -0.150358215 0.904897153 0.398187846
vn 0.196288079 0.948346436 0.249218777
vn 0.341598302 0.934360027 -0.101399593
vn -0.169789806 0.97938478 -0.109438807
vn 0.169787526 -0.979385614 0.109435253
vn -0.341601282 -0.934359252 0.101396643
vn 0.169787526 -0.979385614 0.109435253
vn -0.1962865 -0.948346794 -0.249218643
vn 0.169787526 -0.979385614 0.109435253
vn 0.495273054 -0.829466283 -0.258244634
vn 0.169787526 -0.979385614 0.109435253
vn 0.636419177 -0.766234875 0.0886272639
vn -0.63641727 0.766236067 -0.0886302143
vn -0.169789806 0.97938478 -0.109438807
vn -0.495277286 0.829464614 0.258241862
vn 0.196288079 0.948346436 0.249218777
vn -0.169789806 0.97938478 -0.109438807
vn 0.341598302 0.934360027 -0.101399593
vn -0.00593828317 0.110032305 0.993910253
vn -0.0059382827 0.11003232 0.993910253
vn -0.00593828317 0.110032335 0.993910253
vn -0.00593828317 0.110032313 0.993910253
vn -0.169787005 0.979385376 -0.109437987
vn -0.169787019 0.979385376 -0.109437995
vn -0.169787019 0.979385376 -0.109437995
vn -0.169787019 0.979385376 -0.109437987
vn 0.005937621 -0.11002966 -0.993910551
vn 0.00593762053 -0.110029653 -0.993910551
vn 0.005937621 -0.11002966 -0.993910551
vn 0.005937621 -0.11002966 -0.993910551
vn 0.169786885 -0.979385436 0.109437607
vn 0.1697869 -0.979385436 0.109437615
vn 0.16978693 -0.979385436 0.109437615
vn 0.169786945 -0.979385436 0.109437615
vn 0.985462666 0.169403955 -0.0128659969
vn 0.985462666 0.169403955 -0.012865996
vn 0.985462666 0.16940397 -0.0128659951
vn 0.985462666 0.169403955 -0.0128659969
vn -0.985462904 -0.169402942 0.0128657678
vn -0.985462904 -0.169402942 0.0128657697
vn -0.985462904 -0.169402927 0.0128657678
vn -0.985462904 -0.169402942 0.0128657678
vn 0.0024170184 -0.089706853 -0.995965302
vn 0.00241701817 -0.0897068307 -0.995965302
vn -0.00376318325 -0.0539498366 -0.998536527
vn -0.00376317906 -0.0539498515 -0.998536527
vn -0.0147741856 0.0100086015 -0.999840796
vn -0.0147741884 0.0100086089 -0.999840796
vn -0.0232589245 0.0595099069 -0.997956693
vn -0.0232589245 0.0595099069 -0.997956693
vn -0.027364919 0.0835319981 -0.996129274
vn -0.0273649208 0.0835320055 -0.996129274
vn -0.0299955625 0.098946698 -0.994640529
vn -0.0299955625 0.0989467129 -0.994640529
vn -0.0289751776 0.0929660946 -0.995247602
vn -0.0289751757 0.0929660723 -0.995247602
vn -0.0250623301 0.0700559244 -0.997228205
vn -0.0250623301 0.0700559095 -0.997228205
vn -0.021274304 0.0479130261 -0.998624921
vn -0.0212743059 0.0479130372 -0.998624921
vn -0.0150874527 0.0118305506 -0.999816179
vn -0.0150874555 0.0118305674 -0.999816179
vn -0.00615682919 -0.0400732234 -0.999177754
vn -0.00615682779 -0.0400732383 -0.999177754
vn 0.0082572503 -0.123403467 -0.992322266
vn 0.0082572503 -0.123403467 -0.992322266
vn 0.0304067731 -0.250379056 -0.967670262
vn 0.0304067656 -0.250379056 -0.967670262
vn 0.0553673357 -0.391836196 -0.918367505
vn 0.0553673245 -0.391836166 -0.918367505
vn 0.0951597542 -0.613131344 -0.784228683
vn 0.0951597765 -0.613131344 -0.784228563
vn 0.137900248 -0.841832757 -0.521824777
vn 0.137900278 -0.841832876 -0.521824598
vn 0.163403451 -0.965837955 -0.201137632
vn 0.163403451 -0.965837955 -0.201137632
vn 0.169787034 -0.979385495 0.109436616
vn 0.169787034 -0.979385495 0.109436624
vn 0.169787034 -0.979385495 0.109436624
vn 0.169787034 -0.979385495 0.109436616
vn 0.159755751 -0.898244083 0.409433335
vn 0.159755796 -0.898244083 0.409433275
vn 0.130631045 -0.707135499 0.694906354
vn 0.130631059 -0.707135737 0.694906175
vn 0.0850951821 -0.426633537 0.9004125
vn 0.0850951895 -0.426633507 0.9004125
vn 0.0440109633 -0.181407675 0.982422709
vn 0.0440109558 -0.181407616 0.982422709
vn 0.0186553225 -0.0326257981 0.999293566
vn 0.0186553225 -0.0326258093 0.999293566
vn -0.00361774769 0.096639134 0.99531287
vn -0.00361774256 0.0966391042 0.99531287
vn -0.0180031192 0.179433733 0.983605325
vn -0.018003121 0.179433748 0.983605325
vn -0.0268724076 0.23020713 0.972770512
vn -0.0268724114 0.23020713 0.972770512
vn -0.0329976082 0.265147239 0.963643134
vn -0.0329976045 0.265147209 0.963643134
vn -0.0367403701 0.286445141 0.957391918
vn -0.0367403701 0.286445111 0.957391918
vn -0.0405994914 0.30836165 0.950402439
vn -0.0405994877 0.30836165 0.950402439
vn -0.0416038781 0.314059883 0.948491156
vn -0.0416038819 0.314059854 0.948491156
vn -0.0390119292 0.299349755 0.953345597
vn -0.0390119366 0.299349755 0.953345597
vn -0.0349601954 0.276314586 0.960431218
vn -0.0349601917 0.276314616 0.960431159
vn -0.0265626162 0.228434086 0.973196983
vn -0.0265626181 0.228434056 0.973196983
vn -0.0156211108 0.165761769 0.986042142
vn -0.0156211033 0.165761709 0.986042142
vn -0.00945833605 0.130319744 0.991426885
vn -0.00945833698 0.130319744 0.991426885
vn 0.985462666 0.169403926 -0.0128672309
vn 0.985462666 0.169403926 -0.0128672309
vn 0.985463023 0.169402316 -0.0128637794
vn 0.985463023 0.169402331 -0.0128637794
vn 0.985462546 0.169404596 -0.0128691001
vn 0.985462546 0.169404596 -0.0128690992
vn 0.985462666 0.169404045 -0.0128685609
vn 0.985462666 0.16940406 -0.0128685609
vn 0.985462666 0.16940394 -0.012867026
vn 0.985462666 0.169403955 -0.0128670279
vn 0.985463023 0.169402361 -0.012864721
vn 0.985463023 0.169402346 -0.0128647201
vn 0.985463202 0.169401363 -0.01286327
vn 0.985463202 0.169401363 -0.0128632709
vn 0.985462844 0.169403315 -0.0128629664
vn 0.985462844 0.1694033 -0.0128629655
vn 0.985462844 0.1694033 -0.0128645394
vn 0.985462844 0.1694033 -0.0128645375
vn 0.985462844 0.169403121 -0.0128663406
vn 0.985462844 0.169403121 -0.0128663406
vn 0.985462785 0.169403508 -0.0128659038
vn 0.985462785 0.169403538 -0.0128659066
vn 0.985462904 0.169402987 -0.0128655983
vn 0.985462844 0.169402987 -0.0128656002
vn 0.985462785 0.1694033 -0.0128658256
vn 0.985462785 0.1694033 -0.0128658274
vn 0.985463083 0.169401929 -0.0128656439
vn 0.985463083 0.169401944 -0.0128656439
vn 0.985462964 0.16940251 -0.0128667438
vn 0.985462964 0.16940251 -0.0128667392
vn 0.985462487 0.16940555 -0.0128667653
vn 0.985462487 0.169405535 -0.0128667634
vn 0.985462308 0.169406518 -0.0128648644
vn 0.985462308 0.169406518 -0.0128648616
vn 0.985462844 0.16940327 -0.0128663592
vn 0.985462844 0.169403255 -0.0128663583
vn 0.985462964 0.169402286 -0.0128674712
vn 0.985462964 0.169402286 -0.0128674731
vn 0.985462844 0.169403255 -0.0128663583
vn 0.985462844 0.16940327 -0.0128663592
vn 0.985462725 0.169403732 -0.0128667615
vn 0.985462725 0.169403747 -0.0128667606
vn 0.985462666 0.169403851 -0.0128681231
vn 0.985462666 0.169403866 -0.0128681259
vn 0.985462606 0.169404149 -0.0128685897
vn 0.985462606 0.169404119 -0.0128685869
vn 0.985462546 0.169404551 -0.0128677813
vn 0.985462546 0.169404536 -0.0128677823
vn 0.985462606 0.169404462 -0.0128664896
vn 0.985462606 0.169404477 -0.0128664905
vn 0.985462725 0.169403717 -0.0128656039
vn 0.985462725 0.169403717 -0.0128656058
vn 0.985462964 0.169402555 -0.0128668798
vn 0.985462964 0.169402555 -0.0128668798
vn 0.985463023 0.169402018 -0.0128676239
vn 0.985463023 0.169401988 -0.0128676239
vn 0.985462904 0.169402614 -0.0128664831
vn 0.985462904 0.169402599 -0.0128664821
vn 0.985463023 0.169402063 -0.0128678614
vn 0.985463023 0.169402078 -0.0128678614
vn 0.985462964 0.169402048 -0.0128692882
vn 0.985463023 0.169402018 -0.0128692873
vn 0.985462785 0.169403449 -0.0128677078
vn 0.985462785 0.169403464 -0.0128677087
vn 0.985462785 0.169403434 -0.0128660519
vn 0.985462785 0.169403419 -0.0128660519
vn 0.985462666 0.169404149 -0.0128644742
vn 0.985462666 0.169404134 -0.0128644761
vn 0.985462606 0.169404477 -0.0128641129
vn 0.985462606 0.169404507 -0.0128641147
vn 0.985463142 0.169401392 -0.0128660221
vn 0.985463142 0.169401377 -0.0128660211
vn -0.985462546 -0.169404939 0.0128652304
vn -0.985462546 -0.169404969 0.0128652323
vn -0.985462725 -0.169403777 0.0128653627
vn -0.985462725 -0.169403762 0.0128653618
vn -0.985462844 -0.169403166 0.0128665203
vn -0.985462844 -0.169403136 0.0128665194
vn -0.985462904 -0.169402674 0.0128672039
vn -0.985462904 -0.169402689 0.0128672021
vn -0.985462844 -0.169403166 0.0128671825
vn -0.985462844 -0.16940318 0.0128671844
vn -0.985462725 -0.169403747 0.0128671248
vn -0.985462725 -0.169403717 0.0128671257
vn -0.985462844 -0.169403166 0.0128670717
vn -0.985462844 -0.169403166 0.0128670735
vn -0.985462785 -0.1694033 0.0128659494
vn -0.985462844 -0.1694033 0.0128659494
vn -0.985462844 -0.169403166 0.0128656579
vn -0.985462844 -0.169403166 0.012865657
vn -0.985462725 -0.169403508 0.0128676398
vn -0.985462785 -0.169403479 0.0128676398
vn -0.985462725 -0.169403523 0.0128682954
vn -0.985462725 -0.169403523 0.0128682936
vn -0.985462844 -0.169403046 0.012867244
vn -0.985462844 -0.169403061 0.012867244
vn -0.985462606 -0.169404566 0.0128660146
vn -0.985462606 -0.169404596 0.0128660137
vn -0.985462725 -0.169403911 0.0128656905
vn -0.985462725 -0.16940394 0.0128656942
vn -0.985462964 -0.169402495 0.0128667755
vn -0.985462964 -0.16940251 0.0128667802
vn -0.985462904 -0.169402897 0.0128667643
vn -0.985462844 -0.169402897 0.0128667634
vn -0.985462606 -0.169404551 0.0128648579
vn -0.985462606 -0.169404566 0.0128648607
vn -0.985462606 -0.169404402 0.012866348
vn -0.985462606 -0.169404417 0.0128663499
vn -0.985462606 -0.169404417 0.0128663499
vn -0.985462606 -0.169404402 0.012866348
vn -0.985462546 -0.169405028 0.0128674582
vn -0.985462546 -0.169405028 0.0128674563
vn -0.985462725 -0.169403791 0.0128667103
vn -0.985462725 -0.169403762 0.0128667103
vn -0.985462904 -0.16940254 0.0128672896
vn -0.985462904 -0.16940254 0.0128672896
vn -0.985462904 -0.169402882 0.0128667122
vn -0.985462904 -0.169402882 0.012866715
vn -0.985463023 -0.169402003 0.0128656039
vn -0.985463023 -0.169402003 0.0128656039
vn -0.985462785 -0.169403583 0.0128645683
vn -0.985462785 -0.169403583 0.0128645683
vn -0.985462844 -0.1694033 0.0128648011
vn -0.985462844 -0.169403285 0.0128648011
vn -0.985463023 -0.169402048 0.0128667802
vn -0.985463023 -0.169402048 0.0128667811
vn -0.985462964 -0.169402331 0.0128675587
vn -0.985462964 -0.169402346 0.0128675597
vn -0.985462785 -0.169403642 0.012865698
vn -0.985462785 -0.169403642 0.012865697
vn -0.985462666 -0.169404298 0.0128644379
vn -0.985462666 -0.169404298 0.0128644388
vn -0.985462725 -0.169403866 0.0128644351
vn -0.985462725 -0.169403926 0.0128644379
vn -0.985462904 -0.169403031 0.0128648598
vn -0.985462904 -0.169403031 0.0128648598
vn -0.985462785 -0.169403404 0.0128658237
vn -0.985462785 -0.169403419 0.0128658237
vn -0.985462666 -0.169403955 0.0128659364
vn -0.985462666 -0.16940397 0.0128659382
vn -0.985463142 -0.16940169 0.0128652398
vn -0.985463142 -0.169401675 0.0128652379
vn -0.985463381 -0.169400111 0.0128648905
vn -0.985463381 -0.169400096 0.0128648896
vn 0.00388796581 0.0532238372 0.998575032
vn 0.00388796022 0.0532238781 0.998575032
vn -0.00225489307 0.088767305 0.996049881
vn -0.00225489307 0.088767305 0.996049881
vn 0.0146917328 -0.00952970795 0.999846697
vn 0.0146917272 -0.00952967908 0.999846697
vn 0.0231864918 -0.0590862669 0.997983575
vn 0.0231864937 -0.0590862818 0.997983575
vn 0.0273538139 -0.0834673122 0.996135056
vn 0.0273538213 -0.0834673122 0.996135056
vn 0.0299927127 -0.0989334285 0.99464196
vn 0.0299927145 -0.098933436 0.99464196
vn 0.0289825983 -0.0930106118 0.995243192
vn 0.0289826021 -0.0930106342 0.995243192
vn 0.0250624791 -0.0700523257 0.997228444
vn 0.0250624791 -0.0700523332 0.997228444
vn 0.0212916229 -0.0480117388 0.998619795
vn 0.0212916248 -0.0480117388 0.998619795
vn 0.0151152406 -0.0119923931 0.999813855
vn 0.0151152387 -0.0119923893 0.999813855
vn 0.00629905751 0.039248392 0.999209642
vn 0.00629905704 0.0392483957 0.999209642
vn -0.00804918353 0.12220379 0.992472351
vn -0.00804918353 0.12220379 0.992472351
vn -0.0300604645 0.248404294 0.968189955
vn -0.0300604645 0.248404309 0.968189895
vn -0.0537561364 0.38275972 0.922282636
vn -0.0537561402 0.38275975 0.922282636
vn -0.0930696204 0.601662457 0.793309808
vn -0.0930695832 0.601662278 0.793309867
vn -0.137943387 0.842059016 0.521448255
vn -0.137943372 0.842058957 0.521448314
vn -0.163635284 0.966811836 0.196210086
vn -0.163635284 0.966811895 0.196209684
vn -0.169787124 0.979385376 -0.109437533
vn -0.169787124 0.979385376 -0.109437816
vn -0.160044566 0.900273025 -0.404838413
vn -0.160044596 0.900273025 -0.404838383
vn -0.130678758 0.707436204 -0.694591343
vn -0.130678758 0.707436144 -0.694591403
vn -0.0829126015 0.413457841 -0.906740367
vn -0.0829125866 0.413457811 -0.906740367
vn -0.0423653834 0.17169942 -0.984238029
vn -0.0423653945 0.171699509 -0.984237969
vn -0.0183051173 0.0305850189 -0.999364555
vn -0.018305121 0.0305850431 -0.999364555
vn 0.00382630783 -0.0978438705 -0.995194435
vn 0.003826309 -0.0978439003 -0.995194435
vn 0.0181446355 -0.180246174 -0.983454168
vn 0.0181446355 -0.180246189 -0.983454168
vn 0.0268999338 -0.230363548 -0.972732782
vn 0.0268999357 -0.230363548 -0.972732782
vn 0.0330148041 -0.265244395 -0.963615835
vn 0.0330148041 -0.265244395 -0.963615835
vn 0.0367393456 -0.286439568 -0.957393587
vn 0.0367393419 -0.286439568 -0.957393587
vn 0.0406061485 -0.308399588 -0.950389802
vn 0.0406061485 -0.308399588 -0.950389802
vn 0.0416024849 -0.314051837 -0.948493898
vn 0.0416024886 -0.314051807 -0.948493898
vn 0.0390014015 -0.299289942 -0.953364789
vn 0.0390013978 -0.299289912 -0.953364789
vn 0.0348881967 -0.275904894 -0.96055156
vn 0.0348881967 -0.275904864 -0.96055156
vn 0.0264815874 -0.22796993 -0.973307967
vn 0.0264815874 -0.22796993 -0.973307967
vn 0.0157455169 -0.166475803 -0.985919833
vn 0.0157455169 -0.166475818 -0.985919833
vn 0.00961824041 -0.13124612 -0.991303146
vn 0.00961824041 -0.13124612 -0.991303146
vn 0.350879282 -0.868196249 -0.350883275
vn 0.534759879 -0.654266775 -0.534758747
vn -2.42724354E-07 -0.654265761 -0.756264687
vn -1.40702099E-07 -0.868195474 -0.496222347
vn -0.534759462 -0.654266655 -0.534759283
vn -0.350880474 -0.868196249 -0.350881904
vn -0.756263494 -0.654267132 6.33779052E-07
vn -0.496221662 -0.868195891 1.53848293E-06
vn 0.496221751 -0.868195832 1.17251567E-07
vn 0.756263912 -0.654266715 0
vn -2.89656896E-07 -0.349891603 -0.936790168
vn 0.662412524 -0.349892676 -0.662408352
vn -0.662411928 -0.34989351 -0.66240859
vn -0.936789036 -0.349894792 0
vn 0.936789751 -0.349892884 -1.18007861E-07
vn -1.10322816E-07 1.153375E-07 -1
vn 0.707104862 1.15337812E-07 -0.707108736
vn -0.707105577 0 -0.707108021
vn -1 0 2.00587294E-07
vn 1 0 -4.51321398E-07
vn 1.7164794E-07 0.349890918 -0.936790407
vn 0.66241169 0.349891812 -0.662409544
vn -0.662412047 0.349892855 -0.66240871
vn -0.936789215 0.349894196 5.20305775E-07
vn 0.93678987 0.349892348 -5.31034175E-07
vn -0 0.654263973 -0.756266236
vn 0.534760118 0.65426451 -0.53476119
vn -0.534760773 0.654265046 -0.534760058
vn -0.756264806 0.654265642 -2.39352119E-07
vn 0.756265223 0.654265165 -2.3598102E-07
vn -2.52269359E-07 0.868197441 -0.49621892
vn 0.350879192 0.868197501 -0.350880325
vn -0.350880116 0.868196547 -0.350881577
vn -0.496221125 0.868196189 -1.0637915E-06
vn 0.496221244 0.86819613 1.85470725E-07
vn -1.21003268E-07 1 1.70783082E-07
vn -0.496221662 -0.868195891 1.53848293E-06
vn -0.756263494 -0.654267132 6.33779052E-07
vn -0.534759641 -0.654266059 0.5347597
vn -0.350883722 -0.868194878 0.350882143
vn 1.34846829E-07 -0.654266179 0.756264389
vn -1.28621267E-07 -0.868194163 0.496224672
vn 0.534760356 -0.654266894 0.534758091
vn 0.350882888 -0.868195057 0.35088256
vn 0.756263912 -0.654266715 0
vn 0.496221751 -0.868195832 1.17251567E-07
vn -0.662410378 -0.349895358 0.662409067
vn -0.936789036 -0.349894792 0
vn -0 -0.349895984 0.936788559
vn 0.662411511 -0.349894047 0.66240865
vn 0.936789751 -0.349892884 -1.18007861E-07
vn -0.707107663 0 0.707105875
vn -1 0 2.00587294E-07
vn -1.50441096E-07 -2.45720457E-07 1
vn 0.707107306 -2.35689427E-07 0.707106233
vn 1 0 -4.51321398E-07
vn -0.6624102 0.349894792 0.662409604
vn -0.936789215 0.349894196 5.20305775E-07
vn -2.14558867E-07 0.34989509 0.936788917
vn 0.662410736 0.349892825 0.662409961
vn 0.93678987 0.349892348 -5.31034175E-07
vn -0.534761071 0.654264927 0.53475982
vn -0.756264806 0.654265642 -2.39352119E-07
vn -1.51702153E-07 0.654264033 0.756266177
vn 0.534760535 0.65426439 0.534760892
vn 0.756265223 0.654265165 -2.3598102E-07
vn -0.350883722 0.868195772 0.350879878
vn -0.496221125 0.868196189 -1.0637915E-06
vn 1.10145635E-07 0.868195117 0.496222943
vn 0.350882709 0.868195891 0.350880533
vn 0.496221244 0.86819613 1.85470725E-07
vn -1.21003268E-07 1 1.70783082E-07
vn -0 -1 3.99004676E-07
vn -0 -1 3.99004676E-07
vn 0.350878924 -0.868197083 -0.350881517
vn 0.534759641 -0.654266596 -0.534759223
vn 1.21362149E-07 -0.654266417 -0.75626415
vn -0 -0.868197918 -0.496217966
vn -0.53475976 -0.654266775 -0.534758866
vn -0.350880176 -0.868197203 -0.350879908
vn -0.756263494 -0.654267073 -1.07877256E-07
vn -0.496221125 -0.868196189 -3.36121303E-07
vn 0.496221244 -0.86819613 1.85470725E-07
vn 0.756263912 -0.654266715 0
vn -0 -0.349892408 -0.93678987
vn 0.662412405 -0.349893332 -0.662408054
vn -0.662411988 -0.349894136 -0.662408054
vn -0.936788738 -0.349895507 -1.28735962E-07
vn 0.936789453 -0.34989363 0
vn -0 0 -1
vn 0.707105994 0 -0.707107604
vn -0.707106352 0 -0.707107186
vn -1 0 -1.40411089E-07
vn 1 0 1.20352368E-07
vn -0 0.3498905 -0.936790645
vn 0.662413418 0.349890769 -0.662408352
vn -0.662413478 0.349891871 -0.662407756
vn -0.936789453 0.34989354 -1.50191042E-07
vn 0.936790168 0.349891633 3.00382368E-07
vn -1.17990886E-07 0.654265165 -0.756265223
vn 0.534760714 0.654265165 -0.534759879
vn -0.534761131 0.654265583 -0.534758866
vn -0.756264806 0.654265642 -3.47229076E-07
vn 0.756265223 0.654265106 4.11281235E-07
vn -2.52269359E-07 0.868197441 -0.49621892
vn 0.350879192 0.868197501 -0.350880325
vn -0.350880206 0.868196547 -0.350881577
vn -0.496221185 0.86819613 1.75522032E-07
vn 0.496221244 0.86819613 1.85470725E-07
vn -1.21003268E-07 1 1.70783082E-07
vn -0.496221125 -0.868196189 -3.36121303E-07
vn -0.756263494 -0.654267073 -1.07877256E-07
vn -0.534760118 -0.654266477 0.534758747
vn -0.350883603 -0.868195593 0.350880384
vn -0 -0.654265821 0.756264627
vn 2.01104427E-07 -0.868194997 0.496223271
vn 0.53475982 -0.654266179 0.534759462
vn 0.350882441 -0.868195474 0.350881875
vn 0.756263912 -0.654266715 0
vn 0.496221244 -0.86819613 1.85470725E-07
vn -0.662409902 -0.349896431 0.662409008
vn -0.936788738 -0.349895507 -1.28735962E-07
vn 1.2873592E-07 -0.34989655 0.93678838
vn 0.662410319 -0.349894583 0.662409544
vn 0.936789453 -0.34989363 0
vn -0.707106948 0 0.70710659
vn -1 0 -1.40411089E-07
vn 2.30676292E-07 -1.40411657E-07 1
vn 0.707106531 -1.75513478E-07 0.707107008
vn 1 0 1.20352368E-07
vn -0.662410617 0.349894345 0.662409306
vn -0.936789453 0.34989354 -1.50191042E-07
vn -0 0.349894643 0.936789036
vn 0.662410855 0.349892408 0.6624102
vn 0.936790168 0.349891633 3.00382368E-07
vn -0.534761548 0.654265344 0.534758747
vn -0.756264806 0.654265642 -3.47229076E-07
vn -0 0.654265225 0.756265163
vn 0.534760952 0.654264927 0.53475982
vn 0.756265223 0.654265106 4.11281235E-07
vn -0.350883573 0.868195355 0.350881159
vn -0.496221185 0.86819613 1.75522032E-07
vn 1.10145635E-07 0.868195117 0.496222943
vn 0.350882709 0.868195891 0.350880533
vn 0.496221244 0.86819613 1.85470725E-07
vn -1.21003268E-07 1 1.70783082E-07
vn -0 -1 3.91345793E-07
vn -0 -1 3.91345793E-07
vn -0 0 1
vn -0 0 1
vn -0 0 1
vn -0 0 1
vn -0 1 0
vn -0 1 0
vn -0 1 0
vn -0 1 0
vn -0 0 -1
vn -0 0 -1
vn -0 0 -1
vn -0 0 -1
vn -0 -1 0
vn -0 -1 0
vn -0 -1 0
vn -0 -1 0
vn 1 0 0
vn 1 0 0
vn 1 0 0
vn 1 0 0
vn -1 0 0
vn -1 0 0
vn -1 0 0
vn -1 0 0
vn -0 0.0207193848 -0.999785304
vn -0 0.0207193848 -0.999785304
vn -0 0.0570761003 -0.998369813
vn -0 0.0570761003 -0.998369813
vn -0 0.121733479 -0.99256283
vn -0 0.121733479 -0.99256283
vn -0 0.171447098 -0.985193312
vn -0 0.171447098 -0.985193312
vn -0 0.195469677 -0.980709732
vn -0 0.195469677 -0.980709732
vn -0 0.210851356 -0.977518141
vn -0 0.210851356 -0.977518141
vn -0 0.204886898 -0.978785634
vn -0 0.204886898 -0.978785634
vn -0 0.182002023 -0.983298182
vn -0 0.182002023 -0.983298182
vn -0 0.159826353 -0.987145126
vn -0 0.159826353 -0.987145126
vn -0 0.12356732 -0.992336154
vn -0 0.12356732 -0.992336154
vn -0 0.0711462125 -0.997465909
vn -0 0.0711462125 -0.997465909
vn -0 -0.0136648864 -0.9999066
vn -0 -0.0136648864 -0.9999066
vn -0 -0.144480735 -0.989507616
vn -0 -0.144480735 -0.989507616
vn -0 -0.292653888 -0.956218421
vn -0 -0.292653888 -0.956218421
vn -0 -0.530824184 -0.847481966
vn -0 -0.530824184 -0.847481966
vn -0 -0.790785551 -0.61209321
vn -0 -0.790785551 -0.61209321
vn -0 -0.951659143 -0.307156116
vn -0 -0.951659143 -0.307156116
vn -0 -1 -1.38214023E-06
vn -0 -1 -1.38214023E-06
vn -0 -1 -1.38214023E-06
vn -0 -1 -1.38214023E-06
vn -0 -0.951659262 0.307155758
vn -0 -0.951659262 0.307155758
vn -0 -0.790787578 0.612090766
vn -0 -0.790787578 0.612090766
vn -0 -0.530825317 0.847481251
vn -0 -0.530825317 0.847481251
vn -0 -0.292653948 0.956218421
vn -0 -0.292653948 0.956218421
vn -0 -0.144480661 0.989507616
vn -0 -0.144480661 0.989507616
vn -0 -0.0136648845 0.9999066
vn -0 -0.0136648845 0.9999066
vn -0 0.0711474568 0.997465789
vn -0 0.0711474568 0.997465789
vn -0 0.123564973 0.992336452
vn -0 0.123564973 0.992336452
vn -0 0.159823954 0.987145543
vn -0 0.159823954 0.987145543
vn -0 0.182004273 0.983297706
vn -0 0.182004273 0.983297706
vn -0 0.204886824 0.978785694
vn -0 0.204886824 0.978785694
vn -0 0.210847124 0.977519035
vn -0 0.210847124 0.977519035
vn -0 0.195470974 0.980709493
vn -0 0.195470974 0.980709493
vn -0 0.171446979 0.985193312
vn -0 0.171446979 0.985193312
vn -0 0.121730767 0.992563188
vn -0 0.121730767 0.992563188
vn -0 0.057086233 0.998369277
vn -0 0.057086233 0.998369277
vn -0 0.0207376052 0.999784946
vn -0 0.0207376052 0.999784946
vn 1 0 0
vn 1 0 0
vn 1 0 0
vn 1 0 0
vn 1 -6.05748198E-07 0
vn 1 -6.05780315E-07 0
vn 1 -4.71702947E-07 0
vn 1 -4.71599776E-07 0
vn 1 3.95912934E-07 0
vn 1 3.95924474E-07 0
vn 1 0 0
vn 1 0 0
vn 1 -3.240973E-07 0
vn 1 -3.24101251E-07 0
vn 1 0 0
vn 1 0 0
vn 1 0 0
vn 1 0 0
vn 1 0 0
vn 1 0 0
vn 1 0 0
vn 1 0 0
vn 1 -4.0828445E-07 0
vn 1 -4.08221752E-07 0
vn 1 0 0
vn 1 0 0
vn 1 5.53223686E-07 0
vn 1 5.5521889E-07 0
vn 1 -6.46304443E-07 0
vn 1 -6.42899408E-07 0
vn 1 -1.1025827E-06 0
vn 1 -1.10215967E-06 0
vn 1 -3.87118206E-07 0
vn 1 -3.86250349E-07 0
vn 1 3.87094929E-07 0
vn 1 3.87095099E-07 0
vn 1 3.87117979E-07 0
vn 1 3.87978702E-07 0
vn 1 3.87095099E-07 0
vn 1 3.87094929E-07 0
vn 1 -7.35055266E-07 0
vn 1 -7.341078E-07 0
vn 1 0 0
vn 1 0 0
vn 1 5.53227835E-07 0
vn 1 5.50891741E-07 0
vn 1 0 0
vn 1 0 0
vn 1 0 0
vn 1 0 0
vn 1 0 0
vn 1 0 0
vn 1 0 0
vn 1 0 0
vn 1 0 0
vn 1 0 0
vn 1 -3.11056965E-07 0
vn 1 -3.11056198E-07 0
vn 1 0 0
vn 1 0 0
vn 1 3.50124964E-07 0
vn 1 3.50122235E-07 0
vn 1 3.95912764E-07 0
vn 1 3.95901139E-07 0
vn 1 -4.71694904E-07 0
vn 1 -4.71409209E-07 0
vn 1 -1.21149685E-06 0
vn 1 -1.21155722E-06 0
vn 1 0 0
vn 1 0 0
vn 1 0 0
vn 1 0 0
vn -1 -2.35110656E-06 0
vn -1 -2.35110633E-06 0
vn -1 0 0
vn -1 0 0
vn -1 6.05703235E-07 0
vn -1 6.05746834E-07 0
vn -1 4.71787814E-07 0
vn -1 4.71704055E-07 0
vn -1 3.959004E-07 0
vn -1 3.95913702E-07 0
vn -1 0 0
vn -1 0 0
vn -1 0 0
vn -1 0 0
vn -1 0 0
vn -1 0 0
vn -1 0 0
vn -1 0 0
vn -1 0 0
vn -1 0 0
vn -1 -3.33694601E-07 0
vn -1 -3.33835061E-07 0
vn -1 0 0
vn -1 0 0
vn -1 0 0
vn -1 0 0
vn -1 0 0
vn -1 0 0
vn -1 6.49225456E-07 0
vn -1 6.4630234E-07 0
vn -1 3.68048035E-07 0
vn -1 3.6752391E-07 0
vn -1 5.80238577E-07 0
vn -1 5.80672634E-07 0
vn -1 1.93547635E-07 0
vn -1 1.93547706E-07 0
vn -1 1.93547706E-07 0
vn -1 1.93547635E-07 0
vn -1 1.93127065E-07 0
vn -1 1.93557483E-07 0
vn -1 1.84023108E-07 0
vn -1 1.8376096E-07 0
vn -1 3.24611392E-07 0
vn -1 3.23151085E-07 0
vn -1 2.75446496E-07 0
vn -1 2.76614543E-07 0
vn -1 0 0
vn -1 0 0
vn -1 4.08334387E-07 0
vn -1 4.08290333E-07 0
vn -1 0 0
vn -1 0 0
vn -1 -6.30020224E-07 0
vn -1 -6.30020963E-07 0
vn -1 -3.07841702E-07 0
vn -1 -3.07856851E-07 0
vn -1 0 0
vn -1 0 0
vn -1 0 0
vn -1 0 0
vn -1 -3.50128801E-07 0
vn -1 -3.50125731E-07 0
vn -1 0 0
vn -1 0 0
vn -1 4.71784375E-07 0
vn -1 4.71701753E-07 0
vn -1 0 0
vn -1 0 0
vn -1 0 0
vn -1 0 0
vn -1 0 0
vn -1 0 0
vn -0 -0.0578161627 0.998327255
vn -0 -0.0578161627 0.998327255
vn -0 -0.0216824096 0.99976486
vn -0 -0.0216824096 0.99976486
vn -0 -0.121250279 0.992622018
vn -0 -0.121250279 0.992622018
vn -0 -0.171021923 0.985267222
vn -0 -0.171021923 0.985267222
vn -0 -0.195405945 0.980722487
vn -0 -0.195405945 0.980722487
vn -0 -0.210838333 0.977520943
vn -0 -0.210838333 0.977520943
vn -0 -0.204932302 0.978776157
vn -0 -0.204932302 0.978776157
vn -0 -0.181998163 0.983298838
vn -0 -0.181998163 0.983298838
vn -0 -0.159923613 0.98712939
vn -0 -0.159923613 0.98712939
vn -0 -0.123729363 0.992316008
vn -0 -0.123729363 0.992316008
vn -0 -0.0719817579 0.997405946
vn -0 -0.0719817579 0.997405946
vn -0 0.012436918 0.999922633
vn -0 0.012436918 0.999922633
vn -0 0.142428979 0.989805043
vn -0 0.142428979 0.989805043
vn -0 0.283063143 0.95910126
vn -0 0.283063143 0.95910126
vn -0 0.518244386 0.855232596
vn -0 0.518244386 0.855232596
vn -0 0.791055202 0.611744881
vn -0 0.791055202 0.611744881
vn -0 0.953191698 0.302366614
vn -0 0.953191698 0.302366614
vn -0 1 8.33253409E-07
vn -0 1 8.33253409E-07
vn -0 0.953191936 -0.302366048
vn -0 0.953191936 -0.302366048
vn -0 0.791053891 -0.61174643
vn -0 0.791053891 -0.61174643
vn -0 0.51824528 -0.855232
vn -0 0.51824528 -0.855232
vn -0 0.283067584 -0.959100008
vn -0 0.283067584 -0.959100008
vn -0 0.142430976 -0.989804745
vn -0 0.142430976 -0.989804745
vn -0 0.0124369264 -0.999922633
vn -0 0.0124369264 -0.999922633
vn -0 -0.0719843283 -0.997405767
vn -0 -0.0719843283 -0.997405767
vn -0 -0.123728186 -0.992316127
vn -0 -0.123728186 -0.992316127
vn -0 -0.159924686 -0.987129271
vn -0 -0.159924686 -0.987129271
vn -0 -0.181998 -0.983298898
vn -0 -0.181998 -0.983298898
vn -0 -0.2049274 -0.97877717
vn -0 -0.2049274 -0.97877717
vn -0 -0.210839361 -0.977520704
vn -0 -0.210839361 -0.977520704
vn -0 -0.195408508 -0.980721951
vn -0 -0.195408508 -0.980721951
vn -0 -0.171019986 -0.98526752
vn -0 -0.171019986 -0.98526752
vn -0 -0.121247746 -0.992622256
vn -0 -0.121247746 -0.992622256
vn -0 -0.0578194112 -0.998327076
vn -0 -0.0578194112 -0.998327076
vn -0 -0.0216912981 -0.999764681
vn -0 -0.0216912981 -0.999764681
vn -0.629662335 -0.751181841 0.19811891
vn -0.64257437 -0.758353293 0.109537721
vn -0.688966036 -0.712544978 0.132685602
vn -0.67342937 -0.697620511 0.244578138
vn -0.557708561 -0.814270258 0.161012948
vn -0.567126572 -0.818656743 0.0903804153
vn -0.699078262 -0.713092804 0.0528034978
vn -0.650587797 -0.757812381 0.049557697
vn -0.515807271 -0.811144769 0.275657594
vn -0.579929948 -0.741103172 0.338300645
vn -0.768123746 -0.637163401 0.0633147135
vn -0.756344736 -0.630849481 0.173122764
vn -0.62251395 -0.676322758 0.393781513
vn -0.732471645 -0.607206464 0.307872623
vn -0.442952037 -0.862233222 0.245656908
vn -0.480029285 -0.866643965 0.136015221
vn -0.487244785 -0.870201945 0.0730827451
vn -0.578400016 -0.814441442 0.0462432615
vn -0.769884229 -0.637286723 -0.0338224992
vn -0.701504946 -0.711700201 -0.0370630585
vn -0.655220509 -0.754428506 -0.0390345342
vn -0.45796302 -0.78120029 0.424259365
vn -0.500993073 -0.730915546 0.463431031
vn -0.376652181 -0.817270398 0.436121762
vn -0.820780039 -0.570241272 -0.0338388979
vn -0.820406079 -0.566063762 0.0806577131
vn -0.80979687 -0.543851376 0.2201242
vn -0.667913258 -0.576594114 0.470564723
vn -0.780260861 -0.502114654 0.372926205
vn -0.47633639 -0.878804386 0.0283985808
vn -0.587591171 -0.808283567 -0.0376076959
vn -0.743908942 -0.651312768 -0.14963682
vn -0.806331813 -0.571025908 -0.154137656
vn -0.674509943 -0.722441137 -0.152036771
vn -0.631595492 -0.759395182 -0.156224295
vn -0.400213033 -0.737823129 0.543550014
vn -0.906598926 -0.420782894 -0.0319395661
vn -0.908084154 -0.402082056 0.117103025
vn -0.885146797 -0.372488379 0.278868407
vn -0.556791365 -0.816825628 -0.150927931
vn -0.698280036 -0.457352728 0.550666392
vn -0.833628476 -0.366296232 0.413389176
vn -0.888367236 -0.42514196 -0.173372179
vn -0.566491663 -0.404353648 0.718042672
vn -0.557072818 -0.534786999 0.635352552
vn -0.533751905 -0.648303807 0.542965174
vn -0.40596059 -0.612311244 0.678432763
vn -0.423184216 -0.500131071 0.755502522
vn -0.719456553 -0.344295293 0.603193998
vn -0.934216082 -0.166699275 0.315359533
vn -0.968904138 -0.194822684 0.152541667
vn -0.975373268 -0.219310939 -0.02344363
vn -0.43235597 -0.343757659 0.833606005
vn -0.418535739 -0.267245591 0.867990553
vn -0.566221058 -0.298149228 0.768440485
vn -0.297268242 -0.484378308 0.822805762
vn -0.274907351 -0.606563807 0.745993435
vn -0.29199484 -0.633014083 0.71696043
vn -0.372090697 -0.667256176 0.645226896
vn -0.21495451 -0.679902852 0.70108968
vn -0.998349547 0.0554381125 -0.0149938427
vn -0.9841398 0.0590634272 0.167273387
vn -0.94704622 0.0468476228 0.317661375
vn -0.922225475 0.0233128238 0.385949105
vn -0.905385733 -0.149494871 0.397401512
vn -0.838478029 -0.165522367 0.519188702
vn -0.7430709 -0.158979207 0.650054812
vn -0.872294605 -0.0301581603 0.488049895
vn -0.775438666 -0.0562597215 0.628911495
vn -0.633699536 -0.172419041 0.754119754
vn -0.493001729 -0.111731566 0.862824082
vn -0.89694339 0.105377652 0.429404408
vn -0.923742831 0.157164812 0.349282593
vn -0.936486483 0.204879493 0.284635693
vn -0.956604004 0.247694612 0.153480083
vn -0.965393543 0.260502785 -0.0123943109
vn -0.950530708 0.258184165 -0.172720373
vn -0.981925547 0.0458614118 -0.183627084
vn -0.9546749 -0.232141852 -0.18629545
vn -0.545911431 0.010028841 0.83778286
vn -0.455115736 -0.100173593 0.884779632
vn -0.426396728 -0.194531202 0.883370519
vn -0.28492099 -0.180666462 0.941371202
vn -0.308120102 -0.31231904 0.898620486
vn -0.125296056 -0.450990885 0.883690059
vn -0.125053197 -0.611234605 0.781507492
vn -0.276159078 -0.129707977 0.952319264
vn -0.138596103 -0.171342507 0.975414217
vn -0.165607408 0.177869886 0.970018804
vn -0.225243896 -0.0049724183 0.974289715
vn -0.0972210541 0.258458346 0.961117744
vn -0 0.27635169 0.96105653
vn -0 -0.17973648 0.983714759
vn 0.138595983 -0.171342447 0.975414217
vn 0.0972210541 0.258458257 0.961117744
vn 0.284920931 -0.180666506 0.941371202
vn 0.308120042 -0.31231913 0.898620486
vn 0.43235603 -0.343757719 0.833605945
vn 0.418535769 -0.26724565 0.867990553
vn 0.566491663 -0.404353887 0.718042612
vn 0.557072759 -0.534787059 0.635352433
vn 0.667913198 -0.576594174 0.470564753
vn 0.533751786 -0.648303807 0.542965114
vn 0.62251389 -0.676322818 0.393781632
vn 0.732471704 -0.607206345 0.307872653
vn 0.673429489 -0.697620392 0.244578227
vn 0.579930007 -0.741103113 0.338300765
vn 0.629662454 -0.751181841 0.19811894
vn 0.688966036 -0.712544918 0.132685632
vn 0.64257431 -0.758353353 0.109537721
vn 0.557708561 -0.814270258 0.161012888
vn 0.567126572 -0.818656743 0.0903803781
vn 0.699078202 -0.713092804 0.0528034978
vn 0.650587797 -0.757812381 0.0495576933
vn 0.515807331 -0.81114465 0.275657594
vn 0.768123686 -0.63716346 0.0633146912
vn 0.756344795 -0.630849421 0.173122793
vn 0.442952096 -0.862233222 0.245656908
vn 0.480029285 -0.866643965 0.136015251
vn 0.487244755 -0.870202005 0.0730827376
vn 0.578400075 -0.814441562 0.046243228
vn 0.769884109 -0.637286782 -0.0338225253
vn 0.701504946 -0.711700201 -0.037063092
vn 0.655220449 -0.754428566 -0.0390345082
vn 0.376652211 -0.817270339 0.436121881
vn 0.82077992 -0.570241332 -0.0338389203
vn 0.82040602 -0.566063881 0.0806576833
vn 0.80979687 -0.543851435 0.2201242
vn 0.780260861 -0.502114654 0.372926205
vn 0.45796302 -0.78120029 0.424259365
vn 0.47633639 -0.878804386 0.0283985604
vn 0.587591052 -0.808283627 -0.037607681
vn 0.743908882 -0.651312828 -0.149636805
vn 0.806331754 -0.571025968 -0.154137656
vn 0.674509943 -0.722441137 -0.152036771
vn 0.631595492 -0.759395242 -0.156224236
vn 0.400212914 -0.737823129 0.543550014
vn 0.500993073 -0.730915546 0.463431031
vn 0.908084154 -0.402082205 0.117103025
vn 0.906598866 -0.420783103 -0.0319396034
vn 0.556791365 -0.816825688 -0.150927931
vn 0.40596053 -0.612311304 0.678432703
vn 0.888367176 -0.425142109 -0.173372224
vn 0.423184186 -0.50013113 0.755502462
vn 0.975373268 -0.219310984 -0.02344363
vn 0.968904138 -0.194822684 0.152541667
vn 0.934216142 -0.166699231 0.315359503
vn 0.885146797 -0.372488379 0.278868407
vn 0.833628476 -0.366296291 0.413389146
vn 0.698279977 -0.457352877 0.550666392
vn 0.719456494 -0.344295412 0.603193939
vn 0.905385733 -0.149494886 0.397401512
vn 0.566221058 -0.298149318 0.768440485
vn 0.838478029 -0.165522426 0.519188762
vn 0.922225475 0.0233127028 0.385949075
vn 0.94704622 0.0468476228 0.317661315
vn 0.9841398 0.0590636209 0.167273372
vn 0.998349547 0.0554382578 -0.0149938324
vn 0.743070841 -0.158979401 0.650054753
vn 0.633699358 -0.172418907 0.754119873
vn 0.872294545 -0.0301582515 0.488049924
vn 0.981925607 0.0458614938 -0.183627009
vn 0.9546749 -0.232141882 -0.186295465
vn 0.426396459 -0.194531217 0.883370578
vn 0.775438666 -0.0562598594 0.628911555
vn 0.950530589 0.258184373 -0.172720343
vn 0.965393543 0.260502785 -0.0123942671
vn 0.956604004 0.247694612 0.153480127
vn 0.936486483 0.204879493 0.284635633
vn 0.923742831 0.157164812 0.349282652
vn 0.896943331 0.105377652 0.429404467
vn 0.276159555 -0.129708022 0.952319145
vn 0.76819998 0.129422113 0.626991808
vn 0.165607572 0.177869901 0.970018744
vn 0.225244433 -0.00497231772 0.974289596
vn 0.961496651 0.274600148 -0.0109017594
vn 0.948666632 0.266729563 -0.169961721
vn 0.934439301 0.255504996 0.248073459
vn 0.950452864 0.277413696 0.140288875
vn 0.898434103 0.198032364 0.391917527
vn 0.922890246 0.224297702 0.312992215
vn 0.686662316 0.242649108 0.685285509
vn 0.235874519 0.397534281 0.886752367
vn 0.167102024 0.317563772 0.933397114
vn 0.48528403 0.159666762 0.859654546
vn 0.61240685 -0.0815924257 0.786320865
vn 0.493001491 -0.111731537 0.862824142
vn 0.545911133 0.010028841 0.837783098
vn 0.455115467 -0.100173652 0.884779751
vn 0.34360978 0.254027039 0.90410322
vn 0.386934996 0.179572418 0.90445292
vn -0.983760536 -0.14575696 0.104737997
vn -0.982330978 -0.120066352 0.143561482
vn -0.982320249 -0.121549264 0.142382205
vn -0.983828664 -0.146026105 0.103718281
vn -0.986070991 -0.153460965 0.0641382262
vn -0.986083508 -0.153459758 0.0639488474
vn -0.986237824 -0.160416111 0.0400199629
vn -0.986162961 -0.16111432 0.0390490703
vn -0.979983747 -0.0862736553 0.179412201
vn -0.978751421 -0.0789775699 0.189230606
vn -0.982268631 -0.187346578 0.00703754788
vn -0.98216933 -0.187889099 0.00641304068
vn -0.953656495 0.0526059344 0.296263307
vn -0.961468399 0.0169706419 0.274391264
vn -0.693404794 -0.496108323 -0.522557497
vn -0.642096102 -0.515928686 -0.567036211
vn -0.769527078 0.396392018 0.50070101
vn -0.747047544 0.419936657 0.515337884
vn -0.29273814 0.608397424 0.737669885
vn -0.273416936 0.644303977 0.714223742
vn -0.128314763 -0.899461627 0.417736858
vn -0.250528902 -0.881839335 0.399492949
vn -0.214148298 -0.789491057 0.575190723
vn -0.10812486 -0.797931194 0.592971206
vn -0.139743432 -0.961453199 0.236811087
vn -0.267352909 -0.935173035 0.232322738
vn -0.141251564 -0.986223161 0.086092703
vn -0.260819793 -0.961090744 0.0909816399
vn -0.133249179 -0.990709364 -0.0271958932
vn -0.234510928 -0.971924722 -0.0191557575
vn -0.122295603 -0.98316592 -0.135751739
vn -0.2025318 -0.971103787 -0.12624681
vn -0.190906063 -0.707805634 0.680122077
vn -0.0919355676 -0.690216362 0.717738926
vn -0 -0.904574394 0.426315784
vn 1.84995656E-07 -0.800253689 0.599661648
vn -0 -0.971387804 0.237498924
vn -0 -0.996704519 0.0811179578
vn -0 -0.99943161 -0.0337104648
vn -0 -0.989640474 -0.14356795
vn -0.114262678 -0.97089386 -0.210497409
vn -0.184759378 -0.962681949 -0.197755933
vn -0 -0.97559917 -0.219559342
vn -0.202088445 -0.646621823 0.735554576
vn -0.155070662 -0.539055645 0.827872038
vn -0.0599555895 -0.456903547 0.887493372
vn -0 -0.45715186 0.889388621
vn 1.85834963E-07 -0.686084449 0.727521956
vn 0.139743418 -0.961453259 0.236811087
vn 0.128314763 -0.899461627 0.417736858
vn 0.250528753 -0.881839395 0.399492979
vn 0.214148223 -0.789491117 0.575190663
vn 0.108125016 -0.797931194 0.592971206
vn 0.267352909 -0.935173035 0.232322738
vn 0.141251549 -0.986223161 0.086092703
vn 0.260819763 -0.961090744 0.0909816325
vn 0.133249149 -0.990709364 -0.0271958914
vn 0.234510928 -0.971924722 -0.0191557575
vn 0.122295603 -0.98316592 -0.135751739
vn 0.2025318 -0.971103787 -0.12624681
vn 0.190906271 -0.707805574 0.680122077
vn 0.0919359028 -0.690216303 0.717738986
vn 0.114262678 -0.97089386 -0.210497409
vn 0.184759378 -0.962681949 -0.197755933
vn 0.20208779 -0.646621406 0.735555053
vn 0.155069321 -0.539055824 0.827872157
vn 0.0599556603 -0.456903547 0.887493372
vn -0.743908942 -0.651312768 -0.14963682
vn -0.674509943 -0.722441137 -0.152036771
vn -0.616261661 -0.734863102 -0.283192098
vn -0.674821794 -0.671155274 -0.306865126
vn -0.806331813 -0.571025908 -0.154137656
vn -0.745844901 -0.577468634 -0.332032025
vn -0.570697308 -0.774861872 -0.271833897
vn -0.631595492 -0.759395182 -0.156224295
vn -0.469802231 -0.845919311 -0.252401263
vn -0.556791365 -0.816825628 -0.150927931
vn -0.458757192 -0.797992647 -0.390831888
vn -0.51172179 -0.740299046 -0.436002314
vn -0.550112963 -0.677802026 -0.487811565
vn -0.61056447 -0.582794964 -0.536247194
vn -0.888367236 -0.42514196 -0.173372179
vn -0.828578711 -0.423087329 -0.366680413
vn -0.376590282 -0.867137372 -0.325964183
vn -0.246795461 -0.940569162 -0.233284518
vn -0.217897356 -0.935755849 -0.277275503
vn -0.245244488 -0.881715119 -0.403030485
vn -0.310111403 -0.809928477 -0.497842133
vn -0.371756911 -0.733895481 -0.56850177
vn -0.386907727 -0.660375535 -0.643588841
vn -0.402955174 -0.57508415 -0.711972833
vn -0.9546749 -0.232141852 -0.18629545
vn -0.887911022 -0.239901021 -0.392506719
vn -0.447811574 -0.417339414 -0.790754437
vn -0.681596935 -0.420016021 -0.599176347
vn -0.733536482 -0.231659248 -0.638950884
vn -0.91689831 0.0393800475 -0.397173345
vn -0.981925547 0.0458614118 -0.183627084
vn -0.111331597 -0.969019711 -0.220467731
vn -0.122290187 -0.976058364 -0.179875582
vn -0.0940065235 -0.95353955 -0.286225557
vn -0.163927659 -0.714278221 -0.680392802
vn -0.156870127 -0.824020326 -0.54440999
vn -0.104845934 -0.899930894 -0.423239559
vn -0.479460329 -0.212115496 -0.851542592
vn -0.886117876 0.260870337 -0.38306883
vn -0.950530708 0.258184165 -0.172720373
vn -0.486671835 0.0752123669 -0.870341063
vn -0.746012866 0.050706517 -0.663998246
vn -0.880026162 0.27791065 -0.385122865
vn -0.948666632 0.266729474 -0.169961661
vn -0 -0.958393693 -0.285449624
vn -0 -0.90302825 -0.429581136
vn -0 -0.833564639 -0.552421868
vn -0.190966889 -0.209502921 -0.958978713
vn -0.174270853 -0.413114458 -0.893849015
vn -0.172730833 -0.547180235 -0.818998098
vn -0.162653849 -0.63302815 -0.756848097
vn -0 -0.626394689 -0.779506087
vn -0 -0.698921978 -0.715197921
vn -0 -0.527468085 -0.849574804
vn -0 -0.407488614 -0.913210273
vn -0 -0.214981079 -0.976618171
vn -0.194984958 0.0862041041 -0.977010608
vn -0 0.0823693275 -0.99660188
vn -0.453122467 0.293676943 -0.841685116
vn -0.706294 0.279720068 -0.650311768
vn -0.693490744 0.307943881 -0.651338041
vn -0.445708036 0.321981519 -0.835267723
vn -0.692960382 0.2901586 -0.660010636
vn -0.877269685 0.275372297 -0.393151283
vn -0.949331462 0.267122358 -0.165575862
vn -0.190249071 0.293893486 -0.936713338
vn -0.452353179 0.283952326 -0.845427513
vn -0 0.287688285 -0.957724094
vn -0.186416358 0.318092257 -0.929551601
vn -0.717000365 0.276286989 -0.63998127
vn -0.877217293 0.26955536 -0.397277921
vn -0.950925469 0.26562959 -0.158687294
vn -0.456103981 0.268538564 -0.848443389
vn -0.188849404 0.267221391 -0.944948971
vn -0 0.310625225 -0.950532436
vn -0.875026584 0.26726386 -0.403606892
vn -0.717872381 0.273847789 -0.64005208
vn -0.953049898 0.262022793 -0.151789069
vn -0.160623923 0.243996456 -0.956381559
vn -0 0.25863871 -0.965974092
vn -0.863020122 0.304638416 -0.40297842
vn -0.679582417 0.305137455 -0.667127252
vn -0.942594528 0.300114095 -0.146448344
vn -0.470926046 0.306013823 -0.827396035
vn -0.473659426 0.27747944 -0.835853994
vn -0 0.236280009 -0.971684992
vn -0.200848803 0.303120524 -0.931545854
vn -0.16198884 0.259326547 -0.952107847
vn -0.829249024 0.405351669 -0.384754509
vn -0.654289007 0.398813277 -0.642537177
vn -0.907944322 0.394965917 -0.140139401
vn -0 0.249398902 -0.968400836
vn -0.454781085 0.387771934 -0.801752508
vn -0.198791534 0.380496114 -0.903163671
vn -0 0.295666128 -0.955291331
vn -0.777308106 0.510870457 -0.367156029
vn -0.610671103 0.518927276 -0.598159969
vn -0.864001989 0.485148251 -0.134654403
vn -0.427527726 0.507342696 -0.74821347
vn -0.193856195 0.493059665 -0.848122656
vn -0 0.370756119 -0.928730309
vn -0.533166707 0.675823867 -0.508915901
vn -0.6719383 0.666425943 -0.323071808
vn -0.756005406 0.643957555 -0.117364608
vn -0.37814346 0.668585062 -0.640313625
vn -0.177951977 0.65452075 -0.73480314
vn -0 0.482542247 -0.875872672
vn -0 0.644481719 -0.764619768
vn -0.323527336 0.783582091 -0.530404747
vn -0.445305437 0.789927721 -0.421565264
vn -0.552662075 0.787646353 -0.272356004
vn -0.620140672 0.778488278 -0.0968577936
vn -0.160201013 0.772331476 -0.614686668
vn -0 0.763869584 -0.645370603
vn -0.149635151 0.836331666 -0.527407527
vn -0.290387899 0.836838305 -0.464086771
vn -0.398154855 0.837678075 -0.37385574
vn -0.482038081 0.84302789 -0.23862794
vn -0.524602115 0.847555459 -0.0802643076
vn -0 0.833681285 -0.552245915
vn -0 0.904164732 -0.427183867
vn -0.117203645 0.900267959 -0.41926226
vn -0.239258483 0.88634783 -0.396412551
vn -0.344674855 0.883535981 -0.317117363
vn -0.401998729 0.897421598 -0.181745589
vn -0.412776381 0.909091353 -0.0562905595
vn -0 0.944870472 -0.327444434
vn -0.0846323296 0.94147402 -0.326288223
vn -0.187005624 0.928947628 -0.319507778
vn -0.260648668 0.936938047 -0.232829034
vn -0.308784902 0.949775755 -0.0507727936
vn -0.291716009 0.947346807 -0.132044822
vn -0 0.972916305 -0.23115775
vn -0.0683564469 0.971651256 -0.226321071
vn -0.162240252 0.966376841 -0.199484095
vn -0.207477361 0.976679623 -0.055228211
vn -0.189891309 0.975044489 -0.115019895
vn -0 0.992796123 -0.119816139
vn -0.0782764927 0.989595294 -0.120722614
vn -0.0834709182 0.994349658 -0.065584898
vn -0 0.997466981 -0.0711310506
vn 0.0846323445 0.94147414 -0.326287955
vn 0.117203631 0.900267959 -0.41926232
vn 0.149635062 0.836331427 -0.527407825
vn 0.160201013 0.772331536 -0.614686549
vn 0.323527426 0.783582449 -0.53040415
vn 0.378143698 0.668585598 -0.64031291
vn 0.533166707 0.675823867 -0.508915842
vn 0.610671222 0.518927276 -0.59815985
vn 0.777308106 0.510870337 -0.367156178
vn 0.654289007 0.398813248 -0.642537057
vn 0.829249024 0.405351669 -0.384754568
vn 0.679582477 0.305137426 -0.667127311
vn 0.863020182 0.304638386 -0.40297839
vn 0.717872322 0.273847789 -0.64005208
vn 0.875026584 0.267263889 -0.403606892
vn 0.717000306 0.276287049 -0.639981329
vn 0.877217293 0.269555241 -0.397277862
vn 0.877269685 0.275372118 -0.393151343
vn 0.692960382 0.2901586 -0.660010636
vn 0.880026162 0.27791062 -0.385122836
vn 0.693490744 0.307943791 -0.651337922
vn 0.886117876 0.260870516 -0.38306883
vn 0.950530589 0.258184373 -0.172720343
vn 0.981925607 0.0458614938 -0.183627009
vn 0.91689831 0.0393801816 -0.397173315
vn 0.9546749 -0.232141882 -0.186295465
vn 0.887911022 -0.239900947 -0.392506778
vn 0.828578711 -0.42308718 -0.366680533
vn 0.888367176 -0.425142109 -0.173372224
vn 0.745844901 -0.577468634 -0.332032084
vn 0.806331754 -0.571025968 -0.154137656
vn 0.674821734 -0.671155274 -0.306865185
vn 0.743908882 -0.651312828 -0.149636805
vn 0.616261661 -0.734863102 -0.283192068
vn 0.674509943 -0.722441137 -0.152036771
vn 0.570697308 -0.774861872 -0.271833897
vn 0.631595492 -0.759395242 -0.156224236
vn 0.469802171 -0.845919311 -0.252401292
vn 0.556791365 -0.816825688 -0.150927931
vn 0.458757252 -0.797992647 -0.390831918
vn 0.51172179 -0.740299046 -0.436002374
vn 0.550113082 -0.677801907 -0.487811714
vn 0.61056453 -0.582794726 -0.536247313
vn 0.376590252 -0.867137253 -0.325964272
vn 0.246795401 -0.940569162 -0.233284503
vn 0.275976926 -0.940424144 -0.198592916
vn 0.217897296 -0.935755849 -0.277275443
vn 0.122290187 -0.976058364 -0.179875538
vn 0.111331582 -0.969019711 -0.220467672
vn 0.245244458 -0.881715059 -0.403030545
vn 0.310111344 -0.809928417 -0.497842252
vn 0.371756792 -0.733895481 -0.56850177
vn 0.386907607 -0.660375476 -0.643588841
vn 0.402955204 -0.575084209 -0.711972773
vn 0.447811574 -0.417339385 -0.790754437
vn 0.681596935 -0.420015842 -0.599176347
vn 0.733536482 -0.231659174 -0.638950884
vn 0.094006516 -0.95353955 -0.286225528
vn 0.104845934 -0.899930894 -0.423239619
vn 0.156870112 -0.824020326 -0.54440999
vn 0.163927659 -0.714278221 -0.680392742
vn 0.162653863 -0.63302815 -0.756848156
vn 0.479460239 -0.212115452 -0.851542652
vn 0.172730803 -0.547180176 -0.818998098
vn 0.174270838 -0.413114458 -0.893849015
vn 0.190966859 -0.209502891 -0.958978713
vn 0.746012866 0.0507066175 -0.663998246
vn 0.486671805 0.0752124116 -0.870341122
vn 0.70629406 0.279719979 -0.650311768
vn -0 -0.977603137 -0.210457087
vn 0.194984898 0.0862040818 -0.977010608
vn 0.453122467 0.293676883 -0.841685176
vn 0.445708096 0.321981519 -0.835267723
vn 0.190249041 0.293893456 -0.936713338
vn 0.452353179 0.283952385 -0.845427454
vn 0.186416388 0.318092257 -0.929551601
vn 0.456103921 0.268538505 -0.848443449
vn 0.188849404 0.267221361 -0.944948971
vn 0.160623923 0.243996456 -0.956381559
vn 0.16198875 0.259326518 -0.952107906
vn 0.200848773 0.303120494 -0.931545913
vn 0.473659396 0.277479291 -0.835854053
vn 0.470926017 0.306013733 -0.827396095
vn 0.454781055 0.387771875 -0.801752567
vn 0.198791549 0.380496055 -0.903163671
vn 0.427527875 0.507342935 -0.748213291
vn 0.193856195 0.493059695 -0.848122537
vn 0.177952111 0.654521167 -0.734802723
vn -0.418530256 -0.69747448 0.581688643
vn -0.458847851 -0.887513041 -0.0421799049
vn -0.438483804 -0.890190184 -0.123666584
vn -0.438483804 -0.890190184 -0.123666584
vn -0.275976926 -0.940424144 -0.198592961
vn -0 -0.986136675 -0.165935352
vn -0.0943927243 -0.633003235 -0.768372893
vn -0.642096102 -0.515928686 -0.567036211
vn -0.693404794 -0.496108323 -0.522557497
vn -0.095477365 -0.632246256 -0.768862009
vn -0 -0.668932676 -0.743323028
vn -0 -0.668932676 -0.743323028
vn -0.110083483 -0.713382661 0.692074239
vn -0 -0.605726838 0.795672655
vn -1.75115204E-07 -0.721106946 0.692823708
vn 0.125053197 -0.611234605 0.781507552
vn 0.125296161 -0.450990856 0.88369
vn 0.110083275 -0.71338284 0.69207418
vn 0.274907351 -0.606563985 0.745993376
vn 0.297268212 -0.484378308 0.822805643
vn 0.29199475 -0.633013904 0.716960609
vn 0.372091413 -0.667255759 0.645226836
vn 0.418529898 -0.697474539 0.581688881
vn 0.214954406 -0.679902852 0.70108968
vn 0.125173718 -0.307375252 0.943319678
vn -0 -0.445320725 0.895371139
vn -0.125173911 -0.307375193 0.943319678
vn -1.48545311E-07 -0.303758919 0.952748895
vn -0.612406671 -0.0815921426 0.786321044
vn -0.485283971 0.159666777 0.859654605
vn -0.76819998 0.129422158 0.626991808
vn -0.686662316 0.242649123 0.685285509
vn -0.898434162 0.198032156 0.391917378
vn -0.922890306 0.224297523 0.312992126
vn -0.934439301 0.255504876 0.248073474
vn -0.950452864 0.277413636 0.140288875
vn -0.961496651 0.274600238 -0.0109017929
vn -0.948666632 0.266729474 -0.169961661
vn -0.235874549 0.397534609 0.886752188
vn -0.167102009 0.317563951 0.933397055
vn -0.122290187 -0.976058364 -0.179875582
vn -0.13083899 -0.974639595 -0.18154572
vn -0 -0.986142576 -0.165899828
vn -0 -0.986136675 -0.165935352
vn -0.275976926 -0.940424144 -0.198592961
vn -0.354315966 -0.928027928 -0.114997335
vn -0.438483804 -0.890190184 -0.123666584
vn -0.458847851 -0.887513041 -0.0421799049
vn -0.47633639 -0.878804386 0.0283985808
vn -0.475331962 -0.879802585 0.00264348695
vn -0.487244785 -0.870201945 0.0730827451
vn -0.488583654 -0.870434523 0.0602471046
vn -0.480029285 -0.866643965 0.136015221
vn -0.480207294 -0.866673768 0.135194525
vn -0.442952037 -0.862233222 0.245656908
vn -0.443930984 -0.858734965 0.255928785
vn -0.39342469 -0.826204002 0.403241873
vn -0.376652181 -0.817270398 0.436121762
vn -0.400213033 -0.737823129 0.543550014
vn -0.380050004 -0.760098755 0.527078569
vn -0.418530256 -0.69747448 0.581688643
vn -0.372090697 -0.667256176 0.645226896
vn -0.378485173 -0.671969056 0.636558473
vn -0.29199484 -0.633014083 0.71696043
vn -0.284097522 -0.605164587 0.743682981
vn -0.21495451 -0.679902852 0.70108968
vn -0.151574448 -0.702215731 0.695642292
vn -0.110083483 -0.713382661 0.692074239
vn -0.103561886 -0.714185715 0.692252636
vn -1.75115204E-07 -0.721106946 0.692823708
vn -0 -0.721263647 0.692660689
vn -0.964483023 -0.197433427 0.175478145
vn -0.489924163 -0.410890698 0.768858373
vn -0.369507819 -0.608248472 0.702493966
vn 0.211677164 -0.507176578 0.835442841
vn -0.838202477 0.352608323 0.416033566
vn 0.332872778 0.0489425436 0.941700757
vn -0.316124797 0.133959115 0.939212441
vn -0.080602631 0.697214007 0.712317228
vn 0.46115616 0.512866616 0.724087536
vn -0.5549016 0.786103725 0.272259235
vn 0.0742892101 0.815382361 0.574136496
vn -0.682425261 -0.385606915 0.620969474
vn -0.936203241 -0.163079873 0.311333209
vn -0.613942385 -0.28369683 0.73660773
vn 0.0890394151 -0.477310807 0.874211848
vn -0.788539827 0.316173524 0.52748394
vn 0.126175687 0.0479712263 0.990847349
vn -0.442150414 0.215432093 0.870684862
vn -0.247171387 0.647057831 0.721264541
vn -0.507171988 0.678113878 0.53191936
vn -0.0404836275 0.424134493 0.904693842
vn -0.193023071 0.722442687 0.663941741
vn -0.34360978 0.254027098 0.90410322
vn -0.386935145 0.179572493 0.90445286
vn -0.29273814 0.608397424 0.737669885
vn -0.0565432794 0.569194615 0.820256293
vn -0.273416936 0.644303977 0.714223742
vn -0.0541760512 0.534075499 0.843699157
vn -0 0.499156922 0.866511643
vn -1.67470105E-07 0.479887575 0.877330005
vn -0.0601713695 0.460131973 0.885809243
vn -0.0972210541 0.258458346 0.961117744
vn -0.165607408 0.177869886 0.970018804
vn -0.0777360573 0.460380167 0.884311676
vn -1.26729589E-07 0.459341764 0.88825959
vn -0 0.27635169 0.96105653
vn -0.0179132819 0.502481282 0.864402473
vn -0.225243896 -0.0049724183 0.974289715
vn -1.6832459E-07 0.441744179 0.897141039
vn -0.0645624921 0.439700812 0.895820796
vn -0.0966096818 0.444943964 0.890332222
vn -0.131208882 0.490762085 0.86135757
vn -0.145926058 0.505609453 0.850332141
vn -0.178759024 0.465589374 0.86675936
vn -0.221252993 0.425236344 0.877622426
vn -0.34360978 0.254027098 0.90410322
vn -0.386935145 0.179572493 0.90445286
vn -0.114384346 0.448679209 0.886342585
vn -0.176969647 0.490860552 0.853075385
vn -0.249336645 0.482989401 0.839376271
vn -0.30108583 0.409146935 0.861362934
vn -0.344556719 0.44880864 0.824531078
vn -0.235874549 0.397534609 0.886752188
vn -0.485283971 0.159666777 0.859654605
vn -0.167102009 0.317563951 0.933397055
vn -0.296255887 0.345801204 0.890311182
vn 0.00378935179 0.226629674 0.973973632
vn -0.252328426 0.281760871 0.925711155
vn -0.216805041 0.215482205 0.95213604
vn 0.0734740719 0.153298959 0.985444546
vn -0.212686673 0.200280681 0.956374466
vn 0.11431545 0.0823910162 0.990022063
vn -0.132663563 0.139159605 0.981343448
vn 0.0287372489 0.0394710451 0.99880743
vn -0.0979311392 0.0660603493 0.992998242
vn -0.0565028414 -0.0285682734 0.997993648
vn -0.0746941045 -0.0712709054 0.994656384
vn -0.11792542 -0.138598517 0.983302653
vn -0.219712287 -0.0103397686 0.975509942
vn -0.121966869 -0.167206898 0.978348553
vn -0.253470689 -0.0839707553 0.963691592
vn -0.172513053 -0.226614386 0.958584964
vn -0.16995801 -0.252370834 0.952587664
vn -0.15522182 -0.252703547 0.955011547
vn -0.163263842 -0.310522377 0.936440468
vn -0.126020983 -0.269230485 0.954795122
vn -0.117941067 -0.356555492 0.926799953
vn -0.0898412094 -0.269396096 0.958829641
vn -0.0873886347 -0.349554032 0.932831824
vn -0.0638878122 -0.268656731 0.961114883
vn -0 -0.337803513 0.941216648
vn -0.286127955 -0.110768162 0.951767385
vn -0.253470689 -0.0839707553 0.963691592
vn -0.148453414 -0.296281397 0.943492949
vn -0.0598240122 -0.314783812 0.947276235
vn -0 -0.298777252 0.954322875
vn -0.261871129 -0.192423031 0.94572556
vn -0.39999336 0.224774092 0.888527989
vn -0.417835206 0.171952978 0.892102003
vn -0.534643233 0.35542205 0.766701877
vn -0.219712287 -0.0103397686 0.975509942
vn -0.589581311 0.516627908 0.620878041
vn -0.734012008 0.543817639 0.406803101
vn -0.768688142 0.467399299 0.4366422
vn -0.788805485 0.530743301 0.30999583
vn -0.842442036 0.45003581 0.296241909
vn -0.851926684 0.344748884 0.394169003
vn -0.900922418 0.335301578 0.275520712
vn -0.876524866 0.289144248 0.384837359
vn -0.921555161 0.275252759 0.273810029
vn -0.930039465 0.249349698 0.269909829
vn -0.945929527 0.252372772 0.203777701
vn -0.940038264 0.261431515 0.219046921
vn -0.950689256 0.279294699 0.134849697
vn -0.950452864 0.277413636 0.140288875
vn -0.961496651 0.274600238 -0.0109017929
vn -0.960942984 0.27671352 -0.00426680734
vn -0.948666632 0.266729474 -0.169961661
vn -0.949331462 0.267122358 -0.165575862
vn -0.934439301 0.255504876 0.248073474
vn -0.928332686 0.240406215 0.283554554
vn -0.922890306 0.224297523 0.312992126
vn -0.896971583 0.228035882 0.378736883
vn -0.898434162 0.198032156 0.391917378
vn -0.660939932 0.259586245 0.704111814
vn -0.686662316 0.242649123 0.685285509
vn -0.167102009 0.317563951 0.933397055
vn 0.00378935179 0.226629674 0.973973632
vn -0.95703429 0.262010038 0.124241754
vn -0.963105619 0.269101828 -0.00343789323
vn -0.950925469 0.26562959 -0.158687294
vn -0.891393483 0.251466304 0.377070606
vn -0.633103907 0.258453637 0.729644537
vn 0.0734740719 0.153298959 0.985444546
vn -0.957393706 0.264833868 0.115153126
vn -0.942784905 0.267160445 0.19945392
vn -0.964217305 0.265072733 -0.00463208556
vn -0.953049898 0.262022793 -0.151789069
vn -0.601137996 0.264435232 0.754126728
vn 0.11431545 0.0823910162 0.990022063
vn -0.921350062 0.333778083 0.199264079
vn -0.940115213 0.319296479 0.119302921
vn -0.95240742 0.304827899 -0.000196833411
vn -0.942594528 0.300114095 -0.146448344
vn -0.560351372 0.269156694 0.783301353
vn 0.0287372489 0.0394710451 0.99880743
vn -0.882819712 0.423565507 0.203031152
vn -0.904384851 0.406203508 0.130716503
vn -0.91816026 0.396110207 0.00885578245
vn -0.907944322 0.394965917 -0.140139401
vn -0.27916491 0.19371216 0.940501213
vn -0.0565028414 -0.0285682734 0.997993648
vn -0.836776257 0.504758954 0.21218811
vn -0.865063846 0.48367843 0.133115336
vn -0.877222896 0.479924351 0.0123510659
vn -0.864001989 0.485148251 -0.134654403
vn -0.741783857 0.638026536 0.206588745
vn -0.709213316 0.64241308 0.290382087
vn -0.764196992 0.633750081 0.119848907
vn -0.771029115 0.636710465 0.0106715066
vn -0.756005406 0.643957555 -0.117364608
vn -0.665519476 0.638443112 0.386618882
vn -0.586301804 0.609830916 0.533250928
vn -0.632888079 0.769102037 0.0890767202
vn -0.633417904 0.753878891 0.174494639
vn -0.617282212 0.74477762 0.253513306
vn -0.629812956 0.776700914 0.008441885
vn -0.620140672 0.778488278 -0.0968577936
vn -0.585322082 0.739764988 0.331882417
vn -0.521640539 0.491417557 0.697423756
vn -0.540533483 0.711931884 0.448303968
vn -0.526822865 0.849940896 0.00762500986
vn -0.532426775 0.844167948 0.0624673143
vn -0.539007604 0.830498934 0.140507102
vn -0.524909258 0.823684335 0.214509472
vn -0.524602115 0.847555459 -0.0802643076
vn -0.497456938 0.822116911 0.276876152
vn -0.49331221 0.65147382 0.576389611
vn -0.399211705 0.577121913 0.712432683
vn -0.460962772 0.815772951 0.349324852
vn -0.412776381 0.909091353 -0.0562905595
vn -0.414493144 0.910035968 0.00547309779
vn -0.415543914 0.908703089 0.0397746116
vn -0.417333126 0.903487742 0.0976881683
vn -0.414629042 0.895340562 0.162628397
vn -0.400823236 0.889540672 0.219221711
vn -0.410175383 0.805284619 0.428103745
vn -0.317364395 0.795276999 0.516540706
vn -0.357719213 0.892887652 0.273475051
vn -0.308784902 0.949775755 -0.0507727936
vn -0.321841508 0.946787596 -0.00337626995
vn -0.324980795 0.945181787 0.0319189467
vn -0.318250418 0.944881022 0.0769189671
vn -0.305038095 0.943861008 0.126800045
vn -0.279067606 0.945939004 0.16528976
vn -0.295000851 0.904978991 0.306573957
vn -0.205664486 0.922214329 0.327448964
vn -0.124696046 0.931147218 0.342659861
vn -0.204241946 0.786229968 0.583204746
vn -0.275993347 0.502717018 0.81920892
vn -0.28426376 0.0781933218 0.955552161
vn -0.159814224 0.0116796568 0.987078011
vn -0.0543015078 -0.0123281879 0.998448491
vn -0 -0.0127086574 0.999919236
vn -0.145907506 0.470662892 0.870165169
vn -0.0439682417 0.466701746 0.883321166
vn -0 0.468976915 0.883210421
vn -0.102817886 0.783542335 0.612772286
vn -0.0295135751 0.789879441 0.61255157
vn -0 0.793587387 0.608456314
vn -0.0225001294 0.929878891 0.367177099
vn -0.0660397857 0.931360602 0.35805887
vn -0.0454378277 0.971947312 0.230767876
vn -0.0959335789 0.964120388 0.247524992
vn -0.141174614 0.959357262 0.244342834
vn -0.212170929 0.953643501 0.213418707
vn -0.133615896 0.980093241 0.146846756
vn -0.168058693 0.978660643 0.118235752
vn -0.196285322 0.977467954 0.0776434541
vn -0.213403255 0.976380467 0.0337665826
vn -0.215031922 0.976555526 -0.0100312801
vn -0.207477361 0.976679623 -0.055228211
vn -0.0883148611 0.99601239 -0.0126389889
vn -0.0834709182 0.994349658 -0.065584898
vn -0.0834258422 0.995519876 0.0444999002
vn -0.0788807049 0.993184865 0.085800074
vn -0.0770068839 0.988416672 0.130775899
vn -0.0593197271 0.983372509 0.171638072
vn -0 0.983635426 0.180170581
vn -0 0.975005507 0.22218065
vn -0 0.997466981 -0.0711310506
vn -0 0.999924958 -0.012247582
vn -0 0.998772264 0.0495381169
vn -0 0.996441782 0.0842835009
vn -0 0.991200387 0.132369801
vn -0 0.926464915 0.376381189
vn 0.0225001201 0.929878771 0.367177397
vn 0.0295135789 0.789879441 0.61255163
vn 0.0439682305 0.466701806 0.883321106
vn 0.0543014593 -0.012328268 0.998448491
vn 0.0598240122 -0.314783424 0.947276354
vn 0.0873885751 -0.349553227 0.932832122
vn 0.0638878196 -0.26865676 0.961114883
vn 0.089841038 -0.269395679 0.958829761
vn 0.117941126 -0.356555521 0.926799953
vn 0.126020864 -0.269230247 0.954795182
vn 0.163263902 -0.310522437 0.936440468
vn 0.155221865 -0.252703667 0.955011547
vn 0.169958279 -0.252370834 0.952587605
vn 0.172513172 -0.226614475 0.958584964
vn 0.253470749 -0.0839706212 0.963691592
vn 0.121967025 -0.167206764 0.978348553
vn 0.286127746 -0.110768229 0.951767445
vn 0.148453444 -0.296281844 0.94349277
vn 0.261871129 -0.192423001 0.94572562
vn 0.399993122 0.224773988 0.888528109
vn 0.41783461 0.171952769 0.892102301
vn 0.253470749 -0.0839706212 0.963691592
vn 0.534643292 0.355422258 0.766701818
vn 0.589581072 0.516627431 0.620878577
vn 0.734012187 0.543817461 0.406803012
vn 0.768688202 0.46739915 0.436642259
vn 0.788805544 0.530743241 0.30999586
vn 0.842442095 0.450035691 0.29624185
vn 0.851926744 0.344748884 0.394168705
vn 0.900922418 0.335301518 0.275520653
vn 0.876524925 0.289144248 0.3848373
vn 0.921555161 0.27525273 0.273810059
vn 0.930039465 0.249349639 0.269909948
vn 0.945929527 0.252372682 0.20377779
vn 0.940038264 0.261431515 0.219046921
vn 0.950689256 0.279294789 0.134849682
vn 0.950452864 0.277413696 0.140288875
vn 0.961496651 0.274600148 -0.0109017594
vn 0.960942984 0.276713639 -0.00426681107
vn 0.948666632 0.266729563 -0.169961721
vn 0.949331462 0.267122388 -0.165575922
vn 0.934439301 0.255504996 0.248073459
vn 0.928332686 0.240406245 0.283554673
vn 0.922890246 0.224297702 0.312992215
vn 0.896971464 0.228035927 0.378737122
vn 0.898434103 0.198032364 0.391917527
vn 0.660939932 0.259586245 0.704111814
vn 0.686662316 0.242649108 0.685285509
vn 0.167102024 0.317563772 0.933397114
vn -0.00378938299 0.226629585 0.973973632
vn 0.95703429 0.262009978 0.124241814
vn 0.963105559 0.269101888 -0.00343790883
vn 0.950925469 0.26562959 -0.158687279
vn 0.891393423 0.251466274 0.377070844
vn 0.633103788 0.258453548 0.729644716
vn -0.0734740496 0.1532989 0.985444546
vn 0.957393706 0.264833868 0.11515329
vn 0.942784905 0.267160445 0.199454039
vn 0.964217305 0.265072733 -0.00463201618
vn 0.953049898 0.262022793 -0.151789039
vn 0.601137877 0.264435232 0.754126787
vn -0.114315435 0.0823910385 0.990022063
vn 0.921350062 0.333778054 0.199264139
vn 0.940115213 0.319296479 0.119303085
vn 0.95240742 0.304827958 -0.000196690933
vn 0.942594469 0.300114155 -0.146448329
vn 0.560351372 0.269156754 0.783301353
vn -0.0287374426 0.0394710563 0.998807371
vn 0.882819772 0.423565418 0.203031018
vn 0.904384851 0.406203389 0.130716473
vn 0.91816026 0.396110117 0.00885581411
vn 0.907944322 0.394965917 -0.140139535
vn 0.279165059 0.193712249 0.940501153
vn 0.0565022491 -0.0285682213 0.997993708
vn 0.836776376 0.504759014 0.212187991
vn 0.865063906 0.483678341 0.133115232
vn 0.877222955 0.479924351 0.0123510221
vn 0.86400193 0.485148221 -0.134654522
vn 0.741783798 0.638026595 0.206588864
vn 0.709213257 0.642413199 0.290382206
vn 0.764196932 0.6337502 0.119848847
vn 0.771029115 0.636710584 0.0106715038
vn 0.756005526 0.643957496 -0.117364265
vn 0.665519476 0.638443112 0.386618882
vn 0.219712049 -0.0103393793 0.975510001
vn 0.586301744 0.609830678 0.533251166
vn 0.632888079 0.769102037 0.0890766457
vn 0.633417845 0.753878832 0.174494758
vn 0.617282271 0.74477756 0.253513396
vn 0.629812896 0.776700914 0.00844202098
vn 0.620140851 0.778488398 -0.0968567804
vn 0.585322022 0.739764988 0.331882417
vn 0.521640122 0.491417229 0.697424293
vn 0.540533602 0.711931884 0.448303849
vn 0.526822865 0.849940896 0.00762514677
vn 0.532426775 0.844168007 0.0624673404
vn 0.539007604 0.830498934 0.140507013
vn 0.524909377 0.823684394 0.214509219
vn 0.524602175 0.847555578 -0.080263406
vn 0.497456998 0.822116852 0.276876211
vn 0.49331212 0.651473761 0.576389611
vn 0.399211675 0.577122152 0.712432563
vn 0.460962623 0.815772772 0.349325448
vn 0.41277644 0.909091294 -0.0562906452
vn 0.414493144 0.910035968 0.00547304982
vn 0.415543795 0.908703089 0.0397744775
vn 0.417333066 0.903487802 0.0976877585
vn 0.414629072 0.895340621 0.162627876
vn 0.400823206 0.889540672 0.219221577
vn 0.410175204 0.805284202 0.428104639
vn 0.317364454 0.795277178 0.516540468
vn 0.357719064 0.892887414 0.273476034
vn 0.308784902 0.949775755 -0.0507731698
vn 0.321841508 0.946787596 -0.00337653607
vn 0.324980825 0.945181847 0.0319186375
vn 0.318250358 0.944881082 0.0769185796
vn 0.305038124 0.943861008 0.126799837
vn 0.279067606 0.945939004 0.165289775
vn 0.295000672 0.904978275 0.306576252
vn 0.205664426 0.922213852 0.327450395
vn 0.124696068 0.931147099 0.342660069
vn 0.204241991 0.786230147 0.583204448
vn 0.275993735 0.502717376 0.819208562
vn 0.284263998 0.0781936124 0.955552042
vn 0.159814313 0.011679803 0.987078011
vn 0.145907611 0.47066313 0.87016505
vn 0.14117457 0.959356785 0.244344696
vn 0.0959335491 0.96412003 0.247526377
vn 0.102817841 0.783542216 0.612772405
vn 0.0660397857 0.931360543 0.358059108
vn 0.133615911 0.980093122 0.146847591
vn 0.212170988 0.95364356 0.213418543
vn 0.168058708 0.978660643 0.11823564
vn 0.196285307 0.977467954 0.0776429623
vn 0.213403225 0.976380527 0.0337662213
vn 0.215031922 0.976555526 -0.0100316461
vn 0.207477316 0.976679564 -0.0552285016
vn 0.0883148536 0.99601239 -0.0126394453
vn 0.0834709108 0.994349658 -0.0655850694
vn 0.0834258571 0.995519936 0.0444994606
vn 0.0788806975 0.993184924 0.0857998282
vn 0.0770068839 0.988416731 0.130775779
vn 0.0593197122 0.98337245 0.171638578
vn 0.045437824 0.971947253 0.23076807
vn -0.457984239 0.258946389 0.850410044
vn -0.339416146 0.216879338 0.915292323
vn -0.421627879 0.225487098 0.878285527
vn -0.47113356 0.219145805 0.854405224
vn -0.278062612 0.208765998 0.937602222
vn -0.227870017 0.219967604 0.948519647
vn -0.228055432 0.218968585 0.94870615
vn -0.188305825 0.224419937 0.956125855
vn -0.185873732 0.223599449 0.956793725
vn -0.0903452411 0.216363907 0.972123623
vn -0.11073631 0.224268243 0.968215466
vn -0.483707219 0.218665704 0.847474277
vn -0.0796995685 0.215367392 0.973275304
vn -0.0722662657 0.215611354 0.973801494
vn -0 0.208945438 0.977927327
vn 6.42992575E-07 0.204823479 0.978798926
vn -0.128994539 0.228274435 0.965013564
vn -0.122013159 0.227435976 0.966118872
vn -0.566756785 0.233765915 0.790025473
vn -0.116484091 0.216464743 0.969316483
vn -0.123540454 0.231127828 0.965048075
vn -0.209173307 0.223286673 0.952044904
vn -0.222839728 0.226141497 0.94826287
vn -0.327611387 0.235188812 0.915072143
vn -0.544937551 0.209471941 0.81188947
vn -0.130272523 0.224761188 0.965666294
vn -0 0.247118667 0.96898526
vn -0.11494647 0.245491892 0.96255964
vn -0 0.247129962 0.968982339
vn -0.568975985 0.2739788 -0.775372148
vn -0.455994904 0.256200105 -0.85230875
vn -0.324847877 0.251090765 -0.911826372
vn -0.324847221 0.251088649 -0.911827147
vn -0.32484445 0.251088679 -0.91182816
vn -0.331002533 0.241279215 -0.912261844
vn -0.331794143 0.240897506 -0.912075102
vn -0.334609628 0.242392585 -0.910649359
vn -0.335473776 0.247567773 -0.908937573
vn -0.45844382 0.256020069 -0.851048172
vn -0.585115314 0.255710959 -0.769579053
vn -0.585190535 0.255733103 -0.769514501
vn -0.585187078 0.255731463 -0.76951772
vn -0.571152687 0.271274805 -0.774722219
vn -0.568924844 0.270419955 -0.776657939
vn -0.568949878 0.274033576 -0.775371909
vn 1.63855645E-07 0.320245951 0.947334409
vn -0.567182064 -0.220066518 0.793646753
vn -0.625911295 -0.0528062508 0.778104484
vn -0.639124513 0.299468428 0.708405554
vn -0 -0.350877196 0.936421454
vn -0 -0.554110885 0.83244282
vn 1.32563656E-07 0.481133521 0.876647353
vn -0.714123487 0.375812292 0.590586841
vn -0 0.79396534 0.607963026
vn -0.310012966 0.255007803 0.915894628
vn -0.277533829 0.236822471 0.931069374
vn -0.39830327 0.244577274 0.884045541
vn -0.421079993 0.258721441 0.869341612
vn -0.521042049 0.250319779 0.815999508
vn -0.503347516 0.260088116 0.824011803
vn -0.227568805 0.238347784 0.944141269
vn -0.22219722 0.228784978 0.947779417
vn -0.183969617 0.231151924 0.955365896
vn -0.19757174 0.227171838 0.95360285
vn -0.106293634 0.221881941 0.96926266
vn -0.112362288 0.222804502 0.968366086
vn -0.10831999 0.223783225 0.968600988
vn -0.130998969 0.227074832 0.965026557
vn -0.109095126 0.22627686 0.96793443
vn -0.109060496 0.226271003 0.967939675
vn -0.238626227 0.261495382 0.935241997
vn -0.313264102 0.271554679 0.91001302
vn -0.431968391 0.271716237 0.859984696
vn -0.204771206 0.256877244 0.94450134
vn -0.488899112 0.26787892 0.830191851
vn 1.05130695E-07 0.22733888 0.973815739
vn 1.08970639E-07 0.22733885 0.973815739
vn 0.109059229 0.226271003 0.967939854
vn 0.10909383 0.226276875 0.967934608
vn 0.130997539 0.227074847 0.965026796
vn 0.108320139 0.22378324 0.968600929
vn 0.112362169 0.222804457 0.968366086
vn 0.18396987 0.231151924 0.955365837
vn 0.106293626 0.221881926 0.96926266
vn 0.197571903 0.227171868 0.953602791
vn 0.222197309 0.228784978 0.947779417
vn 0.227568984 0.238347754 0.944141269
vn 0.277533531 0.236822501 0.931069374
vn 0.310012907 0.255007744 0.915894628
vn 0.398303121 0.244577184 0.884045601
vn 0.421079606 0.258721203 0.86934185
vn 0.521042049 0.2503196 0.815999508
vn 0.503347218 0.260087878 0.824012101
vn 0.238626555 0.261495501 0.935241938
vn 0.313263983 0.271554649 0.91001308
vn 0.431967914 0.271715969 0.859984994
vn 0.204771265 0.256877244 0.94450134
vn 0.488898724 0.267878711 0.830192208
vn -0 0.261951387 0.965081036
vn -0.108393162 0.226668164 0.967921734
vn -0.0945525616 0.262197882 0.960370779
vn -0 0.290380657 0.956911266
vn -0.0903431997 0.293575436 0.951657236
vn -0.159026548 0.261891901 0.951905072
vn -0 0.227340549 0.973815262
vn -0.157355756 0.290185958 0.943944573
vn -0.230419934 0.26351133 0.936732829
vn -0.217601687 0.272193283 0.937315464
vn -0.28023234 0.270533115 0.921022058
vn -0.271084875 0.255706906 0.927969277
vn -0.358376294 0.283130765 0.889608562
vn -0.365675986 0.229658663 0.901963413
vn -0.431248248 0.175559208 0.88498807
vn -0.0873062685 0.319236785 0.943644822
vn -0 0.318576813 0.947897077
vn -0.14067395 0.310929984 0.939964592
vn -0.416371226 0.156093642 0.89569515
vn -0.200912252 0.281974494 0.938149571
vn -0.236383423 0.254139274 0.937835872
vn -0.288975984 0.217701688 0.932254732
vn -0.288072735 0.167183951 0.942901731
vn -0.471918464 0.266926497 -0.840263784
vn -0.47192353 0.266985685 -0.840242147
vn -0.468211144 0.266977131 -0.842319131
vn -0.467962146 0.25821352 -0.845184684
vn -0.468400687 0.260952115 -0.844099998
vn -0.468617082 0.263600022 -0.843156576
vn -0.468446404 0.265530169 -0.842645705
vn -0.468050003 0.267070293 -0.842379093
vn -0.467475981 0.268401355 -0.842274785
vn -0.466703504 0.269633919 -0.842309535
vn -0.465650976 0.270837754 -0.842505813
vn -0.466315806 0.270677954 -0.842189431
vn -0.471678197 0.26719147 -0.840314507
vn -0.471749783 0.267170966 -0.840280831
vn -0.472094268 0.267098188 -0.840110421
vn -0.472374082 0.26709953 -0.839952707
vn -0.1343465 0.9497208 -0.282809824
vn -0.373145759 0.907382131 -0.193442091
vn -0.385296792 0.90295887 -0.19029355
vn -0.135370657 0.94973886 -0.282260388
vn -0.660856307 0.737930775 -0.13684693
vn -0.653800666 0.744058251 -0.137557209
vn -0.863791823 0.484970272 -0.136629239
vn -0.861681759 0.488808036 -0.136276513
vn -0.965834141 0.181868955 -0.184629545
vn -0.965969503 0.180940032 -0.184833959
vn -0.953386188 -0.12939699 -0.272600889
vn -0.952016771 -0.135155797 -0.274584979
vn -0.826793253 -0.404206723 -0.391190171
vn -0.820758522 -0.412272274 -0.395458013
vn -0.602219522 -0.599260807 -0.527463853
vn -0.590732634 -0.605424225 -0.533382058
vn -0.369028121 -0.667449534 -0.646783888
vn -0.367881298 -0.667475462 -0.647410154
vn 0.0774115622 0.89463985 -0.440030694
vn 0.0699367598 0.898578584 -0.433203667
vn 0.263659269 0.727313221 -0.633639693
vn 0.26736626 0.721821904 -0.638348222
vn 0.369539618 0.467233747 -0.803201795
vn 0.370247781 0.463452697 -0.805064082
vn 0.37500158 0.154514685 -0.914056361
vn 0.375103354 0.155236185 -0.913892329
vn 0.279997259 -0.161803007 -0.946267068
vn 0.282380909 -0.156659439 -0.946424246
vn 0.0968653336 -0.432193607 -0.896563351
vn 0.103208259 -0.425325543 -0.899136364
vn -0.149168134 -0.614373684 -0.774786294
vn -0.139288604 -0.609471202 -0.780476511
vn -0.367881298 -0.667475462 -0.647410154
vn -0.369028121 -0.667449534 -0.646783888
vn 0.983760536 -0.14575699 0.104738012
vn 0.983828723 -0.14602609 0.103718273
vn 0.982320249 -0.121549219 0.14238219
vn 0.982330978 -0.120066315 0.143561482
vn 0.986070991 -0.153461099 0.0641382337
vn 0.986083448 -0.153459921 0.0639488623
vn 0.986237824 -0.160416171 0.0400199667
vn 0.986162961 -0.16111432 0.0390490629
vn 0.979983747 -0.0862736553 0.179412201
vn 0.978751421 -0.0789775699 0.189230621
vn 0.982268631 -0.187346503 0.00703753671
vn 0.98216933 -0.187888995 0.00641302858
vn 0.953656495 0.0526060313 0.296263307
vn 0.961468399 0.0169706978 0.274391264
vn 0.693404794 -0.496108264 -0.522557557
vn 0.642096162 -0.515928686 -0.567036271
vn 0.769526899 0.396392256 0.50070107
vn 0.747047365 0.419936836 0.515338063
vn 0.292737752 0.608397543 0.737670004
vn 0.273416042 0.644304097 0.714223981
vn 0.458848029 -0.887513041 -0.0421799161
vn 0.438483894 -0.890190125 -0.123666495
vn 0.0943927318 -0.633003235 -0.768372893
vn 0.0954773724 -0.632246256 -0.768862009
vn 0.693404794 -0.496108264 -0.522557557
vn 0.642096162 -0.515928686 -0.567036271
vn -0 -0.668932676 -0.743323028
vn -0 -0.668932676 -0.743323028
vn -0 -0.986136675 -0.165935352
vn -0 -0.986142576 -0.165899828
vn 0.130839035 -0.974639595 -0.181545734
vn 0.122290187 -0.976058364 -0.179875538
vn 0.354315966 -0.928027928 -0.114997342
vn 0.275976926 -0.940424144 -0.198592916
vn 0.438483894 -0.890190125 -0.123666495
vn 0.458848029 -0.887513041 -0.0421799161
vn 0.475332052 -0.879802525 0.00264348555
vn 0.47633639 -0.878804386 0.0283985604
vn 0.488583624 -0.870434582 0.0602470897
vn 0.487244755 -0.870202005 0.0730827376
vn 0.480207145 -0.866673827 0.135194555
vn 0.480029285 -0.866643965 0.136015251
vn 0.443931013 -0.858734906 0.255928755
vn 0.442952096 -0.862233222 0.245656908
vn 0.393424422 -0.826204121 0.403241873
vn 0.376652211 -0.817270339 0.436121881
vn 0.380050212 -0.760098457 0.527078867
vn 0.400212914 -0.737823129 0.543550014
vn 0.418529898 -0.697474539 0.581688881
vn 0.378485501 -0.671968579 0.636558712
vn 0.372091413 -0.667255759 0.645226836
vn 0.284098178 -0.605164289 0.743682981
vn 0.29199475 -0.633013904 0.716960609
vn 0.214954406 -0.679902852 0.70108968
vn 0.151574254 -0.702215791 0.695642233
vn 0.110083275 -0.71338284 0.69207418
vn 0.103561826 -0.714185834 0.692252457
vn -1.75115204E-07 -0.721106946 0.692823708
vn -0 -0.721263647 0.692660689
vn 0.964483082 -0.197433427 0.175477877
vn 0.369507343 -0.608248353 0.702494383
vn 0.489923924 -0.410890758 0.768858492
vn -0.211677805 -0.50717634 0.835442841
vn 0.838202655 0.352608204 0.416033387
vn -0.332872868 0.0489426591 0.941700697
vn 0.316124797 0.13395898 0.939212441
vn 0.0806028694 0.697214186 0.71231705
vn -0.461156249 0.512867212 0.724087179
vn 0.554901421 0.786103964 0.272258937
vn -0.074288629 0.815382659 0.574136138
vn 0.682424426 -0.385607064 0.620970249
vn 0.613942087 -0.28369686 0.736607909
vn 0.936203241 -0.163080096 0.31133309
vn -0.0890400782 -0.477310717 0.874211848
vn 0.788539708 0.316173434 0.527484119
vn -0.126175329 0.0479712151 0.990847349
vn 0.442150325 0.215431944 0.870684862
vn 0.247171193 0.64705795 0.721264422
vn 0.507172227 0.678113818 0.531919122
vn 0.0404833443 0.424134791 0.904693782
vn 0.193021774 0.722442567 0.663942158
vn 0.292737752 0.608397543 0.737670004
vn 0.273416042 0.644304097 0.714223981
vn 0.0565431826 0.569194734 0.820256233
vn 0.0541760847 0.534075677 0.843699157
vn -0 0.499156922 0.866511643
vn -1.67470105E-07 0.479887575 0.877330005
vn 0.948666632 0.266729563 -0.169961721
vn 0.949331462 0.267122388 -0.165575922
vn 0.950925469 0.26562959 -0.158687279
vn 0.953049898 0.262022793 -0.151789039
vn 0.942594469 0.300114155 -0.146448329
vn 0.907944322 0.394965917 -0.140139535
vn 0.86400193 0.485148221 -0.134654522
vn 0.6719383 0.666425824 -0.323071867
vn 0.756005526 0.643957496 -0.117364265
vn 0.445305496 0.7899279 -0.421564877
vn 0.552662134 0.787646532 -0.272355586
vn 0.620140851 0.778488398 -0.0968567804
vn 0.290387958 0.836838484 -0.464086384
vn 0.398154944 0.837678432 -0.373854876
vn 0.482038081 0.843028009 -0.238627419
vn 0.524602175 0.847555578 -0.080263406
vn 0.239258543 0.88634789 -0.396412402
vn 0.344674885 0.883536041 -0.317117035
vn 0.401998788 0.897421539 -0.181745812
vn 0.41277644 0.909091294 -0.0562906452
vn 0.187005624 0.928947628 -0.319507748
vn 0.260648638 0.936938107 -0.232828781
vn 0.308784902 0.949775755 -0.0507731698
vn 0.291716009 0.947346747 -0.132044956
vn 0.0683564246 0.971651137 -0.226321444
vn 0.162240267 0.966376781 -0.199484393
vn 0.207477316 0.976679564 -0.0552285016
vn 0.189891294 0.975044429 -0.115019992
vn 0.0782764852 0.989595234 -0.120723039
vn 0.0834709108 0.994349658 -0.0655850694
vn 0.0601712912 0.460131973 0.885809243
vn 0.0777361095 0.460380256 0.884311676
vn 0.165607572 0.177869901 0.970018744
vn 0.0972210541 0.258458257 0.961117744
vn 0.0179133955 0.502481401 0.864402413
vn 0.225244433 -0.00497231772 0.974289596
vn 0.0645620152 0.439700752 0.895820856
vn 0.0966092721 0.444943905 0.890332282
vn 0.131209046 0.490761966 0.86135757
vn 0.145926252 0.505609334 0.850332141
vn 0.178759307 0.465589225 0.86675936
vn 0.221253186 0.425236344 0.877622366
vn 0.34360978 0.254027039 0.90410322
vn 0.386934996 0.179572418 0.90445292
vn 0.114384316 0.44867909 0.886342645
vn 0.176969916 0.490860552 0.853075385
vn 0.249337092 0.482989103 0.839376271
vn 0.30108586 0.409146786 0.861362994
vn 0.344556898 0.448808461 0.824531078
vn 0.235874519 0.397534281 0.886752367
vn 0.48528403 0.159666762 0.859654546
vn 0.167102024 0.317563772 0.933397114
vn 0.296255887 0.345800906 0.890311241
vn -0.00378938299 0.226629585 0.973973632
vn 0.252328455 0.281760961 0.925711155
vn 0.21680516 0.215482146 0.95213598
vn -0.0734740496 0.1532989 0.985444546
vn 0.212686911 0.200280711 0.956374347
vn -0.114315435 0.0823910385 0.990022063
vn 0.132663593 0.13915962 0.981343448
vn -0.0287374426 0.0394710563 0.998807371
vn 0.0979306921 0.0660603493 0.992998302
vn 0.0565022491 -0.0285682213 0.997993708
vn 0.0746928379 -0.0712708384 0.994656444
vn 0.117924735 -0.138598233 0.983302772
vn 0.219712049 -0.0103393793 0.975510001
vn 0.45798412 0.25894618 0.850410104
vn 0.421628058 0.225486904 0.878285468
vn 0.339416236 0.216879338 0.915292323
vn 0.47113356 0.219145805 0.854405224
vn 0.278062791 0.208766058 0.937602162
vn 0.227870062 0.219967693 0.948519588
vn 0.228055507 0.218968704 0.94870615
vn 0.18830587 0.224419996 0.956125796
vn 0.185873896 0.223599523 0.956793666
vn 0.0903453305 0.216363907 0.972123623
vn 0.110736087 0.224268302 0.968215525
vn 0.48370707 0.218665734 0.847474396
vn 0.0796989575 0.215367526 0.973275363
vn 0.0722653717 0.215611413 0.973801553
vn -0 0.208945438 0.977927327
vn 6.42992575E-07 0.204823479 0.978798926
vn 0.128993765 0.228274465 0.965013683
vn 0.122012943 0.227436036 0.966118872
vn 0.566756308 0.233765855 0.79002583
vn 0.116483413 0.216464758 0.969316602
vn 0.123540141 0.231127828 0.965048075
vn 0.209173411 0.223286733 0.952044904
vn 0.222839832 0.226141632 0.948262811
vn 0.327611595 0.235188916 0.915072024
vn 0.544937074 0.20947212 0.811889768
vn 0.130272478 0.224761099 0.965666354
vn -0 0.247118667 0.96898526
vn 0.11494647 0.245491937 0.962559581
vn -0 0.247129962 0.968982339
vn 0.568976581 0.273975968 -0.775372744
vn 0.455993652 0.256201327 -0.852309048
vn 0.324847877 0.251090765 -0.911826372
vn 0.32484746 0.251088619 -0.911827087
vn 0.324844807 0.251088649 -0.911827981
vn 0.331002474 0.241279274 -0.912261844
vn 0.331794143 0.240897566 -0.912075102
vn 0.334609628 0.242392585 -0.910649359
vn 0.335473835 0.247567818 -0.908937573
vn 0.45844382 0.256020159 -0.851048172
vn 0.585115314 0.255710959 -0.769579053
vn 0.585190535 0.255733103 -0.769514501
vn 0.585187733 0.255731285 -0.769517303
vn 0.571152687 0.271274686 -0.774722338
vn 0.568924725 0.270419985 -0.776658058
vn 0.568949878 0.274033546 -0.775371909
vn 1.63855645E-07 0.320245951 0.947334409
vn 0.625910282 -0.0528058782 0.778105319
vn 0.567180872 -0.22006616 0.793647707
vn 0.639125049 0.299468279 0.708405256
vn -0 -0.350877196 0.936421454
vn -0 -0.554110885 0.83244282
vn 1.32563656E-07 0.481133521 0.876647353
vn 0.714122951 0.37581262 0.590587318
vn -0 0.79396534 0.607963026
vn -0 0.261951387 0.965081036
vn 0.094552733 0.262197852 0.960370779
vn 0.108393341 0.226668209 0.967921734
vn -0 0.290380657 0.956911266
vn 0.0903432295 0.293575436 0.951657236
vn 0.159026474 0.261891812 0.951905072
vn -0 0.227340549 0.973815262
vn 0.157355651 0.290185958 0.943944573
vn 0.230419338 0.263511151 0.936733067
vn 0.217601538 0.272193313 0.937315524
vn 0.280231863 0.270532817 0.921022296
vn 0.271084756 0.255706877 0.927969337
vn 0.358376622 0.283131003 0.889608383
vn 0.365676165 0.229658842 0.901963294
vn 0.431248009 0.175559506 0.884988129
vn 0.0873062462 0.319236666 0.943644822
vn -0 0.318576813 0.947897077
vn 0.14067401 0.310930043 0.939964533
vn 0.4163706 0.156093895 0.895695388
vn 0.200912461 0.281974763 0.938149452
vn 0.236383379 0.254139543 0.937835813
vn 0.288975269 0.217701614 0.93225497
vn 0.28807202 0.16718404 0.942901909
vn 0.471915871 0.266926736 -0.840265155
vn 0.468210936 0.266976804 -0.84231931
vn 0.471923351 0.266978115 -0.840244651
vn 0.467962861 0.258213431 -0.845184386
vn 0.468401909 0.260951877 -0.844099402
vn 0.468616933 0.26360026 -0.843156636
vn 0.468445987 0.26552999 -0.842645943
vn 0.468048453 0.267069548 -0.842380285
vn 0.467474759 0.268400848 -0.842275679
vn 0.466703504 0.269633919 -0.842309535
vn 0.465650976 0.270837754 -0.842505813
vn 0.466316074 0.270677775 -0.842189312
vn 0.471679479 0.267190784 -0.840313971
vn 0.471750021 0.267170936 -0.840280652
vn 0.472095013 0.267096341 -0.8401106
vn 0.472373873 0.26710102 -0.83995235
vn 0.134346262 0.949719965 -0.282812804
vn 0.135370448 0.949737966 -0.282263458
vn 0.385296285 0.902958393 -0.190296859
vn 0.373145282 0.907381594 -0.193445653
vn 0.660856247 0.737930894 -0.136846468
vn 0.653800547 0.74405843 -0.137556762
vn 0.863792062 0.484969884 -0.136629164
vn 0.861681998 0.488807678 -0.136276439
vn 0.965834141 0.181868985 -0.18462947
vn 0.965969503 0.180940107 -0.184833899
vn 0.953386307 -0.129396603 -0.272600561
vn 0.95201695 -0.135155424 -0.274584681
vn 0.826793253 -0.404206276 -0.391190708
vn 0.820758522 -0.412271768 -0.395458519
vn 0.602219105 -0.599261165 -0.527463973
vn 0.590732217 -0.605424702 -0.533382058
vn 0.369027972 -0.66745013 -0.646783292
vn 0.367881089 -0.667476058 -0.647409558
vn 0.139289588 -0.609471202 -0.780476272
vn 0.149169058 -0.614373744 -0.774786174
vn 0.367881089 -0.667476058 -0.647409558
vn 0.369027972 -0.66745013 -0.646783292
vn -0.103207514 -0.425325781 -0.899136364
vn -0.0968644917 -0.432193756 -0.896563351
vn -0.282378435 -0.156659916 -0.946424842
vn -0.279994905 -0.161803484 -0.946267664
vn -0.375101089 0.15523611 -0.913893282
vn -0.374999255 0.154514611 -0.914057374
vn -0.370247632 0.463452071 -0.805064499
vn -0.36953944 0.467233151 -0.803202212
vn -0.267366201 0.721822977 -0.63834697
vn -0.263659239 0.727314413 -0.633638263
vn -0.0774118081 0.894640803 -0.440028697
vn -0.0699369907 0.898579419 -0.43320182
vn 0.0808936507 -0.0217737276 0.996484876
vn 0.96404773 -0.259447843 0.0574352778
vn 0.963451028 -0.263254285 0.0495914519
vn 0.0918393061 -0.107288986 0.989977062
vn 0.946233988 -0.319311202 0.0517840274
vn -0.0889837593 -0.761739075 0.641744018
vn 0.778346717 -0.627572834 0.0181292556
vn -0.139624938 -0.989043236 0.0479416922
vn 0.778333664 -0.627588987 -0.0181324426
vn -0.139633417 -0.989041686 -0.0479482524
vn -0.0810678378 0.0218206439 0.996469676
vn -0.133220285 -0.0466117933 0.989989758
vn -0.377406985 -0.924805701 0.0479416475
vn -0.377398938 -0.924808681 -0.0479481928
vn -0.306698859 -0.702922523 0.641744256
vn 0.96404779 -0.259447873 -0.0574344099
vn 0.0808924884 -0.0217734873 -0.996484935
vn 0.0917842984 -0.107432306 -0.989966631
vn 0.963448346 -0.263262242 -0.0496013686
vn -0.0889665484 -0.761740983 -0.641744256
vn 0.946247578 -0.319275677 -0.0517549403
vn -0.139633417 -0.989041686 -0.0479482524
vn 0.778333664 -0.627588987 -0.0181324426
vn -0.133244962 -0.0467629321 -0.989979267
vn -0.0810666904 0.0218203943 -0.996469796
vn -0.306715548 -0.702915311 -0.641744256
vn -0.377398938 -0.924808681 -0.0479481928
vn -0.964047492 0.259447992 0.0574385747
vn -0.0810678378 0.0218206439 0.996469676
vn -0.133220285 -0.0466117933 0.989989758
vn -0.965403855 0.255988598 0.0496508665
vn -0.306698859 -0.702922523 0.641744256
vn -0.978302121 0.200607628 0.0517835096
vn -0.377406985 -0.924805701 0.0479416475
vn -0.988479555 -0.150264964 0.018128939
vn -0.377398938 -0.924808681 -0.0479481928
vn -0.988476336 -0.150285572 -0.018132085
vn -0.306715548 -0.702915311 -0.641744256
vn -0.978295922 0.200645238 -0.0517545417
vn -0.133244962 -0.0467629321 -0.989979267
vn -0.965405524 0.255980343 -0.0496611409
vn -0.0810666904 0.0218203943 -0.996469796
vn -0.964047492 0.259448051 -0.0574379712
vn 0.946233988 -0.319311202 0.0517840274
vn 0.946247578 -0.319275677 -0.0517549403
vn 0.778333664 -0.627588987 -0.0181324426
vn 0.778346717 -0.627572834 0.0181292556
vn 0.963448346 -0.263262242 -0.0496013686
vn 0.963451028 -0.263254285 0.0495914519
vn 0.96404773 -0.259447843 0.0574352778
vn 0.96404779 -0.259447873 -0.0574344099
vn -0.889924049 -0.354732454 0.286705673
vn -0.877244949 -0.304536641 0.371077925
vn -0.866925776 0.469280154 -0.167975515
vn -0.860848546 0.492018908 -0.129835203
vn 0.106976911 0.807586372 -0.579965711
vn 0.127409652 0.885057032 -0.447706103
vn 0.908103526 0.248112515 -0.337325007
vn 0.919654429 0.293767065 -0.260646492
vn 0.131307885 0.942728758 -0.306628048
vn 0.927874625 0.326006055 -0.181021392
vn -0.113497689 0.347232014 -0.930885732
vn 0.913322687 -0.113960169 -0.390966505
vn -0.943411887 0.296577603 -0.148376808
vn -0.855055809 0.511166036 -0.0871140435
vn -0.899265528 -0.425726026 0.100393422
vn -0.906848371 -0.373852134 0.194578007
vn -0.890161395 -0.455645293 0
vn -0.966685891 0.255965501 0
vn -0.89926517 -0.425726682 -0.100393549
vn -0.943414748 0.296574622 0.148364678
vn -0.906847954 -0.373852938 -0.19457835
vn -0.855056107 0.5111655 0.0871139616
vn -0.889923275 -0.354733437 -0.286706746
vn -0.860848546 0.492018878 0.129835248
vn 0.131306544 0.942729652 0.306625783
vn 0.127406478 0.885057271 0.44770667
vn 0.927873552 0.326009154 0.181021467
vn 0.919653893 0.293767631 0.260647982
vn 0.913333416 -0.113969319 0.390938729
vn -0.113506198 0.347230136 0.930885375
vn 0.106975153 0.807586849 0.579965353
vn 0.908103108 0.248112291 0.337326318
vn 0.0815629289 0.711231232 0.698210299
vn 0.893767059 0.191448316 0.405620426
vn -0.874461949 0.441080868 0.201901078
vn -0.866926253 0.469279468 0.167975008
vn -0.861506522 -0.242221355 -0.446245909
vn -0.877243817 -0.304537088 -0.371080041
vn 0.0517859682 0.59832412 0.799578965
vn 0.877010703 0.125220612 0.463866353
vn 0.018364422 0.471595347 0.881623805
vn 0.85825783 0.0511011928 0.510668218
vn -0.893099546 0.371337295 0.253932595
vn -0.883261204 0.408152848 0.230783194
vn -0.82251358 -0.0878284201 -0.561923146
vn -0.843108654 -0.169371843 -0.510373354
vn -0.0178972967 0.334107578 0.942364991
vn 0.837975502 -0.0290476531 0.544934213
vn -0.03628188 0.262303323 0.964303136
vn 0.824263871 -0.0686487779 0.562028885
vn -0.907883644 0.311459392 0.280607104
vn -0.903725624 0.331569344 0.270816803
vn -0.790205836 0.0472601131 -0.611016452
vn -0.800234437 0.000377047574 -0.599687219
vn -0.86150831 -0.242221087 0.446242511
vn -0.843107939 -0.169375464 0.510373414
vn -0.883262396 0.408150464 -0.230783015
vn -0.874461889 0.441080987 -0.201900959
vn 0.0517843291 0.598324895 -0.799578488
vn 0.0815620273 0.711231828 -0.698209822
vn 0.877010763 0.125220656 -0.463866323
vn 0.893768072 0.191446647 -0.405618995
vn 0.858256876 0.0511043333 -0.510669649
vn 0.0183625147 0.471594602 -0.881624281
vn 0.837975383 -0.0290448479 -0.544934511
vn -0.0178983286 0.334106416 -0.942365408
vn -0.893099487 0.37133643 -0.253934145
vn -0.903726459 0.331568629 -0.270814985
vn -0.822513521 -0.0878289416 0.561923087
vn -0.800234199 0.000376310403 0.599687517
vn 0.82426089 -0.0686442778 -0.562033713
vn -0.0362825282 0.262302428 -0.964303374
vn -0.907883584 0.311458409 -0.280608386
vn -0.790209651 0.0472598113 0.611011684
vn -0.0668269768 0.44726792 0.891900003
vn 0.0161011014 0.99987036 0
vn 0.999839544 0.0179131534 -2.0219214E-07
vn 0.846942127 0.0197136551 0.531319499
vn -0.878757834 0.357422203 0.316281408
vn -0.92576015 0.378111333 0
vn 0.846906245 0.0196787249 -0.531378031
vn -0.0668257549 0.447155178 -0.891956568
vn -0.878751397 0.357398123 -0.316326797
vn 0.913333416 -0.113969319 0.390938729
vn -0.113506198 0.347230136 0.930885375
vn -0.943414748 0.296574622 0.148364678
vn -0.113497689 0.347232014 -0.930885732
vn 0.913322687 -0.113960169 -0.390966505
vn -0.943411887 0.296577603 -0.148376808
vn 0.967341125 -0.253477931 -2.70785165E-07
vn 0.913333416 -0.113969319 0.390938729
vn 0.846942127 0.0197136551 0.531319499
vn 0.999839544 0.0179131534 -2.0219214E-07
vn 0.913322687 -0.113960169 -0.390966505
vn 0.846906245 0.0196787249 -0.531378031
vn 0.628374815 -0.777910769 -3.45114188E-07
vn 0.623143852 -0.776547313 -0.0930909812
vn 0.927873552 0.326009154 0.181021467
vn 0.631568491 -0.752484024 -0.18678607
vn 0.919653893 0.293767631 0.260647982
vn 0.640663981 -0.719209671 -0.268862724
vn 0.623145401 -0.77654618 0.0930906385
vn 0.631568968 -0.752483666 0.186785996
vn 0.927874625 0.326006055 -0.181021392
vn 0.908103108 0.248112291 0.337326318
vn 0.653379083 -0.672322392 -0.347963244
vn 0.893767059 0.191448316 0.405620426
vn 0.669163883 -0.614124596 -0.418414503
vn 0.640663803 -0.71920985 0.268862575
vn 0.919654429 0.293767065 -0.260646492
vn 0.653378487 -0.672323406 0.34796229
vn 0.908103526 0.248112515 -0.337325007
vn 0.669164896 -0.614126027 0.418410867
vn 0.893768072 0.191446647 -0.405618995
vn 0.687611222 -0.546102941 0.478500187
vn 0.877010763 0.125220656 -0.463866323
vn 0.708258152 -0.469972104 0.526779473
vn 0.858256876 0.0511043333 -0.510669649
vn 0.730585515 -0.387640804 0.562120438
vn 0.837975383 -0.0290448479 -0.544934511
vn 0.743900955 -0.344670713 0.572549939
vn 0.82426089 -0.0686442778 -0.562033713
vn 0.877010703 0.125220612 0.463866353
vn 0.687612057 -0.54610163 -0.478500426
vn 0.85825783 0.0511011928 0.510668218
vn 0.708258092 -0.469973236 -0.526778579
vn 0.837975502 -0.0290476531 0.544934213
vn 0.730584741 -0.387642145 -0.562120616
vn 0.824263871 -0.0686487779 0.562028885
vn 0.743897498 -0.344672501 -0.572553456
vn -0.92576015 0.378111333 0
vn -0.878757834 0.357422203 0.316281408
vn -0.878751397 0.357398123 -0.316326797
vn -0.877244949 -0.304536641 0.371077925
vn -0.889924049 -0.354732454 0.286705673
vn 0.640663803 -0.71920985 0.268862575
vn 0.653378487 -0.672323406 0.34796229
vn 0.631568968 -0.752483666 0.186785996
vn -0.906848371 -0.373852134 0.194578007
vn 0.623145401 -0.77654618 0.0930906385
vn -0.899265528 -0.425726026 0.100393422
vn 0.628374815 -0.777910769 -3.45114188E-07
vn -0.890161395 -0.455645293 0
vn 0.623143852 -0.776547313 -0.0930909812
vn -0.89926517 -0.425726682 -0.100393549
vn 0.631568491 -0.752484024 -0.18678607
vn -0.906847954 -0.373852938 -0.19457835
vn 0.640663981 -0.719209671 -0.268862724
vn -0.889923275 -0.354733437 -0.286706746
vn 0.653379083 -0.672322392 -0.347963244
vn -0.877243817 -0.304537088 -0.371080041
vn 0.669163883 -0.614124596 -0.418414503
vn -0.861506522 -0.242221355 -0.446245909
vn 0.687612057 -0.54610163 -0.478500426
vn -0.843108654 -0.169371843 -0.510373354
vn 0.708258092 -0.469973236 -0.526778579
vn -0.82251358 -0.0878284201 -0.561923146
vn 0.730584741 -0.387642145 -0.562120616
vn -0.800234437 0.000377047574 -0.599687219
vn 0.743897498 -0.344672501 -0.572553456
vn -0.790205836 0.0472601131 -0.611016452
vn -0.843107939 -0.169375464 0.510373414
vn -0.86150831 -0.242221087 0.446242511
vn 0.669164896 -0.614126027 0.418410867
vn 0.687611222 -0.546102941 0.478500187
vn -0.822513521 -0.0878289416 0.561923087
vn 0.708258152 -0.469972104 0.526779473
vn -0.800234199 0.000376310403 0.599687517
vn 0.730585515 -0.387640804 0.562120438
vn -0.790209651 0.0472598113 0.611011684
vn 0.743900955 -0.344670713 0.572549939
vn -0.964166403 0.265268534 -0.00396924093
vn -0.964628518 0.263505071 -0.00754611799
vn -0.964628518 0.263505042 -0.0075461152
vn -0.964166403 0.265268534 -0.0039692414
vn -0.965348959 0.260755807 -0.010385857
vn -0.965348959 0.260755748 -0.0103858523
vn -0.966255963 0.257293999 -0.0122121265
vn -0.966255963 0.257293999 -0.0122121256
vn -0.967261553 0.253456414 -0.0128422594
vn -0.967261553 0.253456414 -0.0128422612
vn -0.968267441 0.24961777 -0.0122127533
vn -0.968267441 0.24961777 -0.0122127552
vn -0.969174504 0.246156037 -0.0103891119
vn -0.969174564 0.246155992 -0.0103891091
vn -0.969895303 0.243405268 -0.00754841184
vn -0.969895303 0.243405268 -0.00754840905
vn -0.970357418 0.241641685 -0.00396980532
vn -0.970357418 0.241641715 -0.00396980997
vn -0.970515728 0.241037726 0
vn -0.970515728 0.241037726 0
vn -0.970357478 0.241641536 0.00396988494
vn -0.970357418 0.241641536 0.0039698882
vn -0.969895482 0.243404761 0.0075480612
vn -0.969895422 0.243404776 0.00754806772
vn -0.9691751 0.246153757 0.0103874728
vn -0.9691751 0.246153757 0.01038747
vn -0.968267143 0.249618903 0.0122114541
vn -0.968267143 0.249618933 0.012211455
vn -0.967261493 0.253456712 0.0128422566
vn -0.967261493 0.253456682 0.0128422566
vn -0.966256142 0.257293463 0.0122141037
vn -0.966256142 0.257293433 0.0122141009
vn -0.965347946 0.260759443 0.010389152
vn -0.965347946 0.260759473 0.0103891529
vn -0.964627385 0.263509214 0.00754644768
vn -0.964627385 0.263509214 0.00754645141
vn -0.964166284 0.265269101 0.00396825466
vn -0.964166284 0.265269101 0.00396826025
vn -0.964008093 0.265872896 0
vn -0.964008093 0.265872896 0
vn -0.967173874 0.254115015 -0.000477532682
vn -0.967144608 0.254226863 -0.000251802936
vn -0.967341185 0.253477901 0
vn -0.967219591 0.253940523 -0.000658172648
vn -0.967277229 0.253720641 -0.000773504144
vn -0.967341006 0.253477305 -0.000813269289
vn -0.967404664 0.253234446 -0.00077265501
vn -0.967462301 0.253014296 -0.00065796054
vn -0.967507303 0.252842516 -0.000478877482
vn -0.967536569 0.252730846 -0.00025180279
vn -0.96754688 0.252691597 0
vn -0.967536747 0.25273034 0.000251802761
vn -0.967507243 0.252842724 0.00047859372
vn -0.967462063 0.25301522 0.000657960773
vn -0.967404544 0.253234655 0.000772939529
vn -0.967340946 0.253477454 0.000813269522
vn -0.967277408 0.253719717 0.000773505541
vn -0.96721977 0.253939807 0.000657891389
vn -0.967174172 0.254114091 0.00047675462
vn -0.967144966 0.254225463 0.000251307851
vn -0.967135191 0.254262805 0
vn -0.0292411484 0.00766884303 0.999542952
vn 0.049052041 0.306456268 0.950620055
vn 0.0783402473 0.298917919 0.951057732
vn -8.64010019E-07 -3.69879331E-06 1
vn -0.107535012 -0.291120142 0.950623631
vn -0.078342177 -0.2989254 0.951055288
vn -0.178164706 -0.560661554 0.808650672
vn -0.149014577 -0.568584561 0.809015632
vn -0.234217137 -0.774572492 0.587520123
vn -0.205100358 -0.782587945 0.587783992
vn -0.2702052 -0.911912143 0.308877587
vn -0.241109863 -0.919986606 0.309015751
vn -0.282605827 -0.959236145 0
vn -0.253518045 -0.967330694 0
vn 0.149013057 0.56858027 0.80901891
vn 0.119681038 0.575995624 0.808644235
vn 0.205099329 0.782585919 0.587786973
vn 0.175732285 0.789902747 0.587513328
vn 0.241108939 0.919985831 0.309018731
vn 0.211719349 0.927238703 0.30887416
vn 0.25351721 0.967330873 1.85896704E-06
vn 0.224119693 0.974561632 1.74320451E-06
vn 0.241109207 0.919985831 -0.309018493
vn 0.211719498 0.927238762 -0.308873981
vn 0.205099329 0.782585084 -0.587788105
vn 0.175732791 0.789901674 -0.58751452
vn 0.149012938 0.568580329 -0.80901885
vn 0.11968156 0.575995386 -0.808644295
vn 0.0783399716 0.298917711 -0.951057851
vn 0.049051784 0.30645594 -0.950620174
vn -1.18821265E-06 -4.28650901E-06 -1
vn -0.0292416718 0.00766823953 -0.999542952
vn -0.0783422291 -0.298925459 -0.951055229
vn -0.107535146 -0.291120231 -0.950623572
vn -0.149014443 -0.568584681 -0.809015572
vn -0.178164899 -0.560661614 -0.808650613
vn -0.205100462 -0.782588363 -0.587783337
vn -0.234217376 -0.77457273 -0.587519646
vn -0.241109952 -0.919986665 -0.309015334
vn -0.27020517 -0.911912262 -0.308877319
vn -0.253518045 -0.967330694 0
vn -0.282605827 -0.959236145 0
vn -0.164984703 0.820971251 0.546613395
vn -0.131514624 0.948747694 0.287370384
vn 0.211719349 0.927238703 0.30887416
vn 0.175732285 0.789902747 0.587513328
vn -0.217115328 0.621953249 0.752353013
vn 0.119681038 0.575995624 0.808644235
vn -0.282805324 0.371172518 0.884450197
vn 0.049052041 0.306456268 0.950620055
vn -0.355624527 0.0931767225 0.929972708
vn -0.0292411484 0.00766884303 0.999542952
vn -0.428444296 -0.184823096 0.884463668
vn -0.107535012 -0.291120142 0.950623631
vn -0.494137198 -0.435615659 0.75237453
vn -0.178164706 -0.560661554 0.808650672
vn -0.546272159 -0.634646893 0.546635091
vn -0.234217137 -0.774572492 0.587520123
vn -0.579744697 -0.762434363 0.287384599
vn -0.2702052 -0.911912143 0.308877587
vn -0.591278434 -0.806467533 -1.55717757E-07
vn -0.282605827 -0.959236145 0
vn -0.579744756 -0.762434304 -0.287384719
vn -0.27020517 -0.911912262 -0.308877319
vn -0.546272457 -0.634646237 -0.546635687
vn -0.234217376 -0.77457273 -0.587519646
vn -0.494137228 -0.435614675 -0.752375066
vn -0.178164899 -0.560661614 -0.808650613
vn -0.428444564 -0.184823692 -0.884463429
vn -0.107535146 -0.291120231 -0.950623572
vn -0.355625361 0.0931761786 -0.92997247
vn -0.0292416718 0.00766823953 -0.999542952
vn -0.282806516 0.371171772 -0.884450078
vn 0.049051784 0.30645594 -0.950620174
vn -0.217115343 0.62195307 -0.752353191
vn 0.11968156 0.575995386 -0.808644295
vn -0.164984256 0.820971072 -0.546613812
vn 0.175732791 0.789901674 -0.58751452
vn -0.13151589 0.948747754 -0.28736946
vn 0.211719498 0.927238762 -0.308873981
vn -0.119983383 0.992775917 1.37319444E-06
vn 0.224119693 0.974561632 1.74320451E-06
vn -0.927339971 0.24299562 -0.284593821
vn -0.94963187 0.157923132 -0.270665109
vn -0.969741404 0.0811768323 -0.230243415
vn -0.985700667 0.0202724803 -0.167281896
vn -0.995947182 -0.0188324787 -0.0879463553
vn -0.999477983 -0.0323068276 0
vn -0.995947182 -0.0188334063 0.0879466161
vn -0.985700727 0.0202699229 0.167281881
vn -0.969741404 0.0811767355 0.230243191
vn -0.949631453 0.157923907 0.270665973
vn -0.927339971 0.242995709 0.28459385
vn -0.905048311 0.328067333 0.270664811
vn -0.884938061 0.404812425 0.230242416
vn -0.868978739 0.465717763 0.167280942
vn -0.858731627 0.504822433 0.0879448503
vn -0.855201542 0.518295586 5.46279466E-07
vn -0.858731449 0.50482285 -0.0879440159
vn -0.868977964 0.465719223 -0.167280763
vn -0.884938359 0.404811859 -0.230242237
vn -0.90504843 0.328066826 -0.270664841
vn -0.966122031 0.257726759 -0.0136054698
vn -0.967242241 0.253451824 -0.0143057732
vn -0.968362927 0.249174982 -0.0136044985
vn -0.96937412 0.245315865 -0.0115739061
vn -0.970176101 0.24225536 -0.0084098326
vn -0.970691442 0.240288511 -0.00442216545
vn -0.970868647 0.239612103 0
vn -0.970691383 0.240288779 0.00442224368
vn -0.970176637 0.242253095 0.0084095411
vn -0.969374001 0.245316148 0.0115731768
vn -0.968362689 0.249175847 0.0136042302
vn -0.967242241 0.253451705 0.0143057685
vn -0.966122091 0.25772655 0.0136054447
vn -0.965111017 0.261585236 0.0115740867
vn -0.964308381 0.264647961 0.00840923656
vn -0.963793278 0.26661402 0.00442059943
vn -0.963615775 0.267291337 1.49593347E-07
vn -0.963793576 0.266612917 -0.00442015193
vn -0.964308619 0.264647365 -0.00840834156
vn -0.9651106 0.261586457 -0.0115734935
vn -0.151604429 0.946463883 -0.284995198
vn -0.184809238 0.819743454 -0.54209435
vn -0.184809193 0.819743454 -0.54209435
vn -0.151604429 0.946463764 -0.284995466
vn -0.236525834 0.622374713 -0.74612689
vn -0.236525878 0.622374535 -0.74612689
vn -0.301693708 0.373671889 -0.877126098
vn -0.301693916 0.373671114 -0.877126396
vn -0.37393266 0.0979824662 -0.922265589
vn -0.373932749 0.0979819894 -0.922265649
vn -0.446170568 -0.17770423 -0.877127707
vn -0.446170539 -0.177704081 -0.877127767
vn -0.511339068 -0.426408291 -0.746128857
vn -0.511339188 -0.426408708 -0.746128559
vn -0.563059568 -0.623778045 -0.542093098
vn -0.563059449 -0.623777807 -0.542093396
vn -0.596264243 -0.750497282 -0.284996063
vn -0.596264243 -0.750497162 -0.28499642
vn -0.60770452 -0.794163287 0
vn -0.60770458 -0.794163227 -1.82863872E-07
vn -0.596263945 -0.75049746 0.284996331
vn -0.596263885 -0.750497282 0.284996808
vn -0.563057899 -0.623779893 0.542092621
vn -0.56305778 -0.623779595 0.542093217
vn -0.511340559 -0.426409334 0.746127248
vn -0.511340678 -0.426409632 0.746127009
vn -0.446172118 -0.17770429 0.877126873
vn -0.446172148 -0.1777042 0.877126932
vn -0.373932868 0.0979841202 0.922265291
vn -0.373932958 0.0979837701 0.922265291
vn -0.301692992 0.373674303 0.877125382
vn -0.301693171 0.373673648 0.877125561
vn -0.236520782 0.622377574 0.746126056
vn -0.236520529 0.622378469 0.7461254
vn -0.184802234 0.8197456 0.542093396
vn -0.18480216 0.819745839 0.542093098
vn -0.151601747 0.946463943 0.28499648
vn -0.151601717 0.946463943 0.28499639
vn -0.140162364 0.990128517 0
vn -0.140162349 0.990128517 0
vn -0.502361298 -0.661177576 0.557205021
vn -0.536492288 -0.791430652 0.292939454
vn -0.536492288 -0.791430593 0.292939603
vn -0.502361238 -0.661177397 0.557205141
vn -0.449203074 -0.458307207 0.766923189
vn -0.449203163 -0.458307832 0.766922712
vn -0.38221705 -0.20267427 0.901572645
vn -0.38221699 -0.202673823 0.901572824
vn -0.307961851 0.0806997642 0.947969973
vn -0.307961822 0.0806995556 0.947969973
vn -0.23370941 0.364068389 0.901573122
vn -0.233709633 0.364067614 0.90157336
vn -0.166723102 0.619701624 0.76692462
vn -0.166723162 0.619701385 0.766924798
vn -0.113562204 0.822572291 0.557205915
vn -0.113562174 0.82257247 0.557205737
vn -0.0794318765 0.95282501 0.292942017
vn -0.0794318691 0.952825069 0.292941928
vn -0.0676708594 0.997707725 1.25675584E-07
vn -0.0676708743 0.997707725 0
vn -0.0794307292 0.952825963 -0.292939335
vn -0.0794307217 0.952825963 -0.292939216
vn -0.113561526 0.822575212 -0.557201684
vn -0.113561518 0.822575331 -0.557201564
vn -0.166724101 0.619706333 -0.766920507
vn -0.166724116 0.619706392 -0.766920507
vn -0.233711556 0.364072502 -0.901570916
vn -0.233711779 0.364071816 -0.901571155
vn -0.307963938 0.0806982964 -0.947969437
vn -0.307963997 0.0806980282 -0.947969437
vn -0.382217944 -0.202673227 -0.901572526
vn -0.382217854 -0.202672839 -0.901572645
vn -0.449204862 -0.458307505 -0.766921937
vn -0.449204773 -0.458307207 -0.766922116
vn -0.502363443 -0.661178112 -0.55720228
vn -0.502363384 -0.661177576 -0.557203054
vn -0.536493182 -0.791429996 -0.292939633
vn -0.536493182 -0.791429937 -0.292939842
vn -0.548252881 -0.836312592 1.34653604E-07
vn -0.548252821 -0.836312652 1.17949035E-07
vn -0.710999966 0.703192115 0
vn -0.264151275 0.964481235 0
vn -0.264151275 0.964481235 0
vn -0.710999966 0.703192115 0
vn 0.253478438 0.967341065 0
vn 0.253478438 0.967341065 0
vn 0.703189969 0.711002052 0
vn 0.703189969 0.711002052 0
vn 0.964479983 0.264155865 0
vn 0.964479983 0.264155865 0
vn 0.967341304 -0.253477305 0
vn 0.967341304 -0.253477305 0
vn 0.711002171 -0.70318979 0
vn 0.711002171 -0.70318979 0
vn 0.264161915 -0.964478374 0
vn 0.264161915 -0.964478374 0
vn -0.253480166 -0.967340529 0
vn -0.253480166 -0.967340529 0
vn -0.967341542 0.25347656 0
vn -0.967341542 0.25347656 0
vn -0.96448046 -0.264154017 0
vn -0.96448046 -0.264154017 0
vn -0.703192234 -0.710999787 0
vn -0.703192234 -0.710999787 0
vn -0.253480166 -0.967340529 0
vn -0.253480166 -0.967340529 0
vn 4.30138243E-07 0 1
vn 3.02444136E-07 0 1
vn 1.02214742E-07 0 1
vn -1.27697106E-07 0 1
vn -0 0 1
vn -0 0 1
vn -0 0 1
vn -4.30137504E-07 0 1
vn -3.34361147E-07 0 1
vn 3.10836072E-07 0 1
vn 2.15067317E-07 0 1
vn 4.30131593E-07 0 1
vn 4.30135429E-07 0 1
vn -8.65931156E-07 0 1
vn -9.74182171E-07 0 1
vn -9.74193085E-07 0 1
vn -8.65958839E-07 0 1
vn -1.08243604E-07 0 1
vn -1.08244052E-07 0 1
vn -0 0 1
vn -0 0 1
vn -1.73198418E-06 0 1
vn -1.73195269E-06 0 1
vn -1.7319793E-06 0 1
vn -1.73195713E-06 0 1
vn -0 0 1
vn -0 0 1
vn -2.57084025E-07 0 1
vn -2.57094058E-07 0 1
vn -2.57077687E-07 0 1
vn -2.57090704E-07 0 1
vn 1.73190881E-06 0 1
vn 1.73191836E-06 0 1
vn 1.73207275E-06 0 1
vn 1.73190881E-06 0 1
vn -0 0 1
vn -0 0 1
vn -2.57090704E-07 0 1
vn -2.57077687E-07 0 1
vn 0.711000741 -0.703191221 0
vn 0.264147937 -0.964482129 0
vn 0.264147937 -0.964482129 0
vn 0.711000741 -0.703191221 0
vn -0.253479391 -0.967340767 0
vn -0.253479391 -0.967340767 0
vn -0.70318687 -0.711005032 0
vn -0.70318687 -0.711005032 0
vn -0.964479625 -0.264157116 0
vn -0.964479625 -0.264157116 0
vn -0.967341125 0.25347808 0
vn -0.967341125 0.25347808 0
vn -0.711006045 0.703185916 0
vn -0.711006045 0.703185916 0
vn -0.264155537 0.964480102 0
vn -0.264155537 0.964480102 0
vn 0.25347805 0.967341125 0
vn 0.25347805 0.967341125 0
vn 0.967341244 -0.253477693 0
vn 0.967341244 -0.253477693 0
vn 0.964481533 0.264150411 0
vn 0.964481533 0.264150411 0
vn 0.703188539 0.711003482 0
vn 0.703188539 0.711003482 0
vn 0.25347805 0.967341125 0
vn 0.25347805 0.967341125 0
vn -0.632005155 0.752676487 -0.184520051
vn -0.653504312 0.670631051 -0.350978762
vn 0.205067962 0.782595694 -0.587785006
vn 0.241072014 0.919996321 -0.309016198
vn 0.148990199 0.568588912 -0.809017003
vn -0.686989129 0.542843223 -0.483080834
vn 0.0783284679 0.298924744 -0.9510566
vn -0.729182184 0.381822199 -0.567895353
vn -0 -3.11119834E-07 -1
vn -0.775954723 0.203326792 -0.597120225
vn -0.0783287138 -0.298924685 -0.95105654
vn -0.822725713 0.0248329602 -0.567895949
vn -0.148990571 -0.568589091 -0.809016824
vn -0.864919782 -0.136186406 -0.483080775
vn -0.205067888 -0.782595515 -0.587785184
vn -0.898404777 -0.263974547 -0.35097903
vn -0.24107188 -0.919996142 -0.309016913
vn -0.919903278 -0.346020311 -0.184520423
vn -0.253477991 -0.967341125 0
vn -0.927311122 -0.37429136 0
vn -0.927311122 -0.37429136 0
vn -0.919903278 -0.34602046 0.184520498
vn -0.24107188 -0.919996142 0.309016973
vn -0.253477991 -0.967341125 0
vn -0.205067962 -0.782594919 0.587785959
vn -0.898404598 -0.263974607 0.350979477
vn -0.148990661 -0.568588614 0.809017122
vn -0.864919722 -0.136186242 0.483080894
vn -0.0783289894 -0.298924655 0.95105654
vn -0.822725654 0.0248330515 0.567895949
vn -0 1.14382225E-07 1
vn -0.775954306 0.203327015 0.597120523
vn 0.0783289373 0.298925072 0.95105648
vn -0.729181647 0.381822228 0.567895949
vn 0.148990616 0.568589032 0.809016883
vn -0.686988831 0.542843759 0.483080745
vn 0.205068216 0.782595575 0.587785006
vn -0.653503716 0.670631647 0.350978792
vn 0.241071999 0.919996142 0.309017003
vn -0.632005394 0.75267607 0.184520707
vn 0.25347811 0.967341065 1.06146751E-06
vn -0.624597132 0.780947149 7.98300562E-07
vn -0.653504312 0.670631051 -0.350978762
vn -0.632005155 0.752676487 -0.184520051
vn -0.967341065 0.25347811 0
vn -0.686989129 0.542843223 -0.483080834
vn -0.729182184 0.381822199 -0.567895353
vn -0.775954723 0.203326792 -0.597120225
vn -0.624597132 0.780947149 7.98300562E-07
vn -0.822725713 0.0248329602 -0.567895949
vn -0.775954723 0.203326792 -0.597120225
vn -0.967341065 0.25347811 0
vn -0.864919782 -0.136186406 -0.483080775
vn -0.898404777 -0.263974547 -0.35097903
vn -0.919903278 -0.346020311 -0.184520423
vn -0.927311122 -0.37429136 0
vn -0.919903278 -0.34602046 0.184520498
vn -0.927311122 -0.37429136 0
vn -0.967341065 0.25347811 0
vn -0.898404598 -0.263974607 0.350979477
vn -0.864919722 -0.136186242 0.483080894
vn -0.822725654 0.0248330515 0.567895949
vn -0.775954306 0.203327015 0.597120523
vn -0.729181647 0.381822228 0.567895949
vn -0.775954306 0.203327015 0.597120523
vn -0.967341065 0.25347811 0
vn -0.686988831 0.542843759 0.483080745
vn -0.653503716 0.670631647 0.350978792
vn -0.632005394 0.75267607 0.184520707
vn -0.624597132 0.780947149 7.98300562E-07
vn -0.719024539 0.677752256 -0.15380381
vn -0.736944497 0.609364808 -0.292553157
vn 0.281559259 0.759888411 -0.585913002
vn 0.317448616 0.89685148 -0.308032095
vn 0.225659743 0.546563208 -0.806440532
vn -0.764855444 0.502848923 -0.40266493
vn 0.15522334 0.277758211 -0.948027432
vn -0.800025165 0.368631452 -0.473360926
vn 0.0771438703 -0.0202146545 -0.996815026
vn -0.839011133 0.219850421 -0.497720927
vn -0.000935412652 -0.318187594 -0.948027313
vn -0.877996802 0.0710700154 -0.473361045
vn -0.0713717267 -0.586992562 -0.806440234
vn -0.913166583 -0.0631464124 -0.402665347
vn -0.127271205 -0.800317466 -0.585913002
vn -0.941077769 -0.169662446 -0.292552859
vn -0.163160488 -0.937280357 -0.308032721
vn -0.958997548 -0.238050237 -0.153804243
vn -0.175527066 -0.984474599 0
vn -0.96517241 -0.261614621 0
vn -0.163160533 -0.937280357 0.308032811
vn -0.958997548 -0.238050357 0.153804243
vn -0.127271369 -0.800317407 0.585913062
vn -0.941077709 -0.169662967 0.292552978
vn -0.071372129 -0.586992085 0.806440532
vn -0.913166523 -0.0631467104 0.402665317
vn -0.000935556367 -0.318187088 0.948027432
vn -0.877996743 0.0710703209 0.473361105
vn 0.0771439001 -0.0202142932 0.996815026
vn -0.839010894 0.219850779 0.497721195
vn 0.155223563 0.277758092 0.948027432
vn -0.800025046 0.368631542 0.473361105
vn 0.225660548 0.546563625 0.806440055
vn -0.764855266 0.50284934 0.402664781
vn 0.281559438 0.75988847 0.585912764
vn -0.736944318 0.609365225 0.292552859
vn 0.317448378 0.896851182 0.308033258
vn -0.719024479 0.677752137 0.153804481
vn 0.329814792 0.944045603 1.83213515E-07
vn -0.712849855 0.701316714 2.53608164E-07
vn 0.709444404 0.294868678 0.640110195
vn 0.653535783 0.0815051198 0.752494454
vn 0.591560483 -0.15500991 0.791219413
vn 0.782301128 0.572908878 -0.244500071
vn 0.75381428 0.464194626 -0.465067089
vn 0.709444463 0.294869423 -0.640109897
vn 0.653535843 0.0815050006 -0.752494395
vn 0.59156096 -0.155010119 -0.791218996
vn 0.529585421 -0.391525745 -0.752493799
vn 0.473676413 -0.604889095 -0.640109241
vn 0.429306418 -0.774214923 -0.465066999
vn 0.400818557 -0.882929265 -0.244500443
vn 0.391002268 -0.920389712 1.00723682E-07
vn 0.400818467 -0.882929265 0.244500428
vn 0.429305881 -0.774215281 0.46506688
vn 0.473675996 -0.604889095 0.640109599
vn 0.529585004 -0.391525358 0.752494276
vn 0.959927499 -0.251535892 0.123567358
vn 0.969606459 -0.214598596 0.117519163
vn 0.967341065 -0.253478199 0
vn 0.950248837 -0.288472474 0.117519155
vn 0.941517055 -0.321795255 0.0999669358
vn 0.934587717 -0.348239124 0.072630927
vn 0.930138946 -0.365216881 0.0381848589
vn 0.928605855 -0.371067584 0
vn 0.930139124 -0.365216613 -0.0381848179
vn 0.934587657 -0.348239332 -0.0726308748
vn 0.941516936 -0.321795613 -0.0999668762
vn 0.950248897 -0.288472295 -0.117519073
vn 0.959927499 -0.251535773 -0.12356735
vn 0.969606459 -0.214598641 -0.117519163
vn 0.978338182 -0.18127571 -0.0999672264
vn 0.98526746 -0.154831991 -0.0726304427
vn 0.989716172 -0.137854248 -0.0381845236
vn 0.978338182 -0.181275666 0.0999675393
vn 0.985267401 -0.154832289 0.0726305172
vn 0.989716113 -0.13785471 0.0381845199
vn 0.991249144 -0.132004425 1.20484799E-07
vn 0.792117059 0.610369146 4.50605512E-07
vn 0.782301128 0.57290864 0.244500741
vn 0.753814042 0.464194715 0.465067387
vn -0.736944497 0.609364808 -0.292553157
vn -0.719024539 0.677752256 -0.15380381
vn -0.967341125 0.25347811 0
vn -0.764855444 0.502848923 -0.40266493
vn -0.800025165 0.368631452 -0.473360926
vn -0.839011133 0.219850421 -0.497720927
vn -0.712849855 0.701316714 2.53608164E-07
vn -0.877996802 0.0710700154 -0.473361045
vn -0.839011133 0.219850421 -0.497720927
vn -0.967341125 0.25347811 0
vn -0.913166583 -0.0631464124 -0.402665347
vn -0.941077769 -0.169662446 -0.292552859
vn -0.958997548 -0.238050237 -0.153804243
vn -0.96517241 -0.261614621 0
vn -0.958997548 -0.238050357 0.153804243
vn -0.96517241 -0.261614621 0
vn -0.967341125 0.25347811 0
vn -0.941077709 -0.169662967 0.292552978
vn -0.913166523 -0.0631467104 0.402665317
vn -0.877996743 0.0710703209 0.473361105
vn -0.839010894 0.219850779 0.497721195
vn -0.800025046 0.368631542 0.473361105
vn -0.839010894 0.219850779 0.497721195
vn -0.967341125 0.25347811 0
vn -0.764855266 0.50284934 0.402664781
vn -0.736944318 0.609365225 0.292552859
vn -0.719024479 0.677752137 0.153804481
vn -0.712849855 0.701316714 2.53608164E-07
vn 0.964479089 0.264159113 0
vn 0.703186452 0.711005509 0
vn 0.703186452 0.711005509 0
vn 0.964479089 0.264159113 0
vn 0.253476292 0.967341602 0
vn 0.253476292 0.967341602 0
vn -0.264153063 0.964480758 0
vn -0.264153063 0.964480758 0
vn -0.711002111 0.703189909 0
vn -0.711002111 0.703189909 0
vn -0.967341542 0.25347653 0
vn -0.967341542 0.25347653 0
vn -0.964480877 -0.264152646 0
vn -0.964480877 -0.264152646 0
vn -0.703196049 -0.710996032 0
vn -0.703196049 -0.710996032 0
vn -0.253478497 -0.967341065 0
vn -0.253478497 -0.967341065 0
vn 0.967341363 -0.253477246 0
vn 0.967341363 -0.253477246 0
vn 0.710999727 -0.703192294 0
vn 0.710999727 -0.703192294 0
vn 0.264157325 -0.964479566 0
vn 0.264157325 -0.964479566 0
vn -0.253478497 -0.967341065 0
vn -0.253478497 -0.967341065 0
vn -8.602766E-07 0 -1
vn -8.60292175E-07 0 -1
vn -0 0 -1
vn 1.51892414E-06 0 -1
vn 6.58640772E-07 0 -1
vn -8.60276771E-07 0 -1
vn -0 0 -1
vn -0 0 -1
vn 8.6028507E-07 0 -1
vn 1.81463605E-07 0 -1
vn -6.78803247E-07 0 -1
vn -0 0 -1
vn -0 0 -1
vn -3.4637917E-06 0 -1
vn -3.46375532E-06 0 -1
vn -3.46389606E-06 0 -1
vn -3.46387787E-06 0 -1
vn 3.51782973E-07 0 -1
vn 3.51783228E-07 0 -1
vn 3.51798235E-07 0 -1
vn 3.51793631E-07 0 -1
vn -0 0 -1
vn -0 0 -1
vn -0 0 -1
vn -0 0 -1
vn -0 0 -1
vn -0 0 -1
vn 3.46402658E-06 0 -1
vn 3.46394404E-06 0 -1
vn 3.70742487E-06 0 -1
vn 3.70734983E-06 0 -1
vn -3.46379829E-06 0 -1
vn -3.46380057E-06 0 -1
vn -3.46403453E-06 0 -1
vn -3.4638631E-06 0 -1
vn 2.43555149E-07 0 -1
vn 2.435537E-07 0 -1
vn 3.70734983E-06 0 -1
vn 3.70742487E-06 0 -1
vn -0.96448034 -0.264154673 0
vn -0.703184545 -0.711007416 0
vn -0.703184545 -0.711007416 0
vn -0.96448034 -0.264154673 0
vn -0.253477514 -0.967341244 0
vn -0.253477514 -0.967341244 0
vn 0.264144033 -0.964483261 0
vn 0.264144033 -0.964483261 0
vn 0.710998833 -0.703193188 0
vn 0.710998833 -0.703193188 0
vn 0.967341959 -0.253474921 0
vn 0.967341959 -0.253474921 0
vn 0.964480698 0.264153361 0
vn 0.964480698 0.264153361 0
vn 0.703190863 0.711001158 0
vn 0.703190863 0.711001158 0
vn 0.253477007 0.967341423 0
vn 0.253477007 0.967341423 0
vn -0.967341721 0.253475666 0
vn -0.967341721 0.253475666 0
vn -0.711004198 0.703187764 0
vn -0.711004198 0.703187764 0
vn -0.26415208 0.964480996 0
vn -0.26415208 0.964480996 0
vn 0.253477007 0.967341423 0
vn 0.253477007 0.967341423 0
vn 0.712790728 -0.199987337 0.672260702
vn -0.719269335 0.175264776 0.672260225
vn -0.716145515 0.187656865 0.67225033
vn 0.71614635 -0.187656716 0.672249556
vn -0.716145575 0.187656835 -0.672250211
vn -0.719269454 0.175264716 -0.672260165
vn 0.71614635 -0.187656716 -0.672249556
vn 0.712790608 -0.199987382 -0.672260761
vn 0.712790608 -0.199987382 -0.672260761
vn 0.71614635 -0.187656716 -0.672249556
vn 0.56105274 -0.550408721 -0.618279934
vn -0.758875728 -0.204542398 -0.618279934
vn -0.561049163 0.550419688 -0.618273318
vn 0.758877337 0.204531729 -0.618281424
vn -0.561049759 0.550418615 0.618273795
vn -0.758875549 -0.204541177 0.61828053
vn 0.758877456 0.204530448 0.618281782
vn 0.561053634 -0.550407469 0.618280232
vn 0.758877337 0.204531729 -0.618281424
vn 0.56105274 -0.550408721 -0.618279934
vn 0.726789594 -0.143134743 -0.671780705
vn 0.758877456 0.204530448 0.618281782
vn 0.726789653 -0.143134892 0.671780586
vn -0.561049759 0.550418615 0.618273795
vn -0.703591645 0.231671348 0.671779096
vn -0.561049163 0.550419688 -0.618273318
vn -0.703591645 0.231671453 -0.671779037
vn 0.758877337 0.204531729 -0.618281424
vn 0.726789594 -0.143134743 -0.671780705
vn 0.712790728 -0.199987337 0.672260702
vn 0.712790608 -0.199987382 -0.672260761
vn 0.561053634 -0.550407469 0.618280232
vn -0.719269335 0.175264776 0.672260225
vn -0.758875549 -0.204541177 0.61828053
vn -0.719269454 0.175264716 -0.672260165
vn -0.758875728 -0.204542398 -0.618279934
vn 0.712790608 -0.199987382 -0.672260761
vn 0.56105274 -0.550408721 -0.618279934
vn 0.0213337112 -0.9719221 0.234333917
vn 0.618937254 -0.440722555 0.650138676
vn 0.618936956 -0.440722913 -0.650138736
vn 0.0213335957 -0.9719221 -0.234333917
vn -0.49522087 -0.836566627 0.234334201
vn -0.755532146 -0.0805658028 0.650138676
vn -0.495220691 -0.836566806 -0.234334201
vn -0.755532146 -0.0805661008 -0.650138617
vn 0.0213335957 -0.9719221 -0.234333917
vn 0.618936956 -0.440722913 -0.650138736
vn 0.726789594 -0.143134743 -0.671780705
vn -0.703591645 0.231671453 -0.671779037
vn 0.726789653 -0.143134892 0.671780586
vn 0.726789594 -0.143134743 -0.671780705
vn -0.703591645 0.231671348 0.671779096
vn 0.0213335957 -0.9719221 -0.234333917
vn -0.495220691 -0.836566806 -0.234334201
vn -0.49522087 -0.836566627 0.234334201
vn 0.0213337112 -0.9719221 0.234333917
vn 0.461199552 -0.723228037 0.51403904
vn -0.155814961 -0.594631851 0.788755119
vn -0.0784037933 -0.299219698 0.950957596
vn 0.63761574 -0.462928087 0.615746498
vn -0.782698333 -0.090769574 0.615746856
vn -0.756608188 -0.404122144 0.514032423
vn 0.864355505 -0.502881169 -2.58228226E-07
vn 0.662313104 -0.749227107 -6.08346056E-07
vn -0.253470868 -0.967343032 -6.04714558E-07
vn -0.999896288 -0.0144022238 0
vn -0.944624424 -0.328153491 0
vn -0.756608129 -0.404122651 -0.514032125
vn -0.782698095 -0.0907696784 -0.615747094
vn -0.155816227 -0.594630241 -0.788756073
vn -0.0784046575 -0.299220264 -0.950957358
vn 0.637614608 -0.462928891 -0.615747154
vn 0.461199433 -0.723226964 -0.514040768
vn 0.864355505 -0.502881169 -2.58228226E-07
vn 0.662313104 -0.749227107 -6.08346056E-07
vn -0.253470868 -0.967343032 -6.04714558E-07
vn -0.253470868 -0.967343032 -6.04714558E-07
vn -0.253470868 -0.967343032 -6.04714558E-07
vn 0.964398444 -0.264453441 0
vn 0.73967731 -0.206482455 -0.640501738
vn 0.967341065 -0.253478438 1.01408247E-07
vn 0.743131459 -0.194727018 -0.640185058
vn -0.00339073734 -0.0129380468 -0.999910533
vn -2.73803323E-07 4.90564275E-07 -1
vn -0.745885611 0.182787299 -0.640502453
vn -0.743130028 0.194727242 -0.640186667
vn -0.967340946 0.253478914 2.02815912E-07
vn -0.970159233 0.242468759 1.89338593E-07
vn -0.745885432 0.182787344 0.640502751
vn -0.74312979 0.194727302 0.640187085
vn -0.00338982698 -0.0129382154 0.999910533
vn 6.54085397E-07 1.21690306E-07 1
vn 0.739677489 -0.20648247 0.640501559
vn 0.743131697 -0.194727257 0.640184879
vn 0.967341065 -0.253478438 1.01408247E-07
vn 0.964398444 -0.264453441 0
vn -0.253470868 -0.967343032 -6.04714558E-07
vn -0.253470868 -0.967343032 -6.04714558E-07
vn -0.253470868 -0.967343032 -6.04714558E-07
vn -0.253470868 -0.967343032 -6.04714558E-07
vn -0.0808935761 -0.0217737239 0.996484876
vn -0.0918392614 -0.10728889 0.989977062
vn -0.963451028 -0.263254344 0.0495914556
vn -0.96404773 -0.259447843 0.0574352853
vn -0.94623369 -0.319312125 0.0517839901
vn 0.0889838561 -0.761739552 0.6417436
vn -0.778347611 -0.627571762 0.0181292612
vn 0.139625028 -0.989043176 0.047941681
vn -0.778334498 -0.627587914 -0.0181324016
vn 0.139633551 -0.989041686 -0.0479482189
vn 0.0810678974 0.0218206495 0.996469676
vn 0.133220404 -0.046611689 0.989989758
vn 0.377406955 -0.92480576 0.04794164
vn 0.377398878 -0.924808681 -0.0479481816
vn 0.306699127 -0.702922702 0.641744018
vn -0.96404773 -0.259447902 -0.057434462
vn -0.963448286 -0.263262331 -0.0496013761
vn -0.0917842612 -0.107432172 -0.989966691
vn -0.0808923692 -0.0217734724 -0.996484995
vn 0.0889663845 -0.761740863 -0.641744435
vn -0.94624728 -0.319276661 -0.0517547056
vn 0.139633551 -0.989041686 -0.0479482189
vn -0.778334498 -0.627587914 -0.0181324016
vn 0.133244947 -0.0467628129 -0.989979267
vn 0.0810667947 0.0218203906 -0.996469796
vn 0.306715161 -0.702915132 -0.641744614
vn 0.377398878 -0.924808681 -0.0479481816
vn 0.964047492 0.259447962 0.057438571
vn 0.965403855 0.255988568 0.0496508814
vn 0.133220404 -0.046611689 0.989989758
vn 0.0810678974 0.0218206495 0.996469676
vn 0.306699127 -0.702922702 0.641744018
vn 0.978302062 0.200607732 0.0517835803
vn 0.377406955 -0.92480576 0.04794164
vn 0.988479555 -0.150264859 0.018128952
vn 0.377398878 -0.924808681 -0.0479481816
vn 0.988476336 -0.150285572 -0.0181321204
vn 0.306715161 -0.702915132 -0.641744614
vn 0.978295922 0.200645283 -0.0517545268
vn 0.133244947 -0.0467628129 -0.989979267
vn 0.965405583 0.255980313 -0.0496610813
vn 0.0810667947 0.0218203906 -0.996469796
vn 0.964047492 0.259447962 -0.0574379042
vn -0.94623369 -0.319312125 0.0517839901
vn -0.778347611 -0.627571762 0.0181292612
vn -0.778334498 -0.627587914 -0.0181324016
vn -0.94624728 -0.319276661 -0.0517547056
vn -0.963448286 -0.263262331 -0.0496013761
vn -0.963451028 -0.263254344 0.0495914556
vn -0.96404773 -0.259447843 0.0574352853
vn -0.96404773 -0.259447902 -0.057434462
vn 0.889924169 -0.354732305 0.286705375
vn 0.860848665 0.492018789 -0.129835129
vn 0.866925597 0.469280511 -0.167975396
vn 0.877244949 -0.304536641 0.371077746
vn -0.106976531 0.807585955 -0.579966307
vn -0.127409786 0.885056913 -0.447706431
vn -0.908103108 0.248112604 -0.337326169
vn -0.91965431 0.293766946 -0.260647267
vn -0.131308079 0.942728937 -0.306627363
vn -0.927874804 0.326005638 -0.18102105
vn 0.113497563 0.347232014 -0.930885732
vn -0.913322747 -0.113960519 -0.390966266
vn 0.943411946 0.296577603 -0.148376584
vn 0.855056226 0.51116538 -0.0871136859
vn 0.899265587 -0.425725847 0.100393414
vn 0.906848311 -0.373852134 0.194578394
vn 0.890161455 -0.455645263 0
vn 0.966685891 0.255965531 0
vn 0.89926523 -0.425726622 -0.100393511
vn 0.943414807 0.296574652 0.148364604
vn 0.906848013 -0.37385273 -0.194578707
vn 0.855055988 0.511165798 0.0871137306
vn 0.889923453 -0.354733437 -0.286706239
vn 0.860848367 0.492019325 0.129835144
vn -0.131306544 0.942729771 0.306625426
vn -0.127406448 0.885057807 0.447705507
vn -0.927873611 0.326008856 0.181021467
vn -0.919654012 0.293767869 0.260647207
vn -0.913333297 -0.113969453 0.390938967
vn 0.113506123 0.347229928 0.930885434
vn -0.106974967 0.807587087 0.579964995
vn -0.908103168 0.248111948 0.337326437
vn -0.0815628842 0.711231411 0.69821018
vn -0.893766999 0.191448182 0.405620784
vn 0.874461949 0.441080868 0.20190078
vn 0.866926134 0.469279885 0.167974755
vn 0.861506581 -0.242221206 -0.446245819
vn 0.877244055 -0.304537237 -0.371079385
vn -0.051786162 0.598323882 0.799579084
vn -0.877010703 0.125220776 0.463866353
vn -0.01836472 0.471595019 0.881623983
vn -0.858257771 0.051100947 0.510668397
vn 0.893099666 0.371336937 0.253932923
vn 0.883261383 0.408152461 0.230783165
vn 0.8225137 -0.0878285319 -0.561922908
vn 0.843108535 -0.169371843 -0.510373592
vn 0.0178969372 0.33410722 0.94236511
vn -0.837975502 -0.0290474091 0.544934213
vn 0.0362815335 0.262302727 0.964303315
vn -0.824264109 -0.0686479807 0.562028587
vn 0.907883286 0.311460435 0.280607134
vn 0.903725386 0.331569731 0.270817101
vn 0.790205717 0.0472612083 -0.611016631
vn 0.800234556 0.000377634366 -0.59968704
vn 0.861508191 -0.24222146 0.446242511
vn 0.874461889 0.441081136 -0.201900661
vn 0.883262455 0.408150405 -0.230782896
vn 0.843107939 -0.169375494 0.510373294
vn -0.0517845526 0.598325014 -0.799578309
vn -0.0815618634 0.711232245 -0.698209405
vn -0.877010763 0.125221163 -0.463866115
vn -0.893767893 0.191447362 -0.405619025
vn -0.858256936 0.0511044115 -0.510669529
vn -0.0183627997 0.471594185 -0.88162446
vn -0.837975502 -0.0290447399 -0.544934332
vn 0.0178978816 0.334106445 -0.942365408
vn 0.893099546 0.371336162 -0.253934234
vn 0.903726757 0.331567913 -0.270814985
vn 0.822513461 -0.0878290981 0.561923146
vn 0.800234318 0.000375802862 0.599687397
vn -0.82426095 -0.0686443001 -0.562033653
vn 0.0362820886 0.262302637 -0.964303315
vn 0.907883942 0.311457515 -0.280608356
vn 0.790210009 0.0472593158 0.611011147
vn 0.0668269619 0.44726786 0.891900063
vn -0.846942127 0.0197136775 0.531319499
vn -0.999839544 0.0179130528 -1.79718995E-07
vn -0.0161012113 0.99987036 0
vn 0.878757834 0.357422203 0.316281497
vn 0.92576009 0.378111362 0
vn -0.846906185 0.0196785312 -0.531378031
vn 0.0668255389 0.447155178 -0.891956627
vn 0.878751576 0.357397944 -0.316326499
vn -0.913333297 -0.113969453 0.390938967
vn 0.113506123 0.347229928 0.930885434
vn 0.943414807 0.296574652 0.148364604
vn 0.113497563 0.347232014 -0.930885732
vn -0.913322747 -0.113960519 -0.390966266
vn 0.943411946 0.296577603 -0.148376584
vn -0.967341125 -0.253477991 -2.5392427E-07
vn -0.999839544 0.0179130528 -1.79718995E-07
vn -0.846942127 0.0197136775 0.531319499
vn -0.913333297 -0.113969453 0.390938967
vn -0.913322747 -0.113960519 -0.390966266
vn -0.846906185 0.0196785312 -0.531378031
vn -0.628374875 -0.77791065 -3.45114216E-07
vn -0.623143792 -0.776547432 -0.0930909514
vn -0.927873611 0.326008856 0.181021467
vn -0.631568193 -0.752484202 -0.186786398
vn -0.919654012 0.293767869 0.260647207
vn -0.640664101 -0.719209552 -0.268862575
vn -0.623145342 -0.77654624 0.0930905938
vn -0.631568849 -0.752483666 0.186786115
vn -0.927874804 0.326005638 -0.18102105
vn -0.908103168 0.248111948 0.337326437
vn -0.653379083 -0.672322571 -0.347962976
vn -0.893766999 0.191448182 0.405620784
vn -0.669163764 -0.614124775 -0.418414414
vn -0.640663862 -0.719210029 0.26886186
vn -0.91965431 0.293766946 -0.260647267
vn -0.653378427 -0.672323763 0.347961605
vn -0.908103108 0.248112604 -0.337326169
vn -0.669164836 -0.614126086 0.418410689
vn -0.893767893 0.191447362 -0.405619025
vn -0.687611341 -0.546102643 0.478500307
vn -0.877010763 0.125221163 -0.463866115
vn -0.708258152 -0.469971716 0.52677983
vn -0.858256936 0.0511044115 -0.510669529
vn -0.730585635 -0.387640655 0.562120438
vn -0.837975502 -0.0290447399 -0.544934332
vn -0.743901134 -0.344670773 0.572549701
vn -0.82426095 -0.0686443001 -0.562033653
vn -0.877010703 0.125220776 0.463866353
vn -0.687611938 -0.546101749 -0.478500426
vn -0.858257771 0.051100947 0.510668397
vn -0.708257854 -0.469973832 -0.5267784
vn -0.837975502 -0.0290474091 0.544934213
vn -0.730584979 -0.387641907 -0.562120378
vn -0.824264109 -0.0686479807 0.562028587
vn -0.743898094 -0.344671249 -0.572553337
vn 0.878757834 0.357422203 0.316281497
vn 0.92576009 0.378111362 0
vn 0.878751576 0.357397944 -0.316326499
vn 0.877244949 -0.304536641 0.371077746
vn -0.653378427 -0.672323763 0.347961605
vn -0.640663862 -0.719210029 0.26886186
vn 0.889924169 -0.354732305 0.286705375
vn -0.631568849 -0.752483666 0.186786115
vn 0.906848311 -0.373852134 0.194578394
vn -0.623145342 -0.77654624 0.0930905938
vn 0.899265587 -0.425725847 0.100393414
vn -0.628374875 -0.77791065 -3.45114216E-07
vn 0.890161455 -0.455645263 0
vn -0.623143792 -0.776547432 -0.0930909514
vn 0.89926523 -0.425726622 -0.100393511
vn -0.631568193 -0.752484202 -0.186786398
vn 0.906848013 -0.37385273 -0.194578707
vn -0.640664101 -0.719209552 -0.268862575
vn 0.889923453 -0.354733437 -0.286706239
vn -0.653379083 -0.672322571 -0.347962976
vn 0.877244055 -0.304537237 -0.371079385
vn -0.669163764 -0.614124775 -0.418414414
vn 0.861506581 -0.242221206 -0.446245819
vn -0.687611938 -0.546101749 -0.478500426
vn 0.843108535 -0.169371843 -0.510373592
vn -0.708257854 -0.469973832 -0.5267784
vn 0.8225137 -0.0878285319 -0.561922908
vn -0.730584979 -0.387641907 -0.562120378
vn 0.800234556 0.000377634366 -0.59968704
vn -0.743898094 -0.344671249 -0.572553337
vn 0.790205717 0.0472612083 -0.611016631
vn 0.843107939 -0.169375494 0.510373294
vn -0.687611341 -0.546102643 0.478500307
vn -0.669164836 -0.614126086 0.418410689
vn 0.861508191 -0.24222146 0.446242511
vn 0.822513461 -0.0878290981 0.561923146
vn -0.708258152 -0.469971716 0.52677983
vn 0.800234318 0.000375802862 0.599687397
vn -0.730585635 -0.387640655 0.562120438
vn 0.790210009 0.0472593158 0.611011147
vn -0.743901134 -0.344670773 0.572549701
vn 0.964166462 0.265268296 -0.00396949193
vn 0.964166462 0.265268356 -0.00396949193
vn 0.964628339 0.263505578 -0.00754661253
vn 0.964628339 0.263505578 -0.00754661439
vn 0.965348899 0.260755867 -0.0103861913
vn 0.965348899 0.260755867 -0.0103861867
vn 0.96625632 0.257292807 -0.0122122169
vn 0.96625632 0.257292837 -0.0122122196
vn 0.967261612 0.253456205 -0.0128423292
vn 0.967261612 0.253456175 -0.0128423274
vn 0.968267322 0.249618143 -0.0122127365
vn 0.968267322 0.249618202 -0.0122127375
vn 0.969174325 0.246156737 -0.0103892786
vn 0.969174325 0.246156767 -0.0103892749
vn 0.96989429 0.243409112 -0.00754841091
vn 0.96989429 0.243409142 -0.00754840812
vn 0.970356762 0.241644353 -0.0039694719
vn 0.970356762 0.241644368 -0.00396947609
vn 0.970516384 0.241035074 3.3058933E-07
vn 0.970516384 0.241035089 3.28755476E-07
vn 0.970358133 0.241638809 0.00396980485
vn 0.970358133 0.241638839 0.00396980857
vn 0.969895959 0.2434026 0.00754806446
vn 0.969895959 0.2434026 0.00754807238
vn 0.969175398 0.246152878 0.0103873936
vn 0.969175398 0.246152878 0.0103873918
vn 0.968267262 0.24961862 0.0122112082
vn 0.968267262 0.24961862 0.0122112082
vn 0.967261493 0.253456682 0.0128422789
vn 0.967261493 0.253456742 0.0128422789
vn 0.966255844 0.257294357 0.0122140376
vn 0.966255844 0.257294357 0.0122140339
vn 0.965347886 0.260759473 0.0103892349
vn 0.965347886 0.260759473 0.0103892349
vn 0.964627445 0.263508916 0.00754694594
vn 0.964627504 0.263508886 0.0075469492
vn 0.964165986 0.265270144 0.00396866677
vn 0.964165986 0.265270144 0.00396867283
vn 0.964007735 0.265874177 0
vn 0.964007735 0.265874177 0
vn 0.967173636 0.254116118 -0.000477461726
vn 0.967341185 0.253477901 0
vn 0.96714443 0.254227459 -0.000251891353
vn 0.967219591 0.253940463 -0.000658031204
vn 0.967277467 0.253719568 -0.000773464562
vn 0.967341244 0.253476322 -0.000813229766
vn 0.967404783 0.25323388 -0.000772796455
vn 0.967462242 0.253014505 -0.000658031087
vn 0.967507243 0.252842784 -0.000478877482
vn 0.967536569 0.252730876 -0.000251891295
vn 0.96754688 0.252691567 0
vn 0.967536867 0.252729744 0.000251891295
vn 0.967507303 0.252842456 0.000478593749
vn 0.967461944 0.253015846 0.000657889992
vn 0.967404664 0.253234446 0.000772979518
vn 0.967340946 0.253477454 0.000813309394
vn 0.967277408 0.253719956 0.000773505424
vn 0.96721971 0.253940046 0.00065774977
vn 0.967173994 0.254114628 0.000476612942
vn 0.967144966 0.254225463 0.000251325546
vn 0.967135191 0.254262805 0
vn 0.0292411502 0.00766885607 0.999542952
vn 8.87965939E-07 -3.76267553E-06 1
vn -0.0783402473 0.29891783 0.951057792
vn -0.0490520298 0.306456238 0.950620055
vn 0.107534967 -0.291119933 0.950623691
vn 0.0783421621 -0.298925251 0.951055348
vn 0.178164855 -0.560661554 0.808650672
vn 0.149014622 -0.568584621 0.809015572
vn 0.234217346 -0.774572492 0.587519884
vn 0.205100477 -0.782588124 0.587783694
vn 0.2702052 -0.911912143 0.308877528
vn 0.241109893 -0.919986665 0.309015542
vn 0.282605886 -0.959236145 0
vn 0.253518015 -0.967330694 0
vn -0.149013042 0.568580151 0.809019029
vn -0.119680978 0.575995445 0.808644354
vn -0.205099419 0.782586217 0.587786496
vn -0.1757323 0.789902866 0.587513089
vn -0.241109028 0.919986069 0.309017777
vn -0.211719438 0.927238941 0.308873594
vn -0.253517181 0.967330873 1.87813157E-06
vn -0.224119678 0.974561632 1.68772738E-06
vn -0.241109267 0.91998601 -0.309018016
vn -0.211719498 0.927238941 -0.308873624
vn -0.205099285 0.782585084 -0.587788165
vn -0.175732732 0.789901853 -0.587514281
vn -0.149013117 0.56858027 -0.80901885
vn -0.119681716 0.575995326 -0.808644354
vn -0.0783402696 0.298917562 -0.951057911
vn -0.0490520522 0.30645594 -0.950620174
vn 1.12592738E-06 -4.35039146E-06 -1
vn 0.0292415489 0.00766818784 -0.999542952
vn 0.0783422217 -0.298925459 -0.951055229
vn 0.107535146 -0.291120201 -0.950623572
vn 0.149014458 -0.568584681 -0.809015572
vn 0.178164899 -0.560661614 -0.808650672
vn 0.205100447 -0.782588482 -0.587783217
vn 0.234217376 -0.77457273 -0.587519586
vn 0.241109923 -0.919986665 -0.309015393
vn 0.2702052 -0.911912262 -0.308877319
vn 0.253518015 -0.967330694 0
vn 0.282605886 -0.959236145 0
vn 0.164984614 0.820971251 0.546613514
vn -0.1757323 0.789902866 0.587513089
vn -0.211719438 0.927238941 0.308873594
vn 0.131514579 0.948747814 0.287370086
vn 0.217115104 0.621952951 0.75235337
vn -0.119680978 0.575995445 0.808644354
vn 0.282804996 0.371172339 0.884450316
vn -0.0490520298 0.306456238 0.950620055
vn 0.355624229 0.0931766778 0.929972887
vn 0.0292411502 0.00766885607 0.999542952
vn 0.428444207 -0.184823424 0.884463608
vn 0.107534967 -0.291119933 0.950623691
vn 0.494137615 -0.435614914 0.752374649
vn 0.178164855 -0.560661554 0.808650672
vn 0.546272814 -0.634646118 0.546635509
vn 0.234217346 -0.774572492 0.587519884
vn 0.579744875 -0.762434244 0.287384689
vn 0.2702052 -0.911912143 0.308877528
vn 0.591278732 -0.806467295 -1.38832732E-07
vn 0.282605886 -0.959236145 0
vn 0.579744935 -0.762434125 -0.287384689
vn 0.2702052 -0.911912262 -0.308877319
vn 0.546272337 -0.634646297 -0.546635628
vn 0.234217376 -0.77457273 -0.587519586
vn 0.494137138 -0.435614556 -0.752375245
vn 0.178164899 -0.560661614 -0.808650672
vn 0.428444535 -0.184823707 -0.884463429
vn 0.107535146 -0.291120201 -0.950623572
vn 0.355625302 0.0931761786 -0.92997247
vn 0.0292415489 0.00766818784 -0.999542952
vn 0.282806486 0.37117213 -0.884449959
vn -0.0490520522 0.30645594 -0.950620174
vn 0.217115298 0.621953666 -0.752352715
vn -0.119681716 0.575995326 -0.808644354
vn 0.16498448 0.820971549 -0.546613038
vn -0.175732732 0.789901853 -0.587514281
vn 0.131516159 0.948747754 -0.2873694
vn -0.211719498 0.927238941 -0.308873624
vn 0.119983308 0.992775917 9.67989422E-07
vn -0.224119678 0.974561632 1.68772738E-06
vn 0.92734009 0.242995247 -0.28459385
vn 0.94963181 0.157922953 -0.270665228
vn 0.969741404 0.0811767131 -0.230243474
vn 0.985700727 0.0202723593 -0.167281806
vn 0.995947182 -0.0188322254 -0.0879462883
vn 0.999477983 -0.0323068686 -1.17637924E-07
vn 0.995947182 -0.0188337583 0.087946333
vn 0.985700727 0.0202709995 0.167281717
vn 0.969741404 0.0811769515 0.230242968
vn 0.949631691 0.157923028 0.270665795
vn 0.927339852 0.242995486 0.284594357
vn 0.905048132 0.328067213 0.270665288
vn 0.884937823 0.404813051 0.230242163
vn 0.86897856 0.465718448 0.167280078
vn 0.858731508 0.504822671 0.0879442394
vn 0.855201423 0.518295705 3.15428622E-07
vn 0.858731449 0.50482291 -0.0879439861
vn 0.868977845 0.465719551 -0.167280659
vn 0.884937942 0.404812753 -0.230242223
vn 0.905048311 0.328067333 -0.270664841
vn 0.966121852 0.257727534 -0.0136055388
vn 0.96724236 0.253451258 -0.0143057387
vn 0.968362987 0.249174759 -0.0136043541
vn 0.96937412 0.245315775 -0.0115739377
vn 0.970176041 0.242255673 -0.00840975903
vn 0.970691264 0.240289047 -0.0044219438
vn 0.970868766 0.239611804 0
vn 0.970691442 0.240288541 0.00442224415
vn 0.970176578 0.242253408 0.00840954017
vn 0.96937418 0.245315626 0.0115731796
vn 0.968362808 0.249175385 0.0136042694
vn 0.967242241 0.253451884 0.0143059064
vn 0.966122091 0.25772655 0.0136054726
vn 0.965110838 0.261585802 0.0115734143
vn 0.964308321 0.264648259 0.00840863865
vn 0.963793278 0.26661402 0.0044205999
vn 0.963615775 0.267291367 1.49172408E-07
vn 0.963793635 0.266612649 -0.00442015193
vn 0.964308679 0.264647067 -0.00840834063
vn 0.965110421 0.261587292 -0.0115734898
vn 0.151604131 0.946464062 -0.284994602
vn 0.15160419 0.946464002 -0.28499493
vn 0.18480888 0.819744051 -0.542093456
vn 0.184808925 0.819744051 -0.542093515
vn 0.236525655 0.622375131 -0.746126533
vn 0.236525685 0.622374952 -0.746126592
vn 0.301694781 0.373672694 -0.877125442
vn 0.301694989 0.37367183 -0.87712568
vn 0.373933852 0.0979830474 -0.922264993
vn 0.373933971 0.0979825556 -0.922264993
vn 0.446170866 -0.177705318 -0.877127349
vn 0.446170866 -0.177705199 -0.877127349
vn 0.511339307 -0.426409394 -0.746128082
vn 0.511339426 -0.4264099 -0.746127725
vn 0.563059747 -0.623777688 -0.542093337
vn 0.563059628 -0.623777509 -0.542093694
vn 0.596265137 -0.750496447 -0.28499648
vn 0.596265137 -0.750496328 -0.284996808
vn 0.607705951 -0.794162095 1.28385594E-07
vn 0.607705951 -0.794162095 0
vn 0.596265137 -0.750496507 0.284996331
vn 0.596265078 -0.750496328 0.284996867
vn 0.563058317 -0.62377882 0.542093337
vn 0.563058257 -0.623778522 0.542093933
vn 0.511339664 -0.426407844 0.746128798
vn 0.511339843 -0.426408112 0.7461285
vn 0.44617185 -0.177703723 0.877127171
vn 0.44617185 -0.177703619 0.877127171
vn 0.373933434 0.0979842097 0.922265053
vn 0.373933494 0.0979838446 0.922265053
vn 0.301692605 0.373673171 0.877125978
vn 0.301692784 0.373672515 0.877126157
vn 0.236520603 0.622377038 0.746126592
vn 0.236520365 0.622377872 0.746125877
vn 0.184802756 0.819745719 0.542093039
vn 0.184802726 0.819745898 0.54209286
vn 0.151602179 0.946463943 0.284996122
vn 0.151602179 0.946464002 0.284996033
vn 0.140162423 0.990128517 0
vn 0.140162423 0.990128517 0
vn 0.502361536 -0.661178231 0.557203889
vn 0.502361536 -0.661178231 0.557204008
vn 0.536493182 -0.791430295 0.292938739
vn 0.536493123 -0.791430414 0.29293859
vn 0.449202657 -0.458308846 0.766922414
vn 0.449202836 -0.458309442 0.766921937
vn 0.382216603 -0.202675134 0.901572645
vn 0.382216424 -0.202674657 0.901572824
vn 0.307961732 0.0807001665 0.947969973
vn 0.307961822 0.0806999728 0.947969973
vn 0.233709186 0.364068806 0.901573062
vn 0.233709365 0.364067972 0.90157336
vn 0.166722476 0.61970216 0.766924322
vn 0.166722536 0.619701862 0.76692456
vn 0.113561936 0.822573125 0.557204783
vn 0.113561898 0.822573185 0.557204723
vn 0.0794316828 0.952825606 0.292940319
vn 0.0794316605 0.952825606 0.29294017
vn 0.0676707774 0.997707725 -3.41118408E-07
vn 0.0676707923 0.997707725 -5.307636E-07
vn 0.0794308558 0.952825963 -0.292939395
vn 0.079430826 0.952825963 -0.292939246
vn 0.11356163 0.822575092 -0.557201982
vn 0.113561608 0.822575212 -0.557201803
vn 0.16672416 0.619706035 -0.766920745
vn 0.166724175 0.619706154 -0.766920686
vn 0.2337116 0.364072233 -0.901570976
vn 0.233711809 0.364071518 -0.901571274
vn 0.307963938 0.0806984827 -0.947969377
vn 0.307963997 0.0806982368 -0.947969377
vn 0.382217914 -0.202673793 -0.901572406
vn 0.382217824 -0.202673405 -0.901572526
vn 0.449204922 -0.458307624 -0.766921878
vn 0.449204832 -0.458307356 -0.766922057
vn 0.502363205 -0.661178231 -0.557202458
vn 0.502363026 -0.661177635 -0.557203293
vn 0.536492586 -0.791430533 -0.292939305
vn 0.536492586 -0.791430414 -0.292939514
vn 0.548253238 -0.836312413 1.34653504E-07
vn 0.548253238 -0.836312354 1.34798796E-07
vn 0.710999966 0.703192115 0
vn 0.710999966 0.703192115 0
vn 0.264151275 0.964481235 0
vn 0.264151275 0.964481235 0
vn -0.253478438 0.967341065 0
vn -0.253478438 0.967341065 0
vn -0.703189969 0.711002052 0
vn -0.703189969 0.711002052 0
vn -0.964479983 0.264155865 0
vn -0.964479983 0.264155865 0
vn -0.967341304 -0.253477305 0
vn -0.967341304 -0.253477305 0
vn -0.711002171 -0.70318979 0
vn -0.711002171 -0.70318979 0
vn -0.264161915 -0.964478374 0
vn -0.264161915 -0.964478374 0
vn 0.253480166 -0.967340529 0
vn 0.253480166 -0.967340529 0
vn 0.253480166 -0.967340529 0
vn 0.253480166 -0.967340529 0
vn 0.703192234 -0.710999787 0
vn 0.703192234 -0.710999787 0
vn 0.96448046 -0.264154017 0
vn 0.96448046 -0.264154017 0
vn 0.967341542 0.25347656 0
vn 0.967341542 0.25347656 0
vn -2.15067232E-07 0 1
vn -0 0 1
vn -4.30140858E-07 0 1
vn -0 0 1
vn -0 0 1
vn -2.15070557E-07 0 1
vn -4.30134179E-07 0 1
vn 2.15069107E-07 0 1
vn 4.30133611E-07 0 1
vn -0 0 1
vn -0 0 1
vn -2.15065469E-07 0 1
vn -0 0 1
vn 1.08231731E-07 0 1
vn 1.08269639E-07 0 1
vn 6.49473463E-07 0 1
vn 6.49464198E-07 0 1
vn 8.6593468E-07 0 1
vn 8.65931213E-07 0 1
vn 1.08243955E-06 0 1
vn 1.08245729E-06 0 1
vn 1.62372976E-06 0 1
vn 1.62370804E-06 0 1
vn 1.94846734E-06 0 1
vn 1.94845643E-06 0 1
vn 7.57738178E-07 0 1
vn 7.57746989E-07 0 1
vn 2.16499942E-07 0 1
vn 2.16491443E-07 0 1
vn -8.65993343E-07 0 1
vn -8.6594946E-07 0 1
vn -8.6594946E-07 0 1
vn -8.65993343E-07 0 1
vn -1.2990032E-06 0 1
vn -1.2989999E-06 0 1
vn -2.59789317E-06 0 1
vn -2.59805665E-06 0 1
vn -2.70611372E-06 0 1
vn -2.70610553E-06 0 1
vn -0.711000741 -0.703191221 0
vn -0.711000741 -0.703191221 0
vn -0.264147937 -0.964482129 0
vn -0.264147937 -0.964482129 0
vn 0.253479391 -0.967340767 0
vn 0.253479391 -0.967340767 0
vn 0.70318687 -0.711005032 0
vn 0.70318687 -0.711005032 0
vn 0.964479625 -0.264157116 0
vn 0.964479625 -0.264157116 0
vn 0.967341125 0.25347808 0
vn 0.967341125 0.25347808 0
vn 0.711006045 0.703185916 0
vn 0.711006045 0.703185916 0
vn 0.264155537 0.964480102 0
vn 0.264155537 0.964480102 0
vn -0.25347805 0.967341125 0
vn -0.25347805 0.967341125 0
vn -0.25347805 0.967341125 0
vn -0.25347805 0.967341125 0
vn -0.703188539 0.711003482 0
vn -0.703188539 0.711003482 0
vn -0.964481533 0.264150411 0
vn -0.964481533 0.264150411 0
vn -0.967341244 -0.253477693 0
vn -0.967341244 -0.253477693 0
vn 0.632005155 0.752676487 -0.184520081
vn -0.241072044 0.919996321 -0.309016258
vn -0.205068022 0.782595575 -0.587785065
vn 0.653504252 0.670631111 -0.350978792
vn -0.148990527 0.568588972 -0.809016943
vn 0.68698889 0.542843521 -0.483080983
vn -0.0783286169 0.298924863 -0.95105654
vn 0.729182243 0.38182199 -0.567895532
vn 1.60135144E-07 -3.4314678E-07 -1
vn 0.775954783 0.203326389 -0.597120166
vn 0.0783286616 -0.298924714 -0.9510566
vn 0.822725654 0.0248329919 -0.567895949
vn 0.148990482 -0.568589151 -0.809016764
vn 0.864919782 -0.136186421 -0.483080745
vn 0.205067992 -0.782595515 -0.587785125
vn 0.898404777 -0.263974637 -0.350978971
vn 0.241071969 -0.919996142 -0.309016943
vn 0.919903278 -0.346020311 -0.184520423
vn 0.253477991 -0.967341125 0
vn 0.927311122 -0.37429136 0
vn 0.927311122 -0.37429136 0
vn 0.253477991 -0.967341125 0
vn 0.24107191 -0.919996142 0.309016943
vn 0.919903278 -0.34602046 0.184520483
vn 0.205067977 -0.782594979 0.58778584
vn 0.898404598 -0.263974547 0.350979537
vn 0.148990706 -0.568588674 0.809017122
vn 0.864919782 -0.136185974 0.483080953
vn 0.0783289969 -0.298924625 0.95105654
vn 0.822725654 0.02483318 0.567895949
vn -0 1.14382225E-07 1
vn 0.775954306 0.203327194 0.597120523
vn -0.0783289373 0.298924983 0.95105654
vn 0.729181707 0.381822348 0.567895949
vn -0.148990676 0.568589032 0.809016824
vn 0.68698889 0.54284364 0.483080745
vn -0.205068246 0.782595634 0.587784886
vn 0.653503716 0.670631647 0.350978792
vn -0.241071999 0.919996142 0.309016824
vn 0.632005334 0.752676129 0.184520677
vn -0.25347814 0.967341065 9.24208734E-07
vn 0.624597073 0.780947208 7.93585968E-07
vn 0.653504252 0.670631111 -0.350978792
vn 0.967341125 0.25347811 0
vn 0.632005155 0.752676487 -0.184520081
vn 0.68698889 0.542843521 -0.483080983
vn 0.729182243 0.38182199 -0.567895532
vn 0.775954783 0.203326389 -0.597120166
vn 0.624597073 0.780947208 7.93585968E-07
vn 0.822725654 0.0248329919 -0.567895949
vn 0.967341125 0.25347811 0
vn 0.775954783 0.203326389 -0.597120166
vn 0.864919782 -0.136186421 -0.483080745
vn 0.898404777 -0.263974637 -0.350978971
vn 0.919903278 -0.346020311 -0.184520423
vn 0.927311122 -0.37429136 0
vn 0.919903278 -0.34602046 0.184520483
vn 0.967341125 0.25347811 0
vn 0.927311122 -0.37429136 0
vn 0.898404598 -0.263974547 0.350979537
vn 0.864919782 -0.136185974 0.483080953
vn 0.822725654 0.02483318 0.567895949
vn 0.775954306 0.203327194 0.597120523
vn 0.729181707 0.381822348 0.567895949
vn 0.967341125 0.25347811 0
vn 0.775954306 0.203327194 0.597120523
vn 0.68698889 0.54284364 0.483080745
vn 0.653503716 0.670631647 0.350978792
vn 0.632005334 0.752676129 0.184520677
vn 0.624597073 0.780947208 7.93585968E-07
vn 0.719024599 0.677752078 -0.153804049
vn -0.317448586 0.89685142 -0.308032453
vn -0.281559229 0.759888411 -0.585913002
vn 0.736944556 0.609364688 -0.292553097
vn -0.225659445 0.546563268 -0.806440592
vn 0.764855564 0.502848864 -0.40266493
vn -0.155223191 0.277758271 -0.948027432
vn 0.800025165 0.368631452 -0.473360926
vn -0.0771440342 -0.0202146247 -0.996814966
vn 0.839011133 0.219850615 -0.497720867
vn 0.000935463526 -0.318187565 -0.948027313
vn 0.877996743 0.0710702538 -0.473361105
vn 0.0713718757 -0.586992502 -0.806440294
vn 0.913166583 -0.0631463453 -0.402665406
vn 0.127271205 -0.800317526 -0.585912943
vn 0.941077769 -0.169662446 -0.292552859
vn 0.163160458 -0.937280357 -0.308032662
vn 0.958997548 -0.238050237 -0.153804272
vn 0.175527081 -0.984474599 0
vn 0.96517241 -0.261614591 0
vn 0.163160548 -0.937280357 0.30803287
vn 0.958997548 -0.238050357 0.153804272
vn 0.127271295 -0.800317347 0.585913122
vn 0.941077769 -0.169662744 0.292553008
vn 0.0713721067 -0.586992085 0.806440532
vn 0.913166583 -0.0631464124 0.402665347
vn 0.000935415039 -0.318186998 0.948027492
vn 0.877996683 0.071070537 0.473361135
vn -0.0771439523 -0.0202142801 0.996815026
vn 0.839010954 0.219850868 0.497721076
vn -0.155223593 0.2777583 0.948027432
vn 0.800025046 0.368631482 0.473361135
vn -0.225660548 0.546563208 0.806440294
vn 0.764855266 0.502849162 0.402665049
vn -0.281559348 0.759888113 0.585913241
vn 0.736944437 0.609364927 0.292553067
vn -0.317448288 0.896851182 0.308033317
vn 0.719024479 0.677752137 0.153804496
vn -0.329814732 0.944045663 0
vn 0.712849855 0.701316655 0
vn -0.709444404 0.294868916 0.640110135
vn -0.653535783 0.081505239 0.752494454
vn -0.591560304 -0.155009821 0.791219592
vn -0.782301247 0.572908759 -0.244500235
vn -0.75381422 0.464194447 -0.465067327
vn -0.709444225 0.294869453 -0.640110016
vn -0.653535724 0.08150509 -0.752494514
vn -0.59156096 -0.155010134 -0.791218996
vn -0.529585361 -0.391525537 -0.752493858
vn -0.473676503 -0.604888856 -0.64010936
vn -0.429306477 -0.774214983 -0.46506685
vn -0.400818467 -0.882929265 -0.244500369
vn -0.391002208 -0.920389712 0
vn -0.400818557 -0.882929206 0.244500533
vn -0.429305851 -0.774215341 0.46506682
vn -0.473675966 -0.604889214 0.640109539
vn -0.529585004 -0.391525 0.752494454
vn -0.959927499 -0.251535803 0.123567462
vn -0.969606459 -0.214598671 0.117519163
vn -0.967341065 -0.253478199 0
vn -0.950248837 -0.288472384 0.117519237
vn -0.941517174 -0.321795046 0.0999669954
vn -0.934587777 -0.348239064 0.0726308897
vn -0.930138946 -0.365216881 0.0381847657
vn -0.928605855 -0.371067584 0
vn -0.930139124 -0.365216643 -0.0381847546
vn -0.934587657 -0.348239422 -0.0726307556
vn -0.941516936 -0.321795642 -0.0999668762
vn -0.950248957 -0.288472176 -0.117519215
vn -0.959927499 -0.251535743 -0.123567387
vn -0.9696064 -0.214598954 -0.117519133
vn -0.978338182 -0.181275755 -0.0999672934
vn -0.98526746 -0.154831961 -0.0726305321
vn -0.989716172 -0.137854278 -0.0381845459
vn -0.978338182 -0.181275681 0.0999674872
vn -0.985267401 -0.15483211 0.072630547
vn -0.79211688 0.610369384 3.31327669E-07
vn -0.78230083 0.572909296 0.244500384
vn -0.753813982 0.464195162 0.465066969
vn -0.991249144 -0.13200438 1.29812662E-07
vn -0.989716113 -0.137854576 0.0381845869
vn 0.736944556 0.609364688 -0.292553097
vn 0.967341125 0.25347811 0
vn 0.719024599 0.677752078 -0.153804049
vn 0.764855564 0.502848864 -0.40266493
vn 0.800025165 0.368631452 -0.473360926
vn 0.839011133 0.219850615 -0.497720867
vn 0.712849855 0.701316655 0
vn 0.877996743 0.0710702538 -0.473361105
vn 0.967341125 0.25347811 0
vn 0.839011133 0.219850615 -0.497720867
vn 0.913166583 -0.0631463453 -0.402665406
vn 0.941077769 -0.169662446 -0.292552859
vn 0.958997548 -0.238050237 -0.153804272
vn 0.96517241 -0.261614591 0
vn 0.958997548 -0.238050357 0.153804272
vn 0.967341125 0.25347811 0
vn 0.96517241 -0.261614591 0
vn 0.941077769 -0.169662744 0.292553008
vn 0.913166583 -0.0631464124 0.402665347
vn 0.877996683 0.071070537 0.473361135
vn 0.839010954 0.219850868 0.497721076
vn 0.800025046 0.368631482 0.473361135
vn 0.967341125 0.25347811 0
vn 0.839010954 0.219850868 0.497721076
vn 0.764855266 0.502849162 0.402665049
vn 0.736944437 0.609364927 0.292553067
vn 0.719024479 0.677752137 0.153804496
vn 0.712849855 0.701316655 0
vn -0.964479089 0.264159113 0
vn -0.964479089 0.264159113 0
vn -0.703186452 0.711005509 0
vn -0.703186452 0.711005509 0
vn -0.253476292 0.967341602 0
vn -0.253476292 0.967341602 0
vn 0.264153063 0.964480758 0
vn 0.264153063 0.964480758 0
vn 0.711002111 0.703189909 0
vn 0.711002111 0.703189909 0
vn 0.967341542 0.25347653 0
vn 0.967341542 0.25347653 0
vn 0.964480877 -0.264152646 0
vn 0.964480877 -0.264152646 0
vn 0.703196049 -0.710996032 0
vn 0.703196049 -0.710996032 0
vn 0.253478497 -0.967341065 0
vn 0.253478497 -0.967341065 0
vn 0.253478497 -0.967341065 0
vn 0.253478497 -0.967341065 0
vn -0.264157325 -0.964479566 0
vn -0.264157325 -0.964479566 0
vn -0.710999727 -0.703192294 0
vn -0.710999727 -0.703192294 0
vn -0.967341363 -0.253477246 0
vn -0.967341363 -0.253477246 0
vn 8.60279556E-07 0 -1
vn -4.30138471E-07 0 -1
vn 8.60295131E-07 0 -1
vn -1.72055127E-06 0 -1
vn -1.72056286E-06 0 -1
vn -0 0 -1
vn -0 0 -1
vn -0 0 -1
vn -1.72056423E-06 0 -1
vn -1.72052648E-06 0 -1
vn -0 0 -1
vn -0 0 -1
vn -0 0 -1
vn 2.38129451E-06 0 -1
vn 2.38136454E-06 0 -1
vn 3.46380466E-06 0 -1
vn 3.4637344E-06 0 -1
vn 8.65945026E-07 0 -1
vn 8.65944401E-07 0 -1
vn -8.65962988E-07 0 -1
vn -8.659743E-07 0 -1
vn -1.73197509E-06 0 -1
vn -1.73197509E-06 0 -1
vn -2.81443772E-06 0 -1
vn -2.81445136E-06 0 -1
vn -3.46396791E-06 0 -1
vn -3.46399338E-06 0 -1
vn -4.11347401E-06 0 -1
vn -4.11344809E-06 0 -1
vn -2.59788726E-06 0 -1
vn -2.59782678E-06 0 -1
vn -2.59782678E-06 0 -1
vn -2.59788726E-06 0 -1
vn -8.65977142E-07 0 -1
vn -8.65972027E-07 0 -1
vn 3.46379898E-06 0 -1
vn 3.46405568E-06 0 -1
vn 4.11325027E-06 0 -1
vn 4.11324709E-06 0 -1
vn 0.96448034 -0.264154673 0
vn 0.96448034 -0.264154673 0
vn 0.703184545 -0.711007416 0
vn 0.703184545 -0.711007416 0
vn 0.253477514 -0.967341244 0
vn 0.253477514 -0.967341244 0
vn -0.264144033 -0.964483261 0
vn -0.264144033 -0.964483261 0
vn -0.710998833 -0.703193188 0
vn -0.710998833 -0.703193188 0
vn -0.967341959 -0.253474921 0
vn -0.967341959 -0.253474921 0
vn -0.964480698 0.264153361 0
vn -0.964480698 0.264153361 0
vn -0.703190863 0.711001158 0
vn -0.703190863 0.711001158 0
vn -0.253477007 0.967341423 0
vn -0.253477007 0.967341423 0
vn -0.253477007 0.967341423 0
vn -0.253477007 0.967341423 0
vn 0.26415208 0.964480996 0
vn 0.26415208 0.964480996 0
vn 0.711004198 0.703187764 0
vn 0.711004198 0.703187764 0
vn 0.967341721 0.253475666 0
vn 0.967341721 0.253475666 0
vn -0.712790787 -0.199987352 0.672260702
vn -0.71614641 -0.187656716 0.672249496
vn 0.716145575 0.187656865 0.672250211
vn 0.719269454 0.175264865 0.672260165
vn 0.716145694 0.187656865 -0.672250092
vn 0.719269514 0.175264791 -0.672260046
vn -0.71614635 -0.18765676 -0.672249556
vn -0.712790668 -0.199987471 -0.672260761
vn -0.712790668 -0.199987471 -0.672260761
vn -0.71614635 -0.18765676 -0.672249556
vn -0.56105274 -0.55040884 -0.618279755
vn -0.75887692 0.204532593 -0.618281662
vn 0.5610497 0.550417721 -0.618274748
vn 0.758876085 -0.204540551 -0.618280113
vn 0.561050653 0.550416946 0.61827451
vn 0.758876383 -0.204539359 0.618280113
vn -0.758877397 0.204531521 0.618281543
vn -0.561053813 -0.550407827 0.618279696
vn -0.75887692 0.204532593 -0.618281662
vn -0.56105274 -0.55040884 -0.618279755
vn -0.726789474 -0.143134579 -0.671780884
vn -0.758877397 0.204531521 0.618281543
vn -0.726789594 -0.143134743 0.671780705
vn 0.561050653 0.550416946 0.61827451
vn 0.703591466 0.231671005 0.671779335
vn 0.5610497 0.550417721 -0.618274748
vn 0.703591466 0.231671169 -0.671779394
vn -0.75887692 0.204532593 -0.618281662
vn -0.726789474 -0.143134579 -0.671780884
vn -0.712790787 -0.199987352 0.672260702
vn -0.561053813 -0.550407827 0.618279696
vn -0.712790668 -0.199987471 -0.672260761
vn 0.719269454 0.175264865 0.672260165
vn 0.758876383 -0.204539359 0.618280113
vn 0.719269514 0.175264791 -0.672260046
vn 0.758876085 -0.204540551 -0.618280113
vn -0.712790668 -0.199987471 -0.672260761
vn -0.56105274 -0.55040884 -0.618279755
vn -0.0213333946 -0.971921921 0.234334588
vn -0.0213333312 -0.97192204 -0.234334022
vn -0.618937016 -0.440722436 -0.650138915
vn -0.618937194 -0.440722138 0.650139093
vn 0.49522078 -0.836566627 0.234334663
vn 0.755531967 -0.0805656016 0.650138915
vn 0.495220542 -0.836566925 -0.234334156
vn 0.755532026 -0.080565922 -0.650138795
vn -0.0213333312 -0.97192204 -0.234334022
vn -0.618937016 -0.440722436 -0.650138915
vn -0.726789474 -0.143134579 -0.671780884
vn 0.703591466 0.231671169 -0.671779394
vn -0.726789594 -0.143134743 0.671780705
vn -0.726789474 -0.143134579 -0.671780884
vn 0.703591466 0.231671005 0.671779335
vn -0.0213333312 -0.97192204 -0.234334022
vn -0.0213333946 -0.971921921 0.234334588
vn 0.49522078 -0.836566627 0.234334663
vn 0.495220542 -0.836566925 -0.234334156
vn -0.461198688 -0.723227739 0.514040291
vn -0.637615561 -0.462928176 0.615746677
vn 0.0784038231 -0.29921785 0.950958192
vn 0.155814856 -0.594629347 0.788757086
vn 0.782698393 -0.0907677636 0.615747035
vn 0.756608009 -0.404121786 0.5140329
vn -0.864354849 -0.502882361 -1.40851711E-07
vn -0.662311137 -0.749228895 -3.84218026E-07
vn 0.253472149 -0.967342734 1.01881348E-07
vn 0.999896288 -0.0144023625 3.28652533E-07
vn 0.944623649 -0.328155607 7.04404272E-07
vn 0.756607413 -0.404123902 -0.514032125
vn 0.782698154 -0.0907696635 -0.615747035
vn 0.155816749 -0.594629109 -0.788756847
vn 0.0784048811 -0.299218029 -0.950958073
vn -0.637614846 -0.462928414 -0.615747154
vn -0.461199224 -0.723227561 -0.514040112
vn -0.864354849 -0.502882361 -1.40851711E-07
vn -0.662311137 -0.749228895 -3.84218026E-07
vn 0.253472149 -0.967342734 1.01881348E-07
vn 0.253472149 -0.967342734 1.01881348E-07
vn 0.253472149 -0.967342734 1.01881348E-07
vn -0.964398444 -0.264453471 0
vn -0.73967737 -0.206482425 -0.640501738
vn -0.967341065 -0.253478438 0
vn -0.743131459 -0.194727078 -0.640185058
vn 0.00339091732 -0.0129378112 -0.999910533
vn 4.41127554E-07 5.0197275E-07 -1
vn 0.745885909 0.182787374 -0.640502155
vn 0.743130267 0.194727182 -0.640186429
vn 0.967340946 0.253478914 1.39435926E-07
vn 0.970159233 0.242468864 1.29161222E-07
vn 0.745885491 0.182787612 0.640502572
vn 0.743129849 0.194727316 0.640186965
vn 0.00339020509 -0.0129380841 0.999910533
vn -2.4338064E-07 1.29295969E-07 1
vn -0.739677787 -0.206482589 0.640501142
vn -0.743131936 -0.194727302 0.640184522
vn -0.967341065 -0.253478438 0
vn -0.964398444 -0.264453471 0
vn 0.253472149 -0.967342734 1.01881348E-07
vn -0.66192323 -0.74956888 0.00202778354
vn -0.115420572 -0.13075231 0.98467356
vn -0.133736968 -0.105665013 0.985367596
vn -0.8391909 -0.543836951 0.000128175059
vn -0.484626114 -0.874710202 0.00443152711
vn -0.085617125 -0.154672116 0.984249055
vn -0.296909839 -0.954892993 0.00488547469
vn -0.0542906262 -0.17475529 0.983114004
vn -0.137650669 -0.990479112 0.00185311853
vn -0.02558746 -0.184117153 0.982571185
vn -0 -0.188943878 0.981987894
vn -0 -1 -6.15634553E-06
vn -0.828309059 -0.560271442 6.84452016E-06
vn -0.0644416884 -0.257332742 0.964171708
vn -0.828309059 -0.560271502 -6.84452016E-06
vn -0.839190841 -0.543837011 -0.000128175074
vn -0.133736715 -0.10566508 -0.985367596
vn -0.115420781 -0.130752563 -0.9846735
vn -0.66192317 -0.749568999 -0.00202367501
vn -0.0856174231 -0.154672354 -0.984248996
vn -0.484626234 -0.874710143 -0.00442823721
vn -0.0542907976 -0.174755484 -0.983113945
vn -0.29690963 -0.954893112 -0.0048826281
vn -0.0255875569 -0.184117407 -0.982571125
vn -0.137650594 -0.990479171 -0.00185347768
vn -0 -1 0
vn -0 -0.188943982 -0.981987834
vn -0.064441599 -0.257332832 -0.964171708
vn -0.521839201 -0.853043854 0
vn 0.262773067 -0.827627122 -0.495967448
vn -0.521839261 -0.853043854 0
vn 0.26277262 -0.827626407 0.495968848
vn -0.137901634 -0.990445971 -2.52502616E-07
vn -0 -1 0
vn -0 -1 0
vn -0.137901634 -0.990445971 -2.52502616E-07
vn -0.295781642 -0.955255568 -2.56131784E-07
vn -0.295781553 -0.955255568 -2.56131841E-07
vn -0.482342333 -0.875982821 0
vn -0.482342213 -0.875982881 0
vn -0.65884459 -0.752279103 0
vn -0.65884459 -0.752279103 0
vn -0.754680455 -0.656092584 0
vn -0.754680455 -0.656092584 0
vn -0.082834214 -0.585455775 0.806461394
vn -0.0803802833 -0.585889161 0.806395054
vn -0.0381327718 -0.592765689 0.804471731
vn -0.0381327718 -0.592765689 0.804471731
vn -0.176598653 -0.561622202 0.808327496
vn -0.172538683 -0.562946141 0.808283389
vn -0.285641998 -0.511925161 0.810148895
vn -0.281258374 -0.51436609 0.810136557
vn -0.389246166 -0.441421479 0.808476686
vn -0.387975186 -0.442507625 0.808493793
vn 0.2351657 -0.897901177 0.372116417
vn 0.377268851 -0.902246416 0.208853021
vn -0.038132675 -0.592765212 -0.804472089
vn -0.038132675 -0.592765152 -0.804472089
vn -0.0803801268 -0.585888863 -0.806395233
vn -0.0828340873 -0.585455596 -0.806461632
vn -0.172538802 -0.562946022 -0.808283448
vn -0.176598847 -0.561622143 -0.808327615
vn -0.281258225 -0.514365852 -0.810136735
vn -0.285641789 -0.511925042 -0.810149074
vn -0.387974709 -0.442507327 -0.80849421
vn -0.389245689 -0.441421181 -0.808477044
vn 0.377268821 -0.902246416 -0.208853126
vn 0.235165909 -0.897901118 -0.372116446
vn 0.235165909 -0.897901118 -0.372116446
vn 0.377268821 -0.902246416 -0.208853126
vn 0.377268851 -0.902246416 0.208853021
vn 0.2351657 -0.897901177 0.372116417
vn 0.876762092 0.479410917 -0.0381236337
vn 0.795659661 0.604870617 -0.0325153358
vn 0.169252872 0.12926285 -0.977059126
vn 0.251219064 -0.0955952331 -0.963198066
vn 0.140471458 0.14980863 -0.978685439
vn 0.684720159 0.728052795 -0.0331274122
vn 0.0988199934 0.172505975 -0.980038941
vn 0.499296993 0.865774989 -0.0337078646
vn 0.0576373488 0.183771074 -0.981277823
vn 0.301403224 0.952886343 -0.0341124795
vn 0.0254714154 0.190783367 -0.981301606
vn 0.133308187 0.990498841 -0.0337787978
vn -0 0.191113517 -0.981567919
vn -0 0.999436021 -0.0335810781
vn -0.133736715 -0.10566508 -0.985367596
vn -0.115420781 -0.130752563 -0.9846735
vn -0.0856174231 -0.154672354 -0.984248996
vn -0.0542907976 -0.174755484 -0.983113945
vn -0.0255875569 -0.184117407 -0.982571125
vn -0 -0.188943982 -0.981987834
vn -0.133308157 0.990498841 -0.0337787606
vn -0.0254715104 0.190783352 -0.981301606
vn -0.301403254 0.952886343 -0.0341124907
vn -0.0576375648 0.183771014 -0.981277823
vn -0.499296993 0.865774989 -0.0337078571
vn -0.0988202393 0.172506019 -0.980038881
vn -0.684720159 0.728052735 -0.0331273824
vn -0.140471399 0.149808586 -0.978685439
vn -0.795659661 0.604870617 -0.0325152613
vn -0.169252902 0.129263014 -0.977059066
vn -0.876761854 0.479411364 -0.0381234586
vn -0.251219898 -0.0955951512 -0.963197887
vn 0.133737102 -0.10566511 -0.985367596
vn 0.115420856 -0.130752489 -0.9846735
vn 0.0856172144 -0.154672354 -0.984248996
vn 0.0542905033 -0.174755529 -0.983113945
vn 0.0255873986 -0.184117422 -0.982571125
vn 0.0644414052 -0.257333159 -0.964171648
vn 0.684720159 0.728052795 0.0331274047
vn 0.795659661 0.604870677 0.0325152948
vn 0.169252843 0.129262954 0.977059126
vn 0.140471369 0.149808571 0.978685439
vn 0.499296993 0.865774989 0.0337078609
vn 0.0988200828 0.17250599 0.980038941
vn 0.251219422 -0.0955947116 0.963198006
vn 0.876762092 0.479410917 0.0381235294
vn 0.301403195 0.952886343 0.0341124758
vn 0.0576374568 0.183771193 0.981277823
vn 0.133308187 0.990498841 0.0337787904
vn 0.0254714787 0.190783367 0.981301606
vn -0 0.999436021 0.0335810781
vn -0 0.191113412 0.981567979
vn -0.115420572 -0.13075231 0.98467356
vn -0.133736968 -0.105665013 0.985367596
vn -0.085617125 -0.154672116 0.984249055
vn -0.0542906262 -0.17475529 0.983114004
vn -0.02558746 -0.184117153 0.982571185
vn -0 -0.188943878 0.981987894
vn -0.0644416884 -0.257332742 0.964171708
vn 0.485271633 -0.70109731 0.522469163
vn 0.26277262 -0.827626407 0.495968848
vn 0.996605396 0.0812631398 0.0131885
vn -0.0254714563 0.190783322 0.981301606
vn -0.133308187 0.990498841 0.0337787494
vn -0.0576374605 0.183771104 0.981277823
vn -0.301403224 0.952886343 0.0341124944
vn -0.0988201499 0.172506139 0.980038881
vn -0.499296993 0.865774989 0.0337078609
vn -0.140471429 0.149808601 0.978685439
vn -0.684720159 0.728052735 0.0331274085
vn -0.169252813 0.129262939 0.977059126
vn -0.795659602 0.604870677 0.032515306
vn -0.251219004 -0.0955942944 0.963198185
vn -0.876761794 0.479411364 0.038123481
vn 0.115420602 -0.13075234 0.9846735
vn 0.133736894 -0.105664983 0.985367596
vn 0.0856171846 -0.154672235 0.984249055
vn 0.0542906299 -0.174755305 0.983114004
vn 0.0255874544 -0.184117138 0.982571185
vn 0.0644416064 -0.257332057 0.964171946
vn 0.795659661 0.604870617 -0.0325153358
vn 0.795659661 0.604870677 0.0325152948
vn 0.684720159 0.728052795 0.0331274047
vn 0.684720159 0.728052795 -0.0331274122
vn 0.499296993 0.865774989 0.0337078609
vn 0.499296993 0.865774989 -0.0337078646
vn 0.301403195 0.952886343 0.0341124758
vn 0.301403224 0.952886343 -0.0341124795
vn 0.133308187 0.990498841 0.0337787904
vn 0.133308187 0.990498841 -0.0337787978
vn -0 0.999436021 0.0335810781
vn -0 0.999436021 -0.0335810781
vn 0.876762092 0.479410917 0.0381235294
vn 0.876762092 0.479410917 -0.0381236337
vn 0.996605396 0.0812631398 0.0131885
vn 0.996605396 0.0812630206 -0.0131885139
vn -0.133308157 0.990498841 -0.0337787606
vn -0.133308187 0.990498841 0.0337787494
vn -0.301403254 0.952886343 -0.0341124907
vn -0.301403224 0.952886343 0.0341124944
vn -0.499296993 0.865774989 -0.0337078571
vn -0.499296993 0.865774989 0.0337078609
vn -0.684720159 0.728052735 -0.0331273824
vn -0.684720159 0.728052735 0.0331274085
vn -0.795659661 0.604870617 -0.0325152613
vn -0.795659602 0.604870677 0.032515306
vn -0.876761794 0.479411364 0.038123481
vn -0.876761854 0.479411364 -0.0381234586
vn -0.064441599 -0.257332832 -0.964171708
vn 0.485271543 -0.701098502 -0.522467673
vn 0.996605396 0.0812630206 -0.0131885139
vn 0.262773067 -0.827627122 -0.495967448
vn 0.448312908 0.890796244 -0.0741453543
vn 0.516936243 0.855932415 -0.0125146545
vn -0.291988999 0.83281219 -0.470283151
vn -0.32402879 0.815869689 -0.478917599
vn 0.516936362 0.855932355 0.0125145279
vn 0.448313743 0.890795887 0.0741448328
vn -0.324029714 0.815870464 0.478915572
vn -0.291990131 0.832812846 0.470281482
vn -0.504080534 0.731586635 -0.459002972
vn -0.418290526 0.768682122 -0.483901769
vn -0.32402879 0.815869689 -0.478917599
vn -0.291988999 0.83281219 -0.470283151
vn -0.999738097 0.0228860304 0
vn -0.418290526 0.768682122 -0.483901769
vn -0.504080534 0.731586635 -0.459002972
vn -0.999738097 0.0228866525 0
vn -0.999738097 0.0228866581 0
vn -0.999738097 0.0228860471 0
vn -0.504080713 0.731587827 0.459000945
vn -0.418291152 0.768683136 0.483899444
vn -0.324029714 0.815870464 0.478915572
vn -0.418291152 0.768683136 0.483899444
vn -0.504080713 0.731587827 0.459000945
vn -0.291990131 0.832812846 0.470281482
vn -0.160369709 -0.0693707615 0.98461628
vn -0.0868488848 -0.19511652 0.976927221
vn -0.90071857 -0.430812865 0.0557344072
vn -0.943141282 -0.32865122 0.0497278757
vn -0.874449432 -0.481440902 0.0596063398
vn 0.258192301 -0.853832722 0.452002585
vn -0.491142929 -0.870910585 0.0171288215
vn 0.313547283 -0.949018061 0.0324465744
vn -0.491128564 -0.870918632 -0.0171298999
vn 0.313551694 -0.949016511 -0.0324513949
vn -0.874497414 -0.481358677 -0.0595656261
vn 0.258182049 -0.853839517 -0.45199576
vn -0.900524676 -0.431290954 -0.0551670045
vn -0.0836913064 -0.203597233 -0.975471139
vn -0.943145454 -0.328551143 -0.0503076278
vn -0.155400559 -0.0784821808 -0.984729052
vn -0.534025431 0.845468402 0
vn -0.534025431 0.845468462 0
vn 0.886682391 0.460457802 0.0421075709
vn 0.892567158 0.4483383 0.0481303297
vn 0.199382603 -0.0683955401 0.97753191
vn 0.151508063 0.0789386183 0.985298932
vn 0.408731818 -0.793727696 0.450482756
vn 0.96113044 0.270602584 0.054794874
vn 0.438442051 -0.898173571 0.0324464925
vn 0.959778368 -0.280235708 0.0171286669
vn 0.438437849 -0.898175478 -0.0324512646
vn 0.959773779 -0.280251563 -0.0171295758
vn 0.408743709 -0.79372561 -0.450475514
vn 0.961110711 0.270678341 -0.0547664501
vn 0.20347029 -0.0762748867 -0.976105511
vn 0.892741561 0.448040187 -0.0476706997
vn 0.155058861 0.0692055672 -0.985478222
vn 0.886870801 0.460050017 -0.042592328
vn -0.0868488848 -0.19511652 0.976927221
vn -0.160369709 -0.0693707615 0.98461628
vn -0.155400559 -0.0784821808 -0.984729052
vn -0.0836913064 -0.203597233 -0.975471139
vn 0.313551694 -0.949016511 -0.0324513949
vn 0.313547283 -0.949018061 0.0324465744
vn 0.258192301 -0.853832722 0.452002585
vn 0.408731818 -0.793727696 0.450482756
vn -0.0868488848 -0.19511652 0.976927221
vn 0.199382603 -0.0683955401 0.97753191
vn 0.408743709 -0.79372561 -0.450475514
vn 0.258182049 -0.853839517 -0.45199576
vn 0.20347029 -0.0762748867 -0.976105511
vn -0.0836913064 -0.203597233 -0.975471139
vn 0.66192323 -0.74956888 0.00202778354
vn 0.8391909 -0.543836951 0.000128222528
vn 0.133736894 -0.105664983 0.985367596
vn 0.115420602 -0.13075234 0.9846735
vn 0.484626114 -0.874710202 0.00443152711
vn 0.0856171846 -0.154672235 0.984249055
vn 0.296909839 -0.954892993 0.00488583976
vn 0.0542906299 -0.174755305 0.983114004
vn 0.137650669 -0.990479112 0.00185347954
vn 0.0255874544 -0.184117138 0.982571185
vn -0 -0.188943878 0.981987894
vn -0 -1 -6.15634553E-06
vn 0.828309119 -0.560271382 6.89550143E-06
vn 0.0644416064 -0.257332057 0.964171946
vn 0.828309178 -0.560271323 -6.84452334E-06
vn 0.839190841 -0.543837011 -0.000128175074
vn 0.133737102 -0.10566511 -0.985367596
vn 0.115420856 -0.130752489 -0.9846735
vn 0.661923409 -0.74956882 -0.00202367501
vn 0.0856172144 -0.154672354 -0.984248996
vn 0.484626263 -0.874710083 -0.00442823628
vn 0.0542905033 -0.174755529 -0.983113945
vn 0.296909481 -0.954893112 -0.00488262856
vn 0.0255873986 -0.184117422 -0.982571125
vn 0.137650475 -0.990479171 -0.00185347768
vn -0 -1 0
vn -0 -0.188943982 -0.981987834
vn 0.0644414052 -0.257333159 -0.964171648
vn 0.521839857 -0.853043497 0
vn -0.262773067 -0.827626169 -0.495968968
vn 0.521839857 -0.853043497 0
vn -0.262772292 -0.827624977 0.495971292
vn 0.137901634 -0.990445971 -1.65986108E-07
vn 0.137901634 -0.990445971 -1.65986108E-07
vn -0 -1 0
vn -0 -1 0
vn 0.295781642 -0.955255568 -1.13391337E-07
vn 0.295781553 -0.955255568 -1.13391373E-07
vn 0.482342333 -0.875982821 0
vn 0.482342213 -0.875982881 0
vn 0.65884459 -0.752279103 0
vn 0.65884459 -0.752279103 0
vn 0.754680455 -0.656092584 0
vn 0.754680455 -0.656092584 0
vn 0.0828342438 -0.585455954 0.806461275
vn 0.0381327756 -0.592765868 0.804471552
vn 0.0381327756 -0.592765927 0.804471552
vn 0.0803802758 -0.58588928 0.806394935
vn 0.176598668 -0.561622381 0.808327377
vn 0.172538713 -0.562946379 0.80828321
vn 0.285642534 -0.511925876 0.810148299
vn 0.281258911 -0.514366686 0.81013602
vn 0.389247 -0.441422611 0.808475673
vn 0.38797605 -0.442508817 0.80849278
vn -0.235164955 -0.897901714 0.372115552
vn -0.377268106 -0.902246833 0.208852515
vn 0.0381327756 -0.592765212 -0.804472089
vn 0.0828342289 -0.585455418 -0.806461692
vn 0.0803802758 -0.585888743 -0.806395352
vn 0.0381327756 -0.592765212 -0.804472089
vn 0.172538668 -0.562945902 -0.808283567
vn 0.176598653 -0.561621964 -0.808327734
vn 0.281258613 -0.514366269 -0.810136318
vn 0.285642236 -0.511925519 -0.810148656
vn 0.387975037 -0.442507893 -0.808493733
vn 0.389245987 -0.441421658 -0.808476567
vn -0.377268672 -0.902246535 -0.208852977
vn -0.235166088 -0.897901118 -0.372116208
vn -0.235166088 -0.897901118 -0.372116208
vn -0.235164955 -0.897901714 0.372115552
vn -0.377268106 -0.902246833 0.208852515
vn -0.377268672 -0.902246535 -0.208852977
vn -0.448312461 0.890796483 -0.0741456226
vn 0.324029297 0.815870881 -0.478915095
vn 0.291989654 0.832813203 -0.470280975
vn -0.516935527 0.855932891 -0.0125146937
vn -0.516935587 0.855932772 0.0125145167
vn -0.448313177 0.890796244 0.0741447806
vn 0.324029148 0.81586957 0.47891745
vn 0.291989565 0.832812011 0.470283151
vn 0.50408113 0.731587887 -0.459000498
vn 0.291989654 0.832813203 -0.470280975
vn 0.324029297 0.815870881 -0.478915095
vn 0.418290943 0.768683672 -0.483898848
vn 0.999738157 0.0228837989 0
vn 0.999738097 0.0228851829 0
vn 0.999738157 0.0228837989 0
vn 0.999738097 0.0228849631 0
vn 0.999738097 0.0228852648 0
vn 0.999738097 0.0228851829 0
vn 0.504080534 0.731586754 0.459002823
vn 0.999738097 0.0228852648 0
vn 0.999738097 0.0228849631 0
vn 0.418290734 0.768682122 0.48390156
vn 0.324029148 0.81586957 0.47891745
vn 0.291989565 0.832812011 0.470283151
vn -0.996605277 0.0812647864 -0.0131884599
vn -0.48527202 -0.70109725 -0.522468865
vn -0.251219898 -0.0955951512 -0.963197887
vn -0.876761854 0.479411364 -0.0381234586
vn 0.0644414052 -0.257333159 -0.964171648
vn -0.262773067 -0.827626169 -0.495968968
vn -0.485271394 -0.701095998 0.52247107
vn -0.251219004 -0.0955942944 0.963198185
vn 0.0644416064 -0.257332057 0.964171946
vn -0.262772292 -0.827624977 0.495971292
vn -0.876761794 0.479411364 0.038123481
vn -0.996605277 0.0812648386 0.0131884329
vn -0.996605277 0.0812648386 0.0131884329
vn -0.996605277 0.0812647864 -0.0131884599
vn -0.876761854 0.479411364 -0.0381234586
vn -0.876761794 0.479411364 0.038123481
vn 0.160369739 -0.069370769 0.98461628
vn 0.943141282 -0.328651249 0.0497277901
vn 0.900718629 -0.430812746 0.0557343327
vn 0.086848937 -0.195116475 0.976927221
vn 0.534025908 0.845468104 0
vn 0.874450684 -0.481438547 0.0596064441
vn -0.258192331 -0.853832722 0.452002585
vn 0.491144538 -0.870909691 0.0171289518
vn -0.313547283 -0.949018121 0.0324464589
vn 0.491130233 -0.870917737 -0.0171299651
vn -0.313551605 -0.949016511 -0.0324512571
vn 0.874498606 -0.481356531 -0.059565302
vn -0.25818193 -0.853839755 -0.451995224
vn 0.900524735 -0.431290805 -0.0551668629
vn 0.0836913809 -0.203597322 -0.975471079
vn 0.943145394 -0.328551143 -0.0503075719
vn 0.155400679 -0.0784822628 -0.984728992
vn 0.534025967 0.845468104 0
vn -0.886682332 0.460457832 0.042107556
vn -0.151508003 0.0789385512 0.985298932
vn -0.199382514 -0.0683955401 0.97753197
vn -0.892567158 0.448338419 0.0481303297
vn -0.408731997 -0.793727696 0.450482577
vn -0.9611305 0.270602286 0.0547949113
vn -0.4384422 -0.898173511 0.0324463472
vn -0.95977807 -0.28023684 0.0171286892
vn -0.438437968 -0.898175359 -0.0324511975
vn -0.959773421 -0.280252516 -0.0171298925
vn -0.40874365 -0.79372561 -0.450475574
vn -0.961110771 0.270678103 -0.0547667928
vn -0.203470051 -0.0762749836 -0.976105571
vn -0.892741501 0.448040307 -0.0476707406
vn -0.155058637 0.0692054257 -0.985478282
vn -0.886870742 0.460050136 -0.0425923765
vn 0.086848937 -0.195116475 0.976927221
vn 0.160369739 -0.069370769 0.98461628
vn 0.155400679 -0.0784822628 -0.984728992
vn 0.0836913809 -0.203597322 -0.975471079
vn -0.313551605 -0.949016511 -0.0324512571
vn -0.313547283 -0.949018121 0.0324464589
vn -0.258192331 -0.853832722 0.452002585
vn -0.408731997 -0.793727696 0.450482577
vn 0.086848937 -0.195116475 0.976927221
vn -0.199382514 -0.0683955401 0.97753197
vn -0.25818193 -0.853839755 -0.451995224
vn -0.40874365 -0.79372561 -0.450475574
vn -0.203470051 -0.0762749836 -0.976105571
vn 0.0836913809 -0.203597322 -0.975471079
vn 0.438483894 -0.890190125 -0.123666495
g Body_0
f 3/3/3 2/2/2 1/1/1
f 2/2/2 4/4/4 1/1/1
f 5/5/5 3/3/3 1/1/1
f 5/5/5 1/1/1 6/6/6
f 5/5/5 6/6/6 7/7/7
f 5/5/5 7/7/7 8/8/8
f 9/9/9 5/5/5 8/8/8
f 10/10/10 9/9/9 8/8/8
f 10/10/10 8/8/8 11/11/11
f 14/14/14 13/13/13 12/12/12
f 15/15/15 14/14/14 12/12/12
f 15/15/15 12/12/12 16/16/16
f 17/17/17 15/15/15 16/16/16
f 17/17/17 16/16/16 18/18/18
f 19/19/19 17/17/17 18/18/18
f 22/22/22 21/21/21 20/20/20
f 23/23/23 22/22/22 20/20/20
f 20/20/20 21/21/21 24/24/24
f 21/21/21 25/25/25 24/24/24
f 24/24/24 25/25/25 26/26/26
f 25/25/25 27/27/27 26/26/26
f 30/30/30 29/29/29 28/28/28
f 31/31/31 30/30/30 28/28/28
f 32/32/32 30/30/30 31/31/31
f 33/33/33 32/32/32 31/31/31
f 33/33/33 34/34/34 32/32/32
f 34/34/34 35/35/35 32/32/32
f 38/38/38 37/37/37 36/36/36
f 39/39/39 38/38/38 36/36/36
f 39/39/39 40/40/40 38/38/38
f 40/40/40 41/41/41 38/38/38
f 40/40/40 42/42/42 41/41/41
f 42/42/42 43/43/43 41/41/41
f 42/42/42 44/44/44 43/43/43
f 44/44/44 45/45/45 43/43/43
f 44/44/44 46/46/46 45/45/45
f 46/46/46 47/47/47 45/45/45
f 46/46/46 48/48/48 47/47/47
f 48/48/48 49/49/49 47/47/47
f 48/48/48 50/50/50 49/49/49
f 50/50/50 51/51/51 49/49/49
f 50/50/50 52/52/52 51/51/51
f 52/52/52 53/53/53 51/51/51
f 56/56/56 55/55/55 54/54/54
f 56/56/56 54/54/54 57/57/57
f 57/57/57 54/54/54 58/58/58
f 54/54/54 59/59/59 58/58/58
f 60/60/60 56/56/56 57/57/57
f 56/56/56 60/60/60 61/61/61
f 61/61/61 60/60/60 62/62/62
f 60/60/60 63/63/63 62/62/62
f 58/58/58 59/59/59 64/64/64
f 59/59/59 65/65/65 64/64/64
f 66/66/66 62/62/62 63/63/63
f 64/64/64 65/65/65 67/67/67
f 65/65/65 68/68/68 67/67/67
f 69/69/69 66/66/66 63/63/63
f 69/69/69 70/70/70 66/66/66
f 70/70/70 71/71/71 66/66/66
f 70/70/70 69/69/69 72/72/72
f 73/73/73 70/70/70 72/72/72
f 73/73/73 72/72/72 74/74/74
f 72/72/72 75/75/75 74/74/74
f 67/67/67 68/68/68 76/76/76
f 68/68/68 77/77/77 76/76/76
f 78/78/78 74/74/74 75/75/75
f 79/79/79 78/78/78 75/75/75
f 76/76/76 77/77/77 80/80/80
f 77/77/77 81/81/81 80/80/80
f 82/82/82 78/78/78 79/79/79
f 83/83/83 82/82/82 79/79/79
f 80/80/80 81/81/81 84/84/84
f 81/81/81 85/85/85 84/84/84
f 86/86/86 82/82/82 83/83/83
f 87/87/87 86/86/86 83/83/83
f 84/84/84 85/85/85 88/88/88
f 85/85/85 89/89/89 88/88/88
f 90/90/90 86/86/86 87/87/87
f 91/91/91 90/90/90 87/87/87
f 94/94/94 93/93/93 92/92/92
f 95/95/95 94/94/94 92/92/92
f 94/94/94 95/95/95 96/96/96
f 97/97/97 94/94/94 96/96/96
f 96/96/96 98/98/98 97/97/97
f 98/98/98 99/99/99 97/97/97
f 98/98/98 100/100/100 99/99/99
f 100/100/100 101/101/101 99/99/99
f 100/100/100 102/102/102 101/101/101
f 102/102/102 103/103/103 101/101/101
f 102/102/102 104/104/104 103/103/103
f 104/104/104 105/105/105 103/103/103
f 104/104/104 106/106/106 105/105/105
f 106/106/106 107/107/107 105/105/105
f 106/106/106 108/108/108 107/107/107
f 108/108/108 109/109/109 107/107/107
f 112/112/112 111/111/111 110/110/110
f 113/113/113 112/112/112 110/110/110
f 112/112/112 113/113/113 114/114/114
f 115/115/115 112/112/112 114/114/114
f 115/115/115 114/114/114 116/116/116
f 117/117/117 115/115/115 116/116/116
f 117/117/117 116/116/116 118/118/118
f 119/119/119 117/117/117 118/118/118
f 119/119/119 118/118/118 120/120/120
f 121/121/121 119/119/119 120/120/120
f 121/121/121 120/120/120 122/122/122
f 123/123/123 121/121/121 122/122/122
f 123/123/123 122/122/122 124/124/124
f 125/125/125 123/123/123 124/124/124
f 128/128/128 127/127/127 126/126/126
f 129/129/129 128/128/128 126/126/126
f 126/126/126 127/127/127 130/130/130
f 131/131/131 126/126/126 130/130/130
f 128/128/128 129/129/129 132/132/132
f 129/129/129 133/133/133 132/132/132
f 136/136/136 135/135/135 134/134/134
f 137/137/137 136/136/136 134/134/134
f 136/136/136 138/138/138 135/135/135
f 138/138/138 139/139/139 135/135/135
f 138/138/138 140/140/140 139/139/139
f 140/140/140 141/141/141 139/139/139
f 140/140/140 142/142/142 141/141/141
f 142/142/142 143/143/143 141/141/141
f 142/142/142 144/144/144 143/143/143
f 144/144/144 145/145/145 143/143/143
f 144/144/144 146/146/146 145/145/145
f 146/146/146 147/147/147 145/145/145
f 146/146/146 148/148/148 147/147/147
f 148/148/148 149/149/149 147/147/147
f 152/152/152 151/151/151 150/150/150
f 152/152/152 150/150/150 153/153/153
f 152/152/152 153/153/153 154/154/154
f 155/155/155 152/152/152 154/154/154
f 155/155/155 154/154/154 156/156/156
f 157/157/157 155/155/155 156/156/156
f 150/150/150 158/158/158 153/153/153
f 159/159/159 158/158/158 150/150/150
f 158/158/158 159/159/159 160/160/160
f 161/161/161 158/158/158 160/160/160
f 160/160/160 162/162/162 161/161/161
f 162/162/162 163/163/163 161/161/161
f 157/157/157 156/156/156 164/164/164
f 165/165/165 157/157/157 164/164/164
f 162/162/162 166/166/166 163/163/163
f 162/162/162 167/167/167 166/166/166
f 166/166/166 168/168/168 163/163/163
f 168/168/168 169/169/169 163/163/163
f 165/165/165 164/164/164 170/170/170
f 171/171/171 165/165/165 170/170/170
f 168/168/168 172/172/172 169/169/169
f 172/172/172 173/173/173 169/169/169
f 171/171/171 170/170/170 174/174/174
f 175/175/175 171/171/171 174/174/174
f 172/172/172 176/176/176 173/173/173
f 176/176/176 177/177/177 173/173/173
f 176/176/176 178/178/178 177/177/177
f 178/178/178 179/179/179 177/177/177
f 175/175/175 174/174/174 180/180/180
f 181/181/181 175/175/175 180/180/180
f 178/178/178 182/182/182 179/179/179
f 182/182/182 183/183/183 179/179/179
f 181/181/181 180/180/180 184/184/184
f 185/185/185 181/181/181 184/184/184
f 182/182/182 186/186/186 183/183/183
f 186/186/186 187/187/187 183/183/183
f 190/190/190 189/189/189 188/188/188
f 191/191/191 190/190/190 188/188/188
f 191/191/191 188/188/188 192/192/192
f 188/188/188 193/193/193 192/192/192
f 189/189/189 190/190/190 194/194/194
f 195/195/195 189/189/189 194/194/194
f 193/193/193 196/196/196 192/192/192
f 196/196/196 197/197/197 192/192/192
f 195/195/195 194/194/194 198/198/198
f 199/199/199 195/195/195 198/198/198
f 196/196/196 200/200/200 197/197/197
f 200/200/200 201/201/201 197/197/197
f 201/201/201 200/200/200 202/202/202
f 203/203/203 201/201/201 202/202/202
f 199/199/199 198/198/198 204/204/204
f 205/205/205 199/199/199 204/204/204
f 202/202/202 206/206/206 203/203/203
f 206/206/206 207/207/207 203/203/203
f 206/206/206 208/208/208 207/207/207
f 208/208/208 209/209/209 207/207/207
f 205/205/205 204/204/204 210/210/210
f 211/211/211 205/205/205 210/210/210
f 208/208/208 212/212/212 209/209/209
f 212/212/212 213/213/213 209/209/209
f 211/211/211 210/210/210 214/214/214
f 215/215/215 211/211/211 214/214/214
f 212/212/212 216/216/216 213/213/213
f 216/216/216 217/217/217 213/213/213
f 215/215/215 214/214/214 218/218/218
f 219/219/219 215/215/215 218/218/218
f 216/216/216 220/220/220 217/217/217
f 220/220/220 221/221/221 217/217/217
f 224/224/224 223/223/223 222/222/222
f 225/225/225 224/224/224 222/222/222
f 226/226/226 225/225/225 222/222/222
f 227/227/227 226/226/226 222/222/222
f 227/227/227 228/228/228 226/226/226
f 228/228/228 229/229/229 226/226/226
f 228/228/228 230/230/230 229/229/229
f 230/230/230 231/231/231 229/229/229
f 224/224/224 232/232/232 223/223/223
f 232/232/232 233/233/233 223/223/223
f 230/230/230 234/234/234 231/231/231
f 234/234/234 235/235/235 231/231/231
f 232/232/232 236/236/236 233/233/233
f 236/236/236 237/237/237 233/233/233
f 234/234/234 238/238/238 235/235/235
f 238/238/238 239/239/239 235/235/235
f 237/237/237 236/236/236 240/240/240
f 241/241/241 237/237/237 240/240/240
f 241/241/241 240/240/240 242/242/242
f 243/243/243 241/241/241 242/242/242
f 238/238/238 244/244/244 239/239/239
f 244/244/244 245/245/245 239/239/239
f 242/242/242 246/246/246 243/243/243
f 246/246/246 247/247/247 243/243/243
f 244/244/244 248/248/248 245/245/245
f 248/248/248 249/249/249 245/245/245
f 246/246/246 250/250/250 247/247/247
f 250/250/250 251/251/251 247/247/247
f 248/248/248 252/252/252 249/249/249
f 252/252/252 253/253/253 249/249/249
f 250/250/250 254/254/254 251/251/251
f 254/254/254 255/255/255 251/251/251
f 258/258/258 257/257/257 256/256/256
f 259/259/259 258/258/258 256/256/256
f 258/258/258 260/260/260 257/257/257
f 260/260/260 261/261/261 257/257/257
f 260/260/260 262/262/262 261/261/261
f 262/262/262 263/263/263 261/261/261
f 262/262/262 264/264/264 263/263/263
f 264/264/264 265/265/265 263/263/263
f 264/264/264 266/266/266 265/265/265
f 266/266/266 267/267/267 265/265/265
f 266/266/266 268/268/268 267/267/267
f 268/268/268 269/269/269 267/267/267
f 268/268/268 270/270/270 269/269/269
f 270/270/270 271/271/271 269/269/269
f 270/270/270 272/272/272 271/271/271
f 272/272/272 273/273/273 271/271/271
f 272/272/272 274/274/274 273/273/273
f 274/274/274 275/275/275 273/273/273
f 274/274/274 276/276/276 275/275/275
f 276/276/276 277/277/277 275/275/275
f 276/276/276 278/278/278 277/277/277
f 278/278/278 279/279/279 277/277/277
f 278/278/278 280/280/280 279/279/279
f 280/280/280 281/281/281 279/279/279
f 280/280/280 282/282/282 281/281/281
f 282/282/282 283/283/283 281/281/281
f 282/282/282 284/284/284 283/283/283
f 284/284/284 285/285/285 283/283/283
f 284/284/284 286/286/286 285/285/285
f 286/286/286 287/287/287 285/285/285
f 286/286/286 288/288/288 287/287/287
f 288/288/288 289/289/289 287/287/287
f 292/292/292 291/291/291 290/290/290
f 293/293/293 292/292/292 290/290/290
f 290/290/290 291/291/291 294/294/294
f 291/291/291 295/295/295 294/294/294
f 294/294/294 295/295/295 296/296/296
f 295/295/295 297/297/297 296/296/296
f 296/296/296 297/297/297 298/298/298
f 296/296/296 298/298/298 299/299/299
f 297/297/297 300/300/300 298/298/298
f 300/300/300 301/301/301 298/298/298
f 300/300/300 302/302/302 301/301/301
f 300/300/300 303/303/303 302/302/302
f 303/303/303 304/304/304 302/302/302
f 303/303/303 305/305/305 304/304/304
f 305/305/305 306/306/306 304/304/304
f 306/306/306 305/305/305 307/307/307
f 308/308/308 306/306/306 307/307/307
f 308/308/308 307/307/307 309/309/309
f 309/309/309 307/307/307 310/310/310
f 307/307/307 311/311/311 310/310/310
f 310/310/310 311/311/311 312/312/312
f 311/311/311 313/313/313 312/312/312
f 312/312/312 313/313/313 314/314/314
f 313/313/313 315/315/315 314/314/314
f 314/314/314 315/315/315 316/316/316
f 315/315/315 317/317/317 316/316/316
f 318/318/318 316/316/316 317/317/317
f 319/319/319 318/318/318 317/317/317
f 320/320/320 318/318/318 319/319/319
f 321/321/321 320/320/320 319/319/319
f 320/320/320 321/321/321 322/322/322
f 321/321/321 323/323/323 322/322/322
f 322/322/322 323/323/323 324/324/324
f 323/323/323 325/325/325 324/324/324
f 324/324/324 325/325/325 326/326/326
f 325/325/325 327/327/327 326/326/326
f 330/330/330 329/329/329 328/328/328
f 331/331/331 330/330/330 328/328/328
f 330/330/330 332/332/332 329/329/329
f 332/332/332 333/333/333 329/329/329
f 332/332/332 334/334/334 333/333/333
f 334/334/334 335/335/335 333/333/333
f 334/334/334 336/336/336 335/335/335
f 336/336/336 337/337/337 335/335/335
f 336/336/336 338/338/338 337/337/337
f 338/338/338 339/339/339 337/337/337
f 338/338/338 340/340/340 339/339/339
f 340/340/340 341/341/341 339/339/339
f 340/340/340 342/342/342 341/341/341
f 342/342/342 343/343/343 341/341/341
f 342/342/342 344/344/344 343/343/343
f 344/344/344 345/345/345 343/343/343
f 345/345/345 344/344/344 346/346/346
f 347/347/347 345/345/345 346/346/346
f 347/347/347 346/346/346 348/348/348
f 349/349/349 347/347/347 348/348/348
f 349/349/349 348/348/348 350/350/350
f 351/351/351 349/349/349 350/350/350
f 351/351/351 350/350/350 352/352/352
f 353/353/353 351/351/351 352/352/352
f 353/353/353 352/352/352 354/354/354
f 355/355/355 353/353/353 354/354/354
f 355/355/355 354/354/354 356/356/356
f 357/357/357 355/355/355 356/356/356
f 357/357/357 356/356/356 358/358/358
f 359/359/359 357/357/357 358/358/358
f 359/359/359 358/358/358 360/360/360
f 361/361/361 359/359/359 360/360/360
f 364/364/364 363/363/363 362/362/362
f 365/365/365 364/364/364 362/362/362
f 365/365/365 362/362/362 366/366/366
f 367/367/367 365/365/365 366/366/366
f 367/367/367 366/366/366 368/368/368
f 369/369/369 367/367/367 368/368/368
f 368/368/368 370/370/370 369/369/369
f 371/371/371 369/369/369 370/370/370
f 372/372/372 371/371/371 370/370/370
f 372/372/372 373/373/373 371/371/371
f 376/376/376 375/375/375 374/374/374
f 377/377/377 376/376/376 374/374/374
f 377/377/377 374/374/374 378/378/378
f 379/379/379 377/377/377 378/378/378
f 378/378/378 380/380/380 379/379/379
f 380/380/380 381/381/381 379/379/379
f 380/380/380 382/382/382 381/381/381
f 382/382/382 383/383/383 381/381/381
f 383/383/383 382/382/382 384/384/384
f 385/385/385 384/384/384 382/382/382
f 386/386/386 385/385/385 382/382/382
f 386/386/386 382/382/382 387/387/387
f 388/388/388 386/386/386 387/387/387
f 387/387/387 389/389/389 388/388/388
f 389/389/389 390/390/390 388/388/388
f 390/390/390 389/389/389 391/391/391
f 392/392/392 390/390/390 391/391/391
f 392/392/392 391/391/391 393/393/393
f 394/394/394 392/392/392 393/393/393
f 395/395/395 383/383/383 384/384/384
f 395/395/395 384/384/384 396/396/396
f 396/396/396 397/397/397 395/395/395
f 397/397/397 398/398/398 395/395/395
f 398/398/398 397/397/397 399/399/399
f 400/400/400 398/398/398 399/399/399
f 400/400/400 399/399/399 401/401/401
f 402/402/402 400/400/400 401/401/401
f 402/402/402 401/401/401 403/403/403
f 404/404/404 402/402/402 403/403/403
f 404/404/404 403/403/403 405/405/405
f 406/406/406 404/404/404 405/405/405
f 406/406/406 405/405/405 407/407/407
f 408/408/408 406/406/406 407/407/407
f 408/408/408 407/407/407 409/409/409
f 410/410/410 408/408/408 409/409/409
f 410/410/410 409/409/409 411/411/411
f 412/412/412 410/410/410 411/411/411
f 412/412/412 411/411/411 413/413/413
f 414/414/414 412/412/412 413/413/413
f 414/414/414 413/413/413 415/415/415
f 416/416/416 414/414/414 415/415/415
f 416/416/416 415/415/415 417/417/417
f 418/418/418 416/416/416 417/417/417
f 421/421/421 420/420/420 419/419/419
f 422/422/422 421/421/421 419/419/419
f 421/421/421 423/423/423 420/420/420
f 423/423/423 424/424/424 420/420/420
f 423/423/423 425/425/425 424/424/424
f 425/425/425 426/426/426 424/424/424
f 425/425/425 427/427/427 426/426/426
f 427/427/427 428/428/428 426/426/426
f 427/427/427 429/429/429 428/428/428
f 429/429/429 430/430/430 428/428/428
f 429/429/429 431/431/431 430/430/430
f 431/431/431 432/432/432 430/430/430
f 431/431/431 433/433/433 432/432/432
f 433/433/433 434/434/434 432/432/432
f 433/433/433 435/435/435 434/434/434
f 435/435/435 436/436/436 434/434/434
f 435/435/435 437/437/437 436/436/436
f 437/437/437 438/438/438 436/436/436
f 437/437/437 439/439/439 438/438/438
f 439/439/439 440/440/440 438/438/438
f 441/441/441 440/440/440 439/439/439
f 441/441/441 439/439/439 442/442/442
f 443/443/443 441/441/441 442/442/442
f 442/442/442 444/444/444 443/443/443
f 447/447/447 446/446/446 445/445/445
f 448/448/448 447/447/447 445/445/445
f 447/447/447 449/449/449 446/446/446
f 449/449/449 450/450/450 446/446/446
f 449/449/449 451/451/451 450/450/450
f 451/451/451 452/452/452 450/450/450
f 451/451/451 453/453/453 452/452/452
f 453/453/453 454/454/454 452/452/452
f 453/453/453 455/455/455 454/454/454
f 455/455/455 456/456/456 454/454/454
f 455/455/455 457/457/457 456/456/456
f 457/457/457 458/458/458 456/456/456
f 457/457/457 459/459/459 458/458/458
f 459/459/459 460/460/460 458/458/458
f 459/459/459 461/461/461 460/460/460
f 461/461/461 462/462/462 460/460/460
f 462/462/462 461/461/461 463/463/463
f 464/464/464 462/462/462 463/463/463
f 464/464/464 463/463/463 465/465/465
f 466/466/466 464/464/464 465/465/465
f 466/466/466 465/465/465 396/396/396
f 467/467/467 466/466/466 396/396/396
f 468/468/468 467/467/467 396/396/396
f 384/384/384 468/468/468 396/396/396
f 471/471/471 470/470/470 469/469/469
f 470/470/470 471/471/471 472/472/472
f 470/470/470 472/472/472 473/473/473
f 469/469/469 474/474/474 471/471/471
f 469/469/469 475/475/475 474/474/474
f 474/474/474 476/476/476 471/471/471
f 479/479/479 478/478/478 477/477/477
f 477/477/477 478/478/478 309/309/309
f 478/478/478 308/308/308 309/309/309
f 482/482/482 481/481/481 480/480/480
f 485/485/485 484/484/484 483/483/483
f 486/486/486 485/485/485 483/483/483
f 485/485/485 487/487/487 484/484/484
f 487/487/487 488/488/488 484/484/484
f 487/487/487 489/489/489 488/488/488
f 489/489/489 490/490/490 488/488/488
f 486/486/486 483/483/483 491/491/491
f 492/492/492 486/486/486 491/491/491
f 493/493/493 485/485/485 486/486/486
f 494/494/494 493/493/493 486/486/486
f 494/494/494 486/486/486 492/492/492
f 495/495/495 487/487/487 485/485/485
f 493/493/493 495/495/495 485/485/485
f 496/496/496 489/489/489 487/487/487
f 495/495/495 496/496/496 487/487/487
f 497/497/497 494/494/494 492/492/492
f 498/498/498 493/493/493 494/494/494
f 499/499/499 498/498/498 494/494/494
f 499/499/499 494/494/494 497/497/497
f 500/500/500 495/495/495 493/493/493
f 498/498/498 500/500/500 493/493/493
f 501/501/501 496/496/496 495/495/495
f 500/500/500 501/501/501 495/495/495
f 502/502/502 499/499/499 497/497/497
f 503/503/503 498/498/498 499/499/499
f 504/504/504 503/503/503 499/499/499
f 504/504/504 499/499/499 502/502/502
f 505/505/505 500/500/500 498/498/498
f 503/503/503 505/505/505 498/498/498
f 506/506/506 501/501/501 500/500/500
f 505/505/505 506/506/506 500/500/500
f 507/507/507 504/504/504 502/502/502
f 508/508/508 503/503/503 504/504/504
f 509/509/509 508/508/508 504/504/504
f 509/509/509 504/504/504 507/507/507
f 510/510/510 505/505/505 503/503/503
f 508/508/508 510/510/510 503/503/503
f 511/511/511 506/506/506 505/505/505
f 510/510/510 511/511/511 505/505/505
f 512/512/512 509/509/509 507/507/507
f 513/513/513 508/508/508 509/509/509
f 514/514/514 513/513/513 509/509/509
f 514/514/514 509/509/509 512/512/512
f 515/515/515 510/510/510 508/508/508
f 513/513/513 515/515/515 508/508/508
f 516/516/516 511/511/511 510/510/510
f 515/515/515 516/516/516 510/510/510
f 517/517/517 514/514/514 512/512/512
f 518/518/518 513/513/513 514/514/514
f 518/518/518 515/515/515 513/513/513
f 518/518/518 516/516/516 515/515/515
f 518/518/518 514/514/514 517/517/517
f 521/521/521 520/520/520 519/519/519
f 522/522/522 521/521/521 519/519/519
f 521/521/521 523/523/523 520/520/520
f 523/523/523 524/524/524 520/520/520
f 523/523/523 525/525/525 524/524/524
f 525/525/525 526/526/526 524/524/524
f 525/525/525 527/527/527 526/526/526
f 527/527/527 528/528/528 526/526/526
f 529/529/529 521/521/521 522/522/522
f 530/530/530 529/529/529 522/522/522
f 531/531/531 523/523/523 521/521/521
f 529/529/529 531/531/531 521/521/521
f 532/532/532 525/525/525 523/523/523
f 531/531/531 532/532/532 523/523/523
f 533/533/533 527/527/527 525/525/525
f 532/532/532 533/533/533 525/525/525
f 534/534/534 529/529/529 530/530/530
f 535/535/535 534/534/534 530/530/530
f 536/536/536 531/531/531 529/529/529
f 534/534/534 536/536/536 529/529/529
f 537/537/537 532/532/532 531/531/531
f 536/536/536 537/537/537 531/531/531
f 538/538/538 533/533/533 532/532/532
f 537/537/537 538/538/538 532/532/532
f 539/539/539 534/534/534 535/535/535
f 540/540/540 539/539/539 535/535/535
f 541/541/541 536/536/536 534/534/534
f 539/539/539 541/541/541 534/534/534
f 542/542/542 537/537/537 536/536/536
f 541/541/541 542/542/542 536/536/536
f 543/543/543 538/538/538 537/537/537
f 542/542/542 543/543/543 537/537/537
f 544/544/544 539/539/539 540/540/540
f 545/545/545 544/544/544 540/540/540
f 546/546/546 541/541/541 539/539/539
f 544/544/544 546/546/546 539/539/539
f 547/547/547 542/542/542 541/541/541
f 546/546/546 547/547/547 541/541/541
f 548/548/548 543/543/543 542/542/542
f 547/547/547 548/548/548 542/542/542
f 549/549/549 544/544/544 545/545/545
f 550/550/550 549/549/549 545/545/545
f 551/551/551 546/546/546 544/544/544
f 549/549/549 551/551/551 544/544/544
f 552/552/552 547/547/547 546/546/546
f 551/551/551 552/552/552 546/546/546
f 553/553/553 548/548/548 547/547/547
f 552/552/552 553/553/553 547/547/547
f 554/554/554 551/551/551 549/549/549
f 554/554/554 552/552/552 551/551/551
f 555/555/555 483/483/483 484/484/484
f 555/555/555 484/484/484 488/488/488
f 558/558/558 557/557/557 556/556/556
f 559/559/559 519/519/519 520/520/520
f 559/559/559 520/520/520 524/524/524
f 559/559/559 524/524/524 526/526/526
f 559/559/559 526/526/526 528/528/528
f 562/562/562 561/561/561 560/560/560
f 565/565/565 564/564/564 563/563/563
f 568/568/568 567/567/567 566/566/566
f 571/571/571 570/570/570 569/569/569
f 572/572/572 571/571/571 569/569/569
f 571/571/571 573/573/573 570/570/570
f 573/573/573 574/574/574 570/570/570
f 573/573/573 575/575/575 574/574/574
f 575/575/575 576/576/576 574/574/574
f 572/572/572 569/569/569 577/577/577
f 578/578/578 572/572/572 577/577/577
f 579/579/579 571/571/571 572/572/572
f 580/580/580 579/579/579 572/572/572
f 580/580/580 572/572/572 578/578/578
f 581/581/581 573/573/573 571/571/571
f 579/579/579 581/581/581 571/571/571
f 582/582/582 575/575/575 573/573/573
f 581/581/581 582/582/582 573/573/573
f 583/583/583 580/580/580 578/578/578
f 584/584/584 579/579/579 580/580/580
f 585/585/585 584/584/584 580/580/580
f 585/585/585 580/580/580 583/583/583
f 586/586/586 581/581/581 579/579/579
f 584/584/584 586/586/586 579/579/579
f 587/587/587 582/582/582 581/581/581
f 586/586/586 587/587/587 581/581/581
f 588/588/588 585/585/585 583/583/583
f 589/589/589 584/584/584 585/585/585
f 590/590/590 589/589/589 585/585/585
f 590/590/590 585/585/585 588/588/588
f 591/591/591 586/586/586 584/584/584
f 589/589/589 591/591/591 584/584/584
f 592/592/592 587/587/587 586/586/586
f 591/591/591 592/592/592 586/586/586
f 593/593/593 590/590/590 588/588/588
f 594/594/594 589/589/589 590/590/590
f 595/595/595 594/594/594 590/590/590
f 595/595/595 590/590/590 593/593/593
f 596/596/596 591/591/591 589/589/589
f 594/594/594 596/596/596 589/589/589
f 597/597/597 592/592/592 591/591/591
f 596/596/596 597/597/597 591/591/591
f 598/598/598 595/595/595 593/593/593
f 599/599/599 594/594/594 595/595/595
f 600/600/600 599/599/599 595/595/595
f 600/600/600 595/595/595 598/598/598
f 601/601/601 596/596/596 594/594/594
f 599/599/599 601/601/601 594/594/594
f 602/602/602 597/597/597 596/596/596
f 601/601/601 602/602/602 596/596/596
f 603/603/603 600/600/600 598/598/598
f 604/604/604 599/599/599 600/600/600
f 604/604/604 601/601/601 599/599/599
f 604/604/604 602/602/602 601/601/601
f 604/604/604 600/600/600 603/603/603
f 607/607/607 606/606/606 605/605/605
f 608/608/608 607/607/607 605/605/605
f 607/607/607 609/609/609 606/606/606
f 609/609/609 610/610/610 606/606/606
f 609/609/609 611/611/611 610/610/610
f 611/611/611 612/612/612 610/610/610
f 611/611/611 613/613/613 612/612/612
f 613/613/613 614/614/614 612/612/612
f 615/615/615 607/607/607 608/608/608
f 616/616/616 615/615/615 608/608/608
f 617/617/617 609/609/609 607/607/607
f 615/615/615 617/617/617 607/607/607
f 618/618/618 611/611/611 609/609/609
f 617/617/617 618/618/618 609/609/609
f 619/619/619 613/613/613 611/611/611
f 618/618/618 619/619/619 611/611/611
f 620/620/620 615/615/615 616/616/616
f 621/621/621 620/620/620 616/616/616
f 622/622/622 617/617/617 615/615/615
f 620/620/620 622/622/622 615/615/615
f 623/623/623 618/618/618 617/617/617
f 622/622/622 623/623/623 617/617/617
f 624/624/624 619/619/619 618/618/618
f 623/623/623 624/624/624 618/618/618
f 625/625/625 620/620/620 621/621/621
f 626/626/626 625/625/625 621/621/621
f 627/627/627 622/622/622 620/620/620
f 625/625/625 627/627/627 620/620/620
f 628/628/628 623/623/623 622/622/622
f 627/627/627 628/628/628 622/622/622
f 629/629/629 624/624/624 623/623/623
f 628/628/628 629/629/629 623/623/623
f 630/630/630 625/625/625 626/626/626
f 631/631/631 630/630/630 626/626/626
f 632/632/632 627/627/627 625/625/625
f 630/630/630 632/632/632 625/625/625
f 633/633/633 628/628/628 627/627/627
f 632/632/632 633/633/633 627/627/627
f 634/634/634 629/629/629 628/628/628
f 633/633/633 634/634/634 628/628/628
f 635/635/635 630/630/630 631/631/631
f 636/636/636 635/635/635 631/631/631
f 637/637/637 632/632/632 630/630/630
f 635/635/635 637/637/637 630/630/630
f 638/638/638 633/633/633 632/632/632
f 637/637/637 638/638/638 632/632/632
f 639/639/639 634/634/634 633/633/633
f 638/638/638 639/639/639 633/633/633
f 640/640/640 637/637/637 635/635/635
f 640/640/640 638/638/638 637/637/637
f 641/641/641 569/569/569 570/570/570
f 641/641/641 570/570/570 574/574/574
f 644/644/644 643/643/643 642/642/642
f 645/645/645 605/605/605 606/606/606
f 645/645/645 606/606/606 610/610/610
f 645/645/645 610/610/610 612/612/612
f 645/645/645 612/612/612 614/614/614
f 648/648/648 647/647/647 646/646/646
f 651/651/651 650/650/650 649/649/649
f 654/654/654 653/653/653 652/652/652
f 657/657/657 656/656/656 655/655/655
f 658/658/658 657/657/657 655/655/655
f 661/661/661 660/660/660 659/659/659
f 662/662/662 661/661/661 659/659/659
f 665/665/665 664/664/664 663/663/663
f 666/666/666 665/665/665 663/663/663
f 669/669/669 668/668/668 667/667/667
f 670/670/670 669/669/669 667/667/667
f 673/673/673 672/672/672 671/671/671
f 674/674/674 673/673/673 671/671/671
f 677/677/677 676/676/676 675/675/675
f 678/678/678 677/677/677 675/675/675
f 681/681/681 680/680/680 679/679/679
f 682/682/682 681/681/681 679/679/679
f 681/681/681 683/683/683 680/680/680
f 683/683/683 684/684/684 680/680/680
f 683/683/683 685/685/685 684/684/684
f 685/685/685 686/686/686 684/684/684
f 685/685/685 687/687/687 686/686/686
f 687/687/687 688/688/688 686/686/686
f 687/687/687 689/689/689 688/688/688
f 689/689/689 690/690/690 688/688/688
f 689/689/689 691/691/691 690/690/690
f 691/691/691 692/692/692 690/690/690
f 691/691/691 693/693/693 692/692/692
f 693/693/693 694/694/694 692/692/692
f 693/693/693 695/695/695 694/694/694
f 695/695/695 696/696/696 694/694/694
f 695/695/695 697/697/697 696/696/696
f 697/697/697 698/698/698 696/696/696
f 697/697/697 699/699/699 698/698/698
f 699/699/699 700/700/700 698/698/698
f 699/699/699 701/701/701 700/700/700
f 701/701/701 702/702/702 700/700/700
f 701/701/701 703/703/703 702/702/702
f 703/703/703 704/704/704 702/702/702
f 703/703/703 705/705/705 704/704/704
f 705/705/705 706/706/706 704/704/704
f 705/705/705 707/707/707 706/706/706
f 707/707/707 708/708/708 706/706/706
f 707/707/707 709/709/709 708/708/708
f 709/709/709 710/710/710 708/708/708
f 709/709/709 711/711/711 710/710/710
f 711/711/711 712/712/712 710/710/710
f 711/711/711 713/713/713 712/712/712
f 713/713/713 714/714/714 712/712/712
f 717/717/717 716/716/716 715/715/715
f 718/718/718 717/717/717 715/715/715
f 717/717/717 719/719/719 716/716/716
f 719/719/719 720/720/720 716/716/716
f 719/719/719 721/721/721 720/720/720
f 721/721/721 722/722/722 720/720/720
f 721/721/721 723/723/723 722/722/722
f 723/723/723 724/724/724 722/722/722
f 723/723/723 725/725/725 724/724/724
f 725/725/725 726/726/726 724/724/724
f 725/725/725 727/727/727 726/726/726
f 727/727/727 728/728/728 726/726/726
f 727/727/727 729/729/729 728/728/728
f 729/729/729 730/730/730 728/728/728
f 729/729/729 731/731/731 730/730/730
f 731/731/731 732/732/732 730/730/730
f 731/731/731 733/733/733 732/732/732
f 733/733/733 734/734/734 732/732/732
f 733/733/733 735/735/735 734/734/734
f 735/735/735 736/736/736 734/734/734
f 735/735/735 737/737/737 736/736/736
f 737/737/737 738/738/738 736/736/736
f 737/737/737 739/739/739 738/738/738
f 739/739/739 740/740/740 738/738/738
f 739/739/739 741/741/741 740/740/740
f 741/741/741 742/742/742 740/740/740
f 741/741/741 743/743/743 742/742/742
f 743/743/743 744/744/744 742/742/742
f 743/743/743 745/745/745 744/744/744
f 745/745/745 746/746/746 744/744/744
f 745/745/745 747/747/747 746/746/746
f 747/747/747 748/748/748 746/746/746
f 747/747/747 749/749/749 748/748/748
f 749/749/749 750/750/750 748/748/748
f 753/753/753 752/752/752 751/751/751
f 754/754/754 753/753/753 751/751/751
f 754/754/754 751/751/751 755/755/755
f 756/756/756 754/754/754 755/755/755
f 756/756/756 755/755/755 757/757/757
f 758/758/758 756/756/756 757/757/757
f 758/758/758 757/757/757 759/759/759
f 760/760/760 758/758/758 759/759/759
f 760/760/760 759/759/759 761/761/761
f 762/762/762 760/760/760 761/761/761
f 762/762/762 761/761/761 763/763/763
f 764/764/764 762/762/762 763/763/763
f 764/764/764 763/763/763 765/765/765
f 766/766/766 764/764/764 765/765/765
f 766/766/766 765/765/765 767/767/767
f 768/768/768 766/766/766 767/767/767
f 768/768/768 767/767/767 769/769/769
f 770/770/770 768/768/768 769/769/769
f 770/770/770 769/769/769 771/771/771
f 772/772/772 770/770/770 771/771/771
f 772/772/772 771/771/771 773/773/773
f 774/774/774 772/772/772 773/773/773
f 774/774/774 773/773/773 775/775/775
f 776/776/776 774/774/774 775/775/775
f 776/776/776 775/775/775 777/777/777
f 778/778/778 776/776/776 777/777/777
f 778/778/778 777/777/777 779/779/779
f 780/780/780 778/778/778 779/779/779
f 780/780/780 779/779/779 781/781/781
f 782/782/782 780/780/780 781/781/781
f 782/782/782 781/781/781 783/783/783
f 784/784/784 782/782/782 783/783/783
f 784/784/784 783/783/783 785/785/785
f 786/786/786 784/784/784 785/785/785
f 789/789/789 788/788/788 787/787/787
f 790/790/790 789/789/789 787/787/787
f 790/790/790 787/787/787 791/791/791
f 792/792/792 790/790/790 791/791/791
f 792/792/792 791/791/791 793/793/793
f 794/794/794 792/792/792 793/793/793
f 794/794/794 793/793/793 795/795/795
f 796/796/796 794/794/794 795/795/795
f 796/796/796 795/795/795 797/797/797
f 798/798/798 796/796/796 797/797/797
f 798/798/798 797/797/797 799/799/799
f 800/800/800 798/798/798 799/799/799
f 800/800/800 799/799/799 801/801/801
f 802/802/802 800/800/800 801/801/801
f 802/802/802 801/801/801 803/803/803
f 804/804/804 802/802/802 803/803/803
f 804/804/804 803/803/803 805/805/805
f 806/806/806 804/804/804 805/805/805
f 806/806/806 805/805/805 807/807/807
f 808/808/808 806/806/806 807/807/807
f 808/808/808 807/807/807 809/809/809
f 810/810/810 808/808/808 809/809/809
f 810/810/810 809/809/809 811/811/811
f 812/812/812 810/810/810 811/811/811
f 812/812/812 811/811/811 813/813/813
f 814/814/814 812/812/812 813/813/813
f 814/814/814 813/813/813 815/815/815
f 816/816/816 814/814/814 815/815/815
f 816/816/816 815/815/815 817/817/817
f 818/818/818 816/816/816 817/817/817
f 818/818/818 817/817/817 819/819/819
f 820/820/820 818/818/818 819/819/819
f 820/820/820 819/819/819 821/821/821
f 822/822/822 820/820/820 821/821/821
f 825/825/825 824/824/824 823/823/823
f 826/826/826 825/825/825 823/823/823
f 825/825/825 827/827/827 824/824/824
f 827/827/827 828/828/828 824/824/824
f 827/827/827 829/829/829 828/828/828
f 829/829/829 830/830/830 828/828/828
f 829/829/829 831/831/831 830/830/830
f 831/831/831 832/832/832 830/830/830
f 831/831/831 833/833/833 832/832/832
f 833/833/833 834/834/834 832/832/832
f 833/833/833 835/835/835 834/834/834
f 835/835/835 836/836/836 834/834/834
f 835/835/835 837/837/837 836/836/836
f 837/837/837 838/838/838 836/836/836
f 837/837/837 839/839/839 838/838/838
f 839/839/839 840/840/840 838/838/838
f 839/839/839 841/841/841 840/840/840
f 841/841/841 842/842/842 840/840/840
f 841/841/841 843/843/843 842/842/842
f 843/843/843 844/844/844 842/842/842
f 843/843/843 845/845/845 844/844/844
f 845/845/845 846/846/846 844/844/844
f 845/845/845 847/847/847 846/846/846
f 847/847/847 848/848/848 846/846/846
f 847/847/847 849/849/849 848/848/848
f 849/849/849 850/850/850 848/848/848
f 849/849/849 851/851/851 850/850/850
f 851/851/851 852/852/852 850/850/850
f 851/851/851 853/853/853 852/852/852
f 853/853/853 854/854/854 852/852/852
f 853/853/853 855/855/855 854/854/854
f 855/855/855 856/856/856 854/854/854
f 855/855/855 857/857/857 856/856/856
f 857/857/857 858/858/858 856/856/856
f 861/861/861 860/860/860 859/859/859
f 862/862/862 861/861/861 859/859/859
f 861/861/861 863/863/863 860/860/860
f 863/863/863 864/864/864 860/860/860
f 863/863/863 865/865/865 864/864/864
f 865/865/865 866/866/866 864/864/864
f 865/865/865 867/867/867 866/866/866
f 867/867/867 868/868/868 866/866/866
f 867/867/867 869/869/869 868/868/868
f 869/869/869 870/870/870 868/868/868
f 869/869/869 871/871/871 870/870/870
f 871/871/871 872/872/872 870/870/870
f 871/871/871 873/873/873 872/872/872
f 873/873/873 874/874/874 872/872/872
f 873/873/873 875/875/875 874/874/874
f 875/875/875 876/876/876 874/874/874
f 875/875/875 877/877/877 876/876/876
f 877/877/877 878/878/878 876/876/876
f 877/877/877 879/879/879 878/878/878
f 879/879/879 880/880/880 878/878/878
f 879/879/879 881/881/881 880/880/880
f 881/881/881 882/882/882 880/880/880
f 881/881/881 883/883/883 882/882/882
f 883/883/883 884/884/884 882/882/882
f 883/883/883 885/885/885 884/884/884
f 885/885/885 886/886/886 884/884/884
f 885/885/885 887/887/887 886/886/886
f 887/887/887 888/888/888 886/886/886
f 887/887/887 889/889/889 888/888/888
f 889/889/889 890/890/890 888/888/888
f 889/889/889 891/891/891 890/890/890
f 891/891/891 892/892/892 890/890/890
f 891/891/891 893/893/893 892/892/892
f 893/893/893 894/894/894 892/892/892
f 897/897/897 896/896/896 895/895/895
f 898/898/898 897/897/897 895/895/895
f 898/898/898 895/895/895 899/899/899
f 900/900/900 898/898/898 899/899/899
f 900/900/900 899/899/899 901/901/901
f 902/902/902 900/900/900 901/901/901
f 902/902/902 901/901/901 903/903/903
f 904/904/904 902/902/902 903/903/903
f 904/904/904 903/903/903 905/905/905
f 906/906/906 904/904/904 905/905/905
f 906/906/906 905/905/905 907/907/907
f 908/908/908 906/906/906 907/907/907
f 908/908/908 907/907/907 909/909/909
f 910/910/910 908/908/908 909/909/909
f 910/910/910 909/909/909 911/911/911
f 912/912/912 910/910/910 911/911/911
f 912/912/912 911/911/911 913/913/913
f 914/914/914 912/912/912 913/913/913
f 914/914/914 913/913/913 915/915/915
f 916/916/916 914/914/914 915/915/915
f 916/916/916 915/915/915 917/917/917
f 918/918/918 916/916/916 917/917/917
f 918/918/918 917/917/917 919/919/919
f 920/920/920 918/918/918 919/919/919
f 920/920/920 919/919/919 921/921/921
f 922/922/922 920/920/920 921/921/921
f 922/922/922 921/921/921 923/923/923
f 924/924/924 922/922/922 923/923/923
f 924/924/924 923/923/923 925/925/925
f 926/926/926 924/924/924 925/925/925
f 926/926/926 925/925/925 927/927/927
f 928/928/928 926/926/926 927/927/927
f 928/928/928 927/927/927 929/929/929
f 930/930/930 928/928/928 929/929/929
f 930/930/930 929/929/929 931/931/931
f 932/932/932 930/930/930 931/931/931
f 932/932/932 931/931/931 933/933/933
f 934/934/934 932/932/932 933/933/933
f 934/934/934 933/933/933 935/935/935
f 936/936/936 934/934/934 935/935/935
f 936/936/936 935/935/935 937/937/937
f 938/938/938 936/936/936 937/937/937
f 938/938/938 937/937/937 939/939/939
f 940/940/940 938/938/938 939/939/939
f 940/940/940 939/939/939 941/941/941
f 942/942/942 940/940/940 941/941/941
f 942/942/942 941/941/941 943/943/943
f 944/944/944 942/942/942 943/943/943
f 944/944/944 943/943/943 945/945/945
f 946/946/946 944/944/944 945/945/945
f 946/946/946 945/945/945 947/947/947
f 948/948/948 946/946/946 947/947/947
f 948/948/948 947/947/947 949/949/949
f 950/950/950 948/948/948 949/949/949
f 950/950/950 949/949/949 951/951/951
f 952/952/952 950/950/950 951/951/951
f 952/952/952 951/951/951 953/953/953
f 954/954/954 952/952/952 953/953/953
f 954/954/954 953/953/953 955/955/955
f 956/956/956 954/954/954 955/955/955
f 956/956/956 955/955/955 957/957/957
f 958/958/958 956/956/956 957/957/957
f 958/958/958 957/957/957 959/959/959
f 960/960/960 958/958/958 959/959/959
f 960/960/960 959/959/959 961/961/961
f 962/962/962 960/960/960 961/961/961
f 962/962/962 961/961/961 963/963/963
f 961/961/961 964/964/964 963/963/963
f 967/967/967 966/966/966 965/965/965
f 968/968/968 967/967/967 965/965/965
f 967/967/967 969/969/969 966/966/966
f 969/969/969 970/970/970 966/966/966
f 969/969/969 971/971/971 970/970/970
f 971/971/971 972/972/972 970/970/970
f 968/968/968 965/965/965 973/973/973
f 974/974/974 968/968/968 973/973/973
f 975/975/975 967/967/967 968/968/968
f 976/976/976 975/975/975 968/968/968
f 976/976/976 968/968/968 974/974/974
f 977/977/977 969/969/969 967/967/967
f 975/975/975 977/977/977 967/967/967
f 978/978/978 971/971/971 969/969/969
f 977/977/977 978/978/978 969/969/969
f 979/979/979 976/976/976 974/974/974
f 980/980/980 975/975/975 976/976/976
f 981/981/981 980/980/980 976/976/976
f 981/981/981 976/976/976 979/979/979
f 982/982/982 977/977/977 975/975/975
f 980/980/980 982/982/982 975/975/975
f 983/983/983 978/978/978 977/977/977
f 982/982/982 983/983/983 977/977/977
f 984/984/984 981/981/981 979/979/979
f 985/985/985 980/980/980 981/981/981
f 986/986/986 985/985/985 981/981/981
f 986/986/986 981/981/981 984/984/984
f 987/987/987 982/982/982 980/980/980
f 985/985/985 987/987/987 980/980/980
f 988/988/988 983/983/983 982/982/982
f 987/987/987 988/988/988 982/982/982
f 989/989/989 986/986/986 984/984/984
f 990/990/990 985/985/985 986/986/986
f 991/991/991 990/990/990 986/986/986
f 991/991/991 986/986/986 989/989/989
f 992/992/992 987/987/987 985/985/985
f 990/990/990 992/992/992 985/985/985
f 993/993/993 988/988/988 987/987/987
f 992/992/992 993/993/993 987/987/987
f 994/994/994 991/991/991 989/989/989
f 995/995/995 990/990/990 991/991/991
f 996/996/996 995/995/995 991/991/991
f 996/996/996 991/991/991 994/994/994
f 997/997/997 992/992/992 990/990/990
f 995/995/995 997/997/997 990/990/990
f 998/998/998 993/993/993 992/992/992
f 997/997/997 998/998/998 992/992/992
f 999/999/999 996/996/996 994/994/994
f 1000/1000/1000 995/995/995 996/996/996
f 1000/1000/1000 997/997/997 995/995/995
f 1000/1000/1000 998/998/998 997/997/997
f 1000/1000/1000 996/996/996 999/999/999
f 1003/1003/1003 1002/1002/1002 1001/1001/1001
f 1004/1004/1004 1003/1003/1003 1001/1001/1001
f 1003/1003/1003 1005/1005/1005 1002/1002/1002
f 1005/1005/1005 1006/1006/1006 1002/1002/1002
f 1005/1005/1005 1007/1007/1007 1006/1006/1006
f 1007/1007/1007 1008/1008/1008 1006/1006/1006
f 1007/1007/1007 1009/1009/1009 1008/1008/1008
f 1009/1009/1009 1010/1010/1010 1008/1008/1008
f 1011/1011/1011 1003/1003/1003 1004/1004/1004
f 1012/1012/1012 1011/1011/1011 1004/1004/1004
f 1013/1013/1013 1005/1005/1005 1003/1003/1003
f 1011/1011/1011 1013/1013/1013 1003/1003/1003
f 1014/1014/1014 1007/1007/1007 1005/1005/1005
f 1013/1013/1013 1014/1014/1014 1005/1005/1005
f 1015/1015/1015 1009/1009/1009 1007/1007/1007
f 1014/1014/1014 1015/1015/1015 1007/1007/1007
f 1016/1016/1016 1011/1011/1011 1012/1012/1012
f 1017/1017/1017 1016/1016/1016 1012/1012/1012
f 1018/1018/1018 1013/1013/1013 1011/1011/1011
f 1016/1016/1016 1018/1018/1018 1011/1011/1011
f 1019/1019/1019 1014/1014/1014 1013/1013/1013
f 1018/1018/1018 1019/1019/1019 1013/1013/1013
f 1020/1020/1020 1015/1015/1015 1014/1014/1014
f 1019/1019/1019 1020/1020/1020 1014/1014/1014
f 1021/1021/1021 1016/1016/1016 1017/1017/1017
f 1022/1022/1022 1021/1021/1021 1017/1017/1017
f 1023/1023/1023 1018/1018/1018 1016/1016/1016
f 1021/1021/1021 1023/1023/1023 1016/1016/1016
f 1024/1024/1024 1019/1019/1019 1018/1018/1018
f 1023/1023/1023 1024/1024/1024 1018/1018/1018
f 1025/1025/1025 1020/1020/1020 1019/1019/1019
f 1024/1024/1024 1025/1025/1025 1019/1019/1019
f 1026/1026/1026 1021/1021/1021 1022/1022/1022
f 1027/1027/1027 1026/1026/1026 1022/1022/1022
f 1028/1028/1028 1023/1023/1023 1021/1021/1021
f 1026/1026/1026 1028/1028/1028 1021/1021/1021
f 1029/1029/1029 1024/1024/1024 1023/1023/1023
f 1028/1028/1028 1029/1029/1029 1023/1023/1023
f 1030/1030/1030 1025/1025/1025 1024/1024/1024
f 1029/1029/1029 1030/1030/1030 1024/1024/1024
f 1031/1031/1031 1026/1026/1026 1027/1027/1027
f 1032/1032/1032 1031/1031/1031 1027/1027/1027
f 1033/1033/1033 1028/1028/1028 1026/1026/1026
f 1031/1031/1031 1033/1033/1033 1026/1026/1026
f 1034/1034/1034 1029/1029/1029 1028/1028/1028
f 1033/1033/1033 1034/1034/1034 1028/1028/1028
f 1035/1035/1035 1030/1030/1030 1029/1029/1029
f 1034/1034/1034 1035/1035/1035 1029/1029/1029
f 1036/1036/1036 1031/1031/1031 1032/1032/1032
f 1036/1036/1036 1033/1033/1033 1031/1031/1031
f 1036/1036/1036 1034/1034/1034 1033/1033/1033
f 1036/1036/1036 1035/1035/1035 1034/1034/1034
f 1037/1037/1037 965/965/965 966/966/966
f 1037/1037/1037 966/966/966 970/970/970
f 1037/1037/1037 970/970/970 972/972/972
f 1037/1037/1037 973/973/973 965/965/965
f 1038/1038/1038 1001/1001/1001 1002/1002/1002
f 1038/1038/1038 1002/1002/1002 1006/1006/1006
f 1038/1038/1038 1006/1006/1006 1008/1008/1008
f 1038/1038/1038 1008/1008/1008 1010/1010/1010
f 1041/1041/1041 1040/1040/1040 1039/1039/1039
f 1042/1042/1042 1041/1041/1041 1039/1039/1039
f 1041/1041/1041 1043/1043/1043 1040/1040/1040
f 1043/1043/1043 1044/1044/1044 1040/1040/1040
f 1042/1042/1042 1039/1039/1039 1045/1045/1045
f 1046/1046/1046 1042/1042/1042 1045/1045/1045
f 1047/1047/1047 1041/1041/1041 1042/1042/1042
f 1048/1048/1048 1047/1047/1047 1042/1042/1042
f 1048/1048/1048 1042/1042/1042 1046/1046/1046
f 1049/1049/1049 1043/1043/1043 1041/1041/1041
f 1047/1047/1047 1049/1049/1049 1041/1041/1041
f 1050/1050/1050 1048/1048/1048 1046/1046/1046
f 1051/1051/1051 1047/1047/1047 1048/1048/1048
f 1052/1052/1052 1051/1051/1051 1048/1048/1048
f 1052/1052/1052 1048/1048/1048 1050/1050/1050
f 1053/1053/1053 1049/1049/1049 1047/1047/1047
f 1051/1051/1051 1053/1053/1053 1047/1047/1047
f 1054/1054/1054 1052/1052/1052 1050/1050/1050
f 1055/1055/1055 1051/1051/1051 1052/1052/1052
f 1056/1056/1056 1055/1055/1055 1052/1052/1052
f 1056/1056/1056 1052/1052/1052 1054/1054/1054
f 1057/1057/1057 1053/1053/1053 1051/1051/1051
f 1055/1055/1055 1057/1057/1057 1051/1051/1051
f 1058/1058/1058 1056/1056/1056 1054/1054/1054
f 1059/1059/1059 1055/1055/1055 1056/1056/1056
f 1060/1060/1060 1059/1059/1059 1056/1056/1056
f 1060/1060/1060 1056/1056/1056 1058/1058/1058
f 1061/1061/1061 1057/1057/1057 1055/1055/1055
f 1059/1059/1059 1061/1061/1061 1055/1055/1055
f 1062/1062/1062 1060/1060/1060 1058/1058/1058
f 1063/1063/1063 1059/1059/1059 1060/1060/1060
f 1064/1064/1064 1063/1063/1063 1060/1060/1060
f 1064/1064/1064 1060/1060/1060 1062/1062/1062
f 1065/1065/1065 1061/1061/1061 1059/1059/1059
f 1063/1063/1063 1065/1065/1065 1059/1059/1059
f 1066/1066/1066 1064/1064/1064 1062/1062/1062
f 1067/1067/1067 1063/1063/1063 1064/1064/1064
f 1067/1067/1067 1065/1065/1065 1063/1063/1063
f 1067/1067/1067 1064/1064/1064 1066/1066/1066
f 1070/1070/1070 1069/1069/1069 1068/1068/1068
f 1071/1071/1071 1070/1070/1070 1068/1068/1068
f 1072/1072/1072 1070/1070/1070 1071/1071/1071
f 1073/1073/1073 1072/1072/1072 1071/1071/1071
f 1074/1074/1074 1072/1072/1072 1073/1073/1073
f 1075/1075/1075 1074/1074/1074 1073/1073/1073
f 1076/1076/1076 1074/1074/1074 1075/1075/1075
f 1077/1077/1077 1076/1076/1076 1075/1075/1075
f 1078/1078/1078 1076/1076/1076 1077/1077/1077
f 1079/1079/1079 1078/1078/1078 1077/1077/1077
f 1080/1080/1080 1078/1078/1078 1079/1079/1079
f 1081/1081/1081 1080/1080/1080 1079/1079/1079
f 1082/1082/1082 1068/1068/1068 1069/1069/1069
f 1083/1083/1083 1080/1080/1080 1081/1081/1081
f 1086/1086/1086 1085/1085/1085 1084/1084/1084
f 1087/1087/1087 1086/1086/1086 1084/1084/1084
f 1086/1086/1086 1088/1088/1088 1085/1085/1085
f 1088/1088/1088 1089/1089/1089 1085/1085/1085
f 1088/1088/1088 1090/1090/1090 1089/1089/1089
f 1090/1090/1090 1091/1091/1091 1089/1089/1089
f 1092/1092/1092 1086/1086/1086 1087/1087/1087
f 1093/1093/1093 1092/1092/1092 1087/1087/1087
f 1094/1094/1094 1088/1088/1088 1086/1086/1086
f 1092/1092/1092 1094/1094/1094 1086/1086/1086
f 1095/1095/1095 1090/1090/1090 1088/1088/1088
f 1094/1094/1094 1095/1095/1095 1088/1088/1088
f 1096/1096/1096 1092/1092/1092 1093/1093/1093
f 1097/1097/1097 1096/1096/1096 1093/1093/1093
f 1098/1098/1098 1094/1094/1094 1092/1092/1092
f 1096/1096/1096 1098/1098/1098 1092/1092/1092
f 1099/1099/1099 1095/1095/1095 1094/1094/1094
f 1098/1098/1098 1099/1099/1099 1094/1094/1094
f 1100/1100/1100 1096/1096/1096 1097/1097/1097
f 1101/1101/1101 1100/1100/1100 1097/1097/1097
f 1102/1102/1102 1098/1098/1098 1096/1096/1096
f 1100/1100/1100 1102/1102/1102 1096/1096/1096
f 1103/1103/1103 1099/1099/1099 1098/1098/1098
f 1102/1102/1102 1103/1103/1103 1098/1098/1098
f 1104/1104/1104 1100/1100/1100 1101/1101/1101
f 1105/1105/1105 1104/1104/1104 1101/1101/1101
f 1106/1106/1106 1102/1102/1102 1100/1100/1100
f 1104/1104/1104 1106/1106/1106 1100/1100/1100
f 1107/1107/1107 1103/1103/1103 1102/1102/1102
f 1106/1106/1106 1107/1107/1107 1102/1102/1102
f 1108/1108/1108 1104/1104/1104 1105/1105/1105
f 1109/1109/1109 1108/1108/1108 1105/1105/1105
f 1110/1110/1110 1106/1106/1106 1104/1104/1104
f 1108/1108/1108 1110/1110/1110 1104/1104/1104
f 1111/1111/1111 1107/1107/1107 1106/1106/1106
f 1110/1110/1110 1111/1111/1111 1106/1106/1106
f 1112/1112/1112 1108/1108/1108 1109/1109/1109
f 1112/1112/1112 1110/1110/1110 1108/1108/1108
f 1112/1112/1112 1111/1111/1111 1110/1110/1110
f 1115/1115/1115 1114/1114/1114 1113/1113/1113
f 1116/1116/1116 1115/1115/1115 1113/1113/1113
f 1117/1117/1117 1115/1115/1115 1116/1116/1116
f 1118/1118/1118 1117/1117/1117 1116/1116/1116
f 1119/1119/1119 1117/1117/1117 1118/1118/1118
f 1120/1120/1120 1119/1119/1119 1118/1118/1118
f 1121/1121/1121 1119/1119/1119 1120/1120/1120
f 1122/1122/1122 1121/1121/1121 1120/1120/1120
f 1123/1123/1123 1121/1121/1121 1122/1122/1122
f 1124/1124/1124 1123/1123/1123 1122/1122/1122
f 1125/1125/1125 1123/1123/1123 1124/1124/1124
f 1126/1126/1126 1125/1125/1125 1124/1124/1124
f 1127/1127/1127 1113/1113/1113 1114/1114/1114
f 1128/1128/1128 1125/1125/1125 1126/1126/1126
f 1129/1129/1129 1039/1039/1039 1040/1040/1040
f 1129/1129/1129 1040/1040/1040 1044/1044/1044
f 1129/1129/1129 1045/1045/1045 1039/1039/1039
f 1130/1130/1130 1084/1084/1084 1085/1085/1085
f 1130/1130/1130 1085/1085/1085 1089/1089/1089
f 1130/1130/1130 1089/1089/1089 1091/1091/1091
f 1133/1133/1133 1132/1132/1132 1131/1131/1131
f 1134/1134/1134 1133/1133/1133 1131/1131/1131
f 1137/1137/1137 1136/1136/1136 1135/1135/1135
f 1138/1138/1138 1137/1137/1137 1135/1135/1135
f 1141/1141/1141 1140/1140/1140 1139/1139/1139
f 1142/1142/1142 1141/1141/1141 1139/1139/1139
f 1145/1145/1145 1144/1144/1144 1143/1143/1143
f 1146/1146/1146 1145/1145/1145 1143/1143/1143
f 1149/1149/1149 1148/1148/1148 1147/1147/1147
f 1150/1150/1150 1149/1149/1149 1147/1147/1147
f 1153/1153/1153 1152/1152/1152 1151/1151/1151
f 1154/1154/1154 1153/1153/1153 1151/1151/1151
f 1157/1157/1157 1156/1156/1156 1155/1155/1155
f 1158/1158/1158 1157/1157/1157 1155/1155/1155
f 1157/1157/1157 1159/1159/1159 1156/1156/1156
f 1159/1159/1159 1160/1160/1160 1156/1156/1156
f 1159/1159/1159 1161/1161/1161 1160/1160/1160
f 1161/1161/1161 1162/1162/1162 1160/1160/1160
f 1161/1161/1161 1163/1163/1163 1162/1162/1162
f 1163/1163/1163 1164/1164/1164 1162/1162/1162
f 1163/1163/1163 1165/1165/1165 1164/1164/1164
f 1165/1165/1165 1166/1166/1166 1164/1164/1164
f 1165/1165/1165 1167/1167/1167 1166/1166/1166
f 1167/1167/1167 1168/1168/1168 1166/1166/1166
f 1167/1167/1167 1169/1169/1169 1168/1168/1168
f 1169/1169/1169 1170/1170/1170 1168/1168/1168
f 1169/1169/1169 1171/1171/1171 1170/1170/1170
f 1171/1171/1171 1172/1172/1172 1170/1170/1170
f 1171/1171/1171 1173/1173/1173 1172/1172/1172
f 1173/1173/1173 1174/1174/1174 1172/1172/1172
f 1173/1173/1173 1175/1175/1175 1174/1174/1174
f 1175/1175/1175 1176/1176/1176 1174/1174/1174
f 1175/1175/1175 1177/1177/1177 1176/1176/1176
f 1177/1177/1177 1178/1178/1178 1176/1176/1176
f 1177/1177/1177 1179/1179/1179 1178/1178/1178
f 1179/1179/1179 1180/1180/1180 1178/1178/1178
f 1179/1179/1179 1181/1181/1181 1180/1180/1180
f 1181/1181/1181 1182/1182/1182 1180/1180/1180
f 1181/1181/1181 1183/1183/1183 1182/1182/1182
f 1183/1183/1183 1184/1184/1184 1182/1182/1182
f 1183/1183/1183 1185/1185/1185 1184/1184/1184
f 1185/1185/1185 1186/1186/1186 1184/1184/1184
f 1185/1185/1185 1187/1187/1187 1186/1186/1186
f 1187/1187/1187 1188/1188/1188 1186/1186/1186
f 1187/1187/1187 1189/1189/1189 1188/1188/1188
f 1189/1189/1189 1190/1190/1190 1188/1188/1188
f 1193/1193/1193 1192/1192/1192 1191/1191/1191
f 1194/1194/1194 1193/1193/1193 1191/1191/1191
f 1193/1193/1193 1195/1195/1195 1192/1192/1192
f 1195/1195/1195 1196/1196/1196 1192/1192/1192
f 1195/1195/1195 1197/1197/1197 1196/1196/1196
f 1197/1197/1197 1198/1198/1198 1196/1196/1196
f 1197/1197/1197 1199/1199/1199 1198/1198/1198
f 1199/1199/1199 1200/1200/1200 1198/1198/1198
f 1199/1199/1199 1201/1201/1201 1200/1200/1200
f 1201/1201/1201 1202/1202/1202 1200/1200/1200
f 1201/1201/1201 1203/1203/1203 1202/1202/1202
f 1203/1203/1203 1204/1204/1204 1202/1202/1202
f 1203/1203/1203 1205/1205/1205 1204/1204/1204
f 1205/1205/1205 1206/1206/1206 1204/1204/1204
f 1205/1205/1205 1207/1207/1207 1206/1206/1206
f 1207/1207/1207 1208/1208/1208 1206/1206/1206
f 1207/1207/1207 1209/1209/1209 1208/1208/1208
f 1209/1209/1209 1210/1210/1210 1208/1208/1208
f 1209/1209/1209 1211/1211/1211 1210/1210/1210
f 1211/1211/1211 1212/1212/1212 1210/1210/1210
f 1211/1211/1211 1213/1213/1213 1212/1212/1212
f 1213/1213/1213 1214/1214/1214 1212/1212/1212
f 1213/1213/1213 1215/1215/1215 1214/1214/1214
f 1215/1215/1215 1216/1216/1216 1214/1214/1214
f 1215/1215/1215 1217/1217/1217 1216/1216/1216
f 1217/1217/1217 1218/1218/1218 1216/1216/1216
f 1217/1217/1217 1219/1219/1219 1218/1218/1218
f 1219/1219/1219 1220/1220/1220 1218/1218/1218
f 1219/1219/1219 1221/1221/1221 1220/1220/1220
f 1221/1221/1221 1222/1222/1222 1220/1220/1220
f 1221/1221/1221 1223/1223/1223 1222/1222/1222
f 1223/1223/1223 1224/1224/1224 1222/1222/1222
f 1223/1223/1223 1225/1225/1225 1224/1224/1224
f 1225/1225/1225 1226/1226/1226 1224/1224/1224
f 1229/1229/1229 1228/1228/1228 1227/1227/1227
f 1230/1230/1230 1229/1229/1229 1227/1227/1227
f 1230/1230/1230 1227/1227/1227 1231/1231/1231
f 1232/1232/1232 1230/1230/1230 1231/1231/1231
f 1232/1232/1232 1231/1231/1231 1233/1233/1233
f 1234/1234/1234 1232/1232/1232 1233/1233/1233
f 1234/1234/1234 1233/1233/1233 1235/1235/1235
f 1236/1236/1236 1234/1234/1234 1235/1235/1235
f 1236/1236/1236 1235/1235/1235 1237/1237/1237
f 1238/1238/1238 1236/1236/1236 1237/1237/1237
f 1238/1238/1238 1237/1237/1237 1239/1239/1239
f 1240/1240/1240 1238/1238/1238 1239/1239/1239
f 1240/1240/1240 1239/1239/1239 1241/1241/1241
f 1242/1242/1242 1240/1240/1240 1241/1241/1241
f 1242/1242/1242 1241/1241/1241 1243/1243/1243
f 1244/1244/1244 1242/1242/1242 1243/1243/1243
f 1244/1244/1244 1243/1243/1243 1245/1245/1245
f 1246/1246/1246 1244/1244/1244 1245/1245/1245
f 1246/1246/1246 1245/1245/1245 1247/1247/1247
f 1248/1248/1248 1246/1246/1246 1247/1247/1247
f 1248/1248/1248 1247/1247/1247 1249/1249/1249
f 1250/1250/1250 1248/1248/1248 1249/1249/1249
f 1250/1250/1250 1249/1249/1249 1251/1251/1251
f 1252/1252/1252 1250/1250/1250 1251/1251/1251
f 1252/1252/1252 1251/1251/1251 1253/1253/1253
f 1254/1254/1254 1252/1252/1252 1253/1253/1253
f 1254/1254/1254 1253/1253/1253 1255/1255/1255
f 1256/1256/1256 1254/1254/1254 1255/1255/1255
f 1256/1256/1256 1255/1255/1255 1257/1257/1257
f 1258/1258/1258 1256/1256/1256 1257/1257/1257
f 1258/1258/1258 1257/1257/1257 1259/1259/1259
f 1260/1260/1260 1258/1258/1258 1259/1259/1259
f 1260/1260/1260 1259/1259/1259 1261/1261/1261
f 1262/1262/1262 1260/1260/1260 1261/1261/1261
f 1265/1265/1265 1264/1264/1264 1263/1263/1263
f 1266/1266/1266 1265/1265/1265 1263/1263/1263
f 1266/1266/1266 1263/1263/1263 1267/1267/1267
f 1268/1268/1268 1266/1266/1266 1267/1267/1267
f 1268/1268/1268 1267/1267/1267 1269/1269/1269
f 1270/1270/1270 1268/1268/1268 1269/1269/1269
f 1270/1270/1270 1269/1269/1269 1271/1271/1271
f 1272/1272/1272 1270/1270/1270 1271/1271/1271
f 1272/1272/1272 1271/1271/1271 1273/1273/1273
f 1274/1274/1274 1272/1272/1272 1273/1273/1273
f 1274/1274/1274 1273/1273/1273 1275/1275/1275
f 1276/1276/1276 1274/1274/1274 1275/1275/1275
f 1276/1276/1276 1275/1275/1275 1277/1277/1277
f 1278/1278/1278 1276/1276/1276 1277/1277/1277
f 1278/1278/1278 1277/1277/1277 1279/1279/1279
f 1280/1280/1280 1278/1278/1278 1279/1279/1279
f 1280/1280/1280 1279/1279/1279 1281/1281/1281
f 1282/1282/1282 1280/1280/1280 1281/1281/1281
f 1282/1282/1282 1281/1281/1281 1283/1283/1283
f 1284/1284/1284 1282/1282/1282 1283/1283/1283
f 1284/1284/1284 1283/1283/1283 1285/1285/1285
f 1286/1286/1286 1284/1284/1284 1285/1285/1285
f 1286/1286/1286 1285/1285/1285 1287/1287/1287
f 1288/1288/1288 1286/1286/1286 1287/1287/1287
f 1288/1288/1288 1287/1287/1287 1289/1289/1289
f 1290/1290/1290 1288/1288/1288 1289/1289/1289
f 1290/1290/1290 1289/1289/1289 1291/1291/1291
f 1292/1292/1292 1290/1290/1290 1291/1291/1291
f 1292/1292/1292 1291/1291/1291 1293/1293/1293
f 1294/1294/1294 1292/1292/1292 1293/1293/1293
f 1294/1294/1294 1293/1293/1293 1295/1295/1295
f 1296/1296/1296 1294/1294/1294 1295/1295/1295
f 1296/1296/1296 1295/1295/1295 1297/1297/1297
f 1298/1298/1298 1296/1296/1296 1297/1297/1297
f 1301/1301/1301 1300/1300/1300 1299/1299/1299
f 1302/1302/1302 1301/1301/1301 1299/1299/1299
f 1301/1301/1301 1303/1303/1303 1300/1300/1300
f 1303/1303/1303 1304/1304/1304 1300/1300/1300
f 1303/1303/1303 1305/1305/1305 1304/1304/1304
f 1305/1305/1305 1306/1306/1306 1304/1304/1304
f 1305/1305/1305 1307/1307/1307 1306/1306/1306
f 1307/1307/1307 1308/1308/1308 1306/1306/1306
f 1307/1307/1307 1309/1309/1309 1308/1308/1308
f 1309/1309/1309 1310/1310/1310 1308/1308/1308
f 1309/1309/1309 1311/1311/1311 1310/1310/1310
f 1311/1311/1311 1312/1312/1312 1310/1310/1310
f 1311/1311/1311 1313/1313/1313 1312/1312/1312
f 1313/1313/1313 1314/1314/1314 1312/1312/1312
f 1313/1313/1313 1315/1315/1315 1314/1314/1314
f 1315/1315/1315 1316/1316/1316 1314/1314/1314
f 1315/1315/1315 1317/1317/1317 1316/1316/1316
f 1317/1317/1317 1318/1318/1318 1316/1316/1316
f 1317/1317/1317 1319/1319/1319 1318/1318/1318
f 1319/1319/1319 1320/1320/1320 1318/1318/1318
f 1319/1319/1319 1321/1321/1321 1320/1320/1320
f 1321/1321/1321 1322/1322/1322 1320/1320/1320
f 1321/1321/1321 1323/1323/1323 1322/1322/1322
f 1323/1323/1323 1324/1324/1324 1322/1322/1322
f 1323/1323/1323 1325/1325/1325 1324/1324/1324
f 1325/1325/1325 1326/1326/1326 1324/1324/1324
f 1325/1325/1325 1327/1327/1327 1326/1326/1326
f 1327/1327/1327 1328/1328/1328 1326/1326/1326
f 1327/1327/1327 1329/1329/1329 1328/1328/1328
f 1329/1329/1329 1330/1330/1330 1328/1328/1328
f 1329/1329/1329 1331/1331/1331 1330/1330/1330
f 1331/1331/1331 1332/1332/1332 1330/1330/1330
f 1331/1331/1331 1333/1333/1333 1332/1332/1332
f 1333/1333/1333 1334/1334/1334 1332/1332/1332
f 1337/1337/1337 1336/1336/1336 1335/1335/1335
f 1338/1338/1338 1337/1337/1337 1335/1335/1335
f 1337/1337/1337 1339/1339/1339 1336/1336/1336
f 1339/1339/1339 1340/1340/1340 1336/1336/1336
f 1339/1339/1339 1341/1341/1341 1340/1340/1340
f 1341/1341/1341 1342/1342/1342 1340/1340/1340
f 1341/1341/1341 1343/1343/1343 1342/1342/1342
f 1343/1343/1343 1344/1344/1344 1342/1342/1342
f 1343/1343/1343 1345/1345/1345 1344/1344/1344
f 1345/1345/1345 1346/1346/1346 1344/1344/1344
f 1345/1345/1345 1347/1347/1347 1346/1346/1346
f 1347/1347/1347 1348/1348/1348 1346/1346/1346
f 1347/1347/1347 1349/1349/1349 1348/1348/1348
f 1349/1349/1349 1350/1350/1350 1348/1348/1348
f 1349/1349/1349 1351/1351/1351 1350/1350/1350
f 1351/1351/1351 1352/1352/1352 1350/1350/1350
f 1351/1351/1351 1353/1353/1353 1352/1352/1352
f 1353/1353/1353 1354/1354/1354 1352/1352/1352
f 1353/1353/1353 1355/1355/1355 1354/1354/1354
f 1355/1355/1355 1356/1356/1356 1354/1354/1354
f 1355/1355/1355 1357/1357/1357 1356/1356/1356
f 1357/1357/1357 1358/1358/1358 1356/1356/1356
f 1357/1357/1357 1359/1359/1359 1358/1358/1358
f 1359/1359/1359 1360/1360/1360 1358/1358/1358
f 1359/1359/1359 1361/1361/1361 1360/1360/1360
f 1361/1361/1361 1362/1362/1362 1360/1360/1360
f 1361/1361/1361 1363/1363/1363 1362/1362/1362
f 1363/1363/1363 1364/1364/1364 1362/1362/1362
f 1363/1363/1363 1365/1365/1365 1364/1364/1364
f 1365/1365/1365 1366/1366/1366 1364/1364/1364
f 1365/1365/1365 1367/1367/1367 1366/1366/1366
f 1367/1367/1367 1368/1368/1368 1366/1366/1366
f 1367/1367/1367 1369/1369/1369 1368/1368/1368
f 1369/1369/1369 1370/1370/1370 1368/1368/1368
f 1373/1373/1373 1372/1372/1372 1371/1371/1371
f 1374/1374/1374 1373/1373/1373 1371/1371/1371
f 1374/1374/1374 1371/1371/1371 1375/1375/1375
f 1376/1376/1376 1374/1374/1374 1375/1375/1375
f 1376/1376/1376 1375/1375/1375 1377/1377/1377
f 1378/1378/1378 1376/1376/1376 1377/1377/1377
f 1378/1378/1378 1377/1377/1377 1379/1379/1379
f 1380/1380/1380 1378/1378/1378 1379/1379/1379
f 1380/1380/1380 1379/1379/1379 1381/1381/1381
f 1382/1382/1382 1380/1380/1380 1381/1381/1381
f 1382/1382/1382 1381/1381/1381 1383/1383/1383
f 1384/1384/1384 1382/1382/1382 1383/1383/1383
f 1384/1384/1384 1383/1383/1383 1385/1385/1385
f 1386/1386/1386 1384/1384/1384 1385/1385/1385
f 1386/1386/1386 1385/1385/1385 1387/1387/1387
f 1388/1388/1388 1386/1386/1386 1387/1387/1387
f 1388/1388/1388 1387/1387/1387 1389/1389/1389
f 1390/1390/1390 1388/1388/1388 1389/1389/1389
f 1390/1390/1390 1389/1389/1389 1391/1391/1391
f 1392/1392/1392 1390/1390/1390 1391/1391/1391
f 1392/1392/1392 1391/1391/1391 1393/1393/1393
f 1394/1394/1394 1392/1392/1392 1393/1393/1393
f 1394/1394/1394 1393/1393/1393 1395/1395/1395
f 1396/1396/1396 1394/1394/1394 1395/1395/1395
f 1396/1396/1396 1395/1395/1395 1397/1397/1397
f 1398/1398/1398 1396/1396/1396 1397/1397/1397
f 1398/1398/1398 1397/1397/1397 1399/1399/1399
f 1400/1400/1400 1398/1398/1398 1399/1399/1399
f 1400/1400/1400 1399/1399/1399 1401/1401/1401
f 1402/1402/1402 1400/1400/1400 1401/1401/1401
f 1402/1402/1402 1401/1401/1401 1403/1403/1403
f 1404/1404/1404 1402/1402/1402 1403/1403/1403
f 1404/1404/1404 1403/1403/1403 1405/1405/1405
f 1406/1406/1406 1404/1404/1404 1405/1405/1405
f 1406/1406/1406 1405/1405/1405 1407/1407/1407
f 1408/1408/1408 1406/1406/1406 1407/1407/1407
f 1408/1408/1408 1407/1407/1407 1409/1409/1409
f 1410/1410/1410 1408/1408/1408 1409/1409/1409
f 1410/1410/1410 1409/1409/1409 1411/1411/1411
f 1412/1412/1412 1410/1410/1410 1411/1411/1411
f 1412/1412/1412 1411/1411/1411 1413/1413/1413
f 1414/1414/1414 1412/1412/1412 1413/1413/1413
f 1414/1414/1414 1413/1413/1413 1415/1415/1415
f 1416/1416/1416 1414/1414/1414 1415/1415/1415
f 1416/1416/1416 1415/1415/1415 1417/1417/1417
f 1418/1418/1418 1416/1416/1416 1417/1417/1417
f 1418/1418/1418 1417/1417/1417 1419/1419/1419
f 1420/1420/1420 1418/1418/1418 1419/1419/1419
f 1420/1420/1420 1419/1419/1419 1421/1421/1421
f 1422/1422/1422 1420/1420/1420 1421/1421/1421
f 1422/1422/1422 1421/1421/1421 1423/1423/1423
f 1424/1424/1424 1422/1422/1422 1423/1423/1423
f 1424/1424/1424 1423/1423/1423 1425/1425/1425
f 1426/1426/1426 1424/1424/1424 1425/1425/1425
f 1426/1426/1426 1425/1425/1425 1427/1427/1427
f 1428/1428/1428 1426/1426/1426 1427/1427/1427
f 1428/1428/1428 1427/1427/1427 1429/1429/1429
f 1430/1430/1430 1428/1428/1428 1429/1429/1429
f 1430/1430/1430 1429/1429/1429 1431/1431/1431
f 1432/1432/1432 1430/1430/1430 1431/1431/1431
f 1432/1432/1432 1431/1431/1431 1433/1433/1433
f 1434/1434/1434 1432/1432/1432 1433/1433/1433
f 1434/1434/1434 1433/1433/1433 1435/1435/1435
f 1436/1436/1436 1434/1434/1434 1435/1435/1435
f 1436/1436/1436 1435/1435/1435 1437/1437/1437
f 1438/1438/1438 1436/1436/1436 1437/1437/1437
f 1438/1438/1438 1437/1437/1437 1439/1439/1439
f 1437/1437/1437 1440/1440/1440 1439/1439/1439
f 1443/1443/1443 1442/1442/1442 1441/1441/1441
f 1444/1444/1444 1443/1443/1443 1441/1441/1441
f 1445/1445/1445 1443/1443/1443 1444/1444/1444
f 1446/1446/1446 1445/1445/1445 1444/1444/1444
f 1447/1447/1447 1445/1445/1445 1446/1446/1446
f 1448/1448/1448 1447/1447/1447 1446/1446/1446
f 1441/1441/1441 1442/1442/1442 1449/1449/1449
f 1442/1442/1442 1450/1450/1450 1449/1449/1449
f 1443/1443/1443 1451/1451/1451 1442/1442/1442
f 1451/1451/1451 1452/1452/1452 1442/1442/1442
f 1442/1442/1442 1452/1452/1452 1450/1450/1450
f 1453/1453/1453 1451/1451/1451 1443/1443/1443
f 1445/1445/1445 1453/1453/1453 1443/1443/1443
f 1454/1454/1454 1453/1453/1453 1445/1445/1445
f 1447/1447/1447 1454/1454/1454 1445/1445/1445
f 1452/1452/1452 1455/1455/1455 1450/1450/1450
f 1451/1451/1451 1456/1456/1456 1452/1452/1452
f 1456/1456/1456 1457/1457/1457 1452/1452/1452
f 1452/1452/1452 1457/1457/1457 1455/1455/1455
f 1458/1458/1458 1456/1456/1456 1451/1451/1451
f 1453/1453/1453 1458/1458/1458 1451/1451/1451
f 1459/1459/1459 1458/1458/1458 1453/1453/1453
f 1454/1454/1454 1459/1459/1459 1453/1453/1453
f 1457/1457/1457 1460/1460/1460 1455/1455/1455
f 1456/1456/1456 1461/1461/1461 1457/1457/1457
f 1461/1461/1461 1462/1462/1462 1457/1457/1457
f 1457/1457/1457 1462/1462/1462 1460/1460/1460
f 1463/1463/1463 1461/1461/1461 1456/1456/1456
f 1458/1458/1458 1463/1463/1463 1456/1456/1456
f 1464/1464/1464 1463/1463/1463 1458/1458/1458
f 1459/1459/1459 1464/1464/1464 1458/1458/1458
f 1462/1462/1462 1465/1465/1465 1460/1460/1460
f 1461/1461/1461 1466/1466/1466 1462/1462/1462
f 1466/1466/1466 1467/1467/1467 1462/1462/1462
f 1462/1462/1462 1467/1467/1467 1465/1465/1465
f 1468/1468/1468 1466/1466/1466 1461/1461/1461
f 1463/1463/1463 1468/1468/1468 1461/1461/1461
f 1469/1469/1469 1468/1468/1468 1463/1463/1463
f 1464/1464/1464 1469/1469/1469 1463/1463/1463
f 1467/1467/1467 1470/1470/1470 1465/1465/1465
f 1466/1466/1466 1471/1471/1471 1467/1467/1467
f 1471/1471/1471 1472/1472/1472 1467/1467/1467
f 1467/1467/1467 1472/1472/1472 1470/1470/1470
f 1473/1473/1473 1471/1471/1471 1466/1466/1466
f 1468/1468/1468 1473/1473/1473 1466/1466/1466
f 1474/1474/1474 1473/1473/1473 1468/1468/1468
f 1469/1469/1469 1474/1474/1474 1468/1468/1468
f 1472/1472/1472 1475/1475/1475 1470/1470/1470
f 1471/1471/1471 1476/1476/1476 1472/1472/1472
f 1473/1473/1473 1476/1476/1476 1471/1471/1471
f 1474/1474/1474 1476/1476/1476 1473/1473/1473
f 1472/1472/1472 1476/1476/1476 1475/1475/1475
f 1479/1479/1479 1478/1478/1478 1477/1477/1477
f 1480/1480/1480 1479/1479/1479 1477/1477/1477
f 1481/1481/1481 1479/1479/1479 1480/1480/1480
f 1482/1482/1482 1481/1481/1481 1480/1480/1480
f 1483/1483/1483 1481/1481/1481 1482/1482/1482
f 1484/1484/1484 1483/1483/1483 1482/1482/1482
f 1485/1485/1485 1483/1483/1483 1484/1484/1484
f 1486/1486/1486 1485/1485/1485 1484/1484/1484
f 1479/1479/1479 1487/1487/1487 1478/1478/1478
f 1487/1487/1487 1488/1488/1488 1478/1478/1478
f 1489/1489/1489 1487/1487/1487 1479/1479/1479
f 1481/1481/1481 1489/1489/1489 1479/1479/1479
f 1490/1490/1490 1489/1489/1489 1481/1481/1481
f 1483/1483/1483 1490/1490/1490 1481/1481/1481
f 1491/1491/1491 1490/1490/1490 1483/1483/1483
f 1485/1485/1485 1491/1491/1491 1483/1483/1483
f 1487/1487/1487 1492/1492/1492 1488/1488/1488
f 1492/1492/1492 1493/1493/1493 1488/1488/1488
f 1494/1494/1494 1492/1492/1492 1487/1487/1487
f 1489/1489/1489 1494/1494/1494 1487/1487/1487
f 1495/1495/1495 1494/1494/1494 1489/1489/1489
f 1490/1490/1490 1495/1495/1495 1489/1489/1489
f 1496/1496/1496 1495/1495/1495 1490/1490/1490
f 1491/1491/1491 1496/1496/1496 1490/1490/1490
f 1492/1492/1492 1497/1497/1497 1493/1493/1493
f 1497/1497/1497 1498/1498/1498 1493/1493/1493
f 1499/1499/1499 1497/1497/1497 1492/1492/1492
f 1494/1494/1494 1499/1499/1499 1492/1492/1492
f 1500/1500/1500 1499/1499/1499 1494/1494/1494
f 1495/1495/1495 1500/1500/1500 1494/1494/1494
f 1501/1501/1501 1500/1500/1500 1495/1495/1495
f 1496/1496/1496 1501/1501/1501 1495/1495/1495
f 1497/1497/1497 1502/1502/1502 1498/1498/1498
f 1502/1502/1502 1503/1503/1503 1498/1498/1498
f 1504/1504/1504 1502/1502/1502 1497/1497/1497
f 1499/1499/1499 1504/1504/1504 1497/1497/1497
f 1505/1505/1505 1504/1504/1504 1499/1499/1499
f 1500/1500/1500 1505/1505/1505 1499/1499/1499
f 1506/1506/1506 1505/1505/1505 1500/1500/1500
f 1501/1501/1501 1506/1506/1506 1500/1500/1500
f 1502/1502/1502 1507/1507/1507 1503/1503/1503
f 1507/1507/1507 1508/1508/1508 1503/1503/1503
f 1509/1509/1509 1507/1507/1507 1502/1502/1502
f 1504/1504/1504 1509/1509/1509 1502/1502/1502
f 1510/1510/1510 1509/1509/1509 1504/1504/1504
f 1505/1505/1505 1510/1510/1510 1504/1504/1504
f 1511/1511/1511 1510/1510/1510 1505/1505/1505
f 1506/1506/1506 1511/1511/1511 1505/1505/1505
f 1509/1509/1509 1512/1512/1512 1507/1507/1507
f 1510/1510/1510 1512/1512/1512 1509/1509/1509
f 1441/1441/1441 1513/1513/1513 1444/1444/1444
f 1444/1444/1444 1513/1513/1513 1446/1446/1446
f 1516/1516/1516 1515/1515/1515 1514/1514/1514
f 1477/1477/1477 1517/1517/1517 1480/1480/1480
f 1480/1480/1480 1517/1517/1517 1482/1482/1482
f 1482/1482/1482 1517/1517/1517 1484/1484/1484
f 1484/1484/1484 1517/1517/1517 1486/1486/1486
f 1520/1520/1520 1519/1519/1519 1518/1518/1518
f 1523/1523/1523 1522/1522/1522 1521/1521/1521
f 1526/1526/1526 1525/1525/1525 1524/1524/1524
f 1529/1529/1529 1528/1528/1528 1527/1527/1527
f 1530/1530/1530 1529/1529/1529 1527/1527/1527
f 1531/1531/1531 1529/1529/1529 1530/1530/1530
f 1532/1532/1532 1531/1531/1531 1530/1530/1530
f 1533/1533/1533 1531/1531/1531 1532/1532/1532
f 1534/1534/1534 1533/1533/1533 1532/1532/1532
f 1527/1527/1527 1528/1528/1528 1535/1535/1535
f 1528/1528/1528 1536/1536/1536 1535/1535/1535
f 1529/1529/1529 1537/1537/1537 1528/1528/1528
f 1537/1537/1537 1538/1538/1538 1528/1528/1528
f 1528/1528/1528 1538/1538/1538 1536/1536/1536
f 1539/1539/1539 1537/1537/1537 1529/1529/1529
f 1531/1531/1531 1539/1539/1539 1529/1529/1529
f 1540/1540/1540 1539/1539/1539 1531/1531/1531
f 1533/1533/1533 1540/1540/1540 1531/1531/1531
f 1538/1538/1538 1541/1541/1541 1536/1536/1536
f 1537/1537/1537 1542/1542/1542 1538/1538/1538
f 1542/1542/1542 1543/1543/1543 1538/1538/1538
f 1538/1538/1538 1543/1543/1543 1541/1541/1541
f 1544/1544/1544 1542/1542/1542 1537/1537/1537
f 1539/1539/1539 1544/1544/1544 1537/1537/1537
f 1545/1545/1545 1544/1544/1544 1539/1539/1539
f 1540/1540/1540 1545/1545/1545 1539/1539/1539
f 1543/1543/1543 1546/1546/1546 1541/1541/1541
f 1542/1542/1542 1547/1547/1547 1543/1543/1543
f 1547/1547/1547 1548/1548/1548 1543/1543/1543
f 1543/1543/1543 1548/1548/1548 1546/1546/1546
f 1549/1549/1549 1547/1547/1547 1542/1542/1542
f 1544/1544/1544 1549/1549/1549 1542/1542/1542
f 1550/1550/1550 1549/1549/1549 1544/1544/1544
f 1545/1545/1545 1550/1550/1550 1544/1544/1544
f 1548/1548/1548 1551/1551/1551 1546/1546/1546
f 1547/1547/1547 1552/1552/1552 1548/1548/1548
f 1552/1552/1552 1553/1553/1553 1548/1548/1548
f 1548/1548/1548 1553/1553/1553 1551/1551/1551
f 1554/1554/1554 1552/1552/1552 1547/1547/1547
f 1549/1549/1549 1554/1554/1554 1547/1547/1547
f 1555/1555/1555 1554/1554/1554 1549/1549/1549
f 1550/1550/1550 1555/1555/1555 1549/1549/1549
f 1553/1553/1553 1556/1556/1556 1551/1551/1551
f 1552/1552/1552 1557/1557/1557 1553/1553/1553
f 1557/1557/1557 1558/1558/1558 1553/1553/1553
f 1553/1553/1553 1558/1558/1558 1556/1556/1556
f 1559/1559/1559 1557/1557/1557 1552/1552/1552
f 1554/1554/1554 1559/1559/1559 1552/1552/1552
f 1560/1560/1560 1559/1559/1559 1554/1554/1554
f 1555/1555/1555 1560/1560/1560 1554/1554/1554
f 1558/1558/1558 1561/1561/1561 1556/1556/1556
f 1557/1557/1557 1562/1562/1562 1558/1558/1558
f 1559/1559/1559 1562/1562/1562 1557/1557/1557
f 1560/1560/1560 1562/1562/1562 1559/1559/1559
f 1558/1558/1558 1562/1562/1562 1561/1561/1561
f 1565/1565/1565 1564/1564/1564 1563/1563/1563
f 1566/1566/1566 1565/1565/1565 1563/1563/1563
f 1567/1567/1567 1565/1565/1565 1566/1566/1566
f 1568/1568/1568 1567/1567/1567 1566/1566/1566
f 1569/1569/1569 1567/1567/1567 1568/1568/1568
f 1570/1570/1570 1569/1569/1569 1568/1568/1568
f 1571/1571/1571 1569/1569/1569 1570/1570/1570
f 1572/1572/1572 1571/1571/1571 1570/1570/1570
f 1565/1565/1565 1573/1573/1573 1564/1564/1564
f 1573/1573/1573 1574/1574/1574 1564/1564/1564
f 1575/1575/1575 1573/1573/1573 1565/1565/1565
f 1567/1567/1567 1575/1575/1575 1565/1565/1565
f 1576/1576/1576 1575/1575/1575 1567/1567/1567
f 1569/1569/1569 1576/1576/1576 1567/1567/1567
f 1577/1577/1577 1576/1576/1576 1569/1569/1569
f 1571/1571/1571 1577/1577/1577 1569/1569/1569
f 1573/1573/1573 1578/1578/1578 1574/1574/1574
f 1578/1578/1578 1579/1579/1579 1574/1574/1574
f 1580/1580/1580 1578/1578/1578 1573/1573/1573
f 1575/1575/1575 1580/1580/1580 1573/1573/1573
f 1581/1581/1581 1580/1580/1580 1575/1575/1575
f 1576/1576/1576 1581/1581/1581 1575/1575/1575
f 1582/1582/1582 1581/1581/1581 1576/1576/1576
f 1577/1577/1577 1582/1582/1582 1576/1576/1576
f 1578/1578/1578 1583/1583/1583 1579/1579/1579
f 1583/1583/1583 1584/1584/1584 1579/1579/1579
f 1585/1585/1585 1583/1583/1583 1578/1578/1578
f 1580/1580/1580 1585/1585/1585 1578/1578/1578
f 1586/1586/1586 1585/1585/1585 1580/1580/1580
f 1581/1581/1581 1586/1586/1586 1580/1580/1580
f 1587/1587/1587 1586/1586/1586 1581/1581/1581
f 1582/1582/1582 1587/1587/1587 1581/1581/1581
f 1583/1583/1583 1588/1588/1588 1584/1584/1584
f 1588/1588/1588 1589/1589/1589 1584/1584/1584
f 1590/1590/1590 1588/1588/1588 1583/1583/1583
f 1585/1585/1585 1590/1590/1590 1583/1583/1583
f 1591/1591/1591 1590/1590/1590 1585/1585/1585
f 1586/1586/1586 1591/1591/1591 1585/1585/1585
f 1592/1592/1592 1591/1591/1591 1586/1586/1586
f 1587/1587/1587 1592/1592/1592 1586/1586/1586
f 1588/1588/1588 1593/1593/1593 1589/1589/1589
f 1593/1593/1593 1594/1594/1594 1589/1589/1589
f 1595/1595/1595 1593/1593/1593 1588/1588/1588
f 1590/1590/1590 1595/1595/1595 1588/1588/1588
f 1596/1596/1596 1595/1595/1595 1590/1590/1590
f 1591/1591/1591 1596/1596/1596 1590/1590/1590
f 1597/1597/1597 1596/1596/1596 1591/1591/1591
f 1592/1592/1592 1597/1597/1597 1591/1591/1591
f 1595/1595/1595 1598/1598/1598 1593/1593/1593
f 1596/1596/1596 1598/1598/1598 1595/1595/1595
f 1527/1527/1527 1599/1599/1599 1530/1530/1530
f 1530/1530/1530 1599/1599/1599 1532/1532/1532
f 1602/1602/1602 1601/1601/1601 1600/1600/1600
f 1563/1563/1563 1603/1603/1603 1566/1566/1566
f 1566/1566/1566 1603/1603/1603 1568/1568/1568
f 1568/1568/1568 1603/1603/1603 1570/1570/1570
f 1570/1570/1570 1603/1603/1603 1572/1572/1572
f 1606/1606/1606 1605/1605/1605 1604/1604/1604
f 1609/1609/1609 1608/1608/1608 1607/1607/1607
f 1612/1612/1612 1611/1611/1611 1610/1610/1610
f 1615/1615/1615 1614/1614/1614 1613/1613/1613
f 1616/1616/1616 1615/1615/1615 1613/1613/1613
f 1619/1619/1619 1618/1618/1618 1617/1617/1617
f 1620/1620/1620 1619/1619/1619 1617/1617/1617
f 1623/1623/1623 1622/1622/1622 1621/1621/1621
f 1624/1624/1624 1623/1623/1623 1621/1621/1621
f 1627/1627/1627 1626/1626/1626 1625/1625/1625
f 1628/1628/1628 1627/1627/1627 1625/1625/1625
f 1631/1631/1631 1630/1630/1630 1629/1629/1629
f 1632/1632/1632 1631/1631/1631 1629/1629/1629
f 1635/1635/1635 1634/1634/1634 1633/1633/1633
f 1636/1636/1636 1635/1635/1635 1633/1633/1633
f 1639/1639/1639 1638/1638/1638 1637/1637/1637
f 1640/1640/1640 1639/1639/1639 1637/1637/1637
f 1641/1641/1641 1639/1639/1639 1640/1640/1640
f 1642/1642/1642 1641/1641/1641 1640/1640/1640
f 1643/1643/1643 1641/1641/1641 1642/1642/1642
f 1644/1644/1644 1643/1643/1643 1642/1642/1642
f 1645/1645/1645 1643/1643/1643 1644/1644/1644
f 1646/1646/1646 1645/1645/1645 1644/1644/1644
f 1647/1647/1647 1645/1645/1645 1646/1646/1646
f 1648/1648/1648 1647/1647/1647 1646/1646/1646
f 1649/1649/1649 1647/1647/1647 1648/1648/1648
f 1650/1650/1650 1649/1649/1649 1648/1648/1648
f 1651/1651/1651 1649/1649/1649 1650/1650/1650
f 1652/1652/1652 1651/1651/1651 1650/1650/1650
f 1653/1653/1653 1651/1651/1651 1652/1652/1652
f 1654/1654/1654 1653/1653/1653 1652/1652/1652
f 1655/1655/1655 1653/1653/1653 1654/1654/1654
f 1656/1656/1656 1655/1655/1655 1654/1654/1654
f 1657/1657/1657 1655/1655/1655 1656/1656/1656
f 1658/1658/1658 1657/1657/1657 1656/1656/1656
f 1659/1659/1659 1657/1657/1657 1658/1658/1658
f 1660/1660/1660 1659/1659/1659 1658/1658/1658
f 1661/1661/1661 1659/1659/1659 1660/1660/1660
f 1662/1662/1662 1661/1661/1661 1660/1660/1660
f 1663/1663/1663 1661/1661/1661 1662/1662/1662
f 1664/1664/1664 1663/1663/1663 1662/1662/1662
f 1665/1665/1665 1663/1663/1663 1664/1664/1664
f 1666/1666/1666 1665/1665/1665 1664/1664/1664
f 1667/1667/1667 1665/1665/1665 1666/1666/1666
f 1668/1668/1668 1667/1667/1667 1666/1666/1666
f 1669/1669/1669 1667/1667/1667 1668/1668/1668
f 1670/1670/1670 1669/1669/1669 1668/1668/1668
f 1671/1671/1671 1669/1669/1669 1670/1670/1670
f 1672/1672/1672 1671/1671/1671 1670/1670/1670
f 1675/1675/1675 1674/1674/1674 1673/1673/1673
f 1676/1676/1676 1675/1675/1675 1673/1673/1673
f 1677/1677/1677 1675/1675/1675 1676/1676/1676
f 1678/1678/1678 1677/1677/1677 1676/1676/1676
f 1679/1679/1679 1677/1677/1677 1678/1678/1678
f 1680/1680/1680 1679/1679/1679 1678/1678/1678
f 1681/1681/1681 1679/1679/1679 1680/1680/1680
f 1682/1682/1682 1681/1681/1681 1680/1680/1680
f 1683/1683/1683 1681/1681/1681 1682/1682/1682
f 1684/1684/1684 1683/1683/1683 1682/1682/1682
f 1685/1685/1685 1683/1683/1683 1684/1684/1684
f 1686/1686/1686 1685/1685/1685 1684/1684/1684
f 1687/1687/1687 1685/1685/1685 1686/1686/1686
f 1688/1688/1688 1687/1687/1687 1686/1686/1686
f 1689/1689/1689 1687/1687/1687 1688/1688/1688
f 1690/1690/1690 1689/1689/1689 1688/1688/1688
f 1691/1691/1691 1689/1689/1689 1690/1690/1690
f 1692/1692/1692 1691/1691/1691 1690/1690/1690
f 1693/1693/1693 1691/1691/1691 1692/1692/1692
f 1694/1694/1694 1693/1693/1693 1692/1692/1692
f 1695/1695/1695 1693/1693/1693 1694/1694/1694
f 1696/1696/1696 1695/1695/1695 1694/1694/1694
f 1697/1697/1697 1695/1695/1695 1696/1696/1696
f 1698/1698/1698 1697/1697/1697 1696/1696/1696
f 1699/1699/1699 1697/1697/1697 1698/1698/1698
f 1700/1700/1700 1699/1699/1699 1698/1698/1698
f 1701/1701/1701 1699/1699/1699 1700/1700/1700
f 1702/1702/1702 1701/1701/1701 1700/1700/1700
f 1703/1703/1703 1701/1701/1701 1702/1702/1702
f 1704/1704/1704 1703/1703/1703 1702/1702/1702
f 1705/1705/1705 1703/1703/1703 1704/1704/1704
f 1706/1706/1706 1705/1705/1705 1704/1704/1704
f 1707/1707/1707 1705/1705/1705 1706/1706/1706
f 1708/1708/1708 1707/1707/1707 1706/1706/1706
f 1711/1711/1711 1710/1710/1710 1709/1709/1709
f 1712/1712/1712 1711/1711/1711 1709/1709/1709
f 1709/1709/1709 1710/1710/1710 1713/1713/1713
f 1710/1710/1710 1714/1714/1714 1713/1713/1713
f 1713/1713/1713 1714/1714/1714 1715/1715/1715
f 1714/1714/1714 1716/1716/1716 1715/1715/1715
f 1715/1715/1715 1716/1716/1716 1717/1717/1717
f 1716/1716/1716 1718/1718/1718 1717/1717/1717
f 1717/1717/1717 1718/1718/1718 1719/1719/1719
f 1718/1718/1718 1720/1720/1720 1719/1719/1719
f 1719/1719/1719 1720/1720/1720 1721/1721/1721
f 1720/1720/1720 1722/1722/1722 1721/1721/1721
f 1721/1721/1721 1722/1722/1722 1723/1723/1723
f 1722/1722/1722 1724/1724/1724 1723/1723/1723
f 1723/1723/1723 1724/1724/1724 1725/1725/1725
f 1724/1724/1724 1726/1726/1726 1725/1725/1725
f 1725/1725/1725 1726/1726/1726 1727/1727/1727
f 1726/1726/1726 1728/1728/1728 1727/1727/1727
f 1727/1727/1727 1728/1728/1728 1729/1729/1729
f 1728/1728/1728 1730/1730/1730 1729/1729/1729
f 1729/1729/1729 1730/1730/1730 1731/1731/1731
f 1730/1730/1730 1732/1732/1732 1731/1731/1731
f 1731/1731/1731 1732/1732/1732 1733/1733/1733
f 1732/1732/1732 1734/1734/1734 1733/1733/1733
f 1733/1733/1733 1734/1734/1734 1735/1735/1735
f 1734/1734/1734 1736/1736/1736 1735/1735/1735
f 1735/1735/1735 1736/1736/1736 1737/1737/1737
f 1736/1736/1736 1738/1738/1738 1737/1737/1737
f 1737/1737/1737 1738/1738/1738 1739/1739/1739
f 1738/1738/1738 1740/1740/1740 1739/1739/1739
f 1739/1739/1739 1740/1740/1740 1741/1741/1741
f 1740/1740/1740 1742/1742/1742 1741/1741/1741
f 1741/1741/1741 1742/1742/1742 1743/1743/1743
f 1742/1742/1742 1744/1744/1744 1743/1743/1743
f 1747/1747/1747 1746/1746/1746 1745/1745/1745
f 1748/1748/1748 1747/1747/1747 1745/1745/1745
f 1745/1745/1745 1746/1746/1746 1749/1749/1749
f 1746/1746/1746 1750/1750/1750 1749/1749/1749
f 1749/1749/1749 1750/1750/1750 1751/1751/1751
f 1750/1750/1750 1752/1752/1752 1751/1751/1751
f 1751/1751/1751 1752/1752/1752 1753/1753/1753
f 1752/1752/1752 1754/1754/1754 1753/1753/1753
f 1753/1753/1753 1754/1754/1754 1755/1755/1755
f 1754/1754/1754 1756/1756/1756 1755/1755/1755
f 1755/1755/1755 1756/1756/1756 1757/1757/1757
f 1756/1756/1756 1758/1758/1758 1757/1757/1757
f 1757/1757/1757 1758/1758/1758 1759/1759/1759
f 1758/1758/1758 1760/1760/1760 1759/1759/1759
f 1759/1759/1759 1760/1760/1760 1761/1761/1761
f 1760/1760/1760 1762/1762/1762 1761/1761/1761
f 1761/1761/1761 1762/1762/1762 1763/1763/1763
f 1762/1762/1762 1764/1764/1764 1763/1763/1763
f 1763/1763/1763 1764/1764/1764 1765/1765/1765
f 1764/1764/1764 1766/1766/1766 1765/1765/1765
f 1765/1765/1765 1766/1766/1766 1767/1767/1767
f 1766/1766/1766 1768/1768/1768 1767/1767/1767
f 1767/1767/1767 1768/1768/1768 1769/1769/1769
f 1768/1768/1768 1770/1770/1770 1769/1769/1769
f 1769/1769/1769 1770/1770/1770 1771/1771/1771
f 1770/1770/1770 1772/1772/1772 1771/1771/1771
f 1771/1771/1771 1772/1772/1772 1773/1773/1773
f 1772/1772/1772 1774/1774/1774 1773/1773/1773
f 1773/1773/1773 1774/1774/1774 1775/1775/1775
f 1774/1774/1774 1776/1776/1776 1775/1775/1775
f 1775/1775/1775 1776/1776/1776 1777/1777/1777
f 1776/1776/1776 1778/1778/1778 1777/1777/1777
f 1777/1777/1777 1778/1778/1778 1779/1779/1779
f 1778/1778/1778 1780/1780/1780 1779/1779/1779
f 1783/1783/1783 1782/1782/1782 1781/1781/1781
f 1784/1784/1784 1783/1783/1783 1781/1781/1781
f 1785/1785/1785 1783/1783/1783 1784/1784/1784
f 1786/1786/1786 1785/1785/1785 1784/1784/1784
f 1787/1787/1787 1785/1785/1785 1786/1786/1786
f 1788/1788/1788 1787/1787/1787 1786/1786/1786
f 1789/1789/1789 1787/1787/1787 1788/1788/1788
f 1790/1790/1790 1789/1789/1789 1788/1788/1788
f 1791/1791/1791 1789/1789/1789 1790/1790/1790
f 1792/1792/1792 1791/1791/1791 1790/1790/1790
f 1793/1793/1793 1791/1791/1791 1792/1792/1792
f 1794/1794/1794 1793/1793/1793 1792/1792/1792
f 1795/1795/1795 1793/1793/1793 1794/1794/1794
f 1796/1796/1796 1795/1795/1795 1794/1794/1794
f 1797/1797/1797 1795/1795/1795 1796/1796/1796
f 1798/1798/1798 1797/1797/1797 1796/1796/1796
f 1799/1799/1799 1797/1797/1797 1798/1798/1798
f 1800/1800/1800 1799/1799/1799 1798/1798/1798
f 1801/1801/1801 1799/1799/1799 1800/1800/1800
f 1802/1802/1802 1801/1801/1801 1800/1800/1800
f 1803/1803/1803 1801/1801/1801 1802/1802/1802
f 1804/1804/1804 1803/1803/1803 1802/1802/1802
f 1805/1805/1805 1803/1803/1803 1804/1804/1804
f 1806/1806/1806 1805/1805/1805 1804/1804/1804
f 1807/1807/1807 1805/1805/1805 1806/1806/1806
f 1808/1808/1808 1807/1807/1807 1806/1806/1806
f 1809/1809/1809 1807/1807/1807 1808/1808/1808
f 1810/1810/1810 1809/1809/1809 1808/1808/1808
f 1811/1811/1811 1809/1809/1809 1810/1810/1810
f 1812/1812/1812 1811/1811/1811 1810/1810/1810
f 1813/1813/1813 1811/1811/1811 1812/1812/1812
f 1814/1814/1814 1813/1813/1813 1812/1812/1812
f 1815/1815/1815 1813/1813/1813 1814/1814/1814
f 1816/1816/1816 1815/1815/1815 1814/1814/1814
f 1819/1819/1819 1818/1818/1818 1817/1817/1817
f 1820/1820/1820 1819/1819/1819 1817/1817/1817
f 1821/1821/1821 1819/1819/1819 1820/1820/1820
f 1822/1822/1822 1821/1821/1821 1820/1820/1820
f 1823/1823/1823 1821/1821/1821 1822/1822/1822
f 1824/1824/1824 1823/1823/1823 1822/1822/1822
f 1825/1825/1825 1823/1823/1823 1824/1824/1824
f 1826/1826/1826 1825/1825/1825 1824/1824/1824
f 1827/1827/1827 1825/1825/1825 1826/1826/1826
f 1828/1828/1828 1827/1827/1827 1826/1826/1826
f 1829/1829/1829 1827/1827/1827 1828/1828/1828
f 1830/1830/1830 1829/1829/1829 1828/1828/1828
f 1831/1831/1831 1829/1829/1829 1830/1830/1830
f 1832/1832/1832 1831/1831/1831 1830/1830/1830
f 1833/1833/1833 1831/1831/1831 1832/1832/1832
f 1834/1834/1834 1833/1833/1833 1832/1832/1832
f 1835/1835/1835 1833/1833/1833 1834/1834/1834
f 1836/1836/1836 1835/1835/1835 1834/1834/1834
f 1837/1837/1837 1835/1835/1835 1836/1836/1836
f 1838/1838/1838 1837/1837/1837 1836/1836/1836
f 1839/1839/1839 1837/1837/1837 1838/1838/1838
f 1840/1840/1840 1839/1839/1839 1838/1838/1838
f 1841/1841/1841 1839/1839/1839 1840/1840/1840
f 1842/1842/1842 1841/1841/1841 1840/1840/1840
f 1843/1843/1843 1841/1841/1841 1842/1842/1842
f 1844/1844/1844 1843/1843/1843 1842/1842/1842
f 1845/1845/1845 1843/1843/1843 1844/1844/1844
f 1846/1846/1846 1845/1845/1845 1844/1844/1844
f 1847/1847/1847 1845/1845/1845 1846/1846/1846
f 1848/1848/1848 1847/1847/1847 1846/1846/1846
f 1849/1849/1849 1847/1847/1847 1848/1848/1848
f 1850/1850/1850 1849/1849/1849 1848/1848/1848
f 1851/1851/1851 1849/1849/1849 1850/1850/1850
f 1852/1852/1852 1851/1851/1851 1850/1850/1850
f 1855/1855/1855 1854/1854/1854 1853/1853/1853
f 1856/1856/1856 1855/1855/1855 1853/1853/1853
f 1853/1853/1853 1854/1854/1854 1857/1857/1857
f 1854/1854/1854 1858/1858/1858 1857/1857/1857
f 1857/1857/1857 1858/1858/1858 1859/1859/1859
f 1858/1858/1858 1860/1860/1860 1859/1859/1859
f 1859/1859/1859 1860/1860/1860 1861/1861/1861
f 1860/1860/1860 1862/1862/1862 1861/1861/1861
f 1861/1861/1861 1862/1862/1862 1863/1863/1863
f 1862/1862/1862 1864/1864/1864 1863/1863/1863
f 1863/1863/1863 1864/1864/1864 1865/1865/1865
f 1864/1864/1864 1866/1866/1866 1865/1865/1865
f 1865/1865/1865 1866/1866/1866 1867/1867/1867
f 1866/1866/1866 1868/1868/1868 1867/1867/1867
f 1867/1867/1867 1868/1868/1868 1869/1869/1869
f 1868/1868/1868 1870/1870/1870 1869/1869/1869
f 1869/1869/1869 1870/1870/1870 1871/1871/1871
f 1870/1870/1870 1872/1872/1872 1871/1871/1871
f 1871/1871/1871 1872/1872/1872 1873/1873/1873
f 1872/1872/1872 1874/1874/1874 1873/1873/1873
f 1873/1873/1873 1874/1874/1874 1875/1875/1875
f 1874/1874/1874 1876/1876/1876 1875/1875/1875
f 1875/1875/1875 1876/1876/1876 1877/1877/1877
f 1876/1876/1876 1878/1878/1878 1877/1877/1877
f 1877/1877/1877 1878/1878/1878 1879/1879/1879
f 1878/1878/1878 1880/1880/1880 1879/1879/1879
f 1879/1879/1879 1880/1880/1880 1881/1881/1881
f 1880/1880/1880 1882/1882/1882 1881/1881/1881
f 1881/1881/1881 1882/1882/1882 1883/1883/1883
f 1882/1882/1882 1884/1884/1884 1883/1883/1883
f 1883/1883/1883 1884/1884/1884 1885/1885/1885
f 1884/1884/1884 1886/1886/1886 1885/1885/1885
f 1885/1885/1885 1886/1886/1886 1887/1887/1887
f 1886/1886/1886 1888/1888/1888 1887/1887/1887
f 1887/1887/1887 1888/1888/1888 1889/1889/1889
f 1888/1888/1888 1890/1890/1890 1889/1889/1889
f 1889/1889/1889 1890/1890/1890 1891/1891/1891
f 1890/1890/1890 1892/1892/1892 1891/1891/1891
f 1891/1891/1891 1892/1892/1892 1893/1893/1893
f 1892/1892/1892 1894/1894/1894 1893/1893/1893
f 1893/1893/1893 1894/1894/1894 1895/1895/1895
f 1894/1894/1894 1896/1896/1896 1895/1895/1895
f 1895/1895/1895 1896/1896/1896 1897/1897/1897
f 1896/1896/1896 1898/1898/1898 1897/1897/1897
f 1897/1897/1897 1898/1898/1898 1899/1899/1899
f 1898/1898/1898 1900/1900/1900 1899/1899/1899
f 1899/1899/1899 1900/1900/1900 1901/1901/1901
f 1900/1900/1900 1902/1902/1902 1901/1901/1901
f 1901/1901/1901 1902/1902/1902 1903/1903/1903
f 1902/1902/1902 1904/1904/1904 1903/1903/1903
f 1903/1903/1903 1904/1904/1904 1905/1905/1905
f 1904/1904/1904 1906/1906/1906 1905/1905/1905
f 1905/1905/1905 1906/1906/1906 1907/1907/1907
f 1906/1906/1906 1908/1908/1908 1907/1907/1907
f 1907/1907/1907 1908/1908/1908 1909/1909/1909
f 1908/1908/1908 1910/1910/1910 1909/1909/1909
f 1909/1909/1909 1910/1910/1910 1911/1911/1911
f 1910/1910/1910 1912/1912/1912 1911/1911/1911
f 1911/1911/1911 1912/1912/1912 1913/1913/1913
f 1912/1912/1912 1914/1914/1914 1913/1913/1913
f 1913/1913/1913 1914/1914/1914 1915/1915/1915
f 1914/1914/1914 1916/1916/1916 1915/1915/1915
f 1915/1915/1915 1916/1916/1916 1917/1917/1917
f 1916/1916/1916 1918/1918/1918 1917/1917/1917
f 1917/1917/1917 1918/1918/1918 1919/1919/1919
f 1918/1918/1918 1920/1920/1920 1919/1919/1919
f 1919/1919/1919 1920/1920/1920 1921/1921/1921
f 1922/1922/1922 1919/1919/1919 1921/1921/1921
f 1925/1925/1925 1924/1924/1924 1923/1923/1923
f 1926/1926/1926 1925/1925/1925 1923/1923/1923
f 1927/1927/1927 1925/1925/1925 1926/1926/1926
f 1928/1928/1928 1927/1927/1927 1926/1926/1926
f 1929/1929/1929 1927/1927/1927 1928/1928/1928
f 1930/1930/1930 1929/1929/1929 1928/1928/1928
f 1923/1923/1923 1924/1924/1924 1931/1931/1931
f 1924/1924/1924 1932/1932/1932 1931/1931/1931
f 1925/1925/1925 1933/1933/1933 1924/1924/1924
f 1933/1933/1933 1934/1934/1934 1924/1924/1924
f 1924/1924/1924 1934/1934/1934 1932/1932/1932
f 1935/1935/1935 1933/1933/1933 1925/1925/1925
f 1927/1927/1927 1935/1935/1935 1925/1925/1925
f 1936/1936/1936 1935/1935/1935 1927/1927/1927
f 1929/1929/1929 1936/1936/1936 1927/1927/1927
f 1934/1934/1934 1937/1937/1937 1932/1932/1932
f 1933/1933/1933 1938/1938/1938 1934/1934/1934
f 1938/1938/1938 1939/1939/1939 1934/1934/1934
f 1934/1934/1934 1939/1939/1939 1937/1937/1937
f 1940/1940/1940 1938/1938/1938 1933/1933/1933
f 1935/1935/1935 1940/1940/1940 1933/1933/1933
f 1941/1941/1941 1940/1940/1940 1935/1935/1935
f 1936/1936/1936 1941/1941/1941 1935/1935/1935
f 1939/1939/1939 1942/1942/1942 1937/1937/1937
f 1938/1938/1938 1943/1943/1943 1939/1939/1939
f 1943/1943/1943 1944/1944/1944 1939/1939/1939
f 1939/1939/1939 1944/1944/1944 1942/1942/1942
f 1945/1945/1945 1943/1943/1943 1938/1938/1938
f 1940/1940/1940 1945/1945/1945 1938/1938/1938
f 1946/1946/1946 1945/1945/1945 1940/1940/1940
f 1941/1941/1941 1946/1946/1946 1940/1940/1940
f 1944/1944/1944 1947/1947/1947 1942/1942/1942
f 1943/1943/1943 1948/1948/1948 1944/1944/1944
f 1948/1948/1948 1949/1949/1949 1944/1944/1944
f 1944/1944/1944 1949/1949/1949 1947/1947/1947
f 1950/1950/1950 1948/1948/1948 1943/1943/1943
f 1945/1945/1945 1950/1950/1950 1943/1943/1943
f 1951/1951/1951 1950/1950/1950 1945/1945/1945
f 1946/1946/1946 1951/1951/1951 1945/1945/1945
f 1949/1949/1949 1952/1952/1952 1947/1947/1947
f 1948/1948/1948 1953/1953/1953 1949/1949/1949
f 1953/1953/1953 1954/1954/1954 1949/1949/1949
f 1949/1949/1949 1954/1954/1954 1952/1952/1952
f 1955/1955/1955 1953/1953/1953 1948/1948/1948
f 1950/1950/1950 1955/1955/1955 1948/1948/1948
f 1956/1956/1956 1955/1955/1955 1950/1950/1950
f 1951/1951/1951 1956/1956/1956 1950/1950/1950
f 1954/1954/1954 1957/1957/1957 1952/1952/1952
f 1953/1953/1953 1958/1958/1958 1954/1954/1954
f 1955/1955/1955 1958/1958/1958 1953/1953/1953
f 1956/1956/1956 1958/1958/1958 1955/1955/1955
f 1954/1954/1954 1958/1958/1958 1957/1957/1957
f 1961/1961/1961 1960/1960/1960 1959/1959/1959
f 1962/1962/1962 1961/1961/1961 1959/1959/1959
f 1963/1963/1963 1961/1961/1961 1962/1962/1962
f 1964/1964/1964 1963/1963/1963 1962/1962/1962
f 1965/1965/1965 1963/1963/1963 1964/1964/1964
f 1966/1966/1966 1965/1965/1965 1964/1964/1964
f 1967/1967/1967 1965/1965/1965 1966/1966/1966
f 1968/1968/1968 1967/1967/1967 1966/1966/1966
f 1961/1961/1961 1969/1969/1969 1960/1960/1960
f 1969/1969/1969 1970/1970/1970 1960/1960/1960
f 1971/1971/1971 1969/1969/1969 1961/1961/1961
f 1963/1963/1963 1971/1971/1971 1961/1961/1961
f 1972/1972/1972 1971/1971/1971 1963/1963/1963
f 1965/1965/1965 1972/1972/1972 1963/1963/1963
f 1973/1973/1973 1972/1972/1972 1965/1965/1965
f 1967/1967/1967 1973/1973/1973 1965/1965/1965
f 1969/1969/1969 1974/1974/1974 1970/1970/1970
f 1974/1974/1974 1975/1975/1975 1970/1970/1970
f 1976/1976/1976 1974/1974/1974 1969/1969/1969
f 1971/1971/1971 1976/1976/1976 1969/1969/1969
f 1977/1977/1977 1976/1976/1976 1971/1971/1971
f 1972/1972/1972 1977/1977/1977 1971/1971/1971
f 1978/1978/1978 1977/1977/1977 1972/1972/1972
f 1973/1973/1973 1978/1978/1978 1972/1972/1972
f 1974/1974/1974 1979/1979/1979 1975/1975/1975
f 1979/1979/1979 1980/1980/1980 1975/1975/1975
f 1981/1981/1981 1979/1979/1979 1974/1974/1974
f 1976/1976/1976 1981/1981/1981 1974/1974/1974
f 1982/1982/1982 1981/1981/1981 1976/1976/1976
f 1977/1977/1977 1982/1982/1982 1976/1976/1976
f 1983/1983/1983 1982/1982/1982 1977/1977/1977
f 1978/1978/1978 1983/1983/1983 1977/1977/1977
f 1979/1979/1979 1984/1984/1984 1980/1980/1980
f 1984/1984/1984 1985/1985/1985 1980/1980/1980
f 1986/1986/1986 1984/1984/1984 1979/1979/1979
f 1981/1981/1981 1986/1986/1986 1979/1979/1979
f 1987/1987/1987 1986/1986/1986 1981/1981/1981
f 1982/1982/1982 1987/1987/1987 1981/1981/1981
f 1988/1988/1988 1987/1987/1987 1982/1982/1982
f 1983/1983/1983 1988/1988/1988 1982/1982/1982
f 1984/1984/1984 1989/1989/1989 1985/1985/1985
f 1989/1989/1989 1990/1990/1990 1985/1985/1985
f 1991/1991/1991 1989/1989/1989 1984/1984/1984
f 1986/1986/1986 1991/1991/1991 1984/1984/1984
f 1992/1992/1992 1991/1991/1991 1986/1986/1986
f 1987/1987/1987 1992/1992/1992 1986/1986/1986
f 1993/1993/1993 1992/1992/1992 1987/1987/1987
f 1988/1988/1988 1993/1993/1993 1987/1987/1987
f 1989/1989/1989 1994/1994/1994 1990/1990/1990
f 1991/1991/1991 1994/1994/1994 1989/1989/1989
f 1992/1992/1992 1994/1994/1994 1991/1991/1991
f 1993/1993/1993 1994/1994/1994 1992/1992/1992
f 1923/1923/1923 1995/1995/1995 1926/1926/1926
f 1926/1926/1926 1995/1995/1995 1928/1928/1928
f 1928/1928/1928 1995/1995/1995 1930/1930/1930
f 1931/1931/1931 1995/1995/1995 1923/1923/1923
f 1959/1959/1959 1996/1996/1996 1962/1962/1962
f 1962/1962/1962 1996/1996/1996 1964/1964/1964
f 1964/1964/1964 1996/1996/1996 1966/1966/1966
f 1966/1966/1966 1996/1996/1996 1968/1968/1968
f 1999/1999/1999 1998/1998/1998 1997/1997/1997
f 2000/2000/2000 1999/1999/1999 1997/1997/1997
f 2001/2001/2001 1999/1999/1999 2000/2000/2000
f 2002/2002/2002 2001/2001/2001 2000/2000/2000
f 2003/2003/2003 2001/2001/2001 2002/2002/2002
f 2004/2004/2004 2003/2003/2003 2002/2002/2002
f 1997/1997/1997 1998/1998/1998 2005/2005/2005
f 1998/1998/1998 2006/2006/2006 2005/2005/2005
f 1999/1999/1999 2007/2007/2007 1998/1998/1998
f 2007/2007/2007 2008/2008/2008 1998/1998/1998
f 1998/1998/1998 2008/2008/2008 2006/2006/2006
f 2009/2009/2009 2007/2007/2007 1999/1999/1999
f 2001/2001/2001 2009/2009/2009 1999/1999/1999
f 2010/2010/2010 2009/2009/2009 2001/2001/2001
f 2003/2003/2003 2010/2010/2010 2001/2001/2001
f 2008/2008/2008 2011/2011/2011 2006/2006/2006
f 2007/2007/2007 2012/2012/2012 2008/2008/2008
f 2012/2012/2012 2013/2013/2013 2008/2008/2008
f 2008/2008/2008 2013/2013/2013 2011/2011/2011
f 2014/2014/2014 2012/2012/2012 2007/2007/2007
f 2009/2009/2009 2014/2014/2014 2007/2007/2007
f 2015/2015/2015 2014/2014/2014 2009/2009/2009
f 2010/2010/2010 2015/2015/2015 2009/2009/2009
f 2013/2013/2013 2016/2016/2016 2011/2011/2011
f 2012/2012/2012 2017/2017/2017 2013/2013/2013
f 2017/2017/2017 2018/2018/2018 2013/2013/2013
f 2013/2013/2013 2018/2018/2018 2016/2016/2016
f 2019/2019/2019 2017/2017/2017 2012/2012/2012
f 2014/2014/2014 2019/2019/2019 2012/2012/2012
f 2020/2020/2020 2019/2019/2019 2014/2014/2014
f 2015/2015/2015 2020/2020/2020 2014/2014/2014
f 2018/2018/2018 2021/2021/2021 2016/2016/2016
f 2017/2017/2017 2022/2022/2022 2018/2018/2018
f 2022/2022/2022 2023/2023/2023 2018/2018/2018
f 2018/2018/2018 2023/2023/2023 2021/2021/2021
f 2024/2024/2024 2022/2022/2022 2017/2017/2017
f 2019/2019/2019 2024/2024/2024 2017/2017/2017
f 2025/2025/2025 2024/2024/2024 2019/2019/2019
f 2020/2020/2020 2025/2025/2025 2019/2019/2019
f 2023/2023/2023 2026/2026/2026 2021/2021/2021
f 2022/2022/2022 2027/2027/2027 2023/2023/2023
f 2027/2027/2027 2028/2028/2028 2023/2023/2023
f 2023/2023/2023 2028/2028/2028 2026/2026/2026
f 2029/2029/2029 2027/2027/2027 2022/2022/2022
f 2024/2024/2024 2029/2029/2029 2022/2022/2022
f 2030/2030/2030 2029/2029/2029 2024/2024/2024
f 2025/2025/2025 2030/2030/2030 2024/2024/2024
f 2028/2028/2028 2031/2031/2031 2026/2026/2026
f 2027/2027/2027 2032/2032/2032 2028/2028/2028
f 2029/2029/2029 2032/2032/2032 2027/2027/2027
f 2030/2030/2030 2032/2032/2032 2029/2029/2029
f 2028/2028/2028 2032/2032/2032 2031/2031/2031
f 2035/2035/2035 2034/2034/2034 2033/2033/2033
f 2036/2036/2036 2035/2035/2035 2033/2033/2033
f 2037/2037/2037 2035/2035/2035 2036/2036/2036
f 2038/2038/2038 2037/2037/2037 2036/2036/2036
f 2039/2039/2039 2037/2037/2037 2038/2038/2038
f 2040/2040/2040 2039/2039/2039 2038/2038/2038
f 2041/2041/2041 2039/2039/2039 2040/2040/2040
f 2042/2042/2042 2041/2041/2041 2040/2040/2040
f 2035/2035/2035 2043/2043/2043 2034/2034/2034
f 2043/2043/2043 2044/2044/2044 2034/2034/2034
f 2045/2045/2045 2043/2043/2043 2035/2035/2035
f 2037/2037/2037 2045/2045/2045 2035/2035/2035
f 2046/2046/2046 2045/2045/2045 2037/2037/2037
f 2039/2039/2039 2046/2046/2046 2037/2037/2037
f 2047/2047/2047 2046/2046/2046 2039/2039/2039
f 2041/2041/2041 2047/2047/2047 2039/2039/2039
f 2043/2043/2043 2048/2048/2048 2044/2044/2044
f 2048/2048/2048 2049/2049/2049 2044/2044/2044
f 2050/2050/2050 2048/2048/2048 2043/2043/2043
f 2045/2045/2045 2050/2050/2050 2043/2043/2043
f 2051/2051/2051 2050/2050/2050 2045/2045/2045
f 2046/2046/2046 2051/2051/2051 2045/2045/2045
f 2052/2052/2052 2051/2051/2051 2046/2046/2046
f 2047/2047/2047 2052/2052/2052 2046/2046/2046
f 2048/2048/2048 2053/2053/2053 2049/2049/2049
f 2053/2053/2053 2054/2054/2054 2049/2049/2049
f 2055/2055/2055 2053/2053/2053 2048/2048/2048
f 2050/2050/2050 2055/2055/2055 2048/2048/2048
f 2056/2056/2056 2055/2055/2055 2050/2050/2050
f 2051/2051/2051 2056/2056/2056 2050/2050/2050
f 2057/2057/2057 2056/2056/2056 2051/2051/2051
f 2052/2052/2052 2057/2057/2057 2051/2051/2051
f 2053/2053/2053 2058/2058/2058 2054/2054/2054
f 2058/2058/2058 2059/2059/2059 2054/2054/2054
f 2060/2060/2060 2058/2058/2058 2053/2053/2053
f 2055/2055/2055 2060/2060/2060 2053/2053/2053
f 2061/2061/2061 2060/2060/2060 2055/2055/2055
f 2056/2056/2056 2061/2061/2061 2055/2055/2055
f 2062/2062/2062 2061/2061/2061 2056/2056/2056
f 2057/2057/2057 2062/2062/2062 2056/2056/2056
f 2058/2058/2058 2063/2063/2063 2059/2059/2059
f 2063/2063/2063 2064/2064/2064 2059/2059/2059
f 2065/2065/2065 2063/2063/2063 2058/2058/2058
f 2060/2060/2060 2065/2065/2065 2058/2058/2058
f 2066/2066/2066 2065/2065/2065 2060/2060/2060
f 2061/2061/2061 2066/2066/2066 2060/2060/2060
f 2067/2067/2067 2066/2066/2066 2061/2061/2061
f 2062/2062/2062 2067/2067/2067 2061/2061/2061
f 2063/2063/2063 2068/2068/2068 2064/2064/2064
f 2065/2065/2065 2068/2068/2068 2063/2063/2063
f 2066/2066/2066 2068/2068/2068 2065/2065/2065
f 2067/2067/2067 2068/2068/2068 2066/2066/2066
f 1997/1997/1997 2069/2069/2069 2000/2000/2000
f 2000/2000/2000 2069/2069/2069 2002/2002/2002
f 2002/2002/2002 2069/2069/2069 2004/2004/2004
f 2005/2005/2005 2069/2069/2069 1997/1997/1997
f 2033/2033/2033 2070/2070/2070 2036/2036/2036
f 2036/2036/2036 2070/2070/2070 2038/2038/2038
f 2038/2038/2038 2070/2070/2070 2040/2040/2040
f 2040/2040/2040 2070/2070/2070 2042/2042/2042
f 2073/2073/2073 2072/2072/2072 2071/2071/2071
f 2074/2074/2074 2073/2073/2073 2071/2071/2071
f 2077/2077/2077 2076/2076/2076 2075/2075/2075
f 2078/2078/2078 2077/2077/2077 2075/2075/2075
f 2081/2081/2081 2080/2080/2080 2079/2079/2079
f 2082/2082/2082 2081/2081/2081 2079/2079/2079
f 2085/2085/2085 2084/2084/2084 2083/2083/2083
f 2086/2086/2086 2085/2085/2085 2083/2083/2083
f 2089/2089/2089 2088/2088/2088 2087/2087/2087
f 2090/2090/2090 2089/2089/2089 2087/2087/2087
f 2093/2093/2093 2092/2092/2092 2091/2091/2091
f 2094/2094/2094 2093/2093/2093 2091/2091/2091
f 2097/2097/2097 2096/2096/2096 2095/2095/2095
f 2098/2098/2098 2097/2097/2097 2095/2095/2095
f 2099/2099/2099 2097/2097/2097 2098/2098/2098
f 2100/2100/2100 2099/2099/2099 2098/2098/2098
f 2101/2101/2101 2099/2099/2099 2100/2100/2100
f 2102/2102/2102 2101/2101/2101 2100/2100/2100
f 2103/2103/2103 2101/2101/2101 2102/2102/2102
f 2104/2104/2104 2103/2103/2103 2102/2102/2102
f 2105/2105/2105 2103/2103/2103 2104/2104/2104
f 2106/2106/2106 2105/2105/2105 2104/2104/2104
f 2107/2107/2107 2105/2105/2105 2106/2106/2106
f 2108/2108/2108 2107/2107/2107 2106/2106/2106
f 2109/2109/2109 2107/2107/2107 2108/2108/2108
f 2110/2110/2110 2109/2109/2109 2108/2108/2108
f 2111/2111/2111 2109/2109/2109 2110/2110/2110
f 2112/2112/2112 2111/2111/2111 2110/2110/2110
f 2113/2113/2113 2111/2111/2111 2112/2112/2112
f 2114/2114/2114 2113/2113/2113 2112/2112/2112
f 2115/2115/2115 2113/2113/2113 2114/2114/2114
f 2116/2116/2116 2115/2115/2115 2114/2114/2114
f 2117/2117/2117 2115/2115/2115 2116/2116/2116
f 2118/2118/2118 2117/2117/2117 2116/2116/2116
f 2119/2119/2119 2117/2117/2117 2118/2118/2118
f 2120/2120/2120 2119/2119/2119 2118/2118/2118
f 2121/2121/2121 2119/2119/2119 2120/2120/2120
f 2122/2122/2122 2121/2121/2121 2120/2120/2120
f 2123/2123/2123 2121/2121/2121 2122/2122/2122
f 2124/2124/2124 2123/2123/2123 2122/2122/2122
f 2125/2125/2125 2123/2123/2123 2124/2124/2124
f 2126/2126/2126 2125/2125/2125 2124/2124/2124
f 2127/2127/2127 2125/2125/2125 2126/2126/2126
f 2128/2128/2128 2127/2127/2127 2126/2126/2126
f 2129/2129/2129 2127/2127/2127 2128/2128/2128
f 2130/2130/2130 2129/2129/2129 2128/2128/2128
f 2133/2133/2133 2132/2132/2132 2131/2131/2131
f 2134/2134/2134 2133/2133/2133 2131/2131/2131
f 2135/2135/2135 2133/2133/2133 2134/2134/2134
f 2136/2136/2136 2135/2135/2135 2134/2134/2134
f 2137/2137/2137 2135/2135/2135 2136/2136/2136
f 2138/2138/2138 2137/2137/2137 2136/2136/2136
f 2139/2139/2139 2137/2137/2137 2138/2138/2138
f 2140/2140/2140 2139/2139/2139 2138/2138/2138
f 2141/2141/2141 2139/2139/2139 2140/2140/2140
f 2142/2142/2142 2141/2141/2141 2140/2140/2140
f 2143/2143/2143 2141/2141/2141 2142/2142/2142
f 2144/2144/2144 2143/2143/2143 2142/2142/2142
f 2145/2145/2145 2143/2143/2143 2144/2144/2144
f 2146/2146/2146 2145/2145/2145 2144/2144/2144
f 2147/2147/2147 2145/2145/2145 2146/2146/2146
f 2148/2148/2148 2147/2147/2147 2146/2146/2146
f 2149/2149/2149 2147/2147/2147 2148/2148/2148
f 2150/2150/2150 2149/2149/2149 2148/2148/2148
f 2151/2151/2151 2149/2149/2149 2150/2150/2150
f 2152/2152/2152 2151/2151/2151 2150/2150/2150
f 2153/2153/2153 2151/2151/2151 2152/2152/2152
f 2154/2154/2154 2153/2153/2153 2152/2152/2152
f 2155/2155/2155 2153/2153/2153 2154/2154/2154
f 2156/2156/2156 2155/2155/2155 2154/2154/2154
f 2157/2157/2157 2155/2155/2155 2156/2156/2156
f 2158/2158/2158 2157/2157/2157 2156/2156/2156
f 2159/2159/2159 2157/2157/2157 2158/2158/2158
f 2160/2160/2160 2159/2159/2159 2158/2158/2158
f 2161/2161/2161 2159/2159/2159 2160/2160/2160
f 2162/2162/2162 2161/2161/2161 2160/2160/2160
f 2163/2163/2163 2161/2161/2161 2162/2162/2162
f 2164/2164/2164 2163/2163/2163 2162/2162/2162
f 2165/2165/2165 2163/2163/2163 2164/2164/2164
f 2166/2166/2166 2165/2165/2165 2164/2164/2164
f 2169/2169/2169 2168/2168/2168 2167/2167/2167
f 2170/2170/2170 2169/2169/2169 2167/2167/2167
f 2167/2167/2167 2168/2168/2168 2171/2171/2171
f 2168/2168/2168 2172/2172/2172 2171/2171/2171
f 2171/2171/2171 2172/2172/2172 2173/2173/2173
f 2172/2172/2172 2174/2174/2174 2173/2173/2173
f 2173/2173/2173 2174/2174/2174 2175/2175/2175
f 2174/2174/2174 2176/2176/2176 2175/2175/2175
f 2175/2175/2175 2176/2176/2176 2177/2177/2177
f 2176/2176/2176 2178/2178/2178 2177/2177/2177
f 2177/2177/2177 2178/2178/2178 2179/2179/2179
f 2178/2178/2178 2180/2180/2180 2179/2179/2179
f 2179/2179/2179 2180/2180/2180 2181/2181/2181
f 2180/2180/2180 2182/2182/2182 2181/2181/2181
f 2181/2181/2181 2182/2182/2182 2183/2183/2183
f 2182/2182/2182 2184/2184/2184 2183/2183/2183
f 2183/2183/2183 2184/2184/2184 2185/2185/2185
f 2184/2184/2184 2186/2186/2186 2185/2185/2185
f 2185/2185/2185 2186/2186/2186 2187/2187/2187
f 2186/2186/2186 2188/2188/2188 2187/2187/2187
f 2187/2187/2187 2188/2188/2188 2189/2189/2189
f 2188/2188/2188 2190/2190/2190 2189/2189/2189
f 2189/2189/2189 2190/2190/2190 2191/2191/2191
f 2190/2190/2190 2192/2192/2192 2191/2191/2191
f 2191/2191/2191 2192/2192/2192 2193/2193/2193
f 2192/2192/2192 2194/2194/2194 2193/2193/2193
f 2193/2193/2193 2194/2194/2194 2195/2195/2195
f 2194/2194/2194 2196/2196/2196 2195/2195/2195
f 2195/2195/2195 2196/2196/2196 2197/2197/2197
f 2196/2196/2196 2198/2198/2198 2197/2197/2197
f 2197/2197/2197 2198/2198/2198 2199/2199/2199
f 2198/2198/2198 2200/2200/2200 2199/2199/2199
f 2199/2199/2199 2200/2200/2200 2201/2201/2201
f 2200/2200/2200 2202/2202/2202 2201/2201/2201
f 2205/2205/2205 2204/2204/2204 2203/2203/2203
f 2206/2206/2206 2205/2205/2205 2203/2203/2203
f 2203/2203/2203 2204/2204/2204 2207/2207/2207
f 2204/2204/2204 2208/2208/2208 2207/2207/2207
f 2207/2207/2207 2208/2208/2208 2209/2209/2209
f 2208/2208/2208 2210/2210/2210 2209/2209/2209
f 2209/2209/2209 2210/2210/2210 2211/2211/2211
f 2210/2210/2210 2212/2212/2212 2211/2211/2211
f 2211/2211/2211 2212/2212/2212 2213/2213/2213
f 2212/2212/2212 2214/2214/2214 2213/2213/2213
f 2213/2213/2213 2214/2214/2214 2215/2215/2215
f 2214/2214/2214 2216/2216/2216 2215/2215/2215
f 2215/2215/2215 2216/2216/2216 2217/2217/2217
f 2216/2216/2216 2218/2218/2218 2217/2217/2217
f 2217/2217/2217 2218/2218/2218 2219/2219/2219
f 2218/2218/2218 2220/2220/2220 2219/2219/2219
f 2219/2219/2219 2220/2220/2220 2221/2221/2221
f 2220/2220/2220 2222/2222/2222 2221/2221/2221
f 2221/2221/2221 2222/2222/2222 2223/2223/2223
f 2222/2222/2222 2224/2224/2224 2223/2223/2223
f 2223/2223/2223 2224/2224/2224 2225/2225/2225
f 2224/2224/2224 2226/2226/2226 2225/2225/2225
f 2225/2225/2225 2226/2226/2226 2227/2227/2227
f 2226/2226/2226 2228/2228/2228 2227/2227/2227
f 2227/2227/2227 2228/2228/2228 2229/2229/2229
f 2228/2228/2228 2230/2230/2230 2229/2229/2229
f 2229/2229/2229 2230/2230/2230 2231/2231/2231
f 2230/2230/2230 2232/2232/2232 2231/2231/2231
f 2231/2231/2231 2232/2232/2232 2233/2233/2233
f 2232/2232/2232 2234/2234/2234 2233/2233/2233
f 2233/2233/2233 2234/2234/2234 2235/2235/2235
f 2234/2234/2234 2236/2236/2236 2235/2235/2235
f 2235/2235/2235 2236/2236/2236 2237/2237/2237
f 2236/2236/2236 2238/2238/2238 2237/2237/2237
f 2241/2241/2241 2240/2240/2240 2239/2239/2239
f 2242/2242/2242 2241/2241/2241 2239/2239/2239
f 2243/2243/2243 2241/2241/2241 2242/2242/2242
f 2244/2244/2244 2243/2243/2243 2242/2242/2242
f 2245/2245/2245 2243/2243/2243 2244/2244/2244
f 2246/2246/2246 2245/2245/2245 2244/2244/2244
f 2247/2247/2247 2245/2245/2245 2246/2246/2246
f 2248/2248/2248 2247/2247/2247 2246/2246/2246
f 2249/2249/2249 2247/2247/2247 2248/2248/2248
f 2250/2250/2250 2249/2249/2249 2248/2248/2248
f 2251/2251/2251 2249/2249/2249 2250/2250/2250
f 2252/2252/2252 2251/2251/2251 2250/2250/2250
f 2253/2253/2253 2251/2251/2251 2252/2252/2252
f 2254/2254/2254 2253/2253/2253 2252/2252/2252
f 2255/2255/2255 2253/2253/2253 2254/2254/2254
f 2256/2256/2256 2255/2255/2255 2254/2254/2254
f 2257/2257/2257 2255/2255/2255 2256/2256/2256
f 2258/2258/2258 2257/2257/2257 2256/2256/2256
f 2259/2259/2259 2257/2257/2257 2258/2258/2258
f 2260/2260/2260 2259/2259/2259 2258/2258/2258
f 2261/2261/2261 2259/2259/2259 2260/2260/2260
f 2262/2262/2262 2261/2261/2261 2260/2260/2260
f 2263/2263/2263 2261/2261/2261 2262/2262/2262
f 2264/2264/2264 2263/2263/2263 2262/2262/2262
f 2265/2265/2265 2263/2263/2263 2264/2264/2264
f 2266/2266/2266 2265/2265/2265 2264/2264/2264
f 2267/2267/2267 2265/2265/2265 2266/2266/2266
f 2268/2268/2268 2267/2267/2267 2266/2266/2266
f 2269/2269/2269 2267/2267/2267 2268/2268/2268
f 2270/2270/2270 2269/2269/2269 2268/2268/2268
f 2271/2271/2271 2269/2269/2269 2270/2270/2270
f 2272/2272/2272 2271/2271/2271 2270/2270/2270
f 2273/2273/2273 2271/2271/2271 2272/2272/2272
f 2274/2274/2274 2273/2273/2273 2272/2272/2272
f 2277/2277/2277 2276/2276/2276 2275/2275/2275
f 2278/2278/2278 2277/2277/2277 2275/2275/2275
f 2279/2279/2279 2277/2277/2277 2278/2278/2278
f 2280/2280/2280 2279/2279/2279 2278/2278/2278
f 2281/2281/2281 2279/2279/2279 2280/2280/2280
f 2282/2282/2282 2281/2281/2281 2280/2280/2280
f 2283/2283/2283 2281/2281/2281 2282/2282/2282
f 2284/2284/2284 2283/2283/2283 2282/2282/2282
f 2285/2285/2285 2283/2283/2283 2284/2284/2284
f 2286/2286/2286 2285/2285/2285 2284/2284/2284
f 2287/2287/2287 2285/2285/2285 2286/2286/2286
f 2288/2288/2288 2287/2287/2287 2286/2286/2286
f 2289/2289/2289 2287/2287/2287 2288/2288/2288
f 2290/2290/2290 2289/2289/2289 2288/2288/2288
f 2291/2291/2291 2289/2289/2289 2290/2290/2290
f 2292/2292/2292 2291/2291/2291 2290/2290/2290
f 2293/2293/2293 2291/2291/2291 2292/2292/2292
f 2294/2294/2294 2293/2293/2293 2292/2292/2292
f 2295/2295/2295 2293/2293/2293 2294/2294/2294
f 2296/2296/2296 2295/2295/2295 2294/2294/2294
f 2297/2297/2297 2295/2295/2295 2296/2296/2296
f 2298/2298/2298 2297/2297/2297 2296/2296/2296
f 2299/2299/2299 2297/2297/2297 2298/2298/2298
f 2300/2300/2300 2299/2299/2299 2298/2298/2298
f 2301/2301/2301 2299/2299/2299 2300/2300/2300
f 2302/2302/2302 2301/2301/2301 2300/2300/2300
f 2303/2303/2303 2301/2301/2301 2302/2302/2302
f 2304/2304/2304 2303/2303/2303 2302/2302/2302
f 2305/2305/2305 2303/2303/2303 2304/2304/2304
f 2306/2306/2306 2305/2305/2305 2304/2304/2304
f 2307/2307/2307 2305/2305/2305 2306/2306/2306
f 2308/2308/2308 2307/2307/2307 2306/2306/2306
f 2309/2309/2309 2307/2307/2307 2308/2308/2308
f 2310/2310/2310 2309/2309/2309 2308/2308/2308
f 2313/2313/2313 2312/2312/2312 2311/2311/2311
f 2314/2314/2314 2313/2313/2313 2311/2311/2311
f 2311/2311/2311 2312/2312/2312 2315/2315/2315
f 2312/2312/2312 2316/2316/2316 2315/2315/2315
f 2315/2315/2315 2316/2316/2316 2317/2317/2317
f 2316/2316/2316 2318/2318/2318 2317/2317/2317
f 2317/2317/2317 2318/2318/2318 2319/2319/2319
f 2318/2318/2318 2320/2320/2320 2319/2319/2319
f 2319/2319/2319 2320/2320/2320 2321/2321/2321
f 2320/2320/2320 2322/2322/2322 2321/2321/2321
f 2321/2321/2321 2322/2322/2322 2323/2323/2323
f 2322/2322/2322 2324/2324/2324 2323/2323/2323
f 2323/2323/2323 2324/2324/2324 2325/2325/2325
f 2324/2324/2324 2326/2326/2326 2325/2325/2325
f 2325/2325/2325 2326/2326/2326 2327/2327/2327
f 2326/2326/2326 2328/2328/2328 2327/2327/2327
f 2327/2327/2327 2328/2328/2328 2329/2329/2329
f 2328/2328/2328 2330/2330/2330 2329/2329/2329
f 2329/2329/2329 2330/2330/2330 2331/2331/2331
f 2330/2330/2330 2332/2332/2332 2331/2331/2331
f 2331/2331/2331 2332/2332/2332 2333/2333/2333
f 2332/2332/2332 2334/2334/2334 2333/2333/2333
f 2333/2333/2333 2334/2334/2334 2335/2335/2335
f 2334/2334/2334 2336/2336/2336 2335/2335/2335
f 2335/2335/2335 2336/2336/2336 2337/2337/2337
f 2336/2336/2336 2338/2338/2338 2337/2337/2337
f 2337/2337/2337 2338/2338/2338 2339/2339/2339
f 2338/2338/2338 2340/2340/2340 2339/2339/2339
f 2339/2339/2339 2340/2340/2340 2341/2341/2341
f 2340/2340/2340 2342/2342/2342 2341/2341/2341
f 2341/2341/2341 2342/2342/2342 2343/2343/2343
f 2342/2342/2342 2344/2344/2344 2343/2343/2343
f 2343/2343/2343 2344/2344/2344 2345/2345/2345
f 2344/2344/2344 2346/2346/2346 2345/2345/2345
f 2345/2345/2345 2346/2346/2346 2347/2347/2347
f 2346/2346/2346 2348/2348/2348 2347/2347/2347
f 2347/2347/2347 2348/2348/2348 2349/2349/2349
f 2348/2348/2348 2350/2350/2350 2349/2349/2349
f 2349/2349/2349 2350/2350/2350 2351/2351/2351
f 2350/2350/2350 2352/2352/2352 2351/2351/2351
f 2351/2351/2351 2352/2352/2352 2353/2353/2353
f 2352/2352/2352 2354/2354/2354 2353/2353/2353
f 2353/2353/2353 2354/2354/2354 2355/2355/2355
f 2354/2354/2354 2356/2356/2356 2355/2355/2355
f 2355/2355/2355 2356/2356/2356 2357/2357/2357
f 2356/2356/2356 2358/2358/2358 2357/2357/2357
f 2357/2357/2357 2358/2358/2358 2359/2359/2359
f 2358/2358/2358 2360/2360/2360 2359/2359/2359
f 2359/2359/2359 2360/2360/2360 2361/2361/2361
f 2360/2360/2360 2362/2362/2362 2361/2361/2361
f 2361/2361/2361 2362/2362/2362 2363/2363/2363
f 2362/2362/2362 2364/2364/2364 2363/2363/2363
f 2363/2363/2363 2364/2364/2364 2365/2365/2365
f 2364/2364/2364 2366/2366/2366 2365/2365/2365
f 2365/2365/2365 2366/2366/2366 2367/2367/2367
f 2366/2366/2366 2368/2368/2368 2367/2367/2367
f 2367/2367/2367 2368/2368/2368 2369/2369/2369
f 2368/2368/2368 2370/2370/2370 2369/2369/2369
f 2369/2369/2369 2370/2370/2370 2371/2371/2371
f 2370/2370/2370 2372/2372/2372 2371/2371/2371
f 2371/2371/2371 2372/2372/2372 2373/2373/2373
f 2372/2372/2372 2374/2374/2374 2373/2373/2373
f 2373/2373/2373 2374/2374/2374 2375/2375/2375
f 2374/2374/2374 2376/2376/2376 2375/2375/2375
f 2375/2375/2375 2376/2376/2376 2377/2377/2377
f 2376/2376/2376 2378/2378/2378 2377/2377/2377
f 2377/2377/2377 2378/2378/2378 2379/2379/2379
f 2380/2380/2380 2377/2377/2377 2379/2379/2379
f 2383/2383/2383 2382/2382/2382 2381/2381/2381
f 2384/2384/2384 2383/2383/2383 2381/2381/2381
f 2385/2385/2385 2381/2381/2381 2382/2382/2382
f 2386/2386/2386 2385/2385/2385 2382/2382/2382
f 2382/2382/2382 2383/2383/2383 2387/2387/2387
f 2388/2388/2388 2382/2382/2382 2387/2387/2387
f 2386/2386/2386 2382/2382/2382 2388/2388/2388
f 2381/2381/2381 2385/2385/2385 2389/2389/2389
f 2390/2390/2390 2381/2381/2381 2389/2389/2389
f 2384/2384/2384 2381/2381/2381 2390/2390/2390
f 2391/2391/2391 2387/2387/2387 2383/2383/2383
f 2392/2392/2392 2391/2391/2391 2383/2383/2383
f 2392/2392/2392 2383/2383/2383 2384/2384/2384
f 2393/2393/2393 2384/2384/2384 2390/2390/2390
f 2394/2394/2394 2392/2392/2392 2384/2384/2384
f 2394/2394/2394 2384/2384/2384 2393/2393/2393
f 2395/2395/2395 2389/2389/2389 2385/2385/2385
f 2396/2396/2396 2395/2395/2395 2385/2385/2385
f 2396/2396/2396 2385/2385/2385 2386/2386/2386
f 2397/2397/2397 2396/2396/2396 2386/2386/2386
f 2398/2398/2398 2386/2386/2386 2388/2388/2388
f 2397/2397/2397 2386/2386/2386 2398/2398/2398
f 2387/2387/2387 2391/2391/2391 2399/2399/2399
f 2400/2400/2400 2387/2387/2387 2399/2399/2399
f 2388/2388/2388 2387/2387/2387 2400/2400/2400
f 2401/2401/2401 2388/2388/2388 2400/2400/2400
f 2398/2398/2398 2388/2388/2388 2401/2401/2401
f 2390/2390/2390 2389/2389/2389 2402/2402/2402
f 2403/2403/2403 2390/2390/2390 2402/2402/2402
f 2404/2404/2404 2389/2389/2389 2395/2395/2395
f 2404/2404/2404 2402/2402/2402 2389/2389/2389
f 2405/2405/2405 2399/2399/2399 2391/2391/2391
f 2406/2406/2406 2405/2405/2405 2391/2391/2391
f 2406/2406/2406 2391/2391/2391 2392/2392/2392
f 2407/2407/2407 2406/2406/2406 2392/2392/2392
f 2407/2407/2407 2392/2392/2392 2394/2394/2394
f 2408/2408/2408 2394/2394/2394 2393/2393/2393
f 2409/2409/2409 2407/2407/2407 2394/2394/2394
f 2409/2409/2409 2394/2394/2394 2408/2408/2408
f 2410/2410/2410 2397/2397/2397 2398/2398/2398
f 2411/2411/2411 2398/2398/2398 2401/2401/2401
f 2411/2411/2411 2410/2410/2410 2398/2398/2398
f 2412/2412/2412 2399/2399/2399 2405/2405/2405
f 2413/2413/2413 2412/2412/2412 2405/2405/2405
f 2414/2414/2414 2400/2400/2400 2399/2399/2399
f 2412/2412/2412 2414/2414/2414 2399/2399/2399
f 2415/2415/2415 2401/2401/2401 2400/2400/2400
f 2414/2414/2414 2415/2415/2415 2400/2400/2400
f 2411/2411/2411 2401/2401/2401 2415/2415/2415
f 2404/2404/2404 2416/2416/2416 2402/2402/2402
f 2402/2402/2402 2416/2416/2416 2403/2403/2403
f 2417/2417/2417 2405/2405/2405 2406/2406/2406
f 2413/2413/2413 2405/2405/2405 2417/2417/2417
f 2418/2418/2418 2417/2417/2417 2406/2406/2406
f 2418/2418/2418 2406/2406/2406 2407/2407/2407
f 2419/2419/2419 2418/2418/2418 2407/2407/2407
f 2420/2420/2420 2411/2411/2411 2415/2415/2415
f 2421/2421/2421 2409/2409/2409 2408/2408/2408
f 2407/2407/2407 2409/2409/2409 2422/2422/2422
f 2419/2419/2419 2407/2407/2407 2422/2422/2422
f 2422/2422/2422 2409/2409/2409 2421/2421/2421
f 2423/2423/2423 2413/2413/2413 2417/2417/2417
f 2421/2421/2421 2408/2408/2408 2424/2424/2424
f 2408/2408/2408 2425/2425/2425 2424/2424/2424
f 2425/2425/2425 2408/2408/2408 2426/2426/2426
f 2408/2408/2408 2393/2393/2393 2426/2426/2426
f 2426/2426/2426 2393/2393/2393 2390/2390/2390
f 2403/2403/2403 2426/2426/2426 2390/2390/2390
f 2416/2416/2416 2426/2426/2426 2403/2403/2403
f 2425/2425/2425 2426/2426/2426 2427/2427/2427
f 2416/2416/2416 2427/2427/2427 2426/2426/2426
f 2428/2428/2428 2425/2425/2425 2427/2427/2427
f 2429/2429/2429 2422/2422/2422 2421/2421/2421
f 2418/2418/2418 2419/2419/2419 2430/2430/2430
f 2431/2431/2431 2418/2418/2418 2430/2430/2430
f 2431/2431/2431 2432/2432/2432 2418/2418/2418
f 2432/2432/2432 2417/2417/2417 2418/2418/2418
f 2423/2423/2423 2417/2417/2417 2432/2432/2432
f 2433/2433/2433 2424/2424/2424 2425/2425/2425
f 2428/2428/2428 2433/2433/2433 2425/2425/2425
f 2424/2424/2424 2433/2433/2433 2434/2434/2434
f 2435/2435/2435 2424/2424/2424 2434/2434/2434
f 2421/2421/2421 2424/2424/2424 2435/2435/2435
f 2429/2429/2429 2421/2421/2421 2435/2435/2435
f 2436/2436/2436 2428/2428/2428 2427/2427/2427
f 2437/2437/2437 2436/2436/2436 2427/2427/2427
f 2427/2427/2427 2438/2438/2438 2437/2437/2437
f 2439/2439/2439 2438/2438/2438 2427/2427/2427
f 2438/2438/2438 2440/2440/2440 2437/2437/2437
f 2441/2441/2441 2432/2432/2432 2431/2431/2431
f 2442/2442/2442 2441/2441/2441 2431/2431/2431
f 2442/2442/2442 2431/2431/2431 2443/2443/2443
f 2431/2431/2431 2430/2430/2430 2443/2443/2443
f 2443/2443/2443 2430/2430/2430 2444/2444/2444
f 2430/2430/2430 2445/2445/2445 2444/2444/2444
f 2430/2430/2430 2419/2419/2419 2445/2445/2445
f 2419/2419/2419 2422/2422/2422 2445/2445/2445
f 2445/2445/2445 2422/2422/2422 2446/2446/2446
f 2422/2422/2422 2429/2429/2429 2446/2446/2446
f 2446/2446/2446 2429/2429/2429 2447/2447/2447
f 2445/2445/2445 2446/2446/2446 2448/2448/2448
f 2444/2444/2444 2445/2445/2445 2448/2448/2448
f 2448/2448/2448 2446/2446/2446 2447/2447/2447
f 2449/2449/2449 2448/2448/2448 2447/2447/2447
f 2447/2447/2447 2429/2429/2429 2450/2450/2450
f 2429/2429/2429 2435/2435/2435 2450/2450/2450
f 2450/2450/2450 2435/2435/2435 2451/2451/2451
f 2444/2444/2444 2448/2448/2448 2452/2452/2452
f 2453/2453/2453 2444/2444/2444 2452/2452/2452
f 2443/2443/2443 2444/2444/2444 2453/2453/2453
f 2454/2454/2454 2443/2443/2443 2453/2453/2453
f 2442/2442/2442 2443/2443/2443 2454/2454/2454
f 2455/2455/2455 2442/2442/2442 2454/2454/2454
f 2441/2441/2441 2442/2442/2442 2455/2455/2455
f 2456/2456/2456 2441/2441/2441 2455/2455/2455
f 2456/2456/2456 2457/2457/2457 2441/2441/2441
f 2457/2457/2457 2458/2458/2458 2441/2441/2441
f 2441/2441/2441 2458/2458/2458 2432/2432/2432
f 2458/2458/2458 2459/2459/2459 2432/2432/2432
f 2459/2459/2459 2423/2423/2423 2432/2432/2432
f 2451/2451/2451 2460/2460/2460 2450/2450/2450
f 2451/2451/2451 2435/2435/2435 2461/2461/2461
f 2462/2462/2462 2461/2461/2461 2435/2435/2435
f 2434/2434/2434 2462/2462/2462 2435/2435/2435
f 2463/2463/2463 2462/2462/2462 2434/2434/2434
f 2463/2463/2463 2434/2434/2434 2433/2433/2433
f 2464/2464/2464 2463/2463/2463 2433/2433/2433
f 2464/2464/2464 2433/2433/2433 2428/2428/2428
f 2436/2436/2436 2464/2464/2464 2428/2428/2428
f 2465/2465/2465 2464/2464/2464 2436/2436/2436
f 2466/2466/2466 2465/2465/2465 2436/2436/2436
f 2467/2467/2467 2462/2462/2462 2463/2463/2463
f 2468/2468/2468 2463/2463/2463 2464/2464/2464
f 2467/2467/2467 2463/2463/2463 2469/2469/2469
f 2470/2470/2470 2467/2467/2467 2469/2469/2469
f 2468/2468/2468 2471/2471/2471 2463/2463/2463
f 2471/2471/2471 2469/2469/2469 2463/2463/2463
f 2472/2472/2472 2471/2471/2471 2468/2468/2468
f 2468/2468/2468 2473/2473/2473 2472/2472/2472
f 2472/2472/2472 2473/2473/2473 2474/2474/2474
f 2474/2474/2474 2475/2475/2475 2472/2472/2472
f 2475/2475/2475 2474/2474/2474 2476/2476/2476
f 2477/2477/2477 2476/2476/2476 2474/2474/2474
f 2476/2476/2476 2477/2477/2477 2478/2478/2478
f 2479/2479/2479 2476/2476/2476 2478/2478/2478
f 2478/2478/2478 2480/2480/2480 2479/2479/2479
f 2480/2480/2480 2478/2478/2478 2481/2481/2481
f 2481/2481/2481 2482/2482/2482 2480/2480/2480
f 2482/2482/2482 2481/2481/2481 2483/2483/2483
f 2484/2484/2484 2482/2482/2482 2483/2483/2483
f 2485/2485/2485 2482/2482/2482 2484/2484/2484
f 2486/2486/2486 2485/2485/2485 2484/2484/2484
f 2486/2486/2486 2484/2484/2484 2487/2487/2487
f 2484/2484/2484 2483/2483/2483 2487/2487/2487
f 2488/2488/2488 2486/2486/2486 2487/2487/2487
f 2489/2489/2489 2486/2486/2486 2488/2488/2488
f 2490/2490/2490 2489/2489/2489 2488/2488/2488
f 2488/2488/2488 2491/2491/2491 2490/2490/2490
f 2491/2491/2491 2492/2492/2492 2490/2490/2490
f 2489/2489/2489 2490/2490/2490 2493/2493/2493
f 2490/2490/2490 2494/2494/2494 2493/2493/2493
f 2490/2490/2490 2492/2492/2492 2494/2494/2494
f 2488/2488/2488 2487/2487/2487 2495/2495/2495
f 2491/2491/2491 2488/2488/2488 2495/2495/2495
f 2493/2493/2493 2496/2496/2496 2489/2489/2489
f 2496/2496/2496 2497/2497/2497 2489/2489/2489
f 2497/2497/2497 2485/2485/2485 2486/2486/2486
f 2489/2489/2489 2497/2497/2497 2486/2486/2486
f 2495/2495/2495 2498/2498/2498 2491/2491/2491
f 2498/2498/2498 2499/2499/2499 2491/2491/2491
f 2491/2491/2491 2499/2499/2499 2492/2492/2492
f 2499/2499/2499 2500/2500/2500 2492/2492/2492
f 2492/2492/2492 2501/2501/2501 2494/2494/2494
f 2492/2492/2492 2500/2500/2500 2501/2501/2501
f 2496/2496/2496 2493/2493/2493 2502/2502/2502
f 2493/2493/2493 2503/2503/2503 2502/2502/2502
f 2493/2493/2493 2494/2494/2494 2503/2503/2503
f 2494/2494/2494 2504/2504/2504 2503/2503/2503
f 2494/2494/2494 2501/2501/2501 2504/2504/2504
f 2498/2498/2498 2495/2495/2495 2505/2505/2505
f 2502/2502/2502 2506/2506/2506 2496/2496/2496
f 2506/2506/2506 2507/2507/2507 2496/2496/2496
f 2496/2496/2496 2507/2507/2507 2497/2497/2497
f 2507/2507/2507 2508/2508/2508 2497/2497/2497
f 2497/2497/2497 2508/2508/2508 2485/2485/2485
f 2508/2508/2508 2509/2509/2509 2485/2485/2485
f 2510/2510/2510 2505/2505/2505 2495/2495/2495
f 2500/2500/2500 2511/2511/2511 2501/2501/2501
f 2501/2501/2501 2512/2512/2512 2504/2504/2504
f 2511/2511/2511 2512/2512/2512 2501/2501/2501
f 2502/2502/2502 2513/2513/2513 2506/2506/2506
f 2513/2513/2513 2514/2514/2514 2506/2506/2506
f 2515/2515/2515 2513/2513/2513 2502/2502/2502
f 2503/2503/2503 2515/2515/2515 2502/2502/2502
f 2516/2516/2516 2515/2515/2515 2503/2503/2503
f 2504/2504/2504 2516/2516/2516 2503/2503/2503
f 2504/2504/2504 2512/2512/2512 2516/2516/2516
f 2517/2517/2517 2505/2505/2505 2510/2510/2510
f 2517/2517/2517 2510/2510/2510 2518/2518/2518
f 2487/2487/2487 2518/2518/2518 2510/2510/2510
f 2495/2495/2495 2487/2487/2487 2510/2510/2510
f 2483/2483/2483 2518/2518/2518 2487/2487/2487
f 2483/2483/2483 2517/2517/2517 2518/2518/2518
f 2507/2507/2507 2519/2519/2519 2508/2508/2508
f 2520/2520/2520 2519/2519/2519 2507/2507/2507
f 2506/2506/2506 2520/2520/2520 2507/2507/2507
f 2506/2506/2506 2514/2514/2514 2520/2520/2520
f 2512/2512/2512 2521/2521/2521 2516/2516/2516
f 2483/2483/2483 2522/2522/2522 2517/2517/2517
f 2514/2514/2514 2523/2523/2523 2520/2520/2520
f 2483/2483/2483 2481/2481/2481 2522/2522/2522
f 2481/2481/2481 2524/2524/2524 2522/2522/2522
f 2520/2520/2520 2525/2525/2525 2519/2519/2519
f 2520/2520/2520 2523/2523/2523 2525/2525/2525
f 2525/2525/2525 2526/2526/2526 2519/2519/2519
f 2519/2519/2519 2526/2526/2526 2527/2527/2527
f 2528/2528/2528 2519/2519/2519 2527/2527/2527
f 2519/2519/2519 2528/2528/2528 2508/2508/2508
f 2508/2508/2508 2528/2528/2528 2529/2529/2529
f 2509/2509/2509 2508/2508/2508 2529/2529/2529
f 2509/2509/2509 2529/2529/2529 2530/2530/2530
f 2509/2509/2509 2530/2530/2530 2482/2482/2482
f 2485/2485/2485 2509/2509/2509 2482/2482/2482
f 2482/2482/2482 2530/2530/2530 2480/2480/2480
f 2529/2529/2529 2531/2531/2531 2530/2530/2530
f 2478/2478/2478 2524/2524/2524 2481/2481/2481
f 2528/2528/2528 2527/2527/2527 2532/2532/2532
f 2529/2529/2529 2528/2528/2528 2532/2532/2532
f 2530/2530/2530 2531/2531/2531 2533/2533/2533
f 2480/2480/2480 2530/2530/2530 2533/2533/2533
f 2480/2480/2480 2533/2533/2533 2479/2479/2479
f 2531/2531/2531 2529/2529/2529 2534/2534/2534
f 2529/2529/2529 2532/2532/2532 2534/2534/2534
f 2532/2532/2532 2527/2527/2527 2535/2535/2535
f 2527/2527/2527 2536/2536/2536 2535/2535/2535
f 2527/2527/2527 2526/2526/2526 2536/2536/2536
f 2526/2526/2526 2537/2537/2537 2536/2536/2536
f 2538/2538/2538 2537/2537/2537 2526/2526/2526
f 2525/2525/2525 2538/2538/2538 2526/2526/2526
f 2531/2531/2531 2534/2534/2534 2539/2539/2539
f 2533/2533/2533 2531/2531/2531 2540/2540/2540
f 2531/2531/2531 2539/2539/2539 2540/2540/2540
f 2532/2532/2532 2535/2535/2535 2541/2541/2541
f 2534/2534/2534 2532/2532/2532 2541/2541/2541
f 2534/2534/2534 2541/2541/2541 2539/2539/2539
f 2542/2542/2542 2538/2538/2538 2525/2525/2525
f 2543/2543/2543 2542/2542/2542 2525/2525/2525
f 2523/2523/2523 2543/2543/2543 2525/2525/2525
f 2544/2544/2544 2479/2479/2479 2533/2533/2533
f 2544/2544/2544 2476/2476/2476 2479/2479/2479
f 2541/2541/2541 2545/2545/2545 2539/2539/2539
f 2542/2542/2542 2546/2546/2546 2538/2538/2538
f 2546/2546/2546 2547/2547/2547 2538/2538/2538
f 2538/2538/2538 2547/2547/2547 2548/2548/2548
f 2537/2537/2537 2538/2538/2538 2548/2548/2548
f 2537/2537/2537 2548/2548/2548 2549/2549/2549
f 2536/2536/2536 2537/2537/2537 2549/2549/2549
f 2536/2536/2536 2549/2549/2549 2550/2550/2550
f 2535/2535/2535 2536/2536/2536 2550/2550/2550
f 2535/2535/2535 2550/2550/2550 2551/2551/2551
f 2541/2541/2541 2535/2535/2535 2551/2551/2551
f 2544/2544/2544 2552/2552/2552 2476/2476/2476
f 2553/2553/2553 2545/2545/2545 2541/2541/2541
f 2551/2551/2551 2553/2553/2553 2541/2541/2541
f 2476/2476/2476 2552/2552/2552 2554/2554/2554
f 2552/2552/2552 2555/2555/2555 2554/2554/2554
f 2547/2547/2547 2546/2546/2546 2556/2556/2556
f 2546/2546/2546 2557/2557/2557 2556/2556/2556
f 2549/2549/2549 2548/2548/2548 2558/2558/2558
f 2548/2548/2548 2559/2559/2559 2558/2558/2558
f 2547/2547/2547 2556/2556/2556 2559/2559/2559
f 2548/2548/2548 2547/2547/2547 2559/2559/2559
f 2551/2551/2551 2550/2550/2550 2560/2560/2560
f 2550/2550/2550 2561/2561/2561 2560/2560/2560
f 2549/2549/2549 2558/2558/2558 2561/2561/2561
f 2550/2550/2550 2549/2549/2549 2561/2561/2561
f 2551/2551/2551 2560/2560/2560 2562/2562/2562
f 2553/2553/2553 2551/2551/2551 2562/2562/2562
f 2553/2553/2553 2562/2562/2562 2563/2563/2563
f 2562/2562/2562 2564/2564/2564 2563/2563/2563
f 2553/2553/2553 2563/2563/2563 2565/2565/2565
f 2565/2565/2565 2545/2545/2545 2553/2553/2553
f 2545/2545/2545 2565/2565/2565 2566/2566/2566
f 2539/2539/2539 2545/2545/2545 2566/2566/2566
f 2566/2566/2566 2540/2540/2540 2539/2539/2539
f 2533/2533/2533 2540/2540/2540 2567/2567/2567
f 2568/2568/2568 2567/2567/2567 2540/2540/2540
f 2533/2533/2533 2567/2567/2567 2569/2569/2569
f 2569/2569/2569 2544/2544/2544 2533/2533/2533
f 2568/2568/2568 2570/2570/2570 2567/2567/2567
f 2571/2571/2571 2569/2569/2569 2567/2567/2567
f 2571/2571/2571 2567/2567/2567 2570/2570/2570
f 2574/2574/2574 2573/2573/2573 2572/2572/2572
f 2575/2575/2575 2574/2574/2574 2572/2572/2572
f 2575/2575/2575 2572/2572/2572 2576/2576/2576
f 2572/2572/2572 2577/2577/2577 2576/2576/2576
f 2576/2576/2576 2577/2577/2577 2578/2578/2578
f 2579/2579/2579 2576/2576/2576 2578/2578/2578
f 2573/2573/2573 2574/2574/2574 2580/2580/2580
f 2581/2581/2581 2573/2573/2573 2580/2580/2580
f 2579/2579/2579 2578/2578/2578 2582/2582/2582
f 2583/2583/2583 2579/2579/2579 2582/2582/2582
f 2581/2581/2581 2580/2580/2580 2584/2584/2584
f 2585/2585/2585 2581/2581/2581 2584/2584/2584
f 2586/2586/2586 2583/2583/2583 2582/2582/2582
f 2587/2587/2587 2586/2586/2586 2582/2582/2582
f 2588/2588/2588 2585/2585/2585 2584/2584/2584
f 2589/2589/2589 2588/2588/2588 2584/2584/2584
f 2590/2590/2590 2588/2588/2588 2589/2589/2589
f 2591/2591/2591 2590/2590/2590 2589/2589/2589
f 2594/2594/2594 2593/2593/2593 2592/2592/2592
f 2595/2595/2595 2594/2594/2594 2592/2592/2592
f 2592/2592/2592 2593/2593/2593 2596/2596/2596
f 2593/2593/2593 2597/2597/2597 2596/2596/2596
f 2596/2596/2596 2597/2597/2597 2598/2598/2598
f 2597/2597/2597 2599/2599/2599 2598/2598/2598
f 2598/2598/2598 2599/2599/2599 2600/2600/2600
f 2599/2599/2599 2601/2601/2601 2600/2600/2600
f 2602/2602/2602 2600/2600/2600 2601/2601/2601
f 2603/2603/2603 2602/2602/2602 2601/2601/2601
f 2604/2604/2604 2594/2594/2594 2595/2595/2595
f 2605/2605/2605 2604/2604/2604 2595/2595/2595
f 2595/2595/2595 2592/2592/2592 2606/2606/2606
f 2607/2607/2607 2595/2595/2595 2606/2606/2606
f 2592/2592/2592 2596/2596/2596 2608/2608/2608
f 2606/2606/2606 2592/2592/2592 2608/2608/2608
f 2596/2596/2596 2598/2598/2598 2609/2609/2609
f 2608/2608/2608 2596/2596/2596 2609/2609/2609
f 2598/2598/2598 2600/2600/2600 2610/2610/2610
f 2609/2609/2609 2598/2598/2598 2610/2610/2610
f 2600/2600/2600 2602/2602/2602 2611/2611/2611
f 2610/2610/2610 2600/2600/2600 2611/2611/2611
f 2602/2602/2602 2603/2603/2603 2612/2612/2612
f 2611/2611/2611 2602/2602/2602 2612/2612/2612
f 2603/2603/2603 2613/2613/2613 2612/2612/2612
f 2614/2614/2614 2611/2611/2611 2612/2612/2612
f 2615/2615/2615 2604/2604/2604 2605/2605/2605
f 2615/2615/2615 2605/2605/2605 2616/2616/2616
f 2617/2617/2617 2616/2616/2616 2605/2605/2605
f 2617/2617/2617 2605/2605/2605 2618/2618/2618
f 2605/2605/2605 2619/2619/2619 2618/2618/2618
f 2619/2619/2619 2605/2605/2605 2595/2595/2595
f 2607/2607/2607 2619/2619/2619 2595/2595/2595
f 2620/2620/2620 2608/2608/2608 2609/2609/2609
f 2620/2620/2620 2621/2621/2621 2608/2608/2608
f 2622/2622/2622 2621/2621/2621 2620/2620/2620
f 2622/2622/2622 2623/2623/2623 2621/2621/2621
f 2623/2623/2623 2624/2624/2624 2621/2621/2621
f 2625/2625/2625 2622/2622/2622 2620/2620/2620
f 2625/2625/2625 2620/2620/2620 2626/2626/2626
f 2627/2627/2627 2625/2625/2625 2626/2626/2626
f 2627/2627/2627 2626/2626/2626 2628/2628/2628
f 2629/2629/2629 2627/2627/2627 2628/2628/2628
f 2628/2628/2628 2630/2630/2630 2629/2629/2629
f 2630/2630/2630 2631/2631/2631 2629/2629/2629
f 2623/2623/2623 2632/2632/2632 2624/2624/2624
f 2632/2632/2632 2633/2633/2633 2624/2624/2624
f 2621/2621/2621 2624/2624/2624 2606/2606/2606
f 2624/2624/2624 2607/2607/2607 2606/2606/2606
f 2621/2621/2621 2606/2606/2606 2608/2608/2608
f 2628/2628/2628 2626/2626/2626 2610/2610/2610
f 2626/2626/2626 2609/2609/2609 2610/2610/2610
f 2626/2626/2626 2620/2620/2620 2609/2609/2609
f 2628/2628/2628 2610/2610/2610 2611/2611/2611
f 2630/2630/2630 2628/2628/2628 2611/2611/2611
f 2631/2631/2631 2630/2630/2630 2634/2634/2634
f 2630/2630/2630 2611/2611/2611 2634/2634/2634
f 2635/2635/2635 2631/2631/2631 2634/2634/2634
f 2611/2611/2611 2614/2614/2614 2634/2634/2634
f 2632/2632/2632 2636/2636/2636 2633/2633/2633
f 2633/2633/2633 2636/2636/2636 2637/2637/2637
f 2637/2637/2637 2638/2638/2638 2633/2633/2633
f 2633/2633/2633 2638/2638/2638 2618/2618/2618
f 2619/2619/2619 2633/2633/2633 2618/2618/2618
f 2619/2619/2619 2607/2607/2607 2624/2624/2624
f 2633/2633/2633 2619/2619/2619 2624/2624/2624
f 2641/2641/2641 2640/2640/2640 2639/2639/2639
f 2642/2642/2642 2641/2641/2641 2639/2639/2639
f 2642/2642/2642 2639/2639/2639 2643/2643/2643
f 2644/2644/2644 2642/2642/2642 2643/2643/2643
f 2641/2641/2641 2645/2645/2645 2640/2640/2640
f 2645/2645/2645 2646/2646/2646 2640/2640/2640
f 2646/2646/2646 2645/2645/2645 2647/2647/2647
f 2648/2648/2648 2646/2646/2646 2647/2647/2647
f 2649/2649/2649 2645/2645/2645 2641/2641/2641
f 2650/2650/2650 2649/2649/2649 2641/2641/2641
f 2650/2650/2650 2641/2641/2641 2642/2642/2642
f 2651/2651/2651 2650/2650/2650 2642/2642/2642
f 2651/2651/2651 2642/2642/2642 2644/2644/2644
f 2652/2652/2652 2651/2651/2651 2644/2644/2644
f 2644/2644/2644 2643/2643/2643 2653/2653/2653
f 2654/2654/2654 2644/2644/2644 2653/2653/2653
f 2655/2655/2655 2647/2647/2647 2645/2645/2645
f 2649/2649/2649 2655/2655/2655 2645/2645/2645
f 2656/2656/2656 2647/2647/2647 2655/2655/2655
f 2657/2657/2657 2656/2656/2656 2655/2655/2655
f 2658/2658/2658 2655/2655/2655 2649/2649/2649
f 2658/2658/2658 2657/2657/2657 2655/2655/2655
f 2659/2659/2659 2658/2658/2658 2649/2649/2649
f 2659/2659/2659 2649/2649/2649 2650/2650/2650
f 2660/2660/2660 2659/2659/2659 2650/2650/2650
f 2660/2660/2660 2650/2650/2650 2651/2651/2651
f 2661/2661/2661 2660/2660/2660 2651/2651/2651
f 2651/2651/2651 2652/2652/2652 2662/2662/2662
f 2661/2661/2661 2651/2651/2651 2662/2662/2662
f 2654/2654/2654 2653/2653/2653 2663/2663/2663
f 2664/2664/2664 2654/2654/2654 2663/2663/2663
f 2662/2662/2662 2652/2652/2652 2665/2665/2665
f 2652/2652/2652 2666/2666/2666 2665/2665/2665
f 2666/2666/2666 2652/2652/2652 2644/2644/2644
f 2654/2654/2654 2666/2666/2666 2644/2644/2644
f 2667/2667/2667 2666/2666/2666 2654/2654/2654
f 2664/2664/2664 2667/2667/2667 2654/2654/2654
f 2664/2664/2664 2663/2663/2663 2668/2668/2668
f 2663/2663/2663 2669/2669/2669 2668/2668/2668
f 2670/2670/2670 2656/2656/2656 2657/2657/2657
f 2670/2670/2670 2671/2671/2671 2656/2656/2656
f 2672/2672/2672 2670/2670/2670 2657/2657/2657
f 2672/2672/2672 2657/2657/2657 2658/2658/2658
f 2659/2659/2659 2660/2660/2660 2673/2673/2673
f 2674/2674/2674 2659/2659/2659 2673/2673/2673
f 2674/2674/2674 2675/2675/2675 2659/2659/2659
f 2675/2675/2675 2672/2672/2672 2658/2658/2658
f 2675/2675/2675 2658/2658/2658 2659/2659/2659
f 2676/2676/2676 2665/2665/2665 2666/2666/2666
f 2667/2667/2667 2676/2676/2676 2666/2666/2666
f 2677/2677/2677 2668/2668/2668 2669/2669/2669
f 2678/2678/2678 2677/2677/2677 2669/2669/2669
f 2679/2679/2679 2676/2676/2676 2667/2667/2667
f 2680/2680/2680 2679/2679/2679 2667/2667/2667
f 2664/2664/2664 2668/2668/2668 2680/2680/2680
f 2667/2667/2667 2664/2664/2664 2680/2680/2680
f 2681/2681/2681 2677/2677/2677 2678/2678/2678
f 2682/2682/2682 2681/2681/2681 2678/2678/2678
f 2683/2683/2683 2672/2672/2672 2675/2675/2675
f 2684/2684/2684 2683/2683/2683 2675/2675/2675
f 2684/2684/2684 2675/2675/2675 2674/2674/2674
f 2685/2685/2685 2684/2684/2684 2674/2674/2674
f 2685/2685/2685 2674/2674/2674 2673/2673/2673
f 2686/2686/2686 2676/2676/2676 2679/2679/2679
f 2665/2665/2665 2676/2676/2676 2686/2686/2686
f 2687/2687/2687 2665/2665/2665 2686/2686/2686
f 2662/2662/2662 2665/2665/2665 2687/2687/2687
f 2688/2688/2688 2662/2662/2662 2687/2687/2687
f 2661/2661/2661 2662/2662/2662 2688/2688/2688
f 2673/2673/2673 2660/2660/2660 2661/2661/2661
f 2689/2689/2689 2661/2661/2661 2688/2688/2688
f 2673/2673/2673 2661/2661/2661 2689/2689/2689
f 2673/2673/2673 2689/2689/2689 2690/2690/2690
f 2691/2691/2691 2673/2673/2673 2690/2690/2690
f 2685/2685/2685 2673/2673/2673 2691/2691/2691
f 2689/2689/2689 2688/2688/2688 2692/2692/2692
f 2690/2690/2690 2689/2689/2689 2692/2692/2692
f 2688/2688/2688 2687/2687/2687 2693/2693/2693
f 2692/2692/2692 2688/2688/2688 2693/2693/2693
f 2687/2687/2687 2686/2686/2686 2694/2694/2694
f 2693/2693/2693 2687/2687/2687 2694/2694/2694
f 2694/2694/2694 2686/2686/2686 2695/2695/2695
f 2695/2695/2695 2686/2686/2686 2679/2679/2679
f 2696/2696/2696 2694/2694/2694 2695/2695/2695
f 2695/2695/2695 2679/2679/2679 2697/2697/2697
f 2697/2697/2697 2679/2679/2679 2698/2698/2698
f 2679/2679/2679 2680/2680/2680 2698/2698/2698
f 2680/2680/2680 2668/2668/2668 2698/2698/2698
f 2668/2668/2668 2677/2677/2677 2698/2698/2698
f 2699/2699/2699 2698/2698/2698 2677/2677/2677
f 2697/2697/2697 2698/2698/2698 2699/2699/2699
f 2681/2681/2681 2699/2699/2699 2677/2677/2677
f 2700/2700/2700 2697/2697/2697 2699/2699/2699
f 2701/2701/2701 2699/2699/2699 2681/2681/2681
f 2700/2700/2700 2699/2699/2699 2701/2701/2701
f 2702/2702/2702 2701/2701/2701 2681/2681/2681
f 2702/2702/2702 2681/2681/2681 2682/2682/2682
f 2703/2703/2703 2702/2702/2702 2682/2682/2682
f 2704/2704/2704 2695/2695/2695 2697/2697/2697
f 2696/2696/2696 2695/2695/2695 2704/2704/2704
f 2704/2704/2704 2697/2697/2697 2700/2700/2700
f 2705/2705/2705 2700/2700/2700 2701/2701/2701
f 2706/2706/2706 2696/2696/2696 2704/2704/2704
f 2707/2707/2707 2704/2704/2704 2700/2700/2700
f 2707/2707/2707 2700/2700/2700 2705/2705/2705
f 2706/2706/2706 2704/2704/2704 2707/2707/2707
f 2708/2708/2708 2701/2701/2701 2702/2702/2702
f 2705/2705/2705 2701/2701/2701 2708/2708/2708
f 2709/2709/2709 2708/2708/2708 2702/2702/2702
f 2709/2709/2709 2702/2702/2702 2703/2703/2703
f 2710/2710/2710 2709/2709/2709 2703/2703/2703
f 2711/2711/2711 2705/2705/2705 2708/2708/2708
f 2712/2712/2712 2707/2707/2707 2705/2705/2705
f 2712/2712/2712 2705/2705/2705 2711/2711/2711
f 2713/2713/2713 2706/2706/2706 2707/2707/2707
f 2713/2713/2713 2707/2707/2707 2712/2712/2712
f 2708/2708/2708 2709/2709/2709 2714/2714/2714
f 2714/2714/2714 2709/2709/2709 2710/2710/2710
f 2715/2715/2715 2708/2708/2708 2714/2714/2714
f 2716/2716/2716 2714/2714/2714 2710/2710/2710
f 2717/2717/2717 2712/2712/2712 2711/2711/2711
f 2718/2718/2718 2713/2713/2713 2712/2712/2712
f 2718/2718/2718 2712/2712/2712 2717/2717/2717
f 2715/2715/2715 2714/2714/2714 2719/2719/2719
f 2719/2719/2719 2714/2714/2714 2716/2716/2716
f 2720/2720/2720 2715/2715/2715 2719/2719/2719
f 2721/2721/2721 2719/2719/2719 2716/2716/2716
f 2720/2720/2720 2722/2722/2722 2715/2715/2715
f 2722/2722/2722 2723/2723/2723 2715/2715/2715
f 2724/2724/2724 2718/2718/2718 2717/2717/2717
f 2723/2723/2723 2722/2722/2722 2725/2725/2725
f 2726/2726/2726 2723/2723/2723 2725/2725/2725
f 2724/2724/2724 2717/2717/2717 2726/2726/2726
f 2720/2720/2720 2719/2719/2719 2727/2727/2727
f 2727/2727/2727 2719/2719/2719 2721/2721/2721
f 2728/2728/2728 2720/2720/2720 2727/2727/2727
f 2722/2722/2722 2720/2720/2720 2728/2728/2728
f 2729/2729/2729 2727/2727/2727 2721/2721/2721
f 2730/2730/2730 2724/2724/2724 2726/2726/2726
f 2730/2730/2730 2726/2726/2726 2725/2725/2725
f 2725/2725/2725 2722/2722/2722 2731/2731/2731
f 2731/2731/2731 2722/2722/2722 2728/2728/2728
f 2732/2732/2732 2725/2725/2725 2731/2731/2731
f 2733/2733/2733 2730/2730/2730 2725/2725/2725
f 2733/2733/2733 2725/2725/2725 2732/2732/2732
f 2728/2728/2728 2727/2727/2727 2734/2734/2734
f 2734/2734/2734 2727/2727/2727 2729/2729/2729
f 2735/2735/2735 2728/2728/2728 2734/2734/2734
f 2731/2731/2731 2728/2728/2728 2735/2735/2735
f 2736/2736/2736 2734/2734/2734 2729/2729/2729
f 2737/2737/2737 2731/2731/2731 2735/2735/2735
f 2732/2732/2732 2731/2731/2731 2737/2737/2737
f 2738/2738/2738 2732/2732/2732 2737/2737/2737
f 2739/2739/2739 2733/2733/2733 2732/2732/2732
f 2739/2739/2739 2732/2732/2732 2738/2738/2738
f 2740/2740/2740 2735/2735/2735 2734/2734/2734
f 2741/2741/2741 2740/2740/2740 2734/2734/2734
f 2741/2741/2741 2734/2734/2734 2736/2736/2736
f 2742/2742/2742 2741/2741/2741 2736/2736/2736
f 2743/2743/2743 2737/2737/2737 2735/2735/2735
f 2740/2740/2740 2743/2743/2743 2735/2735/2735
f 2744/2744/2744 2738/2738/2738 2737/2737/2737
f 2743/2743/2743 2744/2744/2744 2737/2737/2737
f 2745/2745/2745 2739/2739/2739 2738/2738/2738
f 2745/2745/2745 2738/2738/2738 2744/2744/2744
f 2746/2746/2746 2745/2745/2745 2744/2744/2744
f 2747/2747/2747 2743/2743/2743 2740/2740/2740
f 2748/2748/2748 2747/2747/2747 2740/2740/2740
f 2748/2748/2748 2740/2740/2740 2741/2741/2741
f 2749/2749/2749 2748/2748/2748 2741/2741/2741
f 2749/2749/2749 2741/2741/2741 2742/2742/2742
f 2750/2750/2750 2749/2749/2749 2742/2742/2742
f 2751/2751/2751 2744/2744/2744 2743/2743/2743
f 2747/2747/2747 2751/2751/2751 2743/2743/2743
f 2746/2746/2746 2744/2744/2744 2751/2751/2751
f 2752/2752/2752 2746/2746/2746 2751/2751/2751
f 2753/2753/2753 2751/2751/2751 2747/2747/2747
f 2754/2754/2754 2753/2753/2753 2747/2747/2747
f 2754/2754/2754 2747/2747/2747 2748/2748/2748
f 2755/2755/2755 2754/2754/2754 2748/2748/2748
f 2748/2748/2748 2749/2749/2749 2756/2756/2756
f 2755/2755/2755 2748/2748/2748 2756/2756/2756
f 2756/2756/2756 2749/2749/2749 2750/2750/2750
f 2757/2757/2757 2756/2756/2756 2750/2750/2750
f 2751/2751/2751 2753/2753/2753 2758/2758/2758
f 2752/2752/2752 2751/2751/2751 2758/2758/2758
f 2759/2759/2759 2758/2758/2758 2753/2753/2753
f 2760/2760/2760 2759/2759/2759 2753/2753/2753
f 2760/2760/2760 2753/2753/2753 2754/2754/2754
f 2761/2761/2761 2760/2760/2760 2754/2754/2754
f 2761/2761/2761 2754/2754/2754 2755/2755/2755
f 2762/2762/2762 2761/2761/2761 2755/2755/2755
f 2755/2755/2755 2756/2756/2756 2763/2763/2763
f 2762/2762/2762 2755/2755/2755 2763/2763/2763
f 2756/2756/2756 2757/2757/2757 2764/2764/2764
f 2763/2763/2763 2756/2756/2756 2764/2764/2764
f 2765/2765/2765 2759/2759/2759 2760/2760/2760
f 2766/2766/2766 2765/2765/2765 2760/2760/2760
f 2766/2766/2766 2760/2760/2760 2761/2761/2761
f 2767/2767/2767 2766/2766/2766 2761/2761/2761
f 2767/2767/2767 2761/2761/2761 2762/2762/2762
f 2768/2768/2768 2767/2767/2767 2762/2762/2762
f 2763/2763/2763 2764/2764/2764 2769/2769/2769
f 2770/2770/2770 2763/2763/2763 2769/2769/2769
f 2762/2762/2762 2763/2763/2763 2770/2770/2770
f 2768/2768/2768 2762/2762/2762 2770/2770/2770
f 2771/2771/2771 2765/2765/2765 2766/2766/2766
f 2772/2772/2772 2771/2771/2771 2766/2766/2766
f 2772/2772/2772 2766/2766/2766 2767/2767/2767
f 2773/2773/2773 2772/2772/2772 2767/2767/2767
f 2768/2768/2768 2773/2773/2773 2767/2767/2767
f 2770/2770/2770 2769/2769/2769 2774/2774/2774
f 2775/2775/2775 2770/2770/2770 2774/2774/2774
f 2768/2768/2768 2770/2770/2770 2775/2775/2775
f 2773/2773/2773 2768/2768/2768 2775/2775/2775
f 2776/2776/2776 2771/2771/2771 2772/2772/2772
f 2777/2777/2777 2776/2776/2776 2772/2772/2772
f 2777/2777/2777 2772/2772/2772 2773/2773/2773
f 2775/2775/2775 2777/2777/2777 2773/2773/2773
f 2775/2775/2775 2774/2774/2774 2778/2778/2778
f 2777/2777/2777 2775/2775/2775 2778/2778/2778
f 2776/2776/2776 2777/2777/2777 2778/2778/2778
f 2779/2779/2779 2776/2776/2776 2778/2778/2778
f 2765/2765/2765 2771/2771/2771 2780/2780/2780
f 2765/2765/2765 2780/2780/2780 2781/2781/2781
f 2759/2759/2759 2765/2765/2765 2781/2781/2781
f 2759/2759/2759 2781/2781/2781 2782/2782/2782
f 2758/2758/2758 2759/2759/2759 2782/2782/2782
f 2782/2782/2782 2783/2783/2783 2758/2758/2758
f 2783/2783/2783 2782/2782/2782 2784/2784/2784
f 2783/2783/2783 2784/2784/2784 2785/2785/2785
f 2785/2785/2785 2784/2784/2784 2786/2786/2786
f 2785/2785/2785 2786/2786/2786 2787/2787/2787
f 2787/2787/2787 2786/2786/2786 2788/2788/2788
f 2789/2789/2789 2787/2787/2787 2788/2788/2788
f 2790/2790/2790 2789/2789/2789 2788/2788/2788
f 2791/2791/2791 2789/2789/2789 2790/2790/2790
f 2792/2792/2792 2791/2791/2791 2790/2790/2790
f 2793/2793/2793 2791/2791/2791 2792/2792/2792
f 2794/2794/2794 2793/2793/2793 2792/2792/2792
f 2795/2795/2795 2793/2793/2793 2794/2794/2794
f 2796/2796/2796 2795/2795/2795 2794/2794/2794
f 2795/2795/2795 2796/2796/2796 2797/2797/2797
f 2798/2798/2798 2795/2795/2795 2797/2797/2797
f 2798/2798/2798 2797/2797/2797 2799/2799/2799
f 2800/2800/2800 2798/2798/2798 2799/2799/2799
f 2800/2800/2800 2799/2799/2799 2801/2801/2801
f 2801/2801/2801 2799/2799/2799 2802/2802/2802
f 2801/2801/2801 2802/2802/2802 2803/2803/2803
f 2804/2804/2804 2801/2801/2801 2803/2803/2803
f 2803/2803/2803 2805/2805/2805 2804/2804/2804
f 2805/2805/2805 2806/2806/2806 2804/2804/2804
f 2807/2807/2807 2806/2806/2806 2805/2805/2805
f 2808/2808/2808 2807/2807/2807 2805/2805/2805
f 2809/2809/2809 2807/2807/2807 2808/2808/2808
f 2810/2810/2810 2809/2809/2809 2808/2808/2808
f 2811/2811/2811 2809/2809/2809 2810/2810/2810
f 2812/2812/2812 2811/2811/2811 2810/2810/2810
f 2813/2813/2813 2811/2811/2811 2812/2812/2812
f 2814/2814/2814 2813/2813/2813 2812/2812/2812
f 2815/2815/2815 2813/2813/2813 2814/2814/2814
f 2816/2816/2816 2815/2815/2815 2814/2814/2814
f 2815/2815/2815 2816/2816/2816 2817/2817/2817
f 2816/2816/2816 2818/2818/2818 2817/2817/2817
f 2815/2815/2815 2819/2819/2819 2813/2813/2813
f 2819/2819/2819 2820/2820/2820 2813/2813/2813
f 2813/2813/2813 2820/2820/2820 2811/2811/2811
f 2820/2820/2820 2821/2821/2821 2811/2811/2811
f 2811/2811/2811 2821/2821/2821 2809/2809/2809
f 2821/2821/2821 2822/2822/2822 2809/2809/2809
f 2823/2823/2823 2819/2819/2819 2815/2815/2815
f 2817/2817/2817 2823/2823/2823 2815/2815/2815
f 2817/2817/2817 2824/2824/2824 2823/2823/2823
f 2825/2825/2825 2824/2824/2824 2817/2817/2817
f 2818/2818/2818 2825/2825/2825 2817/2817/2817
f 2824/2824/2824 2826/2826/2826 2823/2823/2823
f 2825/2825/2825 2827/2827/2827 2824/2824/2824
f 2827/2827/2827 2828/2828/2828 2824/2824/2824
f 2824/2824/2824 2828/2828/2828 2826/2826/2826
f 2823/2823/2823 2829/2829/2829 2819/2819/2819
f 2826/2826/2826 2829/2829/2829 2823/2823/2823
f 2829/2829/2829 2830/2830/2830 2819/2819/2819
f 2819/2819/2819 2830/2830/2830 2820/2820/2820
f 2830/2830/2830 2831/2831/2831 2820/2820/2820
f 2820/2820/2820 2831/2831/2831 2821/2821/2821
f 2831/2831/2831 2832/2832/2832 2821/2821/2821
f 2821/2821/2821 2832/2832/2832 2833/2833/2833
f 2822/2822/2822 2821/2821/2821 2833/2833/2833
f 2822/2822/2822 2833/2833/2833 2834/2834/2834
f 2835/2835/2835 2822/2822/2822 2834/2834/2834
f 2822/2822/2822 2835/2835/2835 2809/2809/2809
f 2835/2835/2835 2807/2807/2807 2809/2809/2809
f 2835/2835/2835 2836/2836/2836 2807/2807/2807
f 2836/2836/2836 2806/2806/2806 2807/2807/2807
f 2828/2828/2828 2837/2837/2837 2826/2826/2826
f 2826/2826/2826 2837/2837/2837 2829/2829/2829
f 2837/2837/2837 2838/2838/2838 2829/2829/2829
f 2829/2829/2829 2838/2838/2838 2830/2830/2830
f 2838/2838/2838 2839/2839/2839 2830/2830/2830
f 2830/2830/2830 2839/2839/2839 2840/2840/2840
f 2831/2831/2831 2830/2830/2830 2840/2840/2840
f 2832/2832/2832 2831/2831/2831 2840/2840/2840
f 2832/2832/2832 2840/2840/2840 2841/2841/2841
f 2842/2842/2842 2836/2836/2836 2835/2835/2835
f 2834/2834/2834 2842/2842/2842 2835/2835/2835
f 2832/2832/2832 2841/2841/2841 2843/2843/2843
f 2833/2833/2833 2832/2832/2832 2843/2843/2843
f 2833/2833/2833 2843/2843/2843 2844/2844/2844
f 2834/2834/2834 2833/2833/2833 2844/2844/2844
f 2834/2834/2834 2844/2844/2844 2845/2845/2845
f 2842/2842/2842 2834/2834/2834 2845/2845/2845
f 2806/2806/2806 2836/2836/2836 2846/2846/2846
f 2804/2804/2804 2806/2806/2806 2846/2846/2846
f 2847/2847/2847 2846/2846/2846 2836/2836/2836
f 2842/2842/2842 2847/2847/2847 2836/2836/2836
f 2842/2842/2842 2845/2845/2845 2847/2847/2847
f 2804/2804/2804 2846/2846/2846 2848/2848/2848
f 2846/2846/2846 2847/2847/2847 2848/2848/2848
f 2801/2801/2801 2804/2804/2804 2848/2848/2848
f 2837/2837/2837 2683/2683/2683 2838/2838/2838
f 2849/2849/2849 2683/2683/2683 2837/2837/2837
f 2683/2683/2683 2849/2849/2849 2672/2672/2672
f 2849/2849/2849 2670/2670/2670 2672/2672/2672
f 2840/2840/2840 2839/2839/2839 2685/2685/2685
f 2684/2684/2684 2685/2685/2685 2839/2839/2839
f 2683/2683/2683 2684/2684/2684 2838/2838/2838
f 2838/2838/2838 2684/2684/2684 2839/2839/2839
f 2845/2845/2845 2850/2850/2850 2847/2847/2847
f 2848/2848/2848 2800/2800/2800 2801/2801/2801
f 2847/2847/2847 2851/2851/2851 2848/2848/2848
f 2848/2848/2848 2851/2851/2851 2800/2800/2800
f 2847/2847/2847 2850/2850/2850 2851/2851/2851
f 2851/2851/2851 2852/2852/2852 2800/2800/2800
f 2850/2850/2850 2853/2853/2853 2851/2851/2851
f 2851/2851/2851 2853/2853/2853 2852/2852/2852
f 2800/2800/2800 2852/2852/2852 2798/2798/2798
f 2852/2852/2852 2854/2854/2854 2798/2798/2798
f 2850/2850/2850 2696/2696/2696 2853/2853/2853
f 2694/2694/2694 2696/2696/2696 2850/2850/2850
f 2845/2845/2845 2694/2694/2694 2850/2850/2850
f 2845/2845/2845 2844/2844/2844 2694/2694/2694
f 2844/2844/2844 2693/2693/2693 2694/2694/2694
f 2844/2844/2844 2843/2843/2843 2693/2693/2693
f 2843/2843/2843 2692/2692/2692 2693/2693/2693
f 2843/2843/2843 2841/2841/2841 2692/2692/2692
f 2841/2841/2841 2690/2690/2690 2692/2692/2692
f 2841/2841/2841 2840/2840/2840 2690/2690/2690
f 2840/2840/2840 2691/2691/2691 2690/2690/2690
f 2696/2696/2696 2706/2706/2706 2853/2853/2853
f 2853/2853/2853 2855/2855/2855 2852/2852/2852
f 2853/2853/2853 2706/2706/2706 2855/2855/2855
f 2798/2798/2798 2854/2854/2854 2795/2795/2795
f 2854/2854/2854 2856/2856/2856 2795/2795/2795
f 2855/2855/2855 2857/2857/2857 2854/2854/2854
f 2706/2706/2706 2713/2713/2713 2855/2855/2855
f 2855/2855/2855 2713/2713/2713 2857/2857/2857
f 2857/2857/2857 2858/2858/2858 2856/2856/2856
f 2854/2854/2854 2857/2857/2857 2856/2856/2856
f 2852/2852/2852 2855/2855/2855 2854/2854/2854
f 2713/2713/2713 2718/2718/2718 2857/2857/2857
f 2857/2857/2857 2718/2718/2718 2858/2858/2858
f 2718/2718/2718 2724/2724/2724 2858/2858/2858
f 2858/2858/2858 2724/2724/2724 2859/2859/2859
f 2724/2724/2724 2730/2730/2730 2859/2859/2859
f 2859/2859/2859 2730/2730/2730 2860/2860/2860
f 2861/2861/2861 2859/2859/2859 2860/2860/2860
f 2862/2862/2862 2861/2861/2861 2860/2860/2860
f 2861/2861/2861 2862/2862/2862 2793/2793/2793
f 2862/2862/2862 2791/2791/2791 2793/2793/2793
f 2862/2862/2862 2860/2860/2860 2863/2863/2863
f 2860/2860/2860 2864/2864/2864 2863/2863/2863
f 2862/2862/2862 2863/2863/2863 2789/2789/2789
f 2791/2791/2791 2862/2862/2862 2789/2789/2789
f 2730/2730/2730 2733/2733/2733 2860/2860/2860
f 2860/2860/2860 2733/2733/2733 2864/2864/2864
f 2789/2789/2789 2863/2863/2863 2787/2787/2787
f 2863/2863/2863 2865/2865/2865 2787/2787/2787
f 2863/2863/2863 2864/2864/2864 2865/2865/2865
f 2864/2864/2864 2866/2866/2866 2865/2865/2865
f 2733/2733/2733 2739/2739/2739 2864/2864/2864
f 2864/2864/2864 2739/2739/2739 2866/2866/2866
f 2865/2865/2865 2785/2785/2785 2787/2787/2787
f 2867/2867/2867 2785/2785/2785 2865/2865/2865
f 2866/2866/2866 2867/2867/2867 2865/2865/2865
f 2739/2739/2739 2745/2745/2745 2866/2866/2866
f 2866/2866/2866 2745/2745/2745 2867/2867/2867
f 2745/2745/2745 2746/2746/2746 2867/2867/2867
f 2867/2867/2867 2783/2783/2783 2785/2785/2785
f 2867/2867/2867 2746/2746/2746 2783/2783/2783
f 2746/2746/2746 2752/2752/2752 2783/2783/2783
f 2783/2783/2783 2752/2752/2752 2758/2758/2758
f 2868/2868/2868 2439/2439/2439 2427/2427/2427
f 2416/2416/2416 2868/2868/2868 2427/2427/2427
f 2869/2869/2869 2410/2410/2410 2411/2411/2411
f 2869/2869/2869 2411/2411/2411 2870/2870/2870
f 2411/2411/2411 2420/2420/2420 2870/2870/2870
f 2872/2872/2872 2871/2871/2871 2648/2648/2648
f 2872/2872/2872 2648/2648/2648 2647/2647/2647
f 2656/2656/2656 2872/2872/2872 2647/2647/2647
f 2671/2671/2671 2872/2872/2872 2656/2656/2656
f 2873/2873/2873 2671/2671/2671 2670/2670/2670
f 2849/2849/2849 2873/2873/2873 2670/2670/2670
f 2873/2873/2873 2849/2849/2849 2828/2828/2828
f 2828/2828/2828 2849/2849/2849 2837/2837/2837
f 2827/2827/2827 2873/2873/2873 2828/2828/2828
f 2876/2876/2876 2875/2875/2875 2874/2874/2874
f 2877/2877/2877 2876/2876/2876 2874/2874/2874
f 2878/2878/2878 2877/2877/2877 2874/2874/2874
f 2879/2879/2879 2878/2878/2878 2874/2874/2874
f 2466/2466/2466 2437/2437/2437 2440/2440/2440
f 2880/2880/2880 2466/2466/2466 2440/2440/2440
f 2881/2881/2881 2466/2466/2466 2880/2880/2880
f 2882/2882/2882 2881/2881/2881 2880/2880/2880
f 2883/2883/2883 2881/2881/2881 2882/2882/2882
f 2884/2884/2884 2881/2881/2881 2883/2883/2883
f 2885/2885/2885 2883/2883/2883 2882/2882/2882
f 2886/2886/2886 2883/2883/2883 2885/2885/2885
f 2887/2887/2887 2883/2883/2883 2886/2886/2886
f 2887/2887/2887 2884/2884/2884 2883/2883/2883
f 2887/2887/2887 2886/2886/2886 2522/2522/2522
f 2524/2524/2524 2887/2887/2887 2522/2522/2522
f 2888/2888/2888 2522/2522/2522 2886/2886/2886
f 2888/2888/2888 2889/2889/2889 2522/2522/2522
f 2889/2889/2889 2890/2890/2890 2522/2522/2522
f 2891/2891/2891 2888/2888/2888 2886/2886/2886
f 2891/2891/2891 2886/2886/2886 2885/2885/2885
f 2477/2477/2477 2887/2887/2887 2524/2524/2524
f 2477/2477/2477 2884/2884/2884 2887/2887/2887
f 2478/2478/2478 2477/2477/2477 2524/2524/2524
f 2477/2477/2477 2892/2892/2892 2884/2884/2884
f 2892/2892/2892 2893/2893/2893 2884/2884/2884
f 2474/2474/2474 2892/2892/2892 2477/2477/2477
f 2884/2884/2884 2893/2893/2893 2881/2881/2881
f 2881/2881/2881 2893/2893/2893 2465/2465/2465
f 2893/2893/2893 2894/2894/2894 2465/2465/2465
f 2465/2465/2465 2894/2894/2894 2464/2464/2464
f 2894/2894/2894 2468/2468/2468 2464/2464/2464
f 2881/2881/2881 2465/2465/2465 2466/2466/2466
f 2892/2892/2892 2895/2895/2895 2893/2893/2893
f 2893/2893/2893 2895/2895/2895 2894/2894/2894
f 2894/2894/2894 2895/2895/2895 2473/2473/2473
f 2473/2473/2473 2895/2895/2895 2892/2892/2892
f 2473/2473/2473 2468/2468/2468 2894/2894/2894
f 2892/2892/2892 2474/2474/2474 2473/2473/2473
f 2466/2466/2466 2436/2436/2436 2437/2437/2437
f 2450/2450/2450 2896/2896/2896 2447/2447/2447
f 2449/2449/2449 2447/2447/2447 2896/2896/2896
f 2897/2897/2897 2449/2449/2449 2896/2896/2896
f 2449/2449/2449 2897/2897/2897 2898/2898/2898
f 2449/2449/2449 2898/2898/2898 2448/2448/2448
f 2898/2898/2898 2452/2452/2452 2448/2448/2448
f 2452/2452/2452 2898/2898/2898 2899/2899/2899
f 2900/2900/2900 2452/2452/2452 2899/2899/2899
f 2453/2453/2453 2452/2452/2452 2900/2900/2900
f 2901/2901/2901 2453/2453/2453 2900/2900/2900
f 2454/2454/2454 2453/2453/2453 2901/2901/2901
f 2902/2902/2902 2454/2454/2454 2901/2901/2901
f 2455/2455/2455 2454/2454/2454 2902/2902/2902
f 2903/2903/2903 2455/2455/2455 2902/2902/2902
f 2456/2456/2456 2455/2455/2455 2903/2903/2903
f 2904/2904/2904 2456/2456/2456 2903/2903/2903
f 2457/2457/2457 2456/2456/2456 2904/2904/2904
f 2905/2905/2905 2457/2457/2457 2904/2904/2904
f 2899/2899/2899 2898/2898/2898 2906/2906/2906
f 2907/2907/2907 2899/2899/2899 2906/2906/2906
f 2906/2906/2906 2898/2898/2898 2897/2897/2897
f 2910/2910/2910 2909/2909/2909 2908/2908/2908
f 2911/2911/2911 2910/2910/2910 2908/2908/2908
f 2908/2908/2908 2909/2909/2909 2912/2912/2912
f 2909/2909/2909 2913/2913/2913 2912/2912/2912
f 2912/2912/2912 2913/2913/2913 2914/2914/2914
f 2915/2915/2915 2914/2914/2914 2913/2913/2913
f 2915/2915/2915 2913/2913/2913 2916/2916/2916
f 2913/2913/2913 2917/2917/2917 2916/2916/2916
f 2916/2916/2916 2917/2917/2917 2918/2918/2918
f 2917/2917/2917 2919/2919/2919 2918/2918/2918
f 2918/2918/2918 2919/2919/2919 2920/2920/2920
f 2919/2919/2919 2921/2921/2921 2920/2920/2920
f 2920/2920/2920 2921/2921/2921 2922/2922/2922
f 2921/2921/2921 2923/2923/2923 2922/2922/2922
f 2922/2922/2922 2923/2923/2923 2924/2924/2924
f 2925/2925/2925 2922/2922/2922 2924/2924/2924
f 2925/2925/2925 2924/2924/2924 2926/2926/2926
f 2924/2924/2924 2927/2927/2927 2926/2926/2926
f 2926/2926/2926 2927/2927/2927 2928/2928/2928
f 2928/2928/2928 2927/2927/2927 2929/2929/2929
f 2927/2927/2927 2930/2930/2930 2929/2929/2929
f 2929/2929/2929 2930/2930/2930 2931/2931/2931
f 2930/2930/2930 2932/2932/2932 2931/2931/2931
f 2931/2931/2931 2932/2932/2932 2933/2933/2933
f 2932/2932/2932 2934/2934/2934 2933/2933/2933
f 2935/2935/2935 2933/2933/2933 2934/2934/2934
f 2936/2936/2936 2935/2935/2935 2934/2934/2934
f 2937/2937/2937 2935/2935/2935 2936/2936/2936
f 2938/2938/2938 2937/2937/2937 2936/2936/2936
f 2941/2941/2941 2940/2940/2940 2939/2939/2939
f 2941/2941/2941 2942/2942/2942 2940/2940/2940
f 2939/2939/2939 2940/2940/2940 2943/2943/2943
f 2942/2942/2942 2944/2944/2944 2940/2940/2940
f 2945/2945/2945 2943/2943/2943 2940/2940/2940
f 2945/2945/2945 2940/2940/2940 2944/2944/2944
f 2945/2945/2945 2946/2946/2946 2943/2943/2943
f 2944/2944/2944 2946/2946/2946 2945/2945/2945
f 2947/2947/2947 2946/2946/2946 2944/2944/2944
f 2943/2943/2943 2946/2946/2946 2948/2948/2948
f 2949/2949/2949 2946/2946/2946 2947/2947/2947
f 2948/2948/2948 2946/2946/2946 2949/2949/2949
f 2952/2952/2952 2951/2951/2951 2950/2950/2950
f 2953/2953/2953 2952/2952/2952 2950/2950/2950
f 2951/2951/2951 2952/2952/2952 2954/2954/2954
f 2953/2953/2953 2955/2955/2955 2952/2952/2952
f 2956/2956/2956 2954/2954/2954 2952/2952/2952
f 2956/2956/2956 2952/2952/2952 2955/2955/2955
f 2956/2956/2956 2957/2957/2957 2954/2954/2954
f 2956/2956/2956 2955/2955/2955 2957/2957/2957
f 2954/2954/2954 2957/2957/2957 2958/2958/2958
f 2959/2959/2959 2957/2957/2957 2955/2955/2955
f 2960/2960/2960 2958/2958/2958 2957/2957/2957
f 2960/2960/2960 2957/2957/2957 2959/2959/2959
f 2961/2961/2961 2460/2460/2460 2451/2451/2451
f 2451/2451/2451 2962/2962/2962 2961/2961/2961
f 2461/2461/2461 2962/2962/2962 2451/2451/2451
f 2965/2965/2965 2964/2964/2964 2963/2963/2963
f 2964/2964/2964 2966/2966/2966 2963/2963/2963
f 2964/2964/2964 2967/2967/2967 2966/2966/2966
f 2967/2967/2967 2968/2968/2968 2966/2966/2966
f 2971/2971/2971 2970/2970/2970 2969/2969/2969
f 2972/2972/2972 2971/2971/2971 2969/2969/2969
f 2973/2973/2973 2969/2969/2969 2970/2970/2970
f 2974/2974/2974 2973/2973/2973 2970/2970/2970
f 2972/2972/2972 2975/2975/2975 2971/2971/2971
f 2976/2976/2976 2971/2971/2971 2975/2975/2975
f 2969/2969/2969 2973/2973/2973 2977/2977/2977
f 2978/2978/2978 2969/2969/2969 2977/2977/2977
f 2972/2972/2972 2969/2969/2969 2978/2978/2978
f 2979/2979/2979 2972/2972/2972 2978/2978/2978
f 2980/2980/2980 2975/2975/2975 2972/2972/2972
f 2979/2979/2979 2980/2980/2980 2972/2972/2972
f 2981/2981/2981 2980/2980/2980 2979/2979/2979
f 2982/2982/2982 2980/2980/2980 2981/2981/2981
f 2983/2983/2983 2980/2980/2980 2982/2982/2982
f 2982/2982/2982 2984/2984/2984 2983/2983/2983
f 2985/2985/2985 2983/2983/2983 2984/2984/2984
f 2984/2984/2984 2982/2982/2982 2986/2986/2986
f 2987/2987/2987 2982/2982/2982 2981/2981/2981
f 2986/2986/2986 2982/2982/2982 2988/2988/2988
f 2988/2988/2988 2982/2982/2982 2987/2987/2987
f 2987/2987/2987 2989/2989/2989 2988/2988/2988
f 2988/2988/2988 2989/2989/2989 2990/2990/2990
f 2991/2991/2991 2990/2990/2990 2989/2989/2989
f 2992/2992/2992 2990/2990/2990 2991/2991/2991
f 2993/2993/2993 2991/2991/2991 2989/2989/2989
f 2994/2994/2994 2993/2993/2993 2989/2989/2989
f 2994/2994/2994 2995/2995/2995 2993/2993/2993
f 2995/2995/2995 2994/2994/2994 2996/2996/2996
f 2996/2996/2996 2997/2997/2997 2995/2995/2995
f 2995/2995/2995 2997/2997/2997 2998/2998/2998
f 2998/2998/2998 2997/2997/2997 2999/2999/2999
f 3000/3000/3000 2998/2998/2998 2999/2999/2999
f 3000/3000/3000 2999/2999/2999 3001/3001/3001
f 3002/3002/3002 3000/3000/3000 3001/3001/3001
f 3003/3003/3003 3002/3002/3002 3001/3001/3001
f 3004/3004/3004 3002/3002/3002 3003/3003/3003
f 3005/3005/3005 3004/3004/3004 3003/3003/3003
f 3005/3005/3005 3006/3006/3006 3004/3004/3004
f 3006/3006/3006 3007/3007/3007 3004/3004/3004
f 3006/3006/3006 3008/3008/3008 3007/3007/3007
f 3008/3008/3008 3009/3009/3009 3007/3007/3007
f 3010/3010/3010 3009/3009/3009 3008/3008/3008
f 3011/3011/3011 3009/3009/3009 3010/3010/3010
f 3011/3011/3011 3010/3010/3010 3012/3012/3012
f 3013/3013/3013 3011/3011/3011 3012/3012/3012
f 3013/3013/3013 3012/3012/3012 3014/3014/3014
f 3015/3015/3015 3013/3013/3013 3014/3014/3014
f 3015/3015/3015 3014/3014/3014 3016/3016/3016
f 3017/3017/3017 3015/3015/3015 3016/3016/3016
f 3017/3017/3017 3016/3016/3016 3018/3018/3018
f 3019/3019/3019 3017/3017/3017 3018/3018/3018
f 3011/3011/3011 3013/3013/3013 3020/3020/3020
f 3020/3020/3020 3021/3021/3021 3011/3011/3011
f 3022/3022/3022 3013/3013/3013 3015/3015/3015
f 3015/3015/3015 3017/3017/3017 3023/3023/3023
f 3023/3023/3023 3022/3022/3022 3015/3015/3015
f 3023/3023/3023 3017/3017/3017 3019/3019/3019
f 3019/3019/3019 3024/3024/3024 3023/3023/3023
f 3020/3020/3020 3013/3013/3013 3025/3025/3025
f 3025/3025/3025 3013/3013/3013 3022/3022/3022
f 3026/3026/3026 3020/3020/3020 3025/3025/3025
f 3027/3027/3027 3020/3020/3020 3026/3026/3026
f 3020/3020/3020 3027/3027/3027 3021/3021/3021
f 3021/3021/3021 3027/3027/3027 3028/3028/3028
f 3029/3029/3029 3021/3021/3021 3028/3028/3028
f 3030/3030/3030 3028/3028/3028 3027/3027/3027
f 3030/3030/3030 3031/3031/3031 3028/3028/3028
f 3031/3031/3031 3032/3032/3032 3028/3028/3028
f 3031/3031/3031 3033/3033/3033 3032/3032/3032
f 3033/3033/3033 3034/3034/3034 3032/3032/3032
f 3034/3034/3034 3035/3035/3035 3032/3032/3032
f 3036/3036/3036 3035/3035/3035 3034/3034/3034
f 3035/3035/3035 3036/3036/3036 3037/3037/3037
f 3036/3036/3036 3038/3038/3038 3037/3037/3037
f 3038/3038/3038 3039/3039/3039 3037/3037/3037
f 3040/3040/3040 3039/3039/3039 3038/3038/3038
f 3040/3040/3040 3041/3041/3041 3039/3039/3039
f 3042/3042/3042 3041/3041/3041 3040/3040/3040
f 3042/3042/3042 3043/3043/3043 3041/3041/3041
f 3044/3044/3044 3043/3043/3043 3042/3042/3042
f 3045/3045/3045 3044/3044/3044 3042/3042/3042
f 3046/3046/3046 3044/3044/3044 3045/3045/3045
f 3047/3047/3047 3046/3046/3046 3045/3045/3045
f 3043/3043/3043 3048/3048/3048 3041/3041/3041
f 3041/3041/3041 3048/3048/3048 3049/3049/3049
f 3041/3041/3041 3049/3049/3049 3039/3039/3039
f 3048/3048/3048 3050/3050/3050 3049/3049/3049
f 3049/3049/3049 3050/3050/3050 3051/3051/3051
f 3050/3050/3050 3052/3052/3052 3051/3051/3051
f 3051/3051/3051 3052/3052/3052 3053/3053/3053
f 3052/3052/3052 3054/3054/3054 3053/3053/3053
f 3053/3053/3053 3054/3054/3054 3055/3055/3055
f 3056/3056/3056 3053/3053/3053 3055/3055/3055
f 3045/3045/3045 3042/3042/3042 3057/3057/3057
f 3058/3058/3058 3045/3045/3045 3057/3057/3057
f 3047/3047/3047 3045/3045/3045 3058/3058/3058
f 3059/3059/3059 3047/3047/3047 3058/3058/3058
f 3049/3049/3049 3051/3051/3051 3060/3060/3060
f 3039/3039/3039 3049/3049/3049 3060/3060/3060
f 3051/3051/3051 3053/3053/3053 3061/3061/3061
f 3060/3060/3060 3051/3051/3051 3061/3061/3061
f 3061/3061/3061 3053/3053/3053 3056/3056/3056
f 3062/3062/3062 3061/3061/3061 3056/3056/3056
f 3058/3058/3058 3057/3057/3057 3063/3063/3063
f 3063/3063/3063 3057/3057/3057 3064/3064/3064
f 3057/3057/3057 3040/3040/3040 3064/3064/3064
f 3057/3057/3057 3042/3042/3042 3040/3040/3040
f 3065/3065/3065 3058/3058/3058 3063/3063/3063
f 3066/3066/3066 3059/3059/3059 3058/3058/3058
f 3065/3065/3065 3066/3066/3066 3058/3058/3058
f 3064/3064/3064 3040/3040/3040 3038/3038/3038
f 3039/3039/3039 3060/3060/3060 3037/3037/3037
f 3060/3060/3060 3061/3061/3061 3067/3067/3067
f 3037/3037/3037 3060/3060/3060 3067/3067/3067
f 3067/3067/3067 3061/3061/3061 3062/3062/3062
f 3068/3068/3068 3067/3067/3067 3062/3062/3062
f 3064/3064/3064 3038/3038/3038 3036/3036/3036
f 3069/3069/3069 3064/3064/3064 3036/3036/3036
f 3063/3063/3063 3064/3064/3064 3069/3069/3069
f 3070/3070/3070 3063/3063/3063 3069/3069/3069
f 3065/3065/3065 3063/3063/3063 3070/3070/3070
f 3071/3071/3071 3065/3065/3065 3070/3070/3070
f 3072/3072/3072 3066/3066/3066 3065/3065/3065
f 3071/3071/3071 3072/3072/3072 3065/3065/3065
f 3035/3035/3035 3037/3037/3037 3067/3067/3067
f 3073/3073/3073 3035/3035/3035 3067/3067/3067
f 3073/3073/3073 3067/3067/3067 3068/3068/3068
f 3074/3074/3074 3073/3073/3073 3068/3068/3068
f 3069/3069/3069 3036/3036/3036 3034/3034/3034
f 3075/3075/3075 3069/3069/3069 3034/3034/3034
f 3070/3070/3070 3069/3069/3069 3075/3075/3075
f 3076/3076/3076 3070/3070/3070 3075/3075/3075
f 3071/3071/3071 3070/3070/3070 3076/3076/3076
f 3077/3077/3077 3071/3071/3071 3076/3076/3076
f 3078/3078/3078 3072/3072/3072 3071/3071/3071
f 3077/3077/3077 3078/3078/3078 3071/3071/3071
f 3035/3035/3035 3073/3073/3073 3032/3032/3032
f 3079/3079/3079 3032/3032/3032 3073/3073/3073
f 3079/3079/3079 3073/3073/3073 3074/3074/3074
f 3080/3080/3080 3079/3079/3079 3074/3074/3074
f 3075/3075/3075 3034/3034/3034 3033/3033/3033
f 3081/3081/3081 3075/3075/3075 3033/3033/3033
f 3076/3076/3076 3075/3075/3075 3081/3081/3081
f 3082/3082/3082 3076/3076/3076 3081/3081/3081
f 3077/3077/3077 3076/3076/3076 3082/3082/3082
f 3083/3083/3083 3077/3077/3077 3082/3082/3082
f 3084/3084/3084 3078/3078/3078 3077/3077/3077
f 3083/3083/3083 3084/3084/3084 3077/3077/3077
f 3079/3079/3079 3028/3028/3028 3032/3032/3032
f 3080/3080/3080 3028/3028/3028 3079/3079/3079
f 3085/3085/3085 3081/3081/3081 3033/3033/3033
f 3086/3086/3086 3085/3085/3085 3033/3033/3033
f 3087/3087/3087 3082/3082/3082 3081/3081/3081
f 3085/3085/3085 3087/3087/3087 3081/3081/3081
f 3088/3088/3088 3083/3083/3083 3082/3082/3082
f 3087/3087/3087 3088/3088/3088 3082/3082/3082
f 3089/3089/3089 3084/3084/3084 3083/3083/3083
f 3088/3088/3088 3089/3089/3089 3083/3083/3083
f 3086/3086/3086 3033/3033/3033 3031/3031/3031
f 3090/3090/3090 3086/3086/3086 3031/3031/3031
f 3090/3090/3090 3031/3031/3031 3030/3030/3030
f 3091/3091/3091 3090/3090/3090 3030/3030/3030
f 3092/3092/3092 3087/3087/3087 3085/3085/3085
f 3093/3093/3093 3092/3092/3092 3085/3085/3085
f 3093/3093/3093 3085/3085/3085 3086/3086/3086
f 3094/3094/3094 3093/3093/3093 3086/3086/3086
f 3094/3094/3094 3086/3086/3086 3090/3090/3090
f 3095/3095/3095 3088/3088/3088 3087/3087/3087
f 3092/3092/3092 3095/3095/3095 3087/3087/3087
f 3096/3096/3096 3089/3089/3089 3088/3088/3088
f 3095/3095/3095 3096/3096/3096 3088/3088/3088
f 3097/3097/3097 3094/3094/3094 3090/3090/3090
f 3097/3097/3097 3090/3090/3090 3091/3091/3091
f 3091/3091/3091 3030/3030/3030 3098/3098/3098
f 3027/3027/3027 3098/3098/3098 3030/3030/3030
f 3098/3098/3098 3027/3027/3027 3026/3026/3026
f 3099/3099/3099 3097/3097/3097 3091/3091/3091
f 3099/3099/3099 3091/3091/3091 3098/3098/3098
f 3100/3100/3100 3095/3095/3095 3092/3092/3092
f 3101/3101/3101 3100/3100/3100 3092/3092/3092
f 3101/3101/3101 3092/3092/3092 3093/3093/3093
f 3102/3102/3102 3101/3101/3101 3093/3093/3093
f 3102/3102/3102 3093/3093/3093 3094/3094/3094
f 3103/3103/3103 3102/3102/3102 3094/3094/3094
f 3103/3103/3103 3094/3094/3094 3097/3097/3097
f 3104/3104/3104 3096/3096/3096 3095/3095/3095
f 3100/3100/3100 3104/3104/3104 3095/3095/3095
f 3105/3105/3105 3103/3103/3103 3097/3097/3097
f 3105/3105/3105 3097/3097/3097 3099/3099/3099
f 3106/3106/3106 3099/3099/3099 3098/3098/3098
f 3106/3106/3106 3098/3098/3098 3026/3026/3026
f 3107/3107/3107 3106/3106/3106 3026/3026/3026
f 3108/3108/3108 3105/3105/3105 3099/3099/3099
f 3108/3108/3108 3099/3099/3099 3106/3106/3106
f 3109/3109/3109 3104/3104/3104 3100/3100/3100
f 3110/3110/3110 3109/3109/3109 3100/3100/3100
f 3110/3110/3110 3100/3100/3100 3101/3101/3101
f 3111/3111/3111 3110/3110/3110 3101/3101/3101
f 3111/3111/3111 3101/3101/3101 3102/3102/3102
f 3112/3112/3112 3111/3111/3111 3102/3102/3102
f 3112/3112/3112 3102/3102/3102 3103/3103/3103
f 3113/3113/3113 3112/3112/3112 3103/3103/3103
f 3113/3113/3113 3103/3103/3103 3105/3105/3105
f 3114/3114/3114 3113/3113/3113 3105/3105/3105
f 3114/3114/3114 3105/3105/3105 3108/3108/3108
f 3115/3115/3115 3108/3108/3108 3106/3106/3106
f 3115/3115/3115 3106/3106/3106 3107/3107/3107
f 3116/3116/3116 3115/3115/3115 3107/3107/3107
f 3117/3117/3117 3114/3114/3114 3108/3108/3108
f 3118/3118/3118 3109/3109/3109 3110/3110/3110
f 3119/3119/3119 3118/3118/3118 3110/3110/3110
f 3119/3119/3119 3110/3110/3110 3111/3111/3111
f 3120/3120/3120 3119/3119/3119 3111/3111/3111
f 3120/3120/3120 3111/3111/3111 3112/3112/3112
f 3121/3121/3121 3120/3120/3120 3112/3112/3112
f 3121/3121/3121 3112/3112/3112 3113/3113/3113
f 3122/3122/3122 3121/3121/3121 3113/3113/3113
f 3122/3122/3122 3113/3113/3113 3114/3114/3114
f 3123/3123/3123 3122/3122/3122 3114/3114/3114
f 3123/3123/3123 3114/3114/3114 3117/3117/3117
f 3108/3108/3108 3115/3115/3115 3124/3124/3124
f 3117/3117/3117 3108/3108/3108 3124/3124/3124
f 3115/3115/3115 3116/3116/3116 3125/3125/3125
f 3124/3124/3124 3115/3115/3115 3125/3125/3125
f 3126/3126/3126 3125/3125/3125 3116/3116/3116
f 3127/3127/3127 3126/3126/3126 3116/3116/3116
f 3127/3127/3127 3116/3116/3116 3128/3128/3128
f 3116/3116/3116 3107/3107/3107 3128/3128/3128
f 3128/3128/3128 3107/3107/3107 3129/3129/3129
f 3107/3107/3107 3026/3026/3026 3129/3129/3129
f 3129/3129/3129 3026/3026/3026 3025/3025/3025
f 3129/3129/3129 3025/3025/3025 3022/3022/3022
f 3130/3130/3130 3129/3129/3129 3022/3022/3022
f 3128/3128/3128 3129/3129/3129 3130/3130/3130
f 3130/3130/3130 3022/3022/3022 3023/3023/3023
f 3131/3131/3131 3130/3130/3130 3023/3023/3023
f 3131/3131/3131 3023/3023/3023 3024/3024/3024
f 3132/3132/3132 3131/3131/3131 3024/3024/3024
f 3133/3133/3133 3128/3128/3128 3130/3130/3130
f 3133/3133/3133 3130/3130/3130 3131/3131/3131
f 3127/3127/3127 3128/3128/3128 3133/3133/3133
f 3134/3134/3134 3133/3133/3133 3131/3131/3131
f 3134/3134/3134 3131/3131/3131 3132/3132/3132
f 3135/3135/3135 3134/3134/3134 3132/3132/3132
f 3136/3136/3136 3127/3127/3127 3133/3133/3133
f 3136/3136/3136 3133/3133/3133 3134/3134/3134
f 3137/3137/3137 3136/3136/3136 3134/3134/3134
f 3137/3137/3137 3134/3134/3134 3135/3135/3135
f 3138/3138/3138 3137/3137/3137 3135/3135/3135
f 3136/3136/3136 3137/3137/3137 3139/3139/3139
f 3139/3139/3139 3137/3137/3137 3138/3138/3138
f 3140/3140/3140 3136/3136/3136 3139/3139/3139
f 3136/3136/3136 3140/3140/3140 3127/3127/3127
f 3140/3140/3140 3126/3126/3126 3127/3127/3127
f 3140/3140/3140 3141/3141/3141 3126/3126/3126
f 3140/3140/3140 3139/3139/3139 3141/3141/3141
f 3141/3141/3141 3142/3142/3142 3126/3126/3126
f 3125/3125/3125 3126/3126/3126 3142/3142/3142
f 3143/3143/3143 3125/3125/3125 3142/3142/3142
f 3125/3125/3125 3143/3143/3143 3124/3124/3124
f 3143/3143/3143 3144/3144/3144 3124/3124/3124
f 3124/3124/3124 3144/3144/3144 3117/3117/3117
f 3117/3117/3117 3144/3144/3144 3123/3123/3123
f 3123/3123/3123 3144/3144/3144 3145/3145/3145
f 3145/3145/3145 3144/3144/3144 3143/3143/3143
f 3143/3143/3143 3142/3142/3142 3145/3145/3145
f 3145/3145/3145 3146/3146/3146 3123/3123/3123
f 3146/3146/3146 3122/3122/3122 3123/3123/3123
f 3146/3146/3146 3147/3147/3147 3122/3122/3122
f 3147/3147/3147 3121/3121/3121 3122/3122/3122
f 3147/3147/3147 3148/3148/3148 3121/3121/3121
f 3148/3148/3148 3120/3120/3120 3121/3121/3121
f 3119/3119/3119 3120/3120/3120 3148/3148/3148
f 3149/3149/3149 3119/3119/3119 3148/3148/3148
f 3149/3149/3149 3150/3150/3150 3119/3119/3119
f 3150/3150/3150 3118/3118/3118 3119/3119/3119
f 3150/3150/3150 3149/3149/3149 3151/3151/3151
f 3152/3152/3152 3150/3150/3150 3151/3151/3151
f 3149/3149/3149 3148/3148/3148 3153/3153/3153
f 3151/3151/3151 3149/3149/3149 3153/3153/3153
f 3153/3153/3153 3148/3148/3148 3147/3147/3147
f 3154/3154/3154 3153/3153/3153 3147/3147/3147
f 3147/3147/3147 3146/3146/3146 3155/3155/3155
f 3154/3154/3154 3147/3147/3147 3155/3155/3155
f 3146/3146/3146 3145/3145/3145 3156/3156/3156
f 3155/3155/3155 3146/3146/3146 3156/3156/3156
f 3145/3145/3145 3142/3142/3142 3156/3156/3156
f 3156/3156/3156 3142/3142/3142 3141/3141/3141
f 3157/3157/3157 3156/3156/3156 3141/3141/3141
f 3155/3155/3155 3156/3156/3156 3157/3157/3157
f 3158/3158/3158 3157/3157/3157 3141/3141/3141
f 3159/3159/3159 3152/3152/3152 3151/3151/3151
f 3160/3160/3160 3159/3159/3159 3151/3151/3151
f 3160/3160/3160 3151/3151/3151 3153/3153/3153
f 3161/3161/3161 3160/3160/3160 3153/3153/3153
f 3153/3153/3153 3154/3154/3154 3162/3162/3162
f 3161/3161/3161 3153/3153/3153 3162/3162/3162
f 3163/3163/3163 3155/3155/3155 3157/3157/3157
f 3154/3154/3154 3155/3155/3155 3163/3163/3163
f 3162/3162/3162 3154/3154/3154 3163/3163/3163
f 3141/3141/3141 3139/3139/3139 3158/3158/3158
f 3158/3158/3158 3139/3139/3139 3164/3164/3164
f 3164/3164/3164 3139/3139/3139 3138/3138/3138
f 3165/3165/3165 3164/3164/3164 3138/3138/3138
f 3165/3165/3165 3158/3158/3158 3164/3164/3164
f 3166/3166/3166 3165/3165/3165 3138/3138/3138
f 3166/3166/3166 3138/3138/3138 3135/3135/3135
f 3167/3167/3167 3166/3166/3166 3135/3135/3135
f 3167/3167/3167 3135/3135/3135 3132/3132/3132
f 3168/3168/3168 3167/3167/3167 3132/3132/3132
f 3168/3168/3168 3132/3132/3132 3024/3024/3024
f 3169/3169/3169 3168/3168/3168 3024/3024/3024
f 3169/3169/3169 3024/3024/3024 3019/3019/3019
f 3019/3019/3019 3170/3170/3170 3169/3169/3169
f 3170/3170/3170 3019/3019/3019 3171/3171/3171
f 3172/3172/3172 3170/3170/3170 3171/3171/3171
f 3173/3173/3173 3170/3170/3170 3172/3172/3172
f 3169/3169/3169 3170/3170/3170 3173/3173/3173
f 3174/3174/3174 3173/3173/3173 3172/3172/3172
f 3175/3175/3175 3173/3173/3173 3174/3174/3174
f 3176/3176/3176 3175/3175/3175 3174/3174/3174
f 3177/3177/3177 3175/3175/3175 3176/3176/3176
f 3178/3178/3178 3177/3177/3177 3176/3176/3176
f 3179/3179/3179 3177/3177/3177 3178/3178/3178
f 3179/3179/3179 3178/3178/3178 3180/3180/3180
f 3175/3175/3175 3177/3177/3177 3181/3181/3181
f 3175/3175/3175 3182/3182/3182 3173/3173/3173
f 3173/3173/3173 3182/3182/3182 3169/3169/3169
f 3175/3175/3175 3181/3181/3181 3183/3183/3183
f 3175/3175/3175 3183/3183/3183 3182/3182/3182
f 3181/3181/3181 3184/3184/3184 3183/3183/3183
f 3181/3181/3181 3185/3185/3185 3184/3184/3184
f 3186/3186/3186 3185/3185/3185 3181/3181/3181
f 3186/3186/3186 3181/3181/3181 3177/3177/3177
f 3185/3185/3185 3186/3186/3186 3187/3187/3187
f 3187/3187/3187 3188/3188/3188 3185/3185/3185
f 3189/3189/3189 3188/3188/3188 3187/3187/3187
f 3190/3190/3190 3189/3189/3189 3187/3187/3187
f 3191/3191/3191 3189/3189/3189 3190/3190/3190
f 3192/3192/3192 3191/3191/3191 3190/3190/3190
f 3193/3193/3193 3192/3192/3192 3190/3190/3190
f 3193/3193/3193 3194/3194/3194 3192/3192/3192
f 3194/3194/3194 3193/3193/3193 3195/3195/3195
f 3196/3196/3196 3194/3194/3194 3195/3195/3195
f 3197/3197/3197 3196/3196/3196 3195/3195/3195
f 3197/3197/3197 3198/3198/3198 3196/3196/3196
f 3199/3199/3199 3198/3198/3198 3197/3197/3197
f 3199/3199/3199 3200/3200/3200 3198/3198/3198
f 3201/3201/3201 3200/3200/3200 3199/3199/3199
f 3201/3201/3201 3202/3202/3202 3200/3200/3200
f 3202/3202/3202 3203/3203/3203 3200/3200/3200
f 3202/3202/3202 3204/3204/3204 3203/3203/3203
f 3204/3204/3204 3205/3205/3205 3203/3203/3203
f 3206/3206/3206 3201/3201/3201 3199/3199/3199
f 3206/3206/3206 3199/3199/3199 3207/3207/3207
f 3207/3207/3207 3199/3199/3199 3197/3197/3197
f 3208/3208/3208 3206/3206/3206 3207/3207/3207
f 3208/3208/3208 3207/3207/3207 3209/3209/3209
f 3210/3210/3210 3208/3208/3208 3209/3209/3209
f 3210/3210/3210 3209/3209/3209 3211/3211/3211
f 3212/3212/3212 3210/3210/3210 3211/3211/3211
f 3212/3212/3212 3211/3211/3211 3213/3213/3213
f 3211/3211/3211 3214/3214/3214 3213/3213/3213
f 3200/3200/3200 3203/3203/3203 3215/3215/3215
f 3203/3203/3203 3216/3216/3216 3215/3215/3215
f 3203/3203/3203 3205/3205/3205 3216/3216/3216
f 3205/3205/3205 3217/3217/3217 3216/3216/3216
f 3209/3209/3209 3207/3207/3207 3218/3218/3218
f 3207/3207/3207 3197/3197/3197 3218/3218/3218
f 3209/3209/3209 3218/3218/3218 3219/3219/3219
f 3211/3211/3211 3209/3209/3209 3219/3219/3219
f 3211/3211/3211 3219/3219/3219 3214/3214/3214
f 3219/3219/3219 3220/3220/3220 3214/3214/3214
f 3215/3215/3215 3216/3216/3216 3221/3221/3221
f 3215/3215/3215 3221/3221/3221 3222/3222/3222
f 3198/3198/3198 3215/3215/3215 3222/3222/3222
f 3200/3200/3200 3215/3215/3215 3198/3198/3198
f 3216/3216/3216 3223/3223/3223 3221/3221/3221
f 3224/3224/3224 3223/3223/3223 3216/3216/3216
f 3217/3217/3217 3224/3224/3224 3216/3216/3216
f 3198/3198/3198 3222/3222/3222 3196/3196/3196
f 3218/3218/3218 3197/3197/3197 3195/3195/3195
f 3218/3218/3218 3195/3195/3195 3225/3225/3225
f 3219/3219/3219 3218/3218/3218 3225/3225/3225
f 3219/3219/3219 3225/3225/3225 3220/3220/3220
f 3225/3225/3225 3226/3226/3226 3220/3220/3220
f 3196/3196/3196 3222/3222/3222 3194/3194/3194
f 3222/3222/3222 3227/3227/3227 3194/3194/3194
f 3222/3222/3222 3221/3221/3221 3227/3227/3227
f 3221/3221/3221 3228/3228/3228 3227/3227/3227
f 3221/3221/3221 3223/3223/3223 3228/3228/3228
f 3223/3223/3223 3229/3229/3229 3228/3228/3228
f 3230/3230/3230 3229/3229/3229 3223/3223/3223
f 3224/3224/3224 3230/3230/3230 3223/3223/3223
f 3195/3195/3195 3193/3193/3193 3225/3225/3225
f 3193/3193/3193 3231/3231/3231 3225/3225/3225
f 3225/3225/3225 3231/3231/3231 3226/3226/3226
f 3231/3231/3231 3232/3232/3232 3226/3226/3226
f 3194/3194/3194 3227/3227/3227 3192/3192/3192
f 3227/3227/3227 3233/3233/3233 3192/3192/3192
f 3227/3227/3227 3228/3228/3228 3233/3233/3233
f 3228/3228/3228 3234/3234/3234 3233/3233/3233
f 3228/3228/3228 3229/3229/3229 3234/3234/3234
f 3229/3229/3229 3235/3235/3235 3234/3234/3234
f 3236/3236/3236 3235/3235/3235 3229/3229/3229
f 3230/3230/3230 3236/3236/3236 3229/3229/3229
f 3231/3231/3231 3193/3193/3193 3190/3190/3190
f 3190/3190/3190 3237/3237/3237 3231/3231/3231
f 3231/3231/3231 3237/3237/3237 3232/3232/3232
f 3237/3237/3237 3238/3238/3238 3232/3232/3232
f 3192/3192/3192 3233/3233/3233 3191/3191/3191
f 3233/3233/3233 3239/3239/3239 3191/3191/3191
f 3233/3233/3233 3234/3234/3234 3239/3239/3239
f 3234/3234/3234 3240/3240/3240 3239/3239/3239
f 3234/3234/3234 3235/3235/3235 3240/3240/3240
f 3235/3235/3235 3241/3241/3241 3240/3240/3240
f 3242/3242/3242 3241/3241/3241 3235/3235/3235
f 3236/3236/3236 3242/3242/3242 3235/3235/3235
f 3187/3187/3187 3237/3237/3237 3190/3190/3190
f 3187/3187/3187 3238/3238/3238 3237/3237/3237
f 3239/3239/3239 3243/3243/3243 3191/3191/3191
f 3243/3243/3243 3244/3244/3244 3191/3191/3191
f 3245/3245/3245 3243/3243/3243 3239/3239/3239
f 3240/3240/3240 3245/3245/3245 3239/3239/3239
f 3246/3246/3246 3245/3245/3245 3240/3240/3240
f 3241/3241/3241 3246/3246/3246 3240/3240/3240
f 3247/3247/3247 3246/3246/3246 3241/3241/3241
f 3242/3242/3242 3247/3247/3247 3241/3241/3241
f 3191/3191/3191 3244/3244/3244 3189/3189/3189
f 3244/3244/3244 3248/3248/3248 3189/3189/3189
f 3187/3187/3187 3249/3249/3249 3238/3238/3238
f 3189/3189/3189 3248/3248/3248 3188/3188/3188
f 3248/3248/3248 3250/3250/3250 3188/3188/3188
f 3245/3245/3245 3251/3251/3251 3243/3243/3243
f 3251/3251/3251 3252/3252/3252 3243/3243/3243
f 3243/3243/3243 3252/3252/3252 3244/3244/3244
f 3252/3252/3252 3253/3253/3253 3244/3244/3244
f 3244/3244/3244 3253/3253/3253 3248/3248/3248
f 3254/3254/3254 3251/3251/3251 3245/3245/3245
f 3246/3246/3246 3254/3254/3254 3245/3245/3245
f 3255/3255/3255 3254/3254/3254 3246/3246/3246
f 3247/3247/3247 3255/3255/3255 3246/3246/3246
f 3253/3253/3253 3256/3256/3256 3248/3248/3248
f 3248/3248/3248 3256/3256/3256 3250/3250/3250
f 3188/3188/3188 3250/3250/3250 3257/3257/3257
f 3257/3257/3257 3185/3185/3185 3188/3188/3188
f 3185/3185/3185 3257/3257/3257 3184/3184/3184
f 3256/3256/3256 3258/3258/3258 3250/3250/3250
f 3250/3250/3250 3258/3258/3258 3257/3257/3257
f 3254/3254/3254 3259/3259/3259 3251/3251/3251
f 3259/3259/3259 3260/3260/3260 3251/3251/3251
f 3251/3251/3251 3260/3260/3260 3252/3252/3252
f 3260/3260/3260 3261/3261/3261 3252/3252/3252
f 3252/3252/3252 3261/3261/3261 3253/3253/3253
f 3261/3261/3261 3262/3262/3262 3253/3253/3253
f 3253/3253/3253 3262/3262/3262 3256/3256/3256
f 3263/3263/3263 3259/3259/3259 3254/3254/3254
f 3255/3255/3255 3263/3263/3263 3254/3254/3254
f 3262/3262/3262 3264/3264/3264 3256/3256/3256
f 3256/3256/3256 3264/3264/3264 3258/3258/3258
f 3258/3258/3258 3265/3265/3265 3257/3257/3257
f 3257/3257/3257 3265/3265/3265 3184/3184/3184
f 3265/3265/3265 3266/3266/3266 3184/3184/3184
f 3264/3264/3264 3267/3267/3267 3258/3258/3258
f 3258/3258/3258 3267/3267/3267 3265/3265/3265
f 3263/3263/3263 3268/3268/3268 3259/3259/3259
f 3268/3268/3268 3269/3269/3269 3259/3259/3259
f 3259/3259/3259 3269/3269/3269 3260/3260/3260
f 3269/3269/3269 3270/3270/3270 3260/3260/3260
f 3260/3260/3260 3270/3270/3270 3261/3261/3261
f 3270/3270/3270 3271/3271/3271 3261/3261/3261
f 3261/3261/3261 3271/3271/3271 3262/3262/3262
f 3271/3271/3271 3272/3272/3272 3262/3262/3262
f 3262/3262/3262 3272/3272/3272 3264/3264/3264
f 3272/3272/3272 3273/3273/3273 3264/3264/3264
f 3264/3264/3264 3273/3273/3273 3267/3267/3267
f 3267/3267/3267 3274/3274/3274 3265/3265/3265
f 3265/3265/3265 3274/3274/3274 3266/3266/3266
f 3274/3274/3274 3275/3275/3275 3266/3266/3266
f 3273/3273/3273 3276/3276/3276 3267/3267/3267
f 3268/3268/3268 3277/3277/3277 3269/3269/3269
f 3277/3277/3277 3278/3278/3278 3269/3269/3269
f 3269/3269/3269 3278/3278/3278 3270/3270/3270
f 3278/3278/3278 3279/3279/3279 3270/3270/3270
f 3270/3270/3270 3279/3279/3279 3271/3271/3271
f 3279/3279/3279 3280/3280/3280 3271/3271/3271
f 3271/3271/3271 3280/3280/3280 3272/3272/3272
f 3280/3280/3280 3281/3281/3281 3272/3272/3272
f 3272/3272/3272 3281/3281/3281 3273/3273/3273
f 3281/3281/3281 3282/3282/3282 3273/3273/3273
f 3273/3273/3273 3282/3282/3282 3276/3276/3276
f 3267/3267/3267 3276/3276/3276 3283/3283/3283
f 3274/3274/3274 3267/3267/3267 3283/3283/3283
f 3274/3274/3274 3283/3283/3283 3284/3284/3284
f 3275/3275/3275 3274/3274/3274 3284/3284/3284
f 3284/3284/3284 3285/3285/3285 3275/3275/3275
f 3285/3285/3285 3286/3286/3286 3275/3275/3275
f 3275/3275/3275 3286/3286/3286 3287/3287/3287
f 3266/3266/3266 3275/3275/3275 3287/3287/3287
f 3266/3266/3266 3287/3287/3287 3288/3288/3288
f 3184/3184/3184 3266/3266/3266 3288/3288/3288
f 3184/3184/3184 3288/3288/3288 3183/3183/3183
f 3183/3183/3183 3288/3288/3288 3182/3182/3182
f 3288/3288/3288 3289/3289/3289 3182/3182/3182
f 3288/3288/3288 3287/3287/3287 3289/3289/3289
f 3182/3182/3182 3289/3289/3289 3169/3169/3169
f 3289/3289/3289 3168/3168/3168 3169/3169/3169
f 3287/3287/3287 3290/3290/3290 3289/3289/3289
f 3289/3289/3289 3290/3290/3290 3168/3168/3168
f 3287/3287/3287 3286/3286/3286 3290/3290/3290
f 3290/3290/3290 3167/3167/3167 3168/3168/3168
f 3291/3291/3291 3284/3284/3284 3283/3283/3283
f 3284/3284/3284 3291/3291/3291 3292/3292/3292
f 3285/3285/3285 3284/3284/3284 3292/3292/3292
f 3286/3286/3286 3293/3293/3293 3290/3290/3290
f 3290/3290/3290 3293/3293/3293 3167/3167/3167
f 3293/3293/3293 3166/3166/3166 3167/3167/3167
f 3294/3294/3294 3293/3293/3293 3286/3286/3286
f 3292/3292/3292 3291/3291/3291 3295/3295/3295
f 3296/3296/3296 3295/3295/3295 3291/3291/3291
f 3296/3296/3296 3291/3291/3291 3283/3283/3283
f 3296/3296/3296 3283/3283/3283 3276/3276/3276
f 3296/3296/3296 3276/3276/3276 3282/3282/3282
f 3296/3296/3296 3282/3282/3282 3295/3295/3295
f 3297/3297/3297 3295/3295/3295 3282/3282/3282
f 3281/3281/3281 3297/3297/3297 3282/3282/3282
f 3298/3298/3298 3297/3297/3297 3281/3281/3281
f 3280/3280/3280 3298/3298/3298 3281/3281/3281
f 3299/3299/3299 3298/3298/3298 3280/3280/3280
f 3279/3279/3279 3299/3299/3299 3280/3280/3280
f 3279/3279/3279 3278/3278/3278 3299/3299/3299
f 3278/3278/3278 3300/3300/3300 3299/3299/3299
f 3301/3301/3301 3300/3300/3300 3278/3278/3278
f 3277/3277/3277 3301/3301/3301 3278/3278/3278
f 3300/3300/3300 3301/3301/3301 3302/3302/3302
f 3301/3301/3301 3303/3303/3303 3302/3302/3302
f 3300/3300/3300 3302/3302/3302 3304/3304/3304
f 3299/3299/3299 3300/3300/3300 3304/3304/3304
f 3299/3299/3299 3304/3304/3304 3298/3298/3298
f 3304/3304/3304 3305/3305/3305 3298/3298/3298
f 3298/3298/3298 3305/3305/3305 3306/3306/3306
f 3297/3297/3297 3298/3298/3298 3306/3306/3306
f 3297/3297/3297 3306/3306/3306 3307/3307/3307
f 3295/3295/3295 3297/3297/3297 3307/3307/3307
f 3292/3292/3292 3295/3295/3295 3307/3307/3307
f 3292/3292/3292 3307/3307/3307 3308/3308/3308
f 3292/3292/3292 3308/3308/3308 3285/3285/3285
f 3308/3308/3308 3294/3294/3294 3285/3285/3285
f 3285/3285/3285 3294/3294/3294 3286/3286/3286
f 3307/3307/3307 3157/3157/3157 3308/3308/3308
f 3307/3307/3307 3306/3306/3306 3157/3157/3157
f 3157/3157/3157 3158/3158/3158 3308/3308/3308
f 3165/3165/3165 3294/3294/3294 3308/3308/3308
f 3165/3165/3165 3308/3308/3308 3158/3158/3158
f 3293/3293/3293 3294/3294/3294 3165/3165/3165
f 3166/3166/3166 3293/3293/3293 3165/3165/3165
f 3305/3305/3305 3304/3304/3304 3162/3162/3162
f 3304/3304/3304 3161/3161/3161 3162/3162/3162
f 3160/3160/3160 3161/3161/3161 3304/3304/3304
f 3302/3302/3302 3160/3160/3160 3304/3304/3304
f 3159/3159/3159 3160/3160/3160 3302/3302/3302
f 3303/3303/3303 3159/3159/3159 3302/3302/3302
f 3306/3306/3306 3163/3163/3163 3157/3157/3157
f 3305/3305/3305 3162/3162/3162 3163/3163/3163
f 3306/3306/3306 3305/3305/3305 3163/3163/3163
f 3311/3311/3311 3310/3310/3310 3309/3309/3309
f 3312/3312/3312 3309/3309/3309 3310/3310/3310
f 3313/3313/3313 3310/3310/3310 3311/3311/3311
f 3310/3310/3310 3313/3313/3313 3314/3314/3314
f 3313/3313/3313 3315/3315/3315 3314/3314/3314
f 3314/3314/3314 3315/3315/3315 3316/3316/3316
f 3315/3315/3315 3317/3317/3317 3316/3316/3316
f 3316/3316/3316 3317/3317/3317 3318/3318/3318
f 3319/3319/3319 3316/3316/3316 3318/3318/3318
f 3310/3310/3310 3320/3320/3320 3312/3312/3312
f 3319/3319/3319 3318/3318/3318 3321/3321/3321
f 3321/3321/3321 3318/3318/3318 3322/3322/3322
f 3318/3318/3318 3323/3323/3323 3322/3322/3322
f 3322/3322/3322 3323/3323/3323 3324/3324/3324
f 3316/3316/3316 3319/3319/3319 3325/3325/3325
f 3326/3326/3326 3316/3316/3316 3325/3325/3325
f 3312/3312/3312 3320/3320/3320 3327/3327/3327
f 3321/3321/3321 3328/3328/3328 3319/3319/3319
f 3329/3329/3329 3325/3325/3325 3319/3319/3319
f 3328/3328/3328 3329/3329/3329 3319/3319/3319
f 3314/3314/3314 3316/3316/3316 3330/3330/3330
f 3316/3316/3316 3326/3326/3326 3330/3330/3330
f 3331/3331/3331 3314/3314/3314 3330/3330/3330
f 3314/3314/3314 3331/3331/3331 3310/3310/3310
f 3310/3310/3310 3332/3332/3332 3320/3320/3320
f 3331/3331/3331 3332/3332/3332 3310/3310/3310
f 3327/3327/3327 3320/3320/3320 3333/3333/3333
f 3334/3334/3334 3329/3329/3329 3328/3328/3328
f 3335/3335/3335 3329/3329/3329 3334/3334/3334
f 3336/3336/3336 3329/3329/3329 3335/3335/3335
f 3337/3337/3337 3336/3336/3336 3335/3335/3335
f 3339/3339/3339 2711/2711/2711 3338/3338/3338
f 3339/3339/3339 3340/3340/3340 2711/2711/2711
f 2711/2711/2711 3340/3340/3340 2717/2717/2717
f 3340/3340/3340 3341/3341/3341 2717/2717/2717
f 3341/3341/3341 3342/3342/3342 2717/2717/2717
f 3342/3342/3342 3343/3343/3343 2717/2717/2717
f 2717/2717/2717 3343/3343/3343 2726/2726/2726
f 3343/3343/3343 3344/3344/3344 2726/2726/2726
f 3344/3344/3344 3345/3345/3345 2726/2726/2726
f 3345/3345/3345 3346/3346/3346 2726/2726/2726
f 2726/2726/2726 3346/3346/3346 2723/2723/2723
f 3346/3346/3346 3347/3347/3347 2723/2723/2723
f 3347/3347/3347 3348/3348/3348 2723/2723/2723
f 2723/2723/2723 3348/3348/3348 2715/2715/2715
f 3348/3348/3348 3349/3349/3349 2715/2715/2715
f 3349/3349/3349 3350/3350/3350 2715/2715/2715
f 3350/3350/3350 3351/3351/3351 2715/2715/2715
f 2715/2715/2715 3351/3351/3351 2708/2708/2708
f 3351/3351/3351 3352/3352/3352 2708/2708/2708
f 3352/3352/3352 3353/3353/3353 2708/2708/2708
f 3353/3353/3353 3338/3338/3338 2708/2708/2708
f 3338/3338/3338 2711/2711/2711 2708/2708/2708
f 3356/3356/3356 3355/3355/3355 3354/3354/3354
f 3354/3354/3354 3357/3357/3357 3356/3356/3356
f 3354/3354/3354 3355/3355/3355 3358/3358/3358
f 3358/3358/3358 3355/3355/3355 3359/3359/3359
f 3354/3354/3354 3360/3360/3360 3357/3357/3357
f 3361/3361/3361 3357/3357/3357 3360/3360/3360
f 3362/3362/3362 3361/3361/3361 3360/3360/3360
f 3365/3365/3365 3364/3364/3364 3363/3363/3363
f 3366/3366/3366 3365/3365/3365 3363/3363/3363
f 3367/3367/3367 3365/3365/3365 3366/3366/3366
f 3368/3368/3368 3367/3367/3367 3366/3366/3366
f 3363/3363/3363 3364/3364/3364 3369/3369/3369
f 3369/3369/3369 3364/3364/3364 3370/3370/3370
f 3369/3369/3369 3370/3370/3370 3371/3371/3371
f 3370/3370/3370 3372/3372/3372 3371/3371/3371
f 3372/3372/3372 3373/3373/3373 3371/3371/3371
f 3373/3373/3373 3374/3374/3374 3371/3371/3371
f 3371/3371/3371 3374/3374/3374 3375/3375/3375
f 3376/3376/3376 3375/3375/3375 3374/3374/3374
f 3377/3377/3377 3375/3375/3375 3376/3376/3376
f 3378/3378/3378 3377/3377/3377 3376/3376/3376
f 3363/3363/3363 3369/3369/3369 3379/3379/3379
f 3380/3380/3380 3363/3363/3363 3379/3379/3379
f 3366/3366/3366 3363/3363/3363 3380/3380/3380
f 3381/3381/3381 3366/3366/3366 3380/3380/3380
f 3375/3375/3375 3382/3382/3382 3371/3371/3371
f 3382/3382/3382 3379/3379/3379 3369/3369/3369
f 3371/3371/3371 3382/3382/3382 3369/3369/3369
f 3368/3368/3368 3366/3366/3366 3381/3381/3381
f 3383/3383/3383 3368/3368/3368 3381/3381/3381
f 3384/3384/3384 3377/3377/3377 3378/3378/3378
f 3385/3385/3385 3384/3384/3384 3378/3378/3378
f 3384/3384/3384 3385/3385/3385 3386/3386/3386
f 3387/3387/3387 3384/3384/3384 3386/3386/3386
f 3387/3387/3387 3386/3386/3386 3388/3388/3388
f 3389/3389/3389 3387/3387/3387 3388/3388/3388
f 3389/3389/3389 3388/3388/3388 3390/3390/3390
f 3390/3390/3390 3391/3391/3391 3389/3389/3389
f 3390/3390/3390 3392/3392/3392 3391/3391/3391
f 3392/3392/3392 3393/3393/3393 3391/3391/3391
f 3393/3393/3393 3394/3394/3394 3391/3391/3391
f 3394/3394/3394 3395/3395/3395 3391/3391/3391
f 3396/3396/3396 3395/3395/3395 3394/3394/3394
f 3396/3396/3396 3397/3397/3397 3395/3395/3395
f 3396/3396/3396 3398/3398/3398 3397/3397/3397
f 3398/3398/3398 3399/3399/3399 3397/3397/3397
f 3398/3398/3398 3400/3400/3400 3399/3399/3399
f 3400/3400/3400 3401/3401/3401 3399/3399/3399
f 3395/3395/3395 3397/3397/3397 3402/3402/3402
f 3397/3397/3397 3403/3403/3403 3402/3402/3402
f 3397/3397/3397 3399/3399/3399 3403/3403/3403
f 3399/3399/3399 3404/3404/3404 3403/3403/3403
f 3399/3399/3399 3401/3401/3401 3404/3404/3404
f 3405/3405/3405 3389/3389/3389 3391/3391/3391
f 3405/3405/3405 3391/3391/3391 3395/3395/3395
f 3402/3402/3402 3405/3405/3405 3395/3395/3395
f 3401/3401/3401 3406/3406/3406 3404/3404/3404
f 3409/3409/3409 3408/3408/3408 3407/3407/3407
f 3409/3409/3409 3407/3407/3407 3410/3410/3410
f 3411/3411/3411 3409/3409/3409 3410/3410/3410
f 3411/3411/3411 3412/3412/3412 3409/3409/3409
f 3408/3408/3408 3413/3413/3413 3407/3407/3407
f 3414/3414/3414 3412/3412/3412 3411/3411/3411
f 3415/3415/3415 3412/3412/3412 3414/3414/3414
f 3416/3416/3416 3415/3415/3415 3414/3414/3414
f 3417/3417/3417 3415/3415/3415 3416/3416/3416
f 3418/3418/3418 3417/3417/3417 3416/3416/3416
f 3419/3419/3419 3417/3417/3417 3418/3418/3418
f 3420/3420/3420 3419/3419/3419 3418/3418/3418
f 3420/3420/3420 3421/3421/3421 3419/3419/3419
f 3422/3422/3422 3411/3411/3411 3410/3410/3410
f 3423/3423/3423 3422/3422/3422 3410/3410/3410
f 3424/3424/3424 3414/3414/3414 3411/3411/3411
f 3422/3422/3422 3424/3424/3424 3411/3411/3411
f 3420/3420/3420 3425/3425/3425 3421/3421/3421
f 3426/3426/3426 3416/3416/3416 3414/3414/3414
f 3424/3424/3424 3426/3426/3426 3414/3414/3414
f 3427/3427/3427 3418/3418/3418 3416/3416/3416
f 3426/3426/3426 3427/3427/3427 3416/3416/3416
f 3428/3428/3428 3420/3420/3420 3418/3418/3418
f 3427/3427/3427 3428/3428/3428 3418/3418/3418
f 3429/3429/3429 3420/3420/3420 3428/3428/3428
f 3429/3429/3429 3425/3425/3425 3420/3420/3420
f 3432/3432/3432 3431/3431/3431 3430/3430/3430
f 3432/3432/3432 3430/3430/3430 3433/3433/3433
f 3432/3432/3432 3433/3433/3433 3434/3434/3434
f 3435/3435/3435 3432/3432/3432 3434/3434/3434
f 3436/3436/3436 3432/3432/3432 3435/3435/3435
f 3437/3437/3437 3432/3432/3432 3436/3436/3436
f 3438/3438/3438 3432/3432/3432 3437/3437/3437
f 3438/3438/3438 3439/3439/3439 3432/3432/3432
f 3439/3439/3439 3440/3440/3440 3432/3432/3432
f 3440/3440/3440 3441/3441/3441 3432/3432/3432
f 3441/3441/3441 3442/3442/3442 3432/3432/3432
f 3442/3442/3442 3443/3443/3443 3432/3432/3432
f 3443/3443/3443 3444/3444/3444 3432/3432/3432
f 3444/3444/3444 3445/3445/3445 3432/3432/3432
f 3448/3448/3448 3447/3447/3447 3446/3446/3446
f 3449/3449/3449 3448/3448/3448 3446/3446/3446
f 3448/3448/3448 3450/3450/3450 3447/3447/3447
f 3450/3450/3450 3451/3451/3451 3447/3447/3447
f 3450/3450/3450 3452/3452/3452 3451/3451/3451
f 3452/3452/3452 3453/3453/3453 3451/3451/3451
f 3452/3452/3452 3454/3454/3454 3453/3453/3453
f 3454/3454/3454 3455/3455/3455 3453/3453/3453
f 3454/3454/3454 3456/3456/3456 3455/3455/3455
f 3456/3456/3456 3457/3457/3457 3455/3455/3455
f 3456/3456/3456 3458/3458/3458 3457/3457/3457
f 3458/3458/3458 3459/3459/3459 3457/3457/3457
f 3458/3458/3458 3460/3460/3460 3459/3459/3459
f 3460/3460/3460 3461/3461/3461 3459/3459/3459
f 3460/3460/3460 3462/3462/3462 3461/3461/3461
f 3462/3462/3462 3463/3463/3463 3461/3461/3461
f 3465/3465/3465 3464/3464/3464 3449/3449/3449
f 3464/3464/3464 3465/3465/3465 3466/3466/3466
f 3467/3467/3467 3464/3464/3464 3466/3466/3466
f 3467/3467/3467 3466/3466/3466 3468/3468/3468
f 3469/3469/3469 3467/3467/3467 3468/3468/3468
f 3469/3469/3469 3468/3468/3468 3470/3470/3470
f 3471/3471/3471 3469/3469/3469 3470/3470/3470
f 3471/3471/3471 3470/3470/3470 3472/3472/3472
f 3473/3473/3473 3471/3471/3471 3472/3472/3472
f 3473/3473/3473 3472/3472/3472 3474/3474/3474
f 3475/3475/3475 3473/3473/3473 3474/3474/3474
f 3475/3475/3475 3474/3474/3474 3476/3476/3476
f 3477/3477/3477 3475/3475/3475 3476/3476/3476
f 3476/3476/3476 3478/3478/3478 3477/3477/3477
f 3478/3478/3478 3479/3479/3479 3477/3477/3477
f 3446/3446/3446 3465/3465/3465 3449/3449/3449
f 3482/3482/3482 3481/3481/3481 3480/3480/3480
f 3483/3483/3483 3482/3482/3482 3480/3480/3480
f 3480/3480/3480 3481/3481/3481 3484/3484/3484
f 3485/3485/3485 3480/3480/3480 3484/3484/3484
f 3485/3485/3485 3484/3484/3484 3486/3486/3486
f 3484/3484/3484 3487/3487/3487 3486/3486/3486
f 3482/3482/3482 3483/3483/3483 3488/3488/3488
f 3483/3483/3483 3489/3489/3489 3488/3488/3488
f 3486/3486/3486 3487/3487/3487 3490/3490/3490
f 3487/3487/3487 3491/3491/3491 3490/3490/3490
f 3488/3488/3488 3489/3489/3489 3492/3492/3492
f 3489/3489/3489 3493/3493/3493 3492/3492/3492
f 3491/3491/3491 3494/3494/3494 3490/3490/3490
f 3494/3494/3494 3495/3495/3495 3490/3490/3490
f 3493/3493/3493 3496/3496/3496 3492/3492/3492
f 3496/3496/3496 3497/3497/3497 3492/3492/3492
f 3496/3496/3496 3498/3498/3498 3497/3497/3497
f 3498/3498/3498 3499/3499/3499 3497/3497/3497
f 2511/2511/2511 3500/3500/3500 2512/2512/2512
f 2521/2521/2521 2512/2512/2512 3500/3500/3500
f 3501/3501/3501 2521/2521/2521 3500/3500/3500
f 3504/3504/3504 3503/3503/3503 3502/3502/3502
f 3505/3505/3505 3504/3504/3504 3502/3502/3502
f 3503/3503/3503 3506/3506/3506 3502/3502/3502
f 3506/3506/3506 3507/3507/3507 3502/3502/3502
f 3510/3510/3510 3509/3509/3509 3508/3508/3508
f 3511/3511/3511 3510/3510/3510 3508/3508/3508
f 3512/3512/3512 3510/3510/3510 3511/3511/3511
f 3513/3513/3513 3512/3512/3512 3511/3511/3511
f 3514/3514/3514 3512/3512/3512 3513/3513/3513
f 3514/3514/3514 3515/3515/3515 3512/3512/3512
f 3516/3516/3516 3512/3512/3512 3515/3515/3515
f 3517/3517/3517 3516/3516/3516 3515/3515/3515
f 3518/3518/3518 3516/3516/3516 3517/3517/3517
f 3519/3519/3519 3518/3518/3518 3517/3517/3517
f 3520/3520/3520 3518/3518/3518 3519/3519/3519
f 3521/3521/3521 3520/3520/3520 3519/3519/3519
f 3522/3522/3522 3520/3520/3520 3521/3521/3521
f 3523/3523/3523 3522/3522/3522 3521/3521/3521
f 3522/3522/3522 3523/3523/3523 3524/3524/3524
f 3523/3523/3523 3525/3525/3525 3524/3524/3524
f 3526/3526/3526 3524/3524/3524 3525/3525/3525
f 3527/3527/3527 3526/3526/3526 3525/3525/3525
f 3528/3528/3528 3526/3526/3526 3527/3527/3527
f 3529/3529/3529 3526/3526/3526 3528/3528/3528
f 3530/3530/3530 3529/3529/3529 3528/3528/3528
f 3531/3531/3531 3529/3529/3529 3530/3530/3530
f 3532/3532/3532 3531/3531/3531 3530/3530/3530
f 3533/3533/3533 3531/3531/3531 3532/3532/3532
f 3534/3534/3534 3531/3531/3531 3533/3533/3533
f 3533/3533/3533 3535/3535/3535 3534/3534/3534
f 3535/3535/3535 3536/3536/3536 3534/3534/3534
f 3535/3535/3535 3537/3537/3537 3536/3536/3536
f 3537/3537/3537 3538/3538/3538 3536/3536/3536
f 3541/3541/3541 3540/3540/3540 3539/3539/3539
f 3542/3542/3542 3540/3540/3540 3541/3541/3541
f 3541/3541/3541 3539/3539/3539 3543/3543/3543
f 3544/3544/3544 3542/3542/3542 3541/3541/3541
f 3543/3543/3543 3545/3545/3545 3541/3541/3541
f 3541/3541/3541 3545/3545/3545 3544/3544/3544
f 3546/3546/3546 3545/3545/3545 3543/3543/3543
f 3546/3546/3546 3544/3544/3544 3545/3545/3545
f 3546/3546/3546 3547/3547/3547 3544/3544/3544
f 3546/3546/3546 3543/3543/3543 3548/3548/3548
f 3546/3546/3546 3549/3549/3549 3547/3547/3547
f 3546/3546/3546 3548/3548/3548 3549/3549/3549
f 3552/3552/3552 3551/3551/3551 3550/3550/3550
f 3551/3551/3551 3553/3553/3553 3550/3550/3550
f 3551/3551/3551 3552/3552/3552 3554/3554/3554
f 3555/3555/3555 3553/3553/3553 3551/3551/3551
f 3554/3554/3554 3556/3556/3556 3551/3551/3551
f 3551/3551/3551 3556/3556/3556 3555/3555/3555
f 3557/3557/3557 3556/3556/3556 3554/3554/3554
f 3555/3555/3555 3556/3556/3556 3557/3557/3557
f 3557/3557/3557 3554/3554/3554 3558/3558/3558
f 3557/3557/3557 3559/3559/3559 3555/3555/3555
f 3558/3558/3558 3560/3560/3560 3557/3557/3557
f 3557/3557/3557 3560/3560/3560 3559/3559/3559
f 3563/3563/3563 3562/3562/3562 3561/3561/3561
f 3564/3564/3564 3563/3563/3563 3561/3561/3561
f 3565/3565/3565 3563/3563/3563 3564/3564/3564
f 3566/3566/3566 3565/3565/3565 3564/3564/3564
f 2799/2799/2799 3567/3567/3567 2802/2802/2802
f 2799/2799/2799 2797/2797/2797 3567/3567/3567
f 2797/2797/2797 3568/3568/3568 3567/3567/3567
f 2797/2797/2797 2796/2796/2796 3568/3568/3568
f 2796/2796/2796 3569/3569/3569 3568/3568/3568
f 2796/2796/2796 2794/2794/2794 3569/3569/3569
f 2794/2794/2794 3570/3570/3570 3569/3569/3569
f 2794/2794/2794 2792/2792/2792 3570/3570/3570
f 2792/2792/2792 3571/3571/3571 3570/3570/3570
f 2792/2792/2792 2790/2790/2790 3571/3571/3571
f 2790/2790/2790 3572/3572/3572 3571/3571/3571
f 2790/2790/2790 2788/2788/2788 3572/3572/3572
f 2788/2788/2788 3573/3573/3573 3572/3572/3572
f 2788/2788/2788 3574/3574/3574 3573/3573/3573
f 2786/2786/2786 3574/3574/3574 2788/2788/2788
f 3574/3574/3574 3575/3575/3575 3573/3573/3573
f 2786/2786/2786 3576/3576/3576 3574/3574/3574
f 2784/2784/2784 3576/3576/3576 2786/2786/2786
f 3576/3576/3576 3577/3577/3577 3574/3574/3574
f 3574/3574/3574 3577/3577/3577 3575/3575/3575
f 3577/3577/3577 3578/3578/3578 3575/3575/3575
f 2784/2784/2784 3579/3579/3579 3576/3576/3576
f 2782/2782/2782 3579/3579/3579 2784/2784/2784
f 3579/3579/3579 3580/3580/3580 3576/3576/3576
f 3576/3576/3576 3580/3580/3580 3581/3581/3581
f 3577/3577/3577 3576/3576/3576 3581/3581/3581
f 3577/3577/3577 3581/3581/3581 3578/3578/3578
f 3581/3581/3581 3582/3582/3582 3578/3578/3578
f 2782/2782/2782 2781/2781/2781 3579/3579/3579
f 2781/2781/2781 3583/3583/3583 3579/3579/3579
f 3579/3579/3579 3583/3583/3583 3580/3580/3580
f 3583/3583/3583 3584/3584/3584 3580/3580/3580
f 3580/3580/3580 3584/3584/3584 3585/3585/3585
f 3581/3581/3581 3580/3580/3580 3585/3585/3585
f 3581/3581/3581 3585/3585/3585 3586/3586/3586
f 3582/3582/3582 3581/3581/3581 3586/3586/3586
f 2781/2781/2781 2780/2780/2780 3583/3583/3583
f 2780/2780/2780 3587/3587/3587 3583/3583/3583
f 3583/3583/3583 3587/3587/3587 3584/3584/3584
f 3587/3587/3587 3588/3588/3588 3584/3584/3584
f 3586/3586/3586 3585/3585/3585 3589/3589/3589
f 3585/3585/3585 3590/3590/3590 3589/3589/3589
f 3584/3584/3584 3588/3588/3588 3590/3590/3590
f 3585/3585/3585 3584/3584/3584 3590/3590/3590
f 2780/2780/2780 3591/3591/3591 3587/3587/3587
f 2771/2771/2771 3591/3591/3591 2780/2780/2780
f 3591/3591/3591 3592/3592/3592 3587/3587/3587
f 3592/3592/3592 3588/3588/3588 3587/3587/3587
f 3589/3589/3589 3590/3590/3590 3593/3593/3593
f 3590/3590/3590 3594/3594/3594 3593/3593/3593
f 3588/3588/3588 3592/3592/3592 3594/3594/3594
f 3590/3590/3590 3588/3588/3588 3594/3594/3594
f 2771/2771/2771 2776/2776/2776 3591/3591/3591
f 2776/2776/2776 3595/3595/3595 3591/3591/3591
f 3595/3595/3595 3594/3594/3594 3592/3592/3592
f 3591/3591/3591 3595/3595/3595 3592/3592/3592
f 3594/3594/3594 3595/3595/3595 3596/3596/3596
f 3593/3593/3593 3594/3594/3594 3596/3596/3596
f 3595/3595/3595 2776/2776/2776 3596/3596/3596
f 2776/2776/2776 2779/2779/2779 3596/3596/3596
f 2554/2554/2554 2475/2475/2475 2476/2476/2476
f 3599/3599/3599 3598/3598/3598 3597/3597/3597
f 3600/3600/3600 3599/3599/3599 3597/3597/3597
f 3597/3597/3597 2973/2973/2973 3600/3600/3600
f 2973/2973/2973 2974/2974/2974 3600/3600/3600
f 3601/3601/3601 3598/3598/3598 3599/3599/3599
f 3599/3599/3599 3602/3602/3602 3601/3601/3601
f 2973/2973/2973 3597/3597/3597 2977/2977/2977
f 3597/3597/3597 3603/3603/3603 2977/2977/2977
f 3597/3597/3597 3598/3598/3598 3603/3603/3603
f 3598/3598/3598 3604/3604/3604 3603/3603/3603
f 3601/3601/3601 3605/3605/3605 3598/3598/3598
f 3605/3605/3605 3604/3604/3604 3598/3598/3598
f 3605/3605/3605 3606/3606/3606 3604/3604/3604
f 3605/3605/3605 3607/3607/3607 3606/3606/3606
f 3605/3605/3605 3608/3608/3608 3607/3607/3607
f 3609/3609/3609 3607/3607/3607 3608/3608/3608
f 3608/3608/3608 3610/3610/3610 3609/3609/3609
f 3607/3607/3607 3609/3609/3609 3611/3611/3611
f 3607/3607/3607 3612/3612/3612 3606/3606/3606
f 3607/3607/3607 3611/3611/3611 3613/3613/3613
f 3607/3607/3607 3613/3613/3613 3612/3612/3612
f 3614/3614/3614 3612/3612/3612 3613/3613/3613
f 3614/3614/3614 3613/3613/3613 3615/3615/3615
f 3615/3615/3615 3616/3616/3616 3614/3614/3614
f 3615/3615/3615 3617/3617/3617 3616/3616/3616
f 3616/3616/3616 3618/3618/3618 3614/3614/3614
f 3618/3618/3618 3619/3619/3619 3614/3614/3614
f 3620/3620/3620 3619/3619/3619 3618/3618/3618
f 3619/3619/3619 3620/3620/3620 3621/3621/3621
f 3622/3622/3622 3621/3621/3621 3620/3620/3620
f 3622/3622/3622 3620/3620/3620 3623/3623/3623
f 3622/3622/3622 3623/3623/3623 3624/3624/3624
f 3623/3623/3623 3625/3625/3625 3624/3624/3624
f 3624/3624/3624 3625/3625/3625 3626/3626/3626
f 3625/3625/3625 3627/3627/3627 3626/3626/3626
f 3627/3627/3627 3628/3628/3628 3626/3626/3626
f 3627/3627/3627 3629/3629/3629 3628/3628/3628
f 3629/3629/3629 3630/3630/3630 3628/3628/3628
f 3631/3631/3631 3630/3630/3630 3629/3629/3629
f 3632/3632/3632 3631/3631/3631 3629/3629/3629
f 3632/3632/3632 3179/3179/3179 3631/3631/3631
f 3179/3179/3179 3180/3180/3180 3631/3631/3631
f 3635/3635/3635 3634/3634/3634 3633/3633/3633
f 3633/3633/3633 3636/3636/3636 3635/3635/3635
f 3635/3635/3635 3637/3637/3637 3634/3634/3634
f 3637/3637/3637 3635/3635/3635 3638/3638/3638
f 3639/3639/3639 3637/3637/3637 3638/3638/3638
f 3639/3639/3639 3638/3638/3638 3640/3640/3640
f 3641/3641/3641 3639/3639/3639 3640/3640/3640
f 3641/3641/3641 3640/3640/3640 3642/3642/3642
f 3640/3640/3640 3643/3643/3643 3642/3642/3642
f 3644/3644/3644 3635/3635/3635 3636/3636/3636
f 3642/3642/3642 3643/3643/3643 3645/3645/3645
f 3642/3642/3642 3645/3645/3645 3646/3646/3646
f 3647/3647/3647 3642/3642/3642 3646/3646/3646
f 3647/3647/3647 3646/3646/3646 3648/3648/3648
f 3643/3643/3643 3640/3640/3640 3649/3649/3649
f 3640/3640/3640 3650/3650/3650 3649/3649/3649
f 3644/3644/3644 3636/3636/3636 3651/3651/3651
f 3652/3652/3652 3645/3645/3645 3643/3643/3643
f 3649/3649/3649 3653/3653/3653 3643/3643/3643
f 3653/3653/3653 3652/3652/3652 3643/3643/3643
f 3640/3640/3640 3638/3638/3638 3654/3654/3654
f 3650/3650/3650 3640/3640/3640 3654/3654/3654
f 3638/3638/3638 3655/3655/3655 3654/3654/3654
f 3655/3655/3655 3638/3638/3638 3635/3635/3635
f 3656/3656/3656 3635/3635/3635 3644/3644/3644
f 3656/3656/3656 3655/3655/3655 3635/3635/3635
f 3644/3644/3644 3651/3651/3651 3657/3657/3657
f 3653/3653/3653 3658/3658/3658 3652/3652/3652
f 3653/3653/3653 3659/3659/3659 3658/3658/3658
f 3653/3653/3653 3660/3660/3660 3659/3659/3659
f 3660/3660/3660 3661/3661/3661 3659/3659/3659
f 2856/2856/2856 3663/3663/3663 3662/3662/3662
f 3664/3664/3664 3663/3663/3663 2856/2856/2856
f 3664/3664/3664 2856/2856/2856 2858/2858/2858
f 3665/3665/3665 3664/3664/3664 2858/2858/2858
f 3666/3666/3666 3665/3665/3665 2858/2858/2858
f 3667/3667/3667 3666/3666/3666 2858/2858/2858
f 3667/3667/3667 2858/2858/2858 2859/2859/2859
f 3668/3668/3668 3667/3667/3667 2859/2859/2859
f 3669/3669/3669 3668/3668/3668 2859/2859/2859
f 3670/3670/3670 3669/3669/3669 2859/2859/2859
f 3670/3670/3670 2859/2859/2859 2861/2861/2861
f 3671/3671/3671 3670/3670/3670 2861/2861/2861
f 3672/3672/3672 3671/3671/3671 2861/2861/2861
f 3672/3672/3672 2861/2861/2861 2793/2793/2793
f 3673/3673/3673 3672/3672/3672 2793/2793/2793
f 3674/3674/3674 3673/3673/3673 2793/2793/2793
f 3675/3675/3675 3674/3674/3674 2793/2793/2793
f 3675/3675/3675 2793/2793/2793 2795/2795/2795
f 3676/3676/3676 3675/3675/3675 2795/2795/2795
f 3677/3677/3677 3676/3676/3676 2795/2795/2795
f 3662/3662/3662 3677/3677/3677 2795/2795/2795
f 2856/2856/2856 3662/3662/3662 2795/2795/2795
f 3680/3680/3680 3679/3679/3679 3678/3678/3678
f 3681/3681/3681 3678/3678/3678 3679/3679/3679
f 3680/3680/3680 3678/3678/3678 3682/3682/3682
f 3680/3680/3680 3682/3682/3682 3683/3683/3683
f 3684/3684/3684 3678/3678/3678 3681/3681/3681
f 3681/3681/3681 3685/3685/3685 3684/3684/3684
f 3685/3685/3685 3686/3686/3686 3684/3684/3684
f 3689/3689/3689 3688/3688/3688 3687/3687/3687
f 3687/3687/3687 3688/3688/3688 3690/3690/3690
f 3688/3688/3688 3691/3691/3691 3690/3690/3690
f 3692/3692/3692 3691/3691/3691 3688/3688/3688
f 3693/3693/3693 3689/3689/3689 3687/3687/3687
f 3692/3692/3692 3694/3694/3694 3691/3691/3691
f 3692/3692/3692 3695/3695/3695 3694/3694/3694
f 3695/3695/3695 3696/3696/3696 3694/3694/3694
f 3695/3695/3695 3697/3697/3697 3696/3696/3696
f 3697/3697/3697 3698/3698/3698 3696/3696/3696
f 3697/3697/3697 3699/3699/3699 3698/3698/3698
f 3699/3699/3699 3700/3700/3700 3698/3698/3698
f 3701/3701/3701 3700/3700/3700 3699/3699/3699
f 3691/3691/3691 3702/3702/3702 3690/3690/3690
f 3702/3702/3702 3703/3703/3703 3690/3690/3690
f 3704/3704/3704 3702/3702/3702 3691/3691/3691
f 3694/3694/3694 3704/3704/3704 3691/3691/3691
f 3705/3705/3705 3700/3700/3700 3701/3701/3701
f 3706/3706/3706 3704/3704/3704 3694/3694/3694
f 3696/3696/3696 3706/3706/3706 3694/3694/3694
f 3707/3707/3707 3706/3706/3706 3696/3696/3696
f 3698/3698/3698 3707/3707/3707 3696/3696/3696
f 3700/3700/3700 3708/3708/3708 3698/3698/3698
f 3708/3708/3708 3707/3707/3707 3698/3698/3698
f 3700/3700/3700 3705/3705/3705 3709/3709/3709
f 3700/3700/3700 3709/3709/3709 3708/3708/3708
f 3712/3712/3712 3711/3711/3711 3710/3710/3710
f 3710/3710/3710 3711/3711/3711 3713/3713/3713
f 3713/3713/3713 3711/3711/3711 3714/3714/3714
f 3711/3711/3711 3715/3715/3715 3714/3714/3714
f 3711/3711/3711 3716/3716/3716 3715/3715/3715
f 3711/3711/3711 3717/3717/3717 3716/3716/3716
f 3711/3711/3711 3718/3718/3718 3717/3717/3717
f 3719/3719/3719 3718/3718/3718 3711/3711/3711
f 3720/3720/3720 3719/3719/3719 3711/3711/3711
f 3721/3721/3721 3720/3720/3720 3711/3711/3711
f 3722/3722/3722 3721/3721/3721 3711/3711/3711
f 3723/3723/3723 3722/3722/3722 3711/3711/3711
f 3724/3724/3724 3723/3723/3723 3711/3711/3711
f 3725/3725/3725 3724/3724/3724 3711/3711/3711
f 3728/3728/3728 3727/3727/3727 3726/3726/3726
f 3729/3729/3729 3728/3728/3728 3726/3726/3726
f 3730/3730/3730 3728/3728/3728 3729/3729/3729
f 3731/3731/3731 3730/3730/3730 3729/3729/3729
f 3732/3732/3732 3730/3730/3730 3731/3731/3731
f 3733/3733/3733 3732/3732/3732 3731/3731/3731
f 3734/3734/3734 3732/3732/3732 3733/3733/3733
f 3735/3735/3735 3734/3734/3734 3733/3733/3733
f 3736/3736/3736 3734/3734/3734 3735/3735/3735
f 3737/3737/3737 3736/3736/3736 3735/3735/3735
f 3738/3738/3738 3736/3736/3736 3737/3737/3737
f 3739/3739/3739 3738/3738/3738 3737/3737/3737
f 3740/3740/3740 3738/3738/3738 3739/3739/3739
f 3741/3741/3741 3740/3740/3740 3739/3739/3739
f 3742/3742/3742 3740/3740/3740 3741/3741/3741
f 3743/3743/3743 3742/3742/3742 3741/3741/3741
f 3746/3746/3746 3745/3745/3745 3744/3744/3744
f 3747/3747/3747 3746/3746/3746 3744/3744/3744
f 3748/3748/3748 3744/3744/3744 3745/3745/3745
f 3749/3749/3749 3748/3748/3748 3745/3745/3745
f 3750/3750/3750 3748/3748/3748 3749/3749/3749
f 3751/3751/3751 3750/3750/3750 3749/3749/3749
f 3752/3752/3752 3750/3750/3750 3751/3751/3751
f 3753/3753/3753 3752/3752/3752 3751/3751/3751
f 3754/3754/3754 3752/3752/3752 3753/3753/3753
f 3755/3755/3755 3754/3754/3754 3753/3753/3753
f 3756/3756/3756 3754/3754/3754 3755/3755/3755
f 3757/3757/3757 3756/3756/3756 3755/3755/3755
f 3758/3758/3758 3756/3756/3756 3757/3757/3757
f 3759/3759/3759 3758/3758/3758 3757/3757/3757
f 3758/3758/3758 3759/3759/3759 3727/3727/3727
f 3759/3759/3759 3726/3726/3726 3727/3727/3727
f 3762/3762/3762 3761/3761/3761 3760/3760/3760
f 3763/3763/3763 3762/3762/3762 3760/3760/3760
f 3764/3764/3764 3762/3762/3762 3763/3763/3763
f 3765/3765/3765 3764/3764/3764 3763/3763/3763
f 3764/3764/3764 3765/3765/3765 3766/3766/3766
f 3765/3765/3765 3767/3767/3767 3766/3766/3766
f 3768/3768/3768 3766/3766/3766 3767/3767/3767
f 3769/3769/3769 3768/3768/3768 3767/3767/3767
f 3760/3760/3760 3770/3770/3770 3763/3763/3763
f 3770/3770/3770 3771/3771/3771 3763/3763/3763
f 3767/3767/3767 3772/3772/3772 3769/3769/3769
f 3772/3772/3772 3767/3767/3767 3765/3765/3765
f 3772/3772/3772 3773/3773/3773 3769/3769/3769
f 3774/3774/3774 3772/3772/3772 3765/3765/3765
f 3774/3774/3774 3765/3765/3765 3763/3763/3763
f 3771/3771/3771 3774/3774/3774 3763/3763/3763
f 3777/3777/3777 3776/3776/3776 3775/3775/3775
f 3778/3778/3778 3777/3777/3777 3775/3775/3775
f 3779/3779/3779 3777/3777/3777 3778/3778/3778
f 3780/3780/3780 3779/3779/3779 3778/3778/3778
f 3779/3779/3779 3780/3780/3780 3781/3781/3781
f 3780/3780/3780 3782/3782/3782 3781/3781/3781
f 3777/3777/3777 3783/3783/3783 3776/3776/3776
f 3783/3783/3783 3777/3777/3777 3779/3779/3779
f 3783/3783/3783 3784/3784/3784 3776/3776/3776
f 3785/3785/3785 3779/3779/3779 3781/3781/3781
f 3785/3785/3785 3783/3783/3783 3779/3779/3779
f 3786/3786/3786 3785/3785/3785 3781/3781/3781
f 3789/3789/3789 3788/3788/3788 3787/3787/3787
f 3790/3790/3790 3789/3789/3789 3787/3787/3787
f 3791/3791/3791 3789/3789/3789 3790/3790/3790
f 3792/3792/3792 3791/3791/3791 3790/3790/3790
f 3791/3791/3791 3792/3792/3792 3793/3793/3793
f 3792/3792/3792 3794/3794/3794 3793/3793/3793
f 3795/3795/3795 3793/3793/3793 3794/3794/3794
f 3796/3796/3796 3795/3795/3795 3794/3794/3794
f 3797/3797/3797 3795/3795/3795 3796/3796/3796
f 3798/3798/3798 3797/3797/3797 3796/3796/3796
f 3798/3798/3798 3792/3792/3792 3790/3790/3790
f 3794/3794/3794 3792/3792/3792 3798/3798/3798
f 3796/3796/3796 3794/3794/3794 3798/3798/3798
f 3797/3797/3797 3798/3798/3798 3799/3799/3799
f 3798/3798/3798 3800/3800/3800 3799/3799/3799
f 3800/3800/3800 3798/3798/3798 3790/3790/3790
f 3799/3799/3799 3800/3800/3800 3801/3801/3801
f 3800/3800/3800 3802/3802/3802 3801/3801/3801
f 3802/3802/3802 3800/3800/3800 3790/3790/3790
f 3787/3787/3787 3802/3802/3802 3790/3790/3790
f 3805/3805/3805 3804/3804/3804 3803/3803/3803
f 3806/3806/3806 3805/3805/3805 3803/3803/3803
f 3803/3803/3803 3804/3804/3804 3807/3807/3807
f 3808/3808/3808 3803/3803/3803 3807/3807/3807
f 3809/3809/3809 3808/3808/3808 3807/3807/3807
f 3810/3810/3810 3809/3809/3809 3807/3807/3807
f 3813/3813/3813 3812/3812/3812 3811/3811/3811
f 3814/3814/3814 3813/3813/3813 3811/3811/3811
f 3815/3815/3815 3813/3813/3813 3814/3814/3814
f 3816/3816/3816 3815/3815/3815 3814/3814/3814
f 3817/3817/3817 3815/3815/3815 3816/3816/3816
f 3818/3818/3818 3817/3817/3817 3816/3816/3816
f 3818/3818/3818 3816/3816/3816 3819/3819/3819
f 3820/3820/3820 3818/3818/3818 3819/3819/3819
f 3820/3820/3820 3819/3819/3819 3821/3821/3821
f 3822/3822/3822 3820/3820/3820 3821/3821/3821
f 3821/3821/3821 3819/3819/3819 3823/3823/3823
f 3819/3819/3819 3824/3824/3824 3823/3823/3823
f 3816/3816/3816 3814/3814/3814 3824/3824/3824
f 3819/3819/3819 3816/3816/3816 3824/3824/3824
f 3823/3823/3823 3824/3824/3824 3825/3825/3825
f 3824/3824/3824 3826/3826/3826 3825/3825/3825
f 3814/3814/3814 3811/3811/3811 3826/3826/3826
f 3824/3824/3824 3814/3814/3814 3826/3826/3826
f 3823/3823/3823 3825/3825/3825 3827/3827/3827
f 3828/3828/3828 3823/3823/3823 3827/3827/3827
f 3828/3828/3828 3827/3827/3827 3829/3829/3829
f 3830/3830/3830 3828/3828/3828 3829/3829/3829
f 3830/3830/3830 3829/3829/3829 3831/3831/3831
f 3832/3832/3832 3830/3830/3830 3831/3831/3831
f 3832/3832/3832 3831/3831/3831 3833/3833/3833
f 3834/3834/3834 3832/3832/3832 3833/3833/3833
f 3835/3835/3835 3832/3832/3832 3834/3834/3834
f 3836/3836/3836 3835/3835/3835 3834/3834/3834
f 3837/3837/3837 3835/3835/3835 3836/3836/3836
f 3838/3838/3838 3837/3837/3837 3836/3836/3836
f 3837/3837/3837 3839/3839/3839 3835/3835/3835
f 3839/3839/3839 3840/3840/3840 3835/3835/3835
f 3840/3840/3840 3830/3830/3830 3832/3832/3832
f 3835/3835/3835 3840/3840/3840 3832/3832/3832
f 3838/3838/3838 3836/3836/3836 3841/3841/3841
f 3842/3842/3842 3838/3838/3838 3841/3841/3841
f 3842/3842/3842 3841/3841/3841 3843/3843/3843
f 3844/3844/3844 3842/3842/3842 3843/3843/3843
f 3843/3843/3843 3841/3841/3841 3845/3845/3845
f 3841/3841/3841 3846/3846/3846 3845/3845/3845
f 3836/3836/3836 3834/3834/3834 3846/3846/3846
f 3841/3841/3841 3836/3836/3836 3846/3846/3846
f 3845/3845/3845 3846/3846/3846 3847/3847/3847
f 3846/3846/3846 3848/3848/3848 3847/3847/3847
f 3834/3834/3834 3833/3833/3833 3848/3848/3848
f 3846/3846/3846 3834/3834/3834 3848/3848/3848
f 3844/3844/3844 3843/3843/3843 3849/3849/3849
f 3850/3850/3850 3844/3844/3844 3849/3849/3849
f 3850/3850/3850 3849/3849/3849 3851/3851/3851
f 3852/3852/3852 3850/3850/3850 3851/3851/3851
f 3851/3851/3851 3849/3849/3849 3853/3853/3853
f 3849/3849/3849 3854/3854/3854 3853/3853/3853
f 3843/3843/3843 3845/3845/3845 3854/3854/3854
f 3849/3849/3849 3843/3843/3843 3854/3854/3854
f 3853/3853/3853 3854/3854/3854 3855/3855/3855
f 3854/3854/3854 3856/3856/3856 3855/3855/3855
f 3845/3845/3845 3847/3847/3847 3856/3856/3856
f 3854/3854/3854 3845/3845/3845 3856/3856/3856
f 3852/3852/3852 3851/3851/3851 3857/3857/3857
f 3858/3858/3858 3852/3852/3852 3857/3857/3857
f 3858/3858/3858 3857/3857/3857 3859/3859/3859
f 3860/3860/3860 3858/3858/3858 3859/3859/3859
f 3859/3859/3859 3857/3857/3857 3861/3861/3861
f 3857/3857/3857 3862/3862/3862 3861/3861/3861
f 3851/3851/3851 3853/3853/3853 3862/3862/3862
f 3857/3857/3857 3851/3851/3851 3862/3862/3862
f 3861/3861/3861 3862/3862/3862 3863/3863/3863
f 3862/3862/3862 3864/3864/3864 3863/3863/3863
f 3853/3853/3853 3855/3855/3855 3864/3864/3864
f 3862/3862/3862 3853/3853/3853 3864/3864/3864
f 3867/3867/3867 3866/3866/3866 3865/3865/3865
f 3868/3868/3868 3867/3867/3867 3865/3865/3865
f 3869/3869/3869 3867/3867/3867 3868/3868/3868
f 3870/3870/3870 3869/3869/3869 3868/3868/3868
f 3871/3871/3871 3869/3869/3869 3870/3870/3870
f 3872/3872/3872 3871/3871/3871 3870/3870/3870
f 3872/3872/3872 3870/3870/3870 3815/3815/3815
f 3817/3817/3817 3872/3872/3872 3815/3815/3815
f 3870/3870/3870 3868/3868/3868 3813/3813/3813
f 3815/3815/3815 3870/3870/3870 3813/3813/3813
f 3868/3868/3868 3865/3865/3865 3812/3812/3812
f 3813/3813/3813 3868/3868/3868 3812/3812/3812
f 3871/3871/3871 3873/3873/3873 3869/3869/3869
f 3873/3873/3873 3874/3874/3874 3869/3869/3869
f 3869/3869/3869 3874/3874/3874 3867/3867/3867
f 3873/3873/3873 3875/3875/3875 3874/3874/3874
f 3875/3875/3875 3876/3876/3876 3874/3874/3874
f 3874/3874/3874 3876/3876/3876 3877/3877/3877
f 3874/3874/3874 3877/3877/3877 3867/3867/3867
f 3867/3867/3867 3877/3877/3877 3866/3866/3866
f 3876/3876/3876 3878/3878/3878 3877/3877/3877
f 3877/3877/3877 3878/3878/3878 3879/3879/3879
f 3878/3878/3878 3880/3880/3880 3879/3879/3879
f 3877/3877/3877 3879/3879/3879 3866/3866/3866
f 3875/3875/3875 3881/3881/3881 3876/3876/3876
f 3881/3881/3881 3882/3882/3882 3876/3876/3876
f 3876/3876/3876 3882/3882/3882 3878/3878/3878
f 3882/3882/3882 3883/3883/3883 3878/3878/3878
f 3878/3878/3878 3883/3883/3883 3880/3880/3880
f 3883/3883/3883 3884/3884/3884 3880/3880/3880
f 3887/3887/3887 3886/3886/3886 3885/3885/3885
f 3888/3888/3888 3887/3887/3887 3885/3885/3885
f 3885/3885/3885 3886/3886/3886 3889/3889/3889
f 3886/3886/3886 3890/3890/3890 3889/3889/3889
f 3887/3887/3887 3891/3891/3891 3886/3886/3886
f 3891/3891/3891 3892/3892/3892 3886/3886/3886
f 3886/3886/3886 3892/3892/3892 3890/3890/3890
f 3892/3892/3892 3893/3893/3893 3890/3890/3890
f 3888/3888/3888 3885/3885/3885 3894/3894/3894
f 3885/3885/3885 3895/3895/3895 3894/3894/3894
f 3885/3885/3885 3889/3889/3889 3895/3895/3895
f 3889/3889/3889 3896/3896/3896 3895/3895/3895
f 3892/3892/3892 3891/3891/3891 3897/3897/3897
f 3891/3891/3891 3898/3898/3898 3897/3897/3897
f 3892/3892/3892 3897/3897/3897 3899/3899/3899
f 3893/3893/3893 3892/3892/3892 3899/3899/3899
f 3902/3902/3902 3901/3901/3901 3900/3900/3900
f 3903/3903/3903 3902/3902/3902 3900/3900/3900
f 3903/3903/3903 3900/3900/3900 3904/3904/3904
f 3905/3905/3905 3903/3903/3903 3904/3904/3904
f 3900/3900/3900 3901/3901/3901 3906/3906/3906
f 3901/3901/3901 3907/3907/3907 3906/3906/3906
f 3901/3901/3901 3908/3908/3908 3907/3907/3907
f 3908/3908/3908 3909/3909/3909 3907/3907/3907
f 3908/3908/3908 3910/3910/3910 3909/3909/3909
f 3910/3910/3910 3911/3911/3911 3909/3909/3909
f 3900/3900/3900 3906/3906/3906 3912/3912/3912
f 3904/3904/3904 3900/3900/3900 3912/3912/3912
f 3904/3904/3904 3912/3912/3912 3913/3913/3913
f 3914/3914/3914 3904/3904/3904 3913/3913/3913
f 3910/3910/3910 3915/3915/3915 3911/3911/3911
f 3915/3915/3915 3916/3916/3916 3911/3911/3911
f 3915/3915/3915 3917/3917/3917 3916/3916/3916
f 3917/3917/3917 3918/3918/3918 3916/3916/3916
f 3914/3914/3914 3913/3913/3913 3919/3919/3919
f 3920/3920/3920 3914/3914/3914 3919/3919/3919
f 3920/3920/3920 3919/3919/3919 3921/3921/3921
f 3922/3922/3922 3920/3920/3920 3921/3921/3921
f 3922/3922/3922 3921/3921/3921 3923/3923/3923
f 3924/3924/3924 3922/3922/3922 3923/3923/3923
f 3924/3924/3924 3923/3923/3923 3925/3925/3925
f 3926/3926/3926 3924/3924/3924 3925/3925/3925
f 3926/3926/3926 3925/3925/3925 3927/3927/3927
f 3928/3928/3928 3926/3926/3926 3927/3927/3927
f 3928/3928/3928 3927/3927/3927 3929/3929/3929
f 3930/3930/3930 3928/3928/3928 3929/3929/3929
f 3930/3930/3930 3929/3929/3929 3931/3931/3931
f 3932/3932/3932 3930/3930/3930 3931/3931/3931
f 3917/3917/3917 3933/3933/3933 3918/3918/3918
f 3933/3933/3933 3935/3935/3935 3934/3934/3934
f 3935/3935/3935 3936/3936/3936 3934/3934/3934
f 3933/3933/3933 3934/3934/3934 3918/3918/3918
f 3935/3935/3935 3937/3937/3937 3936/3936/3936
f 3937/3937/3937 3938/3938/3938 3936/3936/3936
f 3937/3937/3937 3939/3939/3939 3938/3938/3938
f 3939/3939/3939 3940/3940/3940 3938/3938/3938
f 3941/3941/3941 3828/3828/3828 3830/3830/3830
f 3942/3942/3942 3941/3941/3941 3830/3830/3830
f 3941/3941/3941 3943/3943/3943 3828/3828/3828
f 3943/3943/3943 3823/3823/3823 3828/3828/3828
f 3946/3946/3946 3945/3945/3945 3944/3944/3944
f 3947/3947/3947 3946/3946/3946 3944/3944/3944
f 3946/3946/3946 3948/3948/3948 3945/3945/3945
f 3948/3948/3948 3949/3949/3949 3945/3945/3945
f 3948/3948/3948 3950/3950/3950 3949/3949/3949
f 3950/3950/3950 3951/3951/3951 3949/3949/3949
f 3950/3950/3950 3952/3952/3952 3951/3951/3951
f 3952/3952/3952 3953/3953/3953 3951/3951/3951
f 3952/3952/3952 3954/3954/3954 3953/3953/3953
f 3954/3954/3954 3955/3955/3955 3953/3953/3953
f 3954/3954/3954 3956/3956/3956 3955/3955/3955
f 3956/3956/3956 3957/3957/3957 3955/3955/3955
f 3956/3956/3956 3958/3958/3958 3957/3957/3957
f 3958/3958/3958 3959/3959/3959 3957/3957/3957
f 3958/3958/3958 3960/3960/3960 3959/3959/3959
f 3960/3960/3960 3961/3961/3961 3959/3959/3959
f 3960/3960/3960 3962/3962/3962 3961/3961/3961
f 3962/3962/3962 3963/3963/3963 3961/3961/3961
f 3962/3962/3962 3964/3964/3964 3963/3963/3963
f 3964/3964/3964 3965/3965/3965 3963/3963/3963
f 3964/3964/3964 3966/3966/3966 3965/3965/3965
f 3966/3966/3966 3967/3967/3967 3965/3965/3965
f 3966/3966/3966 3968/3968/3968 3967/3967/3967
f 3968/3968/3968 3969/3969/3969 3967/3967/3967
f 3968/3968/3968 3970/3970/3970 3969/3969/3969
f 3970/3970/3970 3971/3971/3971 3969/3969/3969
f 3974/3974/3974 3973/3973/3973 3972/3972/3972
f 3975/3975/3975 3974/3974/3974 3972/3972/3972
f 3974/3974/3974 3947/3947/3947 3973/3973/3973
f 3947/3947/3947 3944/3944/3944 3973/3973/3973
f 3975/3975/3975 3972/3972/3972 3976/3976/3976
f 3977/3977/3977 3975/3975/3975 3976/3976/3976
f 3977/3977/3977 3976/3976/3976 3978/3978/3978
f 3979/3979/3979 3977/3977/3977 3978/3978/3978
f 3979/3979/3979 3978/3978/3978 3980/3980/3980
f 3981/3981/3981 3979/3979/3979 3980/3980/3980
f 3984/3984/3984 3983/3983/3983 3982/3982/3982
f 3985/3985/3985 3984/3984/3984 3982/3982/3982
f 3984/3984/3984 3986/3986/3986 3983/3983/3983
f 3986/3986/3986 3987/3987/3987 3983/3983/3983
f 3986/3986/3986 3988/3988/3988 3987/3987/3987
f 3988/3988/3988 3989/3989/3989 3987/3987/3987
f 3988/3988/3988 3990/3990/3990 3989/3989/3989
f 3990/3990/3990 3991/3991/3991 3989/3989/3989
f 3990/3990/3990 3992/3992/3992 3991/3991/3991
f 3992/3992/3992 3993/3993/3993 3991/3991/3991
f 3992/3992/3992 3994/3994/3994 3993/3993/3993
f 3994/3994/3994 3995/3995/3995 3993/3993/3993
f 3994/3994/3994 3996/3996/3996 3995/3995/3995
f 3996/3996/3996 3997/3997/3997 3995/3995/3995
f 3996/3996/3996 3998/3998/3998 3997/3997/3997
f 3998/3998/3998 3999/3999/3999 3997/3997/3997
f 3998/3998/3998 4000/4000/4000 3999/3999/3999
f 4000/4000/4000 4001/4001/4001 3999/3999/3999
f 4000/4000/4000 4002/4002/4002 4001/4001/4001
f 4002/4002/4002 4003/4003/4003 4001/4001/4001
f 4002/4002/4002 4004/4004/4004 4003/4003/4003
f 4004/4004/4004 4005/4005/4005 4003/4003/4003
f 4004/4004/4004 4006/4006/4006 4005/4005/4005
f 4006/4006/4006 4007/4007/4007 4005/4005/4005
f 4006/4006/4006 4008/4008/4008 4007/4007/4007
f 4008/4008/4008 4009/4009/4009 4007/4007/4007
f 4008/4008/4008 4010/4010/4010 4009/4009/4009
f 4010/4010/4010 4011/4011/4011 4009/4009/4009
f 4010/4010/4010 4012/4012/4012 4011/4011/4011
f 4012/4012/4012 4013/4013/4013 4011/4011/4011
f 4012/4012/4012 4014/4014/4014 4013/4013/4013
f 4014/4014/4014 4015/4015/4015 4013/4013/4013
f 4014/4014/4014 4016/4016/4016 4015/4015/4015
f 4016/4016/4016 4017/4017/4017 4015/4015/4015
f 4016/4016/4016 4018/4018/4018 4017/4017/4017
f 4018/4018/4018 4019/4019/4019 4017/4017/4017
f 4018/4018/4018 4020/4020/4020 4019/4019/4019
f 4020/4020/4020 4021/4021/4021 4019/4019/4019
f 4020/4020/4020 3985/3985/3985 4021/4021/4021
f 3985/3985/3985 3982/3982/3982 4021/4021/4021
f 4024/4024/4024 4023/4023/4023 4022/4022/4022
f 4024/4024/4024 4022/4022/4022 4025/4025/4025
f 4024/4024/4024 4025/4025/4025 4026/4026/4026
f 4024/4024/4024 4026/4026/4026 4027/4027/4027
f 4024/4024/4024 4027/4027/4027 4028/4028/4028
f 4024/4024/4024 4028/4028/4028 4029/4029/4029
f 4024/4024/4024 4029/4029/4029 4030/4030/4030
f 4024/4024/4024 4030/4030/4030 4031/4031/4031
f 4024/4024/4024 4031/4031/4031 4032/4032/4032
f 4024/4024/4024 4032/4032/4032 4033/4033/4033
f 4024/4024/4024 4033/4033/4033 4034/4034/4034
f 4024/4024/4024 4034/4034/4034 4035/4035/4035
f 4024/4024/4024 4035/4035/4035 4036/4036/4036
f 4024/4024/4024 4036/4036/4036 4037/4037/4037
f 4024/4024/4024 4037/4037/4037 4038/4038/4038
f 4024/4024/4024 4038/4038/4038 4039/4039/4039
f 4024/4024/4024 4039/4039/4039 4040/4040/4040
f 4024/4024/4024 4040/4040/4040 4041/4041/4041
f 4024/4024/4024 4041/4041/4041 4042/4042/4042
f 4024/4024/4024 4042/4042/4042 4023/4023/4023
f 4045/4045/4045 4044/4044/4044 4043/4043/4043
f 4046/4046/4046 4045/4045/4045 4043/4043/4043
f 4046/4046/4046 4043/4043/4043 4047/4047/4047
f 4048/4048/4048 4046/4046/4046 4047/4047/4047
f 4048/4048/4048 4047/4047/4047 4049/4049/4049
f 4050/4050/4050 4048/4048/4048 4049/4049/4049
f 4050/4050/4050 4049/4049/4049 4051/4051/4051
f 4052/4052/4052 4050/4050/4050 4051/4051/4051
f 4052/4052/4052 4051/4051/4051 4053/4053/4053
f 4054/4054/4054 4052/4052/4052 4053/4053/4053
f 4054/4054/4054 4053/4053/4053 4055/4055/4055
f 4056/4056/4056 4054/4054/4054 4055/4055/4055
f 4045/4045/4045 4057/4057/4057 4044/4044/4044
f 4057/4057/4057 4058/4058/4058 4044/4044/4044
f 4057/4057/4057 4059/4059/4059 4058/4058/4058
f 4059/4059/4059 4060/4060/4060 4058/4058/4058
f 4059/4059/4059 4061/4061/4061 4060/4060/4060
f 4061/4061/4061 4062/4062/4062 4060/4060/4060
f 4061/4061/4061 4063/4063/4063 4062/4062/4062
f 4063/4063/4063 4064/4064/4064 4062/4062/4062
f 4063/4063/4063 4065/4065/4065 4064/4064/4064
f 4065/4065/4065 4066/4066/4066 4064/4064/4064
f 4065/4065/4065 4067/4067/4067 4066/4066/4066
f 4067/4067/4067 4068/4068/4068 4066/4066/4066
f 4067/4067/4067 4069/4069/4069 4068/4068/4068
f 4069/4069/4069 4070/4070/4070 4068/4068/4068
f 4069/4069/4069 4071/4071/4071 4070/4070/4070
f 4071/4071/4071 4072/4072/4072 4070/4070/4070
f 4071/4071/4071 4073/4073/4073 4072/4072/4072
f 4073/4073/4073 4074/4074/4074 4072/4072/4072
f 4073/4073/4073 4075/4075/4075 4074/4074/4074
f 4075/4075/4075 4076/4076/4076 4074/4074/4074
f 4075/4075/4075 4077/4077/4077 4076/4076/4076
f 4077/4077/4077 4078/4078/4078 4076/4076/4076
f 4077/4077/4077 4079/4079/4079 4078/4078/4078
f 4079/4079/4079 4080/4080/4080 4078/4078/4078
f 4079/4079/4079 4081/4081/4081 4080/4080/4080
f 4081/4081/4081 4082/4082/4082 4080/4080/4080
f 4081/4081/4081 4083/4083/4083 4082/4082/4082
f 4083/4083/4083 4084/4084/4084 4082/4082/4082
f 4087/4087/4087 4086/4086/4086 4085/4085/4085
f 4088/4088/4088 4087/4087/4087 4085/4085/4085
f 4088/4088/4088 4085/4085/4085 4089/4089/4089
f 4090/4090/4090 4088/4088/4088 4089/4089/4089
f 4090/4090/4090 4089/4089/4089 4091/4091/4091
f 4092/4092/4092 4090/4090/4090 4091/4091/4091
f 4092/4092/4092 4091/4091/4091 4093/4093/4093
f 4094/4094/4094 4092/4092/4092 4093/4093/4093
f 4094/4094/4094 4093/4093/4093 4095/4095/4095
f 4096/4096/4096 4094/4094/4094 4095/4095/4095
f 4096/4096/4096 4095/4095/4095 4097/4097/4097
f 4098/4098/4098 4096/4096/4096 4097/4097/4097
f 4098/4098/4098 4097/4097/4097 4099/4099/4099
f 4100/4100/4100 4098/4098/4098 4099/4099/4099
f 4100/4100/4100 4099/4099/4099 4101/4101/4101
f 4102/4102/4102 4100/4100/4100 4101/4101/4101
f 4102/4102/4102 4101/4101/4101 4103/4103/4103
f 4104/4104/4104 4102/4102/4102 4103/4103/4103
f 4104/4104/4104 4103/4103/4103 4105/4105/4105
f 4106/4106/4106 4104/4104/4104 4105/4105/4105
f 4106/4106/4106 4105/4105/4105 4107/4107/4107
f 4108/4108/4108 4106/4106/4106 4107/4107/4107
f 4108/4108/4108 4107/4107/4107 4109/4109/4109
f 4110/4110/4110 4108/4108/4108 4109/4109/4109
f 4110/4110/4110 4109/4109/4109 4111/4111/4111
f 4112/4112/4112 4110/4110/4110 4111/4111/4111
f 4112/4112/4112 4111/4111/4111 4113/4113/4113
f 4114/4114/4114 4112/4112/4112 4113/4113/4113
f 4114/4114/4114 4113/4113/4113 4115/4115/4115
f 4116/4116/4116 4114/4114/4114 4115/4115/4115
f 4116/4116/4116 4115/4115/4115 4117/4117/4117
f 4118/4118/4118 4116/4116/4116 4117/4117/4117
f 4118/4118/4118 4117/4117/4117 4119/4119/4119
f 4120/4120/4120 4118/4118/4118 4119/4119/4119
f 4120/4120/4120 4119/4119/4119 4121/4121/4121
f 4122/4122/4122 4120/4120/4120 4121/4121/4121
f 4122/4122/4122 4121/4121/4121 4123/4123/4123
f 4124/4124/4124 4122/4122/4122 4123/4123/4123
f 4124/4124/4124 4123/4123/4123 4086/4086/4086
f 4087/4087/4087 4124/4124/4124 4086/4086/4086
f 4113/4113/4113 4111/4111/4111 4125/4125/4125
f 4111/4111/4111 4126/4126/4126 4125/4125/4125
f 4111/4111/4111 4109/4109/4109 4126/4126/4126
f 4109/4109/4109 4127/4127/4127 4126/4126/4126
f 4109/4109/4109 4107/4107/4107 4127/4127/4127
f 4107/4107/4107 4128/4128/4128 4127/4127/4127
f 4107/4107/4107 4105/4105/4105 4128/4128/4128
f 4105/4105/4105 4129/4129/4129 4128/4128/4128
f 4105/4105/4105 4103/4103/4103 4129/4129/4129
f 4103/4103/4103 4130/4130/4130 4129/4129/4129
f 4103/4103/4103 4101/4101/4101 4130/4130/4130
f 4101/4101/4101 4131/4131/4131 4130/4130/4130
f 4101/4101/4101 4099/4099/4099 4131/4131/4131
f 4099/4099/4099 4132/4132/4132 4131/4131/4131
f 4099/4099/4099 4097/4097/4097 4132/4132/4132
f 4097/4097/4097 4133/4133/4133 4132/4132/4132
f 4097/4097/4097 4095/4095/4095 4133/4133/4133
f 4095/4095/4095 4134/4134/4134 4133/4133/4133
f 4095/4095/4095 4093/4093/4093 4134/4134/4134
f 4093/4093/4093 4135/4135/4135 4134/4134/4134
f 4093/4093/4093 4091/4091/4091 4135/4135/4135
f 4091/4091/4091 4136/4136/4136 4135/4135/4135
f 4091/4091/4091 4089/4089/4089 4136/4136/4136
f 4089/4089/4089 4137/4137/4137 4136/4136/4136
f 4089/4089/4089 4085/4085/4085 4137/4137/4137
f 4085/4085/4085 4138/4138/4138 4137/4137/4137
f 4085/4085/4085 4086/4086/4086 4138/4138/4138
f 4086/4086/4086 4139/4139/4139 4138/4138/4138
f 4086/4086/4086 4123/4123/4123 4139/4139/4139
f 4123/4123/4123 4140/4140/4140 4139/4139/4139
f 4123/4123/4123 4121/4121/4121 4140/4140/4140
f 4121/4121/4121 4141/4141/4141 4140/4140/4140
f 4121/4121/4121 4119/4119/4119 4141/4141/4141
f 4119/4119/4119 4142/4142/4142 4141/4141/4141
f 4119/4119/4119 4117/4117/4117 4142/4142/4142
f 4117/4117/4117 4143/4143/4143 4142/4142/4142
f 4117/4117/4117 4115/4115/4115 4143/4143/4143
f 4115/4115/4115 4144/4144/4144 4143/4143/4143
f 4115/4115/4115 4113/4113/4113 4144/4144/4144
f 4113/4113/4113 4125/4125/4125 4144/4144/4144
f 4144/4144/4144 4125/4125/4125 4145/4145/4145
f 4125/4125/4125 4146/4146/4146 4145/4145/4145
f 4125/4125/4125 4126/4126/4126 4146/4146/4146
f 4126/4126/4126 4147/4147/4147 4146/4146/4146
f 4126/4126/4126 4127/4127/4127 4147/4147/4147
f 4127/4127/4127 4148/4148/4148 4147/4147/4147
f 4127/4127/4127 4128/4128/4128 4148/4148/4148
f 4128/4128/4128 4149/4149/4149 4148/4148/4148
f 4128/4128/4128 4129/4129/4129 4149/4149/4149
f 4129/4129/4129 4150/4150/4150 4149/4149/4149
f 4129/4129/4129 4130/4130/4130 4150/4150/4150
f 4130/4130/4130 4151/4151/4151 4150/4150/4150
f 4130/4130/4130 4131/4131/4131 4151/4151/4151
f 4131/4131/4131 4152/4152/4152 4151/4151/4151
f 4131/4131/4131 4132/4132/4132 4152/4152/4152
f 4132/4132/4132 4153/4153/4153 4152/4152/4152
f 4132/4132/4132 4133/4133/4133 4153/4153/4153
f 4133/4133/4133 4154/4154/4154 4153/4153/4153
f 4133/4133/4133 4134/4134/4134 4154/4154/4154
f 4134/4134/4134 4155/4155/4155 4154/4154/4154
f 4134/4134/4134 4135/4135/4135 4155/4155/4155
f 4135/4135/4135 4156/4156/4156 4155/4155/4155
f 4135/4135/4135 4136/4136/4136 4156/4156/4156
f 4136/4136/4136 4157/4157/4157 4156/4156/4156
f 4136/4136/4136 4137/4137/4137 4157/4157/4157
f 4137/4137/4137 4158/4158/4158 4157/4157/4157
f 4137/4137/4137 4138/4138/4138 4158/4158/4158
f 4138/4138/4138 4159/4159/4159 4158/4158/4158
f 4138/4138/4138 4139/4139/4139 4159/4159/4159
f 4139/4139/4139 4160/4160/4160 4159/4159/4159
f 4139/4139/4139 4140/4140/4140 4160/4160/4160
f 4140/4140/4140 4161/4161/4161 4160/4160/4160
f 4140/4140/4140 4141/4141/4141 4161/4161/4161
f 4141/4141/4141 4162/4162/4162 4161/4161/4161
f 4141/4141/4141 4142/4142/4142 4162/4162/4162
f 4142/4142/4142 4163/4163/4163 4162/4162/4162
f 4142/4142/4142 4143/4143/4143 4163/4163/4163
f 4143/4143/4143 4164/4164/4164 4163/4163/4163
f 4143/4143/4143 4144/4144/4144 4164/4164/4164
f 4144/4144/4144 4145/4145/4145 4164/4164/4164
f 4167/4167/4167 4166/4166/4166 4165/4165/4165
f 4168/4168/4168 4167/4167/4167 4165/4165/4165
f 4167/4167/4167 4169/4169/4169 4166/4166/4166
f 4169/4169/4169 4170/4170/4170 4166/4166/4166
f 4169/4169/4169 4171/4171/4171 4170/4170/4170
f 4171/4171/4171 4172/4172/4172 4170/4170/4170
f 4171/4171/4171 4173/4173/4173 4172/4172/4172
f 4173/4173/4173 4174/4174/4174 4172/4172/4172
f 4173/4173/4173 4175/4175/4175 4174/4174/4174
f 4175/4175/4175 4176/4176/4176 4174/4174/4174
f 4175/4175/4175 4177/4177/4177 4176/4176/4176
f 4177/4177/4177 4178/4178/4178 4176/4176/4176
f 4177/4177/4177 4179/4179/4179 4178/4178/4178
f 4179/4179/4179 4180/4180/4180 4178/4178/4178
f 4179/4179/4179 4181/4181/4181 4180/4180/4180
f 4181/4181/4181 4182/4182/4182 4180/4180/4180
f 4181/4181/4181 4183/4183/4183 4182/4182/4182
f 4183/4183/4183 4184/4184/4184 4182/4182/4182
f 4183/4183/4183 4185/4185/4185 4184/4184/4184
f 4185/4185/4185 4186/4186/4186 4184/4184/4184
f 4185/4185/4185 4187/4187/4187 4186/4186/4186
f 4187/4187/4187 4188/4188/4188 4186/4186/4186
f 4187/4187/4187 4189/4189/4189 4188/4188/4188
f 4189/4189/4189 4190/4190/4190 4188/4188/4188
f 4189/4189/4189 4191/4191/4191 4190/4190/4190
f 4191/4191/4191 4192/4192/4192 4190/4190/4190
f 4191/4191/4191 4193/4193/4193 4192/4192/4192
f 4193/4193/4193 4194/4194/4194 4192/4192/4192
f 4193/4193/4193 4195/4195/4195 4194/4194/4194
f 4195/4195/4195 4196/4196/4196 4194/4194/4194
f 4195/4195/4195 4197/4197/4197 4196/4196/4196
f 4197/4197/4197 4198/4198/4198 4196/4196/4196
f 4197/4197/4197 4199/4199/4199 4198/4198/4198
f 4199/4199/4199 4200/4200/4200 4198/4198/4198
f 4199/4199/4199 4201/4201/4201 4200/4200/4200
f 4201/4201/4201 4202/4202/4202 4200/4200/4200
f 4201/4201/4201 4203/4203/4203 4202/4202/4202
f 4203/4203/4203 4204/4204/4204 4202/4202/4202
f 4203/4203/4203 4168/4168/4168 4204/4204/4204
f 4168/4168/4168 4165/4165/4165 4204/4204/4204
f 4207/4207/4207 4206/4206/4206 4205/4205/4205
f 4208/4208/4208 4207/4207/4207 4205/4205/4205
f 4208/4208/4208 4205/4205/4205 4209/4209/4209
f 4210/4210/4210 4208/4208/4208 4209/4209/4209
f 4210/4210/4210 4209/4209/4209 4211/4211/4211
f 4212/4212/4212 4210/4210/4210 4211/4211/4211
f 4212/4212/4212 4211/4211/4211 4213/4213/4213
f 4214/4214/4214 4212/4212/4212 4213/4213/4213
f 4214/4214/4214 4213/4213/4213 4215/4215/4215
f 4216/4216/4216 4214/4214/4214 4215/4215/4215
f 4216/4216/4216 4215/4215/4215 4217/4217/4217
f 4218/4218/4218 4216/4216/4216 4217/4217/4217
f 4218/4218/4218 4217/4217/4217 4219/4219/4219
f 4220/4220/4220 4218/4218/4218 4219/4219/4219
f 4220/4220/4220 4219/4219/4219 4221/4221/4221
f 4222/4222/4222 4220/4220/4220 4221/4221/4221
f 4222/4222/4222 4221/4221/4221 4223/4223/4223
f 4224/4224/4224 4222/4222/4222 4223/4223/4223
f 4224/4224/4224 4223/4223/4223 4225/4225/4225
f 4226/4226/4226 4224/4224/4224 4225/4225/4225
f 4226/4226/4226 4225/4225/4225 4227/4227/4227
f 4228/4228/4228 4226/4226/4226 4227/4227/4227
f 4228/4228/4228 4227/4227/4227 4229/4229/4229
f 4230/4230/4230 4228/4228/4228 4229/4229/4229
f 4230/4230/4230 4229/4229/4229 4231/4231/4231
f 4232/4232/4232 4230/4230/4230 4231/4231/4231
f 4232/4232/4232 4231/4231/4231 4233/4233/4233
f 4234/4234/4234 4232/4232/4232 4233/4233/4233
f 4234/4234/4234 4233/4233/4233 4235/4235/4235
f 4236/4236/4236 4234/4234/4234 4235/4235/4235
f 4236/4236/4236 4235/4235/4235 4237/4237/4237
f 4238/4238/4238 4236/4236/4236 4237/4237/4237
f 4238/4238/4238 4237/4237/4237 4239/4239/4239
f 4240/4240/4240 4238/4238/4238 4239/4239/4239
f 4240/4240/4240 4239/4239/4239 4241/4241/4241
f 4242/4242/4242 4240/4240/4240 4241/4241/4241
f 4242/4242/4242 4241/4241/4241 4243/4243/4243
f 4244/4244/4244 4242/4242/4242 4243/4243/4243
f 4244/4244/4244 4243/4243/4243 4206/4206/4206
f 4207/4207/4207 4244/4244/4244 4206/4206/4206
f 4247/4247/4247 4246/4246/4246 4245/4245/4245
f 4248/4248/4248 4247/4247/4247 4245/4245/4245
f 4247/4247/4247 4249/4249/4249 4246/4246/4246
f 4249/4249/4249 4250/4250/4250 4246/4246/4246
f 4249/4249/4249 4251/4251/4251 4250/4250/4250
f 4251/4251/4251 4252/4252/4252 4250/4250/4250
f 4251/4251/4251 4253/4253/4253 4252/4252/4252
f 4253/4253/4253 4254/4254/4254 4252/4252/4252
f 4253/4253/4253 4255/4255/4255 4254/4254/4254
f 4255/4255/4255 4256/4256/4256 4254/4254/4254
f 4255/4255/4255 4257/4257/4257 4256/4256/4256
f 4257/4257/4257 4258/4258/4258 4256/4256/4256
f 4257/4257/4257 4259/4259/4259 4258/4258/4258
f 4259/4259/4259 4260/4260/4260 4258/4258/4258
f 4259/4259/4259 4261/4261/4261 4260/4260/4260
f 4261/4261/4261 4262/4262/4262 4260/4260/4260
f 4248/4248/4248 4245/4245/4245 4263/4263/4263
f 4264/4264/4264 4248/4248/4248 4263/4263/4263
f 4264/4264/4264 4263/4263/4263 4265/4265/4265
f 4266/4266/4266 4264/4264/4264 4265/4265/4265
f 4266/4266/4266 4265/4265/4265 4267/4267/4267
f 4268/4268/4268 4266/4266/4266 4267/4267/4267
f 4268/4268/4268 4267/4267/4267 4269/4269/4269
f 4270/4270/4270 4268/4268/4268 4269/4269/4269
f 4273/4273/4273 4272/4272/4272 4271/4271/4271
f 4273/4273/4273 4274/4274/4274 4272/4272/4272
f 4273/4273/4273 4275/4275/4275 4274/4274/4274
f 4273/4273/4273 4276/4276/4276 4275/4275/4275
f 4273/4273/4273 4277/4277/4277 4276/4276/4276
f 4273/4273/4273 4278/4278/4278 4277/4277/4277
f 4273/4273/4273 4279/4279/4279 4278/4278/4278
f 4273/4273/4273 4280/4280/4280 4279/4279/4279
f 4273/4273/4273 4281/4281/4281 4280/4280/4280
f 4273/4273/4273 4282/4282/4282 4281/4281/4281
f 4273/4273/4273 4283/4283/4283 4282/4282/4282
f 4273/4273/4273 4271/4271/4271 4283/4283/4283
f 4286/4286/4286 4285/4285/4285 4284/4284/4284
f 4287/4287/4287 4286/4286/4286 4284/4284/4284
f 4286/4286/4286 4288/4288/4288 4285/4285/4285
f 4288/4288/4288 4289/4289/4289 4285/4285/4285
f 4288/4288/4288 4290/4290/4290 4289/4289/4289
f 4290/4290/4290 4291/4291/4291 4289/4289/4289
f 4290/4290/4290 4292/4292/4292 4291/4291/4291
f 4292/4292/4292 4293/4293/4293 4291/4291/4291
f 4292/4292/4292 4294/4294/4294 4293/4293/4293
f 4294/4294/4294 4295/4295/4295 4293/4293/4293
f 4294/4294/4294 4296/4296/4296 4295/4295/4295
f 4296/4296/4296 4297/4297/4297 4295/4295/4295
f 4296/4296/4296 4298/4298/4298 4297/4297/4297
f 4298/4298/4298 4299/4299/4299 4297/4297/4297
f 4298/4298/4298 4300/4300/4300 4299/4299/4299
f 4300/4300/4300 4301/4301/4301 4299/4299/4299
f 4287/4287/4287 4284/4284/4284 4302/4302/4302
f 4303/4303/4303 4287/4287/4287 4302/4302/4302
f 4303/4303/4303 4302/4302/4302 4304/4304/4304
f 4305/4305/4305 4303/4303/4303 4304/4304/4304
f 4305/4305/4305 4304/4304/4304 4306/4306/4306
f 4307/4307/4307 4305/4305/4305 4306/4306/4306
f 4307/4307/4307 4306/4306/4306 4308/4308/4308
f 4309/4309/4309 4307/4307/4307 4308/4308/4308
f 4312/4312/4312 4311/4311/4311 4310/4310/4310
f 4313/4313/4313 4312/4312/4312 4310/4310/4310
f 4312/4312/4312 4314/4314/4314 4311/4311/4311
f 4314/4314/4314 4315/4315/4315 4311/4311/4311
f 4314/4314/4314 4316/4316/4316 4315/4315/4315
f 4316/4316/4316 4317/4317/4317 4315/4315/4315
f 4316/4316/4316 4318/4318/4318 4317/4317/4317
f 4318/4318/4318 4319/4319/4319 4317/4317/4317
f 4318/4318/4318 4320/4320/4320 4319/4319/4319
f 4320/4320/4320 4321/4321/4321 4319/4319/4319
f 4320/4320/4320 4322/4322/4322 4321/4321/4321
f 4322/4322/4322 4323/4323/4323 4321/4321/4321
f 4322/4322/4322 4324/4324/4324 4323/4323/4323
f 4324/4324/4324 4325/4325/4325 4323/4323/4323
f 4324/4324/4324 4326/4326/4326 4325/4325/4325
f 4326/4326/4326 4327/4327/4327 4325/4325/4325
f 4313/4313/4313 4310/4310/4310 4328/4328/4328
f 4329/4329/4329 4313/4313/4313 4328/4328/4328
f 4329/4329/4329 4328/4328/4328 4330/4330/4330
f 4331/4331/4331 4329/4329/4329 4330/4330/4330
f 4331/4331/4331 4330/4330/4330 4332/4332/4332
f 4333/4333/4333 4331/4331/4331 4332/4332/4332
f 4333/4333/4333 4332/4332/4332 4334/4334/4334
f 4335/4335/4335 4333/4333/4333 4334/4334/4334
f 4338/4338/4338 4337/4337/4337 4336/4336/4336
f 4339/4339/4339 4338/4338/4338 4336/4336/4336
f 4338/4338/4338 4340/4340/4340 4337/4337/4337
f 4340/4340/4340 4341/4341/4341 4337/4337/4337
f 4340/4340/4340 4342/4342/4342 4341/4341/4341
f 4342/4342/4342 4343/4343/4343 4341/4341/4341
f 4342/4342/4342 4344/4344/4344 4343/4343/4343
f 4344/4344/4344 4345/4345/4345 4343/4343/4343
f 4344/4344/4344 4346/4346/4346 4345/4345/4345
f 4346/4346/4346 4347/4347/4347 4345/4345/4345
f 4346/4346/4346 4348/4348/4348 4347/4347/4347
f 4348/4348/4348 4349/4349/4349 4347/4347/4347
f 4348/4348/4348 4350/4350/4350 4349/4349/4349
f 4350/4350/4350 4351/4351/4351 4349/4349/4349
f 4350/4350/4350 4352/4352/4352 4351/4351/4351
f 4352/4352/4352 4353/4353/4353 4351/4351/4351
f 4352/4352/4352 4354/4354/4354 4353/4353/4353
f 4354/4354/4354 4355/4355/4355 4353/4353/4353
f 4358/4358/4358 4357/4357/4357 4356/4356/4356
f 4359/4359/4359 4358/4358/4358 4356/4356/4356
f 4358/4358/4358 4360/4360/4360 4357/4357/4357
f 4360/4360/4360 4361/4361/4361 4357/4357/4357
f 4360/4360/4360 4362/4362/4362 4361/4361/4361
f 4362/4362/4362 4363/4363/4363 4361/4361/4361
f 4362/4362/4362 4364/4364/4364 4363/4363/4363
f 4364/4364/4364 4365/4365/4365 4363/4363/4363
f 4364/4364/4364 4366/4366/4366 4365/4365/4365
f 4366/4366/4366 4367/4367/4367 4365/4365/4365
f 4366/4366/4366 4368/4368/4368 4367/4367/4367
f 4368/4368/4368 4369/4369/4369 4367/4367/4367
f 4368/4368/4368 4370/4370/4370 4369/4369/4369
f 4370/4370/4370 4371/4371/4371 4369/4369/4369
f 4370/4370/4370 4372/4372/4372 4371/4371/4371
f 4372/4372/4372 4373/4373/4373 4371/4371/4371
f 4372/4372/4372 4374/4374/4374 4373/4373/4373
f 4374/4374/4374 4375/4375/4375 4373/4373/4373
f 4374/4374/4374 4376/4376/4376 4375/4375/4375
f 4376/4376/4376 4377/4377/4377 4375/4375/4375
f 4376/4376/4376 4339/4339/4339 4377/4377/4377
f 4339/4339/4339 4336/4336/4336 4377/4377/4377
f 4380/4380/4380 4379/4379/4379 4378/4378/4378
f 4380/4380/4380 4378/4378/4378 4381/4381/4381
f 4380/4380/4380 4381/4381/4381 4382/4382/4382
f 4380/4380/4380 4382/4382/4382 4383/4383/4383
f 4380/4380/4380 4384/4384/4384 4379/4379/4379
f 4387/4387/4387 4386/4386/4386 4385/4385/4385
f 4387/4387/4387 4385/4385/4385 4388/4388/4388
f 4387/4387/4387 4388/4388/4388 4389/4389/4389
f 4387/4387/4387 4389/4389/4389 4390/4390/4390
f 4387/4387/4387 4390/4390/4390 4391/4391/4391
f 4394/4394/4394 4393/4393/4393 4392/4392/4392
f 4394/4394/4394 4392/4392/4392 4395/4395/4395
f 4394/4394/4394 4395/4395/4395 4396/4396/4396
f 4394/4394/4394 4396/4396/4396 4397/4397/4397
f 4394/4394/4394 4397/4397/4397 4398/4398/4398
f 4401/4401/4401 4400/4400/4400 4399/4399/4399
f 4401/4401/4401 4399/4399/4399 4402/4402/4402
f 4401/4401/4401 4402/4402/4402 4403/4403/4403
f 4401/4401/4401 4403/4403/4403 4404/4404/4404
f 4401/4401/4401 4404/4404/4404 4405/4405/4405
f 4408/4408/4408 4407/4407/4407 4406/4406/4406
f 4409/4409/4409 4408/4408/4408 4406/4406/4406
f 4408/4408/4408 4410/4410/4410 4407/4407/4407
f 4410/4410/4410 4411/4411/4411 4407/4407/4407
f 4410/4410/4410 4412/4412/4412 4411/4411/4411
f 4412/4412/4412 4413/4413/4413 4411/4411/4411
f 4412/4412/4412 4414/4414/4414 4413/4413/4413
f 4414/4414/4414 4415/4415/4415 4413/4413/4413
f 4414/4414/4414 4416/4416/4416 4415/4415/4415
f 4416/4416/4416 4417/4417/4417 4415/4415/4415
f 4416/4416/4416 4418/4418/4418 4417/4417/4417
f 4418/4418/4418 4419/4419/4419 4417/4417/4417
f 4418/4418/4418 4420/4420/4420 4419/4419/4419
f 4420/4420/4420 4421/4421/4421 4419/4419/4419
f 4420/4420/4420 4422/4422/4422 4421/4421/4421
f 4422/4422/4422 4423/4423/4423 4421/4421/4421
f 4422/4422/4422 4424/4424/4424 4423/4423/4423
f 4424/4424/4424 4425/4425/4425 4423/4423/4423
f 4424/4424/4424 4426/4426/4426 4425/4425/4425
f 4426/4426/4426 4427/4427/4427 4425/4425/4425
f 4426/4426/4426 4428/4428/4428 4427/4427/4427
f 4428/4428/4428 4429/4429/4429 4427/4427/4427
f 4428/4428/4428 4430/4430/4430 4429/4429/4429
f 4430/4430/4430 4431/4431/4431 4429/4429/4429
f 4430/4430/4430 4432/4432/4432 4431/4431/4431
f 4432/4432/4432 4433/4433/4433 4431/4431/4431
f 4432/4432/4432 4434/4434/4434 4433/4433/4433
f 4434/4434/4434 4435/4435/4435 4433/4433/4433
f 4434/4434/4434 4436/4436/4436 4435/4435/4435
f 4436/4436/4436 4437/4437/4437 4435/4435/4435
f 4436/4436/4436 4438/4438/4438 4437/4437/4437
f 4438/4438/4438 4439/4439/4439 4437/4437/4437
f 4438/4438/4438 4440/4440/4440 4439/4439/4439
f 4440/4440/4440 4441/4441/4441 4439/4439/4439
f 4440/4440/4440 4442/4442/4442 4441/4441/4441
f 4442/4442/4442 4443/4443/4443 4441/4441/4441
f 4442/4442/4442 4444/4444/4444 4443/4443/4443
f 4444/4444/4444 4445/4445/4445 4443/4443/4443
f 4444/4444/4444 4409/4409/4409 4445/4445/4445
f 4409/4409/4409 4406/4406/4406 4445/4445/4445
f 4446/4446/4446 4438/4438/4438 4436/4436/4436
f 4447/4447/4447 4446/4446/4446 4436/4436/4436
f 4447/4447/4447 4436/4436/4436 4434/4434/4434
f 4448/4448/4448 4447/4447/4447 4434/4434/4434
f 4449/4449/4449 4409/4409/4409 4444/4444/4444
f 4449/4449/4449 4450/4450/4450 4409/4409/4409
f 4450/4450/4450 4408/4408/4408 4409/4409/4409
f 4450/4450/4450 4451/4451/4451 4408/4408/4408
f 4451/4451/4451 4410/4410/4410 4408/4408/4408
f 4451/4451/4451 4452/4452/4452 4410/4410/4410
f 4452/4452/4452 4412/4412/4412 4410/4410/4410
f 4452/4452/4452 4453/4453/4453 4412/4412/4412
f 4453/4453/4453 4414/4414/4414 4412/4412/4412
f 4453/4453/4453 4454/4454/4454 4414/4414/4414
f 4454/4454/4454 4416/4416/4416 4414/4414/4414
f 4454/4454/4454 4455/4455/4455 4416/4416/4416
f 4455/4455/4455 4418/4418/4418 4416/4416/4416
f 4455/4455/4455 4456/4456/4456 4418/4418/4418
f 4456/4456/4456 4420/4420/4420 4418/4418/4418
f 4456/4456/4456 4457/4457/4457 4420/4420/4420
f 4457/4457/4457 4422/4422/4422 4420/4420/4420
f 4457/4457/4457 4458/4458/4458 4422/4422/4422
f 4458/4458/4458 4424/4424/4424 4422/4422/4422
f 4458/4458/4458 4459/4459/4459 4424/4424/4424
f 4459/4459/4459 4426/4426/4426 4424/4424/4424
f 4459/4459/4459 4460/4460/4460 4426/4426/4426
f 4460/4460/4460 4428/4428/4428 4426/4426/4426
f 4460/4460/4460 4461/4461/4461 4428/4428/4428
f 4461/4461/4461 4430/4430/4430 4428/4428/4428
f 4461/4461/4461 4462/4462/4462 4430/4430/4430
f 4462/4462/4462 4432/4432/4432 4430/4430/4430
f 4462/4462/4462 4448/4448/4448 4432/4432/4432
f 4448/4448/4448 4434/4434/4434 4432/4432/4432
f 4463/4463/4463 4448/4448/4448 4462/4462/4462
f 4463/4463/4463 4464/4464/4464 4448/4448/4448
f 4465/4465/4465 4464/4464/4464 4463/4463/4463
f 4465/4465/4465 4463/4463/4463 4466/4466/4466
f 4466/4466/4466 4463/4463/4463 4462/4462/4462
f 4466/4466/4466 4462/4462/4462 4461/4461/4461
f 4465/4465/4465 4466/4466/4466 4467/4467/4467
f 4467/4467/4467 4466/4466/4466 4461/4461/4461
f 4467/4467/4467 4461/4461/4461 4460/4460/4460
f 4465/4465/4465 4467/4467/4467 4468/4468/4468
f 4468/4468/4468 4467/4467/4467 4460/4460/4460
f 4468/4468/4468 4460/4460/4460 4459/4459/4459
f 4465/4465/4465 4468/4468/4468 4469/4469/4469
f 4465/4465/4465 4469/4469/4469 4470/4470/4470
f 4465/4465/4465 4470/4470/4470 4471/4471/4471
f 4465/4465/4465 4471/4471/4471 4472/4472/4472
f 4465/4465/4465 4472/4472/4472 4473/4473/4473
f 4465/4465/4465 4473/4473/4473 4474/4474/4474
f 4465/4465/4465 4474/4474/4474 4475/4475/4475
f 4465/4465/4465 4475/4475/4475 4476/4476/4476
f 4465/4465/4465 4476/4476/4476 4477/4477/4477
f 4465/4465/4465 4477/4477/4477 4478/4478/4478
f 4465/4465/4465 4478/4478/4478 4479/4479/4479
f 4465/4465/4465 4480/4480/4480 4464/4464/4464
f 4465/4465/4465 4481/4481/4481 4480/4480/4480
f 4465/4465/4465 4482/4482/4482 4481/4481/4481
f 4465/4465/4465 4483/4483/4483 4482/4482/4482
f 4465/4465/4465 4479/4479/4479 4483/4483/4483
f 4470/4470/4470 4469/4469/4469 4458/4458/4458
f 4469/4469/4469 4459/4459/4459 4458/4458/4458
f 4469/4469/4469 4468/4468/4468 4459/4459/4459
f 4470/4470/4470 4458/4458/4458 4457/4457/4457
f 4471/4471/4471 4470/4470/4470 4457/4457/4457
f 4471/4471/4471 4457/4457/4457 4456/4456/4456
f 4472/4472/4472 4471/4471/4471 4456/4456/4456
f 4472/4472/4472 4456/4456/4456 4455/4455/4455
f 4473/4473/4473 4472/4472/4472 4455/4455/4455
f 4473/4473/4473 4455/4455/4455 4454/4454/4454
f 4474/4474/4474 4473/4473/4473 4454/4454/4454
f 4474/4474/4474 4454/4454/4454 4453/4453/4453
f 4475/4475/4475 4474/4474/4474 4453/4453/4453
f 4475/4475/4475 4453/4453/4453 4452/4452/4452
f 4476/4476/4476 4475/4475/4475 4452/4452/4452
f 4476/4476/4476 4452/4452/4452 4451/4451/4451
f 4477/4477/4477 4476/4476/4476 4451/4451/4451
f 4477/4477/4477 4451/4451/4451 4450/4450/4450
f 4478/4478/4478 4477/4477/4477 4450/4450/4450
f 4478/4478/4478 4450/4450/4450 4449/4449/4449
f 4479/4479/4479 4478/4478/4478 4449/4449/4449
f 4479/4479/4479 4449/4449/4449 4484/4484/4484
f 4484/4484/4484 4449/4449/4449 4444/4444/4444
f 4484/4484/4484 4444/4444/4444 4442/4442/4442
f 4485/4485/4485 4484/4484/4484 4442/4442/4442
f 4485/4485/4485 4442/4442/4442 4440/4440/4440
f 4486/4486/4486 4485/4485/4485 4440/4440/4440
f 4486/4486/4486 4440/4440/4440 4438/4438/4438
f 4446/4446/4446 4486/4486/4486 4438/4438/4438
f 4483/4483/4483 4479/4479/4479 4484/4484/4484
f 4483/4483/4483 4484/4484/4484 4485/4485/4485
f 4482/4482/4482 4483/4483/4483 4485/4485/4485
f 4482/4482/4482 4485/4485/4485 4486/4486/4486
f 4481/4481/4481 4482/4482/4482 4486/4486/4486
f 4481/4481/4481 4486/4486/4486 4446/4446/4446
f 4480/4480/4480 4481/4481/4481 4446/4446/4446
f 4480/4480/4480 4446/4446/4446 4447/4447/4447
f 4464/4464/4464 4480/4480/4480 4447/4447/4447
f 4464/4464/4464 4447/4447/4447 4448/4448/4448
f 4489/4489/4489 4488/4488/4488 4487/4487/4487
f 4489/4489/4489 4487/4487/4487 4490/4490/4490
f 4489/4489/4489 4490/4490/4490 4491/4491/4491
f 4489/4489/4489 4491/4491/4491 4492/4492/4492
f 4489/4489/4489 4493/4493/4493 4488/4488/4488
f 4496/4496/4496 4495/4495/4495 4494/4494/4494
f 4496/4496/4496 4494/4494/4494 4497/4497/4497
f 4496/4496/4496 4497/4497/4497 4498/4498/4498
f 4496/4496/4496 4498/4498/4498 4499/4499/4499
f 4496/4496/4496 4499/4499/4499 4500/4500/4500
f 4503/4503/4503 4502/4502/4502 4501/4501/4501
f 4503/4503/4503 4501/4501/4501 4504/4504/4504
f 4503/4503/4503 4504/4504/4504 4505/4505/4505
f 4503/4503/4503 4505/4505/4505 4506/4506/4506
f 4503/4503/4503 4506/4506/4506 4507/4507/4507
f 4510/4510/4510 4509/4509/4509 4508/4508/4508
f 4510/4510/4510 4508/4508/4508 4511/4511/4511
f 4510/4510/4510 4511/4511/4511 4512/4512/4512
f 4510/4510/4510 4512/4512/4512 4513/4513/4513
f 4510/4510/4510 4513/4513/4513 4514/4514/4514
f 4517/4517/4517 4516/4516/4516 4515/4515/4515
f 4518/4518/4518 4517/4517/4517 4515/4515/4515
f 4517/4517/4517 4519/4519/4519 4516/4516/4516
f 4519/4519/4519 4520/4520/4520 4516/4516/4516
f 4519/4519/4519 4521/4521/4521 4520/4520/4520
f 4521/4521/4521 4522/4522/4522 4520/4520/4520
f 4521/4521/4521 4523/4523/4523 4522/4522/4522
f 4523/4523/4523 4524/4524/4524 4522/4522/4522
f 4523/4523/4523 4525/4525/4525 4524/4524/4524
f 4525/4525/4525 4526/4526/4526 4524/4524/4524
f 4525/4525/4525 4527/4527/4527 4526/4526/4526
f 4527/4527/4527 4528/4528/4528 4526/4526/4526
f 4527/4527/4527 4529/4529/4529 4528/4528/4528
f 4529/4529/4529 4530/4530/4530 4528/4528/4528
f 4529/4529/4529 4531/4531/4531 4530/4530/4530
f 4531/4531/4531 4532/4532/4532 4530/4530/4530
f 4518/4518/4518 4515/4515/4515 4533/4533/4533
f 4534/4534/4534 4518/4518/4518 4533/4533/4533
f 4534/4534/4534 4533/4533/4533 4535/4535/4535
f 4536/4536/4536 4534/4534/4534 4535/4535/4535
f 4536/4536/4536 4535/4535/4535 4537/4537/4537
f 4538/4538/4538 4536/4536/4536 4537/4537/4537
f 4538/4538/4538 4537/4537/4537 4539/4539/4539
f 4540/4540/4540 4538/4538/4538 4539/4539/4539
f 4543/4543/4543 4542/4542/4542 4541/4541/4541
f 4543/4543/4543 4544/4544/4544 4542/4542/4542
f 4543/4543/4543 4545/4545/4545 4544/4544/4544
f 4543/4543/4543 4546/4546/4546 4545/4545/4545
f 4543/4543/4543 4547/4547/4547 4546/4546/4546
f 4543/4543/4543 4548/4548/4548 4547/4547/4547
f 4543/4543/4543 4549/4549/4549 4548/4548/4548
f 4543/4543/4543 4550/4550/4550 4549/4549/4549
f 4543/4543/4543 4551/4551/4551 4550/4550/4550
f 4543/4543/4543 4552/4552/4552 4551/4551/4551
f 4543/4543/4543 4553/4553/4553 4552/4552/4552
f 4543/4543/4543 4541/4541/4541 4553/4553/4553
f 4556/4556/4556 4555/4555/4555 4554/4554/4554
f 4557/4557/4557 4556/4556/4556 4554/4554/4554
f 4556/4556/4556 4558/4558/4558 4555/4555/4555
f 4558/4558/4558 4559/4559/4559 4555/4555/4555
f 4558/4558/4558 4560/4560/4560 4559/4559/4559
f 4560/4560/4560 4561/4561/4561 4559/4559/4559
f 4560/4560/4560 4562/4562/4562 4561/4561/4561
f 4562/4562/4562 4563/4563/4563 4561/4561/4561
f 4562/4562/4562 4564/4564/4564 4563/4563/4563
f 4564/4564/4564 4565/4565/4565 4563/4563/4563
f 4564/4564/4564 4566/4566/4566 4565/4565/4565
f 4566/4566/4566 4567/4567/4567 4565/4565/4565
f 4566/4566/4566 4568/4568/4568 4567/4567/4567
f 4568/4568/4568 4569/4569/4569 4567/4567/4567
f 4568/4568/4568 4570/4570/4570 4569/4569/4569
f 4570/4570/4570 4571/4571/4571 4569/4569/4569
f 4557/4557/4557 4554/4554/4554 4572/4572/4572
f 4573/4573/4573 4557/4557/4557 4572/4572/4572
f 4573/4573/4573 4572/4572/4572 4574/4574/4574
f 4575/4575/4575 4573/4573/4573 4574/4574/4574
f 4575/4575/4575 4574/4574/4574 4576/4576/4576
f 4577/4577/4577 4575/4575/4575 4576/4576/4576
f 4577/4577/4577 4576/4576/4576 4578/4578/4578
f 4579/4579/4579 4577/4577/4577 4578/4578/4578
f 4582/4582/4582 4581/4581/4581 4580/4580/4580
f 4583/4583/4583 4582/4582/4582 4580/4580/4580
f 4582/4582/4582 4584/4584/4584 4581/4581/4581
f 4584/4584/4584 4585/4585/4585 4581/4581/4581
f 4584/4584/4584 4586/4586/4586 4585/4585/4585
f 4586/4586/4586 4587/4587/4587 4585/4585/4585
f 4586/4586/4586 4588/4588/4588 4587/4587/4587
f 4588/4588/4588 4589/4589/4589 4587/4587/4587
f 4588/4588/4588 4590/4590/4590 4589/4589/4589
f 4590/4590/4590 4591/4591/4591 4589/4589/4589
f 4590/4590/4590 4592/4592/4592 4591/4591/4591
f 4592/4592/4592 4593/4593/4593 4591/4591/4591
f 4592/4592/4592 4594/4594/4594 4593/4593/4593
f 4594/4594/4594 4595/4595/4595 4593/4593/4593
f 4594/4594/4594 4596/4596/4596 4595/4595/4595
f 4596/4596/4596 4597/4597/4597 4595/4595/4595
f 4583/4583/4583 4580/4580/4580 4598/4598/4598
f 4599/4599/4599 4583/4583/4583 4598/4598/4598
f 4599/4599/4599 4598/4598/4598 4600/4600/4600
f 4601/4601/4601 4599/4599/4599 4600/4600/4600
f 4601/4601/4601 4600/4600/4600 4602/4602/4602
f 4603/4603/4603 4601/4601/4601 4602/4602/4602
f 4603/4603/4603 4602/4602/4602 4604/4604/4604
f 4605/4605/4605 4603/4603/4603 4604/4604/4604
f 4608/4608/4608 4607/4607/4607 4606/4606/4606
f 4609/4609/4609 4608/4608/4608 4606/4606/4606
f 4608/4608/4608 4610/4610/4610 4607/4607/4607
f 4610/4610/4610 4611/4611/4611 4607/4607/4607
f 4611/4611/4611 4610/4610/4610 4612/4612/4612
f 4613/4613/4613 4611/4611/4611 4612/4612/4612
f 4609/4609/4609 4606/4606/4606 4614/4614/4614
f 4615/4615/4615 4609/4609/4609 4614/4614/4614
f 4618/4618/4618 4617/4617/4617 4616/4616/4616
f 4619/4619/4619 4618/4618/4618 4616/4616/4616
f 4617/4617/4617 4618/4618/4618 4620/4620/4620
f 4621/4621/4621 4617/4617/4617 4620/4620/4620
f 4621/4621/4621 4620/4620/4620 4622/4622/4622
f 4623/4623/4623 4621/4621/4621 4622/4622/4622
f 4623/4623/4623 4622/4622/4622 4624/4624/4624
f 4625/4625/4625 4623/4623/4623 4624/4624/4624
f 4624/4624/4624 4627/4627/4627 4626/4626/4626
f 4627/4627/4627 4628/4628/4628 4626/4626/4626
f 4627/4627/4627 4629/4629/4629 4628/4628/4628
f 4629/4629/4629 4630/4630/4630 4628/4628/4628
f 4629/4629/4629 4631/4631/4631 4630/4630/4630
f 4631/4631/4631 4632/4632/4632 4630/4630/4630
f 4631/4631/4631 4633/4633/4633 4632/4632/4632
f 4633/4633/4633 4634/4634/4634 4632/4632/4632
f 4625/4625/4625 4636/4636/4636 4635/4635/4635
f 4637/4637/4637 4625/4625/4625 4635/4635/4635
f 4637/4637/4637 4635/4635/4635 4638/4638/4638
f 4639/4639/4639 4637/4637/4637 4638/4638/4638
f 4639/4639/4639 4638/4638/4638 4640/4640/4640
f 4641/4641/4641 4639/4639/4639 4640/4640/4640
f 4641/4641/4641 4640/4640/4640 4642/4642/4642
f 4643/4643/4643 4641/4641/4641 4642/4642/4642
f 4646/4646/4646 4645/4645/4645 4644/4644/4644
f 4647/4647/4647 4646/4646/4646 4644/4644/4644
f 4648/4648/4648 4644/4644/4644 4645/4645/4645
f 4649/4649/4649 4648/4648/4648 4645/4645/4645
f 4650/4650/4650 4648/4648/4648 4649/4649/4649
f 4651/4651/4651 4650/4650/4650 4649/4649/4649
f 4650/4650/4650 4651/4651/4651 4652/4652/4652
f 4651/4651/4651 4653/4653/4653 4652/4652/4652
f 4653/4653/4653 4651/4651/4651 4654/4654/4654
f 4651/4651/4651 4655/4655/4655 4654/4654/4654
f 4655/4655/4655 4651/4651/4651 4649/4649/4649
f 4656/4656/4656 4645/4645/4645 4646/4646/4646
f 4657/4657/4657 4656/4656/4656 4646/4646/4646
f 4658/4658/4658 4649/4649/4649 4645/4645/4645
f 4656/4656/4656 4658/4658/4658 4645/4645/4645
f 4658/4658/4658 4655/4655/4655 4649/4649/4649
f 4661/4661/4661 4660/4660/4660 4659/4659/4659
f 4662/4662/4662 4661/4661/4661 4659/4659/4659
f 4665/4665/4665 4664/4664/4664 4663/4663/4663
f 4666/4666/4666 4665/4665/4665 4663/4663/4663
f 4665/4665/4665 4667/4667/4667 4664/4664/4664
f 4667/4667/4667 4668/4668/4668 4664/4664/4664
f 4666/4666/4666 4663/4663/4663 4669/4669/4669
f 4663/4663/4663 4670/4670/4670 4669/4669/4669
f 4663/4663/4663 4671/4671/4671 4670/4670/4670
f 4667/4667/4667 4672/4672/4672 4668/4668/4668
f 4672/4672/4672 4673/4673/4673 4668/4668/4668
f 4674/4674/4674 4673/4673/4673 4672/4672/4672
f 4675/4675/4675 4674/4674/4674 4672/4672/4672
f 4674/4674/4674 4675/4675/4675 4676/4676/4676
f 4675/4675/4675 4677/4677/4677 4676/4676/4676
f 4676/4676/4676 4677/4677/4677 4678/4678/4678
f 4679/4679/4679 4676/4676/4676 4678/4678/4678
f 4678/4678/4678 4680/4680/4680 4679/4679/4679
f 4680/4680/4680 4681/4681/4681 4679/4679/4679
f 4681/4681/4681 4682/4682/4682 4679/4679/4679
f 4673/4673/4673 4674/4674/4674 4683/4683/4683
f 4673/4673/4673 4684/4684/4684 4668/4668/4668
f 4685/4685/4685 4680/4680/4680 4678/4678/4678
f 4686/4686/4686 4685/4685/4685 4678/4678/4678
f 4678/4678/4678 4677/4677/4677 4686/4686/4686
f 4687/4687/4687 4685/4685/4685 4686/4686/4686
f 4688/4688/4688 4687/4687/4687 4686/4686/4686
f 4686/4686/4686 4689/4689/4689 4688/4688/4688
f 4677/4677/4677 4689/4689/4689 4686/4686/4686
f 4689/4689/4689 4677/4677/4677 4675/4675/4675
f 4689/4689/4689 4690/4690/4690 4688/4688/4688
f 4690/4690/4690 4689/4689/4689 4691/4691/4691
f 4692/4692/4692 4690/4690/4690 4691/4691/4691
f 4692/4692/4692 4691/4691/4691 4693/4693/4693
f 4691/4691/4691 4694/4694/4694 4693/4693/4693
f 4693/4693/4693 4694/4694/4694 4695/4695/4695
f 4696/4696/4696 4693/4693/4693 4695/4695/4695
f 4696/4696/4696 4695/4695/4695 4697/4697/4697
f 4698/4698/4698 4696/4696/4696 4697/4697/4697
f 4698/4698/4698 4697/4697/4697 4699/4699/4699
f 4700/4700/4700 4698/4698/4698 4699/4699/4699
f 4700/4700/4700 4699/4699/4699 4701/4701/4701
f 4699/4699/4699 4702/4702/4702 4701/4701/4701
f 4697/4697/4697 4695/4695/4695 4665/4665/4665
f 4695/4695/4695 4667/4667/4667 4665/4665/4665
f 4695/4695/4695 4694/4694/4694 4667/4667/4667
f 4697/4697/4697 4665/4665/4665 4666/4666/4666
f 4699/4699/4699 4697/4697/4697 4666/4666/4666
f 4699/4699/4699 4666/4666/4666 4702/4702/4702
f 4666/4666/4666 4669/4669/4669 4702/4702/4702
f 4691/4691/4691 4675/4675/4675 4694/4694/4694
f 4691/4691/4691 4689/4689/4689 4675/4675/4675
f 4675/4675/4675 4672/4672/4672 4694/4694/4694
f 4694/4694/4694 4672/4672/4672 4667/4667/4667
f 4668/4668/4668 4703/4703/4703 4664/4664/4664
f 4664/4664/4664 4704/4704/4704 4663/4663/4663
f 4705/4705/4705 4676/4676/4676 4679/4679/4679
f 4674/4674/4674 4676/4676/4676 4706/4706/4706
f 4709/4709/4709 4708/4708/4708 4707/4707/4707
f 4710/4710/4710 4709/4709/4709 4707/4707/4707
f 4709/4709/4709 4711/4711/4711 4708/4708/4708
f 4711/4711/4711 4712/4712/4712 4708/4708/4708
f 4712/4712/4712 4711/4711/4711 4713/4713/4713
f 4714/4714/4714 4712/4712/4712 4713/4713/4713
f 4713/4713/4713 4715/4715/4715 4714/4714/4714
f 4715/4715/4715 4716/4716/4716 4714/4714/4714
f 4717/4717/4717 4707/4707/4707 4708/4708/4708
f 4718/4718/4718 4717/4717/4717 4708/4708/4708
f 4719/4719/4719 4714/4714/4714 4716/4716/4716
f 4714/4714/4714 4719/4719/4719 4712/4712/4712
f 4720/4720/4720 4719/4719/4719 4716/4716/4716
f 4719/4719/4719 4721/4721/4721 4712/4712/4712
f 4721/4721/4721 4718/4718/4718 4708/4708/4708
f 4712/4712/4712 4721/4721/4721 4708/4708/4708
f 4724/4724/4724 4723/4723/4723 4722/4722/4722
f 4725/4725/4725 4724/4724/4724 4722/4722/4722
f 4724/4724/4724 4726/4726/4726 4723/4723/4723
f 4726/4726/4726 4727/4727/4727 4723/4723/4723
f 4727/4727/4727 4726/4726/4726 4728/4728/4728
f 4729/4729/4729 4727/4727/4727 4728/4728/4728
f 4730/4730/4730 4724/4724/4724 4725/4725/4725
f 4724/4724/4724 4730/4730/4730 4726/4726/4726
f 4731/4731/4731 4730/4730/4730 4725/4725/4725
f 4726/4726/4726 4732/4732/4732 4728/4728/4728
f 4730/4730/4730 4732/4732/4732 4726/4726/4726
f 4732/4732/4732 4733/4733/4733 4728/4728/4728
f 4736/4736/4736 4735/4735/4735 4734/4734/4734
f 4737/4737/4737 4736/4736/4736 4734/4734/4734
f 4736/4736/4736 4738/4738/4738 4735/4735/4735
f 4738/4738/4738 4739/4739/4739 4735/4735/4735
f 4739/4739/4739 4738/4738/4738 4740/4740/4740
f 4741/4741/4741 4739/4739/4739 4740/4740/4740
f 4740/4740/4740 4742/4742/4742 4741/4741/4741
f 4742/4742/4742 4743/4743/4743 4741/4741/4741
f 4742/4742/4742 4744/4744/4744 4743/4743/4743
f 4744/4744/4744 4745/4745/4745 4743/4743/4743
f 4739/4739/4739 4745/4745/4745 4735/4735/4735
f 4741/4741/4741 4743/4743/4743 4745/4745/4745
f 4739/4739/4739 4741/4741/4741 4745/4745/4745
f 4745/4745/4745 4744/4744/4744 4746/4746/4746
f 4747/4747/4747 4745/4745/4745 4746/4746/4746
f 4745/4745/4745 4747/4747/4747 4735/4735/4735
f 4747/4747/4747 4746/4746/4746 4748/4748/4748
f 4749/4749/4749 4747/4747/4747 4748/4748/4748
f 4749/4749/4749 4734/4734/4734 4735/4735/4735
f 4747/4747/4747 4749/4749/4749 4735/4735/4735
f 4752/4752/4752 4751/4751/4751 4750/4750/4750
f 4753/4753/4753 4752/4752/4752 4750/4750/4750
f 4753/4753/4753 4750/4750/4750 4754/4754/4754
f 4750/4750/4750 4755/4755/4755 4754/4754/4754
f 4755/4755/4755 4756/4756/4756 4754/4754/4754
f 4756/4756/4756 4757/4757/4757 4754/4754/4754
f 4760/4760/4760 4759/4759/4759 4758/4758/4758
f 4761/4761/4761 4760/4760/4760 4758/4758/4758
f 4760/4760/4760 4762/4762/4762 4759/4759/4759
f 4762/4762/4762 4763/4763/4763 4759/4759/4759
f 4762/4762/4762 4764/4764/4764 4763/4763/4763
f 4764/4764/4764 4765/4765/4765 4763/4763/4763
f 4763/4763/4763 4765/4765/4765 4766/4766/4766
f 4765/4765/4765 4767/4767/4767 4766/4766/4766
f 4766/4766/4766 4767/4767/4767 4768/4768/4768
f 4767/4767/4767 4769/4769/4769 4768/4768/4768
f 4766/4766/4766 4768/4768/4768 4770/4770/4770
f 4771/4771/4771 4766/4766/4766 4770/4770/4770
f 4763/4763/4763 4766/4766/4766 4771/4771/4771
f 4759/4759/4759 4763/4763/4763 4771/4771/4771
f 4771/4771/4771 4770/4770/4770 4772/4772/4772
f 4773/4773/4773 4771/4771/4771 4772/4772/4772
f 4759/4759/4759 4771/4771/4771 4773/4773/4773
f 4758/4758/4758 4759/4759/4759 4773/4773/4773
f 4772/4772/4772 4770/4770/4770 4774/4774/4774
f 4770/4770/4770 4775/4775/4775 4774/4774/4774
f 4774/4774/4774 4775/4775/4775 4776/4776/4776
f 4775/4775/4775 4777/4777/4777 4776/4776/4776
f 4776/4776/4776 4777/4777/4777 4778/4778/4778
f 4777/4777/4777 4779/4779/4779 4778/4778/4778
f 4778/4778/4778 4779/4779/4779 4780/4780/4780
f 4779/4779/4779 4781/4781/4781 4780/4780/4780
f 4779/4779/4779 4782/4782/4782 4781/4781/4781
f 4782/4782/4782 4783/4783/4783 4781/4781/4781
f 4782/4782/4782 4784/4784/4784 4783/4783/4783
f 4784/4784/4784 4785/4785/4785 4783/4783/4783
f 4786/4786/4786 4784/4784/4784 4782/4782/4782
f 4787/4787/4787 4786/4786/4786 4782/4782/4782
f 4787/4787/4787 4782/4782/4782 4779/4779/4779
f 4777/4777/4777 4787/4787/4787 4779/4779/4779
f 4783/4783/4783 4785/4785/4785 4788/4788/4788
f 4785/4785/4785 4789/4789/4789 4788/4788/4788
f 4788/4788/4788 4789/4789/4789 4790/4790/4790
f 4789/4789/4789 4791/4791/4791 4790/4790/4790
f 4788/4788/4788 4790/4790/4790 4792/4792/4792
f 4793/4793/4793 4788/4788/4788 4792/4792/4792
f 4783/4783/4783 4788/4788/4788 4793/4793/4793
f 4781/4781/4781 4783/4783/4783 4793/4793/4793
f 4793/4793/4793 4792/4792/4792 4794/4794/4794
f 4795/4795/4795 4793/4793/4793 4794/4794/4794
f 4781/4781/4781 4793/4793/4793 4795/4795/4795
f 4780/4780/4780 4781/4781/4781 4795/4795/4795
f 4790/4790/4790 4791/4791/4791 4796/4796/4796
f 4791/4791/4791 4797/4797/4797 4796/4796/4796
f 4796/4796/4796 4797/4797/4797 4798/4798/4798
f 4797/4797/4797 4799/4799/4799 4798/4798/4798
f 4796/4796/4796 4798/4798/4798 4800/4800/4800
f 4801/4801/4801 4796/4796/4796 4800/4800/4800
f 4790/4790/4790 4796/4796/4796 4801/4801/4801
f 4792/4792/4792 4790/4790/4790 4801/4801/4801
f 4801/4801/4801 4800/4800/4800 4802/4802/4802
f 4803/4803/4803 4801/4801/4801 4802/4802/4802
f 4792/4792/4792 4801/4801/4801 4803/4803/4803
f 4794/4794/4794 4792/4792/4792 4803/4803/4803
f 4798/4798/4798 4799/4799/4799 4804/4804/4804
f 4799/4799/4799 4805/4805/4805 4804/4804/4804
f 4804/4804/4804 4805/4805/4805 4806/4806/4806
f 4805/4805/4805 4807/4807/4807 4806/4806/4806
f 4804/4804/4804 4806/4806/4806 4808/4808/4808
f 4809/4809/4809 4804/4804/4804 4808/4808/4808
f 4798/4798/4798 4804/4804/4804 4809/4809/4809
f 4800/4800/4800 4798/4798/4798 4809/4809/4809
f 4809/4809/4809 4808/4808/4808 4810/4810/4810
f 4811/4811/4811 4809/4809/4809 4810/4810/4810
f 4800/4800/4800 4809/4809/4809 4811/4811/4811
f 4802/4802/4802 4800/4800/4800 4811/4811/4811
f 4814/4814/4814 4813/4813/4813 4812/4812/4812
f 4815/4815/4815 4814/4814/4814 4812/4812/4812
f 4814/4814/4814 4816/4816/4816 4813/4813/4813
f 4816/4816/4816 4817/4817/4817 4813/4813/4813
f 4816/4816/4816 4818/4818/4818 4817/4817/4817
f 4818/4818/4818 4819/4819/4819 4817/4817/4817
f 4817/4817/4817 4819/4819/4819 4762/4762/4762
f 4819/4819/4819 4764/4764/4764 4762/4762/4762
f 4817/4817/4817 4762/4762/4762 4760/4760/4760
f 4813/4813/4813 4817/4817/4817 4760/4760/4760
f 4813/4813/4813 4760/4760/4760 4761/4761/4761
f 4812/4812/4812 4813/4813/4813 4761/4761/4761
f 4820/4820/4820 4818/4818/4818 4816/4816/4816
f 4821/4821/4821 4820/4820/4820 4816/4816/4816
f 4821/4821/4821 4816/4816/4816 4814/4814/4814
f 4822/4822/4822 4820/4820/4820 4821/4821/4821
f 4823/4823/4823 4822/4822/4822 4821/4821/4821
f 4823/4823/4823 4821/4821/4821 4824/4824/4824
f 4824/4824/4824 4821/4821/4821 4814/4814/4814
f 4824/4824/4824 4814/4814/4814 4815/4815/4815
f 4825/4825/4825 4823/4823/4823 4824/4824/4824
f 4825/4825/4825 4824/4824/4824 4826/4826/4826
f 4826/4826/4826 4824/4824/4824 4815/4815/4815
f 4827/4827/4827 4825/4825/4825 4826/4826/4826
f 4828/4828/4828 4822/4822/4822 4823/4823/4823
f 4829/4829/4829 4828/4828/4828 4823/4823/4823
f 4829/4829/4829 4823/4823/4823 4825/4825/4825
f 4830/4830/4830 4829/4829/4829 4825/4825/4825
f 4830/4830/4830 4825/4825/4825 4827/4827/4827
f 4831/4831/4831 4830/4830/4830 4827/4827/4827
f 4834/4834/4834 4833/4833/4833 4832/4832/4832
f 4835/4835/4835 4834/4834/4834 4832/4832/4832
f 4835/4835/4835 4832/4832/4832 4836/4836/4836
f 4837/4837/4837 4835/4835/4835 4836/4836/4836
f 4838/4838/4838 4834/4834/4834 4835/4835/4835
f 4839/4839/4839 4838/4838/4838 4835/4835/4835
f 4839/4839/4839 4835/4835/4835 4837/4837/4837
f 4840/4840/4840 4839/4839/4839 4837/4837/4837
f 4832/4832/4832 4833/4833/4833 4841/4841/4841
f 4842/4842/4842 4832/4832/4832 4841/4841/4841
f 4836/4836/4836 4832/4832/4832 4842/4842/4842
f 4843/4843/4843 4836/4836/4836 4842/4842/4842
f 4838/4838/4838 4839/4839/4839 4844/4844/4844
f 4845/4845/4845 4838/4838/4838 4844/4844/4844
f 4839/4839/4839 4840/4840/4840 4846/4846/4846
f 4844/4844/4844 4839/4839/4839 4846/4846/4846
f 4849/4849/4849 4848/4848/4848 4847/4847/4847
f 4850/4850/4850 4849/4849/4849 4847/4847/4847
f 4847/4847/4847 4848/4848/4848 4851/4851/4851
f 4848/4848/4848 4852/4852/4852 4851/4851/4851
f 4850/4850/4850 4847/4847/4847 4853/4853/4853
f 4854/4854/4854 4850/4850/4850 4853/4853/4853
f 4855/4855/4855 4850/4850/4850 4854/4854/4854
f 4856/4856/4856 4855/4855/4855 4854/4854/4854
f 4857/4857/4857 4855/4855/4855 4856/4856/4856
f 4858/4858/4858 4857/4857/4857 4856/4856/4856
f 4847/4847/4847 4851/4851/4851 4859/4859/4859
f 4853/4853/4853 4847/4847/4847 4859/4859/4859
f 4859/4859/4859 4851/4851/4851 4860/4860/4860
f 4851/4851/4851 4861/4861/4861 4860/4860/4860
f 4862/4862/4862 4857/4857/4857 4858/4858/4858
f 4863/4863/4863 4862/4862/4862 4858/4858/4858
f 4864/4864/4864 4862/4862/4862 4863/4863/4863
f 4865/4865/4865 4864/4864/4864 4863/4863/4863
f 4860/4860/4860 4861/4861/4861 4866/4866/4866
f 4861/4861/4861 4867/4867/4867 4866/4866/4866
f 4866/4866/4866 4867/4867/4867 4868/4868/4868
f 4867/4867/4867 4869/4869/4869 4868/4868/4868
f 4868/4868/4868 4869/4869/4869 4870/4870/4870
f 4869/4869/4869 4871/4871/4871 4870/4870/4870
f 4870/4870/4870 4871/4871/4871 4872/4872/4872
f 4871/4871/4871 4873/4873/4873 4872/4872/4872
f 4872/4872/4872 4873/4873/4873 4874/4874/4874
f 4873/4873/4873 4875/4875/4875 4874/4874/4874
f 4874/4874/4874 4875/4875/4875 4876/4876/4876
f 4875/4875/4875 4877/4877/4877 4876/4876/4876
f 4876/4876/4876 4877/4877/4877 4878/4878/4878
f 4877/4877/4877 4879/4879/4879 4878/4878/4878
f 4880/4880/4880 4864/4864/4864 4865/4865/4865
f 4881/4881/4881 4880/4880/4880 4865/4865/4865
f 4882/4882/4882 4880/4880/4880 4881/4881/4881
f 4883/4883/4883 4882/4882/4882 4881/4881/4881
f 4884/4884/4884 4882/4882/4882 4883/4883/4883
f 4885/4885/4885 4884/4884/4884 4883/4883/4883
f 4886/4886/4886 4884/4884/4884 4885/4885/4885
f 4887/4887/4887 4886/4886/4886 4885/4885/4885
f 4889/4889/4889 4888/4888/4888 4777/4777/4777
f 4775/4775/4775 4889/4889/4889 4777/4777/4777
f 4890/4890/4890 4889/4889/4889 4775/4775/4775
f 4770/4770/4770 4890/4890/4890 4775/4775/4775
f 4893/4893/4893 4892/4892/4892 4891/4891/4891
f 4894/4894/4894 4893/4893/4893 4891/4891/4891
f 4895/4895/4895 4893/4893/4893 4894/4894/4894
f 4896/4896/4896 4895/4895/4895 4894/4894/4894
f 4897/4897/4897 4895/4895/4895 4896/4896/4896
f 4898/4898/4898 4897/4897/4897 4896/4896/4896
f 4899/4899/4899 4897/4897/4897 4898/4898/4898
f 4900/4900/4900 4899/4899/4899 4898/4898/4898
f 4901/4901/4901 4899/4899/4899 4900/4900/4900
f 4902/4902/4902 4901/4901/4901 4900/4900/4900
f 4903/4903/4903 4901/4901/4901 4902/4902/4902
f 4904/4904/4904 4903/4903/4903 4902/4902/4902
f 4905/4905/4905 4903/4903/4903 4904/4904/4904
f 4906/4906/4906 4905/4905/4905 4904/4904/4904
f 4907/4907/4907 4905/4905/4905 4906/4906/4906
f 4908/4908/4908 4907/4907/4907 4906/4906/4906
f 4909/4909/4909 4907/4907/4907 4908/4908/4908
f 4910/4910/4910 4909/4909/4909 4908/4908/4908
f 4911/4911/4911 4909/4909/4909 4910/4910/4910
f 4912/4912/4912 4911/4911/4911 4910/4910/4910
f 4913/4913/4913 4911/4911/4911 4912/4912/4912
f 4914/4914/4914 4913/4913/4913 4912/4912/4912
f 4915/4915/4915 4913/4913/4913 4914/4914/4914
f 4916/4916/4916 4915/4915/4915 4914/4914/4914
f 4917/4917/4917 4915/4915/4915 4916/4916/4916
f 4918/4918/4918 4917/4917/4917 4916/4916/4916
f 4921/4921/4921 4920/4920/4920 4919/4919/4919
f 4922/4922/4922 4921/4921/4921 4919/4919/4919
f 4892/4892/4892 4921/4921/4921 4922/4922/4922
f 4891/4891/4891 4892/4892/4892 4922/4922/4922
f 4919/4919/4919 4920/4920/4920 4923/4923/4923
f 4920/4920/4920 4924/4924/4924 4923/4923/4923
f 4923/4923/4923 4924/4924/4924 4925/4925/4925
f 4924/4924/4924 4926/4926/4926 4925/4925/4925
f 4925/4925/4925 4926/4926/4926 4927/4927/4927
f 4926/4926/4926 4928/4928/4928 4927/4927/4927
f 4931/4931/4931 4930/4930/4930 4929/4929/4929
f 4932/4932/4932 4931/4931/4931 4929/4929/4929
f 4933/4933/4933 4931/4931/4931 4932/4932/4932
f 4934/4934/4934 4933/4933/4933 4932/4932/4932
f 4935/4935/4935 4933/4933/4933 4934/4934/4934
f 4936/4936/4936 4935/4935/4935 4934/4934/4934
f 4937/4937/4937 4935/4935/4935 4936/4936/4936
f 4938/4938/4938 4937/4937/4937 4936/4936/4936
f 4939/4939/4939 4937/4937/4937 4938/4938/4938
f 4940/4940/4940 4939/4939/4939 4938/4938/4938
f 4941/4941/4941 4939/4939/4939 4940/4940/4940
f 4942/4942/4942 4941/4941/4941 4940/4940/4940
f 4943/4943/4943 4941/4941/4941 4942/4942/4942
f 4944/4944/4944 4943/4943/4943 4942/4942/4942
f 4945/4945/4945 4943/4943/4943 4944/4944/4944
f 4946/4946/4946 4945/4945/4945 4944/4944/4944
f 4947/4947/4947 4945/4945/4945 4946/4946/4946
f 4948/4948/4948 4947/4947/4947 4946/4946/4946
f 4949/4949/4949 4947/4947/4947 4948/4948/4948
f 4950/4950/4950 4949/4949/4949 4948/4948/4948
f 4951/4951/4951 4949/4949/4949 4950/4950/4950
f 4952/4952/4952 4951/4951/4951 4950/4950/4950
f 4953/4953/4953 4951/4951/4951 4952/4952/4952
f 4954/4954/4954 4953/4953/4953 4952/4952/4952
f 4955/4955/4955 4953/4953/4953 4954/4954/4954
f 4956/4956/4956 4955/4955/4955 4954/4954/4954
f 4957/4957/4957 4955/4955/4955 4956/4956/4956
f 4958/4958/4958 4957/4957/4957 4956/4956/4956
f 4959/4959/4959 4957/4957/4957 4958/4958/4958
f 4960/4960/4960 4959/4959/4959 4958/4958/4958
f 4961/4961/4961 4959/4959/4959 4960/4960/4960
f 4962/4962/4962 4961/4961/4961 4960/4960/4960
f 4963/4963/4963 4961/4961/4961 4962/4962/4962
f 4964/4964/4964 4963/4963/4963 4962/4962/4962
f 4965/4965/4965 4963/4963/4963 4964/4964/4964
f 4966/4966/4966 4965/4965/4965 4964/4964/4964
f 4967/4967/4967 4965/4965/4965 4966/4966/4966
f 4968/4968/4968 4967/4967/4967 4966/4966/4966
f 4930/4930/4930 4967/4967/4967 4968/4968/4968
f 4929/4929/4929 4930/4930/4930 4968/4968/4968
f 4971/4971/4971 4970/4970/4970 4969/4969/4969
f 4969/4969/4969 4970/4970/4970 4972/4972/4972
f 4972/4972/4972 4970/4970/4970 4973/4973/4973
f 4973/4973/4973 4970/4970/4970 4974/4974/4974
f 4974/4974/4974 4970/4970/4970 4975/4975/4975
f 4975/4975/4975 4970/4970/4970 4976/4976/4976
f 4976/4976/4976 4970/4970/4970 4977/4977/4977
f 4977/4977/4977 4970/4970/4970 4978/4978/4978
f 4978/4978/4978 4970/4970/4970 4979/4979/4979
f 4979/4979/4979 4970/4970/4970 4980/4980/4980
f 4980/4980/4980 4970/4970/4970 4981/4981/4981
f 4981/4981/4981 4970/4970/4970 4982/4982/4982
f 4982/4982/4982 4970/4970/4970 4983/4983/4983
f 4983/4983/4983 4970/4970/4970 4984/4984/4984
f 4984/4984/4984 4970/4970/4970 4985/4985/4985
f 4985/4985/4985 4970/4970/4970 4986/4986/4986
f 4986/4986/4986 4970/4970/4970 4987/4987/4987
f 4987/4987/4987 4970/4970/4970 4988/4988/4988
f 4988/4988/4988 4970/4970/4970 4989/4989/4989
f 4989/4989/4989 4970/4970/4970 4971/4971/4971
f 4992/4992/4992 4991/4991/4991 4990/4990/4990
f 4993/4993/4993 4992/4992/4992 4990/4990/4990
f 4990/4990/4990 4991/4991/4991 4994/4994/4994
f 4991/4991/4991 4995/4995/4995 4994/4994/4994
f 4994/4994/4994 4995/4995/4995 4996/4996/4996
f 4995/4995/4995 4997/4997/4997 4996/4996/4996
f 4996/4996/4996 4997/4997/4997 4998/4998/4998
f 4997/4997/4997 4999/4999/4999 4998/4998/4998
f 4998/4998/4998 4999/4999/4999 5000/5000/5000
f 4999/4999/4999 5001/5001/5001 5000/5000/5000
f 5000/5000/5000 5001/5001/5001 5002/5002/5002
f 5001/5001/5001 5003/5003/5003 5002/5002/5002
f 5004/5004/5004 4992/4992/4992 4993/4993/4993
f 5005/5005/5005 5004/5004/5004 4993/4993/4993
f 5006/5006/5006 5004/5004/5004 5005/5005/5005
f 5007/5007/5007 5006/5006/5006 5005/5005/5005
f 5008/5008/5008 5006/5006/5006 5007/5007/5007
f 5009/5009/5009 5008/5008/5008 5007/5007/5007
f 5010/5010/5010 5008/5008/5008 5009/5009/5009
f 5011/5011/5011 5010/5010/5010 5009/5009/5009
f 5012/5012/5012 5010/5010/5010 5011/5011/5011
f 5013/5013/5013 5012/5012/5012 5011/5011/5011
f 5014/5014/5014 5012/5012/5012 5013/5013/5013
f 5015/5015/5015 5014/5014/5014 5013/5013/5013
f 5016/5016/5016 5014/5014/5014 5015/5015/5015
f 5017/5017/5017 5016/5016/5016 5015/5015/5015
f 5018/5018/5018 5016/5016/5016 5017/5017/5017
f 5019/5019/5019 5018/5018/5018 5017/5017/5017
f 5020/5020/5020 5018/5018/5018 5019/5019/5019
f 5021/5021/5021 5020/5020/5020 5019/5019/5019
f 5022/5022/5022 5020/5020/5020 5021/5021/5021
f 5023/5023/5023 5022/5022/5022 5021/5021/5021
f 5024/5024/5024 5022/5022/5022 5023/5023/5023
f 5025/5025/5025 5024/5024/5024 5023/5023/5023
f 5026/5026/5026 5024/5024/5024 5025/5025/5025
f 5027/5027/5027 5026/5026/5026 5025/5025/5025
f 5028/5028/5028 5026/5026/5026 5027/5027/5027
f 5029/5029/5029 5028/5028/5028 5027/5027/5027
f 5030/5030/5030 5028/5028/5028 5029/5029/5029
f 5031/5031/5031 5030/5030/5030 5029/5029/5029
f 5034/5034/5034 5033/5033/5033 5032/5032/5032
f 5035/5035/5035 5034/5034/5034 5032/5032/5032
f 5032/5032/5032 5033/5033/5033 5036/5036/5036
f 5033/5033/5033 5037/5037/5037 5036/5036/5036
f 5036/5036/5036 5037/5037/5037 5038/5038/5038
f 5037/5037/5037 5039/5039/5039 5038/5038/5038
f 5038/5038/5038 5039/5039/5039 5040/5040/5040
f 5039/5039/5039 5041/5041/5041 5040/5040/5040
f 5040/5040/5040 5041/5041/5041 5042/5042/5042
f 5041/5041/5041 5043/5043/5043 5042/5042/5042
f 5042/5042/5042 5043/5043/5043 5044/5044/5044
f 5043/5043/5043 5045/5045/5045 5044/5044/5044
f 5044/5044/5044 5045/5045/5045 5046/5046/5046
f 5045/5045/5045 5047/5047/5047 5046/5046/5046
f 5046/5046/5046 5047/5047/5047 5048/5048/5048
f 5047/5047/5047 5049/5049/5049 5048/5048/5048
f 5048/5048/5048 5049/5049/5049 5050/5050/5050
f 5049/5049/5049 5051/5051/5051 5050/5050/5050
f 5050/5050/5050 5051/5051/5051 5052/5052/5052
f 5051/5051/5051 5053/5053/5053 5052/5052/5052
f 5052/5052/5052 5053/5053/5053 5054/5054/5054
f 5053/5053/5053 5055/5055/5055 5054/5054/5054
f 5054/5054/5054 5055/5055/5055 5056/5056/5056
f 5055/5055/5055 5057/5057/5057 5056/5056/5056
f 5056/5056/5056 5057/5057/5057 5058/5058/5058
f 5057/5057/5057 5059/5059/5059 5058/5058/5058
f 5058/5058/5058 5059/5059/5059 5060/5060/5060
f 5059/5059/5059 5061/5061/5061 5060/5060/5060
f 5060/5060/5060 5061/5061/5061 5062/5062/5062
f 5061/5061/5061 5063/5063/5063 5062/5062/5062
f 5062/5062/5062 5063/5063/5063 5064/5064/5064
f 5063/5063/5063 5065/5065/5065 5064/5064/5064
f 5064/5064/5064 5065/5065/5065 5066/5066/5066
f 5065/5065/5065 5067/5067/5067 5066/5066/5066
f 5066/5066/5066 5067/5067/5067 5068/5068/5068
f 5067/5067/5067 5069/5069/5069 5068/5068/5068
f 5068/5068/5068 5069/5069/5069 5070/5070/5070
f 5069/5069/5069 5071/5071/5071 5070/5070/5070
f 5070/5070/5070 5071/5071/5071 5035/5035/5035
f 5071/5071/5071 5034/5034/5034 5035/5035/5035
f 5058/5058/5058 5060/5060/5060 5072/5072/5072
f 5073/5073/5073 5058/5058/5058 5072/5072/5072
f 5056/5056/5056 5058/5058/5058 5073/5073/5073
f 5074/5074/5074 5056/5056/5056 5073/5073/5073
f 5054/5054/5054 5056/5056/5056 5074/5074/5074
f 5075/5075/5075 5054/5054/5054 5074/5074/5074
f 5052/5052/5052 5054/5054/5054 5075/5075/5075
f 5076/5076/5076 5052/5052/5052 5075/5075/5075
f 5050/5050/5050 5052/5052/5052 5076/5076/5076
f 5077/5077/5077 5050/5050/5050 5076/5076/5076
f 5048/5048/5048 5050/5050/5050 5077/5077/5077
f 5078/5078/5078 5048/5048/5048 5077/5077/5077
f 5046/5046/5046 5048/5048/5048 5078/5078/5078
f 5079/5079/5079 5046/5046/5046 5078/5078/5078
f 5044/5044/5044 5046/5046/5046 5079/5079/5079
f 5080/5080/5080 5044/5044/5044 5079/5079/5079
f 5042/5042/5042 5044/5044/5044 5080/5080/5080
f 5081/5081/5081 5042/5042/5042 5080/5080/5080
f 5040/5040/5040 5042/5042/5042 5081/5081/5081
f 5082/5082/5082 5040/5040/5040 5081/5081/5081
f 5038/5038/5038 5040/5040/5040 5082/5082/5082
f 5083/5083/5083 5038/5038/5038 5082/5082/5082
f 5036/5036/5036 5038/5038/5038 5083/5083/5083
f 5084/5084/5084 5036/5036/5036 5083/5083/5083
f 5032/5032/5032 5036/5036/5036 5084/5084/5084
f 5085/5085/5085 5032/5032/5032 5084/5084/5084
f 5035/5035/5035 5032/5032/5032 5085/5085/5085
f 5086/5086/5086 5035/5035/5035 5085/5085/5085
f 5070/5070/5070 5035/5035/5035 5086/5086/5086
f 5087/5087/5087 5070/5070/5070 5086/5086/5086
f 5068/5068/5068 5070/5070/5070 5087/5087/5087
f 5088/5088/5088 5068/5068/5068 5087/5087/5087
f 5066/5066/5066 5068/5068/5068 5088/5088/5088
f 5089/5089/5089 5066/5066/5066 5088/5088/5088
f 5064/5064/5064 5066/5066/5066 5089/5089/5089
f 5090/5090/5090 5064/5064/5064 5089/5089/5089
f 5062/5062/5062 5064/5064/5064 5090/5090/5090
f 5091/5091/5091 5062/5062/5062 5090/5090/5090
f 5060/5060/5060 5062/5062/5062 5091/5091/5091
f 5072/5072/5072 5060/5060/5060 5091/5091/5091
f 5072/5072/5072 5091/5091/5091 5092/5092/5092
f 5093/5093/5093 5072/5072/5072 5092/5092/5092
f 5073/5073/5073 5072/5072/5072 5093/5093/5093
f 5094/5094/5094 5073/5073/5073 5093/5093/5093
f 5074/5074/5074 5073/5073/5073 5094/5094/5094
f 5095/5095/5095 5074/5074/5074 5094/5094/5094
f 5075/5075/5075 5074/5074/5074 5095/5095/5095
f 5096/5096/5096 5075/5075/5075 5095/5095/5095
f 5076/5076/5076 5075/5075/5075 5096/5096/5096
f 5097/5097/5097 5076/5076/5076 5096/5096/5096
f 5077/5077/5077 5076/5076/5076 5097/5097/5097
f 5098/5098/5098 5077/5077/5077 5097/5097/5097
f 5078/5078/5078 5077/5077/5077 5098/5098/5098
f 5099/5099/5099 5078/5078/5078 5098/5098/5098
f 5079/5079/5079 5078/5078/5078 5099/5099/5099
f 5100/5100/5100 5079/5079/5079 5099/5099/5099
f 5080/5080/5080 5079/5079/5079 5100/5100/5100
f 5101/5101/5101 5080/5080/5080 5100/5100/5100
f 5081/5081/5081 5080/5080/5080 5101/5101/5101
f 5102/5102/5102 5081/5081/5081 5101/5101/5101
f 5082/5082/5082 5081/5081/5081 5102/5102/5102
f 5103/5103/5103 5082/5082/5082 5102/5102/5102
f 5083/5083/5083 5082/5082/5082 5103/5103/5103
f 5104/5104/5104 5083/5083/5083 5103/5103/5103
f 5084/5084/5084 5083/5083/5083 5104/5104/5104
f 5105/5105/5105 5084/5084/5084 5104/5104/5104
f 5085/5085/5085 5084/5084/5084 5105/5105/5105
f 5106/5106/5106 5085/5085/5085 5105/5105/5105
f 5086/5086/5086 5085/5085/5085 5106/5106/5106
f 5107/5107/5107 5086/5086/5086 5106/5106/5106
f 5087/5087/5087 5086/5086/5086 5107/5107/5107
f 5108/5108/5108 5087/5087/5087 5107/5107/5107
f 5088/5088/5088 5087/5087/5087 5108/5108/5108
f 5109/5109/5109 5088/5088/5088 5108/5108/5108
f 5089/5089/5089 5088/5088/5088 5109/5109/5109
f 5110/5110/5110 5089/5089/5089 5109/5109/5109
f 5090/5090/5090 5089/5089/5089 5110/5110/5110
f 5111/5111/5111 5090/5090/5090 5110/5110/5110
f 5091/5091/5091 5090/5090/5090 5111/5111/5111
f 5092/5092/5092 5091/5091/5091 5111/5111/5111
f 5114/5114/5114 5113/5113/5113 5112/5112/5112
f 5115/5115/5115 5114/5114/5114 5112/5112/5112
f 5116/5116/5116 5114/5114/5114 5115/5115/5115
f 5117/5117/5117 5116/5116/5116 5115/5115/5115
f 5118/5118/5118 5116/5116/5116 5117/5117/5117
f 5119/5119/5119 5118/5118/5118 5117/5117/5117
f 5120/5120/5120 5118/5118/5118 5119/5119/5119
f 5121/5121/5121 5120/5120/5120 5119/5119/5119
f 5122/5122/5122 5120/5120/5120 5121/5121/5121
f 5123/5123/5123 5122/5122/5122 5121/5121/5121
f 5124/5124/5124 5122/5122/5122 5123/5123/5123
f 5125/5125/5125 5124/5124/5124 5123/5123/5123
f 5126/5126/5126 5124/5124/5124 5125/5125/5125
f 5127/5127/5127 5126/5126/5126 5125/5125/5125
f 5128/5128/5128 5126/5126/5126 5127/5127/5127
f 5129/5129/5129 5128/5128/5128 5127/5127/5127
f 5130/5130/5130 5128/5128/5128 5129/5129/5129
f 5131/5131/5131 5130/5130/5130 5129/5129/5129
f 5132/5132/5132 5130/5130/5130 5131/5131/5131
f 5133/5133/5133 5132/5132/5132 5131/5131/5131
f 5134/5134/5134 5132/5132/5132 5133/5133/5133
f 5135/5135/5135 5134/5134/5134 5133/5133/5133
f 5136/5136/5136 5134/5134/5134 5135/5135/5135
f 5137/5137/5137 5136/5136/5136 5135/5135/5135
f 5138/5138/5138 5136/5136/5136 5137/5137/5137
f 5139/5139/5139 5138/5138/5138 5137/5137/5137
f 5140/5140/5140 5138/5138/5138 5139/5139/5139
f 5141/5141/5141 5140/5140/5140 5139/5139/5139
f 5142/5142/5142 5140/5140/5140 5141/5141/5141
f 5143/5143/5143 5142/5142/5142 5141/5141/5141
f 5144/5144/5144 5142/5142/5142 5143/5143/5143
f 5145/5145/5145 5144/5144/5144 5143/5143/5143
f 5146/5146/5146 5144/5144/5144 5145/5145/5145
f 5147/5147/5147 5146/5146/5146 5145/5145/5145
f 5148/5148/5148 5146/5146/5146 5147/5147/5147
f 5149/5149/5149 5148/5148/5148 5147/5147/5147
f 5150/5150/5150 5148/5148/5148 5149/5149/5149
f 5151/5151/5151 5150/5150/5150 5149/5149/5149
f 5113/5113/5113 5150/5150/5150 5151/5151/5151
f 5112/5112/5112 5113/5113/5113 5151/5151/5151
f 5154/5154/5154 5153/5153/5153 5152/5152/5152
f 5155/5155/5155 5154/5154/5154 5152/5152/5152
f 5152/5152/5152 5153/5153/5153 5156/5156/5156
f 5153/5153/5153 5157/5157/5157 5156/5156/5156
f 5156/5156/5156 5157/5157/5157 5158/5158/5158
f 5157/5157/5157 5159/5159/5159 5158/5158/5158
f 5158/5158/5158 5159/5159/5159 5160/5160/5160
f 5159/5159/5159 5161/5161/5161 5160/5160/5160
f 5160/5160/5160 5161/5161/5161 5162/5162/5162
f 5161/5161/5161 5163/5163/5163 5162/5162/5162
f 5162/5162/5162 5163/5163/5163 5164/5164/5164
f 5163/5163/5163 5165/5165/5165 5164/5164/5164
f 5164/5164/5164 5165/5165/5165 5166/5166/5166
f 5165/5165/5165 5167/5167/5167 5166/5166/5166
f 5166/5166/5166 5167/5167/5167 5168/5168/5168
f 5167/5167/5167 5169/5169/5169 5168/5168/5168
f 5168/5168/5168 5169/5169/5169 5170/5170/5170
f 5169/5169/5169 5171/5171/5171 5170/5170/5170
f 5170/5170/5170 5171/5171/5171 5172/5172/5172
f 5171/5171/5171 5173/5173/5173 5172/5172/5172
f 5172/5172/5172 5173/5173/5173 5174/5174/5174
f 5173/5173/5173 5175/5175/5175 5174/5174/5174
f 5174/5174/5174 5175/5175/5175 5176/5176/5176
f 5175/5175/5175 5177/5177/5177 5176/5176/5176
f 5176/5176/5176 5177/5177/5177 5178/5178/5178
f 5177/5177/5177 5179/5179/5179 5178/5178/5178
f 5178/5178/5178 5179/5179/5179 5180/5180/5180
f 5179/5179/5179 5181/5181/5181 5180/5180/5180
f 5180/5180/5180 5181/5181/5181 5182/5182/5182
f 5181/5181/5181 5183/5183/5183 5182/5182/5182
f 5182/5182/5182 5183/5183/5183 5184/5184/5184
f 5183/5183/5183 5185/5185/5185 5184/5184/5184
f 5184/5184/5184 5185/5185/5185 5186/5186/5186
f 5185/5185/5185 5187/5187/5187 5186/5186/5186
f 5186/5186/5186 5187/5187/5187 5188/5188/5188
f 5187/5187/5187 5189/5189/5189 5188/5188/5188
f 5188/5188/5188 5189/5189/5189 5190/5190/5190
f 5189/5189/5189 5191/5191/5191 5190/5190/5190
f 5190/5190/5190 5191/5191/5191 5155/5155/5155
f 5191/5191/5191 5154/5154/5154 5155/5155/5155
f 5194/5194/5194 5193/5193/5193 5192/5192/5192
f 5195/5195/5195 5194/5194/5194 5192/5192/5192
f 5196/5196/5196 5194/5194/5194 5195/5195/5195
f 5197/5197/5197 5196/5196/5196 5195/5195/5195
f 5198/5198/5198 5196/5196/5196 5197/5197/5197
f 5199/5199/5199 5198/5198/5198 5197/5197/5197
f 5200/5200/5200 5198/5198/5198 5199/5199/5199
f 5201/5201/5201 5200/5200/5200 5199/5199/5199
f 5202/5202/5202 5200/5200/5200 5201/5201/5201
f 5203/5203/5203 5202/5202/5202 5201/5201/5201
f 5204/5204/5204 5202/5202/5202 5203/5203/5203
f 5205/5205/5205 5204/5204/5204 5203/5203/5203
f 5206/5206/5206 5204/5204/5204 5205/5205/5205
f 5207/5207/5207 5206/5206/5206 5205/5205/5205
f 5208/5208/5208 5206/5206/5206 5207/5207/5207
f 5209/5209/5209 5208/5208/5208 5207/5207/5207
f 5212/5212/5212 5211/5211/5211 5210/5210/5210
f 5213/5213/5213 5212/5212/5212 5210/5210/5210
f 5214/5214/5214 5212/5212/5212 5213/5213/5213
f 5215/5215/5215 5214/5214/5214 5213/5213/5213
f 5216/5216/5216 5214/5214/5214 5215/5215/5215
f 5217/5217/5217 5216/5216/5216 5215/5215/5215
f 5193/5193/5193 5216/5216/5216 5217/5217/5217
f 5192/5192/5192 5193/5193/5193 5217/5217/5217
f 5220/5220/5220 5219/5219/5219 5218/5218/5218
f 5221/5221/5221 5219/5219/5219 5220/5220/5220
f 5222/5222/5222 5219/5219/5219 5221/5221/5221
f 5223/5223/5223 5219/5219/5219 5222/5222/5222
f 5224/5224/5224 5219/5219/5219 5223/5223/5223
f 5225/5225/5225 5219/5219/5219 5224/5224/5224
f 5226/5226/5226 5219/5219/5219 5225/5225/5225
f 5227/5227/5227 5219/5219/5219 5226/5226/5226
f 5228/5228/5228 5219/5219/5219 5227/5227/5227
f 5229/5229/5229 5219/5219/5219 5228/5228/5228
f 5230/5230/5230 5219/5219/5219 5229/5229/5229
f 5218/5218/5218 5219/5219/5219 5230/5230/5230
f 5233/5233/5233 5232/5232/5232 5231/5231/5231
f 5234/5234/5234 5233/5233/5233 5231/5231/5231
f 5235/5235/5235 5233/5233/5233 5234/5234/5234
f 5236/5236/5236 5235/5235/5235 5234/5234/5234
f 5237/5237/5237 5235/5235/5235 5236/5236/5236
f 5238/5238/5238 5237/5237/5237 5236/5236/5236
f 5239/5239/5239 5237/5237/5237 5238/5238/5238
f 5240/5240/5240 5239/5239/5239 5238/5238/5238
f 5241/5241/5241 5239/5239/5239 5240/5240/5240
f 5242/5242/5242 5241/5241/5241 5240/5240/5240
f 5243/5243/5243 5241/5241/5241 5242/5242/5242
f 5244/5244/5244 5243/5243/5243 5242/5242/5242
f 5245/5245/5245 5243/5243/5243 5244/5244/5244
f 5246/5246/5246 5245/5245/5245 5244/5244/5244
f 5247/5247/5247 5245/5245/5245 5246/5246/5246
f 5248/5248/5248 5247/5247/5247 5246/5246/5246
f 5251/5251/5251 5250/5250/5250 5249/5249/5249
f 5252/5252/5252 5251/5251/5251 5249/5249/5249
f 5253/5253/5253 5251/5251/5251 5252/5252/5252
f 5254/5254/5254 5253/5253/5253 5252/5252/5252
f 5255/5255/5255 5253/5253/5253 5254/5254/5254
f 5256/5256/5256 5255/5255/5255 5254/5254/5254
f 5232/5232/5232 5255/5255/5255 5256/5256/5256
f 5231/5231/5231 5232/5232/5232 5256/5256/5256
f 5259/5259/5259 5258/5258/5258 5257/5257/5257
f 5260/5260/5260 5259/5259/5259 5257/5257/5257
f 5261/5261/5261 5259/5259/5259 5260/5260/5260
f 5262/5262/5262 5261/5261/5261 5260/5260/5260
f 5263/5263/5263 5261/5261/5261 5262/5262/5262
f 5264/5264/5264 5263/5263/5263 5262/5262/5262
f 5265/5265/5265 5263/5263/5263 5264/5264/5264
f 5266/5266/5266 5265/5265/5265 5264/5264/5264
f 5267/5267/5267 5265/5265/5265 5266/5266/5266
f 5268/5268/5268 5267/5267/5267 5266/5266/5266
f 5269/5269/5269 5267/5267/5267 5268/5268/5268
f 5270/5270/5270 5269/5269/5269 5268/5268/5268
f 5271/5271/5271 5269/5269/5269 5270/5270/5270
f 5272/5272/5272 5271/5271/5271 5270/5270/5270
f 5273/5273/5273 5271/5271/5271 5272/5272/5272
f 5274/5274/5274 5273/5273/5273 5272/5272/5272
f 5277/5277/5277 5276/5276/5276 5275/5275/5275
f 5278/5278/5278 5277/5277/5277 5275/5275/5275
f 5279/5279/5279 5277/5277/5277 5278/5278/5278
f 5280/5280/5280 5279/5279/5279 5278/5278/5278
f 5281/5281/5281 5279/5279/5279 5280/5280/5280
f 5282/5282/5282 5281/5281/5281 5280/5280/5280
f 5258/5258/5258 5281/5281/5281 5282/5282/5282
f 5257/5257/5257 5258/5258/5258 5282/5282/5282
f 5285/5285/5285 5284/5284/5284 5283/5283/5283
f 5286/5286/5286 5285/5285/5285 5283/5283/5283
f 5287/5287/5287 5285/5285/5285 5286/5286/5286
f 5288/5288/5288 5287/5287/5287 5286/5286/5286
f 5289/5289/5289 5287/5287/5287 5288/5288/5288
f 5290/5290/5290 5289/5289/5289 5288/5288/5288
f 5291/5291/5291 5289/5289/5289 5290/5290/5290
f 5292/5292/5292 5291/5291/5291 5290/5290/5290
f 5293/5293/5293 5291/5291/5291 5292/5292/5292
f 5294/5294/5294 5293/5293/5293 5292/5292/5292
f 5295/5295/5295 5293/5293/5293 5294/5294/5294
f 5296/5296/5296 5295/5295/5295 5294/5294/5294
f 5297/5297/5297 5295/5295/5295 5296/5296/5296
f 5298/5298/5298 5297/5297/5297 5296/5296/5296
f 5299/5299/5299 5297/5297/5297 5298/5298/5298
f 5300/5300/5300 5299/5299/5299 5298/5298/5298
f 5301/5301/5301 5299/5299/5299 5300/5300/5300
f 5302/5302/5302 5301/5301/5301 5300/5300/5300
f 5305/5305/5305 5304/5304/5304 5303/5303/5303
f 5306/5306/5306 5305/5305/5305 5303/5303/5303
f 5307/5307/5307 5305/5305/5305 5306/5306/5306
f 5308/5308/5308 5307/5307/5307 5306/5306/5306
f 5309/5309/5309 5307/5307/5307 5308/5308/5308
f 5310/5310/5310 5309/5309/5309 5308/5308/5308
f 5311/5311/5311 5309/5309/5309 5310/5310/5310
f 5312/5312/5312 5311/5311/5311 5310/5310/5310
f 5313/5313/5313 5311/5311/5311 5312/5312/5312
f 5314/5314/5314 5313/5313/5313 5312/5312/5312
f 5315/5315/5315 5313/5313/5313 5314/5314/5314
f 5316/5316/5316 5315/5315/5315 5314/5314/5314
f 5317/5317/5317 5315/5315/5315 5316/5316/5316
f 5318/5318/5318 5317/5317/5317 5316/5316/5316
f 5319/5319/5319 5317/5317/5317 5318/5318/5318
f 5320/5320/5320 5319/5319/5319 5318/5318/5318
f 5321/5321/5321 5319/5319/5319 5320/5320/5320
f 5322/5322/5322 5321/5321/5321 5320/5320/5320
f 5323/5323/5323 5321/5321/5321 5322/5322/5322
f 5324/5324/5324 5323/5323/5323 5322/5322/5322
f 5284/5284/5284 5323/5323/5323 5324/5324/5324
f 5283/5283/5283 5284/5284/5284 5324/5324/5324
f 5327/5327/5327 5326/5326/5326 5325/5325/5325
f 5325/5325/5325 5326/5326/5326 5328/5328/5328
f 5328/5328/5328 5326/5326/5326 5329/5329/5329
f 5329/5329/5329 5326/5326/5326 5330/5330/5330
f 5331/5331/5331 5326/5326/5326 5327/5327/5327
f 5334/5334/5334 5333/5333/5333 5332/5332/5332
f 5332/5332/5332 5333/5333/5333 5335/5335/5335
f 5335/5335/5335 5333/5333/5333 5336/5336/5336
f 5336/5336/5336 5333/5333/5333 5337/5337/5337
f 5337/5337/5337 5333/5333/5333 5338/5338/5338
f 5341/5341/5341 5340/5340/5340 5339/5339/5339
f 5339/5339/5339 5340/5340/5340 5342/5342/5342
f 5342/5342/5342 5340/5340/5340 5343/5343/5343
f 5343/5343/5343 5340/5340/5340 5344/5344/5344
f 5344/5344/5344 5340/5340/5340 5345/5345/5345
f 5348/5348/5348 5347/5347/5347 5346/5346/5346
f 5346/5346/5346 5347/5347/5347 5349/5349/5349
f 5349/5349/5349 5347/5347/5347 5350/5350/5350
f 5350/5350/5350 5347/5347/5347 5351/5351/5351
f 5351/5351/5351 5347/5347/5347 5352/5352/5352
f 5355/5355/5355 5354/5354/5354 5353/5353/5353
f 5356/5356/5356 5355/5355/5355 5353/5353/5353
f 5357/5357/5357 5355/5355/5355 5356/5356/5356
f 5358/5358/5358 5357/5357/5357 5356/5356/5356
f 5359/5359/5359 5357/5357/5357 5358/5358/5358
f 5360/5360/5360 5359/5359/5359 5358/5358/5358
f 5361/5361/5361 5359/5359/5359 5360/5360/5360
f 5362/5362/5362 5361/5361/5361 5360/5360/5360
f 5363/5363/5363 5361/5361/5361 5362/5362/5362
f 5364/5364/5364 5363/5363/5363 5362/5362/5362
f 5365/5365/5365 5363/5363/5363 5364/5364/5364
f 5366/5366/5366 5365/5365/5365 5364/5364/5364
f 5367/5367/5367 5365/5365/5365 5366/5366/5366
f 5368/5368/5368 5367/5367/5367 5366/5366/5366
f 5369/5369/5369 5367/5367/5367 5368/5368/5368
f 5370/5370/5370 5369/5369/5369 5368/5368/5368
f 5371/5371/5371 5369/5369/5369 5370/5370/5370
f 5372/5372/5372 5371/5371/5371 5370/5370/5370
f 5373/5373/5373 5371/5371/5371 5372/5372/5372
f 5374/5374/5374 5373/5373/5373 5372/5372/5372
f 5375/5375/5375 5373/5373/5373 5374/5374/5374
f 5376/5376/5376 5375/5375/5375 5374/5374/5374
f 5377/5377/5377 5375/5375/5375 5376/5376/5376
f 5378/5378/5378 5377/5377/5377 5376/5376/5376
f 5379/5379/5379 5377/5377/5377 5378/5378/5378
f 5380/5380/5380 5379/5379/5379 5378/5378/5378
f 5381/5381/5381 5379/5379/5379 5380/5380/5380
f 5382/5382/5382 5381/5381/5381 5380/5380/5380
f 5383/5383/5383 5381/5381/5381 5382/5382/5382
f 5384/5384/5384 5383/5383/5383 5382/5382/5382
f 5385/5385/5385 5383/5383/5383 5384/5384/5384
f 5386/5386/5386 5385/5385/5385 5384/5384/5384
f 5387/5387/5387 5385/5385/5385 5386/5386/5386
f 5388/5388/5388 5387/5387/5387 5386/5386/5386
f 5389/5389/5389 5387/5387/5387 5388/5388/5388
f 5390/5390/5390 5389/5389/5389 5388/5388/5388
f 5391/5391/5391 5389/5389/5389 5390/5390/5390
f 5392/5392/5392 5391/5391/5391 5390/5390/5390
f 5354/5354/5354 5391/5391/5391 5392/5392/5392
f 5353/5353/5353 5354/5354/5354 5392/5392/5392
f 5385/5385/5385 5393/5393/5393 5383/5383/5383
f 5393/5393/5393 5394/5394/5394 5383/5383/5383
f 5383/5383/5383 5394/5394/5394 5381/5381/5381
f 5394/5394/5394 5395/5395/5395 5381/5381/5381
f 5354/5354/5354 5396/5396/5396 5391/5391/5391
f 5397/5397/5397 5396/5396/5396 5354/5354/5354
f 5355/5355/5355 5397/5397/5397 5354/5354/5354
f 5398/5398/5398 5397/5397/5397 5355/5355/5355
f 5357/5357/5357 5398/5398/5398 5355/5355/5355
f 5399/5399/5399 5398/5398/5398 5357/5357/5357
f 5359/5359/5359 5399/5399/5399 5357/5357/5357
f 5400/5400/5400 5399/5399/5399 5359/5359/5359
f 5361/5361/5361 5400/5400/5400 5359/5359/5359
f 5401/5401/5401 5400/5400/5400 5361/5361/5361
f 5363/5363/5363 5401/5401/5401 5361/5361/5361
f 5402/5402/5402 5401/5401/5401 5363/5363/5363
f 5365/5365/5365 5402/5402/5402 5363/5363/5363
f 5403/5403/5403 5402/5402/5402 5365/5365/5365
f 5367/5367/5367 5403/5403/5403 5365/5365/5365
f 5404/5404/5404 5403/5403/5403 5367/5367/5367
f 5369/5369/5369 5404/5404/5404 5367/5367/5367
f 5405/5405/5405 5404/5404/5404 5369/5369/5369
f 5371/5371/5371 5405/5405/5405 5369/5369/5369
f 5406/5406/5406 5405/5405/5405 5371/5371/5371
f 5373/5373/5373 5406/5406/5406 5371/5371/5371
f 5407/5407/5407 5406/5406/5406 5373/5373/5373
f 5375/5375/5375 5407/5407/5407 5373/5373/5373
f 5408/5408/5408 5407/5407/5407 5375/5375/5375
f 5377/5377/5377 5408/5408/5408 5375/5375/5375
f 5409/5409/5409 5408/5408/5408 5377/5377/5377
f 5379/5379/5379 5409/5409/5409 5377/5377/5377
f 5395/5395/5395 5409/5409/5409 5379/5379/5379
f 5381/5381/5381 5395/5395/5395 5379/5379/5379
f 5395/5395/5395 5410/5410/5410 5409/5409/5409
f 5411/5411/5411 5410/5410/5410 5395/5395/5395
f 5411/5411/5411 5412/5412/5412 5410/5410/5410
f 5410/5410/5410 5412/5412/5412 5413/5413/5413
f 5410/5410/5410 5413/5413/5413 5409/5409/5409
f 5409/5409/5409 5413/5413/5413 5408/5408/5408
f 5413/5413/5413 5412/5412/5412 5414/5414/5414
f 5413/5413/5413 5414/5414/5414 5408/5408/5408
f 5408/5408/5408 5414/5414/5414 5407/5407/5407
f 5414/5414/5414 5412/5412/5412 5415/5415/5415
f 5414/5414/5414 5415/5415/5415 5407/5407/5407
f 5407/5407/5407 5415/5415/5415 5406/5406/5406
f 5415/5415/5415 5412/5412/5412 5416/5416/5416
f 5416/5416/5416 5412/5412/5412 5417/5417/5417
f 5417/5417/5417 5412/5412/5412 5418/5418/5418
f 5418/5418/5418 5412/5412/5412 5419/5419/5419
f 5419/5419/5419 5412/5412/5412 5420/5420/5420
f 5420/5420/5420 5412/5412/5412 5421/5421/5421
f 5421/5421/5421 5412/5412/5412 5422/5422/5422
f 5422/5422/5422 5412/5412/5412 5423/5423/5423
f 5423/5423/5423 5412/5412/5412 5424/5424/5424
f 5424/5424/5424 5412/5412/5412 5425/5425/5425
f 5425/5425/5425 5412/5412/5412 5426/5426/5426
f 5427/5427/5427 5412/5412/5412 5411/5411/5411
f 5428/5428/5428 5412/5412/5412 5427/5427/5427
f 5415/5415/5415 5416/5416/5416 5406/5406/5406
f 5416/5416/5416 5417/5417/5417 5405/5405/5405
f 5406/5406/5406 5416/5416/5416 5405/5405/5405
f 5417/5417/5417 5418/5418/5418 5404/5404/5404
f 5405/5405/5405 5417/5417/5417 5404/5404/5404
f 5418/5418/5418 5419/5419/5419 5403/5403/5403
f 5404/5404/5404 5418/5418/5418 5403/5403/5403
f 5419/5419/5419 5420/5420/5420 5402/5402/5402
f 5403/5403/5403 5419/5419/5419 5402/5402/5402
f 5420/5420/5420 5421/5421/5421 5401/5401/5401
f 5402/5402/5402 5420/5420/5420 5401/5401/5401
f 5421/5421/5421 5422/5422/5422 5400/5400/5400
f 5401/5401/5401 5421/5421/5421 5400/5400/5400
f 5422/5422/5422 5423/5423/5423 5399/5399/5399
f 5400/5400/5400 5422/5422/5422 5399/5399/5399
f 5423/5423/5423 5424/5424/5424 5398/5398/5398
f 5399/5399/5399 5423/5423/5423 5398/5398/5398
f 5424/5424/5424 5425/5425/5425 5397/5397/5397
f 5398/5398/5398 5424/5424/5424 5397/5397/5397
f 5425/5425/5425 5426/5426/5426 5396/5396/5396
f 5397/5397/5397 5425/5425/5425 5396/5396/5396
f 5396/5396/5396 5426/5426/5426 5429/5429/5429
f 5396/5396/5396 5429/5429/5429 5391/5391/5391
f 5391/5391/5391 5429/5429/5429 5389/5389/5389
f 5429/5429/5429 5430/5430/5430 5389/5389/5389
f 5389/5389/5389 5430/5430/5430 5387/5387/5387
f 5430/5430/5430 5431/5431/5431 5387/5387/5387
f 5387/5387/5387 5431/5431/5431 5385/5385/5385
f 5431/5431/5431 5393/5393/5393 5385/5385/5385
f 5429/5429/5429 5432/5432/5432 5430/5430/5430
f 5426/5426/5426 5432/5432/5432 5429/5429/5429
f 5426/5426/5426 5412/5412/5412 5432/5432/5432
f 5432/5432/5432 5412/5412/5412 5433/5433/5433
f 5432/5432/5432 5433/5433/5433 5430/5430/5430
f 5430/5430/5430 5433/5433/5433 5431/5431/5431
f 5433/5433/5433 5412/5412/5412 5428/5428/5428
f 5433/5433/5433 5428/5428/5428 5431/5431/5431
f 5431/5431/5431 5428/5428/5428 5393/5393/5393
f 5428/5428/5428 5427/5427/5427 5393/5393/5393
f 5393/5393/5393 5427/5427/5427 5394/5394/5394
f 5427/5427/5427 5411/5411/5411 5394/5394/5394
f 5394/5394/5394 5411/5411/5411 5395/5395/5395
f 5436/5436/5436 5435/5435/5435 5434/5434/5434
f 5434/5434/5434 5435/5435/5435 5437/5437/5437
f 5437/5437/5437 5435/5435/5435 5438/5438/5438
f 5438/5438/5438 5435/5435/5435 5439/5439/5439
f 5440/5440/5440 5435/5435/5435 5436/5436/5436
f 5443/5443/5443 5442/5442/5442 5441/5441/5441
f 5441/5441/5441 5442/5442/5442 5444/5444/5444
f 5444/5444/5444 5442/5442/5442 5445/5445/5445
f 5445/5445/5445 5442/5442/5442 5446/5446/5446
f 5446/5446/5446 5442/5442/5442 5447/5447/5447
f 5450/5450/5450 5449/5449/5449 5448/5448/5448
f 5448/5448/5448 5449/5449/5449 5451/5451/5451
f 5451/5451/5451 5449/5449/5449 5452/5452/5452
f 5452/5452/5452 5449/5449/5449 5453/5453/5453
f 5453/5453/5453 5449/5449/5449 5454/5454/5454
f 5457/5457/5457 5456/5456/5456 5455/5455/5455
f 5455/5455/5455 5456/5456/5456 5458/5458/5458
f 5458/5458/5458 5456/5456/5456 5459/5459/5459
f 5459/5459/5459 5456/5456/5456 5460/5460/5460
f 5460/5460/5460 5456/5456/5456 5461/5461/5461
f 5464/5464/5464 5463/5463/5463 5462/5462/5462
f 5465/5465/5465 5464/5464/5464 5462/5462/5462
f 5466/5466/5466 5464/5464/5464 5465/5465/5465
f 5467/5467/5467 5466/5466/5466 5465/5465/5465
f 5468/5468/5468 5466/5466/5466 5467/5467/5467
f 5469/5469/5469 5468/5468/5468 5467/5467/5467
f 5470/5470/5470 5468/5468/5468 5469/5469/5469
f 5471/5471/5471 5470/5470/5470 5469/5469/5469
f 5472/5472/5472 5470/5470/5470 5471/5471/5471
f 5473/5473/5473 5472/5472/5472 5471/5471/5471
f 5474/5474/5474 5472/5472/5472 5473/5473/5473
f 5475/5475/5475 5474/5474/5474 5473/5473/5473
f 5476/5476/5476 5474/5474/5474 5475/5475/5475
f 5477/5477/5477 5476/5476/5476 5475/5475/5475
f 5478/5478/5478 5476/5476/5476 5477/5477/5477
f 5479/5479/5479 5478/5478/5478 5477/5477/5477
f 5482/5482/5482 5481/5481/5481 5480/5480/5480
f 5483/5483/5483 5482/5482/5482 5480/5480/5480
f 5484/5484/5484 5482/5482/5482 5483/5483/5483
f 5485/5485/5485 5484/5484/5484 5483/5483/5483
f 5486/5486/5486 5484/5484/5484 5485/5485/5485
f 5487/5487/5487 5486/5486/5486 5485/5485/5485
f 5463/5463/5463 5486/5486/5486 5487/5487/5487
f 5462/5462/5462 5463/5463/5463 5487/5487/5487
f 5490/5490/5490 5489/5489/5489 5488/5488/5488
f 5491/5491/5491 5489/5489/5489 5490/5490/5490
f 5492/5492/5492 5489/5489/5489 5491/5491/5491
f 5493/5493/5493 5489/5489/5489 5492/5492/5492
f 5494/5494/5494 5489/5489/5489 5493/5493/5493
f 5495/5495/5495 5489/5489/5489 5494/5494/5494
f 5496/5496/5496 5489/5489/5489 5495/5495/5495
f 5497/5497/5497 5489/5489/5489 5496/5496/5496
f 5498/5498/5498 5489/5489/5489 5497/5497/5497
f 5499/5499/5499 5489/5489/5489 5498/5498/5498
f 5500/5500/5500 5489/5489/5489 5499/5499/5499
f 5488/5488/5488 5489/5489/5489 5500/5500/5500
f 5503/5503/5503 5502/5502/5502 5501/5501/5501
f 5504/5504/5504 5503/5503/5503 5501/5501/5501
f 5505/5505/5505 5503/5503/5503 5504/5504/5504
f 5506/5506/5506 5505/5505/5505 5504/5504/5504
f 5507/5507/5507 5505/5505/5505 5506/5506/5506
f 5508/5508/5508 5507/5507/5507 5506/5506/5506
f 5509/5509/5509 5507/5507/5507 5508/5508/5508
f 5510/5510/5510 5509/5509/5509 5508/5508/5508
f 5511/5511/5511 5509/5509/5509 5510/5510/5510
f 5512/5512/5512 5511/5511/5511 5510/5510/5510
f 5513/5513/5513 5511/5511/5511 5512/5512/5512
f 5514/5514/5514 5513/5513/5513 5512/5512/5512
f 5515/5515/5515 5513/5513/5513 5514/5514/5514
f 5516/5516/5516 5515/5515/5515 5514/5514/5514
f 5517/5517/5517 5515/5515/5515 5516/5516/5516
f 5518/5518/5518 5517/5517/5517 5516/5516/5516
f 5521/5521/5521 5520/5520/5520 5519/5519/5519
f 5522/5522/5522 5521/5521/5521 5519/5519/5519
f 5523/5523/5523 5521/5521/5521 5522/5522/5522
f 5524/5524/5524 5523/5523/5523 5522/5522/5522
f 5525/5525/5525 5523/5523/5523 5524/5524/5524
f 5526/5526/5526 5525/5525/5525 5524/5524/5524
f 5502/5502/5502 5525/5525/5525 5526/5526/5526
f 5501/5501/5501 5502/5502/5502 5526/5526/5526
f 5529/5529/5529 5528/5528/5528 5527/5527/5527
f 5530/5530/5530 5529/5529/5529 5527/5527/5527
f 5531/5531/5531 5529/5529/5529 5530/5530/5530
f 5532/5532/5532 5531/5531/5531 5530/5530/5530
f 5533/5533/5533 5531/5531/5531 5532/5532/5532
f 5534/5534/5534 5533/5533/5533 5532/5532/5532
f 5535/5535/5535 5533/5533/5533 5534/5534/5534
f 5536/5536/5536 5535/5535/5535 5534/5534/5534
f 5537/5537/5537 5535/5535/5535 5536/5536/5536
f 5538/5538/5538 5537/5537/5537 5536/5536/5536
f 5539/5539/5539 5537/5537/5537 5538/5538/5538
f 5540/5540/5540 5539/5539/5539 5538/5538/5538
f 5541/5541/5541 5539/5539/5539 5540/5540/5540
f 5542/5542/5542 5541/5541/5541 5540/5540/5540
f 5543/5543/5543 5541/5541/5541 5542/5542/5542
f 5544/5544/5544 5543/5543/5543 5542/5542/5542
f 5547/5547/5547 5546/5546/5546 5545/5545/5545
f 5548/5548/5548 5547/5547/5547 5545/5545/5545
f 5549/5549/5549 5547/5547/5547 5548/5548/5548
f 5550/5550/5550 5549/5549/5549 5548/5548/5548
f 5551/5551/5551 5549/5549/5549 5550/5550/5550
f 5552/5552/5552 5551/5551/5551 5550/5550/5550
f 5528/5528/5528 5551/5551/5551 5552/5552/5552
f 5527/5527/5527 5528/5528/5528 5552/5552/5552
f 5555/5555/5555 5554/5554/5554 5553/5553/5553
f 5556/5556/5556 5555/5555/5555 5553/5553/5553
f 5557/5557/5557 5555/5555/5555 5556/5556/5556
f 5558/5558/5558 5557/5557/5557 5556/5556/5556
f 5557/5557/5557 5558/5558/5558 5559/5559/5559
f 5558/5558/5558 5560/5560/5560 5559/5559/5559
f 5553/5553/5553 5554/5554/5554 5561/5561/5561
f 5554/5554/5554 5562/5562/5562 5561/5561/5561
f 5565/5565/5565 5564/5564/5564 5563/5563/5563
f 5566/5566/5566 5565/5565/5565 5563/5563/5563
f 5565/5565/5565 5566/5566/5566 5567/5567/5567
f 5566/5566/5566 5568/5568/5568 5567/5567/5567
f 5567/5567/5567 5568/5568/5568 5569/5569/5569
f 5568/5568/5568 5570/5570/5570 5569/5569/5569
f 5569/5569/5569 5570/5570/5570 5571/5571/5571
f 5570/5570/5570 5572/5572/5572 5571/5571/5571
f 5574/5574/5574 5571/5571/5571 5573/5573/5573
f 5575/5575/5575 5574/5574/5574 5573/5573/5573
f 5576/5576/5576 5574/5574/5574 5575/5575/5575
f 5577/5577/5577 5576/5576/5576 5575/5575/5575
f 5578/5578/5578 5576/5576/5576 5577/5577/5577
f 5579/5579/5579 5578/5578/5578 5577/5577/5577
f 5580/5580/5580 5578/5578/5578 5579/5579/5579
f 5581/5581/5581 5580/5580/5580 5579/5579/5579
f 5572/5572/5572 5583/5583/5583 5582/5582/5582
f 5584/5584/5584 5572/5572/5572 5582/5582/5582
f 5582/5582/5582 5583/5583/5583 5585/5585/5585
f 5583/5583/5583 5586/5586/5586 5585/5585/5585
f 5585/5585/5585 5586/5586/5586 5587/5587/5587
f 5586/5586/5586 5588/5588/5588 5587/5587/5587
f 5587/5587/5587 5588/5588/5588 5589/5589/5589
f 5588/5588/5588 5590/5590/5590 5589/5589/5589
f 5593/5593/5593 5592/5592/5592 5591/5591/5591
f 5594/5594/5594 5593/5593/5593 5591/5591/5591
f 5591/5591/5591 5595/5595/5595 5594/5594/5594
f 5595/5595/5595 5596/5596/5596 5594/5594/5594
f 5595/5595/5595 5597/5597/5597 5596/5596/5596
f 5597/5597/5597 5598/5598/5598 5596/5596/5596
f 5598/5598/5598 5597/5597/5597 5599/5599/5599
f 5600/5600/5600 5598/5598/5598 5599/5599/5599
f 5598/5598/5598 5600/5600/5600 5601/5601/5601
f 5602/5602/5602 5598/5598/5598 5601/5601/5601
f 5598/5598/5598 5602/5602/5602 5596/5596/5596
f 5594/5594/5594 5603/5603/5603 5593/5593/5593
f 5603/5603/5603 5604/5604/5604 5593/5593/5593
f 5605/5605/5605 5603/5603/5603 5594/5594/5594
f 5596/5596/5596 5605/5605/5605 5594/5594/5594
f 5602/5602/5602 5605/5605/5605 5596/5596/5596
f 5608/5608/5608 5607/5607/5607 5606/5606/5606
f 5609/5609/5609 5608/5608/5608 5606/5606/5606
f 5612/5612/5612 5611/5611/5611 5610/5610/5610
f 5613/5613/5613 5612/5612/5612 5610/5610/5610
f 5614/5614/5614 5612/5612/5612 5613/5613/5613
f 5615/5615/5615 5614/5614/5614 5613/5613/5613
f 5610/5610/5610 5611/5611/5611 5616/5616/5616
f 5617/5617/5617 5610/5610/5610 5616/5616/5616
f 5618/5618/5618 5610/5610/5610 5617/5617/5617
f 5619/5619/5619 5614/5614/5614 5615/5615/5615
f 5620/5620/5620 5619/5619/5619 5615/5615/5615
f 5620/5620/5620 5621/5621/5621 5619/5619/5619
f 5621/5621/5621 5622/5622/5622 5619/5619/5619
f 5622/5622/5622 5621/5621/5621 5623/5623/5623
f 5624/5624/5624 5622/5622/5622 5623/5623/5623
f 5624/5624/5624 5623/5623/5623 5625/5625/5625
f 5623/5623/5623 5626/5626/5626 5625/5625/5625
f 5627/5627/5627 5625/5625/5625 5626/5626/5626
f 5628/5628/5628 5627/5627/5627 5626/5626/5626
f 5629/5629/5629 5628/5628/5628 5626/5626/5626
f 5621/5621/5621 5620/5620/5620 5630/5630/5630
f 5631/5631/5631 5620/5620/5620 5615/5615/5615
f 5627/5627/5627 5632/5632/5632 5625/5625/5625
f 5632/5632/5632 5633/5633/5633 5625/5625/5625
f 5624/5624/5624 5625/5625/5625 5633/5633/5633
f 5632/5632/5632 5634/5634/5634 5633/5633/5633
f 5634/5634/5634 5635/5635/5635 5633/5633/5633
f 5636/5636/5636 5633/5633/5633 5635/5635/5635
f 5636/5636/5636 5624/5624/5624 5633/5633/5633
f 5624/5624/5624 5636/5636/5636 5622/5622/5622
f 5637/5637/5637 5636/5636/5636 5635/5635/5635
f 5636/5636/5636 5637/5637/5637 5638/5638/5638
f 5637/5637/5637 5639/5639/5639 5638/5638/5638
f 5638/5638/5638 5639/5639/5639 5640/5640/5640
f 5641/5641/5641 5638/5638/5638 5640/5640/5640
f 5641/5641/5641 5640/5640/5640 5642/5642/5642
f 5640/5640/5640 5643/5643/5643 5642/5642/5642
f 5642/5642/5642 5643/5643/5643 5644/5644/5644
f 5643/5643/5643 5645/5645/5645 5644/5644/5644
f 5644/5644/5644 5645/5645/5645 5646/5646/5646
f 5645/5645/5645 5647/5647/5647 5646/5646/5646
f 5646/5646/5646 5647/5647/5647 5648/5648/5648
f 5649/5649/5649 5646/5646/5646 5648/5648/5648
f 5642/5642/5642 5644/5644/5644 5612/5612/5612
f 5614/5614/5614 5642/5642/5642 5612/5612/5612
f 5641/5641/5641 5642/5642/5642 5614/5614/5614
f 5644/5644/5644 5646/5646/5646 5611/5611/5611
f 5612/5612/5612 5644/5644/5644 5611/5611/5611
f 5611/5611/5611 5646/5646/5646 5649/5649/5649
f 5616/5616/5616 5611/5611/5611 5649/5649/5649
f 5622/5622/5622 5638/5638/5638 5641/5641/5641
f 5619/5619/5619 5622/5622/5622 5641/5641/5641
f 5619/5619/5619 5641/5641/5641 5614/5614/5614
f 5636/5636/5636 5638/5638/5638 5622/5622/5622
f 5650/5650/5650 5615/5615/5615 5613/5613/5613
f 5650/5650/5650 5613/5613/5613 5610/5610/5610
f 5623/5623/5623 5650/5650/5650 5626/5626/5626
f 5623/5623/5623 5621/5621/5621 5650/5650/5650
f 5653/5653/5653 5652/5652/5652 5651/5651/5651
f 5654/5654/5654 5653/5653/5653 5651/5651/5651
f 5651/5651/5651 5652/5652/5652 5655/5655/5655
f 5652/5652/5652 5656/5656/5656 5655/5655/5655
f 5655/5655/5655 5656/5656/5656 5657/5657/5657
f 5656/5656/5656 5658/5658/5658 5657/5657/5657
f 5657/5657/5657 5658/5658/5658 5659/5659/5659
f 5658/5658/5658 5660/5660/5660 5659/5659/5659
f 5659/5659/5659 5660/5660/5660 5661/5661/5661
f 5662/5662/5662 5659/5659/5659 5661/5661/5661
f 5654/5654/5654 5663/5663/5663 5653/5653/5653
f 5663/5663/5663 5664/5664/5664 5653/5653/5653
f 5663/5663/5663 5654/5654/5654 5665/5665/5665
f 5654/5654/5654 5666/5666/5666 5665/5665/5665
f 5666/5666/5666 5667/5667/5667 5665/5665/5665
f 5667/5667/5667 5666/5666/5666 5668/5668/5668
f 5666/5666/5666 5669/5669/5669 5668/5668/5668
f 5668/5668/5668 5669/5669/5669 5670/5670/5670
f 5669/5669/5669 5671/5671/5671 5670/5670/5670
f 5670/5670/5670 5671/5671/5671 5672/5672/5672
f 5671/5671/5671 5673/5673/5673 5672/5672/5672
f 5672/5672/5672 5673/5673/5673 5674/5674/5674
f 5673/5673/5673 5675/5675/5675 5674/5674/5674
f 5674/5674/5674 5675/5675/5675 5676/5676/5676
f 5677/5677/5677 5674/5674/5674 5676/5676/5676
f 5667/5667/5667 5678/5678/5678 5665/5665/5665
f 5665/5665/5665 5678/5678/5678 5679/5679/5679
f 5678/5678/5678 5680/5680/5680 5679/5679/5679
f 5663/5663/5663 5665/5665/5665 5679/5679/5679
f 5681/5681/5681 5663/5663/5663 5679/5679/5679
f 5663/5663/5663 5681/5681/5681 5664/5664/5664
f 5681/5681/5681 5682/5682/5682 5664/5664/5664
f 5685/5685/5685 5684/5684/5684 5683/5683/5683
f 5686/5686/5686 5685/5685/5685 5683/5683/5683
f 5686/5686/5686 5683/5683/5683 5687/5687/5687
f 5688/5688/5688 5686/5686/5686 5687/5687/5687
f 5688/5688/5688 5687/5687/5687 5689/5689/5689
f 5690/5690/5690 5688/5688/5688 5689/5689/5689
f 5690/5690/5690 5689/5689/5689 5691/5691/5691
f 5692/5692/5692 5690/5690/5690 5691/5691/5691
f 5692/5692/5692 5691/5691/5691 5693/5693/5693
f 5691/5691/5691 5694/5694/5694 5693/5693/5693
f 5697/5697/5697 5696/5696/5696 5695/5695/5695
f 5698/5698/5698 5697/5697/5697 5695/5695/5695
f 5695/5695/5695 5696/5696/5696 5699/5699/5699
f 5696/5696/5696 5700/5700/5700 5699/5699/5699
f 5699/5699/5699 5700/5700/5700 5701/5701/5701
f 5700/5700/5700 5702/5702/5702 5701/5701/5701
f 5701/5701/5701 5702/5702/5702 5703/5703/5703
f 5702/5702/5702 5704/5704/5704 5703/5703/5703
f 5703/5703/5703 5704/5704/5704 5705/5705/5705
f 5704/5704/5704 5706/5706/5706 5705/5705/5705
f 5709/5709/5709 5708/5708/5708 5707/5707/5707
f 5710/5710/5710 5709/5709/5709 5707/5707/5707
f 5711/5711/5711 5709/5709/5709 5710/5710/5710
f 5712/5712/5712 5711/5711/5711 5710/5710/5710
f 5713/5713/5713 5711/5711/5711 5712/5712/5712
f 5714/5714/5714 5713/5713/5713 5712/5712/5712
f 5715/5715/5715 5713/5713/5713 5714/5714/5714
f 5716/5716/5716 5715/5715/5715 5714/5714/5714
f 5717/5717/5717 5715/5715/5715 5716/5716/5716
f 5718/5718/5718 5717/5717/5717 5716/5716/5716
f 5721/5721/5721 5720/5720/5720 5719/5719/5719
f 5722/5722/5722 5721/5721/5721 5719/5719/5719
f 5725/5725/5725 5724/5724/5724 5723/5723/5723
f 5726/5726/5726 5725/5725/5725 5723/5723/5723
f 5725/5725/5725 5727/5727/5727 5724/5724/5724
f 5727/5727/5727 5728/5728/5728 5724/5724/5724
f 5727/5727/5727 5729/5729/5729 5728/5728/5728
f 5729/5729/5729 5730/5730/5730 5728/5728/5728
f 5729/5729/5729 5731/5731/5731 5730/5730/5730
f 5731/5731/5731 5732/5732/5732 5730/5730/5730
f 5731/5731/5731 5733/5733/5733 5732/5732/5732
f 5733/5733/5733 5734/5734/5734 5732/5732/5732
f 5733/5733/5733 5735/5735/5735 5734/5734/5734
f 5735/5735/5735 5736/5736/5736 5734/5734/5734
f 5725/5725/5725 5737/5737/5737 5727/5727/5727
f 5725/5725/5725 5726/5726/5726 5737/5737/5737
f 5737/5737/5737 5738/5738/5738 5727/5727/5727
f 5727/5727/5727 5738/5738/5738 5729/5729/5729
f 5738/5738/5738 5739/5739/5739 5729/5729/5729
f 5729/5729/5729 5739/5739/5739 5731/5731/5731
f 5739/5739/5739 5740/5740/5740 5731/5731/5731
f 5731/5731/5731 5740/5740/5740 5733/5733/5733
f 5740/5740/5740 5741/5741/5741 5733/5733/5733
f 5733/5733/5733 5741/5741/5741 5735/5735/5735
f 5741/5741/5741 5742/5742/5742 5735/5735/5735
f 5736/5736/5736 5735/5735/5735 5743/5743/5743
f 5735/5735/5735 5744/5744/5744 5743/5743/5743
f 5743/5743/5743 5744/5744/5744 5745/5745/5745
f 5744/5744/5744 5746/5746/5746 5745/5745/5745
f 5745/5745/5745 5746/5746/5746 5747/5747/5747
f 5746/5746/5746 5748/5748/5748 5747/5747/5747
f 5747/5747/5747 5748/5748/5748 5749/5749/5749
f 5748/5748/5748 5750/5750/5750 5749/5749/5749
f 5749/5749/5749 5750/5750/5750 5751/5751/5751
f 5750/5750/5750 5752/5752/5752 5751/5751/5751
f 5751/5751/5751 5752/5752/5752 5753/5753/5753
f 5752/5752/5752 5754/5754/5754 5753/5753/5753
f 5755/5755/5755 5752/5752/5752 5750/5750/5750
f 5754/5754/5754 5752/5752/5752 5755/5755/5755
f 5756/5756/5756 5755/5755/5755 5750/5750/5750
f 5756/5756/5756 5750/5750/5750 5748/5748/5748
f 5757/5757/5757 5756/5756/5756 5748/5748/5748
f 5757/5757/5757 5748/5748/5748 5746/5746/5746
f 5758/5758/5758 5757/5757/5757 5746/5746/5746
f 5758/5758/5758 5746/5746/5746 5744/5744/5744
f 5759/5759/5759 5758/5758/5758 5744/5744/5744
f 5759/5759/5759 5744/5744/5744 5735/5735/5735
f 5742/5742/5742 5759/5759/5759 5735/5735/5735
f 5760/5760/5760 5754/5754/5754 5755/5755/5755
f 5763/5763/5763 5762/5762/5762 5761/5761/5761
f 5764/5764/5764 5763/5763/5763 5761/5761/5761
f 5761/5761/5761 5765/5765/5765 5764/5764/5764
f 5765/5765/5765 5766/5766/5766 5764/5764/5764
f 5763/5763/5763 5767/5767/5767 5762/5762/5762
f 5767/5767/5767 5768/5768/5768 5762/5762/5762
f 5765/5765/5765 5769/5769/5769 5766/5766/5766
f 5769/5769/5769 5770/5770/5770 5766/5766/5766
f 5769/5769/5769 5771/5771/5771 5770/5770/5770
f 5771/5771/5771 5772/5772/5772 5770/5770/5770
f 5771/5771/5771 5773/5773/5773 5772/5772/5772
f 5773/5773/5773 5774/5774/5774 5772/5772/5772
f 5764/5764/5764 5775/5775/5775 5763/5763/5763
f 5775/5775/5775 5776/5776/5776 5763/5763/5763
f 5763/5763/5763 5776/5776/5776 5767/5767/5767
f 5777/5777/5777 5775/5775/5775 5764/5764/5764
f 5766/5766/5766 5777/5777/5777 5764/5764/5764
f 5778/5778/5778 5777/5777/5777 5766/5766/5766
f 5770/5770/5770 5778/5778/5778 5766/5766/5766
f 5779/5779/5779 5778/5778/5778 5770/5770/5770
f 5772/5772/5772 5779/5779/5779 5770/5770/5770
f 5780/5780/5780 5779/5779/5779 5772/5772/5772
f 5774/5774/5774 5780/5780/5780 5772/5772/5772
f 5776/5776/5776 5781/5781/5781 5767/5767/5767
f 5767/5767/5767 5781/5781/5781 5782/5782/5782
f 5767/5767/5767 5782/5782/5782 5768/5768/5768
f 5781/5781/5781 5783/5783/5783 5782/5782/5782
f 5782/5782/5782 5784/5784/5784 5768/5768/5768
f 5774/5774/5774 5773/5773/5773 5785/5785/5785
f 5780/5780/5780 5774/5774/5774 5785/5785/5785
f 5773/5773/5773 5786/5786/5786 5785/5785/5785
f 5785/5785/5785 5786/5786/5786 5787/5787/5787
f 5786/5786/5786 5788/5788/5788 5787/5787/5787
f 5787/5787/5787 5788/5788/5788 5789/5789/5789
f 5788/5788/5788 5790/5790/5790 5789/5789/5789
f 5789/5789/5789 5790/5790/5790 5791/5791/5791
f 5790/5790/5790 5792/5792/5792 5791/5791/5791
f 5793/5793/5793 5791/5791/5791 5792/5792/5792
f 5794/5794/5794 5793/5793/5793 5792/5792/5792
f 5795/5795/5795 5793/5793/5793 5794/5794/5794
f 5796/5796/5796 5795/5795/5795 5794/5794/5794
f 5797/5797/5797 5791/5791/5791 5793/5793/5793
f 5798/5798/5798 5797/5797/5797 5793/5793/5793
f 5798/5798/5798 5793/5793/5793 5795/5795/5795
f 5799/5799/5799 5789/5789/5789 5791/5791/5791
f 5797/5797/5797 5799/5799/5799 5791/5791/5791
f 5800/5800/5800 5787/5787/5787 5789/5789/5789
f 5799/5799/5799 5800/5800/5800 5789/5789/5789
f 5801/5801/5801 5785/5785/5785 5787/5787/5787
f 5800/5800/5800 5801/5801/5801 5787/5787/5787
f 5802/5802/5802 5798/5798/5798 5795/5795/5795
f 5801/5801/5801 5780/5780/5780 5785/5785/5785
f 5805/5805/5805 5804/5804/5804 5803/5803/5803
f 5806/5806/5806 5805/5805/5805 5803/5803/5803
f 5807/5807/5807 5805/5805/5805 5806/5806/5806
f 5808/5808/5808 5807/5807/5807 5806/5806/5806
f 5809/5809/5809 5807/5807/5807 5808/5808/5808
f 5810/5810/5810 5809/5809/5809 5808/5808/5808
f 5811/5811/5811 5809/5809/5809 5810/5810/5810
f 5812/5812/5812 5811/5811/5811 5810/5810/5810
f 5813/5813/5813 5811/5811/5811 5812/5812/5812
f 5814/5814/5814 5813/5813/5813 5812/5812/5812
f 5803/5803/5803 5804/5804/5804 5815/5815/5815
f 5816/5816/5816 5803/5803/5803 5815/5815/5815
f 5816/5816/5816 5815/5815/5815 5817/5817/5817
f 5818/5818/5818 5816/5816/5816 5817/5817/5817
f 5813/5813/5813 5814/5814/5814 5819/5819/5819
f 5820/5820/5820 5813/5813/5813 5819/5819/5819
f 5820/5820/5820 5819/5819/5819 5821/5821/5821
f 5822/5822/5822 5820/5820/5820 5821/5821/5821
f 5822/5822/5822 5821/5821/5821 5823/5823/5823
f 5824/5824/5824 5822/5822/5822 5823/5823/5823
f 5824/5824/5824 5823/5823/5823 5825/5825/5825
f 5826/5826/5826 5824/5824/5824 5825/5825/5825
f 5826/5826/5826 5825/5825/5825 5827/5827/5827
f 5828/5828/5828 5826/5826/5826 5827/5827/5827
f 5828/5828/5828 5827/5827/5827 5829/5829/5829
f 5827/5827/5827 5830/5830/5830 5829/5829/5829
f 5726/5726/5726 5831/5831/5831 5737/5737/5737
f 5726/5726/5726 5832/5832/5832 5831/5831/5831
f 5832/5832/5832 5726/5726/5726 5833/5833/5833
f 5726/5726/5726 5723/5723/5723 5833/5833/5833
f 5832/5832/5832 5834/5834/5834 5831/5831/5831
f 5837/5837/5837 5836/5836/5836 5835/5835/5835
f 5838/5838/5838 5837/5837/5837 5835/5835/5835
f 5836/5836/5836 5839/5839/5839 5835/5835/5835
f 5839/5839/5839 5840/5840/5840 5835/5835/5835
f 5841/5841/5841 5840/5840/5840 5839/5839/5839
f 5842/5842/5842 5841/5841/5841 5839/5839/5839
f 5845/5845/5845 5844/5844/5844 5843/5843/5843
f 5846/5846/5846 5845/5845/5845 5843/5843/5843
f 5849/5849/5849 5848/5848/5848 5847/5847/5847
f 5850/5850/5850 5849/5849/5849 5847/5847/5847
f 5851/5851/5851 5850/5850/5850 5847/5847/5847
f 5852/5852/5852 5851/5851/5851 5847/5847/5847
f 5851/5851/5851 5852/5852/5852 5853/5853/5853
f 5852/5852/5852 5854/5854/5854 5853/5853/5853
f 5857/5857/5857 5856/5856/5856 5855/5855/5855
f 5858/5858/5858 5857/5857/5857 5855/5855/5855
f 5861/5861/5861 5860/5860/5860 5859/5859/5859
f 5862/5862/5862 5861/5861/5861 5859/5859/5859
f 5861/5861/5861 5863/5863/5863 5860/5860/5860
f 5863/5863/5863 5864/5864/5864 5860/5860/5860
f 5864/5864/5864 5863/5863/5863 5865/5865/5865
f 5866/5866/5866 5864/5864/5864 5865/5865/5865
f 5865/5865/5865 5867/5867/5867 5866/5866/5866
f 5867/5867/5867 5865/5865/5865 5863/5863/5863
f 5867/5867/5867 5868/5868/5868 5866/5866/5866
f 5867/5867/5867 5869/5869/5869 5868/5868/5868
f 5869/5869/5869 5867/5867/5867 5863/5863/5863
f 5869/5869/5869 5870/5870/5870 5868/5868/5868
f 5870/5870/5870 5869/5869/5869 5871/5871/5871
f 5861/5861/5861 5862/5862/5862 5871/5871/5871
f 5863/5863/5863 5861/5861/5861 5871/5871/5871
f 5869/5869/5869 5863/5863/5863 5871/5871/5871
f 5872/5872/5872 5870/5870/5870 5871/5871/5871
f 5872/5872/5872 5871/5871/5871 5873/5873/5873
f 5862/5862/5862 5873/5873/5873 5871/5871/5871
f 5874/5874/5874 5872/5872/5872 5873/5873/5873
f 5875/5875/5875 5874/5874/5874 5873/5873/5873
f 5875/5875/5875 5873/5873/5873 5862/5862/5862
f 5876/5876/5876 5875/5875/5875 5862/5862/5862
f 5859/5859/5859 5876/5876/5876 5862/5862/5862
f 5879/5879/5879 5878/5878/5878 5877/5877/5877
f 5880/5880/5880 5879/5879/5879 5877/5877/5877
f 5879/5879/5879 5881/5881/5881 5878/5878/5878
f 5881/5881/5881 5882/5882/5882 5878/5878/5878
f 5882/5882/5882 5881/5881/5881 5883/5883/5883
f 5884/5884/5884 5882/5882/5882 5883/5883/5883
f 5883/5883/5883 5885/5885/5885 5884/5884/5884
f 5885/5885/5885 5886/5886/5886 5884/5884/5884
f 5885/5885/5885 5887/5887/5887 5886/5886/5886
f 5887/5887/5887 5888/5888/5888 5886/5886/5886
f 5882/5882/5882 5888/5888/5888 5878/5878/5878
f 5884/5884/5884 5886/5886/5886 5888/5888/5888
f 5882/5882/5882 5884/5884/5884 5888/5888/5888
f 5888/5888/5888 5887/5887/5887 5889/5889/5889
f 5890/5890/5890 5888/5888/5888 5889/5889/5889
f 5888/5888/5888 5890/5890/5890 5878/5878/5878
f 5890/5890/5890 5889/5889/5889 5891/5891/5891
f 5892/5892/5892 5890/5890/5890 5891/5891/5891
f 5892/5892/5892 5877/5877/5877 5878/5878/5878
f 5890/5890/5890 5892/5892/5892 5878/5878/5878
f 5879/5879/5879 5880/5880/5880 5893/5893/5893
f 5880/5880/5880 5894/5894/5894 5893/5893/5893
f 5891/5891/5891 5889/5889/5889 5895/5895/5895
f 5889/5889/5889 5896/5896/5896 5895/5895/5895
f 5885/5885/5885 5883/5883/5883 5897/5897/5897
f 5883/5883/5883 5898/5898/5898 5897/5897/5897
f 5898/5898/5898 5883/5883/5883 5899/5899/5899
f 5883/5883/5883 5900/5900/5900 5899/5899/5899
f 5899/5899/5899 5900/5900/5900 5901/5901/5901
f 5900/5900/5900 5902/5902/5902 5901/5901/5901
f 5903/5903/5903 5885/5885/5885 5897/5897/5897
f 5904/5904/5904 5903/5903/5903 5897/5897/5897
f 5905/5905/5905 5903/5903/5903 5904/5904/5904
f 5906/5906/5906 5905/5905/5905 5904/5904/5904
f 5909/5909/5909 5908/5908/5908 5907/5907/5907
f 5910/5910/5910 5909/5909/5909 5907/5907/5907
f 5910/5910/5910 5907/5907/5907 5911/5911/5911
f 5912/5912/5912 5910/5910/5910 5911/5911/5911
f 5912/5912/5912 5911/5911/5911 5913/5913/5913
f 5914/5914/5914 5912/5912/5912 5913/5913/5913
f 5914/5914/5914 5913/5913/5913 5915/5915/5915
f 5916/5916/5916 5914/5914/5914 5915/5915/5915
f 5916/5916/5916 5915/5915/5915 5917/5917/5917
f 5915/5915/5915 5918/5918/5918 5917/5917/5917
f 5919/5919/5919 5908/5908/5908 5909/5909/5909
f 5920/5920/5920 5919/5919/5919 5909/5909/5909
f 5908/5908/5908 5919/5919/5919 5921/5921/5921
f 5922/5922/5922 5908/5908/5908 5921/5921/5921
f 5923/5923/5923 5922/5922/5922 5921/5921/5921
f 5922/5922/5922 5923/5923/5923 5924/5924/5924
f 5925/5925/5925 5922/5922/5922 5924/5924/5924
f 5925/5925/5925 5924/5924/5924 5926/5926/5926
f 5927/5927/5927 5925/5925/5925 5926/5926/5926
f 5927/5927/5927 5926/5926/5926 5928/5928/5928
f 5929/5929/5929 5927/5927/5927 5928/5928/5928
f 5929/5929/5929 5928/5928/5928 5930/5930/5930
f 5931/5931/5931 5929/5929/5929 5930/5930/5930
f 5931/5931/5931 5930/5930/5930 5932/5932/5932
f 5930/5930/5930 5933/5933/5933 5932/5932/5932
f 5934/5934/5934 5923/5923/5923 5921/5921/5921
f 5934/5934/5934 5921/5921/5921 5935/5935/5935
f 5936/5936/5936 5934/5934/5934 5935/5935/5935
f 5921/5921/5921 5919/5919/5919 5935/5935/5935
f 5919/5919/5919 5937/5937/5937 5935/5935/5935
f 5937/5937/5937 5919/5919/5919 5920/5920/5920
f 5938/5938/5938 5937/5937/5937 5920/5920/5920
f 5941/5941/5941 5940/5940/5940 5939/5939/5939
f 5942/5942/5942 5941/5941/5941 5939/5939/5939
f 5939/5939/5939 5940/5940/5940 5943/5943/5943
f 5940/5940/5940 5944/5944/5944 5943/5943/5943
f 5943/5943/5943 5944/5944/5944 5945/5945/5945
f 5944/5944/5944 5946/5946/5946 5945/5945/5945
f 5945/5945/5945 5946/5946/5946 5947/5947/5947
f 5946/5946/5946 5948/5948/5948 5947/5947/5947
f 5947/5947/5947 5948/5948/5948 5949/5949/5949
f 5950/5950/5950 5947/5947/5947 5949/5949/5949
f 5953/5953/5953 5952/5952/5952 5951/5951/5951
f 5954/5954/5954 5953/5953/5953 5951/5951/5951
f 5954/5954/5954 5951/5951/5951 5955/5955/5955
f 5956/5956/5956 5954/5954/5954 5955/5955/5955
f 5956/5956/5956 5955/5955/5955 5957/5957/5957
f 5958/5958/5958 5956/5956/5956 5957/5957/5957
f 5958/5958/5958 5957/5957/5957 5959/5959/5959
f 5960/5960/5960 5958/5958/5958 5959/5959/5959
f 5960/5960/5960 5959/5959/5959 5961/5961/5961
f 5962/5962/5962 5960/5960/5960 5961/5961/5961
f 5965/5965/5965 5964/5964/5964 5963/5963/5963
f 5966/5966/5966 5965/5965/5965 5963/5963/5963
f 5965/5965/5965 5967/5967/5967 5964/5964/5964
f 5967/5967/5967 5968/5968/5968 5964/5964/5964
f 5967/5967/5967 5969/5969/5969 5968/5968/5968
f 5969/5969/5969 5970/5970/5970 5968/5968/5968
f 5969/5969/5969 5971/5971/5971 5970/5970/5970
f 5971/5971/5971 5972/5972/5972 5970/5970/5970
f 5971/5971/5971 5973/5973/5973 5972/5972/5972
f 5973/5973/5973 5974/5974/5974 5972/5972/5972
f 5977/5977/5977 5976/5976/5976 5975/5975/5975
f 5978/5978/5978 5977/5977/5977 5975/5975/5975
f 5981/5981/5981 5980/5980/5980 5979/5979/5979
f 5982/5982/5982 5981/5981/5981 5979/5979/5979
f 5983/5983/5983 5982/5982/5982 5979/5979/5979
f 5984/5984/5984 5983/5983/5983 5979/5979/5979
f 5984/5984/5984 5985/5985/5985 5983/5983/5983
f 5985/5985/5985 5986/5986/5986 5983/5983/5983
f 5989/5989/5989 5988/5988/5988 5987/5987/5987
f 5990/5990/5990 5989/5989/5989 5987/5987/5987
f 5990/5990/5990 5987/5987/5987 5991/5991/5991
f 5987/5987/5987 5992/5992/5992 5991/5991/5991
f 5995/5995/5995 5994/5994/5994 5993/5993/5993
f 5996/5996/5996 5995/5995/5995 5993/5993/5993
f 5999/5999/5999 5998/5998/5998 5997/5997/5997
f 6000/6000/6000 5999/5999/5999 5997/5997/5997
f 6000/6000/6000 5997/5997/5997 6001/6001/6001
f 5997/5997/5997 6002/6002/6002 6001/6001/6001
f 6005/6005/6005 6004/6004/6004 6003/6003/6003
f 6006/6006/6006 6005/6005/6005 6003/6003/6003
f 6004/6004/6004 6005/6005/6005 6007/6007/6007
f 6008/6008/6008 6004/6004/6004 6007/6007/6007
f 6011/6011/6011 6010/6010/6010 6009/6009/6009
f 6012/6012/6012 6011/6011/6011 6009/6009/6009
f 6009/6009/6009 6010/6010/6010 6013/6013/6013
f 6014/6014/6014 6009/6009/6009 6013/6013/6013
f 6017/6017/6017 6016/6016/6016 6015/6015/6015
f 6018/6018/6018 6017/6017/6017 6015/6015/6015
f 6021/6021/6021 6020/6020/6020 6019/6019/6019
f 6022/6022/6022 6021/6021/6021 6019/6019/6019
f 6023/6023/6023 6019/6019/6019 6020/6020/6020
f 6024/6024/6024 6021/6021/6021 6022/6022/6022
f 6025/6025/6025 6024/6024/6024 6022/6022/6022
f 6024/6024/6024 6025/6025/6025 6026/6026/6026
f 6025/6025/6025 6027/6027/6027 6026/6026/6026
f 6028/6028/6028 6026/6026/6026 6027/6027/6027
f 6026/6026/6026 6028/6028/6028 6024/6024/6024
f 6029/6029/6029 6028/6028/6028 6027/6027/6027
f 6030/6030/6030 6028/6028/6028 6029/6029/6029
f 6028/6028/6028 6030/6030/6030 6024/6024/6024
f 6031/6031/6031 6030/6030/6030 6029/6029/6029
f 6030/6030/6030 6031/6031/6031 6032/6032/6032
f 6020/6020/6020 6021/6021/6021 6032/6032/6032
f 6024/6024/6024 6030/6030/6030 6032/6032/6032
f 6021/6021/6021 6024/6024/6024 6032/6032/6032
f 6031/6031/6031 6033/6033/6033 6032/6032/6032
f 6032/6032/6032 6033/6033/6033 6034/6034/6034
f 6034/6034/6034 6020/6020/6020 6032/6032/6032
f 6033/6033/6033 6035/6035/6035 6034/6034/6034
f 6036/6036/6036 6023/6023/6023 6020/6020/6020
f 6034/6034/6034 6035/6035/6035 6036/6036/6036
f 6034/6034/6034 6036/6036/6036 6020/6020/6020
f 6039/6039/6039 6038/6038/6038 6037/6037/6037
f 6040/6040/6040 6039/6039/6039 6037/6037/6037
f 6041/6041/6041 6039/6039/6039 6040/6040/6040
f 6042/6042/6042 6041/6041/6041 6040/6040/6040
f 6041/6041/6041 6042/6042/6042 6043/6043/6043
f 6042/6042/6042 6044/6044/6044 6043/6043/6043
f 6045/6045/6045 6043/6043/6043 6044/6044/6044
f 6046/6046/6046 6045/6045/6045 6044/6044/6044
f 6047/6047/6047 6045/6045/6045 6046/6046/6046
f 6048/6048/6048 6047/6047/6047 6046/6046/6046
f 6048/6048/6048 6042/6042/6042 6040/6040/6040
f 6044/6044/6044 6042/6042/6042 6048/6048/6048
f 6046/6046/6046 6044/6044/6044 6048/6048/6048
f 6047/6047/6047 6048/6048/6048 6049/6049/6049
f 6048/6048/6048 6050/6050/6050 6049/6049/6049
f 6050/6050/6050 6048/6048/6048 6040/6040/6040
f 6049/6049/6049 6050/6050/6050 6051/6051/6051
f 6050/6050/6050 6052/6052/6052 6051/6051/6051
f 6052/6052/6052 6050/6050/6050 6040/6040/6040
f 6037/6037/6037 6052/6052/6052 6040/6040/6040
f 6038/6038/6038 6039/6039/6039 6053/6053/6053
f 6054/6054/6054 6038/6038/6038 6053/6053/6053
f 6049/6049/6049 6051/6051/6051 6055/6055/6055
f 6056/6056/6056 6049/6049/6049 6055/6055/6055
f 6043/6043/6043 6045/6045/6045 6057/6057/6057
f 6058/6058/6058 6043/6043/6043 6057/6057/6057
f 6043/6043/6043 6058/6058/6058 6059/6059/6059
f 6060/6060/6060 6043/6043/6043 6059/6059/6059
f 6060/6060/6060 6059/6059/6059 6061/6061/6061
f 6062/6062/6062 6060/6060/6060 6061/6061/6061
f 6064/6064/6064 6063/6063/6063 6057/6057/6057
f 6045/6045/6045 6064/6064/6064 6057/6057/6057
f 6064/6064/6064 6065/6065/6065 6063/6063/6063
f 6065/6065/6065 6066/6066/6066 6063/6063/6063
f 3187/3187/3187 3186/3186/3186 3249/3249/3249
f 3029/3029/3029 3028/3028/3028 3080/3080/3080
f 2840/2840/2840 2685/2685/2685 2691/2691/2691
f 2818/2818/2818 6067/6067/6067 2825/2825/2825
f 2522/2522/2522 2890/2890/2890 2517/2517/2517
